label,T,R,trial,counter,lo_us,hi_us,mid_us,old,new,run_id
freshP,20,7,1,port_xmit_packets,-389.9,86.5,-151.7,9628983321,9628983322,1472293451798779
freshP,20,7,1,roce_adp_retrans,12423.0,13009.0,12716.0,5349,5350,1472293451798779
freshP,20,7,1,port_xmit_packets,13009.0,13489.1,13249.0,9628983322,9628983323,1472293451798779
freshP,20,7,1,roce_adp_retrans,20858.2,21442.1,21150.1,5350,5351,1472293451798779
freshP,20,7,1,port_xmit_packets,21056.0,21534.8,21295.4,9628983323,9628983324,1472293451798779
freshP,20,7,1,port_xmit_packets,37506.7,37987.3,37747.0,9628983324,9628983325,1472293451798779
freshP,20,7,1,roce_adp_retrans,37692.8,38279.9,37986.4,5351,5352,1472293451798779
freshP,20,7,1,roce_adp_retrans,71012.7,71598.4,71305.5,5352,5353,1472293451798779
freshP,20,7,1,port_xmit_packets,71209.6,71692.3,71450.9,9628983325,9628983326,1472293451798779
freshP,20,7,1,port_xmit_packets,138175.3,138656.4,138415.8,9628983326,9628983327,1472293451798779
freshP,20,7,1,roce_adp_retrans,138362.0,138949.4,138655.7,5353,5354,1472293451798779
freshP,20,7,1,port_xmit_packets,272370.0,272850.7,272610.4,9628983327,9628983328,1472293451798779
freshP,20,7,1,roce_adp_retrans,272556.1,273143.5,272849.8,5354,5355,1472293451798779
freshP,20,7,1,roce_adp_retrans,473659.6,474247.1,473953.3,5355,5356,1472293451798779
freshP,20,7,1,port_xmit_packets,473856.0,474341.9,474099.0,9628983328,9628983329,1472293451798779
freshP,20,7,1,port_xmit_packets,652680.9,653156.5,652918.7,9628983329,9628983330,1472293451798779
freshP,20,7,1,port_rcv_packets,652773.6,653248.9,653011.2,4550822953,4550822955,1472293451798779
freshP,20,7,1,port_xmit_packets,653063.6,653538.5,653301.1,9628983330,9628983331,1472293451798779
freshP,20,7,1,port_rcv_packets,844760.9,845240.0,845000.4,4550822955,4550822957,1472293451798779
freshP,20,7,1,port_xmit_packets,845050.3,845531.6,845291.0,9628983331,9628983333,1472293451798779
freshP,20,7,1,roce_adp_retrans,1010644.1,1011234.1,1010939.1,5356,5357,1472293451798779
freshP,20,7,1,port_xmit_packets,1010842.3,1011327.7,1011085.0,9628983333,9628983334,1472293451798779
freshP,20,7,1,port_xmit_packets,1932941.2,1933417.8,1933179.5,9628983334,9628983336,1472293451798779
freshP,20,7,1,port_rcv_packets,1933034.5,1933510.6,1933272.6,4550822957,4550822959,1472293451798779
freshP,20,7,1,roce_adp_retrans,2084381.6,2084970.9,2084676.3,5357,5358,1472293451798779
freshP,20,7,1,port_xmit_packets,2084579.0,2085064.7,2084821.9,9628983336,9628983337,1472293451798779
freshP,20,7,1,port_xmit_packets,2124764.7,2125262.0,2125013.3,9628983337,9628983339,1472293451798779
freshP,20,7,1,port_rcv_packets,2124858.0,2125355.0,2125106.5,4550822959,4550822961,1472293451798779
freshP,20,7,1,port_xmit_packets,3212952.3,3213431.7,3213192.0,9628983339,9628983341,1472293451798779
freshP,20,7,1,port_rcv_packets,3213045.6,3213525.0,3213285.3,4550822961,4550822963,1472293451798779
freshP,20,7,1,port_xmit_packets,3404858.4,3405342.4,3405100.4,9628983341,9628983343,1472293451798779
freshP,20,7,1,port_rcv_packets,3404952.5,3405436.0,3405194.2,4550822963,4550822965,1472293451798779
freshP,20,7,1,roce_adp_retrans,3695029.3,3695625.0,3695327.1,5358,5359,1472293451798779
freshP,20,7,1,port_xmit_packets,3695228.7,3695719.5,3695474.1,9628983343,9628983344,1472293451798779
freshP,20,7,1,port_xmit_packets,4492549.9,4493296.4,4492923.1,9628983344,9628983346,1472293451798779
freshP,20,7,1,port_rcv_packets,4492903.6,4493389.1,4493146.4,4550822965,4550822967,1472293451798779
freshP,20,7,1,port_rcv_packets,4684807.8,4685285.5,4685046.6,4550822967,4550822969,1472293451798779
freshP,20,7,1,port_xmit_packets,4685097.6,4685575.5,4685336.5,9628983346,9628983348,1472293451798779
freshP,20,7,1,port_xmit_packets,5772886.0,5773363.3,5773124.6,9628983348,9628983350,1472293451798779
freshP,20,7,1,port_rcv_packets,5772978.6,5773456.0,5773217.3,4550822969,4550822971,1472293451798779
freshP,20,7,1,port_xmit_packets,5964960.7,5965435.6,5965198.1,9628983350,9628983352,1472293451798779
freshP,20,7,1,port_rcv_packets,5965053.3,5965528.6,5965290.9,4550822971,4550822973,1472293451798779
freshP,20,7,1,roce_adp_retrans,6916245.3,6916837.1,6916541.2,5359,5360,1472293451798779
freshP,20,7,1,port_xmit_packets,6916445.3,6916931.7,6916688.5,9628983352,9628983353,1472293451798779
freshP,20,7,1,port_xmit_packets,7053125.7,7053601.5,7053363.6,9628983353,9628983355,1472293451798779
freshP,20,7,1,port_rcv_packets,7053218.7,7053694.4,7053456.5,4550822973,4550822975,1472293451798779
freshP,20,7,1,port_rcv_packets,7244924.5,7245400.8,7245162.6,4550822975,4550822977,1472293451798779
freshP,20,7,1,port_xmit_packets,7245214.4,7245691.1,7245452.8,9628983355,9628983357,1472293451798779
freshP,20,7,1,port_xmit_packets,8333002.3,8333487.9,8333245.1,9628983357,9628983359,1472293451798779
freshP,20,7,1,port_rcv_packets,8333095.2,8333581.2,8333338.2,4550822977,4550822979,1472293451798779
freshP,20,7,1,port_xmit_packets,8525153.9,8525633.2,8525393.5,9628983359,9628983361,1472293451798779
freshP,20,7,1,port_rcv_packets,8525247.2,8525726.2,8525486.7,4550822979,4550822981,1472293451798779
freshP,20,7,1,port_xmit_packets,9612937.9,9613415.1,9613176.5,9628983361,9628983363,1472293451798779
freshP,20,7,1,port_rcv_packets,9613030.7,9613508.7,9613269.7,4550822981,4550822983,1472293451798779
freshP,20,7,1,port_xmit_packets,9805125.0,9805611.9,9805368.5,9628983363,9628983365,1472293451798779
freshP,20,7,1,port_rcv_packets,9805217.8,9805704.6,9805461.2,4550822983,4550822985,1472293451798779
freshP,20,7,1,port_xmit_packets,10893029.6,10893511.4,10893270.5,9628983365,9628983367,1472293451798779
freshP,20,7,1,port_rcv_packets,10893123.0,10893605.1,10893364.1,4550822985,4550822987,1472293451798779
freshP,20,7,1,port_xmit_packets,11085218.9,11085704.2,11085461.5,9628983367,9628983369,1472293451798779
freshP,20,7,1,port_rcv_packets,11085313.4,11085798.6,11085556.0,4550822987,4550822989,1472293451798779
freshP,20,7,1,port_xmit_packets,12173076.1,12173559.9,12173318.0,9628983369,9628983371,1472293451798779
freshP,20,7,1,port_rcv_packets,12173168.2,12173653.1,12173410.6,4550822989,4550822991,1472293451798779
freshP,20,7,1,port_rcv_packets,12364993.4,12365468.5,12365230.9,4550822991,4550822992,1472293451798779
freshP,20,7,1,port_xmit_packets,12365283.2,12365761.0,12365522.1,9628983371,9628983373,1472293451798779
freshP,20,7,1,port_rcv_packets,12365375.7,12365853.7,12365614.7,4550822992,4550822993,1472293451798779
freshP,20,7,1,port_xmit_packets,13453136.1,13453623.7,13453379.9,9628983373,9628983375,1472293451798779
freshP,20,7,1,port_rcv_packets,13453229.4,13453716.6,13453473.0,4550822993,4550822995,1472293451798779
freshP,20,7,1,port_xmit_packets,13645206.7,13645695.7,13645451.2,9628983375,9628983377,1472293451798779
freshP,20,7,1,port_rcv_packets,13645299.3,13645788.1,13645543.7,4550822995,4550822997,1472293451798779
freshP,20,7,1,port_rcv_packets,14733062.7,14733538.6,14733300.7,4550822997,4550822998,1472293451798779
freshP,20,7,1,port_xmit_packets,14733352.7,14733828.8,14733590.8,9628983377,9628983379,1472293451798779
freshP,20,7,1,port_rcv_packets,14733445.9,14733921.6,14733683.8,4550822998,4550822999,1472293451798779
freshP,20,7,1,port_xmit_packets,14925116.6,14925603.7,14925360.2,9628983379,9628983381,1472293451798779
freshP,20,7,1,port_rcv_packets,14925209.8,14925696.8,14925453.3,4550822999,4550823001,1472293451798779
freshP,20,7,1,local_ack_timeout_err,15506511.4,15507102.0,15506806.7,5699,5700,1472293451798779
freshP,20,7,1,port_xmit_packets,15506709.5,15507195.9,15506952.7,9628983381,9628983382,1472293451798779
freshP,20,7,1,port_rcv_packets,16013170.0,16013645.4,16013407.7,4550823001,4550823003,1472293451798779
freshP,20,7,1,port_xmit_packets,16013459.8,16013934.9,16013697.3,9628983382,9628983384,1472293451798779
freshP,20,7,1,port_xmit_packets,16205317.1,16205793.5,16205555.3,9628983384,9628983386,1472293451798779
freshP,20,7,1,port_rcv_packets,16205410.2,16205886.4,16205648.3,4550823003,4550823005,1472293451798779
freshP,20,7,1,port_xmit_packets,17293351.8,17293830.1,17293591.0,9628983386,9628983388,1472293451798779
freshP,20,7,1,port_rcv_packets,17293444.8,17293923.8,17293684.3,4550823005,4550823007,1472293451798779
freshP,20,7,1,port_xmit_packets,17485308.0,17485804.2,17485556.1,9628983388,9628983390,1472293451798779
freshP,20,7,1,port_rcv_packets,17485401.7,17485897.9,17485649.8,4550823007,4550823009,1472293451798779
freshP,20,7,1,port_xmit_packets,18573276.7,18573759.3,18573518.0,9628983390,9628983392,1472293451798779
freshP,20,7,1,port_rcv_packets,18573369.8,18573852.2,18573611.0,4550823009,4550823011,1472293451798779
freshP,20,7,1,port_xmit_packets,18765430.7,18765908.4,18765669.6,9628983392,9628983394,1472293451798779
freshP,20,7,1,port_rcv_packets,18765523.5,18766001.9,18765762.7,4550823011,4550823013,1472293451798779
freshP,20,7,1,port_xmit_packets,19853455.3,19853945.7,19853700.5,9628983394,9628983396,1472293451798779
freshP,20,7,1,port_rcv_packets,19853548.2,19854038.7,19853793.4,4550823013,4550823015,1472293451798779
freshP,20,7,1,port_rcv_packets,20045270.0,20045744.9,20045507.5,4550823015,4550823017,1472293451798779
freshP,20,7,1,port_xmit_packets,20045558.7,20046034.7,20045796.7,9628983396,9628983398,1472293451798779
freshP,20,7,1,port_rcv_packets,21133310.6,21133787.3,21133548.9,4550823017,4550823019,1472293451798779
freshP,20,7,1,port_xmit_packets,21133600.9,21134076.9,21133838.9,9628983398,9628983400,1472293451798779
freshP,20,7,1,port_xmit_packets,21325372.8,21325849.0,21325610.9,9628983400,9628983402,1472293451798779
freshP,20,7,1,port_rcv_packets,21325466.1,21325941.4,21325703.8,4550823019,4550823021,1472293451798779
freshP,20,7,1,port_rcv_packets,22413301.8,22413778.5,22413540.1,4550823021,4550823023,1472293451798779
freshP,20,7,1,port_xmit_packets,22413592.4,22414067.8,22413830.1,9628983402,9628983404,1472293451798779
freshP,20,7,1,port_xmit_packets,22605275.9,22605752.1,22605514.0,9628983404,9628983405,1472293451798779
freshP,20,7,1,port_rcv_packets,22605368.8,22605844.6,22605606.7,4550823023,4550823025,1472293451798779
freshP,20,7,1,port_xmit_packets,22605659.0,22606134.2,22605896.6,9628983405,9628983406,1472293451798779
freshP,20,7,1,port_xmit_packets,23693318.3,23693793.4,23693555.9,9628983406,9628983408,1472293451798779
freshP,20,7,1,port_rcv_packets,23693412.8,23693886.1,23693649.4,4550823025,4550823027,1472293451798779
freshP,20,7,1,port_xmit_packets,23885487.5,23885975.2,23885731.4,9628983408,9628983410,1472293451798779
freshP,20,7,1,port_rcv_packets,23885580.1,23886067.7,23885823.9,4550823027,4550823029,1472293451798779
freshP,20,7,1,local_ack_timeout_err,24096582.8,24097170.7,24096876.7,5700,5701,1472293451798779
freshP,20,7,1,port_xmit_packets,24096780.9,24097265.7,24097023.3,9628983410,9628983411,1472293451798779
freshP,20,7,1,port_xmit_packets,24973519.6,24974016.4,24973768.0,9628983411,9628983413,1472293451798779
freshP,20,7,1,port_rcv_packets,24973612.9,24974110.2,24973861.5,4550823029,4550823031,1472293451798779
freshP,20,7,1,port_xmit_packets,25165466.9,25165948.3,25165707.6,9628983413,9628983415,1472293451798779
freshP,20,7,1,port_rcv_packets,25165560.2,25166042.1,25165801.2,4550823031,4550823033,1472293451798779
freshP,20,7,1,port_xmit_packets,26253518.8,26253993.4,26253756.1,9628983415,9628983417,1472293451798779
freshP,20,7,1,port_rcv_packets,26253611.6,26254086.4,26253849.0,4550823033,4550823035,1472293451798779
freshP,20,7,1,port_xmit_packets,26445583.9,26446059.2,26445821.6,9628983417,9628983419,1472293451798779
freshP,20,7,1,port_rcv_packets,26445676.7,26446152.3,26445914.5,4550823035,4550823037,1472293451798779
freshP,20,7,1,port_rcv_packets,27533461.3,27533943.3,27533702.3,4550823037,4550823039,1472293451798779
freshP,20,7,1,port_xmit_packets,27533750.7,27534233.2,27533992.0,9628983419,9628983421,1472293451798779
freshP,20,7,1,port_xmit_packets,27725586.7,27726076.4,27725831.6,9628983421,9628983423,1472293451798779
freshP,20,7,1,port_rcv_packets,27725682.6,27726169.5,27725926.1,4550823039,4550823041,1472293451798779
freshP,20,7,1,port_rcv_packets,28813462.6,28813937.3,28813700.0,4550823041,4550823043,1472293451798779
freshP,20,7,1,port_xmit_packets,28813751.3,28814227.3,28813989.3,9628983423,9628983425,1472293451798779
freshP,20,7,1,port_xmit_packets,29005676.1,29006152.1,29005914.1,9628983425,9628983427,1472293451798779
freshP,20,7,1,port_rcv_packets,29005769.0,29006244.7,29006006.8,4550823043,4550823045,1472293451798779
freshP,20,7,1,port_rcv_packets,30093483.2,30093958.2,30093720.7,4550823045,4550823046,1472293451798779
freshP,20,7,1,port_xmit_packets,30093772.7,30094247.6,30094010.1,9628983427,9628983429,1472293451798779
freshP,20,7,1,port_rcv_packets,30093865.4,30094340.3,30094102.9,4550823046,4550823047,1472293451798779
freshP,20,7,1,port_xmit_packets,30285677.9,30286153.1,30285915.5,9628983429,9628983431,1472293451798779
freshP,20,7,1,port_rcv_packets,30285770.8,30286245.9,30286008.4,4550823047,4550823049,1472293451798779
freshP,20,7,1,port_xmit_packets,31373591.5,31374070.9,31373831.2,9628983431,9628983433,1472293451798779
freshP,20,7,1,port_rcv_packets,31373685.3,31374164.2,31373924.8,4550823049,4550823051,1472293451798779
freshP,20,7,1,port_xmit_packets,31565751.1,31566244.7,31565997.9,9628983433,9628983435,1472293451798779
freshP,20,7,1,port_rcv_packets,31565844.9,31566337.9,31566091.4,4550823051,4550823053,1472293451798779
freshP,20,7,1,port_xmit_packets,32653657.1,32654137.5,32653897.3,9628983435,9628983437,1472293451798779
freshP,20,7,1,port_rcv_packets,32653750.2,32654230.5,32653990.3,4550823053,4550823055,1472293451798779
freshP,20,7,1,local_ack_timeout_err,32686744.9,32687332.0,32687038.5,5701,5702,1472293451798779
freshP,20,7,1,port_xmit_packets,32686941.6,32687427.1,32687184.3,9628983437,9628983438,1472293451798779
freshP,20,7,1,port_xmit_packets,32845739.3,32846218.3,32845978.8,9628983438,9628983440,1472293451798779
freshP,20,7,1,port_rcv_packets,32845832.6,32846311.5,32846072.0,4550823055,4550823057,1472293451798779
freshP,20,7,1,port_xmit_packets,33933595.2,33934070.5,33933832.9,9628983440,9628983442,1472293451798779
freshP,20,7,1,port_rcv_packets,33933688.4,33934162.8,33933925.6,4550823057,4550823059,1472293451798779
freshP,20,7,1,port_xmit_packets,34125585.2,34126061.0,34125823.1,9628983442,9628983444,1472293451798779
freshP,20,7,1,port_rcv_packets,34125678.4,34126153.8,34125916.1,4550823059,4550823061,1472293451798779
freshP,20,7,1,port_rcv_packets,35213668.6,35214142.7,35213905.7,4550823061,4550823063,1472293451798779
freshP,20,7,1,port_xmit_packets,35213957.2,35214432.8,35214195.0,9628983444,9628983446,1472293451798779
freshP,20,7,1,port_rcv_packets,35405666.0,35406140.8,35405903.4,4550823063,4550823065,1472293451798779
freshP,20,7,1,port_xmit_packets,35405955.2,35406430.9,35406193.0,9628983446,9628983448,1472293451798779
freshP,20,7,1,port_xmit_packets,36493923.2,36494397.2,36494160.2,9628983448,9628983450,1472293451798779
freshP,20,7,1,port_rcv_packets,36494015.8,36494489.9,36494252.8,4550823065,4550823067,1472293451798779
freshP,20,7,1,port_rcv_packets,36685700.7,36686187.0,36685943.9,4550823067,4550823069,1472293451798779
freshP,20,7,1,port_xmit_packets,36685990.5,36686476.9,36686233.7,9628983450,9628983452,1472293451798779
freshP,20,7,1,port_xmit_packets,37773955.4,37774431.7,37774193.5,9628983452,9628983454,1472293451798779
freshP,20,7,1,port_rcv_packets,37774048.4,37774525.2,37774286.8,4550823069,4550823071,1472293451798779
freshP,20,7,1,port_rcv_packets,37965743.5,37966224.2,37965983.8,4550823071,4550823073,1472293451798779
freshP,20,7,1,port_xmit_packets,37966031.7,37966514.9,37966273.3,9628983454,9628983456,1472293451798779
freshP,20,7,1,port_xmit_packets,39054002.1,39054481.8,39054242.0,9628983456,9628983458,1472293451798779
freshP,20,7,1,port_rcv_packets,39054095.5,39054575.7,39054335.6,4550823073,4550823075,1472293451798779
freshP,20,7,1,port_xmit_packets,39245947.3,39246422.4,39246184.9,9628983458,9628983460,1472293451798779
freshP,20,7,1,port_rcv_packets,39246040.0,39246515.5,39246277.8,4550823075,4550823077,1472293451798779
freshP,20,7,1,port_xmit_packets,40334016.6,40334495.4,40334256.0,9628983460,9628983462,1472293451798779
freshP,20,7,1,port_rcv_packets,40334109.9,40334588.6,40334349.3,4550823077,4550823079,1472293451798779
freshP,20,7,1,port_xmit_packets,40525825.9,40526304.9,40526065.4,9628983462,9628983464,1472293451798779
freshP,20,7,1,port_rcv_packets,40525919.4,40526398.2,40526158.8,4550823079,4550823081,1472293451798779
freshP,20,7,1,port_xmit_packets,41277004.4,41277486.4,41277245.4,9628983464,9628983465,1472293451798779
freshP,20,7,1,local_ack_timeout_err,41277191.0,41277780.4,41277485.7,5702,5703,1472293451798779
freshP,20,7,1,port_xmit_packets,41613987.0,41614463.5,41614225.2,9628983465,9628983467,1472293451798779
freshP,20,7,1,port_rcv_packets,41614080.2,41614555.8,41614318.0,4550823081,4550823083,1472293451798779
freshP,20,7,1,port_xmit_packets,41805928.9,41806404.3,41806166.6,9628983467,9628983469,1472293451798779
freshP,20,7,1,port_rcv_packets,41806021.8,41806497.1,41806259.4,4550823083,4550823085,1472293451798779
freshP,20,7,1,port_rcv_packets,42893832.4,42894307.5,42894070.0,4550823085,4550823086,1472293451798779
freshP,20,7,1,port_xmit_packets,42894121.4,42894597.9,42894359.7,9628983469,9628983471,1472293451798779
freshP,20,7,1,port_rcv_packets,42894214.1,42894690.6,42894452.4,4550823086,4550823087,1472293451798779
freshP,20,7,1,port_xmit_packets,43085955.7,43086431.8,43086193.8,9628983471,9628983473,1472293451798779
freshP,20,7,1,port_rcv_packets,43086048.6,43086525.3,43086286.9,4550823087,4550823089,1472293451798779
freshP,20,7,1,port_xmit_packets,44173917.2,44174406.7,44174161.9,9628983473,9628983475,1472293451798779
freshP,20,7,1,port_rcv_packets,44174009.4,44174499.5,44174254.4,4550823089,4550823091,1472293451798779
freshP,20,7,1,port_rcv_packets,44365895.9,44366372.1,44366134.0,4550823091,4550823093,1472293451798779
freshP,20,7,1,port_xmit_packets,44366185.7,44366665.1,44366425.4,9628983475,9628983477,1472293451798779
freshP,20,7,1,port_xmit_packets,45453986.9,45454483.7,45454235.3,9628983477,9628983479,1472293451798779
freshP,20,7,1,port_rcv_packets,45454080.4,45454577.0,45454328.7,4550823093,4550823095,1472293451798779
freshP,20,7,1,port_rcv_packets,45645937.5,45646415.7,45646176.6,4550823095,4550823097,1472293451798779
freshP,20,7,1,port_xmit_packets,45646228.6,45646709.8,45646469.2,9628983479,9628983481,1472293451798779
freshP,20,7,1,port_xmit_packets,46734094.6,46734569.0,46734331.8,9628983481,9628983483,1472293451798779
freshP,20,7,1,port_rcv_packets,46734187.6,46734662.1,46734424.8,4550823097,4550823099,1472293451798779
freshP,20,7,1,port_xmit_packets,46926025.5,46926509.4,46926267.4,9628983483,9628983485,1472293451798779
freshP,20,7,1,port_rcv_packets,46926118.2,46926602.2,46926360.2,4550823099,4550823101,1472293451798779
freshP,20,7,1,port_xmit_packets,48014049.5,48014524.2,48014286.8,9628983485,9628983487,1472293451798779
freshP,20,7,1,port_rcv_packets,48014142.3,48014617.4,48014379.9,4550823101,4550823103,1472293451798779
freshP,20,7,1,port_xmit_packets,48206031.6,48206513.5,48206272.5,9628983487,9628983489,1472293451798779
freshP,20,7,1,port_rcv_packets,48206124.2,48206606.5,48206365.3,4550823103,4550823105,1472293451798779
freshP,20,7,1,port_rcv_packets,49294054.6,49294532.7,49294293.7,4550823105,4550823107,1472293451798779
freshP,20,7,1,port_xmit_packets,49294343.2,49294822.0,49294582.6,9628983489,9628983491,1472293451798779
freshP,20,7,1,port_xmit_packets,49486040.9,49486515.8,49486278.3,9628983491,9628983493,1472293451798779
freshP,20,7,1,port_rcv_packets,49486133.8,49486608.6,49486371.2,4550823107,4550823109,1472293451798779
freshP,20,7,1,port_xmit_packets,49867204.7,49867687.8,49867446.2,9628983493,9628983494,1472293451798779
freshP,20,7,1,local_ack_timeout_err,49867392.1,49867980.8,49867686.5,5703,5704,1472293451798779
freshP,20,7,1,port_xmit_packets,50574092.9,50574586.7,50574339.8,9628983494,9628983496,1472293451798779
freshP,20,7,1,port_rcv_packets,50574185.7,50574679.6,50574432.7,4550823109,4550823111,1472293451798779
freshP,20,7,1,port_xmit_packets,50766155.1,50766628.3,50766391.7,9628983496,9628983498,1472293451798779
freshP,20,7,1,port_rcv_packets,50766247.8,50766721.3,50766484.5,4550823111,4550823113,1472293451798779
freshP,20,7,1,port_xmit_packets,51854218.7,51854694.0,51854456.3,9628983498,9628983500,1472293451798779
freshP,20,7,1,port_rcv_packets,51854311.3,51854786.9,51854549.1,4550823113,4550823115,1472293451798779
freshP,20,7,1,port_xmit_packets,52046091.7,52046566.4,52046329.1,9628983500,9628983502,1472293451798779
freshP,20,7,1,port_rcv_packets,52046184.5,52046659.3,52046421.9,4550823115,4550823117,1472293451798779
freshP,20,7,1,port_xmit_packets,53134362.5,53134842.5,53134602.5,9628983502,9628983504,1472293451798779
freshP,20,7,1,port_rcv_packets,53134456.3,53134936.1,53134696.2,4550823117,4550823119,1472293451798779
freshP,20,7,1,port_xmit_packets,53326291.7,53326769.2,53326530.5,9628983504,9628983506,1472293451798779
freshP,20,7,1,port_rcv_packets,53326384.5,53326861.8,53326623.2,4550823119,4550823121,1472293451798779
freshP,20,7,1,port_rcv_packets,54414162.6,54414638.2,54414400.4,4550823121,4550823123,1472293451798779
freshP,20,7,1,port_xmit_packets,54414452.4,54414928.2,54414690.3,9628983506,9628983508,1472293451798779
freshP,20,7,1,port_xmit_packets,54606189.6,54606673.9,54606431.8,9628983508,9628983510,1472293451798779
freshP,20,7,1,port_rcv_packets,54606283.1,54606766.9,54606525.0,4550823123,4550823125,1472293451798779
freshP,20,7,1,port_rcv_packets,55694204.6,55694680.0,55694442.3,4550823125,4550823127,1472293451798779
freshP,20,7,1,port_xmit_packets,55694493.6,55694970.5,55694732.0,9628983510,9628983512,1472293451798779
freshP,20,7,1,port_xmit_packets,55886210.8,55886686.6,55886448.7,9628983512,9628983514,1472293451798779
freshP,20,7,1,port_rcv_packets,55886303.5,55886779.5,55886541.5,4550823127,4550823129,1472293451798779
freshP,20,7,1,port_xmit_packets,56974277.0,56974753.1,56974515.0,9628983514,9628983516,1472293451798779
freshP,20,7,1,port_rcv_packets,56974369.7,56974845.8,56974607.8,4550823129,4550823131,1472293451798779
freshP,20,7,1,port_xmit_packets,57166280.4,57166755.6,57166518.0,9628983516,9628983518,1472293451798779
freshP,20,7,1,port_rcv_packets,57166372.8,57166848.3,57166610.6,4550823131,4550823133,1472293451798779
freshP,20,7,1,port_xmit_packets,58254440.8,58254916.5,58254678.6,9628983518,9628983520,1472293451798779
freshP,20,7,1,port_rcv_packets,58254533.5,58255009.2,58254771.4,4550823133,4550823135,1472293451798779
freshP,20,7,1,port_rcv_packets,58446261.3,58446737.2,58446499.3,4550823135,4550823137,1472293451798779
freshP,20,7,1,port_xmit_packets,58446551.1,58447026.5,58446788.8,9628983520,9628983522,1472293451798779
freshP,20,7,1,local_ack_timeout_err,58457463.2,58458058.0,58457760.6,5704,5705,1472293451798779
freshP,20,7,1,req_cqe_error,58458246.2,58458840.5,58458543.4,23238,23239,1472293451798779
freshP,20,7,1,port_xmit_packets,-273508.0,-272942.8,-273225.4,9628983523,9628983525,1472353260137461
freshP,20,7,1,port_rcv_packets,-273398.8,-272838.0,-273118.4,4550823138,4550823140,1472353260137461
freshP,20,7,1,port_rcv_packets,-81484.3,-81005.9,-81245.1,4550823140,4550823142,1472353260137461
freshP,20,7,1,port_xmit_packets,-81193.1,-80712.4,-80952.8,9628983525,9628983527,1472353260137461
freshP,20,7,1,port_xmit_packets,-124.3,356.1,115.9,9628983527,9628983528,1472353260137461
freshP,20,7,1,roce_adp_retrans,8581.4,9176.0,8878.7,5360,5361,1472353260137461
freshP,20,7,1,port_xmit_packets,8781.1,9270.9,9026.0,9628983528,9628983529,1472353260137461
freshP,20,7,1,port_xmit_packets,16926.4,17413.4,17169.9,9628983529,9628983530,1472353260137461
freshP,20,7,1,roce_adp_retrans,17114.9,17710.4,17412.7,5361,5362,1472353260137461
freshP,20,7,1,roce_adp_retrans,33746.3,34340.8,34043.6,5362,5363,1472353260137461
freshP,20,7,1,port_xmit_packets,33946.7,34435.0,34190.9,9628983530,9628983531,1472353260137461
freshP,20,7,1,roce_adp_retrans,58840.9,59433.7,59137.3,5363,5364,1472353260137461
freshP,20,7,1,port_xmit_packets,59041.0,59528.3,59284.6,9628983531,9628983532,1472353260137461
freshP,20,7,1,roce_adp_retrans,126007.8,126602.1,126305.0,5364,5365,1472353260137461
freshP,20,7,1,port_xmit_packets,126207.8,126696.1,126451.9,9628983532,9628983533,1472353260137461
freshP,20,7,1,port_xmit_packets,260174.3,260661.8,260418.1,9628983533,9628983534,1472353260137461
freshP,20,7,1,roce_adp_retrans,260363.1,260961.6,260662.3,5365,5366,1472353260137461
freshP,20,7,1,roce_adp_retrans,528663.2,529250.2,528956.7,5366,5367,1472353260137461
freshP,20,7,1,port_xmit_packets,528860.4,529343.6,529102.0,9628983534,9628983535,1472353260137461
freshP,20,7,1,port_xmit_packets,1006580.5,1007067.7,1006824.1,9628983535,9628983537,1472353260137461
freshP,20,7,1,port_rcv_packets,1006673.3,1007160.3,1006916.8,4550823142,4550823144,1472353260137461
freshP,20,7,1,port_xmit_packets,1065473.4,1065954.8,1065714.1,9628983537,9628983538,1472353260137461
freshP,20,7,1,roce_adp_retrans,1065659.6,1066248.9,1065954.3,5367,5368,1472353260137461
freshP,20,7,1,port_xmit_packets,1198537.5,1199012.7,1198775.1,9628983538,9628983540,1472353260137461
freshP,20,7,1,port_rcv_packets,1198631.0,1199105.9,1198868.4,4550823144,4550823146,1472353260137461
freshP,20,7,1,roce_adp_retrans,1870828.9,1871418.2,1871123.5,5368,5369,1472353260137461
freshP,20,7,1,port_xmit_packets,1871026.0,1871512.5,1871269.2,9628983540,9628983541,1472353260137461
freshP,20,7,1,port_xmit_packets,2286746.2,2287223.9,2286985.0,9628983541,9628983543,1472353260137461
freshP,20,7,1,port_rcv_packets,2286838.9,2287316.3,2287077.6,4550823146,4550823148,1472353260137461
freshP,20,7,1,port_xmit_packets,2478715.1,2479195.0,2478955.1,9628983543,9628983545,1472353260137461
freshP,20,7,1,port_rcv_packets,2478807.7,2479287.9,2479047.8,4550823148,4550823150,1472353260137461
freshP,20,7,1,port_rcv_packets,3566573.4,3567048.9,3566811.2,4550823150,4550823152,1472353260137461
freshP,20,7,1,port_xmit_packets,3566863.3,3567339.4,3567101.3,9628983545,9628983547,1472353260137461
freshP,20,7,1,port_xmit_packets,3758617.6,3759092.9,3758855.2,9628983547,9628983549,1472353260137461
freshP,20,7,1,port_rcv_packets,3758710.7,3759186.3,3758948.5,4550823152,4550823154,1472353260137461
freshP,20,7,1,roce_adp_retrans,4018457.2,4019049.0,4018753.1,5369,5370,1472353260137461
freshP,20,7,1,port_xmit_packets,4018655.5,4019142.8,4018899.1,9628983549,9628983550,1472353260137461
freshP,20,7,1,port_xmit_packets,4846735.6,4847211.0,4846973.3,9628983550,9628983552,1472353260137461
freshP,20,7,1,port_rcv_packets,4846828.5,4847303.7,4847066.1,4550823154,4550823156,1472353260137461
freshP,20,7,1,port_rcv_packets,5038607.6,5039082.8,5038845.2,4550823156,4550823158,1472353260137461
freshP,20,7,1,port_xmit_packets,5038896.8,5039372.7,5039134.7,9628983552,9628983554,1472353260137461
freshP,20,7,1,port_xmit_packets,6126721.1,6127204.4,6126962.8,9628983554,9628983556,1472353260137461
freshP,20,7,1,port_rcv_packets,6126813.7,6127297.3,6127055.5,4550823158,4550823160,1472353260137461
freshP,20,7,1,port_xmit_packets,6318799.5,6319279.4,6319039.5,9628983556,9628983558,1472353260137461
freshP,20,7,1,port_rcv_packets,6318893.1,6319373.2,6319133.2,4550823160,4550823162,1472353260137461
freshP,20,7,1,port_xmit_packets,7239681.8,7240170.2,7239926.0,9628983558,9628983559,1472353260137461
freshP,20,7,1,roce_adp_retrans,7239869.9,7240467.4,7240168.6,5370,5371,1472353260137461
freshP,20,7,1,port_rcv_packets,7406659.8,7407137.5,7406898.7,4550823162,4550823163,1472353260137461
freshP,20,7,1,port_xmit_packets,7406950.9,7407427.5,7407189.2,9628983559,9628983561,1472353260137461
freshP,20,7,1,port_rcv_packets,7407044.5,7407520.5,7407282.5,4550823163,4550823164,1472353260137461
freshP,20,7,1,port_xmit_packets,7598728.8,7599203.4,7598966.1,9628983561,9628983563,1472353260137461
freshP,20,7,1,port_rcv_packets,7598821.2,7599296.4,7599058.8,4550823164,4550823166,1472353260137461
freshP,20,7,1,port_xmit_packets,8686680.6,8687156.7,8686918.7,9628983563,9628983564,1472353260137461
freshP,20,7,1,port_rcv_packets,8686773.3,8687249.9,8687011.6,4550823166,4550823168,1472353260137461
freshP,20,7,1,port_xmit_packets,8687063.5,8687540.3,8687301.9,9628983564,9628983565,1472353260137461
freshP,20,7,1,port_xmit_packets,8878740.8,8879229.2,8878985.0,9628983565,9628983567,1472353260137461
freshP,20,7,1,port_rcv_packets,8878834.0,8879322.4,8879078.2,4550823168,4550823170,1472353260137461
freshP,20,7,1,port_xmit_packets,9966827.6,9967309.2,9967068.4,9628983567,9628983569,1472353260137461
freshP,20,7,1,port_rcv_packets,9966920.8,9967402.9,9967161.8,4550823170,4550823172,1472353260137461
freshP,20,7,1,port_xmit_packets,10158951.3,10159426.9,10159189.1,9628983569,9628983571,1472353260137461
freshP,20,7,1,port_rcv_packets,10159044.2,10159520.2,10159282.2,4550823172,4550823174,1472353260137461
freshP,20,7,1,port_xmit_packets,11246973.5,11247449.0,11247211.3,9628983571,9628983573,1472353260137461
freshP,20,7,1,port_rcv_packets,11247066.6,11247541.7,11247304.1,4550823174,4550823176,1472353260137461
freshP,20,7,1,port_rcv_packets,11438832.7,11439307.0,11439069.9,4550823176,4550823178,1472353260137461
freshP,20,7,1,port_xmit_packets,11439121.3,11439597.3,11439359.3,9628983573,9628983575,1472353260137461
freshP,20,7,1,port_xmit_packets,12527036.3,12527531.4,12527283.9,9628983575,9628983577,1472353260137461
freshP,20,7,1,port_rcv_packets,12527128.9,12527624.0,12527376.5,4550823178,4550823180,1472353260137461
freshP,20,7,1,port_xmit_packets,12718863.5,12719340.4,12719101.9,9628983577,9628983579,1472353260137461
freshP,20,7,1,port_rcv_packets,12718956.5,12719432.9,12719194.7,4550823180,4550823182,1472353260137461
freshP,20,7,1,port_xmit_packets,13806830.2,13807309.8,13807070.0,9628983579,9628983581,1472353260137461
freshP,20,7,1,port_rcv_packets,13806924.0,13807403.1,13807163.5,4550823182,4550823184,1472353260137461
freshP,20,7,1,port_rcv_packets,13998883.1,13999362.0,13999122.6,4550823184,4550823186,1472353260137461
freshP,20,7,1,port_xmit_packets,13999174.8,13999654.5,13999414.7,9628983581,9628983583,1472353260137461
freshP,20,7,1,port_xmit_packets,15087119.9,15087598.1,15087359.0,9628983583,9628983585,1472353260137461
freshP,20,7,1,port_rcv_packets,15087212.9,15087690.7,15087451.8,4550823186,4550823188,1472353260137461
freshP,20,7,1,port_xmit_packets,15278988.9,15279463.9,15279226.4,9628983585,9628983587,1472353260137461
freshP,20,7,1,port_rcv_packets,15279082.2,15279557.0,15279319.6,4550823188,4550823190,1472353260137461
freshP,20,7,1,local_ack_timeout_err,15829745.4,15830334.8,15830040.1,5705,5706,1472353260137461
freshP,20,7,1,port_xmit_packets,15829941.2,15830430.1,15830185.6,9628983587,9628983588,1472353260137461
freshP,20,7,1,port_rcv_packets,16366931.8,16367407.5,16367169.6,4550823190,4550823192,1472353260137461
freshP,20,7,1,port_xmit_packets,16367221.9,16367697.6,16367459.8,9628983588,9628983590,1472353260137461
freshP,20,7,1,port_xmit_packets,16559004.5,16559482.1,16559243.3,9628983590,9628983592,1472353260137461
freshP,20,7,1,port_rcv_packets,16559097.3,16559575.1,16559336.2,4550823192,4550823194,1472353260137461
freshP,20,7,1,port_rcv_packets,17647010.2,17647484.8,17647247.5,4550823194,4550823196,1472353260137461
freshP,20,7,1,port_xmit_packets,17647299.3,17647774.9,17647537.1,9628983592,9628983594,1472353260137461
freshP,20,7,1,port_xmit_packets,17839038.5,17839515.9,17839277.2,9628983594,9628983596,1472353260137461
freshP,20,7,1,port_rcv_packets,17839131.5,17839608.7,17839370.1,4550823196,4550823198,1472353260137461
freshP,20,7,1,port_rcv_packets,18926978.0,18927452.6,18927215.3,4550823198,4550823200,1472353260137461
freshP,20,7,1,port_xmit_packets,18927266.9,18927742.2,18927504.6,9628983596,9628983598,1472353260137461
freshP,20,7,1,port_xmit_packets,19118989.1,19119464.1,19119226.6,9628983598,9628983600,1472353260137461
freshP,20,7,1,port_rcv_packets,19119082.1,19119556.6,19119319.4,4550823200,4550823202,1472353260137461
freshP,20,7,1,port_rcv_packets,20207072.2,20207547.8,20207310.0,4550823202,4550823204,1472353260137461
freshP,20,7,1,port_xmit_packets,20207361.8,20207837.4,20207599.6,9628983600,9628983602,1472353260137461
freshP,20,7,1,port_xmit_packets,20399111.7,20399591.5,20399351.6,9628983602,9628983604,1472353260137461
freshP,20,7,1,port_rcv_packets,20399205.1,20399685.1,20399445.1,4550823204,4550823206,1472353260137461
freshP,20,7,1,port_xmit_packets,21487129.2,21487604.1,21487366.7,9628983604,9628983606,1472353260137461
freshP,20,7,1,port_rcv_packets,21487222.3,21487696.8,21487459.5,4550823206,4550823208,1472353260137461
freshP,20,7,1,port_rcv_packets,21679054.0,21679529.1,21679291.5,4550823208,4550823210,1472353260137461
freshP,20,7,1,port_xmit_packets,21679342.5,21679819.0,21679580.7,9628983606,9628983608,1472353260137461
freshP,20,7,1,port_xmit_packets,22767080.3,22767556.4,22767318.4,9628983608,9628983609,1472353260137461
freshP,20,7,1,port_rcv_packets,22767174.0,22767650.0,22767412.0,4550823210,4550823212,1472353260137461
freshP,20,7,1,port_xmit_packets,22767463.6,22767940.8,22767702.2,9628983609,9628983610,1472353260137461
freshP,20,7,1,port_xmit_packets,22959311.1,22959796.3,22959553.7,9628983610,9628983612,1472353260137461
freshP,20,7,1,port_rcv_packets,22959404.1,22959889.2,22959646.7,4550823212,4550823214,1472353260137461
freshP,20,7,1,port_xmit_packets,24047169.6,24047651.1,24047410.4,9628983612,9628983614,1472353260137461
freshP,20,7,1,port_rcv_packets,24047262.3,24047744.0,24047503.2,4550823214,4550823216,1472353260137461
freshP,20,7,1,port_xmit_packets,24239375.8,24239851.6,24239613.7,9628983614,9628983616,1472353260137461
freshP,20,7,1,port_rcv_packets,24239469.1,24239944.1,24239706.6,4550823216,4550823218,1472353260137461
freshP,20,7,1,local_ack_timeout_err,24419907.3,24420495.1,24420201.2,5706,5707,1472353260137461
freshP,20,7,1,port_xmit_packets,24420104.4,24420589.7,24420347.1,9628983616,9628983617,1472353260137461
freshP,20,7,1,port_xmit_packets,25327359.2,25327835.3,25327597.3,9628983617,9628983619,1472353260137461
freshP,20,7,1,port_rcv_packets,25327452.4,25327928.3,25327690.3,4550823218,4550823220,1472353260137461
freshP,20,7,1,port_xmit_packets,25519409.7,25519886.0,25519647.9,9628983619,9628983621,1472353260137461
freshP,20,7,1,port_rcv_packets,25519503.3,25519978.5,25519740.9,4550823220,4550823222,1472353260137461
freshP,20,7,1,port_xmit_packets,26608428.8,26608914.0,26608671.4,9628983621,9628983623,1472353260137461
freshP,20,7,1,port_rcv_packets,26608521.2,26609006.7,26608764.0,4550823222,4550823224,1472353260137461
freshP,20,7,1,port_xmit_packets,26799442.1,26799917.3,26799679.7,9628983623,9628983625,1472353260137461
freshP,20,7,1,port_rcv_packets,26799534.7,26800010.5,26799772.6,4550823224,4550823226,1472353260137461
freshP,20,7,1,port_xmit_packets,27887413.5,27887892.8,27887653.1,9628983625,9628983627,1472353260137461
freshP,20,7,1,port_rcv_packets,27887507.0,27887986.9,27887746.9,4550823226,4550823228,1472353260137461
freshP,20,7,1,port_xmit_packets,28079426.8,28079906.4,28079666.6,9628983627,9628983629,1472353260137461
freshP,20,7,1,port_rcv_packets,28079521.1,28080000.3,28079760.7,4550823228,4550823230,1472353260137461
freshP,20,7,1,port_rcv_packets,29167319.3,29167795.9,29167557.6,4550823230,4550823232,1472353260137461
freshP,20,7,1,port_xmit_packets,29167609.5,29168086.3,29167847.9,9628983629,9628983631,1472353260137461
freshP,20,7,1,port_xmit_packets,29359337.9,29359827.9,29359582.9,9628983631,9628983633,1472353260137461
freshP,20,7,1,port_rcv_packets,29359430.8,29359921.1,29359675.9,4550823232,4550823234,1472353260137461
freshP,20,7,1,port_xmit_packets,30447533.4,30448010.8,30447772.1,9628983633,9628983635,1472353260137461
freshP,20,7,1,port_rcv_packets,30447626.4,30448103.5,30447865.0,4550823234,4550823236,1472353260137461
freshP,20,7,1,port_rcv_packets,30639323.1,30639809.3,30639566.2,4550823236,4550823238,1472353260137461
freshP,20,7,1,port_xmit_packets,30639613.0,30640099.7,30639856.3,9628983635,9628983637,1472353260137461
freshP,20,7,1,port_xmit_packets,31727440.3,31727917.4,31727678.9,9628983637,9628983639,1472353260137461
freshP,20,7,1,port_rcv_packets,31727533.1,31728010.3,31727771.7,4550823238,4550823240,1472353260137461
freshP,20,7,1,port_rcv_packets,31919363.6,31919845.0,31919604.3,4550823240,4550823242,1472353260137461
freshP,20,7,1,port_xmit_packets,31919653.2,31920135.8,31919894.5,9628983639,9628983641,1472353260137461
freshP,20,7,1,port_xmit_packets,33007390.2,33007886.7,33007638.5,9628983641,9628983643,1472353260137461
freshP,20,7,1,port_rcv_packets,33007483.1,33007979.7,33007731.4,4550823242,4550823244,1472353260137461
freshP,20,7,1,local_ack_timeout_err,33010273.3,33010867.0,33010570.2,5707,5708,1472353260137461
freshP,20,7,1,port_xmit_packets,33010471.3,33010960.5,33010715.9,9628983643,9628983644,1472353260137461
freshP,20,7,1,port_xmit_packets,33199527.5,33200003.6,33199765.6,9628983644,9628983646,1472353260137461
freshP,20,7,1,port_rcv_packets,33199620.7,33200097.2,33199859.0,4550823244,4550823246,1472353260137461
freshP,20,7,1,port_xmit_packets,34287526.7,34288005.9,34287766.3,9628983646,9628983648,1472353260137461
freshP,20,7,1,port_rcv_packets,34287620.7,34288099.2,34287860.0,4550823246,4550823248,1472353260137461
freshP,20,7,1,port_rcv_packets,34479448.0,34479928.6,34479688.3,4550823248,4550823250,1472353260137461
freshP,20,7,1,port_xmit_packets,34479741.0,34480220.4,34479980.7,9628983648,9628983650,1472353260137461
freshP,20,7,1,port_xmit_packets,35567542.4,35568019.5,35567781.0,9628983650,9628983652,1472353260137461
freshP,20,7,1,port_rcv_packets,35567635.6,35568112.9,35567874.2,4550823250,4550823252,1472353260137461
freshP,20,7,1,port_xmit_packets,35759672.6,35760152.3,35759912.5,9628983652,9628983654,1472353260137461
freshP,20,7,1,port_rcv_packets,35759765.3,35760245.1,35760005.2,4550823252,4550823254,1472353260137461
freshP,20,7,1,port_xmit_packets,36847589.7,36848065.0,36847827.4,9628983654,9628983656,1472353260137461
freshP,20,7,1,port_rcv_packets,36847683.1,36848157.8,36847920.5,4550823254,4550823256,1472353260137461
freshP,20,7,1,port_xmit_packets,37039712.9,37040188.7,37039950.8,9628983656,9628983658,1472353260137461
freshP,20,7,1,port_rcv_packets,37039806.0,37040281.5,37040043.8,4550823256,4550823258,1472353260137461
freshP,20,7,1,port_xmit_packets,38127517.2,38127994.0,38127755.6,9628983658,9628983660,1472353260137461
freshP,20,7,1,port_rcv_packets,38127610.5,38128086.9,38127848.7,4550823258,4550823260,1472353260137461
freshP,20,7,1,port_rcv_packets,38319535.8,38320023.2,38319779.5,4550823260,4550823262,1472353260137461
freshP,20,7,1,port_xmit_packets,38319825.2,38320313.7,38320069.4,9628983660,9628983662,1472353260137461
freshP,20,7,1,port_xmit_packets,39407602.1,39408077.5,39407839.8,9628983662,9628983664,1472353260137461
freshP,20,7,1,port_rcv_packets,39407694.9,39408170.9,39407932.9,4550823262,4550823264,1472353260137461
freshP,20,7,1,port_xmit_packets,39599573.8,39600061.9,39599817.8,9628983664,9628983666,1472353260137461
freshP,20,7,1,port_rcv_packets,39599666.6,39600155.2,39599910.9,4550823264,4550823266,1472353260137461
freshP,20,7,1,port_xmit_packets,40687546.6,40688021.8,40687784.2,9628983666,9628983667,1472353260137461
freshP,20,7,1,port_rcv_packets,40687639.4,40688114.9,40687877.1,4550823266,4550823268,1472353260137461
freshP,20,7,1,port_xmit_packets,40687928.9,40688404.9,40688166.9,9628983667,9628983668,1472353260137461
freshP,20,7,1,port_rcv_packets,40879603.4,40880084.6,40879844.0,4550823268,4550823270,1472353260137461
freshP,20,7,1,port_xmit_packets,40879893.5,40880376.0,40880134.8,9628983668,9628983670,1472353260137461
freshP,20,7,1,port_xmit_packets,41600323.4,41600811.5,41600567.5,9628983670,9628983671,1472353260137461
freshP,20,7,1,local_ack_timeout_err,41600512.3,41601109.1,41600810.7,5708,5709,1472353260137461
freshP,20,7,1,port_xmit_packets,41967622.6,41968103.3,41967862.9,9628983671,9628983673,1472353260137461
freshP,20,7,1,port_rcv_packets,41967717.5,41968196.9,41967957.2,4550823270,4550823272,1472353260137461
freshP,20,7,1,port_xmit_packets,42159783.1,42160263.5,42160023.3,9628983673,9628983675,1472353260137461
freshP,20,7,1,port_rcv_packets,42159877.1,42160357.1,42160117.1,4550823272,4550823274,1472353260137461
freshP,20,7,1,port_xmit_packets,43247885.5,43248361.2,43248123.4,9628983675,9628983677,1472353260137461
freshP,20,7,1,port_rcv_packets,43247978.9,43248454.0,43248216.4,4550823274,4550823276,1472353260137461
freshP,20,7,1,port_xmit_packets,43439714.5,43440191.1,43439952.8,9628983677,9628983679,1472353260137461
freshP,20,7,1,port_rcv_packets,43439807.9,43440284.6,43440046.3,4550823276,4550823278,1472353260137461
freshP,20,7,1,port_xmit_packets,44527796.7,44528271.3,44528034.0,9628983679,9628983681,1472353260137461
freshP,20,7,1,port_rcv_packets,44527889.2,44528364.5,44528126.8,4550823278,4550823280,1472353260137461
freshP,20,7,1,port_rcv_packets,44719706.8,44720196.9,44719951.9,4550823280,4550823282,1472353260137461
freshP,20,7,1,port_xmit_packets,44719996.2,44720487.8,44720242.0,9628983681,9628983683,1472353260137461
freshP,20,7,1,port_xmit_packets,45807836.8,45808313.2,45808075.0,9628983683,9628983685,1472353260137461
freshP,20,7,1,port_rcv_packets,45807930.4,45808405.8,45808168.1,4550823282,4550823284,1472353260137461
freshP,20,7,1,port_rcv_packets,45999697.0,46000172.6,45999934.8,4550823284,4550823286,1472353260137461
freshP,20,7,1,port_xmit_packets,45999986.9,46000462.2,46000224.5,9628983685,9628983687,1472353260137461
freshP,20,7,1,port_xmit_packets,47087980.2,47088463.3,47088221.8,9628983687,9628983689,1472353260137461
freshP,20,7,1,port_rcv_packets,47088073.1,47088556.6,47088314.9,4550823286,4550823288,1472353260137461
freshP,20,7,1,port_xmit_packets,47279939.9,47280414.8,47280177.4,9628983689,9628983691,1472353260137461
freshP,20,7,1,port_rcv_packets,47280032.7,47280507.9,47280270.3,4550823288,4550823290,1472353260137461
freshP,20,7,1,port_xmit_packets,48367865.8,48368348.6,48368107.2,9628983691,9628983693,1472353260137461
freshP,20,7,1,port_rcv_packets,48367959.4,48368442.2,48368200.8,4550823290,4550823292,1472353260137461
freshP,20,7,1,port_xmit_packets,48559814.1,48560293.1,48560053.6,9628983693,9628983695,1472353260137461
freshP,20,7,1,port_rcv_packets,48559907.9,48560386.8,48560147.3,4550823292,4550823294,1472353260137461
freshP,20,7,1,port_xmit_packets,49647806.2,49648281.5,49648043.9,9628983695,9628983697,1472353260137461
freshP,20,7,1,port_rcv_packets,49647899.1,49648374.9,49648137.0,4550823294,4550823296,1472353260137461
freshP,20,7,1,port_xmit_packets,49839977.9,49840463.8,49840220.8,9628983697,9628983699,1472353260137461
freshP,20,7,1,port_rcv_packets,49840071.0,49840556.5,49840313.7,4550823296,4550823298,1472353260137461
freshP,20,7,1,local_ack_timeout_err,50190510.7,50191098.8,50190804.8,5709,5710,1472353260137461
freshP,20,7,1,port_xmit_packets,50190707.8,50191193.9,50190950.9,9628983699,9628983700,1472353260137461
freshP,20,7,1,port_xmit_packets,50927955.6,50928431.5,50928193.6,9628983700,9628983702,1472353260137461
freshP,20,7,1,port_rcv_packets,50928048.8,50928524.3,50928286.6,4550823298,4550823300,1472353260137461
freshP,20,7,1,port_xmit_packets,51119843.7,51120318.8,51120081.3,9628983702,9628983704,1472353260137461
freshP,20,7,1,port_rcv_packets,51119936.5,51120411.6,51120174.0,4550823300,4550823302,1472353260137461
freshP,20,7,1,port_xmit_packets,52208131.2,52208610.6,52208370.9,9628983704,9628983706,1472353260137461
freshP,20,7,1,port_rcv_packets,52208224.4,52208703.5,52208463.9,4550823302,4550823304,1472353260137461
freshP,20,7,1,port_xmit_packets,52399965.7,52400450.8,52400208.2,9628983706,9628983708,1472353260137461
freshP,20,7,1,port_rcv_packets,52400058.5,52400543.3,52400300.9,4550823304,4550823306,1472353260137461
freshP,20,7,1,port_xmit_packets,53488105.6,53488596.1,53488350.8,9628983708,9628983710,1472353260137461
freshP,20,7,1,port_rcv_packets,53488199.3,53488689.0,53488444.2,4550823306,4550823308,1472353260137461
freshP,20,7,1,port_rcv_packets,53679972.3,53680448.8,53680210.6,4550823308,4550823310,1472353260137461
freshP,20,7,1,port_xmit_packets,53680262.5,53680738.9,53680500.7,9628983710,9628983712,1472353260137461
freshP,20,7,1,port_rcv_packets,54767991.5,54768474.3,54768232.9,4550823310,4550823312,1472353260137461
freshP,20,7,1,port_xmit_packets,54768281.2,54768764.4,54768522.8,9628983712,9628983714,1472353260137461
freshP,20,7,1,port_xmit_packets,54959954.8,54960429.3,54960192.1,9628983714,9628983716,1472353260137461
freshP,20,7,1,port_rcv_packets,54960048.1,54960522.4,54960285.3,4550823312,4550823314,1472353260137461
freshP,20,7,1,port_xmit_packets,56048117.1,56048598.5,56048357.8,9628983716,9628983718,1472353260137461
freshP,20,7,1,port_rcv_packets,56048211.1,56048692.6,56048451.9,4550823314,4550823316,1472353260137461
freshP,20,7,1,port_xmit_packets,56240222.5,56240705.9,56240464.2,9628983718,9628983720,1472353260137461
freshP,20,7,1,port_rcv_packets,56240316.4,56240800.2,56240558.3,4550823316,4550823318,1472353260137461
freshP,20,7,1,port_xmit_packets,57328144.1,57328620.7,57328382.4,9628983720,9628983722,1472353260137461
freshP,20,7,1,port_rcv_packets,57328237.5,57328713.6,57328475.6,4550823318,4550823320,1472353260137461
freshP,20,7,1,port_xmit_packets,57520001.5,57520477.4,57520239.5,9628983722,9628983723,1472353260137461
freshP,20,7,1,port_rcv_packets,57520095.3,57520570.3,57520332.8,4550823320,4550823322,1472353260137461
freshP,20,7,1,port_xmit_packets,57520384.5,57520860.7,57520622.6,9628983723,9628983724,1472353260137461
freshP,20,7,1,port_xmit_packets,58608083.7,58608559.2,58608321.5,9628983724,9628983726,1472353260137461
freshP,20,7,1,port_rcv_packets,58608176.5,58608652.3,58608414.4,4550823322,4550823324,1472353260137461
freshP,20,7,1,local_ack_timeout_err,58780596.9,58781188.1,58780892.5,5710,5711,1472353260137461
freshP,20,7,1,req_cqe_error,58780982.0,58781584.3,58781283.1,23239,23240,1472353260137461
freshP,20,7,1,port_xmit_packets,58800068.8,58800634.7,58800351.8,9628983726,9628983728,1472353260137461
freshP,20,7,1,port_rcv_packets,58800173.2,58800728.7,58800450.9,4550823324,4550823326,1472353260137461
freshP,20,7,1,port_xmit_packets,-248768.1,-248226.1,-248497.1,9628983729,9628983730,1472413397232112
freshP,20,7,1,port_rcv_packets,-248665.2,-248132.6,-248398.9,4550823327,4550823329,1472413397232112
freshP,20,7,1,port_xmit_packets,-248323.6,-247840.8,-248082.2,9628983730,9628983731,1472413397232112
freshP,20,7,1,port_xmit_packets,-56502.2,-56025.3,-56263.7,9628983731,9628983733,1472413397232112
freshP,20,7,1,port_rcv_packets,-56409.2,-55932.1,-56170.6,4550823329,4550823331,1472413397232112
freshP,20,7,1,port_xmit_packets,-136.2,339.5,101.6,9628983733,9628983734,1472413397232112
freshP,20,7,1,roce_adp_retrans,11151.9,11738.8,11445.4,5371,5372,1472413397232112
freshP,20,7,1,port_xmit_packets,11349.0,11833.4,11591.2,9628983734,9628983735,1472413397232112
freshP,20,7,1,roce_adp_retrans,19583.9,20170.0,19876.9,5372,5373,1472413397232112
freshP,20,7,1,port_xmit_packets,19780.9,20263.8,20022.4,9628983735,9628983736,1472413397232112
freshP,20,7,1,roce_adp_retrans,36467.4,37055.3,36761.4,5373,5374,1472413397232112
freshP,20,7,1,port_xmit_packets,36665.6,37148.4,36907.0,9628983736,9628983737,1472413397232112
freshP,20,7,1,port_xmit_packets,69976.9,70458.8,70217.9,9628983737,9628983738,1472413397232112
freshP,20,7,1,roce_adp_retrans,70163.4,70750.9,70457.1,5374,5375,1472413397232112
freshP,20,7,1,roce_adp_retrans,120328.1,120922.0,120625.0,5375,5376,1472413397232112
freshP,20,7,1,port_xmit_packets,120528.5,121016.3,120772.4,9628983738,9628983739,1472413397232112
freshP,20,7,1,port_xmit_packets,254526.2,255009.0,254767.6,9628983739,9628983740,1472413397232112
freshP,20,7,1,roce_adp_retrans,254712.7,255302.3,255007.5,5376,5377,1472413397232112
freshP,20,7,1,roce_adp_retrans,523070.1,523660.7,523365.4,5377,5378,1472413397232112
freshP,20,7,1,port_xmit_packets,523270.0,523754.0,523512.0,9628983740,9628983741,1472413397232112
freshP,20,7,1,port_rcv_packets,1031396.2,1031871.5,1031633.8,4550823331,4550823333,1472413397232112
freshP,20,7,1,port_xmit_packets,1031684.6,1032161.0,1031922.8,9628983741,9628983743,1472413397232112
freshP,20,7,1,roce_adp_retrans,1059800.4,1060385.3,1060092.8,5378,5379,1472413397232112
freshP,20,7,1,port_xmit_packets,1059996.3,1060479.3,1060237.8,9628983743,9628983744,1472413397232112
freshP,20,7,1,port_xmit_packets,1223407.1,1223894.4,1223650.7,9628983744,9628983746,1472413397232112
freshP,20,7,1,port_rcv_packets,1223500.0,1223988.3,1223744.2,4550823333,4550823335,1472413397232112
freshP,20,7,1,port_xmit_packets,1865181.5,1865664.5,1865423.0,9628983746,9628983747,1472413397232112
freshP,20,7,1,roce_adp_retrans,1865367.8,1865958.4,1865663.1,5379,5380,1472413397232112
freshP,20,7,1,port_xmit_packets,2311439.7,2311938.3,2311689.0,9628983747,9628983749,1472413397232112
freshP,20,7,1,port_rcv_packets,2311532.9,2312032.9,2311782.9,4550823335,4550823337,1472413397232112
freshP,20,7,1,port_xmit_packets,2503592.8,2504085.0,2503838.9,9628983749,9628983751,1472413397232112
freshP,20,7,1,port_rcv_packets,2503686.5,2504178.9,2503932.7,4550823337,4550823339,1472413397232112
freshP,20,7,1,port_xmit_packets,3591580.3,3592058.3,3591819.3,9628983751,9628983753,1472413397232112
freshP,20,7,1,port_rcv_packets,3591673.4,3592151.3,3591912.4,4550823339,4550823341,1472413397232112
freshP,20,7,1,port_xmit_packets,3783606.7,3784082.6,3783844.6,9628983753,9628983755,1472413397232112
freshP,20,7,1,port_rcv_packets,3783699.8,3784175.4,3783937.6,4550823341,4550823343,1472413397232112
freshP,20,7,1,port_xmit_packets,4012725.7,4013210.1,4012967.9,9628983755,9628983756,1472413397232112
freshP,20,7,1,roce_adp_retrans,4012912.5,4013503.1,4013207.8,5380,5381,1472413397232112
freshP,20,7,1,port_xmit_packets,4871646.5,4872122.8,4871884.7,9628983756,9628983758,1472413397232112
freshP,20,7,1,port_rcv_packets,4871739.3,4872216.0,4871977.7,4550823343,4550823345,1472413397232112
freshP,20,7,1,port_xmit_packets,5063561.9,5064038.1,5063800.0,9628983758,9628983760,1472413397232112
freshP,20,7,1,port_rcv_packets,5063655.1,5064130.8,5063892.9,4550823345,4550823347,1472413397232112
freshP,20,7,1,port_xmit_packets,6151659.7,6152134.8,6151897.3,9628983760,9628983762,1472413397232112
freshP,20,7,1,port_rcv_packets,6151752.4,6152228.3,6151990.4,4550823347,4550823349,1472413397232112
freshP,20,7,1,port_xmit_packets,6343631.3,6344113.2,6343872.2,9628983762,9628983764,1472413397232112
freshP,20,7,1,port_rcv_packets,6343724.4,6344206.6,6343965.5,4550823349,4550823351,1472413397232112
freshP,20,7,1,roce_adp_retrans,7233953.3,7234542.1,7234247.7,5381,5382,1472413397232112
freshP,20,7,1,port_xmit_packets,7234149.7,7234637.8,7234393.7,9628983764,9628983765,1472413397232112
freshP,20,7,1,port_xmit_packets,7431631.1,7432109.6,7431870.3,9628983765,9628983767,1472413397232112
freshP,20,7,1,port_rcv_packets,7431724.0,7432202.9,7431963.4,4550823351,4550823353,1472413397232112
freshP,20,7,1,port_rcv_packets,7623486.7,7623960.9,7623723.8,4550823353,4550823354,1472413397232112
freshP,20,7,1,port_xmit_packets,7623775.8,7624250.9,7624013.3,9628983767,9628983769,1472413397232112
freshP,20,7,1,port_rcv_packets,7623868.1,7624344.1,7624106.1,4550823354,4550823355,1472413397232112
freshP,20,7,1,port_xmit_packets,8711641.6,8712118.9,8711880.2,9628983769,9628983771,1472413397232112
freshP,20,7,1,port_rcv_packets,8711734.9,8712211.8,8711973.3,4550823355,4550823357,1472413397232112
freshP,20,7,1,port_xmit_packets,8903669.5,8904144.9,8903907.2,9628983771,9628983773,1472413397232112
freshP,20,7,1,port_rcv_packets,8903762.5,8904238.1,8904000.3,4550823357,4550823359,1472413397232112
freshP,20,7,1,port_xmit_packets,9991819.8,9992299.2,9992059.5,9628983773,9628983775,1472413397232112
freshP,20,7,1,port_rcv_packets,9991913.2,9992393.1,9992153.1,4550823359,4550823361,1472413397232112
freshP,20,7,1,port_xmit_packets,10183753.0,10184232.8,10183992.9,9628983775,9628983777,1472413397232112
freshP,20,7,1,port_rcv_packets,10183846.3,10184326.4,10184086.4,4550823361,4550823363,1472413397232112
freshP,20,7,1,port_xmit_packets,11271849.1,11272325.7,11272087.4,9628983777,9628983779,1472413397232112
freshP,20,7,1,port_rcv_packets,11271942.1,11272418.8,11272180.4,4550823363,4550823365,1472413397232112
freshP,20,7,1,port_xmit_packets,11463768.9,11464258.3,11464013.6,9628983779,9628983781,1472413397232112
freshP,20,7,1,port_rcv_packets,11463862.3,11464351.2,11464106.7,4550823365,4550823367,1472413397232112
freshP,20,7,1,port_xmit_packets,12551883.1,12552363.0,12552123.0,9628983781,9628983783,1472413397232112
freshP,20,7,1,port_rcv_packets,12551975.9,12552456.4,12552216.2,4550823367,4550823369,1472413397232112
freshP,20,7,1,port_xmit_packets,12743778.2,12744254.4,12744016.3,9628983783,9628983785,1472413397232112
freshP,20,7,1,port_rcv_packets,12743871.0,12744347.6,12744109.3,4550823369,4550823371,1472413397232112
freshP,20,7,1,port_xmit_packets,13831697.8,13832190.4,13831944.1,9628983785,9628983787,1472413397232112
freshP,20,7,1,port_rcv_packets,13831790.4,13832283.6,13832037.0,4550823371,4550823373,1472413397232112
freshP,20,7,1,port_rcv_packets,14023649.1,14024124.7,14023886.9,4550823373,4550823374,1472413397232112
freshP,20,7,1,port_xmit_packets,14023939.2,14024415.1,14024177.2,9628983787,9628983789,1472413397232112
freshP,20,7,1,port_rcv_packets,14024032.0,14024508.3,14024270.1,4550823374,4550823375,1472413397232112
freshP,20,7,1,port_xmit_packets,15111737.7,15112227.9,15111982.8,9628983789,9628983791,1472413397232112
freshP,20,7,1,port_rcv_packets,15111830.5,15112320.4,15112075.4,4550823375,4550823377,1472413397232112
freshP,20,7,1,port_rcv_packets,15303764.1,15304239.2,15304001.7,4550823377,4550823379,1472413397232112
freshP,20,7,1,port_xmit_packets,15304053.8,15304530.0,15304291.9,9628983791,9628983793,1472413397232112
freshP,20,7,1,local_ack_timeout_err,15824231.4,15824821.7,15824526.6,5711,5712,1472413397232112
freshP,20,7,1,port_xmit_packets,15824429.7,15824915.6,15824672.7,9628983793,9628983794,1472413397232112
freshP,20,7,1,port_rcv_packets,16391724.6,16392204.3,16391964.4,4550823379,4550823381,1472413397232112
freshP,20,7,1,port_xmit_packets,16392016.9,16392497.4,16392257.1,9628983794,9628983796,1472413397232112
freshP,20,7,1,port_xmit_packets,16583780.4,16584266.0,16584023.2,9628983796,9628983798,1472413397232112
freshP,20,7,1,port_rcv_packets,16583873.9,16584359.4,16584116.7,4550823381,4550823383,1472413397232112
freshP,20,7,1,port_xmit_packets,17671814.6,17672298.5,17672056.6,9628983798,9628983800,1472413397232112
freshP,20,7,1,port_rcv_packets,17671907.5,17672391.8,17672149.7,4550823383,4550823385,1472413397232112
freshP,20,7,1,port_rcv_packets,17863747.7,17864223.3,17863985.5,4550823385,4550823386,1472413397232112
freshP,20,7,1,port_xmit_packets,17864037.3,17864514.0,17864275.7,9628983800,9628983802,1472413397232112
freshP,20,7,1,port_rcv_packets,17864130.3,17864607.3,17864368.8,4550823386,4550823387,1472413397232112
freshP,20,7,1,port_xmit_packets,18951782.2,18952257.6,18952019.9,9628983802,9628983803,1472413397232112
freshP,20,7,1,port_rcv_packets,18951875.3,18952350.5,18952112.9,4550823387,4550823389,1472413397232112
freshP,20,7,1,port_xmit_packets,18952164.9,18952640.6,18952402.7,9628983803,9628983804,1472413397232112
freshP,20,7,1,port_xmit_packets,19143798.8,19144275.8,19144037.3,9628983804,9628983806,1472413397232112
freshP,20,7,1,port_rcv_packets,19143891.9,19144369.1,19144130.5,4550823389,4550823391,1472413397232112
freshP,20,7,1,port_xmit_packets,20232024.0,20232501.6,20232262.8,9628983806,9628983808,1472413397232112
freshP,20,7,1,port_rcv_packets,20232117.3,20232594.4,20232355.9,4550823391,4550823393,1472413397232112
freshP,20,7,1,port_xmit_packets,20423903.6,20424379.3,20424141.5,9628983808,9628983810,1472413397232112
freshP,20,7,1,port_rcv_packets,20423996.7,20424473.1,20424234.9,4550823393,4550823395,1472413397232112
freshP,20,7,1,port_xmit_packets,21512086.4,21512582.2,21512334.3,9628983810,9628983812,1472413397232112
freshP,20,7,1,port_rcv_packets,21512179.3,21512675.1,21512427.2,4550823395,4550823397,1472413397232112
freshP,20,7,1,port_xmit_packets,21704014.3,21704490.4,21704252.4,9628983812,9628983814,1472413397232112
freshP,20,7,1,port_rcv_packets,21704107.0,21704583.5,21704345.3,4550823397,4550823399,1472413397232112
freshP,20,7,1,port_rcv_packets,22791896.1,22792371.4,22792133.7,4550823399,4550823400,1472413397232112
freshP,20,7,1,port_xmit_packets,22792185.7,22792669.9,22792427.8,9628983814,9628983816,1472413397232112
freshP,20,7,1,port_rcv_packets,22792278.5,22792763.1,22792520.8,4550823400,4550823401,1472413397232112
freshP,20,7,1,port_rcv_packets,22983938.0,22984423.2,22984180.6,4550823401,4550823403,1472413397232112
freshP,20,7,1,port_xmit_packets,22984226.9,22984712.3,22984469.6,9628983816,9628983818,1472413397232112
freshP,20,7,1,port_xmit_packets,24072104.3,24072609.1,24072356.7,9628983818,9628983820,1472413397232112
freshP,20,7,1,port_rcv_packets,24072197.9,24072702.9,24072450.4,4550823403,4550823405,1472413397232112
freshP,20,7,1,port_xmit_packets,24264082.6,24264557.4,24264320.0,9628983820,9628983822,1472413397232112
freshP,20,7,1,port_rcv_packets,24264175.7,24264649.9,24264412.8,4550823405,4550823407,1472413397232112
freshP,20,7,1,local_ack_timeout_err,24414279.5,24414868.1,24414573.8,5712,5713,1472413397232112
freshP,20,7,1,port_xmit_packets,24414476.4,24414962.8,24414719.6,9628983822,9628983823,1472413397232112
freshP,20,7,1,port_rcv_packets,25351994.6,25352470.1,25352232.4,4550823407,4550823409,1472413397232112
freshP,20,7,1,port_xmit_packets,25352284.1,25352760.3,25352522.2,9628983823,9628983825,1472413397232112
freshP,20,7,1,port_xmit_packets,25544086.8,25544560.5,25544323.6,9628983825,9628983827,1472413397232112
freshP,20,7,1,port_rcv_packets,25544179.3,25544653.1,25544416.2,4550823409,4550823411,1472413397232112
freshP,20,7,1,port_xmit_packets,26632236.7,26632731.3,26632484.0,9628983827,9628983829,1472413397232112
freshP,20,7,1,port_rcv_packets,26632329.8,26632824.2,26632577.0,4550823411,4550823413,1472413397232112
freshP,20,7,1,port_xmit_packets,26824266.8,26824743.1,26824505.0,9628983829,9628983831,1472413397232112
freshP,20,7,1,port_rcv_packets,26824360.1,26824835.6,26824597.9,4550823413,4550823415,1472413397232112
freshP,20,7,1,port_rcv_packets,27912092.9,27912571.4,27912332.1,4550823415,4550823417,1472413397232112
freshP,20,7,1,port_xmit_packets,27912382.7,27912862.8,27912622.7,9628983831,9628983833,1472413397232112
freshP,20,7,1,port_xmit_packets,28104129.5,28104611.8,28104370.7,9628983833,9628983835,1472413397232112
freshP,20,7,1,port_rcv_packets,28104222.3,28104705.2,28104463.8,4550823417,4550823419,1472413397232112
freshP,20,7,1,port_rcv_packets,29192126.4,29192601.8,29192364.1,4550823419,4550823421,1472413397232112
freshP,20,7,1,port_xmit_packets,29192415.7,29192893.2,29192654.4,9628983835,9628983837,1472413397232112
freshP,20,7,1,port_xmit_packets,29384177.6,29384653.5,29384415.6,9628983837,9628983839,1472413397232112
freshP,20,7,1,port_rcv_packets,29384270.6,29384746.4,29384508.5,4550823421,4550823423,1472413397232112
freshP,20,7,1,port_xmit_packets,30472141.1,30472621.9,30472381.5,9628983839,9628983841,1472413397232112
freshP,20,7,1,port_rcv_packets,30472234.9,30472715.9,30472475.4,4550823423,4550823425,1472413397232112
freshP,20,7,1,port_rcv_packets,30664092.5,30664572.5,30664332.5,4550823425,4550823426,1472413397232112
freshP,20,7,1,port_xmit_packets,30664385.3,30664865.1,30664625.2,9628983841,9628983843,1472413397232112
freshP,20,7,1,port_rcv_packets,30664478.9,30664958.7,30664718.8,4550823426,4550823427,1472413397232112
freshP,20,7,1,port_xmit_packets,31752297.8,31752773.3,31752535.6,9628983843,9628983845,1472413397232112
freshP,20,7,1,port_rcv_packets,31752390.9,31752866.2,31752628.5,4550823427,4550823429,1472413397232112
freshP,20,7,1,port_rcv_packets,31944185.4,31944666.5,31944426.0,4550823429,4550823431,1472413397232112
freshP,20,7,1,port_xmit_packets,31944480.9,31944957.5,31944719.2,9628983845,9628983847,1472413397232112
freshP,20,7,1,local_ack_timeout_err,33004556.8,33005146.3,33004851.6,5713,5714,1472413397232112
freshP,20,7,1,port_xmit_packets,33004754.9,33005239.9,33004997.4,9628983847,9628983848,1472413397232112
freshP,20,7,1,port_xmit_packets,33032318.8,33032792.5,33032555.7,9628983848,9628983850,1472413397232112
freshP,20,7,1,port_rcv_packets,33032411.2,33032886.2,33032648.7,4550823431,4550823433,1472413397232112
freshP,20,7,1,port_xmit_packets,33224338.7,33224814.0,33224576.4,9628983850,9628983852,1472413397232112
freshP,20,7,1,port_rcv_packets,33224431.7,33224906.9,33224669.3,4550823433,4550823435,1472413397232112
freshP,20,7,1,port_rcv_packets,34312231.5,34312706.3,34312468.9,4550823435,4550823437,1472413397232112
freshP,20,7,1,port_xmit_packets,34312520.1,34312996.8,34312758.4,9628983852,9628983854,1472413397232112
freshP,20,7,1,port_rcv_packets,34504270.3,34504744.9,34504507.6,4550823437,4550823439,1472413397232112
freshP,20,7,1,port_xmit_packets,34504558.3,34505034.2,34504796.3,9628983854,9628983856,1472413397232112
freshP,20,7,1,port_rcv_packets,35592229.2,35592705.0,35592467.1,4550823439,4550823440,1472413397232112
freshP,20,7,1,port_xmit_packets,35592520.0,35592995.4,35592757.7,9628983856,9628983858,1472413397232112
freshP,20,7,1,port_rcv_packets,35592612.4,35593088.8,35592850.6,4550823440,4550823441,1472413397232112
freshP,20,7,1,port_xmit_packets,35784418.6,35784904.3,35784661.4,9628983858,9628983860,1472413397232112
freshP,20,7,1,port_rcv_packets,35784511.3,35784997.4,35784754.4,4550823441,4550823443,1472413397232112
freshP,20,7,1,port_rcv_packets,36872281.5,36872757.9,36872519.7,4550823443,4550823445,1472413397232112
freshP,20,7,1,port_xmit_packets,36872571.1,36873047.2,36872809.2,9628983860,9628983862,1472413397232112
freshP,20,7,1,port_xmit_packets,37064531.4,37065006.1,37064768.7,9628983862,9628983864,1472413397232112
freshP,20,7,1,port_rcv_packets,37064624.2,37065098.5,37064861.3,4550823445,4550823447,1472413397232112
freshP,20,7,1,port_xmit_packets,38152370.5,38152853.7,38152612.1,9628983864,9628983866,1472413397232112
freshP,20,7,1,port_rcv_packets,38152464.6,38152947.7,38152706.2,4550823447,4550823449,1472413397232112
freshP,20,7,1,port_xmit_packets,38344464.9,38344940.0,38344702.5,9628983866,9628983868,1472413397232112
freshP,20,7,1,port_rcv_packets,38344557.6,38345033.1,38344795.3,4550823449,4550823451,1472413397232112
freshP,20,7,1,port_rcv_packets,39432350.2,39432825.0,39432587.6,4550823451,4550823453,1472413397232112
freshP,20,7,1,port_xmit_packets,39432638.6,39433116.1,39432877.4,9628983868,9628983870,1472413397232112
freshP,20,7,1,port_xmit_packets,39624365.3,39624839.8,39624602.6,9628983870,9628983872,1472413397232112
freshP,20,7,1,port_rcv_packets,39624458.0,39624932.3,39624695.1,4550823453,4550823455,1472413397232112
freshP,20,7,1,port_xmit_packets,40712407.8,40712884.4,40712646.1,9628983872,9628983874,1472413397232112
freshP,20,7,1,port_rcv_packets,40712501.5,40712977.3,40712739.4,4550823455,4550823457,1472413397232112
freshP,20,7,1,port_xmit_packets,40904503.1,40904977.8,40904740.5,9628983874,9628983876,1472413397232112
freshP,20,7,1,port_rcv_packets,40904595.9,40905070.3,40904833.1,4550823457,4550823459,1472413397232112
freshP,20,7,1,local_ack_timeout_err,41594626.4,41595214.5,41594920.4,5714,5715,1472413397232112
freshP,20,7,1,port_xmit_packets,41594822.9,41595309.4,41595066.1,9628983876,9628983877,1472413397232112
freshP,20,7,1,port_rcv_packets,41992455.4,41992946.0,41992700.7,4550823459,4550823461,1472413397232112
freshP,20,7,1,port_xmit_packets,41992744.5,41993236.0,41992990.2,9628983877,9628983879,1472413397232112
freshP,20,7,1,port_xmit_packets,42184551.0,42185026.6,42184788.8,9628983879,9628983881,1472413397232112
freshP,20,7,1,port_rcv_packets,42184643.7,42185119.3,42184881.5,4550823461,4550823463,1472413397232112
freshP,20,7,1,port_xmit_packets,43272455.3,43272929.8,43272692.5,9628983881,9628983883,1472413397232112
freshP,20,7,1,port_rcv_packets,43272548.1,43273022.5,43272785.3,4550823463,4550823465,1472413397232112
freshP,20,7,1,port_xmit_packets,43464509.9,43464984.4,43464747.1,9628983883,9628983885,1472413397232112
freshP,20,7,1,port_rcv_packets,43464602.5,43465077.4,43464839.9,4550823465,4550823467,1472413397232112
freshP,20,7,1,port_xmit_packets,44552535.5,44553014.7,44552775.1,9628983885,9628983887,1472413397232112
freshP,20,7,1,port_rcv_packets,44552629.1,44553108.5,44552868.8,4550823467,4550823469,1472413397232112
freshP,20,7,1,port_xmit_packets,44744467.7,44744947.4,44744707.5,9628983887,9628983888,1472413397232112
freshP,20,7,1,port_rcv_packets,44744561.2,44745041.1,44744801.1,4550823469,4550823471,1472413397232112
freshP,20,7,1,port_xmit_packets,44744852.9,44745333.1,44745093.0,9628983888,9628983889,1472413397232112
freshP,20,7,1,port_xmit_packets,45832702.2,45833178.3,45832940.2,9628983889,9628983891,1472413397232112
freshP,20,7,1,port_rcv_packets,45832795.7,45833270.7,45833033.2,4550823471,4550823473,1472413397232112
freshP,20,7,1,port_xmit_packets,46024705.5,46025179.3,46024942.4,9628983891,9628983893,1472413397232112
freshP,20,7,1,port_rcv_packets,46024798.4,46025272.2,46025035.3,4550823473,4550823475,1472413397232112
freshP,20,7,1,port_xmit_packets,47112600.3,47113081.2,47112840.7,9628983893,9628983895,1472413397232112
freshP,20,7,1,port_rcv_packets,47112693.8,47113173.6,47112933.7,4550823475,4550823477,1472413397232112
freshP,20,7,1,port_xmit_packets,47304624.1,47305099.5,47304861.8,9628983895,9628983897,1472413397232112
freshP,20,7,1,port_rcv_packets,47304716.9,47305193.0,47304954.9,4550823477,4550823479,1472413397232112
freshP,20,7,1,port_rcv_packets,48392612.9,48393086.8,48392849.9,4550823479,4550823481,1472413397232112
freshP,20,7,1,port_xmit_packets,48392901.7,48393376.0,48393138.9,9628983897,9628983899,1472413397232112
freshP,20,7,1,port_rcv_packets,48584650.1,48585125.1,48584887.6,4550823481,4550823483,1472413397232112
freshP,20,7,1,port_xmit_packets,48584939.8,48585414.6,48585177.2,9628983899,9628983901,1472413397232112
freshP,20,7,1,port_rcv_packets,49672677.3,49673153.7,49672915.5,4550823483,4550823485,1472413397232112
freshP,20,7,1,port_xmit_packets,49672967.5,49673443.1,49673205.3,9628983901,9628983903,1472413397232112
freshP,20,7,1,port_xmit_packets,49864660.3,49865146.8,49864903.6,9628983903,9628983905,1472413397232112
freshP,20,7,1,port_rcv_packets,49864753.4,49865239.8,49864996.6,4550823485,4550823487,1472413397232112
freshP,20,7,1,port_xmit_packets,50184873.1,50185357.9,50185115.5,9628983905,9628983906,1472413397232112
freshP,20,7,1,local_ack_timeout_err,50185060.1,50185651.5,50185355.8,5715,5716,1472413397232112
freshP,20,7,1,port_xmit_packets,50952801.0,50953277.5,50953039.2,9628983906,9628983908,1472413397232112
freshP,20,7,1,port_rcv_packets,50952894.1,50953370.8,50953132.5,4550823487,4550823489,1472413397232112
freshP,20,7,1,port_xmit_packets,51144887.7,51145363.3,51145125.5,9628983908,9628983910,1472413397232112
freshP,20,7,1,port_rcv_packets,51144980.7,51145456.3,51145218.5,4550823489,4550823491,1472413397232112
freshP,20,7,1,port_rcv_packets,52232692.1,52233168.1,52232930.1,4550823491,4550823493,1472413397232112
freshP,20,7,1,port_xmit_packets,52232982.1,52233458.8,52233220.4,9628983910,9628983912,1472413397232112
freshP,20,7,1,port_rcv_packets,52424699.1,52425174.5,52424936.8,4550823493,4550823495,1472413397232112
freshP,20,7,1,port_xmit_packets,52424989.4,52425464.4,52425226.9,9628983912,9628983914,1472413397232112
freshP,20,7,1,port_xmit_packets,53512889.4,53513364.9,53513127.1,9628983914,9628983916,1472413397232112
freshP,20,7,1,port_rcv_packets,53512983.0,53513457.6,53513220.3,4550823495,4550823497,1472413397232112
freshP,20,7,1,port_xmit_packets,53704936.2,53705412.4,53705174.3,9628983916,9628983918,1472413397232112
freshP,20,7,1,port_rcv_packets,53705029.2,53705505.6,53705267.4,4550823497,4550823499,1472413397232112
freshP,20,7,1,port_xmit_packets,54792864.8,54793340.7,54793102.8,9628983918,9628983920,1472413397232112
freshP,20,7,1,port_rcv_packets,54792957.3,54793433.7,54793195.5,4550823499,4550823501,1472413397232112
freshP,20,7,1,port_xmit_packets,54984844.5,54985321.9,54985083.2,9628983920,9628983922,1472413397232112
freshP,20,7,1,port_rcv_packets,54984937.3,54985414.1,54985175.7,4550823501,4550823503,1472413397232112
freshP,20,7,1,port_xmit_packets,56072816.1,56073290.7,56073053.4,9628983922,9628983924,1472413397232112
freshP,20,7,1,port_rcv_packets,56072909.0,56073383.3,56073146.2,4550823503,4550823505,1472413397232112
freshP,20,7,1,port_xmit_packets,56264923.5,56265398.5,56265161.0,9628983924,9628983926,1472413397232112
freshP,20,7,1,port_rcv_packets,56265016.7,56265491.3,56265254.0,4550823505,4550823507,1472413397232112
freshP,20,7,1,port_xmit_packets,57352847.0,57353322.3,57353084.6,9628983926,9628983928,1472413397232112
freshP,20,7,1,port_rcv_packets,57352940.2,57353415.9,57353178.1,4550823507,4550823509,1472413397232112
freshP,20,7,1,port_rcv_packets,57544870.0,57545360.3,57545115.1,4550823509,4550823511,1472413397232112
freshP,20,7,1,port_xmit_packets,57545159.1,57545649.9,57545404.5,9628983928,9628983930,1472413397232112
freshP,20,7,1,port_rcv_packets,58632868.3,58633347.1,58633107.7,4550823511,4550823513,1472413397232112
freshP,20,7,1,port_xmit_packets,58633159.0,58633638.9,58633398.9,9628983930,9628983932,1472413397232112
freshP,20,7,1,local_ack_timeout_err,58774941.3,58775537.8,58775239.5,5716,5717,1472413397232112
freshP,20,7,1,req_cqe_error,58775329.0,58775937.2,58775633.1,23240,23241,1472413397232112
freshP,20,7,1,port_rcv_packets,58824876.8,58825364.6,58825120.7,4550823513,4550823515,1472413397232112
freshP,20,7,1,port_xmit_packets,58825174.9,58825661.1,58825418.0,9628983932,9628983934,1472413397232112
freshP,20,7,1,port_rcv_packets,-214014.2,-213536.0,-213775.1,4550823516,4550823518,1472473523907776
freshP,20,7,1,port_xmit_packets,-213722.5,-213244.2,-213483.3,9628983935,9628983937,1472473523907776
freshP,20,7,1,port_xmit_packets,-22042.9,-21474.5,-21758.7,9628983937,9628983939,1472473523907776
freshP,20,7,1,port_rcv_packets,-21939.4,-21377.7,-21658.6,4550823518,4550823520,1472473523907776
freshP,20,7,1,port_xmit_packets,-87.0,387.5,150.3,9628983939,9628983940,1472473523907776
freshP,20,7,1,roce_adp_retrans,91068.9,91657.5,91363.2,5382,5383,1472473523907776
freshP,20,7,1,port_xmit_packets,91267.7,91751.1,91509.4,9628983940,9628983941,1472473523907776
freshP,20,7,1,roce_adp_retrans,158005.8,158592.6,158299.2,5383,5384,1472473523907776
freshP,20,7,1,port_xmit_packets,158202.8,158686.6,158444.7,9628983941,9628983942,1472473523907776
freshP,20,7,1,port_xmit_packets,258689.7,259172.1,258930.9,9628983942,9628983943,1472473523907776
freshP,20,7,1,roce_adp_retrans,258875.7,259465.3,259170.5,5384,5385,1472473523907776
freshP,20,7,1,roce_adp_retrans,527274.8,527860.6,527567.7,5385,5386,1472473523907776
freshP,20,7,1,port_xmit_packets,527472.7,527954.0,527713.4,9628983943,9628983944,1472473523907776
freshP,20,7,1,roce_adp_retrans,1064177.7,1064766.0,1064471.8,5386,5387,1472473523907776
freshP,20,7,1,port_xmit_packets,1064376.7,1064859.2,1064617.9,9628983944,9628983945,1472473523907776
freshP,20,7,1,port_rcv_packets,1066008.4,1066483.4,1066245.9,4550823520,4550823522,1472473523907776
freshP,20,7,1,port_xmit_packets,1066297.9,1066773.2,1066535.5,9628983945,9628983947,1472473523907776
freshP,20,7,1,port_xmit_packets,1258150.1,1258625.5,1258387.8,9628983947,9628983949,1472473523907776
freshP,20,7,1,port_rcv_packets,1258243.2,1258717.8,1258480.5,4550823522,4550823524,1472473523907776
freshP,20,7,1,roce_adp_retrans,1869284.0,1869870.0,1869577.0,5387,5388,1472473523907776
freshP,20,7,1,port_xmit_packets,1869480.8,1869964.0,1869722.4,9628983949,9628983950,1472473523907776
freshP,20,7,1,port_xmit_packets,2346129.1,2346603.0,2346366.1,9628983950,9628983952,1472473523907776
freshP,20,7,1,port_rcv_packets,2346221.5,2346696.0,2346458.8,4550823524,4550823526,1472473523907776
freshP,20,7,1,port_xmit_packets,2538013.3,2538486.8,2538250.0,9628983952,9628983953,1472473523907776
freshP,20,7,1,port_rcv_packets,2538105.6,2538580.0,2538342.8,4550823526,4550823528,1472473523907776
freshP,20,7,1,port_xmit_packets,2538393.9,2538869.5,2538631.7,9628983953,9628983954,1472473523907776
freshP,20,7,1,port_rcv_packets,3626125.4,3626599.4,3626362.4,4550823528,4550823530,1472473523907776
freshP,20,7,1,port_xmit_packets,3626414.0,3626889.1,3626651.6,9628983954,9628983956,1472473523907776
freshP,20,7,1,port_rcv_packets,3818123.3,3818597.4,3818360.3,4550823530,4550823532,1472473523907776
freshP,20,7,1,port_xmit_packets,3818412.1,3818886.1,3818649.1,9628983956,9628983958,1472473523907776
freshP,20,7,1,port_xmit_packets,4016908.6,4017391.0,4017149.8,9628983958,9628983959,1472473523907776
freshP,20,7,1,roce_adp_retrans,4017095.9,4017685.0,4017390.5,5388,5389,1472473523907776
freshP,20,7,1,port_xmit_packets,4906287.8,4906765.0,4906526.4,9628983959,9628983961,1472473523907776
freshP,20,7,1,port_rcv_packets,4906381.5,4906858.0,4906619.7,4550823532,4550823534,1472473523907776
freshP,20,7,1,port_xmit_packets,5098255.6,5098746.2,5098500.9,9628983961,9628983963,1472473523907776
freshP,20,7,1,port_rcv_packets,5098348.9,5098839.6,5098594.2,4550823534,4550823536,1472473523907776
freshP,20,7,1,port_xmit_packets,6186308.8,6186784.1,6186546.5,9628983963,9628983965,1472473523907776
freshP,20,7,1,port_rcv_packets,6186401.6,6186876.7,6186639.2,4550823536,4550823538,1472473523907776
freshP,20,7,1,port_xmit_packets,6378349.7,6378833.5,6378591.6,9628983965,9628983967,1472473523907776
freshP,20,7,1,port_rcv_packets,6378442.5,6378926.3,6378684.4,4550823538,4550823540,1472473523907776
freshP,20,7,1,roce_adp_retrans,7238364.9,7238952.0,7238658.4,5389,5390,1472473523907776
freshP,20,7,1,port_xmit_packets,7238563.7,7239045.4,7238804.6,9628983967,9628983968,1472473523907776
freshP,20,7,1,port_xmit_packets,7466173.2,7466649.9,7466411.6,9628983968,9628983970,1472473523907776
freshP,20,7,1,port_rcv_packets,7466266.3,7466742.6,7466504.4,4550823540,4550823542,1472473523907776
freshP,20,7,1,port_rcv_packets,7658220.9,7658695.7,7658458.3,4550823542,4550823544,1472473523907776
freshP,20,7,1,port_xmit_packets,7658509.8,7658985.2,7658747.5,9628983970,9628983972,1472473523907776
freshP,20,7,1,port_xmit_packets,8746374.9,8746852.1,8746613.5,9628983972,9628983974,1472473523907776
freshP,20,7,1,port_rcv_packets,8746467.8,8746944.9,8746706.3,4550823544,4550823546,1472473523907776
freshP,20,7,1,port_xmit_packets,8938377.2,8938852.7,8938615.0,9628983974,9628983976,1472473523907776
freshP,20,7,1,port_rcv_packets,8938470.0,8938945.5,8938707.8,4550823546,4550823548,1472473523907776
freshP,20,7,1,port_rcv_packets,10026284.9,10026761.2,10026523.0,4550823548,4550823550,1472473523907776
freshP,20,7,1,port_xmit_packets,10026574.9,10027050.8,10026812.9,9628983976,9628983978,1472473523907776
freshP,20,7,1,port_rcv_packets,10218310.8,10218787.3,10218549.0,4550823550,4550823552,1472473523907776
freshP,20,7,1,port_xmit_packets,10218600.5,10219076.6,10218838.5,9628983978,9628983980,1472473523907776
freshP,20,7,1,port_xmit_packets,11306413.6,11306888.7,11306651.1,9628983980,9628983982,1472473523907776
freshP,20,7,1,port_rcv_packets,11306506.2,11306981.6,11306743.9,4550823552,4550823554,1472473523907776
freshP,20,7,1,port_xmit_packets,11498290.4,11498766.3,11498528.4,9628983982,9628983984,1472473523907776
freshP,20,7,1,port_rcv_packets,11498383.4,11498859.7,11498621.6,4550823554,4550823556,1472473523907776
freshP,20,7,1,port_xmit_packets,12586323.0,12586821.7,12586572.3,9628983984,9628983986,1472473523907776
freshP,20,7,1,port_rcv_packets,12586416.4,12586915.4,12586665.9,4550823556,4550823558,1472473523907776
freshP,20,7,1,port_rcv_packets,12778290.5,12778769.5,12778530.0,4550823558,4550823560,1472473523907776
freshP,20,7,1,port_xmit_packets,12778582.8,12779061.5,12778822.2,9628983986,9628983988,1472473523907776
freshP,20,7,1,port_xmit_packets,13866584.9,13867063.0,13866824.0,9628983988,9628983990,1472473523907776
freshP,20,7,1,port_rcv_packets,13866677.4,13867155.2,13866916.3,4550823560,4550823562,1472473523907776
freshP,20,7,1,port_xmit_packets,14058573.4,14059054.6,14058814.0,9628983990,9628983992,1472473523907776
freshP,20,7,1,port_rcv_packets,14058666.5,14059147.7,14058907.1,4550823562,4550823564,1472473523907776
freshP,20,7,1,port_rcv_packets,15146401.1,15146883.9,15146642.5,4550823564,4550823566,1472473523907776
freshP,20,7,1,port_xmit_packets,15146690.9,15147172.9,15146931.9,9628983992,9628983994,1472473523907776
freshP,20,7,1,port_xmit_packets,15338623.4,15339099.8,15338861.6,9628983994,9628983996,1472473523907776
freshP,20,7,1,port_rcv_packets,15338716.3,15339192.6,15338954.5,4550823566,4550823568,1472473523907776
freshP,20,7,1,local_ack_timeout_err,15828540.0,15829130.2,15828835.1,5717,5718,1472473523907776
freshP,20,7,1,port_xmit_packets,15828739.2,15829223.7,15828981.4,9628983996,9628983997,1472473523907776
freshP,20,7,1,port_xmit_packets,16426423.2,16426898.9,16426661.0,9628983997,9628983999,1472473523907776
freshP,20,7,1,port_rcv_packets,16426515.9,16426991.8,16426753.9,4550823568,4550823570,1472473523907776
freshP,20,7,1,port_xmit_packets,16618487.9,16618969.0,16618728.4,9628983999,9628984001,1472473523907776
freshP,20,7,1,port_rcv_packets,16618581.1,16619062.2,16618821.6,4550823570,4550823572,1472473523907776
freshP,20,7,1,port_rcv_packets,17706505.9,17706981.1,17706743.5,4550823572,4550823574,1472473523907776
freshP,20,7,1,port_xmit_packets,17706794.8,17707270.9,17707032.8,9628984001,9628984003,1472473523907776
freshP,20,7,1,port_xmit_packets,17898505.5,17898982.4,17898743.9,9628984003,9628984005,1472473523907776
freshP,20,7,1,port_rcv_packets,17898598.7,17899075.5,17898837.1,4550823574,4550823576,1472473523907776
freshP,20,7,1,port_rcv_packets,18986477.8,18986952.8,18986715.3,4550823576,4550823578,1472473523907776
freshP,20,7,1,port_xmit_packets,18986767.1,18987242.8,18987004.9,9628984005,9628984007,1472473523907776
freshP,20,7,1,port_xmit_packets,19178485.5,19178964.8,19178725.1,9628984007,9628984009,1472473523907776
freshP,20,7,1,port_rcv_packets,19178580.0,19179058.4,19178819.2,4550823578,4550823580,1472473523907776
freshP,20,7,1,port_xmit_packets,20266636.0,20267110.7,20266873.3,9628984009,9628984011,1472473523907776
freshP,20,7,1,port_rcv_packets,20266728.8,20267203.0,20266965.9,4550823580,4550823582,1472473523907776
freshP,20,7,1,port_rcv_packets,20458579.5,20459056.9,20458818.2,4550823582,4550823584,1472473523907776
freshP,20,7,1,port_xmit_packets,20458870.6,20459347.9,20459109.2,9628984011,9628984013,1472473523907776
freshP,20,7,1,port_xmit_packets,21546710.8,21547188.0,21546949.4,9628984013,9628984015,1472473523907776
freshP,20,7,1,port_rcv_packets,21546803.8,21547280.9,21547042.4,4550823584,4550823586,1472473523907776
freshP,20,7,1,port_xmit_packets,21738558.5,21739033.9,21738796.2,9628984015,9628984017,1472473523907776
freshP,20,7,1,port_rcv_packets,21738651.8,21739126.6,21738889.2,4550823586,4550823588,1472473523907776
freshP,20,7,1,port_xmit_packets,22826669.2,22827145.8,22826907.5,9628984017,9628984019,1472473523907776
freshP,20,7,1,port_rcv_packets,22826762.2,22827238.7,22827000.5,4550823588,4550823590,1472473523907776
freshP,20,7,1,port_xmit_packets,23018785.0,23019260.6,23019022.8,9628984019,9628984021,1472473523907776
freshP,20,7,1,port_rcv_packets,23018877.9,23019353.8,23019115.9,4550823590,4550823592,1472473523907776
freshP,20,7,1,port_xmit_packets,24106829.6,24107305.8,24107067.7,9628984021,9628984023,1472473523907776
freshP,20,7,1,port_rcv_packets,24106922.4,24107399.0,24107160.7,4550823592,4550823594,1472473523907776
freshP,20,7,1,port_xmit_packets,24298815.9,24299289.8,24299052.8,9628984023,9628984025,1472473523907776
freshP,20,7,1,port_rcv_packets,24298908.6,24299382.3,24299145.4,4550823594,4550823596,1472473523907776
freshP,20,7,1,port_xmit_packets,24418523.5,24419005.0,24418764.2,9628984025,9628984026,1472473523907776
freshP,20,7,1,local_ack_timeout_err,24418709.3,24419300.0,24419004.7,5718,5719,1472473523907776
freshP,20,7,1,port_xmit_packets,25386618.5,25387093.2,25386855.9,9628984026,9628984027,1472473523907776
freshP,20,7,1,port_rcv_packets,25386711.2,25387186.2,25386948.7,4550823596,4550823598,1472473523907776
freshP,20,7,1,port_xmit_packets,25387000.6,25387482.8,25387241.7,9628984027,9628984028,1472473523907776
freshP,20,7,1,port_xmit_packets,25578729.7,25579216.5,25578973.1,9628984028,9628984030,1472473523907776
freshP,20,7,1,port_rcv_packets,25578822.2,25579308.9,25579065.5,4550823598,4550823600,1472473523907776
freshP,20,7,1,port_rcv_packets,26666688.5,26667168.1,26666928.3,4550823600,4550823602,1472473523907776
freshP,20,7,1,port_xmit_packets,26666980.7,26667461.3,26667221.0,9628984030,9628984032,1472473523907776
freshP,20,7,1,port_xmit_packets,26858853.1,26859334.8,26859094.0,9628984032,9628984034,1472473523907776
freshP,20,7,1,port_rcv_packets,26858947.1,26859428.2,26859187.7,4550823602,4550823604,1472473523907776
freshP,20,7,1,port_xmit_packets,27946803.8,27947288.5,27947046.2,9628984034,9628984036,1472473523907776
freshP,20,7,1,port_rcv_packets,27946896.7,27947381.7,27947139.2,4550823604,4550823606,1472473523907776
freshP,20,7,1,port_xmit_packets,28138968.5,28139445.5,28139207.0,9628984036,9628984038,1472473523907776
freshP,20,7,1,port_rcv_packets,28139061.6,28139538.3,28139299.9,4550823606,4550823608,1472473523907776
freshP,20,7,1,port_xmit_packets,29226855.0,29227330.5,29227092.7,9628984038,9628984040,1472473523907776
freshP,20,7,1,port_rcv_packets,29226947.9,29227423.5,29227185.7,4550823608,4550823610,1472473523907776
freshP,20,7,1,port_rcv_packets,29418789.7,29419266.8,29419028.3,4550823610,4550823612,1472473523907776
freshP,20,7,1,port_xmit_packets,29419078.2,29419558.0,29419318.1,9628984040,9628984042,1472473523907776
freshP,20,7,1,port_xmit_packets,30507026.1,30507502.3,30507264.2,9628984042,9628984044,1472473523907776
freshP,20,7,1,port_rcv_packets,30507118.7,30507595.3,30507357.0,4550823612,4550823614,1472473523907776
freshP,20,7,1,port_xmit_packets,30699035.8,30699510.9,30699273.3,9628984044,9628984046,1472473523907776
freshP,20,7,1,port_rcv_packets,30699128.6,30699603.9,30699366.3,4550823614,4550823616,1472473523907776
freshP,20,7,1,port_xmit_packets,31786973.4,31787448.7,31787211.1,9628984046,9628984048,1472473523907776
freshP,20,7,1,port_rcv_packets,31787066.4,31787542.2,31787304.3,4550823616,4550823618,1472473523907776
freshP,20,7,1,port_xmit_packets,31978944.6,31979420.4,31979182.5,9628984048,9628984050,1472473523907776
freshP,20,7,1,port_rcv_packets,31979037.5,31979513.1,31979275.3,4550823618,4550823620,1472473523907776
freshP,20,7,1,port_xmit_packets,33008758.1,33009240.8,33008999.4,9628984050,9628984051,1472473523907776
freshP,20,7,1,local_ack_timeout_err,33008944.4,33009534.8,33009239.6,5719,5720,1472473523907776
freshP,20,7,1,port_xmit_packets,33066986.7,33067465.5,33067226.1,9628984051,9628984053,1472473523907776
freshP,20,7,1,port_rcv_packets,33067080.4,33067559.1,33067319.8,4550823620,4550823622,1472473523907776
freshP,20,7,1,port_xmit_packets,33258837.1,33259316.8,33259077.0,9628984053,9628984055,1472473523907776
freshP,20,7,1,port_rcv_packets,33258930.9,33259411.0,33259170.9,4550823622,4550823624,1472473523907776
freshP,20,7,1,port_xmit_packets,34346905.9,34347380.4,34347143.1,9628984055,9628984057,1472473523907776
freshP,20,7,1,port_rcv_packets,34346998.8,34347473.4,34347236.1,4550823624,4550823626,1472473523907776
freshP,20,7,1,port_xmit_packets,34538952.1,34539427.0,34539189.5,9628984057,9628984059,1472473523907776
freshP,20,7,1,port_rcv_packets,34539045.0,34539520.3,34539282.7,4550823626,4550823628,1472473523907776
freshP,20,7,1,port_xmit_packets,35626938.8,35627414.9,35627176.9,9628984059,9628984061,1472473523907776
freshP,20,7,1,port_rcv_packets,35627031.9,35627508.2,35627270.0,4550823628,4550823630,1472473523907776
freshP,20,7,1,port_xmit_packets,35819067.4,35819542.7,35819305.1,9628984061,9628984063,1472473523907776
freshP,20,7,1,port_rcv_packets,35819160.2,35819635.8,35819398.0,4550823630,4550823632,1472473523907776
freshP,20,7,1,port_xmit_packets,36906943.1,36907418.9,36907181.0,9628984063,9628984064,1472473523907776
freshP,20,7,1,port_rcv_packets,36907036.3,36907512.0,36907274.2,4550823632,4550823634,1472473523907776
freshP,20,7,1,port_xmit_packets,36907326.0,36907802.4,36907564.2,9628984064,9628984065,1472473523907776
freshP,20,7,1,port_rcv_packets,37099017.7,37099492.2,37099255.0,4550823634,4550823636,1472473523907776
freshP,20,7,1,port_xmit_packets,37099306.7,37099782.1,37099544.4,9628984065,9628984067,1472473523907776
freshP,20,7,1,port_xmit_packets,38186973.4,38187446.9,38187210.2,9628984067,9628984068,1472473523907776
freshP,20,7,1,port_rcv_packets,38187066.0,38187539.9,38187303.0,4550823636,4550823638,1472473523907776
freshP,20,7,1,port_xmit_packets,38187354.2,38187829.4,38187591.8,9628984068,9628984069,1472473523907776
freshP,20,7,1,port_xmit_packets,38378971.1,38379446.5,38379208.8,9628984069,9628984070,1472473523907776
freshP,20,7,1,port_rcv_packets,38379063.8,38379540.0,38379301.9,4550823638,4550823640,1472473523907776
freshP,20,7,1,port_xmit_packets,38379353.4,38379830.6,38379592.0,9628984070,9628984071,1472473523907776
freshP,20,7,1,port_xmit_packets,39467081.8,39467558.5,39467320.1,9628984071,9628984073,1472473523907776
freshP,20,7,1,port_rcv_packets,39467174.9,39467651.3,39467413.1,4550823640,4550823642,1472473523907776
freshP,20,7,1,port_xmit_packets,39659157.1,39659632.5,39659394.8,9628984073,9628984075,1472473523907776
freshP,20,7,1,port_rcv_packets,39659249.9,39659725.5,39659487.7,4550823642,4550823644,1472473523907776
freshP,20,7,1,port_rcv_packets,40747099.7,40747580.4,40747340.1,4550823644,4550823646,1472473523907776
freshP,20,7,1,port_xmit_packets,40747392.4,40747873.1,40747632.7,9628984075,9628984077,1472473523907776
freshP,20,7,1,port_rcv_packets,40939103.0,40939584.0,40939343.5,4550823646,4550823648,1472473523907776
freshP,20,7,1,port_xmit_packets,40939394.2,40939877.9,40939636.1,9628984077,9628984079,1472473523907776
freshP,20,7,1,local_ack_timeout_err,41598733.5,41599323.1,41599028.3,5720,5721,1472473523907776
freshP,20,7,1,port_xmit_packets,41598930.2,41599418.3,41599174.2,9628984079,9628984080,1472473523907776
freshP,20,7,1,port_xmit_packets,42027067.9,42027543.8,42027305.8,9628984080,9628984081,1472473523907776
freshP,20,7,1,port_rcv_packets,42027161.0,42027636.9,42027398.9,4550823648,4550823650,1472473523907776
freshP,20,7,1,port_xmit_packets,42027450.8,42027927.1,42027688.9,9628984081,9628984082,1472473523907776
freshP,20,7,1,port_xmit_packets,42219103.4,42219578.0,42219340.7,9628984082,9628984084,1472473523907776
freshP,20,7,1,port_rcv_packets,42219196.0,42219670.9,42219433.4,4550823650,4550823652,1472473523907776
freshP,20,7,1,port_rcv_packets,43307108.7,43307584.6,43307346.7,4550823652,4550823653,1472473523907776
freshP,20,7,1,port_xmit_packets,43307398.8,43307875.3,43307637.0,9628984084,9628984086,1472473523907776
freshP,20,7,1,port_rcv_packets,43307491.7,43307968.0,43307729.9,4550823653,4550823654,1472473523907776
freshP,20,7,1,port_xmit_packets,43499167.8,43499651.2,43499409.5,9628984086,9628984088,1472473523907776
freshP,20,7,1,port_rcv_packets,43499260.5,43499743.6,43499502.0,4550823654,4550823656,1472473523907776
freshP,20,7,1,port_xmit_packets,44587233.7,44587708.8,44587471.2,9628984088,9628984090,1472473523907776
freshP,20,7,1,port_rcv_packets,44587326.2,44587801.7,44587563.9,4550823656,4550823658,1472473523907776
freshP,20,7,1,port_rcv_packets,44779147.2,44779621.4,44779384.3,4550823658,4550823660,1472473523907776
freshP,20,7,1,port_xmit_packets,44779435.8,44779910.1,44779673.0,9628984090,9628984092,1472473523907776
freshP,20,7,1,port_rcv_packets,45867249.2,45867725.0,45867487.1,4550823660,4550823662,1472473523907776
freshP,20,7,1,port_xmit_packets,45867538.4,45868015.9,45867777.1,9628984092,9628984094,1472473523907776
freshP,20,7,1,port_xmit_packets,46059305.3,46059783.4,46059544.3,9628984094,9628984096,1472473523907776
freshP,20,7,1,port_rcv_packets,46059399.0,46059876.6,46059637.8,4550823662,4550823664,1472473523907776
freshP,20,7,1,port_xmit_packets,47147385.2,47147883.9,47147634.5,9628984096,9628984098,1472473523907776
freshP,20,7,1,port_rcv_packets,47147478.8,47147978.4,47147728.6,4550823664,4550823666,1472473523907776
freshP,20,7,1,port_xmit_packets,47339304.9,47339794.9,47339549.9,9628984098,9628984100,1472473523907776
freshP,20,7,1,port_rcv_packets,47339398.5,47339889.0,47339643.8,4550823666,4550823668,1472473523907776
freshP,20,7,1,port_xmit_packets,48427404.7,48427880.7,48427642.7,9628984100,9628984102,1472473523907776
freshP,20,7,1,port_rcv_packets,48427497.6,48427974.2,48427735.9,4550823668,4550823670,1472473523907776
freshP,20,7,1,port_xmit_packets,48619477.2,48619952.9,48619715.1,9628984102,9628984104,1472473523907776
freshP,20,7,1,port_rcv_packets,48619570.1,48620045.6,48619807.9,4550823670,4550823672,1472473523907776
freshP,20,7,1,port_xmit_packets,49707495.7,49707970.2,49707732.9,9628984104,9628984106,1472473523907776
freshP,20,7,1,port_rcv_packets,49707588.6,49708062.9,49707825.7,4550823672,4550823674,1472473523907776
freshP,20,7,1,port_xmit_packets,49899393.4,49899868.6,49899631.0,9628984106,9628984108,1472473523907776
freshP,20,7,1,port_rcv_packets,49899486.5,49899961.3,49899723.9,4550823674,4550823676,1472473523907776
freshP,20,7,1,local_ack_timeout_err,50188906.7,50189492.7,50189199.7,5721,5722,1472473523907776
freshP,20,7,1,port_xmit_packets,50189102.5,50189587.3,50189344.9,9628984108,9628984109,1472473523907776
freshP,20,7,1,port_xmit_packets,50987532.2,50988007.9,50987770.1,9628984109,9628984111,1472473523907776
freshP,20,7,1,port_rcv_packets,50987624.9,50988100.8,50987862.8,4550823676,4550823678,1472473523907776
freshP,20,7,1,port_xmit_packets,51179345.0,51179819.1,51179582.0,9628984111,9628984113,1472473523907776
freshP,20,7,1,port_rcv_packets,51179438.0,51179911.9,51179675.0,4550823678,4550823680,1472473523907776
freshP,20,7,1,port_xmit_packets,52267579.7,52268054.1,52267816.9,9628984113,9628984115,1472473523907776
freshP,20,7,1,port_rcv_packets,52267672.3,52268146.7,52267909.5,4550823680,4550823682,1472473523907776
freshP,20,7,1,port_xmit_packets,52459576.9,52460052.6,52459814.8,9628984115,9628984117,1472473523907776
freshP,20,7,1,port_rcv_packets,52459670.1,52460145.6,52459907.8,4550823682,4550823684,1472473523907776
freshP,20,7,1,port_rcv_packets,53547459.6,53547934.1,53547696.9,4550823684,4550823686,1472473523907776
freshP,20,7,1,port_xmit_packets,53547748.5,53548223.6,53547986.1,9628984117,9628984119,1472473523907776
freshP,20,7,1,port_xmit_packets,53739576.8,53740051.8,53739814.3,9628984119,9628984121,1472473523907776
freshP,20,7,1,port_rcv_packets,53739669.8,53740144.8,53739907.3,4550823686,4550823688,1472473523907776
freshP,20,7,1,port_xmit_packets,54827443.2,54827923.2,54827683.2,9628984121,9628984123,1472473523907776
freshP,20,7,1,port_rcv_packets,54827537.1,54828017.0,54827777.0,4550823688,4550823690,1472473523907776
freshP,20,7,1,port_rcv_packets,55019426.0,55019905.2,55019665.6,4550823690,4550823692,1472473523907776
freshP,20,7,1,port_xmit_packets,55019716.8,55020196.6,55019956.7,9628984123,9628984125,1472473523907776
freshP,20,7,1,port_xmit_packets,56107580.0,56108056.1,56107818.1,9628984125,9628984127,1472473523907776
freshP,20,7,1,port_rcv_packets,56107673.0,56108149.0,56107911.0,4550823692,4550823694,1472473523907776
freshP,20,7,1,port_xmit_packets,56299577.8,56300053.0,56299815.4,9628984127,9628984129,1472473523907776
freshP,20,7,1,port_rcv_packets,56299670.6,56300145.9,56299908.3,4550823694,4550823696,1472473523907776
freshP,20,7,1,port_xmit_packets,57387516.7,57387989.9,57387753.3,9628984129,9628984131,1472473523907776
freshP,20,7,1,port_rcv_packets,57387609.0,57388083.0,57387846.0,4550823696,4550823698,1472473523907776
freshP,20,7,1,port_rcv_packets,57579559.1,57580034.0,57579796.6,4550823698,4550823700,1472473523907776
freshP,20,7,1,port_xmit_packets,57579848.2,57580323.9,57580086.0,9628984131,9628984133,1472473523907776
freshP,20,7,1,port_xmit_packets,58667537.3,58668011.0,58667774.1,9628984133,9628984135,1472473523907776
freshP,20,7,1,port_rcv_packets,58667630.0,58668103.8,58667866.9,4550823700,4550823702,1472473523907776
freshP,20,7,1,local_ack_timeout_err,58779357.2,58779951.9,58779654.6,5722,5723,1472473523907776
freshP,20,7,1,req_cqe_error,58779357.2,58779951.9,58779654.6,23241,23242,1472473523907776
freshP,20,7,1,port_xmit_packets,-193483.8,-192984.3,-193234.1,9628984138,9628984140,1472533665058880
freshP,20,7,1,port_rcv_packets,-193390.5,-192890.9,-193140.7,4550823705,4550823707,1472533665058880
freshP,20,7,1,port_xmit_packets,-1477.8,-974.5,-1226.1,9628984140,9628984142,1472533665058880
freshP,20,7,1,port_rcv_packets,-1374.3,-880.8,-1127.5,4550823707,4550823709,1472533665058880
freshP,20,7,1,port_xmit_packets,-173.7,301.8,64.0,9628984142,9628984143,1472533665058880
freshP,20,7,1,roce_adp_retrans,47428.0,48014.8,47721.4,5390,5391,1472533665058880
freshP,20,7,1,port_xmit_packets,47624.8,48108.8,47866.8,9628984143,9628984144,1472533665058880
freshP,20,7,1,roce_adp_retrans,81087.7,81676.7,81382.2,5391,5392,1472533665058880
freshP,20,7,1,port_xmit_packets,81286.2,81770.5,81528.3,9628984144,9628984145,1472533665058880
freshP,20,7,1,roce_adp_retrans,147976.1,148559.1,148267.6,5392,5393,1472533665058880
freshP,20,7,1,port_xmit_packets,148171.9,148653.0,148412.5,9628984145,9628984146,1472533665058880
freshP,20,7,1,port_xmit_packets,248821.8,249303.4,249062.6,9628984146,9628984147,1472533665058880
freshP,20,7,1,roce_adp_retrans,249008.8,249596.7,249302.7,5393,5394,1472533665058880
freshP,20,7,1,roce_adp_retrans,517358.7,517945.8,517652.3,5394,5395,1472533665058880
freshP,20,7,1,port_xmit_packets,517557.8,518039.4,517798.6,9628984147,9628984148,1472533665058880
freshP,20,7,1,roce_adp_retrans,1053965.7,1054556.2,1054260.9,5395,5396,1472533665058880
freshP,20,7,1,port_xmit_packets,1054163.6,1054651.7,1054407.7,9628984148,9628984149,1472533665058880
freshP,20,7,1,port_xmit_packets,1086624.0,1087105.2,1086864.6,9628984149,9628984151,1472533665058880
freshP,20,7,1,port_rcv_packets,1086717.7,1087199.2,1086958.4,4550823709,4550823711,1472533665058880
freshP,20,7,1,port_rcv_packets,1278534.4,1279030.2,1278782.3,4550823711,4550823713,1472533665058880
freshP,20,7,1,port_xmit_packets,1278826.3,1279322.7,1279074.5,9628984151,9628984153,1472533665058880
freshP,20,7,1,port_xmit_packets,1859435.8,1859922.4,1859679.1,9628984153,9628984154,1472533665058880
freshP,20,7,1,roce_adp_retrans,1859623.9,1860219.5,1859921.7,5396,5397,1472533665058880
freshP,20,7,1,port_xmit_packets,2366579.5,2367074.3,2366826.9,9628984154,9628984156,1472533665058880
freshP,20,7,1,port_rcv_packets,2366672.4,2367167.9,2366920.2,4550823713,4550823715,1472533665058880
freshP,20,7,1,port_xmit_packets,2558606.7,2559082.1,2558844.4,9628984156,9628984158,1472533665058880
freshP,20,7,1,port_rcv_packets,2558699.2,2559174.5,2558936.9,4550823715,4550823717,1472533665058880
freshP,20,7,1,port_xmit_packets,3646638.2,3647113.2,3646875.7,9628984158,9628984160,1472533665058880
freshP,20,7,1,port_rcv_packets,3646731.1,3647205.7,3646968.4,4550823717,4550823719,1472533665058880
freshP,20,7,1,port_rcv_packets,3838628.4,3839102.9,3838865.7,4550823719,4550823721,1472533665058880
freshP,20,7,1,port_xmit_packets,3838916.9,3839392.4,3839154.6,9628984160,9628984162,1472533665058880
freshP,20,7,1,roce_adp_retrans,4006973.8,4007561.6,4007267.7,5397,5398,1472533665058880
freshP,20,7,1,port_xmit_packets,4007170.8,4007655.3,4007413.1,9628984162,9628984163,1472533665058880
freshP,20,7,1,port_xmit_packets,4926845.6,4927338.0,4927091.8,9628984163,9628984165,1472533665058880
freshP,20,7,1,port_rcv_packets,4926938.6,4927430.7,4927184.6,4550823721,4550823723,1472533665058880
freshP,20,7,1,port_xmit_packets,5118866.9,5119342.9,5119104.9,9628984165,9628984167,1472533665058880
freshP,20,7,1,port_rcv_packets,5118959.7,5119435.7,5119197.7,4550823723,4550823725,1472533665058880
freshP,20,7,1,port_xmit_packets,6206694.8,6207181.4,6206938.1,9628984167,9628984169,1472533665058880
freshP,20,7,1,port_rcv_packets,6206787.8,6207274.6,6207031.2,4550823725,4550823727,1472533665058880
freshP,20,7,1,port_xmit_packets,6398735.7,6399214.3,6398975.0,9628984169,9628984171,1472533665058880
freshP,20,7,1,port_rcv_packets,6398828.5,6399307.0,6399067.7,4550823727,4550823729,1472533665058880
freshP,20,7,1,port_xmit_packets,7228263.9,7228747.3,7228505.6,9628984171,9628984172,1472533665058880
freshP,20,7,1,roce_adp_retrans,7228450.6,7229041.4,7228746.0,5398,5399,1472533665058880
freshP,20,7,1,port_xmit_packets,7486772.5,7487252.8,7487012.6,9628984172,9628984174,1472533665058880
freshP,20,7,1,port_rcv_packets,7486866.2,7487345.6,7487105.9,4550823729,4550823731,1472533665058880
freshP,20,7,1,port_xmit_packets,7678907.4,7679392.9,7679150.2,9628984174,9628984176,1472533665058880
freshP,20,7,1,port_rcv_packets,7679000.0,7679485.6,7679242.8,4550823731,4550823733,1472533665058880
freshP,20,7,1,port_xmit_packets,8766934.1,8767432.2,8767183.2,9628984176,9628984178,1472533665058880
freshP,20,7,1,port_rcv_packets,8767027.4,8767525.6,8767276.5,4550823733,4550823735,1472533665058880
freshP,20,7,1,port_xmit_packets,8958973.3,8959454.8,8959214.0,9628984178,9628984180,1472533665058880
freshP,20,7,1,port_rcv_packets,8959067.7,8959548.8,8959308.3,4550823735,4550823737,1472533665058880
freshP,20,7,1,port_xmit_packets,10046807.3,10047283.5,10047045.4,9628984180,9628984182,1472533665058880
freshP,20,7,1,port_rcv_packets,10046900.4,10047376.3,10047138.4,4550823737,4550823739,1472533665058880
freshP,20,7,1,port_xmit_packets,10238957.7,10239433.7,10239195.7,9628984182,9628984184,1472533665058880
freshP,20,7,1,port_rcv_packets,10239050.3,10239526.5,10239288.4,4550823739,4550823741,1472533665058880
freshP,20,7,1,port_xmit_packets,11326959.7,11327439.8,11327199.7,9628984184,9628984186,1472533665058880
freshP,20,7,1,port_rcv_packets,11327052.5,11327532.8,11327292.7,4550823741,4550823743,1472533665058880
freshP,20,7,1,port_rcv_packets,11518845.2,11519319.4,11519082.3,4550823743,4550823745,1472533665058880
freshP,20,7,1,port_xmit_packets,11519134.2,11519609.4,11519371.8,9628984186,9628984188,1472533665058880
freshP,20,7,1,port_xmit_packets,12606952.9,12607427.7,12607190.3,9628984188,9628984190,1472533665058880
freshP,20,7,1,port_rcv_packets,12607045.9,12607520.5,12607283.2,4550823745,4550823747,1472533665058880
freshP,20,7,1,port_xmit_packets,12799068.6,12799548.1,12799308.4,9628984190,9628984192,1472533665058880
freshP,20,7,1,port_rcv_packets,12799161.7,12799641.2,12799401.5,4550823747,4550823749,1472533665058880
freshP,20,7,1,port_xmit_packets,13886844.4,13887319.2,13887081.8,9628984192,9628984194,1472533665058880
freshP,20,7,1,port_rcv_packets,13886937.1,13887412.0,13887174.5,4550823749,4550823751,1472533665058880
freshP,20,7,1,port_xmit_packets,14079062.0,14079537.7,14079299.9,9628984194,9628984196,1472533665058880
freshP,20,7,1,port_rcv_packets,14079155.0,14079630.5,14079392.8,4550823751,4550823753,1472533665058880
freshP,20,7,1,port_xmit_packets,15167109.4,15167606.9,15167358.1,9628984196,9628984198,1472533665058880
freshP,20,7,1,port_rcv_packets,15167203.3,15167700.5,15167451.9,4550823753,4550823755,1472533665058880
freshP,20,7,1,port_xmit_packets,15359110.8,15359590.7,15359350.8,9628984198,9628984200,1472533665058880
freshP,20,7,1,port_rcv_packets,15359204.7,15359684.4,15359444.6,4550823755,4550823757,1472533665058880
freshP,20,7,1,port_xmit_packets,15818466.7,15818955.7,15818711.2,9628984200,9628984201,1472533665058880
freshP,20,7,1,local_ack_timeout_err,15818655.2,15819252.6,15818953.9,5723,5724,1472533665058880
freshP,20,7,1,port_xmit_packets,16447062.3,16447538.1,16447300.2,9628984201,9628984203,1472533665058880
freshP,20,7,1,port_rcv_packets,16447155.2,16447631.1,16447393.2,4550823757,4550823759,1472533665058880
freshP,20,7,1,port_xmit_packets,16638944.2,16639419.9,16639182.0,9628984203,9628984205,1472533665058880
freshP,20,7,1,port_rcv_packets,16639037.0,16639512.7,16639274.9,4550823759,4550823761,1472533665058880
freshP,20,7,1,port_xmit_packets,17727102.2,17727577.2,17727339.7,9628984205,9628984207,1472533665058880
freshP,20,7,1,port_rcv_packets,17727195.4,17727670.2,17727432.8,4550823761,4550823763,1472533665058880
freshP,20,7,1,port_xmit_packets,17918993.7,17919487.9,17919240.8,9628984207,9628984209,1472533665058880
freshP,20,7,1,port_rcv_packets,17919087.0,17919580.7,17919333.8,4550823763,4550823765,1472533665058880
freshP,20,7,1,port_xmit_packets,19007183.3,19007658.7,19007421.0,9628984209,9628984211,1472533665058880
freshP,20,7,1,port_rcv_packets,19007276.0,19007751.7,19007513.8,4550823765,4550823767,1472533665058880
freshP,20,7,1,port_rcv_packets,19199059.8,19199533.0,19199296.4,4550823767,4550823769,1472533665058880
freshP,20,7,1,port_xmit_packets,19199347.6,19199824.5,19199586.0,9628984211,9628984213,1472533665058880
freshP,20,7,1,port_rcv_packets,20287043.2,20287518.2,20287280.7,4550823769,4550823771,1472533665058880
freshP,20,7,1,port_xmit_packets,20287332.5,20287809.6,20287571.1,9628984213,9628984215,1472533665058880
freshP,20,7,1,port_rcv_packets,20479064.0,20479549.2,20479306.6,4550823771,4550823773,1472533665058880
freshP,20,7,1,port_xmit_packets,20479353.8,20479840.1,20479596.9,9628984215,9628984217,1472533665058880
freshP,20,7,1,port_xmit_packets,21567267.8,21567742.0,21567504.9,9628984217,9628984219,1472533665058880
freshP,20,7,1,port_rcv_packets,21567360.3,21567835.0,21567597.7,4550823773,4550823775,1472533665058880
freshP,20,7,1,port_xmit_packets,21759222.0,21759697.9,21759459.9,9628984219,9628984221,1472533665058880
freshP,20,7,1,port_rcv_packets,21759314.6,21759790.7,21759552.7,4550823775,4550823777,1472533665058880
freshP,20,7,1,port_xmit_packets,22847195.1,22847675.9,22847435.5,9628984221,9628984223,1472533665058880
freshP,20,7,1,port_rcv_packets,22847289.0,22847769.6,22847529.3,4550823777,4550823779,1472533665058880
freshP,20,7,1,port_xmit_packets,23039177.7,23039659.4,23039418.6,9628984223,9628984225,1472533665058880
freshP,20,7,1,port_rcv_packets,23039270.5,23039752.6,23039511.5,4550823779,4550823781,1472533665058880
freshP,20,7,1,port_xmit_packets,24127330.8,24127806.2,24127568.5,9628984225,9628984227,1472533665058880
freshP,20,7,1,port_rcv_packets,24127423.6,24127899.2,24127661.4,4550823781,4550823783,1472533665058880
freshP,20,7,1,port_xmit_packets,24319367.5,24319864.1,24319615.8,9628984227,9628984229,1472533665058880
freshP,20,7,1,port_rcv_packets,24319460.4,24319956.9,24319708.6,4550823783,4550823785,1472533665058880
freshP,20,7,1,local_ack_timeout_err,24408492.1,24409081.2,24408786.6,5724,5725,1472533665058880
freshP,20,7,1,port_xmit_packets,24408689.5,24409175.9,24408932.7,9628984229,9628984230,1472533665058880
freshP,20,7,1,port_xmit_packets,25407294.1,25407769.9,25407532.0,9628984230,9628984232,1472533665058880
freshP,20,7,1,port_rcv_packets,25407387.0,25407862.7,25407624.8,4550823785,4550823787,1472533665058880
freshP,20,7,1,port_xmit_packets,25599354.5,25599829.5,25599592.0,9628984232,9628984234,1472533665058880
freshP,20,7,1,port_rcv_packets,25599447.3,25599922.7,25599685.0,4550823787,4550823789,1472533665058880
freshP,20,7,1,port_xmit_packets,26687230.9,26687723.6,26687477.3,9628984234,9628984236,1472533665058880
freshP,20,7,1,port_rcv_packets,26687323.8,26687815.9,26687569.9,4550823789,4550823791,1472533665058880
freshP,20,7,1,port_xmit_packets,26879354.2,26879844.1,26879599.1,9628984236,9628984238,1472533665058880
freshP,20,7,1,port_rcv_packets,26879447.6,26879937.0,26879692.3,4550823791,4550823793,1472533665058880
freshP,20,7,1,port_xmit_packets,27967332.9,27967810.8,27967571.8,9628984238,9628984240,1472533665058880
freshP,20,7,1,port_rcv_packets,27967426.8,27967903.7,27967665.3,4550823793,4550823795,1472533665058880
freshP,20,7,1,port_rcv_packets,28159294.5,28159770.7,28159532.6,4550823795,4550823797,1472533665058880
freshP,20,7,1,port_xmit_packets,28159584.5,28160061.3,28159822.9,9628984240,9628984242,1472533665058880
freshP,20,7,1,port_xmit_packets,29247488.2,29247989.3,29247738.7,9628984242,9628984244,1472533665058880
freshP,20,7,1,port_rcv_packets,29247581.7,29248083.0,29247832.4,4550823797,4550823799,1472533665058880
freshP,20,7,1,port_xmit_packets,29439342.0,29439834.7,29439588.3,9628984244,9628984246,1472533665058880
freshP,20,7,1,port_rcv_packets,29439436.2,29439928.5,29439682.3,4550823799,4550823801,1472533665058880
freshP,20,7,1,port_xmit_packets,30527329.0,30527824.3,30527576.6,9628984246,9628984248,1472533665058880
freshP,20,7,1,port_rcv_packets,30527421.7,30527917.3,30527669.5,4550823801,4550823803,1472533665058880
freshP,20,7,1,port_xmit_packets,30719310.1,30719787.4,30719548.8,9628984248,9628984250,1472533665058880
freshP,20,7,1,port_rcv_packets,30719403.4,30719880.2,30719641.8,4550823803,4550823805,1472533665058880
freshP,20,7,1,port_rcv_packets,31807394.4,31807869.1,31807631.7,4550823805,4550823807,1472533665058880
freshP,20,7,1,port_xmit_packets,31807683.5,31808158.5,31807921.0,9628984250,9628984252,1472533665058880
freshP,20,7,1,port_xmit_packets,31999430.5,31999905.5,31999668.0,9628984252,9628984254,1472533665058880
freshP,20,7,1,port_rcv_packets,31999523.3,31999998.2,31999760.8,4550823807,4550823809,1472533665058880
freshP,20,7,1,local_ack_timeout_err,32998720.5,32999306.9,32999013.7,5725,5726,1472533665058880
freshP,20,7,1,port_xmit_packets,32998917.1,32999401.2,32999159.2,9628984254,9628984255,1472533665058880
freshP,20,7,1,port_rcv_packets,33087415.6,33087891.4,33087653.5,4550823809,4550823811,1472533665058880
freshP,20,7,1,port_xmit_packets,33087705.1,33088180.5,33087942.8,9628984255,9628984257,1472533665058880
freshP,20,7,1,port_xmit_packets,33279594.9,33280081.1,33279838.0,9628984257,9628984259,1472533665058880
freshP,20,7,1,port_rcv_packets,33279688.2,33280173.7,33279931.0,4550823811,4550823813,1472533665058880
freshP,20,7,1,port_xmit_packets,34367526.4,34368004.2,34367765.3,9628984259,9628984261,1472533665058880
freshP,20,7,1,port_rcv_packets,34367619.2,34368097.0,34367858.1,4550823813,4550823815,1472533665058880
freshP,20,7,1,port_rcv_packets,34559402.4,34559877.5,34559639.9,4550823815,4550823817,1472533665058880
freshP,20,7,1,port_xmit_packets,34559691.9,34560168.1,34559930.0,9628984261,9628984263,1472533665058880
freshP,20,7,1,port_xmit_packets,35647514.2,35648006.7,35647760.4,9628984263,9628984265,1472533665058880
freshP,20,7,1,port_rcv_packets,35647607.4,35648100.2,35647853.8,4550823817,4550823819,1472533665058880
freshP,20,7,1,port_rcv_packets,35839426.5,35839902.6,35839664.5,4550823819,4550823821,1472533665058880
freshP,20,7,1,port_xmit_packets,35839715.8,35840191.8,35839953.8,9628984265,9628984267,1472533665058880
freshP,20,7,1,port_rcv_packets,36927473.0,36927953.2,36927713.1,4550823821,4550823823,1472533665058880
freshP,20,7,1,port_xmit_packets,36927765.4,36928246.3,36928005.8,9628984267,9628984269,1472533665058880
freshP,20,7,1,port_xmit_packets,37119547.7,37120030.6,37119789.2,9628984269,9628984271,1472533665058880
freshP,20,7,1,port_rcv_packets,37119641.1,37120123.7,37119882.4,4550823823,4550823825,1472533665058880
freshP,20,7,1,port_xmit_packets,38207648.7,38208123.5,38207886.1,9628984271,9628984273,1472533665058880
freshP,20,7,1,port_rcv_packets,38207741.1,38208216.4,38207978.8,4550823825,4550823827,1472533665058880
freshP,20,7,1,port_xmit_packets,38399497.1,38399972.2,38399734.6,9628984273,9628984274,1472533665058880
freshP,20,7,1,port_rcv_packets,38399589.9,38400064.8,38399827.3,4550823827,4550823829,1472533665058880
freshP,20,7,1,port_xmit_packets,38399879.3,38400354.8,38400117.1,9628984274,9628984275,1472533665058880
freshP,20,7,1,port_rcv_packets,39487538.8,39488013.4,39487776.1,4550823829,4550823831,1472533665058880
freshP,20,7,1,port_xmit_packets,39487827.5,39488306.0,39488066.7,9628984275,9628984277,1472533665058880
freshP,20,7,1,port_xmit_packets,39679635.9,39680112.7,39679874.3,9628984277,9628984279,1472533665058880
freshP,20,7,1,port_rcv_packets,39679729.4,39680205.9,39679967.6,4550823831,4550823833,1472533665058880
freshP,20,7,1,port_xmit_packets,40767738.9,40768215.3,40767977.1,9628984279,9628984281,1472533665058880
freshP,20,7,1,port_rcv_packets,40767832.2,40768308.2,40768070.2,4550823833,4550823835,1472533665058880
freshP,20,7,1,port_xmit_packets,40959604.4,40960094.2,40959849.3,9628984281,9628984283,1472533665058880
freshP,20,7,1,port_rcv_packets,40959697.0,40960186.7,40959941.9,4550823835,4550823837,1472533665058880
freshP,20,7,1,local_ack_timeout_err,41589003.8,41589593.9,41589298.9,5726,5727,1472533665058880
freshP,20,7,1,port_xmit_packets,41589202.4,41589687.9,41589445.2,9628984283,9628984284,1472533665058880
freshP,20,7,1,port_rcv_packets,42047653.6,42048129.8,42047891.7,4550823837,4550823839,1472533665058880
freshP,20,7,1,port_xmit_packets,42047944.1,42048419.6,42048181.8,9628984284,9628984286,1472533665058880
freshP,20,7,1,port_xmit_packets,42239847.6,42240323.2,42240085.4,9628984286,9628984288,1472533665058880
freshP,20,7,1,port_rcv_packets,42239940.6,42240417.2,42240178.9,4550823839,4550823841,1472533665058880
freshP,20,7,1,port_xmit_packets,43327686.2,43328165.5,43327925.8,9628984288,9628984290,1472533665058880
freshP,20,7,1,port_rcv_packets,43327780.3,43328259.0,43328019.7,4550823841,4550823843,1472533665058880
freshP,20,7,1,port_rcv_packets,43519661.3,43520142.0,43519901.7,4550823843,4550823845,1472533665058880
freshP,20,7,1,port_xmit_packets,43519953.5,43520436.3,43520194.9,9628984290,9628984292,1472533665058880
freshP,20,7,1,port_xmit_packets,44607726.7,44608207.5,44607967.1,9628984292,9628984294,1472533665058880
freshP,20,7,1,port_rcv_packets,44607819.0,44608300.3,44608059.7,4550823845,4550823847,1472533665058880
freshP,20,7,1,port_xmit_packets,44799661.9,44800141.4,44799901.7,9628984294,9628984296,1472533665058880
freshP,20,7,1,port_rcv_packets,44799758.2,44800234.3,44799996.3,4550823847,4550823849,1472533665058880
freshP,20,7,1,port_xmit_packets,45887835.9,45888311.8,45888073.8,9628984296,9628984298,1472533665058880
freshP,20,7,1,port_rcv_packets,45887929.3,45888404.4,45888166.8,4550823849,4550823851,1472533665058880
freshP,20,7,1,port_xmit_packets,46079737.0,46080212.0,46079974.5,9628984298,9628984300,1472533665058880
freshP,20,7,1,port_rcv_packets,46079829.8,46080305.2,46080067.5,4550823851,4550823853,1472533665058880
freshP,20,7,1,port_xmit_packets,47167730.5,47168205.9,47167968.2,9628984300,9628984301,1472533665058880
freshP,20,7,1,port_rcv_packets,47167823.3,47168298.8,47168061.1,4550823853,4550823855,1472533665058880
freshP,20,7,1,port_xmit_packets,47168112.6,47168589.5,47168351.0,9628984301,9628984302,1472533665058880
freshP,20,7,1,port_rcv_packets,47359767.7,47360242.5,47360005.1,4550823855,4550823857,1472533665058880
freshP,20,7,1,port_xmit_packets,47360056.3,47360533.1,47360294.7,9628984302,9628984304,1472533665058880
freshP,20,7,1,port_xmit_packets,48447799.6,48448275.6,48448037.6,9628984304,9628984306,1472533665058880
freshP,20,7,1,port_rcv_packets,48447892.8,48448368.5,48448130.6,4550823857,4550823859,1472533665058880
freshP,20,7,1,port_xmit_packets,48639983.8,48640458.3,48640221.0,9628984306,9628984308,1472533665058880
freshP,20,7,1,port_rcv_packets,48640076.7,48640551.1,48640313.9,4550823859,4550823861,1472533665058880
freshP,20,7,1,port_xmit_packets,49727791.5,49728275.7,49728033.6,9628984308,9628984310,1472533665058880
freshP,20,7,1,port_rcv_packets,49727891.5,49728368.9,49728130.2,4550823861,4550823863,1472533665058880
freshP,20,7,1,port_rcv_packets,49919813.2,49920288.7,49920051.0,4550823863,4550823865,1472533665058880
freshP,20,7,1,port_xmit_packets,49920102.7,49920578.6,49920340.7,9628984310,9628984312,1472533665058880
freshP,20,7,1,port_xmit_packets,50179129.5,50179619.5,50179374.5,9628984312,9628984313,1472533665058880
freshP,20,7,1,local_ack_timeout_err,50179317.2,50179916.0,50179616.6,5727,5728,1472533665058880
freshP,20,7,1,port_xmit_packets,51007981.3,51008458.3,51008219.8,9628984313,9628984315,1472533665058880
freshP,20,7,1,port_rcv_packets,51008074.3,51008551.0,51008312.6,4550823865,4550823867,1472533665058880
freshP,20,7,1,port_xmit_packets,51199923.3,51200400.6,51200161.9,9628984315,9628984317,1472533665058880
freshP,20,7,1,port_rcv_packets,51200016.4,51200493.2,51200254.8,4550823867,4550823869,1472533665058880
freshP,20,7,1,port_xmit_packets,52287880.0,52288357.1,52288118.5,9628984317,9628984319,1472533665058880
freshP,20,7,1,port_rcv_packets,52287973.0,52288450.1,52288211.6,4550823869,4550823871,1472533665058880
freshP,20,7,1,port_rcv_packets,52479910.5,52480387.2,52480148.9,4550823871,4550823873,1472533665058880
freshP,20,7,1,port_xmit_packets,52480200.9,52480677.2,52480439.1,9628984319,9628984321,1472533665058880
freshP,20,7,1,port_rcv_packets,53567891.3,53568368.8,53568130.0,4550823873,4550823874,1472533665058880
freshP,20,7,1,port_xmit_packets,53568182.2,53568660.5,53568421.3,9628984321,9628984323,1472533665058880
freshP,20,7,1,port_rcv_packets,53568275.5,53568753.5,53568514.5,4550823874,4550823875,1472533665058880
freshP,20,7,1,port_xmit_packets,53760039.3,53760514.9,53760277.1,9628984323,9628984325,1472533665058880
freshP,20,7,1,port_rcv_packets,53760132.1,53760608.0,53760370.0,4550823875,4550823877,1472533665058880
freshP,20,7,1,port_xmit_packets,54848014.7,54848503.5,54848259.1,9628984325,9628984327,1472533665058880
freshP,20,7,1,port_rcv_packets,54848107.5,54848596.0,54848351.8,4550823877,4550823879,1472533665058880
freshP,20,7,1,port_xmit_packets,55039981.2,55040469.9,55040225.6,9628984327,9628984329,1472533665058880
freshP,20,7,1,port_rcv_packets,55040074.3,55040563.1,55040318.7,4550823879,4550823881,1472533665058880
freshP,20,7,1,port_xmit_packets,56128236.2,56128712.7,56128474.5,9628984329,9628984331,1472533665058880
freshP,20,7,1,port_rcv_packets,56128329.3,56128805.3,56128567.3,4550823881,4550823883,1472533665058880
freshP,20,7,1,port_xmit_packets,56320186.6,56320662.6,56320424.6,9628984331,9628984333,1472533665058880
freshP,20,7,1,port_rcv_packets,56320279.3,56320755.5,56320517.4,4550823883,4550823885,1472533665058880
freshP,20,7,1,port_xmit_packets,57408165.7,57408647.5,57408406.6,9628984333,9628984335,1472533665058880
freshP,20,7,1,port_rcv_packets,57408259.7,57408741.0,57408500.3,4550823885,4550823887,1472533665058880
freshP,20,7,1,port_xmit_packets,57600267.5,57600747.7,57600507.6,9628984335,9628984337,1472533665058880
freshP,20,7,1,port_rcv_packets,57600361.3,57600840.9,57600601.1,4550823887,4550823889,1472533665058880
freshP,20,7,1,port_xmit_packets,58688154.3,58688629.4,58688391.9,9628984337,9628984339,1472533665058880
freshP,20,7,1,port_rcv_packets,58688246.6,58688722.3,58688484.5,4550823889,4550823891,1472533665058880
freshP,20,7,1,local_ack_timeout_err,58769134.4,58769721.6,58769428.0,5728,5729,1472533665058880
freshP,20,7,1,req_cqe_error,58769518.8,58770119.0,58769818.9,23242,23243,1472533665058880
freshP,20,7,1,port_rcv_packets,-157627.0,-157151.8,-157389.4,4550823894,4550823895,1472593790882468
freshP,20,7,1,port_xmit_packets,-157337.3,-156862.6,-157099.9,9628984342,9628984344,1472593790882468
freshP,20,7,1,port_rcv_packets,-157244.5,-156756.5,-157000.5,4550823895,4550823896,1472593790882468
freshP,20,7,1,port_xmit_packets,-162.4,312.3,74.9,9628984344,9628984345,1472593790882468
freshP,20,7,1,roce_adp_retrans,11105.5,11693.7,11399.6,5399,5400,1472593790882468
freshP,20,7,1,port_xmit_packets,11305.4,11787.2,11546.3,9628984345,9628984346,1472593790882468
freshP,20,7,1,port_xmit_packets,19346.4,19828.1,19587.3,9628984346,9628984347,1472593790882468
freshP,20,7,1,roce_adp_retrans,19533.2,20119.3,19826.2,5400,5401,1472593790882468
freshP,20,7,1,port_rcv_packets,34383.5,34862.9,34623.2,4550823896,4550823898,1472593790882468
freshP,20,7,1,port_xmit_packets,34676.0,35153.2,34914.6,9628984347,9628984349,1472593790882468
freshP,20,7,1,roce_adp_retrans,36016.0,36602.6,36309.3,5401,5402,1472593790882468
freshP,20,7,1,port_xmit_packets,36213.1,36696.4,36454.8,9628984349,9628984350,1472593790882468
freshP,20,7,1,roce_adp_retrans,69727.6,70313.0,70020.3,5402,5403,1472593790882468
freshP,20,7,1,port_xmit_packets,69924.9,70405.9,70165.4,9628984350,9628984351,1472593790882468
freshP,20,7,1,roce_adp_retrans,119897.8,120484.2,120191.0,5403,5404,1472593790882468
freshP,20,7,1,port_xmit_packets,120094.7,120578.4,120336.6,9628984351,9628984352,1472593790882468
freshP,20,7,1,roce_adp_retrans,254190.9,254779.7,254485.3,5404,5405,1472593790882468
freshP,20,7,1,port_xmit_packets,254389.1,254874.0,254631.5,9628984352,9628984353,1472593790882468
freshP,20,7,1,roce_adp_retrans,522749.3,523337.3,523043.3,5405,5406,1472593790882468
freshP,20,7,1,port_xmit_packets,522947.3,523431.1,523189.2,9628984353,9628984354,1472593790882468
freshP,20,7,1,roce_adp_retrans,1059471.9,1060059.8,1059765.8,5406,5407,1472593790882468
freshP,20,7,1,port_xmit_packets,1059668.5,1060154.1,1059911.3,9628984354,9628984355,1472593790882468
freshP,20,7,1,port_xmit_packets,1122448.6,1122948.5,1122698.5,9628984355,9628984357,1472593790882468
freshP,20,7,1,port_rcv_packets,1122542.1,1123041.6,1122791.8,4550823898,4550823900,1472593790882468
freshP,20,7,1,port_xmit_packets,1314638.0,1315113.8,1314875.9,9628984357,9628984359,1472593790882468
freshP,20,7,1,port_rcv_packets,1314730.9,1315206.7,1314968.8,4550823900,4550823902,1472593790882468
freshP,20,7,1,roce_adp_retrans,1864852.7,1865444.6,1865148.7,5407,5408,1472593790882468
freshP,20,7,1,port_xmit_packets,1865049.6,1865539.8,1865294.7,9628984359,9628984360,1472593790882468
freshP,20,7,1,port_rcv_packets,2402505.5,2402982.0,2402743.7,4550823902,4550823904,1472593790882468
freshP,20,7,1,port_xmit_packets,2402795.9,2403271.7,2403033.8,9628984360,9628984362,1472593790882468
freshP,20,7,1,port_xmit_packets,2594431.0,2594907.5,2594669.3,9628984362,9628984363,1472593790882468
freshP,20,7,1,port_rcv_packets,2594523.8,2595000.3,2594762.1,4550823904,4550823906,1472593790882468
freshP,20,7,1,port_xmit_packets,2594813.9,2595290.7,2595052.3,9628984363,9628984364,1472593790882468
freshP,20,7,1,port_rcv_packets,3682472.6,3682948.9,3682710.8,4550823906,4550823907,1472593790882468
freshP,20,7,1,port_xmit_packets,3682762.1,3683239.0,3683000.6,9628984364,9628984366,1472593790882468
freshP,20,7,1,port_rcv_packets,3682855.3,3683332.1,3683093.7,4550823907,4550823908,1472593790882468
freshP,20,7,1,port_xmit_packets,3874633.1,3875113.9,3874873.5,9628984366,9628984368,1472593790882468
freshP,20,7,1,port_rcv_packets,3874726.7,3875207.5,3874967.1,4550823908,4550823910,1472593790882468
freshP,20,7,1,roce_adp_retrans,4012305.5,4012900.0,4012602.7,5408,5409,1472593790882468
freshP,20,7,1,port_xmit_packets,4012504.1,4012995.9,4012750.0,9628984368,9628984369,1472593790882468
freshP,20,7,1,port_rcv_packets,4962512.5,4962988.6,4962750.6,4550823910,4550823912,1472593790882468
freshP,20,7,1,port_xmit_packets,4962802.4,4963278.3,4963040.4,9628984369,9628984371,1472593790882468
freshP,20,7,1,port_rcv_packets,5154528.3,5155003.4,5154765.9,4550823912,4550823914,1472593790882468
freshP,20,7,1,port_xmit_packets,5154817.8,5155292.3,5155055.1,9628984371,9628984373,1472593790882468
freshP,20,7,1,port_xmit_packets,6242805.8,6243280.2,6243043.0,9628984373,9628984375,1472593790882468
freshP,20,7,1,port_rcv_packets,6242898.7,6243372.7,6243135.7,4550823914,4550823916,1472593790882468
freshP,20,7,1,port_xmit_packets,6434686.0,6435161.1,6434923.6,9628984375,9628984377,1472593790882468
freshP,20,7,1,port_rcv_packets,6434779.0,6435254.2,6435016.6,4550823916,4550823918,1472593790882468
freshP,20,7,1,roce_adp_retrans,7233655.4,7234243.1,7233949.3,5409,5410,1472593790882468
freshP,20,7,1,port_xmit_packets,7233852.4,7234338.1,7234095.2,9628984377,9628984378,1472593790882468
freshP,20,7,1,port_xmit_packets,7522782.1,7523256.8,7523019.5,9628984378,9628984380,1472593790882468
freshP,20,7,1,port_rcv_packets,7522874.9,7523349.9,7523112.4,4550823918,4550823920,1472593790882468
freshP,20,7,1,port_xmit_packets,7714729.3,7715204.5,7714966.9,9628984380,9628984382,1472593790882468
freshP,20,7,1,port_rcv_packets,7714822.1,7715297.1,7715059.6,4550823920,4550823922,1472593790882468
freshP,20,7,1,port_xmit_packets,8802758.9,8803235.6,8802997.3,9628984382,9628984384,1472593790882468
freshP,20,7,1,port_rcv_packets,8802852.3,8803328.7,8803090.5,4550823922,4550823924,1472593790882468
freshP,20,7,1,port_xmit_packets,8994665.8,8995142.0,8994903.9,9628984384,9628984386,1472593790882468
freshP,20,7,1,port_rcv_packets,8994758.8,8995235.0,8994996.9,4550823924,4550823926,1472593790882468
freshP,20,7,1,port_rcv_packets,10082646.2,10083121.7,10082883.9,4550823926,4550823928,1472593790882468
freshP,20,7,1,port_xmit_packets,10082936.0,10083411.8,10083173.9,9628984386,9628984388,1472593790882468
freshP,20,7,1,port_rcv_packets,10274666.3,10275141.4,10274903.9,4550823928,4550823930,1472593790882468
freshP,20,7,1,port_xmit_packets,10274955.6,10275430.5,10275193.1,9628984388,9628984390,1472593790882468
freshP,20,7,1,port_xmit_packets,11362922.0,11363408.5,11363165.3,9628984390,9628984392,1472593790882468
freshP,20,7,1,port_rcv_packets,11363015.9,11363502.1,11363259.0,4550823930,4550823932,1472593790882468
freshP,20,7,1,port_xmit_packets,11554712.5,11555201.5,11554957.0,9628984392,9628984394,1472593790882468
freshP,20,7,1,port_rcv_packets,11554806.1,11555295.6,11555050.8,4550823932,4550823934,1472593790882468
freshP,20,7,1,port_xmit_packets,12642841.3,12643317.9,12643079.6,9628984394,9628984396,1472593790882468
freshP,20,7,1,port_rcv_packets,12642934.6,12643411.6,12643173.1,4550823934,4550823936,1472593790882468
freshP,20,7,1,port_xmit_packets,12834707.0,12835183.5,12834945.3,9628984396,9628984397,1472593790882468
freshP,20,7,1,port_rcv_packets,12834800.2,12835276.3,12835038.3,4550823936,4550823938,1472593790882468
freshP,20,7,1,port_xmit_packets,12835090.3,12835565.9,12835328.1,9628984397,9628984398,1472593790882468
freshP,20,7,1,port_rcv_packets,13922810.6,13923292.2,13923051.4,4550823938,4550823940,1472593790882468
freshP,20,7,1,port_xmit_packets,13923104.0,13923584.2,13923344.1,9628984398,9628984400,1472593790882468
freshP,20,7,1,port_xmit_packets,14114998.2,14115473.8,14115236.0,9628984400,9628984402,1472593790882468
freshP,20,7,1,port_rcv_packets,14115091.3,14115566.4,14115328.9,4550823940,4550823942,1472593790882468
freshP,20,7,1,port_rcv_packets,15202837.0,15203311.4,15203074.2,4550823942,4550823944,1472593790882468
freshP,20,7,1,port_xmit_packets,15203125.3,15203601.1,15203363.2,9628984402,9628984404,1472593790882468
freshP,20,7,1,port_rcv_packets,15394846.9,15395321.9,15395084.4,4550823944,4550823946,1472593790882468
freshP,20,7,1,port_xmit_packets,15395135.9,15395611.4,15395373.7,9628984404,9628984406,1472593790882468
freshP,20,7,1,local_ack_timeout_err,15823985.3,15824575.3,15824280.3,5729,5730,1472593790882468
freshP,20,7,1,port_xmit_packets,15824183.1,15824669.1,15824426.1,9628984406,9628984407,1472593790882468
freshP,20,7,1,port_xmit_packets,16482999.2,16483479.0,16483239.1,9628984407,9628984409,1472593790882468
freshP,20,7,1,port_rcv_packets,16483092.3,16483571.6,16483332.0,4550823946,4550823948,1472593790882468
freshP,20,7,1,port_xmit_packets,16675011.2,16675488.0,16675249.6,9628984409,9628984411,1472593790882468
freshP,20,7,1,port_rcv_packets,16675104.7,16675581.0,16675342.8,4550823948,4550823950,1472593790882468
freshP,20,7,1,port_xmit_packets,17763084.3,17763575.6,17763330.0,9628984411,9628984413,1472593790882468
freshP,20,7,1,port_rcv_packets,17763177.1,17763668.7,17763422.9,4550823950,4550823952,1472593790882468
freshP,20,7,1,port_xmit_packets,17954885.3,17955373.5,17955129.4,9628984413,9628984415,1472593790882468
freshP,20,7,1,port_rcv_packets,17954978.7,17955467.0,17955222.9,4550823952,4550823954,1472593790882468
freshP,20,7,1,port_xmit_packets,19043014.4,19043491.8,19043253.1,9628984415,9628984417,1472593790882468
freshP,20,7,1,port_rcv_packets,19043108.0,19043584.9,19043346.4,4550823954,4550823956,1472593790882468
freshP,20,7,1,port_rcv_packets,19234918.2,19235405.2,19235161.7,4550823956,4550823958,1472593790882468
freshP,20,7,1,port_xmit_packets,19235207.2,19235696.1,19235451.7,9628984417,9628984419,1472593790882468
freshP,20,7,1,port_xmit_packets,20323033.5,20323509.5,20323271.5,9628984419,9628984421,1472593790882468
freshP,20,7,1,port_rcv_packets,20323126.5,20323603.1,20323364.8,4550823958,4550823960,1472593790882468
freshP,20,7,1,port_rcv_packets,20514916.1,20515391.8,20515153.9,4550823960,4550823962,1472593790882468
freshP,20,7,1,port_xmit_packets,20515205.1,20515681.4,20515443.3,9628984421,9628984423,1472593790882468
freshP,20,7,1,port_xmit_packets,21603008.2,21603488.1,21603248.1,9628984423,9628984425,1472593790882468
freshP,20,7,1,port_rcv_packets,21603101.0,21603581.3,21603341.2,4550823962,4550823964,1472593790882468
freshP,20,7,1,port_xmit_packets,21795122.7,21795604.1,21795363.4,9628984425,9628984427,1472593790882468
freshP,20,7,1,port_rcv_packets,21795216.1,21795697.0,21795456.5,4550823964,4550823966,1472593790882468
freshP,20,7,1,port_xmit_packets,22883045.7,22883520.4,22883283.1,9628984427,9628984429,1472593790882468
freshP,20,7,1,port_rcv_packets,22883138.3,22883614.3,22883376.3,4550823966,4550823968,1472593790882468
freshP,20,7,1,port_xmit_packets,23075148.8,23075623.3,23075386.0,9628984429,9628984431,1472593790882468
freshP,20,7,1,port_rcv_packets,23075241.7,23075716.5,23075479.1,4550823968,4550823970,1472593790882468
freshP,20,7,1,port_xmit_packets,24163272.0,24163748.2,24163510.1,9628984431,9628984433,1472593790882468
freshP,20,7,1,port_rcv_packets,24163364.8,24163841.0,24163602.9,4550823970,4550823972,1472593790882468
freshP,20,7,1,port_rcv_packets,24355019.7,24355494.4,24355257.0,4550823972,4550823974,1472593790882468
freshP,20,7,1,port_xmit_packets,24355308.9,24355784.7,24355546.8,9628984433,9628984435,1472593790882468
freshP,20,7,1,local_ack_timeout_err,24414054.0,24414643.0,24414348.5,5730,5731,1472593790882468
freshP,20,7,1,port_xmit_packets,24414251.1,24414737.6,24414494.4,9628984435,9628984436,1472593790882468
freshP,20,7,1,port_xmit_packets,25443213.7,25443694.1,25443453.9,9628984436,9628984438,1472593790882468
freshP,20,7,1,port_rcv_packets,25443307.5,25443787.9,25443547.7,4550823974,4550823976,1472593790882468
freshP,20,7,1,port_xmit_packets,25635121.8,25635601.5,25635361.7,9628984438,9628984440,1472593790882468
freshP,20,7,1,port_rcv_packets,25635215.5,25635696.4,25635456.0,4550823976,4550823978,1472593790882468
freshP,20,7,1,port_xmit_packets,26723287.9,26723764.6,26723526.3,9628984440,9628984442,1472593790882468
freshP,20,7,1,port_rcv_packets,26723380.9,26723857.8,26723619.3,4550823978,4550823980,1472593790882468
freshP,20,7,1,port_xmit_packets,26915090.9,26915566.7,26915328.8,9628984442,9628984444,1472593790882468
freshP,20,7,1,port_rcv_packets,26915184.0,26915659.6,26915421.8,4550823980,4550823982,1472593790882468
freshP,20,7,1,port_xmit_packets,28003339.3,28003815.5,28003577.4,9628984444,9628984446,1472593790882468
freshP,20,7,1,port_rcv_packets,28003432.6,28003909.3,28003671.0,4550823982,4550823984,1472593790882468
freshP,20,7,1,port_rcv_packets,28195170.5,28195654.7,28195412.6,4550823984,4550823986,1472593790882468
freshP,20,7,1,port_xmit_packets,28195460.4,28195943.9,28195702.1,9628984446,9628984448,1472593790882468
freshP,20,7,1,port_xmit_packets,29283196.4,29283692.8,29283444.6,9628984448,9628984450,1472593790882468
freshP,20,7,1,port_rcv_packets,29283289.1,29283785.9,29283537.5,4550823986,4550823988,1472593790882468
freshP,20,7,1,port_xmit_packets,29475433.3,29475909.2,29475671.3,9628984450,9628984452,1472593790882468
freshP,20,7,1,port_rcv_packets,29475526.4,29476002.0,29475764.2,4550823988,4550823990,1472593790882468
freshP,20,7,1,port_xmit_packets,30563256.9,30563732.1,30563494.5,9628984452,9628984454,1472593790882468
freshP,20,7,1,port_rcv_packets,30563349.7,30563824.9,30563587.3,4550823990,4550823992,1472593790882468
freshP,20,7,1,port_xmit_packets,30755322.2,30755795.5,30755558.8,9628984454,9628984456,1472593790882468
freshP,20,7,1,port_rcv_packets,30755414.9,30755888.5,30755651.7,4550823992,4550823994,1472593790882468
freshP,20,7,1,port_xmit_packets,31843281.6,31843763.8,31843522.7,9628984456,9628984458,1472593790882468
freshP,20,7,1,port_rcv_packets,31843376.1,31843857.5,31843616.8,4550823994,4550823996,1472593790882468
freshP,20,7,1,port_rcv_packets,32035216.2,32035696.5,32035456.3,4550823996,4550823997,1472593790882468
freshP,20,7,1,port_xmit_packets,32035509.5,32035989.3,32035749.4,9628984458,9628984460,1472593790882468
freshP,20,7,1,port_rcv_packets,32035603.0,32036083.4,32035843.2,4550823997,4550823998,1472593790882468
freshP,20,7,1,local_ack_timeout_err,33004094.3,33004681.7,33004388.0,5731,5732,1472593790882468
freshP,20,7,1,port_xmit_packets,33004290.9,33004775.8,33004533.3,9628984460,9628984461,1472593790882468
freshP,20,7,1,port_xmit_packets,33123351.7,33123833.3,33123592.5,9628984461,9628984463,1472593790882468
freshP,20,7,1,port_rcv_packets,33123444.5,33123926.1,33123685.3,4550823998,4550824000,1472593790882468
freshP,20,7,1,port_xmit_packets,33315434.8,33315919.9,33315677.4,9628984463,9628984465,1472593790882468
freshP,20,7,1,port_rcv_packets,33315527.7,33316012.7,33315770.2,4550824000,4550824002,1472593790882468
freshP,20,7,1,port_xmit_packets,34403445.1,34403920.5,34403682.8,9628984465,9628984467,1472593790882468
freshP,20,7,1,port_rcv_packets,34403538.4,34404013.7,34403776.0,4550824002,4550824004,1472593790882468
freshP,20,7,1,port_xmit_packets,34595282.0,34595757.3,34595519.6,9628984467,9628984468,1472593790882468
freshP,20,7,1,port_rcv_packets,34595375.0,34595849.8,34595612.4,4550824004,4550824006,1472593790882468
freshP,20,7,1,port_xmit_packets,34595664.3,34596140.4,34595902.4,9628984468,9628984469,1472593790882468
freshP,20,7,1,port_xmit_packets,35683540.0,35684015.2,35683777.6,9628984469,9628984471,1472593790882468
freshP,20,7,1,port_rcv_packets,35683632.6,35684108.4,35683870.5,4550824006,4550824008,1472593790882468
freshP,20,7,1,port_xmit_packets,35875420.5,35875908.4,35875664.5,9628984471,9628984473,1472593790882468
freshP,20,7,1,port_rcv_packets,35875513.5,35876001.4,35875757.4,4550824008,4550824010,1472593790882468
freshP,20,7,1,port_rcv_packets,36963403.5,36963884.4,36963644.0,4550824010,4550824012,1472593790882468
freshP,20,7,1,port_xmit_packets,36963693.4,36964174.6,36963934.0,9628984473,9628984475,1472593790882468
freshP,20,7,1,port_xmit_packets,37155551.1,37156026.5,37155788.8,9628984475,9628984477,1472593790882468
freshP,20,7,1,port_rcv_packets,37155644.0,37156119.3,37155881.7,4550824012,4550824014,1472593790882468
freshP,20,7,1,port_xmit_packets,38243544.8,38244023.3,38243784.0,9628984477,9628984479,1472593790882468
freshP,20,7,1,port_rcv_packets,38243639.0,38244116.5,38243877.7,4550824014,4550824016,1472593790882468
freshP,20,7,1,port_xmit_packets,38435459.1,38435934.8,38435697.0,9628984479,9628984481,1472593790882468
freshP,20,7,1,port_rcv_packets,38435552.3,38436028.1,38435790.2,4550824016,4550824018,1472593790882468
freshP,20,7,1,port_rcv_packets,39523462.0,39523953.8,39523707.9,4550824018,4550824020,1472593790882468
freshP,20,7,1,port_xmit_packets,39523754.1,39524247.3,39524000.7,9628984481,9628984483,1472593790882468
freshP,20,7,1,port_xmit_packets,39715524.9,39716007.7,39715766.3,9628984483,9628984485,1472593790882468
freshP,20,7,1,port_rcv_packets,39715618.7,39716101.9,39715860.3,4550824020,4550824022,1472593790882468
freshP,20,7,1,port_rcv_packets,40803459.1,40803934.8,40803697.0,4550824022,4550824024,1472593790882468
freshP,20,7,1,port_xmit_packets,40803748.8,40804224.6,40803986.7,9628984485,9628984487,1472593790882468
freshP,20,7,1,port_xmit_packets,40995618.4,40996095.1,40995856.7,9628984487,9628984489,1472593790882468
freshP,20,7,1,port_rcv_packets,40995711.7,40996187.8,40995949.8,4550824024,4550824026,1472593790882468
freshP,20,7,1,local_ack_timeout_err,41594505.7,41595097.4,41594801.6,5732,5733,1472593790882468
freshP,20,7,1,port_xmit_packets,41594704.2,41595191.8,41594948.0,9628984489,9628984490,1472593790882468
freshP,20,7,1,port_xmit_packets,42083484.3,42083959.7,42083722.0,9628984490,9628984491,1472593790882468
freshP,20,7,1,port_rcv_packets,42083577.4,42084052.2,42083814.8,4550824026,4550824028,1472593790882468
freshP,20,7,1,port_xmit_packets,42083866.7,42084341.6,42084104.1,9628984491,9628984492,1472593790882468
freshP,20,7,1,port_rcv_packets,42275486.0,42275962.0,42275724.0,4550824028,4550824030,1472593790882468
freshP,20,7,1,port_xmit_packets,42275776.0,42276251.6,42276013.8,9628984492,9628984494,1472593790882468
freshP,20,7,1,port_xmit_packets,43363780.0,43364257.8,43364018.9,9628984494,9628984496,1472593790882468
freshP,20,7,1,port_rcv_packets,43363873.7,43364350.4,43364112.1,4550824030,4550824032,1472593790882468
freshP,20,7,1,port_xmit_packets,43555655.1,43556131.4,43555893.3,9628984496,9628984498,1472593790882468
freshP,20,7,1,port_rcv_packets,43555748.1,43556224.2,43555986.1,4550824032,4550824034,1472593790882468
freshP,20,7,1,port_xmit_packets,44643665.2,44644144.1,44643904.6,9628984498,9628984500,1472593790882468
freshP,20,7,1,port_rcv_packets,44643759.4,44644236.9,44643998.1,4550824034,4550824036,1472593790882468
freshP,20,7,1,port_xmit_packets,44835822.1,44836298.5,44836060.3,9628984500,9628984502,1472593790882468
freshP,20,7,1,port_rcv_packets,44835914.9,44836391.5,44836153.2,4550824036,4550824038,1472593790882468
freshP,20,7,1,port_xmit_packets,45923835.0,45924324.9,45924079.9,9628984502,9628984504,1472593790882468
freshP,20,7,1,port_rcv_packets,45923928.7,45924418.1,45924173.4,4550824038,4550824040,1472593790882468
freshP,20,7,1,port_rcv_packets,46115648.3,46116127.3,46115887.8,4550824040,4550824042,1472593790882468
freshP,20,7,1,port_xmit_packets,46115940.1,46116419.9,46116180.0,9628984504,9628984506,1472593790882468
freshP,20,7,1,port_xmit_packets,47203701.5,47204177.6,47203939.5,9628984506,9628984508,1472593790882468
freshP,20,7,1,port_rcv_packets,47203794.9,47204270.7,47204032.8,4550824042,4550824044,1472593790882468
freshP,20,7,1,port_xmit_packets,47395654.0,47396130.8,47395892.4,9628984508,9628984510,1472593790882468
freshP,20,7,1,port_rcv_packets,47395747.4,47396224.2,47395985.8,4550824044,4550824046,1472593790882468
freshP,20,7,1,port_xmit_packets,48483911.2,48484385.9,48484148.5,9628984510,9628984512,1472593790882468
freshP,20,7,1,port_rcv_packets,48484004.0,48484478.3,48484241.2,4550824046,4550824048,1472593790882468
freshP,20,7,1,port_xmit_packets,48675743.8,48676220.3,48675982.0,9628984512,9628984514,1472593790882468
freshP,20,7,1,port_rcv_packets,48675837.2,48676313.3,48676075.2,4550824048,4550824050,1472593790882468
freshP,20,7,1,port_xmit_packets,49763964.5,49764440.4,49764202.4,9628984514,9628984516,1472593790882468
freshP,20,7,1,port_rcv_packets,49764057.3,49764533.4,49764295.4,4550824050,4550824052,1472593790882468
freshP,20,7,1,port_xmit_packets,49955830.2,49956305.4,49956067.8,9628984516,9628984518,1472593790882468
freshP,20,7,1,port_rcv_packets,49955923.3,49956398.3,49956160.8,4550824052,4550824054,1472593790882468
freshP,20,7,1,local_ack_timeout_err,50184701.1,50185292.0,50184996.6,5733,5734,1472593790882468
freshP,20,7,1,port_xmit_packets,50184900.3,50185384.9,50185142.6,9628984518,9628984519,1472593790882468
freshP,20,7,1,port_xmit_packets,51043841.9,51044327.3,51044084.6,9628984519,9628984521,1472593790882468
freshP,20,7,1,port_rcv_packets,51043936.2,51044420.4,51044178.3,4550824054,4550824056,1472593790882468
freshP,20,7,1,port_rcv_packets,51235812.0,51236289.1,51236050.6,4550824056,4550824058,1472593790882468
freshP,20,7,1,port_xmit_packets,51236103.2,51236580.0,51236341.6,9628984521,9628984523,1472593790882468
freshP,20,7,1,port_xmit_packets,52323985.0,52324461.7,52324223.4,9628984523,9628984525,1472593790882468
freshP,20,7,1,port_rcv_packets,52324077.8,52324554.4,52324316.1,4550824058,4550824060,1472593790882468
freshP,20,7,1,port_rcv_packets,52515802.9,52516288.2,52516045.5,4550824060,4550824062,1472593790882468
freshP,20,7,1,port_xmit_packets,52516092.2,52516578.2,52516335.2,9628984525,9628984527,1472593790882468
freshP,20,7,1,port_xmit_packets,53603952.5,53604431.3,53604191.9,9628984527,9628984529,1472593790882468
freshP,20,7,1,port_rcv_packets,53604046.0,53604524.9,53604285.4,4550824062,4550824064,1472593790882468
freshP,20,7,1,port_xmit_packets,53796046.4,53796525.0,53796285.7,9628984529,9628984531,1472593790882468
freshP,20,7,1,port_rcv_packets,53796140.2,53796618.5,53796379.4,4550824064,4550824066,1472593790882468
freshP,20,7,1,port_rcv_packets,54883862.4,54884352.0,54884107.2,4550824066,4550824068,1472593790882468
freshP,20,7,1,port_xmit_packets,54884151.7,54884641.7,54884396.7,9628984531,9628984533,1472593790882468
freshP,20,7,1,port_xmit_packets,55076049.2,55076525.5,55076287.3,9628984533,9628984535,1472593790882468
freshP,20,7,1,port_rcv_packets,55076142.0,55076618.4,55076380.2,4550824068,4550824070,1472593790882468
freshP,20,7,1,port_xmit_packets,56164007.4,56164483.5,56164245.5,9628984535,9628984537,1472593790882468
freshP,20,7,1,port_rcv_packets,56164100.0,56164576.8,56164338.4,4550824070,4550824072,1472593790882468
freshP,20,7,1,port_xmit_packets,56356145.7,56356620.6,56356383.2,9628984537,9628984539,1472593790882468
freshP,20,7,1,port_rcv_packets,56356238.5,56356713.7,56356476.1,4550824072,4550824074,1472593790882468
freshP,20,7,1,port_xmit_packets,57443952.6,57444448.5,57444200.5,9628984539,9628984541,1472593790882468
freshP,20,7,1,port_rcv_packets,57444046.6,57444542.0,57444294.3,4550824074,4550824076,1472593790882468
freshP,20,7,1,port_xmit_packets,57636071.1,57636554.6,57636312.9,9628984541,9628984543,1472593790882468
freshP,20,7,1,port_rcv_packets,57636163.9,57636647.8,57636405.8,4550824076,4550824078,1472593790882468
freshP,20,7,1,port_rcv_packets,58724025.7,58724502.0,58724263.8,4550824078,4550824080,1472593790882468
freshP,20,7,1,port_xmit_packets,58724316.0,58724806.9,58724561.5,9628984543,9628984545,1472593790882468
freshP,20,7,1,local_ack_timeout_err,58774711.2,58775325.0,58775018.1,5734,5735,1472593790882468
freshP,20,7,1,req_cqe_error,58775118.2,58775761.5,58775439.8,23243,23244,1472593790882468
freshP,20,7,1,port_xmit_packets,-109903.8,-109321.3,-109612.6,9628984548,9628984550,1472653904568371
freshP,20,7,1,port_rcv_packets,-109798.8,-109217.7,-109508.3,4550824083,4550824085,1472653904568371
freshP,20,7,1,port_xmit_packets,-101.9,382.5,140.3,9628984550,9628984551,1472653904568371
freshP,20,7,1,roce_adp_retrans,19782.4,20376.7,20079.5,5410,5411,1472653904568371
freshP,20,7,1,port_xmit_packets,19981.2,20473.2,20227.2,9628984551,9628984552,1472653904568371
freshP,20,7,1,port_xmit_packets,36601.2,37087.7,36844.4,9628984552,9628984553,1472653904568371
freshP,20,7,1,roce_adp_retrans,36789.7,37383.6,37086.7,5411,5412,1472653904568371
freshP,20,7,1,port_xmit_packets,70203.3,70688.7,70446.0,9628984553,9628984554,1472653904568371
freshP,20,7,1,roce_adp_retrans,70391.2,70983.3,70687.2,5412,5413,1472653904568371
freshP,20,7,1,port_xmit_packets,82190.7,82673.7,82432.2,9628984554,9628984556,1472653904568371
freshP,20,7,1,port_rcv_packets,82285.2,82767.5,82526.4,4550824085,4550824087,1472653904568371
freshP,20,7,1,roce_adp_retrans,137234.2,137828.2,137531.2,5413,5414,1472653904568371
freshP,20,7,1,port_xmit_packets,137433.2,137923.4,137678.3,9628984556,9628984557,1472653904568371
freshP,20,7,1,port_xmit_packets,271477.5,271965.0,271721.2,9628984557,9628984558,1472653904568371
freshP,20,7,1,roce_adp_retrans,271665.6,272261.4,271963.5,5414,5415,1472653904568371
freshP,20,7,1,port_xmit_packets,539942.9,540430.7,540186.8,9628984558,9628984559,1472653904568371
freshP,20,7,1,roce_adp_retrans,540131.1,540728.6,540429.8,5415,5416,1472653904568371
freshP,20,7,1,roce_adp_retrans,1076944.2,1077535.2,1077239.7,5416,5417,1472653904568371
freshP,20,7,1,port_xmit_packets,1077142.8,1077628.7,1077385.7,9628984559,9628984560,1472653904568371
freshP,20,7,1,port_xmit_packets,1170227.0,1170702.8,1170464.9,9628984560,9628984562,1472653904568371
freshP,20,7,1,port_rcv_packets,1170320.9,1170796.3,1170558.6,4550824087,4550824089,1472653904568371
freshP,20,7,1,port_rcv_packets,1362174.0,1362649.7,1362411.9,4550824089,4550824091,1472653904568371
freshP,20,7,1,port_xmit_packets,1362463.4,1362939.6,1362701.5,9628984562,9628984564,1472653904568371
freshP,20,7,1,roce_adp_retrans,1882104.9,1882693.3,1882399.1,5417,5418,1472653904568371
freshP,20,7,1,port_xmit_packets,1882301.8,1882787.7,1882544.7,9628984564,9628984565,1472653904568371
freshP,20,7,1,port_xmit_packets,2450375.6,2450851.7,2450613.7,9628984565,9628984567,1472653904568371
freshP,20,7,1,port_rcv_packets,2450468.9,2450944.3,2450706.6,4550824091,4550824093,1472653904568371
freshP,20,7,1,port_xmit_packets,2642188.6,2642663.6,2642426.1,9628984567,9628984569,1472653904568371
freshP,20,7,1,port_rcv_packets,2642281.3,2642756.7,2642519.0,4550824093,4550824095,1472653904568371
freshP,20,7,1,port_xmit_packets,3730254.6,3730740.5,3730497.5,9628984569,9628984571,1472653904568371
freshP,20,7,1,port_rcv_packets,3730349.3,3730833.9,3730591.6,4550824095,4550824097,1472653904568371
freshP,20,7,1,port_xmit_packets,3922269.5,3922743.9,3922506.7,9628984571,9628984573,1472653904568371
freshP,20,7,1,port_rcv_packets,3922362.2,3922836.6,3922599.4,4550824097,4550824099,1472653904568371
freshP,20,7,1,roce_adp_retrans,4029662.4,4030253.8,4029958.1,5418,5419,1472653904568371
freshP,20,7,1,port_xmit_packets,4029859.4,4030349.4,4030104.4,9628984573,9628984574,1472653904568371
freshP,20,7,1,port_xmit_packets,5010419.2,5010894.4,5010656.8,9628984574,9628984576,1472653904568371
freshP,20,7,1,port_rcv_packets,5010511.6,5010986.9,5010749.2,4550824099,4550824101,1472653904568371
freshP,20,7,1,port_xmit_packets,5202288.3,5202764.3,5202526.3,9628984576,9628984578,1472653904568371
freshP,20,7,1,port_rcv_packets,5202381.8,5202857.7,5202619.8,4550824101,4550824103,1472653904568371
freshP,20,7,1,port_xmit_packets,6290438.5,6290916.4,6290677.5,9628984578,9628984580,1472653904568371
freshP,20,7,1,port_rcv_packets,6290531.4,6291009.0,6290770.2,4550824103,4550824105,1472653904568371
freshP,20,7,1,port_rcv_packets,6482320.8,6482799.4,6482560.1,4550824105,4550824107,1472653904568371
freshP,20,7,1,port_xmit_packets,6482612.2,6483091.5,6482851.9,9628984580,9628984582,1472653904568371
freshP,20,7,1,roce_adp_retrans,7251140.5,7251738.7,7251439.6,5419,5420,1472653904568371
freshP,20,7,1,port_xmit_packets,7251342.7,7251832.8,7251587.8,9628984582,9628984583,1472653904568371
freshP,20,7,1,port_rcv_packets,7570348.1,7570828.6,7570588.3,4550824107,4550824109,1472653904568371
freshP,20,7,1,port_xmit_packets,7570640.9,7571122.2,7570881.5,9628984583,9628984585,1472653904568371
freshP,20,7,1,port_xmit_packets,7762566.8,7763043.6,7762805.2,9628984585,9628984587,1472653904568371
freshP,20,7,1,port_rcv_packets,7762660.7,7763137.0,7762898.9,4550824109,4550824111,1472653904568371
freshP,20,7,1,port_xmit_packets,8850464.1,8850940.5,8850702.3,9628984587,9628984589,1472653904568371
freshP,20,7,1,port_rcv_packets,8850557.3,8851033.1,8850795.2,4550824111,4550824113,1472653904568371
freshP,20,7,1,port_xmit_packets,9042351.5,9042828.7,9042590.1,9628984589,9628984591,1472653904568371
freshP,20,7,1,port_rcv_packets,9042444.8,9042921.9,9042683.4,4550824113,4550824115,1472653904568371
freshP,20,7,1,port_xmit_packets,10130626.0,10131112.3,10130869.1,9628984591,9628984593,1472653904568371
freshP,20,7,1,port_rcv_packets,10130720.5,10131206.4,10130963.4,4550824115,4550824117,1472653904568371
freshP,20,7,1,port_xmit_packets,10322372.8,10322847.3,10322610.0,9628984593,9628984595,1472653904568371
freshP,20,7,1,port_rcv_packets,10322466.1,10322940.0,10322703.1,4550824117,4550824119,1472653904568371
freshP,20,7,1,port_rcv_packets,11410404.0,11410879.7,11410641.8,4550824119,4550824121,1472653904568371
freshP,20,7,1,port_xmit_packets,11410692.9,11411170.5,11410931.7,9628984595,9628984597,1472653904568371
freshP,20,7,1,port_xmit_packets,11602390.8,11602867.0,11602628.9,9628984597,9628984599,1472653904568371
freshP,20,7,1,port_rcv_packets,11602484.3,11602959.8,11602722.1,4550824121,4550824123,1472653904568371
freshP,20,7,1,port_xmit_packets,12690454.9,12690931.6,12690693.3,9628984599,9628984601,1472653904568371
freshP,20,7,1,port_rcv_packets,12690547.8,12691024.5,12690786.2,4550824123,4550824125,1472653904568371
freshP,20,7,1,port_xmit_packets,12882518.7,12883005.9,12882762.3,9628984601,9628984603,1472653904568371
freshP,20,7,1,port_rcv_packets,12882612.5,12883099.2,12882855.8,4550824125,4550824127,1472653904568371
freshP,20,7,1,port_rcv_packets,13970502.0,13970984.0,13970743.0,4550824127,4550824129,1472653904568371
freshP,20,7,1,port_xmit_packets,13970796.0,13971277.1,13971036.6,9628984603,9628984605,1472653904568371
freshP,20,7,1,port_xmit_packets,14162476.0,14162958.8,14162717.4,9628984605,9628984607,1472653904568371
freshP,20,7,1,port_rcv_packets,14162572.5,14163052.1,14162812.3,4550824129,4550824131,1472653904568371
freshP,20,7,1,port_rcv_packets,15250520.0,15250998.6,15250759.3,4550824131,4550824133,1472653904568371
freshP,20,7,1,port_xmit_packets,15250812.4,15251287.5,15251049.9,9628984607,9628984609,1472653904568371
freshP,20,7,1,port_xmit_packets,15442579.2,15443056.3,15442817.7,9628984609,9628984611,1472653904568371
freshP,20,7,1,port_rcv_packets,15442673.2,15443149.8,15442911.5,4550824133,4550824135,1472653904568371
freshP,20,7,1,port_xmit_packets,15841161.7,15841644.5,15841403.1,9628984611,9628984612,1472653904568371
freshP,20,7,1,local_ack_timeout_err,15841348.2,15841938.0,15841643.1,5735,5736,1472653904568371
freshP,20,7,1,port_rcv_packets,16530511.7,16530997.6,16530754.6,4550824135,4550824136,1472653904568371
freshP,20,7,1,port_xmit_packets,16530810.4,16531294.3,16531052.4,9628984612,9628984614,1472653904568371
freshP,20,7,1,port_rcv_packets,16530904.0,16531387.9,16531145.9,4550824136,4550824137,1472653904568371
freshP,20,7,1,port_xmit_packets,16722545.8,16723021.9,16722783.8,9628984614,9628984616,1472653904568371
freshP,20,7,1,port_rcv_packets,16722638.7,16723114.6,16722876.7,4550824137,4550824139,1472653904568371
freshP,20,7,1,port_rcv_packets,17810576.4,17811052.2,17810814.3,4550824139,4550824141,1472653904568371
freshP,20,7,1,port_xmit_packets,17810865.9,17811342.7,17811104.3,9628984616,9628984618,1472653904568371
freshP,20,7,1,port_xmit_packets,18002730.1,18003216.9,18002973.5,9628984618,9628984620,1472653904568371
freshP,20,7,1,port_rcv_packets,18002822.9,18003309.7,18003066.3,4550824141,4550824143,1472653904568371
freshP,20,7,1,port_xmit_packets,19090845.7,19091321.0,19091083.3,9628984620,9628984622,1472653904568371
freshP,20,7,1,port_rcv_packets,19090938.8,19091414.0,19091176.4,4550824143,4550824145,1472653904568371
freshP,20,7,1,port_xmit_packets,19282666.8,19283145.8,19282906.3,9628984622,9628984624,1472653904568371
freshP,20,7,1,port_rcv_packets,19282760.2,19283239.1,19282999.6,4550824145,4550824147,1472653904568371
freshP,20,7,1,port_xmit_packets,20370695.9,20371171.4,20370933.7,9628984624,9628984626,1472653904568371
freshP,20,7,1,port_rcv_packets,20370789.0,20371264.2,20371026.6,4550824147,4550824149,1472653904568371
freshP,20,7,1,port_xmit_packets,20562887.2,20563365.2,20563126.2,9628984626,9628984628,1472653904568371
freshP,20,7,1,port_rcv_packets,20562980.6,20563457.9,20563219.3,4550824149,4550824151,1472653904568371
freshP,20,7,1,port_xmit_packets,21650881.5,21651360.8,21651121.2,9628984628,9628984630,1472653904568371
freshP,20,7,1,port_rcv_packets,21650975.4,21651454.7,21651215.0,4550824151,4550824153,1472653904568371
freshP,20,7,1,port_xmit_packets,21842696.6,21843173.7,21842935.1,9628984630,9628984632,1472653904568371
freshP,20,7,1,port_rcv_packets,21842790.0,21843266.5,21843028.3,4550824153,4550824155,1472653904568371
freshP,20,7,1,port_xmit_packets,22930727.9,22931231.6,22930979.7,9628984632,9628984634,1472653904568371
freshP,20,7,1,port_rcv_packets,22930821.2,22931324.8,22931073.0,4550824155,4550824157,1472653904568371
freshP,20,7,1,port_rcv_packets,23122695.0,23123172.1,23122933.6,4550824157,4550824158,1472653904568371
freshP,20,7,1,port_xmit_packets,23122985.3,23123462.9,23123224.1,9628984634,9628984636,1472653904568371
freshP,20,7,1,port_rcv_packets,23123079.1,23123556.0,23123317.5,4550824158,4550824159,1472653904568371
freshP,20,7,1,port_xmit_packets,24210973.2,24211456.5,24211214.9,9628984636,9628984638,1472653904568371
freshP,20,7,1,port_rcv_packets,24211066.4,24211549.5,24211308.0,4550824159,4550824161,1472653904568371
freshP,20,7,1,port_xmit_packets,24402785.1,24403266.7,24403025.9,9628984638,9628984640,1472653904568371
freshP,20,7,1,port_rcv_packets,24402878.1,24403359.9,24403119.0,4550824161,4550824163,1472653904568371
freshP,20,7,1,local_ack_timeout_err,24431336.3,24431930.8,24431633.5,5736,5737,1472653904568371
freshP,20,7,1,port_xmit_packets,24431535.1,24432025.0,24431780.0,9628984640,9628984641,1472653904568371
freshP,20,7,1,port_xmit_packets,25490996.3,25491489.3,25491242.8,9628984641,9628984643,1472653904568371
freshP,20,7,1,port_rcv_packets,25491089.3,25491582.3,25491335.8,4550824163,4550824165,1472653904568371
freshP,20,7,1,port_xmit_packets,25682865.6,25683355.2,25683110.4,9628984643,9628984645,1472653904568371
freshP,20,7,1,port_rcv_packets,25682958.7,25683447.9,25683203.3,4550824165,4550824167,1472653904568371
freshP,20,7,1,port_xmit_packets,26770945.5,26771421.6,26771183.6,9628984645,9628984647,1472653904568371
freshP,20,7,1,port_rcv_packets,26771038.4,26771514.7,26771276.6,4550824167,4550824169,1472653904568371
freshP,20,7,1,port_xmit_packets,26962922.6,26963400.4,26963161.5,9628984647,9628984649,1472653904568371
freshP,20,7,1,port_rcv_packets,26963015.7,26963493.1,26963254.4,4550824169,4550824171,1472653904568371
freshP,20,7,1,port_xmit_packets,28050883.5,28051373.6,28051128.6,9628984649,9628984651,1472653904568371
freshP,20,7,1,port_rcv_packets,28050977.9,28051467.3,28051222.6,4550824171,4550824173,1472653904568371
freshP,20,7,1,port_xmit_packets,28242854.2,28243335.7,28243095.0,9628984651,9628984653,1472653904568371
freshP,20,7,1,port_rcv_packets,28242947.3,28243429.1,28243188.2,4550824173,4550824175,1472653904568371
freshP,20,7,1,port_xmit_packets,29331086.7,29331571.6,29331329.1,9628984653,9628984655,1472653904568371
freshP,20,7,1,port_rcv_packets,29331179.7,29331665.3,29331422.5,4550824175,4550824177,1472653904568371
freshP,20,7,1,port_xmit_packets,29522873.4,29523349.3,29523111.4,9628984655,9628984657,1472653904568371
freshP,20,7,1,port_rcv_packets,29522966.5,29523443.5,29523205.0,4550824177,4550824179,1472653904568371
freshP,20,7,1,port_xmit_packets,30611096.6,30611574.6,30611335.6,9628984657,9628984659,1472653904568371
freshP,20,7,1,port_rcv_packets,30611189.4,30611667.2,30611428.3,4550824179,4550824181,1472653904568371
freshP,20,7,1,port_xmit_packets,30802932.5,30803408.2,30803170.4,9628984659,9628984661,1472653904568371
freshP,20,7,1,port_rcv_packets,30803025.6,30803501.5,30803263.6,4550824181,4550824183,1472653904568371
freshP,20,7,1,port_xmit_packets,31891028.9,31891511.4,31891270.2,9628984661,9628984663,1472653904568371
freshP,20,7,1,port_rcv_packets,31891121.6,31891604.9,31891363.3,4550824183,4550824185,1472653904568371
freshP,20,7,1,port_xmit_packets,32083004.9,32083481.2,32083243.1,9628984663,9628984665,1472653904568371
freshP,20,7,1,port_rcv_packets,32083097.4,32083575.3,32083336.3,4550824185,4550824187,1472653904568371
freshP,20,7,1,local_ack_timeout_err,33021500.0,33022088.4,33021794.2,5737,5738,1472653904568371
freshP,20,7,1,port_xmit_packets,33021696.4,33022189.8,33021943.1,9628984665,9628984666,1472653904568371
freshP,20,7,1,port_xmit_packets,33171099.9,33171575.6,33171337.7,9628984666,9628984668,1472653904568371
freshP,20,7,1,port_rcv_packets,33171192.5,33171668.5,33171430.5,4550824187,4550824189,1472653904568371
freshP,20,7,1,port_xmit_packets,33363034.8,33363511.0,33363272.9,9628984668,9628984670,1472653904568371
freshP,20,7,1,port_rcv_packets,33363127.9,33363604.5,33363366.2,4550824189,4550824191,1472653904568371
freshP,20,7,1,port_rcv_packets,34451043.7,34451531.4,34451287.5,4550824191,4550824193,1472653904568371
freshP,20,7,1,port_xmit_packets,34451331.9,34451820.9,34451576.4,9628984670,9628984672,1472653904568371
freshP,20,7,1,port_xmit_packets,34643164.7,34643639.6,34643402.2,9628984672,9628984674,1472653904568371
freshP,20,7,1,port_rcv_packets,34643257.6,34643732.9,34643495.2,4550824193,4550824195,1472653904568371
freshP,20,7,1,port_xmit_packets,35731107.6,35731591.3,35731349.4,9628984674,9628984676,1472653904568371
freshP,20,7,1,port_rcv_packets,35731201.1,35731687.4,35731444.3,4550824195,4550824197,1472653904568371
freshP,20,7,1,port_xmit_packets,35923272.2,35923759.5,35923515.8,9628984676,9628984678,1472653904568371
freshP,20,7,1,port_rcv_packets,35923365.6,35923852.8,35923609.2,4550824197,4550824199,1472653904568371
freshP,20,7,1,port_rcv_packets,37011162.0,37011637.9,37011399.9,4550824199,4550824201,1472653904568371
freshP,20,7,1,port_xmit_packets,37011451.6,37011927.7,37011689.7,9628984678,9628984680,1472653904568371
freshP,20,7,1,port_xmit_packets,37203111.4,37203588.4,37203349.9,9628984680,9628984682,1472653904568371
freshP,20,7,1,port_rcv_packets,37203204.8,37203681.2,37203443.0,4550824201,4550824203,1472653904568371
freshP,20,7,1,port_xmit_packets,38291342.9,38291837.2,38291590.1,9628984682,9628984684,1472653904568371
freshP,20,7,1,port_rcv_packets,38291435.9,38291930.4,38291683.1,4550824203,4550824205,1472653904568371
freshP,20,7,1,port_rcv_packets,38483129.9,38483606.2,38483368.0,4550824205,4550824207,1472653904568371
freshP,20,7,1,port_xmit_packets,38483419.9,38483896.3,38483658.1,9628984684,9628984686,1472653904568371
freshP,20,7,1,port_xmit_packets,39571323.7,39571802.5,39571563.1,9628984686,9628984688,1472653904568371
freshP,20,7,1,port_rcv_packets,39571416.6,39571896.2,39571656.4,4550824207,4550824209,1472653904568371
freshP,20,7,1,port_rcv_packets,39763157.5,39763634.2,39763395.8,4550824209,4550824211,1472653904568371
freshP,20,7,1,port_xmit_packets,39763447.3,39763923.6,39763685.5,9628984688,9628984690,1472653904568371
freshP,20,7,1,port_rcv_packets,40851182.5,40851659.0,40851420.7,4550824211,4550824213,1472653904568371
freshP,20,7,1,port_xmit_packets,40851472.5,40851948.3,40851710.4,9628984690,9628984692,1472653904568371
freshP,20,7,1,port_xmit_packets,41043244.7,41043721.4,41043483.1,9628984692,9628984694,1472653904568371
freshP,20,7,1,port_rcv_packets,41043337.7,41043814.1,41043575.9,4550824213,4550824215,1472653904568371
freshP,20,7,1,local_ack_timeout_err,41611816.9,41612407.8,41612112.4,5738,5739,1472653904568371
freshP,20,7,1,port_xmit_packets,41612018.4,41612501.5,41612259.9,9628984694,9628984695,1472653904568371
freshP,20,7,1,port_xmit_packets,42131250.4,42131749.5,42131499.9,9628984695,9628984697,1472653904568371
freshP,20,7,1,port_rcv_packets,42131344.0,42131845.2,42131594.6,4550824215,4550824217,1472653904568371
freshP,20,7,1,port_xmit_packets,42323205.7,42323684.4,42323445.1,9628984697,9628984699,1472653904568371
freshP,20,7,1,port_rcv_packets,42323299.0,42323778.1,42323538.6,4550824217,4550824219,1472653904568371
freshP,20,7,1,port_xmit_packets,43411387.4,43411864.8,43411626.1,9628984699,9628984701,1472653904568371
freshP,20,7,1,port_rcv_packets,43411480.3,43411958.0,43411719.1,4550824219,4550824221,1472653904568371
freshP,20,7,1,port_xmit_packets,43603479.8,43603963.7,43603721.8,9628984701,9628984703,1472653904568371
freshP,20,7,1,port_rcv_packets,43603572.6,43604056.7,43603814.7,4550824221,4550824223,1472653904568371
freshP,20,7,1,port_rcv_packets,44691316.4,44691799.3,44691557.8,4550824223,4550824225,1472653904568371
freshP,20,7,1,port_xmit_packets,44691606.2,44692090.7,44691848.5,9628984703,9628984705,1472653904568371
freshP,20,7,1,port_rcv_packets,44883337.4,44883814.1,44883575.8,4550824225,4550824227,1472653904568371
freshP,20,7,1,port_xmit_packets,44883627.3,44884103.1,44883865.2,9628984705,9628984707,1472653904568371
freshP,20,7,1,port_xmit_packets,45971574.6,45972052.1,45971813.3,9628984707,9628984709,1472653904568371
freshP,20,7,1,port_rcv_packets,45971668.3,45972144.8,45971906.6,4550824227,4550824229,1472653904568371
freshP,20,7,1,port_xmit_packets,46163302.0,46163775.1,46163538.5,9628984709,9628984710,1472653904568371
freshP,20,7,1,port_rcv_packets,46163394.6,46163868.2,46163631.4,4550824229,4550824231,1472653904568371
freshP,20,7,1,port_xmit_packets,46163682.1,46164158.3,46163920.2,9628984710,9628984711,1472653904568371
freshP,20,7,1,port_rcv_packets,47251400.8,47251876.0,47251638.4,4550824231,4550824233,1472653904568371
freshP,20,7,1,port_xmit_packets,47251690.2,47252165.5,47251927.9,9628984711,9628984713,1472653904568371
freshP,20,7,1,port_xmit_packets,47443590.3,47444068.1,47443829.2,9628984713,9628984715,1472653904568371
freshP,20,7,1,port_rcv_packets,47443685.0,47444160.9,47443923.0,4550824233,4550824235,1472653904568371
freshP,20,7,1,port_xmit_packets,48531399.6,48531875.0,48531637.3,9628984715,9628984717,1472653904568371
freshP,20,7,1,port_rcv_packets,48531492.5,48531967.7,48531730.1,4550824235,4550824237,1472653904568371
freshP,20,7,1,port_xmit_packets,48723546.3,48724032.8,48723789.5,9628984717,9628984719,1472653904568371
freshP,20,7,1,port_rcv_packets,48723640.1,48724126.3,48723883.2,4550824237,4550824239,1472653904568371
freshP,20,7,1,port_xmit_packets,49811538.0,49812013.2,49811775.6,9628984719,9628984721,1472653904568371
freshP,20,7,1,port_rcv_packets,49811631.1,49812106.5,49811868.8,4550824239,4550824241,1472653904568371
freshP,20,7,1,port_rcv_packets,50003444.7,50003928.7,50003686.7,4550824241,4550824243,1472653904568371
freshP,20,7,1,port_xmit_packets,50003733.6,50004218.1,50003975.8,9628984721,9628984723,1472653904568371
freshP,20,7,1,local_ack_timeout_err,50201823.1,50202411.2,50202117.2,5739,5740,1472653904568371
freshP,20,7,1,port_xmit_packets,50202020.8,50202505.3,50202263.1,9628984723,9628984724,1472653904568371
freshP,20,7,1,port_xmit_packets,51091553.4,51092029.5,51091791.5,9628984724,9628984726,1472653904568371
freshP,20,7,1,port_rcv_packets,51091646.5,51092121.9,51091884.2,4550824243,4550824245,1472653904568371
freshP,20,7,1,port_xmit_packets,51283432.3,51283908.4,51283670.4,9628984726,9628984727,1472653904568371
freshP,20,7,1,port_rcv_packets,51283525.1,51284001.4,51283763.3,4550824245,4550824247,1472653904568371
freshP,20,7,1,port_xmit_packets,51283814.7,51284292.0,51284053.3,9628984727,9628984728,1472653904568371
freshP,20,7,1,port_xmit_packets,52371552.8,52372034.8,52371793.8,9628984728,9628984730,1472653904568371
freshP,20,7,1,port_rcv_packets,52371651.0,52372127.6,52371889.3,4550824247,4550824249,1472653904568371
freshP,20,7,1,port_xmit_packets,52563650.4,52564134.6,52563892.5,9628984730,9628984732,1472653904568371
freshP,20,7,1,port_rcv_packets,52563743.4,52564227.1,52563985.2,4550824249,4550824251,1472653904568371
freshP,20,7,1,port_xmit_packets,53651770.5,53652246.6,53652008.6,9628984732,9628984734,1472653904568371
freshP,20,7,1,port_rcv_packets,53651863.8,53652339.7,53652101.8,4550824251,4550824253,1472653904568371
freshP,20,7,1,port_rcv_packets,53843546.5,53844022.2,53843784.3,4550824253,4550824255,1472653904568371
freshP,20,7,1,port_xmit_packets,53843835.3,53844313.3,53844074.3,9628984734,9628984736,1472653904568371
freshP,20,7,1,port_xmit_packets,54931695.2,54932172.2,54931933.7,9628984736,9628984738,1472653904568371
freshP,20,7,1,port_rcv_packets,54931788.5,54932265.0,54932026.7,4550824255,4550824257,1472653904568371
freshP,20,7,1,port_xmit_packets,55123804.4,55124280.2,55124042.3,9628984738,9628984740,1472653904568371
freshP,20,7,1,port_rcv_packets,55123897.0,55124373.4,55124135.2,4550824257,4550824259,1472653904568371
freshP,20,7,1,port_rcv_packets,56211564.0,56212042.2,56211803.1,4550824259,4550824260,1472653904568371
freshP,20,7,1,port_xmit_packets,56211855.6,56212334.6,56212095.1,9628984740,9628984742,1472653904568371
freshP,20,7,1,port_rcv_packets,56211948.8,56212428.5,56212188.6,4550824260,4550824261,1472653904568371
freshP,20,7,1,port_xmit_packets,56403777.0,56404257.4,56404017.2,9628984742,9628984744,1472653904568371
freshP,20,7,1,port_rcv_packets,56403870.9,56404351.5,56404111.2,4550824261,4550824263,1472653904568371
freshP,20,7,1,port_xmit_packets,57491883.4,57492359.5,57492121.5,9628984744,9628984746,1472653904568371
freshP,20,7,1,port_rcv_packets,57491976.3,57492452.9,57492214.6,4550824263,4550824265,1472653904568371
freshP,20,7,1,port_xmit_packets,57683615.8,57684092.5,57683854.1,9628984746,9628984748,1472653904568371
freshP,20,7,1,port_rcv_packets,57683709.2,57684185.1,57683947.2,4550824265,4550824267,1472653904568371
freshP,20,7,1,port_rcv_packets,58771682.5,58772157.4,58771920.0,4550824267,4550824269,1472653904568371
freshP,20,7,1,port_xmit_packets,58771972.2,58772447.8,58772210.0,9628984748,9628984750,1472653904568371
freshP,20,7,1,local_ack_timeout_err,58792050.1,58792647.4,58792348.7,5740,5741,1472653904568371
freshP,20,7,1,req_cqe_error,58792440.2,58793041.2,58792740.7,23244,23245,1472653904568371
freshP,20,7,1,port_xmit_packets,-87134.1,-86651.7,-86892.9,9628984753,9628984755,1472714043547941
freshP,20,7,1,port_rcv_packets,-87041.7,-86558.7,-86800.2,4550824272,4550824274,1472714043547941
freshP,20,7,1,port_xmit_packets,-125.9,348.0,111.1,9628984755,9628984756,1472714043547941
freshP,20,7,1,roce_adp_retrans,20295.1,20881.5,20588.3,5420,5421,1472714043547941
freshP,20,7,1,port_xmit_packets,20492.0,20975.1,20733.5,9628984756,9628984757,1472714043547941
freshP,20,7,1,roce_adp_retrans,37103.8,37688.4,37396.1,5421,5422,1472714043547941
freshP,20,7,1,port_xmit_packets,37301.3,37781.9,37541.6,9628984757,9628984758,1472714043547941
freshP,20,7,1,roce_adp_retrans,62332.9,62914.6,62623.7,5422,5423,1472714043547941
freshP,20,7,1,port_xmit_packets,62528.9,63007.4,62768.1,9628984758,9628984759,1472714043547941
freshP,20,7,1,port_rcv_packets,104689.6,105163.9,104926.7,4550824274,4550824276,1472714043547941
freshP,20,7,1,port_xmit_packets,104978.7,105455.4,105217.0,9628984759,9628984761,1472714043547941
freshP,20,7,1,roce_adp_retrans,129237.5,129823.7,129530.6,5423,5424,1472714043547941
freshP,20,7,1,port_xmit_packets,129434.5,129918.5,129676.5,9628984761,9628984762,1472714043547941
freshP,20,7,1,roce_adp_retrans,263474.6,264062.4,263768.5,5424,5425,1472714043547941
freshP,20,7,1,port_xmit_packets,263671.2,264156.9,263914.0,9628984762,9628984763,1472714043547941
freshP,20,7,1,roce_adp_retrans,532052.4,532640.4,532346.4,5425,5426,1472714043547941
freshP,20,7,1,port_xmit_packets,532250.0,532734.1,532492.0,9628984763,9628984764,1472714043547941
freshP,20,7,1,roce_adp_retrans,1068849.1,1069438.8,1069144.0,5426,5427,1472714043547941
freshP,20,7,1,port_xmit_packets,1069046.6,1069533.6,1069290.1,9628984764,9628984765,1472714043547941
freshP,20,7,1,port_xmit_packets,1192907.5,1193382.3,1193144.9,9628984765,9628984767,1472714043547941
freshP,20,7,1,port_rcv_packets,1193000.0,1193475.6,1193237.8,4550824276,4550824278,1472714043547941
freshP,20,7,1,port_xmit_packets,1384780.0,1385254.8,1385017.4,9628984767,9628984769,1472714043547941
freshP,20,7,1,port_rcv_packets,1384873.7,1385347.5,1385110.6,4550824278,4550824280,1472714043547941
freshP,20,7,1,roce_adp_retrans,1874261.7,1874848.7,1874555.2,5427,5428,1472714043547941
freshP,20,7,1,port_xmit_packets,1874458.0,1874942.5,1874700.3,9628984769,9628984770,1472714043547941
freshP,20,7,1,port_xmit_packets,2472766.0,2473256.8,2473011.4,9628984770,9628984772,1472714043547941
freshP,20,7,1,port_rcv_packets,2472858.8,2473349.9,2473104.3,4550824280,4550824282,1472714043547941
freshP,20,7,1,port_rcv_packets,2664667.1,2665144.2,2664905.6,4550824282,4550824283,1472714043547941
freshP,20,7,1,port_xmit_packets,2664957.4,2665438.9,2665198.2,9628984772,9628984774,1472714043547941
freshP,20,7,1,port_rcv_packets,2665051.0,2665532.1,2665291.5,4550824283,4550824284,1472714043547941
freshP,20,7,1,port_xmit_packets,3752803.9,3753294.6,3753049.2,9628984774,9628984776,1472714043547941
freshP,20,7,1,port_rcv_packets,3752896.5,3753387.5,3753142.0,4550824284,4550824286,1472714043547941
freshP,20,7,1,port_xmit_packets,3944859.1,3945336.1,3945097.6,9628984776,9628984778,1472714043547941
freshP,20,7,1,port_rcv_packets,3944952.0,3945428.9,3945190.5,4550824286,4550824288,1472714043547941
freshP,20,7,1,roce_adp_retrans,4021930.0,4022518.9,4022224.4,5428,5429,1472714043547941
freshP,20,7,1,port_xmit_packets,4022129.5,4022612.5,4022371.0,9628984778,9628984779,1472714043547941
freshP,20,7,1,port_xmit_packets,5033011.2,5033486.5,5033248.9,9628984779,9628984781,1472714043547941
freshP,20,7,1,port_rcv_packets,5033103.6,5033579.6,5033341.6,4550824288,4550824290,1472714043547941
freshP,20,7,1,port_xmit_packets,5224757.9,5225232.9,5224995.4,9628984781,9628984782,1472714043547941
freshP,20,7,1,port_rcv_packets,5224850.8,5225325.7,5225088.3,4550824290,4550824292,1472714043547941
freshP,20,7,1,port_xmit_packets,5225140.1,5225617.6,5225378.9,9628984782,9628984783,1472714043547941
freshP,20,7,1,port_xmit_packets,6312880.9,6313364.4,6313122.6,9628984783,9628984785,1472714043547941
freshP,20,7,1,port_rcv_packets,6312973.5,6313457.9,6313215.7,4550824292,4550824294,1472714043547941
freshP,20,7,1,port_xmit_packets,6504986.7,6505462.4,6505224.6,9628984785,9628984787,1472714043547941
freshP,20,7,1,port_rcv_packets,6505079.8,6505555.5,6505317.6,4550824294,4550824296,1472714043547941
freshP,20,7,1,port_xmit_packets,7243129.6,7243613.2,7243371.4,9628984787,9628984788,1472714043547941
freshP,20,7,1,roce_adp_retrans,7243316.4,7243911.6,7243614.0,5429,5430,1472714043547941
freshP,20,7,1,port_rcv_packets,7592887.4,7593362.5,7593125.0,4550824296,4550824298,1472714043547941
freshP,20,7,1,port_xmit_packets,7593176.3,7593652.2,7593414.3,9628984788,9628984790,1472714043547941
freshP,20,7,1,port_rcv_packets,7784828.1,7785303.6,7785065.8,4550824298,4550824300,1472714043547941
freshP,20,7,1,port_xmit_packets,7785117.0,7785594.6,7785355.8,9628984790,9628984792,1472714043547941
freshP,20,7,1,port_xmit_packets,8873055.8,8873531.3,8873293.6,9628984792,9628984794,1472714043547941
freshP,20,7,1,port_rcv_packets,8873148.6,8873624.0,8873386.3,4550824300,4550824302,1472714043547941
freshP,20,7,1,port_xmit_packets,9065046.7,9065522.0,9065284.3,9628984794,9628984796,1472714043547941
freshP,20,7,1,port_rcv_packets,9065139.6,9065615.3,9065377.5,4550824302,4550824304,1472714043547941
freshP,20,7,1,port_xmit_packets,10153037.3,10153519.0,10153278.2,9628984796,9628984798,1472714043547941
freshP,20,7,1,port_rcv_packets,10153131.0,10153612.5,10153371.8,4550824304,4550824306,1472714043547941
freshP,20,7,1,port_xmit_packets,10344983.5,10345463.2,10345223.3,9628984798,9628984800,1472714043547941
freshP,20,7,1,port_rcv_packets,10345077.1,10345557.6,10345317.4,4550824306,4550824308,1472714043547941
freshP,20,7,1,port_xmit_packets,11432999.6,11433489.8,11433244.7,9628984800,9628984802,1472714043547941
freshP,20,7,1,port_rcv_packets,11433092.8,11433582.8,11433337.8,4550824308,4550824310,1472714043547941
freshP,20,7,1,port_xmit_packets,11625149.7,11625633.2,11625391.4,9628984802,9628984804,1472714043547941
freshP,20,7,1,port_rcv_packets,11625242.7,11625726.3,11625484.5,4550824310,4550824312,1472714043547941
freshP,20,7,1,port_rcv_packets,12712955.8,12713430.3,12713193.0,4550824312,4550824314,1472714043547941
freshP,20,7,1,port_xmit_packets,12713244.5,12713719.0,12713481.7,9628984804,9628984806,1472714043547941
freshP,20,7,1,port_rcv_packets,12905011.7,12905487.9,12905249.8,4550824314,4550824316,1472714043547941
freshP,20,7,1,port_xmit_packets,12905302.0,12905777.3,12905539.6,9628984806,9628984808,1472714043547941
freshP,20,7,1,port_rcv_packets,13992996.4,13993470.6,13993233.5,4550824316,4550824318,1472714043547941
freshP,20,7,1,port_xmit_packets,13993285.0,13993761.6,13993523.3,9628984808,9628984810,1472714043547941
freshP,20,7,1,port_xmit_packets,14185087.7,14185562.2,14185324.9,9628984810,9628984812,1472714043547941
freshP,20,7,1,port_rcv_packets,14185180.8,14185655.9,14185418.4,4550824318,4550824320,1472714043547941
freshP,20,7,1,port_xmit_packets,15273253.7,15273731.7,15273492.7,9628984812,9628984814,1472714043547941
freshP,20,7,1,port_rcv_packets,15273346.4,15273824.7,15273585.5,4550824320,4550824322,1472714043547941
freshP,20,7,1,port_rcv_packets,15465066.1,15465552.6,15465309.3,4550824322,4550824324,1472714043547941
freshP,20,7,1,port_xmit_packets,15465356.7,15465842.4,15465599.6,9628984814,9628984816,1472714043547941
freshP,20,7,1,local_ack_timeout_err,15833313.7,15833904.0,15833608.9,5741,5742,1472714043547941
freshP,20,7,1,port_xmit_packets,15833511.9,15833997.3,15833754.6,9628984816,9628984817,1472714043547941
freshP,20,7,1,port_rcv_packets,16553054.8,16553535.3,16553295.1,4550824324,4550824326,1472714043547941
freshP,20,7,1,port_xmit_packets,16553347.1,16553827.5,16553587.3,9628984817,9628984819,1472714043547941
freshP,20,7,1,port_xmit_packets,16745322.3,16745802.5,16745562.4,9628984819,9628984821,1472714043547941
freshP,20,7,1,port_rcv_packets,16745415.8,16745896.4,16745656.1,4550824326,4550824328,1472714043547941
freshP,20,7,1,port_xmit_packets,17833099.4,17833575.0,17833337.2,9628984821,9628984823,1472714043547941
freshP,20,7,1,port_rcv_packets,17833192.3,17833667.8,17833430.0,4550824328,4550824330,1472714043547941
freshP,20,7,1,port_rcv_packets,18025083.9,18025559.7,18025321.8,4550824330,4550824332,1472714043547941
freshP,20,7,1,port_xmit_packets,18025373.0,18025848.9,18025611.0,9628984823,9628984825,1472714043547941
freshP,20,7,1,port_xmit_packets,19113274.8,19113750.4,19113512.6,9628984825,9628984827,1472714043547941
freshP,20,7,1,port_rcv_packets,19113367.9,19113843.1,19113605.5,4550824332,4550824334,1472714043547941
freshP,20,7,1,port_rcv_packets,19305155.7,19305642.2,19305398.9,4550824334,4550824336,1472714043547941
freshP,20,7,1,port_xmit_packets,19305445.4,19305935.8,19305690.6,9628984827,9628984829,1472714043547941
freshP,20,7,1,port_xmit_packets,20393325.7,20393813.6,20393569.6,9628984829,9628984831,1472714043547941
freshP,20,7,1,port_rcv_packets,20393419.3,20393906.1,20393662.7,4550824336,4550824338,1472714043547941
freshP,20,7,1,port_xmit_packets,20585357.9,20585832.2,20585595.0,9628984831,9628984833,1472714043547941
freshP,20,7,1,port_rcv_packets,20585450.5,20585924.9,20585687.7,4550824338,4550824340,1472714043547941
freshP,20,7,1,port_xmit_packets,21673299.4,21673775.5,21673537.4,9628984833,9628984835,1472714043547941
freshP,20,7,1,port_rcv_packets,21673392.0,21673868.8,21673630.4,4550824340,4550824342,1472714043547941
freshP,20,7,1,port_xmit_packets,21865245.3,21865721.2,21865483.2,9628984835,9628984837,1472714043547941
freshP,20,7,1,port_rcv_packets,21865338.4,21865814.5,21865576.5,4550824342,4550824344,1472714043547941
freshP,20,7,1,port_xmit_packets,22953234.7,22953710.8,22953472.7,9628984837,9628984839,1472714043547941
freshP,20,7,1,port_rcv_packets,22953328.0,22953804.3,22953566.1,4550824344,4550824346,1472714043547941
freshP,20,7,1,port_xmit_packets,23145331.7,23145808.6,23145570.2,9628984839,9628984841,1472714043547941
freshP,20,7,1,port_rcv_packets,23145424.7,23145901.8,23145663.3,4550824346,4550824348,1472714043547941
freshP,20,7,1,port_rcv_packets,24233285.2,24233787.5,24233536.4,4550824348,4550824350,1472714043547941
freshP,20,7,1,port_xmit_packets,24233577.4,24234080.2,24233828.8,9628984841,9628984843,1472714043547941
freshP,20,7,1,local_ack_timeout_err,24423427.0,24424022.4,24423724.7,5742,5743,1472714043547941
freshP,20,7,1,port_xmit_packets,24423626.2,24424117.5,24423871.9,9628984843,9628984844,1472714043547941
freshP,20,7,1,port_rcv_packets,24425278.7,24425756.8,24425517.8,4550824350,4550824352,1472714043547941
freshP,20,7,1,port_xmit_packets,24425569.9,24426049.7,24425809.8,9628984844,9628984846,1472714043547941
freshP,20,7,1,port_xmit_packets,25513452.6,25513945.3,25513699.0,9628984846,9628984848,1472714043547941
freshP,20,7,1,port_rcv_packets,25513545.9,25514037.8,25513791.8,4550824352,4550824354,1472714043547941
freshP,20,7,1,port_rcv_packets,25705286.7,25705763.3,25705525.0,4550824354,4550824356,1472714043547941
freshP,20,7,1,port_xmit_packets,25705576.3,25706053.5,25705814.9,9628984848,9628984850,1472714043547941
freshP,20,7,1,port_rcv_packets,26793315.6,26793790.3,26793552.9,4550824356,4550824358,1472714043547941
freshP,20,7,1,port_xmit_packets,26793604.5,26794079.5,26793842.0,9628984850,9628984852,1472714043547941
freshP,20,7,1,port_xmit_packets,26985541.6,26986019.6,26985780.6,9628984852,9628984854,1472714043547941
freshP,20,7,1,port_rcv_packets,26985634.9,26986112.4,26985873.6,4550824358,4550824360,1472714043547941
freshP,20,7,1,port_xmit_packets,28073471.8,28073947.8,28073709.8,9628984854,9628984856,1472714043547941
freshP,20,7,1,port_rcv_packets,28073565.1,28074040.9,28073803.0,4550824360,4550824362,1472714043547941
freshP,20,7,1,port_xmit_packets,28265614.8,28266090.3,28265852.5,9628984856,9628984858,1472714043547941
freshP,20,7,1,port_rcv_packets,28265707.8,28266182.9,28265945.4,4550824362,4550824364,1472714043547941
freshP,20,7,1,port_xmit_packets,29353654.8,29354129.1,29353891.9,9628984858,9628984860,1472714043547941
freshP,20,7,1,port_rcv_packets,29353747.6,29354221.9,29353984.7,4550824364,4550824366,1472714043547941
freshP,20,7,1,port_xmit_packets,29545387.1,29545863.3,29545625.2,9628984860,9628984862,1472714043547941
freshP,20,7,1,port_rcv_packets,29545480.0,29545956.0,29545718.0,4550824366,4550824368,1472714043547941
freshP,20,7,1,port_xmit_packets,30633682.7,30634162.5,30633922.6,9628984862,9628984864,1472714043547941
freshP,20,7,1,port_rcv_packets,30633776.6,30634256.5,30634016.6,4550824368,4550824370,1472714043547941
freshP,20,7,1,port_xmit_packets,30825463.8,30825943.7,30825703.7,9628984864,9628984866,1472714043547941
freshP,20,7,1,port_rcv_packets,30825557.6,30826037.4,30825797.5,4550824370,4550824372,1472714043547941
freshP,20,7,1,port_xmit_packets,31913521.5,31913999.4,31913760.5,9628984866,9628984868,1472714043547941
freshP,20,7,1,port_rcv_packets,31913614.3,31914092.0,31913853.2,4550824372,4550824374,1472714043547941
freshP,20,7,1,port_rcv_packets,32105463.6,32105938.5,32105701.1,4550824374,4550824376,1472714043547941
freshP,20,7,1,port_xmit_packets,32105753.1,32106228.0,32105990.6,9628984868,9628984870,1472714043547941
freshP,20,7,1,local_ack_timeout_err,33013505.9,33014095.9,33013800.9,5743,5744,1472714043547941
freshP,20,7,1,port_xmit_packets,33013701.8,33014191.0,33013946.4,9628984870,9628984871,1472714043547941
freshP,20,7,1,port_rcv_packets,33193544.5,33194018.5,33193781.5,4550824376,4550824378,1472714043547941
freshP,20,7,1,port_xmit_packets,33193833.0,33194307.5,33194070.2,9628984871,9628984873,1472714043547941
freshP,20,7,1,port_xmit_packets,33385482.2,33385957.9,33385720.0,9628984873,9628984874,1472714043547941
freshP,20,7,1,port_rcv_packets,33385575.1,33386050.9,33385813.0,4550824378,4550824380,1472714043547941
freshP,20,7,1,port_xmit_packets,33385865.1,33386340.5,33386102.8,9628984874,9628984875,1472714043547941
freshP,20,7,1,port_xmit_packets,34473789.2,34474263.7,34474026.5,9628984875,9628984877,1472714043547941
freshP,20,7,1,port_rcv_packets,34473881.9,34474356.5,34474119.2,4550824380,4550824382,1472714043547941
freshP,20,7,1,port_xmit_packets,34665782.4,34666257.0,34666019.7,9628984877,9628984879,1472714043547941
freshP,20,7,1,port_rcv_packets,34665875.4,34666350.0,34666112.7,4550824382,4550824384,1472714043547941
freshP,20,7,1,port_rcv_packets,35753613.0,35754090.1,35753851.5,4550824384,4550824386,1472714043547941
freshP,20,7,1,port_xmit_packets,35753904.1,35754380.2,35754142.2,9628984879,9628984881,1472714043547941
freshP,20,7,1,port_xmit_packets,35945590.7,35946084.5,35945837.6,9628984881,9628984883,1472714043547941
freshP,20,7,1,port_rcv_packets,35945685.0,35946177.8,35945931.4,4550824386,4550824388,1472714043547941
freshP,20,7,1,port_rcv_packets,37033665.1,37034140.5,37033902.8,4550824388,4550824390,1472714043547941
freshP,20,7,1,port_xmit_packets,37033954.3,37034430.5,37034192.4,9628984883,9628984885,1472714043547941
freshP,20,7,1,port_rcv_packets,37225718.7,37226192.9,37225955.8,4550824390,4550824392,1472714043547941
freshP,20,7,1,port_xmit_packets,37226007.4,37226484.7,37226246.1,9628984885,9628984887,1472714043547941
freshP,20,7,1,port_xmit_packets,38313735.9,38314227.1,38313981.5,9628984887,9628984889,1472714043547941
freshP,20,7,1,port_rcv_packets,38313829.8,38314320.9,38314075.3,4550824392,4550824394,1472714043547941
freshP,20,7,1,port_xmit_packets,38505866.9,38506349.3,38506108.1,9628984889,9628984891,1472714043547941
freshP,20,7,1,port_rcv_packets,38505960.3,38506443.6,38506201.9,4550824394,4550824396,1472714043547941
freshP,20,7,1,port_xmit_packets,39593674.3,39594149.0,39593911.6,9628984891,9628984892,1472714043547941
freshP,20,7,1,port_rcv_packets,39593766.9,39594242.1,39594004.5,4550824396,4550824398,1472714043547941
freshP,20,7,1,port_xmit_packets,39594055.6,39594531.2,39594293.4,9628984892,9628984893,1472714043547941
freshP,20,7,1,port_xmit_packets,39785737.8,39786211.5,39785974.7,9628984893,9628984895,1472714043547941
freshP,20,7,1,port_rcv_packets,39785830.4,39786304.9,39786067.6,4550824398,4550824400,1472714043547941
freshP,20,7,1,port_rcv_packets,40873717.9,40874193.1,40873955.5,4550824400,4550824402,1472714043547941
freshP,20,7,1,port_xmit_packets,40874007.1,40874483.0,40874245.1,9628984895,9628984897,1472714043547941
freshP,20,7,1,port_xmit_packets,41065800.4,41066273.7,41066037.0,9628984897,9628984899,1472714043547941
freshP,20,7,1,port_rcv_packets,41065893.0,41066366.2,41066129.6,4550824402,4550824404,1472714043547941
freshP,20,7,1,local_ack_timeout_err,41603723.0,41604308.2,41604015.6,5744,5745,1472714043547941
freshP,20,7,1,port_xmit_packets,41603919.1,41604401.9,41604160.5,9628984899,9628984900,1472714043547941
freshP,20,7,1,port_xmit_packets,42153741.8,42154217.6,42153979.7,9628984900,9628984901,1472714043547941
freshP,20,7,1,port_rcv_packets,42153834.7,42154310.8,42154072.7,4550824404,4550824406,1472714043547941
freshP,20,7,1,port_xmit_packets,42154124.6,42154601.7,42154363.2,9628984901,9628984902,1472714043547941
freshP,20,7,1,port_xmit_packets,42345890.8,42346366.6,42346128.7,9628984902,9628984904,1472714043547941
freshP,20,7,1,port_rcv_packets,42345983.6,42346459.4,42346221.5,4550824406,4550824408,1472714043547941
freshP,20,7,1,port_xmit_packets,43434011.3,43434486.9,43434249.1,9628984904,9628984906,1472714043547941
freshP,20,7,1,port_rcv_packets,43434104.4,43434579.8,43434342.1,4550824408,4550824410,1472714043547941
freshP,20,7,1,port_xmit_packets,43625877.4,43626351.4,43626114.4,9628984906,9628984908,1472714043547941
freshP,20,7,1,port_rcv_packets,43625970.0,43626444.7,43626207.4,4550824410,4550824412,1472714043547941
freshP,20,7,1,port_xmit_packets,44714027.1,44714505.9,44714266.5,9628984908,9628984910,1472714043547941
freshP,20,7,1,port_rcv_packets,44714120.1,44714599.7,44714359.9,4550824412,4550824414,1472714043547941
freshP,20,7,1,port_rcv_packets,44905814.8,44906293.1,44906053.9,4550824414,4550824416,1472714043547941
freshP,20,7,1,port_xmit_packets,44906106.2,44906585.6,44906345.9,9628984910,9628984912,1472714043547941
freshP,20,7,1,port_rcv_packets,45993832.9,45994308.4,45994070.6,4550824416,4550824418,1472714043547941
freshP,20,7,1,port_xmit_packets,45994122.8,45994598.0,45994360.4,9628984912,9628984914,1472714043547941
freshP,20,7,1,port_xmit_packets,46185954.3,46186443.9,46186199.1,9628984914,9628984916,1472714043547941
freshP,20,7,1,port_rcv_packets,46186047.3,46186536.2,46186291.7,4550824418,4550824420,1472714043547941
freshP,20,7,1,port_xmit_packets,47274026.7,47274502.6,47274264.6,9628984916,9628984918,1472714043547941
freshP,20,7,1,port_rcv_packets,47274119.9,47274595.3,47274357.6,4550824420,4550824422,1472714043547941
freshP,20,7,1,port_xmit_packets,47465987.4,47466462.3,47466224.9,9628984918,9628984920,1472714043547941
freshP,20,7,1,port_rcv_packets,47466080.4,47466555.2,47466317.8,4550824422,4550824424,1472714043547941
freshP,20,7,1,port_xmit_packets,48553925.2,48554401.5,48554163.4,9628984920,9628984922,1472714043547941
freshP,20,7,1,port_rcv_packets,48554018.3,48554495.0,48554256.7,4550824424,4550824426,1472714043547941
freshP,20,7,1,port_xmit_packets,48745982.3,48746469.5,48746225.9,9628984922,9628984924,1472714043547941
freshP,20,7,1,port_rcv_packets,48746076.3,48746562.5,48746319.4,4550824426,4550824428,1472714043547941
freshP,20,7,1,port_xmit_packets,49833956.6,49834433.1,49834194.8,9628984924,9628984925,1472714043547941
freshP,20,7,1,port_rcv_packets,49834049.7,49834526.1,49834287.9,4550824428,4550824430,1472714043547941
freshP,20,7,1,port_xmit_packets,49834340.1,49834815.7,49834577.9,9628984925,9628984926,1472714043547941
freshP,20,7,1,port_xmit_packets,50026046.1,50026521.8,50026284.0,9628984926,9628984928,1472714043547941
freshP,20,7,1,port_rcv_packets,50026139.8,50026615.0,50026377.4,4550824430,4550824432,1472714043547941
freshP,20,7,1,local_ack_timeout_err,50193891.0,50194480.5,50194185.8,5745,5746,1472714043547941
freshP,20,7,1,port_xmit_packets,50194087.9,50194574.9,50194331.4,9628984928,9628984929,1472714043547941
freshP,20,7,1,port_rcv_packets,51114029.5,51114505.0,51114267.2,4550824432,4550824434,1472714043547941
freshP,20,7,1,port_xmit_packets,51114319.8,51114794.0,51114556.9,9628984929,9628984931,1472714043547941
freshP,20,7,1,port_rcv_packets,51305971.1,51306445.6,51306208.3,4550824434,4550824436,1472714043547941
freshP,20,7,1,port_xmit_packets,51306260.5,51306734.3,51306497.4,9628984931,9628984933,1472714043547941
freshP,20,7,1,port_xmit_packets,52394138.8,52394619.1,52394378.9,9628984933,9628984935,1472714043547941
freshP,20,7,1,port_rcv_packets,52394232.3,52394713.1,52394472.7,4550824436,4550824438,1472714043547941
freshP,20,7,1,port_xmit_packets,52586124.1,52586602.6,52586363.4,9628984935,9628984937,1472714043547941
freshP,20,7,1,port_rcv_packets,52586217.6,52586696.3,52586457.0,4550824438,4550824440,1472714043547941
freshP,20,7,1,port_xmit_packets,53674257.7,53674733.8,53674495.8,9628984937,9628984939,1472714043547941
freshP,20,7,1,port_rcv_packets,53674351.1,53674827.2,53674589.2,4550824440,4550824442,1472714043547941
freshP,20,7,1,port_xmit_packets,53866034.0,53866510.7,53866272.3,9628984939,9628984941,1472714043547941
freshP,20,7,1,port_rcv_packets,53866127.1,53866603.7,53866365.4,4550824442,4550824444,1472714043547941
freshP,20,7,1,port_xmit_packets,54954221.7,54954697.1,54954459.4,9628984941,9628984943,1472714043547941
freshP,20,7,1,port_rcv_packets,54954314.6,54954789.5,54954552.0,4550824444,4550824446,1472714043547941
freshP,20,7,1,port_xmit_packets,55146144.8,55146635.8,55146390.3,9628984943,9628984945,1472714043547941
freshP,20,7,1,port_rcv_packets,55146238.7,55146728.8,55146483.8,4550824446,4550824448,1472714043547941
freshP,20,7,1,port_rcv_packets,56234091.7,56234568.7,56234330.2,4550824448,4550824449,1472714043547941
freshP,20,7,1,port_xmit_packets,56234382.4,56234859.3,56234620.8,9628984945,9628984947,1472714043547941
freshP,20,7,1,port_rcv_packets,56234475.2,56234952.2,56234713.7,4550824449,4550824450,1472714043547941
freshP,20,7,1,port_xmit_packets,56426274.3,56426760.0,56426517.2,9628984947,9628984949,1472714043547941
freshP,20,7,1,port_rcv_packets,56426367.2,56426853.1,56426610.2,4550824450,4550824452,1472714043547941
freshP,20,7,1,port_rcv_packets,57514117.1,57514592.3,57514354.7,4550824452,4550824453,1472714043547941
freshP,20,7,1,port_xmit_packets,57514406.4,57514881.3,57514643.8,9628984949,9628984951,1472714043547941
freshP,20,7,1,port_rcv_packets,57514499.2,57514974.4,57514736.8,4550824453,4550824454,1472714043547941
freshP,20,7,1,port_xmit_packets,57706381.6,57706859.5,57706620.6,9628984951,9628984953,1472714043547941
freshP,20,7,1,port_rcv_packets,57706474.5,57706952.2,57706713.3,4550824454,4550824456,1472714043547941
freshP,20,7,1,local_ack_timeout_err,58783993.2,58784590.4,58784291.8,5746,5747,1472714043547941
freshP,20,7,1,req_cqe_error,58784381.6,58784993.5,58784687.6,23245,23246,1472714043547941
freshP,20,7,1,port_xmit_packets,58794264.5,58794770.6,58794517.5,9628984953,9628984955,1472714043547941
freshP,20,7,1,port_rcv_packets,58794365.8,58794865.4,58794615.6,4550824456,4550824458,1472714043547941
freshP,20,7,1,port_xmit_packets,-50879.1,-50399.0,-50639.1,9628984958,9628984960,1472774169116056
freshP,20,7,1,port_rcv_packets,-50786.4,-50306.1,-50546.2,4550824461,4550824463,1472774169116056
freshP,20,7,1,port_xmit_packets,-140.7,332.8,96.1,9628984960,9628984961,1472774169116056
freshP,20,7,1,roce_adp_retrans,34463.1,35050.1,34756.6,5430,5431,1472774169116056
freshP,20,7,1,port_xmit_packets,34659.7,35144.7,34902.2,9628984961,9628984962,1472774169116056
freshP,20,7,1,roce_adp_retrans,68122.0,68708.0,68415.0,5431,5432,1472774169116056
freshP,20,7,1,port_xmit_packets,68319.6,68801.9,68560.7,9628984962,9628984963,1472774169116056
freshP,20,7,1,port_xmit_packets,135241.0,135722.1,135481.5,9628984963,9628984964,1472774169116056
freshP,20,7,1,roce_adp_retrans,135427.1,136014.4,135720.8,5432,5433,1472774169116056
freshP,20,7,1,port_xmit_packets,140986.8,141461.7,141224.2,9628984964,9628984966,1472774169116056
freshP,20,7,1,port_rcv_packets,141079.5,141554.6,141317.1,4550824463,4550824465,1472774169116056
freshP,20,7,1,roce_adp_retrans,269589.3,270177.1,269883.2,5433,5434,1472774169116056
freshP,20,7,1,port_xmit_packets,269787.9,270271.1,270029.5,9628984966,9628984967,1472774169116056
freshP,20,7,1,roce_adp_retrans,538011.6,538601.5,538306.5,5434,5435,1472774169116056
freshP,20,7,1,port_xmit_packets,538209.9,538695.3,538452.6,9628984967,9628984968,1472774169116056
freshP,20,7,1,roce_adp_retrans,1074747.8,1075333.4,1075040.6,5435,5436,1472774169116056
freshP,20,7,1,port_xmit_packets,1074944.2,1075427.5,1075185.8,9628984968,9628984969,1472774169116056
freshP,20,7,1,port_rcv_packets,1229076.9,1229552.1,1229314.5,4550824465,4550824467,1472774169116056
freshP,20,7,1,port_xmit_packets,1229366.0,1229841.8,1229603.9,9628984969,9628984971,1472774169116056
freshP,20,7,1,port_xmit_packets,1421211.2,1421689.9,1421450.5,9628984971,9628984973,1472774169116056
freshP,20,7,1,port_rcv_packets,1421305.7,1421782.7,1421544.2,4550824467,4550824469,1472774169116056
freshP,20,7,1,port_xmit_packets,1880127.0,1880610.6,1880368.8,9628984973,9628984974,1472774169116056
freshP,20,7,1,roce_adp_retrans,1880314.1,1880904.0,1880609.1,5436,5437,1472774169116056
freshP,20,7,1,port_xmit_packets,2509034.5,2509527.0,2509280.8,9628984974,9628984976,1472774169116056
freshP,20,7,1,port_rcv_packets,2509127.7,2509620.0,2509373.9,4550824469,4550824471,1472774169116056
freshP,20,7,1,port_xmit_packets,2701075.9,2701558.2,2701317.1,9628984976,9628984978,1472774169116056
freshP,20,7,1,port_rcv_packets,2701169.0,2701651.2,2701410.1,4550824471,4550824473,1472774169116056
freshP,20,7,1,port_xmit_packets,3789163.2,3789638.9,3789401.1,9628984978,9628984980,1472774169116056
freshP,20,7,1,port_rcv_packets,3789255.9,3789731.6,3789493.7,4550824473,4550824475,1472774169116056
freshP,20,7,1,port_rcv_packets,3981022.8,3981497.7,3981260.3,4550824475,4550824476,1472774169116056
freshP,20,7,1,port_xmit_packets,3981312.2,3981786.6,3981549.4,9628984980,9628984982,1472774169116056
freshP,20,7,1,port_rcv_packets,3981405.0,3981879.2,3981642.1,4550824476,4550824477,1472774169116056
freshP,20,7,1,roce_adp_retrans,4027795.5,4028384.9,4028090.2,5437,5438,1472774169116056
freshP,20,7,1,port_xmit_packets,4027994.2,4028478.3,4028236.2,9628984982,9628984983,1472774169116056
freshP,20,7,1,port_rcv_packets,5069100.9,5069592.8,5069346.9,4550824477,4550824479,1472774169116056
freshP,20,7,1,port_xmit_packets,5069390.7,5069882.7,5069636.7,9628984983,9628984985,1472774169116056
freshP,20,7,1,port_xmit_packets,5261104.8,5261587.4,5261346.1,9628984985,9628984987,1472774169116056
freshP,20,7,1,port_rcv_packets,5261197.8,5261680.2,5261439.0,4550824479,4550824481,1472774169116056
freshP,20,7,1,port_xmit_packets,6349123.6,6349619.3,6349371.4,9628984987,9628984989,1472774169116056
freshP,20,7,1,port_rcv_packets,6349217.8,6349713.1,6349465.5,4550824481,4550824483,1472774169116056
freshP,20,7,1,port_xmit_packets,6541278.2,6541753.0,6541515.6,9628984989,9628984991,1472774169116056
freshP,20,7,1,port_rcv_packets,6541370.7,6541845.8,6541608.2,4550824483,4550824485,1472774169116056
freshP,20,7,1,roce_adp_retrans,7248897.0,7249484.6,7249190.8,5438,5439,1472774169116056
freshP,20,7,1,port_xmit_packets,7249093.7,7249579.1,7249336.4,9628984991,9628984992,1472774169116056
freshP,20,7,1,port_xmit_packets,7629133.9,7629609.3,7629371.6,9628984992,9628984994,1472774169116056
freshP,20,7,1,port_rcv_packets,7629227.0,7629702.2,7629464.6,4550824485,4550824487,1472774169116056
freshP,20,7,1,port_xmit_packets,7821283.3,7821779.0,7821531.1,9628984994,9628984996,1472774169116056
freshP,20,7,1,port_rcv_packets,7821377.8,7821872.1,7821625.0,4550824487,4550824489,1472774169116056
freshP,20,7,1,port_xmit_packets,8909188.1,8909664.8,8909426.4,9628984996,9628984998,1472774169116056
freshP,20,7,1,port_rcv_packets,8909282.8,8909758.0,8909520.4,4550824489,4550824491,1472774169116056
freshP,20,7,1,port_xmit_packets,9101421.9,9101896.7,9101659.3,9628984998,9628985000,1472774169116056
freshP,20,7,1,port_rcv_packets,9101514.9,9101989.6,9101752.2,4550824491,4550824493,1472774169116056
freshP,20,7,1,port_xmit_packets,10189221.1,10189696.0,10189458.6,9628985000,9628985002,1472774169116056
freshP,20,7,1,port_rcv_packets,10189313.7,10189788.9,10189551.3,4550824493,4550824495,1472774169116056
freshP,20,7,1,port_xmit_packets,10381352.3,10381826.0,10381589.1,9628985002,9628985004,1472774169116056
freshP,20,7,1,port_rcv_packets,10381444.9,10381918.3,10381681.6,4550824495,4550824497,1472774169116056
freshP,20,7,1,port_xmit_packets,11469226.8,11469703.0,11469464.9,9628985004,9628985006,1472774169116056
freshP,20,7,1,port_rcv_packets,11469320.7,11469795.7,11469558.2,4550824497,4550824499,1472774169116056
freshP,20,7,1,port_xmit_packets,11661297.0,11661772.4,11661534.7,9628985006,9628985008,1472774169116056
freshP,20,7,1,port_rcv_packets,11661389.9,11661865.0,11661627.5,4550824499,4550824501,1472774169116056
freshP,20,7,1,port_xmit_packets,12749356.2,12749841.9,12749599.0,9628985008,9628985010,1472774169116056
freshP,20,7,1,port_rcv_packets,12749449.8,12749935.7,12749692.7,4550824501,4550824503,1472774169116056
freshP,20,7,1,port_xmit_packets,12941352.2,12941834.1,12941593.2,9628985010,9628985012,1472774169116056
freshP,20,7,1,port_rcv_packets,12941446.8,12941928.5,12941687.7,4550824503,4550824505,1472774169116056
freshP,20,7,1,port_xmit_packets,14029291.8,14029766.5,14029529.1,9628985012,9628985014,1472774169116056
freshP,20,7,1,port_rcv_packets,14029384.5,14029860.1,14029622.3,4550824505,4550824507,1472774169116056
freshP,20,7,1,port_xmit_packets,14221386.6,14221864.7,14221625.7,9628985014,9628985016,1472774169116056
freshP,20,7,1,port_rcv_packets,14221479.2,14221957.8,14221718.5,4550824507,4550824509,1472774169116056
freshP,20,7,1,port_xmit_packets,15309574.4,15310061.6,15309818.0,9628985016,9628985018,1472774169116056
freshP,20,7,1,port_rcv_packets,15309667.3,15310154.0,15309910.6,4550824509,4550824511,1472774169116056
freshP,20,7,1,port_rcv_packets,15501364.9,15501840.1,15501602.5,4550824511,4550824513,1472774169116056
freshP,20,7,1,port_xmit_packets,15501654.2,15502129.5,15501891.8,9628985018,9628985020,1472774169116056
freshP,20,7,1,port_xmit_packets,15839115.1,15839597.5,15839356.3,9628985020,9628985021,1472774169116056
freshP,20,7,1,local_ack_timeout_err,15839301.7,15839891.0,15839596.4,5747,5748,1472774169116056
freshP,20,7,1,port_xmit_packets,16589415.8,16589890.5,16589653.1,9628985021,9628985023,1472774169116056
freshP,20,7,1,port_rcv_packets,16589508.4,16589983.2,16589745.8,4550824513,4550824515,1472774169116056
freshP,20,7,1,port_xmit_packets,16781552.4,16782028.3,16781790.3,9628985023,9628985025,1472774169116056
freshP,20,7,1,port_rcv_packets,16781645.3,16782121.2,16781883.3,4550824515,4550824517,1472774169116056
freshP,20,7,1,port_xmit_packets,17869525.3,17869999.7,17869762.5,9628985025,9628985027,1472774169116056
freshP,20,7,1,port_rcv_packets,17869618.0,17870092.5,17869855.3,4550824517,4550824519,1472774169116056
freshP,20,7,1,port_xmit_packets,18061614.2,18062088.8,18061851.5,9628985027,9628985029,1472774169116056
freshP,20,7,1,port_rcv_packets,18061706.5,18062181.9,18061944.2,4550824519,4550824521,1472774169116056
freshP,20,7,1,port_xmit_packets,19149573.5,19150048.6,19149811.1,9628985029,9628985031,1472774169116056
freshP,20,7,1,port_rcv_packets,19149666.0,19150141.5,19149903.8,4550824521,4550824523,1472774169116056
freshP,20,7,1,port_xmit_packets,19341596.5,19342071.7,19341834.1,9628985031,9628985033,1472774169116056
freshP,20,7,1,port_rcv_packets,19341689.3,19342164.6,19341926.9,4550824523,4550824525,1472774169116056
freshP,20,7,1,port_xmit_packets,20429479.7,20429958.8,20429719.2,9628985033,9628985035,1472774169116056
freshP,20,7,1,port_rcv_packets,20429573.3,20430053.2,20429813.3,4550824525,4550824527,1472774169116056
freshP,20,7,1,port_xmit_packets,20621508.3,20621992.3,20621750.3,9628985035,9628985037,1472774169116056
freshP,20,7,1,port_rcv_packets,20621600.9,20622085.4,20621843.1,4550824527,4550824529,1472774169116056
freshP,20,7,1,port_rcv_packets,21709534.0,21710028.1,21709781.0,4550824529,4550824531,1472774169116056
freshP,20,7,1,port_xmit_packets,21709826.5,21710322.2,21710074.3,9628985037,9628985039,1472774169116056
freshP,20,7,1,port_xmit_packets,21901648.2,21902124.5,21901886.4,9628985039,9628985041,1472774169116056
freshP,20,7,1,port_rcv_packets,21901741.4,21902217.4,21901979.4,4550824531,4550824533,1472774169116056
freshP,20,7,1,port_rcv_packets,22989555.5,22990046.7,22989801.1,4550824533,4550824535,1472774169116056
freshP,20,7,1,port_xmit_packets,22989846.2,22990337.1,22990091.6,9628985041,9628985043,1472774169116056
freshP,20,7,1,port_rcv_packets,23181591.8,23182066.6,23181829.2,4550824535,4550824537,1472774169116056
freshP,20,7,1,port_xmit_packets,23181881.0,23182355.5,23182118.2,9628985043,9628985045,1472774169116056
freshP,20,7,1,port_rcv_packets,24269624.7,24270098.7,24269861.7,4550824537,4550824539,1472774169116056
freshP,20,7,1,port_xmit_packets,24269912.8,24270388.5,24270150.6,9628985045,9628985047,1472774169116056
freshP,20,7,1,local_ack_timeout_err,24429318.9,24429909.2,24429614.0,5748,5749,1472774169116056
freshP,20,7,1,port_xmit_packets,24429516.8,24430002.7,24429759.7,9628985047,9628985048,1472774169116056
freshP,20,7,1,port_xmit_packets,24461687.8,24462162.2,24461925.0,9628985048,9628985050,1472774169116056
freshP,20,7,1,port_rcv_packets,24461780.4,24462255.2,24462017.8,4550824539,4550824541,1472774169116056
freshP,20,7,1,port_rcv_packets,25549664.3,25550139.0,25549901.7,4550824541,4550824543,1472774169116056
freshP,20,7,1,port_xmit_packets,25549952.5,25550428.4,25550190.4,9628985050,9628985052,1472774169116056
freshP,20,7,1,port_rcv_packets,25741596.7,25742071.3,25741834.0,4550824543,4550824545,1472774169116056
freshP,20,7,1,port_xmit_packets,25741885.5,25742361.1,25742123.3,9628985052,9628985054,1472774169116056
freshP,20,7,1,port_xmit_packets,26829635.6,26830114.5,26829875.1,9628985054,9628985056,1472774169116056
freshP,20,7,1,port_rcv_packets,26829728.9,26830208.7,26829968.8,4550824545,4550824547,1472774169116056
freshP,20,7,1,port_xmit_packets,27021627.9,27022106.5,27021867.2,9628985056,9628985057,1472774169116056
freshP,20,7,1,port_rcv_packets,27021721.4,27022200.5,27021961.0,4550824547,4550824549,1472774169116056
freshP,20,7,1,port_xmit_packets,27022012.6,27022497.4,27022255.0,9628985057,9628985058,1472774169116056
freshP,20,7,1,port_xmit_packets,28109786.3,28110260.5,28110023.4,9628985058,9628985060,1472774169116056
freshP,20,7,1,port_rcv_packets,28109879.2,28110352.9,28110116.0,4550824549,4550824551,1472774169116056
freshP,20,7,1,port_xmit_packets,28301780.0,28302255.1,28302017.5,9628985060,9628985062,1472774169116056
freshP,20,7,1,port_rcv_packets,28301872.8,28302347.9,28302110.4,4550824551,4550824553,1472774169116056
freshP,20,7,1,port_rcv_packets,29389706.6,29390182.0,29389944.3,4550824553,4550824555,1472774169116056
freshP,20,7,1,port_xmit_packets,29389996.1,29390472.1,29390234.1,9628985062,9628985064,1472774169116056
freshP,20,7,1,port_xmit_packets,29581792.2,29582279.7,29582036.0,9628985064,9628985066,1472774169116056
freshP,20,7,1,port_rcv_packets,29581885.8,29582372.5,29582129.1,4550824555,4550824557,1472774169116056
freshP,20,7,1,port_xmit_packets,30669722.4,30670198.6,30669960.5,9628985066,9628985067,1472774169116056
freshP,20,7,1,port_rcv_packets,30669815.6,30670291.6,30670053.6,4550824557,4550824559,1472774169116056
freshP,20,7,1,port_xmit_packets,30670106.0,30670581.5,30670343.8,9628985067,9628985068,1472774169116056
freshP,20,7,1,port_xmit_packets,30861913.9,30862398.9,30862156.4,9628985068,9628985070,1472774169116056
freshP,20,7,1,port_rcv_packets,30862007.0,30862491.5,30862249.3,4550824559,4550824561,1472774169116056
freshP,20,7,1,port_rcv_packets,31949811.5,31950294.7,31950053.1,4550824561,4550824563,1472774169116056
freshP,20,7,1,port_xmit_packets,31950101.7,31950584.8,31950343.2,9628985070,9628985072,1472774169116056
freshP,20,7,1,port_xmit_packets,32141865.3,32142347.3,32142106.3,9628985072,9628985074,1472774169116056
freshP,20,7,1,port_rcv_packets,32141958.1,32142440.1,32142199.1,4550824563,4550824565,1472774169116056
freshP,20,7,1,port_xmit_packets,33019435.6,33019919.0,33019677.3,9628985074,9628985075,1472774169116056
freshP,20,7,1,local_ack_timeout_err,33019622.4,33020214.2,33019918.3,5749,5750,1472774169116056
freshP,20,7,1,port_xmit_packets,33230055.2,33230549.3,33230302.3,9628985075,9628985077,1472774169116056
freshP,20,7,1,port_rcv_packets,33230148.0,33230642.3,33230395.1,4550824565,4550824567,1472774169116056
freshP,20,7,1,port_xmit_packets,33421832.9,33422308.1,33422070.5,9628985077,9628985079,1472774169116056
freshP,20,7,1,port_rcv_packets,33421925.7,33422401.5,33422163.6,4550824567,4550824569,1472774169116056
freshP,20,7,1,port_rcv_packets,34509895.2,34510370.7,34510132.9,4550824569,4550824571,1472774169116056
freshP,20,7,1,port_xmit_packets,34510184.4,34510661.0,34510422.7,9628985079,9628985081,1472774169116056
freshP,20,7,1,port_rcv_packets,34701835.0,34702311.1,34702073.0,4550824571,4550824573,1472774169116056
freshP,20,7,1,port_xmit_packets,34702124.4,34702601.5,34702363.0,9628985081,9628985083,1472774169116056
freshP,20,7,1,port_xmit_packets,35789923.5,35790399.1,35790161.3,9628985083,9628985085,1472774169116056
freshP,20,7,1,port_rcv_packets,35790016.5,35790492.1,35790254.3,4550824573,4550824575,1472774169116056
freshP,20,7,1,port_rcv_packets,35981858.0,35982332.1,35982095.0,4550824575,4550824576,1472774169116056
freshP,20,7,1,port_xmit_packets,35982146.7,35982620.9,35982383.8,9628985085,9628985087,1472774169116056
freshP,20,7,1,port_rcv_packets,35982239.5,35982713.4,35982476.5,4550824576,4550824577,1472774169116056
freshP,20,7,1,port_rcv_packets,37069925.9,37070401.1,37070163.5,4550824577,4550824579,1472774169116056
freshP,20,7,1,port_xmit_packets,37070214.9,37070691.6,37070453.3,9628985087,9628985089,1472774169116056
freshP,20,7,1,port_xmit_packets,37262095.6,37262570.3,37262333.0,9628985089,9628985091,1472774169116056
freshP,20,7,1,port_rcv_packets,37262188.3,37262663.8,37262426.1,4550824579,4550824581,1472774169116056
freshP,20,7,1,port_xmit_packets,38350139.2,38350622.0,38350380.6,9628985091,9628985093,1472774169116056
freshP,20,7,1,port_rcv_packets,38350232.1,38350715.8,38350474.0,4550824581,4550824583,1472774169116056
freshP,20,7,1,port_rcv_packets,38541961.0,38542435.3,38542198.1,4550824583,4550824585,1472774169116056
freshP,20,7,1,port_xmit_packets,38542249.2,38542726.1,38542487.7,9628985093,9628985095,1472774169116056
freshP,20,7,1,port_xmit_packets,39630091.7,39630567.0,39630329.3,9628985095,9628985097,1472774169116056
freshP,20,7,1,port_rcv_packets,39630184.5,39630659.7,39630422.1,4550824585,4550824587,1472774169116056
freshP,20,7,1,port_xmit_packets,39822190.6,39822665.6,39822428.1,9628985097,9628985099,1472774169116056
freshP,20,7,1,port_rcv_packets,39822283.3,39822759.1,39822521.2,4550824587,4550824589,1472774169116056
freshP,20,7,1,port_xmit_packets,40910134.6,40910613.9,40910374.2,9628985099,9628985101,1472774169116056
freshP,20,7,1,port_rcv_packets,40910228.0,40910707.8,40910467.9,4550824589,4550824591,1472774169116056
freshP,20,7,1,port_xmit_packets,41102116.2,41102596.0,41102356.1,9628985101,9628985103,1472774169116056
freshP,20,7,1,port_rcv_packets,41102209.6,41102689.8,41102449.7,4550824591,4550824593,1472774169116056
freshP,20,7,1,local_ack_timeout_err,41609658.5,41610246.8,41609952.6,5750,5751,1472774169116056
freshP,20,7,1,port_xmit_packets,41609855.5,41610340.2,41610097.8,9628985103,9628985104,1472774169116056
freshP,20,7,1,port_xmit_packets,42190123.3,42190615.6,42190369.4,9628985104,9628985106,1472774169116056
freshP,20,7,1,port_rcv_packets,42190215.9,42190708.7,42190462.3,4550824593,4550824595,1472774169116056
freshP,20,7,1,port_xmit_packets,42382250.1,42382727.2,42382488.7,9628985106,9628985108,1472774169116056
freshP,20,7,1,port_rcv_packets,42382342.9,42382820.0,42382581.4,4550824595,4550824597,1472774169116056
freshP,20,7,1,port_xmit_packets,43470069.7,43470545.3,43470307.5,9628985108,9628985110,1472774169116056
freshP,20,7,1,port_rcv_packets,43470163.3,43470638.5,43470400.9,4550824597,4550824599,1472774169116056
freshP,20,7,1,port_xmit_packets,43662207.4,43662682.8,43662445.1,9628985110,9628985112,1472774169116056
freshP,20,7,1,port_rcv_packets,43662300.2,43662775.6,43662537.9,4550824599,4550824601,1472774169116056
freshP,20,7,1,port_xmit_packets,44750280.3,44750763.6,44750522.0,9628985112,9628985114,1472774169116056
freshP,20,7,1,port_rcv_packets,44750373.5,44750856.8,44750615.1,4550824601,4550824603,1472774169116056
freshP,20,7,1,port_xmit_packets,44942130.9,44942608.2,44942369.5,9628985114,9628985116,1472774169116056
freshP,20,7,1,port_rcv_packets,44942224.2,44942701.3,44942462.8,4550824603,4550824605,1472774169116056
freshP,20,7,1,port_xmit_packets,46030368.0,46030843.1,46030605.6,9628985116,9628985118,1472774169116056
freshP,20,7,1,port_rcv_packets,46030460.9,46030936.2,46030698.5,4550824605,4550824607,1472774169116056
freshP,20,7,1,port_xmit_packets,46222157.6,46222631.9,46222394.8,9628985118,9628985120,1472774169116056
freshP,20,7,1,port_rcv_packets,46222250.4,46222724.8,46222487.6,4550824607,4550824609,1472774169116056
freshP,20,7,1,port_xmit_packets,47310412.9,47310904.0,47310658.5,9628985120,9628985122,1472774169116056
freshP,20,7,1,port_rcv_packets,47310506.1,47310996.3,47310751.2,4550824609,4550824611,1472774169116056
freshP,20,7,1,port_xmit_packets,47502448.3,47502928.6,47502688.5,9628985122,9628985124,1472774169116056
freshP,20,7,1,port_rcv_packets,47502542.0,47503022.1,47502782.1,4550824611,4550824613,1472774169116056
freshP,20,7,1,port_rcv_packets,48590280.0,48590757.1,48590518.5,4550824613,4550824615,1472774169116056
freshP,20,7,1,port_xmit_packets,48590569.7,48591046.0,48590807.9,9628985124,9628985126,1472774169116056
freshP,20,7,1,port_xmit_packets,48782311.4,48782786.4,48782548.9,9628985126,9628985128,1472774169116056
freshP,20,7,1,port_rcv_packets,48782404.4,48782879.1,48782641.8,4550824615,4550824617,1472774169116056
freshP,20,7,1,port_xmit_packets,49870340.6,49870819.3,49870579.9,9628985128,9628985130,1472774169116056
freshP,20,7,1,port_rcv_packets,49870433.1,49870912.1,49870672.6,4550824617,4550824619,1472774169116056
freshP,20,7,1,port_xmit_packets,50062490.4,50062969.0,50062729.7,9628985130,9628985132,1472774169116056
freshP,20,7,1,port_rcv_packets,50062583.0,50063062.4,50062822.7,4550824619,4550824621,1472774169116056
freshP,20,7,1,port_xmit_packets,50199795.2,50200278.2,50200036.7,9628985132,9628985133,1472774169116056
freshP,20,7,1,local_ack_timeout_err,50199982.0,50200572.3,50200277.1,5751,5752,1472774169116056
freshP,20,7,1,port_rcv_packets,51150293.2,51150768.6,51150530.9,4550824621,4550824623,1472774169116056
freshP,20,7,1,port_xmit_packets,51150582.6,51151058.7,51150820.6,9628985133,9628985135,1472774169116056
freshP,20,7,1,port_rcv_packets,51342300.7,51342776.2,51342538.4,4550824623,4550824625,1472774169116056
freshP,20,7,1,port_xmit_packets,51342590.7,51343065.8,51342828.2,9628985135,9628985137,1472774169116056
freshP,20,7,1,port_xmit_packets,52430495.5,52430970.5,52430733.0,9628985137,9628985139,1472774169116056
freshP,20,7,1,port_rcv_packets,52430588.5,52431063.7,52430826.1,4550824625,4550824627,1472774169116056
freshP,20,7,1,port_xmit_packets,52622563.8,52623038.5,52622801.1,9628985139,9628985141,1472774169116056
freshP,20,7,1,port_rcv_packets,52622656.7,52623131.9,52622894.3,4550824627,4550824629,1472774169116056
freshP,20,7,1,port_xmit_packets,53710477.4,53710952.2,53710714.8,9628985141,9628985143,1472774169116056
freshP,20,7,1,port_rcv_packets,53710569.9,53711045.2,53710807.5,4550824629,4550824631,1472774169116056
freshP,20,7,1,port_xmit_packets,53902548.2,53903022.8,53902785.5,9628985143,9628985145,1472774169116056
freshP,20,7,1,port_rcv_packets,53902640.5,53903116.3,53902878.4,4550824631,4550824633,1472774169116056
freshP,20,7,1,port_rcv_packets,54990405.3,54990884.1,54990644.7,4550824633,4550824635,1472774169116056
freshP,20,7,1,port_xmit_packets,54990696.6,54991176.1,54990936.4,9628985145,9628985147,1472774169116056
freshP,20,7,1,port_rcv_packets,55182419.6,55182902.3,55182660.9,4550824635,4550824637,1472774169116056
freshP,20,7,1,port_xmit_packets,55182711.4,55183196.6,55182954.0,9628985147,9628985149,1472774169116056
freshP,20,7,1,port_xmit_packets,56270487.7,56270968.1,56270727.9,9628985149,9628985151,1472774169116056
freshP,20,7,1,port_rcv_packets,56270581.2,56271061.1,56270821.1,4550824637,4550824639,1472774169116056
freshP,20,7,1,port_rcv_packets,56462431.4,56462906.7,56462669.1,4550824639,4550824641,1472774169116056
freshP,20,7,1,port_xmit_packets,56462720.8,56463196.0,56462958.4,9628985151,9628985153,1472774169116056
freshP,20,7,1,port_xmit_packets,57550659.7,57551135.6,57550897.7,9628985153,9628985155,1472774169116056
freshP,20,7,1,port_rcv_packets,57550752.9,57551228.3,57550990.6,4550824641,4550824643,1472774169116056
freshP,20,7,1,port_xmit_packets,57742529.6,57743003.8,57742766.7,9628985155,9628985157,1472774169116056
freshP,20,7,1,port_rcv_packets,57742622.4,57743097.1,57742859.7,4550824643,4550824645,1472774169116056
freshP,20,7,1,local_ack_timeout_err,58789909.8,58790501.8,58790205.8,5752,5753,1472774169116056
freshP,20,7,1,req_cqe_error,58790295.4,58790896.3,58790595.8,23246,23247,1472774169116056
freshP,20,7,1,port_xmit_packets,58830640.5,58831127.4,58830884.0,9628985157,9628985159,1472774169116056
freshP,20,7,1,port_rcv_packets,58830734.1,58831221.6,58830977.9,4550824645,4550824647,1472774169116056
freshP,20,7,1,port_xmit_packets,-16607.6,-16132.7,-16370.1,9628985162,9628985164,1472834296029609
freshP,20,7,1,port_rcv_packets,-16514.6,-16039.3,-16277.0,4550824650,4550824652,1472834296029609
freshP,20,7,1,port_xmit_packets,-129.3,416.6,143.6,9628985164,9628985165,1472834296029609
freshP,20,7,1,port_xmit_packets,21750.6,22235.1,21992.9,9628985165,9628985166,1472834296029609
freshP,20,7,1,roce_adp_retrans,21937.7,22527.9,22232.8,5439,5440,1472834296029609
freshP,20,7,1,roce_adp_retrans,38384.7,38968.1,38676.4,5440,5441,1472834296029609
freshP,20,7,1,port_xmit_packets,38580.6,39062.3,38821.4,9628985166,9628985167,1472834296029609
freshP,20,7,1,roce_adp_retrans,72035.8,72620.8,72328.3,5441,5442,1472834296029609
freshP,20,7,1,port_xmit_packets,72232.3,72714.7,72473.5,9628985167,9628985168,1472834296029609
freshP,20,7,1,roce_adp_retrans,139293.7,139879.6,139586.6,5442,5443,1472834296029609
freshP,20,7,1,port_xmit_packets,139491.2,139973.4,139732.3,9628985168,9628985169,1472834296029609
freshP,20,7,1,port_xmit_packets,175494.6,175969.1,175731.9,9628985169,9628985171,1472834296029609
freshP,20,7,1,port_rcv_packets,175587.2,176061.7,175824.4,4550824652,4550824654,1472834296029609
freshP,20,7,1,roce_adp_retrans,273541.5,274130.0,273835.8,5443,5444,1472834296029609
freshP,20,7,1,port_xmit_packets,273739.6,274223.2,273981.4,9628985171,9628985172,1472834296029609
freshP,20,7,1,roce_adp_retrans,541865.0,542452.3,542158.7,5444,5445,1472834296029609
freshP,20,7,1,port_xmit_packets,542061.4,542546.1,542303.8,9628985172,9628985173,1472834296029609
freshP,20,7,1,roce_adp_retrans,1078749.3,1079338.2,1079043.8,5445,5446,1472834296029609
freshP,20,7,1,port_xmit_packets,1078947.9,1079432.1,1079190.0,9628985173,9628985174,1472834296029609
freshP,20,7,1,port_rcv_packets,1263361.6,1263837.1,1263599.4,4550824654,4550824656,1472834296029609
freshP,20,7,1,port_xmit_packets,1263651.8,1264127.2,1263889.5,9628985174,9628985176,1472834296029609
freshP,20,7,1,port_xmit_packets,1455580.4,1456060.4,1455820.4,9628985176,9628985178,1472834296029609
freshP,20,7,1,port_rcv_packets,1455674.0,1456154.5,1455914.3,4550824656,4550824658,1472834296029609
freshP,20,7,1,roce_adp_retrans,1883979.6,1884572.2,1884275.9,5446,5447,1472834296029609
freshP,20,7,1,port_xmit_packets,1884177.9,1884667.0,1884422.5,9628985178,9628985179,1472834296029609
freshP,20,7,1,port_xmit_packets,2543416.2,2543903.1,2543659.6,9628985179,9628985181,1472834296029609
freshP,20,7,1,port_rcv_packets,2543509.7,2543996.6,2543753.2,4550824658,4550824660,1472834296029609
freshP,20,7,1,port_xmit_packets,2735396.9,2735872.2,2735634.5,9628985181,9628985183,1472834296029609
freshP,20,7,1,port_rcv_packets,2735489.6,2735965.0,2735727.3,4550824660,4550824662,1472834296029609
freshP,20,7,1,port_rcv_packets,3823421.1,3823896.2,3823658.6,4550824662,4550824664,1472834296029609
freshP,20,7,1,port_xmit_packets,3823709.9,3824186.0,3823947.9,9628985183,9628985185,1472834296029609
freshP,20,7,1,port_xmit_packets,4015425.0,4015901.4,4015663.2,9628985185,9628985187,1472834296029609
freshP,20,7,1,port_rcv_packets,4015518.8,4015994.0,4015756.4,4550824664,4550824666,1472834296029609
freshP,20,7,1,roce_adp_retrans,4031684.1,4032271.7,4031977.9,5447,5448,1472834296029609
freshP,20,7,1,port_xmit_packets,4031881.5,4032365.5,4032123.5,9628985187,9628985188,1472834296029609
freshP,20,7,1,port_xmit_packets,5103637.2,5104113.1,5103875.1,9628985188,9628985190,1472834296029609
freshP,20,7,1,port_rcv_packets,5103729.9,5104206.0,5103968.0,4550824666,4550824668,1472834296029609
freshP,20,7,1,port_xmit_packets,5295627.7,5296103.0,5295865.4,9628985190,9628985192,1472834296029609
freshP,20,7,1,port_rcv_packets,5295720.9,5296196.3,5295958.6,4550824668,4550824670,1472834296029609
freshP,20,7,1,port_rcv_packets,6383533.1,6384008.8,6383770.9,4550824670,4550824672,1472834296029609
freshP,20,7,1,port_xmit_packets,6383822.4,6384298.3,6384060.4,9628985192,9628985194,1472834296029609
freshP,20,7,1,port_xmit_packets,6575600.8,6576076.3,6575838.5,9628985194,9628985196,1472834296029609
freshP,20,7,1,port_rcv_packets,6575693.8,6576168.9,6575931.3,4550824672,4550824674,1472834296029609
freshP,20,7,1,roce_adp_retrans,7252829.7,7253418.6,7253124.1,5448,5449,1472834296029609
freshP,20,7,1,port_xmit_packets,7253026.2,7253513.6,7253269.9,9628985196,9628985197,1472834296029609
freshP,20,7,1,port_rcv_packets,7663540.6,7664031.3,7663785.9,4550824674,4550824676,1472834296029609
freshP,20,7,1,port_xmit_packets,7663829.1,7664321.2,7664075.1,9628985197,9628985199,1472834296029609
freshP,20,7,1,port_xmit_packets,7855569.5,7856046.1,7855807.8,9628985199,9628985201,1472834296029609
freshP,20,7,1,port_rcv_packets,7855662.8,7856138.8,7855900.8,4550824676,4550824678,1472834296029609
freshP,20,7,1,port_xmit_packets,8943536.2,8944017.1,8943776.6,9628985201,9628985203,1472834296029609
freshP,20,7,1,port_rcv_packets,8943630.0,8944111.0,8943870.5,4550824678,4550824680,1472834296029609
freshP,20,7,1,port_rcv_packets,9135553.4,9136032.8,9135793.1,4550824680,4550824682,1472834296029609
freshP,20,7,1,port_xmit_packets,9135845.3,9136324.6,9136084.9,9628985203,9628985205,1472834296029609
freshP,20,7,1,port_xmit_packets,10223627.4,10224111.5,10223869.4,9628985205,9628985207,1472834296029609
freshP,20,7,1,port_rcv_packets,10223719.7,10224204.2,10223962.0,4550824682,4550824684,1472834296029609
freshP,20,7,1,port_xmit_packets,10415781.0,10416257.1,10416019.0,9628985207,9628985209,1472834296029609
freshP,20,7,1,port_rcv_packets,10415874.3,10416350.0,10416112.2,4550824684,4550824686,1472834296029609
freshP,20,7,1,port_xmit_packets,11503818.6,11504294.9,11504056.8,9628985209,9628985211,1472834296029609
freshP,20,7,1,port_rcv_packets,11503911.7,11504387.8,11504149.7,4550824686,4550824688,1472834296029609
freshP,20,7,1,port_xmit_packets,11695691.3,11696185.3,11695938.3,9628985211,9628985213,1472834296029609
freshP,20,7,1,port_rcv_packets,11695784.3,11696278.2,11696031.2,4550824688,4550824690,1472834296029609
freshP,20,7,1,port_xmit_packets,12783859.6,12784337.3,12784098.5,9628985213,9628985215,1472834296029609
freshP,20,7,1,port_rcv_packets,12783953.0,12784430.3,12784191.6,4550824690,4550824692,1472834296029609
freshP,20,7,1,port_xmit_packets,12975783.0,12976259.6,12976021.3,9628985215,9628985217,1472834296029609
freshP,20,7,1,port_rcv_packets,12975876.1,12976353.3,12976114.7,4550824692,4550824694,1472834296029609
freshP,20,7,1,port_xmit_packets,14063658.3,14064134.1,14063896.2,9628985217,9628985218,1472834296029609
freshP,20,7,1,port_rcv_packets,14063751.4,14064227.6,14063989.5,4550824694,4550824696,1472834296029609
freshP,20,7,1,port_xmit_packets,14064040.8,14064520.2,14064280.5,9628985218,9628985219,1472834296029609
freshP,20,7,1,port_xmit_packets,14255927.9,14256415.7,14256171.8,9628985219,9628985221,1472834296029609
freshP,20,7,1,port_rcv_packets,14256022.7,14256508.4,14256265.6,4550824696,4550824698,1472834296029609
freshP,20,7,1,port_xmit_packets,15343963.6,15344445.6,15344204.6,9628985221,9628985223,1472834296029609
freshP,20,7,1,port_rcv_packets,15344057.8,15344539.5,15344298.6,4550824698,4550824700,1472834296029609
freshP,20,7,1,port_rcv_packets,15535752.2,15536233.1,15535992.7,4550824700,4550824702,1472834296029609
freshP,20,7,1,port_xmit_packets,15536044.8,15536526.6,15536285.7,9628985223,9628985225,1472834296029609
freshP,20,7,1,local_ack_timeout_err,15842964.1,15843582.3,15843273.2,5753,5754,1472834296029609
freshP,20,7,1,port_xmit_packets,15843169.5,15843680.6,15843425.0,9628985225,9628985226,1472834296029609
freshP,20,7,1,port_xmit_packets,16623802.1,16624283.9,16624043.0,9628985226,9628985228,1472834296029609
freshP,20,7,1,port_rcv_packets,16623895.0,16624377.0,16624136.0,4550824702,4550824704,1472834296029609
freshP,20,7,1,port_rcv_packets,16815755.9,16816231.0,16815993.5,4550824704,4550824706,1472834296029609
freshP,20,7,1,port_xmit_packets,16816044.7,16816520.4,16816282.5,9628985228,9628985230,1472834296029609
freshP,20,7,1,port_xmit_packets,17903765.5,17904240.8,17904003.1,9628985230,9628985231,1472834296029609
freshP,20,7,1,port_rcv_packets,17903858.7,17904333.8,17904096.3,4550824706,4550824708,1472834296029609
freshP,20,7,1,port_xmit_packets,17904148.1,17904623.2,17904385.7,9628985231,9628985232,1472834296029609
freshP,20,7,1,port_xmit_packets,18095857.4,18096345.9,18096101.6,9628985232,9628985234,1472834296029609
freshP,20,7,1,port_rcv_packets,18095950.7,18096438.8,18096194.7,4550824708,4550824710,1472834296029609
freshP,20,7,1,port_rcv_packets,19183857.3,19184332.4,19184094.8,4550824710,4550824712,1472834296029609
freshP,20,7,1,port_xmit_packets,19184146.4,19184622.6,19184384.5,9628985234,9628985236,1472834296029609
freshP,20,7,1,port_xmit_packets,19375808.9,19376284.7,19376046.8,9628985236,9628985238,1472834296029609
freshP,20,7,1,port_rcv_packets,19375901.7,19376377.8,19376139.7,4550824712,4550824714,1472834296029609
freshP,20,7,1,port_xmit_packets,20463997.0,20464472.0,20464234.5,9628985238,9628985240,1472834296029609
freshP,20,7,1,port_rcv_packets,20464090.1,20464564.3,20464327.2,4550824714,4550824716,1472834296029609
freshP,20,7,1,port_rcv_packets,20655840.1,20656314.7,20656077.4,4550824716,4550824717,1472834296029609
freshP,20,7,1,port_xmit_packets,20656128.8,20656606.0,20656367.4,9628985240,9628985242,1472834296029609
freshP,20,7,1,port_rcv_packets,20656221.8,20656699.1,20656460.4,4550824717,4550824718,1472834296029609
freshP,20,7,1,port_xmit_packets,21743911.9,21744408.7,21744160.3,9628985242,9628985244,1472834296029609
freshP,20,7,1,port_rcv_packets,21744004.9,21744501.5,21744253.2,4550824718,4550824720,1472834296029609
freshP,20,7,1,port_rcv_packets,21935879.4,21936354.8,21936117.1,4550824720,4550824721,1472834296029609
freshP,20,7,1,port_xmit_packets,21936168.1,21936645.7,21936406.9,9628985244,9628985246,1472834296029609
freshP,20,7,1,port_rcv_packets,21936261.8,21936738.3,21936500.0,4550824721,4550824722,1472834296029609
freshP,20,7,1,port_xmit_packets,23024158.3,23024638.8,23024398.6,9628985246,9628985248,1472834296029609
freshP,20,7,1,port_rcv_packets,23024252.4,23024732.8,23024492.6,4550824722,4550824724,1472834296029609
freshP,20,7,1,port_xmit_packets,23216184.6,23216664.3,23216424.5,9628985248,9628985250,1472834296029609
freshP,20,7,1,port_rcv_packets,23216278.1,23216758.0,23216518.1,4550824724,4550824726,1472834296029609
freshP,20,7,1,port_xmit_packets,24304187.8,24304670.7,24304429.2,9628985250,9628985252,1472834296029609
freshP,20,7,1,port_rcv_packets,24304280.9,24304763.6,24304522.3,4550824726,4550824728,1472834296029609
freshP,20,7,1,local_ack_timeout_err,24433403.0,24433991.1,24433697.1,5754,5755,1472834296029609
freshP,20,7,1,port_xmit_packets,24433603.0,24434084.4,24433843.7,9628985252,9628985253,1472834296029609
freshP,20,7,1,port_xmit_packets,24496024.3,24496512.6,24496268.5,9628985253,9628985255,1472834296029609
freshP,20,7,1,port_rcv_packets,24496117.7,24496606.2,24496361.9,4550824728,4550824730,1472834296029609
freshP,20,7,1,port_xmit_packets,25584222.4,25584705.6,25584464.0,9628985255,9628985257,1472834296029609
freshP,20,7,1,port_rcv_packets,25584315.1,25584798.7,25584556.9,4550824730,4550824732,1472834296029609
freshP,20,7,1,port_xmit_packets,25776012.2,25776502.7,25776257.4,9628985257,9628985259,1472834296029609
freshP,20,7,1,port_rcv_packets,25776104.9,25776595.6,25776350.3,4550824732,4550824734,1472834296029609
freshP,20,7,1,port_rcv_packets,26864068.9,26864544.8,26864306.9,4550824734,4550824736,1472834296029609
freshP,20,7,1,port_xmit_packets,26864358.6,26864835.7,26864597.2,9628985259,9628985261,1472834296029609
freshP,20,7,1,port_xmit_packets,27056145.2,27056620.7,27056383.0,9628985261,9628985263,1472834296029609
freshP,20,7,1,port_rcv_packets,27056238.5,27056713.5,27056476.0,4550824736,4550824738,1472834296029609
freshP,20,7,1,port_xmit_packets,28144263.1,28144739.2,28144501.2,9628985263,9628985265,1472834296029609
freshP,20,7,1,port_rcv_packets,28144355.9,28144832.0,28144594.0,4550824738,4550824740,1472834296029609
freshP,20,7,1,port_xmit_packets,28336057.6,28336533.0,28336295.3,9628985265,9628985267,1472834296029609
freshP,20,7,1,port_rcv_packets,28336150.7,28336625.4,28336388.1,4550824740,4550824742,1472834296029609
freshP,20,7,1,port_rcv_packets,29424109.0,29424607.4,29424358.2,4550824742,4550824744,1472834296029609
freshP,20,7,1,port_xmit_packets,29424401.9,29424902.3,29424652.1,9628985267,9628985269,1472834296029609
freshP,20,7,1,port_xmit_packets,29616306.8,29616803.1,29616554.9,9628985269,9628985271,1472834296029609
freshP,20,7,1,port_rcv_packets,29616400.9,29616896.9,29616648.9,4550824744,4550824746,1472834296029609
freshP,20,7,1,port_rcv_packets,30704146.7,30704633.9,30704390.3,4550824746,4550824748,1472834296029609
freshP,20,7,1,port_xmit_packets,30704436.7,30704923.6,30704680.1,9628985271,9628985273,1472834296029609
freshP,20,7,1,port_xmit_packets,30896316.2,30896792.4,30896554.3,9628985273,9628985275,1472834296029609
freshP,20,7,1,port_rcv_packets,30896409.2,30896885.3,30896647.2,4550824748,4550824750,1472834296029609
freshP,20,7,1,port_xmit_packets,31984191.7,31984666.9,31984429.3,9628985275,9628985277,1472834296029609
freshP,20,7,1,port_rcv_packets,31984284.4,31984759.5,31984521.9,4550824750,4550824752,1472834296029609
freshP,20,7,1,port_rcv_packets,32176198.6,32176675.4,32176437.0,4550824752,4550824754,1472834296029609
freshP,20,7,1,port_xmit_packets,32176488.8,32176966.5,32176727.6,9628985277,9628985279,1472834296029609
freshP,20,7,1,local_ack_timeout_err,33023386.5,33023975.9,33023681.2,5755,5756,1472834296029609
freshP,20,7,1,port_xmit_packets,33023583.9,33024070.4,33023827.1,9628985279,9628985280,1472834296029609
freshP,20,7,1,port_xmit_packets,33264170.1,33264646.5,33264408.3,9628985280,9628985281,1472834296029609
freshP,20,7,1,port_rcv_packets,33264263.1,33264739.8,33264501.5,4550824754,4550824756,1472834296029609
freshP,20,7,1,port_xmit_packets,33264553.3,33265030.0,33264791.7,9628985281,9628985282,1472834296029609
freshP,20,7,1,port_xmit_packets,33456328.1,33456804.1,33456566.1,9628985282,9628985284,1472834296029609
freshP,20,7,1,port_rcv_packets,33456421.3,33456896.9,33456659.1,4550824756,4550824758,1472834296029609
freshP,20,7,1,port_xmit_packets,34544421.0,34544896.2,34544658.6,9628985284,9628985286,1472834296029609
freshP,20,7,1,port_rcv_packets,34544513.7,34544989.0,34544751.3,4550824758,4550824760,1472834296029609
freshP,20,7,1,port_xmit_packets,34736292.3,34736767.7,34736530.0,9628985286,9628985288,1472834296029609
freshP,20,7,1,port_rcv_packets,34736385.2,34736860.0,34736622.6,4550824760,4550824762,1472834296029609
freshP,20,7,1,port_xmit_packets,35824457.8,35824933.5,35824695.6,9628985288,9628985290,1472834296029609
freshP,20,7,1,port_rcv_packets,35824551.0,35825026.3,35824788.7,4550824762,4550824764,1472834296029609
freshP,20,7,1,port_rcv_packets,36016326.0,36016802.1,36016564.1,4550824764,4550824766,1472834296029609
freshP,20,7,1,port_xmit_packets,36016615.8,36017092.8,36016854.3,9628985290,9628985292,1472834296029609
freshP,20,7,1,port_rcv_packets,37104269.5,37104749.6,37104509.6,4550824766,4550824767,1472834296029609
freshP,20,7,1,port_xmit_packets,37104562.4,37105042.4,37104802.4,9628985292,9628985294,1472834296029609
freshP,20,7,1,port_rcv_packets,37104655.7,37105135.7,37104895.7,4550824767,4550824768,1472834296029609
freshP,20,7,1,port_xmit_packets,37296293.6,37296771.5,37296532.5,9628985294,9628985296,1472834296029609
freshP,20,7,1,port_rcv_packets,37296387.1,37296865.0,37296626.0,4550824768,4550824770,1472834296029609
freshP,20,7,1,port_xmit_packets,38384540.6,38385017.8,38384779.2,9628985296,9628985298,1472834296029609
freshP,20,7,1,port_rcv_packets,38384634.0,38385111.3,38384872.6,4550824770,4550824772,1472834296029609
freshP,20,7,1,port_xmit_packets,38576353.5,38576828.7,38576591.1,9628985298,9628985300,1472834296029609
freshP,20,7,1,port_rcv_packets,38576446.7,38576921.9,38576684.3,4550824772,4550824774,1472834296029609
freshP,20,7,1,port_xmit_packets,39664414.7,39664891.2,39664652.9,9628985300,9628985302,1472834296029609
freshP,20,7,1,port_rcv_packets,39664507.4,39664984.4,39664745.9,4550824774,4550824776,1472834296029609
freshP,20,7,1,port_rcv_packets,39856358.6,39856833.3,39856596.0,4550824776,4550824778,1472834296029609
freshP,20,7,1,port_xmit_packets,39856648.0,39857124.0,39856886.0,9628985302,9628985304,1472834296029609
freshP,20,7,1,port_xmit_packets,40944471.3,40944953.3,40944712.3,9628985304,9628985306,1472834296029609
freshP,20,7,1,port_rcv_packets,40944564.6,40945046.3,40944805.4,4550824778,4550824780,1472834296029609
freshP,20,7,1,port_xmit_packets,41136377.1,41136852.3,41136614.7,9628985306,9628985308,1472834296029609
freshP,20,7,1,port_rcv_packets,41136469.9,41136944.8,41136707.3,4550824780,4550824782,1472834296029609
freshP,20,7,1,local_ack_timeout_err,41613661.3,41614251.3,41613956.3,5756,5757,1472834296029609
freshP,20,7,1,port_xmit_packets,41613860.0,41614344.7,41614102.4,9628985308,9628985309,1472834296029609
freshP,20,7,1,port_xmit_packets,42224663.3,42225159.3,42224911.3,9628985309,9628985311,1472834296029609
freshP,20,7,1,port_rcv_packets,42224756.1,42225252.0,42225004.1,4550824782,4550824784,1472834296029609
freshP,20,7,1,port_xmit_packets,42416539.8,42417014.9,42416777.3,9628985311,9628985313,1472834296029609
freshP,20,7,1,port_rcv_packets,42416632.8,42417108.1,42416870.4,4550824784,4550824786,1472834296029609
freshP,20,7,1,port_rcv_packets,43504484.2,43504966.8,43504725.5,4550824786,4550824788,1472834296029609
freshP,20,7,1,port_xmit_packets,43504777.2,43505260.1,43505018.6,9628985313,9628985315,1472834296029609
freshP,20,7,1,port_rcv_packets,43696461.6,43696940.2,43696700.9,4550824788,4550824790,1472834296029609
freshP,20,7,1,port_xmit_packets,43696753.0,43697231.8,43696992.4,9628985315,9628985317,1472834296029609
freshP,20,7,1,port_rcv_packets,44784539.3,44785015.0,44784777.2,4550824790,4550824792,1472834296029609
freshP,20,7,1,port_xmit_packets,44784829.1,44785305.6,44785067.3,9628985317,9628985319,1472834296029609
freshP,20,7,1,port_xmit_packets,44976606.4,44977082.1,44976844.3,9628985319,9628985321,1472834296029609
freshP,20,7,1,port_rcv_packets,44976699.1,44977175.1,44976937.1,4550824792,4550824794,1472834296029609
freshP,20,7,1,port_xmit_packets,46064715.8,46065191.3,46064953.5,9628985321,9628985323,1472834296029609
freshP,20,7,1,port_rcv_packets,46064808.4,46065284.9,46065046.7,4550824794,4550824796,1472834296029609
freshP,20,7,1,port_xmit_packets,46256760.4,46257245.4,46257002.9,9628985323,9628985325,1472834296029609
freshP,20,7,1,port_rcv_packets,46256853.5,46257338.3,46257095.9,4550824796,4550824798,1472834296029609
freshP,20,7,1,port_xmit_packets,47344747.1,47345222.1,47344984.6,9628985325,9628985327,1472834296029609
freshP,20,7,1,port_rcv_packets,47344840.0,47345315.0,47345077.5,4550824798,4550824800,1472834296029609
freshP,20,7,1,port_xmit_packets,47536769.8,47537246.3,47537008.1,9628985327,9628985329,1472834296029609
freshP,20,7,1,port_rcv_packets,47536863.1,47537339.4,47537101.2,4550824800,4550824802,1472834296029609
freshP,20,7,1,port_xmit_packets,48624671.7,48625164.7,48624918.2,9628985329,9628985331,1472834296029609
freshP,20,7,1,port_rcv_packets,48624764.8,48625257.8,48625011.3,4550824802,4550824804,1472834296029609
freshP,20,7,1,port_xmit_packets,48816787.2,48817261.9,48817024.6,9628985331,9628985333,1472834296029609
freshP,20,7,1,port_rcv_packets,48816880.4,48817354.8,48817117.6,4550824804,4550824806,1472834296029609
freshP,20,7,1,port_rcv_packets,49904613.3,49905089.5,49904851.4,4550824806,4550824807,1472834296029609
freshP,20,7,1,port_xmit_packets,49904902.9,49905380.4,49905141.7,9628985333,9628985335,1472834296029609
freshP,20,7,1,port_rcv_packets,49904996.0,49905472.9,49905234.5,4550824807,4550824808,1472834296029609
freshP,20,7,1,port_xmit_packets,50096622.6,50097097.0,50096859.8,9628985335,9628985337,1472834296029609
freshP,20,7,1,port_rcv_packets,50096715.8,50097189.8,50096952.8,4550824808,4550824810,1472834296029609
freshP,20,7,1,port_xmit_packets,50203733.5,50204215.5,50203974.5,9628985337,9628985338,1472834296029609
freshP,20,7,1,local_ack_timeout_err,50203919.5,50204511.6,50204215.5,5757,5758,1472834296029609
freshP,20,7,1,port_xmit_packets,51184695.1,51185192.9,51184944.0,9628985338,9628985340,1472834296029609
freshP,20,7,1,port_rcv_packets,51184788.7,51185286.6,51185037.7,4550824810,4550824812,1472834296029609
freshP,20,7,1,port_xmit_packets,51376735.9,51377211.0,51376973.5,9628985340,9628985342,1472834296029609
freshP,20,7,1,port_rcv_packets,51376828.5,51377303.8,51377066.2,4550824812,4550824814,1472834296029609
freshP,20,7,1,port_rcv_packets,52464750.6,52465226.2,52464988.4,4550824814,4550824816,1472834296029609
freshP,20,7,1,port_xmit_packets,52465040.5,52465515.9,52465278.2,9628985342,9628985344,1472834296029609
freshP,20,7,1,port_xmit_packets,52656731.2,52657215.2,52656973.2,9628985344,9628985346,1472834296029609
freshP,20,7,1,port_rcv_packets,52656825.0,52657307.9,52657066.5,4550824816,4550824818,1472834296029609
freshP,20,7,1,port_xmit_packets,53744795.8,53745270.5,53745033.1,9628985346,9628985348,1472834296029609
freshP,20,7,1,port_rcv_packets,53744888.6,53745363.3,53745125.9,4550824818,4550824820,1472834296029609
freshP,20,7,1,port_xmit_packets,53936844.6,53937319.3,53937081.9,9628985348,9628985350,1472834296029609
freshP,20,7,1,port_rcv_packets,53936937.6,53937412.4,53937175.0,4550824820,4550824822,1472834296029609
freshP,20,7,1,port_xmit_packets,55024780.9,55025256.0,55025018.5,9628985350,9628985352,1472834296029609
freshP,20,7,1,port_rcv_packets,55024874.2,55025348.9,55025111.6,4550824822,4550824824,1472834296029609
freshP,20,7,1,port_xmit_packets,55216795.6,55217279.0,55217037.3,9628985352,9628985354,1472834296029609
freshP,20,7,1,port_rcv_packets,55216888.4,55217372.2,55217130.3,4550824824,4550824826,1472834296029609
freshP,20,7,1,port_xmit_packets,56304821.1,56305310.9,56305066.0,9628985354,9628985356,1472834296029609
freshP,20,7,1,port_rcv_packets,56304914.2,56305403.5,56305158.8,4550824826,4550824828,1472834296029609
freshP,20,7,1,port_rcv_packets,56496851.1,56497325.6,56497088.4,4550824828,4550824830,1472834296029609
freshP,20,7,1,port_xmit_packets,56497139.8,56497616.4,56497378.1,9628985356,9628985358,1472834296029609
freshP,20,7,1,port_xmit_packets,57584923.8,57585416.3,57585170.1,9628985358,9628985360,1472834296029609
freshP,20,7,1,port_rcv_packets,57585017.0,57585510.0,57585263.5,4550824830,4550824832,1472834296029609
freshP,20,7,1,port_xmit_packets,57776837.5,57777314.9,57777076.2,9628985360,9628985362,1472834296029609
freshP,20,7,1,port_rcv_packets,57776930.5,57777408.2,57777169.4,4550824832,4550824834,1472834296029609
freshP,20,7,1,local_ack_timeout_err,58794088.2,58794684.5,58794386.3,5758,5759,1472834296029609
freshP,20,7,1,req_cqe_error,58794088.2,58794684.5,58794386.3,23247,23248,1472834296029609
