dir,tag,pe,role,end_mono_ms,peer,class,round,total_ms,quiesce_ms,prepare_ms,handshake_ms,commit_ms,gid_ms,sgid,finish_ms,qpn,C,U,Uexec,P,R,V,reposted,B,exec_by_peer,epoch,dci_reset,dci_pending,dci_failed,nqps,fetch_cr,fetch_exec,fetch_reposted
smoke1,F1_loop_ft1_t11_s_t1,0,initiator,1931108897.712,1,LOCAL_QP_ERR,1,6.007,0.115,0.121,3.376,2.234,0.0,4->4,0.026,0x62d7,223,223,,225,225,225,2,65536,213,2,,,,,,,
smoke1,F1_loop_ft1_t11_s_t1,1,responder,800049788.719,0,LOCAL_QP_ERR,1,5.716,0.969,0.322,4.246,1.693,0.1,3->3,0.055,0x1d54,12,14,,15,15,15,1,65536,5,2,,,,,,,
smoke1,F3_loop_ft1_t11_s_t1,0,initiator,1931118837.503,1,RETRY_EXC,1,7.367,0.550,0.137,4.557,1.963,0.0,4->4,0.028,0x62e3,209,209,,211,211,211,2,65536,199,2,,,,,,,
smoke1,F3_loop_ft1_t11_s_t1,1,responder,800059728.451,0,RETRY_EXC,1,6.605,0.488,0.193,5.762,3.474,0.1,3->3,0.052,0x1d58,12,14,,15,15,15,1,65536,5,2,,,,,,,
mainA,F1_loop_ft1_t11_inflight_t1,0,initiator,1931255928.764,1,LOCAL_QP_ERR,1,4.774,0.390,0.114,2.446,1.637,0.0,4->4,0.017,0x6307,16631,16633,,16633,16633,16633,0,65536,16623,2,,,,,,,
mainA,F1_loop_ft1_t11_inflight_t1,1,responder,800196819.043,0,LOCAL_QP_ERR,1,4.171,0.501,0.192,3.285,1.341,0.1,3->3,0.061,0x1d64,12,14,,15,15,15,1,65536,5,2,,,,,,,
mainA,F1_loop_ft1_t11_inflight_t10,0,initiator,1931414847.628,1,LOCAL_QP_ERR,1,4.356,0.279,0.104,2.168,1.584,0.0,4->4,0.018,0x6415,23113,23115,,23115,23115,23115,0,65536,23105,2,,,,,,,
mainA,F1_loop_ft1_t11_inflight_t10,1,responder,800355737.256,0,LOCAL_QP_ERR,1,3.820,0.397,0.190,3.068,1.177,0.1,3->3,0.053,0x1dbe,12,14,,15,15,15,1,65536,5,2,,,,,,,
mainA,F1_loop_ft1_t11_inflight_t11,0,initiator,1931426946.801,1,LOCAL_QP_ERR,1,4.256,0.215,0.121,2.162,1.597,0.0,4->4,0.028,0x642d,16991,16991,,16993,16993,16993,2,65536,16981,2,,,,,,,
mainA,F1_loop_ft1_t11_inflight_t11,1,responder,800367836.385,0,LOCAL_QP_ERR,1,3.818,0.389,0.200,3.058,1.151,0.1,3->3,0.053,0x1dc6,12,14,,15,15,15,1,65536,5,2,,,,,,,
mainA,F1_loop_ft1_t11_inflight_t12,0,initiator,1931438923.451,1,LOCAL_QP_ERR,1,4.349,0.348,0.127,2.122,1.596,0.0,4->4,0.027,0x6445,9971,9971,,9973,9973,9973,2,65536,9961,2,,,,,,,
mainA,F1_loop_ft1_t11_inflight_t12,1,responder,800379812.993,0,LOCAL_QP_ERR,1,3.799,0.386,0.189,3.070,1.163,0.1,3->3,0.052,0x1dce,12,14,,15,15,15,1,65536,5,2,,,,,,,
mainA,F1_loop_ft1_t11_inflight_t13,0,initiator,1931450977.290,1,LOCAL_QP_ERR,1,4.353,0.277,0.122,2.212,1.597,0.0,4->4,0.018,0x645d,4795,4797,,4797,4797,4797,0,65536,4787,2,,,,,,,
mainA,F1_loop_ft1_t11_inflight_t13,1,responder,800391866.808,0,LOCAL_QP_ERR,1,3.912,0.402,0.209,3.122,1.221,0.1,3->3,0.061,0x1dd6,12,14,,15,15,15,1,65536,5,2,,,,,,,
mainA,F1_loop_ft1_t11_inflight_t14,0,initiator,1931463113.866,1,LOCAL_QP_ERR,1,4.118,0.219,0.122,2.107,1.526,0.0,4->4,0.018,0x6475,2513,2515,,2515,2515,2515,0,65536,2505,2,,,,,,,
mainA,F1_loop_ft1_t11_inflight_t14,1,responder,800404003.328,0,LOCAL_QP_ERR,1,3.696,0.404,0.183,2.960,1.132,0.1,3->3,0.055,0x1dde,12,14,,15,15,15,1,65536,5,2,,,,,,,
mainA,F1_loop_ft1_t11_inflight_t15,0,initiator,1931475287.399,1,LOCAL_QP_ERR,1,4.217,0.295,0.106,2.120,1.543,0.0,4->4,0.027,0x648d,5317,5317,,5319,5319,5319,2,65536,5307,2,,,,,,,
mainA,F1_loop_ft1_t11_inflight_t15,1,responder,800416176.821,0,LOCAL_QP_ERR,1,3.789,0.432,0.206,2.985,1.134,0.1,3->3,0.055,0x1de6,12,14,,15,15,15,1,65536,5,2,,,,,,,
mainA,F1_loop_ft1_t11_inflight_t16,0,initiator,1931485636.954,1,LOCAL_QP_ERR,1,4.404,0.305,0.117,2.248,1.583,0.0,4->4,0.025,0x649f,15865,15865,,15867,15867,15867,2,65536,15855,2,,,,,,,
mainA,F1_loop_ft1_t11_inflight_t16,1,responder,800426526.347,0,LOCAL_QP_ERR,1,3.912,0.390,0.232,3.119,1.230,0.1,3->3,0.059,0x1dec,12,14,,15,15,15,1,65536,5,2,,,,,,,
mainA,F1_loop_ft1_t11_inflight_t17,0,initiator,1931495946.903,1,LOCAL_QP_ERR,1,4.265,0.213,0.139,2.111,1.627,0.0,4->4,0.026,0x64b1,16361,16361,,16363,16363,16363,2,65536,16351,2,,,,,,,
mainA,F1_loop_ft1_t11_inflight_t17,1,responder,800436836.255,0,LOCAL_QP_ERR,1,3.820,0.390,0.211,3.063,1.127,0.1,3->3,0.052,0x1df2,12,14,,15,15,15,1,65536,5,2,,,,,,,
mainA,F1_loop_ft1_t11_inflight_t18,0,initiator,1931506171.513,1,LOCAL_QP_ERR,1,4.365,0.306,0.134,2.239,1.539,0.0,4->4,0.017,0x64c3,18965,18967,,18967,18967,18967,0,65536,18957,2,,,,,,,
mainA,F1_loop_ft1_t11_inflight_t18,1,responder,800447060.833,0,LOCAL_QP_ERR,1,3.830,0.423,0.201,3.020,1.180,0.1,3->3,0.053,0x1df8,12,14,,15,15,15,1,65536,5,2,,,,,,,
mainA,F1_loop_ft1_t11_inflight_t19,0,initiator,1931516380.591,1,LOCAL_QP_ERR,1,4.283,0.203,0.126,2.152,1.612,0.0,4->4,0.025,0x64d5,13345,13345,,13347,13347,13347,2,65536,13335,2,,,,,,,
mainA,F1_loop_ft1_t11_inflight_t19,1,responder,800457269.884,0,LOCAL_QP_ERR,1,3.904,0.433,0.196,3.105,1.179,0.1,3->3,0.053,0x1dfe,12,14,,15,15,15,1,65536,5,2,,,,,,,
mainA,F1_loop_ft1_t11_inflight_t2,0,initiator,1931273544.447,1,LOCAL_QP_ERR,1,4.411,0.320,0.143,2.167,1.607,0.0,4->4,0.027,0x6325,21159,21159,,21161,21161,21161,2,65536,21149,2,,,,,,,
mainA,F1_loop_ft1_t11_inflight_t2,1,responder,800214434.637,0,LOCAL_QP_ERR,1,3.899,0.413,0.187,3.125,1.207,0.1,3->3,0.057,0x1d6e,12,14,,15,15,15,1,65536,5,2,,,,,,,
mainA,F1_loop_ft1_t11_inflight_t20,0,initiator,1931526721.281,1,LOCAL_QP_ERR,1,4.284,0.314,0.102,2.132,1.554,0.0,4->4,0.026,0x64e7,15921,15921,,15923,15923,15923,2,65536,15911,2,,,,,,,
mainA,F1_loop_ft1_t11_inflight_t20,1,responder,800467610.538,0,LOCAL_QP_ERR,1,3.751,0.383,0.184,3.036,1.177,0.1,3->3,0.051,0x1e04,12,14,,15,15,15,1,65536,5,2,,,,,,,
mainA,F1_loop_ft1_t11_inflight_t21,0,initiator,1931536926.342,1,LOCAL_QP_ERR,1,4.274,0.325,0.114,2.094,1.587,0.0,4->4,0.025,0x64f9,3561,3561,,3563,3563,3563,2,65536,3551,2,,,,,,,
mainA,F1_loop_ft1_t11_inflight_t21,1,responder,800477815.571,0,LOCAL_QP_ERR,1,3.808,0.421,0.204,3.030,1.134,0.1,3->3,0.056,0x1e0a,12,14,,15,15,15,1,65536,5,2,,,,,,,
mainA,F1_loop_ft1_t11_inflight_t22,0,initiator,1931547246.352,1,LOCAL_QP_ERR,1,4.393,0.281,0.102,2.185,1.647,0.0,4->4,0.025,0x650b,9263,9263,,9265,9265,9265,2,65536,9253,2,,,,,,,
mainA,F1_loop_ft1_t11_inflight_t22,1,responder,800488135.547,0,LOCAL_QP_ERR,1,3.867,0.393,0.196,3.108,1.157,0.1,3->3,0.052,0x1e10,12,14,,15,15,15,1,65536,5,2,,,,,,,
mainA,F1_loop_ft1_t11_inflight_t23,0,initiator,1931557462.090,1,LOCAL_QP_ERR,1,4.420,0.344,0.153,2.215,1.549,0.0,4->4,0.027,0x651d,6899,6899,,6901,6901,6901,2,65536,6889,2,,,,,,,
mainA,F1_loop_ft1_t11_inflight_t23,1,responder,800498351.258,0,LOCAL_QP_ERR,1,3.843,0.425,0.205,3.041,1.183,0.1,3->3,0.056,0x1e16,12,14,,15,15,15,1,65536,5,2,,,,,,,
mainA,F1_loop_ft1_t11_inflight_t24,0,initiator,1931567908.018,1,LOCAL_QP_ERR,1,4.351,0.233,0.159,2.208,1.585,0.0,4->4,0.017,0x652f,23795,23797,,23797,23797,23797,0,65536,23787,2,,,,,,,
mainA,F1_loop_ft1_t11_inflight_t24,1,responder,800508797.152,0,LOCAL_QP_ERR,1,3.845,0.395,0.187,3.107,1.204,0.1,3->3,0.052,0x1e1c,12,14,,15,15,15,1,65536,5,2,,,,,,,
mainA,F1_loop_ft1_t11_inflight_t25,0,initiator,1931578051.589,1,LOCAL_QP_ERR,1,4.384,0.339,0.108,2.230,1.559,0.0,4->4,0.017,0x6541,5101,5103,,5103,5103,5103,0,65536,5093,2,,,,,,,
mainA,F1_loop_ft1_t11_inflight_t25,1,responder,800518940.703,0,LOCAL_QP_ERR,1,3.850,0.436,0.206,3.033,1.172,0.1,3->3,0.058,0x1e22,12,14,,15,15,15,1,65536,5,2,,,,,,,
mainA,F1_loop_ft1_t11_inflight_t26,0,initiator,1931588508.680,1,LOCAL_QP_ERR,1,4.334,0.333,0.104,2.162,1.556,0.0,4->4,0.017,0x6553,25323,25325,,25325,25325,25325,0,65536,25315,2,,,,,,,
mainA,F1_loop_ft1_t11_inflight_t26,1,responder,800529397.754,0,LOCAL_QP_ERR,1,3.750,0.388,0.195,3.001,1.143,0.1,3->3,0.052,0x1e28,12,14,,15,15,15,1,65536,5,2,,,,,,,
mainA,F1_loop_ft1_t11_inflight_t27,0,initiator,1931598774.043,1,LOCAL_QP_ERR,1,4.207,0.218,0.102,2.155,1.565,0.0,4->4,0.017,0x6565,25663,25665,,25665,25665,25665,0,65536,25655,2,,,,,,,
mainA,F1_loop_ft1_t11_inflight_t27,1,responder,800539663.089,0,LOCAL_QP_ERR,1,3.761,0.408,0.190,3.007,1.138,0.1,3->3,0.054,0x1e2e,12,14,,15,15,15,1,65536,5,2,,,,,,,
mainA,F1_loop_ft1_t11_inflight_t28,0,initiator,1931608890.767,1,LOCAL_QP_ERR,1,4.288,0.340,0.124,2.120,1.552,0.0,4->4,0.026,0x6577,7587,7587,,7589,7589,7589,2,65536,7577,2,,,,,,,
mainA,F1_loop_ft1_t11_inflight_t28,1,responder,800549779.790,0,LOCAL_QP_ERR,1,3.806,0.425,0.186,3.022,1.161,0.1,3->3,0.057,0x1e34,12,14,,15,15,15,1,65536,5,2,,,,,,,
mainA,F1_loop_ft1_t11_inflight_t29,0,initiator,1931619238.159,1,LOCAL_QP_ERR,1,4.387,0.355,0.103,2.188,1.591,0.0,4->4,0.019,0x6589,13475,13477,,13477,13477,13477,0,65536,13467,2,,,,,,,
mainA,F1_loop_ft1_t11_inflight_t29,1,responder,800560127.157,0,LOCAL_QP_ERR,1,3.908,0.412,0.203,3.104,1.208,0.1,3->3,0.056,0x1e3a,12,14,,15,15,15,1,65536,5,2,,,,,,,
mainA,F1_loop_ft1_t11_inflight_t3,0,initiator,1931291076.049,1,LOCAL_QP_ERR,1,4.231,0.373,0.110,2.050,1.551,0.0,4->4,0.017,0x6343,16757,16759,,16759,16759,16759,0,65536,16749,2,,,,,,,
mainA,F1_loop_ft1_t11_inflight_t3,1,responder,800231966.160,0,LOCAL_QP_ERR,1,3.720,0.400,0.192,2.983,1.133,0.1,3->3,0.052,0x1d78,12,14,,15,15,15,1,65536,5,2,,,,,,,
mainA,F1_loop_ft1_t11_inflight_t30,0,initiator,1931629525.190,1,LOCAL_QP_ERR,1,4.177,0.205,0.118,2.142,1.554,0.0,4->4,0.026,0x659b,13311,13311,,13313,13313,13313,2,65536,13301,2,,,,,,,
mainA,F1_loop_ft1_t11_inflight_t30,1,responder,800570414.173,0,LOCAL_QP_ERR,1,3.761,0.385,0.194,3.006,1.148,0.1,3->3,0.055,0x1e40,12,14,,15,15,15,1,65536,5,2,,,,,,,
mainA,F1_loop_ft1_t11_inflight_t31,0,initiator,1931631601.146,1,LOCAL_QP_ERR,1,4.124,0.274,0.107,2.047,1.553,0.0,4->4,0.017,0x65a1,10849,10851,,10851,10851,10851,0,65536,10841,2,,,,,,,
mainA,F1_loop_ft1_t11_inflight_t31,1,responder,800572490.127,0,LOCAL_QP_ERR,1,3.715,0.384,0.192,2.988,1.132,0.1,3->3,0.054,0x1e42,12,14,,15,15,15,1,65536,5,2,,,,,,,
mainA,F1_loop_ft1_t11_inflight_t32,0,initiator,1931633670.727,1,LOCAL_QP_ERR,1,4.184,0.203,0.123,2.172,1.538,0.0,4->4,0.017,0x65a7,7377,7379,,7379,7379,7379,0,65536,7369,2,,,,,,,
mainA,F1_loop_ft1_t11_inflight_t32,1,responder,800574559.707,0,LOCAL_QP_ERR,1,3.749,0.412,0.189,3.002,1.160,0.1,3->3,0.052,0x1e44,12,14,,15,15,15,1,65536,5,2,,,,,,,
mainA,F1_loop_ft1_t11_inflight_t33,0,initiator,1931635903.165,1,LOCAL_QP_ERR,1,4.266,0.303,0.127,2.100,1.579,0.0,4->4,0.026,0x65ad,22899,22899,,22901,22901,22901,2,65536,22889,2,,,,,,,
mainA,F1_loop_ft1_t11_inflight_t33,1,responder,800576792.139,0,LOCAL_QP_ERR,1,3.788,0.398,0.187,3.033,1.145,0.1,3->3,0.051,0x1e46,12,14,,15,15,15,1,65536,5,2,,,,,,,
mainA,F1_loop_ft1_t11_inflight_t34,0,initiator,1931637970.793,1,LOCAL_QP_ERR,1,4.337,0.389,0.103,2.134,1.546,0.0,4->4,0.026,0x65b3,22325,22325,,22327,22327,22327,2,65536,22315,2,,,,,,,
mainA,F1_loop_ft1_t11_inflight_t34,1,responder,800578859.774,0,LOCAL_QP_ERR,1,3.793,0.400,0.197,3.008,1.151,0.1,3->3,0.055,0x1e48,12,14,,15,15,15,1,65536,5,2,,,,,,,
mainA,F1_loop_ft1_t11_inflight_t35,0,initiator,1931639986.246,1,LOCAL_QP_ERR,1,4.321,0.318,0.104,2.157,1.570,0.0,4->4,0.018,0x65b9,10807,10809,,10809,10809,10809,0,65536,10799,2,,,,,,,
mainA,F1_loop_ft1_t11_inflight_t35,1,responder,800580875.216,0,LOCAL_QP_ERR,1,3.755,0.386,0.193,3.020,1.147,0.1,3->3,0.054,0x1e4a,12,14,,15,15,15,1,65536,5,2,,,,,,,
mainA,F1_loop_ft1_t11_inflight_t36,0,initiator,1931642164.630,1,LOCAL_QP_ERR,1,4.399,0.359,0.127,2.200,1.565,0.0,4->4,0.018,0x65bf,17083,17085,,17085,17085,17085,0,65536,17075,2,,,,,,,
mainA,F1_loop_ft1_t11_inflight_t36,1,responder,800583053.595,0,LOCAL_QP_ERR,1,3.810,0.396,0.205,3.028,1.161,0.1,3->3,0.051,0x1e4c,12,14,,15,15,15,1,65536,5,2,,,,,,,
mainA,F1_loop_ft1_t11_inflight_t37,0,initiator,1931644257.273,1,LOCAL_QP_ERR,1,4.162,0.217,0.112,2.116,1.570,0.0,4->4,0.017,0x65c5,14073,14075,,14075,14075,14075,0,65536,14065,2,,,,,,,
mainA,F1_loop_ft1_t11_inflight_t37,1,responder,800585146.240,0,LOCAL_QP_ERR,1,3.803,0.390,0.205,3.047,1.178,0.1,3->3,0.053,0x1e4e,12,14,,15,15,15,1,65536,5,2,,,,,,,
mainA,F1_loop_ft1_t11_inflight_t38,0,initiator,1931646360.995,1,LOCAL_QP_ERR,1,4.274,0.310,0.105,2.137,1.558,0.0,4->4,0.018,0x65cb,16987,16989,,16989,16989,16989,0,65536,16979,2,,,,,,,
mainA,F1_loop_ft1_t11_inflight_t38,1,responder,800587249.956,0,LOCAL_QP_ERR,1,3.821,0.391,0.197,3.059,1.201,0.1,3->3,0.053,0x1e50,12,14,,15,15,15,1,65536,5,2,,,,,,,
mainA,F1_loop_ft1_t11_inflight_t39,0,initiator,1931648509.722,1,LOCAL_QP_ERR,1,4.271,0.326,0.105,2.120,1.566,0.0,4->4,0.017,0x65d1,23915,23917,,23917,23917,23917,0,65536,23907,2,,,,,,,
mainA,F1_loop_ft1_t11_inflight_t39,1,responder,800589398.682,0,LOCAL_QP_ERR,1,3.730,0.386,0.191,3.006,1.139,0.1,3->3,0.052,0x1e52,12,14,,15,15,15,1,65536,5,2,,,,,,,
mainA,F1_loop_ft1_t11_inflight_t4,0,initiator,1931308596.052,1,LOCAL_QP_ERR,1,5.171,0.230,0.114,2.929,1.676,0.1,4->4,0.039,0x6361,6193,6193,,6195,6195,6195,2,65536,6183,2,,,,,,,
mainA,F1_loop_ft1_t11_inflight_t4,1,responder,800249487.012,0,LOCAL_QP_ERR,1,5.024,0.411,0.194,4.244,1.159,0.1,3->3,0.055,0x1d82,12,14,,15,15,15,1,65536,5,2,,,,,,,
mainA,F1_loop_ft1_t11_inflight_t40,0,initiator,1931650553.933,1,LOCAL_QP_ERR,1,4.298,0.271,0.103,2.167,1.594,0.0,4->4,0.017,0x65d7,19993,19995,,19995,19995,19995,0,65536,19985,2,,,,,,,
mainA,F1_loop_ft1_t11_inflight_t40,1,responder,800591442.891,0,LOCAL_QP_ERR,1,3.801,0.386,0.189,3.057,1.162,0.1,3->3,0.054,0x1e54,12,14,,15,15,15,1,65536,5,2,,,,,,,
mainA,F1_loop_ft1_t11_inflight_t5,0,initiator,1931326312.669,1,LOCAL_QP_ERR,1,4.170,0.208,0.127,2.105,1.541,0.0,4->4,0.027,0x637f,10705,10705,,10707,10707,10707,2,65536,10695,2,,,,,,,
mainA,F1_loop_ft1_t11_inflight_t5,1,responder,800267202.635,0,LOCAL_QP_ERR,1,3.785,0.453,0.191,2.983,1.133,0.1,3->3,0.052,0x1d8c,12,14,,15,15,15,1,65536,5,2,,,,,,,
mainA,F1_loop_ft1_t11_inflight_t6,0,initiator,1931344059.224,1,LOCAL_QP_ERR,1,4.272,0.297,0.108,2.171,1.542,0.0,4->4,0.025,0x639d,16509,16509,,16511,16511,16511,2,65536,16499,2,,,,,,,
mainA,F1_loop_ft1_t11_inflight_t6,1,responder,800284949.119,0,LOCAL_QP_ERR,1,3.793,0.395,0.206,3.022,1.172,0.1,3->3,0.053,0x1d96,12,14,,15,15,15,1,65536,5,2,,,,,,,
mainA,F1_loop_ft1_t11_inflight_t7,0,initiator,1931361708.951,1,LOCAL_QP_ERR,1,4.261,0.273,0.105,2.201,1.537,0.0,4->4,0.018,0x63bb,12401,12403,,12403,12403,12403,0,65536,12393,2,,,,,,,
mainA,F1_loop_ft1_t11_inflight_t7,1,responder,800302598.774,0,LOCAL_QP_ERR,1,3.794,0.438,0.189,2.999,1.163,0.1,3->3,0.053,0x1da0,12,14,,15,15,15,1,65536,5,2,,,,,,,
mainA,F1_loop_ft1_t11_inflight_t8,0,initiator,1931379405.976,1,LOCAL_QP_ERR,1,4.332,0.220,0.124,2.228,1.577,0.0,4->4,0.017,0x63d9,19267,19269,,19269,19269,19269,0,65536,19259,2,,,,,,,
mainA,F1_loop_ft1_t11_inflight_t8,1,responder,800320295.741,0,LOCAL_QP_ERR,1,3.871,0.403,0.190,3.121,1.241,0.1,3->3,0.058,0x1daa,12,14,,15,15,15,1,65536,5,2,,,,,,,
mainA,F1_loop_ft1_t11_inflight_t9,0,initiator,1931397235.047,1,LOCAL_QP_ERR,1,4.385,0.278,0.150,2.187,1.598,0.0,4->4,0.018,0x63f7,26243,26245,,26245,26245,26245,0,65536,26235,2,,,,,,,
mainA,F1_loop_ft1_t11_inflight_t9,1,responder,800338124.738,0,LOCAL_QP_ERR,1,3.867,0.425,0.196,3.091,1.194,0.1,3->3,0.052,0x1db4,12,14,,15,15,15,1,65536,5,2,,,,,,,
mainA,F1_loop_ft1_t11_main_t1,0,initiator,1931245728.581,1,LOCAL_QP_ERR,1,5.387,0.126,0.127,2.974,1.992,0.0,4->4,0.026,0x62f5,205,205,,207,207,207,2,65536,195,2,,,,,,,
mainA,F1_loop_ft1_t11_main_t1,1,responder,800186618.890,0,LOCAL_QP_ERR,1,4.996,0.647,0.350,3.847,1.541,0.1,3->3,0.052,0x1d5e,12,14,,15,15,15,1,65536,5,2,,,,,,,
mainA,F1_loop_ft1_t11_main_t10,0,initiator,1931404846.881,1,LOCAL_QP_ERR,1,4.213,0.088,0.120,2.179,1.638,0.0,4->4,0.026,0x6403,249,249,,251,251,251,2,65536,239,2,,,,,,,
mainA,F1_loop_ft1_t11_main_t10,1,responder,800345736.544,0,LOCAL_QP_ERR,1,3.891,0.401,0.215,3.107,1.157,0.1,3->3,0.051,0x1db8,12,14,,15,15,15,1,65536,5,2,,,,,,,
mainA,F1_loop_ft1_t11_main_t11,0,initiator,1931421903.262,1,LOCAL_QP_ERR,1,4.172,0.112,0.119,2.154,1.617,0.0,4->4,0.026,0x6421,163,163,,165,165,165,2,65536,153,2,,,,,,,
mainA,F1_loop_ft1_t11_main_t11,1,responder,800362792.864,0,LOCAL_QP_ERR,1,3.836,0.418,0.187,3.076,1.149,0.1,3->3,0.052,0x1dc2,12,14,,15,15,15,1,65536,5,2,,,,,,,
mainA,F1_loop_ft1_t11_main_t12,0,initiator,1931434232.177,1,LOCAL_QP_ERR,1,4.175,0.100,0.113,2.167,1.634,0.0,4->4,0.027,0x6439,195,195,,197,197,197,2,65536,185,2,,,,,,,
mainA,F1_loop_ft1_t11_main_t12,1,responder,800375121.737,0,LOCAL_QP_ERR,1,3.866,0.405,0.195,3.115,1.168,0.1,3->3,0.054,0x1dca,12,14,,15,15,15,1,65536,5,2,,,,,,,
mainA,F1_loop_ft1_t11_main_t13,0,initiator,1931446065.904,1,LOCAL_QP_ERR,1,4.249,0.102,0.139,2.213,1.640,0.0,4->4,0.026,0x6451,159,159,,161,161,161,2,65536,149,2,,,,,,,
mainA,F1_loop_ft1_t11_main_t13,1,responder,800386955.425,0,LOCAL_QP_ERR,1,3.906,0.394,0.188,3.167,1.217,0.1,3->3,0.053,0x1dd2,12,14,,15,15,15,1,65536,5,2,,,,,,,
mainA,F1_loop_ft1_t11_main_t14,0,initiator,1931458985.788,1,LOCAL_QP_ERR,1,4.121,0.108,0.109,2.112,1.626,0.0,4->4,0.026,0x6469,275,275,,277,277,277,2,65536,265,2,,,,,,,
mainA,F1_loop_ft1_t11_main_t14,1,responder,800399875.262,0,LOCAL_QP_ERR,1,3.851,0.411,0.193,3.092,1.157,0.1,3->3,0.053,0x1dda,12,14,,15,15,15,1,65536,5,2,,,,,,,
mainA,F1_loop_ft1_t11_main_t15,0,initiator,1931470341.385,1,LOCAL_QP_ERR,1,4.161,0.139,0.142,2.118,1.606,0.0,4->4,0.026,0x6481,169,169,,171,171,171,2,65536,159,2,,,,,,,
mainA,F1_loop_ft1_t11_main_t15,1,responder,800411230.826,0,LOCAL_QP_ERR,1,3.798,0.400,0.193,3.047,1.135,0.1,3->3,0.056,0x1de2,12,14,,15,15,15,1,65536,5,2,,,,,,,
mainA,F1_loop_ft1_t11_main_t16,0,initiator,1931483005.875,1,LOCAL_QP_ERR,1,4.316,0.167,0.114,2.252,1.626,0.0,4->4,0.026,0x6499,237,237,,239,239,239,2,65536,227,2,,,,,,,
mainA,F1_loop_ft1_t11_main_t16,1,responder,800423895.279,0,LOCAL_QP_ERR,1,3.920,0.441,0.201,3.117,1.171,0.1,3->3,0.056,0x1dea,12,14,,15,15,15,1,65536,5,2,,,,,,,
mainA,F1_loop_ft1_t11_main_t17,0,initiator,1931492790.877,1,LOCAL_QP_ERR,1,4.132,0.087,0.118,2.142,1.626,0.0,4->4,0.027,0x64ab,165,165,,167,167,167,2,65536,155,2,,,,,,,
mainA,F1_loop_ft1_t11_main_t17,1,responder,800433680.241,0,LOCAL_QP_ERR,1,3.804,0.394,0.193,3.065,1.128,0.1,3->3,0.052,0x1df0,12,14,,15,15,15,1,65536,5,2,,,,,,,
mainA,F1_loop_ft1_t11_main_t18,0,initiator,1931502940.864,1,LOCAL_QP_ERR,1,4.223,0.107,0.139,2.181,1.600,0.0,4->4,0.026,0x64bd,151,151,,153,153,153,2,65536,141,2,,,,,,,
mainA,F1_loop_ft1_t11_main_t18,1,responder,800443830.195,0,LOCAL_QP_ERR,1,3.865,0.400,0.195,3.094,1.190,0.1,3->3,0.054,0x1df6,12,14,,15,15,15,1,65536,5,2,,,,,,,
mainA,F1_loop_ft1_t11_main_t19,0,initiator,1931513347.214,1,LOCAL_QP_ERR,1,4.167,0.100,0.107,2.183,1.615,0.0,4->4,0.026,0x64cf,177,177,,179,179,179,2,65536,167,2,,,,,,,
mainA,F1_loop_ft1_t11_main_t19,1,responder,800454236.511,0,LOCAL_QP_ERR,1,3.834,0.406,0.188,3.084,1.160,0.1,3->3,0.052,0x1dfc,12,14,,15,15,15,1,65536,5,2,,,,,,,
mainA,F1_loop_ft1_t11_main_t2,0,initiator,1931263090.625,1,LOCAL_QP_ERR,1,4.571,0.087,0.151,2.427,1.728,0.0,4->4,0.026,0x6313,179,179,,181,181,181,2,65536,169,2,,,,,,,
mainA,F1_loop_ft1_t11_main_t2,1,responder,800203980.855,0,LOCAL_QP_ERR,1,4.228,0.524,0.181,3.338,1.300,0.1,3->3,0.052,0x1d68,12,14,,15,15,15,1,65536,5,2,,,,,,,
mainA,F1_loop_ft1_t11_main_t20,0,initiator,1931523509.677,1,LOCAL_QP_ERR,1,4.162,0.090,0.124,2.109,1.635,0.0,4->4,0.026,0x64e1,157,157,,159,159,159,2,65536,147,2,,,,,,,
mainA,F1_loop_ft1_t11_main_t20,1,responder,800464398.942,0,LOCAL_QP_ERR,1,3.833,0.384,0.197,3.097,1.148,0.1,3->3,0.054,0x1e02,12,14,,15,15,15,1,65536,5,2,,,,,,,
mainA,F1_loop_ft1_t11_main_t21,0,initiator,1931533713.968,1,LOCAL_QP_ERR,1,4.146,0.090,0.111,2.148,1.623,0.0,4->4,0.027,0x64f3,141,141,,143,143,143,2,65536,131,2,,,,,,,
mainA,F1_loop_ft1_t11_main_t21,1,responder,800474603.209,0,LOCAL_QP_ERR,1,3.882,0.398,0.208,3.101,1.167,0.1,3->3,0.053,0x1e08,12,14,,15,15,15,1,65536,5,2,,,,,,,
mainA,F1_loop_ft1_t11_main_t22,0,initiator,1931544404.689,1,LOCAL_QP_ERR,1,4.178,0.092,0.105,2.163,1.652,0.0,4->4,0.026,0x6505,199,199,,201,201,201,2,65536,189,2,,,,,,,
mainA,F1_loop_ft1_t11_main_t22,1,responder,800485293.901,0,LOCAL_QP_ERR,1,3.907,0.399,0.189,3.146,1.179,0.1,3->3,0.055,0x1e0e,12,14,,15,15,15,1,65536,5,2,,,,,,,
mainA,F1_loop_ft1_t11_main_t23,0,initiator,1931555099.402,1,LOCAL_QP_ERR,1,4.144,0.089,0.106,2.198,1.586,0.0,4->4,0.026,0x6517,263,263,,265,265,265,2,65536,253,2,,,,,,,
mainA,F1_loop_ft1_t11_main_t23,1,responder,800495988.574,0,LOCAL_QP_ERR,1,3.836,0.405,0.195,3.081,1.186,0.1,3->3,0.053,0x1e14,12,14,,15,15,15,1,65536,5,2,,,,,,,
mainA,F1_loop_ft1_t11_main_t24,0,initiator,1931564903.332,1,LOCAL_QP_ERR,1,4.263,0.099,0.115,2.221,1.670,0.0,4->4,0.026,0x6529,193,193,,195,195,195,2,65536,183,2,,,,,,,
mainA,F1_loop_ft1_t11_main_t24,1,responder,800505792.476,0,LOCAL_QP_ERR,1,3.957,0.431,0.187,3.182,1.199,0.1,3->3,0.054,0x1e1a,12,14,,15,15,15,1,65536,5,2,,,,,,,
mainA,F1_loop_ft1_t11_main_t25,0,initiator,1931575232.804,1,LOCAL_QP_ERR,1,4.208,0.088,0.188,2.168,1.608,0.0,4->4,0.026,0x653b,197,197,,199,199,199,2,65536,187,2,,,,,,,
mainA,F1_loop_ft1_t11_main_t25,1,responder,800516121.918,0,LOCAL_QP_ERR,1,3.832,0.414,0.191,3.068,1.147,0.1,3->3,0.054,0x1e20,12,14,,15,15,15,1,65536,5,2,,,,,,,
mainA,F1_loop_ft1_t11_main_t26,0,initiator,1931585388.356,1,LOCAL_QP_ERR,1,4.230,0.114,0.106,2.260,1.576,0.0,4->4,0.030,0x654d,179,179,,181,181,181,2,65536,169,2,,,,,,,
mainA,F1_loop_ft1_t11_main_t26,1,responder,800526277.439,0,LOCAL_QP_ERR,1,3.919,0.419,0.209,3.109,1.212,0.1,3->3,0.053,0x1e26,12,14,,15,15,15,1,65536,5,2,,,,,,,
mainA,F1_loop_ft1_t11_main_t27,0,initiator,1931596314.189,1,LOCAL_QP_ERR,1,4.256,0.090,0.107,2.265,1.620,0.0,4->4,0.027,0x655f,273,273,,275,275,275,2,65536,263,2,,,,,,,
mainA,F1_loop_ft1_t11_main_t27,1,responder,800537203.241,0,LOCAL_QP_ERR,1,3.937,0.447,0.189,3.125,1.191,0.1,3->3,0.054,0x1e2c,12,14,,15,15,15,1,65536,5,2,,,,,,,
mainA,F1_loop_ft1_t11_main_t28,0,initiator,1931606563.069,1,LOCAL_QP_ERR,1,4.211,0.092,0.105,2.200,1.644,0.0,4->4,0.026,0x6571,273,273,,275,275,275,2,65536,263,2,,,,,,,
mainA,F1_loop_ft1_t11_main_t28,1,responder,800547452.091,0,LOCAL_QP_ERR,1,3.956,0.434,0.193,3.172,1.219,0.1,3->3,0.052,0x1e32,12,14,,15,15,15,1,65536,5,2,,,,,,,
mainA,F1_loop_ft1_t11_main_t29,0,initiator,1931616502.403,1,LOCAL_QP_ERR,1,4.156,0.091,0.119,2.147,1.628,0.0,4->4,0.026,0x6583,219,219,,221,221,221,2,65536,209,2,,,,,,,
mainA,F1_loop_ft1_t11_main_t29,1,responder,800557391.400,0,LOCAL_QP_ERR,1,3.876,0.423,0.203,3.094,1.157,0.1,3->3,0.054,0x1e38,12,14,,15,15,15,1,65536,5,2,,,,,,,
mainA,F1_loop_ft1_t11_main_t3,0,initiator,1931280954.566,1,LOCAL_QP_ERR,1,4.328,0.093,0.109,2.198,1.754,0.0,4->4,0.026,0x6331,225,225,,227,227,227,2,65536,215,2,,,,,,,
mainA,F1_loop_ft1_t11_main_t3,1,responder,800221844.723,0,LOCAL_QP_ERR,1,4.046,0.445,0.188,3.248,1.182,0.1,3->3,0.055,0x1d72,12,14,,15,15,15,1,65536,5,2,,,,,,,
mainA,F1_loop_ft1_t11_main_t30,0,initiator,1931627037.677,1,LOCAL_QP_ERR,1,4.240,0.092,0.103,2.265,1.605,0.0,4->4,0.025,0x6595,257,257,,259,259,259,2,65536,247,2,,,,,,,
mainA,F1_loop_ft1_t11_main_t30,1,responder,800567926.668,0,LOCAL_QP_ERR,1,3.927,0.440,0.184,3.123,1.210,0.1,3->3,0.054,0x1e3e,12,14,,15,15,15,1,65536,5,2,,,,,,,
mainA,F1_loop_ft1_t11_main_t4,0,initiator,1931297951.351,1,LOCAL_QP_ERR,1,4.247,0.110,0.120,2.155,1.708,0.0,4->4,0.026,0x634f,143,143,,145,145,145,2,65536,133,2,,,,,,,
mainA,F1_loop_ft1_t11_main_t4,1,responder,800238841.435,0,LOCAL_QP_ERR,1,3.971,0.412,0.192,3.195,1.179,0.1,3->3,0.054,0x1d7c,12,14,,15,15,15,1,65536,5,2,,,,,,,
mainA,F1_loop_ft1_t11_main_t5,0,initiator,1931316372.013,1,LOCAL_QP_ERR,1,4.349,0.113,0.123,2.275,1.632,0.0,4->4,0.043,0x636d,243,243,,245,245,245,2,65536,233,2,,,,,,,
mainA,F1_loop_ft1_t11_main_t5,1,responder,800257262.017,0,LOCAL_QP_ERR,1,4.055,0.467,0.190,3.225,1.259,0.1,3->3,0.051,0x1d86,12,14,,15,15,15,1,65536,5,2,,,,,,,
mainA,F1_loop_ft1_t11_main_t6,0,initiator,1931333551.878,1,LOCAL_QP_ERR,1,4.187,0.185,0.104,2.116,1.618,0.0,4->4,0.026,0x638b,175,175,,177,177,177,2,65536,165,2,,,,,,,
mainA,F1_loop_ft1_t11_main_t6,1,responder,800274441.818,0,LOCAL_QP_ERR,1,3.865,0.413,0.188,3.099,1.171,0.1,3->3,0.054,0x1d90,12,14,,15,15,15,1,65536,5,2,,,,,,,
mainA,F1_loop_ft1_t11_main_t7,0,initiator,1931351677.513,1,LOCAL_QP_ERR,1,4.278,0.102,0.105,2.220,1.690,0.0,4->4,0.027,0x63a9,231,231,,233,233,233,2,65536,221,2,,,,,,,
mainA,F1_loop_ft1_t11_main_t7,1,responder,800292567.379,0,LOCAL_QP_ERR,1,4.024,0.438,0.242,3.185,1.185,0.1,3->3,0.057,0x1d9a,12,14,,15,15,15,1,65536,5,2,,,,,,,
mainA,F1_loop_ft1_t11_main_t8,0,initiator,1931369355.556,1,LOCAL_QP_ERR,1,4.374,0.100,0.128,2.311,1.655,0.0,4->4,0.027,0x63c7,233,233,,235,235,235,2,65536,223,2,,,,,,,
mainA,F1_loop_ft1_t11_main_t8,1,responder,800310245.361,0,LOCAL_QP_ERR,1,4.058,0.455,0.203,3.226,1.255,0.1,3->3,0.056,0x1da4,12,14,,15,15,15,1,65536,5,2,,,,,,,
mainA,F1_loop_ft1_t11_main_t9,0,initiator,1931386731.914,1,LOCAL_QP_ERR,1,4.194,0.096,0.105,2.204,1.637,0.0,4->4,0.025,0x63e5,193,193,,195,195,195,2,65536,183,2,,,,,,,
mainA,F1_loop_ft1_t11_main_t9,1,responder,800327621.646,0,LOCAL_QP_ERR,1,3.965,0.405,0.185,3.215,1.262,0.1,3->3,0.054,0x1dae,12,14,,15,15,15,1,65536,5,2,,,,,,,
mainA,F1x5_loop_ft1_t11_main_t1,0,initiator,1931251985.594,1,LOCAL_QP_ERR,1,4.537,0.105,0.119,2.338,1.820,0.0,4->4,0.026,0x6301,251,251,,253,253,253,2,65536,241,2,,,,,,,
mainA,F1x5_loop_ft1_t11_main_t1,0,initiator,1931252144.588,1,LOCAL_QP_ERR,2,4.593,0.093,0.084,2.016,1.636,0.0,4->4,0.596,0x6301,65558,65558,,65560,65560,65560,2,131072,22,4,,,,,,,
mainA,F1x5_loop_ft1_t11_main_t1,0,initiator,1931252162.390,1,LOCAL_QP_ERR,3,3.746,0.109,0.080,1.858,1.499,0.0,4->4,0.025,0x6301,131074,131074,,131076,131076,131076,2,196608,2,6,,,,,,,
mainA,F1x5_loop_ft1_t11_main_t1,0,initiator,1931252320.739,1,LOCAL_QP_ERR,4,3.836,0.081,0.125,1.897,1.578,0.0,4->4,0.026,0x6301,196630,196630,,196632,196632,196632,2,262144,22,8,,,,,,,
mainA,F1x5_loop_ft1_t11_main_t1,0,initiator,1931252479.046,1,LOCAL_QP_ERR,5,3.852,0.098,0.108,1.952,1.529,0.0,4->4,0.025,0x6301,262166,262166,,262168,262168,262168,2,327680,22,10,,,,,,,
mainA,F1x5_loop_ft1_t11_main_t1,1,responder,800192875.881,0,LOCAL_QP_ERR,1,4.248,0.456,0.247,3.389,1.256,0.1,3->3,0.054,0x1d62,12,14,,15,15,15,1,65536,5,2,,,,,,,
mainA,F1x5_loop_ft1_t11_main_t1,1,responder,800193034.877,0,LOCAL_QP_ERR,2,4.310,0.365,0.135,3.676,1.162,0.1,3->3,0.051,0x1d62,65536,65536,,65537,65537,65537,1,131072,0,4,,,,,,,
mainA,F1x5_loop_ft1_t11_main_t1,1,responder,800193052.678,0,LOCAL_QP_ERR,3,3.487,0.352,0.140,2.869,1.066,0.1,3->3,0.049,0x1d62,131072,131072,,131073,131073,131073,1,196608,0,6,,,,,,,
mainA,F1x5_loop_ft1_t11_main_t1,1,responder,800193211.034,0,LOCAL_QP_ERR,4,3.619,0.378,0.139,2.956,1.078,0.1,3->3,0.063,0x1d62,196608,196608,,196609,196609,196609,1,262144,0,8,,,,,,,
mainA,F1x5_loop_ft1_t11_main_t1,1,responder,800193369.325,0,LOCAL_QP_ERR,5,3.567,0.362,0.146,2.924,1.098,0.1,3->3,0.051,0x1d62,262144,262144,,262145,262145,262145,1,327680,0,10,,,,,,,
mainA,F1x5_loop_ft1_t11_main_t10,0,initiator,1931410870.378,1,LOCAL_QP_ERR,1,4.141,0.085,0.124,2.162,1.595,0.0,4->4,0.027,0x640f,259,259,,261,261,261,2,65536,249,2,,,,,,,
mainA,F1x5_loop_ft1_t11_main_t10,0,initiator,1931411032.404,1,LOCAL_QP_ERR,2,4.420,0.086,0.083,1.951,1.592,0.0,4->4,0.564,0x640f,65558,65558,,65560,65560,65560,2,131072,22,4,,,,,,,
mainA,F1x5_loop_ft1_t11_main_t10,0,initiator,1931411050.620,1,LOCAL_QP_ERR,3,3.744,0.090,0.122,1.865,1.518,0.0,4->4,0.025,0x640f,131074,131074,,131076,131076,131076,2,196608,2,6,,,,,,,
mainA,F1x5_loop_ft1_t11_main_t10,0,initiator,1931411212.050,1,LOCAL_QP_ERR,4,3.755,0.106,0.105,1.864,1.477,0.0,4->4,0.025,0x640f,196630,196630,,196632,196632,196632,2,262144,22,8,,,,,,,
mainA,F1x5_loop_ft1_t11_main_t10,0,initiator,1931411373.430,1,LOCAL_QP_ERR,5,3.804,0.134,0.095,1.847,1.559,0.0,4->4,0.025,0x640f,262166,262166,,262168,262168,262168,2,327680,22,10,,,,,,,
mainA,F1x5_loop_ft1_t11_main_t10,1,responder,800351760.029,0,LOCAL_QP_ERR,1,3.893,0.395,0.221,3.118,1.210,0.1,3->3,0.061,0x1dbc,12,14,,15,15,15,1,65536,5,2,,,,,,,
mainA,F1x5_loop_ft1_t11_main_t10,1,responder,800351922.049,0,LOCAL_QP_ERR,2,4.206,0.365,0.145,3.561,1.134,0.1,3->3,0.055,0x1dbc,65536,65536,,65537,65537,65537,1,131072,0,4,,,,,,,
mainA,F1x5_loop_ft1_t11_main_t10,1,responder,800351940.257,0,LOCAL_QP_ERR,3,3.477,0.349,0.133,2.859,1.052,0.1,3->3,0.050,0x1dbc,131072,131072,,131073,131073,131073,1,196608,0,6,,,,,,,
mainA,F1x5_loop_ft1_t11_main_t10,1,responder,800352101.685,0,LOCAL_QP_ERR,4,3.448,0.361,0.141,2.814,1.046,0.1,3->3,0.049,0x1dbc,196608,196608,,196609,196609,196609,1,262144,0,8,,,,,,,
mainA,F1x5_loop_ft1_t11_main_t10,1,responder,800352263.070,0,LOCAL_QP_ERR,5,3.553,0.353,0.145,2.929,1.075,0.1,3->3,0.049,0x1dbc,262144,262144,,262145,262145,262145,1,327680,0,10,,,,,,,
mainA,F1x5_loop_ft1_t11_main_t2,0,initiator,1931268975.109,1,LOCAL_QP_ERR,1,4.333,0.122,0.105,2.223,1.702,0.0,4->4,0.026,0x631f,171,171,,173,173,173,2,65536,161,2,,,,,,,
mainA,F1x5_loop_ft1_t11_main_t2,0,initiator,1931269135.060,1,LOCAL_QP_ERR,2,4.405,0.112,0.087,1.944,1.567,0.0,4->4,0.550,0x631f,65558,65558,,65560,65560,65560,2,131072,22,4,,,,,,,
mainA,F1x5_loop_ft1_t11_main_t2,0,initiator,1931269153.038,1,LOCAL_QP_ERR,3,3.721,0.100,0.095,1.875,1.502,0.0,4->4,0.026,0x631f,131074,131074,,131076,131076,131076,2,196608,2,6,,,,,,,
mainA,F1x5_loop_ft1_t11_main_t2,0,initiator,1931269312.542,1,LOCAL_QP_ERR,4,3.817,0.089,0.096,1.880,1.594,0.0,4->4,0.025,0x631f,196630,196630,,196632,196632,196632,2,262144,22,8,,,,,,,
mainA,F1x5_loop_ft1_t11_main_t2,0,initiator,1931269472.062,1,LOCAL_QP_ERR,5,3.931,0.137,0.085,1.877,1.629,0.1,4->4,0.028,0x631f,262166,262166,,262168,262168,262168,2,327680,22,10,,,,,,,
mainA,F1x5_loop_ft1_t11_main_t2,1,responder,800209865.319,0,LOCAL_QP_ERR,1,3.991,0.440,0.182,3.214,1.193,0.1,3->3,0.054,0x1d6c,12,14,,15,15,15,1,65536,5,2,,,,,,,
mainA,F1x5_loop_ft1_t11_main_t2,1,responder,800210025.263,0,LOCAL_QP_ERR,2,4.158,0.367,0.135,3.524,1.130,0.1,3->3,0.050,0x1d6c,65536,65536,,65537,65537,65537,1,131072,0,4,,,,,,,
mainA,F1x5_loop_ft1_t11_main_t2,1,responder,800210043.240,0,LOCAL_QP_ERR,3,3.487,0.344,0.142,2.866,1.071,0.1,3->3,0.051,0x1d6c,131072,131072,,131073,131073,131073,1,196608,0,6,,,,,,,
mainA,F1x5_loop_ft1_t11_main_t2,1,responder,800210202.742,0,LOCAL_QP_ERR,4,3.608,0.402,0.140,2.938,1.045,0.1,3->3,0.051,0x1d6c,196608,196608,,196609,196609,196609,1,262144,0,8,,,,,,,
mainA,F1x5_loop_ft1_t11_main_t2,1,responder,800210362.258,0,LOCAL_QP_ERR,5,3.588,0.358,0.133,2.970,1.025,0.1,3->3,0.050,0x1d6c,262144,262144,,262145,262145,262145,1,327680,0,10,,,,,,,
mainA,F1x5_loop_ft1_t11_main_t3,0,initiator,1931286748.651,1,LOCAL_QP_ERR,1,3.939,0.112,0.139,1.844,1.671,0.0,4->4,0.027,0x633d,205,205,,207,207,207,2,65536,195,2,,,,,,,
mainA,F1x5_loop_ft1_t11_main_t3,0,initiator,1931286908.503,1,LOCAL_QP_ERR,2,4.218,0.101,0.109,1.670,1.620,0.0,4->4,0.587,0x633d,65558,65558,,65560,65560,65560,2,131072,22,4,,,,,,,
mainA,F1x5_loop_ft1_t11_main_t3,0,initiator,1931286926.574,1,LOCAL_QP_ERR,3,3.875,0.105,0.082,1.936,1.514,0.0,4->4,0.027,0x633d,131074,131074,,131076,131076,131076,2,196608,2,6,,,,,,,
mainA,F1x5_loop_ft1_t11_main_t3,0,initiator,1931287085.946,1,LOCAL_QP_ERR,4,3.799,0.097,0.086,1.866,1.576,0.0,4->4,0.025,0x633d,196630,196630,,196632,196632,196632,2,262144,22,8,,,,,,,
mainA,F1x5_loop_ft1_t11_main_t3,0,initiator,1931287245.120,1,LOCAL_QP_ERR,5,3.566,0.086,0.083,1.698,1.546,0.0,4->4,0.025,0x633d,262166,262166,,262168,262168,262168,2,327680,22,10,,,,,,,
mainA,F1x5_loop_ft1_t11_main_t3,1,responder,800227638.751,0,LOCAL_QP_ERR,1,3.622,0.400,0.126,2.960,0.997,0.0,3->3,0.036,0x1d76,12,14,,15,15,15,1,65536,5,2,,,,,,,
mainA,F1x5_loop_ft1_t11_main_t3,1,responder,800227798.652,0,LOCAL_QP_ERR,2,4.004,0.336,0.096,3.420,0.924,0.0,3->3,0.068,0x1d76,65536,65536,,65537,65537,65537,1,131072,0,4,,,,,,,
mainA,F1x5_loop_ft1_t11_main_t3,1,responder,800227816.699,0,LOCAL_QP_ERR,3,3.510,0.372,0.135,2.862,1.050,0.1,3->3,0.049,0x1d76,131072,131072,,131073,131073,131073,1,196608,0,6,,,,,,,
mainA,F1x5_loop_ft1_t11_main_t3,1,responder,800227976.074,0,LOCAL_QP_ERR,4,3.534,0.361,0.141,2.906,1.030,0.1,3->3,0.050,0x1d76,196608,196608,,196609,196609,196609,1,262144,0,8,,,,,,,
mainA,F1x5_loop_ft1_t11_main_t3,1,responder,800228135.219,0,LOCAL_QP_ERR,5,3.268,0.339,0.100,2.717,0.894,0.0,3->3,0.034,0x1d76,262144,262144,,262145,262145,262145,1,327680,0,10,,,,,,,
mainA,F1x5_loop_ft1_t11_main_t4,0,initiator,1931304744.761,1,LOCAL_QP_ERR,1,4.241,0.094,0.114,2.257,1.621,0.0,4->4,0.026,0x635b,263,263,,265,265,265,2,65536,253,2,,,,,,,
mainA,F1x5_loop_ft1_t11_main_t4,0,initiator,1931304905.869,1,LOCAL_QP_ERR,2,4.422,0.097,0.084,1.989,1.540,0.0,4->4,0.550,0x635b,65558,65558,,65560,65560,65560,2,131072,22,4,,,,,,,
mainA,F1x5_loop_ft1_t11_main_t4,0,initiator,1931304923.973,1,LOCAL_QP_ERR,3,3.657,0.081,0.080,1.896,1.433,0.0,4->4,0.026,0x635b,131074,131074,,131076,131076,131076,2,196608,2,6,,,,,,,
mainA,F1x5_loop_ft1_t11_main_t4,0,initiator,1931305084.764,1,LOCAL_QP_ERR,4,3.760,0.108,0.085,1.889,1.493,0.0,4->4,0.026,0x635b,196630,196630,,196632,196632,196632,2,262144,22,8,,,,,,,
mainA,F1x5_loop_ft1_t11_main_t4,0,initiator,1931305245.293,1,LOCAL_QP_ERR,5,3.740,0.111,0.109,1.870,1.492,0.0,4->4,0.026,0x635b,262166,262166,,262168,262168,262168,2,327680,22,10,,,,,,,
mainA,F1x5_loop_ft1_t11_main_t4,1,responder,800245634.812,0,LOCAL_QP_ERR,1,3.966,0.473,0.195,3.142,1.211,0.1,3->3,0.052,0x1d80,12,14,,15,15,15,1,65536,5,2,,,,,,,
mainA,F1x5_loop_ft1_t11_main_t4,1,responder,800245795.919,0,LOCAL_QP_ERR,2,4.184,0.368,0.144,3.519,1.157,0.1,3->3,0.050,0x1d80,65536,65536,,65537,65537,65537,1,131072,0,4,,,,,,,
mainA,F1x5_loop_ft1_t11_main_t4,1,responder,800245814.027,0,LOCAL_QP_ERR,3,3.381,0.347,0.131,2.755,1.031,0.1,3->3,0.057,0x1d80,131072,131072,,131073,131073,131073,1,196608,0,6,,,,,,,
mainA,F1x5_loop_ft1_t11_main_t4,1,responder,800245974.815,0,LOCAL_QP_ERR,4,3.515,0.363,0.135,2.865,1.073,0.1,3->3,0.050,0x1d80,196608,196608,,196609,196609,196609,1,262144,0,8,,,,,,,
mainA,F1x5_loop_ft1_t11_main_t4,1,responder,800246135.337,0,LOCAL_QP_ERR,5,3.472,0.369,0.129,2.833,1.046,0.1,3->3,0.048,0x1d80,262144,262144,,262145,262145,262145,1,327680,0,10,,,,,,,
mainA,F1x5_loop_ft1_t11_main_t5,0,initiator,1931321494.076,1,LOCAL_QP_ERR,1,4.259,0.175,0.107,2.143,1.646,0.0,4->4,0.026,0x6379,133,133,,135,135,135,2,65536,123,2,,,,,,,
mainA,F1x5_loop_ft1_t11_main_t5,0,initiator,1931321655.322,1,LOCAL_QP_ERR,2,4.469,0.103,0.108,1.984,1.521,0.0,4->4,0.567,0x6379,65558,65558,,65560,65560,65560,2,131072,22,4,,,,,,,
mainA,F1x5_loop_ft1_t11_main_t5,0,initiator,1931321673.467,1,LOCAL_QP_ERR,3,3.722,0.104,0.086,1.868,1.514,0.0,4->4,0.027,0x6379,131074,131074,,131076,131076,131076,2,196608,2,6,,,,,,,
mainA,F1x5_loop_ft1_t11_main_t5,0,initiator,1931321834.055,1,LOCAL_QP_ERR,4,3.711,0.084,0.103,1.830,1.543,0.0,4->4,0.025,0x6379,196630,196630,,196632,196632,196632,2,262144,22,8,,,,,,,
mainA,F1x5_loop_ft1_t11_main_t5,0,initiator,1931321994.669,1,LOCAL_QP_ERR,5,3.696,0.077,0.115,1.846,1.510,0.0,4->4,0.025,0x6379,262166,262166,,262168,262168,262168,2,327680,22,10,,,,,,,
mainA,F1x5_loop_ft1_t11_main_t5,1,responder,800262384.065,0,LOCAL_QP_ERR,1,3.869,0.392,0.189,3.130,1.174,0.1,3->3,0.060,0x1d8a,12,14,,15,15,15,1,65536,5,2,,,,,,,
mainA,F1x5_loop_ft1_t11_main_t5,1,responder,800262545.299,0,LOCAL_QP_ERR,2,4.107,0.356,0.140,3.476,1.120,0.1,3->3,0.050,0x1d8a,65536,65536,,65537,65537,65537,1,131072,0,4,,,,,,,
mainA,F1x5_loop_ft1_t11_main_t5,1,responder,800262563.444,0,LOCAL_QP_ERR,3,3.448,0.351,0.142,2.826,1.023,0.0,3->3,0.051,0x1d8a,131072,131072,,131073,131073,131073,1,196608,0,6,,,,,,,
mainA,F1x5_loop_ft1_t11_main_t5,1,responder,800262724.036,0,LOCAL_QP_ERR,4,3.518,0.355,0.138,2.870,1.038,0.1,3->3,0.056,0x1d8a,196608,196608,,196609,196609,196609,1,262144,0,8,,,,,,,
mainA,F1x5_loop_ft1_t11_main_t5,1,responder,800262884.649,0,LOCAL_QP_ERR,5,3.435,0.353,0.124,2.830,1.026,0.1,3->3,0.050,0x1d8a,262144,262144,,262145,262145,262145,1,327680,0,10,,,,,,,
mainA,F1x5_loop_ft1_t11_main_t6,0,initiator,1931339537.316,1,LOCAL_QP_ERR,1,4.172,0.088,0.118,2.211,1.598,0.0,4->4,0.026,0x6397,175,175,,177,177,177,2,65536,165,2,,,,,,,
mainA,F1x5_loop_ft1_t11_main_t6,0,initiator,1931339698.546,1,LOCAL_QP_ERR,2,4.393,0.099,0.100,1.971,1.509,0.0,4->4,0.571,0x6397,65558,65558,,65560,65560,65560,2,131072,22,4,,,,,,,
mainA,F1x5_loop_ft1_t11_main_t6,0,initiator,1931339716.627,1,LOCAL_QP_ERR,3,3.722,0.078,0.095,1.903,1.475,0.0,4->4,0.025,0x6397,131074,131074,,131076,131076,131076,2,196608,2,6,,,,,,,
mainA,F1x5_loop_ft1_t11_main_t6,0,initiator,1931339877.308,1,LOCAL_QP_ERR,4,3.781,0.096,0.082,1.872,1.553,0.0,4->4,0.025,0x6397,196630,196630,,196632,196632,196632,2,262144,22,8,,,,,,,
mainA,F1x5_loop_ft1_t11_main_t6,0,initiator,1931340038.004,1,LOCAL_QP_ERR,5,3.866,0.104,0.090,1.863,1.618,0.0,4->4,0.032,0x6397,262166,262166,,262168,262168,262168,2,327680,22,10,,,,,,,
mainA,F1x5_loop_ft1_t11_main_t6,1,responder,800280427.228,0,LOCAL_QP_ERR,1,3.903,0.411,0.197,3.123,1.210,0.1,3->3,0.052,0x1d94,12,14,,15,15,15,1,65536,5,2,,,,,,,
mainA,F1x5_loop_ft1_t11_main_t6,1,responder,800280588.454,0,LOCAL_QP_ERR,2,4.157,0.367,0.140,3.495,1.144,0.1,3->3,0.052,0x1d94,65536,65536,,65537,65537,65537,1,131072,0,4,,,,,,,
mainA,F1x5_loop_ft1_t11_main_t6,1,responder,800280606.534,0,LOCAL_QP_ERR,3,3.452,0.351,0.145,2.824,1.057,0.1,3->3,0.051,0x1d94,131072,131072,,131073,131073,131073,1,196608,0,6,,,,,,,
mainA,F1x5_loop_ft1_t11_main_t6,1,responder,800280767.217,0,LOCAL_QP_ERR,4,3.559,0.372,0.133,2.902,1.055,0.1,3->3,0.053,0x1d94,196608,196608,,196609,196609,196609,1,262144,0,8,,,,,,,
mainA,F1x5_loop_ft1_t11_main_t6,1,responder,800280927.916,0,LOCAL_QP_ERR,5,3.622,0.364,0.127,2.987,1.046,0.1,3->3,0.052,0x1d94,262144,262144,,262145,262145,262145,1,327680,0,10,,,,,,,
mainA,F1x5_loop_ft1_t11_main_t7,0,initiator,1931357333.264,1,LOCAL_QP_ERR,1,4.312,0.118,0.108,2.168,1.687,0.0,4->4,0.026,0x63b5,193,193,,195,195,195,2,65536,183,2,,,,,,,
mainA,F1x5_loop_ft1_t11_main_t7,0,initiator,1931357494.395,1,LOCAL_QP_ERR,2,4.363,0.084,0.083,1.943,1.552,0.0,4->4,0.549,0x63b5,65558,65558,,65560,65560,65560,2,131072,22,4,,,,,,,
mainA,F1x5_loop_ft1_t11_main_t7,0,initiator,1931357512.456,1,LOCAL_QP_ERR,3,3.727,0.101,0.086,1.879,1.481,0.0,4->4,0.025,0x63b5,131074,131074,,131076,131076,131076,2,196608,2,6,,,,,,,
mainA,F1x5_loop_ft1_t11_main_t7,0,initiator,1931357673.121,1,LOCAL_QP_ERR,4,3.779,0.099,0.100,1.941,1.486,0.0,4->4,0.026,0x63b5,196630,196630,,196632,196632,196632,2,262144,22,8,,,,,,,
mainA,F1x5_loop_ft1_t11_main_t7,0,initiator,1931357833.783,1,LOCAL_QP_ERR,5,3.829,0.098,0.083,1.946,1.534,0.0,4->4,0.025,0x63b5,262166,262166,,262168,262168,262168,2,327680,22,10,,,,,,,
mainA,F1x5_loop_ft1_t11_main_t7,1,responder,800298223.102,0,LOCAL_QP_ERR,1,3.966,0.421,0.188,3.185,1.190,0.1,3->3,0.051,0x1d9e,12,14,,15,15,15,1,65536,5,2,,,,,,,
mainA,F1x5_loop_ft1_t11_main_t7,1,responder,800298384.234,0,LOCAL_QP_ERR,2,4.104,0.343,0.140,3.479,1.109,0.1,3->3,0.051,0x1d9e,65536,65536,,65537,65537,65537,1,131072,0,4,,,,,,,
mainA,F1x5_loop_ft1_t11_main_t7,1,responder,800298402.290,0,LOCAL_QP_ERR,3,3.402,0.358,0.133,2.786,1.013,0.0,3->3,0.048,0x1d9e,131072,131072,,131073,131073,131073,1,196608,0,6,,,,,,,
mainA,F1x5_loop_ft1_t11_main_t7,1,responder,800298562.966,0,LOCAL_QP_ERR,4,3.533,0.372,0.138,2.887,1.095,0.1,3->3,0.050,0x1d9e,196608,196608,,196609,196609,196609,1,262144,0,8,,,,,,,
mainA,F1x5_loop_ft1_t11_main_t7,1,responder,800298723.633,0,LOCAL_QP_ERR,5,3.609,0.356,0.142,2.975,1.141,0.1,3->3,0.058,0x1d9e,262144,262144,,262145,262145,262145,1,327680,0,10,,,,,,,
mainA,F1x5_loop_ft1_t11_main_t8,0,initiator,1931375461.052,1,LOCAL_QP_ERR,1,4.326,0.119,0.106,2.285,1.624,0.0,4->4,0.027,0x63d3,259,259,,261,261,261,2,65536,249,2,,,,,,,
mainA,F1x5_loop_ft1_t11_main_t8,0,initiator,1931375622.338,1,LOCAL_QP_ERR,2,4.517,0.150,0.084,2.027,1.527,0.0,4->4,0.572,0x63d3,65558,65558,,65560,65560,65560,2,131072,22,4,,,,,,,
mainA,F1x5_loop_ft1_t11_main_t8,0,initiator,1931375640.452,1,LOCAL_QP_ERR,3,3.748,0.110,0.115,1.835,1.518,0.0,4->4,0.025,0x63d3,131074,131074,,131076,131076,131076,2,196608,2,6,,,,,,,
mainA,F1x5_loop_ft1_t11_main_t8,0,initiator,1931375801.162,1,LOCAL_QP_ERR,4,3.842,0.091,0.094,1.930,1.548,0.0,4->4,0.025,0x63d3,196630,196630,,196632,196632,196632,2,262144,22,8,,,,,,,
mainA,F1x5_loop_ft1_t11_main_t8,0,initiator,1931375961.836,1,LOCAL_QP_ERR,5,3.789,0.081,0.100,1.888,1.564,0.0,4->4,0.029,0x63d3,262166,262166,,262168,262168,262168,2,327680,22,10,,,,,,,
mainA,F1x5_loop_ft1_t11_main_t8,1,responder,800316350.824,0,LOCAL_QP_ERR,1,3.976,0.437,0.188,3.175,1.237,0.1,3->3,0.052,0x1da8,12,14,,15,15,15,1,65536,5,2,,,,,,,
mainA,F1x5_loop_ft1_t11_main_t8,1,responder,800316512.107,0,LOCAL_QP_ERR,2,4.218,0.377,0.145,3.543,1.168,0.1,3->3,0.050,0x1da8,65536,65536,,65537,65537,65537,1,131072,0,4,,,,,,,
mainA,F1x5_loop_ft1_t11_main_t8,1,responder,800316530.218,0,LOCAL_QP_ERR,3,3.485,0.352,0.127,2.865,1.053,0.1,3->3,0.051,0x1da8,131072,131072,,131073,131073,131073,1,196608,0,6,,,,,,,
mainA,F1x5_loop_ft1_t11_main_t8,1,responder,800316690.934,0,LOCAL_QP_ERR,4,3.586,0.377,0.144,2.932,1.087,0.1,3->3,0.051,0x1da8,196608,196608,,196609,196609,196609,1,262144,0,8,,,,,,,
mainA,F1x5_loop_ft1_t11_main_t8,1,responder,800316851.610,0,LOCAL_QP_ERR,5,3.589,0.365,0.138,2.931,1.062,0.1,3->3,0.053,0x1da8,262144,262144,,262145,262145,262145,1,327680,0,10,,,,,,,
mainA,F1x5_loop_ft1_t11_main_t9,0,initiator,1931392319.853,1,LOCAL_QP_ERR,1,4.169,0.087,0.117,2.174,1.635,0.0,4->4,0.027,0x63f1,133,133,,135,135,135,2,65536,123,2,,,,,,,
mainA,F1x5_loop_ft1_t11_main_t9,0,initiator,1931392481.078,1,LOCAL_QP_ERR,2,4.452,0.107,0.099,1.993,1.574,0.0,4->4,0.550,0x63f1,65558,65558,,65560,65560,65560,2,131072,22,4,,,,,,,
mainA,F1x5_loop_ft1_t11_main_t9,0,initiator,1931392499.012,1,LOCAL_QP_ERR,3,3.614,0.092,0.081,1.777,1.477,0.0,4->4,0.025,0x63f1,131074,131074,,131076,131076,131076,2,196608,2,6,,,,,,,
mainA,F1x5_loop_ft1_t11_main_t9,0,initiator,1931392659.733,1,LOCAL_QP_ERR,4,3.834,0.082,0.081,1.895,1.553,0.0,4->4,0.026,0x63f1,196630,196630,,196632,196632,196632,2,262144,22,8,,,,,,,
mainA,F1x5_loop_ft1_t11_main_t9,0,initiator,1931392820.281,1,LOCAL_QP_ERR,5,3.752,0.085,0.094,1.871,1.533,0.0,4->4,0.026,0x63f1,262166,262166,,262168,262168,262168,2,327680,22,10,,,,,,,
mainA,F1x5_loop_ft1_t11_main_t9,1,responder,800333209.562,0,LOCAL_QP_ERR,1,3.922,0.430,0.186,3.116,1.168,0.1,3->3,0.051,0x1db2,12,14,,15,15,15,1,65536,5,2,,,,,,,
mainA,F1x5_loop_ft1_t11_main_t9,1,responder,800333370.786,0,LOCAL_QP_ERR,2,4.161,0.358,0.144,3.527,1.130,0.1,3->3,0.049,0x1db2,65536,65536,,65537,65537,65537,1,131072,0,4,,,,,,,
mainA,F1x5_loop_ft1_t11_main_t9,1,responder,800333388.717,0,LOCAL_QP_ERR,3,3.395,0.342,0.132,2.787,1.018,0.1,3->3,0.048,0x1db2,131072,131072,,131073,131073,131073,1,196608,0,6,,,,,,,
mainA,F1x5_loop_ft1_t11_main_t9,1,responder,800333549.436,0,LOCAL_QP_ERR,4,3.490,0.359,0.143,2.862,1.018,0.1,3->3,0.048,0x1db2,196608,196608,,196609,196609,196609,1,262144,0,8,,,,,,,
mainA,F1x5_loop_ft1_t11_main_t9,1,responder,800333709.984,0,LOCAL_QP_ERR,5,3.473,0.357,0.131,2.849,1.021,0.0,3->3,0.050,0x1db2,262144,262144,,262145,262145,262145,1,327680,0,10,,,,,,,
mainB,F1_mt_ft1_t11_mt_t1,0,initiator,1931925881.679,1,LOCAL_QP_ERR,1,7.118,2.673,0.122,2.375,1.789,0.0,4->4,0.027,0x678f,22031,22031,,22287,22591,22591,560,65536,22021,2,,,,,,,
mainB,F1_mt_ft1_t11_mt_t1,1,responder,800866770.339,0,LOCAL_QP_ERR,1,4.302,0.534,0.225,3.361,1.269,0.1,3->3,0.055,0x1ffc,12,14,,15,15,15,1,65536,5,2,,,,,,,
mainB,F1_mt_ft1_t11_mt_t10,0,initiator,1932316500.408,1,LOCAL_QP_ERR,1,6.843,0.408,2.103,2.319,1.821,0.0,4->4,0.028,0x68bb,12559,12559,,12819,12821,12821,262,65536,12549,2,,,,,,,
mainB,F1_mt_ft1_t11_mt_t10,1,responder,801257394.029,0,LOCAL_QP_ERR,1,4.286,0.450,0.315,3.347,1.220,0.1,3->3,0.067,0x2060,12,14,,15,15,15,1,65536,5,2,,,,,,,
mainB,F1_mt_ft1_t11_mt_t11,0,initiator,1932347673.676,1,LOCAL_QP_ERR,1,7.140,2.513,0.174,2.552,1.744,0.0,4->4,0.026,0x68d3,46095,46095,,46351,46351,46351,256,65536,46085,2,,,,,,,
mainB,F1_mt_ft1_t11_mt_t11,1,responder,801288568.025,0,LOCAL_QP_ERR,1,4.395,0.582,0.221,3.400,1.332,0.1,3->3,0.064,0x2068,12,14,,15,15,15,1,65536,5,2,,,,,,,
mainB,F1_mt_ft1_t11_mt_t12,0,initiator,1932372925.178,1,LOCAL_QP_ERR,1,6.796,2.543,0.127,2.243,1.711,0.0,4->4,0.027,0x68e5,12815,12815,,13071,13071,13071,256,65536,12805,2,,,,,,,
mainB,F1_mt_ft1_t11_mt_t12,1,responder,801313820.080,0,LOCAL_QP_ERR,1,4.049,0.478,0.205,3.218,1.196,0.1,3->3,0.055,0x206e,12,14,,15,15,15,1,65536,5,2,,,,,,,
mainB,F1_mt_ft1_t11_mt_t13,0,initiator,1932398360.259,1,LOCAL_QP_ERR,1,7.209,2.734,0.122,2.439,1.736,0.0,4->4,0.028,0x68f7,24591,24591,,24847,24847,24847,256,65536,24581,2,,,,,,,
mainB,F1_mt_ft1_t11_mt_t13,1,responder,801339255.702,0,LOCAL_QP_ERR,1,4.287,0.564,0.217,3.343,1.301,0.1,3->3,0.053,0x2074,12,14,,15,15,15,1,65536,5,2,,,,,,,
mainB,F1_mt_ft1_t11_mt_t14,0,initiator,1932424048.793,1,LOCAL_QP_ERR,1,6.738,2.378,0.112,2.414,1.662,0.0,4->4,0.027,0x6909,14671,14671,,14911,14927,14927,256,65536,14661,2,,,,,,,
mainB,F1_mt_ft1_t11_mt_t14,1,responder,801364944.765,0,LOCAL_QP_ERR,1,4.135,0.468,0.291,3.223,1.256,0.1,3->3,0.055,0x207a,12,14,,15,15,15,1,65536,5,2,,,,,,,
mainB,F1_mt_ft1_t11_mt_t15,0,initiator,1932449612.703,1,LOCAL_QP_ERR,1,6.834,2.352,0.249,2.414,1.645,0.0,4->4,0.027,0x691b,68367,68367,,68623,68879,68879,512,131072,68357,2,,,,,,,
mainB,F1_mt_ft1_t11_mt_t15,1,responder,801390509.184,0,LOCAL_QP_ERR,1,4.178,0.533,0.219,3.260,1.308,0.1,3->3,0.056,0x2080,12,14,,15,15,15,1,65536,5,2,,,,,,,
mainB,F1_mt_ft1_t11_mt_t2,0,initiator,1931970032.113,1,LOCAL_QP_ERR,1,7.390,3.041,0.119,2.265,1.797,0.0,4->4,0.027,0x67b3,43023,43023,,43279,43279,43279,256,65536,43013,2,,,,,,,
mainB,F1_mt_ft1_t11_mt_t2,1,responder,800910920.724,0,LOCAL_QP_ERR,1,4.178,0.437,0.238,3.349,1.230,0.1,3->3,0.052,0x2008,12,14,,15,15,15,1,65536,5,2,,,,,,,
mainB,F1_mt_ft1_t11_mt_t3,0,initiator,1932014437.820,1,LOCAL_QP_ERR,1,7.123,2.616,0.135,2.384,1.810,0.0,4->4,0.026,0x67d7,9371,9371,,9627,9627,9627,256,65536,9361,2,,,,,,,
mainB,F1_mt_ft1_t11_mt_t3,1,responder,800955326.387,0,LOCAL_QP_ERR,1,4.247,0.547,0.190,3.333,1.214,0.1,3->3,0.052,0x2014,12,14,,15,15,15,1,65536,5,2,,,,,,,
mainB,F1_mt_ft1_t11_mt_t4,0,initiator,1932058857.433,1,LOCAL_QP_ERR,1,7.249,2.849,0.124,2.298,1.797,0.0,4->4,0.028,0x67fb,31983,31983,,32259,32259,32259,276,65536,31973,2,,,,,,,
mainB,F1_mt_ft1_t11_mt_t4,1,responder,800999745.954,0,LOCAL_QP_ERR,1,4.192,0.427,0.254,3.350,1.232,0.1,3->3,0.054,0x2020,12,14,,15,15,15,1,65536,5,2,,,,,,,
mainB,F1_mt_ft1_t11_mt_t5,0,initiator,1932103124.180,1,LOCAL_QP_ERR,1,6.950,2.583,0.125,2.322,1.757,0.0,4->4,0.028,0x681f,17679,17679,,17935,18191,18191,512,65536,17669,2,,,,,,,
mainB,F1_mt_ft1_t11_mt_t5,1,responder,801044012.666,0,LOCAL_QP_ERR,1,4.217,0.500,0.184,3.342,1.265,0.1,3->3,0.056,0x202c,12,14,,15,15,15,1,65536,5,2,,,,,,,
mainB,F1_mt_ft1_t11_mt_t6,0,initiator,1932147771.016,1,LOCAL_QP_ERR,1,9.708,5.230,0.133,2.401,1.775,0.0,4->4,0.027,0x6843,60431,60431,,60943,61199,61199,768,65536,60421,2,,,,,,,
mainB,F1_mt_ft1_t11_mt_t6,1,responder,801088659.993,0,LOCAL_QP_ERR,1,4.230,0.525,0.204,3.335,1.254,0.1,3->3,0.054,0x2038,12,14,,15,15,15,1,65536,5,2,,,,,,,
mainB,F1_mt_ft1_t11_mt_t7,0,initiator,1932189834.560,1,LOCAL_QP_ERR,1,7.254,2.707,0.120,2.397,1.832,0.0,4->4,0.027,0x6861,19727,19727,,19983,19983,19983,256,65536,19717,2,,,,,,,
mainB,F1_mt_ft1_t11_mt_t7,1,responder,801130724.815,0,LOCAL_QP_ERR,1,4.271,0.518,0.204,3.397,1.259,0.1,3->3,0.055,0x2042,12,14,,15,15,15,1,65536,5,2,,,,,,,
mainB,F1_mt_ft1_t11_mt_t8,0,initiator,1932232004.771,1,LOCAL_QP_ERR,1,7.097,2.669,0.112,2.359,1.798,0.0,4->4,0.027,0x687f,25871,25871,,26127,26127,26127,256,65536,25861,2,,,,,,,
mainB,F1_mt_ft1_t11_mt_t8,1,responder,801172896.221,0,LOCAL_QP_ERR,1,4.262,0.511,0.181,3.404,1.297,0.1,3->3,0.055,0x204c,12,14,,15,15,15,1,65536,5,2,,,,,,,
mainB,F1_mt_ft1_t11_mt_t9,0,initiator,1932274263.688,1,LOCAL_QP_ERR,1,7.507,2.955,0.133,2.427,1.837,0.0,4->4,0.025,0x689d,70671,70671,,70927,71041,71041,370,131072,70661,2,,,,,,,
mainB,F1_mt_ft1_t11_mt_t9,1,responder,801215156.257,0,LOCAL_QP_ERR,1,4.388,0.557,0.200,3.478,1.329,0.1,3->3,0.056,0x2056,12,14,,15,15,15,1,65536,5,2,,,,,,,
mainB,F1x5_loop_ft1_t11_main2_t1,0,initiator,1931930925.735,1,LOCAL_QP_ERR,1,4.379,0.090,0.102,2.335,1.676,0.0,4->4,0.025,0x679b,139,139,,141,141,141,2,65536,129,2,,,,,,,
mainB,F1x5_loop_ft1_t11_main2_t1,0,initiator,1931931087.038,1,LOCAL_QP_ERR,2,4.478,0.082,0.093,2.005,1.616,0.0,4->4,0.557,0x679b,65558,65558,,65560,65560,65560,2,131072,22,4,,,,,,,
mainB,F1x5_loop_ft1_t11_main2_t1,0,initiator,1931931090.809,1,LOCAL_QP_ERR,3,3.656,0.077,0.087,1.845,1.498,0.0,4->4,0.026,0x679b,131072,131072,,131074,131074,131074,2,196608,0,6,,,,,,,
mainB,F1x5_loop_ft1_t11_main2_t1,0,initiator,1931931251.351,1,LOCAL_QP_ERR,4,3.781,0.110,0.083,1.864,1.560,0.0,4->4,0.025,0x679b,196630,196630,,196632,196632,196632,2,262144,22,8,,,,,,,
mainB,F1x5_loop_ft1_t11_main2_t1,0,initiator,1931931412.044,1,LOCAL_QP_ERR,5,3.941,0.094,0.121,2.041,1.520,0.0,4->4,0.026,0x679b,262166,262166,,262168,262168,262168,2,327680,22,10,,,,,,,
mainB,F1x5_loop_ft1_t11_main2_t1,1,responder,800871814.389,0,LOCAL_QP_ERR,1,4.062,0.485,0.204,3.208,1.224,0.1,3->3,0.054,0x2000,12,14,,15,15,15,1,65536,5,2,,,,,,,
mainB,F1x5_loop_ft1_t11_main2_t1,1,responder,800871975.688,0,LOCAL_QP_ERR,2,4.283,0.385,0.128,3.626,1.184,0.1,3->3,0.051,0x2000,65536,65536,,65537,65537,65537,1,131072,0,4,,,,,,,
mainB,F1x5_loop_ft1_t11_main2_t1,1,responder,800871979.456,0,LOCAL_QP_ERR,3,3.432,0.342,0.136,2.818,1.029,0.1,3->3,0.051,0x2000,131072,131072,,131073,131073,131073,1,196608,0,6,,,,,,,
mainB,F1x5_loop_ft1_t11_main2_t1,1,responder,800872139.998,0,LOCAL_QP_ERR,4,3.564,0.359,0.137,2.938,1.087,0.1,3->3,0.051,0x2000,196608,196608,,196609,196609,196609,1,262144,0,8,,,,,,,
mainB,F1x5_loop_ft1_t11_main2_t1,1,responder,800872300.699,0,LOCAL_QP_ERR,5,3.614,0.390,0.148,2.931,1.110,0.1,3->3,0.051,0x2000,262144,262144,,262145,262145,262145,1,327680,0,10,,,,,,,
mainB,F1x5_loop_ft1_t11_main2_t10,0,initiator,1932319684.079,1,LOCAL_QP_ERR,1,4.389,0.087,0.104,2.296,1.722,0.0,4->4,0.027,0x68c1,151,151,,153,153,153,2,65536,141,2,,,,,,,
mainB,F1x5_loop_ft1_t11_main2_t10,0,initiator,1932319846.650,1,LOCAL_QP_ERR,2,4.521,0.093,0.093,1.991,1.603,0.0,4->4,0.575,0x68c1,65558,65558,,65560,65560,65560,2,131072,22,4,,,,,,,
mainB,F1x5_loop_ft1_t11_main2_t10,0,initiator,1932319850.429,1,LOCAL_QP_ERR,3,3.663,0.098,0.118,1.787,1.513,0.0,4->4,0.025,0x68c1,131072,131072,,131074,131074,131074,2,196608,0,6,,,,,,,
mainB,F1x5_loop_ft1_t11_main2_t10,0,initiator,1932320012.484,1,LOCAL_QP_ERR,4,4.051,0.148,0.085,2.046,1.618,0.0,4->4,0.025,0x68c1,196630,196630,,196632,196632,196632,2,262144,22,8,,,,,,,
mainB,F1x5_loop_ft1_t11_main2_t10,0,initiator,1932320174.465,1,LOCAL_QP_ERR,5,3.895,0.108,0.086,1.905,1.627,0.0,4->4,0.025,0x68c1,262166,262166,,262168,262168,262168,2,327680,22,10,,,,,,,
mainB,F1x5_loop_ft1_t11_main2_t10,1,responder,801260577.764,0,LOCAL_QP_ERR,1,4.110,0.502,0.194,3.255,1.227,0.1,3->3,0.055,0x2062,12,14,,15,15,15,1,65536,5,2,,,,,,,
mainB,F1x5_loop_ft1_t11_main2_t10,1,responder,801260740.334,0,LOCAL_QP_ERR,2,4.228,0.365,0.136,3.578,1.133,0.1,3->3,0.050,0x2062,65536,65536,,65537,65537,65537,1,131072,0,4,,,,,,,
mainB,F1x5_loop_ft1_t11_main2_t10,1,responder,801260744.112,0,LOCAL_QP_ERR,3,3.427,0.345,0.120,2.817,1.016,0.0,3->3,0.050,0x2062,131072,131072,,131073,131073,131073,1,196608,0,6,,,,,,,
mainB,F1x5_loop_ft1_t11_main2_t10,1,responder,801260906.182,0,LOCAL_QP_ERR,4,3.725,0.418,0.143,3.024,1.105,0.1,3->3,0.052,0x2062,196608,196608,,196609,196609,196609,1,262144,0,8,,,,,,,
mainB,F1x5_loop_ft1_t11_main2_t10,1,responder,801261068.156,0,LOCAL_QP_ERR,5,3.616,0.357,0.136,2.991,1.069,0.1,3->3,0.049,0x2062,262144,262144,,262145,262145,262145,1,327680,0,10,,,,,,,
mainB,F1x5_loop_ft1_t11_main2_t2,0,initiator,1931975427.348,1,LOCAL_QP_ERR,1,4.396,0.179,0.123,2.261,1.678,0.0,4->4,0.025,0x67bf,157,157,,159,159,159,2,65536,147,2,,,,,,,
mainB,F1x5_loop_ft1_t11_main2_t2,0,initiator,1931975588.789,1,LOCAL_QP_ERR,2,4.708,0.121,0.088,2.168,1.620,0.0,4->4,0.569,0x67bf,65558,65558,,65560,65560,65560,2,131072,22,4,,,,,,,
mainB,F1x5_loop_ft1_t11_main2_t2,0,initiator,1931975592.536,1,LOCAL_QP_ERR,3,3.632,0.087,0.080,1.859,1.444,0.0,4->4,0.025,0x67bf,131072,131072,,131074,131074,131074,2,196608,0,6,,,,,,,
mainB,F1x5_loop_ft1_t11_main2_t2,0,initiator,1931975753.134,1,LOCAL_QP_ERR,4,3.806,0.116,0.082,1.950,1.499,0.0,4->4,0.025,0x67bf,196630,196630,,196632,196632,196632,2,262144,22,8,,,,,,,
mainB,F1x5_loop_ft1_t11_main2_t2,0,initiator,1931975913.800,1,LOCAL_QP_ERR,5,3.843,0.091,0.095,1.991,1.492,0.0,4->4,0.025,0x67bf,262166,262166,,262168,262168,262168,2,327680,22,10,,,,,,,
mainB,F1x5_loop_ft1_t11_main2_t2,1,responder,800916315.955,0,LOCAL_QP_ERR,1,3.999,0.462,0.183,3.177,1.191,0.1,3->3,0.053,0x200c,12,14,,15,15,15,1,65536,5,2,,,,,,,
mainB,F1x5_loop_ft1_t11_main2_t2,1,responder,800916477.399,0,LOCAL_QP_ERR,2,4.401,0.425,0.156,3.681,1.221,0.1,3->3,0.053,0x200c,65536,65536,,65537,65537,65537,1,131072,0,4,,,,,,,
mainB,F1x5_loop_ft1_t11_main2_t2,1,responder,800916481.144,0,LOCAL_QP_ERR,3,3.391,0.347,0.144,2.771,1.033,0.1,3->3,0.050,0x200c,131072,131072,,131073,131073,131073,1,196608,0,6,,,,,,,
mainB,F1x5_loop_ft1_t11_main2_t2,1,responder,800916641.747,0,LOCAL_QP_ERR,4,3.552,0.379,0.144,2.891,1.090,0.1,3->3,0.054,0x200c,196608,196608,,196609,196609,196609,1,262144,0,8,,,,,,,
mainB,F1x5_loop_ft1_t11_main2_t2,1,responder,800916802.405,0,LOCAL_QP_ERR,5,3.565,0.428,0.149,2.857,1.071,0.1,3->3,0.051,0x200c,262144,262144,,262145,262145,262145,1,327680,0,10,,,,,,,
mainB,F1x5_loop_ft1_t11_main2_t3,0,initiator,1932019938.239,1,LOCAL_QP_ERR,1,4.340,0.101,0.105,2.259,1.703,0.0,4->4,0.026,0x67e3,151,151,,153,153,153,2,65536,141,2,,,,,,,
mainB,F1x5_loop_ft1_t11_main2_t3,0,initiator,1932020099.781,1,LOCAL_QP_ERR,2,4.723,0.112,0.091,2.106,1.667,0.0,4->4,0.602,0x67e3,65558,65558,,65560,65560,65560,2,131072,22,4,,,,,,,
mainB,F1x5_loop_ft1_t11_main2_t3,0,initiator,1932020103.769,1,LOCAL_QP_ERR,3,3.872,0.143,0.098,1.905,1.559,0.0,4->4,0.025,0x67e3,131072,131072,,131074,131074,131074,2,196608,0,6,,,,,,,
mainB,F1x5_loop_ft1_t11_main2_t3,0,initiator,1932020264.424,1,LOCAL_QP_ERR,4,3.876,0.091,0.106,1.912,1.583,0.0,4->4,0.026,0x67e3,196630,196630,,196632,196632,196632,2,262144,22,8,,,,,,,
mainB,F1x5_loop_ft1_t11_main2_t3,0,initiator,1932020425.250,1,LOCAL_QP_ERR,5,3.904,0.100,0.086,1.860,1.691,0.0,4->4,0.026,0x67e3,262166,262166,,262168,262168,262168,2,327680,22,10,,,,,,,
mainB,F1x5_loop_ft1_t11_main2_t3,1,responder,800960826.798,0,LOCAL_QP_ERR,1,4.060,0.476,0.197,3.223,1.202,0.1,3->3,0.051,0x2018,12,14,,15,15,15,1,65536,5,2,,,,,,,
mainB,F1x5_loop_ft1_t11_main2_t3,1,responder,800960988.339,0,LOCAL_QP_ERR,2,4.391,0.376,0.143,3.733,1.188,0.1,3->3,0.052,0x2018,65536,65536,,65537,65537,65537,1,131072,0,4,,,,,,,
mainB,F1x5_loop_ft1_t11_main2_t3,1,responder,800960992.325,0,LOCAL_QP_ERR,3,3.527,0.354,0.139,2.904,1.047,0.1,3->3,0.052,0x2018,131072,131072,,131073,131073,131073,1,196608,0,6,,,,,,,
mainB,F1x5_loop_ft1_t11_main2_t3,1,responder,800961152.979,0,LOCAL_QP_ERR,4,3.571,0.393,0.124,2.917,1.038,0.1,3->3,0.050,0x2018,196608,196608,,196609,196609,196609,1,262144,0,8,,,,,,,
mainB,F1x5_loop_ft1_t11_main2_t3,1,responder,800961313.805,0,LOCAL_QP_ERR,5,3.675,0.369,0.135,3.035,1.050,0.1,3->3,0.051,0x2018,262144,262144,,262145,262145,262145,1,327680,0,10,,,,,,,
mainB,F1x5_loop_ft1_t11_main2_t4,0,initiator,1932064653.797,1,LOCAL_QP_ERR,1,4.685,0.094,0.106,2.510,1.796,0.0,4->4,0.027,0x6807,253,253,,255,255,255,2,65536,243,2,,,,,,,
mainB,F1x5_loop_ft1_t11_main2_t4,0,initiator,1932064815.099,1,LOCAL_QP_ERR,2,4.472,0.079,0.108,1.982,1.588,0.0,4->4,0.578,0x6807,65558,65558,,65560,65560,65560,2,131072,22,4,,,,,,,
mainB,F1x5_loop_ft1_t11_main2_t4,0,initiator,1932064818.816,1,LOCAL_QP_ERR,3,3.603,0.073,0.079,1.848,1.453,0.0,4->4,0.025,0x6807,131072,131072,,131074,131074,131074,2,196608,0,6,,,,,,,
mainB,F1x5_loop_ft1_t11_main2_t4,0,initiator,1932064979.435,1,LOCAL_QP_ERR,4,3.723,0.094,0.084,1.825,1.570,0.0,4->4,0.025,0x6807,196630,196630,,196632,196632,196632,2,262144,22,8,,,,,,,
mainB,F1x5_loop_ft1_t11_main2_t4,0,initiator,1932065140.086,1,LOCAL_QP_ERR,5,3.904,0.095,0.147,1.995,1.510,0.0,4->4,0.029,0x6807,262166,262166,,262168,262168,262168,2,327680,22,10,,,,,,,
mainB,F1x5_loop_ft1_t11_main2_t4,1,responder,801005542.311,0,LOCAL_QP_ERR,1,4.440,0.567,0.253,3.465,1.359,0.1,3->3,0.051,0x2024,12,14,,15,15,15,1,65536,5,2,,,,,,,
mainB,F1x5_loop_ft1_t11_main2_t4,1,responder,801005703.644,0,LOCAL_QP_ERR,2,4.293,0.368,0.133,3.633,1.174,0.1,3->3,0.079,0x2024,65536,65536,,65537,65537,65537,1,131072,0,4,,,,,,,
mainB,F1x5_loop_ft1_t11_main2_t4,1,responder,801005707.334,0,LOCAL_QP_ERR,3,3.442,0.344,0.141,2.808,1.061,0.1,3->3,0.052,0x2024,131072,131072,,131073,131073,131073,1,196608,0,6,,,,,,,
mainB,F1x5_loop_ft1_t11_main2_t4,1,responder,801005867.944,0,LOCAL_QP_ERR,4,3.538,0.362,0.131,2.910,1.049,0.1,3->3,0.051,0x2024,196608,196608,,196609,196609,196609,1,262144,0,8,,,,,,,
mainB,F1x5_loop_ft1_t11_main2_t4,1,responder,801006028.600,0,LOCAL_QP_ERR,5,3.598,0.413,0.135,2.901,1.089,0.1,3->3,0.049,0x2024,262144,262144,,262145,262145,262145,1,327680,0,10,,,,,,,
mainB,F1x5_loop_ft1_t11_main2_t5,0,initiator,1932108548.708,1,LOCAL_QP_ERR,1,4.310,0.101,0.103,2.200,1.733,0.0,4->4,0.027,0x682b,185,185,,187,187,187,2,65536,175,2,,,,,,,
mainB,F1x5_loop_ft1_t11_main2_t5,0,initiator,1932108711.435,1,LOCAL_QP_ERR,2,4.646,0.114,0.121,2.076,1.620,0.0,4->4,0.573,0x682b,65558,65558,,65560,65560,65560,2,131072,22,4,,,,,,,
mainB,F1x5_loop_ft1_t11_main2_t5,0,initiator,1932108715.286,1,LOCAL_QP_ERR,3,3.633,0.077,0.094,1.803,1.490,0.0,4->4,0.026,0x682b,131072,131072,,131074,131074,131074,2,196608,0,6,,,,,,,
mainB,F1x5_loop_ft1_t11_main2_t5,0,initiator,1932108877.423,1,LOCAL_QP_ERR,4,3.997,0.100,0.095,2.100,1.532,0.0,4->4,0.025,0x682b,196630,196630,,196632,196632,196632,2,262144,22,8,,,,,,,
mainB,F1x5_loop_ft1_t11_main2_t5,0,initiator,1932109039.343,1,LOCAL_QP_ERR,5,3.879,0.103,0.091,1.934,1.588,0.0,4->4,0.025,0x682b,262166,262166,,262168,262168,262168,2,327680,22,10,,,,,,,
mainB,F1x5_loop_ft1_t11_main2_t5,1,responder,801049437.180,0,LOCAL_QP_ERR,1,4.064,0.468,0.186,3.232,1.188,0.1,3->3,0.054,0x2030,12,14,,15,15,15,1,65536,5,2,,,,,,,
mainB,F1x5_loop_ft1_t11_main2_t5,1,responder,801049599.910,0,LOCAL_QP_ERR,2,4.371,0.414,0.114,3.677,1.206,0.1,3->3,0.053,0x2030,65536,65536,,65537,65537,65537,1,131072,0,4,,,,,,,
mainB,F1x5_loop_ft1_t11_main2_t5,1,responder,801049603.754,0,LOCAL_QP_ERR,3,3.407,0.340,0.132,2.805,1.022,0.1,3->3,0.052,0x2030,131072,131072,,131073,131073,131073,1,196608,0,6,,,,,,,
mainB,F1x5_loop_ft1_t11_main2_t5,1,responder,801049765.891,0,LOCAL_QP_ERR,4,3.703,0.477,0.127,2.953,1.118,0.1,3->3,0.051,0x2030,196608,196608,,196609,196609,196609,1,262144,0,8,,,,,,,
mainB,F1x5_loop_ft1_t11_main2_t5,1,responder,801049927.808,0,LOCAL_QP_ERR,5,3.571,0.340,0.150,2.949,1.067,0.1,3->3,0.049,0x2030,262144,262144,,262145,262145,262145,1,327680,0,10,,,,,,,
mainB,F1x5_loop_ft1_t11_main2_t6,0,initiator,1932151202.681,1,LOCAL_QP_ERR,1,5.348,0.368,0.117,2.626,2.073,0.0,4->4,0.026,0x6849,227,227,,229,229,229,2,65536,217,2,,,,,,,
mainB,F1x5_loop_ft1_t11_main2_t6,0,initiator,1932151365.377,1,LOCAL_QP_ERR,2,4.669,0.120,0.091,2.063,1.662,0.0,4->4,0.593,0x6849,65558,65558,,65560,65560,65560,2,131072,22,4,,,,,,,
mainB,F1x5_loop_ft1_t11_main2_t6,0,initiator,1932151369.178,1,LOCAL_QP_ERR,3,3.686,0.075,0.080,1.913,1.468,0.0,4->4,0.026,0x6849,131072,131072,,131074,131074,131074,2,196608,0,6,,,,,,,
mainB,F1x5_loop_ft1_t11_main2_t6,0,initiator,1932151531.023,1,LOCAL_QP_ERR,4,3.785,0.095,0.099,1.890,1.537,0.0,4->4,0.025,0x6849,196630,196630,,196632,196632,196632,2,262144,22,8,,,,,,,
mainB,F1x5_loop_ft1_t11_main2_t6,0,initiator,1932151692.803,1,LOCAL_QP_ERR,5,3.679,0.079,0.099,1.846,1.483,0.0,4->4,0.029,0x6849,262166,262166,,262168,262168,262168,2,327680,22,10,,,,,,,
mainB,F1x5_loop_ft1_t11_main2_t6,1,responder,801092091.765,0,LOCAL_QP_ERR,1,4.778,0.612,0.263,3.721,1.323,0.1,3->3,0.054,0x203a,12,14,,15,15,15,1,65536,5,2,,,,,,,
mainB,F1x5_loop_ft1_t11_main2_t6,1,responder,801092254.474,0,LOCAL_QP_ERR,2,4.364,0.384,0.141,3.703,1.166,0.1,3->3,0.052,0x203a,65536,65536,,65537,65537,65537,1,131072,0,4,,,,,,,
mainB,F1x5_loop_ft1_t11_main2_t6,1,responder,801092258.272,0,LOCAL_QP_ERR,3,3.442,0.344,0.149,2.804,1.034,0.1,3->3,0.049,0x203a,131072,131072,,131073,131073,131073,1,196608,0,6,,,,,,,
mainB,F1x5_loop_ft1_t11_main2_t6,1,responder,801092420.134,0,LOCAL_QP_ERR,4,3.566,0.383,0.145,2.898,1.058,0.1,3->3,0.060,0x203a,196608,196608,,196609,196609,196609,1,262144,0,8,,,,,,,
mainB,F1x5_loop_ft1_t11_main2_t6,1,responder,801092581.912,0,LOCAL_QP_ERR,5,3.471,0.367,0.131,2.836,1.042,0.1,3->3,0.052,0x203a,262144,262144,,262145,262145,262145,1,327680,0,10,,,,,,,
mainB,F1x5_loop_ft1_t11_main2_t7,0,initiator,1932193046.990,1,LOCAL_QP_ERR,1,4.653,0.138,0.137,2.377,1.828,0.0,4->4,0.026,0x6867,181,181,,183,183,183,2,65536,171,2,,,,,,,
mainB,F1x5_loop_ft1_t11_main2_t7,0,initiator,1932193209.662,1,LOCAL_QP_ERR,2,4.617,0.124,0.095,2.075,1.581,0.0,4->4,0.615,0x6867,65558,65558,,65560,65560,65560,2,131072,22,4,,,,,,,
mainB,F1x5_loop_ft1_t11_main2_t7,0,initiator,1932193213.492,1,LOCAL_QP_ERR,3,3.701,0.094,0.102,1.822,1.531,0.0,4->4,0.026,0x6867,131072,131072,,131074,131074,131074,2,196608,0,6,,,,,,,
mainB,F1x5_loop_ft1_t11_main2_t7,0,initiator,1932193375.421,1,LOCAL_QP_ERR,4,3.906,0.111,0.092,1.897,1.575,0.0,4->4,0.026,0x6867,196630,196630,,196632,196632,196632,2,262144,22,8,,,,,,,
mainB,F1x5_loop_ft1_t11_main2_t7,0,initiator,1932193537.265,1,LOCAL_QP_ERR,5,3.806,0.092,0.083,1.923,1.557,0.0,4->4,0.027,0x6867,262166,262166,,262168,262168,262168,2,327680,22,10,,,,,,,
mainB,F1x5_loop_ft1_t11_main2_t7,1,responder,801133937.338,0,LOCAL_QP_ERR,1,4.311,0.522,0.191,3.445,1.305,0.1,3->3,0.053,0x2044,12,14,,15,15,15,1,65536,5,2,,,,,,,
mainB,F1x5_loop_ft1_t11_main2_t7,1,responder,801134100.016,0,LOCAL_QP_ERR,2,4.338,0.398,0.133,3.672,1.205,0.1,3->3,0.050,0x2044,65536,65536,,65537,65537,65537,1,131072,0,4,,,,,,,
mainB,F1x5_loop_ft1_t11_main2_t7,1,responder,801134103.840,0,LOCAL_QP_ERR,3,3.457,0.336,0.141,2.844,1.021,0.0,3->3,0.051,0x2044,131072,131072,,131073,131073,131073,1,196608,0,6,,,,,,,
mainB,F1x5_loop_ft1_t11_main2_t7,1,responder,801134265.773,0,LOCAL_QP_ERR,4,3.535,0.368,0.141,2.899,1.029,0.1,3->3,0.049,0x2044,196608,196608,,196609,196609,196609,1,262144,0,8,,,,,,,
mainB,F1x5_loop_ft1_t11_main2_t7,1,responder,801134427.622,0,LOCAL_QP_ERR,5,3.602,0.412,0.131,2.932,1.080,0.1,3->3,0.050,0x2044,262144,262144,,262145,262145,262145,1,327680,0,10,,,,,,,
mainB,F1x5_loop_ft1_t11_main2_t8,0,initiator,1932235023.350,1,LOCAL_QP_ERR,1,4.489,0.104,0.112,2.344,1.770,0.0,4->4,0.027,0x6885,153,153,,155,155,155,2,65536,143,2,,,,,,,
mainB,F1x5_loop_ft1_t11_main2_t8,0,initiator,1932235185.984,1,LOCAL_QP_ERR,2,4.554,0.093,0.091,2.056,1.611,0.0,4->4,0.551,0x6885,65558,65558,,65560,65560,65560,2,131072,22,4,,,,,,,
mainB,F1x5_loop_ft1_t11_main2_t8,0,initiator,1932235189.747,1,LOCAL_QP_ERR,3,3.647,0.076,0.079,1.864,1.479,0.0,4->4,0.025,0x6885,131072,131072,,131074,131074,131074,2,196608,0,6,,,,,,,
mainB,F1x5_loop_ft1_t11_main2_t8,0,initiator,1932235351.455,1,LOCAL_QP_ERR,4,3.674,0.099,0.090,1.810,1.505,0.0,4->4,0.025,0x6885,196630,196630,,196632,196632,196632,2,262144,22,8,,,,,,,
mainB,F1x5_loop_ft1_t11_main2_t8,0,initiator,1932235513.290,1,LOCAL_QP_ERR,5,3.745,0.093,0.122,1.874,1.492,0.0,4->4,0.024,0x6885,262166,262166,,262168,262168,262168,2,327680,22,10,,,,,,,
mainB,F1x5_loop_ft1_t11_main2_t8,1,responder,801175914.894,0,LOCAL_QP_ERR,1,4.240,0.489,0.186,3.369,1.289,0.1,3->3,0.068,0x204e,12,14,,15,15,15,1,65536,5,2,,,,,,,
mainB,F1x5_loop_ft1_t11_main2_t8,1,responder,801176077.520,0,LOCAL_QP_ERR,2,4.280,0.374,0.152,3.606,1.171,0.1,3->3,0.052,0x204e,65536,65536,,65537,65537,65537,1,131072,0,4,,,,,,,
mainB,F1x5_loop_ft1_t11_main2_t8,1,responder,801176081.276,0,LOCAL_QP_ERR,3,3.405,0.342,0.140,2.796,1.028,0.0,3->3,0.049,0x204e,131072,131072,,131073,131073,131073,1,196608,0,6,,,,,,,
mainB,F1x5_loop_ft1_t11_main2_t8,1,responder,801176242.993,0,LOCAL_QP_ERR,4,3.450,0.369,0.134,2.819,1.020,0.1,3->3,0.049,0x204e,196608,196608,,196609,196609,196609,1,262144,0,8,,,,,,,
mainB,F1x5_loop_ft1_t11_main2_t8,1,responder,801176404.830,0,LOCAL_QP_ERR,5,3.485,0.346,0.149,2.853,1.067,0.1,3->3,0.051,0x204e,262144,262144,,262145,262145,262145,1,327680,0,10,,,,,,,
mainB,F1x5_loop_ft1_t11_main2_t9,0,initiator,1932277828.282,1,LOCAL_QP_ERR,1,4.868,0.112,0.106,2.552,1.935,0.0,4->4,0.027,0x68a3,233,233,,235,235,235,2,65536,223,2,,,,,,,
mainB,F1x5_loop_ft1_t11_main2_t9,0,initiator,1932277991.006,1,LOCAL_QP_ERR,2,4.627,0.109,0.092,1.991,1.670,0.0,4->4,0.604,0x68a3,65558,65558,,65560,65560,65560,2,131072,22,4,,,,,,,
mainB,F1x5_loop_ft1_t11_main2_t9,0,initiator,1932277994.801,1,LOCAL_QP_ERR,3,3.678,0.095,0.090,1.823,1.518,0.0,4->4,0.025,0x68a3,131072,131072,,131074,131074,131074,2,196608,0,6,,,,,,,
mainB,F1x5_loop_ft1_t11_main2_t9,0,initiator,1932278156.519,1,LOCAL_QP_ERR,4,3.686,0.125,0.094,1.829,1.486,0.0,4->4,0.026,0x68a3,196630,196630,,196632,196632,196632,2,262144,22,8,,,,,,,
mainB,F1x5_loop_ft1_t11_main2_t9,0,initiator,1932278318.417,1,LOCAL_QP_ERR,5,3.761,0.080,0.097,1.892,1.516,0.0,4->4,0.025,0x68a3,262166,262166,,262168,262168,262168,2,327680,22,10,,,,,,,
mainB,F1x5_loop_ft1_t11_main2_t9,1,responder,801218720.938,0,LOCAL_QP_ERR,1,4.586,0.581,0.272,3.560,1.310,0.1,3->3,0.053,0x2058,12,14,,15,15,15,1,65536,5,2,,,,,,,
mainB,F1x5_loop_ft1_t11_main2_t9,1,responder,801218883.672,0,LOCAL_QP_ERR,2,4.325,0.369,0.132,3.692,1.139,0.1,3->3,0.052,0x2058,65536,65536,,65537,65537,65537,1,131072,0,4,,,,,,,
mainB,F1x5_loop_ft1_t11_main2_t9,1,responder,801218887.458,0,LOCAL_QP_ERR,3,3.438,0.339,0.137,2.835,1.026,0.0,3->3,0.050,0x2058,131072,131072,,131073,131073,131073,1,196608,0,6,,,,,,,
mainB,F1x5_loop_ft1_t11_main2_t9,1,responder,801219049.180,0,LOCAL_QP_ERR,4,3.452,0.360,0.141,2.823,1.042,0.1,3->3,0.051,0x2058,196608,196608,,196609,196609,196609,1,262144,0,8,,,,,,,
mainB,F1x5_loop_ft1_t11_main2_t9,1,responder,801219211.085,0,LOCAL_QP_ERR,5,3.523,0.371,0.150,2.871,1.059,0.1,3->3,0.050,0x2058,262144,262144,,262145,262145,262145,1,327680,0,10,,,,,,,
mainB,F3_loop_ft1_t11_main_t1,0,initiator,1931896226.241,1,RETRY_EXC,1,6.149,0.554,0.113,3.536,1.789,0.0,4->4,0.027,0x677d,191,191,,193,193,193,2,65536,181,2,,,,,,,
mainB,F3_loop_ft1_t11_main_t1,1,responder,800837114.934,0,RETRY_EXC,1,5.412,0.289,0.195,4.747,2.647,0.1,3->3,0.054,0x1ff6,12,14,,15,15,15,1,65536,5,2,,,,,,,
mainB,F3_loop_ft1_t11_main_t10,0,initiator,1932287067.773,1,RETRY_EXC,1,5.768,0.376,0.145,3.442,1.627,0.0,4->4,0.033,0x68a9,229,229,,231,231,231,2,65536,219,2,,,,,,,
mainB,F3_loop_ft1_t11_main_t10,1,responder,801227960.662,0,RETRY_EXC,1,5.200,0.252,0.197,4.574,2.626,0.1,3->3,0.053,0x205a,12,14,,15,15,15,1,65536,5,2,,,,,,,
mainB,F3_loop_ft1_t11_main_t11,0,initiator,1932329480.536,1,RETRY_EXC,1,5.675,0.423,0.127,3.451,1.506,0.0,4->4,0.028,0x68c7,237,237,,239,239,239,2,65536,227,2,,,,,,,
mainB,F3_loop_ft1_t11_main_t11,1,responder,801270374.450,0,RETRY_EXC,1,5.014,0.252,0.184,4.420,2.603,0.1,3->3,0.051,0x2064,12,14,,15,15,15,1,65536,5,2,,,,,,,
mainB,F3_loop_ft1_t11_main_t12,0,initiator,1932354445.493,1,RETRY_EXC,1,6.235,0.494,0.144,3.873,1.552,0.0,4->4,0.027,0x68d9,183,183,,185,185,185,2,65536,173,2,,,,,,,
mainB,F3_loop_ft1_t11_main_t12,1,responder,801295339.988,0,RETRY_EXC,1,5.520,0.377,0.223,4.749,2.887,0.1,3->3,0.056,0x206a,12,14,,15,15,15,1,65536,5,2,,,,,,,
mainB,F3_loop_ft1_t11_main_t13,0,initiator,1932379678.003,1,RETRY_EXC,1,5.874,0.421,0.117,3.624,1.546,0.0,4->4,0.027,0x68eb,155,155,,157,157,157,2,65536,145,2,,,,,,,
mainB,F3_loop_ft1_t11_main_t13,1,responder,801320573.055,0,RETRY_EXC,1,5.268,0.378,0.188,4.510,2.656,0.1,3->3,0.059,0x2070,12,14,,15,15,15,1,65536,5,2,,,,,,,
mainB,F3_loop_ft1_t11_main_t14,0,initiator,1932405448.006,1,RETRY_EXC,1,5.915,0.334,0.123,3.781,1.519,0.0,4->4,0.027,0x68fd,181,181,,183,183,183,2,65536,171,2,,,,,,,
mainB,F3_loop_ft1_t11_main_t14,1,responder,801346343.590,0,RETRY_EXC,1,5.370,0.327,0.209,4.675,2.837,0.1,3->3,0.053,0x2076,12,14,,15,15,15,1,65536,5,2,,,,,,,
mainB,F3_loop_ft1_t11_main_t15,0,initiator,1932431217.929,1,RETRY_EXC,1,6.091,0.500,0.122,3.635,1.681,0.0,4->4,0.027,0x690f,209,209,,211,211,211,2,65536,199,2,,,,,,,
mainB,F3_loop_ft1_t11_main_t15,1,responder,801372114.045,0,RETRY_EXC,1,5.368,0.344,0.178,4.685,2.699,0.1,3->3,0.057,0x207c,12,14,,15,15,15,1,65536,5,2,,,,,,,
mainB,F3_loop_ft1_t11_main_t2,0,initiator,1931940786.190,1,RETRY_EXC,1,5.973,0.407,0.128,3.497,1.771,0.0,4->4,0.026,0x67a1,247,247,,249,249,249,2,65536,237,2,,,,,,,
mainB,F3_loop_ft1_t11_main_t2,1,responder,800881674.830,0,RETRY_EXC,1,5.384,0.288,0.183,4.735,2.648,0.1,3->3,0.050,0x2002,12,14,,15,15,15,1,65536,5,2,,,,,,,
mainB,F3_loop_ft1_t11_main_t3,0,initiator,1931984540.610,1,RETRY_EXC,1,5.534,0.369,0.108,3.315,1.570,0.0,4->4,0.027,0x67c5,141,141,,143,143,143,2,65536,131,2,,,,,,,
mainB,F3_loop_ft1_t11_main_t3,1,responder,800925429.211,0,RETRY_EXC,1,5.016,0.317,0.194,4.351,2.472,0.1,3->3,0.053,0x200e,12,14,,15,15,15,1,65536,5,2,,,,,,,
mainB,F3_loop_ft1_t11_main_t4,0,initiator,1932029638.009,1,RETRY_EXC,1,5.761,0.455,0.118,3.325,1.703,0.0,4->4,0.027,0x67e9,237,237,,239,239,239,2,65536,227,2,,,,,,,
mainB,F3_loop_ft1_t11_main_t4,1,responder,800970526.560,0,RETRY_EXC,1,5.150,0.227,0.179,4.578,2.554,0.1,3->3,0.053,0x201a,12,14,,15,15,15,1,65536,5,2,,,,,,,
mainB,F3_loop_ft1_t11_main_t5,0,initiator,1932073124.779,1,RETRY_EXC,1,5.906,0.470,0.120,3.470,1.665,0.0,4->4,0.028,0x680d,149,149,,151,151,151,2,65536,139,2,,,,,,,
mainB,F3_loop_ft1_t11_main_t5,1,responder,801014013.282,0,RETRY_EXC,1,5.171,0.271,0.201,4.513,2.530,0.1,3->3,0.052,0x2026,12,14,,15,15,15,1,65536,5,2,,,,,,,
mainB,F3_loop_ft1_t11_main_t6,0,initiator,1932117684.695,1,RETRY_EXC,1,5.690,0.497,0.113,3.411,1.513,0.0,4->4,0.027,0x6831,157,157,,159,159,159,2,65536,147,2,,,,,,,
mainB,F3_loop_ft1_t11_main_t6,1,responder,801058573.154,0,RETRY_EXC,1,5.043,0.271,0.186,4.401,2.578,0.1,3->3,0.050,0x2032,12,14,,15,15,15,1,65536,5,2,,,,,,,
mainB,F3_loop_ft1_t11_main_t7,0,initiator,1932160098.006,1,RETRY_EXC,1,5.976,0.534,0.115,3.603,1.568,0.0,4->4,0.027,0x684f,167,167,,169,169,169,2,65536,157,2,,,,,,,
mainB,F3_loop_ft1_t11_main_t7,1,responder,801100987.360,0,RETRY_EXC,1,5.225,0.295,0.197,4.537,2.653,0.1,3->3,0.050,0x203c,12,14,,15,15,15,1,65536,5,2,,,,,,,
mainB,F3_loop_ft1_t11_main_t8,0,initiator,1932202511.014,1,RETRY_EXC,1,6.088,0.567,0.112,3.539,1.708,0.0,4->4,0.026,0x686d,213,213,,215,215,215,2,65536,203,2,,,,,,,
mainB,F3_loop_ft1_t11_main_t8,1,responder,801143401.634,0,RETRY_EXC,1,5.303,0.252,0.186,4.692,2.664,0.1,3->3,0.051,0x2046,12,14,,15,15,15,1,65536,5,2,,,,,,,
mainB,F3_loop_ft1_t11_main_t9,0,initiator,1932244386.515,1,RETRY_EXC,1,5.819,0.572,0.109,3.389,1.574,0.0,4->4,0.027,0x688b,183,183,,185,185,185,2,65536,173,2,,,,,,,
mainB,F3_loop_ft1_t11_main_t9,1,responder,801185278.296,0,RETRY_EXC,1,5.052,0.235,0.180,4.463,2.581,0.1,3->3,0.050,0x2050,12,14,,15,15,15,1,65536,5,2,,,,,,,
neg,F1_loop_ft1_t11_neg_prefix_t1,0,initiator,1932712878.242,1,LOCAL_QP_ERR,1,5.433,0.467,0.139,2.784,1.878,0.0,4->4,0.026,0x6993,22091,22091,,22093,22093,22093,2,65536,22083,2,,,,,,,
neg,F1_loop_ft1_t11_neg_prefix_t1,1,responder,801653778.939,0,LOCAL_QP_ERR,1,4.720,0.517,0.424,3.601,1.417,0.1,3->3,0.059,0x20a8,12,12,,15,15,15,3,65536,5,2,,,,,,,
neg,F1_loop_ft1_t11_neg_prefix_t10,0,initiator,1932948773.607,1,LOCAL_QP_ERR,1,4.256,0.328,0.109,2.071,1.593,0.0,4->4,0.026,0x6a47,6863,6863,,6865,6865,6865,2,65536,6853,2,,,,,,,
neg,F1_loop_ft1_t11_neg_prefix_t10,1,responder,801889676.986,0,LOCAL_QP_ERR,1,3.768,0.389,0.186,3.045,1.148,0.1,3->3,0.054,0x20e4,12,12,,15,15,15,3,65536,5,2,,,,,,,
neg,F1_loop_ft1_t11_neg_prefix_t11,0,initiator,1932950973.907,1,LOCAL_QP_ERR,1,4.371,0.224,0.142,2.265,1.578,0.0,4->4,0.026,0x6a4d,15987,15987,,15989,15989,15989,2,65536,15979,2,,,,,,,
neg,F1_loop_ft1_t11_neg_prefix_t11,1,responder,801891877.314,0,LOCAL_QP_ERR,1,3.905,0.407,0.197,3.137,1.250,0.1,3->3,0.058,0x20e6,12,12,,15,15,15,3,65536,5,2,,,,,,,
neg,F1_loop_ft1_t11_neg_prefix_t12,0,initiator,1932952977.425,1,LOCAL_QP_ERR,1,4.470,0.347,0.111,2.254,1.602,0.0,4->4,0.026,0x6a53,7933,7933,,7935,7935,7935,2,65536,7923,2,,,,,,,
neg,F1_loop_ft1_t11_neg_prefix_t12,1,responder,801893880.848,0,LOCAL_QP_ERR,1,3.901,0.413,0.204,3.103,1.190,0.1,3->3,0.054,0x20e8,12,12,,15,15,15,3,65536,5,2,,,,,,,
neg,F1_loop_ft1_t11_neg_prefix_t13,0,initiator,1932955077.692,1,LOCAL_QP_ERR,1,4.232,0.208,0.105,2.133,1.613,0.0,4->4,0.025,0x6a59,10237,10237,,10239,10239,10239,2,65536,10229,2,,,,,,,
neg,F1_loop_ft1_t11_neg_prefix_t13,1,responder,801895981.135,0,LOCAL_QP_ERR,1,3.804,0.382,0.187,3.068,1.149,0.1,3->3,0.055,0x20ea,12,12,,15,15,15,3,65536,5,2,,,,,,,
neg,F1_loop_ft1_t11_neg_prefix_t14,0,initiator,1932957175.952,1,LOCAL_QP_ERR,1,4.181,0.259,0.122,2.086,1.560,0.0,4->4,0.026,0x6a5f,13817,13817,,13819,13819,13819,2,65536,13807,2,,,,,,,
neg,F1_loop_ft1_t11_neg_prefix_t14,1,responder,801898079.413,0,LOCAL_QP_ERR,1,3.753,0.407,0.189,3.007,1.135,0.1,3->3,0.054,0x20ec,12,12,,15,15,15,3,65536,5,2,,,,,,,
neg,F1_loop_ft1_t11_neg_prefix_t15,0,initiator,1932959309.038,1,LOCAL_QP_ERR,1,4.222,0.246,0.126,2.125,1.571,0.0,4->4,0.025,0x6a65,20083,20083,,20085,20085,20085,2,65536,20075,2,,,,,,,
neg,F1_loop_ft1_t11_neg_prefix_t15,1,responder,801900212.526,0,LOCAL_QP_ERR,1,3.745,0.378,0.185,3.028,1.149,0.1,3->3,0.060,0x20ee,12,12,,15,15,15,3,65536,5,2,,,,,,,
neg,F1_loop_ft1_t11_neg_prefix_t2,0,initiator,1932766796.247,1,LOCAL_QP_ERR,1,5.160,0.465,0.121,2.620,1.793,0.0,4->4,0.027,0x69b1,1609,1609,,1611,1611,1611,2,65536,1601,2,,,,,,,
neg,F1_loop_ft1_t11_neg_prefix_t2,1,responder,801707697.643,0,LOCAL_QP_ERR,1,4.499,0.618,0.294,3.416,1.306,0.1,3->3,0.065,0x20b2,12,12,,15,15,15,3,65536,5,2,,,,,,,
neg,F1_loop_ft1_t11_neg_prefix_t3,0,initiator,1932821075.070,1,LOCAL_QP_ERR,1,5.191,0.541,0.103,2.523,1.867,0.0,4->4,0.027,0x69cf,21797,21797,,21799,21799,21799,2,65536,21787,2,,,,,,,
neg,F1_loop_ft1_t11_neg_prefix_t3,1,responder,801761977.091,0,LOCAL_QP_ERR,1,4.523,0.705,0.209,3.462,1.284,0.1,3->3,0.052,0x20bc,12,12,,15,15,15,3,65536,5,2,,,,,,,
neg,F1_loop_ft1_t11_neg_prefix_t4,0,initiator,1932875167.774,1,LOCAL_QP_ERR,1,5.520,0.639,0.108,2.689,1.918,0.0,4->4,0.025,0x69ed,19971,19971,,19973,19973,19973,2,65536,19961,2,,,,,,,
neg,F1_loop_ft1_t11_neg_prefix_t4,1,responder,801816070.392,0,LOCAL_QP_ERR,1,4.716,0.627,0.307,3.618,1.392,0.1,3->3,0.052,0x20c6,12,12,,15,15,15,3,65536,5,2,,,,,,,
neg,F1_loop_ft1_t11_neg_prefix_t5,0,initiator,1932929247.479,1,LOCAL_QP_ERR,1,5.403,0.554,0.167,2.623,1.881,0.0,4->4,0.025,0x6a0b,19259,19259,,19261,19261,19261,2,65536,19251,2,,,,,,,
neg,F1_loop_ft1_t11_neg_prefix_t5,1,responder,801870150.669,0,LOCAL_QP_ERR,1,4.582,0.515,0.357,3.546,1.351,0.1,3->3,0.058,0x20d0,12,12,,15,15,15,3,65536,5,2,,,,,,,
neg,F1_loop_ft1_t11_neg_prefix_t6,0,initiator,1932933137.777,1,LOCAL_QP_ERR,1,4.333,0.332,0.104,2.128,1.584,0.0,4->4,0.027,0x6a17,17303,17303,,17305,17305,17305,2,65536,17295,2,,,,,,,
neg,F1_loop_ft1_t11_neg_prefix_t6,1,responder,801874041.020,0,LOCAL_QP_ERR,1,3.792,0.408,0.179,3.043,1.153,0.1,3->3,0.064,0x20d4,12,12,,15,15,15,3,65536,5,2,,,,,,,
neg,F1_loop_ft1_t11_neg_prefix_t7,0,initiator,1932937080.975,1,LOCAL_QP_ERR,1,4.453,0.405,0.110,2.136,1.643,0.0,4->4,0.026,0x6a23,10101,10101,,10103,10103,10103,2,65536,10091,2,,,,,,,
neg,F1_loop_ft1_t11_neg_prefix_t7,1,responder,801877984.239,0,LOCAL_QP_ERR,1,3.890,0.409,0.190,3.127,1.174,0.1,3->3,0.055,0x20d8,12,12,,15,15,15,3,65536,5,2,,,,,,,
neg,F1_loop_ft1_t11_neg_prefix_t8,0,initiator,1932941087.970,1,LOCAL_QP_ERR,1,4.355,0.321,0.107,2.148,1.621,0.0,4->4,0.027,0x6a2f,22087,22087,,22089,22089,22089,2,65536,22079,2,,,,,,,
neg,F1_loop_ft1_t11_neg_prefix_t8,1,responder,801881991.282,0,LOCAL_QP_ERR,1,3.846,0.386,0.208,3.086,1.156,0.1,3->3,0.058,0x20dc,12,12,,15,15,15,3,65536,5,2,,,,,,,
neg,F1_loop_ft1_t11_neg_prefix_t9,0,initiator,1932945002.603,1,LOCAL_QP_ERR,1,4.324,0.289,0.120,2.182,1.582,0.0,4->4,0.025,0x6a3b,23361,23361,,23363,23363,23363,2,65536,23351,2,,,,,,,
neg,F1_loop_ft1_t11_neg_prefix_t9,1,responder,801885905.947,0,LOCAL_QP_ERR,1,3.811,0.393,0.195,3.048,1.160,0.1,3->3,0.055,0x20e0,12,12,,15,15,15,3,65536,5,2,,,,,,,
neg,F1_loop_ft1_t11_neg_ring_t1,0,initiator,1932662578.323,1,LOCAL_QP_ERR,1,5.518,0.108,0.108,3.473,1.670,0.0,4->4,0.018,0x697b,271,271,,273,273,273,2,65536,261,2,,,,,,,
neg,F1_loop_ft1_t11_neg_ring_t1,1,responder,801603478.314,0,LOCAL_QP_ERR,1,5.202,0.976,0.416,3.661,1.683,0.1,3->3,0.038,0x20a0,12,14,,15,15,15,1,65536,5,2,,,,,,,
neg,F1_loop_ft1_t11_neg_ring_t2,0,initiator,1932716633.568,1,LOCAL_QP_ERR,1,5.234,0.093,0.138,2.839,1.986,0.0,4->4,0.017,0x6999,267,267,,269,269,269,2,65536,257,2,,,,,,,
neg,F1_loop_ft1_t11_neg_ring_t2,1,responder,801657534.292,0,LOCAL_QP_ERR,1,4.879,0.708,0.296,3.705,1.420,0.1,3->3,0.036,0x20aa,12,14,,15,15,15,1,65536,5,2,,,,,,,
neg,F1_loop_ft1_t11_neg_ring_t3,0,initiator,1932770288.097,1,LOCAL_QP_ERR,1,4.708,0.108,0.103,2.510,1.820,0.0,4->4,0.018,0x69b7,211,211,,213,213,213,2,65536,201,2,,,,,,,
neg,F1_loop_ft1_t11_neg_ring_t3,1,responder,801711189.502,0,LOCAL_QP_ERR,1,4.365,0.602,0.189,3.432,1.311,0.1,3->3,0.037,0x20b4,12,14,,15,15,15,1,65536,5,2,,,,,,,
neg,F1_loop_ft1_t11_neg_ring_t4,0,initiator,1932824353.609,1,LOCAL_QP_ERR,1,4.687,0.101,0.101,2.567,1.757,0.0,4->4,0.017,0x69d5,201,201,,203,203,203,2,65536,191,2,,,,,,,
neg,F1_loop_ft1_t11_neg_ring_t4,1,responder,801765255.653,0,LOCAL_QP_ERR,1,4.350,0.584,0.211,3.412,1.355,0.1,3->3,0.037,0x20be,12,14,,15,15,15,1,65536,5,2,,,,,,,
neg,F1_loop_ft1_t11_neg_ring_t5,0,initiator,1932878450.647,1,LOCAL_QP_ERR,1,4.880,0.089,0.117,2.615,1.895,0.0,4->4,0.017,0x69f3,207,207,,209,209,209,2,65536,197,2,,,,,,,
neg,F1_loop_ft1_t11_neg_ring_t5,1,responder,801819353.287,0,LOCAL_QP_ERR,1,4.523,0.653,0.215,3.494,1.302,0.1,3->3,0.036,0x20c8,12,14,,15,15,15,1,65536,5,2,,,,,,,
neg,F1_loop_ft1_t11_neg_ringci_t1,0,initiator,1932695588.919,1,LOCAL_QP_ERR,1,5.680,0.109,0.118,3.358,1.922,0.1,4->4,0.033,0x6987,213,213,,215,215,215,2,65536,203,2,,,,,,,
neg,F1_loop_ft1_t11_neg_ringci_t1,1,responder,801636489.375,0,LOCAL_QP_ERR,1,5.372,0.881,0.453,3.883,1.646,0.1,3->3,0.053,0x20a4,12,14,,15,15,15,1,65536,5,2,,,,,,,
neg,F1_loop_ft1_t11_neg_ringci_t2,0,initiator,1932749928.182,1,LOCAL_QP_ERR,1,5.902,0.166,0.105,3.529,1.949,0.0,4->4,0.026,0x69a5,243,243,,245,245,245,2,65536,233,2,,,,,,,
neg,F1_loop_ft1_t11_neg_ringci_t2,1,responder,801690829.351,0,LOCAL_QP_ERR,1,5.589,1.089,0.440,3.902,1.645,0.1,3->3,0.053,0x20ae,12,14,,15,15,15,1,65536,5,2,,,,,,,
neg,F1_loop_ft1_t11_neg_ringci_t3,0,initiator,1932803455.646,1,LOCAL_QP_ERR,1,5.406,0.112,0.107,3.096,1.923,0.0,4->4,0.027,0x69c3,165,165,,167,167,167,2,65536,155,2,,,,,,,
neg,F1_loop_ft1_t11_neg_ringci_t3,1,responder,801744357.459,0,LOCAL_QP_ERR,1,5.129,0.801,0.421,3.737,1.508,0.1,3->3,0.052,0x20b8,12,14,,15,15,15,1,65536,5,2,,,,,,,
neg,F1_loop_ft1_t11_neg_ringci_t4,0,initiator,1932857479.817,1,LOCAL_QP_ERR,1,5.573,0.091,0.122,3.279,1.926,0.0,4->4,0.025,0x69e1,151,151,,153,153,153,2,65536,141,2,,,,,,,
neg,F1_loop_ft1_t11_neg_ringci_t4,1,responder,801798382.243,0,LOCAL_QP_ERR,1,5.263,0.870,0.435,3.796,1.563,0.1,3->3,0.050,0x20c2,12,14,,15,15,15,1,65536,5,2,,,,,,,
neg,F1_loop_ft1_t11_neg_ringci_t5,0,initiator,1932911576.914,1,LOCAL_QP_ERR,1,5.452,0.113,0.104,3.220,1.840,0.0,4->4,0.026,0x69ff,155,155,,157,157,157,2,65536,145,2,,,,,,,
neg,F1_loop_ft1_t11_neg_ringci_t5,1,responder,801852479.919,0,LOCAL_QP_ERR,1,5.157,0.937,0.309,3.733,1.583,0.1,3->3,0.054,0x20cc,12,14,,15,15,15,1,65536,5,2,,,,,,,
neg,F1_loop_ft1_t11_neg_rotate_t1,0,initiator,1932678716.832,1,LOCAL_QP_ERR,1,5.773,0.107,0.110,3.137,2.241,0.0,4->4,0.027,0x6981,193,193,,195,195,195,2,65536,183,2,,,,,,,
neg,F1_loop_ft1_t11_neg_rotate_t1,1,responder,801619617.069,0,LOCAL_QP_ERR,1,5.500,0.922,0.224,4.192,1.641,0.1,3->3,0.060,0x20a2,12,14,,15,15,15,1,65536,5,2,,,,,,,
neg,F1_loop_ft1_t11_neg_rotate_t2,0,initiator,1932732453.257,1,LOCAL_QP_ERR,1,5.689,0.107,0.175,3.068,2.184,0.0,4->4,0.027,0x699f,145,145,,147,147,147,2,65536,135,2,,,,,,,
neg,F1_loop_ft1_t11_neg_rotate_t2,1,responder,801673354.200,0,LOCAL_QP_ERR,1,5.305,0.797,0.396,3.941,1.449,0.1,3->3,0.051,0x20ac,12,14,,15,15,15,1,65536,5,2,,,,,,,
neg,F1_loop_ft1_t11_neg_rotate_t3,0,initiator,1932786629.368,1,LOCAL_QP_ERR,1,5.957,0.217,0.103,3.217,2.241,0.0,4->4,0.026,0x69bd,155,155,,157,157,157,2,65536,145,2,,,,,,,
neg,F1_loop_ft1_t11_neg_rotate_t3,1,responder,801727530.985,0,LOCAL_QP_ERR,1,5.550,0.892,0.447,4.046,1.496,0.1,3->3,0.053,0x20b6,12,14,,15,15,15,1,65536,5,2,,,,,,,
neg,F1_loop_ft1_t11_neg_rotate_t4,0,initiator,1932840772.408,1,LOCAL_QP_ERR,1,5.716,0.148,0.104,3.164,2.124,0.0,4->4,0.026,0x69db,155,155,,157,157,157,2,65536,145,2,,,,,,,
neg,F1_loop_ft1_t11_neg_rotate_t4,1,responder,801781674.649,0,LOCAL_QP_ERR,1,5.347,0.796,0.412,3.969,1.532,0.1,3->3,0.051,0x20c0,12,14,,15,15,15,1,65536,5,2,,,,,,,
neg,F1_loop_ft1_t11_neg_rotate_t5,0,initiator,1932895402.577,1,LOCAL_QP_ERR,1,6.082,0.116,0.109,3.399,2.296,0.0,4->4,0.026,0x69f9,239,239,,241,241,241,2,65536,229,2,,,,,,,
neg,F1_loop_ft1_t11_neg_rotate_t5,1,responder,801836305.414,0,LOCAL_QP_ERR,1,5.784,0.872,0.483,4.247,1.632,0.1,3->3,0.053,0x20ca,12,14,,15,15,15,1,65536,5,2,,,,,,,
neg2,F1_loop_ft1_t11_neg_prefix2_t1,0,initiator,1933420751.998,1,LOCAL_QP_ERR,1,4.504,0.390,0.103,2.237,1.596,0.0,4->4,0.026,0x6bc5,25039,25039,25039,25041,25041,25041,2,65536,25029,2,,,,,,,
neg2,F1_loop_ft1_t11_neg_prefix2_t1,1,responder,802361659.088,0,LOCAL_QP_ERR,1,3.966,0.527,0.193,3.086,1.173,0.1,3->3,0.053,0x61d0,12,12,14,15,15,15,3,65536,5,2,,,,,,,
neg2,F1_loop_ft1_t11_neg_prefix2_t10,0,initiator,1933461639.084,1,LOCAL_QP_ERR,1,4.195,0.273,0.139,2.066,1.561,0.0,4->4,0.027,0x6c31,8599,8599,8599,8601,8601,8601,2,65536,8589,2,,,,,,,
neg2,F1_loop_ft1_t11_neg_prefix2_t10,1,responder,802402546.419,0,LOCAL_QP_ERR,1,3.742,0.385,0.192,3.016,1.144,0.1,3->3,0.053,0x61f4,12,12,14,15,15,15,3,65536,5,2,,,,,,,
neg2,F1_loop_ft1_t11_neg_prefix2_t2,0,initiator,1933424864.747,1,LOCAL_QP_ERR,1,4.332,0.313,0.104,2.128,1.575,0.0,4->4,0.026,0x6bd1,22307,22307,22309,22309,22309,22309,2,65536,22299,2,,,,,,,
neg2,F1_loop_ft1_t11_neg_prefix2_t2,1,responder,802365771.862,0,LOCAL_QP_ERR,1,3.835,0.402,0.189,3.072,1.186,0.1,3->3,0.058,0x61d4,12,12,14,15,15,15,3,65536,5,2,,,,,,,
neg2,F1_loop_ft1_t11_neg_prefix2_t3,0,initiator,1933428945.088,1,LOCAL_QP_ERR,1,4.274,0.230,0.136,2.174,1.579,0.0,4->4,0.026,0x6bdd,14275,14275,14277,14277,14277,14277,2,65536,14267,2,,,,,,,
neg2,F1_loop_ft1_t11_neg_prefix2_t3,1,responder,802369852.223,0,LOCAL_QP_ERR,1,3.812,0.382,0.190,3.067,1.177,0.1,3->3,0.055,0x61d8,12,12,14,15,15,15,3,65536,5,2,,,,,,,
neg2,F1_loop_ft1_t11_neg_prefix2_t4,0,initiator,1933433152.744,1,LOCAL_QP_ERR,1,4.208,0.259,0.120,2.134,1.538,0.0,4->4,0.025,0x6be9,19587,19587,19587,19589,19589,19589,2,65536,19577,2,,,,,,,
neg2,F1_loop_ft1_t11_neg_prefix2_t4,1,responder,802374059.903,0,LOCAL_QP_ERR,1,3.767,0.392,0.194,3.007,1.161,0.1,3->3,0.053,0x61dc,12,12,14,15,15,15,3,65536,5,2,,,,,,,
neg2,F1_loop_ft1_t11_neg_prefix2_t5,0,initiator,1933437319.574,1,LOCAL_QP_ERR,1,4.095,0.210,0.107,2.043,1.569,0.0,4->4,0.026,0x6bf5,21037,21037,21039,21039,21039,21039,2,65536,21029,2,,,,,,,
neg2,F1_loop_ft1_t11_neg_prefix2_t5,1,responder,802378226.765,0,LOCAL_QP_ERR,1,3.734,0.383,0.188,3.009,1.133,0.1,3->3,0.055,0x61e0,12,12,14,15,15,15,3,65536,5,2,,,,,,,
neg2,F1_loop_ft1_t11_neg_prefix2_t6,0,initiator,1933444989.689,1,LOCAL_QP_ERR,1,4.582,0.371,0.100,2.340,1.595,0.0,4->4,0.026,0x6c01,13345,13345,13347,13347,13347,13347,2,65536,13337,2,,,,,,,
neg2,F1_loop_ft1_t11_neg_prefix2_t6,1,responder,802385896.930,0,LOCAL_QP_ERR,1,4.034,0.466,0.186,3.204,1.299,0.1,3->3,0.059,0x61e4,12,12,14,15,15,15,3,65536,5,2,,,,,,,
neg2,F1_loop_ft1_t11_neg_prefix2_t7,0,initiator,1933449245.220,1,LOCAL_QP_ERR,1,4.221,0.225,0.147,2.108,1.565,0.0,4->4,0.025,0x6c0d,23659,23659,23661,23661,23661,23661,2,65536,23651,2,,,,,,,
neg2,F1_loop_ft1_t11_neg_prefix2_t7,1,responder,802390152.486,0,LOCAL_QP_ERR,1,3.746,0.397,0.187,3.004,1.129,0.1,3->3,0.059,0x61e8,12,12,14,15,15,15,3,65536,5,2,,,,,,,
neg2,F1_loop_ft1_t11_neg_prefix2_t8,0,initiator,1933453354.660,1,LOCAL_QP_ERR,1,4.099,0.215,0.107,2.071,1.551,0.0,4->4,0.025,0x6c19,17297,17297,17297,17299,17299,17299,2,65536,17287,2,,,,,,,
neg2,F1_loop_ft1_t11_neg_prefix2_t8,1,responder,802394261.945,0,LOCAL_QP_ERR,1,3.751,0.400,0.192,3.007,1.153,0.1,3->3,0.055,0x61ec,12,12,14,15,15,15,3,65536,5,2,,,,,,,
neg2,F1_loop_ft1_t11_neg_prefix2_t9,0,initiator,1933457547.558,1,LOCAL_QP_ERR,1,4.275,0.363,0.105,2.078,1.558,0.0,4->4,0.026,0x6c25,19239,19239,19241,19241,19241,19241,2,65536,19231,2,,,,,,,
neg2,F1_loop_ft1_t11_neg_prefix2_t9,1,responder,802398454.876,0,LOCAL_QP_ERR,1,3.762,0.387,0.192,3.024,1.152,0.1,3->3,0.060,0x61f0,12,12,14,15,15,15,3,65536,5,2,,,,,,,
neg2,F1_loop_ft1_t11_neg_remap_t1,0,initiator,1933418467.710,1,LOCAL_QP_ERR,1,4.753,0.206,0.123,2.536,1.696,0.0,4->4,0.027,0x6bbf,67,67,67,69,69,69,2,65536,57,2,,,,,,,
neg2,F1_loop_ft1_t11_neg_remap_t1,1,responder,802359374.784,0,LOCAL_QP_ERR,1,4.319,0.569,0.222,3.340,1.335,0.1,3->3,0.060,0x61ce,12,14,14,15,15,15,1,65536,5,2,,,,,,,
neg2,F1_loop_ft1_t11_neg_remap_t10,0,initiator,1933459508.157,1,LOCAL_QP_ERR,1,4.347,0.287,0.122,2.180,1.565,0.0,4->4,0.026,0x6c2b,113,113,113,115,115,115,2,65536,103,2,,,,,,,
neg2,F1_loop_ft1_t11_neg_remap_t10,1,responder,802400415.485,0,LOCAL_QP_ERR,1,3.805,0.411,0.197,3.021,1.153,0.1,3->3,0.060,0x61f2,12,14,14,15,15,15,1,65536,5,2,,,,,,,
neg2,F1_loop_ft1_t11_neg_remap_t2,0,initiator,1933422636.077,1,LOCAL_QP_ERR,1,4.206,0.298,0.102,2.119,1.525,0.0,4->4,0.025,0x6bcb,119,119,119,121,121,121,2,65536,109,2,,,,,,,
neg2,F1_loop_ft1_t11_neg_remap_t2,1,responder,802363543.177,0,LOCAL_QP_ERR,1,3.757,0.424,0.192,2.974,1.143,0.1,3->3,0.057,0x61d2,12,14,14,15,15,15,1,65536,5,2,,,,,,,
neg2,F1_loop_ft1_t11_neg_remap_t3,0,initiator,1933426806.441,1,LOCAL_QP_ERR,1,4.248,0.303,0.106,2.152,1.533,0.0,4->4,0.025,0x6bd7,107,107,107,109,109,109,2,65536,97,2,,,,,,,
neg2,F1_loop_ft1_t11_neg_remap_t3,1,responder,802367713.562,0,LOCAL_QP_ERR,1,3.770,0.414,0.207,2.983,1.145,0.1,3->3,0.055,0x61d6,12,14,14,15,15,15,1,65536,5,2,,,,,,,
neg2,F1_loop_ft1_t11_neg_remap_t4,0,initiator,1933430944.542,1,LOCAL_QP_ERR,1,4.240,0.234,0.120,2.204,1.529,0.0,4->4,0.026,0x6be3,85,85,85,87,87,87,2,65536,75,2,,,,,,,
neg2,F1_loop_ft1_t11_neg_remap_t4,1,responder,802371851.688,0,LOCAL_QP_ERR,1,3.813,0.411,0.195,3.037,1.202,0.1,3->3,0.054,0x61da,12,14,14,15,15,15,1,65536,5,2,,,,,,,
neg2,F1_loop_ft1_t11_neg_remap_t5,0,initiator,1933435101.353,1,LOCAL_QP_ERR,1,4.307,0.278,0.110,2.225,1.526,0.0,4->4,0.026,0x6bef,59,59,59,61,61,61,2,65536,49,2,,,,,,,
neg2,F1_loop_ft1_t11_neg_remap_t5,1,responder,802376008.530,0,LOCAL_QP_ERR,1,3.795,0.410,0.199,3.015,1.177,0.1,3->3,0.056,0x61de,12,14,14,15,15,15,1,65536,5,2,,,,,,,
neg2,F1_loop_ft1_t11_neg_remap_t6,0,initiator,1933443160.250,1,RETRY_EXC,1,4.973,0.234,0.112,2.308,2.161,0.0,4->4,0.026,0x6bfb,135,137,137,138,138,138,1,65536,126,2,,,,,,,
neg2,F1_loop_ft1_t11_neg_remap_t6,1,responder,802384067.475,0,RETRY_EXC,1,4.607,0.263,0.190,3.986,1.520,0.1,3->3,0.052,0x61e2,15,15,15,18,18,18,3,65536,5,2,,,,,,,
neg2,F1_loop_ft1_t11_neg_remap_t7,0,initiator,1933447010.720,1,LOCAL_QP_ERR,1,4.158,0.166,0.108,2.113,1.617,0.0,4->4,0.026,0x6c07,127,127,127,129,129,129,2,65536,117,2,,,,,,,
neg2,F1_loop_ft1_t11_neg_remap_t7,1,responder,802387917.969,0,LOCAL_QP_ERR,1,3.856,0.414,0.181,3.078,1.152,0.1,3->3,0.056,0x61e6,12,14,14,15,15,15,1,65536,5,2,,,,,,,
neg2,F1_loop_ft1_t11_neg_remap_t8,0,initiator,1933451146.843,1,LOCAL_QP_ERR,1,4.272,0.208,0.133,2.196,1.562,0.0,4->4,0.025,0x6c13,49,49,49,51,51,51,2,65536,39,2,,,,,,,
neg2,F1_loop_ft1_t11_neg_remap_t8,1,responder,802392054.118,0,LOCAL_QP_ERR,1,3.806,0.428,0.188,3.036,1.167,0.1,3->3,0.055,0x61ea,12,14,14,15,15,15,1,65536,5,2,,,,,,,
neg2,F1_loop_ft1_t11_neg_remap_t9,0,initiator,1933455315.966,1,LOCAL_QP_ERR,1,4.283,0.203,0.138,2.173,1.615,0.0,4->4,0.026,0x6c1f,99,99,99,101,101,101,2,65536,89,2,,,,,,,
neg2,F1_loop_ft1_t11_neg_remap_t9,1,responder,802396223.267,0,LOCAL_QP_ERR,1,3.850,0.406,0.199,3.072,1.147,0.1,3->3,0.056,0x61ee,12,14,14,15,15,15,1,65536,5,2,,,,,,,
reg_outlined,F1_loop_ft1_t11_reg_inflight_t1,0,initiator,1935919710.982,1,LOCAL_QP_ERR,1,4.597,0.369,0.114,2.295,1.662,0.0,4->4,0.025,0x72a9,7053,7053,7053,7055,7055,7055,2,65536,7043,2,,,,,,,
reg_outlined,F1_loop_ft1_t11_reg_inflight_t1,1,responder,804860610.577,0,LOCAL_QP_ERR,1,4.009,0.450,0.207,3.188,1.215,0.1,3->3,0.053,0x6974,12,14,14,15,15,15,1,65536,5,2,,,,,,,
reg_outlined,F1_loop_ft1_t11_reg_inflight_t10,0,initiator,1936262646.399,1,LOCAL_QP_ERR,1,4.242,0.263,0.122,2.141,1.564,0.0,4->4,0.017,0x7411,6625,6627,6627,6627,6627,6627,0,65536,6617,2,,,,,,,
reg_outlined,F1_loop_ft1_t11_reg_inflight_t10,1,responder,805203542.223,0,LOCAL_QP_ERR,1,3.838,0.426,0.199,3.056,1.189,0.1,3->3,0.053,0x69ec,12,14,14,15,15,15,1,65536,5,2,,,,,,,
reg_outlined,F1_loop_ft1_t11_reg_inflight_t11,0,initiator,1936280679.627,1,LOCAL_QP_ERR,1,4.449,0.214,0.146,2.364,1.556,0.0,4->4,0.026,0x7429,21783,21783,21783,21785,21785,21785,2,65536,21773,2,,,,,,,
reg_outlined,F1_loop_ft1_t11_reg_inflight_t11,1,responder,805221575.210,0,LOCAL_QP_ERR,1,3.967,0.492,0.182,3.120,1.258,0.1,3->3,0.054,0x69f4,12,14,14,15,15,15,1,65536,5,2,,,,,,,
reg_outlined,F1_loop_ft1_t11_reg_inflight_t12,0,initiator,1936286789.045,1,LOCAL_QP_ERR,1,4.133,0.186,0.118,2.108,1.553,0.0,4->4,0.026,0x7435,15311,15311,15311,15313,15313,15313,2,65536,15301,2,,,,,,,
reg_outlined,F1_loop_ft1_t11_reg_inflight_t12,1,responder,805227684.544,0,LOCAL_QP_ERR,1,3.699,0.380,0.196,2.978,1.122,0.1,3->3,0.050,0x69f8,12,14,14,15,15,15,1,65536,5,2,,,,,,,
reg_outlined,F1_loop_ft1_t11_reg_inflight_t13,0,initiator,1936292895.588,1,LOCAL_QP_ERR,1,4.205,0.224,0.120,2.137,1.564,0.0,4->4,0.018,0x7441,12913,12915,12915,12915,12915,12915,0,65536,12905,2,,,,,,,
reg_outlined,F1_loop_ft1_t11_reg_inflight_t13,1,responder,805233791.015,0,LOCAL_QP_ERR,1,3.792,0.417,0.191,3.028,1.166,0.1,3->3,0.055,0x69fc,12,14,14,15,15,15,1,65536,5,2,,,,,,,
reg_outlined,F1_loop_ft1_t11_reg_inflight_t14,0,initiator,1936299136.663,1,LOCAL_QP_ERR,1,4.272,0.251,0.123,2.132,1.609,0.0,4->4,0.027,0x744d,15727,15727,15727,15729,15729,15729,2,65536,15717,2,,,,,,,
reg_outlined,F1_loop_ft1_t11_reg_inflight_t14,1,responder,805240032.011,0,LOCAL_QP_ERR,1,3.806,0.390,0.179,3.091,1.175,0.1,3->3,0.052,0x6a04,12,14,14,15,15,15,1,65536,5,2,,,,,,,
reg_outlined,F1_loop_ft1_t11_reg_inflight_t15,0,initiator,1936305321.906,1,LOCAL_QP_ERR,1,4.145,0.248,0.121,2.069,1.559,0.0,4->4,0.017,0x7459,15541,15543,15543,15543,15543,15543,0,65536,15533,2,,,,,,,
reg_outlined,F1_loop_ft1_t11_reg_inflight_t15,1,responder,805246217.169,0,LOCAL_QP_ERR,1,3.756,0.383,0.186,3.023,1.161,0.1,3->3,0.053,0x6a10,12,14,14,15,15,15,1,65536,5,2,,,,,,,
reg_outlined,F1_loop_ft1_t11_reg_inflight_t16,0,initiator,1936311578.799,1,LOCAL_QP_ERR,1,4.220,0.327,0.104,2.021,1.585,0.0,4->4,0.025,0x7465,21925,21925,21925,21927,21927,21927,2,65536,21915,2,,,,,,,
reg_outlined,F1_loop_ft1_t11_reg_inflight_t16,1,responder,805252473.982,0,LOCAL_QP_ERR,1,3.739,0.379,0.204,3.008,1.121,0.1,3->3,0.054,0x6a1c,12,14,14,15,15,15,1,65536,5,2,,,,,,,
reg_outlined,F1_loop_ft1_t11_reg_inflight_t17,0,initiator,1936317688.971,1,LOCAL_QP_ERR,1,4.240,0.256,0.122,2.147,1.561,0.0,4->4,0.025,0x7471,22933,22933,22933,22935,22935,22935,2,65536,22923,2,,,,,,,
reg_outlined,F1_loop_ft1_t11_reg_inflight_t17,1,responder,805258584.086,0,LOCAL_QP_ERR,1,3.783,0.395,0.191,3.041,1.166,0.1,3->3,0.055,0x6a28,12,14,14,15,15,15,1,65536,5,2,,,,,,,
reg_outlined,F1_loop_ft1_t11_reg_inflight_t18,0,initiator,1936323705.454,1,LOCAL_QP_ERR,1,4.111,0.224,0.138,2.049,1.546,0.0,4->4,0.026,0x747d,7887,7887,7887,7889,7889,7889,2,65536,7877,2,,,,,,,
reg_outlined,F1_loop_ft1_t11_reg_inflight_t18,1,responder,805264600.485,0,LOCAL_QP_ERR,1,3.724,0.387,0.188,2.997,1.144,0.1,3->3,0.053,0x6a34,12,14,14,15,15,15,1,65536,5,2,,,,,,,
reg_outlined,F1_loop_ft1_t11_reg_inflight_t19,0,initiator,1936329861.029,1,LOCAL_QP_ERR,1,4.312,0.308,0.121,2.155,1.576,0.0,4->4,0.025,0x7489,11795,11795,11795,11797,11797,11797,2,65536,11785,2,,,,,,,
reg_outlined,F1_loop_ft1_t11_reg_inflight_t19,1,responder,805270755.984,0,LOCAL_QP_ERR,1,3.789,0.381,0.203,3.032,1.153,0.1,3->3,0.051,0x6a40,12,14,14,15,15,15,1,65536,5,2,,,,,,,
reg_outlined,F1_loop_ft1_t11_reg_inflight_t2,0,initiator,1935969761.123,1,LOCAL_QP_ERR,1,4.417,0.311,0.109,2.181,1.644,0.0,4->4,0.025,0x72d9,21787,21787,21787,21789,21789,21789,2,65536,21777,2,,,,,,,
reg_outlined,F1_loop_ft1_t11_reg_inflight_t2,1,responder,804910660.076,0,LOCAL_QP_ERR,1,3.941,0.438,0.185,3.133,1.176,0.1,3->3,0.063,0x6984,12,14,14,15,15,15,1,65536,5,2,,,,,,,
reg_outlined,F1_loop_ft1_t11_reg_inflight_t20,0,initiator,1936336025.323,1,LOCAL_QP_ERR,1,4.324,0.343,0.106,2.119,1.585,0.0,4->4,0.026,0x7495,12611,12611,12611,12613,12613,12613,2,65536,12601,2,,,,,,,
reg_outlined,F1_loop_ft1_t11_reg_inflight_t20,1,responder,805276920.203,0,LOCAL_QP_ERR,1,3.789,0.385,0.185,3.049,1.157,0.1,3->3,0.052,0x6a4c,12,14,14,15,15,15,1,65536,5,2,,,,,,,
reg_outlined,F1_loop_ft1_t11_reg_inflight_t3,0,initiator,1936023358.058,1,LOCAL_QP_ERR,1,4.339,0.253,0.121,2.214,1.559,0.0,4->4,0.027,0x7309,5365,5365,5365,5367,5367,5367,2,65536,5355,2,,,,,,,
reg_outlined,F1_loop_ft1_t11_reg_inflight_t3,1,responder,804964256.356,0,LOCAL_QP_ERR,1,3.835,0.423,0.186,3.076,1.206,0.1,3->3,0.054,0x6994,12,14,14,15,15,15,1,65536,5,2,,,,,,,
reg_outlined,F1_loop_ft1_t11_reg_inflight_t4,0,initiator,1936073665.145,1,LOCAL_QP_ERR,1,4.545,0.391,0.114,2.254,1.627,0.0,4->4,0.026,0x7339,12607,12607,12607,12609,12609,12609,2,65536,12597,2,,,,,,,
reg_outlined,F1_loop_ft1_t11_reg_inflight_t4,1,responder,805014562.890,0,LOCAL_QP_ERR,1,3.996,0.449,0.184,3.208,1.266,0.1,3->3,0.055,0x69a4,12,14,14,15,15,15,1,65536,5,2,,,,,,,
reg_outlined,F1_loop_ft1_t11_reg_inflight_t5,0,initiator,1936123772.302,1,LOCAL_QP_ERR,1,4.299,0.290,0.104,2.168,1.567,0.0,4->4,0.018,0x7369,10815,10817,10817,10817,10817,10817,0,65536,10807,2,,,,,,,
reg_outlined,F1_loop_ft1_t11_reg_inflight_t5,1,responder,805064669.546,0,LOCAL_QP_ERR,1,3.807,0.393,0.185,3.054,1.187,0.1,3->3,0.056,0x69b4,12,14,14,15,15,15,1,65536,5,2,,,,,,,
reg_outlined,F1_loop_ft1_t11_reg_inflight_t6,0,initiator,1936174416.364,1,LOCAL_QP_ERR,1,4.344,0.363,0.113,2.125,1.575,0.0,4->4,0.017,0x7399,12889,12891,12891,12891,12891,12891,0,65536,12881,2,,,,,,,
reg_outlined,F1_loop_ft1_t11_reg_inflight_t6,1,responder,805115313.130,0,LOCAL_QP_ERR,1,3.779,0.399,0.185,3.023,1.152,0.1,3->3,0.056,0x69c4,12,14,14,15,15,15,1,65536,5,2,,,,,,,
reg_outlined,F1_loop_ft1_t11_reg_inflight_t7,0,initiator,1936196439.002,1,LOCAL_QP_ERR,1,4.313,0.301,0.126,2.182,1.558,0.0,4->4,0.017,0x73b7,10077,10079,10079,10079,10079,10079,0,65536,10069,2,,,,,,,
reg_outlined,F1_loop_ft1_t11_reg_inflight_t7,1,responder,805137335.573,0,LOCAL_QP_ERR,1,3.810,0.382,0.196,3.061,1.202,0.1,3->3,0.052,0x69ce,12,14,14,15,15,15,1,65536,5,2,,,,,,,
reg_outlined,F1_loop_ft1_t11_reg_inflight_t8,0,initiator,1936218636.239,1,LOCAL_QP_ERR,1,4.132,0.235,0.124,2.060,1.558,0.0,4->4,0.026,0x73d5,11609,11609,11609,11611,11611,11611,2,65536,11599,2,,,,,,,
reg_outlined,F1_loop_ft1_t11_reg_inflight_t8,1,responder,805159532.617,0,LOCAL_QP_ERR,1,3.749,0.400,0.189,3.001,1.134,0.1,3->3,0.051,0x69d8,12,14,14,15,15,15,1,65536,5,2,,,,,,,
reg_outlined,F1_loop_ft1_t11_reg_inflight_t9,0,initiator,1936240631.499,1,LOCAL_QP_ERR,1,4.192,0.238,0.128,2.119,1.524,0.0,4->4,0.027,0x73f3,5837,5837,5837,5839,5839,5839,2,65536,5827,2,,,,,,,
reg_outlined,F1_loop_ft1_t11_reg_inflight_t9,1,responder,805181527.627,0,LOCAL_QP_ERR,1,3.755,0.437,0.189,2.967,1.134,0.1,3->3,0.054,0x69e2,12,14,14,15,15,15,1,65536,5,2,,,,,,,
reg_outlined,F1_loop_ft1_t11_reg_t1,0,initiator,1935916610.145,1,LOCAL_QP_ERR,1,5.018,0.095,0.118,2.728,1.920,0.0,4->4,0.025,0x72a3,157,157,157,159,159,159,2,65536,147,2,,,,,,,
reg_outlined,F1_loop_ft1_t11_reg_t1,1,responder,804857509.779,0,LOCAL_QP_ERR,1,4.691,0.557,0.273,3.692,1.465,0.1,3->3,0.052,0x6972,12,14,14,15,15,15,1,65536,5,2,,,,,,,
reg_outlined,F1_loop_ft1_t11_reg_t10,0,initiator,1936259820.951,1,LOCAL_QP_ERR,1,4.508,0.098,0.106,2.503,1.631,0.0,4->4,0.027,0x740b,201,201,201,203,203,203,2,65536,191,2,,,,,,,
reg_outlined,F1_loop_ft1_t11_reg_t10,1,responder,805200716.811,0,LOCAL_QP_ERR,1,4.266,0.557,0.268,3.266,1.324,0.1,3->3,0.051,0x69ea,12,14,14,15,15,15,1,65536,5,2,,,,,,,
reg_outlined,F1_loop_ft1_t11_reg_t11,0,initiator,1936277984.426,1,LOCAL_QP_ERR,1,5.037,0.096,0.116,2.979,1.688,0.0,4->4,0.026,0x7423,233,233,233,235,235,235,2,65536,223,2,,,,,,,
reg_outlined,F1_loop_ft1_t11_reg_t11,1,responder,805218880.056,0,LOCAL_QP_ERR,1,4.753,0.813,0.237,3.535,1.537,0.1,3->3,0.065,0x69f2,12,14,14,15,15,15,1,65536,5,2,,,,,,,
reg_outlined,F1_loop_ft1_t11_reg_t12,0,initiator,1936284223.923,1,LOCAL_QP_ERR,1,4.357,0.090,0.107,2.394,1.598,0.0,4->4,0.026,0x742f,241,241,241,243,243,243,2,65536,231,2,,,,,,,
reg_outlined,F1_loop_ft1_t11_reg_t12,1,responder,805225119.458,0,LOCAL_QP_ERR,1,4.126,0.574,0.196,3.191,1.283,0.1,3->3,0.054,0x69f6,12,14,14,15,15,15,1,65536,5,2,,,,,,,
reg_outlined,F1_loop_ft1_t11_reg_t13,0,initiator,1936290491.641,1,LOCAL_QP_ERR,1,4.360,0.089,0.104,2.302,1.691,0.0,4->4,0.026,0x743b,259,259,259,261,261,261,2,65536,249,2,,,,,,,
reg_outlined,F1_loop_ft1_t11_reg_t13,1,responder,805231387.095,0,LOCAL_QP_ERR,1,4.064,0.488,0.191,3.226,1.217,0.1,3->3,0.052,0x69fa,12,14,14,15,15,15,1,65536,5,2,,,,,,,
reg_outlined,F1_loop_ft1_t11_reg_t14,0,initiator,1936295963.995,1,LOCAL_QP_ERR,1,4.298,0.098,0.121,2.318,1.604,0.0,4->4,0.026,0x7447,163,163,163,165,165,165,2,65536,153,2,,,,,,,
reg_outlined,F1_loop_ft1_t11_reg_t14,1,responder,805236859.383,0,LOCAL_QP_ERR,1,3.969,0.420,0.225,3.122,1.204,0.1,3->3,0.056,0x69fe,12,14,14,15,15,15,1,65536,5,2,,,,,,,
reg_outlined,F1_loop_ft1_t11_reg_t15,0,initiator,1936302697.988,1,LOCAL_QP_ERR,1,4.319,0.233,0.104,2.198,1.622,0.0,4->4,0.028,0x7453,235,235,235,237,237,237,2,65536,225,2,,,,,,,
reg_outlined,F1_loop_ft1_t11_reg_t15,1,responder,805243593.284,0,LOCAL_QP_ERR,1,3.931,0.412,0.196,3.142,1.210,0.1,3->3,0.053,0x6a0a,12,14,14,15,15,15,1,65536,5,2,,,,,,,
reg_outlined,F1_loop_ft1_t11_reg_t16,0,initiator,1936308923.578,1,LOCAL_QP_ERR,1,4.219,0.107,0.109,2.221,1.624,0.0,4->4,0.027,0x745f,241,241,241,243,243,243,2,65536,231,2,,,,,,,
reg_outlined,F1_loop_ft1_t11_reg_t16,1,responder,805249818.798,0,LOCAL_QP_ERR,1,3.900,0.415,0.187,3.121,1.182,0.1,3->3,0.055,0x6a16,12,14,14,15,15,15,1,65536,5,2,,,,,,,
reg_outlined,F1_loop_ft1_t11_reg_t17,0,initiator,1936315222.637,1,LOCAL_QP_ERR,1,4.164,0.119,0.124,2.099,1.667,0.0,4->4,0.026,0x746b,263,263,263,265,265,265,2,65536,253,2,,,,,,,
reg_outlined,F1_loop_ft1_t11_reg_t17,1,responder,805256117.777,0,LOCAL_QP_ERR,1,3.898,0.414,0.209,3.121,1.145,0.1,3->3,0.054,0x6a22,12,14,14,15,15,15,1,65536,5,2,,,,,,,
reg_outlined,F1_loop_ft1_t11_reg_t18,0,initiator,1936320812.512,1,LOCAL_QP_ERR,1,4.132,0.086,0.107,2.169,1.604,0.0,4->4,0.026,0x7477,189,189,189,191,191,191,2,65536,179,2,,,,,,,
reg_outlined,F1_loop_ft1_t11_reg_t18,1,responder,805261707.578,0,LOCAL_QP_ERR,1,3.841,0.405,0.208,3.074,1.165,0.1,3->3,0.053,0x6a2e,12,14,14,15,15,15,1,65536,5,2,,,,,,,
reg_outlined,F1_loop_ft1_t11_reg_t19,0,initiator,1936327133.438,1,LOCAL_QP_ERR,1,4.283,0.155,0.123,2.183,1.643,0.0,4->4,0.026,0x7483,215,215,215,217,217,217,2,65536,205,2,,,,,,,
reg_outlined,F1_loop_ft1_t11_reg_t19,1,responder,805268028.430,0,LOCAL_QP_ERR,1,3.910,0.407,0.200,3.130,1.178,0.1,3->3,0.055,0x6a3a,12,14,14,15,15,15,1,65536,5,2,,,,,,,
reg_outlined,F1_loop_ft1_t11_reg_t2,0,initiator,1935966733.460,1,LOCAL_QP_ERR,1,5.051,0.117,0.109,2.638,1.999,0.0,4->4,0.027,0x72d3,187,187,187,189,189,189,2,65536,177,2,,,,,,,
reg_outlined,F1_loop_ft1_t11_reg_t2,1,responder,804907632.436,0,LOCAL_QP_ERR,1,4.694,0.613,0.220,3.701,1.390,0.1,3->3,0.053,0x6982,12,14,14,15,15,15,1,65536,5,2,,,,,,,
reg_outlined,F1_loop_ft1_t11_reg_t20,0,initiator,1936333053.437,1,LOCAL_QP_ERR,1,4.132,0.089,0.142,2.135,1.607,0.0,4->4,0.027,0x748f,185,185,185,187,187,187,2,65536,175,2,,,,,,,
reg_outlined,F1_loop_ft1_t11_reg_t20,1,responder,805273948.358,0,LOCAL_QP_ERR,1,3.837,0.397,0.190,3.093,1.177,0.1,3->3,0.053,0x6a46,12,14,14,15,15,15,1,65536,5,2,,,,,,,
reg_outlined,F1_loop_ft1_t11_reg_t3,0,initiator,1936020893.124,1,LOCAL_QP_ERR,1,5.026,0.109,0.115,2.654,1.987,0.0,4->4,0.026,0x7303,245,245,245,247,247,247,2,65536,235,2,,,,,,,
reg_outlined,F1_loop_ft1_t11_reg_t3,1,responder,804961791.457,0,LOCAL_QP_ERR,1,4.772,0.550,0.336,3.708,1.416,0.1,3->3,0.064,0x6992,12,14,14,15,15,15,1,65536,5,2,,,,,,,
reg_outlined,F1_loop_ft1_t11_reg_t4,0,initiator,1936070516.076,1,LOCAL_QP_ERR,1,4.820,0.121,0.111,2.479,1.943,0.0,4->4,0.026,0x7333,161,161,161,163,163,163,2,65536,151,2,,,,,,,
reg_outlined,F1_loop_ft1_t11_reg_t4,1,responder,805011413.854,0,LOCAL_QP_ERR,1,4.550,0.550,0.226,3.601,1.347,0.1,3->3,0.054,0x69a2,12,14,14,15,15,15,1,65536,5,2,,,,,,,
reg_outlined,F1_loop_ft1_t11_reg_t5,0,initiator,1936120795.664,1,LOCAL_QP_ERR,1,4.808,0.091,0.120,2.558,1.866,0.0,4->4,0.026,0x7363,179,179,179,181,181,181,2,65536,169,2,,,,,,,
reg_outlined,F1_loop_ft1_t11_reg_t5,1,responder,805061692.918,0,LOCAL_QP_ERR,1,4.508,0.554,0.248,3.532,1.368,0.1,3->3,0.051,0x69b2,12,14,14,15,15,15,1,65536,5,2,,,,,,,
reg_outlined,F1_loop_ft1_t11_reg_t6,0,initiator,1936171389.078,1,LOCAL_QP_ERR,1,4.851,0.108,0.108,2.493,1.961,0.0,4->4,0.027,0x7393,181,181,181,183,183,183,2,65536,171,2,,,,,,,
reg_outlined,F1_loop_ft1_t11_reg_t6,1,responder,805112285.867,0,LOCAL_QP_ERR,1,4.514,0.538,0.227,3.578,1.300,0.1,3->3,0.051,0x69c2,12,14,14,15,15,15,1,65536,5,2,,,,,,,
reg_outlined,F1_loop_ft1_t11_reg_t7,0,initiator,1936193958.487,1,LOCAL_QP_ERR,1,4.948,0.098,0.124,2.770,1.770,0.0,4->4,0.026,0x73b1,251,251,251,253,253,253,2,65536,241,2,,,,,,,
reg_outlined,F1_loop_ft1_t11_reg_t7,1,responder,805134855.081,0,LOCAL_QP_ERR,1,4.645,0.759,0.227,3.508,1.416,0.1,3->3,0.054,0x69cc,12,14,14,15,15,15,1,65536,5,2,,,,,,,
reg_outlined,F1_loop_ft1_t11_reg_t8,0,initiator,1936216114.018,1,LOCAL_QP_ERR,1,4.808,0.109,0.156,2.643,1.728,0.0,4->4,0.027,0x73cf,245,245,245,247,247,247,2,65536,235,2,,,,,,,
reg_outlined,F1_loop_ft1_t11_reg_t8,1,responder,805157010.422,0,LOCAL_QP_ERR,1,4.470,0.596,0.330,3.369,1.328,0.1,3->3,0.054,0x69d6,12,14,14,15,15,15,1,65536,5,2,,,,,,,
reg_outlined,F1_loop_ft1_t11_reg_t9,0,initiator,1936237635.689,1,LOCAL_QP_ERR,1,4.584,0.102,0.127,2.536,1.647,0.0,4->4,0.027,0x73ed,171,171,171,173,173,173,2,65536,161,2,,,,,,,
reg_outlined,F1_loop_ft1_t11_reg_t9,1,responder,805178531.855,0,LOCAL_QP_ERR,1,4.285,0.555,0.238,3.323,1.360,0.1,3->3,0.051,0x69e0,12,14,14,15,15,15,1,65536,5,2,,,,,,,
reg_outlined,F1_mt_ft1_t11_reg_mt_t1,0,initiator,1935938738.772,1,LOCAL_QP_ERR,1,4.503,0.309,0.117,2.230,1.699,0.0,4->4,0.017,0x72bb,33783,33807,33807,33807,33807,33807,0,65536,33797,2,,,,,,,
reg_outlined,F1_mt_ft1_t11_reg_mt_t1,1,responder,804879638.118,0,LOCAL_QP_ERR,1,4.007,0.433,0.199,3.190,1.197,0.1,3->3,0.056,0x697a,12,14,14,15,15,15,1,65536,5,2,,,,,,,
reg_outlined,F1_mt_ft1_t11_reg_mt_t10,0,initiator,1936264874.312,1,LOCAL_QP_ERR,1,6.405,1.985,0.594,2.122,1.546,0.0,4->4,0.025,0x7417,88335,88335,88335,88591,89183,89183,848,131072,88325,2,,,,,,,
reg_outlined,F1_mt_ft1_t11_reg_mt_t10,1,responder,805205770.102,0,LOCAL_QP_ERR,1,3.799,0.427,0.196,3.007,1.155,0.1,3->3,0.052,0x69ee,12,14,14,15,15,15,1,65536,5,2,,,,,,,
reg_outlined,F1_mt_ft1_t11_reg_mt_t2,0,initiator,1935992488.395,1,RETRY_EXC,1,5.539,0.361,0.118,2.474,2.426,0.0,4->4,0.030,0x72eb,102415,102417,102417,102418,102418,102418,1,131072,102406,2,,,,,,,
reg_outlined,F1_mt_ft1_t11_reg_mt_t2,1,responder,804933387.073,0,RETRY_EXC,1,5.046,0.288,0.187,4.418,1.683,0.1,3->3,0.060,0x698a,15,15,15,18,18,18,3,65536,5,2,,,,,,,
reg_outlined,F1_mt_ft1_t11_reg_mt_t3,0,initiator,1936042573.282,1,LOCAL_QP_ERR,1,7.204,2.929,0.125,2.317,1.666,0.0,4->4,0.026,0x731b,33551,33551,33551,33839,34063,34063,512,65536,33541,2,,,,,,,
reg_outlined,F1_mt_ft1_t11_reg_mt_t3,1,responder,804983471.368,0,LOCAL_QP_ERR,1,4.029,0.482,0.201,3.191,1.213,0.1,3->3,0.054,0x699a,12,14,14,15,15,15,1,65536,5,2,,,,,,,
reg_outlined,F1_mt_ft1_t11_reg_mt_t4,0,initiator,1936092954.000,1,LOCAL_QP_ERR,1,6.846,2.658,0.125,2.284,1.622,0.0,4->4,0.026,0x734b,87567,87567,87567,87823,88047,88047,480,131072,87557,2,,,,,,,
reg_outlined,F1_mt_ft1_t11_reg_mt_t4,1,responder,805033851.548,0,LOCAL_QP_ERR,1,3.979,0.464,0.189,3.166,1.233,0.1,3->3,0.056,0x69aa,12,14,14,15,15,15,1,65536,5,2,,,,,,,
reg_outlined,F1_mt_ft1_t11_reg_mt_t5,0,initiator,1936143172.268,1,LOCAL_QP_ERR,1,6.746,2.580,0.148,2.228,1.599,0.0,4->4,0.027,0x737b,35599,35599,35599,35855,35871,35871,272,65536,35589,2,,,,,,,
reg_outlined,F1_mt_ft1_t11_reg_mt_t5,1,responder,805084069.317,0,LOCAL_QP_ERR,1,3.964,0.490,0.212,3.105,1.198,0.1,3->3,0.051,0x69ba,12,14,14,15,15,15,1,65536,5,2,,,,,,,
reg_outlined,F1_mt_ft1_t11_reg_mt_t6,0,initiator,1936176580.281,1,LOCAL_QP_ERR,1,9.108,5.105,0.144,2.066,1.616,0.0,4->4,0.026,0x739f,66307,66340,66340,66815,66831,66831,491,131072,66330,2,,,,,,,
reg_outlined,F1_mt_ft1_t11_reg_mt_t6,1,responder,805117477.032,0,LOCAL_QP_ERR,1,3.813,0.398,0.186,3.068,1.144,0.1,3->3,0.062,0x69c6,12,14,14,15,15,15,1,65536,5,2,,,,,,,
reg_outlined,F1_mt_ft1_t11_reg_mt_t7,0,initiator,1936198476.438,1,LOCAL_QP_ERR,1,8.253,4.236,0.118,2.136,1.543,0.0,4->4,0.026,0x73bd,13669,13702,13702,14095,14095,14095,393,65536,13692,2,,,,,,,
reg_outlined,F1_mt_ft1_t11_reg_mt_t7,1,responder,805139372.994,0,LOCAL_QP_ERR,1,3.784,0.421,0.197,2.997,1.146,0.1,3->3,0.056,0x69d0,12,14,14,15,15,15,1,65536,5,2,,,,,,,
reg_outlined,F1_mt_ft1_t11_reg_mt_t8,0,initiator,1936220794.365,1,LOCAL_QP_ERR,1,4.944,0.819,0.140,2.220,1.592,0.0,4->4,0.026,0x73db,68797,68830,68830,68879,68879,68879,49,131072,68820,2,,,,,,,
reg_outlined,F1_mt_ft1_t11_reg_mt_t8,1,responder,805161690.734,0,LOCAL_QP_ERR,1,3.887,0.459,0.184,3.073,1.171,0.1,3->3,0.054,0x69da,12,14,14,15,15,15,1,65536,5,2,,,,,,,
reg_outlined,F1_mt_ft1_t11_reg_mt_t9,0,initiator,1936242758.004,1,LOCAL_QP_ERR,1,6.412,1.836,0.738,2.150,1.533,0.0,4->4,0.025,0x73f9,20495,20495,20495,20751,20863,20863,368,65536,20485,2,,,,,,,
reg_outlined,F1_mt_ft1_t11_reg_mt_t9,1,responder,805183654.103,0,LOCAL_QP_ERR,1,3.748,0.415,0.193,2.990,1.150,0.1,3->3,0.053,0x69e4,12,14,14,15,15,15,1,65536,5,2,,,,,,,
reg_outlined,F1x5_loop_ft1_t11_reg_t1,0,initiator,1935934962.382,1,LOCAL_QP_ERR,1,6.273,0.130,0.105,3.426,2.439,0.0,4->4,0.026,0x72b5,275,275,275,277,277,277,2,65536,265,2,,,,,,,
reg_outlined,F1x5_loop_ft1_t11_reg_t1,0,initiator,1935935123.711,1,LOCAL_QP_ERR,2,4.517,0.087,0.085,2.077,1.587,0.0,4->4,0.548,0x72b5,65558,65558,65558,65560,65560,65560,2,131072,22,4,,,,,,,
reg_outlined,F1x5_loop_ft1_t11_reg_t1,0,initiator,1935935127.484,1,LOCAL_QP_ERR,3,3.656,0.085,0.096,1.893,1.433,0.0,4->4,0.025,0x72b5,131072,131072,131072,131074,131074,131074,2,196608,0,6,,,,,,,
reg_outlined,F1x5_loop_ft1_t11_reg_t1,0,initiator,1935935288.217,1,LOCAL_QP_ERR,4,3.837,0.097,0.081,1.943,1.547,0.0,4->4,0.024,0x72b5,196630,196630,196630,196632,196632,196632,2,262144,22,8,,,,,,,
reg_outlined,F1x5_loop_ft1_t11_reg_t1,0,initiator,1935935448.749,1,LOCAL_QP_ERR,5,3.743,0.085,0.081,1.859,1.557,0.0,4->4,0.026,0x72b5,262166,262166,262166,262168,262168,262168,2,327680,22,10,,,,,,,
reg_outlined,F1x5_loop_ft1_t11_reg_t1,1,responder,804875861.773,0,LOCAL_QP_ERR,1,5.905,1.098,0.255,4.380,1.620,0.1,3->3,0.055,0x6978,12,14,14,15,15,15,1,65536,5,2,,,,,,,
reg_outlined,F1x5_loop_ft1_t11_reg_t1,1,responder,804876023.098,0,LOCAL_QP_ERR,2,4.232,0.396,0.144,3.537,1.134,0.1,3->3,0.052,0x6978,65536,65536,65536,65537,65537,65537,1,131072,0,4,,,,,,,
reg_outlined,F1x5_loop_ft1_t11_reg_t1,1,responder,804876026.868,0,LOCAL_QP_ERR,3,3.420,0.343,0.123,2.798,1.072,0.0,3->3,0.050,0x6978,131072,131072,131072,131073,131073,131073,1,196608,0,6,,,,,,,
reg_outlined,F1x5_loop_ft1_t11_reg_t1,1,responder,804876187.603,0,LOCAL_QP_ERR,4,3.583,0.375,0.134,2.937,1.097,0.1,3->3,0.053,0x6978,196608,196608,196608,196609,196609,196609,1,262144,0,8,,,,,,,
reg_outlined,F1x5_loop_ft1_t11_reg_t1,1,responder,804876348.131,0,LOCAL_QP_ERR,5,3.508,0.363,0.142,2.874,1.024,0.1,3->3,0.052,0x6978,262144,262144,262144,262145,262145,262145,1,327680,0,10,,,,,,,
reg_outlined,F1x5_loop_ft1_t11_reg_t2,0,initiator,1935984240.453,1,LOCAL_QP_ERR,1,5.201,0.133,0.105,2.744,2.065,0.0,4->4,0.026,0x72e5,173,173,173,175,175,175,2,65536,163,2,,,,,,,
reg_outlined,F1x5_loop_ft1_t11_reg_t2,0,initiator,1935984401.764,1,LOCAL_QP_ERR,2,4.533,0.097,0.097,2.102,1.528,0.0,4->4,0.572,0x72e5,65558,65558,65558,65560,65560,65560,2,131072,22,4,,,,,,,
reg_outlined,F1x5_loop_ft1_t11_reg_t2,0,initiator,1935984405.561,1,LOCAL_QP_ERR,3,3.683,0.082,0.082,1.870,1.500,0.0,4->4,0.025,0x72e5,131072,131072,131072,131074,131074,131074,2,196608,0,6,,,,,,,
reg_outlined,F1x5_loop_ft1_t11_reg_t2,0,initiator,1935984566.310,1,LOCAL_QP_ERR,4,3.874,0.075,0.091,2.047,1.484,0.0,4->4,0.026,0x72e5,196630,196630,196630,196632,196632,196632,2,262144,22,8,,,,,,,
reg_outlined,F1x5_loop_ft1_t11_reg_t2,0,initiator,1935984727.127,1,LOCAL_QP_ERR,5,3.972,0.099,0.082,1.987,1.615,0.0,4->4,0.024,0x72e5,262166,262166,262166,262168,262168,262168,2,327680,22,10,,,,,,,
reg_outlined,F1x5_loop_ft1_t11_reg_t2,1,responder,804925139.219,0,LOCAL_QP_ERR,1,4.864,0.600,0.288,3.809,1.434,0.1,3->3,0.054,0x6988,12,14,14,15,15,15,1,65536,5,2,,,,,,,
reg_outlined,F1x5_loop_ft1_t11_reg_t2,1,responder,804925300.530,0,LOCAL_QP_ERR,2,4.226,0.394,0.146,3.556,1.179,0.1,3->3,0.051,0x6988,65536,65536,65536,65537,65537,65537,1,131072,0,4,,,,,,,
reg_outlined,F1x5_loop_ft1_t11_reg_t2,1,responder,804925304.323,0,LOCAL_QP_ERR,3,3.438,0.353,0.132,2.825,1.029,0.1,3->3,0.050,0x6988,131072,131072,131072,131073,131073,131073,1,196608,0,6,,,,,,,
reg_outlined,F1x5_loop_ft1_t11_reg_t2,1,responder,804925465.076,0,LOCAL_QP_ERR,4,3.619,0.437,0.143,2.890,1.101,0.1,3->3,0.050,0x6988,196608,196608,196608,196609,196609,196609,1,262144,0,8,,,,,,,
reg_outlined,F1x5_loop_ft1_t11_reg_t2,1,responder,804925625.887,0,LOCAL_QP_ERR,5,3.696,0.402,0.155,2.998,1.085,0.1,3->3,0.050,0x6988,262144,262144,262144,262145,262145,262145,1,327680,0,10,,,,,,,
reg_outlined,F1x5_loop_ft1_t11_reg_t3,0,initiator,1936038810.136,1,LOCAL_QP_ERR,1,6.227,0.634,0.147,3.005,2.268,0.0,4->4,0.026,0x7315,271,271,271,273,273,273,2,65536,261,2,,,,,,,
reg_outlined,F1x5_loop_ft1_t11_reg_t3,0,initiator,1936038971.448,1,LOCAL_QP_ERR,2,4.503,0.085,0.102,1.979,1.641,0.0,4->4,0.553,0x7315,65558,65558,65558,65560,65560,65560,2,131072,22,4,,,,,,,
reg_outlined,F1x5_loop_ft1_t11_reg_t3,0,initiator,1936038975.251,1,LOCAL_QP_ERR,3,3.688,0.073,0.080,1.887,1.496,0.0,4->4,0.026,0x7315,131072,131072,131072,131074,131074,131074,2,196608,0,6,,,,,,,
reg_outlined,F1x5_loop_ft1_t11_reg_t3,0,initiator,1936039135.996,1,LOCAL_QP_ERR,4,3.818,0.086,0.122,1.871,1.582,0.0,4->4,0.024,0x7315,196630,196630,196630,196632,196632,196632,2,262144,22,8,,,,,,,
reg_outlined,F1x5_loop_ft1_t11_reg_t3,0,initiator,1936039296.675,1,LOCAL_QP_ERR,5,3.747,0.092,0.101,1.913,1.477,0.0,4->4,0.025,0x7315,262166,262166,262166,262168,262168,262168,2,327680,22,10,,,,,,,
reg_outlined,F1x5_loop_ft1_t11_reg_t3,1,responder,804979708.260,0,LOCAL_QP_ERR,1,5.403,0.836,0.330,4.072,1.487,0.1,3->3,0.055,0x6998,12,14,14,15,15,15,1,65536,5,2,,,,,,,
reg_outlined,F1x5_loop_ft1_t11_reg_t3,1,responder,804979869.569,0,LOCAL_QP_ERR,2,4.258,0.373,0.126,3.618,1.150,0.1,3->3,0.051,0x6998,65536,65536,65536,65537,65537,65537,1,131072,0,4,,,,,,,
reg_outlined,F1x5_loop_ft1_t11_reg_t3,1,responder,804979873.373,0,LOCAL_QP_ERR,3,3.452,0.350,0.141,2.829,1.036,0.1,3->3,0.051,0x6998,131072,131072,131072,131073,131073,131073,1,196608,0,6,,,,,,,
reg_outlined,F1x5_loop_ft1_t11_reg_t3,1,responder,804980034.112,0,LOCAL_QP_ERR,4,3.587,0.385,0.137,2.933,1.055,0.1,3->3,0.050,0x6998,196608,196608,196608,196609,196609,196609,1,262144,0,8,,,,,,,
reg_outlined,F1x5_loop_ft1_t11_reg_t3,1,responder,804980194.790,0,LOCAL_QP_ERR,5,3.485,0.374,0.136,2.826,1.054,0.1,3->3,0.049,0x6998,262144,262144,262144,262145,262145,262145,1,327680,0,10,,,,,,,
reg_outlined,F1x5_loop_ft1_t11_reg_t4,0,initiator,1936088603.408,1,LOCAL_QP_ERR,1,5.334,0.122,0.106,2.864,2.086,0.0,4->4,0.026,0x7345,205,205,205,207,207,207,2,65536,195,2,,,,,,,
reg_outlined,F1x5_loop_ft1_t11_reg_t4,0,initiator,1936088764.949,1,LOCAL_QP_ERR,2,4.638,0.080,0.100,2.118,1.622,0.0,4->4,0.576,0x7345,65558,65558,65558,65560,65560,65560,2,131072,22,4,,,,,,,
reg_outlined,F1x5_loop_ft1_t11_reg_t4,0,initiator,1936088768.765,1,LOCAL_QP_ERR,3,3.701,0.071,0.080,1.828,1.534,0.0,4->4,0.025,0x7345,131072,131072,131072,131074,131074,131074,2,196608,0,6,,,,,,,
reg_outlined,F1x5_loop_ft1_t11_reg_t4,0,initiator,1936088929.390,1,LOCAL_QP_ERR,4,3.783,0.084,0.097,1.957,1.476,0.0,4->4,0.025,0x7345,196630,196630,196630,196632,196632,196632,2,262144,22,8,,,,,,,
reg_outlined,F1x5_loop_ft1_t11_reg_t4,0,initiator,1936089090.045,1,LOCAL_QP_ERR,5,3.811,0.105,0.101,1.899,1.543,0.0,4->4,0.025,0x7345,262166,262166,262166,262168,262168,262168,2,327680,22,10,,,,,,,
reg_outlined,F1x5_loop_ft1_t11_reg_t4,1,responder,805029500.994,0,LOCAL_QP_ERR,1,4.989,0.692,0.305,3.801,1.412,0.1,3->3,0.053,0x69a8,12,14,14,15,15,15,1,65536,5,2,,,,,,,
reg_outlined,F1x5_loop_ft1_t11_reg_t4,1,responder,805029662.534,0,LOCAL_QP_ERR,2,4.345,0.416,0.147,3.649,1.170,0.1,3->3,0.050,0x69a8,65536,65536,65536,65537,65537,65537,1,131072,0,4,,,,,,,
reg_outlined,F1x5_loop_ft1_t11_reg_t4,1,responder,805029666.345,0,LOCAL_QP_ERR,3,3.461,0.345,0.122,2.847,1.025,0.1,3->3,0.048,0x69a8,131072,131072,131072,131073,131073,131073,1,196608,0,6,,,,,,,
reg_outlined,F1x5_loop_ft1_t11_reg_t4,1,responder,805029826.968,0,LOCAL_QP_ERR,4,3.539,0.392,0.183,2.813,1.046,0.1,3->3,0.047,0x69a8,196608,196608,196608,196609,196609,196609,1,262144,0,8,,,,,,,
reg_outlined,F1x5_loop_ft1_t11_reg_t4,1,responder,805029987.623,0,LOCAL_QP_ERR,5,3.543,0.365,0.119,2.905,1.072,0.1,3->3,0.048,0x69a8,262144,262144,262144,262145,262145,262145,1,327680,0,10,,,,,,,
reg_outlined,F1x5_loop_ft1_t11_reg_t5,0,initiator,1936139260.379,1,LOCAL_QP_ERR,1,5.642,0.111,0.105,3.192,2.079,0.0,4->4,0.026,0x7375,259,259,259,261,261,261,2,65536,249,2,,,,,,,
reg_outlined,F1x5_loop_ft1_t11_reg_t5,0,initiator,1936139422.967,1,LOCAL_QP_ERR,2,4.612,0.112,0.084,2.085,1.627,0.0,4->4,0.559,0x7375,65558,65558,65558,65560,65560,65560,2,131072,22,4,,,,,,,
reg_outlined,F1x5_loop_ft1_t11_reg_t5,0,initiator,1936139426.747,1,LOCAL_QP_ERR,3,3.664,0.101,0.093,1.857,1.461,0.0,4->4,0.025,0x7375,131072,131072,131072,131074,131074,131074,2,196608,0,6,,,,,,,
reg_outlined,F1x5_loop_ft1_t11_reg_t5,0,initiator,1936139588.745,1,LOCAL_QP_ERR,4,3.905,0.094,0.095,1.961,1.586,0.0,4->4,0.026,0x7375,196630,196630,196630,196632,196632,196632,2,262144,22,8,,,,,,,
reg_outlined,F1x5_loop_ft1_t11_reg_t5,0,initiator,1936139750.722,1,LOCAL_QP_ERR,5,3.857,0.080,0.087,1.992,1.509,0.0,4->4,0.026,0x7375,262166,262166,262166,262168,262168,262168,2,327680,22,10,,,,,,,
reg_outlined,F1x5_loop_ft1_t11_reg_t5,1,responder,805080157.464,0,LOCAL_QP_ERR,1,5.355,0.899,0.359,3.935,1.538,0.1,3->3,0.053,0x69b8,12,14,14,15,15,15,1,65536,5,2,,,,,,,
reg_outlined,F1x5_loop_ft1_t11_reg_t5,1,responder,805080320.052,0,LOCAL_QP_ERR,2,4.319,0.402,0.134,3.627,1.170,0.1,3->3,0.054,0x69b8,65536,65536,65536,65537,65537,65537,1,131072,0,4,,,,,,,
reg_outlined,F1x5_loop_ft1_t11_reg_t5,1,responder,805080323.826,0,LOCAL_QP_ERR,3,3.423,0.359,0.127,2.797,1.044,0.1,3->3,0.050,0x69b8,131072,131072,131072,131073,131073,131073,1,196608,0,6,,,,,,,
reg_outlined,F1x5_loop_ft1_t11_reg_t5,1,responder,805080485.836,0,LOCAL_QP_ERR,4,3.703,0.367,0.133,3.046,1.160,0.1,3->3,0.053,0x69b8,196608,196608,196608,196609,196609,196609,1,262144,0,8,,,,,,,
reg_outlined,F1x5_loop_ft1_t11_reg_t5,1,responder,805080647.807,0,LOCAL_QP_ERR,5,3.564,0.408,0.130,2.884,1.072,0.1,3->3,0.051,0x69b8,262144,262144,262144,262145,262145,262145,1,327680,0,10,,,,,,,
reg_outlined,F3_loop_ft1_t11_reg_t1,0,initiator,1935926250.178,1,RETRY_EXC,1,5.561,0.444,0.121,3.293,1.533,0.0,4->4,0.027,0x72af,155,155,155,157,157,157,2,65536,145,2,,,,,,,
reg_outlined,F3_loop_ft1_t11_reg_t1,1,responder,804867149.685,0,RETRY_EXC,1,4.923,0.291,0.189,4.273,2.425,0.1,3->3,0.053,0x6976,12,14,14,15,15,15,1,65536,5,2,,,,,,,
reg_outlined,F3_loop_ft1_t11_reg_t2,0,initiator,1935976179.558,1,RETRY_EXC,1,5.305,0.235,0.132,3.297,1.484,0.0,4->4,0.027,0x72df,145,145,145,147,147,147,2,65536,135,2,,,,,,,
reg_outlined,F3_loop_ft1_t11_reg_t2,1,responder,804917078.417,0,RETRY_EXC,1,4.845,0.264,0.225,4.182,2.386,0.1,3->3,0.052,0x6986,12,14,14,15,15,15,1,65536,5,2,,,,,,,
reg_outlined,F3_loop_ft1_t11_reg_t3,0,initiator,1936030673.028,1,RETRY_EXC,1,5.639,0.440,0.116,3.331,1.555,0.0,4->4,0.037,0x730f,231,231,231,233,233,233,2,65536,221,2,,,,,,,
reg_outlined,F3_loop_ft1_t11_reg_t3,1,responder,804971571.241,0,RETRY_EXC,1,4.995,0.271,0.212,4.350,2.465,0.1,3->3,0.053,0x6996,12,14,14,15,15,15,1,65536,5,2,,,,,,,
reg_outlined,F3_loop_ft1_t11_reg_t4,0,initiator,1936080602.469,1,RETRY_EXC,1,5.422,0.411,0.122,3.117,1.603,0.0,4->4,0.027,0x733f,187,187,187,189,189,189,2,65536,177,2,,,,,,,
reg_outlined,F3_loop_ft1_t11_reg_t4,1,responder,805021500.139,0,RETRY_EXC,1,4.787,0.206,0.183,4.241,2.326,0.1,3->3,0.053,0x69a6,12,14,14,15,15,15,1,65536,5,2,,,,,,,
reg_outlined,F3_loop_ft1_t11_reg_t5,0,initiator,1936130531.890,1,RETRY_EXC,1,5.317,0.466,0.111,3.059,1.522,0.0,4->4,0.027,0x736f,145,145,145,147,147,147,2,65536,135,2,,,,,,,
reg_outlined,F3_loop_ft1_t11_reg_t5,1,responder,805071429.064,0,RETRY_EXC,1,4.710,0.217,0.213,4.101,2.268,0.1,3->3,0.057,0x69b6,12,14,14,15,15,15,1,65536,5,2,,,,,,,
flap_t1_outlined,FLAP_loop_ft1_t11_t1_cut0.5_t1,0,initiator,1934883913.479,1,RETRY_EXC,1,7.198,0.683,0.116,3.846,2.394,0.0,6->6,0.026,0x7043,203,203,203,205,205,205,2,65536,193,2,,,,,,,
flap_t1_outlined,FLAP_loop_ft1_t11_t1_cut0.5_t1,1,responder,803824817.790,0,RETRY_EXC,1,6.352,1.087,0.340,4.759,2.051,0.1,5->6,0.052,0x654a,12,14,14,15,15,15,1,65536,5,2,,,,,,,
flap_t1_outlined,FLAP_loop_ft1_t11_t1_cut0.5_t2,0,initiator,1934972766.711,1,RETRY_EXC,1,8.235,0.775,0.107,4.773,2.403,0.0,6->6,0.028,0x7055,203,203,203,205,205,205,2,65536,193,2,,,,,,,
flap_t1_outlined,FLAP_loop_ft1_t11_t1_cut0.5_t2,1,responder,803913670.650,0,RETRY_EXC,1,7.238,1.476,0.538,5.048,2.336,0.1,6->5,0.056,0x6550,12,14,14,15,15,15,1,65536,5,2,,,,,,,
flap_t1_outlined,FLAP_loop_ft1_t11_t1_cut0.5_t3,0,initiator,1935062155.670,1,RETRY_EXC,1,7.990,0.713,0.127,4.697,2.281,0.0,6->6,0.027,0x7067,201,201,201,203,203,203,2,65536,191,2,,,,,,,
flap_t1_outlined,FLAP_loop_ft1_t11_t1_cut0.5_t3,1,responder,804003059.307,0,RETRY_EXC,1,7.063,1.528,0.608,4.752,2.166,0.1,5->6,0.053,0x655e,12,14,14,15,15,15,1,65536,5,2,,,,,,,
flap_t1_outlined,FLAP_loop_ft1_t11_t1_cut0.5_t4,0,initiator,1935151544.549,1,RETRY_EXC,1,8.007,0.675,0.118,4.565,2.494,0.0,6->6,0.027,0x7079,201,201,201,203,203,203,2,65536,191,2,,,,,,,
flap_t1_outlined,FLAP_loop_ft1_t11_t1_cut0.5_t4,1,responder,804092447.962,0,RETRY_EXC,1,7.117,1.559,0.522,4.864,2.059,0.1,6->5,0.054,0x6570,12,14,14,15,15,15,1,65536,5,2,,,,,,,
flap_t1_outlined,FLAP_loop_ft1_t11_t1_cut0.5_t5,0,initiator,1935241201.896,1,RETRY_EXC,1,7.861,0.694,0.159,4.514,2.312,0.0,6->6,0.027,0x708b,201,201,201,203,203,203,2,65536,191,2,,,,,,,
flap_t1_outlined,FLAP_loop_ft1_t11_t1_cut0.5_t5,1,responder,804182105.134,0,RETRY_EXC,1,6.936,1.402,0.546,4.808,2.192,0.1,5->6,0.051,0x6582,12,14,14,15,15,15,1,65536,5,2,,,,,,,
flap_t1_outlined,FLAP_loop_ft1_t11_t1_cut15_t1,0,initiator,1934947542.209,1,RETRY_EXC,1,11290.838,0.668,0.128,11284.874,4.962,0.0,6->6,0.027,0x704f,205,205,205,207,207,207,2,65536,195,2,,,,,,,
flap_t1_outlined,FLAP_loop_ft1_t11_t1_cut15_t1,1,responder,803888446.249,0,RETRY_EXC,1,11289.942,1.668,0.534,11287.569,11282.218,11278.2,5->6,0.057,0x654e,12,14,14,15,15,15,1,65536,5,2,,,,,,,
flap_t1_outlined,FLAP_loop_ft1_t11_t1_cut15_t2,0,initiator,1935036864.207,1,RETRY_EXC,1,11492.304,0.706,0.123,11486.438,4.809,0.0,6->6,0.028,0x7061,203,203,203,205,205,205,2,65536,193,2,,,,,,,
flap_t1_outlined,FLAP_loop_ft1_t11_t1_cut15_t2,1,responder,803977767.928,0,RETRY_EXC,1,11491.354,1.617,0.534,11489.030,11483.834,11480.0,6->5,0.055,0x6558,12,14,14,15,15,15,1,65536,5,2,,,,,,,
flap_t1_outlined,FLAP_loop_ft1_t11_t1_cut15_t3,0,initiator,1935126254.006,1,RETRY_EXC,1,11493.048,1.014,0.128,11486.713,4.983,0.0,6->6,0.028,0x7073,203,203,203,205,205,205,2,65536,193,2,,,,,,,
flap_t1_outlined,FLAP_loop_ft1_t11_t1_cut15_t3,1,responder,804067157.492,0,RETRY_EXC,1,11491.807,1.627,0.496,11489.515,11484.151,11480.2,5->6,0.063,0x656a,12,14,14,15,15,15,1,65536,5,2,,,,,,,
flap_t1_outlined,FLAP_loop_ft1_t11_t1_cut15_t4,0,initiator,1935215911.227,1,RETRY_EXC,1,11492.769,0.791,0.110,11486.734,4.908,0.0,6->6,0.027,0x7085,201,201,201,203,203,203,2,65536,191,2,,,,,,,
flap_t1_outlined,FLAP_loop_ft1_t11_t1_cut15_t4,1,responder,804156814.516,0,RETRY_EXC,1,11491.700,1.700,0.546,11489.289,11483.986,11479.9,6->5,0.055,0x657c,12,14,14,15,15,15,1,65536,5,2,,,,,,,
flap_t1_outlined,FLAP_loop_ft1_t11_t1_cut15_t5,0,initiator,1935305519.102,1,RETRY_EXC,1,11443.220,0.827,0.118,11437.138,4.941,0.0,6->6,0.028,0x7097,201,201,201,203,203,203,2,65536,191,2,,,,,,,
flap_t1_outlined,FLAP_loop_ft1_t11_t1_cut15_t5,1,responder,804246422.317,0,RETRY_EXC,1,11442.287,1.680,0.544,11439.842,11434.485,11430.6,5->6,0.094,0x658e,12,14,14,15,15,15,1,65536,5,2,,,,,,,
flap_t1_outlined,FLAP_loop_ft1_t11_t1_cut6_t1,0,initiator,1934911145.898,1,RETRY_EXC,1,2275.084,0.653,0.116,2270.959,3.184,0.0,6->6,0.026,0x7049,205,205,205,207,207,207,2,65536,195,2,,,,,,,
flap_t1_outlined,FLAP_loop_ft1_t11_t1_cut6_t1,1,responder,803852050.096,0,RETRY_EXC,1,2274.217,1.535,0.552,2271.967,2268.444,2265.7,6->5,0.055,0x654c,12,14,14,15,15,15,1,65536,5,2,,,,,,,
flap_t1_outlined,FLAP_loop_ft1_t11_t1_cut6_t2,0,initiator,1935000316.691,1,RETRY_EXC,1,2325.294,0.765,0.108,2321.169,3.071,0.0,6->6,0.028,0x705b,201,201,201,203,203,203,2,65536,191,2,,,,,,,
flap_t1_outlined,FLAP_loop_ft1_t11_t1_cut6_t2,1,responder,803941220.544,0,RETRY_EXC,1,2324.403,1.471,0.535,2322.211,2318.787,2316.1,5->6,0.064,0x6552,12,14,14,15,15,15,1,65536,5,2,,,,,,,
flap_t1_outlined,FLAP_loop_ft1_t11_t1_cut6_t3,0,initiator,1935089705.858,1,RETRY_EXC,1,2325.348,0.620,0.156,2321.174,3.218,0.0,6->6,0.028,0x706d,201,201,201,203,203,203,2,65536,191,2,,,,,,,
flap_t1_outlined,FLAP_loop_ft1_t11_t1_cut6_t3,1,responder,804030609.425,0,RETRY_EXC,1,2324.464,1.354,0.515,2322.403,2318.843,2316.1,6->5,0.056,0x6564,12,14,14,15,15,15,1,65536,5,2,,,,,,,
flap_t1_outlined,FLAP_loop_ft1_t11_t1_cut6_t4,0,initiator,1935179195.466,1,RETRY_EXC,1,2425.948,0.748,0.116,2421.934,2.977,0.0,6->6,0.028,0x707f,201,201,201,203,203,203,2,65536,191,2,,,,,,,
flap_t1_outlined,FLAP_loop_ft1_t11_t1_cut6_t4,1,responder,804120098.828,0,RETRY_EXC,1,2424.972,1.522,0.517,2422.760,2419.443,2416.9,5->6,0.060,0x6576,12,14,14,15,15,15,1,65536,5,2,,,,,,,
flap_t1_outlined,FLAP_loop_ft1_t11_t1_cut6_t5,0,initiator,1935268853.071,1,RETRY_EXC,1,2426.180,0.752,0.116,2422.001,3.147,0.0,6->6,0.027,0x7091,201,201,201,203,203,203,2,65536,191,2,,,,,,,
flap_t1_outlined,FLAP_loop_ft1_t11_t1_cut6_t5,1,responder,804209756.277,0,RETRY_EXC,1,2425.287,1.475,0.527,2423.105,2419.627,2417.0,6->5,0.057,0x6588,12,14,14,15,15,15,1,65536,5,2,,,,,,,
reg_final,F1_loop_ft1_t11_reg_inflight_t1,0,initiator,1937861111.535,1,LOCAL_QP_ERR,1,4.516,0.328,0.108,2.351,1.573,0.0,4->4,0.025,0x88b7,4223,4223,4223,4225,4225,4225,2,65536,4213,2,,,,,,,
reg_final,F1_loop_ft1_t11_reg_inflight_t1,1,responder,806802000.828,0,LOCAL_QP_ERR,1,3.973,0.483,0.192,3.121,1.240,0.1,3->3,0.056,0x8332,12,14,14,15,15,15,1,65536,5,2,,,,,,,
reg_final,F1_loop_ft1_t11_reg_inflight_t10,0,initiator,1938203494.643,1,LOCAL_QP_ERR,1,4.413,0.288,0.102,2.288,1.567,0.0,4->4,0.025,0x8a1f,6495,6495,6495,6497,6497,6497,2,65536,6485,2,,,,,,,
reg_final,F1_loop_ft1_t11_reg_inflight_t10,1,responder,807144390.061,0,LOCAL_QP_ERR,1,3.945,0.426,0.187,3.170,1.298,0.1,3->3,0.062,0x83aa,12,14,14,15,15,15,1,65536,5,2,,,,,,,
reg_final,F1_loop_ft1_t11_reg_inflight_t11,0,initiator,1938221593.338,1,LOCAL_QP_ERR,1,4.340,0.268,0.103,2.204,1.593,0.0,4->4,0.017,0x8a37,19109,19111,19111,19111,19111,19111,0,65536,19101,2,,,,,,,
reg_final,F1_loop_ft1_t11_reg_inflight_t11,1,responder,807162488.973,0,LOCAL_QP_ERR,1,3.887,0.423,0.189,3.120,1.228,0.1,3->3,0.053,0x83b2,12,14,14,15,15,15,1,65536,5,2,,,,,,,
reg_final,F1_loop_ft1_t11_reg_inflight_t12,0,initiator,1938227786.289,1,LOCAL_QP_ERR,1,4.440,0.342,0.116,2.233,1.590,0.0,4->4,0.018,0x8a43,18741,18743,18743,18743,18743,18743,0,65536,18733,2,,,,,,,
reg_final,F1_loop_ft1_t11_reg_inflight_t12,1,responder,807168682.038,0,LOCAL_QP_ERR,1,3.893,0.444,0.195,3.077,1.184,0.1,3->3,0.054,0x83b6,12,14,14,15,15,15,1,65536,5,2,,,,,,,
reg_final,F1_loop_ft1_t11_reg_inflight_t13,0,initiator,1938233961.013,1,LOCAL_QP_ERR,1,4.293,0.310,0.123,2.118,1.596,0.0,4->4,0.017,0x8a4f,16701,16703,16703,16703,16703,16703,0,65536,16693,2,,,,,,,
reg_final,F1_loop_ft1_t11_reg_inflight_t13,1,responder,807174856.810,0,LOCAL_QP_ERR,1,3.828,0.415,0.194,3.051,1.154,0.1,3->3,0.057,0x83ba,12,14,14,15,15,15,1,65536,5,2,,,,,,,
reg_final,F1_loop_ft1_t11_reg_inflight_t14,0,initiator,1938240138.665,1,LOCAL_QP_ERR,1,4.201,0.254,0.122,2.103,1.577,0.0,4->4,0.017,0x8a5b,9365,9367,9367,9367,9367,9367,0,65536,9357,2,,,,,,,
reg_final,F1_loop_ft1_t11_reg_inflight_t14,1,responder,807181034.530,0,LOCAL_QP_ERR,1,3.793,0.390,0.185,3.048,1.171,0.1,3->3,0.054,0x83be,12,14,14,15,15,15,1,65536,5,2,,,,,,,
reg_final,F1_loop_ft1_t11_reg_inflight_t15,0,initiator,1938246342.761,1,LOCAL_QP_ERR,1,4.275,0.328,0.117,2.162,1.523,0.0,4->4,0.017,0x8a67,8807,8809,8809,8809,8809,8809,0,65536,8799,2,,,,,,,
reg_final,F1_loop_ft1_t11_reg_inflight_t15,1,responder,807187238.705,0,LOCAL_QP_ERR,1,3.806,0.412,0.191,3.050,1.222,0.1,3->3,0.055,0x83c2,12,14,14,15,15,15,1,65536,5,2,,,,,,,
reg_final,F1_loop_ft1_t11_reg_inflight_t16,0,initiator,1938252623.688,1,LOCAL_QP_ERR,1,4.385,0.301,0.120,2.213,1.584,0.0,4->4,0.017,0x8a73,13935,13937,13937,13937,13937,13937,0,65536,13927,2,,,,,,,
reg_final,F1_loop_ft1_t11_reg_inflight_t16,1,responder,807193519.701,0,LOCAL_QP_ERR,1,3.855,0.418,0.203,3.064,1.174,0.1,3->3,0.054,0x83c6,12,14,14,15,15,15,1,65536,5,2,,,,,,,
reg_final,F1_loop_ft1_t11_reg_inflight_t17,0,initiator,1938258799.340,1,LOCAL_QP_ERR,1,4.461,0.310,0.123,2.278,1.594,0.0,4->4,0.025,0x8a7f,9675,9675,9675,9677,9677,9677,2,65536,9665,2,,,,,,,
reg_final,F1_loop_ft1_t11_reg_inflight_t17,1,responder,807199695.435,0,LOCAL_QP_ERR,1,3.976,0.402,0.243,3.131,1.231,0.1,3->3,0.066,0x83ca,12,14,14,15,15,15,1,65536,5,2,,,,,,,
reg_final,F1_loop_ft1_t11_reg_inflight_t18,0,initiator,1938264954.302,1,LOCAL_QP_ERR,1,4.449,0.293,0.111,2.214,1.682,0.0,4->4,0.017,0x8a8b,6511,6513,6513,6513,6513,6513,0,65536,6503,2,,,,,,,
reg_final,F1_loop_ft1_t11_reg_inflight_t18,1,responder,807205850.460,0,LOCAL_QP_ERR,1,3.992,0.416,0.244,3.152,1.170,0.1,3->3,0.056,0x83ce,12,14,14,15,15,15,1,65536,5,2,,,,,,,
reg_final,F1_loop_ft1_t11_reg_inflight_t19,0,initiator,1938271258.873,1,LOCAL_QP_ERR,1,4.332,0.268,0.110,2.180,1.611,0.0,4->4,0.026,0x8a97,15461,15461,15461,15463,15463,15463,2,65536,15451,2,,,,,,,
reg_final,F1_loop_ft1_t11_reg_inflight_t19,1,responder,807212155.099,0,LOCAL_QP_ERR,1,3.880,0.398,0.197,3.119,1.195,0.1,3->3,0.054,0x83d2,12,14,14,15,15,15,1,65536,5,2,,,,,,,
reg_final,F1_loop_ft1_t11_reg_inflight_t2,0,initiator,1937911717.636,1,LOCAL_QP_ERR,1,4.296,0.305,0.105,2.064,1.651,0.0,4->4,0.026,0x88e7,8239,8239,8239,8241,8241,8241,2,65536,8229,2,,,,,,,
reg_final,F1_loop_ft1_t11_reg_inflight_t2,1,responder,806852608.098,0,LOCAL_QP_ERR,1,3.847,0.399,0.190,3.097,1.136,0.1,3->3,0.056,0x8342,12,14,14,15,15,15,1,65536,5,2,,,,,,,
reg_final,F1_loop_ft1_t11_reg_inflight_t20,0,initiator,1938277537.139,1,LOCAL_QP_ERR,1,4.418,0.312,0.120,2.245,1.588,0.0,4->4,0.025,0x8aa3,22113,22113,22113,22115,22115,22115,2,65536,22103,2,,,,,,,
reg_final,F1_loop_ft1_t11_reg_inflight_t20,1,responder,807218433.441,0,LOCAL_QP_ERR,1,3.872,0.392,0.232,3.073,1.177,0.1,3->3,0.053,0x83d6,12,14,14,15,15,15,1,65536,5,2,,,,,,,
reg_final,F1_loop_ft1_t11_reg_inflight_t3,0,initiator,1937962243.761,1,LOCAL_QP_ERR,1,4.482,0.413,0.123,2.090,1.698,0.0,4->4,0.022,0x8917,14891,14893,14893,14893,14893,14893,0,65536,14883,2,,,,,,,
reg_final,F1_loop_ft1_t11_reg_inflight_t3,1,responder,806903135.275,0,LOCAL_QP_ERR,1,3.924,0.409,0.186,3.174,1.163,0.1,3->3,0.053,0x8352,12,14,14,15,15,15,1,65536,5,2,,,,,,,
reg_final,F1_loop_ft1_t11_reg_inflight_t4,0,initiator,1938012617.928,1,LOCAL_QP_ERR,1,4.488,0.307,0.113,2.286,1.613,0.0,4->4,0.025,0x8947,11263,11263,11263,11265,11265,11265,2,65536,11253,2,,,,,,,
reg_final,F1_loop_ft1_t11_reg_inflight_t4,1,responder,806953510.410,0,LOCAL_QP_ERR,1,3.949,0.430,0.235,3.116,1.195,0.1,3->3,0.057,0x8362,12,14,14,15,15,15,1,65536,5,2,,,,,,,
reg_final,F1_loop_ft1_t11_reg_inflight_t5,0,initiator,1938063290.309,1,LOCAL_QP_ERR,1,4.442,0.463,0.125,2.101,1.590,0.0,4->4,0.017,0x8977,25863,25865,25865,25865,25865,25865,0,65536,25855,2,,,,,,,
reg_final,F1_loop_ft1_t11_reg_inflight_t5,1,responder,807004183.669,0,LOCAL_QP_ERR,1,3.799,0.401,0.187,3.052,1.155,0.1,3->3,0.055,0x8372,12,14,14,15,15,15,1,65536,5,2,,,,,,,
reg_final,F1_loop_ft1_t11_reg_inflight_t6,0,initiator,1938114127.794,1,LOCAL_QP_ERR,1,4.364,0.327,0.102,2.148,1.630,0.0,4->4,0.026,0x89a7,7759,7759,7759,7761,7761,7761,2,65536,7749,2,,,,,,,
reg_final,F1_loop_ft1_t11_reg_inflight_t6,1,responder,807055021.954,0,LOCAL_QP_ERR,1,3.844,0.411,0.187,3.096,1.161,0.1,3->3,0.051,0x8382,12,14,14,15,15,15,1,65536,5,2,,,,,,,
reg_final,F1_loop_ft1_t11_reg_inflight_t7,0,initiator,1938136448.832,1,LOCAL_QP_ERR,1,4.340,0.249,0.102,2.189,1.592,0.0,4->4,0.017,0x89c5,19933,19935,19935,19935,19935,19935,0,65536,19925,2,,,,,,,
reg_final,F1_loop_ft1_t11_reg_inflight_t7,1,responder,807077343.335,0,LOCAL_QP_ERR,1,3.899,0.440,0.196,3.083,1.191,0.1,3->3,0.054,0x838c,12,14,14,15,15,15,1,65536,5,2,,,,,,,
reg_final,F1_loop_ft1_t11_reg_inflight_t8,0,initiator,1938158830.971,1,LOCAL_QP_ERR,1,4.383,0.296,0.110,2.224,1.598,0.0,4->4,0.026,0x89e3,3679,3679,3679,3681,3681,3681,2,65536,3669,2,,,,,,,
reg_final,F1_loop_ft1_t11_reg_inflight_t8,1,responder,807099725.787,0,LOCAL_QP_ERR,1,3.883,0.433,0.187,3.110,1.203,0.1,3->3,0.057,0x8396,12,14,14,15,15,15,1,65536,5,2,,,,,,,
reg_final,F1_loop_ft1_t11_reg_inflight_t9,0,initiator,1938181202.873,1,LOCAL_QP_ERR,1,4.226,0.274,0.116,2.064,1.615,0.0,4->4,0.026,0x8a01,21893,21893,21893,21895,21895,21895,2,65536,21883,2,,,,,,,
reg_final,F1_loop_ft1_t11_reg_inflight_t9,1,responder,807122097.989,0,LOCAL_QP_ERR,1,3.792,0.389,0.188,3.064,1.138,0.1,3->3,0.052,0x83a0,12,14,14,15,15,15,1,65536,5,2,,,,,,,
reg_final,F1_loop_ft1_t11_reg_t1,0,initiator,1937858707.975,1,LOCAL_QP_ERR,1,5.541,0.525,0.104,2.808,1.937,0.0,4->4,0.027,0x88b1,255,255,255,257,257,257,2,65536,245,2,,,,,,,
reg_final,F1_loop_ft1_t11_reg_t1,1,responder,806799597.203,0,LOCAL_QP_ERR,1,4.874,0.769,0.232,3.706,1.458,0.1,3->3,0.052,0x8330,12,14,14,15,15,15,1,65536,5,2,,,,,,,
reg_final,F1_loop_ft1_t11_reg_t10,0,initiator,1938200911.211,1,LOCAL_QP_ERR,1,4.638,0.106,0.117,2.624,1.632,0.0,4->4,0.026,0x8a19,235,235,235,237,237,237,2,65536,225,2,,,,,,,
reg_final,F1_loop_ft1_t11_reg_t10,1,responder,807141806.586,0,LOCAL_QP_ERR,1,4.390,0.592,0.331,3.303,1.365,0.1,3->3,0.054,0x83a8,12,14,14,15,15,15,1,65536,5,2,,,,,,,
reg_final,F1_loop_ft1_t11_reg_t11,0,initiator,1938218413.996,1,LOCAL_QP_ERR,1,4.672,0.092,0.105,2.649,1.652,0.0,4->4,0.026,0x8a31,163,163,163,165,165,165,2,65536,153,2,,,,,,,
reg_final,F1_loop_ft1_t11_reg_t11,1,responder,807159309.595,0,LOCAL_QP_ERR,1,4.350,0.676,0.198,3.304,1.345,0.1,3->3,0.054,0x83b0,12,14,14,15,15,15,1,65536,5,2,,,,,,,
reg_final,F1_loop_ft1_t11_reg_t12,0,initiator,1938224567.764,1,LOCAL_QP_ERR,1,4.283,0.101,0.108,2.271,1.633,0.0,4->4,0.025,0x8a3d,157,157,157,159,159,159,2,65536,147,2,,,,,,,
reg_final,F1_loop_ft1_t11_reg_t12,1,responder,807165463.439,0,LOCAL_QP_ERR,1,4.018,0.474,0.202,3.173,1.230,0.1,3->3,0.052,0x83b4,12,14,14,15,15,15,1,65536,5,2,,,,,,,
reg_final,F1_loop_ft1_t11_reg_t13,0,initiator,1938230998.511,1,LOCAL_QP_ERR,1,4.466,0.087,0.146,2.400,1.659,0.0,4->4,0.027,0x8a49,193,193,193,195,195,195,2,65536,183,2,,,,,,,
reg_final,F1_loop_ft1_t11_reg_t13,1,responder,807171894.266,0,LOCAL_QP_ERR,1,4.127,0.476,0.184,3.290,1.315,0.1,3->3,0.054,0x83b8,12,14,14,15,15,15,1,65536,5,2,,,,,,,
reg_final,F1_loop_ft1_t11_reg_t14,0,initiator,1938237621.271,1,LOCAL_QP_ERR,1,4.348,0.106,0.122,2.366,1.597,0.0,4->4,0.026,0x8a55,247,247,247,249,249,249,2,65536,237,2,,,,,,,
reg_final,F1_loop_ft1_t11_reg_t14,1,responder,807178517.107,0,LOCAL_QP_ERR,1,4.079,0.528,0.188,3.182,1.275,0.1,3->3,0.054,0x83bc,12,14,14,15,15,15,1,65536,5,2,,,,,,,
reg_final,F1_loop_ft1_t11_reg_t15,0,initiator,1938243466.105,1,LOCAL_QP_ERR,1,4.228,0.132,0.113,2.138,1.656,0.0,4->4,0.027,0x8a61,195,195,195,197,197,197,2,65536,185,2,,,,,,,
reg_final,F1_loop_ft1_t11_reg_t15,1,responder,807184362.017,0,LOCAL_QP_ERR,1,3.920,0.424,0.196,3.128,1.163,0.1,3->3,0.053,0x83c0,12,14,14,15,15,15,1,65536,5,2,,,,,,,
reg_final,F1_loop_ft1_t11_reg_t16,0,initiator,1938249412.793,1,LOCAL_QP_ERR,1,4.170,0.113,0.103,2.142,1.644,0.0,4->4,0.026,0x8a6d,155,155,155,157,157,157,2,65536,145,2,,,,,,,
reg_final,F1_loop_ft1_t11_reg_t16,1,responder,807190308.766,0,LOCAL_QP_ERR,1,3.916,0.428,0.189,3.123,1.169,0.1,3->3,0.054,0x83c4,12,14,14,15,15,15,1,65536,5,2,,,,,,,
reg_final,F1_loop_ft1_t11_reg_t17,0,initiator,1938255855.919,1,LOCAL_QP_ERR,1,4.144,0.095,0.121,2.116,1.639,0.0,4->4,0.027,0x8a79,185,185,185,187,187,187,2,65536,175,2,,,,,,,
reg_final,F1_loop_ft1_t11_reg_t17,1,responder,807196751.965,0,LOCAL_QP_ERR,1,3.879,0.416,0.188,3.121,1.166,0.1,3->3,0.051,0x83c8,12,14,14,15,15,15,1,65536,5,2,,,,,,,
reg_final,F1_loop_ft1_t11_reg_t18,0,initiator,1938262608.881,1,LOCAL_QP_ERR,1,4.187,0.093,0.105,2.123,1.673,0.0,4->4,0.026,0x8a85,267,267,267,269,269,269,2,65536,257,2,,,,,,,
reg_final,F1_loop_ft1_t11_reg_t18,1,responder,807203505.014,0,LOCAL_QP_ERR,1,3.898,0.421,0.186,3.141,1.159,0.1,3->3,0.054,0x83cc,12,14,14,15,15,15,1,65536,5,2,,,,,,,
reg_final,F1_loop_ft1_t11_reg_t19,0,initiator,1938268795.723,1,LOCAL_QP_ERR,1,4.227,0.101,0.114,2.204,1.626,0.0,4->4,0.025,0x8a91,261,261,261,263,263,263,2,65536,251,2,,,,,,,
reg_final,F1_loop_ft1_t11_reg_t19,1,responder,807209691.920,0,LOCAL_QP_ERR,1,3.951,0.430,0.209,3.133,1.196,0.1,3->3,0.052,0x83d0,12,14,14,15,15,15,1,65536,5,2,,,,,,,
reg_final,F1_loop_ft1_t11_reg_t2,0,initiator,1937908635.238,1,LOCAL_QP_ERR,1,5.002,0.129,0.101,2.591,2.006,0.0,4->4,0.025,0x88e1,167,167,167,169,169,169,2,65536,157,2,,,,,,,
reg_final,F1_loop_ft1_t11_reg_t2,1,responder,806849525.627,0,LOCAL_QP_ERR,1,4.724,0.627,0.229,3.688,1.371,0.1,3->3,0.055,0x8340,12,14,14,15,15,15,1,65536,5,2,,,,,,,
reg_final,F1_loop_ft1_t11_reg_t20,0,initiator,1938274868.728,1,LOCAL_QP_ERR,1,4.205,0.127,0.105,2.208,1.594,0.0,4->4,0.026,0x8a9d,241,241,241,243,243,243,2,65536,231,2,,,,,,,
reg_final,F1_loop_ft1_t11_reg_t20,1,responder,807215764.996,0,LOCAL_QP_ERR,1,3.859,0.418,0.195,3.070,1.169,0.1,3->3,0.054,0x83d4,12,14,14,15,15,15,1,65536,5,2,,,,,,,
reg_final,F1_loop_ft1_t11_reg_t3,0,initiator,1937959645.203,1,LOCAL_QP_ERR,1,5.413,0.462,0.107,2.653,2.031,0.0,4->4,0.027,0x8911,247,247,247,249,249,249,2,65536,237,2,,,,,,,
reg_final,F1_loop_ft1_t11_reg_t3,1,responder,806900536.665,0,LOCAL_QP_ERR,1,4.793,0.683,0.243,3.697,1.355,0.1,3->3,0.053,0x8350,12,14,14,15,15,15,1,65536,5,2,,,,,,,
reg_final,F1_loop_ft1_t11_reg_t4,0,initiator,1938010145.478,1,LOCAL_QP_ERR,1,5.162,0.098,0.126,2.764,2.013,0.0,4->4,0.027,0x8941,257,257,257,259,259,259,2,65536,247,2,,,,,,,
reg_final,F1_loop_ft1_t11_reg_t4,1,responder,806951037.911,0,LOCAL_QP_ERR,1,4.906,0.711,0.283,3.722,1.398,0.1,3->3,0.053,0x8360,12,14,14,15,15,15,1,65536,5,2,,,,,,,
reg_final,F1_loop_ft1_t11_reg_t5,0,initiator,1938060118.149,1,LOCAL_QP_ERR,1,4.892,0.114,0.111,2.545,1.952,0.0,4->4,0.027,0x8971,173,173,173,175,175,175,2,65536,163,2,,,,,,,
reg_final,F1_loop_ft1_t11_reg_t5,1,responder,807001011.453,0,LOCAL_QP_ERR,1,4.558,0.544,0.267,3.591,1.326,0.1,3->3,0.054,0x8370,12,14,14,15,15,15,1,65536,5,2,,,,,,,
reg_final,F1_loop_ft1_t11_reg_t6,0,initiator,1938111314.186,1,LOCAL_QP_ERR,1,4.934,0.121,0.105,2.636,1.915,0.0,4->4,0.026,0x89a1,201,201,201,203,203,203,2,65536,191,2,,,,,,,
reg_final,F1_loop_ft1_t11_reg_t6,1,responder,807052208.304,0,LOCAL_QP_ERR,1,4.652,0.629,0.240,3.602,1.375,0.1,3->3,0.052,0x8380,12,14,14,15,15,15,1,65536,5,2,,,,,,,
reg_final,F1_loop_ft1_t11_reg_t7,0,initiator,1938133584.131,1,LOCAL_QP_ERR,1,4.850,0.106,0.102,2.647,1.826,0.0,4->4,0.026,0x89bf,211,211,211,213,213,213,2,65536,201,2,,,,,,,
reg_final,F1_loop_ft1_t11_reg_t7,1,responder,807074478.584,0,LOCAL_QP_ERR,1,4.583,0.690,0.215,3.504,1.370,0.1,3->3,0.053,0x838a,12,14,14,15,15,15,1,65536,5,2,,,,,,,
reg_final,F1_loop_ft1_t11_reg_t8,0,initiator,1938156248.276,1,LOCAL_QP_ERR,1,4.809,0.096,0.138,2.758,1.663,0.0,4->4,0.026,0x89dd,233,233,233,235,235,235,2,65536,223,2,,,,,,,
reg_final,F1_loop_ft1_t11_reg_t8,1,responder,807097143.102,0,LOCAL_QP_ERR,1,4.531,0.586,0.340,3.394,1.422,0.1,3->3,0.099,0x8394,12,14,14,15,15,15,1,65536,5,2,,,,,,,
reg_final,F1_loop_ft1_t11_reg_t9,0,initiator,1938178489.329,1,LOCAL_QP_ERR,1,4.804,0.112,0.114,2.748,1.657,0.0,4->4,0.026,0x89fb,237,237,237,239,239,239,2,65536,227,2,,,,,,,
reg_final,F1_loop_ft1_t11_reg_t9,1,responder,807119384.414,0,LOCAL_QP_ERR,1,4.517,0.627,0.341,3.380,1.408,0.1,3->3,0.052,0x839e,12,14,14,15,15,15,1,65536,5,2,,,,,,,
reg_final,F1_mt_ft1_t11_reg_mt_t1,0,initiator,1937880467.369,1,LOCAL_QP_ERR,1,6.776,2.623,0.140,2.147,1.704,0.0,4->4,0.026,0x88c9,31247,31247,31247,31503,31503,31503,256,65536,31237,2,,,,,,,
reg_final,F1_mt_ft1_t11_reg_mt_t1,1,responder,806821357.117,0,LOCAL_QP_ERR,1,3.983,0.450,0.189,3.194,1.185,0.1,3->3,0.054,0x8338,12,14,14,15,15,15,1,65536,5,2,,,,,,,
reg_final,F1_mt_ft1_t11_reg_mt_t10,0,initiator,1938205621.675,1,LOCAL_QP_ERR,1,5.675,1.721,0.111,2.115,1.563,0.0,4->4,0.026,0x8a25,44639,44671,44671,44815,44815,44815,144,65536,44661,2,,,,,,,
reg_final,F1_mt_ft1_t11_reg_mt_t10,1,responder,807146517.112,0,LOCAL_QP_ERR,1,3.809,0.390,0.186,3.063,1.192,0.1,3->3,0.054,0x83ac,12,14,14,15,15,15,1,65536,5,2,,,,,,,
reg_final,F1_mt_ft1_t11_reg_mt_t2,0,initiator,1937930917.764,1,LOCAL_QP_ERR,1,6.700,2.384,0.124,2.359,1.674,0.0,4->4,0.025,0x88f9,18191,18191,18191,18543,19055,19055,864,65536,18181,2,,,,,,,
reg_final,F1_mt_ft1_t11_reg_mt_t2,1,responder,806871808.639,0,LOCAL_QP_ERR,1,4.161,0.520,0.253,3.223,1.237,0.1,3->3,0.057,0x8348,12,14,14,15,15,15,1,65536,5,2,,,,,,,
reg_final,F1_mt_ft1_t11_reg_mt_t3,0,initiator,1937981435.243,1,LOCAL_QP_ERR,1,6.743,2.540,0.126,2.253,1.667,0.0,4->4,0.027,0x8929,34063,34063,34063,34319,34319,34319,256,65536,34053,2,,,,,,,
reg_final,F1_mt_ft1_t11_reg_mt_t3,1,responder,806922327.139,0,LOCAL_QP_ERR,1,4.002,0.491,0.187,3.168,1.192,0.1,3->3,0.054,0x8358,12,14,14,15,15,15,1,65536,5,2,,,,,,,
reg_final,F1_mt_ft1_t11_reg_mt_t4,0,initiator,1938031854.847,1,LOCAL_QP_ERR,1,4.697,0.527,0.117,2.269,1.629,0.0,4->4,0.025,0x8959,44349,44379,44379,44391,44391,44391,12,65536,44369,2,,,,,,,
reg_final,F1_mt_ft1_t11_reg_mt_t4,1,responder,806972747.670,0,LOCAL_QP_ERR,1,3.992,0.457,0.187,3.167,1.229,0.1,3->3,0.053,0x8368,12,14,14,15,15,15,1,65536,5,2,,,,,,,
reg_final,F1_mt_ft1_t11_reg_mt_t5,0,initiator,1938082680.239,1,LOCAL_QP_ERR,1,6.831,2.572,0.114,2.203,1.721,0.0,4->4,0.026,0x8989,46863,46863,46863,47119,47119,47119,256,65536,46853,2,,,,,,,
reg_final,F1_mt_ft1_t11_reg_mt_t5,1,responder,807023573.911,0,LOCAL_QP_ERR,1,4.061,0.408,0.233,3.250,1.225,0.1,3->3,0.051,0x8378,12,14,14,15,15,15,1,65536,5,2,,,,,,,
reg_final,F1_mt_ft1_t11_reg_mt_t6,0,initiator,1938116456.660,1,LOCAL_QP_ERR,1,6.594,2.035,0.583,2.179,1.631,0.0,4->4,0.025,0x89ad,100367,100367,100367,100623,100879,100879,512,131072,100357,2,,,,,,,
reg_final,F1_mt_ft1_t11_reg_mt_t6,1,responder,807057350.857,0,LOCAL_QP_ERR,1,3.856,0.421,0.181,3.101,1.165,0.1,3->3,0.053,0x8384,12,14,14,15,15,15,1,65536,5,2,,,,,,,
reg_final,F1_mt_ft1_t11_reg_mt_t7,0,initiator,1938138448.303,1,LOCAL_QP_ERR,1,6.573,1.553,1.060,2.217,1.565,0.0,4->4,0.027,0x89cb,17935,17935,17935,18191,18191,18191,256,65536,17925,2,,,,,,,
reg_final,F1_mt_ft1_t11_reg_mt_t7,1,responder,807079342.829,0,LOCAL_QP_ERR,1,3.846,0.457,0.181,3.042,1.170,0.1,3->3,0.056,0x838e,12,14,14,15,15,15,1,65536,5,2,,,,,,,
reg_final,F1_mt_ft1_t11_reg_mt_t8,0,initiator,1938161114.563,1,LOCAL_QP_ERR,1,8.335,4.179,0.126,2.265,1.578,0.0,4->4,0.025,0x89e9,61455,61455,61455,61871,61967,61967,512,65536,61445,2,,,,,,,
reg_final,F1_mt_ft1_t11_reg_mt_t8,1,responder,807102009.437,0,LOCAL_QP_ERR,1,3.918,0.403,0.197,3.137,1.248,0.1,3->3,0.080,0x8398,12,14,14,15,15,15,1,65536,5,2,,,,,,,
reg_final,F1_mt_ft1_t11_reg_mt_t9,0,initiator,1938183150.461,1,LOCAL_QP_ERR,1,6.555,2.527,0.140,2.151,1.550,0.0,4->4,0.026,0x8a07,11029,11029,11029,11285,11439,11439,410,65536,11019,2,,,,,,,
reg_final,F1_mt_ft1_t11_reg_mt_t9,1,responder,807124045.618,0,LOCAL_QP_ERR,1,3.848,0.414,0.195,3.047,1.194,0.1,3->3,0.070,0x83a2,12,14,14,15,15,15,1,65536,5,2,,,,,,,
reg_final,F1x5_loop_ft1_t11_reg_t1,0,initiator,1937876228.323,1,LOCAL_QP_ERR,1,5.958,0.114,0.119,3.340,2.223,0.0,4->4,0.027,0x88c3,211,211,211,213,213,213,2,65536,201,2,,,,,,,
reg_final,F1x5_loop_ft1_t11_reg_t1,0,initiator,1937876389.949,1,LOCAL_QP_ERR,2,4.809,0.084,0.084,2.348,1.605,0.0,4->4,0.557,0x88c3,65558,65558,65558,65560,65560,65560,2,131072,22,4,,,,,,,
reg_final,F1x5_loop_ft1_t11_reg_t1,0,initiator,1937876393.854,1,LOCAL_QP_ERR,3,3.790,0.072,0.082,1.999,1.476,0.0,4->4,0.025,0x88c3,131072,131072,131072,131074,131074,131074,2,196608,0,6,,,,,,,
reg_final,F1x5_loop_ft1_t11_reg_t1,0,initiator,1937876554.585,1,LOCAL_QP_ERR,4,3.809,0.095,0.089,1.896,1.570,0.0,4->4,0.025,0x88c3,196630,196630,196630,196632,196632,196632,2,262144,22,8,,,,,,,
reg_final,F1x5_loop_ft1_t11_reg_t1,0,initiator,1937876715.187,1,LOCAL_QP_ERR,5,3.707,0.077,0.084,1.833,1.552,0.0,4->4,0.025,0x88c3,262166,262166,262166,262168,262168,262168,2,327680,22,10,,,,,,,
reg_final,F1x5_loop_ft1_t11_reg_t1,1,responder,806817117.972,0,LOCAL_QP_ERR,1,5.621,0.979,0.359,4.122,1.590,0.1,3->3,0.053,0x8336,12,14,14,15,15,15,1,65536,5,2,,,,,,,
reg_final,F1x5_loop_ft1_t11_reg_t1,1,responder,806817279.608,0,LOCAL_QP_ERR,2,4.584,0.481,0.170,3.785,1.349,0.1,3->3,0.053,0x8336,65536,65536,65536,65537,65537,65537,1,131072,0,4,,,,,,,
reg_final,F1x5_loop_ft1_t11_reg_t1,1,responder,806817283.536,0,LOCAL_QP_ERR,3,3.573,0.356,0.134,2.905,1.127,0.1,3->3,0.076,0x8336,131072,131072,131072,131073,131073,131073,1,196608,0,6,,,,,,,
reg_final,F1x5_loop_ft1_t11_reg_t1,1,responder,806817444.242,0,LOCAL_QP_ERR,4,3.570,0.377,0.132,2.926,1.062,0.1,3->3,0.051,0x8336,196608,196608,196608,196609,196609,196609,1,262144,0,8,,,,,,,
reg_final,F1x5_loop_ft1_t11_reg_t1,1,responder,806817604.847,0,LOCAL_QP_ERR,5,3.525,0.365,0.133,2.898,1.048,0.1,3->3,0.052,0x8336,262144,262144,262144,262145,262145,262145,1,327680,0,10,,,,,,,
reg_final,F1x5_loop_ft1_t11_reg_t2,0,initiator,1937926258.762,1,LOCAL_QP_ERR,1,5.107,0.116,0.112,2.712,2.010,0.0,4->4,0.026,0x88f3,155,155,155,157,157,157,2,65536,145,2,,,,,,,
reg_final,F1x5_loop_ft1_t11_reg_t2,0,initiator,1937926420.297,1,LOCAL_QP_ERR,2,4.612,0.083,0.083,2.002,1.742,0.0,4->4,0.571,0x88f3,65558,65558,65558,65560,65560,65560,2,131072,22,4,,,,,,,
reg_final,F1x5_loop_ft1_t11_reg_t2,0,initiator,1937926424.097,1,LOCAL_QP_ERR,3,3.677,0.082,0.088,1.864,1.478,0.0,4->4,0.025,0x88f3,131072,131072,131072,131074,131074,131074,2,196608,0,6,,,,,,,
reg_final,F1x5_loop_ft1_t11_reg_t2,0,initiator,1937926584.572,1,LOCAL_QP_ERR,4,3.640,0.080,0.093,1.818,1.499,0.0,4->4,0.026,0x88f3,196630,196630,196630,196632,196632,196632,2,262144,22,8,,,,,,,
reg_final,F1x5_loop_ft1_t11_reg_t2,0,initiator,1937926745.209,1,LOCAL_QP_ERR,5,3.871,0.108,0.119,1.920,1.557,0.0,4->4,0.026,0x88f3,262166,262166,262166,262168,262168,262168,2,327680,22,10,,,,,,,
reg_final,F1x5_loop_ft1_t11_reg_t2,1,responder,806867149.534,0,LOCAL_QP_ERR,1,4.796,0.623,0.273,3.748,1.429,0.1,3->3,0.055,0x8346,12,14,14,15,15,15,1,65536,5,2,,,,,,,
reg_final,F1x5_loop_ft1_t11_reg_t2,1,responder,806867311.076,0,LOCAL_QP_ERR,2,4.404,0.401,0.117,3.752,1.163,0.1,3->3,0.049,0x8346,65536,65536,65536,65537,65537,65537,1,131072,0,4,,,,,,,
reg_final,F1x5_loop_ft1_t11_reg_t2,1,responder,806867314.866,0,LOCAL_QP_ERR,3,3.422,0.344,0.145,2.779,1.015,0.0,3->3,0.051,0x8346,131072,131072,131072,131073,131073,131073,1,196608,0,6,,,,,,,
reg_final,F1x5_loop_ft1_t11_reg_t2,1,responder,806867475.347,0,LOCAL_QP_ERR,4,3.450,0.370,0.126,2.825,1.033,0.1,3->3,0.049,0x8346,196608,196608,196608,196609,196609,196609,1,262144,0,8,,,,,,,
reg_final,F1x5_loop_ft1_t11_reg_t2,1,responder,806867635.985,0,LOCAL_QP_ERR,5,3.556,0.406,0.123,2.897,1.054,0.0,3->3,0.051,0x8346,262144,262144,262144,262145,262145,262145,1,327680,0,10,,,,,,,
reg_final,F1x5_loop_ft1_t11_reg_t3,0,initiator,1937976772.945,1,LOCAL_QP_ERR,1,5.040,0.090,0.118,2.613,2.055,0.0,4->4,0.025,0x8923,159,159,159,161,161,161,2,65536,149,2,,,,,,,
reg_final,F1x5_loop_ft1_t11_reg_t3,0,initiator,1937976934.520,1,LOCAL_QP_ERR,2,4.691,0.123,0.082,2.144,1.604,0.0,4->4,0.573,0x8923,65558,65558,65558,65560,65560,65560,2,131072,22,4,,,,,,,
reg_final,F1x5_loop_ft1_t11_reg_t3,0,initiator,1937976938.395,1,LOCAL_QP_ERR,3,3.659,0.110,0.080,1.834,1.448,0.0,4->4,0.025,0x8923,131072,131072,131072,131074,131074,131074,2,196608,0,6,,,,,,,
reg_final,F1x5_loop_ft1_t11_reg_t3,0,initiator,1937977099.168,1,LOCAL_QP_ERR,4,3.913,0.101,0.096,1.992,1.576,0.0,4->4,0.025,0x8923,196630,196630,196630,196632,196632,196632,2,262144,22,8,,,,,,,
reg_final,F1x5_loop_ft1_t11_reg_t3,0,initiator,1937977259.861,1,LOCAL_QP_ERR,5,3.892,0.089,0.086,1.939,1.594,0.0,4->4,0.025,0x8923,262166,262166,262166,262168,262168,262168,2,327680,22,10,,,,,,,
reg_final,F1x5_loop_ft1_t11_reg_t3,1,responder,806917664.744,0,LOCAL_QP_ERR,1,4.789,0.561,0.301,3.750,1.389,0.1,3->3,0.053,0x8356,12,14,14,15,15,15,1,65536,5,2,,,,,,,
reg_final,F1x5_loop_ft1_t11_reg_t3,1,responder,806917826.330,0,LOCAL_QP_ERR,2,4.379,0.421,0.136,3.665,1.213,0.1,3->3,0.053,0x8356,65536,65536,65536,65537,65537,65537,1,131072,0,4,,,,,,,
reg_final,F1x5_loop_ft1_t11_reg_t3,1,responder,806917830.198,0,LOCAL_QP_ERR,3,3.408,0.347,0.140,2.784,1.046,0.1,3->3,0.051,0x8356,131072,131072,131072,131073,131073,131073,1,196608,0,6,,,,,,,
reg_final,F1x5_loop_ft1_t11_reg_t3,1,responder,806917990.977,0,LOCAL_QP_ERR,4,3.628,0.412,0.130,2.955,1.078,0.1,3->3,0.052,0x8356,196608,196608,196608,196609,196609,196609,1,262144,0,8,,,,,,,
reg_final,F1x5_loop_ft1_t11_reg_t3,1,responder,806918151.670,0,LOCAL_QP_ERR,5,3.673,0.391,0.169,2.983,1.094,0.1,3->3,0.052,0x8356,262144,262144,262144,262145,262145,262145,1,327680,0,10,,,,,,,
reg_final,F1x5_loop_ft1_t11_reg_t4,0,initiator,1938027963.785,1,LOCAL_QP_ERR,1,5.492,0.114,0.142,2.957,2.100,0.0,4->4,0.026,0x8953,273,273,273,275,275,275,2,65536,263,2,,,,,,,
reg_final,F1x5_loop_ft1_t11_reg_t4,0,initiator,1938028126.445,1,LOCAL_QP_ERR,2,4.579,0.092,0.102,2.040,1.638,0.0,4->4,0.564,0x8953,65558,65558,65558,65560,65560,65560,2,131072,22,4,,,,,,,
reg_final,F1x5_loop_ft1_t11_reg_t4,0,initiator,1938028130.235,1,LOCAL_QP_ERR,3,3.673,0.088,0.110,1.792,1.523,0.0,4->4,0.027,0x8953,131072,131072,131072,131074,131074,131074,2,196608,0,6,,,,,,,
reg_final,F1x5_loop_ft1_t11_reg_t4,0,initiator,1938028292.149,1,LOCAL_QP_ERR,4,3.833,0.098,0.082,1.921,1.502,0.0,4->4,0.026,0x8953,196630,196630,196630,196632,196632,196632,2,262144,22,8,,,,,,,
reg_final,F1x5_loop_ft1_t11_reg_t4,0,initiator,1938028453.840,1,LOCAL_QP_ERR,5,3.717,0.097,0.090,1.831,1.550,0.0,4->4,0.025,0x8953,262166,262166,262166,262168,262168,262168,2,327680,22,10,,,,,,,
reg_final,F1x5_loop_ft1_t11_reg_t4,1,responder,806968856.536,0,LOCAL_QP_ERR,1,5.099,0.776,0.333,3.832,1.419,0.1,3->3,0.053,0x8366,12,14,14,15,15,15,1,65536,5,2,,,,,,,
reg_final,F1x5_loop_ft1_t11_reg_t4,1,responder,806969019.199,0,LOCAL_QP_ERR,2,4.309,0.365,0.142,3.667,1.186,0.1,3->3,0.051,0x8366,65536,65536,65536,65537,65537,65537,1,131072,0,4,,,,,,,
reg_final,F1x5_loop_ft1_t11_reg_t4,1,responder,806969022.984,0,LOCAL_QP_ERR,3,3.436,0.337,0.134,2.836,1.023,0.1,3->3,0.050,0x8366,131072,131072,131072,131073,131073,131073,1,196608,0,6,,,,,,,
reg_final,F1x5_loop_ft1_t11_reg_t4,1,responder,806969184.903,0,LOCAL_QP_ERR,4,3.473,0.362,0.139,2.834,1.041,0.1,3->3,0.051,0x8366,196608,196608,196608,196609,196609,196609,1,262144,0,8,,,,,,,
reg_final,F1x5_loop_ft1_t11_reg_t4,1,responder,806969346.598,0,LOCAL_QP_ERR,5,3.494,0.356,0.133,2.878,1.037,0.1,3->3,0.051,0x8366,262144,262144,262144,262145,262145,262145,1,327680,0,10,,,,,,,
reg_final,F1x5_loop_ft1_t11_reg_t5,0,initiator,1938077867.947,1,LOCAL_QP_ERR,1,5.096,0.113,0.103,2.720,1.986,0.0,4->4,0.026,0x8983,159,159,159,161,161,161,2,65536,149,2,,,,,,,
reg_final,F1x5_loop_ft1_t11_reg_t5,0,initiator,1938078030.737,1,LOCAL_QP_ERR,2,4.775,0.111,0.099,2.164,1.657,0.0,4->4,0.611,0x8983,65558,65558,65558,65560,65560,65560,2,131072,22,4,,,,,,,
reg_final,F1x5_loop_ft1_t11_reg_t5,0,initiator,1938078034.679,1,LOCAL_QP_ERR,3,3.725,0.108,0.079,1.901,1.490,0.0,4->4,0.026,0x8983,131072,131072,131072,131074,131074,131074,2,196608,0,6,,,,,,,
reg_final,F1x5_loop_ft1_t11_reg_t5,0,initiator,1938078196.797,1,LOCAL_QP_ERR,4,3.959,0.084,0.082,2.089,1.518,0.0,4->4,0.024,0x8983,196630,196630,196630,196632,196632,196632,2,262144,22,8,,,,,,,
reg_final,F1x5_loop_ft1_t11_reg_t5,0,initiator,1938078358.820,1,LOCAL_QP_ERR,5,3.947,0.081,0.086,2.020,1.571,0.0,4->4,0.025,0x8983,262166,262166,262166,262168,262168,262168,2,327680,22,10,,,,,,,
reg_final,F1x5_loop_ft1_t11_reg_t5,1,responder,807018761.544,0,LOCAL_QP_ERR,1,4.808,0.577,0.400,3.667,1.373,0.1,3->3,0.053,0x8376,12,14,14,15,15,15,1,65536,5,2,,,,,,,
reg_final,F1x5_loop_ft1_t11_reg_t5,1,responder,807018924.341,0,LOCAL_QP_ERR,2,4.450,0.448,0.148,3.716,1.171,0.1,3->3,0.052,0x8376,65536,65536,65536,65537,65537,65537,1,131072,0,4,,,,,,,
reg_final,F1x5_loop_ft1_t11_reg_t5,1,responder,807018928.280,0,LOCAL_QP_ERR,3,3.478,0.348,0.132,2.845,1.057,0.1,3->3,0.051,0x8376,131072,131072,131072,131073,131073,131073,1,196608,0,6,,,,,,,
reg_final,F1x5_loop_ft1_t11_reg_t5,1,responder,807019090.397,0,LOCAL_QP_ERR,4,3.666,0.446,0.157,2.924,1.112,0.1,3->3,0.051,0x8376,196608,196608,196608,196609,196609,196609,1,262144,0,8,,,,,,,
reg_final,F1x5_loop_ft1_t11_reg_t5,1,responder,807019252.426,0,LOCAL_QP_ERR,5,3.695,0.437,0.137,2.964,1.098,0.1,3->3,0.053,0x8376,262144,262144,262144,262145,262145,262145,1,327680,0,10,,,,,,,
reg_final,F3_loop_ft1_t11_reg_t1,0,initiator,1937867852.842,1,RETRY_EXC,1,5.641,0.396,0.114,3.538,1.435,0.0,4->4,0.028,0x88bd,151,151,151,153,153,153,2,65536,141,2,,,,,,,
reg_final,F3_loop_ft1_t11_reg_t1,1,responder,806808742.306,0,RETRY_EXC,1,5.087,0.325,0.182,4.405,2.657,0.1,3->3,0.065,0x8334,12,14,14,15,15,15,1,65536,5,2,,,,,,,
reg_final,F3_loop_ft1_t11_reg_t2,0,initiator,1937919123.097,1,RETRY_EXC,1,5.753,0.601,0.114,3.296,1.570,0.0,4->4,0.027,0x88ed,261,261,261,263,263,263,2,65536,251,2,,,,,,,
reg_final,F3_loop_ft1_t11_reg_t2,1,responder,806860013.712,0,RETRY_EXC,1,4.945,0.267,0.223,4.300,2.418,0.1,3->3,0.050,0x8344,12,14,14,15,15,15,1,65536,5,2,,,,,,,
reg_final,F3_loop_ft1_t11_reg_t3,0,initiator,1937969050.605,1,RETRY_EXC,1,5.394,0.426,0.125,3.137,1.529,0.0,4->4,0.027,0x891d,189,189,189,191,191,191,2,65536,179,2,,,,,,,
reg_final,F3_loop_ft1_t11_reg_t3,1,responder,806909942.257,0,RETRY_EXC,1,4.788,0.231,0.194,4.174,2.332,0.1,3->3,0.052,0x8354,12,14,14,15,15,15,1,65536,5,2,,,,,,,
reg_final,F3_loop_ft1_t11_reg_t4,0,initiator,1938019515.710,1,RETRY_EXC,1,5.450,0.480,0.125,3.180,1.509,0.0,4->4,0.027,0x894d,197,197,197,199,199,199,2,65536,187,2,,,,,,,
reg_final,F3_loop_ft1_t11_reg_t4,1,responder,806960408.312,0,RETRY_EXC,1,4.740,0.263,0.193,4.112,2.290,0.1,3->3,0.051,0x8364,12,14,14,15,15,15,1,65536,5,2,,,,,,,
reg_final,F3_loop_ft1_t11_reg_t5,0,initiator,1938070249.520,1,RETRY_EXC,1,5.746,0.485,0.124,3.333,1.615,0.0,4->4,0.026,0x897d,207,207,207,209,209,209,2,65536,197,2,,,,,,,
reg_final,F3_loop_ft1_t11_reg_t5,1,responder,807011142.989,0,RETRY_EXC,1,5.036,0.263,0.185,4.408,2.480,0.1,3->3,0.050,0x8374,12,14,14,15,15,15,1,65536,5,2,,,,,,,
flap_t1_final,FLAP_loop_ft1_t11_t1_cut0.5_t1,0,initiator,1938899172.276,1,RETRY_EXC,1,6.139,0.701,0.114,3.359,1.775,0.0,6->6,0.027,0x8e69,203,203,203,205,205,205,2,65536,193,2,,,,,,,
flap_t1_final,FLAP_loop_ft1_t11_t1_cut0.5_t1,1,responder,807840074.990,0,RETRY_EXC,1,5.227,0.934,0.368,3.744,1.659,0.1,5->6,0.053,0x8798,12,14,14,15,15,15,1,65536,5,2,,,,,,,
flap_t1_final,FLAP_loop_ft1_t11_t1_cut0.5_t2,0,initiator,1938988294.478,1,RETRY_EXC,1,7.906,0.807,0.105,4.523,2.317,0.0,6->6,0.026,0x8e7b,201,201,201,203,203,203,2,65536,191,2,,,,,,,
flap_t1_final,FLAP_loop_ft1_t11_t1_cut0.5_t2,1,responder,807929197.677,0,RETRY_EXC,1,6.941,1.426,0.496,4.843,2.215,0.1,6->5,0.055,0x879e,12,14,14,15,15,15,1,65536,5,2,,,,,,,
flap_t1_final,FLAP_loop_ft1_t11_t1_cut0.5_t3,0,initiator,1939077683.017,1,RETRY_EXC,1,7.634,0.700,0.106,4.357,2.314,0.0,6->6,0.027,0x8e8d,201,201,201,203,203,203,2,65536,191,2,,,,,,,
flap_t1_final,FLAP_loop_ft1_t11_t1_cut0.5_t3,1,responder,808018586.642,0,RETRY_EXC,1,6.799,1.386,0.528,4.727,2.101,0.1,5->6,0.052,0x87a4,12,14,14,15,15,15,1,65536,5,2,,,,,,,
flap_t1_final,FLAP_loop_ft1_t11_t1_cut0.5_t4,0,initiator,1939167340.858,1,RETRY_EXC,1,8.052,0.853,0.118,4.570,2.355,0.0,6->6,0.027,0x8e9f,201,201,201,203,203,203,2,65536,191,2,,,,,,,
flap_t1_final,FLAP_loop_ft1_t11_t1_cut0.5_t4,1,responder,808108244.864,0,RETRY_EXC,1,7.020,1.491,0.536,4.807,2.145,0.1,6->5,0.053,0x87aa,12,14,14,15,15,15,1,65536,5,2,,,,,,,
flap_t1_final,FLAP_loop_ft1_t11_t1_cut0.5_t5,0,initiator,1939256997.872,1,RETRY_EXC,1,7.924,0.791,0.124,4.573,2.267,0.0,6->6,0.027,0x8eb1,201,201,201,203,203,203,2,65536,191,2,,,,,,,
flap_t1_final,FLAP_loop_ft1_t11_t1_cut0.5_t5,1,responder,808197902.219,0,RETRY_EXC,1,6.963,1.423,0.599,4.773,2.200,0.1,5->6,0.053,0x87b0,12,14,14,15,15,15,1,65536,5,2,,,,,,,
flap_t1_final,FLAP_loop_ft1_t11_t1_cut15_t1,0,initiator,1938963170.901,1,RETRY_EXC,1,11391.411,0.757,0.118,11385.614,4.735,0.0,6->6,0.027,0x8e75,205,205,205,207,207,207,2,65536,195,2,,,,,,,
flap_t1_final,FLAP_loop_ft1_t11_t1_cut15_t1,1,responder,807904073.974,0,RETRY_EXC,1,11390.505,1.643,0.531,11388.167,11383.051,11379.1,5->6,0.056,0x879c,12,14,14,15,15,15,1,65536,5,2,,,,,,,
flap_t1_final,FLAP_loop_ft1_t11_t1_cut15_t2,0,initiator,1939052392.194,1,RETRY_EXC,1,11492.408,0.940,0.130,11486.125,5.001,0.0,6->6,0.027,0x8e87,203,203,203,205,205,205,2,65536,193,2,,,,,,,
flap_t1_final,FLAP_loop_ft1_t11_t1_cut15_t2,1,responder,807993295.708,0,RETRY_EXC,1,11491.349,1.618,0.525,11489.030,11483.631,11479.8,6->5,0.055,0x87a2,12,14,14,15,15,15,1,65536,5,2,,,,,,,
flap_t1_final,FLAP_loop_ft1_t11_t1_cut15_t3,0,initiator,1939142166.821,1,RETRY_EXC,1,11341.360,0.821,0.127,11335.278,4.917,0.0,6->6,0.028,0x8e99,201,201,201,203,203,203,2,65536,191,2,,,,,,,
flap_t1_final,FLAP_loop_ft1_t11_t1_cut15_t3,1,responder,808083070.774,0,RETRY_EXC,1,11340.436,1.529,0.474,11338.236,11332.923,11329.0,5->6,0.081,0x87a8,12,14,14,15,15,15,1,65536,5,2,,,,,,,
flap_t1_final,FLAP_loop_ft1_t11_t1_cut15_t4,0,initiator,1939231773.442,1,RETRY_EXC,1,11290.487,0.768,0.112,11284.547,4.874,0.0,6->6,0.028,0x8eab,201,201,201,203,203,203,2,65536,191,2,,,,,,,
flap_t1_final,FLAP_loop_ft1_t11_t1_cut15_t4,1,responder,808172677.704,0,RETRY_EXC,1,11289.586,1.703,0.516,11287.204,11281.952,11278.0,6->5,0.057,0x87ae,12,14,14,15,15,15,1,65536,5,2,,,,,,,
flap_t1_final,FLAP_loop_ft1_t11_t1_cut15_t5,0,initiator,1939321431.791,1,RETRY_EXC,1,11291.758,0.755,0.119,11285.584,5.096,0.0,6->6,0.028,0x8ebd,201,201,201,203,203,203,2,65536,191,2,,,,,,,
flap_t1_final,FLAP_loop_ft1_t11_t1_cut15_t5,1,responder,808262336.373,0,RETRY_EXC,1,11290.846,1.673,0.494,11288.509,11283.020,11279.0,5->6,0.060,0x87b4,12,14,14,15,15,15,1,65536,5,2,,,,,,,
flap_t1_final,FLAP_loop_ft1_t11_t1_cut6_t1,0,initiator,1938926607.245,1,RETRY_EXC,1,2476.575,0.714,0.116,2472.321,3.237,0.0,6->6,0.026,0x8e6f,203,203,203,205,205,205,2,65536,193,2,,,,,,,
flap_t1_final,FLAP_loop_ft1_t11_t1_cut6_t1,1,responder,807867510.119,0,RETRY_EXC,1,2475.677,1.605,0.494,2473.406,2469.835,2467.3,6->5,0.056,0x879a,12,14,14,15,15,15,1,65536,5,2,,,,,,,
flap_t1_final,FLAP_loop_ft1_t11_t1_cut6_t2,0,initiator,1939015845.393,1,RETRY_EXC,1,2325.893,0.960,0.123,2321.450,3.190,0.0,6->6,0.029,0x8e81,203,203,203,205,205,205,2,65536,193,2,,,,,,,
flap_t1_final,FLAP_loop_ft1_t11_t1_cut6_t2,1,responder,807956748.791,0,RETRY_EXC,1,2324.801,1.419,0.466,2322.710,2319.151,2316.5,5->6,0.080,0x87a0,12,14,14,15,15,15,1,65536,5,2,,,,,,,
flap_t1_final,FLAP_loop_ft1_t11_t1_cut6_t3,0,initiator,1939105435.022,1,RETRY_EXC,1,2526.794,0.756,0.134,2522.740,2.984,0.0,6->6,0.027,0x8e93,201,201,201,203,203,203,2,65536,191,2,,,,,,,
flap_t1_final,FLAP_loop_ft1_t11_t1_cut6_t3,1,responder,808046338.783,0,RETRY_EXC,1,2525.825,1.513,0.569,2523.562,2520.236,2517.6,6->5,0.060,0x87a6,12,14,14,15,15,15,1,65536,5,2,,,,,,,
flap_t1_final,FLAP_loop_ft1_t11_t1_cut6_t4,0,initiator,1939195042.069,1,RETRY_EXC,1,2476.600,0.767,0.131,2472.191,3.350,0.0,6->6,0.027,0x8ea5,201,201,201,203,203,203,2,65536,191,2,,,,,,,
flap_t1_final,FLAP_loop_ft1_t11_t1_cut6_t4,1,responder,808135946.193,0,RETRY_EXC,1,2475.643,1.414,0.448,2473.603,2469.919,2467.3,5->6,0.060,0x87ac,12,14,14,15,15,15,1,65536,5,2,,,,,,,
flap_t1_final,FLAP_loop_ft1_t11_t1_cut6_t5,0,initiator,1939284699.249,1,RETRY_EXC,1,2476.468,0.801,0.138,2472.203,3.152,0.0,6->6,0.027,0x8eb7,199,199,199,201,201,201,2,65536,189,2,,,,,,,
flap_t1_final,FLAP_loop_ft1_t11_t1_cut6_t5,1,responder,808225603.770,0,RETRY_EXC,1,2475.558,1.451,0.559,2473.321,2469.803,2467.2,6->5,0.100,0x87b2,12,14,14,15,15,15,1,65536,5,2,,,,,,,
reg_fixed,F1_loop_ft1_t11_reg_inflight_t1,0,initiator,1967300472.402,1,LOCAL_QP_ERR,1,4.594,0.378,0.104,2.191,0.850,0.0,4->4,0.021,0xa627,22882,22884,22884,22884,22884,22884,0,65536,22872,2,1,0,0,,,,
reg_fixed,F1_loop_ft1_t11_reg_inflight_t1,1,responder,836241369.692,0,LOCAL_QP_ERR,1,3.170,0.445,0.193,2.287,1.130,0.1,3->3,0.052,0x9f16,15,17,17,18,18,18,1,65536,6,2,0,0,0,,,,
reg_fixed,F1_loop_ft1_t11_reg_inflight_t10,0,initiator,1967641564.467,1,LOCAL_QP_ERR,1,4.387,0.300,0.105,2.203,0.798,0.0,4->4,0.026,0xa78f,23858,23858,23858,23860,23860,23860,2,65536,23846,2,1,0,0,,,,
reg_fixed,F1_loop_ft1_t11_reg_inflight_t10,1,responder,836582460.235,0,LOCAL_QP_ERR,1,3.141,0.445,0.185,2.273,1.163,0.1,3->3,0.054,0x9f8e,15,17,17,18,18,18,1,65536,6,2,0,0,0,,,,
reg_fixed,F1_loop_ft1_t11_reg_inflight_t11,0,initiator,1967659632.466,1,LOCAL_QP_ERR,1,4.364,0.309,0.121,2.119,0.829,0.0,4->4,0.026,0xa7a7,6896,6896,6896,6898,6898,6898,2,65536,6884,2,1,0,0,,,,
reg_fixed,F1_loop_ft1_t11_reg_inflight_t11,1,responder,836600528.171,0,LOCAL_QP_ERR,1,3.078,0.441,0.185,2.222,1.085,0.1,3->3,0.053,0x9f96,15,17,17,18,18,18,1,65536,6,2,0,0,0,,,,
reg_fixed,F1_loop_ft1_t11_reg_inflight_t12,0,initiator,1967665795.664,1,LOCAL_QP_ERR,1,4.260,0.267,0.122,2.107,0.806,0.0,4->4,0.017,0xa7b3,7732,7734,7734,7734,7734,7734,0,65536,7722,2,1,0,0,,,,
reg_fixed,F1_loop_ft1_t11_reg_inflight_t12,1,responder,836606691.346,0,LOCAL_QP_ERR,1,3.021,0.401,0.189,2.189,1.084,0.1,3->3,0.052,0x9f9a,15,17,17,18,18,18,1,65536,6,2,0,0,0,,,,
reg_fixed,F1_loop_ft1_t11_reg_inflight_t13,0,initiator,1967672025.950,1,LOCAL_QP_ERR,1,4.414,0.309,0.123,2.202,0.821,0.0,4->4,0.027,0xa7bf,12396,12396,12396,12398,12398,12398,2,65536,12384,2,1,0,0,,,,
reg_fixed,F1_loop_ft1_t11_reg_inflight_t13,1,responder,836612921.624,0,LOCAL_QP_ERR,1,3.089,0.431,0.204,2.225,1.083,0.1,3->3,0.052,0x9f9e,15,17,17,18,18,18,1,65536,6,2,0,0,0,,,,
reg_fixed,F1_loop_ft1_t11_reg_inflight_t14,0,initiator,1967678257.553,1,LOCAL_QP_ERR,1,4.319,0.300,0.112,2.151,0.793,0.0,4->4,0.019,0xa7cb,10714,10716,10716,10716,10716,10716,0,65536,10704,2,1,0,0,,,,
reg_fixed,F1_loop_ft1_t11_reg_inflight_t14,1,responder,836619153.195,0,LOCAL_QP_ERR,1,3.060,0.427,0.195,2.210,1.113,0.1,3->3,0.056,0x9fa2,15,17,17,18,18,18,1,65536,6,2,0,0,0,,,,
reg_fixed,F1_loop_ft1_t11_reg_inflight_t15,0,initiator,1967684490.523,1,LOCAL_QP_ERR,1,4.268,0.267,0.106,2.145,0.796,0.0,4->4,0.019,0xa7d7,13312,13314,13314,13314,13314,13314,0,65536,13302,2,1,0,0,,,,
reg_fixed,F1_loop_ft1_t11_reg_inflight_t15,1,responder,836625386.153,0,LOCAL_QP_ERR,1,3.017,0.418,0.204,2.159,1.052,0.1,3->3,0.057,0x9fa6,15,17,17,18,18,18,1,65536,6,2,0,0,0,,,,
reg_fixed,F1_loop_ft1_t11_reg_inflight_t16,0,initiator,1967690679.336,1,LOCAL_QP_ERR,1,4.367,0.322,0.124,2.164,0.788,0.0,4->4,0.018,0xa7e3,10464,10466,10466,10466,10466,10466,0,65536,10454,2,1,0,0,,,,
reg_fixed,F1_loop_ft1_t11_reg_inflight_t16,1,responder,836631574.931,0,LOCAL_QP_ERR,1,3.038,0.394,0.187,2.223,1.136,0.1,3->3,0.052,0x9faa,15,17,17,18,18,18,1,65536,6,2,0,0,0,,,,
reg_fixed,F1_loop_ft1_t11_reg_inflight_t17,0,initiator,1967696879.989,1,LOCAL_QP_ERR,1,4.378,0.275,0.131,2.193,0.785,0.0,4->4,0.028,0xa7ef,9810,9810,9810,9812,9812,9812,2,65536,9798,2,1,0,0,,,,
reg_fixed,F1_loop_ft1_t11_reg_inflight_t17,1,responder,836637775.598,0,LOCAL_QP_ERR,1,3.075,0.401,0.197,2.231,1.132,0.1,3->3,0.078,0x9fae,15,17,17,18,18,18,1,65536,6,2,0,0,0,,,,
reg_fixed,F1_loop_ft1_t11_reg_inflight_t18,0,initiator,1967703024.653,1,LOCAL_QP_ERR,1,4.241,0.276,0.104,2.085,0.805,0.0,4->4,0.017,0xa7fb,4422,4424,4424,4424,4424,4424,0,65536,4412,2,1,0,0,,,,
reg_fixed,F1_loop_ft1_t11_reg_inflight_t18,1,responder,836643920.211,0,LOCAL_QP_ERR,1,3.009,0.420,0.205,2.154,1.052,0.1,3->3,0.053,0x9fb2,15,17,17,18,18,18,1,65536,6,2,0,0,0,,,,
reg_fixed,F1_loop_ft1_t11_reg_inflight_t19,0,initiator,1967709351.082,1,LOCAL_QP_ERR,1,4.307,0.261,0.124,2.166,0.781,0.0,4->4,0.026,0xa807,16790,16790,16790,16792,16792,16792,2,65536,16778,2,1,0,0,,,,
reg_fixed,F1_loop_ft1_t11_reg_inflight_t19,1,responder,836650246.618,0,LOCAL_QP_ERR,1,2.988,0.389,0.190,2.167,1.080,0.1,3->3,0.052,0x9fb6,15,17,17,18,18,18,1,65536,6,2,0,0,0,,,,
reg_fixed,F1_loop_ft1_t11_reg_inflight_t2,0,initiator,1967350371.619,1,LOCAL_QP_ERR,1,4.418,0.346,0.102,2.153,0.811,0.0,4->4,0.026,0xa657,9638,9638,9638,9640,9640,9640,2,65536,9626,2,1,0,0,,,,
reg_fixed,F1_loop_ft1_t11_reg_inflight_t2,1,responder,836291268.652,0,LOCAL_QP_ERR,1,3.024,0.407,0.186,2.208,1.083,0.1,3->3,0.057,0x9f26,15,17,17,18,18,18,1,65536,6,2,0,0,0,,,,
reg_fixed,F1_loop_ft1_t11_reg_inflight_t20,0,initiator,1967715488.958,1,LOCAL_QP_ERR,1,4.234,0.277,0.139,2.051,0.790,0.0,4->4,0.029,0xa813,9548,9548,9548,9550,9550,9550,2,65536,9536,2,1,0,0,,,,
reg_fixed,F1_loop_ft1_t11_reg_inflight_t20,1,responder,836656384.474,0,LOCAL_QP_ERR,1,2.930,0.347,0.221,2.145,1.045,0.1,3->3,0.054,0x9fba,15,17,17,18,18,18,1,65536,6,2,0,0,0,,,,
reg_fixed,F1_loop_ft1_t11_reg_inflight_t3,0,initiator,1967400861.637,1,LOCAL_QP_ERR,1,4.501,0.292,0.101,2.212,0.846,0.0,4->4,0.027,0xa687,23422,23422,23422,23424,23424,23424,2,65536,23410,2,1,0,0,,,,
reg_fixed,F1_loop_ft1_t11_reg_inflight_t3,1,responder,836341758.410,0,LOCAL_QP_ERR,1,3.180,0.475,0.185,2.268,1.109,0.1,3->3,0.056,0x9f36,15,17,17,18,18,18,1,65536,6,2,0,0,0,,,,
reg_fixed,F1_loop_ft1_t11_reg_inflight_t4,0,initiator,1967451002.024,1,LOCAL_QP_ERR,1,4.562,0.384,0.105,2.232,0.818,0.1,4->4,0.027,0xa6b7,9442,9442,9442,9444,9444,9444,2,65536,9430,2,1,0,0,,,,
reg_fixed,F1_loop_ft1_t11_reg_inflight_t4,1,responder,836391898.551,0,LOCAL_QP_ERR,1,3.138,0.456,0.196,2.245,1.109,0.1,3->3,0.051,0x9f46,15,17,17,18,18,18,1,65536,6,2,0,0,0,,,,
reg_fixed,F1_loop_ft1_t11_reg_inflight_t5,0,initiator,1967501657.700,1,LOCAL_QP_ERR,1,4.378,0.326,0.136,2.156,0.785,0.0,4->4,0.018,0xa6e7,17050,17052,17052,17052,17052,17052,0,65536,17040,2,1,0,0,,,,
reg_fixed,F1_loop_ft1_t11_reg_inflight_t5,1,responder,836442554.013,0,LOCAL_QP_ERR,1,3.003,0.425,0.184,2.164,1.079,0.1,3->3,0.051,0x9f56,15,17,17,18,18,18,1,65536,6,2,0,0,0,,,,
reg_fixed,F1_loop_ft1_t11_reg_inflight_t6,0,initiator,1967552514.243,1,LOCAL_QP_ERR,1,4.569,0.333,0.131,2.240,0.832,0.0,4->4,0.026,0xa717,24690,24690,24690,24692,24692,24692,2,65536,24678,2,1,0,0,,,,
reg_fixed,F1_loop_ft1_t11_reg_inflight_t6,1,responder,836493410.343,0,LOCAL_QP_ERR,1,3.150,0.434,0.187,2.308,1.153,0.1,3->3,0.052,0x9f66,15,17,17,18,18,18,1,65536,6,2,0,0,0,,,,
reg_fixed,F1_loop_ft1_t11_reg_inflight_t7,0,initiator,1967574540.010,1,LOCAL_QP_ERR,1,4.495,0.290,0.122,2.265,0.798,0.0,4->4,0.025,0xa735,9212,9212,9212,9214,9214,9214,2,65536,9200,2,1,0,0,,,,
reg_fixed,F1_loop_ft1_t11_reg_inflight_t7,1,responder,836515436.025,0,LOCAL_QP_ERR,1,3.129,0.447,0.194,2.257,1.151,0.1,3->3,0.060,0x9f70,15,17,17,18,18,18,1,65536,6,2,0,0,0,,,,
reg_fixed,F1_loop_ft1_t11_reg_inflight_t8,0,initiator,1967597036.862,1,LOCAL_QP_ERR,1,4.407,0.422,0.101,2.138,0.769,0.0,4->4,0.017,0xa753,20842,20844,20844,20844,20844,20844,0,65536,20832,2,1,0,0,,,,
reg_fixed,F1_loop_ft1_t11_reg_inflight_t8,1,responder,836537932.792,0,LOCAL_QP_ERR,1,3.006,0.431,0.188,2.149,1.078,0.1,3->3,0.052,0x9f7a,15,17,17,18,18,18,1,65536,6,2,0,0,0,,,,
reg_fixed,F1_loop_ft1_t11_reg_inflight_t9,0,initiator,1967619179.290,1,LOCAL_QP_ERR,1,4.335,0.285,0.124,2.178,0.792,0.0,4->4,0.025,0xa771,5934,5934,5934,5936,5936,5936,2,65536,5922,2,1,0,0,,,,
reg_fixed,F1_loop_ft1_t11_reg_inflight_t9,1,responder,836560075.144,0,LOCAL_QP_ERR,1,3.096,0.438,0.194,2.232,1.131,0.1,3->3,0.055,0x9f84,15,17,17,18,18,18,1,65536,6,2,0,0,0,,,,
reg_fixed,F1_loop_ft1_t11_reg_t1,0,initiator,1967297429.574,1,LOCAL_QP_ERR,1,5.677,0.481,0.122,2.856,0.832,0.0,4->4,0.026,0xa621,176,176,176,178,178,178,2,65536,164,2,1,0,0,,,,
reg_fixed,F1_loop_ft1_t11_reg_t1,1,responder,836238326.885,0,LOCAL_QP_ERR,1,3.799,0.539,0.458,2.581,1.440,0.1,3->3,0.051,0x9f14,15,17,17,18,18,18,1,65536,6,2,0,0,0,,,,
reg_fixed,F1_loop_ft1_t11_reg_t10,0,initiator,1967638863.254,1,LOCAL_QP_ERR,1,4.677,0.116,0.136,2.597,0.808,0.0,4->4,0.026,0xa789,240,240,240,242,242,242,2,65536,228,2,1,0,0,,,,
reg_fixed,F1_loop_ft1_t11_reg_t10,1,responder,836579759.040,0,LOCAL_QP_ERR,1,3.470,0.547,0.289,2.387,1.263,0.1,3->3,0.061,0x9f8c,15,17,17,18,18,18,1,65536,6,2,0,0,0,,,,
reg_fixed,F1_loop_ft1_t11_reg_t11,0,initiator,1967656454.340,1,LOCAL_QP_ERR,1,4.805,0.088,0.116,2.768,0.792,0.0,4->4,0.026,0xa7a1,152,152,152,154,154,154,2,65536,140,2,1,0,0,,,,
reg_fixed,F1_loop_ft1_t11_reg_t11,1,responder,836597350.064,0,LOCAL_QP_ERR,1,3.629,0.707,0.282,2.396,1.298,0.1,3->3,0.063,0x9f94,15,17,17,18,18,18,1,65536,6,2,0,0,0,,,,
reg_fixed,F1_loop_ft1_t11_reg_t12,0,initiator,1967662579.330,1,LOCAL_QP_ERR,1,4.334,0.099,0.124,2.280,0.803,0.0,4->4,0.026,0xa7ad,146,146,146,148,148,148,2,65536,134,2,1,0,0,,,,
reg_fixed,F1_loop_ft1_t11_reg_t12,1,responder,836603475.034,0,LOCAL_QP_ERR,1,3.187,0.487,0.202,2.264,1.154,0.1,3->3,0.063,0x9f98,15,17,17,18,18,18,1,65536,6,2,0,0,0,,,,
reg_fixed,F1_loop_ft1_t11_reg_t13,0,initiator,1967669036.474,1,LOCAL_QP_ERR,1,4.327,0.414,0.146,1.968,0.795,0.0,4->4,0.027,0xa7b9,186,186,186,188,188,188,2,65536,174,2,1,0,0,,,,
reg_fixed,F1_loop_ft1_t11_reg_t13,1,responder,836609932.115,0,LOCAL_QP_ERR,1,2.788,0.425,0.128,2.050,0.958,0.0,3->3,0.035,0x9f9c,15,17,17,18,18,18,1,65536,6,2,0,0,0,,,,
reg_fixed,F1_loop_ft1_t11_reg_t14,0,initiator,1967675224.799,1,LOCAL_QP_ERR,1,4.192,0.086,0.111,2.167,0.800,0.0,4->4,0.026,0xa7c5,178,178,178,180,180,180,2,65536,166,2,1,0,0,,,,
reg_fixed,F1_loop_ft1_t11_reg_t14,1,responder,836616120.449,0,LOCAL_QP_ERR,1,3.014,0.427,0.184,2.187,1.078,0.1,3->3,0.053,0x9fa0,15,17,17,18,18,18,1,65536,6,2,0,0,0,,,,
reg_fixed,F1_loop_ft1_t11_reg_t15,0,initiator,1967681543.263,1,LOCAL_QP_ERR,1,4.263,0.096,0.145,2.142,0.833,0.0,4->4,0.027,0xa7d1,194,194,194,196,196,196,2,65536,182,2,1,0,0,,,,
reg_fixed,F1_loop_ft1_t11_reg_t15,1,responder,836622438.892,0,LOCAL_QP_ERR,1,3.100,0.438,0.178,2.257,1.116,0.1,3->3,0.055,0x9fa4,15,17,17,18,18,18,1,65536,6,2,0,0,0,,,,
reg_fixed,F1_loop_ft1_t11_reg_t16,0,initiator,1967688118.477,1,LOCAL_QP_ERR,1,4.304,0.102,0.126,2.254,0.823,0.0,4->4,0.027,0xa7dd,246,246,246,248,248,248,2,65536,234,2,1,0,0,,,,
reg_fixed,F1_loop_ft1_t11_reg_t16,1,responder,836629014.092,0,LOCAL_QP_ERR,1,3.197,0.429,0.197,2.336,1.196,0.1,3->3,0.056,0x9fa8,15,17,17,18,18,18,1,65536,6,2,0,0,0,,,,
reg_fixed,F1_loop_ft1_t11_reg_t17,0,initiator,1967693584.899,1,LOCAL_QP_ERR,1,4.255,0.090,0.110,2.188,0.837,0.0,4->4,0.027,0xa7e9,140,140,140,142,142,142,2,65536,128,2,1,0,0,,,,
reg_fixed,F1_loop_ft1_t11_reg_t17,1,responder,836634480.486,0,LOCAL_QP_ERR,1,3.148,0.415,0.206,2.294,1.145,0.1,3->3,0.053,0x9fac,15,17,17,18,18,18,1,65536,6,2,0,0,0,,,,
reg_fixed,F1_loop_ft1_t11_reg_t18,0,initiator,1967700152.760,1,LOCAL_QP_ERR,1,4.163,0.110,0.122,2.116,0.819,0.0,4->4,0.026,0xa7f5,188,188,188,190,190,190,2,65536,176,2,1,0,0,,,,
reg_fixed,F1_loop_ft1_t11_reg_t18,1,responder,836641048.326,0,LOCAL_QP_ERR,1,3.021,0.383,0.200,2.201,1.070,0.1,3->3,0.055,0x9fb0,15,17,17,18,18,18,1,65536,6,2,0,0,0,,,,
reg_fixed,F1_loop_ft1_t11_reg_t19,0,initiator,1967706698.079,1,LOCAL_QP_ERR,1,4.149,0.117,0.120,2.107,0.827,0.0,4->4,0.027,0xa801,240,240,240,242,242,242,2,65536,228,2,1,0,0,,,,
reg_fixed,F1_loop_ft1_t11_reg_t19,1,responder,836647593.623,0,LOCAL_QP_ERR,1,3.053,0.378,0.227,2.221,1.084,0.1,3->3,0.053,0x9fb4,15,17,17,18,18,18,1,65536,6,2,0,0,0,,,,
reg_fixed,F1_loop_ft1_t11_reg_t2,0,initiator,1967347675.458,1,LOCAL_QP_ERR,1,5.008,0.115,0.109,2.546,0.853,0.0,4->4,0.027,0xa651,222,222,222,224,224,224,2,65536,210,2,1,0,0,,,,
reg_fixed,F1_loop_ft1_t11_reg_t2,1,responder,836288572.496,0,LOCAL_QP_ERR,1,3.518,0.640,0.227,2.414,1.246,0.1,3->3,0.052,0x9f24,15,17,17,18,18,18,1,65536,6,2,0,0,0,,,,
reg_fixed,F1_loop_ft1_t11_reg_t20,0,initiator,1967712928.959,1,LOCAL_QP_ERR,1,4.142,0.093,0.111,2.133,0.818,0.0,4->4,0.026,0xa80d,242,242,242,244,244,244,2,65536,230,2,1,0,0,,,,
reg_fixed,F1_loop_ft1_t11_reg_t20,1,responder,836653824.488,0,LOCAL_QP_ERR,1,3.071,0.379,0.210,2.249,1.121,0.1,3->3,0.056,0x9fb8,15,17,17,18,18,18,1,65536,6,2,0,0,0,,,,
reg_fixed,F1_loop_ft1_t11_reg_t3,0,initiator,1967397998.895,1,LOCAL_QP_ERR,1,5.129,0.115,0.115,2.708,0.839,0.0,4->4,0.028,0xa681,214,214,214,216,216,216,2,65536,202,2,1,0,0,,,,
reg_fixed,F1_loop_ft1_t11_reg_t3,1,responder,836338895.676,0,LOCAL_QP_ERR,1,3.588,0.536,0.310,2.506,1.353,0.1,3->3,0.055,0x9f34,15,17,17,18,18,18,1,65536,6,2,0,0,0,,,,
reg_fixed,F1_loop_ft1_t11_reg_t4,0,initiator,1967447947.466,1,LOCAL_QP_ERR,1,4.885,0.098,0.106,2.442,0.882,0.0,4->4,0.027,0xa6b1,170,170,170,172,172,172,2,65536,158,2,1,0,0,,,,
reg_fixed,F1_loop_ft1_t11_reg_t4,1,responder,836388844.020,0,LOCAL_QP_ERR,1,3.438,0.575,0.221,2.421,1.222,0.1,3->3,0.052,0x9f44,15,17,17,18,18,18,1,65536,6,2,0,0,0,,,,
reg_fixed,F1_loop_ft1_t11_reg_t5,0,initiator,1967498896.343,1,LOCAL_QP_ERR,1,5.080,0.122,0.126,2.683,0.804,0.0,4->4,0.027,0xa6e1,222,222,222,224,224,224,2,65536,210,2,1,0,0,,,,
reg_fixed,F1_loop_ft1_t11_reg_t5,1,responder,836439792.665,0,LOCAL_QP_ERR,1,3.549,0.604,0.308,2.396,1.284,0.1,3->3,0.055,0x9f54,15,17,17,18,18,18,1,65536,6,2,0,0,0,,,,
reg_fixed,F1_loop_ft1_t11_reg_t6,0,initiator,1967549540.982,1,LOCAL_QP_ERR,1,4.894,0.103,0.118,2.479,0.841,0.0,4->4,0.026,0xa711,206,206,206,208,208,208,2,65536,194,2,1,0,0,,,,
reg_fixed,F1_loop_ft1_t11_reg_t6,1,responder,836490437.092,0,LOCAL_QP_ERR,1,3.413,0.575,0.227,2.380,1.225,0.1,3->3,0.052,0x9f64,15,17,17,18,18,18,1,65536,6,2,0,0,0,,,,
reg_fixed,F1_loop_ft1_t11_reg_t7,0,initiator,1967571281.884,1,LOCAL_QP_ERR,1,4.572,0.108,0.114,2.472,0.790,0.0,4->4,0.027,0xa72f,142,142,142,144,144,144,2,65536,130,2,1,0,0,,,,
reg_fixed,F1_loop_ft1_t11_reg_t7,1,responder,836512177.910,0,LOCAL_QP_ERR,1,3.388,0.653,0.197,2.299,1.201,0.1,3->3,0.053,0x9f6e,15,17,17,18,18,18,1,65536,6,2,0,0,0,,,,
reg_fixed,F1_loop_ft1_t11_reg_t8,0,initiator,1967593819.138,1,LOCAL_QP_ERR,1,4.887,0.125,0.106,2.774,0.814,0.0,4->4,0.026,0xa74d,168,168,168,170,170,170,2,65536,156,2,1,0,0,,,,
reg_fixed,F1_loop_ft1_t11_reg_t8,1,responder,836534715.085,0,LOCAL_QP_ERR,1,3.674,0.776,0.212,2.463,1.325,0.1,3->3,0.053,0x9f78,15,17,17,18,18,18,1,65536,6,2,0,0,0,,,,
reg_fixed,F1_loop_ft1_t11_reg_t9,0,initiator,1967616710.387,1,LOCAL_QP_ERR,1,4.844,0.132,0.142,2.678,0.807,0.0,4->4,0.027,0xa76b,248,248,248,250,250,250,2,65536,236,2,1,0,0,,,,
reg_fixed,F1_loop_ft1_t11_reg_t9,1,responder,836557606.243,0,LOCAL_QP_ERR,1,3.587,0.594,0.302,2.455,1.336,0.1,3->3,0.051,0x9f82,15,17,17,18,18,18,1,65536,6,2,0,0,0,,,,
reg_fixed,F1_mt_ft1_t11_reg_mt_t1,0,initiator,1967319419.731,1,LOCAL_QP_ERR,1,8.650,4.347,0.133,2.291,0.845,0.0,4->4,0.027,0xa639,58898,58898,58898,59328,59410,59410,512,65536,58886,2,1,0,0,,,,
reg_fixed,F1_mt_ft1_t11_reg_mt_t1,1,responder,836260316.921,0,LOCAL_QP_ERR,1,3.266,0.519,0.199,2.314,1.161,0.1,3->3,0.053,0x9f1c,15,17,17,18,18,18,1,65536,6,2,0,0,0,,,,
reg_fixed,F1_mt_ft1_t11_reg_mt_t10,0,initiator,1967643565.562,1,LOCAL_QP_ERR,1,6.589,1.866,0.775,2.171,0.819,0.0,4->4,0.026,0xa795,16658,16658,16658,16914,16914,16914,256,65536,16646,2,1,0,0,,,,
reg_fixed,F1_mt_ft1_t11_reg_mt_t10,1,responder,836584461.322,0,LOCAL_QP_ERR,1,3.102,0.454,0.180,2.233,1.101,0.1,3->3,0.053,0x9f90,15,17,17,18,18,18,1,65536,6,2,0,0,0,,,,
reg_fixed,F1_mt_ft1_t11_reg_mt_t2,0,initiator,1967369601.661,1,LOCAL_QP_ERR,1,6.838,2.635,0.130,2.216,0.797,0.0,4->4,0.027,0xa669,50290,50290,50290,50546,50546,50546,256,65536,50278,2,1,0,0,,,,
reg_fixed,F1_mt_ft1_t11_reg_mt_t2,1,responder,836310498.582,0,LOCAL_QP_ERR,1,3.122,0.447,0.192,2.238,1.136,0.1,3->3,0.053,0x9f2c,15,17,17,18,18,18,1,65536,6,2,0,0,0,,,,
reg_fixed,F1_mt_ft1_t11_reg_mt_t3,0,initiator,1967419901.371,1,LOCAL_QP_ERR,1,6.829,2.580,0.140,2.271,0.793,0.0,4->4,0.027,0xa699,36626,36626,36626,36882,37138,37138,512,65536,36614,2,1,0,0,,,,
reg_fixed,F1_mt_ft1_t11_reg_mt_t3,1,responder,836360798.051,0,LOCAL_QP_ERR,1,3.196,0.530,0.186,2.257,1.150,0.1,3->3,0.058,0x9f3c,15,17,17,18,18,18,1,65536,6,2,0,0,0,,,,
reg_fixed,F1_mt_ft1_t11_reg_mt_t4,0,initiator,1967470195.461,1,LOCAL_QP_ERR,1,7.140,2.693,0.126,2.336,0.846,0.1,4->4,0.027,0xa6c9,59688,59688,59688,59958,60142,60142,454,65536,59676,2,1,0,0,,,,
reg_fixed,F1_mt_ft1_t11_reg_mt_t4,1,responder,836411091.903,0,LOCAL_QP_ERR,1,3.226,0.494,0.192,2.309,1.141,0.1,3->3,0.053,0x9f4c,15,17,17,18,18,18,1,65536,6,2,0,0,0,,,,
reg_fixed,F1_mt_ft1_t11_reg_mt_t5,0,initiator,1967521077.627,1,LOCAL_QP_ERR,1,6.843,2.513,0.112,2.245,0.810,0.0,4->4,0.026,0xa6f9,60602,60602,60602,60858,60858,60858,256,65536,60590,2,1,0,0,,,,
reg_fixed,F1_mt_ft1_t11_reg_mt_t5,1,responder,836461973.852,0,LOCAL_QP_ERR,1,3.188,0.461,0.241,2.248,1.136,0.1,3->3,0.053,0x9f5c,15,17,17,18,18,18,1,65536,6,2,0,0,0,,,,
reg_fixed,F1_mt_ft1_t11_reg_mt_t6,0,initiator,1967554512.731,1,LOCAL_QP_ERR,1,6.781,2.565,0.171,2.216,0.797,0.0,4->4,0.026,0xa71d,44818,44818,44818,45074,45074,45074,256,65536,44806,2,1,0,0,,,,
reg_fixed,F1_mt_ft1_t11_reg_mt_t6,1,responder,836495408.822,0,LOCAL_QP_ERR,1,3.060,0.406,0.197,2.217,1.110,0.1,3->3,0.053,0x9f68,15,17,17,18,18,18,1,65536,6,2,0,0,0,,,,
reg_fixed,F1_mt_ft1_t11_reg_mt_t7,0,initiator,1967576643.375,1,LOCAL_QP_ERR,1,6.479,2.440,0.136,2.135,0.792,0.0,4->4,0.027,0xa73b,16146,16146,16146,16402,16402,16402,256,65536,16134,2,1,0,0,,,,
reg_fixed,F1_mt_ft1_t11_reg_mt_t7,1,responder,836517539.385,0,LOCAL_QP_ERR,1,3.050,0.440,0.203,2.174,1.069,0.1,3->3,0.057,0x9f72,15,17,17,18,18,18,1,65536,6,2,0,0,0,,,,
reg_fixed,F1_mt_ft1_t11_reg_mt_t8,0,initiator,1967599059.872,1,LOCAL_QP_ERR,1,6.401,2.351,0.172,2.114,0.790,0.0,4->4,0.026,0xa759,26666,26688,26688,26898,26898,26898,210,65536,26676,2,1,0,0,,,,
reg_fixed,F1_mt_ft1_t11_reg_mt_t8,1,responder,836539955.792,0,LOCAL_QP_ERR,1,3.006,0.399,0.187,2.179,1.082,0.1,3->3,0.052,0x9f7c,15,17,17,18,18,18,1,65536,6,2,0,0,0,,,,
reg_fixed,F1_mt_ft1_t11_reg_mt_t9,0,initiator,1967621489.752,1,LOCAL_QP_ERR,1,6.705,2.603,0.112,2.204,0.805,0.0,4->4,0.026,0xa777,72722,72722,72722,72978,72978,72978,256,131072,72710,2,1,0,0,,,,
reg_fixed,F1_mt_ft1_t11_reg_mt_t9,1,responder,836562385.599,0,LOCAL_QP_ERR,1,3.078,0.431,0.195,2.208,1.091,0.1,3->3,0.055,0x9f86,15,17,17,18,18,18,1,65536,6,2,0,0,0,,,,
reg_fixed,F1x5_loop_ft1_t11_reg_t1,0,initiator,1967315529.931,1,LOCAL_QP_ERR,1,6.020,0.103,0.108,3.346,0.855,0.0,4->4,0.027,0xa633,280,280,280,282,282,282,2,65536,268,2,1,0,0,,,,
reg_fixed,F1x5_loop_ft1_t11_reg_t1,0,initiator,1967315688.922,1,LOCAL_QP_ERR,2,4.544,0.100,0.095,2.021,0.772,0.0,4->4,0.568,0xa633,65558,65558,65558,65560,65560,65560,2,131072,22,4,2,0,0,,,,
reg_fixed,F1x5_loop_ft1_t11_reg_t1,0,initiator,1967315692.676,1,LOCAL_QP_ERR,3,3.639,0.094,0.079,1.830,0.747,0.0,4->4,0.025,0xa633,131072,131072,131072,131074,131074,131074,2,196608,0,6,3,0,0,,,,
reg_fixed,F1x5_loop_ft1_t11_reg_t1,0,initiator,1967315851.135,1,LOCAL_QP_ERR,4,3.969,0.091,0.125,2.070,0.752,0.0,4->4,0.025,0xa633,196630,196630,196630,196632,196632,196632,2,262144,22,8,4,0,0,,,,
reg_fixed,F1x5_loop_ft1_t11_reg_t1,0,initiator,1967316009.396,1,LOCAL_QP_ERR,5,3.775,0.075,0.095,1.924,0.756,0.0,4->4,0.025,0xa633,262166,262166,262166,262168,262168,262168,2,327680,22,10,5,0,0,,,,
reg_fixed,F1x5_loop_ft1_t11_reg_t1,1,responder,836256427.141,0,LOCAL_QP_ERR,1,4.247,0.952,0.405,2.664,1.492,0.1,3->3,0.053,0x9f1a,15,17,17,18,18,18,1,65536,6,2,0,0,0,,,,
reg_fixed,F1x5_loop_ft1_t11_reg_t1,1,responder,836256586.138,0,LOCAL_QP_ERR,2,3.403,0.394,0.129,2.683,1.065,0.1,3->3,0.051,0x9f1a,65536,65536,65536,65537,65537,65537,1,131072,0,4,0,0,0,,,,
reg_fixed,F1x5_loop_ft1_t11_reg_t1,1,responder,836256589.886,0,LOCAL_QP_ERR,3,2.644,0.346,0.133,1.969,0.931,0.0,3->3,0.052,0x9f1a,131072,131072,131072,131073,131073,131073,1,196608,0,6,0,0,0,,,,
reg_fixed,F1x5_loop_ft1_t11_reg_t1,1,responder,836256748.349,0,LOCAL_QP_ERR,4,2.889,0.435,0.129,2.103,1.051,0.1,3->3,0.049,0x9f1a,196608,196608,196608,196609,196609,196609,1,262144,0,8,0,0,0,,,,
reg_fixed,F1x5_loop_ft1_t11_reg_t1,1,responder,836256906.602,0,LOCAL_QP_ERR,5,2.820,0.371,0.134,2.097,1.035,0.1,3->3,0.050,0x9f1a,262144,262144,262144,262145,262145,262145,1,327680,0,10,0,0,0,,,,
reg_fixed,F1x5_loop_ft1_t11_reg_t2,0,initiator,1967365119.982,1,LOCAL_QP_ERR,1,5.197,0.100,0.110,2.724,0.833,0.0,4->4,0.026,0xa663,188,188,188,190,190,190,2,65536,176,2,1,0,0,,,,
reg_fixed,F1x5_loop_ft1_t11_reg_t2,0,initiator,1967365280.187,1,LOCAL_QP_ERR,2,4.600,0.095,0.085,2.087,0.806,0.0,4->4,0.577,0xa663,65558,65558,65558,65560,65560,65560,2,131072,22,4,2,0,0,,,,
reg_fixed,F1x5_loop_ft1_t11_reg_t2,0,initiator,1967365284.057,1,LOCAL_QP_ERR,3,3.755,0.071,0.091,1.894,0.775,0.0,4->4,0.026,0xa663,131072,131072,131072,131074,131074,131074,2,196608,0,6,3,0,0,,,,
reg_fixed,F1x5_loop_ft1_t11_reg_t2,0,initiator,1967365443.770,1,LOCAL_QP_ERR,4,4.010,0.094,0.087,2.045,0.787,0.0,4->4,0.026,0xa663,196630,196630,196630,196632,196632,196632,2,262144,22,8,4,0,0,,,,
reg_fixed,F1x5_loop_ft1_t11_reg_t2,0,initiator,1967365603.343,1,LOCAL_QP_ERR,5,3.954,0.106,0.100,1.918,0.797,0.0,4->4,0.030,0xa663,262166,262166,262166,262168,262168,262168,2,327680,22,10,5,0,0,,,,
reg_fixed,F1x5_loop_ft1_t11_reg_t2,1,responder,836306016.928,0,LOCAL_QP_ERR,1,3.684,0.599,0.279,2.567,1.415,0.1,3->3,0.053,0x9f2a,15,17,17,18,18,18,1,65536,6,2,0,0,0,,,,
reg_fixed,F1x5_loop_ft1_t11_reg_t2,1,responder,836306177.131,0,LOCAL_QP_ERR,2,3.588,0.440,0.141,2.778,1.114,0.1,3->3,0.051,0x9f2a,65536,65536,65536,65537,65537,65537,1,131072,0,4,0,0,0,,,,
reg_fixed,F1x5_loop_ft1_t11_reg_t2,1,responder,836306180.998,0,LOCAL_QP_ERR,3,2.757,0.359,0.134,2.039,0.969,0.0,3->3,0.051,0x9f2a,131072,131072,131072,131073,131073,131073,1,196608,0,6,0,0,0,,,,
reg_fixed,F1x5_loop_ft1_t11_reg_t2,1,responder,836306340.714,0,LOCAL_QP_ERR,4,2.875,0.437,0.152,2.079,0.995,0.1,3->3,0.050,0x9f2a,196608,196608,196608,196609,196609,196609,1,262144,0,8,0,0,0,,,,
reg_fixed,F1x5_loop_ft1_t11_reg_t2,1,responder,836306500.285,0,LOCAL_QP_ERR,5,2.853,0.374,0.140,2.118,1.019,0.1,3->3,0.052,0x9f2a,262144,262144,262144,262145,262145,262145,1,327680,0,10,0,0,0,,,,
reg_fixed,F1x5_loop_ft1_t11_reg_t3,0,initiator,1967415536.649,1,LOCAL_QP_ERR,1,5.255,0.108,0.165,2.707,0.894,0.0,4->4,0.026,0xa693,196,196,196,198,198,198,2,65536,184,2,1,0,0,,,,
reg_fixed,F1x5_loop_ft1_t11_reg_t3,0,initiator,1967415698.173,1,LOCAL_QP_ERR,2,4.662,0.085,0.130,2.075,0.802,0.0,4->4,0.548,0xa693,65558,65558,65558,65560,65560,65560,2,131072,22,4,2,0,0,,,,
reg_fixed,F1x5_loop_ft1_t11_reg_t3,0,initiator,1967415701.944,1,LOCAL_QP_ERR,3,3.655,0.115,0.079,1.769,0.770,0.0,4->4,0.026,0xa693,131072,131072,131072,131074,131074,131074,2,196608,0,6,3,0,0,,,,
reg_fixed,F1x5_loop_ft1_t11_reg_t3,0,initiator,1967415862.902,1,LOCAL_QP_ERR,4,4.149,0.083,0.081,2.216,0.801,0.0,4->4,0.026,0xa693,196630,196630,196630,196632,196632,196632,2,262144,22,8,4,0,0,,,,
reg_fixed,F1x5_loop_ft1_t11_reg_t3,0,initiator,1967416023.657,1,LOCAL_QP_ERR,5,3.860,0.103,0.094,1.842,0.822,0.0,4->4,0.025,0xa693,262166,262166,262166,262168,262168,262168,2,327680,22,10,5,0,0,,,,
reg_fixed,F1x5_loop_ft1_t11_reg_t3,1,responder,836356433.346,0,LOCAL_QP_ERR,1,3.716,0.638,0.281,2.561,1.345,0.1,3->3,0.054,0x9f3a,15,17,17,18,18,18,1,65536,6,2,0,0,0,,,,
reg_fixed,F1x5_loop_ft1_t11_reg_t3,1,responder,836356594.864,0,LOCAL_QP_ERR,2,3.516,0.425,0.124,2.770,1.143,0.1,3->3,0.049,0x9f3a,65536,65536,65536,65537,65537,65537,1,131072,0,4,0,0,0,,,,
reg_fixed,F1x5_loop_ft1_t11_reg_t3,1,responder,836356598.633,0,LOCAL_QP_ERR,3,2.659,0.349,0.126,1.992,0.929,0.0,3->3,0.050,0x9f3a,131072,131072,131072,131073,131073,131073,1,196608,0,6,0,0,0,,,,
reg_fixed,F1x5_loop_ft1_t11_reg_t3,1,responder,836356759.589,0,LOCAL_QP_ERR,4,3.052,0.455,0.187,2.198,1.097,0.1,3->3,0.050,0x9f3a,196608,196608,196608,196609,196609,196609,1,262144,0,8,0,0,0,,,,
reg_fixed,F1x5_loop_ft1_t11_reg_t3,1,responder,836356920.345,0,LOCAL_QP_ERR,5,2.782,0.390,0.119,2.068,0.952,0.1,3->3,0.049,0x9f3a,262144,262144,262144,262145,262145,262145,1,327680,0,10,0,0,0,,,,
reg_fixed,F1x5_loop_ft1_t11_reg_t4,0,initiator,1967465997.060,1,LOCAL_QP_ERR,1,5.794,0.147,0.118,3.190,0.841,0.0,4->4,0.027,0xa6c3,236,236,236,238,238,238,2,65536,224,2,1,0,0,,,,
reg_fixed,F1x5_loop_ft1_t11_reg_t4,0,initiator,1967466158.622,1,LOCAL_QP_ERR,2,4.760,0.098,0.096,2.092,0.821,0.0,4->4,0.574,0xa6c3,65558,65558,65558,65560,65560,65560,2,131072,22,4,2,0,0,,,,
reg_fixed,F1x5_loop_ft1_t11_reg_t4,0,initiator,1967466162.450,1,LOCAL_QP_ERR,3,3.609,0.076,0.080,1.784,0.786,0.0,4->4,0.026,0xa6c3,131072,131072,131072,131074,131074,131074,2,196608,0,6,3,0,0,,,,
reg_fixed,F1x5_loop_ft1_t11_reg_t4,0,initiator,1967466323.130,1,LOCAL_QP_ERR,4,3.831,0.102,0.097,1.907,0.798,0.0,4->4,0.026,0xa6c3,196630,196630,196630,196632,196632,196632,2,262144,22,8,4,0,0,,,,
reg_fixed,F1x5_loop_ft1_t11_reg_t4,0,initiator,1967466484.004,1,LOCAL_QP_ERR,5,3.919,0.120,0.158,1.895,0.816,0.0,4->4,0.026,0xa6c3,262166,262166,262166,262168,262168,262168,2,327680,22,10,5,0,0,,,,
reg_fixed,F1x5_loop_ft1_t11_reg_t4,1,responder,836406893.528,0,LOCAL_QP_ERR,1,4.046,0.919,0.337,2.553,1.395,0.1,3->3,0.054,0x9f4a,15,17,17,18,18,18,1,65536,6,2,0,0,0,,,,
reg_fixed,F1x5_loop_ft1_t11_reg_t4,1,responder,836407055.092,0,LOCAL_QP_ERR,2,3.525,0.392,0.141,2.768,1.087,0.1,3->3,0.050,0x9f4a,65536,65536,65536,65537,65537,65537,1,131072,0,4,0,0,0,,,,
reg_fixed,F1x5_loop_ft1_t11_reg_t4,1,responder,836407058.916,0,LOCAL_QP_ERR,3,2.707,0.354,0.140,2.022,0.932,0.1,3->3,0.050,0x9f4a,131072,131072,131072,131073,131073,131073,1,196608,0,6,0,0,0,,,,
reg_fixed,F1x5_loop_ft1_t11_reg_t4,1,responder,836407219.595,0,LOCAL_QP_ERR,4,2.749,0.371,0.133,2.046,0.941,0.1,3->3,0.050,0x9f4a,196608,196608,196608,196609,196609,196609,1,262144,0,8,0,0,0,,,,
reg_fixed,F1x5_loop_ft1_t11_reg_t4,1,responder,836407380.464,0,LOCAL_QP_ERR,5,2.790,0.364,0.135,2.096,0.972,0.1,3->3,0.051,0x9f4a,262144,262144,262144,262145,262145,262145,1,327680,0,10,0,0,0,,,,
reg_fixed,F1x5_loop_ft1_t11_reg_t5,0,initiator,1967516958.441,1,LOCAL_QP_ERR,1,6.146,0.544,0.136,3.112,0.842,0.0,4->4,0.026,0xa6f3,250,250,250,252,252,252,2,65536,238,2,1,0,0,,,,
reg_fixed,F1x5_loop_ft1_t11_reg_t5,0,initiator,1967517120.637,1,LOCAL_QP_ERR,2,4.520,0.109,0.091,2.005,0.788,0.0,4->4,0.555,0xa6f3,65558,65558,65558,65560,65560,65560,2,131072,22,4,2,0,0,,,,
reg_fixed,F1x5_loop_ft1_t11_reg_t5,0,initiator,1967517124.573,1,LOCAL_QP_ERR,3,3.821,0.079,0.143,1.940,0.798,0.0,4->4,0.025,0xa6f3,131072,131072,131072,131074,131074,131074,2,196608,0,6,3,0,0,,,,
reg_fixed,F1x5_loop_ft1_t11_reg_t5,0,initiator,1967517286.223,1,LOCAL_QP_ERR,4,3.797,0.084,0.081,1.945,0.778,0.0,4->4,0.025,0xa6f3,196630,196630,196630,196632,196632,196632,2,262144,22,8,4,0,0,,,,
reg_fixed,F1x5_loop_ft1_t11_reg_t5,0,initiator,1967517447.696,1,LOCAL_QP_ERR,5,3.725,0.094,0.089,1.835,0.774,0.0,4->4,0.025,0xa6f3,262166,262166,262166,262168,262168,262168,2,327680,22,10,5,0,0,,,,
reg_fixed,F1x5_loop_ft1_t11_reg_t5,1,responder,836457854.686,0,LOCAL_QP_ERR,1,4.055,0.887,0.331,2.590,1.429,0.1,3->3,0.055,0x9f5a,15,17,17,18,18,18,1,65536,6,2,0,0,0,,,,
reg_fixed,F1x5_loop_ft1_t11_reg_t5,1,responder,836458016.879,0,LOCAL_QP_ERR,2,3.449,0.372,0.125,2.723,1.105,0.1,3->3,0.052,0x9f5a,65536,65536,65536,65537,65537,65537,1,131072,0,4,0,0,0,,,,
reg_fixed,F1x5_loop_ft1_t11_reg_t5,1,responder,836458020.810,0,LOCAL_QP_ERR,3,2.814,0.353,0.146,2.086,0.992,0.0,3->3,0.051,0x9f5a,131072,131072,131072,131073,131073,131073,1,196608,0,6,0,0,0,,,,
reg_fixed,F1x5_loop_ft1_t11_reg_t5,1,responder,836458182.461,0,LOCAL_QP_ERR,4,2.791,0.362,0.133,2.067,0.997,0.1,3->3,0.051,0x9f5a,196608,196608,196608,196609,196609,196609,1,262144,0,8,0,0,0,,,,
reg_fixed,F1x5_loop_ft1_t11_reg_t5,1,responder,836458343.935,0,LOCAL_QP_ERR,5,2.721,0.332,0.143,2.044,0.976,0.1,3->3,0.051,0x9f5a,262144,262144,262144,262145,262145,262145,1,327680,0,10,0,0,0,,,,
reg_fixed,F3_loop_ft1_t11_reg_t1,0,initiator,1967307185.148,1,RETRY_EXC,1,6.381,0.557,0.108,3.849,1.645,0.0,4->4,0.026,0xa62d,204,204,204,206,206,206,2,65536,192,2,0,0,0,,,,
reg_fixed,F3_loop_ft1_t11_reg_t1,1,responder,836248082.406,0,RETRY_EXC,1,5.628,0.391,0.192,3.036,1.078,0.1,3->3,0.054,0x9f18,15,17,17,18,18,18,1,65536,6,2,1,0,0,,,,
reg_fixed,F3_loop_ft1_t11_reg_t2,0,initiator,1967357650.368,1,RETRY_EXC,1,5.621,0.399,0.123,3.367,1.504,0.0,4->4,0.027,0xa65d,240,240,240,242,242,242,2,65536,228,2,0,0,0,,,,
reg_fixed,F3_loop_ft1_t11_reg_t2,1,responder,836298547.351,0,RETRY_EXC,1,4.935,0.246,0.192,2.815,0.997,0.1,3->3,0.052,0x9f28,15,17,17,18,18,18,1,65536,6,2,1,0,0,,,,
reg_fixed,F3_loop_ft1_t11_reg_t3,0,initiator,1967407579.213,1,RETRY_EXC,1,5.658,0.467,0.121,3.446,1.401,0.0,4->4,0.026,0xa68d,182,182,182,184,184,184,2,65536,170,2,0,0,0,,,,
reg_fixed,F3_loop_ft1_t11_reg_t3,1,responder,836348475.945,0,RETRY_EXC,1,4.968,0.346,0.208,2.776,1.056,0.1,3->3,0.051,0x9f38,15,17,17,18,18,18,1,65536,6,2,1,0,0,,,,
reg_fixed,F3_loop_ft1_t11_reg_t4,0,initiator,1967458313.732,1,RETRY_EXC,1,5.728,0.351,0.114,3.516,1.514,0.0,4->4,0.027,0xa6bd,260,260,260,262,262,262,2,65536,248,2,0,0,0,,,,
reg_fixed,F3_loop_ft1_t11_reg_t4,1,responder,836399210.242,0,RETRY_EXC,1,5.153,0.244,0.178,2.877,1.040,0.1,3->3,0.059,0x9f48,15,17,17,18,18,18,1,65536,6,2,1,0,0,,,,
reg_fixed,F3_loop_ft1_t11_reg_t5,0,initiator,1967508779.350,1,RETRY_EXC,1,5.476,0.301,0.127,3.352,1.467,0.0,4->4,0.027,0xa6ed,212,212,212,214,214,214,2,65536,200,2,0,0,0,,,,
reg_fixed,F3_loop_ft1_t11_reg_t5,1,responder,836449675.626,0,RETRY_EXC,1,4.864,0.254,0.176,2.819,1.033,0.1,3->3,0.054,0x9f58,15,17,17,18,18,18,1,65536,6,2,1,0,0,,,,
flap_fixed,FLAP_loop_ft1_t11_t1_cut0.5_t1,0,initiator,1969114563.162,1,RETRY_EXC,1,8.027,0.945,0.137,4.225,2.479,0.0,6->6,0.026,0xae29,204,204,204,206,206,206,2,65536,192,2,0,0,0,,,,
flap_fixed,FLAP_loop_ft1_t11_t1_cut0.5_t1,1,responder,838055458.855,0,RETRY_EXC,1,6.844,1.300,0.446,4.862,2.053,0.1,5->6,0.052,0xa5ac,15,17,17,18,18,18,1,65536,6,2,0,0,0,,,,
flap_fixed,FLAP_loop_ft1_t11_t1_cut0.5_t2,0,initiator,1969203951.828,1,RETRY_EXC,1,7.809,0.668,0.115,4.560,2.205,0.0,6->6,0.027,0xae3b,204,204,204,206,206,206,2,65536,192,2,0,0,0,,,,
flap_fixed,FLAP_loop_ft1_t11_t1_cut0.5_t2,1,responder,838144849.259,0,RETRY_EXC,1,6.821,1.567,0.471,4.541,2.010,0.1,6->5,0.051,0xa5b2,15,17,17,18,18,18,1,65536,6,2,0,0,0,,,,
flap_fixed,FLAP_loop_ft1_t11_t1_cut0.5_t3,0,initiator,1969293609.512,1,RETRY_EXC,1,7.931,0.745,0.125,4.585,2.256,0.0,6->6,0.027,0xae4d,206,206,206,208,208,208,2,65536,194,2,0,0,0,,,,
flap_fixed,FLAP_loop_ft1_t11_t1_cut0.5_t3,1,responder,838234508.466,0,RETRY_EXC,1,6.920,1.406,0.563,4.709,2.108,0.1,5->6,0.052,0xa5b8,15,17,17,18,18,18,1,65536,6,2,0,0,0,,,,
flap_fixed,FLAP_loop_ft1_t11_t1_cut0.5_t4,0,initiator,1969383267.002,1,RETRY_EXC,1,7.898,0.764,0.106,4.464,2.332,0.0,6->6,0.028,0xae5f,204,204,204,206,206,206,2,65536,192,2,0,0,0,,,,
flap_fixed,FLAP_loop_ft1_t11_t1_cut0.5_t4,1,responder,838324167.256,0,RETRY_EXC,1,6.902,1.468,0.514,4.677,2.017,0.1,6->5,0.057,0xa5be,15,17,17,18,18,18,1,65536,6,2,0,0,0,,,,
flap_fixed,FLAP_loop_ft1_t11_t1_cut0.5_t5,0,initiator,1969472924.359,1,RETRY_EXC,1,7.848,0.646,0.110,4.506,2.341,0.1,6->6,0.027,0xae71,206,206,206,208,208,208,2,65536,194,2,0,0,0,,,,
flap_fixed,FLAP_loop_ft1_t11_t1_cut0.5_t5,1,responder,838413825.746,0,RETRY_EXC,1,6.973,1.453,0.532,4.751,2.088,0.1,5->6,0.053,0xa5c4,15,17,17,18,18,18,1,65536,6,2,0,0,0,,,,
flap_fixed,FLAP_loop_ft1_t11_t1_cut15_t1,0,initiator,1969178678.453,1,RETRY_EXC,1,11241.490,0.897,0.138,11235.333,4.745,0.0,6->6,0.029,0xae35,206,206,206,208,208,208,2,65536,194,2,0,0,0,,,,
flap_fixed,FLAP_loop_ft1_t11_t1_cut15_t1,1,responder,838119575.447,0,RETRY_EXC,1,11240.590,1.735,0.576,11238.008,11232.660,11228.8,5->6,0.072,0xa5b0,15,17,17,18,18,18,1,65536,6,2,0,0,0,,,,
flap_fixed,FLAP_loop_ft1_t11_t1_cut15_t2,0,initiator,1969268385.635,1,RETRY_EXC,1,11291.178,0.860,0.120,11284.878,4.897,0.0,6->6,0.027,0xae47,204,204,204,206,206,206,2,65536,192,2,0,0,0,,,,
flap_fixed,FLAP_loop_ft1_t11_t1_cut15_t2,1,responder,838209284.185,0,RETRY_EXC,1,11290.275,1.479,0.529,11288.006,11282.473,11278.8,6->5,0.057,0xa5b6,15,17,17,18,18,18,1,65536,6,2,0,0,0,,,,
flap_fixed,FLAP_loop_ft1_t11_t1_cut15_t3,0,initiator,1969357978.281,1,RETRY_EXC,1,11494.957,0.734,0.120,11489.178,4.519,0.0,6->6,0.028,0xae59,206,206,206,208,208,208,2,65536,194,2,0,0,0,,,,
flap_fixed,FLAP_loop_ft1_t11_t1_cut15_t3,1,responder,838298878.199,0,RETRY_EXC,1,11494.106,1.633,0.539,11491.660,11486.503,11482.7,5->6,0.066,0xa5bc,15,17,17,18,18,18,1,65536,6,2,0,0,0,,,,
flap_fixed,FLAP_loop_ft1_t11_t1_cut15_t4,0,initiator,1969447683.151,1,RETRY_EXC,1,11542.301,1.034,0.127,11536.037,4.676,0.0,6->6,0.028,0xae6b,204,204,204,206,206,206,2,65536,192,2,0,0,0,,,,
flap_fixed,FLAP_loop_ft1_t11_t1_cut15_t4,1,responder,838388584.254,0,RETRY_EXC,1,11541.157,1.691,0.469,11538.735,11533.418,11529.8,6->5,0.062,0xa5c2,15,17,17,18,18,18,1,65536,6,2,0,0,0,,,,
flap_fixed,FLAP_loop_ft1_t11_t1_cut15_t5,0,initiator,1969537358.997,1,RETRY_EXC,1,11292.298,0.870,0.120,11286.122,4.766,0.0,6->6,0.027,0xae7d,202,202,202,204,204,204,2,65536,190,2,0,0,0,,,,
flap_fixed,FLAP_loop_ft1_t11_t1_cut15_t5,1,responder,838478261.126,0,RETRY_EXC,1,11290.812,1.647,0.535,11288.376,11282.945,11279.2,5->6,0.059,0xa5c8,15,17,17,18,18,18,1,65536,6,2,0,0,0,,,,
flap_fixed,FLAP_loop_ft1_t11_t1_cut6_t1,0,initiator,1969142113.594,1,RETRY_EXC,1,2325.611,0.838,0.117,2321.260,3.093,0.0,6->6,0.029,0xae2f,204,204,204,206,206,206,2,65536,192,2,0,0,0,,,,
flap_fixed,FLAP_loop_ft1_t11_t1_cut6_t1,1,responder,838083009.875,0,RETRY_EXC,1,2324.538,1.663,0.483,2322.143,2318.598,2316.0,6->5,0.066,0xa5ae,15,17,17,18,18,18,1,65536,6,2,0,0,0,,,,
flap_fixed,FLAP_loop_ft1_t11_t1_cut6_t2,0,initiator,1969231653.632,1,RETRY_EXC,1,2476.489,0.708,0.116,2472.357,3.007,0.0,6->6,0.028,0xae41,204,204,204,206,206,206,2,65536,192,2,0,0,0,,,,
flap_fixed,FLAP_loop_ft1_t11_t1_cut6_t2,1,responder,838172551.598,0,RETRY_EXC,1,2475.636,1.504,0.296,2473.569,2470.115,2467.3,5->6,0.090,0xa5b4,15,17,17,18,18,18,1,65536,6,2,0,0,0,,,,
flap_fixed,FLAP_loop_ft1_t11_t1_cut6_t3,0,initiator,1969321260.802,1,RETRY_EXC,1,2426.395,0.744,0.115,2422.202,3.047,0.0,6->6,0.027,0xae53,206,206,206,208,208,208,2,65536,194,2,0,0,0,,,,
flap_fixed,FLAP_loop_ft1_t11_t1_cut6_t3,1,responder,838262160.263,0,RETRY_EXC,1,2425.471,1.442,0.538,2423.244,2419.611,2417.0,6->5,0.060,0xa5ba,15,17,17,18,18,18,1,65536,6,2,0,0,0,,,,
flap_fixed,FLAP_loop_ft1_t11_t1_cut6_t4,0,initiator,1969410968.558,1,RETRY_EXC,1,2476.653,0.959,0.139,2472.145,3.149,0.0,6->6,0.028,0xae65,204,204,204,206,206,206,2,65536,192,2,0,0,0,,,,
flap_fixed,FLAP_loop_ft1_t11_t1_cut6_t4,1,responder,838351869.182,0,RETRY_EXC,1,2475.497,1.429,0.458,2473.378,2469.840,2467.3,5->6,0.058,0xa5c0,15,17,17,18,18,18,1,65536,6,2,0,0,0,,,,
flap_fixed,FLAP_loop_ft1_t11_t1_cut6_t5,0,initiator,1969500626.257,1,RETRY_EXC,1,2476.815,0.762,0.134,2472.473,3.113,0.0,6->6,0.028,0xae77,204,204,204,206,206,206,2,65536,192,2,0,0,0,,,,
flap_fixed,FLAP_loop_ft1_t11_t1_cut6_t5,1,responder,838441527.975,0,RETRY_EXC,1,2475.830,1.372,0.485,2473.719,2470.141,2467.6,6->5,0.056,0xa5c6,15,17,17,18,18,18,1,65536,6,2,0,0,0,,,,
fetch_fixed,F1_loop_ft1_t11_fetch_gap15_t1,0,initiator,1970024428.430,1,LOCAL_QP_ERR,1,5.949,0.095,0.121,3.212,0.858,0.0,4->4,0.027,0xb2af,158,158,158,160,160,160,2,65536,138,2,1,0,0,,,,
fetch_fixed,F1_loop_ft1_t11_fetch_gap15_t1,1,responder,838965334.462,0,LOCAL_QP_ERR,1,4.110,0.814,0.309,2.752,1.578,0.1,3->3,0.055,0xacee,15,17,17,18,18,18,1,65536,6,2,0,0,0,,,,
fetch_fixed,F1_loop_ft1_t11_fetch_gap15_t10,0,initiator,1970293116.571,1,LOCAL_QP_ERR,1,6.317,0.119,0.106,3.450,0.901,0.0,4->4,0.027,0xb363,276,276,276,278,278,278,2,65536,249,2,1,0,0,,,,
fetch_fixed,F1_loop_ft1_t11_fetch_gap15_t10,1,responder,839234024.036,0,LOCAL_QP_ERR,1,4.490,0.964,0.377,2.915,1.706,0.1,3->3,0.064,0xad2a,15,17,17,18,18,18,1,65536,6,2,0,0,0,,,,
fetch_fixed,F1_loop_ft1_t11_fetch_gap15_t11,0,initiator,1970306193.393,1,LOCAL_QP_ERR,1,4.963,0.084,0.120,2.794,0.802,0.0,4->4,0.027,0xb36f,152,152,152,154,154,154,2,65536,132,2,1,0,0,,,,
fetch_fixed,F1_loop_ft1_t11_fetch_gap15_t11,1,responder,839247100.911,0,LOCAL_QP_ERR,1,3.690,0.702,0.249,2.505,1.395,0.1,3->3,0.054,0xad2e,15,17,17,18,18,18,1,65536,6,2,0,0,0,,,,
fetch_fixed,F1_loop_ft1_t11_fetch_gap15_t12,0,initiator,1970320475.413,1,LOCAL_QP_ERR,1,5.336,0.103,0.140,3.118,0.823,0.0,4->4,0.027,0xb37b,220,220,220,222,222,222,2,65536,196,2,1,0,0,,,,
fetch_fixed,F1_loop_ft1_t11_fetch_gap15_t12,1,responder,839261383.012,0,LOCAL_QP_ERR,1,3.979,0.796,0.282,2.664,1.524,0.1,3->3,0.057,0xad32,15,17,17,18,18,18,1,65536,6,2,0,0,0,,,,
fetch_fixed,F1_loop_ft1_t11_fetch_gap15_t2,0,initiator,1970056756.089,1,LOCAL_QP_ERR,1,6.826,0.633,0.121,3.594,0.829,0.0,4->4,0.026,0xb2c7,264,264,264,266,266,266,2,65536,238,2,1,0,0,,,,
fetch_fixed,F1_loop_ft1_t11_fetch_gap15_t2,1,responder,838997662.310,0,LOCAL_QP_ERR,1,4.522,1.068,0.371,2.832,1.692,0.1,3->3,0.054,0xacf6,15,17,17,18,18,18,1,65536,6,2,0,0,0,,,,
fetch_fixed,F1_loop_ft1_t11_fetch_gap15_t3,0,initiator,1970088393.574,1,LOCAL_QP_ERR,1,6.394,0.113,0.124,3.607,0.851,0.0,4->4,0.027,0xb2df,268,268,268,270,270,270,2,65536,242,2,1,0,0,,,,
fetch_fixed,F1_loop_ft1_t11_fetch_gap15_t3,1,responder,839029299.976,0,LOCAL_QP_ERR,1,4.515,1.040,0.365,2.874,1.701,0.1,3->3,0.053,0xacfe,15,17,17,18,18,18,1,65536,6,2,0,0,0,,,,
fetch_fixed,F1_loop_ft1_t11_fetch_gap15_t4,0,initiator,1970119984.405,1,LOCAL_QP_ERR,1,6.164,0.095,0.186,3.244,0.913,0.0,4->4,0.026,0xb2f7,260,260,260,262,262,262,2,65536,234,2,1,0,0,,,,
fetch_fixed,F1_loop_ft1_t11_fetch_gap15_t4,1,responder,839060890.984,0,LOCAL_QP_ERR,1,4.247,0.807,0.351,2.861,1.633,0.1,3->3,0.052,0xad06,15,17,17,18,18,18,1,65536,6,2,0,0,0,,,,
fetch_fixed,F1_loop_ft1_t11_fetch_gap15_t5,0,initiator,1970147560.056,1,LOCAL_QP_ERR,1,6.197,0.109,0.140,3.493,0.895,0.0,4->4,0.027,0xb309,264,264,264,266,266,266,2,65536,238,2,1,0,0,,,,
fetch_fixed,F1_loop_ft1_t11_fetch_gap15_t5,1,responder,839088466.784,0,LOCAL_QP_ERR,1,4.456,1.096,0.328,2.796,1.594,0.1,3->3,0.054,0xad0c,15,17,17,18,18,18,1,65536,6,2,0,0,0,,,,
fetch_fixed,F1_loop_ft1_t11_fetch_gap15_t6,0,initiator,1970174668.374,1,LOCAL_QP_ERR,1,5.937,0.157,0.110,3.215,0.855,0.0,4->4,0.026,0xb31b,194,194,194,196,196,196,2,65536,172,2,1,0,0,,,,
fetch_fixed,F1_loop_ft1_t11_fetch_gap15_t6,1,responder,839115575.244,0,LOCAL_QP_ERR,1,4.158,1.079,0.211,2.635,1.458,0.1,3->3,0.054,0xad12,15,17,17,18,18,18,1,65536,6,2,0,0,0,,,,
fetch_fixed,F1_loop_ft1_t11_fetch_gap15_t7,0,initiator,1970202061.110,1,LOCAL_QP_ERR,1,5.704,0.121,0.123,3.046,0.873,0.0,4->4,0.026,0xb32d,168,168,168,170,170,170,2,65536,147,2,1,0,0,,,,
fetch_fixed,F1_loop_ft1_t11_fetch_gap15_t7,1,responder,839142968.121,0,LOCAL_QP_ERR,1,4.007,0.808,0.297,2.640,1.453,0.1,3->3,0.055,0xad18,15,17,17,18,18,18,1,65536,6,2,0,0,0,,,,
fetch_fixed,F1_loop_ft1_t11_fetch_gap15_t8,0,initiator,1970229678.730,1,LOCAL_QP_ERR,1,5.887,0.131,0.112,3.144,0.892,0.0,4->4,0.027,0xb33f,184,184,184,186,186,186,2,65536,162,2,1,0,0,,,,
fetch_fixed,F1_loop_ft1_t11_fetch_gap15_t8,1,responder,839170585.878,0,LOCAL_QP_ERR,1,4.093,0.784,0.347,2.728,1.502,0.1,3->3,0.053,0xad1e,15,17,17,18,18,18,1,65536,6,2,0,0,0,,,,
flap_cut25,FLAP_loop_ft1_t11_t1_cut25_t1,0,initiator,1971284573.344,1,RETRY_EXC,1,21463.717,0.510,0.120,21456.633,5.955,0.0,6->6,0.027,0xbdc1,208,208,208,210,210,210,2,65536,196,2,0,0,0,,,,
flap_cut25,FLAP_loop_ft1_t11_t1_cut25_t1,1,responder,840225487.914,0,RETRY_EXC,1,21463.063,1.000,0.360,21461.448,21454.609,21450.2,5->6,0.066,0xb844,15,17,17,18,18,18,1,65536,6,2,0,0,0,,,,
flap_cut25,FLAP_loop_ft1_t11_t1_cut25_t2,0,initiator,1971331181.391,1,RETRY_EXC,1,21363.959,0.782,0.133,21356.475,6.105,0.0,6->6,0.028,0xbdc7,206,206,206,208,208,208,2,65536,194,2,0,0,0,,,,
flap_cut25,FLAP_loop_ft1_t11_t1_cut25_t2,1,responder,840272096.215,0,RETRY_EXC,1,21362.989,1.557,0.551,21360.628,21353.709,21349.1,6->5,0.059,0xb846,15,17,17,18,18,18,1,65536,6,2,0,0,0,,,,
flap_cut25,FLAP_loop_ft1_t11_t1_cut25_t3,0,initiator,1971377721.746,1,RETRY_EXC,1,21465.038,0.709,0.109,21457.949,5.738,0.0,6->6,0.027,0xbdcd,204,204,204,206,206,206,2,65536,192,2,0,0,0,,,,
flap_cut25,FLAP_loop_ft1_t11_t1_cut25_t3,1,responder,840318636.849,0,RETRY_EXC,1,21464.181,1.341,0.534,21462.048,21455.454,21450.8,5->6,0.066,0xb848,15,17,17,18,18,18,1,65536,6,2,0,0,0,,,,
reg_final2,F1_loop_ft1_t11_reg_inflight_t1,0,initiator,1973847575.616,1,LOCAL_QP_ERR,1,5.097,0.582,0.117,2.472,0.820,0.0,4->4,0.021,0xcdd9,15830,15832,15832,15832,15832,15832,0,65536,15820,2,1,0,0,,,,
reg_final2,F1_loop_ft1_t11_reg_inflight_t1,1,responder,842788469.843,0,LOCAL_QP_ERR,1,3.324,0.478,0.280,2.323,1.184,0.1,3->3,0.053,0xc858,15,17,17,18,18,18,1,65536,6,2,0,0,0,,,,
reg_final2,F1_loop_ft1_t11_reg_inflight_t10,0,initiator,1974189280.438,1,LOCAL_QP_ERR,1,4.448,0.312,0.105,2.229,0.798,0.0,4->4,0.018,0xcf41,24080,24082,24082,24082,24082,24082,0,65536,24070,2,1,0,0,,,,
reg_final2,F1_loop_ft1_t11_reg_inflight_t10,1,responder,843130170.380,0,LOCAL_QP_ERR,1,3.058,0.445,0.193,2.194,1.097,0.1,3->3,0.054,0xc8d0,15,17,17,18,18,18,1,65536,6,2,0,0,0,,,,
reg_final2,F1_loop_ft1_t11_reg_inflight_t11,0,initiator,1974207342.436,1,LOCAL_QP_ERR,1,4.449,0.332,0.111,2.240,0.788,0.0,4->4,0.027,0xcf59,10570,10570,10570,10572,10572,10572,2,65536,10558,2,1,0,0,,,,
reg_final2,F1_loop_ft1_t11_reg_inflight_t11,1,responder,843148232.194,0,LOCAL_QP_ERR,1,3.158,0.468,0.188,2.272,1.170,0.1,3->3,0.055,0xc8d8,15,17,17,18,18,18,1,65536,6,2,0,0,0,,,,
reg_final2,F1_loop_ft1_t11_reg_inflight_t12,0,initiator,1974213508.860,1,LOCAL_QP_ERR,1,4.427,0.288,0.124,2.243,0.794,0.0,4->4,0.027,0xcf65,7214,7214,7214,7216,7216,7216,2,65536,7202,2,1,0,0,,,,
reg_final2,F1_loop_ft1_t11_reg_inflight_t12,1,responder,843154398.555,0,LOCAL_QP_ERR,1,3.094,0.422,0.253,2.175,1.069,0.1,3->3,0.054,0xc8dc,15,17,17,18,18,18,1,65536,6,2,0,0,0,,,,
reg_final2,F1_loop_ft1_t11_reg_inflight_t13,0,initiator,1974219799.539,1,LOCAL_QP_ERR,1,4.360,0.360,0.164,2.087,0.782,0.0,4->4,0.018,0xcf71,13038,13040,13040,13040,13040,13040,0,65536,13028,2,1,0,0,,,,
reg_final2,F1_loop_ft1_t11_reg_inflight_t13,1,responder,843160689.165,0,LOCAL_QP_ERR,1,2.947,0.388,0.198,2.132,1.055,0.1,3->3,0.052,0xc8e0,15,17,17,18,18,18,1,65536,6,2,0,0,0,,,,
reg_final2,F1_loop_ft1_t11_reg_inflight_t14,0,initiator,1974225970.133,1,LOCAL_QP_ERR,1,4.059,0.267,0.122,1.920,0.772,0.0,4->4,0.025,0xcf7d,10274,10274,10274,10276,10276,10276,2,65536,10262,2,1,0,0,,,,
reg_final2,F1_loop_ft1_t11_reg_inflight_t14,1,responder,843166859.721,0,LOCAL_QP_ERR,1,2.763,0.355,0.148,2.041,0.958,0.0,3->3,0.070,0xc8e4,15,17,17,18,18,18,1,65536,6,2,0,0,0,,,,
reg_final2,F1_loop_ft1_t11_reg_inflight_t15,0,initiator,1974232259.761,1,LOCAL_QP_ERR,1,4.376,0.349,0.120,2.136,0.766,0.0,4->4,0.027,0xcf89,20662,20662,20662,20664,20664,20664,2,65536,20650,2,1,0,0,,,,
reg_final2,F1_loop_ft1_t11_reg_inflight_t15,1,responder,843173149.265,0,LOCAL_QP_ERR,1,2.960,0.385,0.208,2.136,1.060,0.1,3->3,0.053,0xc8e8,15,17,17,18,18,18,1,65536,6,2,0,0,0,,,,
reg_final2,F1_loop_ft1_t11_reg_inflight_t16,0,initiator,1974238371.184,1,LOCAL_QP_ERR,1,4.297,0.305,0.130,2.073,0.814,0.0,4->4,0.019,0xcf95,13924,13926,13926,13926,13926,13926,0,65536,13914,2,1,0,0,,,,
reg_final2,F1_loop_ft1_t11_reg_inflight_t16,1,responder,843179260.631,0,LOCAL_QP_ERR,1,3.002,0.389,0.196,2.186,1.067,0.1,3->3,0.055,0xc8ec,15,17,17,18,18,18,1,65536,6,2,0,0,0,,,,
reg_final2,F1_loop_ft1_t11_reg_inflight_t17,0,initiator,1974244585.439,1,LOCAL_QP_ERR,1,4.389,0.291,0.123,2.192,0.800,0.0,4->4,0.027,0xcfa1,12580,12580,12580,12582,12582,12582,2,65536,12568,2,1,0,0,,,,
reg_final2,F1_loop_ft1_t11_reg_inflight_t17,1,responder,843185474.823,0,LOCAL_QP_ERR,1,3.035,0.394,0.191,2.226,1.117,0.1,3->3,0.056,0xc8f0,15,17,17,18,18,18,1,65536,6,2,0,0,0,,,,
reg_final2,F1_loop_ft1_t11_reg_inflight_t18,0,initiator,1974250747.954,1,LOCAL_QP_ERR,1,4.275,0.277,0.128,2.118,0.792,0.0,4->4,0.018,0xcfad,4636,4638,4638,4638,4638,4638,0,65536,4626,2,1,0,0,,,,
reg_final2,F1_loop_ft1_t11_reg_inflight_t18,1,responder,843191637.274,0,LOCAL_QP_ERR,1,3.026,0.420,0.195,2.189,1.098,0.1,3->3,0.053,0xc8f4,15,17,17,18,18,18,1,65536,6,2,0,0,0,,,,
reg_final2,F1_loop_ft1_t11_reg_inflight_t19,0,initiator,1974257018.218,1,LOCAL_QP_ERR,1,4.196,0.284,0.115,2.056,0.772,0.0,4->4,0.027,0xcfb9,13868,13868,13868,13870,13870,13870,2,65536,13856,2,1,0,0,,,,
reg_final2,F1_loop_ft1_t11_reg_inflight_t19,1,responder,843197907.477,0,LOCAL_QP_ERR,1,2.933,0.393,0.189,2.134,1.054,0.1,3->3,0.052,0xc8f8,15,17,17,18,18,18,1,65536,6,2,0,0,0,,,,
reg_final2,F1_loop_ft1_t11_reg_inflight_t2,0,initiator,1973897841.442,1,LOCAL_QP_ERR,1,4.494,0.336,0.112,2.219,0.798,0.0,4->4,0.026,0xce09,7584,7584,7584,7586,7586,7586,2,65536,7572,2,1,0,0,,,,
reg_final2,F1_loop_ft1_t11_reg_inflight_t2,1,responder,842838734.923,0,LOCAL_QP_ERR,1,3.053,0.403,0.192,2.208,1.098,0.1,3->3,0.053,0xc868,15,17,17,18,18,18,1,65536,6,2,0,0,0,,,,
reg_final2,F1_loop_ft1_t11_reg_inflight_t20,0,initiator,1974263332.162,1,LOCAL_QP_ERR,1,4.276,0.268,0.107,2.119,0.787,0.0,4->4,0.019,0xcfc5,22756,22758,22758,22758,22758,22758,0,65536,22746,2,1,0,0,,,,
reg_final2,F1_loop_ft1_t11_reg_inflight_t20,1,responder,843204221.359,0,LOCAL_QP_ERR,1,3.006,0.381,0.187,2.197,1.109,0.1,3->3,0.052,0xc8fc,15,17,17,18,18,18,1,65536,6,2,0,0,0,,,,
reg_final2,F1_loop_ft1_t11_reg_inflight_t3,0,initiator,1973948359.177,1,LOCAL_QP_ERR,1,4.438,0.344,0.110,2.160,0.825,0.0,4->4,0.017,0xce39,14258,14260,14260,14260,14260,14260,0,65536,14248,2,1,0,0,,,,
reg_final2,F1_loop_ft1_t11_reg_inflight_t3,1,responder,842889251.955,0,LOCAL_QP_ERR,1,3.098,0.422,0.192,2.255,1.128,0.1,3->3,0.051,0xc878,15,17,17,18,18,18,1,65536,6,2,0,0,0,,,,
reg_final2,F1_loop_ft1_t11_reg_inflight_t4,0,initiator,1973998875.088,1,LOCAL_QP_ERR,1,4.495,0.400,0.166,2.101,0.815,0.0,4->4,0.027,0xce69,20800,20800,20800,20802,20802,20802,2,65536,20788,2,1,0,0,,,,
reg_final2,F1_loop_ft1_t11_reg_inflight_t4,1,responder,842939767.206,0,LOCAL_QP_ERR,1,3.008,0.395,0.190,2.201,1.074,0.1,3->3,0.053,0xc888,15,17,17,18,18,18,1,65536,6,2,0,0,0,,,,
reg_final2,F1_loop_ft1_t11_reg_inflight_t5,0,initiator,1974049282.782,1,LOCAL_QP_ERR,1,4.330,0.233,0.105,2.175,0.808,0.0,4->4,0.017,0xce99,11126,11128,11128,11128,11128,11128,0,65536,11116,2,1,0,0,,,,
reg_final2,F1_loop_ft1_t11_reg_inflight_t5,1,responder,842990174.281,0,LOCAL_QP_ERR,1,3.061,0.429,0.207,2.195,1.088,0.1,3->3,0.054,0xc898,15,17,17,18,18,18,1,65536,6,2,0,0,0,,,,
reg_final2,F1_loop_ft1_t11_reg_inflight_t6,0,initiator,1974100045.624,1,LOCAL_QP_ERR,1,4.480,0.321,0.110,2.252,0.804,0.0,4->4,0.018,0xcec9,10804,10806,10806,10806,10806,10806,0,65536,10794,2,1,0,0,,,,
reg_final2,F1_loop_ft1_t11_reg_inflight_t6,1,responder,843040936.539,0,LOCAL_QP_ERR,1,3.125,0.420,0.235,2.222,1.111,0.1,3->3,0.057,0xc8a8,15,17,17,18,18,18,1,65536,6,2,0,0,0,,,,
reg_final2,F1_loop_ft1_t11_reg_inflight_t7,0,initiator,1974122216.902,1,LOCAL_QP_ERR,1,4.447,0.324,0.139,2.226,0.774,0.0,4->4,0.018,0xcee7,4264,4266,4266,4266,4266,4266,0,65536,4254,2,1,0,0,,,,
reg_final2,F1_loop_ft1_t11_reg_inflight_t7,1,responder,843063107.566,0,LOCAL_QP_ERR,1,3.038,0.414,0.187,2.214,1.137,0.1,3->3,0.053,0xc8b2,15,17,17,18,18,18,1,65536,6,2,0,0,0,,,,
reg_final2,F1_loop_ft1_t11_reg_inflight_t8,0,initiator,1974144640.662,1,LOCAL_QP_ERR,1,4.438,0.295,0.125,2.258,0.784,0.0,4->4,0.026,0xcf05,16760,16760,16760,16762,16762,16762,2,65536,16748,2,1,0,0,,,,
reg_final2,F1_loop_ft1_t11_reg_inflight_t8,1,responder,843085531.134,0,LOCAL_QP_ERR,1,3.152,0.457,0.194,2.229,1.125,0.1,3->3,0.101,0xc8bc,15,17,17,18,18,18,1,65536,6,2,0,0,0,,,,
reg_final2,F1_loop_ft1_t11_reg_inflight_t9,0,initiator,1974166922.926,1,LOCAL_QP_ERR,1,4.390,0.291,0.151,2.203,0.793,0.0,4->4,0.026,0xcf23,18784,18784,18784,18786,18786,18786,2,65536,18772,2,1,0,0,,,,
reg_final2,F1_loop_ft1_t11_reg_inflight_t9,1,responder,843107813.100,0,LOCAL_QP_ERR,1,3.073,0.441,0.203,2.210,1.105,0.1,3->3,0.052,0xc8c6,15,17,17,18,18,18,1,65536,6,2,0,0,0,,,,
reg_final2,F1_loop_ft1_t11_reg_t1,0,initiator,1973844675.026,1,LOCAL_QP_ERR,1,5.458,0.122,0.109,2.627,0.888,0.1,4->4,0.028,0xcdd3,202,202,202,204,204,204,2,65536,190,2,1,0,0,,,,
reg_final2,F1_loop_ft1_t11_reg_t1,1,responder,842785569.294,0,LOCAL_QP_ERR,1,3.617,0.605,0.198,2.584,1.374,0.1,3->3,0.050,0xc856,15,17,17,18,18,18,1,65536,6,2,0,0,0,,,,
reg_final2,F1_loop_ft1_t11_reg_t10,0,initiator,1974186215.683,1,LOCAL_QP_ERR,1,4.706,0.093,0.122,2.642,0.799,0.0,4->4,0.027,0xcf3b,188,188,188,190,190,190,2,65536,176,2,1,0,0,,,,
reg_final2,F1_loop_ft1_t11_reg_t10,1,responder,843127105.659,0,LOCAL_QP_ERR,1,3.521,0.669,0.268,2.355,1.241,0.1,3->3,0.054,0xc8ce,15,17,17,18,18,18,1,65536,6,2,0,0,0,,,,
reg_final2,F1_loop_ft1_t11_reg_t11,0,initiator,1974204506.458,1,LOCAL_QP_ERR,1,4.924,0.101,0.122,2.843,0.798,0.0,4->4,0.027,0xcf53,202,202,202,204,204,204,2,65536,190,2,1,0,0,,,,
reg_final2,F1_loop_ft1_t11_reg_t11,1,responder,843145396.243,0,LOCAL_QP_ERR,1,3.695,0.774,0.272,2.425,1.311,0.1,3->3,0.053,0xc8d6,15,17,17,18,18,18,1,65536,6,2,0,0,0,,,,
reg_final2,F1_loop_ft1_t11_reg_t12,0,initiator,1974210252.533,1,LOCAL_QP_ERR,1,4.238,0.100,0.107,2.227,0.811,0.0,4->4,0.026,0xcf5f,144,144,144,146,146,146,2,65536,132,2,1,0,0,,,,
reg_final2,F1_loop_ft1_t11_reg_t12,1,responder,843151142.256,0,LOCAL_QP_ERR,1,3.122,0.453,0.190,2.258,1.138,0.1,3->3,0.053,0xc8da,15,17,17,18,18,18,1,65536,6,2,0,0,0,,,,
reg_final2,F1_loop_ft1_t11_reg_t13,0,initiator,1974217147.472,1,LOCAL_QP_ERR,1,4.278,0.097,0.114,2.227,0.801,0.0,4->4,0.028,0xcf6b,236,236,236,238,238,238,2,65536,224,2,1,0,0,,,,
reg_final2,F1_loop_ft1_t11_reg_t13,1,responder,843158037.131,0,LOCAL_QP_ERR,1,3.100,0.427,0.198,2.233,1.115,0.1,3->3,0.055,0xc8de,15,17,17,18,18,18,1,65536,6,2,0,0,0,,,,
reg_final2,F1_loop_ft1_t11_reg_t14,0,initiator,1974223646.862,1,LOCAL_QP_ERR,1,4.399,0.097,0.121,2.336,0.811,0.0,4->4,0.027,0xcf77,278,278,278,280,280,280,2,65536,266,2,1,0,0,,,,
reg_final2,F1_loop_ft1_t11_reg_t14,1,responder,843164536.458,0,LOCAL_QP_ERR,1,3.232,0.524,0.188,2.289,1.165,0.1,3->3,0.054,0xc8e2,15,17,17,18,18,18,1,65536,6,2,0,0,0,,,,
reg_final2,F1_loop_ft1_t11_reg_t15,0,initiator,1974228907.045,1,LOCAL_QP_ERR,1,4.184,0.097,0.105,2.156,0.802,0.0,4->4,0.027,0xcf83,142,142,142,144,144,144,2,65536,130,2,1,0,0,,,,
reg_final2,F1_loop_ft1_t11_reg_t15,1,responder,843169796.585,0,LOCAL_QP_ERR,1,3.064,0.404,0.186,2.232,1.115,0.1,3->3,0.054,0xc8e6,15,17,17,18,18,18,1,65536,6,2,0,0,0,,,,
reg_final2,F1_loop_ft1_t11_reg_t16,0,initiator,1974235502.109,1,LOCAL_QP_ERR,1,4.273,0.085,0.118,2.219,0.818,0.0,4->4,0.026,0xcf8f,206,206,206,208,208,208,2,65536,194,2,1,0,0,,,,
reg_final2,F1_loop_ft1_t11_reg_t16,1,responder,843176391.582,0,LOCAL_QP_ERR,1,3.063,0.420,0.185,2.232,1.107,0.1,3->3,0.054,0xc8ea,15,17,17,18,18,18,1,65536,6,2,0,0,0,,,,
reg_final2,F1_loop_ft1_t11_reg_t17,0,initiator,1974241993.830,1,LOCAL_QP_ERR,1,4.310,0.124,0.131,2.210,0.821,0.0,4->4,0.027,0xcf9b,244,244,244,246,246,246,2,65536,232,2,1,0,0,,,,
reg_final2,F1_loop_ft1_t11_reg_t17,1,responder,843182883.241,0,LOCAL_QP_ERR,1,3.127,0.410,0.176,2.307,1.173,0.1,3->3,0.056,0xc8ee,15,17,17,18,18,18,1,65536,6,2,0,0,0,,,,
reg_final2,F1_loop_ft1_t11_reg_t18,0,initiator,1974248144.933,1,LOCAL_QP_ERR,1,4.502,0.384,0.107,2.148,0.818,0.0,4->4,0.027,0xcfa7,234,234,234,236,236,236,2,65536,222,2,1,0,0,,,,
reg_final2,F1_loop_ft1_t11_reg_t18,1,responder,843189034.284,0,LOCAL_QP_ERR,1,3.064,0.419,0.187,2.227,1.098,0.1,3->3,0.055,0xc8f2,15,17,17,18,18,18,1,65536,6,2,0,0,0,,,,
reg_final2,F1_loop_ft1_t11_reg_t19,0,initiator,1974253713.665,1,LOCAL_QP_ERR,1,4.309,0.133,0.139,2.223,0.806,0.0,4->4,0.026,0xcfb3,142,142,142,144,144,144,2,65536,130,2,1,0,0,,,,
reg_final2,F1_loop_ft1_t11_reg_t19,1,responder,843194602.961,0,LOCAL_QP_ERR,1,3.101,0.425,0.186,2.254,1.137,0.1,3->3,0.052,0xc8f6,15,17,17,18,18,18,1,65536,6,2,0,0,0,,,,
reg_final2,F1_loop_ft1_t11_reg_t2,0,initiator,1973894934.516,1,LOCAL_QP_ERR,1,4.995,0.111,0.118,2.593,0.826,0.0,4->4,0.028,0xce03,188,188,188,190,190,190,2,65536,176,2,1,0,0,,,,
reg_final2,F1_loop_ft1_t11_reg_t2,1,responder,842835828.047,0,LOCAL_QP_ERR,1,3.502,0.522,0.307,2.441,1.300,0.1,3->3,0.061,0xc866,15,17,17,18,18,18,1,65536,6,2,0,0,0,,,,
reg_final2,F1_loop_ft1_t11_reg_t20,0,initiator,1974260648.265,1,LOCAL_QP_ERR,1,4.353,0.099,0.144,2.235,0.813,0.0,4->4,0.027,0xcfbf,244,244,244,246,246,246,2,65536,232,2,1,0,0,,,,
reg_final2,F1_loop_ft1_t11_reg_t20,1,responder,843201537.501,0,LOCAL_QP_ERR,1,3.166,0.439,0.194,2.295,1.165,0.1,3->3,0.056,0xc8fa,15,17,17,18,18,18,1,65536,6,2,0,0,0,,,,
reg_final2,F1_loop_ft1_t11_reg_t3,0,initiator,1973945127.323,1,LOCAL_QP_ERR,1,4.937,0.104,0.129,2.576,0.826,0.0,4->4,0.027,0xce33,154,154,154,156,156,156,2,65536,142,2,1,0,0,,,,
reg_final2,F1_loop_ft1_t11_reg_t3,1,responder,842886020.145,0,LOCAL_QP_ERR,1,3.512,0.659,0.194,2.422,1.286,0.1,3->3,0.053,0xc876,15,17,17,18,18,18,1,65536,6,2,0,0,0,,,,
reg_final2,F1_loop_ft1_t11_reg_t4,0,initiator,1973996332.751,1,LOCAL_QP_ERR,1,5.084,0.088,0.140,2.630,0.849,0.0,4->4,0.028,0xce63,256,256,256,258,258,258,2,65536,244,2,1,0,0,,,,
reg_final2,F1_loop_ft1_t11_reg_t4,1,responder,842937224.902,0,LOCAL_QP_ERR,1,3.574,0.606,0.292,2.424,1.262,0.1,3->3,0.053,0xc886,15,17,17,18,18,18,1,65536,6,2,0,0,0,,,,
reg_final2,F1_loop_ft1_t11_reg_t5,0,initiator,1974046576.779,1,LOCAL_QP_ERR,1,5.000,0.102,0.119,2.558,0.862,0.0,4->4,0.026,0xce93,220,220,220,222,222,222,2,65536,208,2,1,0,0,,,,
reg_final2,F1_loop_ft1_t11_reg_t5,1,responder,842987468.307,0,LOCAL_QP_ERR,1,3.459,0.605,0.227,2.407,1.237,0.1,3->3,0.052,0xc896,15,17,17,18,18,18,1,65536,6,2,0,0,0,,,,
reg_final2,F1_loop_ft1_t11_reg_t6,0,initiator,1974097423.233,1,LOCAL_QP_ERR,1,5.193,0.089,0.121,2.786,0.819,0.0,4->4,0.026,0xcec3,234,234,234,236,236,236,2,65536,222,2,1,0,0,,,,
reg_final2,F1_loop_ft1_t11_reg_t6,1,responder,843038314.170,0,LOCAL_QP_ERR,1,3.648,0.667,0.305,2.445,1.313,0.1,3->3,0.051,0xc8a6,15,17,17,18,18,18,1,65536,6,2,0,0,0,,,,
reg_final2,F1_loop_ft1_t11_reg_t7,0,initiator,1974119371.560,1,LOCAL_QP_ERR,1,4.859,0.103,0.121,2.651,0.818,0.0,4->4,0.026,0xcee1,196,196,196,198,198,198,2,65536,184,2,1,0,0,,,,
reg_final2,F1_loop_ft1_t11_reg_t7,1,responder,843060262.253,0,LOCAL_QP_ERR,1,3.591,0.636,0.216,2.503,1.359,0.1,3->3,0.053,0xc8b0,15,17,17,18,18,18,1,65536,6,2,0,0,0,,,,
reg_final2,F1_loop_ft1_t11_reg_t8,0,initiator,1974141428.277,1,LOCAL_QP_ERR,1,4.794,0.084,0.111,2.750,0.788,0.0,4->4,0.026,0xceff,160,160,160,162,162,162,2,65536,148,2,1,0,0,,,,
reg_final2,F1_loop_ft1_t11_reg_t8,1,responder,843082318.727,0,LOCAL_QP_ERR,1,3.640,0.680,0.275,2.433,1.328,0.1,3->3,0.053,0xc8ba,15,17,17,18,18,18,1,65536,6,2,0,0,0,,,,
reg_final2,F1_loop_ft1_t11_reg_t9,0,initiator,1974164016.946,1,LOCAL_QP_ERR,1,4.565,0.101,0.103,2.514,0.795,0.0,4->4,0.026,0xcf1d,204,204,204,206,206,206,2,65536,192,2,1,0,0,,,,
reg_final2,F1_loop_ft1_t11_reg_t9,1,responder,843104907.155,0,LOCAL_QP_ERR,1,3.366,0.588,0.198,2.347,1.244,0.1,3->3,0.054,0xc8c4,15,17,17,18,18,18,1,65536,6,2,0,0,0,,,,
reg_final2,F1_mt_ft1_t11_reg_mt_t1,0,initiator,1973866983.536,1,LOCAL_QP_ERR,1,5.373,0.769,0.128,2.500,0.858,0.0,4->4,0.027,0xcdeb,70348,70381,70381,70418,70674,70674,293,131072,70369,2,1,0,0,,,,
reg_final2,F1_mt_ft1_t11_reg_mt_t1,1,responder,842807877.473,0,LOCAL_QP_ERR,1,3.467,0.605,0.197,2.420,1.243,0.1,3->3,0.053,0xc85e,15,17,17,18,18,18,1,65536,6,2,0,0,0,,,,
reg_final2,F1_mt_ft1_t11_reg_mt_t10,0,initiator,1974191351.329,1,LOCAL_QP_ERR,1,6.424,1.457,1.005,2.208,0.793,0.0,4->4,0.027,0xcf47,50968,50968,50968,51224,51224,51224,256,65536,50956,2,1,0,0,,,,
reg_final2,F1_mt_ft1_t11_reg_mt_t10,1,responder,843132241.251,0,LOCAL_QP_ERR,1,3.112,0.440,0.188,2.247,1.139,0.1,3->3,0.054,0xc8d2,15,17,17,18,18,18,1,65536,6,2,0,0,0,,,,
reg_final2,F1_mt_ft1_t11_reg_mt_t2,0,initiator,1973917259.682,1,LOCAL_QP_ERR,1,6.736,2.536,0.114,2.231,0.794,0.0,4->4,0.026,0xce1b,23332,23332,23332,23582,23582,23582,250,65536,23320,2,1,0,0,,,,
reg_final2,F1_mt_ft1_t11_reg_mt_t2,1,responder,842858152.892,0,LOCAL_QP_ERR,1,3.154,0.408,0.238,2.265,1.164,0.1,3->3,0.054,0xc86e,15,17,17,18,18,18,1,65536,6,2,0,0,0,,,,
reg_final2,F1_mt_ft1_t11_reg_mt_t3,0,initiator,1973967513.245,1,LOCAL_QP_ERR,1,6.870,2.623,0.129,2.250,0.806,0.0,4->4,0.027,0xce4b,34322,34322,34322,34578,34578,34578,256,65536,34310,2,1,0,0,,,,
reg_final2,F1_mt_ft1_t11_reg_mt_t3,1,responder,842908405.771,0,LOCAL_QP_ERR,1,3.199,0.484,0.197,2.280,1.157,0.1,3->3,0.051,0xc87e,15,17,17,18,18,18,1,65536,6,2,0,0,0,,,,
reg_final2,F1_mt_ft1_t11_reg_mt_t4,0,initiator,1974018067.714,1,LOCAL_QP_ERR,1,6.565,2.234,0.125,2.373,0.810,0.0,4->4,0.027,0xce7b,28690,28690,28690,28926,29458,29458,768,65536,28678,2,1,0,0,,,,
reg_final2,F1_mt_ft1_t11_reg_mt_t4,1,responder,842958959.591,0,LOCAL_QP_ERR,1,3.239,0.485,0.202,2.332,1.213,0.1,3->3,0.053,0xc88e,15,17,17,18,18,18,1,65536,6,2,0,0,0,,,,
reg_final2,F1_mt_ft1_t11_reg_mt_t5,0,initiator,1974068638.063,1,LOCAL_QP_ERR,1,6.708,2.489,0.115,2.227,0.794,0.0,4->4,0.027,0xceab,36638,36638,36638,36894,37138,37138,500,65536,36626,2,1,0,0,,,,
reg_final2,F1_mt_ft1_t11_reg_mt_t5,1,responder,843009529.331,0,LOCAL_QP_ERR,1,3.136,0.477,0.191,2.224,1.122,0.1,3->3,0.053,0xc89e,15,17,17,18,18,18,1,65536,6,2,0,0,0,,,,
reg_final2,F1_mt_ft1_t11_reg_mt_t6,0,initiator,1974102271.344,1,LOCAL_QP_ERR,1,6.702,2.645,0.115,2.131,0.837,0.0,4->4,0.026,0xcecf,66706,66706,66706,66962,66962,66962,256,131072,66694,2,1,0,0,,,,
reg_final2,F1_mt_ft1_t11_reg_mt_t6,1,responder,843043162.224,0,LOCAL_QP_ERR,1,3.030,0.410,0.190,2.203,1.059,0.1,3->3,0.053,0xc8aa,15,17,17,18,18,18,1,65536,6,2,0,0,0,,,,
reg_final2,F1_mt_ft1_t11_reg_mt_t7,0,initiator,1974124364.605,1,LOCAL_QP_ERR,1,6.668,2.312,0.277,2.264,0.797,0.0,4->4,0.027,0xceed,11026,11026,11026,11282,11532,11532,506,65536,11014,2,1,0,0,,,,
reg_final2,F1_mt_ft1_t11_reg_mt_t7,1,responder,843065255.240,0,LOCAL_QP_ERR,1,3.089,0.441,0.188,2.224,1.115,0.1,3->3,0.055,0xc8b4,15,17,17,18,18,18,1,65536,6,2,0,0,0,,,,
reg_final2,F1_mt_ft1_t11_reg_mt_t8,0,initiator,1974146817.307,1,LOCAL_QP_ERR,1,6.759,2.528,0.287,2.158,0.793,0.0,4->4,0.026,0xcf0b,55666,55666,55666,55936,56088,56088,422,65536,55654,2,1,0,0,,,,
reg_final2,F1_mt_ft1_t11_reg_mt_t8,1,responder,843087707.699,0,LOCAL_QP_ERR,1,3.020,0.417,0.194,2.190,1.083,0.1,3->3,0.053,0xc8be,15,17,17,18,18,18,1,65536,6,2,0,0,0,,,,
reg_final2,F1_mt_ft1_t11_reg_mt_t9,0,initiator,1974169144.984,1,LOCAL_QP_ERR,1,6.626,1.871,0.756,2.199,0.784,0.0,4->4,0.026,0xcf29,62866,62866,62866,63122,63122,63122,256,65536,62854,2,1,0,0,,,,
reg_final2,F1_mt_ft1_t11_reg_mt_t9,1,responder,843110035.132,0,LOCAL_QP_ERR,1,3.022,0.428,0.196,2.169,1.077,0.1,3->3,0.051,0xc8c8,15,17,17,18,18,18,1,65536,6,2,0,0,0,,,,
reg_final2,F1x5_loop_ft1_t11_reg_t1,0,initiator,1973862758.610,1,LOCAL_QP_ERR,1,53.040,4.308,0.108,3.577,18.041,0.0,4->4,17.180,0xcde5,254,254,254,256,256,256,2,65536,242,2,1,0,0,,,,
reg_final2,F1x5_loop_ft1_t11_reg_t1,0,initiator,1973862967.175,1,LOCAL_QP_ERR,2,46.670,2.368,0.118,2.119,15.521,0.0,4->4,17.234,0xcde5,65558,65558,65558,65560,65560,65560,2,131072,22,4,2,0,0,,,,
reg_final2,F1x5_loop_ft1_t11_reg_t1,0,initiator,1973863016.008,1,LOCAL_QP_ERR,3,48.709,4.380,0.098,1.865,15.834,0.0,4->4,17.227,0xcde5,131072,131072,131072,131074,131074,131074,2,196608,0,6,3,0,0,,,,
reg_final2,F1x5_loop_ft1_t11_reg_t1,0,initiator,1973863224.557,1,LOCAL_QP_ERR,4,46.729,2.429,0.099,1.941,15.767,0.0,4->4,17.229,0xcde5,196630,196630,196630,196632,196632,196632,2,262144,22,8,4,0,0,,,,
reg_final2,F1x5_loop_ft1_t11_reg_t1,0,initiator,1973863433.115,1,LOCAL_QP_ERR,5,46.681,2.365,0.097,1.984,15.687,0.0,4->4,17.248,0xcde5,262166,262166,262166,262168,262168,262168,2,327680,22,10,5,0,0,,,,
reg_final2,F1x5_loop_ft1_t11_reg_t1,1,responder,842803652.606,0,LOCAL_QP_ERR,1,38.817,0.937,0.431,37.201,1.675,0.1,3->3,0.055,0xc85c,15,17,17,18,18,18,1,65536,6,2,0,0,0,,,,
reg_final2,F1x5_loop_ft1_t11_reg_t1,1,responder,842803861.170,0,LOCAL_QP_ERR,2,34.976,0.388,0.149,34.216,1.175,0.1,3->3,0.052,0xc85c,65536,65536,65536,65537,65537,65537,1,131072,0,4,0,0,0,,,,
reg_final2,F1x5_loop_ft1_t11_reg_t1,1,responder,842803909.991,0,LOCAL_QP_ERR,3,35.043,0.354,0.129,34.348,1.010,0.1,3->3,0.051,0xc85c,131072,131072,131072,131073,131073,131073,1,196608,0,6,0,0,0,,,,
reg_final2,F1x5_loop_ft1_t11_reg_t1,1,responder,842804118.540,0,LOCAL_QP_ERR,4,35.020,0.383,0.136,34.282,1.009,0.1,3->3,0.052,0xc85c,196608,196608,196608,196609,196609,196609,1,262144,0,8,0,0,0,,,,
reg_final2,F1x5_loop_ft1_t11_reg_t1,1,responder,842804327.093,0,LOCAL_QP_ERR,5,34.961,0.378,0.127,34.246,1.026,0.1,3->3,0.050,0xc85c,262144,262144,262144,262145,262145,262145,1,327680,0,10,0,0,0,,,,
reg_final2,F1x5_loop_ft1_t11_reg_t2,0,initiator,1973912562.568,1,LOCAL_QP_ERR,1,5.433,0.096,0.103,2.923,0.850,0.0,4->4,0.028,0xce15,162,162,162,164,164,164,2,65536,150,2,1,0,0,,,,
reg_final2,F1x5_loop_ft1_t11_reg_t2,0,initiator,1973912723.992,1,LOCAL_QP_ERR,2,4.600,0.116,0.092,2.040,0.782,0.0,4->4,0.564,0xce15,65558,65558,65558,65560,65560,65560,2,131072,22,4,2,0,0,,,,
reg_final2,F1x5_loop_ft1_t11_reg_t2,0,initiator,1973912727.928,1,LOCAL_QP_ERR,3,3.822,0.117,0.105,1.911,0.757,0.0,4->4,0.026,0xce15,131072,131072,131072,131074,131074,131074,2,196608,0,6,3,0,0,,,,
reg_final2,F1x5_loop_ft1_t11_reg_t2,0,initiator,1973912888.766,1,LOCAL_QP_ERR,4,3.981,0.085,0.117,1.977,0.806,0.0,4->4,0.025,0xce15,196630,196630,196630,196632,196632,196632,2,262144,22,8,4,0,0,,,,
reg_final2,F1x5_loop_ft1_t11_reg_t2,0,initiator,1973913049.658,1,LOCAL_QP_ERR,5,4.137,0.113,0.090,2.120,0.826,0.0,4->4,0.030,0xce15,262166,262166,262166,262168,262168,262168,2,327680,22,10,5,0,0,,,,
reg_final2,F1x5_loop_ft1_t11_reg_t2,1,responder,842853455.840,0,LOCAL_QP_ERR,1,3.834,0.721,0.374,2.483,1.320,0.1,3->3,0.052,0xc86c,15,17,17,18,18,18,1,65536,6,2,0,0,0,,,,
reg_final2,F1x5_loop_ft1_t11_reg_t2,1,responder,842853617.265,0,LOCAL_QP_ERR,2,3.496,0.423,0.137,2.726,1.104,0.1,3->3,0.052,0xc86c,65536,65536,65536,65537,65537,65537,1,131072,0,4,0,0,0,,,,
reg_final2,F1x5_loop_ft1_t11_reg_t2,1,responder,842853621.191,0,LOCAL_QP_ERR,3,2.730,0.343,0.140,2.031,0.984,0.1,3->3,0.050,0xc86c,131072,131072,131072,131073,131073,131073,1,196608,0,6,0,0,0,,,,
reg_final2,F1x5_loop_ft1_t11_reg_t2,1,responder,842853782.042,0,LOCAL_QP_ERR,4,2.926,0.462,0.133,2.125,1.020,0.1,3->3,0.059,0xc86c,196608,196608,196608,196609,196609,196609,1,262144,0,8,0,0,0,,,,
reg_final2,F1x5_loop_ft1_t11_reg_t2,1,responder,842853942.921,0,LOCAL_QP_ERR,5,3.078,0.461,0.175,2.234,1.098,0.1,3->3,0.049,0xc86c,262144,262144,262144,262145,262145,262145,1,327680,0,10,0,0,0,,,,
reg_final2,F1x5_loop_ft1_t11_reg_t3,0,initiator,1973963605.635,1,LOCAL_QP_ERR,1,5.753,0.113,0.158,3.063,0.828,0.0,4->4,0.027,0xce45,268,268,268,270,270,270,2,65536,256,2,1,0,0,,,,
reg_final2,F1x5_loop_ft1_t11_reg_t3,0,initiator,1973963767.054,1,LOCAL_QP_ERR,2,4.583,0.099,0.095,2.050,0.777,0.0,4->4,0.565,0xce45,65558,65558,65558,65560,65560,65560,2,131072,22,4,2,0,0,,,,
reg_final2,F1x5_loop_ft1_t11_reg_t3,0,initiator,1973963770.907,1,LOCAL_QP_ERR,3,3.738,0.148,0.093,1.841,0.759,0.0,4->4,0.026,0xce45,131072,131072,131072,131074,131074,131074,2,196608,0,6,3,0,0,,,,
reg_final2,F1x5_loop_ft1_t11_reg_t3,0,initiator,1973963931.577,1,LOCAL_QP_ERR,4,3.800,0.080,0.081,1.895,0.776,0.0,4->4,0.025,0xce45,196630,196630,196630,196632,196632,196632,2,262144,22,8,4,0,0,,,,
reg_final2,F1x5_loop_ft1_t11_reg_t3,0,initiator,1973964092.284,1,LOCAL_QP_ERR,5,3.881,0.091,0.097,2.023,0.774,0.0,4->4,0.025,0xce45,262166,262166,262166,262168,262168,262168,2,327680,22,10,5,0,0,,,,
reg_final2,F1x5_loop_ft1_t11_reg_t3,1,responder,842904498.209,0,LOCAL_QP_ERR,1,3.988,0.974,0.218,2.565,1.419,0.1,3->3,0.054,0xc87c,15,17,17,18,18,18,1,65536,6,2,0,0,0,,,,
reg_final2,F1x5_loop_ft1_t11_reg_t3,1,responder,842904659.631,0,LOCAL_QP_ERR,2,3.493,0.416,0.144,2.722,1.096,0.1,3->3,0.051,0xc87c,65536,65536,65536,65537,65537,65537,1,131072,0,4,0,0,0,,,,
reg_final2,F1x5_loop_ft1_t11_reg_t3,1,responder,842904663.475,0,LOCAL_QP_ERR,3,2.731,0.345,0.139,2.029,0.981,0.0,3->3,0.052,0xc87c,131072,131072,131072,131073,131073,131073,1,196608,0,6,0,0,0,,,,
reg_final2,F1x5_loop_ft1_t11_reg_t3,1,responder,842904824.186,0,LOCAL_QP_ERR,4,2.838,0.371,0.140,2.075,0.988,0.1,3->3,0.073,0xc87c,196608,196608,196608,196609,196609,196609,1,262144,0,8,0,0,0,,,,
reg_final2,F1x5_loop_ft1_t11_reg_t3,1,responder,842904984.868,0,LOCAL_QP_ERR,5,2.867,0.398,0.127,2.116,1.030,0.1,3->3,0.053,0xc87c,262144,262144,262144,262145,262145,262145,1,327680,0,10,0,0,0,,,,
reg_final2,F1x5_loop_ft1_t11_reg_t4,0,initiator,1974013273.011,1,LOCAL_QP_ERR,1,5.119,0.146,0.107,2.689,0.823,0.0,4->4,0.027,0xce75,142,142,142,144,144,144,2,65536,130,2,1,0,0,,,,
reg_final2,F1x5_loop_ft1_t11_reg_t4,0,initiator,1974013434.392,1,LOCAL_QP_ERR,2,4.484,0.099,0.103,2.007,0.779,0.0,4->4,0.548,0xce75,65558,65558,65558,65560,65560,65560,2,131072,22,4,2,0,0,,,,
reg_final2,F1x5_loop_ft1_t11_reg_t4,0,initiator,1974013438.400,1,LOCAL_QP_ERR,3,3.791,0.110,0.079,1.968,0.754,0.0,4->4,0.025,0xce75,131072,131072,131072,131074,131074,131074,2,196608,0,6,3,0,0,,,,
reg_final2,F1x5_loop_ft1_t11_reg_t4,0,initiator,1974013599.109,1,LOCAL_QP_ERR,4,3.866,0.100,0.132,1.919,0.791,0.0,4->4,0.025,0xce75,196630,196630,196630,196632,196632,196632,2,262144,22,8,4,0,0,,,,
reg_final2,F1x5_loop_ft1_t11_reg_t4,0,initiator,1974013760.592,1,LOCAL_QP_ERR,5,4.105,0.110,0.124,2.052,0.830,0.0,4->4,0.026,0xce75,262166,262166,262166,262168,262168,262168,2,327680,22,10,5,0,0,,,,
reg_final2,F1x5_loop_ft1_t11_reg_t4,1,responder,842954164.950,0,LOCAL_QP_ERR,1,3.640,0.629,0.305,2.462,1.334,0.1,3->3,0.054,0xc88c,15,17,17,18,18,18,1,65536,6,2,0,0,0,,,,
reg_final2,F1x5_loop_ft1_t11_reg_t4,1,responder,842954326.330,0,LOCAL_QP_ERR,2,3.437,0.408,0.133,2.682,1.073,0.1,3->3,0.051,0xc88c,65536,65536,65536,65537,65537,65537,1,131072,0,4,0,0,0,,,,
reg_final2,F1x5_loop_ft1_t11_reg_t4,1,responder,842954330.332,0,LOCAL_QP_ERR,3,2.778,0.352,0.141,2.055,1.003,0.1,3->3,0.050,0xc88c,131072,131072,131072,131073,131073,131073,1,196608,0,6,0,0,0,,,,
reg_final2,F1x5_loop_ft1_t11_reg_t4,1,responder,842954491.050,0,LOCAL_QP_ERR,4,2.827,0.368,0.153,2.074,0.988,0.1,3->3,0.060,0xc88c,196608,196608,196608,196609,196609,196609,1,262144,0,8,0,0,0,,,,
reg_final2,F1x5_loop_ft1_t11_reg_t4,1,responder,842954652.541,0,LOCAL_QP_ERR,5,3.016,0.427,0.136,2.228,1.083,0.1,3->3,0.053,0xc88c,262144,262144,262144,262145,262145,262145,1,327680,0,10,0,0,0,,,,
reg_final2,F1x5_loop_ft1_t11_reg_t5,0,initiator,1974064539.707,1,LOCAL_QP_ERR,1,5.574,0.101,0.137,2.944,0.825,0.0,4->4,0.027,0xcea5,242,242,242,244,244,244,2,65536,230,2,1,0,0,,,,
reg_final2,F1x5_loop_ft1_t11_reg_t5,0,initiator,1974064702.229,1,LOCAL_QP_ERR,2,4.475,0.091,0.092,2.050,0.770,0.0,4->4,0.552,0xcea5,65558,65558,65558,65560,65560,65560,2,131072,22,4,2,0,0,,,,
reg_final2,F1x5_loop_ft1_t11_reg_t5,0,initiator,1974064705.928,1,LOCAL_QP_ERR,3,3.583,0.076,0.080,1.804,0.742,0.0,4->4,0.025,0xcea5,131072,131072,131072,131074,131074,131074,2,196608,0,6,3,0,0,,,,
reg_final2,F1x5_loop_ft1_t11_reg_t5,0,initiator,1974064867.806,1,LOCAL_QP_ERR,4,3.792,0.083,0.087,1.890,0.797,0.0,4->4,0.029,0xcea5,196630,196630,196630,196632,196632,196632,2,262144,22,8,4,0,0,,,,
reg_final2,F1x5_loop_ft1_t11_reg_t5,0,initiator,1974065029.630,1,LOCAL_QP_ERR,5,3.777,0.078,0.084,1.924,0.751,0.0,4->4,0.026,0xcea5,262166,262166,262166,262168,262168,262168,2,327680,22,10,5,0,0,,,,
reg_final2,F1x5_loop_ft1_t11_reg_t5,1,responder,843005431.035,0,LOCAL_QP_ERR,1,3.838,0.806,0.323,2.472,1.336,0.1,3->3,0.062,0xc89c,15,17,17,18,18,18,1,65536,6,2,0,0,0,,,,
reg_final2,F1x5_loop_ft1_t11_reg_t5,1,responder,843005593.544,0,LOCAL_QP_ERR,2,3.414,0.388,0.135,2.677,1.077,0.1,3->3,0.050,0xc89c,65536,65536,65536,65537,65537,65537,1,131072,0,4,0,0,0,,,,
reg_final2,F1x5_loop_ft1_t11_reg_t5,1,responder,843005597.237,0,LOCAL_QP_ERR,3,2.689,0.345,0.144,1.981,0.947,0.0,3->3,0.049,0xc89c,131072,131072,131072,131073,131073,131073,1,196608,0,6,0,0,0,,,,
reg_final2,F1x5_loop_ft1_t11_reg_t5,1,responder,843005759.117,0,LOCAL_QP_ERR,4,2.770,0.362,0.139,2.066,0.959,0.1,3->3,0.051,0xc89c,196608,196608,196608,196609,196609,196609,1,262144,0,8,0,0,0,,,,
reg_final2,F1x5_loop_ft1_t11_reg_t5,1,responder,843005920.939,0,LOCAL_QP_ERR,5,2.749,0.372,0.144,2.020,0.972,0.0,3->3,0.050,0xc89c,262144,262144,262144,262145,262145,262145,1,327680,0,10,0,0,0,,,,
reg_final2,F3_loop_ft1_t11_reg_t1,0,initiator,1973854601.881,1,RETRY_EXC,1,6.608,0.558,0.111,3.864,1.834,0.0,4->4,0.028,0xcddf,222,222,222,224,224,224,2,65536,210,2,0,0,0,,,,
reg_final2,F3_loop_ft1_t11_reg_t1,1,responder,842795495.999,0,RETRY_EXC,1,5.800,0.336,0.182,3.198,1.042,0.1,3->3,0.053,0xc85a,15,17,17,18,18,18,1,65536,6,2,1,0,0,,,,
reg_final2,F3_loop_ft1_t11_reg_t2,0,initiator,1973905067.010,1,RETRY_EXC,1,5.797,0.507,0.115,3.495,1.457,0.0,4->4,0.026,0xce0f,234,234,234,236,236,236,2,65536,222,2,0,0,0,,,,
reg_final2,F3_loop_ft1_t11_reg_t2,1,responder,842845960.385,0,RETRY_EXC,1,5.030,0.282,0.200,2.836,1.069,0.1,3->3,0.052,0xc86a,15,17,17,18,18,18,1,65536,6,2,1,0,0,,,,
reg_final2,F3_loop_ft1_t11_reg_t3,0,initiator,1973954995.470,1,RETRY_EXC,1,5.133,0.454,0.119,2.970,1.361,0.0,4->4,0.027,0xce3f,172,172,172,174,174,174,2,65536,160,2,0,0,0,,,,
reg_final2,F3_loop_ft1_t11_reg_t3,1,responder,842895888.128,0,RETRY_EXC,1,4.383,0.218,0.169,2.528,0.880,0.1,3->3,0.036,0xc87a,15,17,17,18,18,18,1,65536,6,2,1,0,0,,,,
reg_final2,F3_loop_ft1_t11_reg_t4,0,initiator,1974005730.574,1,RETRY_EXC,1,5.705,0.467,0.126,3.324,1.559,0.0,4->4,0.027,0xce6f,190,190,190,192,192,192,2,65536,178,2,0,0,0,,,,
reg_final2,F3_loop_ft1_t11_reg_t4,1,responder,842946622.604,0,RETRY_EXC,1,4.973,0.283,0.203,2.893,1.017,0.1,3->3,0.054,0xc88a,15,17,17,18,18,18,1,65536,6,2,1,0,0,,,,
reg_final2,F3_loop_ft1_t11_reg_t5,0,initiator,1974055927.911,1,RETRY_EXC,1,5.330,0.430,0.119,3.173,1.385,0.0,4->4,0.027,0xce9f,152,152,152,154,154,154,2,65536,140,2,0,0,0,,,,
reg_final2,F3_loop_ft1_t11_reg_t5,1,responder,842996819.329,0,RETRY_EXC,1,4.652,0.233,0.196,2.699,1.002,0.1,3->3,0.053,0xc89a,15,17,17,18,18,18,1,65536,6,2,1,0,0,,,,
flap_final2,FLAP_loop_ft1_t11_t1_cut0.5_t1,0,initiator,1975765058.483,1,RETRY_EXC,1,6.051,0.522,0.112,3.527,1.665,0.0,6->6,0.028,0xd65b,206,206,206,208,208,208,2,65536,194,2,0,0,0,,,,
flap_final2,FLAP_loop_ft1_t11_t1_cut0.5_t1,1,responder,844705939.209,0,RETRY_EXC,1,5.250,0.919,0.318,3.760,1.773,0.1,5->6,0.053,0xceee,15,17,17,18,18,18,1,65536,6,2,0,0,0,,,,
flap_final2,FLAP_loop_ft1_t11_t1_cut0.5_t2,0,initiator,1975854181.442,1,RETRY_EXC,1,8.080,0.887,0.124,4.577,2.262,0.0,6->6,0.028,0xd66d,204,204,204,206,206,206,2,65536,192,2,0,0,0,,,,
flap_final2,FLAP_loop_ft1_t11_t1_cut0.5_t2,1,responder,844795061.626,0,RETRY_EXC,1,6.982,1.636,0.389,4.720,2.130,0.1,6->5,0.057,0xcef4,15,17,17,18,18,18,1,65536,6,2,0,0,0,,,,
flap_final2,FLAP_loop_ft1_t11_t1_cut0.5_t3,0,initiator,1975943570.079,1,RETRY_EXC,1,7.524,0.633,0.116,4.502,2.036,0.0,6->6,0.026,0xd67f,206,206,206,208,208,208,2,65536,194,2,0,0,0,,,,
flap_final2,FLAP_loop_ft1_t11_t1_cut0.5_t3,1,responder,844884449.713,0,RETRY_EXC,1,6.671,1.382,0.505,4.518,2.161,0.1,5->6,0.055,0xcefa,15,17,17,18,18,18,1,65536,6,2,0,0,0,,,,
flap_final2,FLAP_loop_ft1_t11_t1_cut0.5_t4,0,initiator,1976033228.062,1,RETRY_EXC,1,8.035,0.811,0.114,4.493,2.376,0.0,6->6,0.027,0xd691,206,206,206,208,208,208,2,65536,194,2,0,0,0,,,,
flap_final2,FLAP_loop_ft1_t11_t1_cut0.5_t4,1,responder,844974107.159,0,RETRY_EXC,1,6.939,1.403,0.515,4.784,2.093,0.1,6->5,0.053,0xcf00,15,17,17,18,18,18,1,65536,6,2,0,0,0,,,,
flap_final2,FLAP_loop_ft1_t11_t1_cut0.5_t5,0,initiator,1976122885.870,1,RETRY_EXC,1,8.325,0.795,0.130,4.904,2.230,0.0,6->6,0.026,0xd6a3,204,204,204,206,206,206,2,65536,192,2,0,0,0,,,,
flap_final2,FLAP_loop_ft1_t11_t1_cut0.5_t5,1,responder,845063764.450,0,RETRY_EXC,1,7.245,1.675,0.561,4.750,2.194,0.1,5->6,0.057,0xcf06,15,17,17,18,18,18,1,65536,6,2,0,0,0,,,,
flap_final2,FLAP_loop_ft1_t11_t1_cut15_t1,0,initiator,1975828956.247,1,RETRY_EXC,1,11290.105,0.678,0.131,11284.202,4.667,0.0,6->6,0.029,0xd667,208,208,208,210,210,210,2,65536,196,2,0,0,0,,,,
flap_final2,FLAP_loop_ft1_t11_t1_cut15_t1,1,responder,844769836.580,0,RETRY_EXC,1,11289.051,1.502,0.540,11286.775,11281.446,11277.5,5->6,0.056,0xcef2,15,17,17,18,18,18,1,65536,6,2,0,0,0,,,,
flap_final2,FLAP_loop_ft1_t11_t1_cut15_t2,0,initiator,1975918397.671,1,RETRY_EXC,1,11342.380,0.738,0.107,11336.420,4.712,0.0,6->6,0.028,0xd679,204,204,204,206,206,206,2,65536,192,2,0,0,0,,,,
flap_final2,FLAP_loop_ft1_t11_t1_cut15_t2,1,responder,844859277.466,0,RETRY_EXC,1,11341.316,1.672,0.493,11338.883,11333.516,11329.8,6->5,0.059,0xcef8,15,17,17,18,18,18,1,65536,6,2,0,0,0,,,,
flap_final2,FLAP_loop_ft1_t11_t1_cut15_t3,0,initiator,1976007938.024,1,RETRY_EXC,1,11493.718,0.616,0.121,11487.969,4.613,0.0,6->6,0.028,0xd68b,206,206,206,208,208,208,2,65536,194,2,0,0,0,,,,
flap_final2,FLAP_loop_ft1_t11_t1_cut15_t3,1,responder,844948817.286,0,RETRY_EXC,1,11492.730,1.562,0.517,11490.413,11485.126,11481.5,5->6,0.060,0xcefe,15,17,17,18,18,18,1,65536,6,2,0,0,0,,,,
flap_final2,FLAP_loop_ft1_t11_t1_cut15_t4,0,initiator,1976097594.961,1,RETRY_EXC,1,11492.991,0.619,0.142,11487.147,4.650,0.0,6->6,0.029,0xd69d,206,206,206,208,208,208,2,65536,194,2,0,0,0,,,,
flap_final2,FLAP_loop_ft1_t11_t1_cut15_t4,1,responder,845038473.742,0,RETRY_EXC,1,11492.078,1.677,0.518,11489.613,11484.278,11480.4,6->5,0.089,0xcf04,15,17,17,18,18,18,1,65536,6,2,0,0,0,,,,
flap_final2,FLAP_loop_ft1_t11_t1_cut15_t5,0,initiator,1976187319.724,1,RETRY_EXC,1,11291.815,0.891,0.145,11285.561,4.840,0.0,6->6,0.029,0xd6af,204,204,204,206,206,206,2,65536,192,2,0,0,0,,,,
flap_final2,FLAP_loop_ft1_t11_t1_cut15_t5,1,responder,845128197.947,0,RETRY_EXC,1,11290.567,1.646,0.529,11288.140,11282.653,11278.7,5->6,0.068,0xcf0a,15,17,17,18,18,18,1,65536,6,2,0,0,0,,,,
flap_final2,FLAP_loop_ft1_t11_t1_cut6_t1,0,initiator,1975792443.811,1,RETRY_EXC,1,2426.547,0.678,0.141,2422.473,2.949,0.0,6->6,0.027,0xd661,208,208,208,210,210,210,2,65536,196,2,0,0,0,,,,
flap_final2,FLAP_loop_ft1_t11_t1_cut6_t1,1,responder,844733324.388,0,RETRY_EXC,1,2425.618,1.534,0.487,2423.346,2419.943,2417.2,6->5,0.066,0xcef0,15,17,17,18,18,18,1,65536,6,2,0,0,0,,,,
flap_final2,FLAP_loop_ft1_t11_t1_cut6_t2,0,initiator,1975881782.925,1,RETRY_EXC,1,2376.636,0.729,0.118,2372.366,3.137,0.0,6->6,0.029,0xd673,206,206,206,208,208,208,2,65536,194,2,0,0,0,,,,
flap_final2,FLAP_loop_ft1_t11_t1_cut6_t2,1,responder,844822662.954,0,RETRY_EXC,1,2375.633,1.516,0.446,2373.409,2369.817,2367.3,5->6,0.071,0xcef6,15,17,17,18,18,18,1,65536,6,2,0,0,0,,,,
flap_final2,FLAP_loop_ft1_t11_t1_cut6_t3,0,initiator,1975971221.237,1,RETRY_EXC,1,2425.863,0.739,0.125,2421.710,2.981,0.0,6->6,0.027,0xd685,204,204,204,206,206,206,2,65536,192,2,0,0,0,,,,
flap_final2,FLAP_loop_ft1_t11_t1_cut6_t3,1,responder,844912100.715,0,RETRY_EXC,1,2424.841,1.455,0.482,2422.642,2419.206,2416.8,6->5,0.058,0xcefc,15,17,17,18,18,18,1,65536,6,2,0,0,0,,,,
flap_final2,FLAP_loop_ft1_t11_t1_cut6_t4,0,initiator,1976060929.155,1,RETRY_EXC,1,2476.144,0.667,0.131,2472.014,3.059,0.0,6->6,0.028,0xd697,206,206,206,208,208,208,2,65536,194,2,0,0,0,,,,
flap_final2,FLAP_loop_ft1_t11_t1_cut6_t4,1,responder,845001808.104,0,RETRY_EXC,1,2475.203,1.397,0.461,2473.102,2469.590,2467.1,5->6,0.055,0xcf02,15,17,17,18,18,18,1,65536,6,2,0,0,0,,,,
flap_final2,FLAP_loop_ft1_t11_t1_cut6_t5,0,initiator,1976150587.275,1,RETRY_EXC,1,2476.702,0.847,0.121,2472.383,3.061,0.0,6->6,0.028,0xd6a9,202,202,202,204,204,204,2,65536,190,2,0,0,0,,,,
flap_final2,FLAP_loop_ft1_t11_t1_cut6_t5,1,responder,845091465.722,0,RETRY_EXC,1,2475.606,1.572,0.540,2473.242,2469.709,2467.2,6->5,0.073,0xcf08,15,17,17,18,18,18,1,65536,6,2,0,0,0,,,,
review4,SOCK1_loop_ft1_t11_sock1_t1,0,initiator,1978637584.169,1,LOCAL_QP_ERR,1,10.661,0.373,0.129,6.086,0.933,0.0,4->4,0.026,0xdc85,1278,1278,1278,1280,1280,1280,2,65536,1266,2,1,0,0,,,,
review4,SOCK1_loop_ft1_t11_sock1_t1,1,responder,847578475.015,0,LOCAL_QP_ERR,1,7.137,2.093,0.607,4.211,2.954,0.1,3->3,0.053,0xd698,15,17,17,18,18,18,1,65536,6,2,0,0,0,,,,
review4,SOCK1_loop_ft1_t11_sock1_t2,0,initiator,1978658424.910,1,LOCAL_QP_ERR,1,10.057,0.155,0.114,5.772,1.110,0.0,4->4,0.027,0xdc8b,1282,1282,1282,1284,1284,1284,2,65536,1270,2,1,0,0,,,,
review4,SOCK1_loop_ft1_t11_sock1_t2,1,responder,847599315.811,0,LOCAL_QP_ERR,1,6.938,2.049,0.519,4.123,2.690,0.1,3->3,0.052,0xd69a,15,17,17,18,18,18,1,65536,6,2,0,0,0,,,,
review4,SOCK1_loop_ft1_t11_sock1_t3,0,initiator,1978679218.712,1,LOCAL_QP_ERR,1,9.889,0.202,0.107,5.767,0.900,0.0,4->4,0.026,0xdc91,1282,1282,1282,1284,1284,1284,2,65536,1270,2,1,0,0,,,,
review4,SOCK1_loop_ft1_t11_sock1_t3,1,responder,847620109.658,0,LOCAL_QP_ERR,1,6.759,2.079,0.501,3.940,2.720,0.1,3->3,0.052,0xd69c,15,17,17,18,18,18,1,65536,6,2,0,0,0,,,,
review4,SOCK1_loop_ft1_t11_sock1_t4,0,initiator,1978700033.443,1,LOCAL_QP_ERR,1,10.351,0.155,0.105,5.811,0.933,0.0,4->4,0.027,0xdc97,1272,1272,1272,1274,1274,1274,2,65536,1260,2,1,0,0,,,,
review4,SOCK1_loop_ft1_t11_sock1_t4,1,responder,847640924.444,0,LOCAL_QP_ERR,1,6.784,2.092,0.481,3.970,2.717,0.1,3->3,0.052,0xd69e,15,17,17,18,18,18,1,65536,6,2,0,0,0,,,,
review4,SOCK1_loop_ft1_t11_sock1_t5,0,initiator,1978720949.234,1,LOCAL_QP_ERR,1,9.923,0.129,0.116,5.838,0.893,0.0,4->4,0.027,0xdc9d,1272,1272,1272,1274,1274,1274,2,65536,1260,2,1,0,0,,,,
review4,SOCK1_loop_ft1_t11_sock1_t5,1,responder,847661840.286,0,LOCAL_QP_ERR,1,6.825,2.246,0.534,3.800,2.594,0.1,3->3,0.055,0xd6a0,15,17,17,18,18,18,1,65536,6,2,0,0,0,,,,
reg_final3,F1_loop_ft1_t11_reg_inflight_t1,0,initiator,1990538883.625,1,LOCAL_QP_ERR,1,7.294,0.517,0.313,3.322,1.365,0.0,4->4,0.451,0xfe98,18538,18538,18538,18540,18540,18540,2,65536,18526,2,1,0,0,,,,
reg_final3,F1_loop_ft1_t11_reg_inflight_t1,1,responder,859479761.288,0,LOCAL_QP_ERR,1,5.640,0.742,0.412,3.769,1.670,0.1,3->3,0.531,0xf8f3,15,17,17,18,18,18,1,65536,6,2,0,0,0,,,,
reg_final3,F1_loop_ft1_t11_reg_inflight_t10,0,initiator,1990881067.054,1,LOCAL_QP_ERR,1,7.135,0.422,0.313,3.341,1.317,0.0,4->4,0.450,0x10000,23470,23470,23470,23472,23472,23472,2,65536,23458,2,1,0,0,,,,
reg_final3,F1_loop_ft1_t11_reg_inflight_t10,1,responder,859821941.462,0,LOCAL_QP_ERR,1,5.579,0.757,0.436,3.725,1.676,0.1,3->3,0.495,0xf96b,15,17,17,18,18,18,1,65536,6,2,0,0,0,,,,
reg_final3,F1_loop_ft1_t11_reg_inflight_t11,0,initiator,1990899252.470,1,LOCAL_QP_ERR,1,7.134,0.455,0.324,3.365,1.370,0.0,4->4,0.300,0x10018,10992,10994,10994,10994,10994,10994,0,65536,10982,2,1,0,0,,,,
reg_final3,F1_loop_ft1_t11_reg_inflight_t11,1,responder,859840126.757,0,LOCAL_QP_ERR,1,5.547,0.789,0.423,3.639,1.690,0.1,3->3,0.529,0xf973,15,17,17,18,18,18,1,65536,6,2,0,0,0,,,,
reg_final3,F1_loop_ft1_t11_reg_inflight_t12,0,initiator,1990905419.388,1,LOCAL_QP_ERR,1,6.883,0.372,0.328,3.275,1.343,0.0,4->4,0.301,0x10024,8454,8456,8456,8456,8456,8456,0,65536,8444,2,1,0,0,,,,
reg_final3,F1_loop_ft1_t11_reg_inflight_t12,1,responder,859846293.557,0,LOCAL_QP_ERR,1,5.424,0.669,0.437,3.677,1.736,0.1,3->3,0.455,0xf977,15,17,17,18,18,18,1,65536,6,2,0,0,0,,,,
reg_final3,F1_loop_ft1_t11_reg_inflight_t13,0,initiator,1990911646.247,1,LOCAL_QP_ERR,1,6.950,0.524,0.313,3.211,1.316,0.0,4->4,0.302,0x10030,4430,4432,4432,4432,4432,4432,0,65536,4420,2,1,0,0,,,,
reg_final3,F1_loop_ft1_t11_reg_inflight_t13,1,responder,859852520.376,0,LOCAL_QP_ERR,1,5.270,0.658,0.426,3.536,1.644,0.1,3->3,0.477,0xf97b,15,17,17,18,18,18,1,65536,6,2,0,0,0,,,,
reg_final3,F1_loop_ft1_t11_reg_inflight_t14,0,initiator,1990918048.690,1,LOCAL_QP_ERR,1,7.124,0.500,0.320,3.199,1.317,0.0,4->4,0.451,0x1003c,21708,21708,21708,21710,21710,21710,2,65536,21696,2,1,0,0,,,,
reg_final3,F1_loop_ft1_t11_reg_inflight_t14,1,responder,859858922.816,0,LOCAL_QP_ERR,1,5.495,0.681,0.417,3.702,1.650,0.1,3->3,0.529,0xf97f,15,17,17,18,18,18,1,65536,6,2,0,0,0,,,,
reg_final3,F1_loop_ft1_t11_reg_inflight_t15,0,initiator,1990924154.908,1,LOCAL_QP_ERR,1,7.023,0.371,0.343,3.270,1.341,0.0,4->4,0.450,0x10048,6812,6812,6812,6814,6814,6814,2,65536,6800,2,1,0,0,,,,
reg_final3,F1_loop_ft1_t11_reg_inflight_t15,1,responder,859865028.932,0,LOCAL_QP_ERR,1,5.519,0.676,0.411,3.788,1.707,0.1,3->3,0.473,0xf983,15,17,17,18,18,18,1,65536,6,2,0,0,0,,,,
reg_final3,F1_loop_ft1_t11_reg_inflight_t16,0,initiator,1990930607.629,1,LOCAL_QP_ERR,1,7.091,0.526,0.327,3.334,1.336,0.0,4->4,0.300,0x10054,20324,20326,20326,20326,20326,20326,0,65536,20314,2,1,0,0,,,,
reg_final3,F1_loop_ft1_t11_reg_inflight_t16,1,responder,859871481.650,0,LOCAL_QP_ERR,1,5.453,0.703,0.438,3.591,1.675,0.1,3->3,0.528,0xf987,15,17,17,18,18,18,1,65536,6,2,0,0,0,,,,
reg_final3,F1_loop_ft1_t11_reg_inflight_t17,0,initiator,1990936832.737,1,LOCAL_QP_ERR,1,6.946,0.481,0.311,3.141,1.313,0.0,4->4,0.451,0x10060,18678,18678,18678,18680,18680,18680,2,65536,18666,2,1,0,0,,,,
reg_final3,F1_loop_ft1_t11_reg_inflight_t17,1,responder,859877706.707,0,LOCAL_QP_ERR,1,5.482,0.706,0.395,3.692,1.647,0.1,3->3,0.527,0xf98b,15,17,17,18,18,18,1,65536,6,2,0,0,0,,,,
reg_final3,F1_loop_ft1_t11_reg_inflight_t18,0,initiator,1990943059.159,1,LOCAL_QP_ERR,1,6.908,0.462,0.315,3.206,1.337,0.0,4->4,0.301,0x1006c,19122,19124,19124,19124,19124,19124,0,65536,19112,2,1,0,0,,,,
reg_final3,F1_loop_ft1_t11_reg_inflight_t18,1,responder,859883933.028,0,LOCAL_QP_ERR,1,5.361,0.706,0.438,3.551,1.631,0.1,3->3,0.481,0xf98f,15,17,17,18,18,18,1,65536,6,2,0,0,0,,,,
reg_final3,F1_loop_ft1_t11_reg_inflight_t19,0,initiator,1990949228.092,1,LOCAL_QP_ERR,1,6.952,0.487,0.308,3.249,1.336,0.0,4->4,0.283,0x10078,10326,10328,10328,10328,10328,10328,0,65536,10316,2,1,0,0,,,,
reg_final3,F1_loop_ft1_t11_reg_inflight_t19,1,responder,859890101.961,0,LOCAL_QP_ERR,1,5.402,0.701,0.411,3.570,1.670,0.1,3->3,0.529,0xf993,15,17,17,18,18,18,1,65536,6,2,0,0,0,,,,
reg_final3,F1_loop_ft1_t11_reg_inflight_t2,0,initiator,1990589520.229,1,LOCAL_QP_ERR,1,7.177,0.486,0.315,3.345,1.388,0.0,4->4,0.306,0xfec8,16166,16168,16168,16168,16168,16168,0,65536,16156,2,1,0,0,,,,
reg_final3,F1_loop_ft1_t11_reg_inflight_t2,1,responder,859530397.371,0,LOCAL_QP_ERR,1,5.614,0.759,0.412,3.722,1.741,0.1,3->3,0.530,0xf903,15,17,17,18,18,18,1,65536,6,2,0,0,0,,,,
reg_final3,F1_loop_ft1_t11_reg_inflight_t20,0,initiator,1990955469.243,1,LOCAL_QP_ERR,1,6.991,0.508,0.343,3.229,1.319,0.0,4->4,0.301,0x10084,6802,6804,6804,6804,6804,6804,0,65536,6792,2,1,0,0,,,,
reg_final3,F1_loop_ft1_t11_reg_inflight_t20,1,responder,859896343.027,0,LOCAL_QP_ERR,1,5.331,0.703,0.444,3.538,1.623,0.1,3->3,0.468,0xf997,15,17,17,18,18,18,1,65536,6,2,0,0,0,,,,
reg_final3,F1_loop_ft1_t11_reg_inflight_t3,0,initiator,1990639922.233,1,LOCAL_QP_ERR,1,7.269,0.553,0.332,3.302,1.344,0.0,4->4,0.450,0xfef8,9270,9270,9270,9272,9272,9272,2,65536,9258,2,1,0,0,,,,
reg_final3,F1_loop_ft1_t11_reg_inflight_t3,1,responder,859580798.867,0,LOCAL_QP_ERR,1,5.619,0.715,0.397,3.791,1.712,0.1,3->3,0.522,0xf913,15,17,17,18,18,18,1,65536,6,2,0,0,0,,,,
reg_final3,F1_loop_ft1_t11_reg_inflight_t4,0,initiator,1990690475.896,1,LOCAL_QP_ERR,1,7.156,0.453,0.317,3.286,1.330,0.0,4->4,0.450,0xff28,24468,24468,24468,24470,24470,24470,2,65536,24456,2,1,0,0,,,,
reg_final3,F1_loop_ft1_t11_reg_inflight_t4,1,responder,859631352.030,0,LOCAL_QP_ERR,1,5.583,0.742,0.422,3.744,1.682,0.1,3->3,0.509,0xf923,15,17,17,18,18,18,1,65536,6,2,0,0,0,,,,
reg_final3,F1_loop_ft1_t11_reg_inflight_t5,0,initiator,1990740914.035,1,LOCAL_QP_ERR,1,7.104,0.461,0.317,3.142,1.359,0.0,4->4,0.454,0xff58,20710,20710,20710,20712,20712,20712,2,65536,20698,2,1,0,0,,,,
reg_final3,F1_loop_ft1_t11_reg_inflight_t5,1,responder,859681789.714,0,LOCAL_QP_ERR,1,5.519,0.722,0.415,3.694,1.598,0.1,3->3,0.525,0xf933,15,17,17,18,18,18,1,65536,6,2,0,0,0,,,,
reg_final3,F1_loop_ft1_t11_reg_inflight_t6,0,initiator,1990791445.048,1,LOCAL_QP_ERR,1,6.978,0.512,0.324,3.221,1.280,0.0,4->4,0.300,0xff88,21174,21176,21176,21176,21176,21176,0,65536,21164,2,1,0,0,,,,
reg_final3,F1_loop_ft1_t11_reg_inflight_t6,1,responder,859732320.284,0,LOCAL_QP_ERR,1,5.382,0.754,0.419,3.507,1.646,0.1,3->3,0.537,0xf943,15,17,17,18,18,18,1,65536,6,2,0,0,0,,,,
reg_final3,F1_loop_ft1_t11_reg_inflight_t7,0,initiator,1990813832.243,1,LOCAL_QP_ERR,1,7.006,0.425,0.318,3.343,1.341,0.0,4->4,0.276,0xffa6,7706,7708,7708,7708,7708,7708,0,65536,7696,2,1,0,0,,,,
reg_final3,F1_loop_ft1_t11_reg_inflight_t7,1,responder,859754707.269,0,LOCAL_QP_ERR,1,5.510,0.758,0.415,3.619,1.719,0.1,3->3,0.528,0xf94d,15,17,17,18,18,18,1,65536,6,2,0,0,0,,,,
reg_final3,F1_loop_ft1_t11_reg_inflight_t8,0,initiator,1990836226.354,1,LOCAL_QP_ERR,1,6.835,0.452,0.292,3.102,1.302,0.0,4->4,0.452,0xffc4,7022,7022,7022,7024,7024,7024,2,65536,7010,2,1,0,0,,,,
reg_final3,F1_loop_ft1_t11_reg_inflight_t8,1,responder,859777101.191,0,LOCAL_QP_ERR,1,5.441,0.652,0.440,3.654,1.621,0.1,3->3,0.534,0xf957,15,17,17,18,18,18,1,65536,6,2,0,0,0,,,,
reg_final3,F1_loop_ft1_t11_reg_inflight_t9,0,initiator,1990858712.297,1,LOCAL_QP_ERR,1,7.178,0.451,0.339,3.302,1.299,0.0,4->4,0.451,0xffe2,22388,22388,22388,22390,22390,22390,2,65536,22376,2,1,0,0,,,,
reg_final3,F1_loop_ft1_t11_reg_inflight_t9,1,responder,859799586.929,0,LOCAL_QP_ERR,1,5.622,0.749,0.414,3.748,1.718,0.1,3->3,0.527,0xf961,15,17,17,18,18,18,1,65536,6,2,0,0,0,,,,
reg_final3,F1_loop_ft1_t11_reg_t1,0,initiator,1990536356.975,1,LOCAL_QP_ERR,1,8.334,0.384,0.345,4.068,1.337,0.0,4->4,0.451,0xfe92,262,262,262,264,264,264,2,65536,250,2,1,0,0,,,,
reg_final3,F1_loop_ft1_t11_reg_t1,1,responder,859477234.660,0,LOCAL_QP_ERR,1,6.350,1.143,0.414,4.092,2.021,0.1,3->3,0.527,0xf8f1,15,17,17,18,18,18,1,65536,6,2,0,0,0,,,,
reg_final3,F1_loop_ft1_t11_reg_t10,0,initiator,1990877636.970,1,LOCAL_QP_ERR,1,7.394,0.387,0.334,3.555,1.340,0.0,4->4,0.452,0xfffa,140,140,140,142,142,142,2,65536,128,2,1,0,0,,,,
reg_final3,F1_loop_ft1_t11_reg_t10,1,responder,859818511.429,0,LOCAL_QP_ERR,1,5.909,0.876,0.422,3.895,1.809,0.1,3->3,0.519,0xf969,15,17,17,18,18,18,1,65536,6,2,0,0,0,,,,
reg_final3,F1_loop_ft1_t11_reg_t11,0,initiator,1990896855.191,1,LOCAL_QP_ERR,1,7.779,0.385,0.326,3.921,1.348,0.0,4->4,0.451,0x10012,268,268,268,270,270,270,2,65536,256,2,1,0,0,,,,
reg_final3,F1_loop_ft1_t11_reg_t11,1,responder,859837729.464,0,LOCAL_QP_ERR,1,6.258,1.060,0.439,4.069,1.978,0.1,3->3,0.491,0xf971,15,17,17,18,18,18,1,65536,6,2,0,0,0,,,,
reg_final3,F1_loop_ft1_t11_reg_t12,0,initiator,1990903036.980,1,LOCAL_QP_ERR,1,7.264,0.396,0.313,3.484,1.329,0.0,4->4,0.452,0x1001e,266,266,266,268,268,268,2,65536,254,2,1,0,0,,,,
reg_final3,F1_loop_ft1_t11_reg_t12,1,responder,859843911.204,0,LOCAL_QP_ERR,1,5.771,0.802,0.427,3.880,1.806,0.1,3->3,0.498,0xf975,15,17,17,18,18,18,1,65536,6,2,0,0,0,,,,
reg_final3,F1_loop_ft1_t11_reg_t13,0,initiator,1990909243.841,1,LOCAL_QP_ERR,1,7.096,0.372,0.343,3.287,1.347,0.0,4->4,0.450,0x1002a,264,264,264,266,266,266,2,65536,252,2,1,0,0,,,,
reg_final3,F1_loop_ft1_t11_reg_t13,1,responder,859850118.034,0,LOCAL_QP_ERR,1,5.569,0.621,0.415,3.835,1.756,0.1,3->3,0.518,0xf979,15,17,17,18,18,18,1,65536,6,2,0,0,0,,,,
reg_final3,F1_loop_ft1_t11_reg_t14,0,initiator,1990914692.777,1,LOCAL_QP_ERR,1,6.995,0.370,0.308,3.255,1.324,0.0,4->4,0.451,0x10036,150,150,150,152,152,152,2,65536,138,2,1,0,0,,,,
reg_final3,F1_loop_ft1_t11_reg_t14,1,responder,859855566.935,0,LOCAL_QP_ERR,1,5.599,0.740,0.409,3.734,1.673,0.1,3->3,0.529,0xf97d,15,17,17,18,18,18,1,65536,6,2,0,0,0,,,,
reg_final3,F1_loop_ft1_t11_reg_t15,0,initiator,1990921025.551,1,LOCAL_QP_ERR,1,6.966,0.373,0.314,3.164,1.351,0.0,4->4,0.451,0x10042,162,162,162,164,164,164,2,65536,150,2,1,0,0,,,,
reg_final3,F1_loop_ft1_t11_reg_t15,1,responder,859861899.583,0,LOCAL_QP_ERR,1,5.471,0.658,0.414,3.773,1.685,0.1,3->3,0.452,0xf981,15,17,17,18,18,18,1,65536,6,2,0,0,0,,,,
reg_final3,F1_loop_ft1_t11_reg_t16,0,initiator,1990928144.589,1,LOCAL_QP_ERR,1,7.122,0.388,0.317,3.314,1.339,0.0,4->4,0.450,0x1004e,272,272,272,274,274,274,2,65536,260,2,1,0,0,,,,
reg_final3,F1_loop_ft1_t11_reg_t16,1,responder,859869018.632,0,LOCAL_QP_ERR,1,5.620,0.741,0.420,3.746,1.670,0.1,3->3,0.528,0xf985,15,17,17,18,18,18,1,65536,6,2,0,0,0,,,,
reg_final3,F1_loop_ft1_t11_reg_t17,0,initiator,1990934289.554,1,LOCAL_QP_ERR,1,7.179,0.408,0.322,3.250,1.399,0.0,4->4,0.453,0x1005a,258,258,258,260,260,260,2,65536,246,2,1,0,0,,,,
reg_final3,F1_loop_ft1_t11_reg_t17,1,responder,859875163.548,0,LOCAL_QP_ERR,1,5.679,0.740,0.401,3.808,1.677,0.1,3->3,0.534,0xf989,15,17,17,18,18,18,1,65536,6,2,0,0,0,,,,
reg_final3,F1_loop_ft1_t11_reg_t18,0,initiator,1990940497.923,1,LOCAL_QP_ERR,1,7.062,0.373,0.357,3.171,1.341,0.0,4->4,0.451,0x10066,258,258,258,260,260,260,2,65536,246,2,1,0,0,,,,
reg_final3,F1_loop_ft1_t11_reg_t18,1,responder,859881371.861,0,LOCAL_QP_ERR,1,5.539,0.680,0.428,3.738,1.660,0.1,3->3,0.526,0xf98d,15,17,17,18,18,18,1,65536,6,2,0,0,0,,,,
reg_final3,F1_loop_ft1_t11_reg_t19,0,initiator,1990946621.719,1,LOCAL_QP_ERR,1,7.129,0.384,0.309,3.314,1.325,0.0,4->4,0.451,0x10072,244,244,244,246,246,246,2,65536,232,2,1,0,0,,,,
reg_final3,F1_loop_ft1_t11_reg_t19,1,responder,859887495.599,0,LOCAL_QP_ERR,1,5.606,0.737,0.438,3.731,1.668,0.1,3->3,0.521,0xf991,15,17,17,18,18,18,1,65536,6,2,0,0,0,,,,
reg_final3,F1_loop_ft1_t11_reg_t2,0,initiator,1990586554.871,1,LOCAL_QP_ERR,1,7.675,0.373,0.324,3.562,1.351,0.0,4->4,0.451,0xfec2,194,194,194,196,196,196,2,65536,182,2,1,0,0,,,,
reg_final3,F1_loop_ft1_t11_reg_t2,1,responder,859527432.032,0,LOCAL_QP_ERR,1,5.929,0.830,0.421,3.957,1.869,0.1,3->3,0.520,0xf901,15,17,17,18,18,18,1,65536,6,2,0,0,0,,,,
reg_final3,F1_loop_ft1_t11_reg_t20,0,initiator,1990952696.039,1,LOCAL_QP_ERR,1,7.033,0.377,0.329,3.317,1.336,0.0,4->4,0.384,0x1007e,214,214,214,216,216,216,2,65536,202,2,1,0,0,,,,
reg_final3,F1_loop_ft1_t11_reg_t20,1,responder,859893569.876,0,LOCAL_QP_ERR,1,5.518,0.726,0.426,3.656,1.651,0.1,3->3,0.528,0xf995,15,17,17,18,18,18,1,65536,6,2,0,0,0,,,,
reg_final3,F1_loop_ft1_t11_reg_t3,0,initiator,1990637468.815,1,LOCAL_QP_ERR,1,7.866,0.375,0.318,3.663,1.379,0.0,4->4,0.451,0xfef2,260,260,260,262,262,262,2,65536,248,2,1,0,0,,,,
reg_final3,F1_loop_ft1_t11_reg_t3,1,responder,859578345.464,0,LOCAL_QP_ERR,1,5.996,0.931,0.428,3.947,1.831,0.1,3->3,0.512,0xf911,15,17,17,18,18,18,1,65536,6,2,0,0,0,,,,
reg_final3,F1_loop_ft1_t11_reg_t4,0,initiator,1990687268.016,1,LOCAL_QP_ERR,1,7.785,0.397,0.313,3.591,1.343,0.0,4->4,0.444,0xff22,168,168,168,170,170,170,2,65536,156,2,1,0,0,,,,
reg_final3,F1_loop_ft1_t11_reg_t4,1,responder,859628144.201,0,LOCAL_QP_ERR,1,5.893,0.891,0.420,3.882,1.812,0.1,3->3,0.529,0xf921,15,17,17,18,18,18,1,65536,6,2,0,0,0,,,,
reg_final3,F1_loop_ft1_t11_reg_t5,0,initiator,1990738392.950,1,LOCAL_QP_ERR,1,7.714,0.376,0.318,3.636,1.350,0.0,4->4,0.452,0xff52,260,260,260,262,262,262,2,65536,248,2,1,0,0,,,,
reg_final3,F1_loop_ft1_t11_reg_t5,1,responder,859679268.654,0,LOCAL_QP_ERR,1,6.005,0.936,0.423,3.915,1.828,0.1,3->3,0.526,0xf931,15,17,17,18,18,18,1,65536,6,2,0,0,0,,,,
reg_final3,F1_loop_ft1_t11_reg_t6,0,initiator,1990788143.069,1,LOCAL_QP_ERR,1,7.654,0.414,0.311,3.570,1.326,0.0,4->4,0.451,0xff82,154,154,154,156,156,156,2,65536,142,2,1,0,0,,,,
reg_final3,F1_loop_ft1_t11_reg_t6,1,responder,859729018.287,0,LOCAL_QP_ERR,1,5.856,0.917,0.423,3.854,1.788,0.1,3->3,0.490,0xf941,15,17,17,18,18,18,1,65536,6,2,0,0,0,,,,
reg_final3,F1_loop_ft1_t11_reg_t7,0,initiator,1990810882.603,1,LOCAL_QP_ERR,1,7.600,0.374,0.329,3.696,1.349,0.0,4->4,0.451,0xffa0,188,188,188,190,190,190,2,65536,176,2,1,0,0,,,,
reg_final3,F1_loop_ft1_t11_reg_t7,1,responder,859751757.655,0,LOCAL_QP_ERR,1,5.985,0.918,0.424,3.934,1.846,0.1,3->3,0.527,0xf94b,15,17,17,18,18,18,1,65536,6,2,0,0,0,,,,
reg_final3,F1_loop_ft1_t11_reg_t8,0,initiator,1990833159.832,1,LOCAL_QP_ERR,1,7.497,0.463,0.324,3.532,1.359,0.0,4->4,0.451,0xffbe,168,168,168,170,170,170,2,65536,156,2,1,0,0,,,,
reg_final3,F1_loop_ft1_t11_reg_t8,1,responder,859774034.698,0,LOCAL_QP_ERR,1,5.828,0.737,0.413,3.957,1.856,0.1,3->3,0.529,0xf955,15,17,17,18,18,18,1,65536,6,2,0,0,0,,,,
reg_final3,F1_loop_ft1_t11_reg_t9,0,initiator,1990855677.975,1,LOCAL_QP_ERR,1,7.308,0.384,0.326,3.538,1.313,0.0,4->4,0.450,0xffdc,194,194,194,196,196,196,2,65536,182,2,1,0,0,,,,
reg_final3,F1_loop_ft1_t11_reg_t9,1,responder,859796552.627,0,LOCAL_QP_ERR,1,5.833,0.807,0.409,3.917,1.867,0.1,3->3,0.521,0xf95f,15,17,17,18,18,18,1,65536,6,2,0,0,0,,,,
reg_final3,F1_mt_ft1_t11_reg_mt_t1,0,initiator,1990558023.521,1,LOCAL_QP_ERR,1,9.645,2.655,0.335,3.464,1.360,0.0,4->4,0.451,0xfeaa,15058,15058,15058,15314,15826,15826,768,65536,15046,2,1,0,0,,,,
reg_final3,F1_mt_ft1_t11_reg_mt_t1,1,responder,859498900.975,0,LOCAL_QP_ERR,1,5.774,0.805,0.421,3.826,1.733,0.1,3->3,0.523,0xf8f9,15,17,17,18,18,18,1,65536,6,2,0,0,0,,,,
reg_final3,F1_mt_ft1_t11_reg_mt_t10,0,initiator,1990883118.256,1,LOCAL_QP_ERR,1,9.108,2.503,0.367,3.190,1.331,0.0,4->4,0.451,0x10006,31442,31442,31442,31696,31954,31954,512,65536,31430,2,1,0,0,,,,
reg_final3,F1_mt_ft1_t11_reg_mt_t10,1,responder,859823992.674,0,LOCAL_QP_ERR,1,5.538,0.737,0.386,3.725,1.662,0.1,3->3,0.522,0xf96d,15,17,17,18,18,18,1,65536,6,2,0,0,0,,,,
reg_final3,F1_mt_ft1_t11_reg_mt_t2,0,initiator,1990608707.875,1,LOCAL_QP_ERR,1,9.695,2.769,0.321,3.473,1.341,0.0,4->4,0.450,0xfeda,55570,55570,55570,55826,55934,55934,364,65536,55558,2,1,0,0,,,,
reg_final3,F1_mt_ft1_t11_reg_mt_t2,1,responder,859549584.818,0,LOCAL_QP_ERR,1,5.791,0.798,0.458,3.817,1.749,0.1,3->3,0.527,0xf909,15,17,17,18,18,18,1,65536,6,2,0,0,0,,,,
reg_final3,F1_mt_ft1_t11_reg_mt_t3,0,initiator,1990659179.736,1,LOCAL_QP_ERR,1,9.554,2.782,0.323,3.217,1.345,0.0,4->4,0.466,0xff0a,22034,22034,22034,22290,22546,22546,512,65536,22022,2,1,0,0,,,,
reg_final3,F1_mt_ft1_t11_reg_mt_t3,1,responder,859600056.183,0,LOCAL_QP_ERR,1,5.620,0.702,0.420,3.796,1.688,0.1,3->3,0.525,0xf919,15,17,17,18,18,18,1,65536,6,2,0,0,0,,,,
reg_final3,F1_mt_ft1_t11_reg_mt_t4,0,initiator,1990709492.166,1,LOCAL_QP_ERR,1,8.786,1.982,0.328,3.324,1.369,0.0,4->4,0.418,0xff3a,18812,18812,18812,18996,19330,19330,518,65536,18800,2,1,0,0,,,,
reg_final3,F1_mt_ft1_t11_reg_mt_t4,1,responder,859650368.116,0,LOCAL_QP_ERR,1,5.668,0.788,0.415,3.790,1.716,0.1,3->3,0.498,0xf929,15,17,17,18,18,18,1,65536,6,2,0,0,0,,,,
reg_final3,F1_mt_ft1_t11_reg_mt_t5,0,initiator,1990760093.110,1,LOCAL_QP_ERR,1,9.392,2.724,0.327,3.246,1.298,0.0,4->4,0.452,0xff6a,7858,7858,7858,8114,8114,8114,256,65536,7846,2,1,0,0,,,,
reg_final3,F1_mt_ft1_t11_reg_mt_t5,1,responder,859700968.614,0,LOCAL_QP_ERR,1,5.523,0.726,0.419,3.693,1.659,0.1,3->3,0.524,0xf939,15,17,17,18,18,18,1,65536,6,2,0,0,0,,,,
reg_final3,F1_mt_ft1_t11_reg_mt_t6,0,initiator,1990793644.244,1,LOCAL_QP_ERR,1,9.346,2.650,0.324,3.280,1.351,0.0,4->4,0.433,0xff8e,65394,65394,65394,65648,65906,65906,512,131072,65382,2,1,0,0,,,,
reg_final3,F1_mt_ft1_t11_reg_mt_t6,1,responder,859734519.453,0,LOCAL_QP_ERR,1,5.587,0.679,0.409,3.784,1.721,0.1,3->3,0.533,0xf945,15,17,17,18,18,18,1,65536,6,2,0,0,0,,,,
reg_final3,F1_mt_ft1_t11_reg_mt_t7,0,initiator,1990816130.434,1,LOCAL_QP_ERR,1,9.317,2.691,0.336,3.231,1.340,0.0,4->4,0.451,0xffac,61074,61074,61074,61330,61330,61330,256,65536,61062,2,1,0,0,,,,
reg_final3,F1_mt_ft1_t11_reg_mt_t7,1,responder,859757005.445,0,LOCAL_QP_ERR,1,5.592,0.679,0.433,3.768,1.694,0.1,3->3,0.531,0xf94f,15,17,17,18,18,18,1,65536,6,2,0,0,0,,,,
reg_final3,F1_mt_ft1_t11_reg_mt_t8,0,initiator,1990838379.853,1,LOCAL_QP_ERR,1,11.944,5.346,0.325,3.208,1.323,0.0,4->4,0.451,0xffca,29714,29714,29714,30238,30238,30238,524,65536,29702,2,1,0,0,,,,
reg_final3,F1_mt_ft1_t11_reg_mt_t8,1,responder,859779254.662,0,LOCAL_QP_ERR,1,5.565,0.712,0.435,3.720,1.663,0.1,3->3,0.526,0xf959,15,17,17,18,18,18,1,65536,6,2,0,0,0,,,,
reg_final3,F1_mt_ft1_t11_reg_mt_t9,0,initiator,1990860865.155,1,LOCAL_QP_ERR,1,8.908,1.910,0.717,3.241,1.305,0.0,4->4,0.450,0xffe8,53042,53042,53042,53300,53554,53554,512,65536,53030,2,1,0,0,,,,
reg_final3,F1_mt_ft1_t11_reg_mt_t9,1,responder,859801739.766,0,LOCAL_QP_ERR,1,5.570,0.750,0.399,3.729,1.691,0.1,3->3,0.525,0xf963,15,17,17,18,18,18,1,65536,6,2,0,0,0,,,,
reg_final3,F1x5_loop_ft1_t11_reg_t1,0,initiator,1990553528.093,1,LOCAL_QP_ERR,1,8.188,0.415,0.318,3.963,1.378,0.0,4->4,0.420,0xfea4,174,174,174,176,176,176,2,65536,162,2,1,0,0,,,,
reg_final3,F1x5_loop_ft1_t11_reg_t1,0,initiator,1990553692.316,1,LOCAL_QP_ERR,2,7.417,0.376,0.296,3.205,1.308,0.0,4->4,0.940,0xfea4,65558,65558,65558,65560,65560,65560,2,131072,22,4,2,0,0,,,,
reg_final3,F1x5_loop_ft1_t11_reg_t1,0,initiator,1990553698.983,1,LOCAL_QP_ERR,3,6.656,0.398,0.336,2.998,1.286,0.0,4->4,0.450,0xfea4,131072,131072,131072,131074,131074,131074,2,196608,0,6,3,0,0,,,,
reg_final3,F1x5_loop_ft1_t11_reg_t1,0,initiator,1990553862.507,1,LOCAL_QP_ERR,4,6.796,0.315,0.290,3.084,1.319,0.0,4->4,0.454,0xfea4,196630,196630,196630,196632,196632,196632,2,262144,22,8,4,0,0,,,,
reg_final3,F1x5_loop_ft1_t11_reg_t1,0,initiator,1990554026.147,1,LOCAL_QP_ERR,5,6.867,0.387,0.307,3.100,1.302,0.0,4->4,0.450,0xfea4,262166,262166,262166,262168,262168,262168,2,327680,22,10,5,0,0,,,,
reg_final3,F1x5_loop_ft1_t11_reg_t1,1,responder,859494405.600,0,LOCAL_QP_ERR,1,6.243,0.987,0.435,4.097,2.010,0.1,3->3,0.528,0xf8f7,15,17,17,18,18,18,1,65536,6,2,0,0,0,,,,
reg_final3,F1x5_loop_ft1_t11_reg_t1,1,responder,859494569.818,0,LOCAL_QP_ERR,2,6.039,0.740,0.350,4.271,1.750,0.1,3->3,0.524,0xf8f7,65536,65536,65536,65537,65537,65537,1,131072,0,4,0,0,0,,,,
reg_final3,F1x5_loop_ft1_t11_reg_t1,1,responder,859494576.461,0,LOCAL_QP_ERR,3,5.235,0.675,0.348,3.564,1.553,0.0,3->3,0.502,0xf8f7,131072,131072,131072,131073,131073,131073,1,196608,0,6,0,0,0,,,,
reg_final3,F1x5_loop_ft1_t11_reg_t1,1,responder,859494740.015,0,LOCAL_QP_ERR,4,5.381,0.679,0.369,3.651,1.609,0.1,3->3,0.526,0xf8f7,196608,196608,196608,196609,196609,196609,1,262144,0,8,0,0,0,,,,
reg_final3,F1x5_loop_ft1_t11_reg_t1,1,responder,859494903.643,0,LOCAL_QP_ERR,5,5.346,0.719,0.373,3.586,1.552,0.1,3->3,0.525,0xf8f7,262144,262144,262144,262145,262145,262145,1,327680,0,10,0,0,0,,,,
reg_final3,F1x5_loop_ft1_t11_reg_t2,0,initiator,1990604212.591,1,LOCAL_QP_ERR,1,8.149,0.381,0.328,3.816,1.357,0.0,4->4,0.452,0xfed4,192,192,192,194,194,194,2,65536,180,2,1,0,0,,,,
reg_final3,F1x5_loop_ft1_t11_reg_t2,0,initiator,1990604376.898,1,LOCAL_QP_ERR,2,7.482,0.363,0.302,3.161,1.311,0.0,4->4,0.998,0xfed4,65558,65558,65558,65560,65560,65560,2,131072,22,4,2,0,0,,,,
reg_final3,F1x5_loop_ft1_t11_reg_t2,0,initiator,1990604383.400,1,LOCAL_QP_ERR,3,6.491,0.362,0.286,2.886,1.354,0.0,4->4,0.449,0xfed4,131072,131072,131072,131074,131074,131074,2,196608,0,6,3,0,0,,,,
reg_final3,F1x5_loop_ft1_t11_reg_t2,0,initiator,1990604547.024,1,LOCAL_QP_ERR,4,6.891,0.411,0.293,3.079,1.315,0.0,4->4,0.450,0xfed4,196630,196630,196630,196632,196632,196632,2,262144,22,8,4,0,0,,,,
reg_final3,F1x5_loop_ft1_t11_reg_t2,0,initiator,1990604710.512,1,LOCAL_QP_ERR,5,6.737,0.380,0.292,2.962,1.344,0.0,4->4,0.451,0xfed4,262166,262166,262166,262168,262168,262168,2,327680,22,10,5,0,0,,,,
reg_final3,F1x5_loop_ft1_t11_reg_t2,1,responder,859545089.584,0,LOCAL_QP_ERR,1,6.168,1.015,0.423,4.022,1.930,0.1,3->3,0.529,0xf907,15,17,17,18,18,18,1,65536,6,2,0,0,0,,,,
reg_final3,F1x5_loop_ft1_t11_reg_t2,1,responder,859545253.889,0,LOCAL_QP_ERR,2,5.991,0.709,0.354,4.254,1.672,0.1,3->3,0.526,0xf907,65536,65536,65536,65537,65537,65537,1,131072,0,4,0,0,0,,,,
reg_final3,F1x5_loop_ft1_t11_reg_t2,1,responder,859545260.402,0,LOCAL_QP_ERR,3,5.283,0.661,0.352,3.577,1.510,0.1,3->3,0.542,0xf907,131072,131072,131072,131073,131073,131073,1,196608,0,6,0,0,0,,,,
reg_final3,F1x5_loop_ft1_t11_reg_t2,1,responder,859545424.022,0,LOCAL_QP_ERR,4,5.345,0.680,0.372,3.617,1.579,0.1,3->3,0.527,0xf907,196608,196608,196608,196609,196609,196609,1,262144,0,8,0,0,0,,,,
reg_final3,F1x5_loop_ft1_t11_reg_t2,1,responder,859545587.461,0,LOCAL_QP_ERR,5,5.254,0.679,0.334,3.603,1.539,0.1,3->3,0.495,0xf907,262144,262144,262144,262145,262145,262145,1,327680,0,10,0,0,0,,,,
reg_final3,F1x5_loop_ft1_t11_reg_t3,0,initiator,1990654720.834,1,LOCAL_QP_ERR,1,7.974,0.384,0.335,3.708,1.399,0.0,4->4,0.451,0xff04,184,184,184,186,186,186,2,65536,172,2,1,0,0,,,,
reg_final3,F1x5_loop_ft1_t11_reg_t3,0,initiator,1990654885.050,1,LOCAL_QP_ERR,2,7.492,0.403,0.291,3.162,1.329,0.0,4->4,0.967,0xff04,65558,65558,65558,65560,65560,65560,2,131072,22,4,2,0,0,,,,
reg_final3,F1x5_loop_ft1_t11_reg_t3,0,initiator,1990654891.672,1,LOCAL_QP_ERR,3,6.610,0.385,0.303,2.920,1.310,0.0,4->4,0.450,0xff04,131072,131072,131072,131074,131074,131074,2,196608,0,6,3,0,0,,,,
reg_final3,F1x5_loop_ft1_t11_reg_t3,0,initiator,1990655055.155,1,LOCAL_QP_ERR,4,6.649,0.370,0.304,2.983,1.315,0.0,4->4,0.451,0xff04,196630,196630,196630,196632,196632,196632,2,262144,22,8,4,0,0,,,,
reg_final3,F1x5_loop_ft1_t11_reg_t3,0,initiator,1990655218.640,1,LOCAL_QP_ERR,5,6.775,0.374,0.338,3.000,1.280,0.0,4->4,0.450,0xff04,262166,262166,262166,262168,262168,262168,2,327680,22,10,5,0,0,,,,
reg_final3,F1x5_loop_ft1_t11_reg_t3,1,responder,859595597.287,0,LOCAL_QP_ERR,1,6.093,0.953,0.432,4.019,1.878,0.1,3->3,0.485,0xf917,15,17,17,18,18,18,1,65536,6,2,0,0,0,,,,
reg_final3,F1x5_loop_ft1_t11_reg_t3,1,responder,859595761.548,0,LOCAL_QP_ERR,2,6.012,0.753,0.350,4.231,1.664,0.1,3->3,0.533,0xf917,65536,65536,65536,65537,65537,65537,1,131072,0,4,0,0,0,,,,
reg_final3,F1x5_loop_ft1_t11_reg_t3,1,responder,859595768.161,0,LOCAL_QP_ERR,3,5.269,0.666,0.361,3.569,1.544,0.1,3->3,0.526,0xf917,131072,131072,131072,131073,131073,131073,1,196608,0,6,0,0,0,,,,
reg_final3,F1x5_loop_ft1_t11_reg_t3,1,responder,859595931.643,0,LOCAL_QP_ERR,4,5.311,0.684,0.378,3.576,1.535,0.1,3->3,0.525,0xf917,196608,196608,196608,196609,196609,196609,1,262144,0,8,0,0,0,,,,
reg_final3,F1x5_loop_ft1_t11_reg_t3,1,responder,859596095.113,0,LOCAL_QP_ERR,5,5.235,0.682,0.350,3.543,1.543,0.1,3->3,0.508,0xf917,262144,262144,262144,262145,262145,262145,1,327680,0,10,0,0,0,,,,
reg_final3,F1x5_loop_ft1_t11_reg_t4,0,initiator,1990705456.571,1,LOCAL_QP_ERR,1,8.238,0.397,0.322,3.838,1.397,0.0,4->4,0.453,0xff34,244,244,244,246,246,246,2,65536,232,2,1,0,0,,,,
reg_final3,F1x5_loop_ft1_t11_reg_t4,0,initiator,1990705620.709,1,LOCAL_QP_ERR,2,7.356,0.406,0.324,2.975,1.315,0.0,4->4,1.002,0xff34,65558,65558,65558,65560,65560,65560,2,131072,22,4,2,0,0,,,,
reg_final3,F1x5_loop_ft1_t11_reg_t4,0,initiator,1990705627.328,1,LOCAL_QP_ERR,3,6.606,0.390,0.298,2.944,1.313,0.0,4->4,0.450,0xff34,131072,131072,131072,131074,131074,131074,2,196608,0,6,3,0,0,,,,
reg_final3,F1x5_loop_ft1_t11_reg_t4,0,initiator,1990705790.657,1,LOCAL_QP_ERR,4,6.575,0.366,0.303,2.945,1.295,0.0,4->4,0.450,0xff34,196630,196630,196630,196632,196632,196632,2,262144,22,8,4,0,0,,,,
reg_final3,F1x5_loop_ft1_t11_reg_t4,0,initiator,1990705954.037,1,LOCAL_QP_ERR,5,6.638,0.379,0.313,2.927,1.293,0.0,4->4,0.450,0xff34,262166,262166,262166,262168,262168,262168,2,327680,22,10,5,0,0,,,,
reg_final3,F1x5_loop_ft1_t11_reg_t4,1,responder,859646332.581,0,LOCAL_QP_ERR,1,6.224,0.992,0.408,4.121,1.986,0.1,3->3,0.527,0xf927,15,17,17,18,18,18,1,65536,6,2,0,0,0,,,,
reg_final3,F1x5_loop_ft1_t11_reg_t4,1,responder,859646496.715,0,LOCAL_QP_ERR,2,5.870,0.687,0.342,4.166,1.582,0.1,3->3,0.524,0xf927,65536,65536,65536,65537,65537,65537,1,131072,0,4,0,0,0,,,,
reg_final3,F1x5_loop_ft1_t11_reg_t4,1,responder,859646503.283,0,LOCAL_QP_ERR,3,5.167,0.658,0.350,3.528,1.503,0.0,3->3,0.475,0xf927,131072,131072,131072,131073,131073,131073,1,196608,0,6,0,0,0,,,,
reg_final3,F1x5_loop_ft1_t11_reg_t4,1,responder,859646666.659,0,LOCAL_QP_ERR,4,5.235,0.676,0.351,3.544,1.530,0.1,3->3,0.523,0xf927,196608,196608,196608,196609,196609,196609,1,262144,0,8,0,0,0,,,,
reg_final3,F1x5_loop_ft1_t11_reg_t4,1,responder,859646830.023,0,LOCAL_QP_ERR,5,5.146,0.634,0.352,3.492,1.487,0.0,3->3,0.510,0xf927,262144,262144,262144,262145,262145,262145,1,327680,0,10,0,0,0,,,,
reg_final3,F1x5_loop_ft1_t11_reg_t5,0,initiator,1990755762.357,1,LOCAL_QP_ERR,1,8.179,0.406,0.326,3.874,1.356,0.0,4->4,0.451,0xff64,198,198,198,200,200,200,2,65536,186,2,1,0,0,,,,
reg_final3,F1x5_loop_ft1_t11_reg_t5,0,initiator,1990755926.467,1,LOCAL_QP_ERR,2,7.411,0.375,0.288,3.179,1.343,0.0,4->4,0.969,0xff64,65558,65558,65558,65560,65560,65560,2,131072,22,4,2,0,0,,,,
reg_final3,F1x5_loop_ft1_t11_reg_t5,0,initiator,1990755933.096,1,LOCAL_QP_ERR,3,6.619,0.378,0.300,2.985,1.262,0.0,4->4,0.450,0xff64,131072,131072,131072,131074,131074,131074,2,196608,0,6,3,0,0,,,,
reg_final3,F1x5_loop_ft1_t11_reg_t5,0,initiator,1990756096.726,1,LOCAL_QP_ERR,4,6.801,0.374,0.302,3.043,1.316,0.0,4->4,0.454,0xff64,196630,196630,196630,196632,196632,196632,2,262144,22,8,4,0,0,,,,
reg_final3,F1x5_loop_ft1_t11_reg_t5,0,initiator,1990756260.079,1,LOCAL_QP_ERR,5,6.629,0.381,0.295,2.950,1.317,0.0,4->4,0.449,0xff64,262166,262166,262166,262168,262168,262168,2,327680,22,10,5,0,0,,,,
reg_final3,F1x5_loop_ft1_t11_reg_t5,1,responder,859696637.905,0,LOCAL_QP_ERR,1,6.166,1.041,0.432,3.996,1.900,0.1,3->3,0.528,0xf937,15,17,17,18,18,18,1,65536,6,2,0,0,0,,,,
reg_final3,F1x5_loop_ft1_t11_reg_t5,1,responder,859696802.032,0,LOCAL_QP_ERR,2,6.062,0.727,0.327,4.315,1.721,0.1,3->3,0.542,0xf937,65536,65536,65536,65537,65537,65537,1,131072,0,4,0,0,0,,,,
reg_final3,F1x5_loop_ft1_t11_reg_t5,1,responder,859696808.643,0,LOCAL_QP_ERR,3,5.288,0.660,0.357,3.578,1.590,0.1,3->3,0.523,0xf937,131072,131072,131072,131073,131073,131073,1,196608,0,6,0,0,0,,,,
reg_final3,F1x5_loop_ft1_t11_reg_t5,1,responder,859696972.285,0,LOCAL_QP_ERR,4,5.402,0.688,0.347,3.677,1.631,0.1,3->3,0.538,0xf937,196608,196608,196608,196609,196609,196609,1,262144,0,8,0,0,0,,,,
reg_final3,F1x5_loop_ft1_t11_reg_t5,1,responder,859697135.618,0,LOCAL_QP_ERR,5,5.268,0.665,0.355,3.576,1.541,0.1,3->3,0.524,0xf937,262144,262144,262144,262145,262145,262145,1,327680,0,10,0,0,0,,,,
reg_final3,F3_loop_ft1_t11_reg_t1,0,initiator,1990545937.507,1,RETRY_EXC,1,8.651,0.621,0.314,5.009,2.056,0.0,4->4,0.451,0xfe9e,216,216,216,218,218,218,2,65536,204,2,0,0,0,,,,
reg_final3,F3_loop_ft1_t11_reg_t1,1,responder,859486815.085,0,RETRY_EXC,1,8.057,0.595,0.381,4.426,1.635,0.1,3->3,0.524,0xf8f5,15,17,17,18,18,18,1,65536,6,2,1,0,0,,,,
reg_final3,F3_loop_ft1_t11_reg_t2,0,initiator,1990596672.019,1,RETRY_EXC,1,8.611,0.758,0.331,4.857,2.002,0.0,4->4,0.448,0xfece,248,248,248,250,250,250,2,65536,236,2,0,0,0,,,,
reg_final3,F3_loop_ft1_t11_reg_t2,1,responder,859537549.081,0,RETRY_EXC,1,7.835,0.539,0.428,4.384,1.647,0.1,3->3,0.526,0xf905,15,17,17,18,18,18,1,65536,6,2,1,0,0,,,,
reg_final3,F3_loop_ft1_t11_reg_t3,0,initiator,1990647138.186,1,RETRY_EXC,1,8.582,0.668,0.351,4.822,2.083,0.0,4->4,0.455,0xfefe,226,226,226,228,228,228,2,65536,214,2,0,0,0,,,,
reg_final3,F3_loop_ft1_t11_reg_t3,1,responder,859588014.743,0,RETRY_EXC,1,7.856,0.578,0.409,4.420,1.594,0.1,3->3,0.521,0xf915,15,17,17,18,18,18,1,65536,6,2,1,0,0,,,,
reg_final3,F3_loop_ft1_t11_reg_t4,0,initiator,1990696798.247,1,RETRY_EXC,1,8.066,0.544,0.317,4.718,1.844,0.0,4->4,0.451,0xff2e,138,138,138,140,140,140,2,65536,126,2,0,0,0,,,,
reg_final3,F3_loop_ft1_t11_reg_t4,1,responder,859637674.299,0,RETRY_EXC,1,7.507,0.595,0.421,4.167,1.591,0.1,3->3,0.491,0xf925,15,17,17,18,18,18,1,65536,6,2,1,0,0,,,,
reg_final3,F3_loop_ft1_t11_reg_t5,0,initiator,1990748338.516,1,RETRY_EXC,1,8.421,0.642,0.318,4.749,2.038,0.0,4->4,0.451,0xff5e,268,268,268,270,270,270,2,65536,256,2,0,0,0,,,,
reg_final3,F3_loop_ft1_t11_reg_t5,1,responder,859689214.114,0,RETRY_EXC,1,7.807,0.536,0.413,4.360,1.577,0.1,3->3,0.516,0xf935,15,17,17,18,18,18,1,65536,6,2,1,0,0,,,,
flap_final3,FLAP_loop_ft1_t11_t1_cut0.5_t1,0,initiator,1991300509.016,1,RETRY_EXC,1,8.102,0.741,0.354,4.107,2.249,0.0,6->6,0.451,0x1014a,206,206,206,208,208,208,2,65536,194,2,0,0,0,,,,
flap_final3,FLAP_loop_ft1_t11_t1_cut0.5_t1,1,responder,860241383.251,0,RETRY_EXC,1,7.366,1.163,0.411,5.072,2.090,0.1,5->6,0.522,0xfa59,15,17,17,18,18,18,1,65536,6,2,0,0,0,,,,
flap_final3,FLAP_loop_ft1_t11_t1_cut0.5_t2,0,initiator,1991389900.005,1,RETRY_EXC,1,10.142,0.965,0.334,5.349,2.820,0.0,6->6,0.451,0x1015c,204,204,204,206,206,206,2,65536,192,2,0,0,0,,,,
flap_final3,FLAP_loop_ft1_t11_t1_cut0.5_t2,1,responder,860330774.288,0,RETRY_EXC,1,9.169,1.727,0.481,6.274,2.710,0.1,6->5,0.499,0xfa5f,15,17,17,18,18,18,1,65536,6,2,0,0,0,,,,
flap_final3,FLAP_loop_ft1_t11_t1_cut0.5_t3,0,initiator,1991479825.635,1,RETRY_EXC,1,10.340,1.160,0.326,5.279,2.905,0.0,6->6,0.452,0x1016e,204,204,204,206,206,206,2,65536,192,2,0,0,0,,,,
flap_final3,FLAP_loop_ft1_t11_t1_cut0.5_t3,1,responder,860420699.928,0,RETRY_EXC,1,9.168,1.719,0.438,6.298,2.648,0.1,5->6,0.521,0xfa65,15,17,17,18,18,18,1,65536,6,2,0,0,0,,,,
flap_final3,FLAP_loop_ft1_t11_t1_cut0.5_t4,0,initiator,1991569750.889,1,RETRY_EXC,1,9.923,1.061,0.320,5.168,2.705,0.0,6->6,0.451,0x10180,206,206,206,208,208,208,2,65536,194,2,0,0,0,,,,
flap_final3,FLAP_loop_ft1_t11_t1_cut0.5_t4,1,responder,860510626.205,0,RETRY_EXC,1,8.882,1.635,0.424,6.132,2.676,0.1,6->5,0.515,0xfa6b,15,17,17,18,18,18,1,65536,6,2,0,0,0,,,,
flap_final3,FLAP_loop_ft1_t11_t1_cut0.5_t5,0,initiator,1991659676.245,1,RETRY_EXC,1,9.496,0.926,0.315,4.960,2.657,0.0,6->6,0.427,0x10192,204,204,204,206,206,206,2,65536,192,2,0,0,0,,,,
flap_final3,FLAP_loop_ft1_t11_t1_cut0.5_t5,1,responder,860600554.147,0,RETRY_EXC,1,8.504,1.670,0.423,5.756,2.412,0.1,5->6,0.470,0xfa71,15,17,17,18,18,18,1,65536,6,2,0,0,0,,,,
flap_final3,FLAP_loop_ft1_t11_t1_cut15_t1,0,initiator,1991364608.088,1,RETRY_EXC,1,11493.593,1.216,0.303,11486.046,5.234,0.0,6->6,0.452,0x10156,206,206,206,208,208,208,2,65536,194,2,0,0,0,,,,
flap_final3,FLAP_loop_ft1_t11_t1_cut15_t1,1,responder,860305482.279,0,RETRY_EXC,1,11492.277,1.994,0.474,11489.215,11482.903,11478.7,5->6,0.405,0xfa5d,15,17,17,18,18,18,1,65536,6,2,0,0,0,,,,
flap_final3,FLAP_loop_ft1_t11_t1_cut15_t2,0,initiator,1991454384.457,1,RETRY_EXC,1,11344.607,1.087,0.336,11337.174,5.191,0.0,6->6,0.451,0x10168,204,204,204,206,206,206,2,65536,192,2,0,0,0,,,,
flap_final3,FLAP_loop_ft1_t11_t1_cut15_t2,1,responder,860395258.708,0,RETRY_EXC,1,11343.452,2.039,0.477,11340.299,11334.038,11329.7,6->5,0.455,0xfa63,15,17,17,18,18,18,1,65536,6,2,0,0,0,,,,
flap_final3,FLAP_loop_ft1_t11_t1_cut15_t3,0,initiator,1991544361.779,1,RETRY_EXC,1,11396.304,1.235,0.314,11388.756,5.144,0.0,6->6,0.453,0x1017a,204,204,204,206,206,206,2,65536,192,2,0,0,0,,,,
flap_final3,FLAP_loop_ft1_t11_t1_cut15_t3,1,responder,860485236.231,0,RETRY_EXC,1,11395.231,1.796,0.456,11392.293,11386.016,11381.8,5->6,0.481,0xfa69,15,17,17,18,18,18,1,65536,6,2,0,0,0,,,,
flap_final3,FLAP_loop_ft1_t11_t1_cut15_t4,0,initiator,1991634184.499,1,RETRY_EXC,1,11293.491,1.164,0.322,11286.099,5.074,0.1,6->6,0.452,0x1018c,204,204,204,206,206,206,2,65536,192,2,0,0,0,,,,
flap_final3,FLAP_loop_ft1_t11_t1_cut15_t4,1,responder,860575061.713,0,RETRY_EXC,1,11292.623,1.965,0.436,11289.560,11283.386,11279.1,6->5,0.465,0xfa6f,15,17,17,18,18,18,1,65536,6,2,0,0,0,,,,
flap_final3,FLAP_loop_ft1_t11_t1_cut15_t5,0,initiator,1991724109.431,1,RETRY_EXC,1,11292.575,0.998,0.312,11285.333,5.100,0.0,6->6,0.451,0x1019e,204,204,204,206,206,206,2,65536,192,2,0,0,0,,,,
flap_final3,FLAP_loop_ft1_t11_t1_cut15_t5,1,responder,860664989.024,0,RETRY_EXC,1,11291.889,1.958,0.497,11288.698,11282.465,11278.1,5->6,0.523,0xfa75,15,17,17,18,18,18,1,65536,6,2,0,0,0,,,,
flap_final3,FLAP_loop_ft1_t11_t1_cut6_t1,0,initiator,1991328061.194,1,RETRY_EXC,1,2327.108,1.176,0.330,2321.294,3.596,0.0,6->6,0.452,0x10150,206,206,206,208,208,208,2,65536,194,2,0,0,0,,,,
flap_final3,FLAP_loop_ft1_t11_t1_cut6_t1,1,responder,860268935.443,0,RETRY_EXC,1,2325.890,1.827,0.348,2323.071,2318.605,2315.5,6->5,0.491,0xfa5b,15,17,17,18,18,18,1,65536,6,2,0,0,0,,,,
flap_final3,FLAP_loop_ft1_t11_t1_cut6_t2,0,initiator,1991417649.540,1,RETRY_EXC,1,2526.955,1.089,0.339,2521.216,3.584,0.0,6->6,0.454,0x10162,204,204,204,206,206,206,2,65536,192,2,0,0,0,,,,
flap_final3,FLAP_loop_ft1_t11_t1_cut6_t2,1,responder,860358523.781,0,RETRY_EXC,1,2525.793,1.686,0.488,2522.973,2518.509,2515.5,5->6,0.445,0xfa61,15,17,17,18,18,18,1,65536,6,2,0,0,0,,,,
flap_final3,FLAP_loop_ft1_t11_t1_cut6_t3,0,initiator,1991507594.144,1,RETRY_EXC,1,2277.547,1.115,0.319,2271.772,3.591,0.0,6->6,0.452,0x10174,204,204,204,206,206,206,2,65536,192,2,0,0,0,,,,
flap_final3,FLAP_loop_ft1_t11_t1_cut6_t3,1,responder,860448468.339,0,RETRY_EXC,1,2276.376,1.796,0.454,2273.497,2268.993,2265.9,6->5,0.439,0xfa67,15,17,17,18,18,18,1,65536,6,2,0,0,0,,,,
flap_final3,FLAP_loop_ft1_t11_t1_cut6_t4,0,initiator,1991597452.176,1,RETRY_EXC,1,2478.195,0.818,0.329,2472.820,3.510,0.0,6->6,0.453,0x10186,206,206,206,208,208,208,2,65536,194,2,0,0,0,,,,
flap_final3,FLAP_loop_ft1_t11_t1_cut6_t4,1,responder,860538328.385,0,RETRY_EXC,1,2477.495,1.761,0.447,2474.553,2470.169,2467.2,5->6,0.537,0xfa6d,15,17,17,18,18,18,1,65536,6,2,0,0,0,,,,
flap_final3,FLAP_loop_ft1_t11_t1_cut6_t5,0,initiator,1991687378.585,1,RETRY_EXC,1,2479.044,1.066,0.321,2473.247,3.665,0.0,6->6,0.455,0x10198,204,204,204,206,206,206,2,65536,192,2,0,0,0,,,,
flap_final3,FLAP_loop_ft1_t11_t1_cut6_t5,1,responder,860628257.294,0,RETRY_EXC,1,2478.041,1.832,0.553,2474.906,2470.370,2467.3,6->5,0.539,0xfa73,15,17,17,18,18,18,1,65536,6,2,0,0,0,,,,
