tag,fault,mode,trial,ft,recover,ring,bounds,guard,skip,oob,mt,cq_collapsed,qdelay_us,sentinel,burst,bin,md5_rain,lib_rain,host_rain,pe0_rc,pe1_rc,leftover_rain,leftover_sunny,start,dir,ft_enabled_line,classifier,ring_cq,bounds_on,fr_it,fr_class,fr_fp,fr_syndrome,fr_opcode,fr_wqe,fr_path,fr_kind,fr_ring_ci,fr_oob_op,fr_oob_off,fr_oob_len,fr_oob_chunk_end,fr_kernel_rc,fr_t_dev,fr_t_mbx,fr_t_ret,decline_reason,decline_class,rec_lines,rec_d,rec_ring,s0_rc,s0_ok_iters,s0_rec_rounds,s0_rec_ok_ops,s0_declined,s1_rc,s1_ok_iters,s1_final_sig,s1_expected_sig,pe1_iters,pe1_first_notok,pe1_notok_lines,canary_bad,dbuf_vs_prev_bad,lay_dbuf,lay_sbuf,lay_sig,lay_tbuf,lay_bad_dst,lay_canary,lay_heap_size,bounds_why,td0_returned,td0_finalize_ms,watchdog0,td1_returned,td1_finalize_ms,watchdog1,phase0,phase1,initdiag0,initdiag1,cc0_line,iters0
F1_blocking_ft1_rec0_s_ring_d2000_t1,F1,blocking,1,1,0,1,,,,,,,2000,,1,nvft2_drv,fbf1b2e4a4b8,e0d6fd1bd841,40eb9295f964,3,9,0,0,2026-09-25,smoke,1,ring-walk,1,"0(off,",51,LOCAL_QP_ERR,5/0xf5,0x05,0xd,117,1,1,56,0,0x0,0,0x0,-1,1428475426.652,1428475426.708,1428475426.663,recovery not enabled (classification run),LOCAL_QP_ERR,0,,,3,51,0,0,1,9,51,1099511627776,51,52,51:cancelled:0:sig=1099511627776/52,1,,,+0x2124a00,+0x2164a00,+0x21a4a00,-0x0,+0x0,+0x0/0,56623104,,1,19.6,0,1,25.0,0,first barrier returned,first barrier returned,,,0,52
F1_timeout_ft1_rec1_s_ring_rec_t1,F1,timeout,1,1,1,1,,,,,,,,,1,nvft2_drv,fbf1b2e4a4b8,e0d6fd1bd841,40eb9295f964,0,0,0,0,2026-09-25,smoke,1,ring-walk,1,"0(off,",51,LOCAL_QP_ERR,5/0xf5,0x05,0xd,117,3,1,56,0,0x0,0,0x0,-1,1428477617.383,1428477617.405,1428477617.392,,,1,1,56/2/58,0,100,1,1,0,0,100,100,100,100,,0,,,+0x2124a00,+0x2164a00,+0x21a4a00,-0x0,+0x0,+0x0/0,56623104,,1,20.2,0,1,25.7,0,first barrier returned,first barrier returned,,,0,101
F1_timeout_ft1_rec1_s_skip_cqfill_t1,F1,timeout,1,1,1,,,,cqfill,,,,,,1,nvft2_drv,fbf1b2e4a4b8,e0d6fd1bd841,40eb9295f964,9,9,0,0,2026-09-25,smoke,1,in-loop,0,"0(off,",51,LOCAL_QP_ERR,5/0xf5,0x05,0xd,117,3,1,0,0,0x0,0,0x0,-1,1428483564.014,1428483564.107,1428483564.024,class not recoverable,FLUSH_TRAILING,1,1,0/0/238,9,51,1,0,1,9,51,1099511627776,51,52,,0,,,+0x2124a00,+0x2164a00,+0x21a4a00,-0x0,+0x0,+0x0/0,56623104,,1,19.4,0,1,25.4,0,first barrier returned,first barrier returned,,,0,53
F2a_timeout_ft1_rec0_s_exact_t1,F2a,timeout,1,1,0,,1,,,exact,,,,,1,nvft2_drv,fbf1b2e4a4b8,e0d6fd1bd841,40eb9295f964,5,5,0,0,2026-09-25,smoke,1,in-loop,0,1(heap-level,,,,,,,,,,,,,,,,,,,,0,,,5,4,0,0,0,5,4,5,4,5,4:mismatch:262144:sig=5/5,1,261119,0,+0x2124a00,+0x2164a00,+0x21a4a00,-0x0,+0x2164a00,+0x2164a00/262144,56623104,,1,20.1,0,1,26.3,0,first barrier returned,first barrier returned,,,0,5
F2a_timeout_ft1_rec0_s_gap_t1,F2a,timeout,1,1,0,,1,,,gap,,,,,1,nvft2_drv,fbf1b2e4a4b8,e0d6fd1bd841,40eb9295f964,3,9,0,0,2026-09-25,smoke,1,in-loop,0,1(heap-level,4,OOB_WRITE,-1/0x02,0x00,0x0,0,5,2,0,7,0x2164a00,262144,0x0,-1,1428479871.456,1428479871.545,1428479871.470,recovery not enabled (classification run),OOB_WRITE,0,,,3,4,0,0,1,9,4,1099511627776,4,5,4:cancelled:0:sig=1099511627776/5,1,0,0,+0x2124a00,+0x21a4a00,+0x21e4a00,-0x0,+0x2164a00,+0x2164a00/262144,56623104,2,1,20.5,0,1,26.4,0,first barrier returned,first barrier returned,,,0,5
none_blocking_ft1_rec0_s_ring_t1,none,blocking,1,1,0,1,,,,,,,,,1,nvft2_drv,fbf1b2e4a4b8,e0d6fd1bd841,40eb9295f964,0,0,0,0,2026-09-25,smoke,1,ring-walk,1,"0(off,",,,,,,,,,,,,,,,,,,,,0,,,0,60,0,0,0,0,60,60,60,60,,0,,,+0x2124a00,+0x2164a00,+0x21a4a00,-0x0,+0x0,+0x0/0,56623104,,1,20.2,0,1,25.9,0,first barrier returned,first barrier returned,,,0,60
none_timeout_ft0_rec0_s_off_t1,none,timeout,1,0,0,,,,,,,,,,1,nvft2_drv,fbf1b2e4a4b8,e0d6fd1bd841,40eb9295f964,0,0,0,0,2026-09-25,smoke,0,,,,,,,,,,,,,,,,,,,,,,,0,,,0,60,0,0,0,0,60,60,60,60,,0,,,+0x2124a00,+0x2164a00,+0x21a4a00,-0x0,+0x0,+0x0/0,56623104,,1,20.6,0,1,26.2,0,first barrier returned,first barrier returned,,,0,60
none_timeout_ft1_rec0_s_bounds_t1,none,timeout,1,1,0,,1,,,,,,,,1,nvft2_drv,fbf1b2e4a4b8,e0d6fd1bd841,40eb9295f964,0,0,0,0,2026-09-25,smoke,1,in-loop,0,1(heap-level,,,,,,,,,,,,,,,,,,,,0,,,0,60,0,0,0,0,60,60,60,60,,0,,,+0x2124a00,+0x2164a00,+0x21a4a00,-0x0,+0x0,+0x0/0,56623104,,1,21.6,0,1,27.3,0,first barrier returned,first barrier returned,,,0,60
none_timeout_ft1_rec0_s_on_t1,none,timeout,1,1,0,,,,,,,,,,1,nvft2_drv,fbf1b2e4a4b8,e0d6fd1bd841,40eb9295f964,0,0,0,0,2026-09-25,smoke,1,in-loop,0,"0(off,",,,,,,,,,,,,,,,,,,,,0,,,0,60,0,0,0,0,60,60,60,60,,0,,,+0x2124a00,+0x2164a00,+0x21a4a00,-0x0,+0x0,+0x0/0,56623104,,1,20.4,0,1,25.9,0,first barrier returned,first barrier returned,,,0,60
none_timeout_ft1_rec0_s_ring_t1,none,timeout,1,1,0,1,,,,,,,,,1,nvft2_drv,fbf1b2e4a4b8,e0d6fd1bd841,40eb9295f964,0,0,0,0,2026-09-25,smoke,1,ring-walk,1,"0(off,",,,,,,,,,,,,,,,,,,,,0,,,0,60,0,0,0,0,60,60,60,60,,0,,,+0x2124a00,+0x2164a00,+0x21a4a00,-0x0,+0x0,+0x0/0,56623104,,1,20.4,0,1,26.2,0,first barrier returned,first barrier returned,,,0,60
none_timeout_ft1_rec0_s_ringbounds_t1,none,timeout,1,1,0,1,1,,,,,,,,1,nvft2_drv,fbf1b2e4a4b8,e0d6fd1bd841,40eb9295f964,0,0,0,0,2026-09-25,smoke,1,ring-walk,1,1(heap-level,,,,,,,,,,,,,,,,,,,,0,,,0,60,0,0,0,0,60,60,60,60,,0,,,+0x2124a00,+0x2164a00,+0x21a4a00,-0x0,+0x0,+0x0/0,56623104,,1,21.4,0,1,27.3,0,first barrier returned,first barrier returned,,,0,60
F1_timeout_ft0_rec0_cc0_t1,F1,timeout,1,0,0,,,,,,,0,,,1,nvft2_drv,fbf1b2e4a4b8,e0d6fd1bd841,40eb9295f964,137,255,0,0,2026-09-25,cc0,0,,,,,,,,,,,,,,,,,,,,,,,0,,,,,,,,,,,,0,,0,,,,,,,,,,,0,,0,0,,0,init returned,init returned,phase=1 after 8.0 s: dumping IBGDA queue state | rcs=0x7f357fb60e00 dcis=0x7f357fb60c00 ft=(nil) ft_flags=0x0 | rc_to_peer qpn=0x88e9 cqn=0x1492 ncqes=1024 resv=6 ready=6 prod=6 cons=3 lock=0 | rc_to_peer slot 0 op_own=0x00 opcode=0x0 owner=0 wqe_counter=2 syndrome=0x94 vendor=0x39 | rc_to_peer slot 1 op_own=0x00 opcode=0x0 owner=0 wqe_counter=5 syndrome=0x34 vendor=0x8e | rc_to_peer slot 2 op_own=0xff opcode=0xf owner=1 wqe_counter=65535 syndrome=0xff vendor=0xff | rc_to_peer slot 3 op_own=0xff opcode=0xf owner=1 wqe_counter=65535 syndrome=0xff vendor=0xff | rc_to_peer slot 4 op_own=0xff opcode=0xf owner=1 wqe_counter=65535 syndrome=0xff vendor=0xff | rc_to_peer slot 5 op_own=0xff opcode=0xf owner=1 wqe_counter=65535 syndrome=0xff vendor=0xff | rc_to_peer slot 6 op_own=0xff opcode=0xf owner=1 wqe_counter=65535 syndrome=0xff vendor=0xff | rc_to_peer slot 7 op_own=0xff opcode=0xf owner=1 wqe_counter=65535 syndrome=0xff vendor=0xff | dci0 qpn=0x88e8 cqn=0x1491 ncqes=1024 resv=2 ready=2 prod=2 cons=1 lock=0 | dci0 slot 0 op_own=0x00 opcode=0x0 owner=0 wqe_counter=0 syndrome=0xf4 vendor=0x7b | dci0 slot 1 op_own=0x00 opcode=0x0 owner=0 wqe_counter=1 syndrome=0x7c vendor=0x91 | dci0 slot 2 op_own=0xff opcode=0xf owner=1 wqe_counter=65535 syndrome=0xff vendor=0xff | dci0 slot 3 op_own=0xff opcode=0xf owner=1 wqe_counter=65535 syndrome=0xff vendor=0xff | dci0 slot 4 op_own=0xff opcode=0xf owner=1 wqe_counter=65535 syndrome=0xff vendor=0xff | dci0 slot 5 op_own=0xff opcode=0xf owner=1 wqe_counter=65535 syndrome=0xff vendor=0xff | dci0 slot 6 op_own=0xff opcode=0xf owner=1 wqe_counter=65535 syndrome=0xff vendor=0xff | dci0 slot 7 op_own=0xff opcode=0xf owner=1 wqe_counter=65535 syndrome=0xff vendor=0xff,phase=1 after 8.0 s: dumping IBGDA queue state | rcs=0x7e2820560e00 dcis=0x7e2820560c00 ft=(nil) ft_flags=0x0 | rc_to_peer qpn=0x8389 cqn=0x4e1 ncqes=1024 resv=6 ready=6 prod=6 cons=3 lock=0 | rc_to_peer slot 0 op_own=0x00 opcode=0x0 owner=0 wqe_counter=2 syndrome=0x1e vendor=0x8b | rc_to_peer slot 1 op_own=0x00 opcode=0x0 owner=0 wqe_counter=5 syndrome=0xe9 vendor=0xa0 | rc_to_peer slot 2 op_own=0xff opcode=0xf owner=1 wqe_counter=65535 syndrome=0xff vendor=0xff | rc_to_peer slot 3 op_own=0xff opcode=0xf owner=1 wqe_counter=65535 syndrome=0xff vendor=0xff | rc_to_peer slot 4 op_own=0xff opcode=0xf owner=1 wqe_counter=65535 syndrome=0xff vendor=0xff | rc_to_peer slot 5 op_own=0xff opcode=0xf owner=1 wqe_counter=65535 syndrome=0xff vendor=0xff | rc_to_peer slot 6 op_own=0xff opcode=0xf owner=1 wqe_counter=65535 syndrome=0xff vendor=0xff | rc_to_peer slot 7 op_own=0xff opcode=0xf owner=1 wqe_counter=65535 syndrome=0xff vendor=0xff | dci0 qpn=0x8388 cqn=0x4e0 ncqes=1024 resv=2 ready=2 prod=2 cons=1 lock=0 | dci0 slot 0 op_own=0x00 opcode=0x0 owner=0 wqe_counter=0 syndrome=0x6b vendor=0x8d | dci0 slot 1 op_own=0x00 opcode=0x0 owner=0 wqe_counter=1 syndrome=0x4f vendor=0xa4 | dci0 slot 2 op_own=0xff opcode=0xf owner=1 wqe_counter=65535 syndrome=0xff vendor=0xff | dci0 slot 3 op_own=0xff opcode=0xf owner=1 wqe_counter=65535 syndrome=0xff vendor=0xff | dci0 slot 4 op_own=0xff opcode=0xf owner=1 wqe_counter=65535 syndrome=0xff vendor=0xff | dci0 slot 5 op_own=0xff opcode=0xf owner=1 wqe_counter=65535 syndrome=0xff vendor=0xff | dci0 slot 6 op_own=0xff opcode=0xf owner=1 wqe_counter=65535 syndrome=0xff vendor=0xff | dci0 slot 7 op_own=0xff opcode=0xf owner=1 wqe_counter=65535 syndrome=0xff vendor=0xff,1,0
none_blocking_ft0_rec0_cc0_t1,none,blocking,1,0,0,,,,,,,0,,,1,nvft2_drv,fbf1b2e4a4b8,e0d6fd1bd841,40eb9295f964,137,255,0,0,2026-09-25,cc0,0,,,,,,,,,,,,,,,,,,,,,,,0,,,,,,,,,,,,0,,0,,,,,,,,,,,0,,0,0,,0,init returned,init returned,phase=1 after 8.0 s: dumping IBGDA queue state | rcs=0x7f1321b60e00 dcis=0x7f1321b60c00 ft=(nil) ft_flags=0x0 | rc_to_peer qpn=0x88e7 cqn=0x1492 ncqes=1024 resv=6 ready=6 prod=6 cons=3 lock=0 | rc_to_peer slot 0 op_own=0x00 opcode=0x0 owner=0 wqe_counter=2 syndrome=0xaa vendor=0xfa | rc_to_peer slot 1 op_own=0x00 opcode=0x0 owner=0 wqe_counter=5 syndrome=0x25 vendor=0x1e | rc_to_peer slot 2 op_own=0xff opcode=0xf owner=1 wqe_counter=65535 syndrome=0xff vendor=0xff | rc_to_peer slot 3 op_own=0xff opcode=0xf owner=1 wqe_counter=65535 syndrome=0xff vendor=0xff | rc_to_peer slot 4 op_own=0xff opcode=0xf owner=1 wqe_counter=65535 syndrome=0xff vendor=0xff | rc_to_peer slot 5 op_own=0xff opcode=0xf owner=1 wqe_counter=65535 syndrome=0xff vendor=0xff | rc_to_peer slot 6 op_own=0xff opcode=0xf owner=1 wqe_counter=65535 syndrome=0xff vendor=0xff | rc_to_peer slot 7 op_own=0xff opcode=0xf owner=1 wqe_counter=65535 syndrome=0xff vendor=0xff | dci0 qpn=0x88e6 cqn=0x1491 ncqes=1024 resv=2 ready=2 prod=2 cons=1 lock=0 | dci0 slot 0 op_own=0x00 opcode=0x0 owner=0 wqe_counter=0 syndrome=0x11 vendor=0x0d | dci0 slot 1 op_own=0x00 opcode=0x0 owner=0 wqe_counter=1 syndrome=0xe7 vendor=0x20 | dci0 slot 2 op_own=0xff opcode=0xf owner=1 wqe_counter=65535 syndrome=0xff vendor=0xff | dci0 slot 3 op_own=0xff opcode=0xf owner=1 wqe_counter=65535 syndrome=0xff vendor=0xff | dci0 slot 4 op_own=0xff opcode=0xf owner=1 wqe_counter=65535 syndrome=0xff vendor=0xff | dci0 slot 5 op_own=0xff opcode=0xf owner=1 wqe_counter=65535 syndrome=0xff vendor=0xff | dci0 slot 6 op_own=0xff opcode=0xf owner=1 wqe_counter=65535 syndrome=0xff vendor=0xff | dci0 slot 7 op_own=0xff opcode=0xf owner=1 wqe_counter=65535 syndrome=0xff vendor=0xff,phase=1 after 8.0 s: dumping IBGDA queue state | rcs=0x7950c6560e00 dcis=0x7950c6560c00 ft=(nil) ft_flags=0x0 | rc_to_peer qpn=0x8387 cqn=0x4e1 ncqes=1024 resv=6 ready=6 prod=6 cons=3 lock=0 | rc_to_peer slot 0 op_own=0x00 opcode=0x0 owner=0 wqe_counter=2 syndrome=0xf2 vendor=0xe6 | rc_to_peer slot 1 op_own=0x00 opcode=0x0 owner=0 wqe_counter=5 syndrome=0x03 vendor=0xfb | rc_to_peer slot 2 op_own=0xff opcode=0xf owner=1 wqe_counter=65535 syndrome=0xff vendor=0xff | rc_to_peer slot 3 op_own=0xff opcode=0xf owner=1 wqe_counter=65535 syndrome=0xff vendor=0xff | rc_to_peer slot 4 op_own=0xff opcode=0xf owner=1 wqe_counter=65535 syndrome=0xff vendor=0xff | rc_to_peer slot 5 op_own=0xff opcode=0xf owner=1 wqe_counter=65535 syndrome=0xff vendor=0xff | rc_to_peer slot 6 op_own=0xff opcode=0xf owner=1 wqe_counter=65535 syndrome=0xff vendor=0xff | rc_to_peer slot 7 op_own=0xff opcode=0xf owner=1 wqe_counter=65535 syndrome=0xff vendor=0xff | dci0 qpn=0x8386 cqn=0x4e0 ncqes=1024 resv=2 ready=2 prod=2 cons=1 lock=0 | dci0 slot 0 op_own=0x00 opcode=0x0 owner=0 wqe_counter=0 syndrome=0x4b vendor=0xe9 | dci0 slot 1 op_own=0x00 opcode=0x0 owner=0 wqe_counter=1 syndrome=0xc4 vendor=0xfe | dci0 slot 2 op_own=0xff opcode=0xf owner=1 wqe_counter=65535 syndrome=0xff vendor=0xff | dci0 slot 3 op_own=0xff opcode=0xf owner=1 wqe_counter=65535 syndrome=0xff vendor=0xff | dci0 slot 4 op_own=0xff opcode=0xf owner=1 wqe_counter=65535 syndrome=0xff vendor=0xff | dci0 slot 5 op_own=0xff opcode=0xf owner=1 wqe_counter=65535 syndrome=0xff vendor=0xff | dci0 slot 6 op_own=0xff opcode=0xf owner=1 wqe_counter=65535 syndrome=0xff vendor=0xff | dci0 slot 7 op_own=0xff opcode=0xf owner=1 wqe_counter=65535 syndrome=0xff vendor=0xff,1,0
none_timeout_ft0_rec0_cc0_t1,none,timeout,1,0,0,,,,,,,0,,,1,nvft2_drv,fbf1b2e4a4b8,e0d6fd1bd841,40eb9295f964,137,255,0,0,2026-09-25,cc0,0,,,,,,,,,,,,,,,,,,,,,,,0,,,,,,,,,,,,0,,0,,,,,,,,,,,0,,0,0,,0,init returned,init returned,phase=1 after 8.0 s: dumping IBGDA queue state | rcs=0x7f8073b60e00 dcis=0x7f8073b60c00 ft=(nil) ft_flags=0x0 | rc_to_peer qpn=0x88e1 cqn=0x1492 ncqes=1024 resv=6 ready=6 prod=6 cons=3 lock=0 | rc_to_peer slot 0 op_own=0x00 opcode=0x0 owner=0 wqe_counter=2 syndrome=0x41 vendor=0x60 | rc_to_peer slot 1 op_own=0x00 opcode=0x0 owner=0 wqe_counter=5 syndrome=0x01 vendor=0xee | rc_to_peer slot 2 op_own=0xff opcode=0xf owner=1 wqe_counter=65535 syndrome=0xff vendor=0xff | rc_to_peer slot 3 op_own=0xff opcode=0xf owner=1 wqe_counter=65535 syndrome=0xff vendor=0xff | rc_to_peer slot 4 op_own=0xff opcode=0xf owner=1 wqe_counter=65535 syndrome=0xff vendor=0xff | rc_to_peer slot 5 op_own=0xff opcode=0xf owner=1 wqe_counter=65535 syndrome=0xff vendor=0xff | rc_to_peer slot 6 op_own=0xff opcode=0xf owner=1 wqe_counter=65535 syndrome=0xff vendor=0xff | rc_to_peer slot 7 op_own=0xff opcode=0xf owner=1 wqe_counter=65535 syndrome=0xff vendor=0xff | dci0 qpn=0x88e0 cqn=0x1491 ncqes=1024 resv=2 ready=2 prod=2 cons=1 lock=0 | dci0 slot 0 op_own=0x00 opcode=0x0 owner=0 wqe_counter=0 syndrome=0x94 vendor=0xda | dci0 slot 1 op_own=0x00 opcode=0x0 owner=0 wqe_counter=1 syndrome=0x9f vendor=0xf0 | dci0 slot 2 op_own=0xff opcode=0xf owner=1 wqe_counter=65535 syndrome=0xff vendor=0xff | dci0 slot 3 op_own=0xff opcode=0xf owner=1 wqe_counter=65535 syndrome=0xff vendor=0xff | dci0 slot 4 op_own=0xff opcode=0xf owner=1 wqe_counter=65535 syndrome=0xff vendor=0xff | dci0 slot 5 op_own=0xff opcode=0xf owner=1 wqe_counter=65535 syndrome=0xff vendor=0xff | dci0 slot 6 op_own=0xff opcode=0xf owner=1 wqe_counter=65535 syndrome=0xff vendor=0xff | dci0 slot 7 op_own=0xff opcode=0xf owner=1 wqe_counter=65535 syndrome=0xff vendor=0xff,phase=1 after 8.0 s: dumping IBGDA queue state | rcs=0x7db2c8560e00 dcis=0x7db2c8560c00 ft=(nil) ft_flags=0x0 | rc_to_peer qpn=0x8381 cqn=0x4e1 ncqes=1024 resv=6 ready=6 prod=6 cons=3 lock=0 | rc_to_peer slot 0 op_own=0x00 opcode=0x0 owner=0 wqe_counter=2 syndrome=0x28 vendor=0x2b | rc_to_peer slot 1 op_own=0x00 opcode=0x0 owner=0 wqe_counter=5 syndrome=0xee vendor=0x3f | rc_to_peer slot 2 op_own=0xff opcode=0xf owner=1 wqe_counter=65535 syndrome=0xff vendor=0xff | rc_to_peer slot 3 op_own=0xff opcode=0xf owner=1 wqe_counter=65535 syndrome=0xff vendor=0xff | rc_to_peer slot 4 op_own=0xff opcode=0xf owner=1 wqe_counter=65535 syndrome=0xff vendor=0xff | rc_to_peer slot 5 op_own=0xff opcode=0xf owner=1 wqe_counter=65535 syndrome=0xff vendor=0xff | rc_to_peer slot 6 op_own=0xff opcode=0xf owner=1 wqe_counter=65535 syndrome=0xff vendor=0xff | rc_to_peer slot 7 op_own=0xff opcode=0xf owner=1 wqe_counter=65535 syndrome=0xff vendor=0xff | dci0 qpn=0x8380 cqn=0x4e0 ncqes=1024 resv=2 ready=2 prod=2 cons=1 lock=0 | dci0 slot 0 op_own=0x00 opcode=0x0 owner=0 wqe_counter=0 syndrome=0x71 vendor=0x2d | dci0 slot 1 op_own=0x00 opcode=0x0 owner=0 wqe_counter=1 syndrome=0xcd vendor=0x45 | dci0 slot 2 op_own=0xff opcode=0xf owner=1 wqe_counter=65535 syndrome=0xff vendor=0xff | dci0 slot 3 op_own=0xff opcode=0xf owner=1 wqe_counter=65535 syndrome=0xff vendor=0xff | dci0 slot 4 op_own=0xff opcode=0xf owner=1 wqe_counter=65535 syndrome=0xff vendor=0xff | dci0 slot 5 op_own=0xff opcode=0xf owner=1 wqe_counter=65535 syndrome=0xff vendor=0xff | dci0 slot 6 op_own=0xff opcode=0xf owner=1 wqe_counter=65535 syndrome=0xff vendor=0xff | dci0 slot 7 op_own=0xff opcode=0xf owner=1 wqe_counter=65535 syndrome=0xff vendor=0xff,1,0
none_timeout_ft0_rec0_cc0_t2,none,timeout,2,0,0,,,,,,,0,,,1,nvft2_drv,fbf1b2e4a4b8,e0d6fd1bd841,40eb9295f964,137,255,0,0,2026-09-25,cc0,0,,,,,,,,,,,,,,,,,,,,,,,0,,,,,,,,,,,,0,,0,,,,,,,,,,,0,,0,0,,0,init returned,init returned,phase=1 after 8.0 s: dumping IBGDA queue state | rcs=0x7ff82bb60e00 dcis=0x7ff82bb60c00 ft=(nil) ft_flags=0x0 | rc_to_peer qpn=0x88e3 cqn=0x1492 ncqes=1024 resv=6 ready=6 prod=6 cons=3 lock=0 | rc_to_peer slot 0 op_own=0x00 opcode=0x0 owner=0 wqe_counter=2 syndrome=0xec vendor=0x1d | rc_to_peer slot 1 op_own=0x00 opcode=0x0 owner=0 wqe_counter=5 syndrome=0xb5 vendor=0x49 | rc_to_peer slot 2 op_own=0xff opcode=0xf owner=1 wqe_counter=65535 syndrome=0xff vendor=0xff | rc_to_peer slot 3 op_own=0xff opcode=0xf owner=1 wqe_counter=65535 syndrome=0xff vendor=0xff | rc_to_peer slot 4 op_own=0xff opcode=0xf owner=1 wqe_counter=65535 syndrome=0xff vendor=0xff | rc_to_peer slot 5 op_own=0xff opcode=0xf owner=1 wqe_counter=65535 syndrome=0xff vendor=0xff | rc_to_peer slot 6 op_own=0xff opcode=0xf owner=1 wqe_counter=65535 syndrome=0xff vendor=0xff | rc_to_peer slot 7 op_own=0xff opcode=0xf owner=1 wqe_counter=65535 syndrome=0xff vendor=0xff | dci0 qpn=0x88e2 cqn=0x1491 ncqes=1024 resv=2 ready=2 prod=2 cons=1 lock=0 | dci0 slot 0 op_own=0x00 opcode=0x0 owner=0 wqe_counter=0 syndrome=0x56 vendor=0x38 | dci0 slot 1 op_own=0x00 opcode=0x0 owner=0 wqe_counter=1 syndrome=0x77 vendor=0x4c | dci0 slot 2 op_own=0xff opcode=0xf owner=1 wqe_counter=65535 syndrome=0xff vendor=0xff | dci0 slot 3 op_own=0xff opcode=0xf owner=1 wqe_counter=65535 syndrome=0xff vendor=0xff | dci0 slot 4 op_own=0xff opcode=0xf owner=1 wqe_counter=65535 syndrome=0xff vendor=0xff | dci0 slot 5 op_own=0xff opcode=0xf owner=1 wqe_counter=65535 syndrome=0xff vendor=0xff | dci0 slot 6 op_own=0xff opcode=0xf owner=1 wqe_counter=65535 syndrome=0xff vendor=0xff | dci0 slot 7 op_own=0xff opcode=0xf owner=1 wqe_counter=65535 syndrome=0xff vendor=0xff,phase=1 after 8.0 s: dumping IBGDA queue state | rcs=0x72368a560e00 dcis=0x72368a560c00 ft=(nil) ft_flags=0x0 | rc_to_peer qpn=0x8383 cqn=0x4e1 ncqes=1024 resv=6 ready=6 prod=6 cons=3 lock=0 | rc_to_peer slot 0 op_own=0x00 opcode=0x0 owner=0 wqe_counter=2 syndrome=0xb5 vendor=0xb4 | rc_to_peer slot 1 op_own=0x00 opcode=0x0 owner=0 wqe_counter=5 syndrome=0x15 vendor=0xc9 | rc_to_peer slot 2 op_own=0xff opcode=0xf owner=1 wqe_counter=65535 syndrome=0xff vendor=0xff | rc_to_peer slot 3 op_own=0xff opcode=0xf owner=1 wqe_counter=65535 syndrome=0xff vendor=0xff | rc_to_peer slot 4 op_own=0xff opcode=0xf owner=1 wqe_counter=65535 syndrome=0xff vendor=0xff | rc_to_peer slot 5 op_own=0xff opcode=0xf owner=1 wqe_counter=65535 syndrome=0xff vendor=0xff | rc_to_peer slot 6 op_own=0xff opcode=0xf owner=1 wqe_counter=65535 syndrome=0xff vendor=0xff | rc_to_peer slot 7 op_own=0xff opcode=0xf owner=1 wqe_counter=65535 syndrome=0xff vendor=0xff | dci0 qpn=0x8382 cqn=0x4e0 ncqes=1024 resv=2 ready=2 prod=2 cons=1 lock=0 | dci0 slot 0 op_own=0x00 opcode=0x0 owner=0 wqe_counter=0 syndrome=0xff vendor=0xb6 | dci0 slot 1 op_own=0x00 opcode=0x0 owner=0 wqe_counter=1 syndrome=0xde vendor=0xcc | dci0 slot 2 op_own=0xff opcode=0xf owner=1 wqe_counter=65535 syndrome=0xff vendor=0xff | dci0 slot 3 op_own=0xff opcode=0xf owner=1 wqe_counter=65535 syndrome=0xff vendor=0xff | dci0 slot 4 op_own=0xff opcode=0xf owner=1 wqe_counter=65535 syndrome=0xff vendor=0xff | dci0 slot 5 op_own=0xff opcode=0xf owner=1 wqe_counter=65535 syndrome=0xff vendor=0xff | dci0 slot 6 op_own=0xff opcode=0xf owner=1 wqe_counter=65535 syndrome=0xff vendor=0xff | dci0 slot 7 op_own=0xff opcode=0xf owner=1 wqe_counter=65535 syndrome=0xff vendor=0xff,1,0
none_timeout_ft0_rec0_cc0_t3,none,timeout,3,0,0,,,,,,,0,,,1,nvft2_drv,fbf1b2e4a4b8,e0d6fd1bd841,40eb9295f964,137,255,0,0,2026-09-25,cc0,0,,,,,,,,,,,,,,,,,,,,,,,0,,,,,,,,,,,,0,,0,,,,,,,,,,,0,,0,0,,0,init returned,init returned,phase=1 after 8.0 s: dumping IBGDA queue state | rcs=0x7fd3d7b60e00 dcis=0x7fd3d7b60c00 ft=(nil) ft_flags=0x0 | rc_to_peer qpn=0x88e5 cqn=0x1492 ncqes=1024 resv=6 ready=6 prod=6 cons=3 lock=0 | rc_to_peer slot 0 op_own=0x00 opcode=0x0 owner=0 wqe_counter=2 syndrome=0x30 vendor=0x80 | rc_to_peer slot 1 op_own=0x00 opcode=0x0 owner=0 wqe_counter=5 syndrome=0x82 vendor=0xa2 | rc_to_peer slot 2 op_own=0xff opcode=0xf owner=1 wqe_counter=65535 syndrome=0xff vendor=0xff | rc_to_peer slot 3 op_own=0xff opcode=0xf owner=1 wqe_counter=65535 syndrome=0xff vendor=0xff | rc_to_peer slot 4 op_own=0xff opcode=0xf owner=1 wqe_counter=65535 syndrome=0xff vendor=0xff | rc_to_peer slot 5 op_own=0xff opcode=0xf owner=1 wqe_counter=65535 syndrome=0xff vendor=0xff | rc_to_peer slot 6 op_own=0xff opcode=0xf owner=1 wqe_counter=65535 syndrome=0xff vendor=0xff | rc_to_peer slot 7 op_own=0xff opcode=0xf owner=1 wqe_counter=65535 syndrome=0xff vendor=0xff | dci0 qpn=0x88e4 cqn=0x1491 ncqes=1024 resv=2 ready=2 prod=2 cons=1 lock=0 | dci0 slot 0 op_own=0x00 opcode=0x0 owner=0 wqe_counter=0 syndrome=0x1b vendor=0x91 | dci0 slot 1 op_own=0x00 opcode=0x0 owner=0 wqe_counter=1 syndrome=0x17 vendor=0xa5 | dci0 slot 2 op_own=0xff opcode=0xf owner=1 wqe_counter=65535 syndrome=0xff vendor=0xff | dci0 slot 3 op_own=0xff opcode=0xf owner=1 wqe_counter=65535 syndrome=0xff vendor=0xff | dci0 slot 4 op_own=0xff opcode=0xf owner=1 wqe_counter=65535 syndrome=0xff vendor=0xff | dci0 slot 5 op_own=0xff opcode=0xf owner=1 wqe_counter=65535 syndrome=0xff vendor=0xff | dci0 slot 6 op_own=0xff opcode=0xf owner=1 wqe_counter=65535 syndrome=0xff vendor=0xff | dci0 slot 7 op_own=0xff opcode=0xf owner=1 wqe_counter=65535 syndrome=0xff vendor=0xff,phase=1 after 8.0 s: dumping IBGDA queue state | rcs=0x70b13c560e00 dcis=0x70b13c560c00 ft=(nil) ft_flags=0x0 | rc_to_peer qpn=0x8385 cqn=0x4e1 ncqes=1024 resv=6 ready=6 prod=6 cons=3 lock=0 | rc_to_peer slot 0 op_own=0x00 opcode=0x0 owner=0 wqe_counter=2 syndrome=0x8a vendor=0x3a | rc_to_peer slot 1 op_own=0x00 opcode=0x0 owner=0 wqe_counter=5 syndrome=0xc8 vendor=0x4e | rc_to_peer slot 2 op_own=0xff opcode=0xf owner=1 wqe_counter=65535 syndrome=0xff vendor=0xff | rc_to_peer slot 3 op_own=0xff opcode=0xf owner=1 wqe_counter=65535 syndrome=0xff vendor=0xff | rc_to_peer slot 4 op_own=0xff opcode=0xf owner=1 wqe_counter=65535 syndrome=0xff vendor=0xff | rc_to_peer slot 5 op_own=0xff opcode=0xf owner=1 wqe_counter=65535 syndrome=0xff vendor=0xff | rc_to_peer slot 6 op_own=0xff opcode=0xf owner=1 wqe_counter=65535 syndrome=0xff vendor=0xff | rc_to_peer slot 7 op_own=0xff opcode=0xf owner=1 wqe_counter=65535 syndrome=0xff vendor=0xff | dci0 qpn=0x8384 cqn=0x4e0 ncqes=1024 resv=2 ready=2 prod=2 cons=1 lock=0 | dci0 slot 0 op_own=0x00 opcode=0x0 owner=0 wqe_counter=0 syndrome=0x09 vendor=0x3d | dci0 slot 1 op_own=0x00 opcode=0x0 owner=0 wqe_counter=1 syndrome=0xcd vendor=0x52 | dci0 slot 2 op_own=0xff opcode=0xf owner=1 wqe_counter=65535 syndrome=0xff vendor=0xff | dci0 slot 3 op_own=0xff opcode=0xf owner=1 wqe_counter=65535 syndrome=0xff vendor=0xff | dci0 slot 4 op_own=0xff opcode=0xf owner=1 wqe_counter=65535 syndrome=0xff vendor=0xff | dci0 slot 5 op_own=0xff opcode=0xf owner=1 wqe_counter=65535 syndrome=0xff vendor=0xff | dci0 slot 6 op_own=0xff opcode=0xf owner=1 wqe_counter=65535 syndrome=0xff vendor=0xff | dci0 slot 7 op_own=0xff opcode=0xf owner=1 wqe_counter=65535 syndrome=0xff vendor=0xff,1,0
none_timeout_ft0_rec0_cc1_t1,none,timeout,1,0,0,,,,,,,,,,1,nvft2_drv,fbf1b2e4a4b8,e0d6fd1bd841,40eb9295f964,0,0,0,0,2026-09-25,cc0,0,,,,,,,,,,,,,,,,,,,,,,,0,,,0,5,0,0,0,0,5,5,5,5,,0,,,+0x2124a00,+0x2164a00,+0x21a4a00,-0x0,+0x0,+0x0/0,56623104,,1,19.0,0,1,26.4,0,first barrier returned,first barrier returned,,,0,5
none_timeout_ft0_rec0_cc0probe_t1,none,timeout,1,0,0,,,,,,,0,,,1,nvft2v1_drv,bf69c73e0878,ca020e993de2,e1490a7d7d6f,137,255,0,0,2026-09-25,cc0_v1build,0,,,,,,,,,,,,,,,,,,,,,,,0,,,,,,,,,,,,0,,0,,,,,,,,,,,0,,0,0,,0,none,none,,,1,0
none_timeout_ft0_rec0_cc1probe_t1,none,timeout,1,0,0,,,,,,,,,,1,nvft2v1_drv,bf69c73e0878,ca020e993de2,e1490a7d7d6f,0,0,0,0,2026-09-25,cc0_v1build,0,,,,,,,,,,,,,,,,,,,,,,,0,,,0,5,0,0,0,0,5,5,5,5,,0,,,,,,,,,,,1,18.5,0,1,26.2,0,none,none,,,0,5
F1_blocking_ft1_rec0_cloop_d2000_t1,F1,blocking,1,1,0,,,,,,,,2000,,1,nvft2_drv,995475344165,e0d6fd1bd841,2eeda7780487,3,9,0,0,2026-09-25,capture,1,in-loop,0,"0(off,",51,FLUSH_TRAILING,5/0xf9,0x05,0xd,118,1,1,0,0,0x0,0,0x0,-1,1441607107.856,1441607107.933,1441607107.875,recovery not enabled (classification run),FLUSH_TRAILING,0,,,3,51,0,0,1,9,51,1099511627776,51,52,51:cancelled:0:sig=1099511627776/52,1,,,+0x2124a00,+0x2164a00,+0x21a4a00,-0x0,+0x0,+0x0/0,56623104,,1,19.5,0,1,25.1,0,first barrier returned,first barrier returned,,,0,52
F1_blocking_ft1_rec0_cloop_d2000_t10,F1,blocking,10,1,0,,,,,,,,2000,,1,nvft2_drv,995475344165,e0d6fd1bd841,2eeda7780487,3,9,0,0,2026-09-25,capture,1,in-loop,0,"0(off,",51,FLUSH_TRAILING,5/0xf9,0x05,0xd,118,1,1,0,0,0x0,0,0x0,-1,1441765975.962,1441765975.976,1441765975.980,recovery not enabled (classification run),FLUSH_TRAILING,0,,,3,51,0,0,1,9,51,1099511627776,51,52,51:cancelled:0:sig=1099511627776/52,1,,,+0x2124a00,+0x2164a00,+0x21a4a00,-0x0,+0x0,+0x0/0,56623104,,1,19.1,0,1,25.4,0,first barrier returned,first barrier returned,,,0,52
F1_blocking_ft1_rec0_cloop_d2000_t11,F1,blocking,11,1,0,,,,,,,,2000,,1,nvft2_drv,995475344165,e0d6fd1bd841,2eeda7780487,3,9,0,0,2026-09-25,capture,1,in-loop,0,"0(off,",51,FLUSH_TRAILING,5/0xf9,0x05,0xd,118,1,1,0,0,0x0,0,0x0,-1,1441783595.389,1441783595.444,1441783595.407,recovery not enabled (classification run),FLUSH_TRAILING,0,,,3,51,0,0,1,9,51,1099511627776,51,52,51:cancelled:0:sig=1099511627776/52,1,,,+0x2124a00,+0x2164a00,+0x21a4a00,-0x0,+0x0,+0x0/0,56623104,,1,19.0,0,1,25.4,0,first barrier returned,first barrier returned,,,0,52
F1_blocking_ft1_rec0_cloop_d2000_t12,F1,blocking,12,1,0,,,,,,,,2000,,1,nvft2_drv,995475344165,e0d6fd1bd841,2eeda7780487,3,9,0,0,2026-09-25,capture,1,in-loop,0,"0(off,",51,FLUSH_TRAILING,5/0xf9,0x05,0xd,118,1,1,0,0,0x0,0,0x0,-1,1441801070.758,1441801070.832,1441801070.771,recovery not enabled (classification run),FLUSH_TRAILING,0,,,3,51,0,0,1,9,51,1099511627776,51,52,51:cancelled:0:sig=1099511627776/52,1,,,+0x2124a00,+0x2164a00,+0x21a4a00,-0x0,+0x0,+0x0/0,56623104,,1,19.3,0,1,25.6,0,first barrier returned,first barrier returned,,,0,52
F1_blocking_ft1_rec0_cloop_d2000_t13,F1,blocking,13,1,0,,,,,,,,2000,,1,nvft2_drv,995475344165,e0d6fd1bd841,2eeda7780487,3,9,0,0,2026-09-25,capture,1,in-loop,0,"0(off,",51,FLUSH_TRAILING,5/0xf9,0x05,0xd,118,1,1,0,0,0x0,0,0x0,-1,1441818558.547,1441818558.628,1441818558.560,recovery not enabled (classification run),FLUSH_TRAILING,0,,,3,51,0,0,1,9,51,1099511627776,51,52,51:cancelled:0:sig=1099511627776/52,1,,,+0x2124a00,+0x2164a00,+0x21a4a00,-0x0,+0x0,+0x0/0,56623104,,1,19.1,0,1,25.4,0,first barrier returned,first barrier returned,,,0,52
F1_blocking_ft1_rec0_cloop_d2000_t14,F1,blocking,14,1,0,,,,,,,,2000,,1,nvft2_drv,995475344165,e0d6fd1bd841,2eeda7780487,3,9,0,0,2026-09-25,capture,1,in-loop,0,"0(off,",51,FLUSH_TRAILING,5/0xf9,0x05,0xd,118,1,1,0,0,0x0,0,0x0,-1,1441836107.728,1441836107.827,1441836107.741,recovery not enabled (classification run),FLUSH_TRAILING,0,,,3,51,0,0,1,9,51,1099511627776,51,52,51:cancelled:0:sig=1099511627776/52,1,,,+0x2124a00,+0x2164a00,+0x21a4a00,-0x0,+0x0,+0x0/0,56623104,,1,19.3,0,1,25.3,0,first barrier returned,first barrier returned,,,0,52
F1_blocking_ft1_rec0_cloop_d2000_t15,F1,blocking,15,1,0,,,,,,,,2000,,1,nvft2_drv,995475344165,e0d6fd1bd841,2eeda7780487,3,9,0,0,2026-09-25,capture,1,in-loop,0,"0(off,",51,FLUSH_TRAILING,5/0xf9,0x05,0xd,118,1,1,0,0,0x0,0,0x0,-1,1441853762.282,1441853762.300,1441853762.296,recovery not enabled (classification run),FLUSH_TRAILING,0,,,3,51,0,0,1,9,51,1099511627776,51,52,51:cancelled:0:sig=1099511627776/52,1,,,+0x2124a00,+0x2164a00,+0x21a4a00,-0x0,+0x0,+0x0/0,56623104,,1,19.4,0,1,25.3,0,first barrier returned,first barrier returned,,,0,52
F1_blocking_ft1_rec0_cloop_d2000_t16,F1,blocking,16,1,0,,,,,,,,2000,,1,nvft2_drv,995475344165,e0d6fd1bd841,2eeda7780487,3,9,0,0,2026-09-25,capture,1,in-loop,0,"0(off,",51,FLUSH_TRAILING,5/0xf9,0x05,0xd,118,1,1,0,0,0x0,0,0x0,-1,1441871353.313,1441871353.329,1441871353.327,recovery not enabled (classification run),FLUSH_TRAILING,0,,,3,51,0,0,1,9,51,1099511627776,51,52,51:cancelled:0:sig=1099511627776/52,1,,,+0x2124a00,+0x2164a00,+0x21a4a00,-0x0,+0x0,+0x0/0,56623104,,1,19.8,0,1,25.3,0,first barrier returned,first barrier returned,,,0,52
F1_blocking_ft1_rec0_cloop_d2000_t17,F1,blocking,17,1,0,,,,,,,,2000,,1,nvft2_drv,995475344165,e0d6fd1bd841,2eeda7780487,3,9,0,0,2026-09-25,capture,1,in-loop,0,"0(off,",51,FLUSH_TRAILING,5/0xf9,0x05,0xd,118,1,1,0,0,0x0,0,0x0,-1,1441888963.551,1441888963.647,1441888963.565,recovery not enabled (classification run),FLUSH_TRAILING,0,,,3,51,0,0,1,9,51,1099511627776,51,52,51:cancelled:0:sig=1099511627776/52,1,,,+0x2124a00,+0x2164a00,+0x21a4a00,-0x0,+0x0,+0x0/0,56623104,,1,19.2,0,1,25.2,0,first barrier returned,first barrier returned,,,0,52
F1_blocking_ft1_rec0_cloop_d2000_t18,F1,blocking,18,1,0,,,,,,,,2000,,1,nvft2_drv,995475344165,e0d6fd1bd841,2eeda7780487,3,9,0,0,2026-09-25,capture,1,in-loop,0,"0(off,",51,FLUSH_TRAILING,5/0xf9,0x05,0xd,118,1,1,0,0,0x0,0,0x0,-1,1441906594.794,1441906594.857,1441906594.809,recovery not enabled (classification run),FLUSH_TRAILING,0,,,3,51,0,0,1,9,51,1099511627776,51,52,51:cancelled:0:sig=1099511627776/52,1,,,+0x2124a00,+0x2164a00,+0x21a4a00,-0x0,+0x0,+0x0/0,56623104,,1,19.1,0,1,25.3,0,first barrier returned,first barrier returned,,,0,52
F1_blocking_ft1_rec0_cloop_d2000_t19,F1,blocking,19,1,0,,,,,,,,2000,,1,nvft2_drv,995475344165,e0d6fd1bd841,2eeda7780487,3,9,0,0,2026-09-25,capture,1,in-loop,0,"0(off,",51,FLUSH_TRAILING,5/0xf9,0x05,0xd,118,1,1,0,0,0x0,0,0x0,-1,1441924219.054,1441924219.115,1441924219.068,recovery not enabled (classification run),FLUSH_TRAILING,0,,,3,51,0,0,1,9,51,1099511627776,51,52,51:cancelled:0:sig=1099511627776/52,1,,,+0x2124a00,+0x2164a00,+0x21a4a00,-0x0,+0x0,+0x0/0,56623104,,1,19.2,0,1,25.6,0,first barrier returned,first barrier returned,,,0,52
F1_blocking_ft1_rec0_cloop_d2000_t2,F1,blocking,2,1,0,,,,,,,,2000,,1,nvft2_drv,995475344165,e0d6fd1bd841,2eeda7780487,3,9,0,0,2026-09-25,capture,1,in-loop,0,"0(off,",51,FLUSH_TRAILING,5/0xf9,0x05,0xd,118,1,1,0,0,0x0,0,0x0,-1,1441624678.655,1441624678.728,1441624678.674,recovery not enabled (classification run),FLUSH_TRAILING,0,,,3,51,0,0,1,9,51,1099511627776,51,52,51:cancelled:0:sig=1099511627776/52,1,,,+0x2124a00,+0x2164a00,+0x21a4a00,-0x0,+0x0,+0x0/0,56623104,,1,19.2,0,1,25.1,0,first barrier returned,first barrier returned,,,0,52
F1_blocking_ft1_rec0_cloop_d2000_t20,F1,blocking,20,1,0,,,,,,,,2000,,1,nvft2_drv,995475344165,e0d6fd1bd841,2eeda7780487,3,9,0,0,2026-09-25,capture,1,in-loop,0,"0(off,",51,FLUSH_TRAILING,5/0xf9,0x05,0xd,118,1,1,0,0,0x0,0,0x0,-1,1441941896.853,1441941896.895,1441941896.868,recovery not enabled (classification run),FLUSH_TRAILING,0,,,3,51,0,0,1,9,51,1099511627776,51,52,51:cancelled:0:sig=1099511627776/52,1,,,+0x2124a00,+0x2164a00,+0x21a4a00,-0x0,+0x0,+0x0/0,56623104,,1,19.2,0,1,25.9,0,first barrier returned,first barrier returned,,,0,52
F1_blocking_ft1_rec0_cloop_d2000_t21,F1,blocking,21,1,0,,,,,,,,2000,,1,nvft2_drv,995475344165,e0d6fd1bd841,2eeda7780487,3,9,0,0,2026-09-25,capture,1,in-loop,0,"0(off,",51,FLUSH_TRAILING,5/0xf9,0x05,0xd,118,1,1,0,0,0x0,0,0x0,-1,1441959439.955,1441959440.053,1441959439.969,recovery not enabled (classification run),FLUSH_TRAILING,0,,,3,51,0,0,1,9,51,1099511627776,51,52,51:cancelled:0:sig=1099511627776/52,1,,,+0x2124a00,+0x2164a00,+0x21a4a00,-0x0,+0x0,+0x0/0,56623104,,1,19.2,0,1,25.7,0,first barrier returned,first barrier returned,,,0,52
F1_blocking_ft1_rec0_cloop_d2000_t22,F1,blocking,22,1,0,,,,,,,,2000,,1,nvft2_drv,995475344165,e0d6fd1bd841,2eeda7780487,3,9,0,0,2026-09-25,capture,1,in-loop,0,"0(off,",51,FLUSH_TRAILING,5/0xf9,0x05,0xd,118,1,1,0,0,0x0,0,0x0,-1,1441977126.898,1441977126.908,1441977126.911,recovery not enabled (classification run),FLUSH_TRAILING,0,,,3,51,0,0,1,9,51,1099511627776,51,52,51:cancelled:0:sig=1099511627776/52,1,,,+0x2124a00,+0x2164a00,+0x21a4a00,-0x0,+0x0,+0x0/0,56623104,,1,19.0,0,1,25.9,0,first barrier returned,first barrier returned,,,0,52
F1_blocking_ft1_rec0_cloop_d2000_t23,F1,blocking,23,1,0,,,,,,,,2000,,1,nvft2_drv,995475344165,e0d6fd1bd841,2eeda7780487,3,9,0,0,2026-09-25,capture,1,in-loop,0,"0(off,",51,FLUSH_TRAILING,5/0xf9,0x05,0xd,118,1,1,0,0,0x0,0,0x0,-1,1441994711.995,1441994712.079,1441994712.011,recovery not enabled (classification run),FLUSH_TRAILING,0,,,3,51,0,0,1,9,51,1099511627776,51,52,51:cancelled:0:sig=1099511627776/52,1,,,+0x2124a00,+0x2164a00,+0x21a4a00,-0x0,+0x0,+0x0/0,56623104,,1,19.1,0,1,25.6,0,first barrier returned,first barrier returned,,,0,52
F1_blocking_ft1_rec0_cloop_d2000_t24,F1,blocking,24,1,0,,,,,,,,2000,,1,nvft2_drv,995475344165,e0d6fd1bd841,2eeda7780487,3,9,0,0,2026-09-25,capture,1,in-loop,0,"0(off,",51,FLUSH_TRAILING,5/0xf9,0x05,0xd,118,1,1,0,0,0x0,0,0x0,-1,1442012305.537,1442012305.608,1442012305.552,recovery not enabled (classification run),FLUSH_TRAILING,0,,,3,51,0,0,1,9,51,1099511627776,51,52,51:cancelled:0:sig=1099511627776/52,1,,,+0x2124a00,+0x2164a00,+0x21a4a00,-0x0,+0x0,+0x0/0,56623104,,1,19.2,0,1,25.8,0,first barrier returned,first barrier returned,,,0,52
F1_blocking_ft1_rec0_cloop_d2000_t25,F1,blocking,25,1,0,,,,,,,,2000,,1,nvft2_drv,995475344165,e0d6fd1bd841,2eeda7780487,3,9,0,0,2026-09-25,capture,1,in-loop,0,"0(off,",51,FLUSH_TRAILING,5/0xf9,0x05,0xd,118,1,1,0,0,0x0,0,0x0,-1,1442029967.366,1442029967.467,1442029967.381,recovery not enabled (classification run),FLUSH_TRAILING,0,,,3,51,0,0,1,9,51,1099511627776,51,52,51:cancelled:0:sig=1099511627776/52,1,,,+0x2124a00,+0x2164a00,+0x21a4a00,-0x0,+0x0,+0x0/0,56623104,,1,19.1,0,1,25.2,0,first barrier returned,first barrier returned,,,0,52
F1_blocking_ft1_rec0_cloop_d2000_t26,F1,blocking,26,1,0,,,,,,,,2000,,1,nvft2_drv,995475344165,e0d6fd1bd841,2eeda7780487,3,9,0,0,2026-09-25,capture,1,in-loop,0,"0(off,",51,FLUSH_TRAILING,5/0xf9,0x05,0xd,118,1,1,0,0,0x0,0,0x0,-1,1442047612.854,1442047612.868,1442047612.869,recovery not enabled (classification run),FLUSH_TRAILING,0,,,3,51,0,0,1,9,51,1099511627776,51,52,51:cancelled:0:sig=1099511627776/52,1,,,+0x2124a00,+0x2164a00,+0x21a4a00,-0x0,+0x0,+0x0/0,56623104,,1,18.9,0,1,25.2,0,first barrier returned,first barrier returned,,,0,52
F1_blocking_ft1_rec0_cloop_d2000_t27,F1,blocking,27,1,0,,,,,,,,2000,,1,nvft2_drv,995475344165,e0d6fd1bd841,2eeda7780487,3,9,0,0,2026-09-25,capture,1,in-loop,0,"0(off,",51,FLUSH_TRAILING,5/0xf9,0x05,0xd,118,1,1,0,0,0x0,0,0x0,-1,1442065218.352,1442065218.399,1442065218.366,recovery not enabled (classification run),FLUSH_TRAILING,0,,,3,51,0,0,1,9,51,1099511627776,51,52,51:cancelled:0:sig=1099511627776/52,1,,,+0x2124a00,+0x2164a00,+0x21a4a00,-0x0,+0x0,+0x0/0,56623104,,1,19.1,0,1,25.8,0,first barrier returned,first barrier returned,,,0,52
F1_blocking_ft1_rec0_cloop_d2000_t28,F1,blocking,28,1,0,,,,,,,,2000,,1,nvft2_drv,995475344165,e0d6fd1bd841,2eeda7780487,3,9,0,0,2026-09-25,capture,1,in-loop,0,"0(off,",51,FLUSH_TRAILING,5/0xf9,0x05,0xd,118,1,1,0,0,0x0,0,0x0,-1,1442082904.151,1442082904.208,1442082904.166,recovery not enabled (classification run),FLUSH_TRAILING,0,,,3,51,0,0,1,9,51,1099511627776,51,52,51:cancelled:0:sig=1099511627776/52,1,,,+0x2124a00,+0x2164a00,+0x21a4a00,-0x0,+0x0,+0x0/0,56623104,,1,18.9,0,1,26.0,0,first barrier returned,first barrier returned,,,0,52
F1_blocking_ft1_rec0_cloop_d2000_t29,F1,blocking,29,1,0,,,,,,,,2000,,1,nvft2_drv,995475344165,e0d6fd1bd841,2eeda7780487,3,9,0,0,2026-09-25,capture,1,in-loop,0,"0(off,",51,FLUSH_TRAILING,5/0xf9,0x05,0xd,118,1,1,0,0,0x0,0,0x0,-1,1442100443.109,1442100443.137,1442100443.124,recovery not enabled (classification run),FLUSH_TRAILING,0,,,3,51,0,0,1,9,51,1099511627776,51,52,51:cancelled:0:sig=1099511627776/52,1,,,+0x2124a00,+0x2164a00,+0x21a4a00,-0x0,+0x0,+0x0/0,56623104,,1,19.0,0,1,26.0,0,first barrier returned,first barrier returned,,,0,52
F1_blocking_ft1_rec0_cloop_d2000_t3,F1,blocking,3,1,0,,,,,,,,2000,,1,nvft2_drv,995475344165,e0d6fd1bd841,2eeda7780487,3,9,0,0,2026-09-25,capture,1,in-loop,0,"0(off,",51,FLUSH_TRAILING,5/0xf9,0x05,0xd,118,1,1,0,0,0x0,0,0x0,-1,1441642263.818,1441642263.924,1441642263.836,recovery not enabled (classification run),FLUSH_TRAILING,0,,,3,51,0,0,1,9,51,1099511627776,51,52,51:cancelled:0:sig=1099511627776/52,1,,,+0x2124a00,+0x2164a00,+0x21a4a00,-0x0,+0x0,+0x0/0,56623104,,1,19.3,0,1,25.3,0,first barrier returned,first barrier returned,,,0,52
F1_blocking_ft1_rec0_cloop_d2000_t30,F1,blocking,30,1,0,,,,,,,,2000,,1,nvft2_drv,995475344165,e0d6fd1bd841,2eeda7780487,3,9,0,0,2026-09-25,capture,1,in-loop,0,"0(off,",51,FLUSH_TRAILING,5/0xf9,0x05,0xd,118,1,1,0,0,0x0,0,0x0,-1,1442118018.425,1442118018.500,1442118018.439,recovery not enabled (classification run),FLUSH_TRAILING,0,,,3,51,0,0,1,9,51,1099511627776,51,52,51:cancelled:0:sig=1099511627776/52,1,,,+0x2124a00,+0x2164a00,+0x21a4a00,-0x0,+0x0,+0x0/0,56623104,,1,18.9,0,1,25.3,0,first barrier returned,first barrier returned,,,0,52
F1_blocking_ft1_rec0_cloop_d2000_t4,F1,blocking,4,1,0,,,,,,,,2000,,1,nvft2_drv,995475344165,e0d6fd1bd841,2eeda7780487,3,9,0,0,2026-09-25,capture,1,in-loop,0,"0(off,",51,FLUSH_TRAILING,5/0xf9,0x05,0xd,118,1,1,0,0,0x0,0,0x0,-1,1441659815.523,1441659815.570,1441659815.541,recovery not enabled (classification run),FLUSH_TRAILING,0,,,3,51,0,0,1,9,51,1099511627776,51,52,51:cancelled:0:sig=1099511627776/52,1,,,+0x2124a00,+0x2164a00,+0x21a4a00,-0x0,+0x0,+0x0/0,56623104,,1,19.2,0,1,25.1,0,first barrier returned,first barrier returned,,,0,52
F1_blocking_ft1_rec0_cloop_d2000_t5,F1,blocking,5,1,0,,,,,,,,2000,,1,nvft2_drv,995475344165,e0d6fd1bd841,2eeda7780487,3,9,0,0,2026-09-25,capture,1,in-loop,0,"0(off,",51,FLUSH_TRAILING,5/0xf9,0x05,0xd,118,1,1,0,0,0x0,0,0x0,-1,1441677358.981,1441677359.014,1441677358.998,recovery not enabled (classification run),FLUSH_TRAILING,0,,,3,51,0,0,1,9,51,1099511627776,51,52,51:cancelled:0:sig=1099511627776/52,1,,,+0x2124a00,+0x2164a00,+0x21a4a00,-0x0,+0x0,+0x0/0,56623104,,1,19.3,0,1,25.2,0,first barrier returned,first barrier returned,,,0,52
F1_blocking_ft1_rec0_cloop_d2000_t6,F1,blocking,6,1,0,,,,,,,,2000,,1,nvft2_drv,995475344165,e0d6fd1bd841,2eeda7780487,3,9,0,0,2026-09-25,capture,1,in-loop,0,"0(off,",51,FLUSH_TRAILING,5/0xf9,0x05,0xd,118,1,1,0,0,0x0,0,0x0,-1,1441695131.739,1441695131.829,1441695131.756,recovery not enabled (classification run),FLUSH_TRAILING,0,,,3,51,0,0,1,9,51,1099511627776,51,52,51:cancelled:0:sig=1099511627776/52,1,,,+0x2124a00,+0x2164a00,+0x21a4a00,-0x0,+0x0,+0x0/0,56623104,,1,19.6,0,1,25.7,0,first barrier returned,first barrier returned,,,0,52
F1_blocking_ft1_rec0_cloop_d2000_t7,F1,blocking,7,1,0,,,,,,,,2000,,1,nvft2_drv,995475344165,e0d6fd1bd841,2eeda7780487,3,9,0,0,2026-09-25,capture,1,in-loop,0,"0(off,",51,FLUSH_TRAILING,5/0xf9,0x05,0xd,118,1,1,0,0,0x0,0,0x0,-1,1441712860.223,1441712860.267,1441712860.241,recovery not enabled (classification run),FLUSH_TRAILING,0,,,3,51,0,0,1,9,51,1099511627776,51,52,51:cancelled:0:sig=1099511627776/52,1,,,+0x2124a00,+0x2164a00,+0x21a4a00,-0x0,+0x0,+0x0/0,56623104,,1,19.1,0,1,25.7,0,first barrier returned,first barrier returned,,,0,52
F1_blocking_ft1_rec0_cloop_d2000_t8,F1,blocking,8,1,0,,,,,,,,2000,,1,nvft2_drv,995475344165,e0d6fd1bd841,2eeda7780487,3,9,0,0,2026-09-25,capture,1,in-loop,0,"0(off,",51,FLUSH_TRAILING,5/0xf9,0x05,0xd,118,1,1,0,0,0x0,0,0x0,-1,1441730647.429,1441730647.520,1441730647.446,recovery not enabled (classification run),FLUSH_TRAILING,0,,,3,51,0,0,1,9,51,1099511627776,51,52,51:cancelled:0:sig=1099511627776/52,1,,,+0x2124a00,+0x2164a00,+0x21a4a00,-0x0,+0x0,+0x0/0,56623104,,1,19.2,0,1,25.2,0,first barrier returned,first barrier returned,,,0,52
F1_blocking_ft1_rec0_cloop_d2000_t9,F1,blocking,9,1,0,,,,,,,,2000,,1,nvft2_drv,995475344165,e0d6fd1bd841,2eeda7780487,3,9,0,0,2026-09-25,capture,1,in-loop,0,"0(off,",51,FLUSH_TRAILING,5/0xf9,0x05,0xd,118,1,1,0,0,0x0,0,0x0,-1,1441748301.000,1441748301.023,1441748301.018,recovery not enabled (classification run),FLUSH_TRAILING,0,,,3,51,0,0,1,9,51,1099511627776,51,52,51:cancelled:0:sig=1099511627776/52,1,,,+0x2124a00,+0x2164a00,+0x21a4a00,-0x0,+0x0,+0x0/0,56623104,,1,19.2,0,1,25.5,0,first barrier returned,first barrier returned,,,0,52
F1_blocking_ft1_rec0_cloop_d200_t1,F1,blocking,1,1,0,,,,,,,,200,,1,nvft2_drv,995475344165,e0d6fd1bd841,2eeda7780487,3,9,0,0,2026-09-25,capture,1,in-loop,0,"0(off,",51,FLUSH_TRAILING,5/0xf9,0x05,0xd,118,1,1,0,0,0x0,0,0x0,-1,1441600562.668,1441600562.730,1441600562.686,recovery not enabled (classification run),FLUSH_TRAILING,0,,,3,51,0,0,1,9,51,1099511627776,51,52,51:cancelled:0:sig=1099511627776/52,1,,,+0x2124a00,+0x2164a00,+0x21a4a00,-0x0,+0x0,+0x0/0,56623104,,1,19.2,0,1,25.1,0,first barrier returned,first barrier returned,,,0,52
F1_blocking_ft1_rec0_cloop_d200_t10,F1,blocking,10,1,0,,,,,,,,200,,1,nvft2_drv,995475344165,e0d6fd1bd841,2eeda7780487,3,9,0,0,2026-09-25,capture,1,in-loop,0,"0(off,",51,FLUSH_TRAILING,5/0xf9,0x05,0xd,118,1,1,0,0,0x0,0,0x0,-1,1441759364.345,1441759364.364,1441759364.363,recovery not enabled (classification run),FLUSH_TRAILING,0,,,3,51,0,0,1,9,51,1099511627776,51,52,51:cancelled:0:sig=1099511627776/52,1,,,+0x2124a00,+0x2164a00,+0x21a4a00,-0x0,+0x0,+0x0/0,56623104,,1,19.1,0,1,25.4,0,first barrier returned,first barrier returned,,,0,52
F1_blocking_ft1_rec0_cloop_d200_t11,F1,blocking,11,1,0,,,,,,,,200,,1,nvft2_drv,995475344165,e0d6fd1bd841,2eeda7780487,3,9,0,0,2026-09-25,capture,1,in-loop,0,"0(off,",51,FLUSH_TRAILING,5/0xf9,0x05,0xd,118,1,1,0,0,0x0,0,0x0,-1,1441777033.056,1441777033.099,1441777033.074,recovery not enabled (classification run),FLUSH_TRAILING,0,,,3,51,0,0,1,9,51,1099511627776,51,52,51:cancelled:0:sig=1099511627776/52,1,,,+0x2124a00,+0x2164a00,+0x21a4a00,-0x0,+0x0,+0x0/0,56623104,,1,19.2,0,1,25.6,0,first barrier returned,first barrier returned,,,0,52
F1_blocking_ft1_rec0_cloop_d200_t12,F1,blocking,12,1,0,,,,,,,,200,,1,nvft2_drv,995475344165,e0d6fd1bd841,2eeda7780487,3,9,0,0,2026-09-25,capture,1,in-loop,0,"0(off,",51,FLUSH_TRAILING,5/0xf9,0x05,0xd,118,1,1,0,0,0x0,0,0x0,-1,1441794553.413,1441794553.430,1441794553.426,recovery not enabled (classification run),FLUSH_TRAILING,0,,,3,51,0,0,1,9,51,1099511627776,51,52,51:cancelled:0:sig=1099511627776/52,1,,,+0x2124a00,+0x2164a00,+0x21a4a00,-0x0,+0x0,+0x0/0,56623104,,1,19.2,0,1,25.4,0,first barrier returned,first barrier returned,,,0,52
F1_blocking_ft1_rec0_cloop_d200_t13,F1,blocking,13,1,0,,,,,,,,200,,1,nvft2_drv,995475344165,e0d6fd1bd841,2eeda7780487,3,9,0,0,2026-09-25,capture,1,in-loop,0,"0(off,",51,FLUSH_TRAILING,5/0xf9,0x05,0xd,118,1,1,0,0,0x0,0,0x0,-1,1441812016.510,1441812016.564,1441812016.524,recovery not enabled (classification run),FLUSH_TRAILING,0,,,3,51,0,0,1,9,51,1099511627776,51,52,51:cancelled:0:sig=1099511627776/52,1,,,+0x2124a00,+0x2164a00,+0x21a4a00,-0x0,+0x0,+0x0/0,56623104,,1,19.3,0,1,25.4,0,first barrier returned,first barrier returned,,,0,52
F1_blocking_ft1_rec0_cloop_d200_t14,F1,blocking,14,1,0,,,,,,,,200,,1,nvft2_drv,995475344165,e0d6fd1bd841,2eeda7780487,3,9,0,0,2026-09-25,capture,1,in-loop,0,"0(off,",51,FLUSH_TRAILING,5/0xf9,0x05,0xd,118,1,1,0,0,0x0,0,0x0,-1,1441829544.401,1441829544.415,1441829544.415,recovery not enabled (classification run),FLUSH_TRAILING,0,,,3,51,0,0,1,9,51,1099511627776,51,52,51:cancelled:0:sig=1099511627776/52,1,,,+0x2124a00,+0x2164a00,+0x21a4a00,-0x0,+0x0,+0x0/0,56623104,,1,19.2,0,1,25.3,0,first barrier returned,first barrier returned,,,0,52
F1_blocking_ft1_rec0_cloop_d200_t15,F1,blocking,15,1,0,,,,,,,,200,,1,nvft2_drv,995475344165,e0d6fd1bd841,2eeda7780487,3,9,0,0,2026-09-25,capture,1,in-loop,0,"0(off,",51,FLUSH_TRAILING,5/0xf9,0x05,0xd,118,1,1,0,0,0x0,0,0x0,-1,1441847174.012,1441847174.042,1441847174.025,recovery not enabled (classification run),FLUSH_TRAILING,0,,,3,51,0,0,1,9,51,1099511627776,51,52,51:cancelled:0:sig=1099511627776/52,1,,,+0x2124a00,+0x2164a00,+0x21a4a00,-0x0,+0x0,+0x0/0,56623104,,1,19.1,0,1,25.2,0,first barrier returned,first barrier returned,,,0,52
F1_blocking_ft1_rec0_cloop_d200_t16,F1,blocking,16,1,0,,,,,,,,200,,1,nvft2_drv,995475344165,e0d6fd1bd841,2eeda7780487,3,9,0,0,2026-09-25,capture,1,in-loop,0,"0(off,",51,FLUSH_TRAILING,5/0xf9,0x05,0xd,118,1,1,0,0,0x0,0,0x0,-1,1441864769.626,1441864769.635,1441864769.640,recovery not enabled (classification run),FLUSH_TRAILING,0,,,3,51,0,0,1,9,51,1099511627776,51,52,51:cancelled:0:sig=1099511627776/52,1,,,+0x2124a00,+0x2164a00,+0x21a4a00,-0x0,+0x0,+0x0/0,56623104,,1,19.1,0,1,25.2,0,first barrier returned,first barrier returned,,,0,52
F1_blocking_ft1_rec0_cloop_d200_t17,F1,blocking,17,1,0,,,,,,,,200,,1,nvft2_drv,995475344165,e0d6fd1bd841,2eeda7780487,3,9,0,0,2026-09-25,capture,1,in-loop,0,"0(off,",51,FLUSH_TRAILING,5/0xf9,0x05,0xd,118,1,1,0,0,0x0,0,0x0,-1,1441882417.704,1441882417.711,1441882417.718,recovery not enabled (classification run),FLUSH_TRAILING,0,,,3,51,0,0,1,9,51,1099511627776,51,52,51:cancelled:0:sig=1099511627776/52,1,,,+0x2124a00,+0x2164a00,+0x21a4a00,-0x0,+0x0,+0x0/0,56623104,,1,19.1,0,1,25.3,0,first barrier returned,first barrier returned,,,0,52
F1_blocking_ft1_rec0_cloop_d200_t18,F1,blocking,18,1,0,,,,,,,,200,,1,nvft2_drv,995475344165,e0d6fd1bd841,2eeda7780487,3,9,0,0,2026-09-25,capture,1,in-loop,0,"0(off,",51,FLUSH_TRAILING,5/0xf9,0x05,0xd,118,1,1,0,0,0x0,0,0x0,-1,1441899965.259,1441899965.304,1441899965.273,recovery not enabled (classification run),FLUSH_TRAILING,0,,,3,51,0,0,1,9,51,1099511627776,51,52,51:cancelled:0:sig=1099511627776/52,1,,,+0x2124a00,+0x2164a00,+0x21a4a00,-0x0,+0x0,+0x0/0,56623104,,1,19.0,0,1,25.3,0,first barrier returned,first barrier returned,,,0,52
F1_blocking_ft1_rec0_cloop_d200_t19,F1,blocking,19,1,0,,,,,,,,200,,1,nvft2_drv,995475344165,e0d6fd1bd841,2eeda7780487,3,9,0,0,2026-09-25,capture,1,in-loop,0,"0(off,",51,FLUSH_TRAILING,5/0xf9,0x05,0xd,118,1,1,0,0,0x0,0,0x0,-1,1441917670.964,1441917671.060,1441917670.978,recovery not enabled (classification run),FLUSH_TRAILING,0,,,3,51,0,0,1,9,51,1099511627776,51,52,51:cancelled:0:sig=1099511627776/52,1,,,+0x2124a00,+0x2164a00,+0x21a4a00,-0x0,+0x0,+0x0/0,56623104,,1,19.2,0,1,25.1,0,first barrier returned,first barrier returned,,,0,52
F1_blocking_ft1_rec0_cloop_d200_t2,F1,blocking,2,1,0,,,,,,,,200,,1,nvft2_drv,995475344165,e0d6fd1bd841,2eeda7780487,3,9,0,0,2026-09-25,capture,1,in-loop,0,"0(off,",51,FLUSH_TRAILING,5/0xf9,0x05,0xd,118,1,1,0,0,0x0,0,0x0,-1,1441618101.734,1441618101.789,1441618101.752,recovery not enabled (classification run),FLUSH_TRAILING,0,,,3,51,0,0,1,9,51,1099511627776,51,52,51:cancelled:0:sig=1099511627776/52,1,,,+0x2124a00,+0x2164a00,+0x21a4a00,-0x0,+0x0,+0x0/0,56623104,,1,19.3,0,1,25.0,0,first barrier returned,first barrier returned,,,0,52
F1_blocking_ft1_rec0_cloop_d200_t20,F1,blocking,20,1,0,,,,,,,,200,,1,nvft2_drv,995475344165,e0d6fd1bd841,2eeda7780487,3,9,0,0,2026-09-25,capture,1,in-loop,0,"0(off,",51,FLUSH_TRAILING,5/0xf9,0x05,0xd,118,1,1,0,0,0x0,0,0x0,-1,1441935288.363,1441935288.461,1441935288.377,recovery not enabled (classification run),FLUSH_TRAILING,0,,,3,51,0,0,1,9,51,1099511627776,51,52,51:cancelled:0:sig=1099511627776/52,1,,,+0x2124a00,+0x2164a00,+0x21a4a00,-0x0,+0x0,+0x0/0,56623104,,1,19.1,0,1,25.3,0,first barrier returned,first barrier returned,,,0,52
F1_blocking_ft1_rec0_cloop_d200_t21,F1,blocking,21,1,0,,,,,,,,200,,1,nvft2_drv,995475344165,e0d6fd1bd841,2eeda7780487,3,9,0,0,2026-09-25,capture,1,in-loop,0,"0(off,",51,FLUSH_TRAILING,5/0xf9,0x05,0xd,118,1,1,0,0,0x0,0,0x0,-1,1441952880.545,1441952880.565,1441952880.560,recovery not enabled (classification run),FLUSH_TRAILING,0,,,3,51,0,0,1,9,51,1099511627776,51,52,51:cancelled:0:sig=1099511627776/52,1,,,+0x2124a00,+0x2164a00,+0x21a4a00,-0x0,+0x0,+0x0/0,56623104,,1,19.3,0,1,25.7,0,first barrier returned,first barrier returned,,,0,52
F1_blocking_ft1_rec0_cloop_d200_t22,F1,blocking,22,1,0,,,,,,,,200,,1,nvft2_drv,995475344165,e0d6fd1bd841,2eeda7780487,3,9,0,0,2026-09-25,capture,1,in-loop,0,"0(off,",51,FLUSH_TRAILING,5/0xf9,0x05,0xd,118,1,1,0,0,0x0,0,0x0,-1,1441970523.591,1441970523.658,1441970523.605,recovery not enabled (classification run),FLUSH_TRAILING,0,,,3,51,0,0,1,9,51,1099511627776,51,52,51:cancelled:0:sig=1099511627776/52,1,,,+0x2124a00,+0x2164a00,+0x21a4a00,-0x0,+0x0,+0x0/0,56623104,,1,19.2,0,1,25.2,0,first barrier returned,first barrier returned,,,0,52
F1_blocking_ft1_rec0_cloop_d200_t23,F1,blocking,23,1,0,,,,,,,,200,,1,nvft2_drv,995475344165,e0d6fd1bd841,2eeda7780487,3,9,0,0,2026-09-25,capture,1,in-loop,0,"0(off,",51,FLUSH_TRAILING,5/0xf9,0x05,0xd,118,1,1,0,0,0x0,0,0x0,-1,1441988096.479,1441988096.488,1441988096.495,recovery not enabled (classification run),FLUSH_TRAILING,0,,,3,51,0,0,1,9,51,1099511627776,51,52,51:cancelled:0:sig=1099511627776/52,1,,,+0x2124a00,+0x2164a00,+0x21a4a00,-0x0,+0x0,+0x0/0,56623104,,1,19.0,0,1,25.8,0,first barrier returned,first barrier returned,,,0,52
F1_blocking_ft1_rec0_cloop_d200_t24,F1,blocking,24,1,0,,,,,,,,200,,1,nvft2_drv,995475344165,e0d6fd1bd841,2eeda7780487,3,9,0,0,2026-09-25,capture,1,in-loop,0,"0(off,",51,FLUSH_TRAILING,5/0xf9,0x05,0xd,118,1,1,0,0,0x0,0,0x0,-1,1442005725.272,1442005725.303,1442005725.286,recovery not enabled (classification run),FLUSH_TRAILING,0,,,3,51,0,0,1,9,51,1099511627776,51,52,51:cancelled:0:sig=1099511627776/52,1,,,+0x2124a00,+0x2164a00,+0x21a4a00,-0x0,+0x0,+0x0/0,56623104,,1,19.3,0,1,25.8,0,first barrier returned,first barrier returned,,,0,52
F1_blocking_ft1_rec0_cloop_d200_t25,F1,blocking,25,1,0,,,,,,,,200,,1,nvft2_drv,995475344165,e0d6fd1bd841,2eeda7780487,3,9,0,0,2026-09-25,capture,1,in-loop,0,"0(off,",51,FLUSH_TRAILING,5/0xf9,0x05,0xd,118,1,1,0,0,0x0,0,0x0,-1,1442023357.944,1442023358.015,1442023357.959,recovery not enabled (classification run),FLUSH_TRAILING,0,,,3,51,0,0,1,9,51,1099511627776,51,52,51:cancelled:0:sig=1099511627776/52,1,,,+0x2124a00,+0x2164a00,+0x21a4a00,-0x0,+0x0,+0x0/0,56623104,,1,19.3,0,1,25.3,0,first barrier returned,first barrier returned,,,0,52
F1_blocking_ft1_rec0_cloop_d200_t26,F1,blocking,26,1,0,,,,,,,,200,,1,nvft2_drv,995475344165,e0d6fd1bd841,2eeda7780487,3,9,0,0,2026-09-25,capture,1,in-loop,0,"0(off,",51,FLUSH_TRAILING,5/0xf9,0x05,0xd,118,1,1,0,0,0x0,0,0x0,-1,1442040982.423,1442040982.525,1442040982.437,recovery not enabled (classification run),FLUSH_TRAILING,0,,,3,51,0,0,1,9,51,1099511627776,51,52,51:cancelled:0:sig=1099511627776/52,1,,,+0x2124a00,+0x2164a00,+0x21a4a00,-0x0,+0x0,+0x0/0,56623104,,1,19.2,0,1,25.3,0,first barrier returned,first barrier returned,,,0,52
F1_blocking_ft1_rec0_cloop_d200_t27,F1,blocking,27,1,0,,,,,,,,200,,1,nvft2_drv,995475344165,e0d6fd1bd841,2eeda7780487,3,9,0,0,2026-09-25,capture,1,in-loop,0,"0(off,",51,FLUSH_TRAILING,5/0xf9,0x05,0xd,118,1,1,0,0,0x0,0,0x0,-1,1442058635.304,1442058635.367,1442058635.319,recovery not enabled (classification run),FLUSH_TRAILING,0,,,3,51,0,0,1,9,51,1099511627776,51,52,51:cancelled:0:sig=1099511627776/52,1,,,+0x2124a00,+0x2164a00,+0x21a4a00,-0x0,+0x0,+0x0/0,56623104,,1,19.3,0,1,26.0,0,first barrier returned,first barrier returned,,,0,52
F1_blocking_ft1_rec0_cloop_d200_t28,F1,blocking,28,1,0,,,,,,,,200,,1,nvft2_drv,995475344165,e0d6fd1bd841,2eeda7780487,3,9,0,0,2026-09-25,capture,1,in-loop,0,"0(off,",51,FLUSH_TRAILING,5/0xf9,0x05,0xd,118,1,1,0,0,0x0,0,0x0,-1,1442076328.139,1442076328.208,1442076328.154,recovery not enabled (classification run),FLUSH_TRAILING,0,,,3,51,0,0,1,9,51,1099511627776,51,52,51:cancelled:0:sig=1099511627776/52,1,,,+0x2124a00,+0x2164a00,+0x21a4a00,-0x0,+0x0,+0x0/0,56623104,,1,19.2,0,1,25.9,0,first barrier returned,first barrier returned,,,0,52
F1_blocking_ft1_rec0_cloop_d200_t29,F1,blocking,29,1,0,,,,,,,,200,,1,nvft2_drv,995475344165,e0d6fd1bd841,2eeda7780487,3,9,0,0,2026-09-25,capture,1,in-loop,0,"0(off,",51,FLUSH_TRAILING,5/0xf9,0x05,0xd,118,1,1,0,0,0x0,0,0x0,-1,1442093901.831,1442093901.939,1442093901.847,recovery not enabled (classification run),FLUSH_TRAILING,0,,,3,51,0,0,1,9,51,1099511627776,51,52,51:cancelled:0:sig=1099511627776/52,1,,,+0x2124a00,+0x2164a00,+0x21a4a00,-0x0,+0x0,+0x0/0,56623104,,1,19.3,0,1,25.2,0,first barrier returned,first barrier returned,,,0,52
F1_blocking_ft1_rec0_cloop_d200_t3,F1,blocking,3,1,0,,,,,,,,200,,1,nvft2_drv,995475344165,e0d6fd1bd841,2eeda7780487,3,9,0,0,2026-09-25,capture,1,in-loop,0,"0(off,",51,FLUSH_TRAILING,5/0xf9,0x05,0xd,118,1,1,0,0,0x0,0,0x0,-1,1441635672.125,1441635672.207,1441635672.143,recovery not enabled (classification run),FLUSH_TRAILING,0,,,3,51,0,0,1,9,51,1099511627776,51,52,51:cancelled:0:sig=1099511627776/52,1,,,+0x2124a00,+0x2164a00,+0x21a4a00,-0x0,+0x0,+0x0/0,56623104,,1,19.3,0,1,25.2,0,first barrier returned,first barrier returned,,,0,52
F1_blocking_ft1_rec0_cloop_d200_t30,F1,blocking,30,1,0,,,,,,,,200,,1,nvft2_drv,995475344165,e0d6fd1bd841,2eeda7780487,3,9,0,0,2026-09-25,capture,1,in-loop,0,"0(off,",51,FLUSH_TRAILING,5/0xf9,0x05,0xd,118,1,1,0,0,0x0,0,0x0,-1,1442111469.300,1442111469.406,1442111469.315,recovery not enabled (classification run),FLUSH_TRAILING,0,,,3,51,0,0,1,9,51,1099511627776,51,52,51:cancelled:0:sig=1099511627776/52,1,,,+0x2124a00,+0x2164a00,+0x21a4a00,-0x0,+0x0,+0x0/0,56623104,,1,19.1,0,1,25.4,0,first barrier returned,first barrier returned,,,0,52
F1_blocking_ft1_rec0_cloop_d200_t4,F1,blocking,4,1,0,,,,,,,,200,,1,nvft2_drv,995475344165,e0d6fd1bd841,2eeda7780487,3,9,0,0,2026-09-25,capture,1,in-loop,0,"0(off,",51,FLUSH_TRAILING,5/0xf9,0x05,0xd,118,1,1,0,0,0x0,0,0x0,-1,1441653237.579,1441653237.607,1441653237.597,recovery not enabled (classification run),FLUSH_TRAILING,0,,,3,51,0,0,1,9,51,1099511627776,51,52,51:cancelled:0:sig=1099511627776/52,1,,,+0x2124a00,+0x2164a00,+0x21a4a00,-0x0,+0x0,+0x0/0,56623104,,1,19.4,0,1,25.1,0,first barrier returned,first barrier returned,,,0,52
F1_blocking_ft1_rec0_cloop_d200_t5,F1,blocking,5,1,0,,,,,,,,200,,1,nvft2_drv,995475344165,e0d6fd1bd841,2eeda7780487,3,9,0,0,2026-09-25,capture,1,in-loop,0,"0(off,",51,FLUSH_TRAILING,5/0xf9,0x05,0xd,118,1,1,0,0,0x0,0,0x0,-1,1441670805.093,1441670805.104,1441670805.110,recovery not enabled (classification run),FLUSH_TRAILING,0,,,3,51,0,0,1,9,51,1099511627776,51,52,51:cancelled:0:sig=1099511627776/52,1,,,+0x2124a00,+0x2164a00,+0x21a4a00,-0x0,+0x0,+0x0/0,56623104,,1,19.2,0,1,25.3,0,first barrier returned,first barrier returned,,,0,52
F1_blocking_ft1_rec0_cloop_d200_t6,F1,blocking,6,1,0,,,,,,,,200,,1,nvft2_drv,995475344165,e0d6fd1bd841,2eeda7780487,3,9,0,0,2026-09-25,capture,1,in-loop,0,"0(off,",48,FLUSH_TRAILING,5/0xf9,0x05,0xd,112,1,1,0,0,0x0,0,0x0,-1,1441688470.869,1441688470.910,1441688470.887,recovery not enabled (classification run),FLUSH_TRAILING,0,,,3,48,0,0,1,9,48,1099511627776,48,49,48:cancelled:0:sig=1099511627776/49,1,,,+0x2124a00,+0x2164a00,+0x21a4a00,-0x0,+0x0,+0x0/0,56623104,,1,19.4,0,1,25.5,0,first barrier returned,first barrier returned,,,0,49
F1_blocking_ft1_rec0_cloop_d200_t7,F1,blocking,7,1,0,,,,,,,,200,,1,nvft2_drv,995475344165,e0d6fd1bd841,2eeda7780487,3,9,0,0,2026-09-25,capture,1,in-loop,0,"0(off,",51,FLUSH_TRAILING,5/0xf9,0x05,0xd,118,1,1,0,0,0x0,0,0x0,-1,1441706202.040,1441706202.145,1441706202.057,recovery not enabled (classification run),FLUSH_TRAILING,0,,,3,51,0,0,1,9,51,1099511627776,51,52,51:cancelled:0:sig=1099511627776/52,1,,,+0x2124a00,+0x2164a00,+0x21a4a00,-0x0,+0x0,+0x0/0,56623104,,1,19.4,0,1,25.7,0,first barrier returned,first barrier returned,,,0,52
F1_blocking_ft1_rec0_cloop_d200_t8,F1,blocking,8,1,0,,,,,,,,200,,1,nvft2_drv,995475344165,e0d6fd1bd841,2eeda7780487,3,9,0,0,2026-09-25,capture,1,in-loop,0,"0(off,",51,FLUSH_TRAILING,5/0xf9,0x05,0xd,118,1,1,0,0,0x0,0,0x0,-1,1441724037.847,1441724037.940,1441724037.864,recovery not enabled (classification run),FLUSH_TRAILING,0,,,3,51,0,0,1,9,51,1099511627776,51,52,51:cancelled:0:sig=1099511627776/52,1,,,+0x2124a00,+0x2164a00,+0x21a4a00,-0x0,+0x0,+0x0/0,56623104,,1,19.3,0,1,25.6,0,first barrier returned,first barrier returned,,,0,52
F1_blocking_ft1_rec0_cloop_d200_t9,F1,blocking,9,1,0,,,,,,,,200,,1,nvft2_drv,995475344165,e0d6fd1bd841,2eeda7780487,3,9,0,0,2026-09-25,capture,1,in-loop,0,"0(off,",51,FLUSH_TRAILING,5/0xf9,0x05,0xd,118,1,1,0,0,0x0,0,0x0,-1,1441741748.680,1441741748.767,1441741748.698,recovery not enabled (classification run),FLUSH_TRAILING,0,,,3,51,0,0,1,9,51,1099511627776,51,52,51:cancelled:0:sig=1099511627776/52,1,,,+0x2124a00,+0x2164a00,+0x21a4a00,-0x0,+0x0,+0x0/0,56623104,,1,19.1,0,1,25.4,0,first barrier returned,first barrier returned,,,0,52
F1_blocking_ft1_rec0_cring_d2000_t1,F1,blocking,1,1,0,1,,,,,,,2000,,1,nvft2_drv,995475344165,e0d6fd1bd841,2eeda7780487,3,9,0,0,2026-09-25,capture,1,ring-walk,1,"0(off,",51,LOCAL_QP_ERR,5/0xf5,0x05,0xd,117,1,1,56,0,0x0,0,0x0,-1,1441611511.010,1441611511.061,1441611511.028,recovery not enabled (classification run),LOCAL_QP_ERR,0,,,3,51,0,0,1,9,51,1099511627776,51,52,51:cancelled:0:sig=1099511627776/52,1,,,+0x2124a00,+0x2164a00,+0x21a4a00,-0x0,+0x0,+0x0/0,56623104,,1,19.4,0,1,25.1,0,first barrier returned,first barrier returned,,,0,52
F1_blocking_ft1_rec0_cring_d2000_t10,F1,blocking,10,1,0,1,,,,,,,2000,,1,nvft2_drv,995475344165,e0d6fd1bd841,2eeda7780487,3,9,0,0,2026-09-25,capture,1,ring-walk,1,"0(off,",51,LOCAL_QP_ERR,5/0xf5,0x05,0xd,117,1,1,56,0,0x0,0,0x0,-1,1441770358.170,1441770358.247,1441770358.187,recovery not enabled (classification run),LOCAL_QP_ERR,0,,,3,51,0,0,1,9,51,1099511627776,51,52,51:cancelled:0:sig=1099511627776/52,1,,,+0x2124a00,+0x2164a00,+0x21a4a00,-0x0,+0x0,+0x0/0,56623104,,1,19.1,0,1,25.1,0,first barrier returned,first barrier returned,,,0,52
F1_blocking_ft1_rec0_cring_d2000_t11,F1,blocking,11,1,0,1,,,,,,,2000,,1,nvft2_drv,995475344165,e0d6fd1bd841,2eeda7780487,3,9,0,0,2026-09-25,capture,1,ring-walk,1,"0(off,",51,LOCAL_QP_ERR,5/0xf5,0x05,0xd,117,1,1,56,0,0x0,0,0x0,-1,1441787965.195,1441787965.279,1441787965.213,recovery not enabled (classification run),LOCAL_QP_ERR,0,,,3,51,0,0,1,9,51,1099511627776,51,52,51:cancelled:0:sig=1099511627776/52,1,,,+0x2124a00,+0x2164a00,+0x21a4a00,-0x0,+0x0,+0x0/0,56623104,,1,19.0,0,1,25.5,0,first barrier returned,first barrier returned,,,0,52
F1_blocking_ft1_rec0_cring_d2000_t12,F1,blocking,12,1,0,1,,,,,,,2000,,1,nvft2_drv,995475344165,e0d6fd1bd841,2eeda7780487,3,9,0,0,2026-09-25,capture,1,ring-walk,1,"0(off,",51,LOCAL_QP_ERR,5/0xf5,0x05,0xd,117,1,1,56,0,0x0,0,0x0,-1,1441805431.960,1441805431.978,1441805431.974,recovery not enabled (classification run),LOCAL_QP_ERR,0,,,3,51,0,0,1,9,51,1099511627776,51,52,51:cancelled:0:sig=1099511627776/52,1,,,+0x2124a00,+0x2164a00,+0x21a4a00,-0x0,+0x0,+0x0/0,56623104,,1,19.2,0,1,25.3,0,first barrier returned,first barrier returned,,,0,52
F1_blocking_ft1_rec0_cring_d2000_t13,F1,blocking,13,1,0,1,,,,,,,2000,,1,nvft2_drv,995475344165,e0d6fd1bd841,2eeda7780487,3,9,0,0,2026-09-25,capture,1,ring-walk,1,"0(off,",51,LOCAL_QP_ERR,5/0xf5,0x05,0xd,117,1,1,56,0,0x0,0,0x0,-1,1441822934.991,1441822935.061,1441822935.004,recovery not enabled (classification run),LOCAL_QP_ERR,0,,,3,51,0,0,1,9,51,1099511627776,51,52,51:cancelled:0:sig=1099511627776/52,1,,,+0x2124a00,+0x2164a00,+0x21a4a00,-0x0,+0x0,+0x0/0,56623104,,1,18.9,0,1,25.3,0,first barrier returned,first barrier returned,,,0,52
F1_blocking_ft1_rec0_cring_d2000_t14,F1,blocking,14,1,0,1,,,,,,,2000,,1,nvft2_drv,995475344165,e0d6fd1bd841,2eeda7780487,3,9,0,0,2026-09-25,capture,1,ring-walk,1,"0(off,",51,LOCAL_QP_ERR,5/0xf5,0x05,0xd,117,1,1,56,0,0x0,0,0x0,-1,1441840518.131,1441840518.144,1441840518.146,recovery not enabled (classification run),LOCAL_QP_ERR,0,,,3,51,0,0,1,9,51,1099511627776,51,52,51:cancelled:0:sig=1099511627776/52,1,,,+0x2124a00,+0x2164a00,+0x21a4a00,-0x0,+0x0,+0x0/0,56623104,,1,19.1,0,1,25.8,0,first barrier returned,first barrier returned,,,0,52
F1_blocking_ft1_rec0_cring_d2000_t15,F1,blocking,15,1,0,1,,,,,,,2000,,1,nvft2_drv,995475344165,e0d6fd1bd841,2eeda7780487,3,9,0,0,2026-09-25,capture,1,ring-walk,1,"0(off,",51,LOCAL_QP_ERR,5/0xf5,0x05,0xd,117,1,1,56,0,0x0,0,0x0,-1,1441858131.170,1441858131.265,1441858131.184,recovery not enabled (classification run),LOCAL_QP_ERR,0,,,3,51,0,0,1,9,51,1099511627776,51,52,51:cancelled:0:sig=1099511627776/52,1,,,+0x2124a00,+0x2164a00,+0x21a4a00,-0x0,+0x0,+0x0/0,56623104,,1,19.3,0,1,25.2,0,first barrier returned,first barrier returned,,,0,52
F1_blocking_ft1_rec0_cring_d2000_t16,F1,blocking,16,1,0,1,,,,,,,2000,,1,nvft2_drv,995475344165,e0d6fd1bd841,2eeda7780487,3,9,0,0,2026-09-25,capture,1,ring-walk,1,"0(off,",51,LOCAL_QP_ERR,5/0xf5,0x05,0xd,117,1,1,56,0,0x0,0,0x0,-1,1441875742.253,1441875742.297,1441875742.267,recovery not enabled (classification run),LOCAL_QP_ERR,0,,,3,51,0,0,1,9,51,1099511627776,51,52,51:cancelled:0:sig=1099511627776/52,1,,,+0x2124a00,+0x2164a00,+0x21a4a00,-0x0,+0x0,+0x0/0,56623104,,1,19.3,0,1,25.3,0,first barrier returned,first barrier returned,,,0,52
F1_blocking_ft1_rec0_cring_d2000_t17,F1,blocking,17,1,0,1,,,,,,,2000,,1,nvft2_drv,995475344165,e0d6fd1bd841,2eeda7780487,3,9,0,0,2026-09-25,capture,1,ring-walk,1,"0(off,",51,LOCAL_QP_ERR,5/0xf5,0x05,0xd,117,1,1,56,0,0x0,0,0x0,-1,1441893319.086,1441893319.163,1441893319.100,recovery not enabled (classification run),LOCAL_QP_ERR,0,,,3,51,0,0,1,9,51,1099511627776,51,52,51:cancelled:0:sig=1099511627776/52,1,,,+0x2124a00,+0x2164a00,+0x21a4a00,-0x0,+0x0,+0x0/0,56623104,,1,19.0,0,1,25.4,0,first barrier returned,first barrier returned,,,0,52
F1_blocking_ft1_rec0_cring_d2000_t18,F1,blocking,18,1,0,1,,,,,,,2000,,1,nvft2_drv,995475344165,e0d6fd1bd841,2eeda7780487,3,9,0,0,2026-09-25,capture,1,ring-walk,1,"0(off,",51,LOCAL_QP_ERR,5/0xf5,0x05,0xd,117,1,1,56,0,0x0,0,0x0,-1,1441910962.799,1441910962.857,1441910962.814,recovery not enabled (classification run),LOCAL_QP_ERR,0,,,3,51,0,0,1,9,51,1099511627776,51,52,51:cancelled:0:sig=1099511627776/52,1,,,+0x2124a00,+0x2164a00,+0x21a4a00,-0x0,+0x0,+0x0/0,56623104,,1,19.2,0,1,25.2,0,first barrier returned,first barrier returned,,,0,52
F1_blocking_ft1_rec0_cring_d2000_t19,F1,blocking,19,1,0,1,,,,,,,2000,,1,nvft2_drv,995475344165,e0d6fd1bd841,2eeda7780487,3,9,0,0,2026-09-25,capture,1,ring-walk,1,"0(off,",51,LOCAL_QP_ERR,5/0xf5,0x05,0xd,117,1,1,56,0,0x0,0,0x0,-1,1441928584.683,1441928584.692,1441928584.699,recovery not enabled (classification run),LOCAL_QP_ERR,0,,,3,51,0,0,1,9,51,1099511627776,51,52,51:cancelled:0:sig=1099511627776/52,1,,,+0x2124a00,+0x2164a00,+0x21a4a00,-0x0,+0x0,+0x0/0,56623104,,1,19.1,0,1,25.3,0,first barrier returned,first barrier returned,,,0,52
F1_blocking_ft1_rec0_cring_d2000_t2,F1,blocking,2,1,0,1,,,,,,,2000,,1,nvft2_drv,995475344165,e0d6fd1bd841,2eeda7780487,3,9,0,0,2026-09-25,capture,1,ring-walk,1,"0(off,",51,LOCAL_QP_ERR,5/0xf5,0x05,0xd,117,1,1,56,0,0x0,0,0x0,-1,1441629061.631,1441629061.687,1441629061.648,recovery not enabled (classification run),LOCAL_QP_ERR,0,,,3,51,0,0,1,9,51,1099511627776,51,52,51:cancelled:0:sig=1099511627776/52,1,,,+0x2124a00,+0x2164a00,+0x21a4a00,-0x0,+0x0,+0x0/0,56623104,,1,19.1,0,1,25.0,0,first barrier returned,first barrier returned,,,0,52
F1_blocking_ft1_rec0_cring_d2000_t20,F1,blocking,20,1,0,1,,,,,,,2000,,1,nvft2_drv,995475344165,e0d6fd1bd841,2eeda7780487,3,9,0,0,2026-09-25,capture,1,ring-walk,1,"0(off,",51,LOCAL_QP_ERR,5/0xf5,0x05,0xd,117,1,1,56,0,0x0,0,0x0,-1,1441946253.810,1441946253.914,1441946253.825,recovery not enabled (classification run),LOCAL_QP_ERR,0,,,3,51,0,0,1,9,51,1099511627776,51,52,51:cancelled:0:sig=1099511627776/52,1,,,+0x2124a00,+0x2164a00,+0x21a4a00,-0x0,+0x0,+0x0/0,56623104,,1,19.3,0,1,25.6,0,first barrier returned,first barrier returned,,,0,52
F1_blocking_ft1_rec0_cring_d2000_t21,F1,blocking,21,1,0,1,,,,,,,2000,,1,nvft2_drv,995475344165,e0d6fd1bd841,2eeda7780487,3,9,0,0,2026-09-25,capture,1,ring-walk,1,"0(off,",51,LOCAL_QP_ERR,5/0xf5,0x05,0xd,117,1,1,56,0,0x0,0,0x0,-1,1441963828.264,1441963828.309,1441963828.278,recovery not enabled (classification run),LOCAL_QP_ERR,0,,,3,51,0,0,1,9,51,1099511627776,51,52,51:cancelled:0:sig=1099511627776/52,1,,,+0x2124a00,+0x2164a00,+0x21a4a00,-0x0,+0x0,+0x0/0,56623104,,1,19.0,0,1,26.1,0,first barrier returned,first barrier returned,,,0,52
F1_blocking_ft1_rec0_cring_d2000_t22,F1,blocking,22,1,0,1,,,,,,,2000,,1,nvft2_drv,995475344165,e0d6fd1bd841,2eeda7780487,3,9,0,0,2026-09-25,capture,1,ring-walk,1,"0(off,",51,LOCAL_QP_ERR,5/0xf5,0x05,0xd,117,1,1,56,0,0x0,0,0x0,-1,1441981483.274,1441981483.315,1441981483.289,recovery not enabled (classification run),LOCAL_QP_ERR,0,,,3,51,0,0,1,9,51,1099511627776,51,52,51:cancelled:0:sig=1099511627776/52,1,,,+0x2124a00,+0x2164a00,+0x21a4a00,-0x0,+0x0,+0x0/0,56623104,,1,19.1,0,1,26.0,0,first barrier returned,first barrier returned,,,0,52
F1_blocking_ft1_rec0_cring_d2000_t23,F1,blocking,23,1,0,1,,,,,,,2000,,1,nvft2_drv,995475344165,e0d6fd1bd841,2eeda7780487,3,9,0,0,2026-09-25,capture,1,ring-walk,1,"0(off,",51,LOCAL_QP_ERR,5/0xf5,0x05,0xd,117,1,1,56,0,0x0,0,0x0,-1,1441999088.584,1441999088.665,1441999088.599,recovery not enabled (classification run),LOCAL_QP_ERR,0,,,3,51,0,0,1,9,51,1099511627776,51,52,51:cancelled:0:sig=1099511627776/52,1,,,+0x2124a00,+0x2164a00,+0x21a4a00,-0x0,+0x0,+0x0/0,56623104,,1,19.3,0,1,25.8,0,first barrier returned,first barrier returned,,,0,52
F1_blocking_ft1_rec0_cring_d2000_t24,F1,blocking,24,1,0,1,,,,,,,2000,,1,nvft2_drv,995475344165,e0d6fd1bd841,2eeda7780487,3,9,0,0,2026-09-25,capture,1,ring-walk,1,"0(off,",51,LOCAL_QP_ERR,5/0xf5,0x05,0xd,117,1,1,56,0,0x0,0,0x0,-1,1442016711.169,1442016711.264,1442016711.184,recovery not enabled (classification run),LOCAL_QP_ERR,0,,,3,51,0,0,1,9,51,1099511627776,51,52,51:cancelled:0:sig=1099511627776/52,1,,,+0x2124a00,+0x2164a00,+0x21a4a00,-0x0,+0x0,+0x0/0,56623104,,1,19.2,0,1,25.8,0,first barrier returned,first barrier returned,,,0,52
F1_blocking_ft1_rec0_cring_d2000_t25,F1,blocking,25,1,0,1,,,,,,,2000,,1,nvft2_drv,995475344165,e0d6fd1bd841,2eeda7780487,3,9,0,0,2026-09-25,capture,1,ring-walk,1,"0(off,",51,LOCAL_QP_ERR,5/0xf5,0x05,0xd,117,1,1,56,0,0x0,0,0x0,-1,1442034357.904,1442034357.941,1442034357.919,recovery not enabled (classification run),LOCAL_QP_ERR,0,,,3,51,0,0,1,9,51,1099511627776,51,52,51:cancelled:0:sig=1099511627776/52,1,,,+0x2124a00,+0x2164a00,+0x21a4a00,-0x0,+0x0,+0x0/0,56623104,,1,19.0,0,1,25.9,0,first barrier returned,first barrier returned,,,0,52
F1_blocking_ft1_rec0_cring_d2000_t26,F1,blocking,26,1,0,1,,,,,,,2000,,1,nvft2_drv,995475344165,e0d6fd1bd841,2eeda7780487,3,9,0,0,2026-09-25,capture,1,ring-walk,1,"0(off,",51,LOCAL_QP_ERR,5/0xf5,0x05,0xd,117,1,1,56,0,0x0,0,0x0,-1,1442051966.787,1442051966.832,1442051966.803,recovery not enabled (classification run),LOCAL_QP_ERR,0,,,3,51,0,0,1,9,51,1099511627776,51,52,51:cancelled:0:sig=1099511627776/52,1,,,+0x2124a00,+0x2164a00,+0x21a4a00,-0x0,+0x0,+0x0/0,56623104,,1,18.9,0,1,25.5,0,first barrier returned,first barrier returned,,,0,52
F1_blocking_ft1_rec0_cring_d2000_t27,F1,blocking,27,1,0,1,,,,,,,2000,,1,nvft2_drv,995475344165,e0d6fd1bd841,2eeda7780487,3,9,0,0,2026-09-25,capture,1,ring-walk,1,"0(off,",51,LOCAL_QP_ERR,5/0xf5,0x05,0xd,117,1,1,56,0,0x0,0,0x0,-1,1442069615.295,1442069615.318,1442069615.311,recovery not enabled (classification run),LOCAL_QP_ERR,0,,,3,51,0,0,1,9,51,1099511627776,51,52,51:cancelled:0:sig=1099511627776/52,1,,,+0x2124a00,+0x2164a00,+0x21a4a00,-0x0,+0x0,+0x0/0,56623104,,1,19.2,0,1,25.7,0,first barrier returned,first barrier returned,,,0,52
F1_blocking_ft1_rec0_cring_d2000_t28,F1,blocking,28,1,0,1,,,,,,,2000,,1,nvft2_drv,995475344165,e0d6fd1bd841,2eeda7780487,3,9,0,0,2026-09-25,capture,1,ring-walk,1,"0(off,",51,LOCAL_QP_ERR,5/0xf5,0x05,0xd,117,1,1,56,0,0x0,0,0x0,-1,1442087268.472,1442087268.514,1442087268.487,recovery not enabled (classification run),LOCAL_QP_ERR,0,,,3,51,0,0,1,9,51,1099511627776,51,52,51:cancelled:0:sig=1099511627776/52,1,,,+0x2124a00,+0x2164a00,+0x21a4a00,-0x0,+0x0,+0x0/0,56623104,,1,19.0,0,1,25.7,0,first barrier returned,first barrier returned,,,0,52
F1_blocking_ft1_rec0_cring_d2000_t29,F1,blocking,29,1,0,1,,,,,,,2000,,1,nvft2_drv,995475344165,e0d6fd1bd841,2eeda7780487,3,9,0,0,2026-09-25,capture,1,ring-walk,1,"0(off,",51,LOCAL_QP_ERR,5/0xf5,0x05,0xd,117,1,1,56,0,0x0,0,0x0,-1,1442104813.817,1442104813.838,1442104813.833,recovery not enabled (classification run),LOCAL_QP_ERR,0,,,3,51,0,0,1,9,51,1099511627776,51,52,51:cancelled:0:sig=1099511627776/52,1,,,+0x2124a00,+0x2164a00,+0x21a4a00,-0x0,+0x0,+0x0/0,56623104,,1,18.9,0,1,25.9,0,first barrier returned,first barrier returned,,,0,52
F1_blocking_ft1_rec0_cring_d2000_t3,F1,blocking,3,1,0,1,,,,,,,2000,,1,nvft2_drv,995475344165,e0d6fd1bd841,2eeda7780487,3,9,0,0,2026-09-25,capture,1,ring-walk,1,"0(off,",51,LOCAL_QP_ERR,5/0xf5,0x05,0xd,117,1,1,56,0,0x0,0,0x0,-1,1441646605.594,1441646605.614,1441646605.612,recovery not enabled (classification run),LOCAL_QP_ERR,0,,,3,51,0,0,1,9,51,1099511627776,51,52,51:cancelled:0:sig=1099511627776/52,1,,,+0x2124a00,+0x2164a00,+0x21a4a00,-0x0,+0x0,+0x0/0,56623104,,1,19.1,0,1,25.1,0,first barrier returned,first barrier returned,,,0,52
F1_blocking_ft1_rec0_cring_d2000_t30,F1,blocking,30,1,0,1,,,,,,,2000,,1,nvft2_drv,995475344165,e0d6fd1bd841,2eeda7780487,3,9,0,0,2026-09-25,capture,1,ring-walk,1,"0(off,",51,LOCAL_QP_ERR,5/0xf5,0x05,0xd,117,1,1,56,0,0x0,0,0x0,-1,1442122364.475,1442122364.563,1442122364.491,recovery not enabled (classification run),LOCAL_QP_ERR,0,,,3,51,0,0,1,9,51,1099511627776,51,52,51:cancelled:0:sig=1099511627776/52,1,,,+0x2124a00,+0x2164a00,+0x21a4a00,-0x0,+0x0,+0x0/0,56623104,,1,19.4,0,1,25.8,0,first barrier returned,first barrier returned,,,0,52
F1_blocking_ft1_rec0_cring_d2000_t4,F1,blocking,4,1,0,1,,,,,,,2000,,1,nvft2_drv,995475344165,e0d6fd1bd841,2eeda7780487,3,9,0,0,2026-09-25,capture,1,ring-walk,1,"0(off,",51,LOCAL_QP_ERR,5/0xf5,0x05,0xd,117,1,1,56,0,0x0,0,0x0,-1,1441664200.142,1441664200.209,1441664200.159,recovery not enabled (classification run),LOCAL_QP_ERR,0,,,3,51,0,0,1,9,51,1099511627776,51,52,51:cancelled:0:sig=1099511627776/52,1,,,+0x2124a00,+0x2164a00,+0x21a4a00,-0x0,+0x0,+0x0/0,56623104,,1,19.3,0,1,25.2,0,first barrier returned,first barrier returned,,,0,52
F1_blocking_ft1_rec0_cring_d2000_t5,F1,blocking,5,1,0,1,,,,,,,2000,,1,nvft2_drv,995475344165,e0d6fd1bd841,2eeda7780487,3,9,0,0,2026-09-25,capture,1,ring-walk,1,"0(off,",51,LOCAL_QP_ERR,5/0xf5,0x05,0xd,117,1,1,56,0,0x0,0,0x0,-1,1441681714.690,1441681714.730,1441681714.707,recovery not enabled (classification run),LOCAL_QP_ERR,0,,,3,51,0,0,1,9,51,1099511627776,51,52,51:cancelled:0:sig=1099511627776/52,1,,,+0x2124a00,+0x2164a00,+0x21a4a00,-0x0,+0x0,+0x0/0,56623104,,1,19.1,0,1,25.3,0,first barrier returned,first barrier returned,,,0,52
F1_blocking_ft1_rec0_cring_d2000_t6,F1,blocking,6,1,0,1,,,,,,,2000,,1,nvft2_drv,995475344165,e0d6fd1bd841,2eeda7780487,3,9,0,0,2026-09-25,capture,1,ring-walk,1,"0(off,",51,LOCAL_QP_ERR,5/0xf5,0x05,0xd,117,1,1,56,0,0x0,0,0x0,-1,1441699551.086,1441699551.138,1441699551.104,recovery not enabled (classification run),LOCAL_QP_ERR,0,,,3,51,0,0,1,9,51,1099511627776,51,52,51:cancelled:0:sig=1099511627776/52,1,,,+0x2124a00,+0x2164a00,+0x21a4a00,-0x0,+0x0,+0x0/0,56623104,,1,19.4,0,1,25.5,0,first barrier returned,first barrier returned,,,0,52
F1_blocking_ft1_rec0_cring_d2000_t7,F1,blocking,7,1,0,1,,,,,,,2000,,1,nvft2_drv,995475344165,e0d6fd1bd841,2eeda7780487,3,9,0,0,2026-09-25,capture,1,ring-walk,1,"0(off,",51,LOCAL_QP_ERR,5/0xf5,0x05,0xd,117,1,1,56,0,0x0,0,0x0,-1,1441717308.914,1441717309.017,1441717308.933,recovery not enabled (classification run),LOCAL_QP_ERR,0,,,3,51,0,0,1,9,51,1099511627776,51,52,51:cancelled:0:sig=1099511627776/52,1,,,+0x2124a00,+0x2164a00,+0x21a4a00,-0x0,+0x0,+0x0/0,56623104,,1,19.4,0,1,25.7,0,first barrier returned,first barrier returned,,,0,52
F1_blocking_ft1_rec0_cring_d2000_t8,F1,blocking,8,1,0,1,,,,,,,2000,,1,nvft2_drv,995475344165,e0d6fd1bd841,2eeda7780487,3,9,0,0,2026-09-25,capture,1,ring-walk,1,"0(off,",51,LOCAL_QP_ERR,5/0xf5,0x05,0xd,117,1,1,56,0,0x0,0,0x0,-1,1441735083.848,1441735083.930,1441735083.867,recovery not enabled (classification run),LOCAL_QP_ERR,0,,,3,51,0,0,1,9,51,1099511627776,51,52,51:cancelled:0:sig=1099511627776/52,1,,,+0x2124a00,+0x2164a00,+0x21a4a00,-0x0,+0x0,+0x0/0,56623104,,1,19.3,0,1,25.4,0,first barrier returned,first barrier returned,,,0,52
F1_blocking_ft1_rec0_cring_d2000_t9,F1,blocking,9,1,0,1,,,,,,,2000,,1,nvft2_drv,995475344165,e0d6fd1bd841,2eeda7780487,3,9,0,0,2026-09-25,capture,1,ring-walk,1,"0(off,",51,LOCAL_QP_ERR,5/0xf5,0x05,0xd,117,1,1,56,0,0x0,0,0x0,-1,1441752708.798,1441752708.873,1441752708.815,recovery not enabled (classification run),LOCAL_QP_ERR,0,,,3,51,0,0,1,9,51,1099511627776,51,52,51:cancelled:0:sig=1099511627776/52,1,,,+0x2124a00,+0x2164a00,+0x21a4a00,-0x0,+0x0,+0x0/0,56623104,,1,19.2,0,1,25.5,0,first barrier returned,first barrier returned,,,0,52
F1_blocking_ft1_rec0_cring_d200_t1,F1,blocking,1,1,0,1,,,,,,,200,,1,nvft2_drv,995475344165,e0d6fd1bd841,2eeda7780487,3,9,0,0,2026-09-25,capture,1,ring-walk,1,"0(off,",51,LOCAL_QP_ERR,5/0xf5,0x05,0xd,117,1,1,56,0,0x0,0,0x0,-1,1441604915.922,1441604915.954,1441604915.940,recovery not enabled (classification run),LOCAL_QP_ERR,0,,,3,51,0,0,1,9,51,1099511627776,51,52,51:cancelled:0:sig=1099511627776/52,1,,,+0x2124a00,+0x2164a00,+0x21a4a00,-0x0,+0x0,+0x0/0,56623104,,1,19.5,0,1,25.1,0,first barrier returned,first barrier returned,,,0,52
F1_blocking_ft1_rec0_cring_d200_t10,F1,blocking,10,1,0,1,,,,,,,200,,1,nvft2_drv,995475344165,e0d6fd1bd841,2eeda7780487,3,9,0,0,2026-09-25,capture,1,ring-walk,1,"0(off,",51,LOCAL_QP_ERR,5/0xf5,0x05,0xd,117,1,1,56,0,0x0,0,0x0,-1,1441763753.499,1441763753.534,1441763753.517,recovery not enabled (classification run),LOCAL_QP_ERR,0,,,3,51,0,0,1,9,51,1099511627776,51,52,51:cancelled:0:sig=1099511627776/52,1,,,+0x2124a00,+0x2164a00,+0x21a4a00,-0x0,+0x0,+0x0/0,56623104,,1,19.3,0,1,25.1,0,first barrier returned,first barrier returned,,,0,52
F1_blocking_ft1_rec0_cring_d200_t11,F1,blocking,11,1,0,1,,,,,,,200,,1,nvft2_drv,995475344165,e0d6fd1bd841,2eeda7780487,3,9,0,0,2026-09-25,capture,1,ring-walk,1,"0(off,",51,LOCAL_QP_ERR,5/0xf5,0x05,0xd,117,1,1,56,0,0x0,0,0x0,-1,1441781400.094,1441781400.106,1441781400.112,recovery not enabled (classification run),LOCAL_QP_ERR,0,,,3,51,0,0,1,9,51,1099511627776,51,52,51:cancelled:0:sig=1099511627776/52,1,,,+0x2124a00,+0x2164a00,+0x21a4a00,-0x0,+0x0,+0x0/0,56623104,,1,19.0,0,1,25.4,0,first barrier returned,first barrier returned,,,0,52
F1_blocking_ft1_rec0_cring_d200_t12,F1,blocking,12,1,0,1,,,,,,,200,,1,nvft2_drv,995475344165,e0d6fd1bd841,2eeda7780487,3,9,0,0,2026-09-25,capture,1,ring-walk,1,"0(off,",51,LOCAL_QP_ERR,5/0xf5,0x05,0xd,117,1,1,56,0,0x0,0,0x0,-1,1441798884.155,1441798884.257,1441798884.169,recovery not enabled (classification run),LOCAL_QP_ERR,0,,,3,51,0,0,1,9,51,1099511627776,51,52,51:cancelled:0:sig=1099511627776/52,1,,,+0x2124a00,+0x2164a00,+0x21a4a00,-0x0,+0x0,+0x0/0,56623104,,1,19.0,0,1,25.4,0,first barrier returned,first barrier returned,,,0,52
F1_blocking_ft1_rec0_cring_d200_t13,F1,blocking,13,1,0,1,,,,,,,200,,1,nvft2_drv,995475344165,e0d6fd1bd841,2eeda7780487,3,9,0,0,2026-09-25,capture,1,ring-walk,1,"0(off,",51,LOCAL_QP_ERR,5/0xf5,0x05,0xd,117,1,1,56,0,0x0,0,0x0,-1,1441816382.049,1441816382.118,1441816382.064,recovery not enabled (classification run),LOCAL_QP_ERR,0,,,3,51,0,0,1,9,51,1099511627776,51,52,51:cancelled:0:sig=1099511627776/52,1,,,+0x2124a00,+0x2164a00,+0x21a4a00,-0x0,+0x0,+0x0/0,56623104,,1,19.3,0,1,25.4,0,first barrier returned,first barrier returned,,,0,52
F1_blocking_ft1_rec0_cring_d200_t14,F1,blocking,14,1,0,1,,,,,,,200,,1,nvft2_drv,995475344165,e0d6fd1bd841,2eeda7780487,3,9,0,0,2026-09-25,capture,1,ring-walk,1,"0(off,",51,LOCAL_QP_ERR,5/0xf5,0x05,0xd,117,1,1,56,0,0x0,0,0x0,-1,1441833922.639,1441833922.731,1441833922.653,recovery not enabled (classification run),LOCAL_QP_ERR,0,,,3,51,0,0,1,9,51,1099511627776,51,52,51:cancelled:0:sig=1099511627776/52,1,,,+0x2124a00,+0x2164a00,+0x21a4a00,-0x0,+0x0,+0x0/0,56623104,,1,19.0,0,1,25.1,0,first barrier returned,first barrier returned,,,0,52
F1_blocking_ft1_rec0_cring_d200_t15,F1,blocking,15,1,0,1,,,,,,,200,,1,nvft2_drv,995475344165,e0d6fd1bd841,2eeda7780487,3,9,0,0,2026-09-25,capture,1,ring-walk,1,"0(off,",51,LOCAL_QP_ERR,5/0xf5,0x05,0xd,117,1,1,56,0,0x0,0,0x0,-1,1441851553.493,1441851553.509,1441851553.507,recovery not enabled (classification run),LOCAL_QP_ERR,0,,,3,51,0,0,1,9,51,1099511627776,51,52,51:cancelled:0:sig=1099511627776/52,1,,,+0x2124a00,+0x2164a00,+0x21a4a00,-0x0,+0x0,+0x0/0,56623104,,1,19.0,0,1,25.4,0,first barrier returned,first barrier returned,,,0,52
F1_blocking_ft1_rec0_cring_d200_t16,F1,blocking,16,1,0,1,,,,,,,200,,1,nvft2_drv,995475344165,e0d6fd1bd841,2eeda7780487,3,9,0,0,2026-09-25,capture,1,ring-walk,1,"0(off,",51,LOCAL_QP_ERR,5/0xf5,0x05,0xd,117,1,1,56,0,0x0,0,0x0,-1,1441869128.411,1441869128.489,1441869128.426,recovery not enabled (classification run),LOCAL_QP_ERR,0,,,3,51,0,0,1,9,51,1099511627776,51,52,51:cancelled:0:sig=1099511627776/52,1,,,+0x2124a00,+0x2164a00,+0x21a4a00,-0x0,+0x0,+0x0/0,56623104,,1,19.4,0,1,25.3,0,first barrier returned,first barrier returned,,,0,52
F1_blocking_ft1_rec0_cring_d200_t17,F1,blocking,17,1,0,1,,,,,,,200,,1,nvft2_drv,995475344165,e0d6fd1bd841,2eeda7780487,3,9,0,0,2026-09-25,capture,1,ring-walk,1,"0(off,",51,LOCAL_QP_ERR,5/0xf5,0x05,0xd,117,1,1,56,0,0x0,0,0x0,-1,1441886763.725,1441886763.732,1441886763.739,recovery not enabled (classification run),LOCAL_QP_ERR,0,,,3,51,0,0,1,9,51,1099511627776,51,52,51:cancelled:0:sig=1099511627776/52,1,,,+0x2124a00,+0x2164a00,+0x21a4a00,-0x0,+0x0,+0x0/0,56623104,,1,19.1,0,1,25.3,0,first barrier returned,first barrier returned,,,0,52
F1_blocking_ft1_rec0_cring_d200_t18,F1,blocking,18,1,0,1,,,,,,,200,,1,nvft2_drv,995475344165,e0d6fd1bd841,2eeda7780487,3,9,0,0,2026-09-25,capture,1,ring-walk,1,"0(off,",51,LOCAL_QP_ERR,5/0xf5,0x05,0xd,117,1,1,56,0,0x0,0,0x0,-1,1441904398.889,1441904398.959,1441904398.902,recovery not enabled (classification run),LOCAL_QP_ERR,0,,,3,51,0,0,1,9,51,1099511627776,51,52,51:cancelled:0:sig=1099511627776/52,1,,,+0x2124a00,+0x2164a00,+0x21a4a00,-0x0,+0x0,+0x0/0,56623104,,1,19.2,0,1,25.4,0,first barrier returned,first barrier returned,,,0,52
F1_blocking_ft1_rec0_cring_d200_t19,F1,blocking,19,1,0,1,,,,,,,200,,1,nvft2_drv,995475344165,e0d6fd1bd841,2eeda7780487,3,9,0,0,2026-09-25,capture,1,ring-walk,1,"0(off,",51,LOCAL_QP_ERR,5/0xf5,0x05,0xd,117,1,1,56,0,0x0,0,0x0,-1,1441922049.373,1441922049.431,1441922049.388,recovery not enabled (classification run),LOCAL_QP_ERR,0,,,3,51,0,0,1,9,51,1099511627776,51,52,51:cancelled:0:sig=1099511627776/52,1,,,+0x2124a00,+0x2164a00,+0x21a4a00,-0x0,+0x0,+0x0/0,56623104,,1,19.2,0,1,25.1,0,first barrier returned,first barrier returned,,,0,52
F1_blocking_ft1_rec0_cring_d200_t2,F1,blocking,2,1,0,1,,,,,,,200,,1,nvft2_drv,995475344165,e0d6fd1bd841,2eeda7780487,3,9,0,0,2026-09-25,capture,1,ring-walk,1,"0(off,",51,LOCAL_QP_ERR,5/0xf5,0x05,0xd,117,1,1,56,0,0x0,0,0x0,-1,1441622476.848,1441622476.921,1441622476.866,recovery not enabled (classification run),LOCAL_QP_ERR,0,,,3,51,0,0,1,9,51,1099511627776,51,52,51:cancelled:0:sig=1099511627776/52,1,,,+0x2124a00,+0x2164a00,+0x21a4a00,-0x0,+0x0,+0x0/0,56623104,,1,19.4,0,1,25.0,0,first barrier returned,first barrier returned,,,0,52
F1_blocking_ft1_rec0_cring_d200_t20,F1,blocking,20,1,0,1,,,,,,,200,,1,nvft2_drv,995475344165,e0d6fd1bd841,2eeda7780487,3,9,0,0,2026-09-25,capture,1,ring-walk,1,"0(off,",51,LOCAL_QP_ERR,5/0xf5,0x05,0xd,117,1,1,56,0,0x0,0,0x0,-1,1441939665.580,1441939665.633,1441939665.594,recovery not enabled (classification run),LOCAL_QP_ERR,0,,,3,51,0,0,1,9,51,1099511627776,51,52,51:cancelled:0:sig=1099511627776/52,1,,,+0x2124a00,+0x2164a00,+0x21a4a00,-0x0,+0x0,+0x0/0,56623104,,1,19.2,0,1,25.9,0,first barrier returned,first barrier returned,,,0,52
F1_blocking_ft1_rec0_cring_d200_t21,F1,blocking,21,1,0,1,,,,,,,200,,1,nvft2_drv,995475344165,e0d6fd1bd841,2eeda7780487,3,9,0,0,2026-09-25,capture,1,ring-walk,1,"0(off,",51,LOCAL_QP_ERR,5/0xf5,0x05,0xd,117,1,1,56,0,0x0,0,0x0,-1,1441957256.993,1441957257.074,1441957257.008,recovery not enabled (classification run),LOCAL_QP_ERR,0,,,3,51,0,0,1,9,51,1099511627776,51,52,51:cancelled:0:sig=1099511627776/52,1,,,+0x2124a00,+0x2164a00,+0x21a4a00,-0x0,+0x0,+0x0/0,56623104,,1,19.1,0,1,26.0,0,first barrier returned,first barrier returned,,,0,52
F1_blocking_ft1_rec0_cring_d200_t22,F1,blocking,22,1,0,1,,,,,,,200,,1,nvft2_drv,995475344165,e0d6fd1bd841,2eeda7780487,3,9,0,0,2026-09-25,capture,1,ring-walk,1,"0(off,",51,LOCAL_QP_ERR,5/0xf5,0x05,0xd,117,1,1,56,0,0x0,0,0x0,-1,1441974936.770,1441974936.870,1441974936.784,recovery not enabled (classification run),LOCAL_QP_ERR,0,,,3,51,0,0,1,9,51,1099511627776,51,52,51:cancelled:0:sig=1099511627776/52,1,,,+0x2124a00,+0x2164a00,+0x21a4a00,-0x0,+0x0,+0x0/0,56623104,,1,19.2,0,1,25.5,0,first barrier returned,first barrier returned,,,0,52
F1_blocking_ft1_rec0_cring_d200_t23,F1,blocking,23,1,0,1,,,,,,,200,,1,nvft2_drv,995475344165,e0d6fd1bd841,2eeda7780487,3,9,0,0,2026-09-25,capture,1,ring-walk,1,"0(off,",51,LOCAL_QP_ERR,5/0xf5,0x05,0xd,117,1,1,56,0,0x0,0,0x0,-1,1441992478.625,1441992478.705,1441992478.639,recovery not enabled (classification run),LOCAL_QP_ERR,0,,,3,51,0,0,1,9,51,1099511627776,51,52,51:cancelled:0:sig=1099511627776/52,1,,,+0x2124a00,+0x2164a00,+0x21a4a00,-0x0,+0x0,+0x0/0,56623104,,1,19.1,0,1,26.1,0,first barrier returned,first barrier returned,,,0,52
F1_blocking_ft1_rec0_cring_d200_t24,F1,blocking,24,1,0,1,,,,,,,200,,1,nvft2_drv,995475344165,e0d6fd1bd841,2eeda7780487,3,9,0,0,2026-09-25,capture,1,ring-walk,1,"0(off,",51,LOCAL_QP_ERR,5/0xf5,0x05,0xd,117,1,1,56,0,0x0,0,0x0,-1,1442010097.696,1442010097.737,1442010097.711,recovery not enabled (classification run),LOCAL_QP_ERR,0,,,3,51,0,0,1,9,51,1099511627776,51,52,51:cancelled:0:sig=1099511627776/52,1,,,+0x2124a00,+0x2164a00,+0x21a4a00,-0x0,+0x0,+0x0/0,56623104,,1,19.3,0,1,25.8,0,first barrier returned,first barrier returned,,,0,52
F1_blocking_ft1_rec0_cring_d200_t25,F1,blocking,25,1,0,1,,,,,,,200,,1,nvft2_drv,995475344165,e0d6fd1bd841,2eeda7780487,3,9,0,0,2026-09-25,capture,1,ring-walk,1,"0(off,",51,LOCAL_QP_ERR,5/0xf5,0x05,0xd,117,1,1,56,0,0x0,0,0x0,-1,1442027789.173,1442027789.227,1442027789.187,recovery not enabled (classification run),LOCAL_QP_ERR,0,,,3,51,0,0,1,9,51,1099511627776,51,52,51:cancelled:0:sig=1099511627776/52,1,,,+0x2124a00,+0x2164a00,+0x21a4a00,-0x0,+0x0,+0x0/0,56623104,,1,19.2,0,1,25.4,0,first barrier returned,first barrier returned,,,0,52
F1_blocking_ft1_rec0_cring_d200_t26,F1,blocking,26,1,0,1,,,,,,,200,,1,nvft2_drv,995475344165,e0d6fd1bd841,2eeda7780487,3,9,0,0,2026-09-25,capture,1,ring-walk,1,"0(off,",51,LOCAL_QP_ERR,5/0xf5,0x05,0xd,117,1,1,56,0,0x0,0,0x0,-1,1442045374.459,1442045374.499,1442045374.473,recovery not enabled (classification run),LOCAL_QP_ERR,0,,,3,51,0,0,1,9,51,1099511627776,51,52,51:cancelled:0:sig=1099511627776/52,1,,,+0x2124a00,+0x2164a00,+0x21a4a00,-0x0,+0x0,+0x0/0,56623104,,1,19.2,0,1,25.4,0,first barrier returned,first barrier returned,,,0,52
F1_blocking_ft1_rec0_cring_d200_t27,F1,blocking,27,1,0,1,,,,,,,200,,1,nvft2_drv,995475344165,e0d6fd1bd841,2eeda7780487,3,9,0,0,2026-09-25,capture,1,ring-walk,1,"0(off,",51,LOCAL_QP_ERR,5/0xf5,0x05,0xd,117,1,1,56,0,0x0,0,0x0,-1,1442063005.202,1442063005.276,1442063005.216,recovery not enabled (classification run),LOCAL_QP_ERR,0,,,3,51,0,0,1,9,51,1099511627776,51,52,51:cancelled:0:sig=1099511627776/52,1,,,+0x2124a00,+0x2164a00,+0x21a4a00,-0x0,+0x0,+0x0/0,56623104,,1,18.8,0,1,25.5,0,first barrier returned,first barrier returned,,,0,52
F1_blocking_ft1_rec0_cring_d200_t28,F1,blocking,28,1,0,1,,,,,,,200,,1,nvft2_drv,995475344165,e0d6fd1bd841,2eeda7780487,3,9,0,0,2026-09-25,capture,1,ring-walk,1,"0(off,",51,LOCAL_QP_ERR,5/0xf5,0x05,0xd,117,1,1,56,0,0x0,0,0x0,-1,1442080708.792,1442080708.895,1442080708.807,recovery not enabled (classification run),LOCAL_QP_ERR,0,,,3,51,0,0,1,9,51,1099511627776,51,52,51:cancelled:0:sig=1099511627776/52,1,,,+0x2124a00,+0x2164a00,+0x21a4a00,-0x0,+0x0,+0x0/0,56623104,,1,19.2,0,1,25.8,0,first barrier returned,first barrier returned,,,0,52
F1_blocking_ft1_rec0_cring_d200_t29,F1,blocking,29,1,0,1,,,,,,,200,,1,nvft2_drv,995475344165,e0d6fd1bd841,2eeda7780487,3,9,0,0,2026-09-25,capture,1,ring-walk,1,"0(off,",51,LOCAL_QP_ERR,5/0xf5,0x05,0xd,117,1,1,56,0,0x0,0,0x0,-1,1442098269.938,1442098270.041,1442098269.953,recovery not enabled (classification run),LOCAL_QP_ERR,0,,,3,51,0,0,1,9,51,1099511627776,51,52,51:cancelled:0:sig=1099511627776/52,1,,,+0x2124a00,+0x2164a00,+0x21a4a00,-0x0,+0x0,+0x0/0,56623104,,1,19.4,0,1,25.8,0,first barrier returned,first barrier returned,,,0,52
F1_blocking_ft1_rec0_cring_d200_t3,F1,blocking,3,1,0,1,,,,,,,200,,1,nvft2_drv,995475344165,e0d6fd1bd841,2eeda7780487,3,9,0,0,2026-09-25,capture,1,ring-walk,1,"0(off,",51,LOCAL_QP_ERR,5/0xf5,0x05,0xd,117,1,1,56,0,0x0,0,0x0,-1,1441640060.983,1441640060.997,1441640061.001,recovery not enabled (classification run),LOCAL_QP_ERR,0,,,3,51,0,0,1,9,51,1099511627776,51,52,51:cancelled:0:sig=1099511627776/52,1,,,+0x2124a00,+0x2164a00,+0x21a4a00,-0x0,+0x0,+0x0/0,56623104,,1,19.3,0,1,25.3,0,first barrier returned,first barrier returned,,,0,52
F1_blocking_ft1_rec0_cring_d200_t30,F1,blocking,30,1,0,1,,,,,,,200,,1,nvft2_drv,995475344165,e0d6fd1bd841,2eeda7780487,3,9,0,0,2026-09-25,capture,1,ring-walk,1,"0(off,",51,LOCAL_QP_ERR,5/0xf5,0x05,0xd,117,1,1,56,0,0x0,0,0x0,-1,1442115834.548,1442115834.630,1442115834.563,recovery not enabled (classification run),LOCAL_QP_ERR,0,,,3,51,0,0,1,9,51,1099511627776,51,52,51:cancelled:0:sig=1099511627776/52,1,,,+0x2124a00,+0x2164a00,+0x21a4a00,-0x0,+0x0,+0x0/0,56623104,,1,19.0,0,1,25.2,0,first barrier returned,first barrier returned,,,0,52
F1_blocking_ft1_rec0_cring_d200_t4,F1,blocking,4,1,0,1,,,,,,,200,,1,nvft2_drv,995475344165,e0d6fd1bd841,2eeda7780487,3,9,0,0,2026-09-25,capture,1,ring-walk,1,"0(off,",51,LOCAL_QP_ERR,5/0xf5,0x05,0xd,117,1,1,56,0,0x0,0,0x0,-1,1441657602.451,1441657602.499,1441657602.469,recovery not enabled (classification run),LOCAL_QP_ERR,0,,,3,51,0,0,1,9,51,1099511627776,51,52,51:cancelled:0:sig=1099511627776/52,1,,,+0x2124a00,+0x2164a00,+0x21a4a00,-0x0,+0x0,+0x0/0,56623104,,1,19.4,0,1,25.1,0,first barrier returned,first barrier returned,,,0,52
F1_blocking_ft1_rec0_cring_d200_t5,F1,blocking,5,1,0,1,,,,,,,200,,1,nvft2_drv,995475344165,e0d6fd1bd841,2eeda7780487,3,9,0,0,2026-09-25,capture,1,ring-walk,1,"0(off,",51,LOCAL_QP_ERR,5/0xf5,0x05,0xd,117,1,1,56,0,0x0,0,0x0,-1,1441675173.902,1441675173.915,1441675173.920,recovery not enabled (classification run),LOCAL_QP_ERR,0,,,3,51,0,0,1,9,51,1099511627776,51,52,51:cancelled:0:sig=1099511627776/52,1,,,+0x2124a00,+0x2164a00,+0x21a4a00,-0x0,+0x0,+0x0/0,56623104,,1,19.3,0,1,25.2,0,first barrier returned,first barrier returned,,,0,52
F1_blocking_ft1_rec0_cring_d200_t6,F1,blocking,6,1,0,1,,,,,,,200,,1,nvft2_drv,995475344165,e0d6fd1bd841,2eeda7780487,3,9,0,0,2026-09-25,capture,1,ring-walk,1,"0(off,",51,LOCAL_QP_ERR,5/0xf5,0x05,0xd,117,1,1,56,0,0x0,0,0x0,-1,1441692896.472,1441692896.517,1441692896.490,recovery not enabled (classification run),LOCAL_QP_ERR,0,,,3,51,0,0,1,9,51,1099511627776,51,52,51:cancelled:0:sig=1099511627776/52,1,,,+0x2124a00,+0x2164a00,+0x21a4a00,-0x0,+0x0,+0x0/0,56623104,,1,19.3,0,1,25.6,0,first barrier returned,first barrier returned,,,0,52
F1_blocking_ft1_rec0_cring_d200_t7,F1,blocking,7,1,0,1,,,,,,,200,,1,nvft2_drv,995475344165,e0d6fd1bd841,2eeda7780487,3,9,0,0,2026-09-25,capture,1,ring-walk,1,"0(off,",51,LOCAL_QP_ERR,5/0xf5,0x05,0xd,117,1,1,56,0,0x0,0,0x0,-1,1441710633.941,1441710634.041,1441710633.958,recovery not enabled (classification run),LOCAL_QP_ERR,0,,,3,51,0,0,1,9,51,1099511627776,51,52,51:cancelled:0:sig=1099511627776/52,1,,,+0x2124a00,+0x2164a00,+0x21a4a00,-0x0,+0x0,+0x0/0,56623104,,1,19.4,0,1,25.8,0,first barrier returned,first barrier returned,,,0,52
F1_blocking_ft1_rec0_cring_d200_t8,F1,blocking,8,1,0,1,,,,,,,200,,1,nvft2_drv,995475344165,e0d6fd1bd841,2eeda7780487,3,9,0,0,2026-09-25,capture,1,ring-walk,1,"0(off,",51,LOCAL_QP_ERR,5/0xf5,0x05,0xd,117,1,1,56,0,0x0,0,0x0,-1,1441728434.684,1441728434.757,1441728434.701,recovery not enabled (classification run),LOCAL_QP_ERR,0,,,3,51,0,0,1,9,51,1099511627776,51,52,51:cancelled:0:sig=1099511627776/52,1,,,+0x2124a00,+0x2164a00,+0x21a4a00,-0x0,+0x0,+0x0/0,56623104,,1,19.3,0,1,25.3,0,first barrier returned,first barrier returned,,,0,52
F1_blocking_ft1_rec0_cring_d200_t9,F1,blocking,9,1,0,1,,,,,,,200,,1,nvft2_drv,995475344165,e0d6fd1bd841,2eeda7780487,3,9,0,0,2026-09-25,capture,1,ring-walk,1,"0(off,",51,LOCAL_QP_ERR,5/0xf5,0x05,0xd,117,1,1,56,0,0x0,0,0x0,-1,1441746097.513,1441746097.589,1441746097.531,recovery not enabled (classification run),LOCAL_QP_ERR,0,,,3,51,0,0,1,9,51,1099511627776,51,52,51:cancelled:0:sig=1099511627776/52,1,,,+0x2124a00,+0x2164a00,+0x21a4a00,-0x0,+0x0,+0x0/0,56623104,,1,19.7,0,1,25.3,0,first barrier returned,first barrier returned,,,0,52
F1_blocking_ft1_rec0_csent_d2000_t1,F1,blocking,1,1,0,,,,,,,,2000,200,1,nvft2_drv,995475344165,e0d6fd1bd841,2eeda7780487,3,9,0,0,2026-09-25,capture,1,in-loop,0,"0(off,",51,LOCAL_QP_ERR,5/0xf5,0x05,0xd,117,4,1,0,0,0x0,0,0x0,-1,1441609328.501,1441609328.602,1441609330.369,recovery not enabled (classification run),LOCAL_QP_ERR,0,,,3,51,0,0,1,9,51,1099511627776,51,52,51:cancelled:0:sig=1099511627776/52,1,,,+0x2124a00,+0x2164a00,+0x21a4a00,-0x0,+0x0,+0x0/0,56623104,,1,17.7,0,1,25.4,0,first barrier returned,first barrier returned,,,0,52
F1_blocking_ft1_rec0_csent_d2000_t10,F1,blocking,10,1,0,,,,,,,,2000,200,1,nvft2_drv,995475344165,e0d6fd1bd841,2eeda7780487,3,9,0,0,2026-09-25,capture,1,in-loop,0,"0(off,",51,LOCAL_QP_ERR,5/0xf5,0x05,0xd,117,4,1,0,0,0x0,0,0x0,-1,1441768157.770,1441768157.839,1441768159.640,recovery not enabled (classification run),LOCAL_QP_ERR,0,,,3,51,0,0,1,9,51,1099511627776,51,52,51:cancelled:0:sig=1099511627776/52,1,,,+0x2124a00,+0x2164a00,+0x21a4a00,-0x0,+0x0,+0x0/0,56623104,,1,17.3,0,1,25.5,0,first barrier returned,first barrier returned,,,0,52
F1_blocking_ft1_rec0_csent_d2000_t11,F1,blocking,11,1,0,,,,,,,,2000,200,1,nvft2_drv,995475344165,e0d6fd1bd841,2eeda7780487,3,9,0,0,2026-09-25,capture,1,in-loop,0,"0(off,",51,LOCAL_QP_ERR,5/0xf5,0x05,0xd,117,4,1,0,0,0x0,0,0x0,-1,1441785765.655,1441785765.736,1441785767.513,recovery not enabled (classification run),LOCAL_QP_ERR,0,,,3,51,0,0,1,9,51,1099511627776,51,52,51:cancelled:0:sig=1099511627776/52,1,,,+0x2124a00,+0x2164a00,+0x21a4a00,-0x0,+0x0,+0x0/0,56623104,,1,17.3,0,1,25.4,0,first barrier returned,first barrier returned,,,0,52
F1_blocking_ft1_rec0_csent_d2000_t12,F1,blocking,12,1,0,,,,,,,,2000,200,1,nvft2_drv,995475344165,e0d6fd1bd841,2eeda7780487,3,9,0,0,2026-09-25,capture,1,in-loop,0,"0(off,",51,LOCAL_QP_ERR,5/0xf5,0x05,0xd,117,4,1,0,0,0x0,0,0x0,-1,1441803249.208,1441803249.303,1441803251.109,recovery not enabled (classification run),LOCAL_QP_ERR,0,,,3,51,0,0,1,9,51,1099511627776,51,52,51:cancelled:0:sig=1099511627776/52,1,,,+0x2124a00,+0x2164a00,+0x21a4a00,-0x0,+0x0,+0x0/0,56623104,,1,17.3,0,1,25.2,0,first barrier returned,first barrier returned,,,0,52
F1_blocking_ft1_rec0_csent_d2000_t13,F1,blocking,13,1,0,,,,,,,,2000,200,1,nvft2_drv,995475344165,e0d6fd1bd841,2eeda7780487,3,9,0,0,2026-09-25,capture,1,in-loop,0,"0(off,",51,LOCAL_QP_ERR,5/0xf5,0x05,0xd,117,4,1,0,0,0x0,0,0x0,-1,1441820777.434,1441820777.532,1441820779.302,recovery not enabled (classification run),LOCAL_QP_ERR,0,,,3,51,0,0,1,9,51,1099511627776,51,52,51:cancelled:0:sig=1099511627776/52,1,,,+0x2124a00,+0x2164a00,+0x21a4a00,-0x0,+0x0,+0x0/0,56623104,,1,17.3,0,1,25.2,0,first barrier returned,first barrier returned,,,0,52
F1_blocking_ft1_rec0_csent_d2000_t14,F1,blocking,14,1,0,,,,,,,,2000,200,1,nvft2_drv,995475344165,e0d6fd1bd841,2eeda7780487,3,9,0,0,2026-09-25,capture,1,in-loop,0,"0(off,",51,LOCAL_QP_ERR,5/0xf5,0x05,0xd,117,4,1,0,0,0x0,0,0x0,-1,1441838346.169,1441838346.221,1441838348.049,recovery not enabled (classification run),LOCAL_QP_ERR,0,,,3,51,0,0,1,9,51,1099511627776,51,52,51:cancelled:0:sig=1099511627776/52,1,,,+0x2124a00,+0x2164a00,+0x21a4a00,-0x0,+0x0,+0x0/0,56623104,,1,17.3,0,1,25.4,0,first barrier returned,first barrier returned,,,0,52
F1_blocking_ft1_rec0_csent_d2000_t15,F1,blocking,15,1,0,,,,,,,,2000,200,1,nvft2_drv,995475344165,e0d6fd1bd841,2eeda7780487,3,9,0,0,2026-09-25,capture,1,in-loop,0,"0(off,",51,LOCAL_QP_ERR,5/0xf5,0x05,0xd,117,4,1,0,0,0x0,0,0x0,-1,1441855964.505,1441855964.564,1441855966.359,recovery not enabled (classification run),LOCAL_QP_ERR,0,,,3,51,0,0,1,9,51,1099511627776,51,52,51:cancelled:0:sig=1099511627776/52,1,,,+0x2124a00,+0x2164a00,+0x21a4a00,-0x0,+0x0,+0x0/0,56623104,,1,17.3,0,1,25.2,0,first barrier returned,first barrier returned,,,0,52
F1_blocking_ft1_rec0_csent_d2000_t16,F1,blocking,16,1,0,,,,,,,,2000,200,1,nvft2_drv,995475344165,e0d6fd1bd841,2eeda7780487,3,9,0,0,2026-09-25,capture,1,in-loop,0,"0(off,",51,LOCAL_QP_ERR,5/0xf5,0x05,0xd,117,4,1,0,0,0x0,0,0x0,-1,1441873552.215,1441873552.285,1441873554.104,recovery not enabled (classification run),LOCAL_QP_ERR,0,,,3,51,0,0,1,9,51,1099511627776,51,52,51:cancelled:0:sig=1099511627776/52,1,,,+0x2124a00,+0x2164a00,+0x21a4a00,-0x0,+0x0,+0x0/0,56623104,,1,17.5,0,1,25.2,0,first barrier returned,first barrier returned,,,0,52
F1_blocking_ft1_rec0_csent_d2000_t17,F1,blocking,17,1,0,,,,,,,,2000,200,1,nvft2_drv,995475344165,e0d6fd1bd841,2eeda7780487,3,9,0,0,2026-09-25,capture,1,in-loop,0,"0(off,",51,LOCAL_QP_ERR,5/0xf5,0x05,0xd,117,4,1,0,0,0x0,0,0x0,-1,1441891169.772,1441891169.817,1441891171.617,recovery not enabled (classification run),LOCAL_QP_ERR,0,,,3,51,0,0,1,9,51,1099511627776,51,52,51:cancelled:0:sig=1099511627776/52,1,,,+0x2124a00,+0x2164a00,+0x21a4a00,-0x0,+0x0,+0x0/0,56623104,,1,17.2,0,1,25.4,0,first barrier returned,first barrier returned,,,0,52
F1_blocking_ft1_rec0_csent_d2000_t18,F1,blocking,18,1,0,,,,,,,,2000,200,1,nvft2_drv,995475344165,e0d6fd1bd841,2eeda7780487,3,9,0,0,2026-09-25,capture,1,in-loop,0,"0(off,",51,LOCAL_QP_ERR,5/0xf5,0x05,0xd,117,4,1,0,0,0x0,0,0x0,-1,1441908781.570,1441908781.587,1441908783.418,recovery not enabled (classification run),LOCAL_QP_ERR,0,,,3,51,0,0,1,9,51,1099511627776,51,52,51:cancelled:0:sig=1099511627776/52,1,,,+0x2124a00,+0x2164a00,+0x21a4a00,-0x0,+0x0,+0x0/0,56623104,,1,17.3,0,1,25.5,0,first barrier returned,first barrier returned,,,0,52
F1_blocking_ft1_rec0_csent_d2000_t19,F1,blocking,19,1,0,,,,,,,,2000,200,1,nvft2_drv,995475344165,e0d6fd1bd841,2eeda7780487,3,9,0,0,2026-09-25,capture,1,in-loop,0,"0(off,",51,LOCAL_QP_ERR,5/0xf5,0x05,0xd,117,4,1,0,0,0x0,0,0x0,-1,1441926407.753,1441926407.824,1441926409.615,recovery not enabled (classification run),LOCAL_QP_ERR,0,,,3,51,0,0,1,9,51,1099511627776,51,52,51:cancelled:0:sig=1099511627776/52,1,,,+0x2124a00,+0x2164a00,+0x21a4a00,-0x0,+0x0,+0x0/0,56623104,,1,17.2,0,1,25.2,0,first barrier returned,first barrier returned,,,0,52
F1_blocking_ft1_rec0_csent_d2000_t2,F1,blocking,2,1,0,,,,,,,,2000,200,1,nvft2_drv,995475344165,e0d6fd1bd841,2eeda7780487,3,9,0,0,2026-09-25,capture,1,in-loop,0,"0(off,",51,LOCAL_QP_ERR,5/0xf5,0x05,0xd,117,4,1,0,0,0x0,0,0x0,-1,1441626892.449,1441626892.487,1441626894.337,recovery not enabled (classification run),LOCAL_QP_ERR,0,,,3,51,0,0,1,9,51,1099511627776,51,52,51:cancelled:0:sig=1099511627776/52,1,,,+0x2124a00,+0x2164a00,+0x21a4a00,-0x0,+0x0,+0x0/0,56623104,,1,17.4,0,1,25.3,0,first barrier returned,first barrier returned,,,0,52
F1_blocking_ft1_rec0_csent_d2000_t20,F1,blocking,20,1,0,,,,,,,,2000,200,1,nvft2_drv,995475344165,e0d6fd1bd841,2eeda7780487,3,9,0,0,2026-09-25,capture,1,in-loop,0,"0(off,",51,LOCAL_QP_ERR,5/0xf5,0x05,0xd,117,4,1,0,0,0x0,0,0x0,-1,1441944097.464,1441944097.532,1441944099.317,recovery not enabled (classification run),LOCAL_QP_ERR,0,,,3,51,0,0,1,9,51,1099511627776,51,52,51:cancelled:0:sig=1099511627776/52,1,,,+0x2124a00,+0x2164a00,+0x21a4a00,-0x0,+0x0,+0x0/0,56623104,,1,17.2,0,1,25.7,0,first barrier returned,first barrier returned,,,0,52
F1_blocking_ft1_rec0_csent_d2000_t21,F1,blocking,21,1,0,,,,,,,,2000,200,1,nvft2_drv,995475344165,e0d6fd1bd841,2eeda7780487,3,9,0,0,2026-09-25,capture,1,in-loop,0,"0(off,",51,LOCAL_QP_ERR,5/0xf5,0x05,0xd,117,4,1,0,0,0x0,0,0x0,-1,1441961661.997,1441961662.092,1441961663.895,recovery not enabled (classification run),LOCAL_QP_ERR,0,,,3,51,0,0,1,9,51,1099511627776,51,52,51:cancelled:0:sig=1099511627776/52,1,,,+0x2124a00,+0x2164a00,+0x21a4a00,-0x0,+0x0,+0x0/0,56623104,,1,17.4,0,1,25.7,0,first barrier returned,first barrier returned,,,0,52
F1_blocking_ft1_rec0_csent_d2000_t22,F1,blocking,22,1,0,,,,,,,,2000,200,1,nvft2_drv,995475344165,e0d6fd1bd841,2eeda7780487,3,9,0,0,2026-09-25,capture,1,in-loop,0,"0(off,",51,LOCAL_QP_ERR,5/0xf5,0x05,0xd,117,4,1,0,0,0x0,0,0x0,-1,1441979321.294,1441979321.302,1441979323.196,recovery not enabled (classification run),LOCAL_QP_ERR,0,,,3,51,0,0,1,9,51,1099511627776,51,52,51:cancelled:0:sig=1099511627776/52,1,,,+0x2124a00,+0x2164a00,+0x21a4a00,-0x0,+0x0,+0x0/0,56623104,,1,17.5,0,1,25.7,0,first barrier returned,first barrier returned,,,0,52
F1_blocking_ft1_rec0_csent_d2000_t23,F1,blocking,23,1,0,,,,,,,,2000,200,1,nvft2_drv,995475344165,e0d6fd1bd841,2eeda7780487,3,9,0,0,2026-09-25,capture,1,in-loop,0,"0(off,",51,LOCAL_QP_ERR,5/0xf5,0x05,0xd,117,4,1,0,0,0x0,0,0x0,-1,1441996897.543,1441996897.612,1441996899.416,recovery not enabled (classification run),LOCAL_QP_ERR,0,,,3,51,0,0,1,9,51,1099511627776,51,52,51:cancelled:0:sig=1099511627776/52,1,,,+0x2124a00,+0x2164a00,+0x21a4a00,-0x0,+0x0,+0x0/0,56623104,,1,17.9,0,1,25.9,0,first barrier returned,first barrier returned,,,0,52
F1_blocking_ft1_rec0_csent_d2000_t24,F1,blocking,24,1,0,,,,,,,,2000,200,1,nvft2_drv,995475344165,e0d6fd1bd841,2eeda7780487,3,9,0,0,2026-09-25,capture,1,in-loop,0,"0(off,",51,LOCAL_QP_ERR,5/0xf5,0x05,0xd,117,4,1,0,0,0x0,0,0x0,-1,1442014518.645,1442014518.731,1442014520.524,recovery not enabled (classification run),LOCAL_QP_ERR,0,,,3,51,0,0,1,9,51,1099511627776,51,52,51:cancelled:0:sig=1099511627776/52,1,,,+0x2124a00,+0x2164a00,+0x21a4a00,-0x0,+0x0,+0x0/0,56623104,,1,17.5,0,1,25.6,0,first barrier returned,first barrier returned,,,0,52
F1_blocking_ft1_rec0_csent_d2000_t25,F1,blocking,25,1,0,,,,,,,,2000,200,1,nvft2_drv,995475344165,e0d6fd1bd841,2eeda7780487,3,9,0,0,2026-09-25,capture,1,in-loop,0,"0(off,",51,LOCAL_QP_ERR,5/0xf5,0x05,0xd,117,4,1,0,0,0x0,0,0x0,-1,1442032197.722,1442032197.813,1442032199.606,recovery not enabled (classification run),LOCAL_QP_ERR,0,,,3,51,0,0,1,9,51,1099511627776,51,52,51:cancelled:0:sig=1099511627776/52,1,,,+0x2124a00,+0x2164a00,+0x21a4a00,-0x0,+0x0,+0x0/0,56623104,,1,17.4,0,1,25.4,0,first barrier returned,first barrier returned,,,0,52
F1_blocking_ft1_rec0_csent_d2000_t26,F1,blocking,26,1,0,,,,,,,,2000,200,1,nvft2_drv,995475344165,e0d6fd1bd841,2eeda7780487,3,9,0,0,2026-09-25,capture,1,in-loop,0,"0(off,",51,LOCAL_QP_ERR,5/0xf5,0x05,0xd,117,4,1,0,0,0x0,0,0x0,-1,1442049796.151,1442049796.183,1442049798.040,recovery not enabled (classification run),LOCAL_QP_ERR,0,,,3,51,0,0,1,9,51,1099511627776,51,52,51:cancelled:0:sig=1099511627776/52,1,,,+0x2124a00,+0x2164a00,+0x21a4a00,-0x0,+0x0,+0x0/0,56623104,,1,17.3,0,1,25.2,0,first barrier returned,first barrier returned,,,0,52
F1_blocking_ft1_rec0_csent_d2000_t27,F1,blocking,27,1,0,,,,,,,,2000,200,1,nvft2_drv,995475344165,e0d6fd1bd841,2eeda7780487,3,9,0,0,2026-09-25,capture,1,in-loop,0,"0(off,",51,LOCAL_QP_ERR,5/0xf5,0x05,0xd,117,4,1,0,0,0x0,0,0x0,-1,1442067433.254,1442067433.303,1442067435.106,recovery not enabled (classification run),LOCAL_QP_ERR,0,,,3,51,0,0,1,9,51,1099511627776,51,52,51:cancelled:0:sig=1099511627776/52,1,,,+0x2124a00,+0x2164a00,+0x21a4a00,-0x0,+0x0,+0x0/0,56623104,,1,17.5,0,1,25.7,0,first barrier returned,first barrier returned,,,0,52
F1_blocking_ft1_rec0_csent_d2000_t28,F1,blocking,28,1,0,,,,,,,,2000,200,1,nvft2_drv,995475344165,e0d6fd1bd841,2eeda7780487,3,9,0,0,2026-09-25,capture,1,in-loop,0,"0(off,",51,LOCAL_QP_ERR,5/0xf5,0x05,0xd,117,4,1,0,0,0x0,0,0x0,-1,1442085073.507,1442085073.532,1442085075.361,recovery not enabled (classification run),LOCAL_QP_ERR,0,,,3,51,0,0,1,9,51,1099511627776,51,52,51:cancelled:0:sig=1099511627776/52,1,,,+0x2124a00,+0x2164a00,+0x21a4a00,-0x0,+0x0,+0x0/0,56623104,,1,17.1,0,1,25.8,0,first barrier returned,first barrier returned,,,0,52
F1_blocking_ft1_rec0_csent_d2000_t29,F1,blocking,29,1,0,,,,,,,,2000,200,1,nvft2_drv,995475344165,e0d6fd1bd841,2eeda7780487,3,9,0,0,2026-09-25,capture,1,in-loop,0,"0(off,",51,LOCAL_QP_ERR,5/0xf5,0x05,0xd,117,4,1,0,0,0x0,0,0x0,-1,1442102657.447,1442102657.506,1442102659.301,recovery not enabled (classification run),LOCAL_QP_ERR,0,,,3,51,0,0,1,9,51,1099511627776,51,52,51:cancelled:0:sig=1099511627776/52,1,,,+0x2124a00,+0x2164a00,+0x21a4a00,-0x0,+0x0,+0x0/0,56623104,,1,17.4,0,1,25.7,0,first barrier returned,first barrier returned,,,0,52
F1_blocking_ft1_rec0_csent_d2000_t3,F1,blocking,3,1,0,,,,,,,,2000,200,1,nvft2_drv,995475344165,e0d6fd1bd841,2eeda7780487,3,9,0,0,2026-09-25,capture,1,in-loop,0,"0(off,",51,LOCAL_QP_ERR,5/0xf5,0x05,0xd,117,4,1,0,0,0x0,0,0x0,-1,1441644439.928,1441644440.003,1441644441.805,recovery not enabled (classification run),LOCAL_QP_ERR,0,,,3,51,0,0,1,9,51,1099511627776,51,52,51:cancelled:0:sig=1099511627776/52,1,,,+0x2124a00,+0x2164a00,+0x21a4a00,-0x0,+0x0,+0x0/0,56623104,,1,17.4,0,1,25.0,0,first barrier returned,first barrier returned,,,0,52
F1_blocking_ft1_rec0_csent_d2000_t30,F1,blocking,30,1,0,,,,,,,,2000,200,1,nvft2_drv,995475344165,e0d6fd1bd841,2eeda7780487,3,9,0,0,2026-09-25,capture,1,in-loop,0,"0(off,",51,LOCAL_QP_ERR,5/0xf5,0x05,0xd,117,4,1,0,0,0x0,0,0x0,-1,1442120217.988,1442120218.093,1442120219.892,recovery not enabled (classification run),LOCAL_QP_ERR,0,,,3,51,0,0,1,9,51,1099511627776,51,52,51:cancelled:0:sig=1099511627776/52,1,,,+0x2124a00,+0x2164a00,+0x21a4a00,-0x0,+0x0,+0x0/0,56623104,,1,17.3,0,1,25.8,0,first barrier returned,first barrier returned,,,0,52
F1_blocking_ft1_rec0_csent_d2000_t4,F1,blocking,4,1,0,,,,,,,,2000,200,1,nvft2_drv,995475344165,e0d6fd1bd841,2eeda7780487,3,9,0,0,2026-09-25,capture,1,in-loop,0,"0(off,",51,LOCAL_QP_ERR,5/0xf5,0x05,0xd,117,4,1,0,0,0x0,0,0x0,-1,1441662017.939,1441662017.992,1441662019.845,recovery not enabled (classification run),LOCAL_QP_ERR,0,,,3,51,0,0,1,9,51,1099511627776,51,52,51:cancelled:0:sig=1099511627776/52,1,,,+0x2124a00,+0x2164a00,+0x21a4a00,-0x0,+0x0,+0x0/0,56623104,,1,17.6,0,1,25.0,0,first barrier returned,first barrier returned,,,0,52
F1_blocking_ft1_rec0_csent_d2000_t5,F1,blocking,5,1,0,,,,,,,,2000,200,1,nvft2_drv,995475344165,e0d6fd1bd841,2eeda7780487,3,9,0,0,2026-09-25,capture,1,in-loop,0,"0(off,",51,LOCAL_QP_ERR,5/0xf5,0x05,0xd,117,4,1,0,0,0x0,0,0x0,-1,1441679532.787,1441679532.896,1441679534.680,recovery not enabled (classification run),LOCAL_QP_ERR,0,,,3,51,0,0,1,9,51,1099511627776,51,52,51:cancelled:0:sig=1099511627776/52,1,,,+0x2124a00,+0x2164a00,+0x21a4a00,-0x0,+0x0,+0x0/0,56623104,,1,17.2,0,1,25.3,0,first barrier returned,first barrier returned,,,0,52
F1_blocking_ft1_rec0_csent_d2000_t6,F1,blocking,6,1,0,,,,,,,,2000,200,1,nvft2_drv,995475344165,e0d6fd1bd841,2eeda7780487,3,9,0,0,2026-09-25,capture,1,in-loop,0,"0(off,",51,LOCAL_QP_ERR,5/0xf5,0x05,0xd,117,4,1,0,0,0x0,0,0x0,-1,1441697366.500,1441697366.528,1441697368.372,recovery not enabled (classification run),LOCAL_QP_ERR,0,,,3,51,0,0,1,9,51,1099511627776,51,52,51:cancelled:0:sig=1099511627776/52,1,,,+0x2124a00,+0x2164a00,+0x21a4a00,-0x0,+0x0,+0x0/0,56623104,,1,17.4,0,1,25.5,0,first barrier returned,first barrier returned,,,0,52
F1_blocking_ft1_rec0_csent_d2000_t7,F1,blocking,7,1,0,,,,,,,,2000,200,1,nvft2_drv,995475344165,e0d6fd1bd841,2eeda7780487,3,9,0,0,2026-09-25,capture,1,in-loop,0,"0(off,",51,LOCAL_QP_ERR,5/0xf5,0x05,0xd,117,4,1,0,0,0x0,0,0x0,-1,1441715088.232,1441715088.311,1441715090.115,recovery not enabled (classification run),LOCAL_QP_ERR,0,,,3,51,0,0,1,9,51,1099511627776,51,52,51:cancelled:0:sig=1099511627776/52,1,,,+0x2124a00,+0x2164a00,+0x21a4a00,-0x0,+0x0,+0x0/0,56623104,,1,17.8,0,1,25.7,0,first barrier returned,first barrier returned,,,0,52
F1_blocking_ft1_rec0_csent_d2000_t8,F1,blocking,8,1,0,,,,,,,,2000,200,1,nvft2_drv,995475344165,e0d6fd1bd841,2eeda7780487,3,9,0,0,2026-09-25,capture,1,in-loop,0,"0(off,",51,LOCAL_QP_ERR,5/0xf5,0x05,0xd,117,4,1,0,0,0x0,0,0x0,-1,1441732871.299,1441732871.367,1441732873.180,recovery not enabled (classification run),LOCAL_QP_ERR,0,,,3,51,0,0,1,9,51,1099511627776,51,52,51:cancelled:0:sig=1099511627776/52,1,,,+0x2124a00,+0x2164a00,+0x21a4a00,-0x0,+0x0,+0x0/0,56623104,,1,17.4,0,1,25.3,0,first barrier returned,first barrier returned,,,0,52
F1_blocking_ft1_rec0_csent_d2000_t9,F1,blocking,9,1,0,,,,,,,,2000,200,1,nvft2_drv,995475344165,e0d6fd1bd841,2eeda7780487,3,9,0,0,2026-09-25,capture,1,in-loop,0,"0(off,",51,LOCAL_QP_ERR,5/0xf5,0x05,0xd,117,4,1,0,0,0x0,0,0x0,-1,1441750517.210,1441750517.276,1441750519.077,recovery not enabled (classification run),LOCAL_QP_ERR,0,,,3,51,0,0,1,9,51,1099511627776,51,52,51:cancelled:0:sig=1099511627776/52,1,,,+0x2124a00,+0x2164a00,+0x21a4a00,-0x0,+0x0,+0x0/0,56623104,,1,17.3,0,1,25.2,0,first barrier returned,first barrier returned,,,0,52
F1_blocking_ft1_rec0_csent_d200_t1,F1,blocking,1,1,0,,,,,,,,200,200,1,nvft2_drv,995475344165,e0d6fd1bd841,2eeda7780487,3,9,0,0,2026-09-25,capture,1,in-loop,0,"0(off,",51,LOCAL_QP_ERR,5/0xf5,0x05,0xd,117,4,1,0,0,0x0,0,0x0,-1,1441602748.315,1441602748.360,1441602748.496,recovery not enabled (classification run),LOCAL_QP_ERR,0,,,3,51,0,0,1,9,51,1099511627776,51,52,51:cancelled:0:sig=1099511627776/52,1,,,+0x2124a00,+0x2164a00,+0x21a4a00,-0x0,+0x0,+0x0/0,56623104,,1,17.3,0,1,25.2,0,first barrier returned,first barrier returned,,,0,52
F1_blocking_ft1_rec0_csent_d200_t10,F1,blocking,10,1,0,,,,,,,,200,200,1,nvft2_drv,995475344165,e0d6fd1bd841,2eeda7780487,3,9,0,0,2026-09-25,capture,1,in-loop,0,"0(off,",51,LOCAL_QP_ERR,5/0xf5,0x05,0xd,117,4,1,0,0,0x0,0,0x0,-1,1441761561.449,1441761561.507,1441761561.589,recovery not enabled (classification run),LOCAL_QP_ERR,0,,,3,51,0,0,1,9,51,1099511627776,51,52,51:cancelled:0:sig=1099511627776/52,1,,,+0x2124a00,+0x2164a00,+0x21a4a00,-0x0,+0x0,+0x0/0,56623104,,1,17.3,0,1,25.4,0,first barrier returned,first barrier returned,,,0,52
F1_blocking_ft1_rec0_csent_d200_t11,F1,blocking,11,1,0,,,,,,,,200,200,1,nvft2_drv,995475344165,e0d6fd1bd841,2eeda7780487,3,9,0,0,2026-09-25,capture,1,in-loop,0,"0(off,",51,LOCAL_QP_ERR,5/0xf5,0x05,0xd,117,4,1,0,0,0x0,0,0x0,-1,1441779232.204,1441779232.283,1441779232.328,recovery not enabled (classification run),LOCAL_QP_ERR,0,,,3,51,0,0,1,9,51,1099511627776,51,52,51:cancelled:0:sig=1099511627776/52,1,,,+0x2124a00,+0x2164a00,+0x21a4a00,-0x0,+0x0,+0x0/0,56623104,,1,17.5,0,1,25.3,0,first barrier returned,first barrier returned,,,0,52
F1_blocking_ft1_rec0_csent_d200_t12,F1,blocking,12,1,0,,,,,,,,200,200,1,nvft2_drv,995475344165,e0d6fd1bd841,2eeda7780487,3,9,0,0,2026-09-25,capture,1,in-loop,0,"0(off,",51,LOCAL_QP_ERR,5/0xf5,0x05,0xd,117,4,1,0,0,0x0,0,0x0,-1,1441796730.564,1441796730.629,1441796730.729,recovery not enabled (classification run),LOCAL_QP_ERR,0,,,3,51,0,0,1,9,51,1099511627776,51,52,51:cancelled:0:sig=1099511627776/52,1,,,+0x2124a00,+0x2164a00,+0x21a4a00,-0x0,+0x0,+0x0/0,56623104,,1,17.5,0,1,25.7,0,first barrier returned,first barrier returned,,,0,52
F1_blocking_ft1_rec0_csent_d200_t13,F1,blocking,13,1,0,,,,,,,,200,200,1,nvft2_drv,995475344165,e0d6fd1bd841,2eeda7780487,3,9,0,0,2026-09-25,capture,1,in-loop,0,"0(off,",51,LOCAL_QP_ERR,5/0xf5,0x05,0xd,117,4,1,0,0,0x0,0,0x0,-1,1441814200.241,1441814200.259,1441814200.373,recovery not enabled (classification run),LOCAL_QP_ERR,0,,,3,51,0,0,1,9,51,1099511627776,51,52,51:cancelled:0:sig=1099511627776/52,1,,,+0x2124a00,+0x2164a00,+0x21a4a00,-0x0,+0x0,+0x0/0,56623104,,1,17.3,0,1,25.2,0,first barrier returned,first barrier returned,,,0,52
F1_blocking_ft1_rec0_csent_d200_t14,F1,blocking,14,1,0,,,,,,,,200,200,1,nvft2_drv,995475344165,e0d6fd1bd841,2eeda7780487,3,9,0,0,2026-09-25,capture,1,in-loop,0,"0(off,",51,LOCAL_QP_ERR,5/0xf5,0x05,0xd,117,4,1,0,0,0x0,0,0x0,-1,1441831728.392,1441831728.488,1441831728.546,recovery not enabled (classification run),LOCAL_QP_ERR,0,,,3,51,0,0,1,9,51,1099511627776,51,52,51:cancelled:0:sig=1099511627776/52,1,,,+0x2124a00,+0x2164a00,+0x21a4a00,-0x0,+0x0,+0x0/0,56623104,,1,17.4,0,1,25.3,0,first barrier returned,first barrier returned,,,0,52
F1_blocking_ft1_rec0_csent_d200_t15,F1,blocking,15,1,0,,,,,,,,200,200,1,nvft2_drv,995475344165,e0d6fd1bd841,2eeda7780487,3,9,0,0,2026-09-25,capture,1,in-loop,0,"0(off,",51,LOCAL_QP_ERR,5/0xf5,0x05,0xd,117,4,1,0,0,0x0,0,0x0,-1,1441849375.329,1441849375.422,1441849375.488,recovery not enabled (classification run),LOCAL_QP_ERR,0,,,3,51,0,0,1,9,51,1099511627776,51,52,51:cancelled:0:sig=1099511627776/52,1,,,+0x2124a00,+0x2164a00,+0x21a4a00,-0x0,+0x0,+0x0/0,56623104,,1,17.5,0,1,25.2,0,first barrier returned,first barrier returned,,,0,52
F1_blocking_ft1_rec0_csent_d200_t16,F1,blocking,16,1,0,,,,,,,,200,200,1,nvft2_drv,995475344165,e0d6fd1bd841,2eeda7780487,3,9,0,0,2026-09-25,capture,1,in-loop,0,"0(off,",51,LOCAL_QP_ERR,5/0xf5,0x05,0xd,117,4,1,0,0,0x0,0,0x0,-1,1441866965.810,1441866965.914,1441866965.970,recovery not enabled (classification run),LOCAL_QP_ERR,0,,,3,51,0,0,1,9,51,1099511627776,51,52,51:cancelled:0:sig=1099511627776/52,1,,,+0x2124a00,+0x2164a00,+0x21a4a00,-0x0,+0x0,+0x0/0,56623104,,1,17.3,0,1,25.3,0,first barrier returned,first barrier returned,,,0,52
F1_blocking_ft1_rec0_csent_d200_t17,F1,blocking,17,1,0,,,,,,,,200,200,1,nvft2_drv,995475344165,e0d6fd1bd841,2eeda7780487,3,9,0,0,2026-09-25,capture,1,in-loop,0,"0(off,",51,LOCAL_QP_ERR,5/0xf5,0x05,0xd,117,4,1,0,0,0x0,0,0x0,-1,1441884596.360,1441884596.412,1441884596.523,recovery not enabled (classification run),LOCAL_QP_ERR,0,,,3,51,0,0,1,9,51,1099511627776,51,52,51:cancelled:0:sig=1099511627776/52,1,,,+0x2124a00,+0x2164a00,+0x21a4a00,-0x0,+0x0,+0x0/0,56623104,,1,17.5,0,1,25.2,0,first barrier returned,first barrier returned,,,0,52
F1_blocking_ft1_rec0_csent_d200_t18,F1,blocking,18,1,0,,,,,,,,200,200,1,nvft2_drv,995475344165,e0d6fd1bd841,2eeda7780487,3,9,0,0,2026-09-25,capture,1,in-loop,0,"0(off,",51,LOCAL_QP_ERR,5/0xf5,0x05,0xd,117,4,1,0,0,0x0,0,0x0,-1,1441902194.093,1441902194.125,1441902194.261,recovery not enabled (classification run),LOCAL_QP_ERR,0,,,3,51,0,0,1,9,51,1099511627776,51,52,51:cancelled:0:sig=1099511627776/52,1,,,+0x2124a00,+0x2164a00,+0x21a4a00,-0x0,+0x0,+0x0/0,56623104,,1,17.6,0,1,25.5,0,first barrier returned,first barrier returned,,,0,52
F1_blocking_ft1_rec0_csent_d200_t19,F1,blocking,19,1,0,,,,,,,,200,200,1,nvft2_drv,995475344165,e0d6fd1bd841,2eeda7780487,3,9,0,0,2026-09-25,capture,1,in-loop,0,"0(off,",51,LOCAL_QP_ERR,5/0xf5,0x05,0xd,117,4,1,0,0,0x0,0,0x0,-1,1441919869.633,1441919869.736,1441919869.798,recovery not enabled (classification run),LOCAL_QP_ERR,0,,,3,51,0,0,1,9,51,1099511627776,51,52,51:cancelled:0:sig=1099511627776/52,1,,,+0x2124a00,+0x2164a00,+0x21a4a00,-0x0,+0x0,+0x0/0,56623104,,1,17.3,0,1,25.3,0,first barrier returned,first barrier returned,,,0,52
F1_blocking_ft1_rec0_csent_d200_t2,F1,blocking,2,1,0,,,,,,,,200,200,1,nvft2_drv,995475344165,e0d6fd1bd841,2eeda7780487,3,9,0,0,2026-09-25,capture,1,in-loop,0,"0(off,",51,LOCAL_QP_ERR,5/0xf5,0x05,0xd,117,4,1,0,0,0x0,0,0x0,-1,1441620305.538,1441620305.584,1441620305.709,recovery not enabled (classification run),LOCAL_QP_ERR,0,,,3,51,0,0,1,9,51,1099511627776,51,52,51:cancelled:0:sig=1099511627776/52,1,,,+0x2124a00,+0x2164a00,+0x21a4a00,-0x0,+0x0,+0x0/0,56623104,,1,17.6,0,1,25.3,0,first barrier returned,first barrier returned,,,0,52
F1_blocking_ft1_rec0_csent_d200_t20,F1,blocking,20,1,0,,,,,,,,200,200,1,nvft2_drv,995475344165,e0d6fd1bd841,2eeda7780487,3,9,0,0,2026-09-25,capture,1,in-loop,0,"0(off,",51,LOCAL_QP_ERR,5/0xf5,0x05,0xd,117,4,1,0,0,0x0,0,0x0,-1,1441937460.091,1441937460.107,1441937460.230,recovery not enabled (classification run),LOCAL_QP_ERR,0,,,3,51,0,0,1,9,51,1099511627776,51,52,51:cancelled:0:sig=1099511627776/52,1,,,+0x2124a00,+0x2164a00,+0x21a4a00,-0x0,+0x0,+0x0/0,56623104,,1,17.4,0,1,25.3,0,first barrier returned,first barrier returned,,,0,52
F1_blocking_ft1_rec0_csent_d200_t21,F1,blocking,21,1,0,,,,,,,,200,200,1,nvft2_drv,995475344165,e0d6fd1bd841,2eeda7780487,3,9,0,0,2026-09-25,capture,1,in-loop,0,"0(off,",51,LOCAL_QP_ERR,5/0xf5,0x05,0xd,117,4,1,0,0,0x0,0,0x0,-1,1441955087.618,1441955087.672,1441955087.753,recovery not enabled (classification run),LOCAL_QP_ERR,0,,,3,51,0,0,1,9,51,1099511627776,51,52,51:cancelled:0:sig=1099511627776/52,1,,,+0x2124a00,+0x2164a00,+0x21a4a00,-0x0,+0x0,+0x0/0,56623104,,1,17.5,0,1,25.6,0,first barrier returned,first barrier returned,,,0,52
F1_blocking_ft1_rec0_csent_d200_t22,F1,blocking,22,1,0,,,,,,,,200,200,1,nvft2_drv,995475344165,e0d6fd1bd841,2eeda7780487,3,9,0,0,2026-09-25,capture,1,in-loop,0,"0(off,",51,LOCAL_QP_ERR,5/0xf5,0x05,0xd,117,4,1,0,0,0x0,0,0x0,-1,1441972749.400,1441972749.482,1441972749.547,recovery not enabled (classification run),LOCAL_QP_ERR,0,,,3,51,0,0,1,9,51,1099511627776,51,52,51:cancelled:0:sig=1099511627776/52,1,,,+0x2124a00,+0x2164a00,+0x21a4a00,-0x0,+0x0,+0x0/0,56623104,,1,17.4,0,1,25.7,0,first barrier returned,first barrier returned,,,0,52
F1_blocking_ft1_rec0_csent_d200_t23,F1,blocking,23,1,0,,,,,,,,200,200,1,nvft2_drv,995475344165,e0d6fd1bd841,2eeda7780487,3,9,0,0,2026-09-25,capture,1,in-loop,0,"0(off,",51,LOCAL_QP_ERR,5/0xf5,0x05,0xd,117,4,1,0,0,0x0,0,0x0,-1,1441990296.847,1441990296.922,1441990296.962,recovery not enabled (classification run),LOCAL_QP_ERR,0,,,3,51,0,0,1,9,51,1099511627776,51,52,51:cancelled:0:sig=1099511627776/52,1,,,+0x2124a00,+0x2164a00,+0x21a4a00,-0x0,+0x0,+0x0/0,56623104,,1,17.4,0,1,26.0,0,first barrier returned,first barrier returned,,,0,52
F1_blocking_ft1_rec0_csent_d200_t24,F1,blocking,24,1,0,,,,,,,,200,200,1,nvft2_drv,995475344165,e0d6fd1bd841,2eeda7780487,3,9,0,0,2026-09-25,capture,1,in-loop,0,"0(off,",51,LOCAL_QP_ERR,5/0xf5,0x05,0xd,117,4,1,0,0,0x0,0,0x0,-1,1442007904.248,1442007904.285,1442007904.432,recovery not enabled (classification run),LOCAL_QP_ERR,0,,,3,51,0,0,1,9,51,1099511627776,51,52,51:cancelled:0:sig=1099511627776/52,1,,,+0x2124a00,+0x2164a00,+0x21a4a00,-0x0,+0x0,+0x0/0,56623104,,1,17.2,0,1,25.8,0,first barrier returned,first barrier returned,,,0,52
F1_blocking_ft1_rec0_csent_d200_t25,F1,blocking,25,1,0,,,,,,,,200,200,1,nvft2_drv,995475344165,e0d6fd1bd841,2eeda7780487,3,9,0,0,2026-09-25,capture,1,in-loop,0,"0(off,",51,LOCAL_QP_ERR,5/0xf5,0x05,0xd,117,4,1,0,0,0x0,0,0x0,-1,1442025590.160,1442025590.219,1442025590.329,recovery not enabled (classification run),LOCAL_QP_ERR,0,,,3,51,0,0,1,9,51,1099511627776,51,52,51:cancelled:0:sig=1099511627776/52,1,,,+0x2124a00,+0x2164a00,+0x21a4a00,-0x0,+0x0,+0x0/0,56623104,,1,17.3,0,1,25.2,0,first barrier returned,first barrier returned,,,0,52
F1_blocking_ft1_rec0_csent_d200_t26,F1,blocking,26,1,0,,,,,,,,200,200,1,nvft2_drv,995475344165,e0d6fd1bd841,2eeda7780487,3,9,0,0,2026-09-25,capture,1,in-loop,0,"0(off,",51,LOCAL_QP_ERR,5/0xf5,0x05,0xd,117,4,1,0,0,0x0,0,0x0,-1,1442043202.651,1442043202.707,1442043202.791,recovery not enabled (classification run),LOCAL_QP_ERR,0,,,3,51,0,0,1,9,51,1099511627776,51,52,51:cancelled:0:sig=1099511627776/52,1,,,+0x2124a00,+0x2164a00,+0x21a4a00,-0x0,+0x0,+0x0/0,56623104,,1,17.3,0,1,25.4,0,first barrier returned,first barrier returned,,,0,52
F1_blocking_ft1_rec0_csent_d200_t27,F1,blocking,27,1,0,,,,,,,,200,200,1,nvft2_drv,995475344165,e0d6fd1bd841,2eeda7780487,3,9,0,0,2026-09-25,capture,1,in-loop,0,"0(off,",51,LOCAL_QP_ERR,5/0xf5,0x05,0xd,117,4,1,0,0,0x0,0,0x0,-1,1442060824.134,1442060824.182,1442060824.293,recovery not enabled (classification run),LOCAL_QP_ERR,0,,,3,51,0,0,1,9,51,1099511627776,51,52,51:cancelled:0:sig=1099511627776/52,1,,,+0x2124a00,+0x2164a00,+0x21a4a00,-0x0,+0x0,+0x0/0,56623104,,1,17.3,0,1,25.7,0,first barrier returned,first barrier returned,,,0,52
F1_blocking_ft1_rec0_csent_d200_t28,F1,blocking,28,1,0,,,,,,,,200,200,1,nvft2_drv,995475344165,e0d6fd1bd841,2eeda7780487,3,9,0,0,2026-09-25,capture,1,in-loop,0,"0(off,",51,LOCAL_QP_ERR,5/0xf5,0x05,0xd,117,4,1,0,0,0x0,0,0x0,-1,1442078525.951,1442078525.979,1442078526.113,recovery not enabled (classification run),LOCAL_QP_ERR,0,,,3,51,0,0,1,9,51,1099511627776,51,52,51:cancelled:0:sig=1099511627776/52,1,,,+0x2124a00,+0x2164a00,+0x21a4a00,-0x0,+0x0,+0x0/0,56623104,,1,17.2,0,1,26.0,0,first barrier returned,first barrier returned,,,0,52
F1_blocking_ft1_rec0_csent_d200_t29,F1,blocking,29,1,0,,,,,,,,200,200,1,nvft2_drv,995475344165,e0d6fd1bd841,2eeda7780487,3,9,0,0,2026-09-25,capture,1,in-loop,0,"0(off,",51,LOCAL_QP_ERR,5/0xf5,0x05,0xd,117,4,1,0,0,0x0,0,0x0,-1,1442096081.524,1442096081.532,1442096081.705,recovery not enabled (classification run),LOCAL_QP_ERR,0,,,3,51,0,0,1,9,51,1099511627776,51,52,51:cancelled:0:sig=1099511627776/52,1,,,+0x2124a00,+0x2164a00,+0x21a4a00,-0x0,+0x0,+0x0/0,56623104,,1,17.2,0,1,25.9,0,first barrier returned,first barrier returned,,,0,52
F1_blocking_ft1_rec0_csent_d200_t3,F1,blocking,3,1,0,,,,,,,,200,200,1,nvft2_drv,995475344165,e0d6fd1bd841,2eeda7780487,3,9,0,0,2026-09-25,capture,1,in-loop,0,"0(off,",51,LOCAL_QP_ERR,5/0xf5,0x05,0xd,117,4,1,0,0,0x0,0,0x0,-1,1441637901.108,1441637901.204,1441637901.266,recovery not enabled (classification run),LOCAL_QP_ERR,0,,,3,51,0,0,1,9,51,1099511627776,51,52,51:cancelled:0:sig=1099511627776/52,1,,,+0x2124a00,+0x2164a00,+0x21a4a00,-0x0,+0x0,+0x0/0,56623104,,1,17.2,0,1,25.2,0,first barrier returned,first barrier returned,,,0,52
F1_blocking_ft1_rec0_csent_d200_t30,F1,blocking,30,1,0,,,,,,,,200,200,1,nvft2_drv,995475344165,e0d6fd1bd841,2eeda7780487,3,9,0,0,2026-09-25,capture,1,in-loop,0,"0(off,",51,LOCAL_QP_ERR,5/0xf5,0x05,0xd,117,4,1,0,0,0x0,0,0x0,-1,1442113663.947,1442113664.056,1442113664.114,recovery not enabled (classification run),LOCAL_QP_ERR,0,,,3,51,0,0,1,9,51,1099511627776,51,52,51:cancelled:0:sig=1099511627776/52,1,,,+0x2124a00,+0x2164a00,+0x21a4a00,-0x0,+0x0,+0x0/0,56623104,,1,17.4,0,1,25.3,0,first barrier returned,first barrier returned,,,0,52
F1_blocking_ft1_rec0_csent_d200_t4,F1,blocking,4,1,0,,,,,,,,200,200,1,nvft2_drv,995475344165,e0d6fd1bd841,2eeda7780487,3,9,0,0,2026-09-25,capture,1,in-loop,0,"0(off,",51,LOCAL_QP_ERR,5/0xf5,0x05,0xd,117,4,1,0,0,0x0,0,0x0,-1,1441655413.753,1441655413.838,1441655413.896,recovery not enabled (classification run),LOCAL_QP_ERR,0,,,3,51,0,0,1,9,51,1099511627776,51,52,51:cancelled:0:sig=1099511627776/52,1,,,+0x2124a00,+0x2164a00,+0x21a4a00,-0x0,+0x0,+0x0/0,56623104,,1,17.5,0,1,25.2,0,first barrier returned,first barrier returned,,,0,52
F1_blocking_ft1_rec0_csent_d200_t5,F1,blocking,5,1,0,,,,,,,,200,200,1,nvft2_drv,995475344165,e0d6fd1bd841,2eeda7780487,3,9,0,0,2026-09-25,capture,1,in-loop,0,"0(off,",51,LOCAL_QP_ERR,5/0xf5,0x05,0xd,117,4,1,0,0,0x0,0,0x0,-1,1441673000.360,1441673000.387,1441673000.547,recovery not enabled (classification run),LOCAL_QP_ERR,0,,,3,51,0,0,1,9,51,1099511627776,51,52,51:cancelled:0:sig=1099511627776/52,1,,,+0x2124a00,+0x2164a00,+0x21a4a00,-0x0,+0x0,+0x0/0,56623104,,1,17.3,0,1,25.2,0,first barrier returned,first barrier returned,,,0,52
F1_blocking_ft1_rec0_csent_d200_t6,F1,blocking,6,1,0,,,,,,,,200,200,1,nvft2_drv,995475344165,e0d6fd1bd841,2eeda7780487,3,9,0,0,2026-09-25,capture,1,in-loop,0,"0(off,",51,LOCAL_QP_ERR,5/0xf5,0x05,0xd,117,4,1,0,0,0x0,0,0x0,-1,1441690684.649,1441690684.671,1441690684.830,recovery not enabled (classification run),LOCAL_QP_ERR,0,,,3,51,0,0,1,9,51,1099511627776,51,52,51:cancelled:0:sig=1099511627776/52,1,,,+0x2124a00,+0x2164a00,+0x21a4a00,-0x0,+0x0,+0x0/0,56623104,,1,17.7,0,1,25.6,0,first barrier returned,first barrier returned,,,0,52
F1_blocking_ft1_rec0_csent_d200_t7,F1,blocking,7,1,0,,,,,,,,200,200,1,nvft2_drv,995475344165,e0d6fd1bd841,2eeda7780487,3,9,0,0,2026-09-25,capture,1,in-loop,0,"0(off,",51,LOCAL_QP_ERR,5/0xf5,0x05,0xd,117,4,1,0,0,0x0,0,0x0,-1,1441708422.140,1441708422.245,1441708422.316,recovery not enabled (classification run),LOCAL_QP_ERR,0,,,3,51,0,0,1,9,51,1099511627776,51,52,51:cancelled:0:sig=1099511627776/52,1,,,+0x2124a00,+0x2164a00,+0x21a4a00,-0x0,+0x0,+0x0/0,56623104,,1,17.5,0,1,25.8,0,first barrier returned,first barrier returned,,,0,52
F1_blocking_ft1_rec0_csent_d200_t8,F1,blocking,8,1,0,,,,,,,,200,200,1,nvft2_drv,995475344165,e0d6fd1bd841,2eeda7780487,3,9,0,0,2026-09-25,capture,1,in-loop,0,"0(off,",51,LOCAL_QP_ERR,5/0xf5,0x05,0xd,117,4,1,0,0,0x0,0,0x0,-1,1441726245.924,1441726245.993,1441726246.096,recovery not enabled (classification run),LOCAL_QP_ERR,0,,,3,51,0,0,1,9,51,1099511627776,51,52,51:cancelled:0:sig=1099511627776/52,1,,,+0x2124a00,+0x2164a00,+0x21a4a00,-0x0,+0x0,+0x0/0,56623104,,1,17.4,0,1,25.3,0,first barrier returned,first barrier returned,,,0,52
F1_blocking_ft1_rec0_csent_d200_t9,F1,blocking,9,1,0,,,,,,,,200,200,1,nvft2_drv,995475344165,e0d6fd1bd841,2eeda7780487,3,9,0,0,2026-09-25,capture,1,in-loop,0,"0(off,",51,LOCAL_QP_ERR,5/0xf5,0x05,0xd,117,4,1,0,0,0x0,0,0x0,-1,1441743953.337,1441743953.430,1441743953.492,recovery not enabled (classification run),LOCAL_QP_ERR,0,,,3,51,0,0,1,9,51,1099511627776,51,52,51:cancelled:0:sig=1099511627776/52,1,,,+0x2124a00,+0x2164a00,+0x21a4a00,-0x0,+0x0,+0x0/0,56623104,,1,17.4,0,1,25.3,0,first barrier returned,first barrier returned,,,0,52
F2b_blocking_ft1_rec0_cloop_d2000_t1,F2b,blocking,1,1,0,,,,,,,,2000,,1,nvft2_drv,995475344165,e0d6fd1bd841,2eeda7780487,3,9,0,0,2026-09-25,capture,1,in-loop,0,"0(off,",4,FLUSH_TRAILING,5/0xf9,0x05,0xd,24,1,1,0,0,0x0,0,0x0,-1,1441612972.476,1441612972.568,1441612972.492,recovery not enabled (classification run),FLUSH_TRAILING,0,,,3,4,0,0,1,9,4,1099511627776,4,5,4:cancelled:0:sig=1099511627776/5,1,,,+0x2124a00,+0x2164a00,+0x21a4a00,-0x0,+0x0,+0x0/0,56623104,,1,19.2,0,1,25.1,0,first barrier returned,first barrier returned,,,0,5
F2b_blocking_ft1_rec0_cloop_d2000_t10,F2b,blocking,10,1,0,,,,,,,,2000,,1,nvft2_drv,995475344165,e0d6fd1bd841,2eeda7780487,3,9,0,0,2026-09-25,capture,1,in-loop,0,"0(off,",4,FLUSH_TRAILING,5/0xf9,0x05,0xd,24,1,1,0,0,0x0,0,0x0,-1,1441771848.754,1441771848.794,1441771848.771,recovery not enabled (classification run),FLUSH_TRAILING,0,,,3,4,0,0,1,9,4,1099511627776,4,5,4:cancelled:0:sig=1099511627776/5,1,,,+0x2124a00,+0x2164a00,+0x21a4a00,-0x0,+0x0,+0x0/0,56623104,,1,18.8,0,1,25.3,0,first barrier returned,first barrier returned,,,0,5
F2b_blocking_ft1_rec0_cloop_d2000_t11,F2b,blocking,11,1,0,,,,,,,,2000,,1,nvft2_drv,995475344165,e0d6fd1bd841,2eeda7780487,3,9,0,0,2026-09-25,capture,1,in-loop,0,"0(off,",4,FLUSH_TRAILING,5/0xf9,0x05,0xd,24,1,1,0,0,0x0,0,0x0,-1,1441789435.293,1441789435.341,1441789435.310,recovery not enabled (classification run),FLUSH_TRAILING,0,,,3,4,0,0,1,9,4,1099511627776,4,5,4:cancelled:0:sig=1099511627776/5,1,,,+0x2124a00,+0x2164a00,+0x21a4a00,-0x0,+0x0,+0x0/0,56623104,,1,18.8,0,1,25.2,0,first barrier returned,first barrier returned,,,0,5
F2b_blocking_ft1_rec0_cloop_d2000_t12,F2b,blocking,12,1,0,,,,,,,,2000,,1,nvft2_drv,995475344165,e0d6fd1bd841,2eeda7780487,3,9,0,0,2026-09-25,capture,1,in-loop,0,"0(off,",4,FLUSH_TRAILING,5/0xf9,0x05,0xd,24,1,1,0,0,0x0,0,0x0,-1,1441806908.075,1441806908.158,1441806908.091,recovery not enabled (classification run),FLUSH_TRAILING,0,,,3,4,0,0,1,9,4,1099511627776,4,5,4:cancelled:0:sig=1099511627776/5,1,,,+0x2124a00,+0x2164a00,+0x21a4a00,-0x0,+0x0,+0x0/0,56623104,,1,18.9,0,1,25.4,0,first barrier returned,first barrier returned,,,0,5
F2b_blocking_ft1_rec0_cloop_d2000_t13,F2b,blocking,13,1,0,,,,,,,,2000,,1,nvft2_drv,995475344165,e0d6fd1bd841,2eeda7780487,3,9,0,0,2026-09-25,capture,1,in-loop,0,"0(off,",4,FLUSH_TRAILING,5/0xf9,0x05,0xd,24,1,1,0,0,0x0,0,0x0,-1,1441824416.412,1441824416.461,1441824416.428,recovery not enabled (classification run),FLUSH_TRAILING,0,,,3,4,0,0,1,9,4,1099511627776,4,5,4:cancelled:0:sig=1099511627776/5,1,,,+0x2124a00,+0x2164a00,+0x21a4a00,-0x0,+0x0,+0x0/0,56623104,,1,18.6,0,1,25.1,0,first barrier returned,first barrier returned,,,0,5
F2b_blocking_ft1_rec0_cloop_d2000_t14,F2b,blocking,14,1,0,,,,,,,,2000,,1,nvft2_drv,995475344165,e0d6fd1bd841,2eeda7780487,3,9,0,0,2026-09-25,capture,1,in-loop,0,"0(off,",4,FLUSH_TRAILING,5/0xf9,0x05,0xd,24,1,1,0,0,0x0,0,0x0,-1,1441841999.641,1441841999.749,1441841999.657,recovery not enabled (classification run),FLUSH_TRAILING,0,,,3,4,0,0,1,9,4,1099511627776,4,5,4:cancelled:0:sig=1099511627776/5,1,,,+0x2124a00,+0x2164a00,+0x21a4a00,-0x0,+0x0,+0x0/0,56623104,,1,19.0,0,1,25.4,0,first barrier returned,first barrier returned,,,0,5
F2b_blocking_ft1_rec0_cloop_d2000_t15,F2b,blocking,15,1,0,,,,,,,,2000,,1,nvft2_drv,995475344165,e0d6fd1bd841,2eeda7780487,3,9,0,0,2026-09-25,capture,1,in-loop,0,"0(off,",4,FLUSH_TRAILING,5/0xf9,0x05,0xd,24,1,1,0,0,0x0,0,0x0,-1,1441859629.319,1441859629.381,1441859629.335,recovery not enabled (classification run),FLUSH_TRAILING,0,,,3,4,0,0,1,9,4,1099511627776,4,5,4:cancelled:0:sig=1099511627776/5,1,,,+0x2124a00,+0x2164a00,+0x21a4a00,-0x0,+0x0,+0x0/0,56623104,,1,19.2,0,1,25.3,0,first barrier returned,first barrier returned,,,0,5
F2b_blocking_ft1_rec0_cloop_d2000_t16,F2b,blocking,16,1,0,,,,,,,,2000,,1,nvft2_drv,995475344165,e0d6fd1bd841,2eeda7780487,3,9,0,0,2026-09-25,capture,1,in-loop,0,"0(off,",4,FLUSH_TRAILING,5/0xf9,0x05,0xd,24,1,1,0,0,0x0,0,0x0,-1,1441877244.143,1441877244.183,1441877244.158,recovery not enabled (classification run),FLUSH_TRAILING,0,,,3,4,0,0,1,9,4,1099511627776,4,5,4:cancelled:0:sig=1099511627776/5,1,,,+0x2124a00,+0x2164a00,+0x21a4a00,-0x0,+0x0,+0x0/0,56623104,,1,18.7,0,1,25.1,0,first barrier returned,first barrier returned,,,0,5
F2b_blocking_ft1_rec0_cloop_d2000_t17,F2b,blocking,17,1,0,,,,,,,,2000,,1,nvft2_drv,995475344165,e0d6fd1bd841,2eeda7780487,3,9,0,0,2026-09-25,capture,1,in-loop,0,"0(off,",4,FLUSH_TRAILING,5/0xf9,0x05,0xd,24,1,1,0,0,0x0,0,0x0,-1,1441894820.396,1441894820.464,1441894820.411,recovery not enabled (classification run),FLUSH_TRAILING,0,,,3,4,0,0,1,9,4,1099511627776,4,5,4:cancelled:0:sig=1099511627776/5,1,,,+0x2124a00,+0x2164a00,+0x21a4a00,-0x0,+0x0,+0x0/0,56623104,,1,18.6,0,1,25.3,0,first barrier returned,first barrier returned,,,0,5
F2b_blocking_ft1_rec0_cloop_d2000_t18,F2b,blocking,18,1,0,,,,,,,,2000,,1,nvft2_drv,995475344165,e0d6fd1bd841,2eeda7780487,3,9,0,0,2026-09-25,capture,1,in-loop,0,"0(off,",4,FLUSH_TRAILING,5/0xf9,0x05,0xd,24,1,1,0,0,0x0,0,0x0,-1,1441912478.163,1441912478.222,1441912478.179,recovery not enabled (classification run),FLUSH_TRAILING,0,,,3,4,0,0,1,9,4,1099511627776,4,5,4:cancelled:0:sig=1099511627776/5,1,,,+0x2124a00,+0x2164a00,+0x21a4a00,-0x0,+0x0,+0x0/0,56623104,,1,19.0,0,1,25.2,0,first barrier returned,first barrier returned,,,0,5
F2b_blocking_ft1_rec0_cloop_d2000_t19,F2b,blocking,19,1,0,,,,,,,,2000,,1,nvft2_drv,995475344165,e0d6fd1bd841,2eeda7780487,3,9,0,0,2026-09-25,capture,1,in-loop,0,"0(off,",4,FLUSH_TRAILING,5/0xf9,0x05,0xd,24,1,1,0,0,0x0,0,0x0,-1,1441930099.350,1441930099.369,1441930099.365,recovery not enabled (classification run),FLUSH_TRAILING,0,,,3,4,0,0,1,9,4,1099511627776,4,5,4:cancelled:0:sig=1099511627776/5,1,,,+0x2124a00,+0x2164a00,+0x21a4a00,-0x0,+0x0,+0x0/0,56623104,,1,18.9,0,1,25.2,0,first barrier returned,first barrier returned,,,0,5
F2b_blocking_ft1_rec0_cloop_d2000_t2,F2b,blocking,2,1,0,,,,,,,,2000,,1,nvft2_drv,995475344165,e0d6fd1bd841,2eeda7780487,3,9,0,0,2026-09-25,capture,1,in-loop,0,"0(off,",4,FLUSH_TRAILING,5/0xf9,0x05,0xd,24,1,1,0,0,0x0,0,0x0,-1,1441630527.068,1441630527.113,1441630527.084,recovery not enabled (classification run),FLUSH_TRAILING,0,,,3,4,0,0,1,9,4,1099511627776,4,5,4:cancelled:0:sig=1099511627776/5,1,,,+0x2124a00,+0x2164a00,+0x21a4a00,-0x0,+0x0,+0x0/0,56623104,,1,18.7,0,1,25.1,0,first barrier returned,first barrier returned,,,0,5
F2b_blocking_ft1_rec0_cloop_d2000_t20,F2b,blocking,20,1,0,,,,,,,,2000,,1,nvft2_drv,995475344165,e0d6fd1bd841,2eeda7780487,3,9,0,0,2026-09-25,capture,1,in-loop,0,"0(off,",4,FLUSH_TRAILING,5/0xf9,0x05,0xd,24,1,1,0,0,0x0,0,0x0,-1,1441947761.065,1441947761.174,1441947761.081,recovery not enabled (classification run),FLUSH_TRAILING,0,,,3,4,0,0,1,9,4,1099511627776,4,5,4:cancelled:0:sig=1099511627776/5,1,,,+0x2124a00,+0x2164a00,+0x21a4a00,-0x0,+0x0,+0x0/0,56623104,,1,19.0,0,1,25.2,0,first barrier returned,first barrier returned,,,0,5
F2b_blocking_ft1_rec0_cloop_d2000_t21,F2b,blocking,21,1,0,,,,,,,,2000,,1,nvft2_drv,995475344165,e0d6fd1bd841,2eeda7780487,3,9,0,0,2026-09-25,capture,1,in-loop,0,"0(off,",4,FLUSH_TRAILING,5/0xf9,0x05,0xd,24,1,1,0,0,0x0,0,0x0,-1,1441965308.396,1441965308.487,1441965308.411,recovery not enabled (classification run),FLUSH_TRAILING,0,,,3,4,0,0,1,9,4,1099511627776,4,5,4:cancelled:0:sig=1099511627776/5,1,,,+0x2124a00,+0x2164a00,+0x21a4a00,-0x0,+0x0,+0x0/0,56623104,,1,18.9,0,1,25.3,0,first barrier returned,first barrier returned,,,0,5
F2b_blocking_ft1_rec0_cloop_d2000_t22,F2b,blocking,22,1,0,,,,,,,,2000,,1,nvft2_drv,995475344165,e0d6fd1bd841,2eeda7780487,3,9,0,0,2026-09-25,capture,1,in-loop,0,"0(off,",4,FLUSH_TRAILING,5/0xf9,0x05,0xd,24,1,1,0,0,0x0,0,0x0,-1,1441982968.300,1441982968.385,1441982968.315,recovery not enabled (classification run),FLUSH_TRAILING,0,,,3,4,0,0,1,9,4,1099511627776,4,5,4:cancelled:0:sig=1099511627776/5,1,,,+0x2124a00,+0x2164a00,+0x21a4a00,-0x0,+0x0,+0x0/0,56623104,,1,18.6,0,1,25.2,0,first barrier returned,first barrier returned,,,0,5
F2b_blocking_ft1_rec0_cloop_d2000_t23,F2b,blocking,23,1,0,,,,,,,,2000,,1,nvft2_drv,995475344165,e0d6fd1bd841,2eeda7780487,3,9,0,0,2026-09-25,capture,1,in-loop,0,"0(off,",4,FLUSH_TRAILING,5/0xf9,0x05,0xd,24,1,1,0,0,0x0,0,0x0,-1,1442000576.112,1442000576.208,1442000576.128,recovery not enabled (classification run),FLUSH_TRAILING,0,,,3,4,0,0,1,9,4,1099511627776,4,5,4:cancelled:0:sig=1099511627776/5,1,,,+0x2124a00,+0x2164a00,+0x21a4a00,-0x0,+0x0,+0x0/0,56623104,,1,19.3,0,1,25.2,0,first barrier returned,first barrier returned,,,0,5
F2b_blocking_ft1_rec0_cloop_d2000_t24,F2b,blocking,24,1,0,,,,,,,,2000,,1,nvft2_drv,995475344165,e0d6fd1bd841,2eeda7780487,3,9,0,0,2026-09-25,capture,1,in-loop,0,"0(off,",4,FLUSH_TRAILING,5/0xf9,0x05,0xd,24,1,1,0,0,0x0,0,0x0,-1,1442018200.474,1442018200.514,1442018200.491,recovery not enabled (classification run),FLUSH_TRAILING,0,,,3,4,0,0,1,9,4,1099511627776,4,5,4:cancelled:0:sig=1099511627776/5,1,,,+0x2124a00,+0x2164a00,+0x21a4a00,-0x0,+0x0,+0x0/0,56623104,,1,18.9,0,1,26.9,0,first barrier returned,first barrier returned,,,0,5
F2b_blocking_ft1_rec0_cloop_d2000_t25,F2b,blocking,25,1,0,,,,,,,,2000,,1,nvft2_drv,995475344165,e0d6fd1bd841,2eeda7780487,3,9,0,0,2026-09-25,capture,1,in-loop,0,"0(off,",4,FLUSH_TRAILING,5/0xf9,0x05,0xd,24,1,1,0,0,0x0,0,0x0,-1,1442035836.202,1442035836.260,1442035836.218,recovery not enabled (classification run),FLUSH_TRAILING,0,,,3,4,0,0,1,9,4,1099511627776,4,5,4:cancelled:0:sig=1099511627776/5,1,,,+0x2124a00,+0x2164a00,+0x21a4a00,-0x0,+0x0,+0x0/0,56623104,,1,18.8,0,1,25.2,0,first barrier returned,first barrier returned,,,0,5
F2b_blocking_ft1_rec0_cloop_d2000_t26,F2b,blocking,26,1,0,,,,,,,,2000,,1,nvft2_drv,995475344165,e0d6fd1bd841,2eeda7780487,3,9,0,0,2026-09-25,capture,1,in-loop,0,"0(off,",4,FLUSH_TRAILING,5/0xf9,0x05,0xd,24,1,1,0,0,0x0,0,0x0,-1,1442053455.445,1442053455.520,1442053455.461,recovery not enabled (classification run),FLUSH_TRAILING,0,,,3,4,0,0,1,9,4,1099511627776,4,5,4:cancelled:0:sig=1099511627776/5,1,,,+0x2124a00,+0x2164a00,+0x21a4a00,-0x0,+0x0,+0x0/0,56623104,,1,18.8,0,1,25.1,0,first barrier returned,first barrier returned,,,0,5
F2b_blocking_ft1_rec0_cloop_d2000_t27,F2b,blocking,27,1,0,,,,,,,,2000,,1,nvft2_drv,995475344165,e0d6fd1bd841,2eeda7780487,3,9,0,0,2026-09-25,capture,1,in-loop,0,"0(off,",4,FLUSH_TRAILING,5/0xf9,0x05,0xd,24,1,1,0,0,0x0,0,0x0,-1,1442071144.744,1442071144.794,1442071144.760,recovery not enabled (classification run),FLUSH_TRAILING,0,,,3,4,0,0,1,9,4,1099511627776,4,5,4:cancelled:0:sig=1099511627776/5,1,,,+0x2124a00,+0x2164a00,+0x21a4a00,-0x0,+0x0,+0x0/0,56623104,,1,18.8,0,1,25.1,0,first barrier returned,first barrier returned,,,0,5
F2b_blocking_ft1_rec0_cloop_d2000_t28,F2b,blocking,28,1,0,,,,,,,,2000,,1,nvft2_drv,995475344165,e0d6fd1bd841,2eeda7780487,3,9,0,0,2026-09-25,capture,1,in-loop,0,"0(off,",4,FLUSH_TRAILING,5/0xf9,0x05,0xd,24,1,1,0,0,0x0,0,0x0,-1,1442088760.856,1442088760.921,1442088760.872,recovery not enabled (classification run),FLUSH_TRAILING,0,,,3,4,0,0,1,9,4,1099511627776,4,5,4:cancelled:0:sig=1099511627776/5,1,,,+0x2124a00,+0x2164a00,+0x21a4a00,-0x0,+0x0,+0x0/0,56623104,,1,18.7,0,1,25.4,0,first barrier returned,first barrier returned,,,0,5
F2b_blocking_ft1_rec0_cloop_d2000_t29,F2b,blocking,29,1,0,,,,,,,,2000,,1,nvft2_drv,995475344165,e0d6fd1bd841,2eeda7780487,3,9,0,0,2026-09-25,capture,1,in-loop,0,"0(off,",4,FLUSH_TRAILING,5/0xf9,0x05,0xd,24,1,1,0,0,0x0,0,0x0,-1,1442106300.817,1442106300.897,1442106300.835,recovery not enabled (classification run),FLUSH_TRAILING,0,,,3,4,0,0,1,9,4,1099511627776,4,5,4:cancelled:0:sig=1099511627776/5,1,,,+0x2124a00,+0x2164a00,+0x21a4a00,-0x0,+0x0,+0x0/0,56623104,,1,18.7,0,1,25.1,0,first barrier returned,first barrier returned,,,0,5
F2b_blocking_ft1_rec0_cloop_d2000_t3,F2b,blocking,3,1,0,,,,,,,,2000,,1,nvft2_drv,995475344165,e0d6fd1bd841,2eeda7780487,3,9,0,0,2026-09-25,capture,1,in-loop,0,"0(off,",4,FLUSH_TRAILING,5/0xf9,0x05,0xd,24,1,1,0,0,0x0,0,0x0,-1,1441648097.092,1441648097.125,1441648097.109,recovery not enabled (classification run),FLUSH_TRAILING,0,,,3,4,0,0,1,9,4,1099511627776,4,5,4:cancelled:0:sig=1099511627776/5,1,,,+0x2124a00,+0x2164a00,+0x21a4a00,-0x0,+0x0,+0x0/0,56623104,,1,19.2,0,1,25.3,0,first barrier returned,first barrier returned,,,0,5
F2b_blocking_ft1_rec0_cloop_d2000_t30,F2b,blocking,30,1,0,,,,,,,,2000,,1,nvft2_drv,995475344165,e0d6fd1bd841,2eeda7780487,3,9,0,0,2026-09-25,capture,1,in-loop,0,"0(off,",4,FLUSH_TRAILING,5/0xf9,0x05,0xd,24,1,1,0,0,0x0,0,0x0,-1,1442123840.877,1442123840.921,1442123840.892,recovery not enabled (classification run),FLUSH_TRAILING,0,,,3,4,0,0,1,9,4,1099511627776,4,5,4:cancelled:0:sig=1099511627776/5,1,,,+0x2124a00,+0x2164a00,+0x21a4a00,-0x0,+0x0,+0x0/0,56623104,,1,18.9,0,1,25.3,0,first barrier returned,first barrier returned,,,0,5
F2b_blocking_ft1_rec0_cloop_d2000_t4,F2b,blocking,4,1,0,,,,,,,,2000,,1,nvft2_drv,995475344165,e0d6fd1bd841,2eeda7780487,3,9,0,0,2026-09-25,capture,1,in-loop,0,"0(off,",4,FLUSH_TRAILING,5/0xf9,0x05,0xd,24,1,1,0,0,0x0,0,0x0,-1,1441665680.309,1441665680.387,1441665680.327,recovery not enabled (classification run),FLUSH_TRAILING,0,,,3,4,0,0,1,9,4,1099511627776,4,5,4:cancelled:0:sig=1099511627776/5,1,,,+0x2124a00,+0x2164a00,+0x21a4a00,-0x0,+0x0,+0x0/0,56623104,,1,18.8,0,1,25.0,0,first barrier returned,first barrier returned,,,0,5
F2b_blocking_ft1_rec0_cloop_d2000_t5,F2b,blocking,5,1,0,,,,,,,,2000,,1,nvft2_drv,995475344165,e0d6fd1bd841,2eeda7780487,3,9,0,0,2026-09-25,capture,1,in-loop,0,"0(off,",4,FLUSH_TRAILING,5/0xf9,0x05,0xd,24,1,1,0,0,0x0,0,0x0,-1,1441683222.188,1441683222.246,1441683222.205,recovery not enabled (classification run),FLUSH_TRAILING,0,,,3,4,0,0,1,9,4,1099511627776,4,5,4:cancelled:0:sig=1099511627776/5,1,,,+0x2124a00,+0x2164a00,+0x21a4a00,-0x0,+0x0,+0x0/0,56623104,,1,19.3,0,1,25.3,0,first barrier returned,first barrier returned,,,0,5
F2b_blocking_ft1_rec0_cloop_d2000_t6,F2b,blocking,6,1,0,,,,,,,,2000,,1,nvft2_drv,995475344165,e0d6fd1bd841,2eeda7780487,3,9,0,0,2026-09-25,capture,1,in-loop,0,"0(off,",4,FLUSH_TRAILING,5/0xf9,0x05,0xd,24,1,1,0,0,0x0,0,0x0,-1,1441701033.253,1441701033.337,1441701033.269,recovery not enabled (classification run),FLUSH_TRAILING,0,,,3,4,0,0,1,9,4,1099511627776,4,5,4:cancelled:0:sig=1099511627776/5,1,,,+0x2124a00,+0x2164a00,+0x21a4a00,-0x0,+0x0,+0x0/0,56623104,,1,19.5,0,1,25.4,0,first barrier returned,first barrier returned,,,0,5
F2b_blocking_ft1_rec0_cloop_d2000_t7,F2b,blocking,7,1,0,,,,,,,,2000,,1,nvft2_drv,995475344165,e0d6fd1bd841,2eeda7780487,3,9,0,0,2026-09-25,capture,1,in-loop,0,"0(off,",4,FLUSH_TRAILING,5/0xf9,0x05,0xd,24,1,1,0,0,0x0,0,0x0,-1,1441718813.557,1441718813.610,1441718813.573,recovery not enabled (classification run),FLUSH_TRAILING,0,,,3,4,0,0,1,9,4,1099511627776,4,5,4:cancelled:0:sig=1099511627776/5,1,,,+0x2124a00,+0x2164a00,+0x21a4a00,-0x0,+0x0,+0x0/0,56623104,,1,19.0,0,1,25.5,0,first barrier returned,first barrier returned,,,0,5
F2b_blocking_ft1_rec0_cloop_d2000_t8,F2b,blocking,8,1,0,,,,,,,,2000,,1,nvft2_drv,995475344165,e0d6fd1bd841,2eeda7780487,3,9,0,0,2026-09-25,capture,1,in-loop,0,"0(off,",4,FLUSH_TRAILING,5/0xf9,0x05,0xd,24,1,1,0,0,0x0,0,0x0,-1,1441736583.527,1441736583.571,1441736583.543,recovery not enabled (classification run),FLUSH_TRAILING,0,,,3,4,0,0,1,9,4,1099511627776,4,5,4:cancelled:0:sig=1099511627776/5,1,,,+0x2124a00,+0x2164a00,+0x21a4a00,-0x0,+0x0,+0x0/0,56623104,,1,18.9,0,1,25.2,0,first barrier returned,first barrier returned,,,0,5
F2b_blocking_ft1_rec0_cloop_d2000_t9,F2b,blocking,9,1,0,,,,,,,,2000,,1,nvft2_drv,995475344165,e0d6fd1bd841,2eeda7780487,3,9,0,0,2026-09-25,capture,1,in-loop,0,"0(off,",4,FLUSH_TRAILING,5/0xf9,0x05,0xd,24,1,1,0,0,0x0,0,0x0,-1,1441754237.790,1441754237.838,1441754237.806,recovery not enabled (classification run),FLUSH_TRAILING,0,,,3,4,0,0,1,9,4,1099511627776,4,5,4:cancelled:0:sig=1099511627776/5,1,,,+0x2124a00,+0x2164a00,+0x21a4a00,-0x0,+0x0,+0x0/0,56623104,,1,18.8,0,1,25.1,0,first barrier returned,first barrier returned,,,0,5
F2b_blocking_ft1_rec0_cring_d2000_t1,F2b,blocking,1,1,0,1,,,,,,,2000,,1,nvft2_drv,995475344165,e0d6fd1bd841,2eeda7780487,3,9,0,0,2026-09-25,capture,1,ring-walk,1,"0(off,",4,REM_ACCESS,10/0x88,0x13,0xd,23,1,1,9,0,0x0,0,0x0,-1,1441615907.904,1441615907.927,1441615907.917,recovery not enabled (classification run),REM_ACCESS,0,,,3,4,0,0,1,9,4,1099511627776,4,5,4:cancelled:0:sig=1099511627776/5,1,,,+0x2124a00,+0x2164a00,+0x21a4a00,-0x0,+0x0,+0x0/0,56623104,,1,17.0,0,1,25.1,0,first barrier returned,first barrier returned,,,0,5
F2b_blocking_ft1_rec0_cring_d2000_t10,F2b,blocking,10,1,0,1,,,,,,,2000,,1,nvft2_drv,995475344165,e0d6fd1bd841,2eeda7780487,3,9,0,0,2026-09-25,capture,1,ring-walk,1,"0(off,",4,REM_ACCESS,10/0x88,0x13,0xd,23,1,1,9,0,0x0,0,0x0,-1,1441774835.355,1441774835.368,1441774835.371,recovery not enabled (classification run),REM_ACCESS,0,,,3,4,0,0,1,9,4,1099511627776,4,5,4:cancelled:0:sig=1099511627776/5,1,,,+0x2124a00,+0x2164a00,+0x21a4a00,-0x0,+0x0,+0x0/0,56623104,,1,18.8,0,1,25.3,0,first barrier returned,first barrier returned,,,0,5
F2b_blocking_ft1_rec0_cring_d2000_t11,F2b,blocking,11,1,0,1,,,,,,,2000,,1,nvft2_drv,995475344165,e0d6fd1bd841,2eeda7780487,3,9,0,0,2026-09-25,capture,1,ring-walk,1,"0(off,",4,REM_ACCESS,10/0x88,0x13,0xd,23,1,1,9,0,0x0,0,0x0,-1,1441792380.269,1441792380.299,1441792380.283,recovery not enabled (classification run),REM_ACCESS,0,,,3,4,0,0,1,9,4,1099511627776,4,5,4:cancelled:0:sig=1099511627776/5,1,,,+0x2124a00,+0x2164a00,+0x21a4a00,-0x0,+0x0,+0x0/0,56623104,,1,17.0,0,1,25.3,0,first barrier returned,first barrier returned,,,0,5
F2b_blocking_ft1_rec0_cring_d2000_t12,F2b,blocking,12,1,0,1,,,,,,,2000,,1,nvft2_drv,995475344165,e0d6fd1bd841,2eeda7780487,3,9,0,0,2026-09-25,capture,1,ring-walk,1,"0(off,",4,REM_ACCESS,10/0x88,0x13,0xd,23,1,1,9,0,0x0,0,0x0,-1,1441809822.545,1441809822.602,1441809822.559,recovery not enabled (classification run),REM_ACCESS,0,,,3,4,0,0,1,9,4,1099511627776,4,5,4:cancelled:0:sig=1099511627776/5,1,,,+0x2124a00,+0x2164a00,+0x21a4a00,-0x0,+0x0,+0x0/0,56623104,,1,17.0,0,1,25.3,0,first barrier returned,first barrier returned,,,0,5
F2b_blocking_ft1_rec0_cring_d2000_t13,F2b,blocking,13,1,0,1,,,,,,,2000,,1,nvft2_drv,995475344165,e0d6fd1bd841,2eeda7780487,3,9,0,0,2026-09-25,capture,1,ring-walk,1,"0(off,",4,REM_ACCESS,10/0x88,0x13,0xd,23,1,1,9,0,0x0,0,0x0,-1,1441827347.469,1441827347.572,1441827347.484,recovery not enabled (classification run),REM_ACCESS,0,,,3,4,0,0,1,9,4,1099511627776,4,5,4:cancelled:0:sig=1099511627776/5,1,,,+0x2124a00,+0x2164a00,+0x21a4a00,-0x0,+0x0,+0x0/0,56623104,,1,17.9,0,1,29.1,0,first barrier returned,first barrier returned,,,0,5
F2b_blocking_ft1_rec0_cring_d2000_t14,F2b,blocking,14,1,0,1,,,,,,,2000,,1,nvft2_drv,995475344165,e0d6fd1bd841,2eeda7780487,3,9,0,0,2026-09-25,capture,1,ring-walk,1,"0(off,",4,REM_ACCESS,10/0x88,0x13,0xd,23,1,1,9,0,0x0,0,0x0,-1,1441844980.809,1441844980.819,1441844980.823,recovery not enabled (classification run),REM_ACCESS,0,,,3,4,0,0,1,9,4,1099511627776,4,5,4:cancelled:0:sig=1099511627776/5,1,,,+0x2124a00,+0x2164a00,+0x21a4a00,-0x0,+0x0,+0x0/0,56623104,,1,17.0,0,1,28.8,0,first barrier returned,first barrier returned,,,0,5
F2b_blocking_ft1_rec0_cring_d2000_t15,F2b,blocking,15,1,0,1,,,,,,,2000,,1,nvft2_drv,995475344165,e0d6fd1bd841,2eeda7780487,3,9,0,0,2026-09-25,capture,1,ring-walk,1,"0(off,",4,REM_ACCESS,10/0x88,0x13,0xd,23,1,1,9,0,0x0,0,0x0,-1,1441862582.320,1441862582.418,1441862582.334,recovery not enabled (classification run),REM_ACCESS,0,,,3,4,0,0,1,9,4,1099511627776,4,5,4:cancelled:0:sig=1099511627776/5,1,,,+0x2124a00,+0x2164a00,+0x21a4a00,-0x0,+0x0,+0x0/0,56623104,,1,17.3,0,1,25.3,0,first barrier returned,first barrier returned,,,0,5
F2b_blocking_ft1_rec0_cring_d2000_t16,F2b,blocking,16,1,0,1,,,,,,,2000,,1,nvft2_drv,995475344165,e0d6fd1bd841,2eeda7780487,3,9,0,0,2026-09-25,capture,1,ring-walk,1,"0(off,",4,REM_ACCESS,10/0x88,0x13,0xd,23,1,1,9,0,0x0,0,0x0,-1,1441880235.172,1441880235.214,1441880235.186,recovery not enabled (classification run),REM_ACCESS,0,,,3,4,0,0,1,9,4,1099511627776,4,5,4:cancelled:0:sig=1099511627776/5,1,,,+0x2124a00,+0x2164a00,+0x21a4a00,-0x0,+0x0,+0x0/0,56623104,,1,17.1,0,1,25.1,0,first barrier returned,first barrier returned,,,0,5
F2b_blocking_ft1_rec0_cring_d2000_t17,F2b,blocking,17,1,0,1,,,,,,,2000,,1,nvft2_drv,995475344165,e0d6fd1bd841,2eeda7780487,3,9,0,0,2026-09-25,capture,1,ring-walk,1,"0(off,",4,REM_ACCESS,10/0x88,0x13,0xd,23,1,1,9,0,0x0,0,0x0,-1,1441897784.888,1441897784.971,1441897784.902,recovery not enabled (classification run),REM_ACCESS,0,,,3,4,0,0,1,9,4,1099511627776,4,5,4:cancelled:0:sig=1099511627776/5,1,,,+0x2124a00,+0x2164a00,+0x21a4a00,-0x0,+0x0,+0x0/0,56623104,,1,17.2,0,1,25.2,0,first barrier returned,first barrier returned,,,0,5
F2b_blocking_ft1_rec0_cring_d2000_t18,F2b,blocking,18,1,0,1,,,,,,,2000,,1,nvft2_drv,995475344165,e0d6fd1bd841,2eeda7780487,3,9,0,0,2026-09-25,capture,1,ring-walk,1,"0(off,",4,REM_ACCESS,10/0x88,0x13,0xd,23,1,1,9,0,0x0,0,0x0,-1,1441915434.076,1441915434.092,1441915434.090,recovery not enabled (classification run),REM_ACCESS,0,,,3,4,0,0,1,9,4,1099511627776,4,5,4:cancelled:0:sig=1099511627776/5,1,,,+0x2124a00,+0x2164a00,+0x21a4a00,-0x0,+0x0,+0x0/0,56623104,,1,16.9,0,1,25.2,0,first barrier returned,first barrier returned,,,0,5
F2b_blocking_ft1_rec0_cring_d2000_t19,F2b,blocking,19,1,0,1,,,,,,,2000,,1,nvft2_drv,995475344165,e0d6fd1bd841,2eeda7780487,3,9,0,0,2026-09-25,capture,1,ring-walk,1,"0(off,",4,REM_ACCESS,10/0x88,0x13,0xd,23,1,1,9,0,0x0,0,0x0,-1,1441933092.108,1441933092.208,1441933092.122,recovery not enabled (classification run),REM_ACCESS,0,,,3,4,0,0,1,9,4,1099511627776,4,5,4:cancelled:0:sig=1099511627776/5,1,,,+0x2124a00,+0x2164a00,+0x21a4a00,-0x0,+0x0,+0x0/0,56623104,,1,17.4,0,1,25.2,0,first barrier returned,first barrier returned,,,0,5
F2b_blocking_ft1_rec0_cring_d2000_t2,F2b,blocking,2,1,0,1,,,,,,,2000,,1,nvft2_drv,995475344165,e0d6fd1bd841,2eeda7780487,3,9,0,0,2026-09-25,capture,1,ring-walk,1,"0(off,",4,REM_ACCESS,10/0x88,0x13,0xd,23,1,1,9,0,0x0,0,0x0,-1,1441633495.404,1441633495.468,1441633495.419,recovery not enabled (classification run),REM_ACCESS,0,,,3,4,0,0,1,9,4,1099511627776,4,5,4:cancelled:0:sig=1099511627776/5,1,,,+0x2124a00,+0x2164a00,+0x21a4a00,-0x0,+0x0,+0x0/0,56623104,,1,18.8,0,1,25.1,0,first barrier returned,first barrier returned,,,0,5
F2b_blocking_ft1_rec0_cring_d2000_t20,F2b,blocking,20,1,0,1,,,,,,,2000,,1,nvft2_drv,995475344165,e0d6fd1bd841,2eeda7780487,3,9,0,0,2026-09-25,capture,1,ring-walk,1,"0(off,",4,REM_ACCESS,10/0x88,0x13,0xd,23,1,1,9,0,0x0,0,0x0,-1,1441950705.019,1441950705.124,1441950705.033,recovery not enabled (classification run),REM_ACCESS,0,,,3,4,0,0,1,9,4,1099511627776,4,5,4:cancelled:0:sig=1099511627776/5,1,,,+0x2124a00,+0x2164a00,+0x21a4a00,-0x0,+0x0,+0x0/0,56623104,,1,16.8,0,1,25.1,0,first barrier returned,first barrier returned,,,0,5
F2b_blocking_ft1_rec0_cring_d2000_t21,F2b,blocking,21,1,0,1,,,,,,,2000,,1,nvft2_drv,995475344165,e0d6fd1bd841,2eeda7780487,3,9,0,0,2026-09-25,capture,1,ring-walk,1,"0(off,",4,REM_ACCESS,10/0x88,0x13,0xd,23,1,1,9,0,0x0,0,0x0,-1,1441968300.852,1441968300.896,1441968300.868,recovery not enabled (classification run),REM_ACCESS,0,,,3,4,0,0,1,9,4,1099511627776,4,5,4:cancelled:0:sig=1099511627776/5,1,,,+0x2124a00,+0x2164a00,+0x21a4a00,-0x0,+0x0,+0x0/0,56623104,,1,18.7,0,1,29.1,0,first barrier returned,first barrier returned,,,0,5
F2b_blocking_ft1_rec0_cring_d2000_t22,F2b,blocking,22,1,0,1,,,,,,,2000,,1,nvft2_drv,995475344165,e0d6fd1bd841,2eeda7780487,3,9,0,0,2026-09-25,capture,1,ring-walk,1,"0(off,",4,REM_ACCESS,10/0x88,0x13,0xd,23,1,1,9,0,0x0,0,0x0,-1,1441985900.620,1441985900.665,1441985900.634,recovery not enabled (classification run),REM_ACCESS,0,,,3,4,0,0,1,9,4,1099511627776,4,5,4:cancelled:0:sig=1099511627776/5,1,,,+0x2124a00,+0x2164a00,+0x21a4a00,-0x0,+0x0,+0x0/0,56623104,,1,17.0,0,1,25.7,0,first barrier returned,first barrier returned,,,0,5
F2b_blocking_ft1_rec0_cring_d2000_t23,F2b,blocking,23,1,0,1,,,,,,,2000,,1,nvft2_drv,995475344165,e0d6fd1bd841,2eeda7780487,3,9,0,0,2026-09-25,capture,1,ring-walk,1,"0(off,",4,REM_ACCESS,10/0x88,0x13,0xd,23,1,1,9,0,0x0,0,0x0,-1,1442003549.471,1442003549.511,1442003549.485,recovery not enabled (classification run),REM_ACCESS,0,,,3,4,0,0,1,9,4,1099511627776,4,5,4:cancelled:0:sig=1099511627776/5,1,,,+0x2124a00,+0x2164a00,+0x21a4a00,-0x0,+0x0,+0x0/0,56623104,,1,17.3,0,1,25.2,0,first barrier returned,first barrier returned,,,0,5
F2b_blocking_ft1_rec0_cring_d2000_t24,F2b,blocking,24,1,0,1,,,,,,,2000,,1,nvft2_drv,995475344165,e0d6fd1bd841,2eeda7780487,3,9,0,0,2026-09-25,capture,1,ring-walk,1,"0(off,",4,REM_ACCESS,10/0x88,0x13,0xd,23,1,1,9,0,0x0,0,0x0,-1,1442021184.304,1442021184.363,1442021184.319,recovery not enabled (classification run),REM_ACCESS,0,,,3,4,0,0,1,9,4,1099511627776,4,5,4:cancelled:0:sig=1099511627776/5,1,,,+0x2124a00,+0x2164a00,+0x21a4a00,-0x0,+0x0,+0x0/0,56623104,,1,17.1,0,1,25.1,0,first barrier returned,first barrier returned,,,0,5
F2b_blocking_ft1_rec0_cring_d2000_t25,F2b,blocking,25,1,0,1,,,,,,,2000,,1,nvft2_drv,995475344165,e0d6fd1bd841,2eeda7780487,3,9,0,0,2026-09-25,capture,1,ring-walk,1,"0(off,",4,REM_ACCESS,10/0x88,0x13,0xd,23,1,1,9,0,0x0,0,0x0,-1,1442038784.742,1442038784.794,1442038784.758,recovery not enabled (classification run),REM_ACCESS,0,,,3,4,0,0,1,9,4,1099511627776,4,5,4:cancelled:0:sig=1099511627776/5,1,,,+0x2124a00,+0x2164a00,+0x21a4a00,-0x0,+0x0,+0x0/0,56623104,,1,18.7,0,1,25.3,0,first barrier returned,first barrier returned,,,0,5
F2b_blocking_ft1_rec0_cring_d2000_t26,F2b,blocking,26,1,0,1,,,,,,,2000,,1,nvft2_drv,995475344165,e0d6fd1bd841,2eeda7780487,3,9,0,0,2026-09-25,capture,1,ring-walk,1,"0(off,",4,REM_ACCESS,10/0x88,0x13,0xd,23,1,1,9,0,0x0,0,0x0,-1,1442056431.748,1442056431.849,1442056431.764,recovery not enabled (classification run),REM_ACCESS,0,,,3,4,0,0,1,9,4,1099511627776,4,5,4:cancelled:0:sig=1099511627776/5,1,,,+0x2124a00,+0x2164a00,+0x21a4a00,-0x0,+0x0,+0x0/0,56623104,,1,18.9,0,1,25.2,0,first barrier returned,first barrier returned,,,0,5
F2b_blocking_ft1_rec0_cring_d2000_t27,F2b,blocking,27,1,0,1,,,,,,,2000,,1,nvft2_drv,995475344165,e0d6fd1bd841,2eeda7780487,3,9,0,0,2026-09-25,capture,1,ring-walk,1,"0(off,",4,REM_ACCESS,10/0x88,0x13,0xd,23,1,1,9,0,0x0,0,0x0,-1,1442074157.822,1442074157.838,1442074157.838,recovery not enabled (classification run),REM_ACCESS,0,,,3,4,0,0,1,9,4,1099511627776,4,5,4:cancelled:0:sig=1099511627776/5,1,,,+0x2124a00,+0x2164a00,+0x21a4a00,-0x0,+0x0,+0x0/0,56623104,,1,19.3,0,1,25.1,0,first barrier returned,first barrier returned,,,0,5
F2b_blocking_ft1_rec0_cring_d2000_t28,F2b,blocking,28,1,0,1,,,,,,,2000,,1,nvft2_drv,995475344165,e0d6fd1bd841,2eeda7780487,3,9,0,0,2026-09-25,capture,1,ring-walk,1,"0(off,",4,REM_ACCESS,10/0x88,0x13,0xd,23,1,1,9,0,0x0,0,0x0,-1,1442091683.024,1442091683.036,1442091683.039,recovery not enabled (classification run),REM_ACCESS,0,,,3,4,0,0,1,9,4,1099511627776,4,5,4:cancelled:0:sig=1099511627776/5,1,,,+0x2124a00,+0x2164a00,+0x21a4a00,-0x0,+0x0,+0x0/0,56623104,,1,17.5,0,1,25.2,0,first barrier returned,first barrier returned,,,0,5
F2b_blocking_ft1_rec0_cring_d2000_t29,F2b,blocking,29,1,0,1,,,,,,,2000,,1,nvft2_drv,995475344165,e0d6fd1bd841,2eeda7780487,3,9,0,0,2026-09-25,capture,1,ring-walk,1,"0(off,",4,REM_ACCESS,10/0x88,0x13,0xd,23,1,1,9,0,0x0,0,0x0,-1,1442109293.875,1442109293.916,1442109293.889,recovery not enabled (classification run),REM_ACCESS,0,,,3,4,0,0,1,9,4,1099511627776,4,5,4:cancelled:0:sig=1099511627776/5,1,,,+0x2124a00,+0x2164a00,+0x21a4a00,-0x0,+0x0,+0x0/0,56623104,,1,17.1,0,1,29.1,0,first barrier returned,first barrier returned,,,0,5
F2b_blocking_ft1_rec0_cring_d2000_t3,F2b,blocking,3,1,0,1,,,,,,,2000,,1,nvft2_drv,995475344165,e0d6fd1bd841,2eeda7780487,3,9,0,0,2026-09-25,capture,1,ring-walk,1,"0(off,",4,REM_ACCESS,10/0x88,0x13,0xd,23,1,1,9,0,0x0,0,0x0,-1,1441651055.460,1441651055.521,1441651055.475,recovery not enabled (classification run),REM_ACCESS,0,,,3,4,0,0,1,9,4,1099511627776,4,5,4:cancelled:0:sig=1099511627776/5,1,,,+0x2124a00,+0x2164a00,+0x21a4a00,-0x0,+0x0,+0x0/0,56623104,,1,17.4,0,1,25.3,0,first barrier returned,first barrier returned,,,0,5
F2b_blocking_ft1_rec0_cring_d2000_t30,F2b,blocking,30,1,0,1,,,,,,,2000,,1,nvft2_drv,995475344165,e0d6fd1bd841,2eeda7780487,3,9,0,0,2026-09-25,capture,1,ring-walk,1,"0(off,",4,REM_ACCESS,10/0x88,0x13,0xd,23,1,1,9,0,0x0,0,0x0,-1,1442126796.036,1442126796.105,1442126796.050,recovery not enabled (classification run),REM_ACCESS,0,,,3,4,0,0,1,9,4,1099511627776,4,5,4:cancelled:0:sig=1099511627776/5,1,,,+0x2124a00,+0x2164a00,+0x21a4a00,-0x0,+0x0,+0x0/0,56623104,,1,16.9,0,1,25.0,0,first barrier returned,first barrier returned,,,0,5
F2b_blocking_ft1_rec0_cring_d2000_t4,F2b,blocking,4,1,0,1,,,,,,,2000,,1,nvft2_drv,995475344165,e0d6fd1bd841,2eeda7780487,3,9,0,0,2026-09-25,capture,1,ring-walk,1,"0(off,",4,REM_ACCESS,10/0x88,0x13,0xd,23,1,1,9,0,0x0,0,0x0,-1,1441668627.735,1441668627.824,1441668627.751,recovery not enabled (classification run),REM_ACCESS,0,,,3,4,0,0,1,9,4,1099511627776,4,5,4:cancelled:0:sig=1099511627776/5,1,,,+0x2124a00,+0x2164a00,+0x21a4a00,-0x0,+0x0,+0x0/0,56623104,,1,19.2,0,1,25.0,0,first barrier returned,first barrier returned,,,0,5
F2b_blocking_ft1_rec0_cring_d2000_t5,F2b,blocking,5,1,0,1,,,,,,,2000,,1,nvft2_drv,995475344165,e0d6fd1bd841,2eeda7780487,3,9,0,0,2026-09-25,capture,1,ring-walk,1,"0(off,",4,REM_ACCESS,10/0x88,0x13,0xd,23,1,1,9,0,0x0,0,0x0,-1,1441686246.468,1441686246.525,1441686246.482,recovery not enabled (classification run),REM_ACCESS,0,,,3,4,0,0,1,9,4,1099511627776,4,5,4:cancelled:0:sig=1099511627776/5,1,,,+0x2124a00,+0x2164a00,+0x21a4a00,-0x0,+0x0,+0x0/0,56623104,,1,17.4,0,1,29.0,0,first barrier returned,first barrier returned,,,0,5
F2b_blocking_ft1_rec0_cring_d2000_t6,F2b,blocking,6,1,0,1,,,,,,,2000,,1,nvft2_drv,995475344165,e0d6fd1bd841,2eeda7780487,3,9,0,0,2026-09-25,capture,1,ring-walk,1,"0(off,",4,REM_ACCESS,10/0x88,0x13,0xd,23,1,1,9,0,0x0,0,0x0,-1,1441704004.758,1441704004.819,1441704004.771,recovery not enabled (classification run),REM_ACCESS,0,,,3,4,0,0,1,9,4,1099511627776,4,5,4:cancelled:0:sig=1099511627776/5,1,,,+0x2124a00,+0x2164a00,+0x21a4a00,-0x0,+0x0,+0x0/0,56623104,,1,17.3,0,1,25.5,0,first barrier returned,first barrier returned,,,0,5
F2b_blocking_ft1_rec0_cring_d2000_t7,F2b,blocking,7,1,0,1,,,,,,,2000,,1,nvft2_drv,995475344165,e0d6fd1bd841,2eeda7780487,3,9,0,0,2026-09-25,capture,1,ring-walk,1,"0(off,",4,REM_ACCESS,10/0x88,0x13,0xd,23,1,1,9,0,0x0,0,0x0,-1,1441721800.914,1441721800.996,1441721800.931,recovery not enabled (classification run),REM_ACCESS,0,,,3,4,0,0,1,9,4,1099511627776,4,5,4:cancelled:0:sig=1099511627776/5,1,,,+0x2124a00,+0x2164a00,+0x21a4a00,-0x0,+0x0,+0x0/0,56623104,,1,18.9,0,1,29.2,0,first barrier returned,first barrier returned,,,0,5
F2b_blocking_ft1_rec0_cring_d2000_t8,F2b,blocking,8,1,0,1,,,,,,,2000,,1,nvft2_drv,995475344165,e0d6fd1bd841,2eeda7780487,3,9,0,0,2026-09-25,capture,1,ring-walk,1,"0(off,",4,REM_ACCESS,10/0x88,0x13,0xd,23,1,1,9,0,0x0,0,0x0,-1,1441739568.488,1441739568.594,1441739568.503,recovery not enabled (classification run),REM_ACCESS,0,,,3,4,0,0,1,9,4,1099511627776,4,5,4:cancelled:0:sig=1099511627776/5,1,,,+0x2124a00,+0x2164a00,+0x21a4a00,-0x0,+0x0,+0x0/0,56623104,,1,17.0,0,1,28.8,0,first barrier returned,first barrier returned,,,0,5
F2b_blocking_ft1_rec0_cring_d2000_t9,F2b,blocking,9,1,0,1,,,,,,,2000,,1,nvft2_drv,995475344165,e0d6fd1bd841,2eeda7780487,3,9,0,0,2026-09-25,capture,1,ring-walk,1,"0(off,",4,REM_ACCESS,10/0x88,0x13,0xd,23,1,1,9,0,0x0,0,0x0,-1,1441757224.986,1441757225.075,1441757225.000,recovery not enabled (classification run),REM_ACCESS,0,,,3,4,0,0,1,9,4,1099511627776,4,5,4:cancelled:0:sig=1099511627776/5,1,,,+0x2124a00,+0x2164a00,+0x21a4a00,-0x0,+0x0,+0x0/0,56623104,,1,16.8,0,1,25.1,0,first barrier returned,first barrier returned,,,0,5
F2b_blocking_ft1_rec0_csent_d2000_t1,F2b,blocking,1,1,0,,,,,,,,2000,200,1,nvft2_drv,995475344165,e0d6fd1bd841,2eeda7780487,3,9,0,0,2026-09-25,capture,1,in-loop,0,"0(off,",4,REM_ACCESS,10/0x88,0x13,0xd,23,4,1,0,0,0x0,0,0x0,-1,1441614475.940,1441614476.004,1441614477.068,recovery not enabled (classification run),REM_ACCESS,0,,,3,4,0,0,1,9,4,1099511627776,4,5,4:cancelled:0:sig=1099511627776/5,1,,,+0x2124a00,+0x2164a00,+0x21a4a00,-0x0,+0x0,+0x0/0,56623104,,1,18.9,0,1,24.9,0,first barrier returned,first barrier returned,,,0,5
F2b_blocking_ft1_rec0_csent_d2000_t10,F2b,blocking,10,1,0,,,,,,,,2000,200,1,nvft2_drv,995475344165,e0d6fd1bd841,2eeda7780487,3,9,0,0,2026-09-25,capture,1,in-loop,0,"0(off,",4,REM_ACCESS,10/0x88,0x13,0xd,23,4,1,0,0,0x0,0,0x0,-1,1441773342.281,1441773342.348,1441773343.406,recovery not enabled (classification run),REM_ACCESS,0,,,3,4,0,0,1,9,4,1099511627776,4,5,4:cancelled:0:sig=1099511627776/5,1,,,+0x2124a00,+0x2164a00,+0x21a4a00,-0x0,+0x0,+0x0/0,56623104,,1,18.7,0,1,25.4,0,first barrier returned,first barrier returned,,,0,5
F2b_blocking_ft1_rec0_csent_d2000_t11,F2b,blocking,11,1,0,,,,,,,,2000,200,1,nvft2_drv,995475344165,e0d6fd1bd841,2eeda7780487,3,9,0,0,2026-09-25,capture,1,in-loop,0,"0(off,",4,REM_ACCESS,10/0x88,0x13,0xd,23,4,1,0,0,0x0,0,0x0,-1,1441790900.673,1441790900.716,1441790901.802,recovery not enabled (classification run),REM_ACCESS,0,,,3,4,0,0,1,9,4,1099511627776,4,5,4:cancelled:0:sig=1099511627776/5,1,,,+0x2124a00,+0x2164a00,+0x21a4a00,-0x0,+0x0,+0x0/0,56623104,,1,18.8,0,1,25.4,0,first barrier returned,first barrier returned,,,0,5
F2b_blocking_ft1_rec0_csent_d2000_t12,F2b,blocking,12,1,0,,,,,,,,2000,200,1,nvft2_drv,995475344165,e0d6fd1bd841,2eeda7780487,3,9,0,0,2026-09-25,capture,1,in-loop,0,"0(off,",4,REM_ACCESS,10/0x88,0x13,0xd,23,4,1,0,0,0x0,0,0x0,-1,1441808380.104,1441808380.208,1441808381.235,recovery not enabled (classification run),REM_ACCESS,0,,,3,4,0,0,1,9,4,1099511627776,4,5,4:cancelled:0:sig=1099511627776/5,1,,,+0x2124a00,+0x2164a00,+0x21a4a00,-0x0,+0x0,+0x0/0,56623104,,1,19.1,0,1,25.5,0,first barrier returned,first barrier returned,,,0,5
F2b_blocking_ft1_rec0_csent_d2000_t13,F2b,blocking,13,1,0,,,,,,,,2000,200,1,nvft2_drv,995475344165,e0d6fd1bd841,2eeda7780487,3,9,0,0,2026-09-25,capture,1,in-loop,0,"0(off,",4,REM_ACCESS,10/0x88,0x13,0xd,23,4,1,0,0,0x0,0,0x0,-1,1441825861.303,1441825861.378,1441825862.419,recovery not enabled (classification run),REM_ACCESS,0,,,3,4,0,0,1,9,4,1099511627776,4,5,4:cancelled:0:sig=1099511627776/5,1,,,+0x2124a00,+0x2164a00,+0x21a4a00,-0x0,+0x0,+0x0/0,56623104,,1,18.4,0,1,25.0,0,first barrier returned,first barrier returned,,,0,5
F2b_blocking_ft1_rec0_csent_d2000_t14,F2b,blocking,14,1,0,,,,,,,,2000,200,1,nvft2_drv,995475344165,e0d6fd1bd841,2eeda7780487,3,9,0,0,2026-09-25,capture,1,in-loop,0,"0(off,",4,REM_ACCESS,10/0x88,0x13,0xd,23,4,1,0,0,0x0,0,0x0,-1,1441843471.551,1441843471.570,1441843472.666,recovery not enabled (classification run),REM_ACCESS,0,,,3,4,0,0,1,9,4,1099511627776,4,5,4:cancelled:0:sig=1099511627776/5,1,,,+0x2124a00,+0x2164a00,+0x21a4a00,-0x0,+0x0,+0x0/0,56623104,,1,18.7,0,1,25.2,0,first barrier returned,first barrier returned,,,0,5
F2b_blocking_ft1_rec0_csent_d2000_t15,F2b,blocking,15,1,0,,,,,,,,2000,200,1,nvft2_drv,995475344165,e0d6fd1bd841,2eeda7780487,3,9,0,0,2026-09-25,capture,1,in-loop,0,"0(off,",4,REM_ACCESS,10/0x88,0x13,0xd,23,4,1,0,0,0x0,0,0x0,-1,1441861107.530,1441861107.622,1441861108.732,recovery not enabled (classification run),REM_ACCESS,0,,,3,4,0,0,1,9,4,1099511627776,4,5,4:cancelled:0:sig=1099511627776/5,1,,,+0x2124a00,+0x2164a00,+0x21a4a00,-0x0,+0x0,+0x0/0,56623104,,1,18.8,0,1,25.3,0,first barrier returned,first barrier returned,,,0,5
F2b_blocking_ft1_rec0_csent_d2000_t16,F2b,blocking,16,1,0,,,,,,,,2000,200,1,nvft2_drv,995475344165,e0d6fd1bd841,2eeda7780487,3,9,0,0,2026-09-25,capture,1,in-loop,0,"0(off,",4,REM_ACCESS,10/0x88,0x13,0xd,23,4,1,0,0,0x0,0,0x0,-1,1441878767.768,1441878767.877,1441878768.983,recovery not enabled (classification run),REM_ACCESS,0,,,3,4,0,0,1,9,4,1099511627776,4,5,4:cancelled:0:sig=1099511627776/5,1,,,+0x2124a00,+0x2164a00,+0x21a4a00,-0x0,+0x0,+0x0/0,56623104,,1,18.7,0,1,29.0,0,first barrier returned,first barrier returned,,,0,5
F2b_blocking_ft1_rec0_csent_d2000_t17,F2b,blocking,17,1,0,,,,,,,,2000,200,1,nvft2_drv,995475344165,e0d6fd1bd841,2eeda7780487,3,9,0,0,2026-09-25,capture,1,in-loop,0,"0(off,",4,REM_ACCESS,10/0x88,0x13,0xd,23,4,1,0,0,0x0,0,0x0,-1,1441896310.477,1441896310.524,1441896311.673,recovery not enabled (classification run),REM_ACCESS,0,,,3,4,0,0,1,9,4,1099511627776,4,5,4:cancelled:0:sig=1099511627776/5,1,,,+0x2124a00,+0x2164a00,+0x21a4a00,-0x0,+0x0,+0x0/0,56623104,,1,18.8,0,1,25.3,0,first barrier returned,first barrier returned,,,0,5
F2b_blocking_ft1_rec0_csent_d2000_t18,F2b,blocking,18,1,0,,,,,,,,2000,200,1,nvft2_drv,995475344165,e0d6fd1bd841,2eeda7780487,3,9,0,0,2026-09-25,capture,1,in-loop,0,"0(off,",4,REM_ACCESS,10/0x88,0x13,0xd,23,4,1,0,0,0x0,0,0x0,-1,1441913939.523,1441913939.545,1441913940.737,recovery not enabled (classification run),REM_ACCESS,0,,,3,4,0,0,1,9,4,1099511627776,4,5,4:cancelled:0:sig=1099511627776/5,1,,,+0x2124a00,+0x2164a00,+0x21a4a00,-0x0,+0x0,+0x0/0,56623104,,1,18.8,0,1,25.2,0,first barrier returned,first barrier returned,,,0,5
F2b_blocking_ft1_rec0_csent_d2000_t19,F2b,blocking,19,1,0,,,,,,,,2000,200,1,nvft2_drv,995475344165,e0d6fd1bd841,2eeda7780487,3,9,0,0,2026-09-25,capture,1,in-loop,0,"0(off,",4,REM_ACCESS,10/0x88,0x13,0xd,23,4,1,0,0,0x0,0,0x0,-1,1441931604.549,1441931604.589,1441931605.783,recovery not enabled (classification run),REM_ACCESS,0,,,3,4,0,0,1,9,4,1099511627776,4,5,4:cancelled:0:sig=1099511627776/5,1,,,+0x2124a00,+0x2164a00,+0x21a4a00,-0x0,+0x0,+0x0/0,56623104,,1,18.7,0,1,25.1,0,first barrier returned,first barrier returned,,,0,5
F2b_blocking_ft1_rec0_csent_d2000_t2,F2b,blocking,2,1,0,,,,,,,,2000,200,1,nvft2_drv,995475344165,e0d6fd1bd841,2eeda7780487,3,9,0,0,2026-09-25,capture,1,in-loop,0,"0(off,",4,REM_ACCESS,10/0x88,0x13,0xd,23,4,1,0,0,0x0,0,0x0,-1,1441632006.366,1441632006.450,1441632007.498,recovery not enabled (classification run),REM_ACCESS,0,,,3,4,0,0,1,9,4,1099511627776,4,5,4:cancelled:0:sig=1099511627776/5,1,,,+0x2124a00,+0x2164a00,+0x21a4a00,-0x0,+0x0,+0x0/0,56623104,,1,18.9,0,1,28.8,0,first barrier returned,first barrier returned,,,0,5
F2b_blocking_ft1_rec0_csent_d2000_t20,F2b,blocking,20,1,0,,,,,,,,2000,200,1,nvft2_drv,995475344165,e0d6fd1bd841,2eeda7780487,3,9,0,0,2026-09-25,capture,1,in-loop,0,"0(off,",4,REM_ACCESS,10/0x88,0x13,0xd,23,4,1,0,0,0x0,0,0x0,-1,1441949260.632,1441949260.690,1441949261.851,recovery not enabled (classification run),REM_ACCESS,0,,,3,4,0,0,1,9,4,1099511627776,4,5,4:cancelled:0:sig=1099511627776/5,1,,,+0x2124a00,+0x2164a00,+0x21a4a00,-0x0,+0x0,+0x0/0,56623104,,1,19.0,0,1,25.3,0,first barrier returned,first barrier returned,,,0,5
F2b_blocking_ft1_rec0_csent_d2000_t21,F2b,blocking,21,1,0,,,,,,,,2000,200,1,nvft2_drv,995475344165,e0d6fd1bd841,2eeda7780487,3,9,0,0,2026-09-25,capture,1,in-loop,0,"0(off,",4,REM_ACCESS,10/0x88,0x13,0xd,23,4,1,0,0,0x0,0,0x0,-1,1441966802.895,1441966802.932,1441966804.111,recovery not enabled (classification run),REM_ACCESS,0,,,3,4,0,0,1,9,4,1099511627776,4,5,4:cancelled:0:sig=1099511627776/5,1,,,+0x2124a00,+0x2164a00,+0x21a4a00,-0x0,+0x0,+0x0/0,56623104,,1,18.9,0,1,25.5,0,first barrier returned,first barrier returned,,,0,5
F2b_blocking_ft1_rec0_csent_d2000_t22,F2b,blocking,22,1,0,,,,,,,,2000,200,1,nvft2_drv,995475344165,e0d6fd1bd841,2eeda7780487,3,9,0,0,2026-09-25,capture,1,in-loop,0,"0(off,",4,REM_ACCESS,10/0x88,0x13,0xd,23,4,1,0,0,0x0,0,0x0,-1,1441984434.278,1441984434.347,1441984435.488,recovery not enabled (classification run),REM_ACCESS,0,,,3,4,0,0,1,9,4,1099511627776,4,5,4:cancelled:0:sig=1099511627776/5,1,,,+0x2124a00,+0x2164a00,+0x21a4a00,-0x0,+0x0,+0x0/0,56623104,,1,18.6,0,1,26.1,0,first barrier returned,first barrier returned,,,0,5
F2b_blocking_ft1_rec0_csent_d2000_t23,F2b,blocking,23,1,0,,,,,,,,2000,200,1,nvft2_drv,995475344165,e0d6fd1bd841,2eeda7780487,3,9,0,0,2026-09-25,capture,1,in-loop,0,"0(off,",4,REM_ACCESS,10/0x88,0x13,0xd,23,4,1,0,0,0x0,0,0x0,-1,1442002075.633,1442002075.737,1442002076.851,recovery not enabled (classification run),REM_ACCESS,0,,,3,4,0,0,1,9,4,1099511627776,4,5,4:cancelled:0:sig=1099511627776/5,1,,,+0x2124a00,+0x2164a00,+0x21a4a00,-0x0,+0x0,+0x0/0,56623104,,1,18.8,0,1,25.2,0,first barrier returned,first barrier returned,,,0,5
F2b_blocking_ft1_rec0_csent_d2000_t24,F2b,blocking,24,1,0,,,,,,,,2000,200,1,nvft2_drv,995475344165,e0d6fd1bd841,2eeda7780487,3,9,0,0,2026-09-25,capture,1,in-loop,0,"0(off,",4,REM_ACCESS,10/0x88,0x13,0xd,23,4,1,0,0,0x0,0,0x0,-1,1442019705.898,1442019705.915,1442019707.115,recovery not enabled (classification run),REM_ACCESS,0,,,3,4,0,0,1,9,4,1099511627776,4,5,4:cancelled:0:sig=1099511627776/5,1,,,+0x2124a00,+0x2164a00,+0x21a4a00,-0x0,+0x0,+0x0/0,56623104,,1,18.8,0,1,29.2,0,first barrier returned,first barrier returned,,,0,5
F2b_blocking_ft1_rec0_csent_d2000_t25,F2b,blocking,25,1,0,,,,,,,,2000,200,1,nvft2_drv,995475344165,e0d6fd1bd841,2eeda7780487,3,9,0,0,2026-09-25,capture,1,in-loop,0,"0(off,",4,REM_ACCESS,10/0x88,0x13,0xd,23,4,1,0,0,0x0,0,0x0,-1,1442037295.556,1442037295.648,1442037296.791,recovery not enabled (classification run),REM_ACCESS,0,,,3,4,0,0,1,9,4,1099511627776,4,5,4:cancelled:0:sig=1099511627776/5,1,,,+0x2124a00,+0x2164a00,+0x21a4a00,-0x0,+0x0,+0x0/0,56623104,,1,18.8,0,1,25.3,0,first barrier returned,first barrier returned,,,0,5
F2b_blocking_ft1_rec0_csent_d2000_t26,F2b,blocking,26,1,0,,,,,,,,2000,200,1,nvft2_drv,995475344165,e0d6fd1bd841,2eeda7780487,3,9,0,0,2026-09-25,capture,1,in-loop,0,"0(off,",4,REM_ACCESS,10/0x88,0x13,0xd,23,4,1,0,0,0x0,0,0x0,-1,1442054949.960,1442054949.990,1442054951.199,recovery not enabled (classification run),REM_ACCESS,0,,,3,4,0,0,1,9,4,1099511627776,4,5,4:cancelled:0:sig=1099511627776/5,1,,,+0x2124a00,+0x2164a00,+0x21a4a00,-0x0,+0x0,+0x0/0,56623104,,1,18.7,0,1,25.3,0,first barrier returned,first barrier returned,,,0,5
F2b_blocking_ft1_rec0_csent_d2000_t27,F2b,blocking,27,1,0,,,,,,,,2000,200,1,nvft2_drv,995475344165,e0d6fd1bd841,2eeda7780487,3,9,0,0,2026-09-25,capture,1,in-loop,0,"0(off,",4,REM_ACCESS,10/0x88,0x13,0xd,23,4,1,0,0,0x0,0,0x0,-1,1442072628.551,1442072628.615,1442072629.781,recovery not enabled (classification run),REM_ACCESS,0,,,3,4,0,0,1,9,4,1099511627776,4,5,4:cancelled:0:sig=1099511627776/5,1,,,+0x2124a00,+0x2164a00,+0x21a4a00,-0x0,+0x0,+0x0/0,56623104,,1,18.7,0,1,25.1,0,first barrier returned,first barrier returned,,,0,5
F2b_blocking_ft1_rec0_csent_d2000_t28,F2b,blocking,28,1,0,,,,,,,,2000,200,1,nvft2_drv,995475344165,e0d6fd1bd841,2eeda7780487,3,9,0,0,2026-09-25,capture,1,in-loop,0,"0(off,",4,REM_ACCESS,10/0x88,0x13,0xd,23,4,1,0,0,0x0,0,0x0,-1,1442090222.045,1442090222.118,1442090223.276,recovery not enabled (classification run),REM_ACCESS,0,,,3,4,0,0,1,9,4,1099511627776,4,5,4:cancelled:0:sig=1099511627776/5,1,,,+0x2124a00,+0x2164a00,+0x21a4a00,-0x0,+0x0,+0x0/0,56623104,,1,18.6,0,1,29.3,0,first barrier returned,first barrier returned,,,0,5
F2b_blocking_ft1_rec0_csent_d2000_t29,F2b,blocking,29,1,0,,,,,,,,2000,200,1,nvft2_drv,995475344165,e0d6fd1bd841,2eeda7780487,3,9,0,0,2026-09-25,capture,1,in-loop,0,"0(off,",4,REM_ACCESS,10/0x88,0x13,0xd,23,4,1,0,0,0x0,0,0x0,-1,1442107787.699,1442107787.725,1442107788.931,recovery not enabled (classification run),REM_ACCESS,0,,,3,4,0,0,1,9,4,1099511627776,4,5,4:cancelled:0:sig=1099511627776/5,1,,,+0x2124a00,+0x2164a00,+0x21a4a00,-0x0,+0x0,+0x0/0,56623104,,1,18.7,0,1,25.1,0,first barrier returned,first barrier returned,,,0,5
F2b_blocking_ft1_rec0_csent_d2000_t3,F2b,blocking,3,1,0,,,,,,,,2000,200,1,nvft2_drv,995475344165,e0d6fd1bd841,2eeda7780487,3,9,0,0,2026-09-25,capture,1,in-loop,0,"0(off,",4,REM_ACCESS,10/0x88,0x13,0xd,23,4,1,0,0,0x0,0,0x0,-1,1441649588.256,1441649588.309,1441649589.383,recovery not enabled (classification run),REM_ACCESS,0,,,3,4,0,0,1,9,4,1099511627776,4,5,4:cancelled:0:sig=1099511627776/5,1,,,+0x2124a00,+0x2164a00,+0x21a4a00,-0x0,+0x0,+0x0/0,56623104,,1,18.9,0,1,25.0,0,first barrier returned,first barrier returned,,,0,5
F2b_blocking_ft1_rec0_csent_d2000_t30,F2b,blocking,30,1,0,,,,,,,,2000,200,1,nvft2_drv,995475344165,e0d6fd1bd841,2eeda7780487,3,9,0,0,2026-09-25,capture,1,in-loop,0,"0(off,",4,REM_ACCESS,10/0x88,0x13,0xd,23,4,1,0,0,0x0,0,0x0,-1,1442125335.935,1442125336.004,1442125337.142,recovery not enabled (classification run),REM_ACCESS,0,,,3,4,0,0,1,9,4,1099511627776,4,5,4:cancelled:0:sig=1099511627776/5,1,,,+0x2124a00,+0x2164a00,+0x21a4a00,-0x0,+0x0,+0x0/0,56623104,,1,18.9,0,1,25.3,0,first barrier returned,first barrier returned,,,0,5
F2b_blocking_ft1_rec0_csent_d2000_t4,F2b,blocking,4,1,0,,,,,,,,2000,200,1,nvft2_drv,995475344165,e0d6fd1bd841,2eeda7780487,3,9,0,0,2026-09-25,capture,1,in-loop,0,"0(off,",4,REM_ACCESS,10/0x88,0x13,0xd,23,4,1,0,0,0x0,0,0x0,-1,1441667155.351,1441667155.421,1441667156.497,recovery not enabled (classification run),REM_ACCESS,0,,,3,4,0,0,1,9,4,1099511627776,4,5,4:cancelled:0:sig=1099511627776/5,1,,,+0x2124a00,+0x2164a00,+0x21a4a00,-0x0,+0x0,+0x0/0,56623104,,1,19.1,0,1,25.1,0,first barrier returned,first barrier returned,,,0,5
F2b_blocking_ft1_rec0_csent_d2000_t5,F2b,blocking,5,1,0,,,,,,,,2000,200,1,nvft2_drv,995475344165,e0d6fd1bd841,2eeda7780487,3,9,0,0,2026-09-25,capture,1,in-loop,0,"0(off,",4,REM_ACCESS,10/0x88,0x13,0xd,23,4,1,0,0,0x0,0,0x0,-1,1441684694.317,1441684694.424,1441684695.455,recovery not enabled (classification run),REM_ACCESS,0,,,3,4,0,0,1,9,4,1099511627776,4,5,4:cancelled:0:sig=1099511627776/5,1,,,+0x2124a00,+0x2164a00,+0x21a4a00,-0x0,+0x0,+0x0/0,56623104,,1,19.2,0,1,25.1,0,first barrier returned,first barrier returned,,,0,5
F2b_blocking_ft1_rec0_csent_d2000_t6,F2b,blocking,6,1,0,,,,,,,,2000,200,1,nvft2_drv,995475344165,e0d6fd1bd841,2eeda7780487,3,9,0,0,2026-09-25,capture,1,in-loop,0,"0(off,",4,REM_ACCESS,10/0x88,0x13,0xd,23,4,1,0,0,0x0,0,0x0,-1,1441702528.079,1441702528.181,1441702529.223,recovery not enabled (classification run),REM_ACCESS,0,,,3,4,0,0,1,9,4,1099511627776,4,5,4:cancelled:0:sig=1099511627776/5,1,,,+0x2124a00,+0x2164a00,+0x21a4a00,-0x0,+0x0,+0x0/0,56623104,,1,18.8,0,1,25.7,0,first barrier returned,first barrier returned,,,0,5
F2b_blocking_ft1_rec0_csent_d2000_t7,F2b,blocking,7,1,0,,,,,,,,2000,200,1,nvft2_drv,995475344165,e0d6fd1bd841,2eeda7780487,3,9,0,0,2026-09-25,capture,1,in-loop,0,"0(off,",4,REM_ACCESS,10/0x88,0x13,0xd,23,4,1,0,0,0x0,0,0x0,-1,1441720307.736,1441720307.747,1441720308.860,recovery not enabled (classification run),REM_ACCESS,0,,,3,4,0,0,1,9,4,1099511627776,4,5,4:cancelled:0:sig=1099511627776/5,1,,,+0x2124a00,+0x2164a00,+0x21a4a00,-0x0,+0x0,+0x0/0,56623104,,1,18.7,0,1,25.4,0,first barrier returned,first barrier returned,,,0,5
F2b_blocking_ft1_rec0_csent_d2000_t8,F2b,blocking,8,1,0,,,,,,,,2000,200,1,nvft2_drv,995475344165,e0d6fd1bd841,2eeda7780487,3,9,0,0,2026-09-25,capture,1,in-loop,0,"0(off,",4,REM_ACCESS,10/0x88,0x13,0xd,23,4,1,0,0,0x0,0,0x0,-1,1441738079.701,1441738079.749,1441738080.826,recovery not enabled (classification run),REM_ACCESS,0,,,3,4,0,0,1,9,4,1099511627776,4,5,4:cancelled:0:sig=1099511627776/5,1,,,+0x2124a00,+0x2164a00,+0x21a4a00,-0x0,+0x0,+0x0/0,56623104,,1,18.9,0,1,25.3,0,first barrier returned,first barrier returned,,,0,5
F2b_blocking_ft1_rec0_csent_d2000_t9,F2b,blocking,9,1,0,,,,,,,,2000,200,1,nvft2_drv,995475344165,e0d6fd1bd841,2eeda7780487,3,9,0,0,2026-09-25,capture,1,in-loop,0,"0(off,",4,REM_ACCESS,10/0x88,0x13,0xd,23,4,1,0,0,0x0,0,0x0,-1,1441755725.260,1441755725.329,1441755726.402,recovery not enabled (classification run),REM_ACCESS,0,,,3,4,0,0,1,9,4,1099511627776,4,5,4:cancelled:0:sig=1099511627776/5,1,,,+0x2124a00,+0x2164a00,+0x21a4a00,-0x0,+0x0,+0x0/0,56623104,,1,18.8,0,1,25.3,0,first barrier returned,first barrier returned,,,0,5
none_timeout_ft0_rec0_l256k_v1off_t1,none,timeout,1,0,0,,,,,,,,,,1,nvft2v1_drv,bf69c73e0878,ca020e993de2,e1490a7d7d6f,0,0,0,0,2026-09-25,lat,0,,,,,,,,,,,,,,,,,,,,,,,0,,,0,0,0,0,0,0,0,10000,0,0,,0,,,,,,,,,,,1,17.8,0,1,25.5,0,none,none,,,0,0
none_timeout_ft0_rec0_l256k_v1off_t2,none,timeout,2,0,0,,,,,,,,,,1,nvft2v1_drv,bf69c73e0878,ca020e993de2,e1490a7d7d6f,0,0,0,0,2026-09-25,lat,0,,,,,,,,,,,,,,,,,,,,,,,0,,,0,0,0,0,0,0,0,10000,0,0,,0,,,,,,,,,,,1,18.4,0,1,25.5,0,none,none,,,0,0
none_timeout_ft0_rec0_l256k_v1off_t3,none,timeout,3,0,0,,,,,,,,,,1,nvft2v1_drv,bf69c73e0878,ca020e993de2,e1490a7d7d6f,0,0,0,0,2026-09-25,lat,0,,,,,,,,,,,,,,,,,,,,,,,0,,,0,0,0,0,0,0,0,10000,0,0,,0,,,,,,,,,,,1,17.6,0,1,25.5,0,none,none,,,0,0
none_timeout_ft0_rec0_l256k_v1off_t4,none,timeout,4,0,0,,,,,,,,,,1,nvft2v1_drv,bf69c73e0878,ca020e993de2,e1490a7d7d6f,0,0,0,0,2026-09-25,lat,0,,,,,,,,,,,,,,,,,,,,,,,0,,,0,0,0,0,0,0,0,10000,0,0,,0,,,,,,,,,,,1,17.6,0,1,25.5,0,none,none,,,0,0
none_timeout_ft0_rec0_l256k_v1off_t5,none,timeout,5,0,0,,,,,,,,,,1,nvft2v1_drv,bf69c73e0878,ca020e993de2,e1490a7d7d6f,0,0,0,0,2026-09-25,lat,0,,,,,,,,,,,,,,,,,,,,,,,0,,,0,0,0,0,0,0,0,10000,0,0,,0,,,,,,,,,,,1,17.9,0,1,25.6,0,none,none,,,0,0
none_timeout_ft0_rec0_l256k_v1off_t6,none,timeout,6,0,0,,,,,,,,,,1,nvft2v1_drv,bf69c73e0878,ca020e993de2,e1490a7d7d6f,0,0,0,0,2026-09-25,lat,0,,,,,,,,,,,,,,,,,,,,,,,0,,,0,0,0,0,0,0,0,10000,0,0,,0,,,,,,,,,,,1,17.8,0,1,25.6,0,none,none,,,0,0
none_timeout_ft0_rec0_l256k_v2off_t1,none,timeout,1,0,0,,,,,,,,,,1,nvft2_drv,0b5593a88916,e0d6fd1bd841,2eeda7780487,0,0,0,0,2026-09-25,lat,0,,,,,,,,,,,,,,,,,,,,,,,0,,,0,0,0,0,0,0,0,10000,0,0,,0,,,+0x2124a00,+0x2164a00,+0x21a4a00,-0x0,+0x0,+0x0/0,56623104,,1,17.6,0,1,25.4,0,first barrier returned,first barrier returned,,,0,0
none_timeout_ft0_rec0_l256k_v2off_t2,none,timeout,2,0,0,,,,,,,,,,1,nvft2_drv,0b5593a88916,e0d6fd1bd841,2eeda7780487,0,0,0,0,2026-09-25,lat,0,,,,,,,,,,,,,,,,,,,,,,,0,,,0,0,0,0,0,0,0,10000,0,0,,0,,,+0x2124a00,+0x2164a00,+0x21a4a00,-0x0,+0x0,+0x0/0,56623104,,1,18.7,0,1,25.9,0,first barrier returned,first barrier returned,,,0,0
none_timeout_ft0_rec0_l256k_v2off_t3,none,timeout,3,0,0,,,,,,,,,,1,nvft2_drv,0b5593a88916,e0d6fd1bd841,2eeda7780487,0,0,0,0,2026-09-25,lat,0,,,,,,,,,,,,,,,,,,,,,,,0,,,0,0,0,0,0,0,0,10000,0,0,,0,,,+0x2124a00,+0x2164a00,+0x21a4a00,-0x0,+0x0,+0x0/0,56623104,,1,17.8,0,1,25.8,0,first barrier returned,first barrier returned,,,0,0
none_timeout_ft0_rec0_l256k_v2off_t4,none,timeout,4,0,0,,,,,,,,,,1,nvft2_drv,0b5593a88916,e0d6fd1bd841,2eeda7780487,0,0,0,0,2026-09-25,lat,0,,,,,,,,,,,,,,,,,,,,,,,0,,,0,0,0,0,0,0,0,10000,0,0,,0,,,+0x2124a00,+0x2164a00,+0x21a4a00,-0x0,+0x0,+0x0/0,56623104,,1,17.9,0,1,25.6,0,first barrier returned,first barrier returned,,,0,0
none_timeout_ft0_rec0_l256k_v2off_t5,none,timeout,5,0,0,,,,,,,,,,1,nvft2_drv,0b5593a88916,e0d6fd1bd841,2eeda7780487,0,0,0,0,2026-09-25,lat,0,,,,,,,,,,,,,,,,,,,,,,,0,,,0,0,0,0,0,0,0,10000,0,0,,0,,,+0x2124a00,+0x2164a00,+0x21a4a00,-0x0,+0x0,+0x0/0,56623104,,1,17.8,0,1,25.8,0,first barrier returned,first barrier returned,,,0,0
none_timeout_ft0_rec0_l256k_v2off_t6,none,timeout,6,0,0,,,,,,,,,,1,nvft2_drv,0b5593a88916,e0d6fd1bd841,2eeda7780487,0,0,0,0,2026-09-25,lat,0,,,,,,,,,,,,,,,,,,,,,,,0,,,0,0,0,0,0,0,0,10000,0,0,,0,,,+0x2124a00,+0x2164a00,+0x21a4a00,-0x0,+0x0,+0x0/0,56623104,,1,17.8,0,1,26.0,0,first barrier returned,first barrier returned,,,0,0
none_timeout_ft0_rec0_l4k_v1off_t1,none,timeout,1,0,0,,,,,,,,,,1,nvft2v1_drv,bf69c73e0878,ca020e993de2,e1490a7d7d6f,0,0,0,0,2026-09-25,lat,0,,,,,,,,,,,,,,,,,,,,,,,0,,,0,0,0,0,0,0,0,10000,0,0,,0,,,,,,,,,,,1,18.0,0,1,29.8,0,none,none,,,0,0
none_timeout_ft0_rec0_l4k_v1off_t2,none,timeout,2,0,0,,,,,,,,,,1,nvft2v1_drv,bf69c73e0878,ca020e993de2,e1490a7d7d6f,0,0,0,0,2026-09-25,lat,0,,,,,,,,,,,,,,,,,,,,,,,0,,,0,0,0,0,0,0,0,10000,0,0,,0,,,,,,,,,,,1,18.8,0,1,25.7,0,none,none,,,0,0
none_timeout_ft0_rec0_l4k_v1off_t3,none,timeout,3,0,0,,,,,,,,,,1,nvft2v1_drv,bf69c73e0878,ca020e993de2,e1490a7d7d6f,0,0,0,0,2026-09-25,lat,0,,,,,,,,,,,,,,,,,,,,,,,0,,,0,0,0,0,0,0,0,10000,0,0,,0,,,,,,,,,,,1,18.8,0,1,25.5,0,none,none,,,0,0
none_timeout_ft0_rec0_l4k_v1off_t4,none,timeout,4,0,0,,,,,,,,,,1,nvft2v1_drv,bf69c73e0878,ca020e993de2,e1490a7d7d6f,0,0,0,0,2026-09-25,lat,0,,,,,,,,,,,,,,,,,,,,,,,0,,,0,0,0,0,0,0,0,10000,0,0,,0,,,,,,,,,,,1,17.7,0,1,25.4,0,none,none,,,0,0
none_timeout_ft0_rec0_l4k_v1off_t5,none,timeout,5,0,0,,,,,,,,,,1,nvft2v1_drv,bf69c73e0878,ca020e993de2,e1490a7d7d6f,0,0,0,0,2026-09-25,lat,0,,,,,,,,,,,,,,,,,,,,,,,0,,,0,0,0,0,0,0,0,10000,0,0,,0,,,,,,,,,,,1,17.5,0,1,25.5,0,none,none,,,0,0
none_timeout_ft0_rec0_l4k_v1off_t6,none,timeout,6,0,0,,,,,,,,,,1,nvft2v1_drv,bf69c73e0878,ca020e993de2,e1490a7d7d6f,0,0,0,0,2026-09-25,lat,0,,,,,,,,,,,,,,,,,,,,,,,0,,,0,0,0,0,0,0,0,10000,0,0,,0,,,,,,,,,,,1,17.5,0,1,25.6,0,none,none,,,0,0
none_timeout_ft0_rec0_l4k_v2off_t1,none,timeout,1,0,0,,,,,,,,,,1,nvft2_drv,0b5593a88916,e0d6fd1bd841,2eeda7780487,0,0,0,0,2026-09-25,lat,0,,,,,,,,,,,,,,,,,,,,,,,0,,,0,0,0,0,0,0,0,10000,0,0,,0,,,+0x2124a00,+0x2125a00,+0x2126a00,-0x0,+0x0,+0x0/0,56623104,,1,17.8,0,1,25.2,0,first barrier returned,first barrier returned,,,0,0
none_timeout_ft0_rec0_l4k_v2off_t2,none,timeout,2,0,0,,,,,,,,,,1,nvft2_drv,0b5593a88916,e0d6fd1bd841,2eeda7780487,0,0,0,0,2026-09-25,lat,0,,,,,,,,,,,,,,,,,,,,,,,0,,,0,0,0,0,0,0,0,10000,0,0,,0,,,+0x2124a00,+0x2125a00,+0x2126a00,-0x0,+0x0,+0x0/0,56623104,,1,19.7,0,1,26.2,0,first barrier returned,first barrier returned,,,0,0
none_timeout_ft0_rec0_l4k_v2off_t3,none,timeout,3,0,0,,,,,,,,,,1,nvft2_drv,0b5593a88916,e0d6fd1bd841,2eeda7780487,0,0,0,0,2026-09-25,lat,0,,,,,,,,,,,,,,,,,,,,,,,0,,,0,0,0,0,0,0,0,10000,0,0,,0,,,+0x2124a00,+0x2125a00,+0x2126a00,-0x0,+0x0,+0x0/0,56623104,,1,18.6,0,1,25.7,0,first barrier returned,first barrier returned,,,0,0
none_timeout_ft0_rec0_l4k_v2off_t4,none,timeout,4,0,0,,,,,,,,,,1,nvft2_drv,0b5593a88916,e0d6fd1bd841,2eeda7780487,0,0,0,0,2026-09-25,lat,0,,,,,,,,,,,,,,,,,,,,,,,0,,,0,0,0,0,0,0,0,10000,0,0,,0,,,+0x2124a00,+0x2125a00,+0x2126a00,-0x0,+0x0,+0x0/0,56623104,,1,17.6,0,1,25.9,0,first barrier returned,first barrier returned,,,0,0
none_timeout_ft0_rec0_l4k_v2off_t5,none,timeout,5,0,0,,,,,,,,,,1,nvft2_drv,0b5593a88916,e0d6fd1bd841,2eeda7780487,0,0,0,0,2026-09-25,lat,0,,,,,,,,,,,,,,,,,,,,,,,0,,,0,0,0,0,0,0,0,10000,0,0,,0,,,+0x2124a00,+0x2125a00,+0x2126a00,-0x0,+0x0,+0x0/0,56623104,,1,18.1,0,1,25.7,0,first barrier returned,first barrier returned,,,0,0
none_timeout_ft0_rec0_l4k_v2off_t6,none,timeout,6,0,0,,,,,,,,,,1,nvft2_drv,0b5593a88916,e0d6fd1bd841,2eeda7780487,0,0,0,0,2026-09-25,lat,0,,,,,,,,,,,,,,,,,,,,,,,0,,,0,0,0,0,0,0,0,10000,0,0,,0,,,+0x2124a00,+0x2125a00,+0x2126a00,-0x0,+0x0,+0x0/0,56623104,,1,17.3,0,1,26.0,0,first barrier returned,first barrier returned,,,0,0
none_timeout_ft1_rec0_l256k_v1on_t1,none,timeout,1,1,0,,,,,,,,,,1,nvft2v1_drv,bf69c73e0878,ca020e993de2,e1490a7d7d6f,0,0,0,0,2026-09-25,lat,1,in-loop,,,,,,,,,,,,,,,,,,,,,,0,,,0,0,0,0,0,0,0,10000,0,0,,0,,,,,,,,,,,1,18.1,0,1,25.5,0,none,none,,,0,0
none_timeout_ft1_rec0_l256k_v1on_t2,none,timeout,2,1,0,,,,,,,,,,1,nvft2v1_drv,bf69c73e0878,ca020e993de2,e1490a7d7d6f,0,0,0,0,2026-09-25,lat,1,in-loop,,,,,,,,,,,,,,,,,,,,,,0,,,0,0,0,0,0,0,0,10000,0,0,,0,,,,,,,,,,,1,18.4,0,1,25.6,0,none,none,,,0,0
none_timeout_ft1_rec0_l256k_v1on_t3,none,timeout,3,1,0,,,,,,,,,,1,nvft2v1_drv,bf69c73e0878,ca020e993de2,e1490a7d7d6f,0,0,0,0,2026-09-25,lat,1,in-loop,,,,,,,,,,,,,,,,,,,,,,0,,,0,0,0,0,0,0,0,10000,0,0,,0,,,,,,,,,,,1,17.8,0,1,25.7,0,none,none,,,0,0
none_timeout_ft1_rec0_l256k_v1on_t4,none,timeout,4,1,0,,,,,,,,,,1,nvft2v1_drv,bf69c73e0878,ca020e993de2,e1490a7d7d6f,0,0,0,0,2026-09-25,lat,1,in-loop,,,,,,,,,,,,,,,,,,,,,,0,,,0,0,0,0,0,0,0,10000,0,0,,0,,,,,,,,,,,1,17.8,0,1,25.5,0,none,none,,,0,0
none_timeout_ft1_rec0_l256k_v1on_t5,none,timeout,5,1,0,,,,,,,,,,1,nvft2v1_drv,bf69c73e0878,ca020e993de2,e1490a7d7d6f,0,0,0,0,2026-09-25,lat,1,in-loop,,,,,,,,,,,,,,,,,,,,,,0,,,0,0,0,0,0,0,0,10000,0,0,,0,,,,,,,,,,,1,17.9,0,1,25.7,0,none,none,,,0,0
none_timeout_ft1_rec0_l256k_v1on_t6,none,timeout,6,1,0,,,,,,,,,,1,nvft2v1_drv,bf69c73e0878,ca020e993de2,e1490a7d7d6f,0,0,0,0,2026-09-25,lat,1,in-loop,,,,,,,,,,,,,,,,,,,,,,0,,,0,0,0,0,0,0,0,10000,0,0,,0,,,,,,,,,,,1,17.7,0,1,25.6,0,none,none,,,0,0
none_timeout_ft1_rec0_l256k_v2bounds_t1,none,timeout,1,1,0,,1,,,,,,,,1,nvft2_drv,0b5593a88916,e0d6fd1bd841,2eeda7780487,0,0,0,0,2026-09-25,lat,1,in-loop,0,1(heap-level,,,,,,,,,,,,,,,,,,,,0,,,0,0,0,0,0,0,0,10000,0,0,,0,,,+0x2124a00,+0x2164a00,+0x21a4a00,-0x0,+0x0,+0x0/0,56623104,,1,21.4,0,1,28.1,0,first barrier returned,first barrier returned,,,0,0
none_timeout_ft1_rec0_l256k_v2bounds_t2,none,timeout,2,1,0,,1,,,,,,,,1,nvft2_drv,0b5593a88916,e0d6fd1bd841,2eeda7780487,0,0,0,0,2026-09-25,lat,1,in-loop,0,1(heap-level,,,,,,,,,,,,,,,,,,,,0,,,0,0,0,0,0,0,0,10000,0,0,,0,,,+0x2124a00,+0x2164a00,+0x21a4a00,-0x0,+0x0,+0x0/0,56623104,,1,20.2,0,1,27.5,0,first barrier returned,first barrier returned,,,0,0
none_timeout_ft1_rec0_l256k_v2bounds_t3,none,timeout,3,1,0,,1,,,,,,,,1,nvft2_drv,0b5593a88916,e0d6fd1bd841,2eeda7780487,0,0,0,0,2026-09-25,lat,1,in-loop,0,1(heap-level,,,,,,,,,,,,,,,,,,,,0,,,0,0,0,0,0,0,0,10000,0,0,,0,,,+0x2124a00,+0x2164a00,+0x21a4a00,-0x0,+0x0,+0x0/0,56623104,,1,19.0,0,1,27.1,0,first barrier returned,first barrier returned,,,0,0
none_timeout_ft1_rec0_l256k_v2bounds_t4,none,timeout,4,1,0,,1,,,,,,,,1,nvft2_drv,0b5593a88916,e0d6fd1bd841,2eeda7780487,0,0,0,0,2026-09-25,lat,1,in-loop,0,1(heap-level,,,,,,,,,,,,,,,,,,,,0,,,0,0,0,0,0,0,0,10000,0,0,,0,,,+0x2124a00,+0x2164a00,+0x21a4a00,-0x0,+0x0,+0x0/0,56623104,,1,19.2,0,1,27.2,0,first barrier returned,first barrier returned,,,0,0
none_timeout_ft1_rec0_l256k_v2bounds_t5,none,timeout,5,1,0,,1,,,,,,,,1,nvft2_drv,0b5593a88916,e0d6fd1bd841,2eeda7780487,0,0,0,0,2026-09-25,lat,1,in-loop,0,1(heap-level,,,,,,,,,,,,,,,,,,,,0,,,0,0,0,0,0,0,0,10000,0,0,,0,,,+0x2124a00,+0x2164a00,+0x21a4a00,-0x0,+0x0,+0x0/0,56623104,,1,19.6,0,1,27.6,0,first barrier returned,first barrier returned,,,0,0
none_timeout_ft1_rec0_l256k_v2bounds_t6,none,timeout,6,1,0,,1,,,,,,,,1,nvft2_drv,0b5593a88916,e0d6fd1bd841,2eeda7780487,0,0,0,0,2026-09-25,lat,1,in-loop,0,1(heap-level,,,,,,,,,,,,,,,,,,,,0,,,0,0,0,0,0,0,0,10000,0,0,,0,,,+0x2124a00,+0x2164a00,+0x21a4a00,-0x0,+0x0,+0x0/0,56623104,,1,19.3,0,1,27.5,0,first barrier returned,first barrier returned,,,0,0
none_timeout_ft1_rec0_l256k_v2coll_t1,none,timeout,1,1,0,,,,,,,,,,1,nvft2_drv,0b5593a88916,e0d6fd1bd841,2eeda7780487,0,0,0,0,2026-09-25,lat,1,in-loop,0,"0(off,",,,,,,,,,,,,,,,,,,,,0,,,0,0,0,0,0,0,0,10000,0,0,,0,,,+0x2124a00,+0x2164a00,+0x21a4a00,-0x0,+0x0,+0x0/0,56623104,,1,17.9,0,1,25.5,0,first barrier returned,first barrier returned,,,0,0
none_timeout_ft1_rec0_l256k_v2coll_t2,none,timeout,2,1,0,,,,,,,,,,1,nvft2_drv,0b5593a88916,e0d6fd1bd841,2eeda7780487,0,0,0,0,2026-09-25,lat,1,in-loop,0,"0(off,",,,,,,,,,,,,,,,,,,,,0,,,0,0,0,0,0,0,0,10000,0,0,,0,,,+0x2124a00,+0x2164a00,+0x21a4a00,-0x0,+0x0,+0x0/0,56623104,,1,18.9,0,1,26.1,0,first barrier returned,first barrier returned,,,0,0
none_timeout_ft1_rec0_l256k_v2coll_t3,none,timeout,3,1,0,,,,,,,,,,1,nvft2_drv,0b5593a88916,e0d6fd1bd841,2eeda7780487,0,0,0,0,2026-09-25,lat,1,in-loop,0,"0(off,",,,,,,,,,,,,,,,,,,,,0,,,0,0,0,0,0,0,0,10000,0,0,,0,,,+0x2124a00,+0x2164a00,+0x21a4a00,-0x0,+0x0,+0x0/0,56623104,,1,18.0,0,1,25.7,0,first barrier returned,first barrier returned,,,0,0
none_timeout_ft1_rec0_l256k_v2coll_t4,none,timeout,4,1,0,,,,,,,,,,1,nvft2_drv,0b5593a88916,e0d6fd1bd841,2eeda7780487,0,0,0,0,2026-09-25,lat,1,in-loop,0,"0(off,",,,,,,,,,,,,,,,,,,,,0,,,0,0,0,0,0,0,0,10000,0,0,,0,,,+0x2124a00,+0x2164a00,+0x21a4a00,-0x0,+0x0,+0x0/0,56623104,,1,17.8,0,1,25.7,0,first barrier returned,first barrier returned,,,0,0
none_timeout_ft1_rec0_l256k_v2coll_t5,none,timeout,5,1,0,,,,,,,,,,1,nvft2_drv,0b5593a88916,e0d6fd1bd841,2eeda7780487,0,0,0,0,2026-09-25,lat,1,in-loop,0,"0(off,",,,,,,,,,,,,,,,,,,,,0,,,0,0,0,0,0,0,0,10000,0,0,,0,,,+0x2124a00,+0x2164a00,+0x21a4a00,-0x0,+0x0,+0x0/0,56623104,,1,18.0,0,1,25.9,0,first barrier returned,first barrier returned,,,0,0
none_timeout_ft1_rec0_l256k_v2coll_t6,none,timeout,6,1,0,,,,,,,,,,1,nvft2_drv,0b5593a88916,e0d6fd1bd841,2eeda7780487,0,0,0,0,2026-09-25,lat,1,in-loop,0,"0(off,",,,,,,,,,,,,,,,,,,,,0,,,0,0,0,0,0,0,0,10000,0,0,,0,,,+0x2124a00,+0x2164a00,+0x21a4a00,-0x0,+0x0,+0x0/0,56623104,,1,17.7,0,1,26.1,0,first barrier returned,first barrier returned,,,0,0
none_timeout_ft1_rec0_l256k_v2ring_t1,none,timeout,1,1,0,1,,,,,,,,,1,nvft2_drv,0b5593a88916,e0d6fd1bd841,2eeda7780487,0,0,0,0,2026-09-25,lat,1,ring-walk,1,"0(off,",,,,,,,,,,,,,,,,,,,,0,,,0,0,0,0,0,0,0,10000,0,0,,0,,,+0x2124a00,+0x2164a00,+0x21a4a00,-0x0,+0x0,+0x0/0,56623104,,1,18.0,0,1,25.7,0,first barrier returned,first barrier returned,,,0,0
none_timeout_ft1_rec0_l256k_v2ring_t2,none,timeout,2,1,0,1,,,,,,,,,1,nvft2_drv,0b5593a88916,e0d6fd1bd841,2eeda7780487,0,0,0,0,2026-09-25,lat,1,ring-walk,1,"0(off,",,,,,,,,,,,,,,,,,,,,0,,,0,0,0,0,0,0,0,10000,0,0,,0,,,+0x2124a00,+0x2164a00,+0x21a4a00,-0x0,+0x0,+0x0/0,56623104,,1,18.6,0,1,25.9,0,first barrier returned,first barrier returned,,,0,0
none_timeout_ft1_rec0_l256k_v2ring_t3,none,timeout,3,1,0,1,,,,,,,,,1,nvft2_drv,0b5593a88916,e0d6fd1bd841,2eeda7780487,0,0,0,0,2026-09-25,lat,1,ring-walk,1,"0(off,",,,,,,,,,,,,,,,,,,,,0,,,0,0,0,0,0,0,0,10000,0,0,,0,,,+0x2124a00,+0x2164a00,+0x21a4a00,-0x0,+0x0,+0x0/0,56623104,,1,19.5,0,1,25.8,0,first barrier returned,first barrier returned,,,0,0
none_timeout_ft1_rec0_l256k_v2ring_t4,none,timeout,4,1,0,1,,,,,,,,,1,nvft2_drv,0b5593a88916,e0d6fd1bd841,2eeda7780487,0,0,0,0,2026-09-25,lat,1,ring-walk,1,"0(off,",,,,,,,,,,,,,,,,,,,,0,,,0,0,0,0,0,0,0,10000,0,0,,0,,,+0x2124a00,+0x2164a00,+0x21a4a00,-0x0,+0x0,+0x0/0,56623104,,1,17.7,0,1,25.7,0,first barrier returned,first barrier returned,,,0,0
none_timeout_ft1_rec0_l256k_v2ring_t5,none,timeout,5,1,0,1,,,,,,,,,1,nvft2_drv,0b5593a88916,e0d6fd1bd841,2eeda7780487,0,0,0,0,2026-09-25,lat,1,ring-walk,1,"0(off,",,,,,,,,,,,,,,,,,,,,0,,,0,0,0,0,0,0,0,10000,0,0,,0,,,+0x2124a00,+0x2164a00,+0x21a4a00,-0x0,+0x0,+0x0/0,56623104,,1,18.2,0,1,25.9,0,first barrier returned,first barrier returned,,,0,0
none_timeout_ft1_rec0_l256k_v2ring_t6,none,timeout,6,1,0,1,,,,,,,,,1,nvft2_drv,0b5593a88916,e0d6fd1bd841,2eeda7780487,0,0,0,0,2026-09-25,lat,1,ring-walk,1,"0(off,",,,,,,,,,,,,,,,,,,,,0,,,0,0,0,0,0,0,0,10000,0,0,,0,,,+0x2124a00,+0x2164a00,+0x21a4a00,-0x0,+0x0,+0x0/0,56623104,,1,17.6,0,1,25.9,0,first barrier returned,first barrier returned,,,0,0
none_timeout_ft1_rec0_l256k_v2ringbounds_t1,none,timeout,1,1,0,1,1,,,,,,,,1,nvft2_drv,0b5593a88916,e0d6fd1bd841,2eeda7780487,0,0,0,0,2026-09-25,lat,1,ring-walk,1,1(heap-level,,,,,,,,,,,,,,,,,,,,0,,,0,0,0,0,0,0,0,10000,0,0,,0,,,+0x2124a00,+0x2164a00,+0x21a4a00,-0x0,+0x0,+0x0/0,56623104,,1,19.9,0,1,27.5,0,first barrier returned,first barrier returned,,,0,0
none_timeout_ft1_rec0_l256k_v2ringbounds_t2,none,timeout,2,1,0,1,1,,,,,,,,1,nvft2_drv,0b5593a88916,e0d6fd1bd841,2eeda7780487,0,0,0,0,2026-09-25,lat,1,ring-walk,1,1(heap-level,,,,,,,,,,,,,,,,,,,,0,,,0,0,0,0,0,0,0,10000,0,0,,0,,,+0x2124a00,+0x2164a00,+0x21a4a00,-0x0,+0x0,+0x0/0,56623104,,1,20.2,0,1,27.4,0,first barrier returned,first barrier returned,,,0,0
none_timeout_ft1_rec0_l256k_v2ringbounds_t3,none,timeout,3,1,0,1,1,,,,,,,,1,nvft2_drv,0b5593a88916,e0d6fd1bd841,2eeda7780487,0,0,0,0,2026-09-25,lat,1,ring-walk,1,1(heap-level,,,,,,,,,,,,,,,,,,,,0,,,0,0,0,0,0,0,0,10000,0,0,,0,,,+0x2124a00,+0x2164a00,+0x21a4a00,-0x0,+0x0,+0x0/0,56623104,,1,19.1,0,1,27.1,0,first barrier returned,first barrier returned,,,0,0
none_timeout_ft1_rec0_l256k_v2ringbounds_t4,none,timeout,4,1,0,1,1,,,,,,,,1,nvft2_drv,0b5593a88916,e0d6fd1bd841,2eeda7780487,0,0,0,0,2026-09-25,lat,1,ring-walk,1,1(heap-level,,,,,,,,,,,,,,,,,,,,0,,,0,0,0,0,0,0,0,10000,0,0,,0,,,+0x2124a00,+0x2164a00,+0x21a4a00,-0x0,+0x0,+0x0/0,56623104,,1,19.3,0,1,27.2,0,first barrier returned,first barrier returned,,,0,0
none_timeout_ft1_rec0_l256k_v2ringbounds_t5,none,timeout,5,1,0,1,1,,,,,,,,1,nvft2_drv,0b5593a88916,e0d6fd1bd841,2eeda7780487,0,0,0,0,2026-09-25,lat,1,ring-walk,1,1(heap-level,,,,,,,,,,,,,,,,,,,,0,,,0,0,0,0,0,0,0,10000,0,0,,0,,,+0x2124a00,+0x2164a00,+0x21a4a00,-0x0,+0x0,+0x0/0,56623104,,1,20.3,0,1,29.5,0,first barrier returned,first barrier returned,,,0,0
none_timeout_ft1_rec0_l256k_v2ringbounds_t6,none,timeout,6,1,0,1,1,,,,,,,,1,nvft2_drv,0b5593a88916,e0d6fd1bd841,2eeda7780487,0,0,0,0,2026-09-25,lat,1,ring-walk,1,1(heap-level,,,,,,,,,,,,,,,,,,,,0,,,0,0,0,0,0,0,0,10000,0,0,,0,,,+0x2124a00,+0x2164a00,+0x21a4a00,-0x0,+0x0,+0x0/0,56623104,,1,19.3,0,1,27.5,0,first barrier returned,first barrier returned,,,0,0
none_timeout_ft1_rec0_l256k_v2sent_t1,none,timeout,1,1,0,,,,,,,,,200,1,nvft2_drv,0b5593a88916,e0d6fd1bd841,2eeda7780487,0,0,0,0,2026-09-25,lat,1,in-loop,0,"0(off,",,,,,,,,,,,,,,,,,,,,0,,,0,0,0,0,0,0,0,10000,0,0,,0,,,+0x2124a00,+0x2164a00,+0x21a4a00,-0x0,+0x0,+0x0/0,56623104,,1,17.8,0,1,25.5,0,first barrier returned,first barrier returned,,,0,0
none_timeout_ft1_rec0_l256k_v2sent_t2,none,timeout,2,1,0,,,,,,,,,200,1,nvft2_drv,0b5593a88916,e0d6fd1bd841,2eeda7780487,0,0,0,0,2026-09-25,lat,1,in-loop,0,"0(off,",,,,,,,,,,,,,,,,,,,,0,,,0,0,0,0,0,0,0,10000,0,0,,0,,,+0x2124a00,+0x2164a00,+0x21a4a00,-0x0,+0x0,+0x0/0,56623104,,1,19.0,0,1,26.0,0,first barrier returned,first barrier returned,,,0,0
none_timeout_ft1_rec0_l256k_v2sent_t3,none,timeout,3,1,0,,,,,,,,,200,1,nvft2_drv,0b5593a88916,e0d6fd1bd841,2eeda7780487,0,0,0,0,2026-09-25,lat,1,in-loop,0,"0(off,",,,,,,,,,,,,,,,,,,,,0,,,0,0,0,0,0,0,0,10000,0,0,,0,,,+0x2124a00,+0x2164a00,+0x21a4a00,-0x0,+0x0,+0x0/0,56623104,,1,17.9,0,1,25.7,0,first barrier returned,first barrier returned,,,0,0
none_timeout_ft1_rec0_l256k_v2sent_t4,none,timeout,4,1,0,,,,,,,,,200,1,nvft2_drv,0b5593a88916,e0d6fd1bd841,2eeda7780487,0,0,0,0,2026-09-25,lat,1,in-loop,0,"0(off,",,,,,,,,,,,,,,,,,,,,0,,,0,0,0,0,0,0,0,10000,0,0,,0,,,+0x2124a00,+0x2164a00,+0x21a4a00,-0x0,+0x0,+0x0/0,56623104,,1,17.8,0,1,25.8,0,first barrier returned,first barrier returned,,,0,0
none_timeout_ft1_rec0_l256k_v2sent_t5,none,timeout,5,1,0,,,,,,,,,200,1,nvft2_drv,0b5593a88916,e0d6fd1bd841,2eeda7780487,0,0,0,0,2026-09-25,lat,1,in-loop,0,"0(off,",,,,,,,,,,,,,,,,,,,,0,,,0,0,0,0,0,0,0,10000,0,0,,0,,,+0x2124a00,+0x2164a00,+0x21a4a00,-0x0,+0x0,+0x0/0,56623104,,1,17.8,0,1,25.9,0,first barrier returned,first barrier returned,,,0,0
none_timeout_ft1_rec0_l256k_v2sent_t6,none,timeout,6,1,0,,,,,,,,,200,1,nvft2_drv,0b5593a88916,e0d6fd1bd841,2eeda7780487,0,0,0,0,2026-09-25,lat,1,in-loop,0,"0(off,",,,,,,,,,,,,,,,,,,,,0,,,0,0,0,0,0,0,0,10000,0,0,,0,,,+0x2124a00,+0x2164a00,+0x21a4a00,-0x0,+0x0,+0x0/0,56623104,,1,17.6,0,1,25.9,0,first barrier returned,first barrier returned,,,0,0
none_timeout_ft1_rec0_l4k_v1on_t1,none,timeout,1,1,0,,,,,,,,,,1,nvft2v1_drv,bf69c73e0878,ca020e993de2,e1490a7d7d6f,0,0,0,0,2026-09-25,lat,1,in-loop,,,,,,,,,,,,,,,,,,,,,,0,,,0,0,0,0,0,0,0,10000,0,0,,0,,,,,,,,,,,1,17.8,0,1,25.8,0,none,none,,,0,0
none_timeout_ft1_rec0_l4k_v1on_t2,none,timeout,2,1,0,,,,,,,,,,1,nvft2v1_drv,bf69c73e0878,ca020e993de2,e1490a7d7d6f,0,0,0,0,2026-09-25,lat,1,in-loop,,,,,,,,,,,,,,,,,,,,,,0,,,0,0,0,0,0,0,0,10000,0,0,,0,,,,,,,,,,,1,18.3,0,1,25.7,0,none,none,,,0,0
none_timeout_ft1_rec0_l4k_v1on_t3,none,timeout,3,1,0,,,,,,,,,,1,nvft2v1_drv,bf69c73e0878,ca020e993de2,e1490a7d7d6f,0,0,0,0,2026-09-25,lat,1,in-loop,,,,,,,,,,,,,,,,,,,,,,0,,,0,0,0,0,0,0,0,10000,0,0,,0,,,,,,,,,,,1,18.5,0,1,25.9,0,none,none,,,0,0
none_timeout_ft1_rec0_l4k_v1on_t4,none,timeout,4,1,0,,,,,,,,,,1,nvft2v1_drv,bf69c73e0878,ca020e993de2,e1490a7d7d6f,0,0,0,0,2026-09-25,lat,1,in-loop,,,,,,,,,,,,,,,,,,,,,,0,,,0,0,0,0,0,0,0,10000,0,0,,0,,,,,,,,,,,1,17.3,0,1,25.4,0,none,none,,,0,0
none_timeout_ft1_rec0_l4k_v1on_t5,none,timeout,5,1,0,,,,,,,,,,1,nvft2v1_drv,bf69c73e0878,ca020e993de2,e1490a7d7d6f,0,0,0,0,2026-09-25,lat,1,in-loop,,,,,,,,,,,,,,,,,,,,,,0,,,0,0,0,0,0,0,0,10000,0,0,,0,,,,,,,,,,,1,17.5,0,1,25.4,0,none,none,,,0,0
none_timeout_ft1_rec0_l4k_v1on_t6,none,timeout,6,1,0,,,,,,,,,,1,nvft2v1_drv,bf69c73e0878,ca020e993de2,e1490a7d7d6f,0,0,0,0,2026-09-25,lat,1,in-loop,,,,,,,,,,,,,,,,,,,,,,0,,,0,0,0,0,0,0,0,10000,0,0,,0,,,,,,,,,,,1,17.3,0,1,25.6,0,none,none,,,0,0
none_timeout_ft1_rec0_l4k_v2bounds_t1,none,timeout,1,1,0,,1,,,,,,,,1,nvft2_drv,0b5593a88916,e0d6fd1bd841,2eeda7780487,0,0,0,0,2026-09-25,lat,1,in-loop,0,1(heap-level,,,,,,,,,,,,,,,,,,,,0,,,0,0,0,0,0,0,0,10000,0,0,,0,,,+0x2124a00,+0x2125a00,+0x2126a00,-0x0,+0x0,+0x0/0,56623104,,1,18.7,0,1,27.2,0,first barrier returned,first barrier returned,,,0,0
none_timeout_ft1_rec0_l4k_v2bounds_t2,none,timeout,2,1,0,,1,,,,,,,,1,nvft2_drv,0b5593a88916,e0d6fd1bd841,2eeda7780487,0,0,0,0,2026-09-25,lat,1,in-loop,0,1(heap-level,,,,,,,,,,,,,,,,,,,,0,,,0,0,0,0,0,0,0,10000,0,0,,0,,,+0x2124a00,+0x2125a00,+0x2126a00,-0x0,+0x0,+0x0/0,56623104,,1,20.2,0,1,27.3,0,first barrier returned,first barrier returned,,,0,0
none_timeout_ft1_rec0_l4k_v2bounds_t3,none,timeout,3,1,0,,1,,,,,,,,1,nvft2_drv,0b5593a88916,e0d6fd1bd841,2eeda7780487,0,0,0,0,2026-09-25,lat,1,in-loop,0,1(heap-level,,,,,,,,,,,,,,,,,,,,0,,,0,0,0,0,0,0,0,10000,0,0,,0,,,+0x2124a00,+0x2125a00,+0x2126a00,-0x0,+0x0,+0x0/0,56623104,,1,20.1,0,1,27.3,0,first barrier returned,first barrier returned,,,0,0
none_timeout_ft1_rec0_l4k_v2bounds_t4,none,timeout,4,1,0,,1,,,,,,,,1,nvft2_drv,0b5593a88916,e0d6fd1bd841,2eeda7780487,0,0,0,0,2026-09-25,lat,1,in-loop,0,1(heap-level,,,,,,,,,,,,,,,,,,,,0,,,0,0,0,0,0,0,0,10000,0,0,,0,,,+0x2124a00,+0x2125a00,+0x2126a00,-0x0,+0x0,+0x0/0,56623104,,1,19.2,0,1,27.3,0,first barrier returned,first barrier returned,,,0,0
none_timeout_ft1_rec0_l4k_v2bounds_t5,none,timeout,5,1,0,,1,,,,,,,,1,nvft2_drv,0b5593a88916,e0d6fd1bd841,2eeda7780487,0,0,0,0,2026-09-25,lat,1,in-loop,0,1(heap-level,,,,,,,,,,,,,,,,,,,,0,,,0,0,0,0,0,0,0,10000,0,0,,0,,,+0x2124a00,+0x2125a00,+0x2126a00,-0x0,+0x0,+0x0/0,56623104,,1,19.2,0,1,27.3,0,first barrier returned,first barrier returned,,,0,0
none_timeout_ft1_rec0_l4k_v2bounds_t6,none,timeout,6,1,0,,1,,,,,,,,1,nvft2_drv,0b5593a88916,e0d6fd1bd841,2eeda7780487,0,0,0,0,2026-09-25,lat,1,in-loop,0,1(heap-level,,,,,,,,,,,,,,,,,,,,0,,,0,0,0,0,0,0,0,10000,0,0,,0,,,+0x2124a00,+0x2125a00,+0x2126a00,-0x0,+0x0,+0x0/0,56623104,,1,19.0,0,1,27.2,0,first barrier returned,first barrier returned,,,0,0
none_timeout_ft1_rec0_l4k_v2coll_t1,none,timeout,1,1,0,,,,,,,,,,1,nvft2_drv,0b5593a88916,e0d6fd1bd841,2eeda7780487,0,0,0,0,2026-09-25,lat,1,in-loop,0,"0(off,",,,,,,,,,,,,,,,,,,,,0,,,0,0,0,0,0,0,0,10000,0,0,,0,,,+0x2124a00,+0x2125a00,+0x2126a00,-0x0,+0x0,+0x0/0,56623104,,1,17.4,0,1,25.6,0,first barrier returned,first barrier returned,,,0,0
none_timeout_ft1_rec0_l4k_v2coll_t2,none,timeout,2,1,0,,,,,,,,,,1,nvft2_drv,0b5593a88916,e0d6fd1bd841,2eeda7780487,0,0,0,0,2026-09-25,lat,1,in-loop,0,"0(off,",,,,,,,,,,,,,,,,,,,,0,,,0,0,0,0,0,0,0,10000,0,0,,0,,,+0x2124a00,+0x2125a00,+0x2126a00,-0x0,+0x0,+0x0/0,56623104,,1,18.7,0,1,26.0,0,first barrier returned,first barrier returned,,,0,0
none_timeout_ft1_rec0_l4k_v2coll_t3,none,timeout,3,1,0,,,,,,,,,,1,nvft2_drv,0b5593a88916,e0d6fd1bd841,2eeda7780487,0,0,0,0,2026-09-25,lat,1,in-loop,0,"0(off,",,,,,,,,,,,,,,,,,,,,0,,,0,0,0,0,0,0,0,10000,0,0,,0,,,+0x2124a00,+0x2125a00,+0x2126a00,-0x0,+0x0,+0x0/0,56623104,,1,18.8,0,1,25.8,0,first barrier returned,first barrier returned,,,0,0
none_timeout_ft1_rec0_l4k_v2coll_t4,none,timeout,4,1,0,,,,,,,,,,1,nvft2_drv,0b5593a88916,e0d6fd1bd841,2eeda7780487,0,0,0,0,2026-09-25,lat,1,in-loop,0,"0(off,",,,,,,,,,,,,,,,,,,,,0,,,0,0,0,0,0,0,0,10000,0,0,,0,,,+0x2124a00,+0x2125a00,+0x2126a00,-0x0,+0x0,+0x0/0,56623104,,1,17.6,0,1,25.6,0,first barrier returned,first barrier returned,,,0,0
none_timeout_ft1_rec0_l4k_v2coll_t5,none,timeout,5,1,0,,,,,,,,,,1,nvft2_drv,0b5593a88916,e0d6fd1bd841,2eeda7780487,0,0,0,0,2026-09-25,lat,1,in-loop,0,"0(off,",,,,,,,,,,,,,,,,,,,,0,,,0,0,0,0,0,0,0,10000,0,0,,0,,,+0x2124a00,+0x2125a00,+0x2126a00,-0x0,+0x0,+0x0/0,56623104,,1,17.5,0,1,25.5,0,first barrier returned,first barrier returned,,,0,0
none_timeout_ft1_rec0_l4k_v2coll_t6,none,timeout,6,1,0,,,,,,,,,,1,nvft2_drv,0b5593a88916,e0d6fd1bd841,2eeda7780487,0,0,0,0,2026-09-25,lat,1,in-loop,0,"0(off,",,,,,,,,,,,,,,,,,,,,0,,,0,0,0,0,0,0,0,10000,0,0,,0,,,+0x2124a00,+0x2125a00,+0x2126a00,-0x0,+0x0,+0x0/0,56623104,,1,17.5,0,1,25.9,0,first barrier returned,first barrier returned,,,0,0
none_timeout_ft1_rec0_l4k_v2ring_t1,none,timeout,1,1,0,1,,,,,,,,,1,nvft2_drv,0b5593a88916,e0d6fd1bd841,2eeda7780487,0,0,0,0,2026-09-25,lat,1,ring-walk,1,"0(off,",,,,,,,,,,,,,,,,,,,,0,,,0,0,0,0,0,0,0,10000,0,0,,0,,,+0x2124a00,+0x2125a00,+0x2126a00,-0x0,+0x0,+0x0/0,56623104,,1,17.6,0,1,25.5,0,first barrier returned,first barrier returned,,,0,0
none_timeout_ft1_rec0_l4k_v2ring_t2,none,timeout,2,1,0,1,,,,,,,,,1,nvft2_drv,0b5593a88916,e0d6fd1bd841,2eeda7780487,0,0,0,0,2026-09-25,lat,1,ring-walk,1,"0(off,",,,,,,,,,,,,,,,,,,,,0,,,0,0,0,0,0,0,0,10000,0,0,,0,,,+0x2124a00,+0x2125a00,+0x2126a00,-0x0,+0x0,+0x0/0,56623104,,1,18.7,0,1,25.9,0,first barrier returned,first barrier returned,,,0,0
none_timeout_ft1_rec0_l4k_v2ring_t3,none,timeout,3,1,0,1,,,,,,,,,1,nvft2_drv,0b5593a88916,e0d6fd1bd841,2eeda7780487,0,0,0,0,2026-09-25,lat,1,ring-walk,1,"0(off,",,,,,,,,,,,,,,,,,,,,0,,,0,0,0,0,0,0,0,10000,0,0,,0,,,+0x2124a00,+0x2125a00,+0x2126a00,-0x0,+0x0,+0x0/0,56623104,,1,18.6,0,1,25.7,0,first barrier returned,first barrier returned,,,0,0
none_timeout_ft1_rec0_l4k_v2ring_t4,none,timeout,4,1,0,1,,,,,,,,,1,nvft2_drv,0b5593a88916,e0d6fd1bd841,2eeda7780487,0,0,0,0,2026-09-25,lat,1,ring-walk,1,"0(off,",,,,,,,,,,,,,,,,,,,,0,,,0,0,0,0,0,0,0,10000,0,0,,0,,,+0x2124a00,+0x2125a00,+0x2126a00,-0x0,+0x0,+0x0/0,56623104,,1,17.5,0,1,25.7,0,first barrier returned,first barrier returned,,,0,0
none_timeout_ft1_rec0_l4k_v2ring_t5,none,timeout,5,1,0,1,,,,,,,,,1,nvft2_drv,0b5593a88916,e0d6fd1bd841,2eeda7780487,0,0,0,0,2026-09-25,lat,1,ring-walk,1,"0(off,",,,,,,,,,,,,,,,,,,,,0,,,0,0,0,0,0,0,0,10000,0,0,,0,,,+0x2124a00,+0x2125a00,+0x2126a00,-0x0,+0x0,+0x0/0,56623104,,1,17.6,0,1,25.7,0,first barrier returned,first barrier returned,,,0,0
none_timeout_ft1_rec0_l4k_v2ring_t6,none,timeout,6,1,0,1,,,,,,,,,1,nvft2_drv,0b5593a88916,e0d6fd1bd841,2eeda7780487,0,0,0,0,2026-09-25,lat,1,ring-walk,1,"0(off,",,,,,,,,,,,,,,,,,,,,0,,,0,0,0,0,0,0,0,10000,0,0,,0,,,+0x2124a00,+0x2125a00,+0x2126a00,-0x0,+0x0,+0x0/0,56623104,,1,17.5,0,1,26.1,0,first barrier returned,first barrier returned,,,0,0
none_timeout_ft1_rec0_l4k_v2ringbounds_t1,none,timeout,1,1,0,1,1,,,,,,,,1,nvft2_drv,0b5593a88916,e0d6fd1bd841,2eeda7780487,0,0,0,0,2026-09-25,lat,1,ring-walk,1,1(heap-level,,,,,,,,,,,,,,,,,,,,0,,,0,0,0,0,0,0,0,10000,0,0,,0,,,+0x2124a00,+0x2125a00,+0x2126a00,-0x0,+0x0,+0x0/0,56623104,,1,18.7,0,1,26.9,0,first barrier returned,first barrier returned,,,0,0
none_timeout_ft1_rec0_l4k_v2ringbounds_t2,none,timeout,2,1,0,1,1,,,,,,,,1,nvft2_drv,0b5593a88916,e0d6fd1bd841,2eeda7780487,0,0,0,0,2026-09-25,lat,1,ring-walk,1,1(heap-level,,,,,,,,,,,,,,,,,,,,0,,,0,0,0,0,0,0,0,10000,0,0,,0,,,+0x2124a00,+0x2125a00,+0x2126a00,-0x0,+0x0,+0x0/0,56623104,,1,19.9,0,1,27.2,0,first barrier returned,first barrier returned,,,0,0
none_timeout_ft1_rec0_l4k_v2ringbounds_t3,none,timeout,3,1,0,1,1,,,,,,,,1,nvft2_drv,0b5593a88916,e0d6fd1bd841,2eeda7780487,0,0,0,0,2026-09-25,lat,1,ring-walk,1,1(heap-level,,,,,,,,,,,,,,,,,,,,0,,,0,0,0,0,0,0,0,10000,0,0,,0,,,+0x2124a00,+0x2125a00,+0x2126a00,-0x0,+0x0,+0x0/0,56623104,,1,19.3,0,1,27.1,0,first barrier returned,first barrier returned,,,0,0
none_timeout_ft1_rec0_l4k_v2ringbounds_t4,none,timeout,4,1,0,1,1,,,,,,,,1,nvft2_drv,0b5593a88916,e0d6fd1bd841,2eeda7780487,0,0,0,0,2026-09-25,lat,1,ring-walk,1,1(heap-level,,,,,,,,,,,,,,,,,,,,0,,,0,0,0,0,0,0,0,10000,0,0,,0,,,+0x2124a00,+0x2125a00,+0x2126a00,-0x0,+0x0,+0x0/0,56623104,,1,19.0,0,1,27.1,0,first barrier returned,first barrier returned,,,0,0
none_timeout_ft1_rec0_l4k_v2ringbounds_t5,none,timeout,5,1,0,1,1,,,,,,,,1,nvft2_drv,0b5593a88916,e0d6fd1bd841,2eeda7780487,0,0,0,0,2026-09-25,lat,1,ring-walk,1,1(heap-level,,,,,,,,,,,,,,,,,,,,0,,,0,0,0,0,0,0,0,10000,0,0,,0,,,+0x2124a00,+0x2125a00,+0x2126a00,-0x0,+0x0,+0x0/0,56623104,,1,19.4,0,1,27.2,0,first barrier returned,first barrier returned,,,0,0
none_timeout_ft1_rec0_l4k_v2ringbounds_t6,none,timeout,6,1,0,1,1,,,,,,,,1,nvft2_drv,0b5593a88916,e0d6fd1bd841,2eeda7780487,0,0,0,0,2026-09-25,lat,1,ring-walk,1,1(heap-level,,,,,,,,,,,,,,,,,,,,0,,,0,0,0,0,0,0,0,10000,0,0,,0,,,+0x2124a00,+0x2125a00,+0x2126a00,-0x0,+0x0,+0x0/0,56623104,,1,18.8,0,1,27.1,0,first barrier returned,first barrier returned,,,0,0
none_timeout_ft1_rec0_l4k_v2sent_t1,none,timeout,1,1,0,,,,,,,,,200,1,nvft2_drv,0b5593a88916,e0d6fd1bd841,2eeda7780487,0,0,0,0,2026-09-25,lat,1,in-loop,0,"0(off,",,,,,,,,,,,,,,,,,,,,0,,,0,0,0,0,0,0,0,10000,0,0,,0,,,+0x2124a00,+0x2125a00,+0x2126a00,-0x0,+0x0,+0x0/0,56623104,,1,17.4,0,1,25.5,0,first barrier returned,first barrier returned,,,0,0
none_timeout_ft1_rec0_l4k_v2sent_t2,none,timeout,2,1,0,,,,,,,,,200,1,nvft2_drv,0b5593a88916,e0d6fd1bd841,2eeda7780487,0,0,0,0,2026-09-25,lat,1,in-loop,0,"0(off,",,,,,,,,,,,,,,,,,,,,0,,,0,0,0,0,0,0,0,10000,0,0,,0,,,+0x2124a00,+0x2125a00,+0x2126a00,-0x0,+0x0,+0x0/0,56623104,,1,18.9,0,1,25.8,0,first barrier returned,first barrier returned,,,0,0
none_timeout_ft1_rec0_l4k_v2sent_t3,none,timeout,3,1,0,,,,,,,,,200,1,nvft2_drv,0b5593a88916,e0d6fd1bd841,2eeda7780487,0,0,0,0,2026-09-25,lat,1,in-loop,0,"0(off,",,,,,,,,,,,,,,,,,,,,0,,,0,0,0,0,0,0,0,10000,0,0,,0,,,+0x2124a00,+0x2125a00,+0x2126a00,-0x0,+0x0,+0x0/0,56623104,,1,18.7,0,1,25.8,0,first barrier returned,first barrier returned,,,0,0
none_timeout_ft1_rec0_l4k_v2sent_t4,none,timeout,4,1,0,,,,,,,,,200,1,nvft2_drv,0b5593a88916,e0d6fd1bd841,2eeda7780487,0,0,0,0,2026-09-25,lat,1,in-loop,0,"0(off,",,,,,,,,,,,,,,,,,,,,0,,,0,0,0,0,0,0,0,10000,0,0,,0,,,+0x2124a00,+0x2125a00,+0x2126a00,-0x0,+0x0,+0x0/0,56623104,,1,17.7,0,1,25.6,0,first barrier returned,first barrier returned,,,0,0
none_timeout_ft1_rec0_l4k_v2sent_t5,none,timeout,5,1,0,,,,,,,,,200,1,nvft2_drv,0b5593a88916,e0d6fd1bd841,2eeda7780487,0,0,0,0,2026-09-25,lat,1,in-loop,0,"0(off,",,,,,,,,,,,,,,,,,,,,0,,,0,0,0,0,0,0,0,10000,0,0,,0,,,+0x2124a00,+0x2125a00,+0x2126a00,-0x0,+0x0,+0x0/0,56623104,,1,17.6,0,1,25.6,0,first barrier returned,first barrier returned,,,0,0
none_timeout_ft1_rec0_l4k_v2sent_t6,none,timeout,6,1,0,,,,,,,,,200,1,nvft2_drv,0b5593a88916,e0d6fd1bd841,2eeda7780487,0,0,0,0,2026-09-25,lat,1,in-loop,0,"0(off,",,,,,,,,,,,,,,,,,,,,0,,,0,0,0,0,0,0,0,10000,0,0,,0,,,+0x2124a00,+0x2125a00,+0x2126a00,-0x0,+0x0,+0x0/0,56623104,,1,17.5,0,1,25.9,0,first barrier returned,first barrier returned,,,0,0
none_timeout_ft0_rec0_l256k_v2off_t1,none,timeout,1,0,0,,,,,,,,,,1,nvft2_drv,519ecf63c0ca,e0d6fd1bd841,612fde2b0af6,0,0,0,0,2026-09-25,lat_final,0,,,,,,,,,,,,,,,,,,,,,,,0,,,0,0,0,0,0,0,0,10000,0,0,,0,,,+0x2124a00,+0x2164a00,+0x21a4a00,-0x0,+0x0,+0x0/0,56623104,,1,17.7,0,1,26.0,0,first barrier returned,first barrier returned,,,0,0
none_timeout_ft0_rec0_l256k_v2off_t2,none,timeout,2,0,0,,,,,,,,,,1,nvft2_drv,519ecf63c0ca,e0d6fd1bd841,612fde2b0af6,0,0,0,0,2026-09-25,lat_final,0,,,,,,,,,,,,,,,,,,,,,,,0,,,0,0,0,0,0,0,0,10000,0,0,,0,,,+0x2124a00,+0x2164a00,+0x21a4a00,-0x0,+0x0,+0x0/0,56623104,,1,17.3,0,1,26.1,0,first barrier returned,first barrier returned,,,0,0
none_timeout_ft0_rec0_l256k_v2off_t3,none,timeout,3,0,0,,,,,,,,,,1,nvft2_drv,519ecf63c0ca,e0d6fd1bd841,612fde2b0af6,0,0,0,0,2026-09-25,lat_final,0,,,,,,,,,,,,,,,,,,,,,,,0,,,0,0,0,0,0,0,0,10000,0,0,,0,,,+0x2124a00,+0x2164a00,+0x21a4a00,-0x0,+0x0,+0x0/0,56623104,,1,18.0,0,1,25.6,0,first barrier returned,first barrier returned,,,0,0
none_timeout_ft0_rec0_l4k_v2off_t1,none,timeout,1,0,0,,,,,,,,,,1,nvft2_drv,519ecf63c0ca,e0d6fd1bd841,612fde2b0af6,0,0,0,0,2026-09-25,lat_final,0,,,,,,,,,,,,,,,,,,,,,,,0,,,0,0,0,0,0,0,0,10000,0,0,,0,,,+0x2124a00,+0x2125a00,+0x2126a00,-0x0,+0x0,+0x0/0,56623104,,1,19.3,0,1,25.8,0,first barrier returned,first barrier returned,,,0,0
none_timeout_ft0_rec0_l4k_v2off_t2,none,timeout,2,0,0,,,,,,,,,,1,nvft2_drv,519ecf63c0ca,e0d6fd1bd841,612fde2b0af6,0,0,0,0,2026-09-25,lat_final,0,,,,,,,,,,,,,,,,,,,,,,,0,,,0,0,0,0,0,0,0,10000,0,0,,0,,,+0x2124a00,+0x2125a00,+0x2126a00,-0x0,+0x0,+0x0/0,56623104,,1,17.4,0,1,25.7,0,first barrier returned,first barrier returned,,,0,0
none_timeout_ft0_rec0_l4k_v2off_t3,none,timeout,3,0,0,,,,,,,,,,1,nvft2_drv,519ecf63c0ca,e0d6fd1bd841,612fde2b0af6,0,0,0,0,2026-09-25,lat_final,0,,,,,,,,,,,,,,,,,,,,,,,0,,,0,0,0,0,0,0,0,10000,0,0,,0,,,+0x2124a00,+0x2125a00,+0x2126a00,-0x0,+0x0,+0x0/0,56623104,,1,17.4,0,1,25.9,0,first barrier returned,first barrier returned,,,0,0
none_timeout_ft1_rec0_l256k_v2bounds_t1,none,timeout,1,1,0,,1,,,,,,,,1,nvft2_drv,519ecf63c0ca,e0d6fd1bd841,612fde2b0af6,0,0,0,0,2026-09-25,lat_final,1,in-loop,0,1(heap-level,,,,,,,,,,,,,,,,,,,,0,,,0,0,0,0,0,0,0,10000,0,0,,0,,,+0x2124a00,+0x2164a00,+0x21a4a00,-0x0,+0x0,+0x0/0,56623104,,1,19.1,0,1,27.3,0,first barrier returned,first barrier returned,,,0,0
none_timeout_ft1_rec0_l256k_v2bounds_t2,none,timeout,2,1,0,,1,,,,,,,,1,nvft2_drv,519ecf63c0ca,e0d6fd1bd841,612fde2b0af6,0,0,0,0,2026-09-25,lat_final,1,in-loop,0,1(heap-level,,,,,,,,,,,,,,,,,,,,0,,,0,0,0,0,0,0,0,10000,0,0,,0,,,+0x2124a00,+0x2164a00,+0x21a4a00,-0x0,+0x0,+0x0/0,56623104,,1,19.1,0,1,27.3,0,first barrier returned,first barrier returned,,,0,0
none_timeout_ft1_rec0_l256k_v2bounds_t3,none,timeout,3,1,0,,1,,,,,,,,1,nvft2_drv,519ecf63c0ca,e0d6fd1bd841,612fde2b0af6,0,0,0,0,2026-09-25,lat_final,1,in-loop,0,1(heap-level,,,,,,,,,,,,,,,,,,,,0,,,0,0,0,0,0,0,0,10000,0,0,,0,,,+0x2124a00,+0x2164a00,+0x21a4a00,-0x0,+0x0,+0x0/0,56623104,,1,19.3,0,1,27.4,0,first barrier returned,first barrier returned,,,0,0
none_timeout_ft1_rec0_l256k_v2coll_t1,none,timeout,1,1,0,,,,,,,,,,1,nvft2_drv,519ecf63c0ca,e0d6fd1bd841,612fde2b0af6,0,0,0,0,2026-09-25,lat_final,1,in-loop,0,"0(off,",,,,,,,,,,,,,,,,,,,,0,,,0,0,0,0,0,0,0,10000,0,0,,0,,,+0x2124a00,+0x2164a00,+0x21a4a00,-0x0,+0x0,+0x0/0,56623104,,1,17.9,0,1,25.7,0,first barrier returned,first barrier returned,,,0,0
none_timeout_ft1_rec0_l256k_v2coll_t2,none,timeout,2,1,0,,,,,,,,,,1,nvft2_drv,519ecf63c0ca,e0d6fd1bd841,612fde2b0af6,0,0,0,0,2026-09-25,lat_final,1,in-loop,0,"0(off,",,,,,,,,,,,,,,,,,,,,0,,,0,0,0,0,0,0,0,10000,0,0,,0,,,+0x2124a00,+0x2164a00,+0x21a4a00,-0x0,+0x0,+0x0/0,56623104,,1,17.7,0,1,25.9,0,first barrier returned,first barrier returned,,,0,0
none_timeout_ft1_rec0_l256k_v2coll_t3,none,timeout,3,1,0,,,,,,,,,,1,nvft2_drv,519ecf63c0ca,e0d6fd1bd841,612fde2b0af6,0,0,0,0,2026-09-25,lat_final,1,in-loop,0,"0(off,",,,,,,,,,,,,,,,,,,,,0,,,0,0,0,0,0,0,0,10000,0,0,,0,,,+0x2124a00,+0x2164a00,+0x21a4a00,-0x0,+0x0,+0x0/0,56623104,,1,17.4,0,1,25.8,0,first barrier returned,first barrier returned,,,0,0
none_timeout_ft1_rec0_l256k_v2ring_t1,none,timeout,1,1,0,1,,,,,,,,,1,nvft2_drv,519ecf63c0ca,e0d6fd1bd841,612fde2b0af6,0,0,0,0,2026-09-25,lat_final,1,ring-walk,1,"0(off,",,,,,,,,,,,,,,,,,,,,0,,,0,0,0,0,0,0,0,10000,0,0,,0,,,+0x2124a00,+0x2164a00,+0x21a4a00,-0x0,+0x0,+0x0/0,56623104,,1,17.5,0,1,25.9,0,first barrier returned,first barrier returned,,,0,0
none_timeout_ft1_rec0_l256k_v2ring_t2,none,timeout,2,1,0,1,,,,,,,,,1,nvft2_drv,519ecf63c0ca,e0d6fd1bd841,612fde2b0af6,0,0,0,0,2026-09-25,lat_final,1,ring-walk,1,"0(off,",,,,,,,,,,,,,,,,,,,,0,,,0,0,0,0,0,0,0,10000,0,0,,0,,,+0x2124a00,+0x2164a00,+0x21a4a00,-0x0,+0x0,+0x0/0,56623104,,1,18.0,0,1,25.9,0,first barrier returned,first barrier returned,,,0,0
none_timeout_ft1_rec0_l256k_v2ring_t3,none,timeout,3,1,0,1,,,,,,,,,1,nvft2_drv,519ecf63c0ca,e0d6fd1bd841,612fde2b0af6,0,0,0,0,2026-09-25,lat_final,1,ring-walk,1,"0(off,",,,,,,,,,,,,,,,,,,,,0,,,0,0,0,0,0,0,0,10000,0,0,,0,,,+0x2124a00,+0x2164a00,+0x21a4a00,-0x0,+0x0,+0x0/0,56623104,,1,17.6,0,1,25.9,0,first barrier returned,first barrier returned,,,0,0
none_timeout_ft1_rec0_l4k_v2bounds_t1,none,timeout,1,1,0,,1,,,,,,,,1,nvft2_drv,519ecf63c0ca,e0d6fd1bd841,612fde2b0af6,0,0,0,0,2026-09-25,lat_final,1,in-loop,0,1(heap-level,,,,,,,,,,,,,,,,,,,,0,,,0,0,0,0,0,0,0,10000,0,0,,0,,,+0x2124a00,+0x2125a00,+0x2126a00,-0x0,+0x0,+0x0/0,56623104,,1,18.8,0,1,27.1,0,first barrier returned,first barrier returned,,,0,0
none_timeout_ft1_rec0_l4k_v2bounds_t2,none,timeout,2,1,0,,1,,,,,,,,1,nvft2_drv,519ecf63c0ca,e0d6fd1bd841,612fde2b0af6,0,0,0,0,2026-09-25,lat_final,1,in-loop,0,1(heap-level,,,,,,,,,,,,,,,,,,,,0,,,0,0,0,0,0,0,0,10000,0,0,,0,,,+0x2124a00,+0x2125a00,+0x2126a00,-0x0,+0x0,+0x0/0,56623104,,1,19.6,0,1,27.5,0,first barrier returned,first barrier returned,,,0,0
none_timeout_ft1_rec0_l4k_v2bounds_t3,none,timeout,3,1,0,,1,,,,,,,,1,nvft2_drv,519ecf63c0ca,e0d6fd1bd841,612fde2b0af6,0,0,0,0,2026-09-25,lat_final,1,in-loop,0,1(heap-level,,,,,,,,,,,,,,,,,,,,0,,,0,0,0,0,0,0,0,10000,0,0,,0,,,+0x2124a00,+0x2125a00,+0x2126a00,-0x0,+0x0,+0x0/0,56623104,,1,18.9,0,1,27.3,0,first barrier returned,first barrier returned,,,0,0
none_timeout_ft1_rec0_l4k_v2coll_t1,none,timeout,1,1,0,,,,,,,,,,1,nvft2_drv,519ecf63c0ca,e0d6fd1bd841,612fde2b0af6,0,0,0,0,2026-09-25,lat_final,1,in-loop,0,"0(off,",,,,,,,,,,,,,,,,,,,,0,,,0,0,0,0,0,0,0,10000,0,0,,0,,,+0x2124a00,+0x2125a00,+0x2126a00,-0x0,+0x0,+0x0/0,56623104,,1,17.6,0,1,25.8,0,first barrier returned,first barrier returned,,,0,0
none_timeout_ft1_rec0_l4k_v2coll_t2,none,timeout,2,1,0,,,,,,,,,,1,nvft2_drv,519ecf63c0ca,e0d6fd1bd841,612fde2b0af6,0,0,0,0,2026-09-25,lat_final,1,in-loop,0,"0(off,",,,,,,,,,,,,,,,,,,,,0,,,0,0,0,0,0,0,0,10000,0,0,,0,,,+0x2124a00,+0x2125a00,+0x2126a00,-0x0,+0x0,+0x0/0,56623104,,1,17.6,0,1,26.0,0,first barrier returned,first barrier returned,,,0,0
none_timeout_ft1_rec0_l4k_v2coll_t3,none,timeout,3,1,0,,,,,,,,,,1,nvft2_drv,519ecf63c0ca,e0d6fd1bd841,612fde2b0af6,0,0,0,0,2026-09-25,lat_final,1,in-loop,0,"0(off,",,,,,,,,,,,,,,,,,,,,0,,,0,0,0,0,0,0,0,10000,0,0,,0,,,+0x2124a00,+0x2125a00,+0x2126a00,-0x0,+0x0,+0x0/0,56623104,,1,17.5,0,1,25.9,0,first barrier returned,first barrier returned,,,0,0
none_timeout_ft1_rec0_l4k_v2ring_t1,none,timeout,1,1,0,1,,,,,,,,,1,nvft2_drv,519ecf63c0ca,e0d6fd1bd841,612fde2b0af6,0,0,0,0,2026-09-25,lat_final,1,ring-walk,1,"0(off,",,,,,,,,,,,,,,,,,,,,0,,,0,0,0,0,0,0,0,10000,0,0,,0,,,+0x2124a00,+0x2125a00,+0x2126a00,-0x0,+0x0,+0x0/0,56623104,,1,17.6,0,1,25.8,0,first barrier returned,first barrier returned,,,0,0
none_timeout_ft1_rec0_l4k_v2ring_t2,none,timeout,2,1,0,1,,,,,,,,,1,nvft2_drv,519ecf63c0ca,e0d6fd1bd841,612fde2b0af6,0,0,0,0,2026-09-25,lat_final,1,ring-walk,1,"0(off,",,,,,,,,,,,,,,,,,,,,0,,,0,0,0,0,0,0,0,10000,0,0,,0,,,+0x2124a00,+0x2125a00,+0x2126a00,-0x0,+0x0,+0x0/0,56623104,,1,17.4,0,1,25.8,0,first barrier returned,first barrier returned,,,0,0
none_timeout_ft1_rec0_l4k_v2ring_t3,none,timeout,3,1,0,1,,,,,,,,,1,nvft2_drv,519ecf63c0ca,e0d6fd1bd841,612fde2b0af6,0,0,0,0,2026-09-25,lat_final,1,ring-walk,1,"0(off,",,,,,,,,,,,,,,,,,,,,0,,,0,0,0,0,0,0,0,10000,0,0,,0,,,+0x2124a00,+0x2125a00,+0x2126a00,-0x0,+0x0,+0x0/0,56623104,,1,17.6,0,1,25.9,0,first barrier returned,first barrier returned,,,0,0
F2a_timeout_ft1_rec0_b_exact_t1,F2a,timeout,1,1,0,,1,,,exact,,,,,1,nvft2_drv,0b5593a88916,e0d6fd1bd841,2eeda7780487,5,5,0,0,2026-09-25,oob,1,in-loop,0,1(heap-level,,,,,,,,,,,,,,,,,,,,0,,,5,4,0,0,0,5,4,5,4,5,4:mismatch:262144:sig=5/5,1,261119,0,+0x2124a00,+0x2164a00,+0x21a4a00,-0x0,+0x2164a00,+0x2164a00/262144,56623104,,1,18.4,0,1,26.5,0,first barrier returned,first barrier returned,,,0,5
F2a_timeout_ft1_rec0_b_exact_t10,F2a,timeout,10,1,0,,1,,,exact,,,,,1,nvft2_drv,0b5593a88916,e0d6fd1bd841,2eeda7780487,5,5,0,0,2026-09-25,oob,1,in-loop,0,1(heap-level,,,,,,,,,,,,,,,,,,,,0,,,5,4,0,0,0,5,4,5,4,5,4:mismatch:262144:sig=5/5,1,261119,0,+0x2124a00,+0x2164a00,+0x21a4a00,-0x0,+0x2164a00,+0x2164a00/262144,56623104,,1,20.1,0,1,26.4,0,first barrier returned,first barrier returned,,,0,5
F2a_timeout_ft1_rec0_b_exact_t11,F2a,timeout,11,1,0,,1,,,exact,,,,,1,nvft2_drv,0b5593a88916,e0d6fd1bd841,2eeda7780487,5,5,0,0,2026-09-25,oob,1,in-loop,0,1(heap-level,,,,,,,,,,,,,,,,,,,,0,,,5,4,0,0,0,5,4,5,4,5,4:mismatch:262144:sig=5/5,1,261119,0,+0x2124a00,+0x2164a00,+0x21a4a00,-0x0,+0x2164a00,+0x2164a00/262144,56623104,,1,20.2,0,1,26.5,0,first barrier returned,first barrier returned,,,0,5
F2a_timeout_ft1_rec0_b_exact_t12,F2a,timeout,12,1,0,,1,,,exact,,,,,1,nvft2_drv,0b5593a88916,e0d6fd1bd841,2eeda7780487,5,5,0,0,2026-09-25,oob,1,in-loop,0,1(heap-level,,,,,,,,,,,,,,,,,,,,0,,,5,4,0,0,0,5,4,5,4,5,4:mismatch:262144:sig=5/5,1,261119,0,+0x2124a00,+0x2164a00,+0x21a4a00,-0x0,+0x2164a00,+0x2164a00/262144,56623104,,1,19.9,0,1,26.5,0,first barrier returned,first barrier returned,,,0,5
F2a_timeout_ft1_rec0_b_exact_t13,F2a,timeout,13,1,0,,1,,,exact,,,,,1,nvft2_drv,0b5593a88916,e0d6fd1bd841,2eeda7780487,5,5,0,0,2026-09-25,oob,1,in-loop,0,1(heap-level,,,,,,,,,,,,,,,,,,,,0,,,5,4,0,0,0,5,4,5,4,5,4:mismatch:262144:sig=5/5,1,261119,0,+0x2124a00,+0x2164a00,+0x21a4a00,-0x0,+0x2164a00,+0x2164a00/262144,56623104,,1,20.0,0,1,30.1,0,first barrier returned,first barrier returned,,,0,5
F2a_timeout_ft1_rec0_b_exact_t14,F2a,timeout,14,1,0,,1,,,exact,,,,,1,nvft2_drv,0b5593a88916,e0d6fd1bd841,2eeda7780487,5,5,0,0,2026-09-25,oob,1,in-loop,0,1(heap-level,,,,,,,,,,,,,,,,,,,,0,,,5,4,0,0,0,5,4,5,4,5,4:mismatch:262144:sig=5/5,1,261119,0,+0x2124a00,+0x2164a00,+0x21a4a00,-0x0,+0x2164a00,+0x2164a00/262144,56623104,,1,20.2,0,1,26.5,0,first barrier returned,first barrier returned,,,0,5
F2a_timeout_ft1_rec0_b_exact_t15,F2a,timeout,15,1,0,,1,,,exact,,,,,1,nvft2_drv,0b5593a88916,e0d6fd1bd841,2eeda7780487,5,5,0,0,2026-09-25,oob,1,in-loop,0,1(heap-level,,,,,,,,,,,,,,,,,,,,0,,,5,4,0,0,0,5,4,5,4,5,4:mismatch:262144:sig=5/5,1,261119,0,+0x2124a00,+0x2164a00,+0x21a4a00,-0x0,+0x2164a00,+0x2164a00/262144,56623104,,1,20.1,0,1,26.4,0,first barrier returned,first barrier returned,,,0,5
F2a_timeout_ft1_rec0_b_exact_t16,F2a,timeout,16,1,0,,1,,,exact,,,,,1,nvft2_drv,0b5593a88916,e0d6fd1bd841,2eeda7780487,5,5,0,0,2026-09-25,oob,1,in-loop,0,1(heap-level,,,,,,,,,,,,,,,,,,,,0,,,5,4,0,0,0,5,4,5,4,5,4:mismatch:262144:sig=5/5,1,261119,0,+0x2124a00,+0x2164a00,+0x21a4a00,-0x0,+0x2164a00,+0x2164a00/262144,56623104,,1,20.2,0,1,26.5,0,first barrier returned,first barrier returned,,,0,5
F2a_timeout_ft1_rec0_b_exact_t17,F2a,timeout,17,1,0,,1,,,exact,,,,,1,nvft2_drv,0b5593a88916,e0d6fd1bd841,2eeda7780487,5,5,0,0,2026-09-25,oob,1,in-loop,0,1(heap-level,,,,,,,,,,,,,,,,,,,,0,,,5,4,0,0,0,5,4,5,4,5,4:mismatch:262144:sig=5/5,1,261119,0,+0x2124a00,+0x2164a00,+0x21a4a00,-0x0,+0x2164a00,+0x2164a00/262144,56623104,,1,20.1,0,1,26.4,0,first barrier returned,first barrier returned,,,0,5
F2a_timeout_ft1_rec0_b_exact_t18,F2a,timeout,18,1,0,,1,,,exact,,,,,1,nvft2_drv,0b5593a88916,e0d6fd1bd841,2eeda7780487,5,5,0,0,2026-09-25,oob,1,in-loop,0,1(heap-level,,,,,,,,,,,,,,,,,,,,0,,,5,4,0,0,0,5,4,5,4,5,4:mismatch:262144:sig=5/5,1,261119,0,+0x2124a00,+0x2164a00,+0x21a4a00,-0x0,+0x2164a00,+0x2164a00/262144,56623104,,1,20.1,0,1,26.4,0,first barrier returned,first barrier returned,,,0,5
F2a_timeout_ft1_rec0_b_exact_t19,F2a,timeout,19,1,0,,1,,,exact,,,,,1,nvft2_drv,0b5593a88916,e0d6fd1bd841,2eeda7780487,5,5,0,0,2026-09-25,oob,1,in-loop,0,1(heap-level,,,,,,,,,,,,,,,,,,,,0,,,5,4,0,0,0,5,4,5,4,5,4:mismatch:262144:sig=5/5,1,261119,0,+0x2124a00,+0x2164a00,+0x21a4a00,-0x0,+0x2164a00,+0x2164a00/262144,56623104,,1,20.2,0,1,26.7,0,first barrier returned,first barrier returned,,,0,5
F2a_timeout_ft1_rec0_b_exact_t2,F2a,timeout,2,1,0,,1,,,exact,,,,,1,nvft2_drv,0b5593a88916,e0d6fd1bd841,2eeda7780487,5,5,0,0,2026-09-25,oob,1,in-loop,0,1(heap-level,,,,,,,,,,,,,,,,,,,,0,,,5,4,0,0,0,5,4,5,4,5,4:mismatch:262144:sig=5/5,1,261119,0,+0x2124a00,+0x2164a00,+0x21a4a00,-0x0,+0x2164a00,+0x2164a00/262144,56623104,,1,20.0,0,1,26.4,0,first barrier returned,first barrier returned,,,0,5
F2a_timeout_ft1_rec0_b_exact_t20,F2a,timeout,20,1,0,,1,,,exact,,,,,1,nvft2_drv,0b5593a88916,e0d6fd1bd841,2eeda7780487,5,5,0,0,2026-09-25,oob,1,in-loop,0,1(heap-level,,,,,,,,,,,,,,,,,,,,0,,,5,4,0,0,0,5,4,5,4,5,4:mismatch:262144:sig=5/5,1,261119,0,+0x2124a00,+0x2164a00,+0x21a4a00,-0x0,+0x2164a00,+0x2164a00/262144,56623104,,1,20.0,0,1,26.4,0,first barrier returned,first barrier returned,,,0,5
F2a_timeout_ft1_rec0_b_exact_t21,F2a,timeout,21,1,0,,1,,,exact,,,,,1,nvft2_drv,0b5593a88916,e0d6fd1bd841,2eeda7780487,5,5,0,0,2026-09-25,oob,1,in-loop,0,1(heap-level,,,,,,,,,,,,,,,,,,,,0,,,5,4,0,0,0,5,4,5,4,5,4:mismatch:262144:sig=5/5,1,261119,0,+0x2124a00,+0x2164a00,+0x21a4a00,-0x0,+0x2164a00,+0x2164a00/262144,56623104,,1,20.1,0,1,26.5,0,first barrier returned,first barrier returned,,,0,5
F2a_timeout_ft1_rec0_b_exact_t22,F2a,timeout,22,1,0,,1,,,exact,,,,,1,nvft2_drv,0b5593a88916,e0d6fd1bd841,2eeda7780487,5,5,0,0,2026-09-25,oob,1,in-loop,0,1(heap-level,,,,,,,,,,,,,,,,,,,,0,,,5,4,0,0,0,5,4,5,4,5,4:mismatch:262144:sig=5/5,1,261119,0,+0x2124a00,+0x2164a00,+0x21a4a00,-0x0,+0x2164a00,+0x2164a00/262144,56623104,,1,19.9,0,1,26.5,0,first barrier returned,first barrier returned,,,0,5
F2a_timeout_ft1_rec0_b_exact_t23,F2a,timeout,23,1,0,,1,,,exact,,,,,1,nvft2_drv,0b5593a88916,e0d6fd1bd841,2eeda7780487,5,5,0,0,2026-09-25,oob,1,in-loop,0,1(heap-level,,,,,,,,,,,,,,,,,,,,0,,,5,4,0,0,0,5,4,5,4,5,4:mismatch:262144:sig=5/5,1,261119,0,+0x2124a00,+0x2164a00,+0x21a4a00,-0x0,+0x2164a00,+0x2164a00/262144,56623104,,1,20.2,0,1,26.5,0,first barrier returned,first barrier returned,,,0,5
F2a_timeout_ft1_rec0_b_exact_t24,F2a,timeout,24,1,0,,1,,,exact,,,,,1,nvft2_drv,0b5593a88916,e0d6fd1bd841,2eeda7780487,5,5,0,0,2026-09-25,oob,1,in-loop,0,1(heap-level,,,,,,,,,,,,,,,,,,,,0,,,5,4,0,0,0,5,4,5,4,5,4:mismatch:262144:sig=5/5,1,261119,0,+0x2124a00,+0x2164a00,+0x21a4a00,-0x0,+0x2164a00,+0x2164a00/262144,56623104,,1,20.0,0,1,26.5,0,first barrier returned,first barrier returned,,,0,5
F2a_timeout_ft1_rec0_b_exact_t25,F2a,timeout,25,1,0,,1,,,exact,,,,,1,nvft2_drv,0b5593a88916,e0d6fd1bd841,2eeda7780487,5,5,0,0,2026-09-25,oob,1,in-loop,0,1(heap-level,,,,,,,,,,,,,,,,,,,,0,,,5,4,0,0,0,5,4,5,4,5,4:mismatch:262144:sig=5/5,1,261119,0,+0x2124a00,+0x2164a00,+0x21a4a00,-0x0,+0x2164a00,+0x2164a00/262144,56623104,,1,20.1,0,1,26.5,0,first barrier returned,first barrier returned,,,0,5
F2a_timeout_ft1_rec0_b_exact_t26,F2a,timeout,26,1,0,,1,,,exact,,,,,1,nvft2_drv,0b5593a88916,e0d6fd1bd841,2eeda7780487,5,5,0,0,2026-09-25,oob,1,in-loop,0,1(heap-level,,,,,,,,,,,,,,,,,,,,0,,,5,4,0,0,0,5,4,5,4,5,4:mismatch:262144:sig=5/5,1,261119,0,+0x2124a00,+0x2164a00,+0x21a4a00,-0x0,+0x2164a00,+0x2164a00/262144,56623104,,1,19.8,0,1,26.5,0,first barrier returned,first barrier returned,,,0,5
F2a_timeout_ft1_rec0_b_exact_t27,F2a,timeout,27,1,0,,1,,,exact,,,,,1,nvft2_drv,0b5593a88916,e0d6fd1bd841,2eeda7780487,5,5,0,0,2026-09-25,oob,1,in-loop,0,1(heap-level,,,,,,,,,,,,,,,,,,,,0,,,5,4,0,0,0,5,4,5,4,5,4:mismatch:262144:sig=5/5,1,261119,0,+0x2124a00,+0x2164a00,+0x21a4a00,-0x0,+0x2164a00,+0x2164a00/262144,56623104,,1,20.1,0,1,30.2,0,first barrier returned,first barrier returned,,,0,5
F2a_timeout_ft1_rec0_b_exact_t28,F2a,timeout,28,1,0,,1,,,exact,,,,,1,nvft2_drv,0b5593a88916,e0d6fd1bd841,2eeda7780487,5,5,0,0,2026-09-25,oob,1,in-loop,0,1(heap-level,,,,,,,,,,,,,,,,,,,,0,,,5,4,0,0,0,5,4,5,4,5,4:mismatch:262144:sig=5/5,1,261119,0,+0x2124a00,+0x2164a00,+0x21a4a00,-0x0,+0x2164a00,+0x2164a00/262144,56623104,,1,19.9,0,1,26.5,0,first barrier returned,first barrier returned,,,0,5
F2a_timeout_ft1_rec0_b_exact_t29,F2a,timeout,29,1,0,,1,,,exact,,,,,1,nvft2_drv,0b5593a88916,e0d6fd1bd841,2eeda7780487,5,5,0,0,2026-09-25,oob,1,in-loop,0,1(heap-level,,,,,,,,,,,,,,,,,,,,0,,,5,4,0,0,0,5,4,5,4,5,4:mismatch:262144:sig=5/5,1,261119,0,+0x2124a00,+0x2164a00,+0x21a4a00,-0x0,+0x2164a00,+0x2164a00/262144,56623104,,1,20.2,0,1,26.5,0,first barrier returned,first barrier returned,,,0,5
F2a_timeout_ft1_rec0_b_exact_t3,F2a,timeout,3,1,0,,1,,,exact,,,,,1,nvft2_drv,0b5593a88916,e0d6fd1bd841,2eeda7780487,5,5,0,0,2026-09-25,oob,1,in-loop,0,1(heap-level,,,,,,,,,,,,,,,,,,,,0,,,5,4,0,0,0,5,4,5,4,5,4:mismatch:262144:sig=5/5,1,261119,0,+0x2124a00,+0x2164a00,+0x21a4a00,-0x0,+0x2164a00,+0x2164a00/262144,56623104,,1,20.2,0,1,30.2,0,first barrier returned,first barrier returned,,,0,5
F2a_timeout_ft1_rec0_b_exact_t30,F2a,timeout,30,1,0,,1,,,exact,,,,,1,nvft2_drv,0b5593a88916,e0d6fd1bd841,2eeda7780487,5,5,0,0,2026-09-25,oob,1,in-loop,0,1(heap-level,,,,,,,,,,,,,,,,,,,,0,,,5,4,0,0,0,5,4,5,4,5,4:mismatch:262144:sig=5/5,1,261119,0,+0x2124a00,+0x2164a00,+0x21a4a00,-0x0,+0x2164a00,+0x2164a00/262144,56623104,,1,20.0,0,1,26.6,0,first barrier returned,first barrier returned,,,0,5
F2a_timeout_ft1_rec0_b_exact_t4,F2a,timeout,4,1,0,,1,,,exact,,,,,1,nvft2_drv,0b5593a88916,e0d6fd1bd841,2eeda7780487,5,5,0,0,2026-09-25,oob,1,in-loop,0,1(heap-level,,,,,,,,,,,,,,,,,,,,0,,,5,4,0,0,0,5,4,5,4,5,4:mismatch:262144:sig=5/5,1,261119,0,+0x2124a00,+0x2164a00,+0x21a4a00,-0x0,+0x2164a00,+0x2164a00/262144,56623104,,1,19.9,0,1,30.3,0,first barrier returned,first barrier returned,,,0,5
F2a_timeout_ft1_rec0_b_exact_t5,F2a,timeout,5,1,0,,1,,,exact,,,,,1,nvft2_drv,0b5593a88916,e0d6fd1bd841,2eeda7780487,5,5,0,0,2026-09-25,oob,1,in-loop,0,1(heap-level,,,,,,,,,,,,,,,,,,,,0,,,5,4,0,0,0,5,4,5,4,5,4:mismatch:262144:sig=5/5,1,261119,0,+0x2124a00,+0x2164a00,+0x21a4a00,-0x0,+0x2164a00,+0x2164a00/262144,56623104,,1,20.1,0,1,26.6,0,first barrier returned,first barrier returned,,,0,5
F2a_timeout_ft1_rec0_b_exact_t6,F2a,timeout,6,1,0,,1,,,exact,,,,,1,nvft2_drv,0b5593a88916,e0d6fd1bd841,2eeda7780487,5,5,0,0,2026-09-25,oob,1,in-loop,0,1(heap-level,,,,,,,,,,,,,,,,,,,,0,,,5,4,0,0,0,5,4,5,4,5,4:mismatch:262144:sig=5/5,1,261119,0,+0x2124a00,+0x2164a00,+0x21a4a00,-0x0,+0x2164a00,+0x2164a00/262144,56623104,,1,20.1,0,1,26.3,0,first barrier returned,first barrier returned,,,0,5
F2a_timeout_ft1_rec0_b_exact_t7,F2a,timeout,7,1,0,,1,,,exact,,,,,1,nvft2_drv,0b5593a88916,e0d6fd1bd841,2eeda7780487,5,5,0,0,2026-09-25,oob,1,in-loop,0,1(heap-level,,,,,,,,,,,,,,,,,,,,0,,,5,4,0,0,0,5,4,5,4,5,4:mismatch:262144:sig=5/5,1,261119,0,+0x2124a00,+0x2164a00,+0x21a4a00,-0x0,+0x2164a00,+0x2164a00/262144,56623104,,1,19.8,0,1,26.4,0,first barrier returned,first barrier returned,,,0,5
F2a_timeout_ft1_rec0_b_exact_t8,F2a,timeout,8,1,0,,1,,,exact,,,,,1,nvft2_drv,0b5593a88916,e0d6fd1bd841,2eeda7780487,5,5,0,0,2026-09-25,oob,1,in-loop,0,1(heap-level,,,,,,,,,,,,,,,,,,,,0,,,5,4,0,0,0,5,4,5,4,5,4:mismatch:262144:sig=5/5,1,261119,0,+0x2124a00,+0x2164a00,+0x21a4a00,-0x0,+0x2164a00,+0x2164a00/262144,56623104,,1,20.2,0,1,26.5,0,first barrier returned,first barrier returned,,,0,5
F2a_timeout_ft1_rec0_b_exact_t9,F2a,timeout,9,1,0,,1,,,exact,,,,,1,nvft2_drv,0b5593a88916,e0d6fd1bd841,2eeda7780487,5,5,0,0,2026-09-25,oob,1,in-loop,0,1(heap-level,,,,,,,,,,,,,,,,,,,,0,,,5,4,0,0,0,5,4,5,4,5,4:mismatch:262144:sig=5/5,1,261119,0,+0x2124a00,+0x2164a00,+0x21a4a00,-0x0,+0x2164a00,+0x2164a00/262144,56623104,,1,20.3,0,1,26.4,0,first barrier returned,first barrier returned,,,0,5
F2a_timeout_ft1_rec0_b_gap_t1,F2a,timeout,1,1,0,,1,,,gap,,,,,1,nvft2_drv,0b5593a88916,e0d6fd1bd841,2eeda7780487,3,9,0,0,2026-09-25,oob,1,in-loop,0,1(heap-level,4,OOB_WRITE,-1/0x02,0x00,0x0,0,5,2,0,7,0x2164a00,262144,0x0,-1,1436582444.593,1436582444.669,1436582444.606,recovery not enabled (classification run),OOB_WRITE,0,,,3,4,0,0,1,9,4,1099511627776,4,5,4:cancelled:0:sig=1099511627776/5,1,0,0,+0x2124a00,+0x21a4a00,+0x21e4a00,-0x0,+0x2164a00,+0x2164a00/262144,56623104,2,1,20.4,0,1,26.5,0,first barrier returned,first barrier returned,,,0,5
F2a_timeout_ft1_rec0_b_gap_t10,F2a,timeout,10,1,0,,1,,,gap,,,,,1,nvft2_drv,0b5593a88916,e0d6fd1bd841,2eeda7780487,3,9,0,0,2026-09-25,oob,1,in-loop,0,1(heap-level,4,OOB_WRITE,-1/0x02,0x00,0x0,0,5,2,0,7,0x2164a00,262144,0x0,-1,1436636288.459,1436636288.487,1436636288.473,recovery not enabled (classification run),OOB_WRITE,0,,,3,4,0,0,1,9,4,1099511627776,4,5,4:cancelled:0:sig=1099511627776/5,1,0,0,+0x2124a00,+0x21a4a00,+0x21e4a00,-0x0,+0x2164a00,+0x2164a00/262144,56623104,2,1,20.4,0,1,26.8,0,first barrier returned,first barrier returned,,,0,5
F2a_timeout_ft1_rec0_b_gap_t11,F2a,timeout,11,1,0,,1,,,gap,,,,,1,nvft2_drv,0b5593a88916,e0d6fd1bd841,2eeda7780487,3,9,0,0,2026-09-25,oob,1,in-loop,0,1(heap-level,4,OOB_WRITE,-1/0x02,0x00,0x0,0,5,2,0,7,0x2164a00,262144,0x0,-1,1436642248.658,1436642248.717,1436642248.671,recovery not enabled (classification run),OOB_WRITE,0,,,3,4,0,0,1,9,4,1099511627776,4,5,4:cancelled:0:sig=1099511627776/5,1,0,0,+0x2124a00,+0x21a4a00,+0x21e4a00,-0x0,+0x2164a00,+0x2164a00/262144,56623104,2,1,20.0,0,1,26.7,0,first barrier returned,first barrier returned,,,0,5
F2a_timeout_ft1_rec0_b_gap_t12,F2a,timeout,12,1,0,,1,,,gap,,,,,1,nvft2_drv,0b5593a88916,e0d6fd1bd841,2eeda7780487,3,9,0,0,2026-09-25,oob,1,in-loop,0,1(heap-level,4,OOB_WRITE,-1/0x02,0x00,0x0,0,5,2,0,7,0x2164a00,262144,0x0,-1,1436648150.510,1436648150.553,1436648150.524,recovery not enabled (classification run),OOB_WRITE,0,,,3,4,0,0,1,9,4,1099511627776,4,5,4:cancelled:0:sig=1099511627776/5,1,0,0,+0x2124a00,+0x21a4a00,+0x21e4a00,-0x0,+0x2164a00,+0x2164a00/262144,56623104,2,1,20.1,0,1,26.5,0,first barrier returned,first barrier returned,,,0,5
F2a_timeout_ft1_rec0_b_gap_t13,F2a,timeout,13,1,0,,1,,,gap,,,,,1,nvft2_drv,0b5593a88916,e0d6fd1bd841,2eeda7780487,3,9,0,0,2026-09-25,oob,1,in-loop,0,1(heap-level,4,OOB_WRITE,-1/0x02,0x00,0x0,0,5,2,0,7,0x2164a00,262144,0x0,-1,1436654165.750,1436654165.813,1436654165.763,recovery not enabled (classification run),OOB_WRITE,0,,,3,4,0,0,1,9,4,1099511627776,4,5,4:cancelled:0:sig=1099511627776/5,1,0,0,+0x2124a00,+0x21a4a00,+0x21e4a00,-0x0,+0x2164a00,+0x2164a00/262144,56623104,2,1,20.1,0,1,26.6,0,first barrier returned,first barrier returned,,,0,5
F2a_timeout_ft1_rec0_b_gap_t14,F2a,timeout,14,1,0,,1,,,gap,,,,,1,nvft2_drv,0b5593a88916,e0d6fd1bd841,2eeda7780487,3,9,0,0,2026-09-25,oob,1,in-loop,0,1(heap-level,4,OOB_WRITE,-1/0x02,0x00,0x0,0,5,2,0,7,0x2164a00,262144,0x0,-1,1436660086.201,1436660086.246,1436660086.215,recovery not enabled (classification run),OOB_WRITE,0,,,3,4,0,0,1,9,4,1099511627776,4,5,4:cancelled:0:sig=1099511627776/5,1,0,0,+0x2124a00,+0x21a4a00,+0x21e4a00,-0x0,+0x2164a00,+0x2164a00/262144,56623104,2,1,20.2,0,1,26.6,0,first barrier returned,first barrier returned,,,0,5
F2a_timeout_ft1_rec0_b_gap_t15,F2a,timeout,15,1,0,,1,,,gap,,,,,1,nvft2_drv,0b5593a88916,e0d6fd1bd841,2eeda7780487,3,9,0,0,2026-09-25,oob,1,in-loop,0,1(heap-level,4,OOB_WRITE,-1/0x02,0x00,0x0,0,5,2,0,7,0x2164a00,262144,0x0,-1,1436666118.320,1436666118.397,1436666118.335,recovery not enabled (classification run),OOB_WRITE,0,,,3,4,0,0,1,9,4,1099511627776,4,5,4:cancelled:0:sig=1099511627776/5,1,0,0,+0x2124a00,+0x21a4a00,+0x21e4a00,-0x0,+0x2164a00,+0x2164a00/262144,56623104,2,1,20.2,0,1,26.5,0,first barrier returned,first barrier returned,,,0,5
F2a_timeout_ft1_rec0_b_gap_t16,F2a,timeout,16,1,0,,1,,,gap,,,,,1,nvft2_drv,0b5593a88916,e0d6fd1bd841,2eeda7780487,3,9,0,0,2026-09-25,oob,1,in-loop,0,1(heap-level,4,OOB_WRITE,-1/0x02,0x00,0x0,0,5,2,0,7,0x2164a00,262144,0x0,-1,1436672114.824,1436672114.910,1436672114.838,recovery not enabled (classification run),OOB_WRITE,0,,,3,4,0,0,1,9,4,1099511627776,4,5,4:cancelled:0:sig=1099511627776/5,1,0,0,+0x2124a00,+0x21a4a00,+0x21e4a00,-0x0,+0x2164a00,+0x2164a00/262144,56623104,2,1,20.2,0,1,26.6,0,first barrier returned,first barrier returned,,,0,5
F2a_timeout_ft1_rec0_b_gap_t17,F2a,timeout,17,1,0,,1,,,gap,,,,,1,nvft2_drv,0b5593a88916,e0d6fd1bd841,2eeda7780487,3,9,0,0,2026-09-25,oob,1,in-loop,0,1(heap-level,4,OOB_WRITE,-1/0x02,0x00,0x0,0,5,2,0,7,0x2164a00,262144,0x0,-1,1436678087.290,1436678087.366,1436678087.304,recovery not enabled (classification run),OOB_WRITE,0,,,3,4,0,0,1,9,4,1099511627776,4,5,4:cancelled:0:sig=1099511627776/5,1,0,0,+0x2124a00,+0x21a4a00,+0x21e4a00,-0x0,+0x2164a00,+0x2164a00/262144,56623104,2,1,20.1,0,1,26.5,0,first barrier returned,first barrier returned,,,0,5
F2a_timeout_ft1_rec0_b_gap_t18,F2a,timeout,18,1,0,,1,,,gap,,,,,1,nvft2_drv,0b5593a88916,e0d6fd1bd841,2eeda7780487,3,9,0,0,2026-09-25,oob,1,in-loop,0,1(heap-level,4,OOB_WRITE,-1/0x02,0x00,0x0,0,5,2,0,7,0x2164a00,262144,0x0,-1,1436684058.017,1436684058.043,1436684058.032,recovery not enabled (classification run),OOB_WRITE,0,,,3,4,0,0,1,9,4,1099511627776,4,5,4:cancelled:0:sig=1099511627776/5,1,0,0,+0x2124a00,+0x21a4a00,+0x21e4a00,-0x0,+0x2164a00,+0x2164a00/262144,56623104,2,1,20.2,0,1,26.7,0,first barrier returned,first barrier returned,,,0,5
F2a_timeout_ft1_rec0_b_gap_t19,F2a,timeout,19,1,0,,1,,,gap,,,,,1,nvft2_drv,0b5593a88916,e0d6fd1bd841,2eeda7780487,3,9,0,0,2026-09-25,oob,1,in-loop,0,1(heap-level,4,OOB_WRITE,-1/0x02,0x00,0x0,0,5,2,0,7,0x2164a00,262144,0x0,-1,1436690063.849,1436690063.928,1436690063.862,recovery not enabled (classification run),OOB_WRITE,0,,,3,4,0,0,1,9,4,1099511627776,4,5,4:cancelled:0:sig=1099511627776/5,1,0,0,+0x2124a00,+0x21a4a00,+0x21e4a00,-0x0,+0x2164a00,+0x2164a00/262144,56623104,2,1,20.2,0,1,26.9,0,first barrier returned,first barrier returned,,,0,5
F2a_timeout_ft1_rec0_b_gap_t2,F2a,timeout,2,1,0,,1,,,gap,,,,,1,nvft2_drv,0b5593a88916,e0d6fd1bd841,2eeda7780487,3,9,0,0,2026-09-25,oob,1,in-loop,0,1(heap-level,4,OOB_WRITE,-1/0x02,0x00,0x0,0,5,2,0,7,0x2164a00,262144,0x0,-1,1436588394.133,1436588394.145,1436588394.147,recovery not enabled (classification run),OOB_WRITE,0,,,3,4,0,0,1,9,4,1099511627776,4,5,4:cancelled:0:sig=1099511627776/5,1,0,0,+0x2124a00,+0x21a4a00,+0x21e4a00,-0x0,+0x2164a00,+0x2164a00/262144,56623104,2,1,20.4,0,1,26.6,0,first barrier returned,first barrier returned,,,0,5
F2a_timeout_ft1_rec0_b_gap_t20,F2a,timeout,20,1,0,,1,,,gap,,,,,1,nvft2_drv,0b5593a88916,e0d6fd1bd841,2eeda7780487,3,9,0,0,2026-09-25,oob,1,in-loop,0,1(heap-level,4,OOB_WRITE,-1/0x02,0x00,0x0,0,5,2,0,7,0x2164a00,262144,0x0,-1,1436696049.855,1436696049.913,1436696049.870,recovery not enabled (classification run),OOB_WRITE,0,,,3,4,0,0,1,9,4,1099511627776,4,5,4:cancelled:0:sig=1099511627776/5,1,0,0,+0x2124a00,+0x21a4a00,+0x21e4a00,-0x0,+0x2164a00,+0x2164a00/262144,56623104,2,1,20.1,0,1,26.7,0,first barrier returned,first barrier returned,,,0,5
F2a_timeout_ft1_rec0_b_gap_t21,F2a,timeout,21,1,0,,1,,,gap,,,,,1,nvft2_drv,0b5593a88916,e0d6fd1bd841,2eeda7780487,3,9,0,0,2026-09-25,oob,1,in-loop,0,1(heap-level,4,OOB_WRITE,-1/0x02,0x00,0x0,0,5,2,0,7,0x2164a00,262144,0x0,-1,1436702059.381,1436702059.418,1436702059.395,recovery not enabled (classification run),OOB_WRITE,0,,,3,4,0,0,1,9,4,1099511627776,4,5,4:cancelled:0:sig=1099511627776/5,1,0,0,+0x2124a00,+0x21a4a00,+0x21e4a00,-0x0,+0x2164a00,+0x2164a00/262144,56623104,2,1,20.2,0,1,30.3,0,first barrier returned,first barrier returned,,,0,5
F2a_timeout_ft1_rec0_b_gap_t22,F2a,timeout,22,1,0,,1,,,gap,,,,,1,nvft2_drv,0b5593a88916,e0d6fd1bd841,2eeda7780487,3,9,0,0,2026-09-25,oob,1,in-loop,0,1(heap-level,4,OOB_WRITE,-1/0x02,0x00,0x0,0,5,2,0,7,0x2164a00,262144,0x0,-1,1436708027.793,1436708027.827,1436708027.807,recovery not enabled (classification run),OOB_WRITE,0,,,3,4,0,0,1,9,4,1099511627776,4,5,4:cancelled:0:sig=1099511627776/5,1,0,0,+0x2124a00,+0x21a4a00,+0x21e4a00,-0x0,+0x2164a00,+0x2164a00/262144,56623104,2,1,20.4,0,1,30.3,0,first barrier returned,first barrier returned,,,0,5
F2a_timeout_ft1_rec0_b_gap_t23,F2a,timeout,23,1,0,,1,,,gap,,,,,1,nvft2_drv,0b5593a88916,e0d6fd1bd841,2eeda7780487,3,9,0,0,2026-09-25,oob,1,in-loop,0,1(heap-level,4,OOB_WRITE,-1/0x02,0x00,0x0,0,5,2,0,7,0x2164a00,262144,0x0,-1,1436714082.995,1436714083.016,1436714083.010,recovery not enabled (classification run),OOB_WRITE,0,,,3,4,0,0,1,9,4,1099511627776,4,5,4:cancelled:0:sig=1099511627776/5,1,0,0,+0x2124a00,+0x21a4a00,+0x21e4a00,-0x0,+0x2164a00,+0x2164a00/262144,56623104,2,1,20.3,0,1,26.5,0,first barrier returned,first barrier returned,,,0,5
F2a_timeout_ft1_rec0_b_gap_t24,F2a,timeout,24,1,0,,1,,,gap,,,,,1,nvft2_drv,0b5593a88916,e0d6fd1bd841,2eeda7780487,3,9,0,0,2026-09-25,oob,1,in-loop,0,1(heap-level,4,OOB_WRITE,-1/0x02,0x00,0x0,0,5,2,0,7,0x2164a00,262144,0x0,-1,1436720084.615,1436720084.672,1436720084.628,recovery not enabled (classification run),OOB_WRITE,0,,,3,4,0,0,1,9,4,1099511627776,4,5,4:cancelled:0:sig=1099511627776/5,1,0,0,+0x2124a00,+0x21a4a00,+0x21e4a00,-0x0,+0x2164a00,+0x2164a00/262144,56623104,2,1,20.2,0,1,26.7,0,first barrier returned,first barrier returned,,,0,5
F2a_timeout_ft1_rec0_b_gap_t25,F2a,timeout,25,1,0,,1,,,gap,,,,,1,nvft2_drv,0b5593a88916,e0d6fd1bd841,2eeda7780487,3,9,0,0,2026-09-25,oob,1,in-loop,0,1(heap-level,4,OOB_WRITE,-1/0x02,0x00,0x0,0,5,2,0,7,0x2164a00,262144,0x0,-1,1436726090.107,1436726090.118,1436726090.121,recovery not enabled (classification run),OOB_WRITE,0,,,3,4,0,0,1,9,4,1099511627776,4,5,4:cancelled:0:sig=1099511627776/5,1,0,0,+0x2124a00,+0x21a4a00,+0x21e4a00,-0x0,+0x2164a00,+0x2164a00/262144,56623104,2,1,20.4,0,1,26.6,0,first barrier returned,first barrier returned,,,0,5
F2a_timeout_ft1_rec0_b_gap_t26,F2a,timeout,26,1,0,,1,,,gap,,,,,1,nvft2_drv,0b5593a88916,e0d6fd1bd841,2eeda7780487,3,9,0,0,2026-09-25,oob,1,in-loop,0,1(heap-level,4,OOB_WRITE,-1/0x02,0x00,0x0,0,5,2,0,7,0x2164a00,262144,0x0,-1,1436732100.012,1436732100.106,1436732100.027,recovery not enabled (classification run),OOB_WRITE,0,,,3,4,0,0,1,9,4,1099511627776,4,5,4:cancelled:0:sig=1099511627776/5,1,0,0,+0x2124a00,+0x21a4a00,+0x21e4a00,-0x0,+0x2164a00,+0x2164a00/262144,56623104,2,1,20.3,0,1,26.8,0,first barrier returned,first barrier returned,,,0,5
F2a_timeout_ft1_rec0_b_gap_t27,F2a,timeout,27,1,0,,1,,,gap,,,,,1,nvft2_drv,0b5593a88916,e0d6fd1bd841,2eeda7780487,3,9,0,0,2026-09-25,oob,1,in-loop,0,1(heap-level,4,OOB_WRITE,-1/0x02,0x00,0x0,0,5,2,0,7,0x2164a00,262144,0x0,-1,1436738139.010,1436738139.060,1436738139.025,recovery not enabled (classification run),OOB_WRITE,0,,,3,4,0,0,1,9,4,1099511627776,4,5,4:cancelled:0:sig=1099511627776/5,1,0,0,+0x2124a00,+0x21a4a00,+0x21e4a00,-0x0,+0x2164a00,+0x2164a00/262144,56623104,2,1,20.3,0,1,26.7,0,first barrier returned,first barrier returned,,,0,5
F2a_timeout_ft1_rec0_b_gap_t28,F2a,timeout,28,1,0,,1,,,gap,,,,,1,nvft2_drv,0b5593a88916,e0d6fd1bd841,2eeda7780487,3,9,0,0,2026-09-25,oob,1,in-loop,0,1(heap-level,4,OOB_WRITE,-1/0x02,0x00,0x0,0,5,2,0,7,0x2164a00,262144,0x0,-1,1436744040.086,1436744040.157,1436744040.100,recovery not enabled (classification run),OOB_WRITE,0,,,3,4,0,0,1,9,4,1099511627776,4,5,4:cancelled:0:sig=1099511627776/5,1,0,0,+0x2124a00,+0x21a4a00,+0x21e4a00,-0x0,+0x2164a00,+0x2164a00/262144,56623104,2,1,20.1,0,1,26.7,0,first barrier returned,first barrier returned,,,0,5
F2a_timeout_ft1_rec0_b_gap_t29,F2a,timeout,29,1,0,,1,,,gap,,,,,1,nvft2_drv,0b5593a88916,e0d6fd1bd841,2eeda7780487,3,9,0,0,2026-09-25,oob,1,in-loop,0,1(heap-level,4,OOB_WRITE,-1/0x02,0x00,0x0,0,5,2,0,7,0x2164a00,262144,0x0,-1,1436750070.969,1436750071.008,1436750070.983,recovery not enabled (classification run),OOB_WRITE,0,,,3,4,0,0,1,9,4,1099511627776,4,5,4:cancelled:0:sig=1099511627776/5,1,0,0,+0x2124a00,+0x21a4a00,+0x21e4a00,-0x0,+0x2164a00,+0x2164a00/262144,56623104,2,1,20.3,0,1,26.6,0,first barrier returned,first barrier returned,,,0,5
F2a_timeout_ft1_rec0_b_gap_t3,F2a,timeout,3,1,0,,1,,,gap,,,,,1,nvft2_drv,0b5593a88916,e0d6fd1bd841,2eeda7780487,3,9,0,0,2026-09-25,oob,1,in-loop,0,1(heap-level,4,OOB_WRITE,-1/0x02,0x00,0x0,0,5,2,0,7,0x2164a00,262144,0x0,-1,1436594378.464,1436594378.551,1436594378.477,recovery not enabled (classification run),OOB_WRITE,0,,,3,4,0,0,1,9,4,1099511627776,4,5,4:cancelled:0:sig=1099511627776/5,1,0,0,+0x2124a00,+0x21a4a00,+0x21e4a00,-0x0,+0x2164a00,+0x2164a00/262144,56623104,2,1,20.3,0,1,26.6,0,first barrier returned,first barrier returned,,,0,5
F2a_timeout_ft1_rec0_b_gap_t30,F2a,timeout,30,1,0,,1,,,gap,,,,,1,nvft2_drv,0b5593a88916,e0d6fd1bd841,2eeda7780487,3,9,0,0,2026-09-25,oob,1,in-loop,0,1(heap-level,4,OOB_WRITE,-1/0x02,0x00,0x0,0,5,2,0,7,0x2164a00,262144,0x0,-1,1436756112.099,1436756112.208,1436756112.112,recovery not enabled (classification run),OOB_WRITE,0,,,3,4,0,0,1,9,4,1099511627776,4,5,4:cancelled:0:sig=1099511627776/5,1,0,0,+0x2124a00,+0x21a4a00,+0x21e4a00,-0x0,+0x2164a00,+0x2164a00/262144,56623104,2,1,20.0,0,1,26.4,0,first barrier returned,first barrier returned,,,0,5
F2a_timeout_ft1_rec0_b_gap_t4,F2a,timeout,4,1,0,,1,,,gap,,,,,1,nvft2_drv,0b5593a88916,e0d6fd1bd841,2eeda7780487,3,9,0,0,2026-09-25,oob,1,in-loop,0,1(heap-level,4,OOB_WRITE,-1/0x02,0x00,0x0,0,5,2,0,7,0x2164a00,262144,0x0,-1,1436600360.710,1436600360.717,1436600360.723,recovery not enabled (classification run),OOB_WRITE,0,,,3,4,0,0,1,9,4,1099511627776,4,5,4:cancelled:0:sig=1099511627776/5,1,0,0,+0x2124a00,+0x21a4a00,+0x21e4a00,-0x0,+0x2164a00,+0x2164a00/262144,56623104,2,1,20.3,0,1,26.7,0,first barrier returned,first barrier returned,,,0,5
F2a_timeout_ft1_rec0_b_gap_t5,F2a,timeout,5,1,0,,1,,,gap,,,,,1,nvft2_drv,0b5593a88916,e0d6fd1bd841,2eeda7780487,3,9,0,0,2026-09-25,oob,1,in-loop,0,1(heap-level,4,OOB_WRITE,-1/0x02,0x00,0x0,0,5,2,0,7,0x2164a00,262144,0x0,-1,1436606311.045,1436606311.141,1436606311.059,recovery not enabled (classification run),OOB_WRITE,0,,,3,4,0,0,1,9,4,1099511627776,4,5,4:cancelled:0:sig=1099511627776/5,1,0,0,+0x2124a00,+0x21a4a00,+0x21e4a00,-0x0,+0x2164a00,+0x2164a00/262144,56623104,2,1,20.7,0,1,26.7,0,first barrier returned,first barrier returned,,,0,5
F2a_timeout_ft1_rec0_b_gap_t6,F2a,timeout,6,1,0,,1,,,gap,,,,,1,nvft2_drv,0b5593a88916,e0d6fd1bd841,2eeda7780487,3,9,0,0,2026-09-25,oob,1,in-loop,0,1(heap-level,4,OOB_WRITE,-1/0x02,0x00,0x0,0,5,2,0,7,0x2164a00,262144,0x0,-1,1436612302.154,1436612302.195,1436612302.168,recovery not enabled (classification run),OOB_WRITE,0,,,3,4,0,0,1,9,4,1099511627776,4,5,4:cancelled:0:sig=1099511627776/5,1,0,0,+0x2124a00,+0x21a4a00,+0x21e4a00,-0x0,+0x2164a00,+0x2164a00/262144,56623104,2,1,20.3,0,1,26.6,0,first barrier returned,first barrier returned,,,0,5
F2a_timeout_ft1_rec0_b_gap_t7,F2a,timeout,7,1,0,,1,,,gap,,,,,1,nvft2_drv,0b5593a88916,e0d6fd1bd841,2eeda7780487,3,9,0,0,2026-09-25,oob,1,in-loop,0,1(heap-level,4,OOB_WRITE,-1/0x02,0x00,0x0,0,5,2,0,7,0x2164a00,262144,0x0,-1,1436618293.896,1436618293.997,1436618293.909,recovery not enabled (classification run),OOB_WRITE,0,,,3,4,0,0,1,9,4,1099511627776,4,5,4:cancelled:0:sig=1099511627776/5,1,0,0,+0x2124a00,+0x21a4a00,+0x21e4a00,-0x0,+0x2164a00,+0x2164a00/262144,56623104,2,1,20.3,0,1,26.5,0,first barrier returned,first barrier returned,,,0,5
F2a_timeout_ft1_rec0_b_gap_t8,F2a,timeout,8,1,0,,1,,,gap,,,,,1,nvft2_drv,0b5593a88916,e0d6fd1bd841,2eeda7780487,3,9,0,0,2026-09-25,oob,1,in-loop,0,1(heap-level,4,OOB_WRITE,-1/0x02,0x00,0x0,0,5,2,0,7,0x2164a00,262144,0x0,-1,1436624269.255,1436624269.328,1436624269.268,recovery not enabled (classification run),OOB_WRITE,0,,,3,4,0,0,1,9,4,1099511627776,4,5,4:cancelled:0:sig=1099511627776/5,1,0,0,+0x2124a00,+0x21a4a00,+0x21e4a00,-0x0,+0x2164a00,+0x2164a00/262144,56623104,2,1,20.1,0,1,30.5,0,first barrier returned,first barrier returned,,,0,5
F2a_timeout_ft1_rec0_b_gap_t9,F2a,timeout,9,1,0,,1,,,gap,,,,,1,nvft2_drv,0b5593a88916,e0d6fd1bd841,2eeda7780487,3,9,0,0,2026-09-25,oob,1,in-loop,0,1(heap-level,4,OOB_WRITE,-1/0x02,0x00,0x0,0,5,2,0,7,0x2164a00,262144,0x0,-1,1436630239.667,1436630239.732,1436630239.682,recovery not enabled (classification run),OOB_WRITE,0,,,3,4,0,0,1,9,4,1099511627776,4,5,4:cancelled:0:sig=1099511627776/5,1,0,0,+0x2124a00,+0x21a4a00,+0x21e4a00,-0x0,+0x2164a00,+0x2164a00/262144,56623104,2,1,20.0,0,1,30.5,0,first barrier returned,first barrier returned,,,0,5
F2a_timeout_ft1_rec0_b_straddle_t1,F2a,timeout,1,1,0,,1,,,straddle,,,,,1,nvft2_drv,0b5593a88916,e0d6fd1bd841,2eeda7780487,3,9,0,0,2026-09-25,oob,1,in-loop,0,1(heap-level,4,OOB_WRITE,-1/0x03,0x00,0x0,0,5,2,0,7,0x2144a00,262144,0x2164a00,-1,1436583917.359,1436583917.379,1436583917.373,recovery not enabled (classification run),OOB_WRITE,0,,,3,4,0,0,1,9,4,1099511627776,4,5,4:cancelled:0:sig=1099511627776/5,1,0,0,+0x2124a00,+0x2164a00,+0x21a4a00,-0x0,+0x2144a00,+0x2164a00/131072,56623104,3,1,20.2,0,1,26.6,0,first barrier returned,first barrier returned,,,0,5
F2a_timeout_ft1_rec0_b_straddle_t10,F2a,timeout,10,1,0,,1,,,straddle,,,,,1,nvft2_drv,0b5593a88916,e0d6fd1bd841,2eeda7780487,3,9,0,0,2026-09-25,oob,1,in-loop,0,1(heap-level,4,OOB_WRITE,-1/0x03,0x00,0x0,0,5,2,0,7,0x2144a00,262144,0x2164a00,-1,1436637795.038,1436637795.114,1436637795.051,recovery not enabled (classification run),OOB_WRITE,0,,,3,4,0,0,1,9,4,1099511627776,4,5,4:cancelled:0:sig=1099511627776/5,1,0,0,+0x2124a00,+0x2164a00,+0x21a4a00,-0x0,+0x2144a00,+0x2164a00/131072,56623104,3,1,20.3,0,1,26.6,0,first barrier returned,first barrier returned,,,0,5
F2a_timeout_ft1_rec0_b_straddle_t11,F2a,timeout,11,1,0,,1,,,straddle,,,,,1,nvft2_drv,0b5593a88916,e0d6fd1bd841,2eeda7780487,3,9,0,0,2026-09-25,oob,1,in-loop,0,1(heap-level,4,OOB_WRITE,-1/0x03,0x00,0x0,0,5,2,0,7,0x2144a00,262144,0x2164a00,-1,1436643710.324,1436643710.424,1436643710.337,recovery not enabled (classification run),OOB_WRITE,0,,,3,4,0,0,1,9,4,1099511627776,4,5,4:cancelled:0:sig=1099511627776/5,1,0,0,+0x2124a00,+0x2164a00,+0x21a4a00,-0x0,+0x2144a00,+0x2164a00/131072,56623104,3,1,20.0,0,1,26.6,0,first barrier returned,first barrier returned,,,0,5
F2a_timeout_ft1_rec0_b_straddle_t12,F2a,timeout,12,1,0,,1,,,straddle,,,,,1,nvft2_drv,0b5593a88916,e0d6fd1bd841,2eeda7780487,3,9,0,0,2026-09-25,oob,1,in-loop,0,1(heap-level,4,OOB_WRITE,-1/0x03,0x00,0x0,0,5,2,0,7,0x2144a00,262144,0x2164a00,-1,1436649655.729,1436649655.774,1436649655.743,recovery not enabled (classification run),OOB_WRITE,0,,,3,4,0,0,1,9,4,1099511627776,4,5,4:cancelled:0:sig=1099511627776/5,1,0,0,+0x2124a00,+0x2164a00,+0x21a4a00,-0x0,+0x2144a00,+0x2164a00/131072,56623104,3,1,20.4,0,1,30.5,0,first barrier returned,first barrier returned,,,0,5
F2a_timeout_ft1_rec0_b_straddle_t13,F2a,timeout,13,1,0,,1,,,straddle,,,,,1,nvft2_drv,0b5593a88916,e0d6fd1bd841,2eeda7780487,3,9,0,0,2026-09-25,oob,1,in-loop,0,1(heap-level,4,OOB_WRITE,-1/0x03,0x00,0x0,0,5,2,0,7,0x2144a00,262144,0x2164a00,-1,1436655630.285,1436655630.352,1436655630.299,recovery not enabled (classification run),OOB_WRITE,0,,,3,4,0,0,1,9,4,1099511627776,4,5,4:cancelled:0:sig=1099511627776/5,1,0,0,+0x2124a00,+0x2164a00,+0x21a4a00,-0x0,+0x2144a00,+0x2164a00/131072,56623104,3,1,20.3,0,1,27.0,0,first barrier returned,first barrier returned,,,0,5
F2a_timeout_ft1_rec0_b_straddle_t14,F2a,timeout,14,1,0,,1,,,straddle,,,,,1,nvft2_drv,0b5593a88916,e0d6fd1bd841,2eeda7780487,3,9,0,0,2026-09-25,oob,1,in-loop,0,1(heap-level,4,OOB_WRITE,-1/0x03,0x00,0x0,0,5,2,0,7,0x2144a00,262144,0x2164a00,-1,1436661600.307,1436661600.388,1436661600.320,recovery not enabled (classification run),OOB_WRITE,0,,,3,4,0,0,1,9,4,1099511627776,4,5,4:cancelled:0:sig=1099511627776/5,1,0,0,+0x2124a00,+0x2164a00,+0x21a4a00,-0x0,+0x2144a00,+0x2164a00/131072,56623104,3,1,20.5,0,1,26.5,0,first barrier returned,first barrier returned,,,0,5
F2a_timeout_ft1_rec0_b_straddle_t15,F2a,timeout,15,1,0,,1,,,straddle,,,,,1,nvft2_drv,0b5593a88916,e0d6fd1bd841,2eeda7780487,3,9,0,0,2026-09-25,oob,1,in-loop,0,1(heap-level,4,OOB_WRITE,-1/0x03,0x00,0x0,0,5,2,0,7,0x2144a00,262144,0x2164a00,-1,1436667619.735,1436667619.828,1436667619.748,recovery not enabled (classification run),OOB_WRITE,0,,,3,4,0,0,1,9,4,1099511627776,4,5,4:cancelled:0:sig=1099511627776/5,1,0,0,+0x2124a00,+0x2164a00,+0x21a4a00,-0x0,+0x2144a00,+0x2164a00/131072,56623104,3,1,20.1,0,1,30.4,0,first barrier returned,first barrier returned,,,0,5
F2a_timeout_ft1_rec0_b_straddle_t16,F2a,timeout,16,1,0,,1,,,straddle,,,,,1,nvft2_drv,0b5593a88916,e0d6fd1bd841,2eeda7780487,3,9,0,0,2026-09-25,oob,1,in-loop,0,1(heap-level,4,OOB_WRITE,-1/0x03,0x00,0x0,0,5,2,0,7,0x2144a00,262144,0x2164a00,-1,1436673610.975,1436673611.061,1436673610.989,recovery not enabled (classification run),OOB_WRITE,0,,,3,4,0,0,1,9,4,1099511627776,4,5,4:cancelled:0:sig=1099511627776/5,1,0,0,+0x2124a00,+0x2164a00,+0x21a4a00,-0x0,+0x2144a00,+0x2164a00/131072,56623104,3,1,20.2,0,1,26.8,0,first barrier returned,first barrier returned,,,0,5
F2a_timeout_ft1_rec0_b_straddle_t17,F2a,timeout,17,1,0,,1,,,straddle,,,,,1,nvft2_drv,0b5593a88916,e0d6fd1bd841,2eeda7780487,3,9,0,0,2026-09-25,oob,1,in-loop,0,1(heap-level,4,OOB_WRITE,-1/0x03,0x00,0x0,0,5,2,0,7,0x2144a00,262144,0x2164a00,-1,1436679578.690,1436679578.756,1436679578.705,recovery not enabled (classification run),OOB_WRITE,0,,,3,4,0,0,1,9,4,1099511627776,4,5,4:cancelled:0:sig=1099511627776/5,1,0,0,+0x2124a00,+0x2164a00,+0x21a4a00,-0x0,+0x2144a00,+0x2164a00/131072,56623104,3,1,20.7,0,1,26.6,0,first barrier returned,first barrier returned,,,0,5
F2a_timeout_ft1_rec0_b_straddle_t18,F2a,timeout,18,1,0,,1,,,straddle,,,,,1,nvft2_drv,0b5593a88916,e0d6fd1bd841,2eeda7780487,3,9,0,0,2026-09-25,oob,1,in-loop,0,1(heap-level,4,OOB_WRITE,-1/0x03,0x00,0x0,0,5,2,0,7,0x2144a00,262144,0x2164a00,-1,1436685563.328,1436685563.418,1436685563.341,recovery not enabled (classification run),OOB_WRITE,0,,,3,4,0,0,1,9,4,1099511627776,4,5,4:cancelled:0:sig=1099511627776/5,1,0,0,+0x2124a00,+0x2164a00,+0x21a4a00,-0x0,+0x2144a00,+0x2164a00/131072,56623104,3,1,20.2,0,1,26.7,0,first barrier returned,first barrier returned,,,0,5
F2a_timeout_ft1_rec0_b_straddle_t19,F2a,timeout,19,1,0,,1,,,straddle,,,,,1,nvft2_drv,0b5593a88916,e0d6fd1bd841,2eeda7780487,3,9,0,0,2026-09-25,oob,1,in-loop,0,1(heap-level,4,OOB_WRITE,-1/0x03,0x00,0x0,0,5,2,0,7,0x2144a00,262144,0x2164a00,-1,1436691549.787,1436691549.815,1436691549.800,recovery not enabled (classification run),OOB_WRITE,0,,,3,4,0,0,1,9,4,1099511627776,4,5,4:cancelled:0:sig=1099511627776/5,1,0,0,+0x2124a00,+0x2164a00,+0x21a4a00,-0x0,+0x2144a00,+0x2164a00/131072,56623104,3,1,20.6,0,1,26.7,0,first barrier returned,first barrier returned,,,0,5
F2a_timeout_ft1_rec0_b_straddle_t2,F2a,timeout,2,1,0,,1,,,straddle,,,,,1,nvft2_drv,0b5593a88916,e0d6fd1bd841,2eeda7780487,3,9,0,0,2026-09-25,oob,1,in-loop,0,1(heap-level,4,OOB_WRITE,-1/0x03,0x00,0x0,0,5,2,0,7,0x2144a00,262144,0x2164a00,-1,1436589887.269,1436589887.304,1436589887.283,recovery not enabled (classification run),OOB_WRITE,0,,,3,4,0,0,1,9,4,1099511627776,4,5,4:cancelled:0:sig=1099511627776/5,1,0,0,+0x2124a00,+0x2164a00,+0x21a4a00,-0x0,+0x2144a00,+0x2164a00/131072,56623104,3,1,20.7,0,1,26.8,0,first barrier returned,first barrier returned,,,0,5
F2a_timeout_ft1_rec0_b_straddle_t20,F2a,timeout,20,1,0,,1,,,straddle,,,,,1,nvft2_drv,0b5593a88916,e0d6fd1bd841,2eeda7780487,3,9,0,0,2026-09-25,oob,1,in-loop,0,1(heap-level,4,OOB_WRITE,-1/0x03,0x00,0x0,0,5,2,0,7,0x2144a00,262144,0x2164a00,-1,1436697580.769,1436697580.823,1436697580.783,recovery not enabled (classification run),OOB_WRITE,0,,,3,4,0,0,1,9,4,1099511627776,4,5,4:cancelled:0:sig=1099511627776/5,1,0,0,+0x2124a00,+0x2164a00,+0x21a4a00,-0x0,+0x2144a00,+0x2164a00/131072,56623104,3,1,20.3,0,1,26.5,0,first barrier returned,first barrier returned,,,0,5
F2a_timeout_ft1_rec0_b_straddle_t21,F2a,timeout,21,1,0,,1,,,straddle,,,,,1,nvft2_drv,0b5593a88916,e0d6fd1bd841,2eeda7780487,3,9,0,0,2026-09-25,oob,1,in-loop,0,1(heap-level,4,OOB_WRITE,-1/0x03,0x00,0x0,0,5,2,0,7,0x2144a00,262144,0x2164a00,-1,1436703554.718,1436703554.755,1436703554.732,recovery not enabled (classification run),OOB_WRITE,0,,,3,4,0,0,1,9,4,1099511627776,4,5,4:cancelled:0:sig=1099511627776/5,1,0,0,+0x2124a00,+0x2164a00,+0x21a4a00,-0x0,+0x2144a00,+0x2164a00/131072,56623104,3,1,20.2,0,1,26.9,0,first barrier returned,first barrier returned,,,0,5
F2a_timeout_ft1_rec0_b_straddle_t22,F2a,timeout,22,1,0,,1,,,straddle,,,,,1,nvft2_drv,0b5593a88916,e0d6fd1bd841,2eeda7780487,3,9,0,0,2026-09-25,oob,1,in-loop,0,1(heap-level,4,OOB_WRITE,-1/0x03,0x00,0x0,0,5,2,0,7,0x2144a00,262144,0x2164a00,-1,1436709534.765,1436709534.806,1436709534.779,recovery not enabled (classification run),OOB_WRITE,0,,,3,4,0,0,1,9,4,1099511627776,4,5,4:cancelled:0:sig=1099511627776/5,1,0,0,+0x2124a00,+0x2164a00,+0x21a4a00,-0x0,+0x2144a00,+0x2164a00/131072,56623104,3,1,20.2,0,1,26.7,0,first barrier returned,first barrier returned,,,0,5
F2a_timeout_ft1_rec0_b_straddle_t23,F2a,timeout,23,1,0,,1,,,straddle,,,,,1,nvft2_drv,0b5593a88916,e0d6fd1bd841,2eeda7780487,3,9,0,0,2026-09-25,oob,1,in-loop,0,1(heap-level,4,OOB_WRITE,-1/0x03,0x00,0x0,0,5,2,0,7,0x2144a00,262144,0x2164a00,-1,1436715575.303,1436715575.317,1436715575.317,recovery not enabled (classification run),OOB_WRITE,0,,,3,4,0,0,1,9,4,1099511627776,4,5,4:cancelled:0:sig=1099511627776/5,1,0,0,+0x2124a00,+0x2164a00,+0x21a4a00,-0x0,+0x2144a00,+0x2164a00/131072,56623104,3,1,20.1,0,1,26.8,0,first barrier returned,first barrier returned,,,0,5
F2a_timeout_ft1_rec0_b_straddle_t24,F2a,timeout,24,1,0,,1,,,straddle,,,,,1,nvft2_drv,0b5593a88916,e0d6fd1bd841,2eeda7780487,3,9,0,0,2026-09-25,oob,1,in-loop,0,1(heap-level,4,OOB_WRITE,-1/0x03,0x00,0x0,0,5,2,0,7,0x2144a00,262144,0x2164a00,-1,1436721600.103,1436721600.207,1436721600.118,recovery not enabled (classification run),OOB_WRITE,0,,,3,4,0,0,1,9,4,1099511627776,4,5,4:cancelled:0:sig=1099511627776/5,1,0,0,+0x2124a00,+0x2164a00,+0x21a4a00,-0x0,+0x2144a00,+0x2164a00/131072,56623104,3,1,20.1,0,1,26.6,0,first barrier returned,first barrier returned,,,0,5
F2a_timeout_ft1_rec0_b_straddle_t25,F2a,timeout,25,1,0,,1,,,straddle,,,,,1,nvft2_drv,0b5593a88916,e0d6fd1bd841,2eeda7780487,3,9,0,0,2026-09-25,oob,1,in-loop,0,1(heap-level,4,OOB_WRITE,-1/0x03,0x00,0x0,0,5,2,0,7,0x2144a00,262144,0x2164a00,-1,1436727615.158,1436727615.213,1436727615.172,recovery not enabled (classification run),OOB_WRITE,0,,,3,4,0,0,1,9,4,1099511627776,4,5,4:cancelled:0:sig=1099511627776/5,1,0,0,+0x2124a00,+0x2164a00,+0x21a4a00,-0x0,+0x2144a00,+0x2164a00/131072,56623104,3,1,20.5,0,1,26.7,0,first barrier returned,first barrier returned,,,0,5
F2a_timeout_ft1_rec0_b_straddle_t26,F2a,timeout,26,1,0,,1,,,straddle,,,,,1,nvft2_drv,0b5593a88916,e0d6fd1bd841,2eeda7780487,3,9,0,0,2026-09-25,oob,1,in-loop,0,1(heap-level,4,OOB_WRITE,-1/0x03,0x00,0x0,0,5,2,0,7,0x2144a00,262144,0x2164a00,-1,1436733586.976,1436733587.036,1436733586.991,recovery not enabled (classification run),OOB_WRITE,0,,,3,4,0,0,1,9,4,1099511627776,4,5,4:cancelled:0:sig=1099511627776/5,1,0,0,+0x2124a00,+0x2164a00,+0x21a4a00,-0x0,+0x2144a00,+0x2164a00/131072,56623104,3,1,20.2,0,1,30.8,0,first barrier returned,first barrier returned,,,0,5
F2a_timeout_ft1_rec0_b_straddle_t27,F2a,timeout,27,1,0,,1,,,straddle,,,,,1,nvft2_drv,0b5593a88916,e0d6fd1bd841,2eeda7780487,3,9,0,0,2026-09-25,oob,1,in-loop,0,1(heap-level,4,OOB_WRITE,-1/0x03,0x00,0x0,0,5,2,0,7,0x2144a00,262144,0x2164a00,-1,1436739605.551,1436739605.584,1436739605.565,recovery not enabled (classification run),OOB_WRITE,0,,,3,4,0,0,1,9,4,1099511627776,4,5,4:cancelled:0:sig=1099511627776/5,1,0,0,+0x2124a00,+0x2164a00,+0x21a4a00,-0x0,+0x2144a00,+0x2164a00/131072,56623104,3,1,20.1,0,1,26.6,0,first barrier returned,first barrier returned,,,0,5
F2a_timeout_ft1_rec0_b_straddle_t28,F2a,timeout,28,1,0,,1,,,straddle,,,,,1,nvft2_drv,0b5593a88916,e0d6fd1bd841,2eeda7780487,3,9,0,0,2026-09-25,oob,1,in-loop,0,1(heap-level,4,OOB_WRITE,-1/0x03,0x00,0x0,0,5,2,0,7,0x2144a00,262144,0x2164a00,-1,1436745526.825,1436745526.913,1436745526.839,recovery not enabled (classification run),OOB_WRITE,0,,,3,4,0,0,1,9,4,1099511627776,4,5,4:cancelled:0:sig=1099511627776/5,1,0,0,+0x2124a00,+0x2164a00,+0x21a4a00,-0x0,+0x2144a00,+0x2164a00/131072,56623104,3,1,20.2,0,1,26.7,0,first barrier returned,first barrier returned,,,0,5
F2a_timeout_ft1_rec0_b_straddle_t29,F2a,timeout,29,1,0,,1,,,straddle,,,,,1,nvft2_drv,0b5593a88916,e0d6fd1bd841,2eeda7780487,3,9,0,0,2026-09-25,oob,1,in-loop,0,1(heap-level,4,OOB_WRITE,-1/0x03,0x00,0x0,0,5,2,0,7,0x2144a00,262144,0x2164a00,-1,1436751578.296,1436751578.401,1436751578.311,recovery not enabled (classification run),OOB_WRITE,0,,,3,4,0,0,1,9,4,1099511627776,4,5,4:cancelled:0:sig=1099511627776/5,1,0,0,+0x2124a00,+0x2164a00,+0x21a4a00,-0x0,+0x2144a00,+0x2164a00/131072,56623104,3,1,20.4,0,1,27.0,0,first barrier returned,first barrier returned,,,0,5
F2a_timeout_ft1_rec0_b_straddle_t3,F2a,timeout,3,1,0,,1,,,straddle,,,,,1,nvft2_drv,0b5593a88916,e0d6fd1bd841,2eeda7780487,3,9,0,0,2026-09-25,oob,1,in-loop,0,1(heap-level,4,OOB_WRITE,-1/0x03,0x00,0x0,0,5,2,0,7,0x2144a00,262144,0x2164a00,-1,1436595879.513,1436595879.569,1436595879.528,recovery not enabled (classification run),OOB_WRITE,0,,,3,4,0,0,1,9,4,1099511627776,4,5,4:cancelled:0:sig=1099511627776/5,1,0,0,+0x2124a00,+0x2164a00,+0x21a4a00,-0x0,+0x2144a00,+0x2164a00/131072,56623104,3,1,20.0,0,1,30.3,0,first barrier returned,first barrier returned,,,0,5
F2a_timeout_ft1_rec0_b_straddle_t30,F2a,timeout,30,1,0,,1,,,straddle,,,,,1,nvft2_drv,0b5593a88916,e0d6fd1bd841,2eeda7780487,3,9,0,0,2026-09-25,oob,1,in-loop,0,1(heap-level,4,OOB_WRITE,-1/0x03,0x00,0x0,0,5,2,0,7,0x2144a00,262144,0x2164a00,-1,1436757588.573,1436757588.582,1436757588.587,recovery not enabled (classification run),OOB_WRITE,0,,,3,4,0,0,1,9,4,1099511627776,4,5,4:cancelled:0:sig=1099511627776/5,1,0,0,+0x2124a00,+0x2164a00,+0x21a4a00,-0x0,+0x2144a00,+0x2164a00/131072,56623104,3,1,21.0,0,1,30.4,0,first barrier returned,first barrier returned,,,0,5
F2a_timeout_ft1_rec0_b_straddle_t4,F2a,timeout,4,1,0,,1,,,straddle,,,,,1,nvft2_drv,0b5593a88916,e0d6fd1bd841,2eeda7780487,3,9,0,0,2026-09-25,oob,1,in-loop,0,1(heap-level,4,OOB_WRITE,-1/0x03,0x00,0x0,0,5,2,0,7,0x2144a00,262144,0x2164a00,-1,1436601859.240,1436601859.268,1436601859.254,recovery not enabled (classification run),OOB_WRITE,0,,,3,4,0,0,1,9,4,1099511627776,4,5,4:cancelled:0:sig=1099511627776/5,1,0,0,+0x2124a00,+0x2164a00,+0x21a4a00,-0x0,+0x2144a00,+0x2164a00/131072,56623104,3,1,20.2,0,1,30.3,0,first barrier returned,first barrier returned,,,0,5
F2a_timeout_ft1_rec0_b_straddle_t5,F2a,timeout,5,1,0,,1,,,straddle,,,,,1,nvft2_drv,0b5593a88916,e0d6fd1bd841,2eeda7780487,3,9,0,0,2026-09-25,oob,1,in-loop,0,1(heap-level,4,OOB_WRITE,-1/0x03,0x00,0x0,0,5,2,0,7,0x2144a00,262144,0x2164a00,-1,1436607814.741,1436607814.811,1436607814.755,recovery not enabled (classification run),OOB_WRITE,0,,,3,4,0,0,1,9,4,1099511627776,4,5,4:cancelled:0:sig=1099511627776/5,1,0,0,+0x2124a00,+0x2164a00,+0x21a4a00,-0x0,+0x2144a00,+0x2164a00/131072,56623104,3,1,20.3,0,1,27.0,0,first barrier returned,first barrier returned,,,0,5
F2a_timeout_ft1_rec0_b_straddle_t6,F2a,timeout,6,1,0,,1,,,straddle,,,,,1,nvft2_drv,0b5593a88916,e0d6fd1bd841,2eeda7780487,3,9,0,0,2026-09-25,oob,1,in-loop,0,1(heap-level,4,OOB_WRITE,-1/0x03,0x00,0x0,0,5,2,0,7,0x2144a00,262144,0x2164a00,-1,1436613790.343,1436613790.425,1436613790.357,recovery not enabled (classification run),OOB_WRITE,0,,,3,4,0,0,1,9,4,1099511627776,4,5,4:cancelled:0:sig=1099511627776/5,1,0,0,+0x2124a00,+0x2164a00,+0x21a4a00,-0x0,+0x2144a00,+0x2164a00/131072,56623104,3,1,20.3,0,1,26.7,0,first barrier returned,first barrier returned,,,0,5
F2a_timeout_ft1_rec0_b_straddle_t7,F2a,timeout,7,1,0,,1,,,straddle,,,,,1,nvft2_drv,0b5593a88916,e0d6fd1bd841,2eeda7780487,3,9,0,0,2026-09-25,oob,1,in-loop,0,1(heap-level,4,OOB_WRITE,-1/0x03,0x00,0x0,0,5,2,0,7,0x2144a00,262144,0x2164a00,-1,1436619770.122,1436619770.219,1436619770.136,recovery not enabled (classification run),OOB_WRITE,0,,,3,4,0,0,1,9,4,1099511627776,4,5,4:cancelled:0:sig=1099511627776/5,1,0,0,+0x2124a00,+0x2164a00,+0x21a4a00,-0x0,+0x2144a00,+0x2164a00/131072,56623104,3,1,20.0,0,1,26.7,0,first barrier returned,first barrier returned,,,0,5
F2a_timeout_ft1_rec0_b_straddle_t8,F2a,timeout,8,1,0,,1,,,straddle,,,,,1,nvft2_drv,0b5593a88916,e0d6fd1bd841,2eeda7780487,3,9,0,0,2026-09-25,oob,1,in-loop,0,1(heap-level,4,OOB_WRITE,-1/0x03,0x00,0x0,0,5,2,0,7,0x2144a00,262144,0x2164a00,-1,1436625784.456,1436625784.564,1436625784.470,recovery not enabled (classification run),OOB_WRITE,0,,,3,4,0,0,1,9,4,1099511627776,4,5,4:cancelled:0:sig=1099511627776/5,1,0,0,+0x2124a00,+0x2164a00,+0x21a4a00,-0x0,+0x2144a00,+0x2164a00/131072,56623104,3,1,20.3,0,1,26.5,0,first barrier returned,first barrier returned,,,0,5
F2a_timeout_ft1_rec0_b_straddle_t9,F2a,timeout,9,1,0,,1,,,straddle,,,,,1,nvft2_drv,0b5593a88916,e0d6fd1bd841,2eeda7780487,3,9,0,0,2026-09-25,oob,1,in-loop,0,1(heap-level,4,OOB_WRITE,-1/0x03,0x00,0x0,0,5,2,0,7,0x2144a00,262144,0x2164a00,-1,1436631750.955,1436631751.035,1436631750.968,recovery not enabled (classification run),OOB_WRITE,0,,,3,4,0,0,1,9,4,1099511627776,4,5,4:cancelled:0:sig=1099511627776/5,1,0,0,+0x2124a00,+0x2164a00,+0x21a4a00,-0x0,+0x2144a00,+0x2164a00/131072,56623104,3,1,20.6,0,1,26.8,0,first barrier returned,first barrier returned,,,0,5
F2a_timeout_ft1_rec0_b_tail_t1,F2a,timeout,1,1,0,,1,,,tail,,,,,1,nvft2_drv,0b5593a88916,e0d6fd1bd841,2eeda7780487,3,9,0,0,2026-09-25,oob,1,in-loop,0,1(heap-level,4,OOB_WRITE,-1/0x02,0x00,0x0,0,5,2,0,7,0x21e4c00,262144,0x0,-1,1436585391.189,1436585391.205,1436585391.203,recovery not enabled (classification run),OOB_WRITE,0,,,3,4,0,0,1,9,4,1099511627776,4,5,4:cancelled:0:sig=1099511627776/5,1,0,0,+0x2124a00,+0x2164a00,+0x21a4a00,+0x21a4c00,+0x21e4c00,+0x21e4c00/262144,56623104,2,1,20.4,0,1,26.7,0,first barrier returned,first barrier returned,,,0,5
F2a_timeout_ft1_rec0_b_tail_t10,F2a,timeout,10,1,0,,1,,,tail,,,,,1,nvft2_drv,0b5593a88916,e0d6fd1bd841,2eeda7780487,3,9,0,0,2026-09-25,oob,1,in-loop,0,1(heap-level,4,OOB_WRITE,-1/0x02,0x00,0x0,0,5,2,0,7,0x21e4c00,262144,0x0,-1,1436639288.304,1436639288.412,1436639288.319,recovery not enabled (classification run),OOB_WRITE,0,,,3,4,0,0,1,9,4,1099511627776,4,5,4:cancelled:0:sig=1099511627776/5,1,0,0,+0x2124a00,+0x2164a00,+0x21a4a00,+0x21a4c00,+0x21e4c00,+0x21e4c00/262144,56623104,2,1,20.0,0,1,26.7,0,first barrier returned,first barrier returned,,,0,5
F2a_timeout_ft1_rec0_b_tail_t11,F2a,timeout,11,1,0,,1,,,tail,,,,,1,nvft2_drv,0b5593a88916,e0d6fd1bd841,2eeda7780487,3,9,0,0,2026-09-25,oob,1,in-loop,0,1(heap-level,4,OOB_WRITE,-1/0x02,0x00,0x0,0,5,2,0,7,0x21e4c00,262144,0x0,-1,1436645212.174,1436645212.259,1436645212.188,recovery not enabled (classification run),OOB_WRITE,0,,,3,4,0,0,1,9,4,1099511627776,4,5,4:cancelled:0:sig=1099511627776/5,1,0,0,+0x2124a00,+0x2164a00,+0x21a4a00,+0x21a4c00,+0x21e4c00,+0x21e4c00/262144,56623104,2,1,20.3,0,1,26.5,0,first barrier returned,first barrier returned,,,0,5
F2a_timeout_ft1_rec0_b_tail_t12,F2a,timeout,12,1,0,,1,,,tail,,,,,1,nvft2_drv,0b5593a88916,e0d6fd1bd841,2eeda7780487,3,9,0,0,2026-09-25,oob,1,in-loop,0,1(heap-level,4,OOB_WRITE,-1/0x02,0x00,0x0,0,5,2,0,7,0x21e4c00,262144,0x0,-1,1436651154.631,1436651154.654,1436651154.645,recovery not enabled (classification run),OOB_WRITE,0,,,3,4,0,0,1,9,4,1099511627776,4,5,4:cancelled:0:sig=1099511627776/5,1,0,0,+0x2124a00,+0x2164a00,+0x21a4a00,+0x21a4c00,+0x21e4c00,+0x21e4c00/262144,56623104,2,1,20.2,0,1,26.6,0,first barrier returned,first barrier returned,,,0,5
F2a_timeout_ft1_rec0_b_tail_t13,F2a,timeout,13,1,0,,1,,,tail,,,,,1,nvft2_drv,0b5593a88916,e0d6fd1bd841,2eeda7780487,3,9,0,0,2026-09-25,oob,1,in-loop,0,1(heap-level,4,OOB_WRITE,-1/0x02,0x00,0x0,0,5,2,0,7,0x21e4c00,262144,0x0,-1,1436657107.042,1436657107.060,1436657107.055,recovery not enabled (classification run),OOB_WRITE,0,,,3,4,0,0,1,9,4,1099511627776,4,5,4:cancelled:0:sig=1099511627776/5,1,0,0,+0x2124a00,+0x2164a00,+0x21a4a00,+0x21a4c00,+0x21e4c00,+0x21e4c00/262144,56623104,2,1,20.1,0,1,26.8,0,first barrier returned,first barrier returned,,,0,5
F2a_timeout_ft1_rec0_b_tail_t14,F2a,timeout,14,1,0,,1,,,tail,,,,,1,nvft2_drv,0b5593a88916,e0d6fd1bd841,2eeda7780487,3,9,0,0,2026-09-25,oob,1,in-loop,0,1(heap-level,4,OOB_WRITE,-1/0x02,0x00,0x0,0,5,2,0,7,0x21e4c00,262144,0x0,-1,1436663074.585,1436663074.628,1436663074.598,recovery not enabled (classification run),OOB_WRITE,0,,,3,4,0,0,1,9,4,1099511627776,4,5,4:cancelled:0:sig=1099511627776/5,1,0,0,+0x2124a00,+0x2164a00,+0x21a4a00,+0x21a4c00,+0x21e4c00,+0x21e4c00/262144,56623104,2,1,20.1,0,1,26.5,0,first barrier returned,first barrier returned,,,0,5
F2a_timeout_ft1_rec0_b_tail_t15,F2a,timeout,15,1,0,,1,,,tail,,,,,1,nvft2_drv,0b5593a88916,e0d6fd1bd841,2eeda7780487,3,9,0,0,2026-09-25,oob,1,in-loop,0,1(heap-level,4,OOB_WRITE,-1/0x02,0x00,0x0,0,5,2,0,7,0x21e4c00,262144,0x0,-1,1436669097.857,1436669097.891,1436669097.872,recovery not enabled (classification run),OOB_WRITE,0,,,3,4,0,0,1,9,4,1099511627776,4,5,4:cancelled:0:sig=1099511627776/5,1,0,0,+0x2124a00,+0x2164a00,+0x21a4a00,+0x21a4c00,+0x21e4c00,+0x21e4c00/262144,56623104,2,1,20.1,0,1,26.6,0,first barrier returned,first barrier returned,,,0,5
F2a_timeout_ft1_rec0_b_tail_t16,F2a,timeout,16,1,0,,1,,,tail,,,,,1,nvft2_drv,0b5593a88916,e0d6fd1bd841,2eeda7780487,3,9,0,0,2026-09-25,oob,1,in-loop,0,1(heap-level,4,OOB_WRITE,-1/0x02,0x00,0x0,0,5,2,0,7,0x21e4c00,262144,0x0,-1,1436675090.889,1436675090.912,1436675090.902,recovery not enabled (classification run),OOB_WRITE,0,,,3,4,0,0,1,9,4,1099511627776,4,5,4:cancelled:0:sig=1099511627776/5,1,0,0,+0x2124a00,+0x2164a00,+0x21a4a00,+0x21a4c00,+0x21e4c00,+0x21e4c00/262144,56623104,2,1,20.1,0,1,26.7,0,first barrier returned,first barrier returned,,,0,5
F2a_timeout_ft1_rec0_b_tail_t17,F2a,timeout,17,1,0,,1,,,tail,,,,,1,nvft2_drv,0b5593a88916,e0d6fd1bd841,2eeda7780487,3,9,0,0,2026-09-25,oob,1,in-loop,0,1(heap-level,4,OOB_WRITE,-1/0x02,0x00,0x0,0,5,2,0,7,0x21e4c00,262144,0x0,-1,1436681047.117,1436681047.215,1436681047.130,recovery not enabled (classification run),OOB_WRITE,0,,,3,4,0,0,1,9,4,1099511627776,4,5,4:cancelled:0:sig=1099511627776/5,1,0,0,+0x2124a00,+0x2164a00,+0x21a4a00,+0x21a4c00,+0x21e4c00,+0x21e4c00/262144,56623104,2,1,20.1,0,1,26.6,0,first barrier returned,first barrier returned,,,0,5
F2a_timeout_ft1_rec0_b_tail_t18,F2a,timeout,18,1,0,,1,,,tail,,,,,1,nvft2_drv,0b5593a88916,e0d6fd1bd841,2eeda7780487,3,9,0,0,2026-09-25,oob,1,in-loop,0,1(heap-level,4,OOB_WRITE,-1/0x02,0x00,0x0,0,5,2,0,7,0x21e4c00,262144,0x0,-1,1436687071.469,1436687071.544,1436687071.483,recovery not enabled (classification run),OOB_WRITE,0,,,3,4,0,0,1,9,4,1099511627776,4,5,4:cancelled:0:sig=1099511627776/5,1,0,0,+0x2124a00,+0x2164a00,+0x21a4a00,+0x21a4c00,+0x21e4c00,+0x21e4c00/262144,56623104,2,1,20.2,0,1,26.6,0,first barrier returned,first barrier returned,,,0,5
F2a_timeout_ft1_rec0_b_tail_t19,F2a,timeout,19,1,0,,1,,,tail,,,,,1,nvft2_drv,0b5593a88916,e0d6fd1bd841,2eeda7780487,3,9,0,0,2026-09-25,oob,1,in-loop,0,1(heap-level,4,OOB_WRITE,-1/0x02,0x00,0x0,0,5,2,0,7,0x21e4c00,262144,0x0,-1,1436693042.109,1436693042.195,1436693042.123,recovery not enabled (classification run),OOB_WRITE,0,,,3,4,0,0,1,9,4,1099511627776,4,5,4:cancelled:0:sig=1099511627776/5,1,0,0,+0x2124a00,+0x2164a00,+0x21a4a00,+0x21a4c00,+0x21e4c00,+0x21e4c00/262144,56623104,2,1,20.4,0,1,26.6,0,first barrier returned,first barrier returned,,,0,5
F2a_timeout_ft1_rec0_b_tail_t2,F2a,timeout,2,1,0,,1,,,tail,,,,,1,nvft2_drv,0b5593a88916,e0d6fd1bd841,2eeda7780487,3,9,0,0,2026-09-25,oob,1,in-loop,0,1(heap-level,4,OOB_WRITE,-1/0x02,0x00,0x0,0,5,2,0,7,0x21e4c00,262144,0x0,-1,1436591363.207,1436591363.266,1436591363.221,recovery not enabled (classification run),OOB_WRITE,0,,,3,4,0,0,1,9,4,1099511627776,4,5,4:cancelled:0:sig=1099511627776/5,1,0,0,+0x2124a00,+0x2164a00,+0x21a4a00,+0x21a4c00,+0x21e4c00,+0x21e4c00/262144,56623104,2,1,20.3,0,1,26.6,0,first barrier returned,first barrier returned,,,0,5
F2a_timeout_ft1_rec0_b_tail_t20,F2a,timeout,20,1,0,,1,,,tail,,,,,1,nvft2_drv,0b5593a88916,e0d6fd1bd841,2eeda7780487,3,9,0,0,2026-09-25,oob,1,in-loop,0,1(heap-level,4,OOB_WRITE,-1/0x02,0x00,0x0,0,5,2,0,7,0x21e4c00,262144,0x0,-1,1436699041.484,1436699041.533,1436699041.499,recovery not enabled (classification run),OOB_WRITE,0,,,3,4,0,0,1,9,4,1099511627776,4,5,4:cancelled:0:sig=1099511627776/5,1,0,0,+0x2124a00,+0x2164a00,+0x21a4a00,+0x21a4c00,+0x21e4c00,+0x21e4c00/262144,56623104,2,1,20.2,0,1,26.5,0,first barrier returned,first barrier returned,,,0,5
F2a_timeout_ft1_rec0_b_tail_t21,F2a,timeout,21,1,0,,1,,,tail,,,,,1,nvft2_drv,0b5593a88916,e0d6fd1bd841,2eeda7780487,3,9,0,0,2026-09-25,oob,1,in-loop,0,1(heap-level,4,OOB_WRITE,-1/0x02,0x00,0x0,0,5,2,0,7,0x21e4c00,262144,0x0,-1,1436705029.906,1436705029.942,1436705029.919,recovery not enabled (classification run),OOB_WRITE,0,,,3,4,0,0,1,9,4,1099511627776,4,5,4:cancelled:0:sig=1099511627776/5,1,0,0,+0x2124a00,+0x2164a00,+0x21a4a00,+0x21a4c00,+0x21e4c00,+0x21e4c00/262144,56623104,2,1,20.2,0,1,26.7,0,first barrier returned,first barrier returned,,,0,5
F2a_timeout_ft1_rec0_b_tail_t22,F2a,timeout,22,1,0,,1,,,tail,,,,,1,nvft2_drv,0b5593a88916,e0d6fd1bd841,2eeda7780487,3,9,0,0,2026-09-25,oob,1,in-loop,0,1(heap-level,4,OOB_WRITE,-1/0x02,0x00,0x0,0,5,2,0,7,0x21e4c00,262144,0x0,-1,1436711019.082,1436711019.138,1436711019.096,recovery not enabled (classification run),OOB_WRITE,0,,,3,4,0,0,1,9,4,1099511627776,4,5,4:cancelled:0:sig=1099511627776/5,1,0,0,+0x2124a00,+0x2164a00,+0x21a4a00,+0x21a4c00,+0x21e4c00,+0x21e4c00/262144,56623104,2,1,20.3,0,1,30.4,0,first barrier returned,first barrier returned,,,0,5
F2a_timeout_ft1_rec0_b_tail_t23,F2a,timeout,23,1,0,,1,,,tail,,,,,1,nvft2_drv,0b5593a88916,e0d6fd1bd841,2eeda7780487,3,9,0,0,2026-09-25,oob,1,in-loop,0,1(heap-level,4,OOB_WRITE,-1/0x02,0x00,0x0,0,5,2,0,7,0x21e4c00,262144,0x0,-1,1436717074.026,1436717074.042,1436717074.039,recovery not enabled (classification run),OOB_WRITE,0,,,3,4,0,0,1,9,4,1099511627776,4,5,4:cancelled:0:sig=1099511627776/5,1,0,0,+0x2124a00,+0x2164a00,+0x21a4a00,+0x21a4c00,+0x21e4c00,+0x21e4c00/262144,56623104,2,1,20.2,0,1,26.5,0,first barrier returned,first barrier returned,,,0,5
F2a_timeout_ft1_rec0_b_tail_t24,F2a,timeout,24,1,0,,1,,,tail,,,,,1,nvft2_drv,0b5593a88916,e0d6fd1bd841,2eeda7780487,3,9,0,0,2026-09-25,oob,1,in-loop,0,1(heap-level,4,OOB_WRITE,-1/0x02,0x00,0x0,0,5,2,0,7,0x21e4c00,262144,0x0,-1,1436723095.137,1436723095.215,1436723095.151,recovery not enabled (classification run),OOB_WRITE,0,,,3,4,0,0,1,9,4,1099511627776,4,5,4:cancelled:0:sig=1099511627776/5,1,0,0,+0x2124a00,+0x2164a00,+0x21a4a00,+0x21a4c00,+0x21e4c00,+0x21e4c00/262144,56623104,2,1,20.1,0,1,26.7,0,first barrier returned,first barrier returned,,,0,5
F2a_timeout_ft1_rec0_b_tail_t25,F2a,timeout,25,1,0,,1,,,tail,,,,,1,nvft2_drv,0b5593a88916,e0d6fd1bd841,2eeda7780487,3,9,0,0,2026-09-25,oob,1,in-loop,0,1(heap-level,4,OOB_WRITE,-1/0x02,0x00,0x0,0,5,2,0,7,0x21e4c00,262144,0x0,-1,1436729095.407,1436729095.469,1436729095.421,recovery not enabled (classification run),OOB_WRITE,0,,,3,4,0,0,1,9,4,1099511627776,4,5,4:cancelled:0:sig=1099511627776/5,1,0,0,+0x2124a00,+0x2164a00,+0x21a4a00,+0x21a4c00,+0x21e4c00,+0x21e4c00/262144,56623104,2,1,20.2,0,1,26.6,0,first barrier returned,first barrier returned,,,0,5
F2a_timeout_ft1_rec0_b_tail_t26,F2a,timeout,26,1,0,,1,,,tail,,,,,1,nvft2_drv,0b5593a88916,e0d6fd1bd841,2eeda7780487,3,9,0,0,2026-09-25,oob,1,in-loop,0,1(heap-level,4,OOB_WRITE,-1/0x02,0x00,0x0,0,5,2,0,7,0x21e4c00,262144,0x0,-1,1436735111.970,1436735112.054,1436735111.983,recovery not enabled (classification run),OOB_WRITE,0,,,3,4,0,0,1,9,4,1099511627776,4,5,4:cancelled:0:sig=1099511627776/5,1,0,0,+0x2124a00,+0x2164a00,+0x21a4a00,+0x21a4c00,+0x21e4c00,+0x21e4c00/262144,56623104,2,1,20.3,0,1,26.7,0,first barrier returned,first barrier returned,,,0,5
F2a_timeout_ft1_rec0_b_tail_t27,F2a,timeout,27,1,0,,1,,,tail,,,,,1,nvft2_drv,0b5593a88916,e0d6fd1bd841,2eeda7780487,3,9,0,0,2026-09-25,oob,1,in-loop,0,1(heap-level,4,OOB_WRITE,-1/0x02,0x00,0x0,0,5,2,0,7,0x21e4c00,262144,0x0,-1,1436741066.612,1436741066.707,1436741066.627,recovery not enabled (classification run),OOB_WRITE,0,,,3,4,0,0,1,9,4,1099511627776,4,5,4:cancelled:0:sig=1099511627776/5,1,0,0,+0x2124a00,+0x2164a00,+0x21a4a00,+0x21a4c00,+0x21e4c00,+0x21e4c00/262144,56623104,2,1,20.1,0,1,26.7,0,first barrier returned,first barrier returned,,,0,5
F2a_timeout_ft1_rec0_b_tail_t28,F2a,timeout,28,1,0,,1,,,tail,,,,,1,nvft2_drv,0b5593a88916,e0d6fd1bd841,2eeda7780487,3,9,0,0,2026-09-25,oob,1,in-loop,0,1(heap-level,4,OOB_WRITE,-1/0x02,0x00,0x0,0,5,2,0,7,0x21e4c00,262144,0x0,-1,1436747034.451,1436747034.552,1436747034.465,recovery not enabled (classification run),OOB_WRITE,0,,,3,4,0,0,1,9,4,1099511627776,4,5,4:cancelled:0:sig=1099511627776/5,1,0,0,+0x2124a00,+0x2164a00,+0x21a4a00,+0x21a4c00,+0x21e4c00,+0x21e4c00/262144,56623104,2,1,20.3,0,1,30.3,0,first barrier returned,first barrier returned,,,0,5
F2a_timeout_ft1_rec0_b_tail_t29,F2a,timeout,29,1,0,,1,,,tail,,,,,1,nvft2_drv,0b5593a88916,e0d6fd1bd841,2eeda7780487,3,9,0,0,2026-09-25,oob,1,in-loop,0,1(heap-level,4,OOB_WRITE,-1/0x02,0x00,0x0,0,5,2,0,7,0x21e4c00,262144,0x0,-1,1436753079.177,1436753079.240,1436753079.191,recovery not enabled (classification run),OOB_WRITE,0,,,3,4,0,0,1,9,4,1099511627776,4,5,4:cancelled:0:sig=1099511627776/5,1,0,0,+0x2124a00,+0x2164a00,+0x21a4a00,+0x21a4c00,+0x21e4c00,+0x21e4c00/262144,56623104,2,1,20.3,0,1,26.8,0,first barrier returned,first barrier returned,,,0,5
F2a_timeout_ft1_rec0_b_tail_t3,F2a,timeout,3,1,0,,1,,,tail,,,,,1,nvft2_drv,0b5593a88916,e0d6fd1bd841,2eeda7780487,3,9,0,0,2026-09-25,oob,1,in-loop,0,1(heap-level,4,OOB_WRITE,-1/0x02,0x00,0x0,0,5,2,0,7,0x21e4c00,262144,0x0,-1,1436597357.945,1436597358.000,1436597357.959,recovery not enabled (classification run),OOB_WRITE,0,,,3,4,0,0,1,9,4,1099511627776,4,5,4:cancelled:0:sig=1099511627776/5,1,0,0,+0x2124a00,+0x2164a00,+0x21a4a00,+0x21a4c00,+0x21e4c00,+0x21e4c00/262144,56623104,2,1,20.5,0,1,26.6,0,first barrier returned,first barrier returned,,,0,5
F2a_timeout_ft1_rec0_b_tail_t30,F2a,timeout,30,1,0,,1,,,tail,,,,,1,nvft2_drv,0b5593a88916,e0d6fd1bd841,2eeda7780487,3,9,0,0,2026-09-25,oob,1,in-loop,0,1(heap-level,4,OOB_WRITE,-1/0x02,0x00,0x0,0,5,2,0,7,0x21e4c00,262144,0x0,-1,1436759104.153,1436759104.207,1436759104.167,recovery not enabled (classification run),OOB_WRITE,0,,,3,4,0,0,1,9,4,1099511627776,4,5,4:cancelled:0:sig=1099511627776/5,1,0,0,+0x2124a00,+0x2164a00,+0x21a4a00,+0x21a4c00,+0x21e4c00,+0x21e4c00/262144,56623104,2,1,20.1,0,1,26.4,0,first barrier returned,first barrier returned,,,0,5
F2a_timeout_ft1_rec0_b_tail_t4,F2a,timeout,4,1,0,,1,,,tail,,,,,1,nvft2_drv,0b5593a88916,e0d6fd1bd841,2eeda7780487,3,9,0,0,2026-09-25,oob,1,in-loop,0,1(heap-level,4,OOB_WRITE,-1/0x02,0x00,0x0,0,5,2,0,7,0x21e4c00,262144,0x0,-1,1436603332.843,1436603332.921,1436603332.856,recovery not enabled (classification run),OOB_WRITE,0,,,3,4,0,0,1,9,4,1099511627776,4,5,4:cancelled:0:sig=1099511627776/5,1,0,0,+0x2124a00,+0x2164a00,+0x21a4a00,+0x21a4c00,+0x21e4c00,+0x21e4c00/262144,56623104,2,1,20.5,0,1,26.5,0,first barrier returned,first barrier returned,,,0,5
F2a_timeout_ft1_rec0_b_tail_t5,F2a,timeout,5,1,0,,1,,,tail,,,,,1,nvft2_drv,0b5593a88916,e0d6fd1bd841,2eeda7780487,3,9,0,0,2026-09-25,oob,1,in-loop,0,1(heap-level,4,OOB_WRITE,-1/0x02,0x00,0x0,0,5,2,0,7,0x21e4c00,262144,0x0,-1,1436609312.293,1436609312.360,1436609312.306,recovery not enabled (classification run),OOB_WRITE,0,,,3,4,0,0,1,9,4,1099511627776,4,5,4:cancelled:0:sig=1099511627776/5,1,0,0,+0x2124a00,+0x2164a00,+0x21a4a00,+0x21a4c00,+0x21e4c00,+0x21e4c00/262144,56623104,2,1,20.5,0,1,26.5,0,first barrier returned,first barrier returned,,,0,5
F2a_timeout_ft1_rec0_b_tail_t6,F2a,timeout,6,1,0,,1,,,tail,,,,,1,nvft2_drv,0b5593a88916,e0d6fd1bd841,2eeda7780487,3,9,0,0,2026-09-25,oob,1,in-loop,0,1(heap-level,4,OOB_WRITE,-1/0x02,0x00,0x0,0,5,2,0,7,0x21e4c00,262144,0x0,-1,1436615277.815,1436615277.895,1436615277.829,recovery not enabled (classification run),OOB_WRITE,0,,,3,4,0,0,1,9,4,1099511627776,4,5,4:cancelled:0:sig=1099511627776/5,1,0,0,+0x2124a00,+0x2164a00,+0x21a4a00,+0x21a4c00,+0x21e4c00,+0x21e4c00/262144,56623104,2,1,20.4,0,1,26.6,0,first barrier returned,first barrier returned,,,0,5
F2a_timeout_ft1_rec0_b_tail_t7,F2a,timeout,7,1,0,,1,,,tail,,,,,1,nvft2_drv,0b5593a88916,e0d6fd1bd841,2eeda7780487,3,9,0,0,2026-09-25,oob,1,in-loop,0,1(heap-level,4,OOB_WRITE,-1/0x02,0x00,0x0,0,5,2,0,7,0x21e4c00,262144,0x0,-1,1436621282.600,1436621282.656,1436621282.612,recovery not enabled (classification run),OOB_WRITE,0,,,3,4,0,0,1,9,4,1099511627776,4,5,4:cancelled:0:sig=1099511627776/5,1,0,0,+0x2124a00,+0x2164a00,+0x21a4a00,+0x21a4c00,+0x21e4c00,+0x21e4c00/262144,56623104,2,1,20.2,0,1,30.2,0,first barrier returned,first barrier returned,,,0,5
F2a_timeout_ft1_rec0_b_tail_t8,F2a,timeout,8,1,0,,1,,,tail,,,,,1,nvft2_drv,0b5593a88916,e0d6fd1bd841,2eeda7780487,3,9,0,0,2026-09-25,oob,1,in-loop,0,1(heap-level,4,OOB_WRITE,-1/0x02,0x00,0x0,0,5,2,0,7,0x21e4c00,262144,0x0,-1,1436627282.018,1436627282.095,1436627282.032,recovery not enabled (classification run),OOB_WRITE,0,,,3,4,0,0,1,9,4,1099511627776,4,5,4:cancelled:0:sig=1099511627776/5,1,0,0,+0x2124a00,+0x2164a00,+0x21a4a00,+0x21a4c00,+0x21e4c00,+0x21e4c00/262144,56623104,2,1,20.3,0,1,26.6,0,first barrier returned,first barrier returned,,,0,5
F2a_timeout_ft1_rec0_b_tail_t9,F2a,timeout,9,1,0,,1,,,tail,,,,,1,nvft2_drv,0b5593a88916,e0d6fd1bd841,2eeda7780487,3,9,0,0,2026-09-25,oob,1,in-loop,0,1(heap-level,4,OOB_WRITE,-1/0x02,0x00,0x0,0,5,2,0,7,0x21e4c00,262144,0x0,-1,1436633255.294,1436633255.366,1436633255.307,recovery not enabled (classification run),OOB_WRITE,0,,,3,4,0,0,1,9,4,1099511627776,4,5,4:cancelled:0:sig=1099511627776/5,1,0,0,+0x2124a00,+0x2164a00,+0x21a4a00,+0x21a4c00,+0x21e4c00,+0x21e4c00/262144,56623104,2,1,20.5,0,1,30.3,0,first barrier returned,first barrier returned,,,0,5
F2a_blocking_ft1_rec0_b_gap_t1,F2a,blocking,1,1,0,,1,,,gap,,,,,1,nvft2_drv,0b5593a88916,e0d6fd1bd841,2eeda7780487,3,9,0,0,2026-09-25,oob_ctl,1,in-loop,0,1(heap-level,4,OOB_WRITE,-1/0x02,0x00,0x0,0,5,2,0,7,0x2164a00,262144,0x0,-1,1436790331.222,1436790331.260,1436790331.241,recovery not enabled (classification run),OOB_WRITE,0,,,3,4,0,0,1,9,4,1099511627776,4,5,4:cancelled:0:sig=1099511627776/5,1,0,0,+0x2124a00,+0x21a4a00,+0x21e4a00,-0x0,+0x2164a00,+0x2164a00/262144,56623104,2,1,20.8,0,1,26.5,0,first barrier returned,first barrier returned,,,0,5
F2a_blocking_ft1_rec0_b_gap_t2,F2a,blocking,2,1,0,,1,,,gap,,,,,1,nvft2_drv,0b5593a88916,e0d6fd1bd841,2eeda7780487,3,9,0,0,2026-09-25,oob_ctl,1,in-loop,0,1(heap-level,4,OOB_WRITE,-1/0x02,0x00,0x0,0,5,2,0,7,0x2164a00,262144,0x0,-1,1436791836.063,1436791836.079,1436791836.082,recovery not enabled (classification run),OOB_WRITE,0,,,3,4,0,0,1,9,4,1099511627776,4,5,4:cancelled:0:sig=1099511627776/5,1,0,0,+0x2124a00,+0x21a4a00,+0x21e4a00,-0x0,+0x2164a00,+0x2164a00/262144,56623104,2,1,20.3,0,1,26.6,0,first barrier returned,first barrier returned,,,0,5
F2a_blocking_ft1_rec0_b_gap_t3,F2a,blocking,3,1,0,,1,,,gap,,,,,1,nvft2_drv,0b5593a88916,e0d6fd1bd841,2eeda7780487,3,9,0,0,2026-09-25,oob_ctl,1,in-loop,0,1(heap-level,4,OOB_WRITE,-1/0x02,0x00,0x0,0,5,2,0,7,0x2164a00,262144,0x0,-1,1436793319.223,1436793319.266,1436793319.242,recovery not enabled (classification run),OOB_WRITE,0,,,3,4,0,0,1,9,4,1099511627776,4,5,4:cancelled:0:sig=1099511627776/5,1,0,0,+0x2124a00,+0x21a4a00,+0x21e4a00,-0x0,+0x2164a00,+0x2164a00/262144,56623104,2,1,20.3,0,1,26.6,0,first barrier returned,first barrier returned,,,0,5
F2a_blocking_ft1_rec0_b_gap_t4,F2a,blocking,4,1,0,,1,,,gap,,,,,1,nvft2_drv,0b5593a88916,e0d6fd1bd841,2eeda7780487,3,9,0,0,2026-09-25,oob_ctl,1,in-loop,0,1(heap-level,4,OOB_WRITE,-1/0x02,0x00,0x0,0,5,2,0,7,0x2164a00,262144,0x0,-1,1436794805.830,1436794805.915,1436794805.848,recovery not enabled (classification run),OOB_WRITE,0,,,3,4,0,0,1,9,4,1099511627776,4,5,4:cancelled:0:sig=1099511627776/5,1,0,0,+0x2124a00,+0x21a4a00,+0x21e4a00,-0x0,+0x2164a00,+0x2164a00/262144,56623104,2,1,20.1,0,1,26.7,0,first barrier returned,first barrier returned,,,0,5
F2a_blocking_ft1_rec0_b_gap_t5,F2a,blocking,5,1,0,,1,,,gap,,,,,1,nvft2_drv,0b5593a88916,e0d6fd1bd841,2eeda7780487,3,9,0,0,2026-09-25,oob_ctl,1,in-loop,0,1(heap-level,4,OOB_WRITE,-1/0x02,0x00,0x0,0,5,2,0,7,0x2164a00,262144,0x0,-1,1436796278.926,1436796279.013,1436796278.944,recovery not enabled (classification run),OOB_WRITE,0,,,3,4,0,0,1,9,4,1099511627776,4,5,4:cancelled:0:sig=1099511627776/5,1,0,0,+0x2124a00,+0x21a4a00,+0x21e4a00,-0x0,+0x2164a00,+0x2164a00/262144,56623104,2,1,20.1,0,1,26.7,0,first barrier returned,first barrier returned,,,0,5
F2a_blocking_ft1_rec0_b_straddle_t1,F2a,blocking,1,1,0,,1,,,straddle,,,,,1,nvft2_drv,0b5593a88916,e0d6fd1bd841,2eeda7780487,3,9,0,0,2026-09-25,oob_ctl,1,in-loop,0,1(heap-level,4,OOB_WRITE,-1/0x03,0x00,0x0,0,5,2,0,7,0x2144a00,262144,0x2164a00,-1,1436797795.611,1436797795.673,1436797795.630,recovery not enabled (classification run),OOB_WRITE,0,,,3,4,0,0,1,9,4,1099511627776,4,5,4:cancelled:0:sig=1099511627776/5,1,0,0,+0x2124a00,+0x2164a00,+0x21a4a00,-0x0,+0x2144a00,+0x2164a00/131072,56623104,3,1,20.2,0,1,30.3,0,first barrier returned,first barrier returned,,,0,5
F2a_blocking_ft1_rec0_b_straddle_t2,F2a,blocking,2,1,0,,1,,,straddle,,,,,1,nvft2_drv,0b5593a88916,e0d6fd1bd841,2eeda7780487,3,9,0,0,2026-09-25,oob_ctl,1,in-loop,0,1(heap-level,4,OOB_WRITE,-1/0x03,0x00,0x0,0,5,2,0,7,0x2144a00,262144,0x2164a00,-1,1436799295.360,1436799295.418,1436799295.378,recovery not enabled (classification run),OOB_WRITE,0,,,3,4,0,0,1,9,4,1099511627776,4,5,4:cancelled:0:sig=1099511627776/5,1,0,0,+0x2124a00,+0x2164a00,+0x21a4a00,-0x0,+0x2144a00,+0x2164a00/131072,56623104,3,1,20.3,0,1,27.0,0,first barrier returned,first barrier returned,,,0,5
F2a_blocking_ft1_rec0_b_straddle_t3,F2a,blocking,3,1,0,,1,,,straddle,,,,,1,nvft2_drv,0b5593a88916,e0d6fd1bd841,2eeda7780487,3,9,0,0,2026-09-25,oob_ctl,1,in-loop,0,1(heap-level,4,OOB_WRITE,-1/0x03,0x00,0x0,0,5,2,0,7,0x2144a00,262144,0x2164a00,-1,1436800773.933,1436800773.941,1436800773.952,recovery not enabled (classification run),OOB_WRITE,0,,,3,4,0,0,1,9,4,1099511627776,4,5,4:cancelled:0:sig=1099511627776/5,1,0,0,+0x2124a00,+0x2164a00,+0x21a4a00,-0x0,+0x2144a00,+0x2164a00/131072,56623104,3,1,20.5,0,1,30.3,0,first barrier returned,first barrier returned,,,0,5
F2a_blocking_ft1_rec0_b_straddle_t4,F2a,blocking,4,1,0,,1,,,straddle,,,,,1,nvft2_drv,0b5593a88916,e0d6fd1bd841,2eeda7780487,3,9,0,0,2026-09-25,oob_ctl,1,in-loop,0,1(heap-level,4,OOB_WRITE,-1/0x03,0x00,0x0,0,5,2,0,7,0x2144a00,262144,0x2164a00,-1,1436802253.503,1436802253.585,1436802253.522,recovery not enabled (classification run),OOB_WRITE,0,,,3,4,0,0,1,9,4,1099511627776,4,5,4:cancelled:0:sig=1099511627776/5,1,0,0,+0x2124a00,+0x2164a00,+0x21a4a00,-0x0,+0x2144a00,+0x2164a00/131072,56623104,3,1,20.1,0,1,26.7,0,first barrier returned,first barrier returned,,,0,5
F2a_blocking_ft1_rec0_b_straddle_t5,F2a,blocking,5,1,0,,1,,,straddle,,,,,1,nvft2_drv,0b5593a88916,e0d6fd1bd841,2eeda7780487,3,9,0,0,2026-09-25,oob_ctl,1,in-loop,0,1(heap-level,4,OOB_WRITE,-1/0x03,0x00,0x0,0,5,2,0,7,0x2144a00,262144,0x2164a00,-1,1436803760.124,1436803760.182,1436803760.143,recovery not enabled (classification run),OOB_WRITE,0,,,3,4,0,0,1,9,4,1099511627776,4,5,4:cancelled:0:sig=1099511627776/5,1,0,0,+0x2124a00,+0x2164a00,+0x21a4a00,-0x0,+0x2144a00,+0x2164a00/131072,56623104,3,1,20.1,0,1,26.8,0,first barrier returned,first barrier returned,,,0,5
F2a_timeout_ft1_rec0_b_heap_t1,F2a,timeout,1,1,0,,1,,,heap,,,,,1,nvft2_drv,0b5593a88916,e0d6fd1bd841,2eeda7780487,3,9,0,0,2026-09-25,oob_ctl,1,in-loop,0,1(heap-level,4,OOB_WRITE,-1/0x01,0x00,0x0,0,5,2,0,7,0x3600000,262144,0x0,-1,1436805238.567,1436805238.653,1436805238.581,recovery not enabled (classification run),OOB_WRITE,0,,,3,4,0,0,1,9,4,1099511627776,4,5,4:cancelled:0:sig=1099511627776/5,1,0,0,+0x2124a00,+0x2164a00,+0x21a4a00,-0x0,+0x3600000,+0x0/0,56623104,1,1,20.1,0,1,26.6,0,first barrier returned,first barrier returned,,,0,5
F2a_timeout_ft1_rec0_b_heap_t2,F2a,timeout,2,1,0,,1,,,heap,,,,,1,nvft2_drv,0b5593a88916,e0d6fd1bd841,2eeda7780487,3,9,0,0,2026-09-25,oob_ctl,1,in-loop,0,1(heap-level,4,OOB_WRITE,-1/0x01,0x00,0x0,0,5,2,0,7,0x3600000,262144,0x0,-1,1436806701.515,1436806701.586,1436806701.529,recovery not enabled (classification run),OOB_WRITE,0,,,3,4,0,0,1,9,4,1099511627776,4,5,4:cancelled:0:sig=1099511627776/5,1,0,0,+0x2124a00,+0x2164a00,+0x21a4a00,-0x0,+0x3600000,+0x0/0,56623104,1,1,20.1,0,1,26.8,0,first barrier returned,first barrier returned,,,0,5
F2a_timeout_ft1_rec0_b_heap_t3,F2a,timeout,3,1,0,,1,,,heap,,,,,1,nvft2_drv,0b5593a88916,e0d6fd1bd841,2eeda7780487,3,9,0,0,2026-09-25,oob_ctl,1,in-loop,0,1(heap-level,4,OOB_WRITE,-1/0x01,0x00,0x0,0,5,2,0,7,0x3600000,262144,0x0,-1,1436808166.358,1436808166.402,1436808166.372,recovery not enabled (classification run),OOB_WRITE,0,,,3,4,0,0,1,9,4,1099511627776,4,5,4:cancelled:0:sig=1099511627776/5,1,0,0,+0x2124a00,+0x2164a00,+0x21a4a00,-0x0,+0x3600000,+0x0/0,56623104,1,1,20.2,0,1,30.4,0,first barrier returned,first barrier returned,,,0,5
F2a_timeout_ft1_rec0_b_heap_t4,F2a,timeout,4,1,0,,1,,,heap,,,,,1,nvft2_drv,0b5593a88916,e0d6fd1bd841,2eeda7780487,3,9,0,0,2026-09-25,oob_ctl,1,in-loop,0,1(heap-level,4,OOB_WRITE,-1/0x01,0x00,0x0,0,5,2,0,7,0x3600000,262144,0x0,-1,1436809686.840,1436809686.858,1436809686.854,recovery not enabled (classification run),OOB_WRITE,0,,,3,4,0,0,1,9,4,1099511627776,4,5,4:cancelled:0:sig=1099511627776/5,1,0,0,+0x2124a00,+0x2164a00,+0x21a4a00,-0x0,+0x3600000,+0x0/0,56623104,1,1,20.0,0,1,26.5,0,first barrier returned,first barrier returned,,,0,5
F2a_timeout_ft1_rec0_b_heap_t5,F2a,timeout,5,1,0,,1,,,heap,,,,,1,nvft2_drv,0b5593a88916,e0d6fd1bd841,2eeda7780487,3,9,0,0,2026-09-25,oob_ctl,1,in-loop,0,1(heap-level,4,OOB_WRITE,-1/0x01,0x00,0x0,0,5,2,0,7,0x3600000,262144,0x0,-1,1436811146.712,1436811146.755,1436811146.726,recovery not enabled (classification run),OOB_WRITE,0,,,3,4,0,0,1,9,4,1099511627776,4,5,4:cancelled:0:sig=1099511627776/5,1,0,0,+0x2124a00,+0x2164a00,+0x21a4a00,-0x0,+0x3600000,+0x0/0,56623104,1,1,20.4,0,1,30.7,0,first barrier returned,first barrier returned,,,0,5
F2a_timeout_ft1_rec0_c_exact_t1,F2a,timeout,1,1,0,,,,,exact,,,,,1,nvft2_drv,0b5593a88916,e0d6fd1bd841,2eeda7780487,5,5,0,0,2026-09-25,oob_ctl,1,in-loop,0,"0(off,",,,,,,,,,,,,,,,,,,,,0,,,5,4,0,0,0,5,4,5,4,5,4:mismatch:262144:sig=5/5,1,261119,0,+0x2124a00,+0x2164a00,+0x21a4a00,-0x0,+0x2164a00,+0x2164a00/262144,56623104,,1,18.6,0,1,28.7,0,first barrier returned,first barrier returned,,,0,5
F2a_timeout_ft1_rec0_c_exact_t2,F2a,timeout,2,1,0,,,,,exact,,,,,1,nvft2_drv,0b5593a88916,e0d6fd1bd841,2eeda7780487,5,5,0,0,2026-09-25,oob_ctl,1,in-loop,0,"0(off,",,,,,,,,,,,,,,,,,,,,0,,,5,4,0,0,0,5,4,5,4,5,4:mismatch:262144:sig=5/5,1,261119,0,+0x2124a00,+0x2164a00,+0x21a4a00,-0x0,+0x2164a00,+0x2164a00/262144,56623104,,1,18.7,0,1,25.1,0,first barrier returned,first barrier returned,,,0,5
F2a_timeout_ft1_rec0_c_exact_t3,F2a,timeout,3,1,0,,,,,exact,,,,,1,nvft2_drv,0b5593a88916,e0d6fd1bd841,2eeda7780487,5,5,0,0,2026-09-25,oob_ctl,1,in-loop,0,"0(off,",,,,,,,,,,,,,,,,,,,,0,,,5,4,0,0,0,5,4,5,4,5,4:mismatch:262144:sig=5/5,1,261119,0,+0x2124a00,+0x2164a00,+0x21a4a00,-0x0,+0x2164a00,+0x2164a00/262144,56623104,,1,18.7,0,1,25.1,0,first barrier returned,first barrier returned,,,0,5
F2a_timeout_ft1_rec0_c_exact_t4,F2a,timeout,4,1,0,,,,,exact,,,,,1,nvft2_drv,0b5593a88916,e0d6fd1bd841,2eeda7780487,5,5,0,0,2026-09-25,oob_ctl,1,in-loop,0,"0(off,",,,,,,,,,,,,,,,,,,,,0,,,5,4,0,0,0,5,4,5,4,5,4:mismatch:262144:sig=5/5,1,261119,0,+0x2124a00,+0x2164a00,+0x21a4a00,-0x0,+0x2164a00,+0x2164a00/262144,56623104,,1,18.5,0,1,25.1,0,first barrier returned,first barrier returned,,,0,5
F2a_timeout_ft1_rec0_c_exact_t5,F2a,timeout,5,1,0,,,,,exact,,,,,1,nvft2_drv,0b5593a88916,e0d6fd1bd841,2eeda7780487,5,5,0,0,2026-09-25,oob_ctl,1,in-loop,0,"0(off,",,,,,,,,,,,,,,,,,,,,0,,,5,4,0,0,0,5,4,5,4,5,4:mismatch:262144:sig=5/5,1,261119,0,+0x2124a00,+0x2164a00,+0x21a4a00,-0x0,+0x2164a00,+0x2164a00/262144,56623104,,1,18.6,0,1,25.0,0,first barrier returned,first barrier returned,,,0,5
F2a_timeout_ft1_rec0_c_gap_t1,F2a,timeout,1,1,0,,,,,gap,,,,,1,nvft2_drv,0b5593a88916,e0d6fd1bd841,2eeda7780487,5,5,0,0,2026-09-25,oob_ctl,1,in-loop,0,"0(off,",,,,,,,,,,,,,,,,,,,,0,,,5,4,0,0,0,5,4,5,4,5,4:mismatch:262144:sig=5/5,1,261119,0,+0x2124a00,+0x21a4a00,+0x21e4a00,-0x0,+0x2164a00,+0x2164a00/262144,56623104,,1,18.6,0,1,25.2,0,first barrier returned,first barrier returned,,,0,5
F2a_timeout_ft1_rec0_c_gap_t2,F2a,timeout,2,1,0,,,,,gap,,,,,1,nvft2_drv,0b5593a88916,e0d6fd1bd841,2eeda7780487,5,5,0,0,2026-09-25,oob_ctl,1,in-loop,0,"0(off,",,,,,,,,,,,,,,,,,,,,0,,,5,4,0,0,0,5,4,5,4,5,4:mismatch:262144:sig=5/5,1,261119,0,+0x2124a00,+0x21a4a00,+0x21e4a00,-0x0,+0x2164a00,+0x2164a00/262144,56623104,,1,18.7,0,1,25.2,0,first barrier returned,first barrier returned,,,0,5
F2a_timeout_ft1_rec0_c_gap_t3,F2a,timeout,3,1,0,,,,,gap,,,,,1,nvft2_drv,0b5593a88916,e0d6fd1bd841,2eeda7780487,5,5,0,0,2026-09-25,oob_ctl,1,in-loop,0,"0(off,",,,,,,,,,,,,,,,,,,,,0,,,5,4,0,0,0,5,4,5,4,5,4:mismatch:262144:sig=5/5,1,261119,0,+0x2124a00,+0x21a4a00,+0x21e4a00,-0x0,+0x2164a00,+0x2164a00/262144,56623104,,1,18.5,0,1,28.7,0,first barrier returned,first barrier returned,,,0,5
F2a_timeout_ft1_rec0_c_gap_t4,F2a,timeout,4,1,0,,,,,gap,,,,,1,nvft2_drv,0b5593a88916,e0d6fd1bd841,2eeda7780487,5,5,0,0,2026-09-25,oob_ctl,1,in-loop,0,"0(off,",,,,,,,,,,,,,,,,,,,,0,,,5,4,0,0,0,5,4,5,4,5,4:mismatch:262144:sig=5/5,1,261119,0,+0x2124a00,+0x21a4a00,+0x21e4a00,-0x0,+0x2164a00,+0x2164a00/262144,56623104,,1,18.9,0,1,25.0,0,first barrier returned,first barrier returned,,,0,5
F2a_timeout_ft1_rec0_c_gap_t5,F2a,timeout,5,1,0,,,,,gap,,,,,1,nvft2_drv,0b5593a88916,e0d6fd1bd841,2eeda7780487,5,5,0,0,2026-09-25,oob_ctl,1,in-loop,0,"0(off,",,,,,,,,,,,,,,,,,,,,0,,,5,4,0,0,0,5,4,5,4,5,4:mismatch:262144:sig=5/5,1,261119,0,+0x2124a00,+0x21a4a00,+0x21e4a00,-0x0,+0x2164a00,+0x2164a00/262144,56623104,,1,18.8,0,1,25.1,0,first barrier returned,first barrier returned,,,0,5
F2a_timeout_ft1_rec0_c_straddle_t1,F2a,timeout,1,1,0,,,,,straddle,,,,,1,nvft2_drv,0b5593a88916,e0d6fd1bd841,2eeda7780487,5,5,0,0,2026-09-25,oob_ctl,1,in-loop,0,"0(off,",,,,,,,,,,,,,,,,,,,,0,,,5,4,0,0,0,5,4,5,4,5,4:mismatch:262144:sig=5/5,1,130570,131072,+0x2124a00,+0x2164a00,+0x21a4a00,-0x0,+0x2144a00,+0x2164a00/131072,56623104,,1,19.2,0,1,25.2,0,first barrier returned,first barrier returned,,,0,5
F2a_timeout_ft1_rec0_c_straddle_t2,F2a,timeout,2,1,0,,,,,straddle,,,,,1,nvft2_drv,0b5593a88916,e0d6fd1bd841,2eeda7780487,5,5,0,0,2026-09-25,oob_ctl,1,in-loop,0,"0(off,",,,,,,,,,,,,,,,,,,,,0,,,5,4,0,0,0,5,4,5,4,5,4:mismatch:262144:sig=5/5,1,130570,131072,+0x2124a00,+0x2164a00,+0x21a4a00,-0x0,+0x2144a00,+0x2164a00/131072,56623104,,1,18.7,0,1,25.2,0,first barrier returned,first barrier returned,,,0,5
F2a_timeout_ft1_rec0_c_straddle_t3,F2a,timeout,3,1,0,,,,,straddle,,,,,1,nvft2_drv,0b5593a88916,e0d6fd1bd841,2eeda7780487,5,5,0,0,2026-09-25,oob_ctl,1,in-loop,0,"0(off,",,,,,,,,,,,,,,,,,,,,0,,,5,4,0,0,0,5,4,5,4,5,4:mismatch:262144:sig=5/5,1,130570,131072,+0x2124a00,+0x2164a00,+0x21a4a00,-0x0,+0x2144a00,+0x2164a00/131072,56623104,,1,18.8,0,1,25.1,0,first barrier returned,first barrier returned,,,0,5
F2a_timeout_ft1_rec0_c_straddle_t4,F2a,timeout,4,1,0,,,,,straddle,,,,,1,nvft2_drv,0b5593a88916,e0d6fd1bd841,2eeda7780487,5,5,0,0,2026-09-25,oob_ctl,1,in-loop,0,"0(off,",,,,,,,,,,,,,,,,,,,,0,,,5,4,0,0,0,5,4,5,4,5,4:mismatch:262144:sig=5/5,1,130570,131072,+0x2124a00,+0x2164a00,+0x21a4a00,-0x0,+0x2144a00,+0x2164a00/131072,56623104,,1,18.6,0,1,25.2,0,first barrier returned,first barrier returned,,,0,5
F2a_timeout_ft1_rec0_c_straddle_t5,F2a,timeout,5,1,0,,,,,straddle,,,,,1,nvft2_drv,0b5593a88916,e0d6fd1bd841,2eeda7780487,5,5,0,0,2026-09-25,oob_ctl,1,in-loop,0,"0(off,",,,,,,,,,,,,,,,,,,,,0,,,5,4,0,0,0,5,4,5,4,5,4:mismatch:262144:sig=5/5,1,130570,131072,+0x2124a00,+0x2164a00,+0x21a4a00,-0x0,+0x2144a00,+0x2164a00/131072,56623104,,1,18.8,0,1,25.2,0,first barrier returned,first barrier returned,,,0,5
F2a_timeout_ft1_rec0_c_tail_t1,F2a,timeout,1,1,0,,,,,tail,,,,,1,nvft2_drv,0b5593a88916,e0d6fd1bd841,2eeda7780487,5,5,0,0,2026-09-25,oob_ctl,1,in-loop,0,"0(off,",,,,,,,,,,,,,,,,,,,,0,,,5,4,0,0,0,5,4,5,4,5,4:mismatch:262144:sig=5/5,1,261119,0,+0x2124a00,+0x2164a00,+0x21a4a00,+0x21a4c00,+0x21e4c00,+0x21e4c00/262144,56623104,,1,18.6,0,1,25.2,0,first barrier returned,first barrier returned,,,0,5
F2a_timeout_ft1_rec0_c_tail_t2,F2a,timeout,2,1,0,,,,,tail,,,,,1,nvft2_drv,0b5593a88916,e0d6fd1bd841,2eeda7780487,5,5,0,0,2026-09-25,oob_ctl,1,in-loop,0,"0(off,",,,,,,,,,,,,,,,,,,,,0,,,5,4,0,0,0,5,4,5,4,5,4:mismatch:262144:sig=5/5,1,261119,0,+0x2124a00,+0x2164a00,+0x21a4a00,+0x21a4c00,+0x21e4c00,+0x21e4c00/262144,56623104,,1,18.8,0,1,25.2,0,first barrier returned,first barrier returned,,,0,5
F2a_timeout_ft1_rec0_c_tail_t3,F2a,timeout,3,1,0,,,,,tail,,,,,1,nvft2_drv,0b5593a88916,e0d6fd1bd841,2eeda7780487,5,5,0,0,2026-09-25,oob_ctl,1,in-loop,0,"0(off,",,,,,,,,,,,,,,,,,,,,0,,,5,4,0,0,0,5,4,5,4,5,4:mismatch:262144:sig=5/5,1,261119,0,+0x2124a00,+0x2164a00,+0x21a4a00,+0x21a4c00,+0x21e4c00,+0x21e4c00/262144,56623104,,1,18.8,0,1,25.0,0,first barrier returned,first barrier returned,,,0,5
F2a_timeout_ft1_rec0_c_tail_t4,F2a,timeout,4,1,0,,,,,tail,,,,,1,nvft2_drv,0b5593a88916,e0d6fd1bd841,2eeda7780487,5,5,0,0,2026-09-25,oob_ctl,1,in-loop,0,"0(off,",,,,,,,,,,,,,,,,,,,,0,,,5,4,0,0,0,5,4,5,4,5,4:mismatch:262144:sig=5/5,1,261119,0,+0x2124a00,+0x2164a00,+0x21a4a00,+0x21a4c00,+0x21e4c00,+0x21e4c00/262144,56623104,,1,18.7,0,1,25.3,0,first barrier returned,first barrier returned,,,0,5
F2a_timeout_ft1_rec0_c_tail_t5,F2a,timeout,5,1,0,,,,,tail,,,,,1,nvft2_drv,0b5593a88916,e0d6fd1bd841,2eeda7780487,5,5,0,0,2026-09-25,oob_ctl,1,in-loop,0,"0(off,",,,,,,,,,,,,,,,,,,,,0,,,5,4,0,0,0,5,4,5,4,5,4:mismatch:262144:sig=5/5,1,261119,0,+0x2124a00,+0x2164a00,+0x21a4a00,+0x21a4c00,+0x21e4c00,+0x21e4c00/262144,56623104,,1,18.4,0,1,29.0,0,first barrier returned,first barrier returned,,,0,5
none_blocking_ft1_rec0_b_none_ring_t1,none,blocking,1,1,0,1,1,,,,,,,,1,nvft2_drv,0b5593a88916,e0d6fd1bd841,2eeda7780487,0,0,0,0,2026-09-25,oob_ctl,1,ring-walk,1,1(heap-level,,,,,,,,,,,,,,,,,,,,0,,,0,200,0,0,0,0,200,200,200,200,,0,,,+0x2124a00,+0x2164a00,+0x21a4a00,-0x0,+0x0,+0x0/0,56623104,,1,21.9,0,1,27.9,0,first barrier returned,first barrier returned,,,0,200
none_blocking_ft1_rec0_b_none_ring_t2,none,blocking,2,1,0,1,1,,,,,,,,1,nvft2_drv,0b5593a88916,e0d6fd1bd841,2eeda7780487,0,0,0,0,2026-09-25,oob_ctl,1,ring-walk,1,1(heap-level,,,,,,,,,,,,,,,,,,,,0,,,0,200,0,0,0,0,200,200,200,200,,0,,,+0x2124a00,+0x2164a00,+0x21a4a00,-0x0,+0x0,+0x0/0,56623104,,1,21.8,0,1,27.6,0,first barrier returned,first barrier returned,,,0,200
none_blocking_ft1_rec0_b_none_ring_t3,none,blocking,3,1,0,1,1,,,,,,,,1,nvft2_drv,0b5593a88916,e0d6fd1bd841,2eeda7780487,0,0,0,0,2026-09-25,oob_ctl,1,ring-walk,1,1(heap-level,,,,,,,,,,,,,,,,,,,,0,,,0,200,0,0,0,0,200,200,200,200,,0,,,+0x2124a00,+0x2164a00,+0x21a4a00,-0x0,+0x0,+0x0/0,56623104,,1,21.6,0,1,27.4,0,first barrier returned,first barrier returned,,,0,200
none_timeout_ft1_rec0_b_none_t1,none,timeout,1,1,0,,1,,,,,,,,1,nvft2_drv,0b5593a88916,e0d6fd1bd841,2eeda7780487,0,0,0,0,2026-09-25,oob_ctl,1,in-loop,0,1(heap-level,,,,,,,,,,,,,,,,,,,,0,,,0,200,0,0,0,0,200,200,200,200,,0,,,+0x2124a00,+0x2164a00,+0x21a4a00,-0x0,+0x0,+0x0/0,56623104,,1,22.5,0,1,28.3,0,first barrier returned,first barrier returned,,,0,200
none_timeout_ft1_rec0_b_none_t2,none,timeout,2,1,0,,1,,,,,,,,1,nvft2_drv,0b5593a88916,e0d6fd1bd841,2eeda7780487,0,0,0,0,2026-09-25,oob_ctl,1,in-loop,0,1(heap-level,,,,,,,,,,,,,,,,,,,,0,,,0,200,0,0,0,0,200,200,200,200,,0,,,+0x2124a00,+0x2164a00,+0x21a4a00,-0x0,+0x0,+0x0/0,56623104,,1,22.8,0,1,28.7,0,first barrier returned,first barrier returned,,,0,200
none_timeout_ft1_rec0_b_none_t3,none,timeout,3,1,0,,1,,,,,,,,1,nvft2_drv,0b5593a88916,e0d6fd1bd841,2eeda7780487,0,0,0,0,2026-09-25,oob_ctl,1,in-loop,0,1(heap-level,,,,,,,,,,,,,,,,,,,,0,,,0,200,0,0,0,0,200,200,200,200,,0,,,+0x2124a00,+0x2164a00,+0x21a4a00,-0x0,+0x0,+0x0/0,56623104,,1,22.3,0,1,28.0,0,first barrier returned,first barrier returned,,,0,200
F2a_blocking_ft1_rec0_g_exact_t1,F2a,blocking,1,1,0,,1,512,,exact,,,,,1,nvft2_drv,0b5593a88916,e0d6fd1bd841,2eeda7780487,3,9,0,0,2026-09-25,oob_guard,1,in-loop,0,1(heap-level,4,OOB_WRITE,-1/0x02,0x00,0x0,0,5,2,0,7,0x2165400,262144,0x0,-1,1438857454.659,1438857454.729,1438857454.679,recovery not enabled (classification run),OOB_WRITE,0,,,3,4,0,0,1,9,4,1099511627776,4,5,4:cancelled:0:sig=1099511627776/5,1,0,0,+0x2125400,+0x2165600,+0x21a5800,-0x0,+0x2165400,+0x2165400/262144,56623104,2,1,20.5,0,1,26.8,0,first barrier returned,first barrier returned,,,0,5
F2a_blocking_ft1_rec0_g_exact_t2,F2a,blocking,2,1,0,,1,512,,exact,,,,,1,nvft2_drv,0b5593a88916,e0d6fd1bd841,2eeda7780487,3,9,0,0,2026-09-25,oob_guard,1,in-loop,0,1(heap-level,4,OOB_WRITE,-1/0x02,0x00,0x0,0,5,2,0,7,0x2165400,262144,0x0,-1,1438858922.016,1438858922.120,1438858922.035,recovery not enabled (classification run),OOB_WRITE,0,,,3,4,0,0,1,9,4,1099511627776,4,5,4:cancelled:0:sig=1099511627776/5,1,0,0,+0x2125400,+0x2165600,+0x21a5800,-0x0,+0x2165400,+0x2165400/262144,56623104,2,1,20.2,0,1,26.7,0,first barrier returned,first barrier returned,,,0,5
F2a_blocking_ft1_rec0_g_exact_t3,F2a,blocking,3,1,0,,1,512,,exact,,,,,1,nvft2_drv,0b5593a88916,e0d6fd1bd841,2eeda7780487,3,9,0,0,2026-09-25,oob_guard,1,in-loop,0,1(heap-level,4,OOB_WRITE,-1/0x02,0x00,0x0,0,5,2,0,7,0x2165400,262144,0x0,-1,1438860391.025,1438860391.034,1438860391.043,recovery not enabled (classification run),OOB_WRITE,0,,,3,4,0,0,1,9,4,1099511627776,4,5,4:cancelled:0:sig=1099511627776/5,1,0,0,+0x2125400,+0x2165600,+0x21a5800,-0x0,+0x2165400,+0x2165400/262144,56623104,2,1,20.2,0,1,26.7,0,first barrier returned,first barrier returned,,,0,5
F2a_blocking_ft1_rec0_g_exact_t4,F2a,blocking,4,1,0,,1,512,,exact,,,,,1,nvft2_drv,0b5593a88916,e0d6fd1bd841,2eeda7780487,3,9,0,0,2026-09-25,oob_guard,1,in-loop,0,1(heap-level,4,OOB_WRITE,-1/0x02,0x00,0x0,0,5,2,0,7,0x2165400,262144,0x0,-1,1438861878.167,1438861878.222,1438861878.184,recovery not enabled (classification run),OOB_WRITE,0,,,3,4,0,0,1,9,4,1099511627776,4,5,4:cancelled:0:sig=1099511627776/5,1,0,0,+0x2125400,+0x2165600,+0x21a5800,-0x0,+0x2165400,+0x2165400/262144,56623104,2,1,20.2,0,1,26.7,0,first barrier returned,first barrier returned,,,0,5
F2a_blocking_ft1_rec0_g_exact_t5,F2a,blocking,5,1,0,,1,512,,exact,,,,,1,nvft2_drv,0b5593a88916,e0d6fd1bd841,2eeda7780487,3,9,0,0,2026-09-25,oob_guard,1,in-loop,0,1(heap-level,4,OOB_WRITE,-1/0x02,0x00,0x0,0,5,2,0,7,0x2165400,262144,0x0,-1,1438863364.080,1438863364.156,1438863364.098,recovery not enabled (classification run),OOB_WRITE,0,,,3,4,0,0,1,9,4,1099511627776,4,5,4:cancelled:0:sig=1099511627776/5,1,0,0,+0x2125400,+0x2165600,+0x21a5800,-0x0,+0x2165400,+0x2165400/262144,56623104,2,1,20.2,0,1,26.8,0,first barrier returned,first barrier returned,,,0,5
F2a_timeout_ft1_rec0_g_exact_nobounds_t1,F2a,timeout,1,1,0,,,512,,exact,,,,,1,nvft2_drv,0b5593a88916,e0d6fd1bd841,2eeda7780487,5,5,0,0,2026-09-25,oob_guard,1,in-loop,0,"0(off,",,,,,,,,,,,,,,,,,,,,0,,,5,4,0,0,0,5,4,5,4,5,4:mismatch:262144:sig=5/5,1,261119,0,+0x2124a00,+0x2164a00,+0x21a4a00,-0x0,+0x2164a00,+0x2164a00/262144,56623104,,1,18.6,0,1,25.1,0,first barrier returned,first barrier returned,,,0,5
F2a_timeout_ft1_rec0_g_exact_nobounds_t2,F2a,timeout,2,1,0,,,512,,exact,,,,,1,nvft2_drv,0b5593a88916,e0d6fd1bd841,2eeda7780487,5,5,0,0,2026-09-25,oob_guard,1,in-loop,0,"0(off,",,,,,,,,,,,,,,,,,,,,0,,,5,4,0,0,0,5,4,5,4,5,4:mismatch:262144:sig=5/5,1,261119,0,+0x2124a00,+0x2164a00,+0x21a4a00,-0x0,+0x2164a00,+0x2164a00/262144,56623104,,1,18.5,0,1,28.9,0,first barrier returned,first barrier returned,,,0,5
F2a_timeout_ft1_rec0_g_exact_nobounds_t3,F2a,timeout,3,1,0,,,512,,exact,,,,,1,nvft2_drv,0b5593a88916,e0d6fd1bd841,2eeda7780487,5,5,0,0,2026-09-25,oob_guard,1,in-loop,0,"0(off,",,,,,,,,,,,,,,,,,,,,0,,,5,4,0,0,0,5,4,5,4,5,4:mismatch:262144:sig=5/5,1,261119,0,+0x2124a00,+0x2164a00,+0x21a4a00,-0x0,+0x2164a00,+0x2164a00/262144,56623104,,1,18.6,0,1,25.1,0,first barrier returned,first barrier returned,,,0,5
F2a_timeout_ft1_rec0_g_exact_nobounds_t4,F2a,timeout,4,1,0,,,512,,exact,,,,,1,nvft2_drv,0b5593a88916,e0d6fd1bd841,2eeda7780487,5,5,0,0,2026-09-25,oob_guard,1,in-loop,0,"0(off,",,,,,,,,,,,,,,,,,,,,0,,,5,4,0,0,0,5,4,5,4,5,4:mismatch:262144:sig=5/5,1,261119,0,+0x2124a00,+0x2164a00,+0x21a4a00,-0x0,+0x2164a00,+0x2164a00/262144,56623104,,1,19.3,0,1,25.1,0,first barrier returned,first barrier returned,,,0,5
F2a_timeout_ft1_rec0_g_exact_nobounds_t5,F2a,timeout,5,1,0,,,512,,exact,,,,,1,nvft2_drv,0b5593a88916,e0d6fd1bd841,2eeda7780487,5,5,0,0,2026-09-25,oob_guard,1,in-loop,0,"0(off,",,,,,,,,,,,,,,,,,,,,0,,,5,4,0,0,0,5,4,5,4,5,4:mismatch:262144:sig=5/5,1,261119,0,+0x2124a00,+0x2164a00,+0x21a4a00,-0x0,+0x2164a00,+0x2164a00/262144,56623104,,1,18.6,0,1,28.9,0,first barrier returned,first barrier returned,,,0,5
F2a_timeout_ft1_rec0_g_exact_t1,F2a,timeout,1,1,0,,1,512,,exact,,,,,1,nvft2_drv,0b5593a88916,e0d6fd1bd841,2eeda7780487,3,9,0,0,2026-09-25,oob_guard,1,in-loop,0,1(heap-level,4,OOB_WRITE,-1/0x02,0x00,0x0,0,5,2,0,7,0x2165400,262144,0x0,-1,1438696063.262,1438696063.369,1438696063.276,recovery not enabled (classification run),OOB_WRITE,0,,,3,4,0,0,1,9,4,1099511627776,4,5,4:cancelled:0:sig=1099511627776/5,1,0,0,+0x2125400,+0x2165600,+0x21a5800,-0x0,+0x2165400,+0x2165400/262144,56623104,2,1,20.6,0,1,26.7,0,first barrier returned,first barrier returned,,,0,5
F2a_timeout_ft1_rec0_g_exact_t10,F2a,timeout,10,1,0,,1,512,,exact,,,,,1,nvft2_drv,0b5593a88916,e0d6fd1bd841,2eeda7780487,3,9,0,0,2026-09-25,oob_guard,1,in-loop,0,1(heap-level,4,OOB_WRITE,-1/0x02,0x00,0x0,0,5,2,0,7,0x2165400,262144,0x0,-1,1438736498.757,1438736498.805,1438736498.771,recovery not enabled (classification run),OOB_WRITE,0,,,3,4,0,0,1,9,4,1099511627776,4,5,4:cancelled:0:sig=1099511627776/5,1,0,0,+0x2125400,+0x2165600,+0x21a5800,-0x0,+0x2165400,+0x2165400/262144,56623104,2,1,20.5,0,1,26.7,0,first barrier returned,first barrier returned,,,0,5
F2a_timeout_ft1_rec0_g_exact_t11,F2a,timeout,11,1,0,,1,512,,exact,,,,,1,nvft2_drv,0b5593a88916,e0d6fd1bd841,2eeda7780487,3,9,0,0,2026-09-25,oob_guard,1,in-loop,0,1(heap-level,4,OOB_WRITE,-1/0x02,0x00,0x0,0,5,2,0,7,0x2165400,262144,0x0,-1,1438741011.628,1438741011.646,1438741011.642,recovery not enabled (classification run),OOB_WRITE,0,,,3,4,0,0,1,9,4,1099511627776,4,5,4:cancelled:0:sig=1099511627776/5,1,0,0,+0x2125400,+0x2165600,+0x21a5800,-0x0,+0x2165400,+0x2165400/262144,56623104,2,1,20.4,0,1,26.7,0,first barrier returned,first barrier returned,,,0,5
F2a_timeout_ft1_rec0_g_exact_t12,F2a,timeout,12,1,0,,1,512,,exact,,,,,1,nvft2_drv,0b5593a88916,e0d6fd1bd841,2eeda7780487,3,9,0,0,2026-09-25,oob_guard,1,in-loop,0,1(heap-level,4,OOB_WRITE,-1/0x02,0x00,0x0,0,5,2,0,7,0x2165400,262144,0x0,-1,1438745442.716,1438745442.728,1438745442.729,recovery not enabled (classification run),OOB_WRITE,0,,,3,4,0,0,1,9,4,1099511627776,4,5,4:cancelled:0:sig=1099511627776/5,1,0,0,+0x2125400,+0x2165600,+0x21a5800,-0x0,+0x2165400,+0x2165400/262144,56623104,2,1,20.1,0,1,26.6,0,first barrier returned,first barrier returned,,,0,5
F2a_timeout_ft1_rec0_g_exact_t13,F2a,timeout,13,1,0,,1,512,,exact,,,,,1,nvft2_drv,0b5593a88916,e0d6fd1bd841,2eeda7780487,3,9,0,0,2026-09-25,oob_guard,1,in-loop,0,1(heap-level,4,OOB_WRITE,-1/0x02,0x00,0x0,0,5,2,0,7,0x2165400,262144,0x0,-1,1438749919.578,1438749919.672,1438749919.592,recovery not enabled (classification run),OOB_WRITE,0,,,3,4,0,0,1,9,4,1099511627776,4,5,4:cancelled:0:sig=1099511627776/5,1,0,0,+0x2125400,+0x2165600,+0x21a5800,-0x0,+0x2165400,+0x2165400/262144,56623104,2,1,20.2,0,1,26.7,0,first barrier returned,first barrier returned,,,0,5
F2a_timeout_ft1_rec0_g_exact_t14,F2a,timeout,14,1,0,,1,512,,exact,,,,,1,nvft2_drv,0b5593a88916,e0d6fd1bd841,2eeda7780487,3,9,0,0,2026-09-25,oob_guard,1,in-loop,0,1(heap-level,4,OOB_WRITE,-1/0x02,0x00,0x0,0,5,2,0,7,0x2165400,262144,0x0,-1,1438754390.016,1438754390.119,1438754390.030,recovery not enabled (classification run),OOB_WRITE,0,,,3,4,0,0,1,9,4,1099511627776,4,5,4:cancelled:0:sig=1099511627776/5,1,0,0,+0x2125400,+0x2165600,+0x21a5800,-0x0,+0x2165400,+0x2165400/262144,56623104,2,1,20.3,0,1,26.6,0,first barrier returned,first barrier returned,,,0,5
F2a_timeout_ft1_rec0_g_exact_t15,F2a,timeout,15,1,0,,1,512,,exact,,,,,1,nvft2_drv,0b5593a88916,e0d6fd1bd841,2eeda7780487,3,9,0,0,2026-09-25,oob_guard,1,in-loop,0,1(heap-level,4,OOB_WRITE,-1/0x02,0x00,0x0,0,5,2,0,7,0x2165400,262144,0x0,-1,1438758901.833,1438758901.891,1438758901.847,recovery not enabled (classification run),OOB_WRITE,0,,,3,4,0,0,1,9,4,1099511627776,4,5,4:cancelled:0:sig=1099511627776/5,1,0,0,+0x2125400,+0x2165600,+0x21a5800,-0x0,+0x2165400,+0x2165400/262144,56623104,2,1,20.2,0,1,26.5,0,first barrier returned,first barrier returned,,,0,5
F2a_timeout_ft1_rec0_g_exact_t16,F2a,timeout,16,1,0,,1,512,,exact,,,,,1,nvft2_drv,0b5593a88916,e0d6fd1bd841,2eeda7780487,3,9,0,0,2026-09-25,oob_guard,1,in-loop,0,1(heap-level,4,OOB_WRITE,-1/0x02,0x00,0x0,0,5,2,0,7,0x2165400,262144,0x0,-1,1438763366.614,1438763366.653,1438763366.628,recovery not enabled (classification run),OOB_WRITE,0,,,3,4,0,0,1,9,4,1099511627776,4,5,4:cancelled:0:sig=1099511627776/5,1,0,0,+0x2125400,+0x2165600,+0x21a5800,-0x0,+0x2165400,+0x2165400/262144,56623104,2,1,20.3,0,1,30.4,0,first barrier returned,first barrier returned,,,0,5
F2a_timeout_ft1_rec0_g_exact_t17,F2a,timeout,17,1,0,,1,512,,exact,,,,,1,nvft2_drv,0b5593a88916,e0d6fd1bd841,2eeda7780487,3,9,0,0,2026-09-25,oob_guard,1,in-loop,0,1(heap-level,4,OOB_WRITE,-1/0x02,0x00,0x0,0,5,2,0,7,0x2165400,262144,0x0,-1,1438767843.060,1438767843.112,1438767843.074,recovery not enabled (classification run),OOB_WRITE,0,,,3,4,0,0,1,9,4,1099511627776,4,5,4:cancelled:0:sig=1099511627776/5,1,0,0,+0x2125400,+0x2165600,+0x21a5800,-0x0,+0x2165400,+0x2165400/262144,56623104,2,1,20.4,0,1,27.0,0,first barrier returned,first barrier returned,,,0,5
F2a_timeout_ft1_rec0_g_exact_t18,F2a,timeout,18,1,0,,1,512,,exact,,,,,1,nvft2_drv,0b5593a88916,e0d6fd1bd841,2eeda7780487,3,9,0,0,2026-09-25,oob_guard,1,in-loop,0,1(heap-level,4,OOB_WRITE,-1/0x02,0x00,0x0,0,5,2,0,7,0x2165400,262144,0x0,-1,1438772332.687,1438772332.717,1438772332.701,recovery not enabled (classification run),OOB_WRITE,0,,,3,4,0,0,1,9,4,1099511627776,4,5,4:cancelled:0:sig=1099511627776/5,1,0,0,+0x2125400,+0x2165600,+0x21a5800,-0x0,+0x2165400,+0x2165400/262144,56623104,2,1,20.2,0,1,30.5,0,first barrier returned,first barrier returned,,,0,5
F2a_timeout_ft1_rec0_g_exact_t19,F2a,timeout,19,1,0,,1,512,,exact,,,,,1,nvft2_drv,0b5593a88916,e0d6fd1bd841,2eeda7780487,3,9,0,0,2026-09-25,oob_guard,1,in-loop,0,1(heap-level,4,OOB_WRITE,-1/0x02,0x00,0x0,0,5,2,0,7,0x2165400,262144,0x0,-1,1438776843.334,1438776843.421,1438776843.348,recovery not enabled (classification run),OOB_WRITE,0,,,3,4,0,0,1,9,4,1099511627776,4,5,4:cancelled:0:sig=1099511627776/5,1,0,0,+0x2125400,+0x2165600,+0x21a5800,-0x0,+0x2165400,+0x2165400/262144,56623104,2,1,20.0,0,1,26.8,0,first barrier returned,first barrier returned,,,0,5
F2a_timeout_ft1_rec0_g_exact_t2,F2a,timeout,2,1,0,,1,512,,exact,,,,,1,nvft2_drv,0b5593a88916,e0d6fd1bd841,2eeda7780487,3,9,0,0,2026-09-25,oob_guard,1,in-loop,0,1(heap-level,4,OOB_WRITE,-1/0x02,0x00,0x0,0,5,2,0,7,0x2165400,262144,0x0,-1,1438700547.377,1438700547.469,1438700547.392,recovery not enabled (classification run),OOB_WRITE,0,,,3,4,0,0,1,9,4,1099511627776,4,5,4:cancelled:0:sig=1099511627776/5,1,0,0,+0x2125400,+0x2165600,+0x21a5800,-0x0,+0x2165400,+0x2165400/262144,56623104,2,1,20.1,0,1,26.6,0,first barrier returned,first barrier returned,,,0,5
F2a_timeout_ft1_rec0_g_exact_t20,F2a,timeout,20,1,0,,1,512,,exact,,,,,1,nvft2_drv,0b5593a88916,e0d6fd1bd841,2eeda7780487,3,9,0,0,2026-09-25,oob_guard,1,in-loop,0,1(heap-level,4,OOB_WRITE,-1/0x02,0x00,0x0,0,5,2,0,7,0x2165400,262144,0x0,-1,1438781363.485,1438781363.502,1438781363.499,recovery not enabled (classification run),OOB_WRITE,0,,,3,4,0,0,1,9,4,1099511627776,4,5,4:cancelled:0:sig=1099511627776/5,1,0,0,+0x2125400,+0x2165600,+0x21a5800,-0x0,+0x2165400,+0x2165400/262144,56623104,2,1,20.1,0,1,26.6,0,first barrier returned,first barrier returned,,,0,5
F2a_timeout_ft1_rec0_g_exact_t21,F2a,timeout,21,1,0,,1,512,,exact,,,,,1,nvft2_drv,0b5593a88916,e0d6fd1bd841,2eeda7780487,3,9,0,0,2026-09-25,oob_guard,1,in-loop,0,1(heap-level,4,OOB_WRITE,-1/0x02,0x00,0x0,0,5,2,0,7,0x2165400,262144,0x0,-1,1438785835.199,1438785835.217,1438785835.213,recovery not enabled (classification run),OOB_WRITE,0,,,3,4,0,0,1,9,4,1099511627776,4,5,4:cancelled:0:sig=1099511627776/5,1,0,0,+0x2125400,+0x2165600,+0x21a5800,-0x0,+0x2165400,+0x2165400/262144,56623104,2,1,20.4,0,1,26.6,0,first barrier returned,first barrier returned,,,0,5
F2a_timeout_ft1_rec0_g_exact_t22,F2a,timeout,22,1,0,,1,512,,exact,,,,,1,nvft2_drv,0b5593a88916,e0d6fd1bd841,2eeda7780487,3,9,0,0,2026-09-25,oob_guard,1,in-loop,0,1(heap-level,4,OOB_WRITE,-1/0x02,0x00,0x0,0,5,2,0,7,0x2165400,262144,0x0,-1,1438790360.809,1438790360.872,1438790360.822,recovery not enabled (classification run),OOB_WRITE,0,,,3,4,0,0,1,9,4,1099511627776,4,5,4:cancelled:0:sig=1099511627776/5,1,0,0,+0x2125400,+0x2165600,+0x21a5800,-0x0,+0x2165400,+0x2165400/262144,56623104,2,1,20.2,0,1,30.5,0,first barrier returned,first barrier returned,,,0,5
F2a_timeout_ft1_rec0_g_exact_t23,F2a,timeout,23,1,0,,1,512,,exact,,,,,1,nvft2_drv,0b5593a88916,e0d6fd1bd841,2eeda7780487,3,9,0,0,2026-09-25,oob_guard,1,in-loop,0,1(heap-level,4,OOB_WRITE,-1/0x02,0x00,0x0,0,5,2,0,7,0x2165400,262144,0x0,-1,1438794822.582,1438794822.627,1438794822.595,recovery not enabled (classification run),OOB_WRITE,0,,,3,4,0,0,1,9,4,1099511627776,4,5,4:cancelled:0:sig=1099511627776/5,1,0,0,+0x2125400,+0x2165600,+0x21a5800,-0x0,+0x2165400,+0x2165400/262144,56623104,2,1,20.0,0,1,26.6,0,first barrier returned,first barrier returned,,,0,5
F2a_timeout_ft1_rec0_g_exact_t24,F2a,timeout,24,1,0,,1,512,,exact,,,,,1,nvft2_drv,0b5593a88916,e0d6fd1bd841,2eeda7780487,3,9,0,0,2026-09-25,oob_guard,1,in-loop,0,1(heap-level,4,OOB_WRITE,-1/0x02,0x00,0x0,0,5,2,0,7,0x2165400,262144,0x0,-1,1438799277.680,1438799277.711,1438799277.694,recovery not enabled (classification run),OOB_WRITE,0,,,3,4,0,0,1,9,4,1099511627776,4,5,4:cancelled:0:sig=1099511627776/5,1,0,0,+0x2125400,+0x2165600,+0x21a5800,-0x0,+0x2165400,+0x2165400/262144,56623104,2,1,20.0,0,1,26.6,0,first barrier returned,first barrier returned,,,0,5
F2a_timeout_ft1_rec0_g_exact_t25,F2a,timeout,25,1,0,,1,512,,exact,,,,,1,nvft2_drv,0b5593a88916,e0d6fd1bd841,2eeda7780487,3,9,0,0,2026-09-25,oob_guard,1,in-loop,0,1(heap-level,4,OOB_WRITE,-1/0x02,0x00,0x0,0,5,2,0,7,0x2165400,262144,0x0,-1,1438803761.932,1438803761.990,1438803761.946,recovery not enabled (classification run),OOB_WRITE,0,,,3,4,0,0,1,9,4,1099511627776,4,5,4:cancelled:0:sig=1099511627776/5,1,0,0,+0x2125400,+0x2165600,+0x21a5800,-0x0,+0x2165400,+0x2165400/262144,56623104,2,1,20.1,0,1,26.8,0,first barrier returned,first barrier returned,,,0,5
F2a_timeout_ft1_rec0_g_exact_t26,F2a,timeout,26,1,0,,1,512,,exact,,,,,1,nvft2_drv,0b5593a88916,e0d6fd1bd841,2eeda7780487,3,9,0,0,2026-09-25,oob_guard,1,in-loop,0,1(heap-level,4,OOB_WRITE,-1/0x02,0x00,0x0,0,5,2,0,7,0x2165400,262144,0x0,-1,1438808229.517,1438808229.533,1438808229.531,recovery not enabled (classification run),OOB_WRITE,0,,,3,4,0,0,1,9,4,1099511627776,4,5,4:cancelled:0:sig=1099511627776/5,1,0,0,+0x2125400,+0x2165600,+0x21a5800,-0x0,+0x2165400,+0x2165400/262144,56623104,2,1,20.3,0,1,26.5,0,first barrier returned,first barrier returned,,,0,5
F2a_timeout_ft1_rec0_g_exact_t27,F2a,timeout,27,1,0,,1,512,,exact,,,,,1,nvft2_drv,0b5593a88916,e0d6fd1bd841,2eeda7780487,3,9,0,0,2026-09-25,oob_guard,1,in-loop,0,1(heap-level,4,OOB_WRITE,-1/0x02,0x00,0x0,0,5,2,0,7,0x2165400,262144,0x0,-1,1438812771.274,1438812771.316,1438812771.288,recovery not enabled (classification run),OOB_WRITE,0,,,3,4,0,0,1,9,4,1099511627776,4,5,4:cancelled:0:sig=1099511627776/5,1,0,0,+0x2125400,+0x2165600,+0x21a5800,-0x0,+0x2165400,+0x2165400/262144,56623104,2,1,20.3,0,1,30.4,0,first barrier returned,first barrier returned,,,0,5
F2a_timeout_ft1_rec0_g_exact_t28,F2a,timeout,28,1,0,,1,512,,exact,,,,,1,nvft2_drv,0b5593a88916,e0d6fd1bd841,2eeda7780487,3,9,0,0,2026-09-25,oob_guard,1,in-loop,0,1(heap-level,4,OOB_WRITE,-1/0x02,0x00,0x0,0,5,2,0,7,0x2165400,262144,0x0,-1,1438817263.419,1438817263.470,1438817263.433,recovery not enabled (classification run),OOB_WRITE,0,,,3,4,0,0,1,9,4,1099511627776,4,5,4:cancelled:0:sig=1099511627776/5,1,0,0,+0x2125400,+0x2165600,+0x21a5800,-0x0,+0x2165400,+0x2165400/262144,56623104,2,1,20.2,0,1,26.7,0,first barrier returned,first barrier returned,,,0,5
F2a_timeout_ft1_rec0_g_exact_t29,F2a,timeout,29,1,0,,1,512,,exact,,,,,1,nvft2_drv,0b5593a88916,e0d6fd1bd841,2eeda7780487,3,9,0,0,2026-09-25,oob_guard,1,in-loop,0,1(heap-level,4,OOB_WRITE,-1/0x02,0x00,0x0,0,5,2,0,7,0x2165400,262144,0x0,-1,1438821771.006,1438821771.061,1438821771.021,recovery not enabled (classification run),OOB_WRITE,0,,,3,4,0,0,1,9,4,1099511627776,4,5,4:cancelled:0:sig=1099511627776/5,1,0,0,+0x2125400,+0x2165600,+0x21a5800,-0x0,+0x2165400,+0x2165400/262144,56623104,2,1,20.3,0,1,26.7,0,first barrier returned,first barrier returned,,,0,5
F2a_timeout_ft1_rec0_g_exact_t3,F2a,timeout,3,1,0,,1,512,,exact,,,,,1,nvft2_drv,0b5593a88916,e0d6fd1bd841,2eeda7780487,3,9,0,0,2026-09-25,oob_guard,1,in-loop,0,1(heap-level,4,OOB_WRITE,-1/0x02,0x00,0x0,0,5,2,0,7,0x2165400,262144,0x0,-1,1438704989.796,1438704989.839,1438704989.810,recovery not enabled (classification run),OOB_WRITE,0,,,3,4,0,0,1,9,4,1099511627776,4,5,4:cancelled:0:sig=1099511627776/5,1,0,0,+0x2125400,+0x2165600,+0x21a5800,-0x0,+0x2165400,+0x2165400/262144,56623104,2,1,20.3,0,1,26.5,0,first barrier returned,first barrier returned,,,0,5
F2a_timeout_ft1_rec0_g_exact_t30,F2a,timeout,30,1,0,,1,512,,exact,,,,,1,nvft2_drv,0b5593a88916,e0d6fd1bd841,2eeda7780487,3,9,0,0,2026-09-25,oob_guard,1,in-loop,0,1(heap-level,4,OOB_WRITE,-1/0x02,0x00,0x0,0,5,2,0,7,0x2165400,262144,0x0,-1,1438826258.017,1438826258.091,1438826258.033,recovery not enabled (classification run),OOB_WRITE,0,,,3,4,0,0,1,9,4,1099511627776,4,5,4:cancelled:0:sig=1099511627776/5,1,0,0,+0x2125400,+0x2165600,+0x21a5800,-0x0,+0x2165400,+0x2165400/262144,56623104,2,1,20.4,0,1,26.6,0,first barrier returned,first barrier returned,,,0,5
F2a_timeout_ft1_rec0_g_exact_t4,F2a,timeout,4,1,0,,1,512,,exact,,,,,1,nvft2_drv,0b5593a88916,e0d6fd1bd841,2eeda7780487,3,9,0,0,2026-09-25,oob_guard,1,in-loop,0,1(heap-level,4,OOB_WRITE,-1/0x02,0x00,0x0,0,5,2,0,7,0x2165400,262144,0x0,-1,1438709458.397,1438709458.426,1438709458.411,recovery not enabled (classification run),OOB_WRITE,0,,,3,4,0,0,1,9,4,1099511627776,4,5,4:cancelled:0:sig=1099511627776/5,1,0,0,+0x2125400,+0x2165600,+0x21a5800,-0x0,+0x2165400,+0x2165400/262144,56623104,2,1,20.1,0,1,26.7,0,first barrier returned,first barrier returned,,,0,5
F2a_timeout_ft1_rec0_g_exact_t5,F2a,timeout,5,1,0,,1,512,,exact,,,,,1,nvft2_drv,0b5593a88916,e0d6fd1bd841,2eeda7780487,3,9,0,0,2026-09-25,oob_guard,1,in-loop,0,1(heap-level,4,OOB_WRITE,-1/0x02,0x00,0x0,0,5,2,0,7,0x2165400,262144,0x0,-1,1438713963.272,1438713963.370,1438713963.286,recovery not enabled (classification run),OOB_WRITE,0,,,3,4,0,0,1,9,4,1099511627776,4,5,4:cancelled:0:sig=1099511627776/5,1,0,0,+0x2125400,+0x2165600,+0x21a5800,-0x0,+0x2165400,+0x2165400/262144,56623104,2,1,20.2,0,1,30.4,0,first barrier returned,first barrier returned,,,0,5
F2a_timeout_ft1_rec0_g_exact_t6,F2a,timeout,6,1,0,,1,512,,exact,,,,,1,nvft2_drv,0b5593a88916,e0d6fd1bd841,2eeda7780487,3,9,0,0,2026-09-25,oob_guard,1,in-loop,0,1(heap-level,4,OOB_WRITE,-1/0x02,0x00,0x0,0,5,2,0,7,0x2165400,262144,0x0,-1,1438718411.027,1438718411.061,1438718411.041,recovery not enabled (classification run),OOB_WRITE,0,,,3,4,0,0,1,9,4,1099511627776,4,5,4:cancelled:0:sig=1099511627776/5,1,0,0,+0x2125400,+0x2165600,+0x21a5800,-0x0,+0x2165400,+0x2165400/262144,56623104,2,1,20.1,0,1,26.7,0,first barrier returned,first barrier returned,,,0,5
F2a_timeout_ft1_rec0_g_exact_t7,F2a,timeout,7,1,0,,1,512,,exact,,,,,1,nvft2_drv,0b5593a88916,e0d6fd1bd841,2eeda7780487,3,9,0,0,2026-09-25,oob_guard,1,in-loop,0,1(heap-level,4,OOB_WRITE,-1/0x02,0x00,0x0,0,5,2,0,7,0x2165400,262144,0x0,-1,1438722937.625,1438722937.712,1438722937.639,recovery not enabled (classification run),OOB_WRITE,0,,,3,4,0,0,1,9,4,1099511627776,4,5,4:cancelled:0:sig=1099511627776/5,1,0,0,+0x2125400,+0x2165600,+0x21a5800,-0x0,+0x2165400,+0x2165400/262144,56623104,2,1,20.2,0,1,26.5,0,first barrier returned,first barrier returned,,,0,5
F2a_timeout_ft1_rec0_g_exact_t8,F2a,timeout,8,1,0,,1,512,,exact,,,,,1,nvft2_drv,0b5593a88916,e0d6fd1bd841,2eeda7780487,3,9,0,0,2026-09-25,oob_guard,1,in-loop,0,1(heap-level,4,OOB_WRITE,-1/0x02,0x00,0x0,0,5,2,0,7,0x2165400,262144,0x0,-1,1438727461.885,1438727461.993,1438727461.899,recovery not enabled (classification run),OOB_WRITE,0,,,3,4,0,0,1,9,4,1099511627776,4,5,4:cancelled:0:sig=1099511627776/5,1,0,0,+0x2125400,+0x2165600,+0x21a5800,-0x0,+0x2165400,+0x2165400/262144,56623104,2,1,20.1,0,1,26.7,0,first barrier returned,first barrier returned,,,0,5
F2a_timeout_ft1_rec0_g_exact_t9,F2a,timeout,9,1,0,,1,512,,exact,,,,,1,nvft2_drv,0b5593a88916,e0d6fd1bd841,2eeda7780487,3,9,0,0,2026-09-25,oob_guard,1,in-loop,0,1(heap-level,4,OOB_WRITE,-1/0x02,0x00,0x0,0,5,2,0,7,0x2165400,262144,0x0,-1,1438731989.833,1438731989.890,1438731989.846,recovery not enabled (classification run),OOB_WRITE,0,,,3,4,0,0,1,9,4,1099511627776,4,5,4:cancelled:0:sig=1099511627776/5,1,0,0,+0x2125400,+0x2165600,+0x21a5800,-0x0,+0x2165400,+0x2165400/262144,56623104,2,1,20.1,0,1,26.6,0,first barrier returned,first barrier returned,,,0,5
F2a_timeout_ft1_rec0_g_straddle_t1,F2a,timeout,1,1,0,,1,512,,straddle,,,,,1,nvft2_drv,0b5593a88916,e0d6fd1bd841,2eeda7780487,3,9,0,0,2026-09-25,oob_guard,1,in-loop,0,1(heap-level,4,OOB_WRITE,-1/0x03,0x00,0x0,0,5,2,0,7,0x2145400,262144,0x2165400,-1,1438697531.946,1438697531.978,1438697531.960,recovery not enabled (classification run),OOB_WRITE,0,,,3,4,0,0,1,9,4,1099511627776,4,5,4:cancelled:0:sig=1099511627776/5,1,0,0,+0x2125400,+0x2165600,+0x21a5800,-0x0,+0x2145400,+0x2165400/131072,56623104,3,1,20.5,0,1,30.5,0,first barrier returned,first barrier returned,,,0,5
F2a_timeout_ft1_rec0_g_straddle_t10,F2a,timeout,10,1,0,,1,512,,straddle,,,,,1,nvft2_drv,0b5593a88916,e0d6fd1bd841,2eeda7780487,3,9,0,0,2026-09-25,oob_guard,1,in-loop,0,1(heap-level,4,OOB_WRITE,-1/0x03,0x00,0x0,0,5,2,0,7,0x2145400,262144,0x2165400,-1,1438738001.741,1438738001.814,1438738001.755,recovery not enabled (classification run),OOB_WRITE,0,,,3,4,0,0,1,9,4,1099511627776,4,5,4:cancelled:0:sig=1099511627776/5,1,0,0,+0x2125400,+0x2165600,+0x21a5800,-0x0,+0x2145400,+0x2165400/131072,56623104,3,1,20.3,0,1,26.6,0,first barrier returned,first barrier returned,,,0,5
F2a_timeout_ft1_rec0_g_straddle_t11,F2a,timeout,11,1,0,,1,512,,straddle,,,,,1,nvft2_drv,0b5593a88916,e0d6fd1bd841,2eeda7780487,3,9,0,0,2026-09-25,oob_guard,1,in-loop,0,1(heap-level,4,OOB_WRITE,-1/0x03,0x00,0x0,0,5,2,0,7,0x2145400,262144,0x2165400,-1,1438742477.845,1438742477.945,1438742477.859,recovery not enabled (classification run),OOB_WRITE,0,,,3,4,0,0,1,9,4,1099511627776,4,5,4:cancelled:0:sig=1099511627776/5,1,0,0,+0x2125400,+0x2165600,+0x21a5800,-0x0,+0x2145400,+0x2165400/131072,56623104,3,1,20.1,0,1,26.5,0,first barrier returned,first barrier returned,,,0,5
F2a_timeout_ft1_rec0_g_straddle_t12,F2a,timeout,12,1,0,,1,512,,straddle,,,,,1,nvft2_drv,0b5593a88916,e0d6fd1bd841,2eeda7780487,3,9,0,0,2026-09-25,oob_guard,1,in-loop,0,1(heap-level,4,OOB_WRITE,-1/0x03,0x00,0x0,0,5,2,0,7,0x2145400,262144,0x2165400,-1,1438746922.266,1438746922.296,1438746922.280,recovery not enabled (classification run),OOB_WRITE,0,,,3,4,0,0,1,9,4,1099511627776,4,5,4:cancelled:0:sig=1099511627776/5,1,0,0,+0x2125400,+0x2165600,+0x21a5800,-0x0,+0x2145400,+0x2165400/131072,56623104,3,1,20.3,0,1,30.5,0,first barrier returned,first barrier returned,,,0,5
F2a_timeout_ft1_rec0_g_straddle_t13,F2a,timeout,13,1,0,,1,512,,straddle,,,,,1,nvft2_drv,0b5593a88916,e0d6fd1bd841,2eeda7780487,3,9,0,0,2026-09-25,oob_guard,1,in-loop,0,1(heap-level,4,OOB_WRITE,-1/0x03,0x00,0x0,0,5,2,0,7,0x2145400,262144,0x2165400,-1,1438751423.370,1438751423.469,1438751423.384,recovery not enabled (classification run),OOB_WRITE,0,,,3,4,0,0,1,9,4,1099511627776,4,5,4:cancelled:0:sig=1099511627776/5,1,0,0,+0x2125400,+0x2165600,+0x21a5800,-0x0,+0x2145400,+0x2165400/131072,56623104,3,1,20.1,0,1,26.5,0,first barrier returned,first barrier returned,,,0,5
F2a_timeout_ft1_rec0_g_straddle_t14,F2a,timeout,14,1,0,,1,512,,straddle,,,,,1,nvft2_drv,0b5593a88916,e0d6fd1bd841,2eeda7780487,3,9,0,0,2026-09-25,oob_guard,1,in-loop,0,1(heap-level,4,OOB_WRITE,-1/0x03,0x00,0x0,0,5,2,0,7,0x2145400,262144,0x2165400,-1,1438755891.397,1438755891.469,1438755891.412,recovery not enabled (classification run),OOB_WRITE,0,,,3,4,0,0,1,9,4,1099511627776,4,5,4:cancelled:0:sig=1099511627776/5,1,0,0,+0x2125400,+0x2165600,+0x21a5800,-0x0,+0x2145400,+0x2165400/131072,56623104,3,1,20.1,0,1,26.6,0,first barrier returned,first barrier returned,,,0,5
F2a_timeout_ft1_rec0_g_straddle_t15,F2a,timeout,15,1,0,,1,512,,straddle,,,,,1,nvft2_drv,0b5593a88916,e0d6fd1bd841,2eeda7780487,3,9,0,0,2026-09-25,oob_guard,1,in-loop,0,1(heap-level,4,OOB_WRITE,-1/0x03,0x00,0x0,0,5,2,0,7,0x2145400,262144,0x2165400,-1,1438760362.824,1438760362.934,1438760362.839,recovery not enabled (classification run),OOB_WRITE,0,,,3,4,0,0,1,9,4,1099511627776,4,5,4:cancelled:0:sig=1099511627776/5,1,0,0,+0x2125400,+0x2165600,+0x21a5800,-0x0,+0x2145400,+0x2165400/131072,56623104,3,1,20.1,0,1,26.9,0,first barrier returned,first barrier returned,,,0,5
F2a_timeout_ft1_rec0_g_straddle_t16,F2a,timeout,16,1,0,,1,512,,straddle,,,,,1,nvft2_drv,0b5593a88916,e0d6fd1bd841,2eeda7780487,3,9,0,0,2026-09-25,oob_guard,1,in-loop,0,1(heap-level,4,OOB_WRITE,-1/0x03,0x00,0x0,0,5,2,0,7,0x2145400,262144,0x2165400,-1,1438764854.093,1438764854.194,1438764854.107,recovery not enabled (classification run),OOB_WRITE,0,,,3,4,0,0,1,9,4,1099511627776,4,5,4:cancelled:0:sig=1099511627776/5,1,0,0,+0x2125400,+0x2165600,+0x21a5800,-0x0,+0x2145400,+0x2165400/131072,56623104,3,1,20.3,0,1,26.6,0,first barrier returned,first barrier returned,,,0,5
F2a_timeout_ft1_rec0_g_straddle_t17,F2a,timeout,17,1,0,,1,512,,straddle,,,,,1,nvft2_drv,0b5593a88916,e0d6fd1bd841,2eeda7780487,3,9,0,0,2026-09-25,oob_guard,1,in-loop,0,1(heap-level,4,OOB_WRITE,-1/0x03,0x00,0x0,0,5,2,0,7,0x2145400,262144,0x2165400,-1,1438769343.650,1438769343.672,1438769343.663,recovery not enabled (classification run),OOB_WRITE,0,,,3,4,0,0,1,9,4,1099511627776,4,5,4:cancelled:0:sig=1099511627776/5,1,0,0,+0x2125400,+0x2165600,+0x21a5800,-0x0,+0x2145400,+0x2165400/131072,56623104,3,1,20.2,0,1,30.2,0,first barrier returned,first barrier returned,,,0,5
F2a_timeout_ft1_rec0_g_straddle_t18,F2a,timeout,18,1,0,,1,512,,straddle,,,,,1,nvft2_drv,0b5593a88916,e0d6fd1bd841,2eeda7780487,3,9,0,0,2026-09-25,oob_guard,1,in-loop,0,1(heap-level,4,OOB_WRITE,-1/0x03,0x00,0x0,0,5,2,0,7,0x2145400,262144,0x2165400,-1,1438773823.553,1438773823.571,1438773823.567,recovery not enabled (classification run),OOB_WRITE,0,,,3,4,0,0,1,9,4,1099511627776,4,5,4:cancelled:0:sig=1099511627776/5,1,0,0,+0x2125400,+0x2165600,+0x21a5800,-0x0,+0x2145400,+0x2165400/131072,56623104,3,1,20.4,0,1,26.6,0,first barrier returned,first barrier returned,,,0,5
F2a_timeout_ft1_rec0_g_straddle_t19,F2a,timeout,19,1,0,,1,512,,straddle,,,,,1,nvft2_drv,0b5593a88916,e0d6fd1bd841,2eeda7780487,3,9,0,0,2026-09-25,oob_guard,1,in-loop,0,1(heap-level,4,OOB_WRITE,-1/0x03,0x00,0x0,0,5,2,0,7,0x2145400,262144,0x2165400,-1,1438778364.648,1438778364.693,1438778364.662,recovery not enabled (classification run),OOB_WRITE,0,,,3,4,0,0,1,9,4,1099511627776,4,5,4:cancelled:0:sig=1099511627776/5,1,0,0,+0x2125400,+0x2165600,+0x21a5800,-0x0,+0x2145400,+0x2165400/131072,56623104,3,1,20.4,0,1,30.5,0,first barrier returned,first barrier returned,,,0,5
F2a_timeout_ft1_rec0_g_straddle_t2,F2a,timeout,2,1,0,,1,512,,straddle,,,,,1,nvft2_drv,0b5593a88916,e0d6fd1bd841,2eeda7780487,3,9,0,0,2026-09-25,oob_guard,1,in-loop,0,1(heap-level,4,OOB_WRITE,-1/0x03,0x00,0x0,0,5,2,0,7,0x2145400,262144,0x2165400,-1,1438702042.308,1438702042.401,1438702042.322,recovery not enabled (classification run),OOB_WRITE,0,,,3,4,0,0,1,9,4,1099511627776,4,5,4:cancelled:0:sig=1099511627776/5,1,0,0,+0x2125400,+0x2165600,+0x21a5800,-0x0,+0x2145400,+0x2165400/131072,56623104,3,1,20.5,0,1,26.8,0,first barrier returned,first barrier returned,,,0,5
F2a_timeout_ft1_rec0_g_straddle_t20,F2a,timeout,20,1,0,,1,512,,straddle,,,,,1,nvft2_drv,0b5593a88916,e0d6fd1bd841,2eeda7780487,3,9,0,0,2026-09-25,oob_guard,1,in-loop,0,1(heap-level,4,OOB_WRITE,-1/0x03,0x00,0x0,0,5,2,0,7,0x2145400,262144,0x2165400,-1,1438782862.956,1438782863.062,1438782862.969,recovery not enabled (classification run),OOB_WRITE,0,,,3,4,0,0,1,9,4,1099511627776,4,5,4:cancelled:0:sig=1099511627776/5,1,0,0,+0x2125400,+0x2165600,+0x21a5800,-0x0,+0x2145400,+0x2165400/131072,56623104,3,1,20.2,0,1,26.6,0,first barrier returned,first barrier returned,,,0,5
F2a_timeout_ft1_rec0_g_straddle_t21,F2a,timeout,21,1,0,,1,512,,straddle,,,,,1,nvft2_drv,0b5593a88916,e0d6fd1bd841,2eeda7780487,3,9,0,0,2026-09-25,oob_guard,1,in-loop,0,1(heap-level,4,OOB_WRITE,-1/0x03,0x00,0x0,0,5,2,0,7,0x2145400,262144,0x2165400,-1,1438787360.342,1438787360.387,1438787360.356,recovery not enabled (classification run),OOB_WRITE,0,,,3,4,0,0,1,9,4,1099511627776,4,5,4:cancelled:0:sig=1099511627776/5,1,0,0,+0x2125400,+0x2165600,+0x21a5800,-0x0,+0x2145400,+0x2165400/131072,56623104,3,1,20.3,0,1,30.3,0,first barrier returned,first barrier returned,,,0,5
F2a_timeout_ft1_rec0_g_straddle_t22,F2a,timeout,22,1,0,,1,512,,straddle,,,,,1,nvft2_drv,0b5593a88916,e0d6fd1bd841,2eeda7780487,3,9,0,0,2026-09-25,oob_guard,1,in-loop,0,1(heap-level,4,OOB_WRITE,-1/0x03,0x00,0x0,0,5,2,0,7,0x2145400,262144,0x2165400,-1,1438791853.781,1438791853.838,1438791853.796,recovery not enabled (classification run),OOB_WRITE,0,,,3,4,0,0,1,9,4,1099511627776,4,5,4:cancelled:0:sig=1099511627776/5,1,0,0,+0x2125400,+0x2165600,+0x21a5800,-0x0,+0x2145400,+0x2165400/131072,56623104,3,1,20.4,0,1,26.5,0,first barrier returned,first barrier returned,,,0,5
F2a_timeout_ft1_rec0_g_straddle_t23,F2a,timeout,23,1,0,,1,512,,straddle,,,,,1,nvft2_drv,0b5593a88916,e0d6fd1bd841,2eeda7780487,3,9,0,0,2026-09-25,oob_guard,1,in-loop,0,1(heap-level,4,OOB_WRITE,-1/0x03,0x00,0x0,0,5,2,0,7,0x2145400,262144,0x2165400,-1,1438796298.365,1438796298.401,1438796298.380,recovery not enabled (classification run),OOB_WRITE,0,,,3,4,0,0,1,9,4,1099511627776,4,5,4:cancelled:0:sig=1099511627776/5,1,0,0,+0x2125400,+0x2165600,+0x21a5800,-0x0,+0x2145400,+0x2165400/131072,56623104,3,1,20.4,0,1,26.6,0,first barrier returned,first barrier returned,,,0,5
F2a_timeout_ft1_rec0_g_straddle_t24,F2a,timeout,24,1,0,,1,512,,straddle,,,,,1,nvft2_drv,0b5593a88916,e0d6fd1bd841,2eeda7780487,3,9,0,0,2026-09-25,oob_guard,1,in-loop,0,1(heap-level,4,OOB_WRITE,-1/0x03,0x00,0x0,0,5,2,0,7,0x2145400,262144,0x2165400,-1,1438800778.750,1438800778.832,1438800778.764,recovery not enabled (classification run),OOB_WRITE,0,,,3,4,0,0,1,9,4,1099511627776,4,5,4:cancelled:0:sig=1099511627776/5,1,0,0,+0x2125400,+0x2165600,+0x21a5800,-0x0,+0x2145400,+0x2165400/131072,56623104,3,1,20.4,0,1,26.5,0,first barrier returned,first barrier returned,,,0,5
F2a_timeout_ft1_rec0_g_straddle_t25,F2a,timeout,25,1,0,,1,512,,straddle,,,,,1,nvft2_drv,0b5593a88916,e0d6fd1bd841,2eeda7780487,3,9,0,0,2026-09-25,oob_guard,1,in-loop,0,1(heap-level,4,OOB_WRITE,-1/0x03,0x00,0x0,0,5,2,0,7,0x2145400,262144,0x2165400,-1,1438805246.047,1438805246.145,1438805246.061,recovery not enabled (classification run),OOB_WRITE,0,,,3,4,0,0,1,9,4,1099511627776,4,5,4:cancelled:0:sig=1099511627776/5,1,0,0,+0x2125400,+0x2165600,+0x21a5800,-0x0,+0x2145400,+0x2165400/131072,56623104,3,1,20.2,0,1,26.7,0,first barrier returned,first barrier returned,,,0,5
F2a_timeout_ft1_rec0_g_straddle_t26,F2a,timeout,26,1,0,,1,512,,straddle,,,,,1,nvft2_drv,0b5593a88916,e0d6fd1bd841,2eeda7780487,3,9,0,0,2026-09-25,oob_guard,1,in-loop,0,1(heap-level,4,OOB_WRITE,-1/0x03,0x00,0x0,0,5,2,0,7,0x2145400,262144,0x2165400,-1,1438809722.449,1438809722.527,1438809722.463,recovery not enabled (classification run),OOB_WRITE,0,,,3,4,0,0,1,9,4,1099511627776,4,5,4:cancelled:0:sig=1099511627776/5,1,0,0,+0x2125400,+0x2165600,+0x21a5800,-0x0,+0x2145400,+0x2165400/131072,56623104,3,1,20.1,0,1,30.4,0,first barrier returned,first barrier returned,,,0,5
F2a_timeout_ft1_rec0_g_straddle_t27,F2a,timeout,27,1,0,,1,512,,straddle,,,,,1,nvft2_drv,0b5593a88916,e0d6fd1bd841,2eeda7780487,3,9,0,0,2026-09-25,oob_guard,1,in-loop,0,1(heap-level,4,OOB_WRITE,-1/0x03,0x00,0x0,0,5,2,0,7,0x2145400,262144,0x2165400,-1,1438814269.726,1438814269.788,1438814269.740,recovery not enabled (classification run),OOB_WRITE,0,,,3,4,0,0,1,9,4,1099511627776,4,5,4:cancelled:0:sig=1099511627776/5,1,0,0,+0x2125400,+0x2165600,+0x21a5800,-0x0,+0x2145400,+0x2165400/131072,56623104,3,1,20.1,0,1,26.9,0,first barrier returned,first barrier returned,,,0,5
F2a_timeout_ft1_rec0_g_straddle_t28,F2a,timeout,28,1,0,,1,512,,straddle,,,,,1,nvft2_drv,0b5593a88916,e0d6fd1bd841,2eeda7780487,3,9,0,0,2026-09-25,oob_guard,1,in-loop,0,1(heap-level,4,OOB_WRITE,-1/0x03,0x00,0x0,0,5,2,0,7,0x2145400,262144,0x2165400,-1,1438818787.277,1438818787.319,1438818787.290,recovery not enabled (classification run),OOB_WRITE,0,,,3,4,0,0,1,9,4,1099511627776,4,5,4:cancelled:0:sig=1099511627776/5,1,0,0,+0x2125400,+0x2165600,+0x21a5800,-0x0,+0x2145400,+0x2165400/131072,56623104,3,1,20.1,0,1,26.6,0,first barrier returned,first barrier returned,,,0,5
F2a_timeout_ft1_rec0_g_straddle_t29,F2a,timeout,29,1,0,,1,512,,straddle,,,,,1,nvft2_drv,0b5593a88916,e0d6fd1bd841,2eeda7780487,3,9,0,0,2026-09-25,oob_guard,1,in-loop,0,1(heap-level,4,OOB_WRITE,-1/0x03,0x00,0x0,0,5,2,0,7,0x2145400,262144,0x2165400,-1,1438823270.439,1438823270.503,1438823270.454,recovery not enabled (classification run),OOB_WRITE,0,,,3,4,0,0,1,9,4,1099511627776,4,5,4:cancelled:0:sig=1099511627776/5,1,0,0,+0x2125400,+0x2165600,+0x21a5800,-0x0,+0x2145400,+0x2165400/131072,56623104,3,1,20.2,0,1,26.7,0,first barrier returned,first barrier returned,,,0,5
F2a_timeout_ft1_rec0_g_straddle_t3,F2a,timeout,3,1,0,,1,512,,straddle,,,,,1,nvft2_drv,0b5593a88916,e0d6fd1bd841,2eeda7780487,3,9,0,0,2026-09-25,oob_guard,1,in-loop,0,1(heap-level,4,OOB_WRITE,-1/0x03,0x00,0x0,0,5,2,0,7,0x2145400,262144,0x2165400,-1,1438706483.342,1438706483.419,1438706483.355,recovery not enabled (classification run),OOB_WRITE,0,,,3,4,0,0,1,9,4,1099511627776,4,5,4:cancelled:0:sig=1099511627776/5,1,0,0,+0x2125400,+0x2165600,+0x21a5800,-0x0,+0x2145400,+0x2165400/131072,56623104,3,1,20.3,0,1,26.8,0,first barrier returned,first barrier returned,,,0,5
F2a_timeout_ft1_rec0_g_straddle_t30,F2a,timeout,30,1,0,,1,512,,straddle,,,,,1,nvft2_drv,0b5593a88916,e0d6fd1bd841,2eeda7780487,3,9,0,0,2026-09-25,oob_guard,1,in-loop,0,1(heap-level,4,OOB_WRITE,-1/0x03,0x00,0x0,0,5,2,0,7,0x2145400,262144,0x2165400,-1,1438827748.138,1438827748.183,1438827748.153,recovery not enabled (classification run),OOB_WRITE,0,,,3,4,0,0,1,9,4,1099511627776,4,5,4:cancelled:0:sig=1099511627776/5,1,0,0,+0x2125400,+0x2165600,+0x21a5800,-0x0,+0x2145400,+0x2165400/131072,56623104,3,1,20.4,0,1,26.7,0,first barrier returned,first barrier returned,,,0,5
F2a_timeout_ft1_rec0_g_straddle_t4,F2a,timeout,4,1,0,,1,512,,straddle,,,,,1,nvft2_drv,0b5593a88916,e0d6fd1bd841,2eeda7780487,3,9,0,0,2026-09-25,oob_guard,1,in-loop,0,1(heap-level,4,OOB_WRITE,-1/0x03,0x00,0x0,0,5,2,0,7,0x2145400,262144,0x2165400,-1,1438710975.087,1438710975.163,1438710975.101,recovery not enabled (classification run),OOB_WRITE,0,,,3,4,0,0,1,9,4,1099511627776,4,5,4:cancelled:0:sig=1099511627776/5,1,0,0,+0x2125400,+0x2165600,+0x21a5800,-0x0,+0x2145400,+0x2165400/131072,56623104,3,1,20.2,0,1,30.4,0,first barrier returned,first barrier returned,,,0,5
F2a_timeout_ft1_rec0_g_straddle_t5,F2a,timeout,5,1,0,,1,512,,straddle,,,,,1,nvft2_drv,0b5593a88916,e0d6fd1bd841,2eeda7780487,3,9,0,0,2026-09-25,oob_guard,1,in-loop,0,1(heap-level,4,OOB_WRITE,-1/0x03,0x00,0x0,0,5,2,0,7,0x2145400,262144,0x2165400,-1,1438715434.081,1438715434.144,1438715434.095,recovery not enabled (classification run),OOB_WRITE,0,,,3,4,0,0,1,9,4,1099511627776,4,5,4:cancelled:0:sig=1099511627776/5,1,0,0,+0x2125400,+0x2165600,+0x21a5800,-0x0,+0x2145400,+0x2165400/131072,56623104,3,1,20.5,0,1,26.7,0,first barrier returned,first barrier returned,,,0,5
F2a_timeout_ft1_rec0_g_straddle_t6,F2a,timeout,6,1,0,,1,512,,straddle,,,,,1,nvft2_drv,0b5593a88916,e0d6fd1bd841,2eeda7780487,3,9,0,0,2026-09-25,oob_guard,1,in-loop,0,1(heap-level,4,OOB_WRITE,-1/0x03,0x00,0x0,0,5,2,0,7,0x2145400,262144,0x2165400,-1,1438719923.340,1438719923.442,1438719923.354,recovery not enabled (classification run),OOB_WRITE,0,,,3,4,0,0,1,9,4,1099511627776,4,5,4:cancelled:0:sig=1099511627776/5,1,0,0,+0x2125400,+0x2165600,+0x21a5800,-0x0,+0x2145400,+0x2165400/131072,56623104,3,1,20.2,0,1,27.0,0,first barrier returned,first barrier returned,,,0,5
F2a_timeout_ft1_rec0_g_straddle_t7,F2a,timeout,7,1,0,,1,512,,straddle,,,,,1,nvft2_drv,0b5593a88916,e0d6fd1bd841,2eeda7780487,3,9,0,0,2026-09-25,oob_guard,1,in-loop,0,1(heap-level,4,OOB_WRITE,-1/0x03,0x00,0x0,0,5,2,0,7,0x2145400,262144,0x2165400,-1,1438724437.815,1438724437.890,1438724437.830,recovery not enabled (classification run),OOB_WRITE,0,,,3,4,0,0,1,9,4,1099511627776,4,5,4:cancelled:0:sig=1099511627776/5,1,0,0,+0x2125400,+0x2165600,+0x21a5800,-0x0,+0x2145400,+0x2165400/131072,56623104,3,1,20.1,0,1,26.8,0,first barrier returned,first barrier returned,,,0,5
F2a_timeout_ft1_rec0_g_straddle_t8,F2a,timeout,8,1,0,,1,512,,straddle,,,,,1,nvft2_drv,0b5593a88916,e0d6fd1bd841,2eeda7780487,3,9,0,0,2026-09-25,oob_guard,1,in-loop,0,1(heap-level,4,OOB_WRITE,-1/0x03,0x00,0x0,0,5,2,0,7,0x2145400,262144,0x2165400,-1,1438729004.330,1438729004.411,1438729004.343,recovery not enabled (classification run),OOB_WRITE,0,,,3,4,0,0,1,9,4,1099511627776,4,5,4:cancelled:0:sig=1099511627776/5,1,0,0,+0x2125400,+0x2165600,+0x21a5800,-0x0,+0x2145400,+0x2165400/131072,56623104,3,1,20.2,0,1,30.3,0,first barrier returned,first barrier returned,,,0,5
F2a_timeout_ft1_rec0_g_straddle_t9,F2a,timeout,9,1,0,,1,512,,straddle,,,,,1,nvft2_drv,0b5593a88916,e0d6fd1bd841,2eeda7780487,3,9,0,0,2026-09-25,oob_guard,1,in-loop,0,1(heap-level,4,OOB_WRITE,-1/0x03,0x00,0x0,0,5,2,0,7,0x2145400,262144,0x2165400,-1,1438733479.399,1438733479.469,1438733479.413,recovery not enabled (classification run),OOB_WRITE,0,,,3,4,0,0,1,9,4,1099511627776,4,5,4:cancelled:0:sig=1099511627776/5,1,0,0,+0x2125400,+0x2165600,+0x21a5800,-0x0,+0x2145400,+0x2165400/131072,56623104,3,1,20.1,0,1,26.8,0,first barrier returned,first barrier returned,,,0,5
F2a_timeout_ft1_rec0_g_tail_t1,F2a,timeout,1,1,0,,1,512,,tail,,,,,1,nvft2_drv,0b5593a88916,e0d6fd1bd841,2eeda7780487,3,9,0,0,2026-09-25,oob_guard,1,in-loop,0,1(heap-level,4,OOB_WRITE,-1/0x02,0x00,0x0,0,5,2,0,7,0x21e5c00,262144,0x0,-1,1438699051.128,1438699051.163,1438699051.141,recovery not enabled (classification run),OOB_WRITE,0,,,3,4,0,0,1,9,4,1099511627776,4,5,4:cancelled:0:sig=1099511627776/5,1,0,0,+0x2125400,+0x2165600,+0x21a5800,+0x21a5c00,+0x21e5c00,+0x21e5c00/262144,56623104,2,1,20.3,0,1,26.7,0,first barrier returned,first barrier returned,,,0,5
F2a_timeout_ft1_rec0_g_tail_t10,F2a,timeout,10,1,0,,1,512,,tail,,,,,1,nvft2_drv,0b5593a88916,e0d6fd1bd841,2eeda7780487,3,9,0,0,2026-09-25,oob_guard,1,in-loop,0,1(heap-level,4,OOB_WRITE,-1/0x02,0x00,0x0,0,5,2,0,7,0x21e5c00,262144,0x0,-1,1438739507.663,1438739507.724,1438739507.677,recovery not enabled (classification run),OOB_WRITE,0,,,3,4,0,0,1,9,4,1099511627776,4,5,4:cancelled:0:sig=1099511627776/5,1,0,0,+0x2125400,+0x2165600,+0x21a5800,+0x21a5c00,+0x21e5c00,+0x21e5c00/262144,56623104,2,1,20.4,0,1,26.5,0,first barrier returned,first barrier returned,,,0,5
F2a_timeout_ft1_rec0_g_tail_t11,F2a,timeout,11,1,0,,1,512,,tail,,,,,1,nvft2_drv,0b5593a88916,e0d6fd1bd841,2eeda7780487,3,9,0,0,2026-09-25,oob_guard,1,in-loop,0,1(heap-level,4,OOB_WRITE,-1/0x02,0x00,0x0,0,5,2,0,7,0x21e5c00,262144,0x0,-1,1438743947.058,1438743947.140,1438743947.073,recovery not enabled (classification run),OOB_WRITE,0,,,3,4,0,0,1,9,4,1099511627776,4,5,4:cancelled:0:sig=1099511627776/5,1,0,0,+0x2125400,+0x2165600,+0x21a5800,+0x21a5c00,+0x21e5c00,+0x21e5c00/262144,56623104,2,1,20.5,0,1,30.5,0,first barrier returned,first barrier returned,,,0,5
F2a_timeout_ft1_rec0_g_tail_t12,F2a,timeout,12,1,0,,1,512,,tail,,,,,1,nvft2_drv,0b5593a88916,e0d6fd1bd841,2eeda7780487,3,9,0,0,2026-09-25,oob_guard,1,in-loop,0,1(heap-level,4,OOB_WRITE,-1/0x02,0x00,0x0,0,5,2,0,7,0x21e5c00,262144,0x0,-1,1438748422.204,1438748422.296,1438748422.218,recovery not enabled (classification run),OOB_WRITE,0,,,3,4,0,0,1,9,4,1099511627776,4,5,4:cancelled:0:sig=1099511627776/5,1,0,0,+0x2125400,+0x2165600,+0x21a5800,+0x21a5c00,+0x21e5c00,+0x21e5c00/262144,56623104,2,1,20.2,0,1,26.8,0,first barrier returned,first barrier returned,,,0,5
F2a_timeout_ft1_rec0_g_tail_t13,F2a,timeout,13,1,0,,1,512,,tail,,,,,1,nvft2_drv,0b5593a88916,e0d6fd1bd841,2eeda7780487,3,9,0,0,2026-09-25,oob_guard,1,in-loop,0,1(heap-level,4,OOB_WRITE,-1/0x02,0x00,0x0,0,5,2,0,7,0x21e5c00,262144,0x0,-1,1438752910.874,1438752910.933,1438752910.887,recovery not enabled (classification run),OOB_WRITE,0,,,3,4,0,0,1,9,4,1099511627776,4,5,4:cancelled:0:sig=1099511627776/5,1,0,0,+0x2125400,+0x2165600,+0x21a5800,+0x21a5c00,+0x21e5c00,+0x21e5c00/262144,56623104,2,1,20.0,0,1,26.6,0,first barrier returned,first barrier returned,,,0,5
F2a_timeout_ft1_rec0_g_tail_t14,F2a,timeout,14,1,0,,1,512,,tail,,,,,1,nvft2_drv,0b5593a88916,e0d6fd1bd841,2eeda7780487,3,9,0,0,2026-09-25,oob_guard,1,in-loop,0,1(heap-level,4,OOB_WRITE,-1/0x02,0x00,0x0,0,5,2,0,7,0x21e5c00,262144,0x0,-1,1438757396.003,1438757396.105,1438757396.024,recovery not enabled (classification run),OOB_WRITE,0,,,3,4,0,0,1,9,4,1099511627776,4,5,4:cancelled:0:sig=1099511627776/5,1,0,0,+0x2125400,+0x2165600,+0x21a5800,+0x21a5c00,+0x21e5c00,+0x21e5c00/262144,56623104,2,1,20.2,0,1,26.6,0,first barrier returned,first barrier returned,,,0,5
F2a_timeout_ft1_rec0_g_tail_t15,F2a,timeout,15,1,0,,1,512,,tail,,,,,1,nvft2_drv,0b5593a88916,e0d6fd1bd841,2eeda7780487,3,9,0,0,2026-09-25,oob_guard,1,in-loop,0,1(heap-level,4,OOB_WRITE,-1/0x02,0x00,0x0,0,5,2,0,7,0x21e5c00,262144,0x0,-1,1438761871.281,1438761871.341,1438761871.295,recovery not enabled (classification run),OOB_WRITE,0,,,3,4,0,0,1,9,4,1099511627776,4,5,4:cancelled:0:sig=1099511627776/5,1,0,0,+0x2125400,+0x2165600,+0x21a5800,+0x21a5c00,+0x21e5c00,+0x21e5c00/262144,56623104,2,1,20.1,0,1,26.6,0,first barrier returned,first barrier returned,,,0,5
F2a_timeout_ft1_rec0_g_tail_t16,F2a,timeout,16,1,0,,1,512,,tail,,,,,1,nvft2_drv,0b5593a88916,e0d6fd1bd841,2eeda7780487,3,9,0,0,2026-09-25,oob_guard,1,in-loop,0,1(heap-level,4,OOB_WRITE,-1/0x02,0x00,0x0,0,5,2,0,7,0x21e5c00,262144,0x0,-1,1438766343.334,1438766343.369,1438766343.348,recovery not enabled (classification run),OOB_WRITE,0,,,3,4,0,0,1,9,4,1099511627776,4,5,4:cancelled:0:sig=1099511627776/5,1,0,0,+0x2125400,+0x2165600,+0x21a5800,+0x21a5c00,+0x21e5c00,+0x21e5c00/262144,56623104,2,1,20.2,0,1,30.8,0,first barrier returned,first barrier returned,,,0,5
F2a_timeout_ft1_rec0_g_tail_t17,F2a,timeout,17,1,0,,1,512,,tail,,,,,1,nvft2_drv,0b5593a88916,e0d6fd1bd841,2eeda7780487,3,9,0,0,2026-09-25,oob_guard,1,in-loop,0,1(heap-level,4,OOB_WRITE,-1/0x02,0x00,0x0,0,5,2,0,7,0x21e5c00,262144,0x0,-1,1438770838.691,1438770838.707,1438770838.705,recovery not enabled (classification run),OOB_WRITE,0,,,3,4,0,0,1,9,4,1099511627776,4,5,4:cancelled:0:sig=1099511627776/5,1,0,0,+0x2125400,+0x2165600,+0x21a5800,+0x21a5c00,+0x21e5c00,+0x21e5c00/262144,56623104,2,1,20.2,0,1,26.8,0,first barrier returned,first barrier returned,,,0,5
F2a_timeout_ft1_rec0_g_tail_t18,F2a,timeout,18,1,0,,1,512,,tail,,,,,1,nvft2_drv,0b5593a88916,e0d6fd1bd841,2eeda7780487,3,9,0,0,2026-09-25,oob_guard,1,in-loop,0,1(heap-level,4,OOB_WRITE,-1/0x02,0x00,0x0,0,5,2,0,7,0x21e5c00,262144,0x0,-1,1438775341.837,1438775341.940,1438775341.852,recovery not enabled (classification run),OOB_WRITE,0,,,3,4,0,0,1,9,4,1099511627776,4,5,4:cancelled:0:sig=1099511627776/5,1,0,0,+0x2125400,+0x2165600,+0x21a5800,+0x21a5c00,+0x21e5c00,+0x21e5c00/262144,56623104,2,1,20.1,0,1,26.6,0,first barrier returned,first barrier returned,,,0,5
F2a_timeout_ft1_rec0_g_tail_t19,F2a,timeout,19,1,0,,1,512,,tail,,,,,1,nvft2_drv,0b5593a88916,e0d6fd1bd841,2eeda7780487,3,9,0,0,2026-09-25,oob_guard,1,in-loop,0,1(heap-level,4,OOB_WRITE,-1/0x02,0x00,0x0,0,5,2,0,7,0x21e5c00,262144,0x0,-1,1438779872.526,1438779872.590,1438779872.540,recovery not enabled (classification run),OOB_WRITE,0,,,3,4,0,0,1,9,4,1099511627776,4,5,4:cancelled:0:sig=1099511627776/5,1,0,0,+0x2125400,+0x2165600,+0x21a5800,+0x21a5c00,+0x21e5c00,+0x21e5c00/262144,56623104,2,1,20.2,0,1,26.7,0,first barrier returned,first barrier returned,,,0,5
F2a_timeout_ft1_rec0_g_tail_t2,F2a,timeout,2,1,0,,1,512,,tail,,,,,1,nvft2_drv,0b5593a88916,e0d6fd1bd841,2eeda7780487,3,9,0,0,2026-09-25,oob_guard,1,in-loop,0,1(heap-level,4,OOB_WRITE,-1/0x02,0x00,0x0,0,5,2,0,7,0x21e5c00,262144,0x0,-1,1438703509.998,1438703510.092,1438703510.013,recovery not enabled (classification run),OOB_WRITE,0,,,3,4,0,0,1,9,4,1099511627776,4,5,4:cancelled:0:sig=1099511627776/5,1,0,0,+0x2125400,+0x2165600,+0x21a5800,+0x21a5c00,+0x21e5c00,+0x21e5c00/262144,56623104,2,1,20.4,0,1,26.6,0,first barrier returned,first barrier returned,,,0,5
F2a_timeout_ft1_rec0_g_tail_t20,F2a,timeout,20,1,0,,1,512,,tail,,,,,1,nvft2_drv,0b5593a88916,e0d6fd1bd841,2eeda7780487,3,9,0,0,2026-09-25,oob_guard,1,in-loop,0,1(heap-level,4,OOB_WRITE,-1/0x02,0x00,0x0,0,5,2,0,7,0x21e5c00,262144,0x0,-1,1438784335.845,1438784335.951,1438784335.859,recovery not enabled (classification run),OOB_WRITE,0,,,3,4,0,0,1,9,4,1099511627776,4,5,4:cancelled:0:sig=1099511627776/5,1,0,0,+0x2125400,+0x2165600,+0x21a5800,+0x21a5c00,+0x21e5c00,+0x21e5c00/262144,56623104,2,1,20.5,0,1,30.5,0,first barrier returned,first barrier returned,,,0,5
F2a_timeout_ft1_rec0_g_tail_t21,F2a,timeout,21,1,0,,1,512,,tail,,,,,1,nvft2_drv,0b5593a88916,e0d6fd1bd841,2eeda7780487,3,9,0,0,2026-09-25,oob_guard,1,in-loop,0,1(heap-level,4,OOB_WRITE,-1/0x02,0x00,0x0,0,5,2,0,7,0x21e5c00,262144,0x0,-1,1438788849.614,1438788849.634,1438788849.629,recovery not enabled (classification run),OOB_WRITE,0,,,3,4,0,0,1,9,4,1099511627776,4,5,4:cancelled:0:sig=1099511627776/5,1,0,0,+0x2125400,+0x2165600,+0x21a5800,+0x21a5c00,+0x21e5c00,+0x21e5c00/262144,56623104,2,1,20.0,0,1,26.5,0,first barrier returned,first barrier returned,,,0,5
F2a_timeout_ft1_rec0_g_tail_t22,F2a,timeout,22,1,0,,1,512,,tail,,,,,1,nvft2_drv,0b5593a88916,e0d6fd1bd841,2eeda7780487,3,9,0,0,2026-09-25,oob_guard,1,in-loop,0,1(heap-level,4,OOB_WRITE,-1/0x02,0x00,0x0,0,5,2,0,7,0x21e5c00,262144,0x0,-1,1438793356.034,1438793356.080,1438793356.047,recovery not enabled (classification run),OOB_WRITE,0,,,3,4,0,0,1,9,4,1099511627776,4,5,4:cancelled:0:sig=1099511627776/5,1,0,0,+0x2125400,+0x2165600,+0x21a5800,+0x21a5c00,+0x21e5c00,+0x21e5c00/262144,56623104,2,1,20.4,0,1,30.4,0,first barrier returned,first barrier returned,,,0,5
F2a_timeout_ft1_rec0_g_tail_t23,F2a,timeout,23,1,0,,1,512,,tail,,,,,1,nvft2_drv,0b5593a88916,e0d6fd1bd841,2eeda7780487,3,9,0,0,2026-09-25,oob_guard,1,in-loop,0,1(heap-level,4,OOB_WRITE,-1/0x02,0x00,0x0,0,5,2,0,7,0x21e5c00,262144,0x0,-1,1438797801.190,1438797801.201,1438797801.204,recovery not enabled (classification run),OOB_WRITE,0,,,3,4,0,0,1,9,4,1099511627776,4,5,4:cancelled:0:sig=1099511627776/5,1,0,0,+0x2125400,+0x2165600,+0x21a5800,+0x21a5c00,+0x21e5c00,+0x21e5c00/262144,56623104,2,1,20.1,0,1,26.8,0,first barrier returned,first barrier returned,,,0,5
F2a_timeout_ft1_rec0_g_tail_t24,F2a,timeout,24,1,0,,1,512,,tail,,,,,1,nvft2_drv,0b5593a88916,e0d6fd1bd841,2eeda7780487,3,9,0,0,2026-09-25,oob_guard,1,in-loop,0,1(heap-level,4,OOB_WRITE,-1/0x02,0x00,0x0,0,5,2,0,7,0x21e5c00,262144,0x0,-1,1438802271.701,1438802271.722,1438802271.714,recovery not enabled (classification run),OOB_WRITE,0,,,3,4,0,0,1,9,4,1099511627776,4,5,4:cancelled:0:sig=1099511627776/5,1,0,0,+0x2125400,+0x2165600,+0x21a5800,+0x21a5c00,+0x21e5c00,+0x21e5c00/262144,56623104,2,1,20.3,0,1,26.8,0,first barrier returned,first barrier returned,,,0,5
F2a_timeout_ft1_rec0_g_tail_t25,F2a,timeout,25,1,0,,1,512,,tail,,,,,1,nvft2_drv,0b5593a88916,e0d6fd1bd841,2eeda7780487,3,9,0,0,2026-09-25,oob_guard,1,in-loop,0,1(heap-level,4,OOB_WRITE,-1/0x02,0x00,0x0,0,5,2,0,7,0x21e5c00,262144,0x0,-1,1438806743.536,1438806743.546,1438806743.549,recovery not enabled (classification run),OOB_WRITE,0,,,3,4,0,0,1,9,4,1099511627776,4,5,4:cancelled:0:sig=1099511627776/5,1,0,0,+0x2125400,+0x2165600,+0x21a5800,+0x21a5c00,+0x21e5c00,+0x21e5c00/262144,56623104,2,1,20.3,0,1,30.6,0,first barrier returned,first barrier returned,,,0,5
F2a_timeout_ft1_rec0_g_tail_t26,F2a,timeout,26,1,0,,1,512,,tail,,,,,1,nvft2_drv,0b5593a88916,e0d6fd1bd841,2eeda7780487,3,9,0,0,2026-09-25,oob_guard,1,in-loop,0,1(heap-level,4,OOB_WRITE,-1/0x02,0x00,0x0,0,5,2,0,7,0x21e5c00,262144,0x0,-1,1438811246.917,1438811246.932,1438811246.931,recovery not enabled (classification run),OOB_WRITE,0,,,3,4,0,0,1,9,4,1099511627776,4,5,4:cancelled:0:sig=1099511627776/5,1,0,0,+0x2125400,+0x2165600,+0x21a5800,+0x21a5c00,+0x21e5c00,+0x21e5c00/262144,56623104,2,1,20.4,0,1,26.5,0,first barrier returned,first barrier returned,,,0,5
F2a_timeout_ft1_rec0_g_tail_t27,F2a,timeout,27,1,0,,1,512,,tail,,,,,1,nvft2_drv,0b5593a88916,e0d6fd1bd841,2eeda7780487,3,9,0,0,2026-09-25,oob_guard,1,in-loop,0,1(heap-level,4,OOB_WRITE,-1/0x02,0x00,0x0,0,5,2,0,7,0x21e5c00,262144,0x0,-1,1438815772.614,1438815772.718,1438815772.627,recovery not enabled (classification run),OOB_WRITE,0,,,3,4,0,0,1,9,4,1099511627776,4,5,4:cancelled:0:sig=1099511627776/5,1,0,0,+0x2125400,+0x2165600,+0x21a5800,+0x21a5c00,+0x21e5c00,+0x21e5c00/262144,56623104,2,1,20.1,0,1,26.8,0,first barrier returned,first barrier returned,,,0,5
F2a_timeout_ft1_rec0_g_tail_t28,F2a,timeout,28,1,0,,1,512,,tail,,,,,1,nvft2_drv,0b5593a88916,e0d6fd1bd841,2eeda7780487,3,9,0,0,2026-09-25,oob_guard,1,in-loop,0,1(heap-level,4,OOB_WRITE,-1/0x02,0x00,0x0,0,5,2,0,7,0x21e5c00,262144,0x0,-1,1438820271.010,1438820271.110,1438820271.024,recovery not enabled (classification run),OOB_WRITE,0,,,3,4,0,0,1,9,4,1099511627776,4,5,4:cancelled:0:sig=1099511627776/5,1,0,0,+0x2125400,+0x2165600,+0x21a5800,+0x21a5c00,+0x21e5c00,+0x21e5c00/262144,56623104,2,1,20.1,0,1,26.5,0,first barrier returned,first barrier returned,,,0,5
F2a_timeout_ft1_rec0_g_tail_t29,F2a,timeout,29,1,0,,1,512,,tail,,,,,1,nvft2_drv,0b5593a88916,e0d6fd1bd841,2eeda7780487,3,9,0,0,2026-09-25,oob_guard,1,in-loop,0,1(heap-level,4,OOB_WRITE,-1/0x02,0x00,0x0,0,5,2,0,7,0x21e5c00,262144,0x0,-1,1438824787.200,1438824787.241,1438824787.214,recovery not enabled (classification run),OOB_WRITE,0,,,3,4,0,0,1,9,4,1099511627776,4,5,4:cancelled:0:sig=1099511627776/5,1,0,0,+0x2125400,+0x2165600,+0x21a5800,+0x21a5c00,+0x21e5c00,+0x21e5c00/262144,56623104,2,1,20.2,0,1,26.8,0,first barrier returned,first barrier returned,,,0,5
F2a_timeout_ft1_rec0_g_tail_t3,F2a,timeout,3,1,0,,1,512,,tail,,,,,1,nvft2_drv,0b5593a88916,e0d6fd1bd841,2eeda7780487,3,9,0,0,2026-09-25,oob_guard,1,in-loop,0,1(heap-level,4,OOB_WRITE,-1/0x02,0x00,0x0,0,5,2,0,7,0x21e5c00,262144,0x0,-1,1438707976.101,1438707976.183,1438707976.115,recovery not enabled (classification run),OOB_WRITE,0,,,3,4,0,0,1,9,4,1099511627776,4,5,4:cancelled:0:sig=1099511627776/5,1,0,0,+0x2125400,+0x2165600,+0x21a5800,+0x21a5c00,+0x21e5c00,+0x21e5c00/262144,56623104,2,1,20.6,0,1,30.6,0,first barrier returned,first barrier returned,,,0,5
F2a_timeout_ft1_rec0_g_tail_t30,F2a,timeout,30,1,0,,1,512,,tail,,,,,1,nvft2_drv,0b5593a88916,e0d6fd1bd841,2eeda7780487,3,9,0,0,2026-09-25,oob_guard,1,in-loop,0,1(heap-level,4,OOB_WRITE,-1/0x02,0x00,0x0,0,5,2,0,7,0x21e5c00,262144,0x0,-1,1438829264.702,1438829264.717,1438829264.717,recovery not enabled (classification run),OOB_WRITE,0,,,3,4,0,0,1,9,4,1099511627776,4,5,4:cancelled:0:sig=1099511627776/5,1,0,0,+0x2125400,+0x2165600,+0x21a5800,+0x21a5c00,+0x21e5c00,+0x21e5c00/262144,56623104,2,1,20.1,0,1,26.6,0,first barrier returned,first barrier returned,,,0,5
F2a_timeout_ft1_rec0_g_tail_t4,F2a,timeout,4,1,0,,1,512,,tail,,,,,1,nvft2_drv,0b5593a88916,e0d6fd1bd841,2eeda7780487,3,9,0,0,2026-09-25,oob_guard,1,in-loop,0,1(heap-level,4,OOB_WRITE,-1/0x02,0x00,0x0,0,5,2,0,7,0x21e5c00,262144,0x0,-1,1438712466.954,1438712467.009,1438712466.968,recovery not enabled (classification run),OOB_WRITE,0,,,3,4,0,0,1,9,4,1099511627776,4,5,4:cancelled:0:sig=1099511627776/5,1,0,0,+0x2125400,+0x2165600,+0x21a5800,+0x21a5c00,+0x21e5c00,+0x21e5c00/262144,56623104,2,1,20.4,0,1,26.6,0,first barrier returned,first barrier returned,,,0,5
F2a_timeout_ft1_rec0_g_tail_t5,F2a,timeout,5,1,0,,1,512,,tail,,,,,1,nvft2_drv,0b5593a88916,e0d6fd1bd841,2eeda7780487,3,9,0,0,2026-09-25,oob_guard,1,in-loop,0,1(heap-level,4,OOB_WRITE,-1/0x02,0x00,0x0,0,5,2,0,7,0x21e5c00,262144,0x0,-1,1438716910.263,1438716910.348,1438716910.277,recovery not enabled (classification run),OOB_WRITE,0,,,3,4,0,0,1,9,4,1099511627776,4,5,4:cancelled:0:sig=1099511627776/5,1,0,0,+0x2125400,+0x2165600,+0x21a5800,+0x21a5c00,+0x21e5c00,+0x21e5c00/262144,56623104,2,1,20.2,0,1,26.8,0,first barrier returned,first barrier returned,,,0,5
F2a_timeout_ft1_rec0_g_tail_t6,F2a,timeout,6,1,0,,1,512,,tail,,,,,1,nvft2_drv,0b5593a88916,e0d6fd1bd841,2eeda7780487,3,9,0,0,2026-09-25,oob_guard,1,in-loop,0,1(heap-level,4,OOB_WRITE,-1/0x02,0x00,0x0,0,5,2,0,7,0x21e5c00,262144,0x0,-1,1438721427.412,1438721427.421,1438721427.427,recovery not enabled (classification run),OOB_WRITE,0,,,3,4,0,0,1,9,4,1099511627776,4,5,4:cancelled:0:sig=1099511627776/5,1,0,0,+0x2125400,+0x2165600,+0x21a5800,+0x21a5c00,+0x21e5c00,+0x21e5c00/262144,56623104,2,1,20.2,0,1,26.6,0,first barrier returned,first barrier returned,,,0,5
F2a_timeout_ft1_rec0_g_tail_t7,F2a,timeout,7,1,0,,1,512,,tail,,,,,1,nvft2_drv,0b5593a88916,e0d6fd1bd841,2eeda7780487,3,9,0,0,2026-09-25,oob_guard,1,in-loop,0,1(heap-level,4,OOB_WRITE,-1/0x02,0x00,0x0,0,5,2,0,7,0x21e5c00,262144,0x0,-1,1438725971.454,1438725971.522,1438725971.469,recovery not enabled (classification run),OOB_WRITE,0,,,3,4,0,0,1,9,4,1099511627776,4,5,4:cancelled:0:sig=1099511627776/5,1,0,0,+0x2125400,+0x2165600,+0x21a5800,+0x21a5c00,+0x21e5c00,+0x21e5c00/262144,56623104,2,1,20.2,0,1,26.5,0,first barrier returned,first barrier returned,,,0,5
F2a_timeout_ft1_rec0_g_tail_t8,F2a,timeout,8,1,0,,1,512,,tail,,,,,1,nvft2_drv,0b5593a88916,e0d6fd1bd841,2eeda7780487,3,9,0,0,2026-09-25,oob_guard,1,in-loop,0,1(heap-level,4,OOB_WRITE,-1/0x02,0x00,0x0,0,5,2,0,7,0x21e5c00,262144,0x0,-1,1438730503.159,1438730503.216,1438730503.174,recovery not enabled (classification run),OOB_WRITE,0,,,3,4,0,0,1,9,4,1099511627776,4,5,4:cancelled:0:sig=1099511627776/5,1,0,0,+0x2125400,+0x2165600,+0x21a5800,+0x21a5c00,+0x21e5c00,+0x21e5c00/262144,56623104,2,1,20.1,0,1,27.0,0,first barrier returned,first barrier returned,,,0,5
F2a_timeout_ft1_rec0_g_tail_t9,F2a,timeout,9,1,0,,1,512,,tail,,,,,1,nvft2_drv,0b5593a88916,e0d6fd1bd841,2eeda7780487,3,9,0,0,2026-09-25,oob_guard,1,in-loop,0,1(heap-level,4,OOB_WRITE,-1/0x02,0x00,0x0,0,5,2,0,7,0x21e5c00,262144,0x0,-1,1438734991.914,1438734991.977,1438734991.928,recovery not enabled (classification run),OOB_WRITE,0,,,3,4,0,0,1,9,4,1099511627776,4,5,4:cancelled:0:sig=1099511627776/5,1,0,0,+0x2125400,+0x2165600,+0x21a5800,+0x21a5c00,+0x21e5c00,+0x21e5c00/262144,56623104,2,1,20.4,0,1,30.5,0,first barrier returned,first barrier returned,,,0,5
none_blocking_ft1_rec0_g_none_ring_t1,none,blocking,1,1,0,1,1,512,,,,,,,1,nvft2_drv,0b5593a88916,e0d6fd1bd841,2eeda7780487,0,0,0,0,2026-09-25,oob_guard,1,ring-walk,1,1(heap-level,,,,,,,,,,,,,,,,,,,,0,,,0,200,0,0,0,0,200,200,200,200,,0,,,+0x2125400,+0x2165600,+0x21a5800,-0x0,+0x0,+0x0/0,56623104,,1,21.4,0,1,27.6,0,first barrier returned,first barrier returned,,,0,200
none_blocking_ft1_rec0_g_none_ring_t2,none,blocking,2,1,0,1,1,512,,,,,,,1,nvft2_drv,0b5593a88916,e0d6fd1bd841,2eeda7780487,0,0,0,0,2026-09-25,oob_guard,1,ring-walk,1,1(heap-level,,,,,,,,,,,,,,,,,,,,0,,,0,200,0,0,0,0,200,200,200,200,,0,,,+0x2125400,+0x2165600,+0x21a5800,-0x0,+0x0,+0x0/0,56623104,,1,21.5,0,1,28.0,0,first barrier returned,first barrier returned,,,0,200
none_blocking_ft1_rec0_g_none_ring_t3,none,blocking,3,1,0,1,1,512,,,,,,,1,nvft2_drv,0b5593a88916,e0d6fd1bd841,2eeda7780487,0,0,0,0,2026-09-25,oob_guard,1,ring-walk,1,1(heap-level,,,,,,,,,,,,,,,,,,,,0,,,0,200,0,0,0,0,200,200,200,200,,0,,,+0x2125400,+0x2165600,+0x21a5800,-0x0,+0x0,+0x0/0,56623104,,1,21.4,0,1,27.4,0,first barrier returned,first barrier returned,,,0,200
none_timeout_ft1_rec0_g_none_t1,none,timeout,1,1,0,,1,512,,,,,,,1,nvft2_drv,0b5593a88916,e0d6fd1bd841,2eeda7780487,0,0,0,0,2026-09-25,oob_guard,1,in-loop,0,1(heap-level,,,,,,,,,,,,,,,,,,,,0,,,0,200,0,0,0,0,200,200,200,200,,0,,,+0x2125400,+0x2165600,+0x21a5800,-0x0,+0x0,+0x0/0,56623104,,1,22.0,0,1,28.0,0,first barrier returned,first barrier returned,,,0,200
none_timeout_ft1_rec0_g_none_t2,none,timeout,2,1,0,,1,512,,,,,,,1,nvft2_drv,0b5593a88916,e0d6fd1bd841,2eeda7780487,0,0,0,0,2026-09-25,oob_guard,1,in-loop,0,1(heap-level,,,,,,,,,,,,,,,,,,,,0,,,0,200,0,0,0,0,200,200,200,200,,0,,,+0x2125400,+0x2165600,+0x21a5800,-0x0,+0x0,+0x0/0,56623104,,1,21.8,0,1,27.8,0,first barrier returned,first barrier returned,,,0,200
none_timeout_ft1_rec0_g_none_t3,none,timeout,3,1,0,,1,512,,,,,,,1,nvft2_drv,0b5593a88916,e0d6fd1bd841,2eeda7780487,0,0,0,0,2026-09-25,oob_guard,1,in-loop,0,1(heap-level,,,,,,,,,,,,,,,,,,,,0,,,0,200,0,0,0,0,200,200,200,200,,0,,,+0x2125400,+0x2165600,+0x21a5800,-0x0,+0x0,+0x0/0,56623104,,1,21.8,0,1,27.7,0,first barrier returned,first barrier returned,,,0,200
F1F2b_timeout_ft1_rec1_k_nerr_t1,F1F2b,timeout,1,1,1,,,,nerr,,,,,,1,nvft2_drv,0b5593a88916,e0d6fd1bd841,2eeda7780487,9,9,0,0,2026-09-25,knobs,1,in-loop,0,"0(off,",51,LOCAL_QP_ERR,5/0xf5,0x05,0xd,117,3,1,0,0,0x0,0,0x0,-1,1437244717.986,1437244718.098,1437244718.001,too many recovery rounds,LOCAL_QP_ERR,7,1;1;1;1;1;1;1,0/0/0;0/0/0;0/0/0;0/0/0;0/0/0;0/0/0;0/0/0,9,120,7,1,1,9,120,1099511627776,120,121,120:cancelled:0:sig=1099511627776/121,1,,,+0x2124a00,+0x2164a00,+0x21a4a00,-0x0,+0x0,+0x0/0,56623104,,1,19.2,0,1,26.8,0,first barrier returned,first barrier returned,,,0,128
F1F2b_timeout_ft1_rec1_k_nerr_t2,F1F2b,timeout,2,1,1,,,,nerr,,,,,,1,nvft2_drv,0b5593a88916,e0d6fd1bd841,2eeda7780487,9,9,0,0,2026-09-25,knobs,1,in-loop,0,"0(off,",51,LOCAL_QP_ERR,5/0xf5,0x05,0xd,117,3,1,0,0,0x0,0,0x0,-1,1437247987.152,1437247987.215,1437247987.167,too many recovery rounds,LOCAL_QP_ERR,7,1;1;1;1;1;1;1,0/0/0;0/0/0;0/0/0;0/0/0;0/0/0;0/0/0;0/0/0,9,120,7,1,1,9,120,1099511627776,120,121,120:cancelled:0:sig=1099511627776/121,1,,,+0x2124a00,+0x2164a00,+0x21a4a00,-0x0,+0x0,+0x0/0,56623104,,1,19.2,0,1,25.9,0,first barrier returned,first barrier returned,,,0,128
F1F2b_timeout_ft1_rec1_k_nerr_t3,F1F2b,timeout,3,1,1,,,,nerr,,,,,,1,nvft2_drv,0b5593a88916,e0d6fd1bd841,2eeda7780487,9,9,0,0,2026-09-25,knobs,1,in-loop,0,"0(off,",51,LOCAL_QP_ERR,5/0xf5,0x05,0xd,117,3,1,0,0,0x0,0,0x0,-1,1437251230.553,1437251230.613,1437251230.568,too many recovery rounds,LOCAL_QP_ERR,7,1;1;1;1;1;1;1,0/0/0;0/0/0;0/0/0;0/0/0;0/0/0;0/0/0;0/0/0,9,120,7,1,1,9,120,1099511627776,120,121,120:cancelled:0:sig=1099511627776/121,1,,,+0x2124a00,+0x2164a00,+0x21a4a00,-0x0,+0x0,+0x0/0,56623104,,1,19.4,0,1,25.9,0,first barrier returned,first barrier returned,,,0,128
F1F2b_timeout_ft1_rec1_k_nerr_t4,F1F2b,timeout,4,1,1,,,,nerr,,,,,,1,nvft2_drv,0b5593a88916,e0d6fd1bd841,2eeda7780487,9,9,0,0,2026-09-25,knobs,1,in-loop,0,"0(off,",51,LOCAL_QP_ERR,5/0xf5,0x05,0xd,117,3,1,0,0,0x0,0,0x0,-1,1437254498.078,1437254498.117,1437254498.093,too many recovery rounds,LOCAL_QP_ERR,7,1;1;1;1;1;1;1,0/0/238;0/0/238;0/0/238;0/0/238;0/0/238;0/0/238;0/0/238,9,120,7,1,1,9,120,1099511627776,120,121,120:cancelled:0:sig=1099511627776/121,1,,,+0x2124a00,+0x2164a00,+0x21a4a00,-0x0,+0x0,+0x0/0,56623104,,1,19.2,0,1,26.0,0,first barrier returned,first barrier returned,,,0,128
F1F2b_timeout_ft1_rec1_k_nerr_t5,F1F2b,timeout,5,1,1,,,,nerr,,,,,,1,nvft2_drv,0b5593a88916,e0d6fd1bd841,2eeda7780487,9,9,0,0,2026-09-25,knobs,1,in-loop,0,"0(off,",51,LOCAL_QP_ERR,5/0xf5,0x05,0xd,117,3,1,0,0,0x0,0,0x0,-1,1437257784.461,1437257784.487,1437257784.475,too many recovery rounds,LOCAL_QP_ERR,7,1;1;1;1;1;1;1,0/0/0;0/0/0;0/0/0;0/0/0;0/0/0;0/0/0;0/0/0,9,120,7,1,1,9,120,1099511627776,120,121,120:cancelled:0:sig=1099511627776/121,1,,,+0x2124a00,+0x2164a00,+0x21a4a00,-0x0,+0x0,+0x0/0,56623104,,1,19.6,0,1,26.0,0,first barrier returned,first barrier returned,,,0,128
F1F2b_timeout_ft1_rec1_kbase_f1f2b_t1,F1F2b,timeout,1,1,1,,,,,,,,,,1,nvft2_drv,0b5593a88916,e0d6fd1bd841,2eeda7780487,9,9,0,0,2026-09-25,knobs,1,in-loop,0,"0(off,",51,LOCAL_QP_ERR,5/0xf5,0x05,0xd,117,3,1,0,0,0x0,0,0x0,-1,1437228514.133,1437228514.143,1437228514.147,class not recoverable,REM_ACCESS,1,1,0/0/0,9,120,1,1,1,9,120,1099511627776,120,121,120:cancelled:0:sig=1099511627776/121,1,,,+0x2124a00,+0x2164a00,+0x21a4a00,-0x0,+0x0,+0x0/0,56623104,,1,19.3,0,1,27.4,0,first barrier returned,first barrier returned,,,0,122
F1F2b_timeout_ft1_rec1_kbase_f1f2b_t2,F1F2b,timeout,2,1,1,,,,,,,,,,1,nvft2_drv,0b5593a88916,e0d6fd1bd841,2eeda7780487,9,9,0,0,2026-09-25,knobs,1,in-loop,0,"0(off,",51,LOCAL_QP_ERR,5/0xf5,0x05,0xd,117,3,1,0,0,0x0,0,0x0,-1,1437231761.013,1437231761.073,1437231761.027,class not recoverable,REM_ACCESS,1,1,0/0/0,9,120,1,1,1,9,120,1099511627776,120,121,120:cancelled:0:sig=1099511627776/121,1,,,+0x2124a00,+0x2164a00,+0x21a4a00,-0x0,+0x0,+0x0/0,56623104,,1,19.3,0,1,26.2,0,first barrier returned,first barrier returned,,,0,122
F1F2b_timeout_ft1_rec1_kbase_f1f2b_t3,F1F2b,timeout,3,1,1,,,,,,,,,,1,nvft2_drv,0b5593a88916,e0d6fd1bd841,2eeda7780487,9,9,0,0,2026-09-25,knobs,1,in-loop,0,"0(off,",51,LOCAL_QP_ERR,5/0xf5,0x05,0xd,117,3,1,0,0,0x0,0,0x0,-1,1437235015.754,1437235015.851,1437235015.768,class not recoverable,REM_ACCESS,1,1,0/0/238,9,120,1,1,1,9,120,1099511627776,120,121,120:cancelled:0:sig=1099511627776/121,1,,,+0x2124a00,+0x2164a00,+0x21a4a00,-0x0,+0x0,+0x0/0,56623104,,1,19.3,0,1,27.6,0,first barrier returned,first barrier returned,,,0,122
F1F2b_timeout_ft1_rec1_kbase_f1f2b_t4,F1F2b,timeout,4,1,1,,,,,,,,,,1,nvft2_drv,0b5593a88916,e0d6fd1bd841,2eeda7780487,9,9,0,0,2026-09-25,knobs,1,in-loop,0,"0(off,",51,LOCAL_QP_ERR,5/0xf5,0x05,0xd,117,3,1,0,0,0x0,0,0x0,-1,1437238238.681,1437238238.754,1437238238.695,class not recoverable,REM_ACCESS,1,1,0/0/238,9,120,1,1,1,9,120,1099511627776,120,121,120:cancelled:0:sig=1099511627776/121,1,,,+0x2124a00,+0x2164a00,+0x21a4a00,-0x0,+0x0,+0x0/0,56623104,,1,19.1,0,1,25.9,0,first barrier returned,first barrier returned,,,0,122
F1F2b_timeout_ft1_rec1_kbase_f1f2b_t5,F1F2b,timeout,5,1,1,,,,,,,,,,1,nvft2_drv,0b5593a88916,e0d6fd1bd841,2eeda7780487,9,9,0,0,2026-09-25,knobs,1,in-loop,0,"0(off,",51,LOCAL_QP_ERR,5/0xf5,0x05,0xd,117,3,1,0,0,0x0,0,0x0,-1,1437241466.375,1437241466.424,1437241466.390,class not recoverable,REM_ACCESS,1,1,0/0/0,9,120,1,1,1,9,120,1099511627776,120,121,120:cancelled:0:sig=1099511627776/121,1,,,+0x2124a00,+0x2164a00,+0x21a4a00,-0x0,+0x0,+0x0/0,56623104,,1,19.7,0,1,26.1,0,first barrier returned,first barrier returned,,,0,122
F1_timeout_ft1_rec1_k_cqfill_t1,F1,timeout,1,1,1,,,,cqfill,,,,,,1,nvft2_drv,0b5593a88916,e0d6fd1bd841,2eeda7780487,9,9,0,0,2026-09-25,knobs,1,in-loop,0,"0(off,",51,LOCAL_QP_ERR,5/0xf5,0x05,0xd,117,3,1,0,0,0x0,0,0x0,-1,1437150820.985,1437150821.075,1437150820.999,class not recoverable,FLUSH_TRAILING,1,1,0/0/0,9,51,1,0,1,9,51,1099511627776,51,52,,0,,,+0x2124a00,+0x2164a00,+0x21a4a00,-0x0,+0x0,+0x0/0,56623104,,1,19.5,0,1,25.3,0,first barrier returned,first barrier returned,,,0,53
F1_timeout_ft1_rec1_k_cqfill_t2,F1,timeout,2,1,1,,,,cqfill,,,,,,1,nvft2_drv,0b5593a88916,e0d6fd1bd841,2eeda7780487,9,9,0,0,2026-09-25,knobs,1,in-loop,0,"0(off,",51,LOCAL_QP_ERR,5/0xf5,0x05,0xd,117,3,1,0,0,0x0,0,0x0,-1,1437153013.993,1437153014.042,1437153014.006,class not recoverable,FLUSH_TRAILING,1,1,0/0/0,9,51,1,0,1,9,51,1099511627776,51,52,,0,,,+0x2124a00,+0x2164a00,+0x21a4a00,-0x0,+0x0,+0x0/0,56623104,,1,19.6,0,1,25.4,0,first barrier returned,first barrier returned,,,0,53
F1_timeout_ft1_rec1_k_cqfill_t3,F1,timeout,3,1,1,,,,cqfill,,,,,,1,nvft2_drv,0b5593a88916,e0d6fd1bd841,2eeda7780487,9,9,0,0,2026-09-25,knobs,1,in-loop,0,"0(off,",51,LOCAL_QP_ERR,5/0xf5,0x05,0xd,117,3,1,0,0,0x0,0,0x0,-1,1437155218.242,1437155218.322,1437155218.255,class not recoverable,FLUSH_TRAILING,1,1,0/0/0,9,51,1,0,1,9,51,1099511627776,51,52,,0,,,+0x2124a00,+0x2164a00,+0x21a4a00,-0x0,+0x0,+0x0/0,56623104,,1,19.4,0,1,25.4,0,first barrier returned,first barrier returned,,,0,53
F1_timeout_ft1_rec1_k_cqfill_t4,F1,timeout,4,1,1,,,,cqfill,,,,,,1,nvft2_drv,0b5593a88916,e0d6fd1bd841,2eeda7780487,9,9,0,0,2026-09-25,knobs,1,in-loop,0,"0(off,",51,LOCAL_QP_ERR,5/0xf5,0x05,0xd,117,3,1,0,0,0x0,0,0x0,-1,1437157389.922,1437157390.016,1437157389.936,class not recoverable,FLUSH_TRAILING,1,1,0/0/0,9,51,1,0,1,9,51,1099511627776,51,52,,0,,,+0x2124a00,+0x2164a00,+0x21a4a00,-0x0,+0x0,+0x0/0,56623104,,1,19.5,0,1,25.3,0,first barrier returned,first barrier returned,,,0,53
F1_timeout_ft1_rec1_k_cqfill_t5,F1,timeout,5,1,1,,,,cqfill,,,,,,1,nvft2_drv,0b5593a88916,e0d6fd1bd841,2eeda7780487,9,9,0,0,2026-09-25,knobs,1,in-loop,0,"0(off,",51,LOCAL_QP_ERR,5/0xf5,0x05,0xd,117,3,1,0,0,0x0,0,0x0,-1,1437159607.312,1437159607.343,1437159607.326,class not recoverable,FLUSH_TRAILING,1,1,0/0/238,9,51,1,0,1,9,51,1099511627776,51,52,,0,,,+0x2124a00,+0x2164a00,+0x21a4a00,-0x0,+0x0,+0x0/0,56623104,,1,19.4,0,1,25.4,0,first barrier returned,first barrier returned,,,0,53
F1_timeout_ft1_rec1_k_dbr_t1,F1,timeout,1,1,1,,,,dbr,,,,,,1,nvft2_drv,0b5593a88916,e0d6fd1bd841,2eeda7780487,0,0,0,0,2026-09-25,knobs,1,in-loop,0,"0(off,",51,LOCAL_QP_ERR,5/0xf5,0x05,0xd,117,3,1,0,0,0x0,0,0x0,-1,1437161801.033,1437161801.076,1437161801.048,,,1,1,0/0/0,0,200,1,1,0,0,200,200,200,200,,0,,,+0x2124a00,+0x2164a00,+0x21a4a00,-0x0,+0x0,+0x0/0,56623104,,1,20.1,0,1,26.4,0,first barrier returned,first barrier returned,,,0,201
F1_timeout_ft1_rec1_k_dbr_t2,F1,timeout,2,1,1,,,,dbr,,,,,,1,nvft2_drv,0b5593a88916,e0d6fd1bd841,2eeda7780487,0,0,0,0,2026-09-25,knobs,1,in-loop,0,"0(off,",51,LOCAL_QP_ERR,5/0xf5,0x05,0xd,117,3,1,0,0,0x0,0,0x0,-1,1437166286.986,1437166287.014,1437166287.000,,,1,1,0/0/0,0,200,1,1,0,0,200,200,200,200,,0,,,+0x2124a00,+0x2164a00,+0x21a4a00,-0x0,+0x0,+0x0/0,56623104,,1,20.2,0,1,26.6,0,first barrier returned,first barrier returned,,,0,201
F1_timeout_ft1_rec1_k_dbr_t3,F1,timeout,3,1,1,,,,dbr,,,,,,1,nvft2_drv,0b5593a88916,e0d6fd1bd841,2eeda7780487,0,0,0,0,2026-09-25,knobs,1,in-loop,0,"0(off,",51,LOCAL_QP_ERR,5/0xf5,0x05,0xd,117,3,1,0,0,0x0,0,0x0,-1,1437170722.880,1437170722.908,1437170722.893,,,1,1,0/0/0,0,200,1,1,0,0,200,200,200,200,,0,,,+0x2124a00,+0x2164a00,+0x21a4a00,-0x0,+0x0,+0x0/0,56623104,,1,20.1,0,1,26.5,0,first barrier returned,first barrier returned,,,0,201
F1_timeout_ft1_rec1_k_dbr_t4,F1,timeout,4,1,1,,,,dbr,,,,,,1,nvft2_drv,0b5593a88916,e0d6fd1bd841,2eeda7780487,0,0,0,0,2026-09-25,knobs,1,in-loop,0,"0(off,",51,LOCAL_QP_ERR,5/0xf5,0x05,0xd,117,3,1,0,0,0x0,0,0x0,-1,1437175185.868,1437175185.941,1437175185.882,,,1,1,0/0/0,0,200,1,1,0,0,200,200,200,200,,0,,,+0x2124a00,+0x2164a00,+0x21a4a00,-0x0,+0x0,+0x0/0,56623104,,1,20.3,0,1,27.4,0,first barrier returned,first barrier returned,,,0,201
F1_timeout_ft1_rec1_k_dbr_t5,F1,timeout,5,1,1,,,,dbr,,,,,,1,nvft2_drv,0b5593a88916,e0d6fd1bd841,2eeda7780487,0,0,0,0,2026-09-25,knobs,1,in-loop,0,"0(off,",51,LOCAL_QP_ERR,5/0xf5,0x05,0xd,117,3,1,0,0,0x0,0,0x0,-1,1437179649.990,1437179650.017,1437179650.004,,,1,1,0/0/0,0,200,1,1,0,0,200,200,200,200,,0,,,+0x2124a00,+0x2164a00,+0x21a4a00,-0x0,+0x0,+0x0/0,56623104,,1,20.3,0,1,26.9,0,first barrier returned,first barrier returned,,,0,201
F1_timeout_ft1_rec1_k_dci_t1,F1,timeout,1,1,1,,,,dci,,,,,,1,nvft2_drv,0b5593a88916,e0d6fd1bd841,2eeda7780487,0,0,0,0,2026-09-25,knobs,1,in-loop,0,"0(off,",51,LOCAL_QP_ERR,5/0xf5,0x05,0xd,117,3,1,0,0,0x0,0,0x0,-1,1437184082.464,1437184082.526,1437184082.479,,,1,1,0/0/0,0,200,1,1,0,0,200,200,200,200,,0,,,+0x2124a00,+0x2164a00,+0x21a4a00,-0x0,+0x0,+0x0/0,56623104,,1,20.0,0,1,27.1,0,first barrier returned,first barrier returned,,,0,201
F1_timeout_ft1_rec1_k_dci_t2,F1,timeout,2,1,1,,,,dci,,,,,,1,nvft2_drv,0b5593a88916,e0d6fd1bd841,2eeda7780487,0,0,0,0,2026-09-25,knobs,1,in-loop,0,"0(off,",51,LOCAL_QP_ERR,5/0xf5,0x05,0xd,117,3,1,0,0,0x0,0,0x0,-1,1437188515.153,1437188515.219,1437188515.167,,,1,1,0/0/238,0,200,1,1,0,0,200,200,200,200,,0,,,+0x2124a00,+0x2164a00,+0x21a4a00,-0x0,+0x0,+0x0/0,56623104,,1,19.9,0,1,26.8,0,first barrier returned,first barrier returned,,,0,201
F1_timeout_ft1_rec1_k_dci_t3,F1,timeout,3,1,1,,,,dci,,,,,,1,nvft2_drv,0b5593a88916,e0d6fd1bd841,2eeda7780487,0,0,0,0,2026-09-25,knobs,1,in-loop,0,"0(off,",51,LOCAL_QP_ERR,5/0xf5,0x05,0xd,117,3,1,0,0,0x0,0,0x0,-1,1437192999.196,1437192999.215,1437192999.210,,,1,1,0/0/0,0,200,1,1,0,0,200,200,200,200,,0,,,+0x2124a00,+0x2164a00,+0x21a4a00,-0x0,+0x0,+0x0/0,56623104,,1,20.2,0,1,26.6,0,first barrier returned,first barrier returned,,,0,201
F1_timeout_ft1_rec1_k_dci_t4,F1,timeout,4,1,1,,,,dci,,,,,,1,nvft2_drv,0b5593a88916,e0d6fd1bd841,2eeda7780487,0,0,0,0,2026-09-25,knobs,1,in-loop,0,"0(off,",51,LOCAL_QP_ERR,5/0xf5,0x05,0xd,117,3,1,0,0,0x0,0,0x0,-1,1437197449.977,1437197449.992,1437197449.990,,,1,1,0/0/0,0,200,1,1,0,0,200,200,200,200,,0,,,+0x2124a00,+0x2164a00,+0x21a4a00,-0x0,+0x0,+0x0/0,56623104,,1,20.1,0,1,26.6,0,first barrier returned,first barrier returned,,,0,201
F1_timeout_ft1_rec1_k_dci_t5,F1,timeout,5,1,1,,,,dci,,,,,,1,nvft2_drv,0b5593a88916,e0d6fd1bd841,2eeda7780487,0,0,0,0,2026-09-25,knobs,1,in-loop,0,"0(off,",51,LOCAL_QP_ERR,5/0xf5,0x05,0xd,117,3,1,0,0,0x0,0,0x0,-1,1437201913.422,1437201913.489,1437201913.436,,,1,1,0/0/0,0,200,1,1,0,0,200,200,200,200,,0,,,+0x2124a00,+0x2164a00,+0x21a4a00,-0x0,+0x0,+0x0/0,56623104,,1,19.9,0,1,26.5,0,first barrier returned,first barrier returned,,,0,201
F1_timeout_ft1_rec1_k_ibuf_t1,F1,timeout,1,1,1,,,,ibuf,,,,,,1,nvft2_drv,0b5593a88916,e0d6fd1bd841,2eeda7780487,0,0,0,0,2026-09-25,knobs,1,in-loop,0,"0(off,",51,LOCAL_QP_ERR,5/0xf5,0x05,0xd,117,3,1,0,0,0x0,0,0x0,-1,1437116442.216,1437116442.246,1437116442.230,,,1,1,0/0/0,0,200,1,1,0,0,200,200,200,200,,0,,,+0x2124a00,+0x2164a00,+0x21a4a00,-0x0,+0x0,+0x0/0,56623104,,1,20.3,0,1,26.0,0,first barrier returned,first barrier returned,,,0,201
F1_timeout_ft1_rec1_k_ibuf_t2,F1,timeout,2,1,1,,,,ibuf,,,,,,1,nvft2_drv,0b5593a88916,e0d6fd1bd841,2eeda7780487,0,0,0,0,2026-09-25,knobs,1,in-loop,0,"0(off,",51,LOCAL_QP_ERR,5/0xf5,0x05,0xd,117,3,1,0,0,0x0,0,0x0,-1,1437120924.922,1437120924.997,1437120924.936,,,1,1,0/0/0,0,200,1,1,0,0,200,200,200,200,,0,,,+0x2124a00,+0x2164a00,+0x21a4a00,-0x0,+0x0,+0x0/0,56623104,,1,20.3,0,1,26.0,0,first barrier returned,first barrier returned,,,0,201
F1_timeout_ft1_rec1_k_ibuf_t3,F1,timeout,3,1,1,,,,ibuf,,,,,,1,nvft2_drv,0b5593a88916,e0d6fd1bd841,2eeda7780487,0,0,0,0,2026-09-25,knobs,1,in-loop,0,"0(off,",51,LOCAL_QP_ERR,5/0xf5,0x05,0xd,117,3,1,0,0,0x0,0,0x0,-1,1437125381.775,1437125381.840,1437125381.789,,,1,1,0/0/0,0,200,1,1,0,0,200,200,200,200,,0,,,+0x2124a00,+0x2164a00,+0x21a4a00,-0x0,+0x0,+0x0/0,56623104,,1,20.8,0,1,25.9,0,first barrier returned,first barrier returned,,,0,201
F1_timeout_ft1_rec1_k_ibuf_t4,F1,timeout,4,1,1,,,,ibuf,,,,,,1,nvft2_drv,0b5593a88916,e0d6fd1bd841,2eeda7780487,0,0,0,0,2026-09-25,knobs,1,in-loop,0,"0(off,",51,LOCAL_QP_ERR,5/0xf5,0x05,0xd,117,3,1,0,0,0x0,0,0x0,-1,1437129809.850,1437129809.890,1437129809.864,,,1,1,0/0/0,0,200,1,1,0,0,200,200,200,200,,0,,,+0x2124a00,+0x2164a00,+0x21a4a00,-0x0,+0x0,+0x0/0,56623104,,1,20.0,0,1,26.1,0,first barrier returned,first barrier returned,,,0,201
F1_timeout_ft1_rec1_k_ibuf_t5,F1,timeout,5,1,1,,,,ibuf,,,,,,1,nvft2_drv,0b5593a88916,e0d6fd1bd841,2eeda7780487,0,0,0,0,2026-09-25,knobs,1,in-loop,0,"0(off,",51,LOCAL_QP_ERR,5/0xf5,0x05,0xd,117,3,1,0,0,0x0,0,0x0,-1,1437134280.594,1437134280.670,1437134280.609,,,1,1,0/0/0,0,200,1,1,0,0,200,200,200,200,,0,,,+0x2124a00,+0x2164a00,+0x21a4a00,-0x0,+0x0,+0x0/0,56623104,,1,20.2,0,1,26.4,0,first barrier returned,first barrier returned,,,0,201
F1_timeout_ft1_rec1_k_idx_t1,F1,timeout,1,1,1,,,,idx,,,,,,1,nvft2_drv,0b5593a88916,e0d6fd1bd841,2eeda7780487,5,5,0,0,2026-09-25,knobs,1,in-loop,0,"0(off,",51,LOCAL_QP_ERR,5/0xf5,0x05,0xd,117,3,1,0,0,0x0,0,0x0,-1,1437082410.081,1437082410.135,1437082410.095,,,1,1,0/0/0,5,52,1,1,0,5,52,104,52,53,52:mismatch:262144:sig=70/53,1,,,+0x2124a00,+0x2164a00,+0x21a4a00,-0x0,+0x0,+0x0/0,56623104,,1,20.1,0,1,25.0,0,first barrier returned,first barrier returned,,,0,54
F1_timeout_ft1_rec1_k_idx_t2,F1,timeout,2,1,1,,,,idx,,,,,,1,nvft2_drv,0b5593a88916,e0d6fd1bd841,2eeda7780487,5,5,0,0,2026-09-25,knobs,1,in-loop,0,"0(off,",51,LOCAL_QP_ERR,5/0xf5,0x05,0xd,117,3,1,0,0,0x0,0,0x0,-1,1437084682.289,1437084682.380,1437084682.303,,,1,1,0/0/0,5,52,1,1,0,5,52,104,52,53,52:mismatch:262144:sig=68/53,1,,,+0x2124a00,+0x2164a00,+0x21a4a00,-0x0,+0x0,+0x0/0,56623104,,1,20.1,0,1,25.1,0,first barrier returned,first barrier returned,,,0,54
F1_timeout_ft1_rec1_k_idx_t3,F1,timeout,3,1,1,,,,idx,,,,,,1,nvft2_drv,0b5593a88916,e0d6fd1bd841,2eeda7780487,5,5,0,0,2026-09-25,knobs,1,in-loop,0,"0(off,",51,LOCAL_QP_ERR,5/0xf5,0x05,0xd,117,3,1,0,0,0x0,0,0x0,-1,1437086976.076,1437086976.090,1437086976.091,,,1,1,0/0/238,5,52,1,1,0,5,52,104,52,53,52:mismatch:262144:sig=66/53,1,,,+0x2124a00,+0x2164a00,+0x21a4a00,-0x0,+0x0,+0x0/0,56623104,,1,20.6,0,1,24.9,0,first barrier returned,first barrier returned,,,0,54
F1_timeout_ft1_rec1_k_idx_t4,F1,timeout,4,1,1,,,,idx,,,,,,1,nvft2_drv,0b5593a88916,e0d6fd1bd841,2eeda7780487,5,5,0,0,2026-09-25,knobs,1,in-loop,0,"0(off,",51,LOCAL_QP_ERR,5/0xf5,0x05,0xd,117,3,1,0,0,0x0,0,0x0,-1,1437089256.439,1437089256.522,1437089256.455,,,1,1,0/0/0,5,52,1,1,0,5,52,104,52,53,52:mismatch:262144:sig=68/53,1,,,+0x2124a00,+0x2164a00,+0x21a4a00,-0x0,+0x0,+0x0/0,56623104,,1,21.3,0,1,24.8,0,first barrier returned,first barrier returned,,,0,54
F1_timeout_ft1_rec1_k_idx_t5,F1,timeout,5,1,1,,,,idx,,,,,,1,nvft2_drv,0b5593a88916,e0d6fd1bd841,2eeda7780487,5,5,0,0,2026-09-25,knobs,1,in-loop,0,"0(off,",51,LOCAL_QP_ERR,5/0xf5,0x05,0xd,117,3,1,0,0,0x0,0,0x0,-1,1437091536.958,1437091536.985,1437091536.974,,,1,1,0/0/0,5,52,1,1,0,5,52,104,52,53,52:mismatch:262144:sig=69/53,1,,,+0x2124a00,+0x2164a00,+0x21a4a00,-0x0,+0x0,+0x0/0,56623104,,1,20.7,0,1,25.0,0,first barrier returned,first barrier returned,,,0,54
F1_timeout_ft1_rec1_k_lock_t1,F1,timeout,1,1,1,,,,lock,,,,,,1,nvft2_drv,0b5593a88916,e0d6fd1bd841,2eeda7780487,0,0,0,0,2026-09-25,knobs,1,in-loop,0,"0(off,",51,LOCAL_QP_ERR,5/0xf5,0x05,0xd,117,3,1,0,0,0x0,0,0x0,-1,1437093853.416,1437093853.448,1437093853.431,,,1,1,0/0/0,0,200,1,1,0,0,200,200,200,200,,0,,,+0x2124a00,+0x2164a00,+0x21a4a00,-0x0,+0x0,+0x0/0,56623104,,1,22.1,0,1,26.0,0,first barrier returned,first barrier returned,,,0,201
F1_timeout_ft1_rec1_k_lock_t2,F1,timeout,2,1,1,,,,lock,,,,,,1,nvft2_drv,0b5593a88916,e0d6fd1bd841,2eeda7780487,0,0,0,0,2026-09-25,knobs,1,in-loop,0,"0(off,",51,LOCAL_QP_ERR,5/0xf5,0x05,0xd,117,3,1,0,0,0x0,0,0x0,-1,1437098444.505,1437098444.528,1437098444.522,,,1,1,0/0/0,0,200,1,1,0,0,200,200,200,200,,0,,,+0x2124a00,+0x2164a00,+0x21a4a00,-0x0,+0x0,+0x0/0,56623104,,1,22.3,0,1,26.1,0,first barrier returned,first barrier returned,,,0,201
F1_timeout_ft1_rec1_k_lock_t3,F1,timeout,3,1,1,,,,lock,,,,,,1,nvft2_drv,0b5593a88916,e0d6fd1bd841,2eeda7780487,0,0,0,0,2026-09-25,knobs,1,in-loop,0,"0(off,",51,LOCAL_QP_ERR,5/0xf5,0x05,0xd,117,3,1,0,0,0x0,0,0x0,-1,1437102938.708,1437102938.780,1437102938.723,,,1,1,0/0/238,0,200,1,1,0,0,200,200,200,200,,0,,,+0x2124a00,+0x2164a00,+0x21a4a00,-0x0,+0x0,+0x0/0,56623104,,1,21.8,0,1,26.4,0,first barrier returned,first barrier returned,,,0,201
F1_timeout_ft1_rec1_k_lock_t4,F1,timeout,4,1,1,,,,lock,,,,,,1,nvft2_drv,0b5593a88916,e0d6fd1bd841,2eeda7780487,0,0,0,0,2026-09-25,knobs,1,in-loop,0,"0(off,",51,LOCAL_QP_ERR,5/0xf5,0x05,0xd,117,3,1,0,0,0x0,0,0x0,-1,1437107483.506,1437107483.533,1437107483.521,,,1,1,0/0/0,0,200,1,1,0,0,200,200,200,200,,0,,,+0x2124a00,+0x2164a00,+0x21a4a00,-0x0,+0x0,+0x0/0,56623104,,1,20.7,0,1,26.2,0,first barrier returned,first barrier returned,,,0,201
F1_timeout_ft1_rec1_k_lock_t5,F1,timeout,5,1,1,,,,lock,,,,,,1,nvft2_drv,0b5593a88916,e0d6fd1bd841,2eeda7780487,0,0,0,0,2026-09-25,knobs,1,in-loop,0,"0(off,",51,LOCAL_QP_ERR,5/0xf5,0x05,0xd,117,3,1,0,0,0x0,0,0x0,-1,1437111976.198,1437111976.286,1437111976.212,,,1,1,0/0/0,0,200,1,1,0,0,200,200,200,200,,0,,,+0x2124a00,+0x2164a00,+0x21a4a00,-0x0,+0x0,+0x0/0,56623104,,1,20.4,0,1,26.0,0,first barrier returned,first barrier returned,,,0,201
F1_timeout_ft1_rec1_k_psn_t1,F1,timeout,1,1,1,,,,psn,,,,,,1,nvft2_drv,0b5593a88916,e0d6fd1bd841,2eeda7780487,0,0,0,0,2026-09-25,knobs,1,in-loop,0,"0(off,",51,LOCAL_QP_ERR,5/0xf5,0x05,0xd,117,3,1,0,0,0x0,0,0x0,-1,1437206361.609,1437206361.710,1437206361.624,,,1,1,0/0/0,0,200,1,1,0,0,200,200,200,200,,0,,,+0x2124a00,+0x2164a00,+0x21a4a00,-0x0,+0x0,+0x0/0,56623104,,1,20.0,0,1,26.7,0,first barrier returned,first barrier returned,,,0,201
F1_timeout_ft1_rec1_k_psn_t2,F1,timeout,2,1,1,,,,psn,,,,,,1,nvft2_drv,0b5593a88916,e0d6fd1bd841,2eeda7780487,0,0,0,0,2026-09-25,knobs,1,in-loop,0,"0(off,",51,LOCAL_QP_ERR,5/0xf5,0x05,0xd,117,3,1,0,0,0x0,0,0x0,-1,1437210813.824,1437210813.887,1437210813.838,,,1,1,0/0/0,0,200,1,1,0,0,200,200,200,200,,0,,,+0x2124a00,+0x2164a00,+0x21a4a00,-0x0,+0x0,+0x0/0,56623104,,1,20.0,0,1,26.6,0,first barrier returned,first barrier returned,,,0,201
F1_timeout_ft1_rec1_k_psn_t3,F1,timeout,3,1,1,,,,psn,,,,,,1,nvft2_drv,0b5593a88916,e0d6fd1bd841,2eeda7780487,0,0,0,0,2026-09-25,knobs,1,in-loop,0,"0(off,",51,LOCAL_QP_ERR,5/0xf5,0x05,0xd,117,3,1,0,0,0x0,0,0x0,-1,1437215258.622,1437215258.653,1437215258.636,,,1,1,0/0/0,0,200,1,1,0,0,200,200,200,200,,0,,,+0x2124a00,+0x2164a00,+0x21a4a00,-0x0,+0x0,+0x0/0,56623104,,1,20.1,0,1,27.1,0,first barrier returned,first barrier returned,,,0,201
F1_timeout_ft1_rec1_k_psn_t4,F1,timeout,4,1,1,,,,psn,,,,,,1,nvft2_drv,0b5593a88916,e0d6fd1bd841,2eeda7780487,0,0,0,0,2026-09-25,knobs,1,in-loop,0,"0(off,",51,LOCAL_QP_ERR,5/0xf5,0x05,0xd,117,3,1,0,0,0x0,0,0x0,-1,1437219668.881,1437219668.975,1437219668.895,,,1,1,0/0/238,0,200,1,1,0,0,200,200,200,200,,0,,,+0x2124a00,+0x2164a00,+0x21a4a00,-0x0,+0x0,+0x0/0,56623104,,1,20.1,0,1,28.4,0,first barrier returned,first barrier returned,,,0,201
F1_timeout_ft1_rec1_k_psn_t5,F1,timeout,5,1,1,,,,psn,,,,,,1,nvft2_drv,0b5593a88916,e0d6fd1bd841,2eeda7780487,0,0,0,0,2026-09-25,knobs,1,in-loop,0,"0(off,",51,LOCAL_QP_ERR,5/0xf5,0x05,0xd,117,3,1,0,0,0x0,0,0x0,-1,1437224085.263,1437224085.330,1437224085.277,,,1,1,0/0/238,0,200,1,1,0,0,200,200,200,200,,0,,,+0x2124a00,+0x2164a00,+0x21a4a00,-0x0,+0x0,+0x0/0,56623104,,1,20.0,0,1,28.2,0,first barrier returned,first barrier returned,,,0,201
F1_timeout_ft1_rec1_k_sticky_t1,F1,timeout,1,1,1,,,,sticky,,,,,,1,nvft2_drv,0b5593a88916,e0d6fd1bd841,2eeda7780487,9,9,0,0,2026-09-25,knobs,1,in-loop,0,"0(off,",51,LOCAL_QP_ERR,5/0xf5,0x05,0xd,117,3,1,0,0,0x0,0,0x0,-1,1437138771.090,1437138771.164,1437138771.104,no FT record,NONE,1,1,0/0/0,9,51,1,0,1,9,52,1099511627776,52,53,52:cancelled:0:sig=1099511627776/53,1,,,+0x2124a00,+0x2164a00,+0x21a4a00,-0x0,+0x0,+0x0/0,56623104,,1,19.5,0,1,25.1,0,first barrier returned,first barrier returned,,,0,53
F1_timeout_ft1_rec1_k_sticky_t2,F1,timeout,2,1,1,,,,sticky,,,,,,1,nvft2_drv,0b5593a88916,e0d6fd1bd841,2eeda7780487,9,9,0,0,2026-09-25,knobs,1,in-loop,0,"0(off,",51,LOCAL_QP_ERR,5/0xf5,0x05,0xd,117,3,1,0,0,0x0,0,0x0,-1,1437141149.643,1437141149.713,1437141149.656,no FT record,NONE,1,1,0/0/0,9,51,1,0,1,9,52,1099511627776,52,53,52:cancelled:0:sig=1099511627776/53,1,,,+0x2124a00,+0x2164a00,+0x21a4a00,-0x0,+0x0,+0x0/0,56623104,,1,19.7,0,1,25.6,0,first barrier returned,first barrier returned,,,0,53
F1_timeout_ft1_rec1_k_sticky_t3,F1,timeout,3,1,1,,,,sticky,,,,,,1,nvft2_drv,0b5593a88916,e0d6fd1bd841,2eeda7780487,9,9,0,0,2026-09-25,knobs,1,in-loop,0,"0(off,",48,LOCAL_QP_ERR,5/0xf5,0x05,0xd,111,3,1,0,0,0x0,0,0x0,-1,1437143571.443,1437143571.469,1437143571.456,no FT record,NONE,1,1,0/0/0,9,48,1,0,1,9,49,1099511627776,49,50,49:cancelled:0:sig=1099511627776/50,1,,,+0x2124a00,+0x2164a00,+0x21a4a00,-0x0,+0x0,+0x0/0,56623104,,1,19.5,0,1,25.6,0,first barrier returned,first barrier returned,,,0,50
F1_timeout_ft1_rec1_k_sticky_t4,F1,timeout,4,1,1,,,,sticky,,,,,,1,nvft2_drv,0b5593a88916,e0d6fd1bd841,2eeda7780487,9,9,0,0,2026-09-25,knobs,1,in-loop,0,"0(off,",51,LOCAL_QP_ERR,5/0xf5,0x05,0xd,117,3,1,0,0,0x0,0,0x0,-1,1437145997.375,1437145997.436,1437145997.389,no FT record,NONE,1,1,0/0/0,9,51,1,0,1,9,52,1099511627776,52,53,52:cancelled:0:sig=1099511627776/53,1,,,+0x2124a00,+0x2164a00,+0x21a4a00,-0x0,+0x0,+0x0/0,56623104,,1,19.8,0,1,25.7,0,first barrier returned,first barrier returned,,,0,53
F1_timeout_ft1_rec1_k_sticky_t5,F1,timeout,5,1,1,,,,sticky,,,,,,1,nvft2_drv,0b5593a88916,e0d6fd1bd841,2eeda7780487,9,9,0,0,2026-09-25,knobs,1,in-loop,0,"0(off,",51,LOCAL_QP_ERR,5/0xf5,0x05,0xd,117,3,1,0,0,0x0,0,0x0,-1,1437148422.083,1437148422.143,1437148422.098,no FT record,NONE,1,1,0/0/0,9,51,1,0,1,9,52,1099511627776,52,53,52:cancelled:0:sig=1099511627776/53,1,,,+0x2124a00,+0x2164a00,+0x21a4a00,-0x0,+0x0,+0x0/0,56623104,,1,19.7,0,1,25.5,0,first barrier returned,first barrier returned,,,0,53
F1_timeout_ft1_rec1_kbase_t1,F1,timeout,1,1,1,,,,,,,,,,1,nvft2_drv,0b5593a88916,e0d6fd1bd841,2eeda7780487,0,0,0,0,2026-09-25,knobs,1,in-loop,0,"0(off,",51,LOCAL_QP_ERR,5/0xf5,0x05,0xd,117,3,1,0,0,0x0,0,0x0,-1,1437060004.499,1437060004.563,1437060004.512,,,1,1,0/0/0,0,200,1,1,0,0,200,200,200,200,,0,,,+0x2124a00,+0x2164a00,+0x21a4a00,-0x0,+0x0,+0x0/0,56623104,,1,21.1,0,1,26.4,0,first barrier returned,first barrier returned,,,0,201
F1_timeout_ft1_rec1_kbase_t2,F1,timeout,2,1,1,,,,,,,,,,1,nvft2_drv,0b5593a88916,e0d6fd1bd841,2eeda7780487,0,0,0,0,2026-09-25,knobs,1,in-loop,0,"0(off,",51,LOCAL_QP_ERR,5/0xf5,0x05,0xd,117,3,1,0,0,0x0,0,0x0,-1,1437064451.100,1437064451.116,1437064451.113,,,1,1,0/0/0,0,200,1,1,0,0,200,200,200,200,,0,,,+0x2124a00,+0x2164a00,+0x21a4a00,-0x0,+0x0,+0x0/0,56623104,,1,20.5,0,1,26.6,0,first barrier returned,first barrier returned,,,0,201
F1_timeout_ft1_rec1_kbase_t3,F1,timeout,3,1,1,,,,,,,,,,1,nvft2_drv,0b5593a88916,e0d6fd1bd841,2eeda7780487,0,0,0,0,2026-09-25,knobs,1,in-loop,0,"0(off,",51,LOCAL_QP_ERR,5/0xf5,0x05,0xd,117,3,1,0,0,0x0,0,0x0,-1,1437068865.146,1437068865.177,1437068865.160,,,1,1,0/0/0,0,200,1,1,0,0,200,200,200,200,,0,,,+0x2124a00,+0x2164a00,+0x21a4a00,-0x0,+0x0,+0x0/0,56623104,,1,21.1,0,1,26.3,0,first barrier returned,first barrier returned,,,0,201
F1_timeout_ft1_rec1_kbase_t4,F1,timeout,4,1,1,,,,,,,,,,1,nvft2_drv,0b5593a88916,e0d6fd1bd841,2eeda7780487,0,0,0,0,2026-09-25,knobs,1,in-loop,0,"0(off,",51,LOCAL_QP_ERR,5/0xf5,0x05,0xd,117,3,1,0,0,0x0,0,0x0,-1,1437073383.860,1437073383.959,1437073383.875,,,1,1,0/0/0,0,200,1,1,0,0,200,200,200,200,,0,,,+0x2124a00,+0x2164a00,+0x21a4a00,-0x0,+0x0,+0x0/0,56623104,,1,23.3,0,1,26.5,0,first barrier returned,first barrier returned,,,0,201
F1_timeout_ft1_rec1_kbase_t5,F1,timeout,5,1,1,,,,,,,,,,1,nvft2_drv,0b5593a88916,e0d6fd1bd841,2eeda7780487,0,0,0,0,2026-09-25,knobs,1,in-loop,0,"0(off,",51,LOCAL_QP_ERR,5/0xf5,0x05,0xd,117,3,1,0,0,0x0,0,0x0,-1,1437077904.504,1437077904.529,1437077904.520,,,1,1,0/0/0,0,200,1,1,0,0,200,200,200,200,,0,,,+0x2124a00,+0x2164a00,+0x21a4a00,-0x0,+0x0,+0x0/0,56623104,,1,21.2,0,1,26.3,0,first barrier returned,first barrier returned,,,0,201
F1_timeout_ft1_rec1_kr_cqfill_t1,F1,timeout,1,1,1,1,,,cqfill,,,,,,1,nvft2_drv,0b5593a88916,e0d6fd1bd841,2eeda7780487,0,0,0,0,2026-09-25,knobs,1,ring-walk,1,"0(off,",51,LOCAL_QP_ERR,5/0xf5,0x05,0xd,117,3,1,56,0,0x0,0,0x0,-1,1437528153.962,1437528153.994,1437528153.978,,,1,1,56/2/58,0,200,1,1,0,0,200,200,200,200,,0,,,+0x2124a00,+0x2164a00,+0x21a4a00,-0x0,+0x0,+0x0/0,56623104,,1,22.1,0,1,27.0,0,first barrier returned,first barrier returned,,,0,201
F1_timeout_ft1_rec1_kr_cqfill_t2,F1,timeout,2,1,1,1,,,cqfill,,,,,,1,nvft2_drv,0b5593a88916,e0d6fd1bd841,2eeda7780487,0,0,0,0,2026-09-25,knobs,1,ring-walk,1,"0(off,",51,LOCAL_QP_ERR,5/0xf5,0x05,0xd,117,3,1,56,0,0x0,0,0x0,-1,1437532574.660,1437532574.731,1437532574.675,,,1,1,56/2/58,0,200,1,1,0,0,200,200,200,200,,0,,,+0x2124a00,+0x2164a00,+0x21a4a00,-0x0,+0x0,+0x0/0,56623104,,1,20.9,0,1,26.3,0,first barrier returned,first barrier returned,,,0,201
F1_timeout_ft1_rec1_kr_cqfill_t3,F1,timeout,3,1,1,1,,,cqfill,,,,,,1,nvft2_drv,0b5593a88916,e0d6fd1bd841,2eeda7780487,0,0,0,0,2026-09-25,knobs,1,ring-walk,1,"0(off,",51,LOCAL_QP_ERR,5/0xf5,0x05,0xd,117,3,1,56,0,0x0,0,0x0,-1,1437537034.849,1437537034.960,1437537034.864,,,1,1,56/2/58,0,200,1,1,0,0,200,200,200,200,,0,,,+0x2124a00,+0x2164a00,+0x21a4a00,-0x0,+0x0,+0x0/0,56623104,,1,20.8,0,1,26.0,0,first barrier returned,first barrier returned,,,0,201
F1_timeout_ft1_rec1_kr_cqfill_t4,F1,timeout,4,1,1,1,,,cqfill,,,,,,1,nvft2_drv,0b5593a88916,e0d6fd1bd841,2eeda7780487,0,0,0,0,2026-09-25,knobs,1,ring-walk,1,"0(off,",51,LOCAL_QP_ERR,5/0xf5,0x05,0xd,117,3,1,56,0,0x0,0,0x0,-1,1437541486.314,1437541486.398,1437541486.328,,,1,1,56/2/58,0,200,1,1,0,0,200,200,200,200,,0,,,+0x2124a00,+0x2164a00,+0x21a4a00,-0x0,+0x0,+0x0/0,56623104,,1,20.5,0,1,26.3,0,first barrier returned,first barrier returned,,,0,201
F1_timeout_ft1_rec1_kr_cqfill_t5,F1,timeout,5,1,1,1,,,cqfill,,,,,,1,nvft2_drv,0b5593a88916,e0d6fd1bd841,2eeda7780487,0,0,0,0,2026-09-25,knobs,1,ring-walk,1,"0(off,",51,LOCAL_QP_ERR,5/0xf5,0x05,0xd,117,3,1,56,0,0x0,0,0x0,-1,1437545936.943,1437545937.006,1437545936.958,,,1,1,56/2/58,0,200,1,1,0,0,200,200,200,200,,0,,,+0x2124a00,+0x2164a00,+0x21a4a00,-0x0,+0x0,+0x0/0,56623104,,1,20.3,0,1,26.4,0,first barrier returned,first barrier returned,,,0,201
F1_timeout_ft1_rec1_kr_ringci_t1,F1,timeout,1,1,1,1,,,ringci,,,,,,1,nvft2_drv,0b5593a88916,e0d6fd1bd841,2eeda7780487,9,9,0,0,2026-09-25,knobs,1,ring-walk,1,"0(off,",51,LOCAL_QP_ERR,5/0xf5,0x05,0xd,117,3,1,56,0,0x0,0,0x0,-1,1437550406.810,1437550406.835,1437550406.825,"device wait expired, no error record",NONE,1,1,56/2/58,9,51,1,0,1,9,52,1099511627776,52,53,52:cancelled:0:sig=1099511627776/53,1,,,+0x2124a00,+0x2164a00,+0x21a4a00,-0x0,+0x0,+0x0/0,56623104,,1,20.7,0,1,27.0,0,first barrier returned,first barrier returned,,,0,53
F1_timeout_ft1_rec1_kr_ringci_t2,F1,timeout,2,1,1,1,,,ringci,,,,,,1,nvft2_drv,0b5593a88916,e0d6fd1bd841,2eeda7780487,9,9,0,0,2026-09-25,knobs,1,ring-walk,1,"0(off,",51,LOCAL_QP_ERR,5/0xf5,0x05,0xd,117,3,1,56,0,0x0,0,0x0,-1,1437562408.924,1437562409.023,1437562408.939,"device wait expired, no error record",NONE,1,1,56/2/58,9,51,1,0,1,9,52,1099511627776,52,53,52:cancelled:0:sig=1099511627776/53,1,,,+0x2124a00,+0x2164a00,+0x21a4a00,-0x0,+0x0,+0x0/0,56623104,,1,21.5,0,1,27.6,0,first barrier returned,first barrier returned,,,0,53
F1_timeout_ft1_rec1_kr_ringci_t3,F1,timeout,3,1,1,1,,,ringci,,,,,,1,nvft2_drv,0b5593a88916,e0d6fd1bd841,2eeda7780487,9,9,0,0,2026-09-25,knobs,1,ring-walk,1,"0(off,",51,LOCAL_QP_ERR,5/0xf5,0x05,0xd,117,3,1,56,0,0x0,0,0x0,-1,1437574437.694,1437574437.736,1437574437.709,"device wait expired, no error record",NONE,1,1,56/2/58,9,51,1,0,1,9,52,1099511627776,52,53,52:cancelled:0:sig=1099511627776/53,1,,,+0x2124a00,+0x2164a00,+0x21a4a00,-0x0,+0x0,+0x0/0,56623104,,1,21.5,0,1,27.9,0,first barrier returned,first barrier returned,,,0,53
F1_timeout_ft1_rec1_kr_ringci_t4,F1,timeout,4,1,1,1,,,ringci,,,,,,1,nvft2_drv,0b5593a88916,e0d6fd1bd841,2eeda7780487,9,9,0,0,2026-09-25,knobs,1,ring-walk,1,"0(off,",51,LOCAL_QP_ERR,5/0xf5,0x05,0xd,117,3,1,56,0,0x0,0,0x0,-1,1437586429.148,1437586429.204,1437586429.164,"device wait expired, no error record",NONE,1,1,56/2/58,9,51,1,0,1,9,52,1099511627776,52,53,52:cancelled:0:sig=1099511627776/53,1,,,+0x2124a00,+0x2164a00,+0x21a4a00,-0x0,+0x0,+0x0/0,56623104,,1,21.7,0,1,27.5,0,first barrier returned,first barrier returned,,,0,53
F1_timeout_ft1_rec1_kr_ringci_t5,F1,timeout,5,1,1,1,,,ringci,,,,,,1,nvft2_drv,0b5593a88916,e0d6fd1bd841,2eeda7780487,9,9,0,0,2026-09-25,knobs,1,ring-walk,1,"0(off,",51,LOCAL_QP_ERR,5/0xf5,0x05,0xd,117,3,1,56,0,0x0,0,0x0,-1,1437598449.390,1437598449.485,1437598449.406,"device wait expired, no error record",NONE,1,1,56/2/58,9,51,1,0,1,9,52,1099511627776,52,53,52:cancelled:0:sig=1099511627776/53,1,,,+0x2124a00,+0x2164a00,+0x21a4a00,-0x0,+0x0,+0x0/0,56623104,,1,21.1,0,1,27.7,0,first barrier returned,first barrier returned,,,0,53
F2b_timeout_ft1_rec1_k_finbar_t1,F2b,timeout,1,1,1,,,,finbar,,,,,,1,nvft2_drv,0b5593a88916,e0d6fd1bd841,2eeda7780487,7,7,0,0,2026-09-25,knobs,1,in-loop,0,"0(off,",4,REM_ACCESS,10/0x88,0x13,0xd,23,3,1,0,0,0x0,0,0x0,-1,1437267831.518,1437267831.571,1437267831.532,class not recoverable,REM_ACCESS,0,,,9,4,0,0,1,9,4,1099511627776,4,5,4:cancelled:0:sig=1099511627776/5,1,,,+0x2124a00,+0x2164a00,+0x21a4a00,-0x0,+0x0,+0x0/0,56623104,,0,,1,0,,1,first barrier returned,first barrier returned,,,0,5
F2b_timeout_ft1_rec1_k_finbar_t2,F2b,timeout,2,1,1,,,,finbar,,,,,,1,nvft2_drv,0b5593a88916,e0d6fd1bd841,2eeda7780487,7,7,0,0,2026-09-25,knobs,1,in-loop,0,"0(off,",4,REM_ACCESS,10/0x88,0x13,0xd,23,3,1,0,0,0x0,0,0x0,-1,1437289284.762,1437289284.770,1437289284.774,class not recoverable,REM_ACCESS,0,,,9,4,0,0,1,9,4,1099511627776,4,5,4:cancelled:0:sig=1099511627776/5,1,,,+0x2124a00,+0x2164a00,+0x21a4a00,-0x0,+0x0,+0x0/0,56623104,,0,,1,0,,1,first barrier returned,first barrier returned,,,0,5
F2b_timeout_ft1_rec1_k_finbar_t3,F2b,timeout,3,1,1,,,,finbar,,,,,,1,nvft2_drv,0b5593a88916,e0d6fd1bd841,2eeda7780487,7,7,0,0,2026-09-25,knobs,1,in-loop,0,"0(off,",4,REM_ACCESS,10/0x88,0x13,0xd,23,3,1,0,0,0x0,0,0x0,-1,1437310791.536,1437310791.645,1437310791.548,class not recoverable,REM_ACCESS,0,,,9,4,0,0,1,9,4,1099511627776,4,5,4:cancelled:0:sig=1099511627776/5,1,,,+0x2124a00,+0x2164a00,+0x21a4a00,-0x0,+0x0,+0x0/0,56623104,,0,,1,0,,1,first barrier returned,first barrier returned,,,0,5
F2b_timeout_ft1_rec1_k_finbar_t4,F2b,timeout,4,1,1,,,,finbar,,,,,,1,nvft2_drv,0b5593a88916,e0d6fd1bd841,2eeda7780487,7,7,0,0,2026-09-25,knobs,1,in-loop,0,"0(off,",4,REM_ACCESS,10/0x88,0x13,0xd,23,3,1,0,0,0x0,0,0x0,-1,1437332253.193,1437332253.302,1437332253.205,class not recoverable,REM_ACCESS,0,,,9,4,0,0,1,9,4,1099511627776,4,5,4:cancelled:0:sig=1099511627776/5,1,,,+0x2124a00,+0x2164a00,+0x21a4a00,-0x0,+0x0,+0x0/0,56623104,,0,,1,0,,1,first barrier returned,first barrier returned,,,0,5
F2b_timeout_ft1_rec1_k_finbar_t5,F2b,timeout,5,1,1,,,,finbar,,,,,,1,nvft2_drv,0b5593a88916,e0d6fd1bd841,2eeda7780487,7,7,0,0,2026-09-25,knobs,1,in-loop,0,"0(off,",4,REM_ACCESS,10/0x88,0x13,0xd,23,3,1,0,0,0x0,0,0x0,-1,1437353735.200,1437353735.214,1437353735.213,class not recoverable,REM_ACCESS,0,,,9,4,0,0,1,9,4,1099511627776,4,5,4:cancelled:0:sig=1099511627776/5,1,,,+0x2124a00,+0x2164a00,+0x21a4a00,-0x0,+0x0,+0x0/0,56623104,,0,,1,0,,1,first barrier returned,first barrier returned,,,0,5
F2b_timeout_ft1_rec1_kbase_decl_t1,F2b,timeout,1,1,1,,,,,,,,,,1,nvft2_drv,0b5593a88916,e0d6fd1bd841,2eeda7780487,9,9,0,0,2026-09-25,knobs,1,in-loop,0,"0(off,",4,REM_ACCESS,10/0x88,0x13,0xd,23,3,1,0,0,0x0,0,0x0,-1,1437260352.889,1437260352.921,1437260352.902,class not recoverable,REM_ACCESS,0,,,9,4,0,0,1,9,4,1099511627776,4,5,4:cancelled:0:sig=1099511627776/5,1,,,+0x2124a00,+0x2164a00,+0x21a4a00,-0x0,+0x0,+0x0/0,56623104,,1,19.0,0,1,26.1,0,first barrier returned,first barrier returned,,,0,5
F2b_timeout_ft1_rec1_kbase_decl_t2,F2b,timeout,2,1,1,,,,,,,,,,1,nvft2_drv,0b5593a88916,e0d6fd1bd841,2eeda7780487,9,9,0,0,2026-09-25,knobs,1,in-loop,0,"0(off,",4,REM_ACCESS,10/0x88,0x13,0xd,23,3,1,0,0,0x0,0,0x0,-1,1437261852.604,1437261852.691,1437261852.617,class not recoverable,REM_ACCESS,0,,,9,4,0,0,1,9,4,1099511627776,4,5,4:cancelled:0:sig=1099511627776/5,1,,,+0x2124a00,+0x2164a00,+0x21a4a00,-0x0,+0x0,+0x0/0,56623104,,1,18.7,0,1,29.0,0,first barrier returned,first barrier returned,,,0,5
F2b_timeout_ft1_rec1_kbase_decl_t3,F2b,timeout,3,1,1,,,,,,,,,,1,nvft2_drv,0b5593a88916,e0d6fd1bd841,2eeda7780487,9,9,0,0,2026-09-25,knobs,1,in-loop,0,"0(off,",4,REM_ACCESS,10/0x88,0x13,0xd,23,3,1,0,0,0x0,0,0x0,-1,1437263344.892,1437263344.921,1437263344.905,class not recoverable,REM_ACCESS,0,,,9,4,0,0,1,9,4,1099511627776,4,5,4:cancelled:0:sig=1099511627776/5,1,,,+0x2124a00,+0x2164a00,+0x21a4a00,-0x0,+0x0,+0x0/0,56623104,,1,18.8,0,1,25.2,0,first barrier returned,first barrier returned,,,0,5
F2b_timeout_ft1_rec1_kbase_decl_t4,F2b,timeout,4,1,1,,,,,,,,,,1,nvft2_drv,0b5593a88916,e0d6fd1bd841,2eeda7780487,9,9,0,0,2026-09-25,knobs,1,in-loop,0,"0(off,",4,REM_ACCESS,10/0x88,0x13,0xd,23,3,1,0,0,0x0,0,0x0,-1,1437264840.104,1437264840.157,1437264840.118,class not recoverable,REM_ACCESS,0,,,9,4,0,0,1,9,4,1099511627776,4,5,4:cancelled:0:sig=1099511627776/5,1,,,+0x2124a00,+0x2164a00,+0x21a4a00,-0x0,+0x0,+0x0/0,56623104,,1,18.7,0,1,29.2,0,first barrier returned,first barrier returned,,,0,5
F2b_timeout_ft1_rec1_kbase_decl_t5,F2b,timeout,5,1,1,,,,,,,,,,1,nvft2_drv,0b5593a88916,e0d6fd1bd841,2eeda7780487,9,9,0,0,2026-09-25,knobs,1,in-loop,0,"0(off,",4,REM_ACCESS,10/0x88,0x13,0xd,23,3,1,0,0,0x0,0,0x0,-1,1437266342.738,1437266342.831,1437266342.752,class not recoverable,REM_ACCESS,0,,,9,4,0,0,1,9,4,1099511627776,4,5,4:cancelled:0:sig=1099511627776/5,1,,,+0x2124a00,+0x2164a00,+0x21a4a00,-0x0,+0x0,+0x0/0,56623104,,1,18.7,0,1,25.0,0,first barrier returned,first barrier returned,,,0,5
F4_timeout_ft1_rec1_k_finbar_t1,F4,timeout,1,1,1,,,,finbar,,,,,,1,nvft2_drv,0b5593a88916,e0d6fd1bd841,2eeda7780487,7,255,0,0,2026-09-25,knobs,1,in-loop,0,"0(off,",21,RETRY_EXC,12/0x81,0x15,0xd,57,3,1,0,0,0x0,0,0x0,-1,1437395163.249,1437395163.366,1437395163.273,RETRY_EXC with the peer dead,RETRY_EXC,0,,,9,19,0,0,1,,,,,19,,0,,,+0x2124a00,+0x2164a00,+0x21a4a00,-0x0,+0x0,+0x0/0,56623104,,0,,1,0,,0,first barrier returned,first barrier returned,,,0,22
F4_timeout_ft1_rec1_k_finbar_t2,F4,timeout,2,1,1,,,,finbar,,,,,,1,nvft2_drv,0b5593a88916,e0d6fd1bd841,2eeda7780487,7,255,0,0,2026-09-25,knobs,1,in-loop,0,"0(off,",22,RETRY_EXC,12/0x81,0x15,0xd,59,3,1,0,0,0x0,0,0x0,-1,1437440529.271,1437440529.328,1437440529.297,RETRY_EXC with the peer dead,RETRY_EXC,0,,,9,20,0,0,1,,,,,20,,0,,,+0x2124a00,+0x2164a00,+0x21a4a00,-0x0,+0x0,+0x0/0,56623104,,0,,1,0,,0,first barrier returned,first barrier returned,,,0,23
F4_timeout_ft1_rec1_k_finbar_t3,F4,timeout,3,1,1,,,,finbar,,,,,,1,nvft2_drv,0b5593a88916,e0d6fd1bd841,2eeda7780487,7,255,0,0,2026-09-25,knobs,1,in-loop,0,"0(off,",20,RETRY_EXC,12/0x81,0x15,0xd,55,3,1,0,0,0x0,0,0x0,-1,1437485894.777,1437485894.844,1437485894.803,RETRY_EXC with the peer dead,RETRY_EXC,0,,,9,18,0,0,1,,,,,18,,0,,,+0x2124a00,+0x2164a00,+0x21a4a00,-0x0,+0x0,+0x0/0,56623104,,0,,1,0,,0,first barrier returned,first barrier returned,,,0,21
F4_timeout_ft1_rec1_kbase_decl_t1,F4,timeout,1,1,1,,,,,,,,,,1,nvft2_drv,0b5593a88916,e0d6fd1bd841,2eeda7780487,9,255,0,0,2026-09-25,knobs,1,in-loop,0,"0(off,",22,RETRY_EXC,12/0x81,0x15,0xd,59,3,1,0,0,0x0,0,0x0,-1,1437379057.460,1437379057.481,1437379057.487,RETRY_EXC with the peer dead,RETRY_EXC,0,,,9,20,0,0,1,,,,,20,,0,,,+0x2124a00,+0x2164a00,+0x21a4a00,-0x0,+0x0,+0x0/0,56623104,,1,19.9,0,0,,0,first barrier returned,first barrier returned,,,0,23
F4_timeout_ft1_rec1_kbase_decl_t2,F4,timeout,2,1,1,,,,,,,,,,1,nvft2_drv,0b5593a88916,e0d6fd1bd841,2eeda7780487,9,255,0,0,2026-09-25,knobs,1,in-loop,0,"0(off,",22,RETRY_EXC,12/0x81,0x15,0xd,59,3,1,0,0,0x0,0,0x0,-1,1437384425.967,1437384426.042,1437384425.994,RETRY_EXC with the peer dead,RETRY_EXC,0,,,9,20,0,0,1,,,,,20,,0,,,+0x2124a00,+0x2164a00,+0x21a4a00,-0x0,+0x0,+0x0/0,56623104,,1,19.1,0,0,,0,first barrier returned,first barrier returned,,,0,23
F4_timeout_ft1_rec1_kbase_decl_t3,F4,timeout,3,1,1,,,,,,,,,,1,nvft2_drv,0b5593a88916,e0d6fd1bd841,2eeda7780487,9,255,0,0,2026-09-25,knobs,1,in-loop,0,"0(off,",20,RETRY_EXC,12/0x81,0x15,0xd,55,3,1,0,0,0x0,0,0x0,-1,1437389794.600,1437389794.705,1437389794.624,RETRY_EXC with the peer dead,RETRY_EXC,0,,,9,18,0,0,1,,,,,18,,0,,,+0x2124a00,+0x2164a00,+0x21a4a00,-0x0,+0x0,+0x0/0,56623104,,1,18.7,0,0,,0,first barrier returned,first barrier returned,,,0,21
F1_blocking_ft1_rec1_ring_t1,F1,blocking,1,1,1,1,,,,,,,,,1,nvft2_drv,0b5593a88916,e0d6fd1bd841,2eeda7780487,0,0,0,0,2026-09-25,ringrec,1,ring-walk,1,"0(off,",51,LOCAL_QP_ERR,5/0xf5,0x05,0xd,117,1,1,56,0,0x0,0,0x0,-1,1438361631.644,1438361631.671,1438361631.661,,,1,1,56/2/58,0,200,1,1,0,0,200,200,200,200,,0,,,+0x2124a00,+0x2164a00,+0x21a4a00,-0x0,+0x0,+0x0/0,56623104,,1,20.0,0,1,26.0,0,first barrier returned,first barrier returned,,,0,201
F1_blocking_ft1_rec1_ring_t2,F1,blocking,2,1,1,1,,,,,,,,,1,nvft2_drv,0b5593a88916,e0d6fd1bd841,2eeda7780487,0,0,0,0,2026-09-25,ringrec,1,ring-walk,1,"0(off,",51,LOCAL_QP_ERR,5/0xf5,0x05,0xd,117,1,1,56,0,0x0,0,0x0,-1,1438366087.669,1438366087.774,1438366087.687,,,1,1,56/2/58,0,200,1,1,0,0,200,200,200,200,,0,,,+0x2124a00,+0x2164a00,+0x21a4a00,-0x0,+0x0,+0x0/0,56623104,,1,20.1,0,1,26.1,0,first barrier returned,first barrier returned,,,0,201
F1_blocking_ft1_rec1_ring_t3,F1,blocking,3,1,1,1,,,,,,,,,1,nvft2_drv,0b5593a88916,e0d6fd1bd841,2eeda7780487,0,0,0,0,2026-09-25,ringrec,1,ring-walk,1,"0(off,",51,LOCAL_QP_ERR,5/0xf5,0x05,0xd,117,1,1,56,0,0x0,0,0x0,-1,1438370537.322,1438370537.381,1438370537.339,,,1,1,56/2/58,0,200,1,1,0,0,200,200,200,200,,0,,,+0x2124a00,+0x2164a00,+0x21a4a00,-0x0,+0x0,+0x0/0,56623104,,1,20.0,0,1,26.1,0,first barrier returned,first barrier returned,,,0,201
F1_blocking_ft1_rec1_ring_t4,F1,blocking,4,1,1,1,,,,,,,,,1,nvft2_drv,0b5593a88916,e0d6fd1bd841,2eeda7780487,0,0,0,0,2026-09-25,ringrec,1,ring-walk,1,"0(off,",51,LOCAL_QP_ERR,5/0xf5,0x05,0xd,117,1,1,56,0,0x0,0,0x0,-1,1438374997.952,1438374997.993,1438374997.969,,,1,1,56/2/58,0,200,1,1,0,0,200,200,200,200,,0,,,+0x2124a00,+0x2164a00,+0x21a4a00,-0x0,+0x0,+0x0/0,56623104,,1,33.1,0,1,26.2,0,first barrier returned,first barrier returned,,,0,201
F1_blocking_ft1_rec1_ring_t5,F1,blocking,5,1,1,1,,,,,,,,,1,nvft2_drv,0b5593a88916,e0d6fd1bd841,2eeda7780487,0,0,0,0,2026-09-25,ringrec,1,ring-walk,1,"0(off,",51,LOCAL_QP_ERR,5/0xf5,0x05,0xd,117,1,1,56,0,0x0,0,0x0,-1,1438379440.851,1438379440.896,1438379440.868,,,1,1,56/2/58,0,200,1,1,0,0,200,200,200,200,,0,,,+0x2124a00,+0x2164a00,+0x21a4a00,-0x0,+0x0,+0x0/0,56623104,,1,19.9,0,1,26.0,0,first barrier returned,first barrier returned,,,0,201
F1_blocking_ft1_rec1_ringx5_t1,F1,blocking,1,1,1,1,,,,,,,,,1,nvft2_drv,0b5593a88916,e0d6fd1bd841,2eeda7780487,0,0,0,0,2026-09-25,ringrec,1,ring-walk,1,"0(off,",51,LOCAL_QP_ERR,5/0xf5,0x05,0xd,117,1,1,56,0,0x0,0,0x0,-1,1438445567.232,1438445567.315,1438445567.250,,,5,1;1;1;1;1,56/2/58;60/2/62;64/2/66;66/2/68;70/2/72,0,200,5,4,0,0,200,200,200,200,,0,,,+0x2124a00,+0x2164a00,+0x21a4a00,-0x0,+0x0,+0x0/0,56623104,,1,20.3,0,1,28.4,0,first barrier returned,first barrier returned,,,0,205
F1_blocking_ft1_rec1_ringx5_t2,F1,blocking,2,1,1,1,,,,,,,,,1,nvft2_drv,0b5593a88916,e0d6fd1bd841,2eeda7780487,0,0,0,0,2026-09-25,ringrec,1,ring-walk,1,"0(off,",51,LOCAL_QP_ERR,5/0xf5,0x05,0xd,117,1,1,56,0,0x0,0,0x0,-1,1438450022.746,1438450022.806,1438450022.763,,,5,1;1;1;1;1,56/2/58;60/2/62;64/2/66;66/2/68;70/2/72,0,200,5,4,0,0,200,200,200,200,,0,,,+0x2124a00,+0x2164a00,+0x21a4a00,-0x0,+0x0,+0x0/0,56623104,,1,20.3,0,1,28.1,0,first barrier returned,first barrier returned,,,0,205
F1_blocking_ft1_rec1_ringx5_t3,F1,blocking,3,1,1,1,,,,,,,,,1,nvft2_drv,0b5593a88916,e0d6fd1bd841,2eeda7780487,0,0,0,0,2026-09-25,ringrec,1,ring-walk,1,"0(off,",51,LOCAL_QP_ERR,5/0xf5,0x05,0xd,117,1,1,56,0,0x0,0,0x0,-1,1438454441.413,1438454441.431,1438454441.431,,,5,1;1;1;1;1,56/2/58;60/2/62;64/2/66;66/2/68;70/2/72,0,200,5,4,0,0,200,200,200,200,,0,,,+0x2124a00,+0x2164a00,+0x21a4a00,-0x0,+0x0,+0x0/0,56623104,,1,20.0,0,1,27.0,0,first barrier returned,first barrier returned,,,0,205
F1_timeout_ft1_rec1_ring_t1,F1,timeout,1,1,1,1,,,,,,,,,1,nvft2_drv,0b5593a88916,e0d6fd1bd841,2eeda7780487,0,0,0,0,2026-09-25,ringrec,1,ring-walk,1,"0(off,",51,LOCAL_QP_ERR,5/0xf5,0x05,0xd,117,3,1,56,0,0x0,0,0x0,-1,1438339473.699,1438339473.736,1438339473.714,,,1,1,56/2/58,0,200,1,1,0,0,200,200,200,200,,0,,,+0x2124a00,+0x2164a00,+0x21a4a00,-0x0,+0x0,+0x0/0,56623104,,1,20.0,0,1,25.8,0,first barrier returned,first barrier returned,,,0,201
F1_timeout_ft1_rec1_ring_t2,F1,timeout,2,1,1,1,,,,,,,,,1,nvft2_drv,0b5593a88916,e0d6fd1bd841,2eeda7780487,0,0,0,0,2026-09-25,ringrec,1,ring-walk,1,"0(off,",51,LOCAL_QP_ERR,5/0xf5,0x05,0xd,117,3,1,56,0,0x0,0,0x0,-1,1438343905.496,1438343905.532,1438343905.511,,,1,1,56/2/58,0,200,1,1,0,0,200,200,200,200,,0,,,+0x2124a00,+0x2164a00,+0x21a4a00,-0x0,+0x0,+0x0/0,56623104,,1,20.0,0,1,25.9,0,first barrier returned,first barrier returned,,,0,201
F1_timeout_ft1_rec1_ring_t3,F1,timeout,3,1,1,1,,,,,,,,,1,nvft2_drv,0b5593a88916,e0d6fd1bd841,2eeda7780487,0,0,0,0,2026-09-25,ringrec,1,ring-walk,1,"0(off,",51,LOCAL_QP_ERR,5/0xf5,0x05,0xd,117,3,1,56,0,0x0,0,0x0,-1,1438348367.668,1438348367.748,1438348367.682,,,1,1,56/2/58,0,200,1,1,0,0,200,200,200,200,,0,,,+0x2124a00,+0x2164a00,+0x21a4a00,-0x0,+0x0,+0x0/0,56623104,,1,20.2,0,1,26.0,0,first barrier returned,first barrier returned,,,0,201
F1_timeout_ft1_rec1_ring_t4,F1,timeout,4,1,1,1,,,,,,,,,1,nvft2_drv,0b5593a88916,e0d6fd1bd841,2eeda7780487,0,0,0,0,2026-09-25,ringrec,1,ring-walk,1,"0(off,",51,LOCAL_QP_ERR,5/0xf5,0x05,0xd,117,3,1,56,0,0x0,0,0x0,-1,1438352817.326,1438352817.379,1438352817.341,,,1,1,56/2/58,0,200,1,1,0,0,200,200,200,200,,0,,,+0x2124a00,+0x2164a00,+0x21a4a00,-0x0,+0x0,+0x0/0,56623104,,1,19.9,0,1,26.1,0,first barrier returned,first barrier returned,,,0,201
F1_timeout_ft1_rec1_ring_t5,F1,timeout,5,1,1,1,,,,,,,,,1,nvft2_drv,0b5593a88916,e0d6fd1bd841,2eeda7780487,0,0,0,0,2026-09-25,ringrec,1,ring-walk,1,"0(off,",51,LOCAL_QP_ERR,5/0xf5,0x05,0xd,117,3,1,56,0,0x0,0,0x0,-1,1438357236.801,1438357236.819,1438357236.815,,,1,1,56/2/58,0,200,1,1,0,0,200,200,200,200,,0,,,+0x2124a00,+0x2164a00,+0x21a4a00,-0x0,+0x0,+0x0/0,56623104,,1,20.2,0,1,26.5,0,first barrier returned,first barrier returned,,,0,201
F1_timeout_ft1_rec1_ringx5_t1,F1,timeout,1,1,1,1,,,,,,,,,1,nvft2_drv,0b5593a88916,e0d6fd1bd841,2eeda7780487,0,0,0,0,2026-09-25,ringrec,1,ring-walk,1,"0(off,",51,LOCAL_QP_ERR,5/0xf5,0x05,0xd,117,3,1,56,0,0x0,0,0x0,-1,1438432267.323,1438432267.367,1438432267.338,,,5,1;1;1;1;1,56/2/58;60/2/62;64/2/66;66/2/68;70/2/72,0,200,5,4,0,0,200,200,200,200,,0,,,+0x2124a00,+0x2164a00,+0x21a4a00,-0x0,+0x0,+0x0/0,56623104,,1,20.9,0,1,27.1,0,first barrier returned,first barrier returned,,,0,205
F1_timeout_ft1_rec1_ringx5_t2,F1,timeout,2,1,1,1,,,,,,,,,1,nvft2_drv,0b5593a88916,e0d6fd1bd841,2eeda7780487,0,0,0,0,2026-09-25,ringrec,1,ring-walk,1,"0(off,",51,LOCAL_QP_ERR,5/0xf5,0x05,0xd,117,3,1,56,0,0x0,0,0x0,-1,1438436715.015,1438436715.118,1438436715.030,,,5,1;1;1;1;1,56/2/58;60/2/62;64/2/66;66/2/68;70/2/72,0,200,5,4,0,0,200,200,200,200,,0,,,+0x2124a00,+0x2164a00,+0x21a4a00,-0x0,+0x0,+0x0/0,56623104,,1,20.6,0,1,28.5,0,first barrier returned,first barrier returned,,,0,205
F1_timeout_ft1_rec1_ringx5_t3,F1,timeout,3,1,1,1,,,,,,,,,1,nvft2_drv,0b5593a88916,e0d6fd1bd841,2eeda7780487,0,0,0,0,2026-09-25,ringrec,1,ring-walk,1,"0(off,",51,LOCAL_QP_ERR,5/0xf5,0x05,0xd,117,3,1,56,0,0x0,0,0x0,-1,1438441162.920,1438441162.936,1438441162.934,,,5,1;1;1;1;1,56/2/58;60/2/62;64/2/66;66/2/68;70/2/72,0,200,5,4,0,0,200,200,200,200,,0,,,+0x2124a00,+0x2164a00,+0x21a4a00,-0x0,+0x0,+0x0/0,56623104,,1,20.3,0,1,27.1,0,first barrier returned,first barrier returned,,,0,205
F2b_timeout_ft1_rec1_ring_t1,F2b,timeout,1,1,1,1,,,,,,,,,1,nvft2_drv,0b5593a88916,e0d6fd1bd841,2eeda7780487,9,9,0,0,2026-09-25,ringrec,1,ring-walk,1,"0(off,",4,REM_ACCESS,10/0x88,0x13,0xd,23,3,1,9,0,0x0,0,0x0,-1,1438645522.281,1438645522.323,1438645522.294,class not recoverable,REM_ACCESS,0,,,9,4,0,0,1,9,4,1099511627776,4,5,4:cancelled:0:sig=1099511627776/5,1,,,+0x2124a00,+0x2164a00,+0x21a4a00,-0x0,+0x0,+0x0/0,56623104,,1,19.9,0,1,27.1,0,first barrier returned,first barrier returned,,,0,5
F2b_timeout_ft1_rec1_ring_t2,F2b,timeout,2,1,1,1,,,,,,,,,1,nvft2_drv,0b5593a88916,e0d6fd1bd841,2eeda7780487,9,9,0,0,2026-09-25,ringrec,1,ring-walk,1,"0(off,",4,REM_ACCESS,10/0x88,0x13,0xd,23,3,1,9,0,0x0,0,0x0,-1,1438647010.393,1438647010.450,1438647010.407,class not recoverable,REM_ACCESS,0,,,9,4,0,0,1,9,4,1099511627776,4,5,4:cancelled:0:sig=1099511627776/5,1,,,+0x2124a00,+0x2164a00,+0x21a4a00,-0x0,+0x0,+0x0/0,56623104,,1,19.1,0,1,27.8,0,first barrier returned,first barrier returned,,,0,5
F2b_timeout_ft1_rec1_ring_t3,F2b,timeout,3,1,1,1,,,,,,,,,1,nvft2_drv,0b5593a88916,e0d6fd1bd841,2eeda7780487,9,9,0,0,2026-09-25,ringrec,1,ring-walk,1,"0(off,",4,REM_ACCESS,10/0x88,0x13,0xd,23,3,1,9,0,0x0,0,0x0,-1,1438648476.542,1438648476.615,1438648476.555,class not recoverable,REM_ACCESS,0,,,9,4,0,0,1,9,4,1099511627776,4,5,4:cancelled:0:sig=1099511627776/5,1,,,+0x2124a00,+0x2164a00,+0x21a4a00,-0x0,+0x0,+0x0/0,56623104,,1,18.8,0,1,26.4,0,first barrier returned,first barrier returned,,,0,5
F3_blocking_ft1_rec1_ring_t1,F3,blocking,1,1,1,1,,,,,,,,,1,nvft2_drv,0b5593a88916,e0d6fd1bd841,2eeda7780487,0,0,0,0,2026-09-25,ringrec,1,ring-walk,1,"0(off,",51,RETRY_EXC,12/0x81,0x15,0xd,117,1,1,56,0,0x0,0,0x0,-1,1438411729.571,1438411729.634,1438411729.600,,,1,1,56/2/58,0,200,1,1,0,0,200,200,200,200,,0,,,+0x2124a00,+0x2164a00,+0x21a4a00,-0x0,+0x0,+0x0/0,56623104,,1,22.0,0,1,27.6,0,first barrier returned,first barrier returned,,,0,201
F3_blocking_ft1_rec1_ring_t2,F3,blocking,2,1,1,1,,,,,,,,,1,nvft2_drv,0b5593a88916,e0d6fd1bd841,2eeda7780487,0,0,0,0,2026-09-25,ringrec,1,ring-walk,1,"0(off,",51,RETRY_EXC,12/0x81,0x15,0xd,117,1,1,56,0,0x0,0,0x0,-1,1438419782.705,1438419782.729,1438419782.733,,,1,1,56/2/58,0,200,1,1,0,0,200,200,200,200,,0,,,+0x2124a00,+0x2164a00,+0x21a4a00,-0x0,+0x0,+0x0/0,56623104,,1,21.6,0,1,27.8,0,first barrier returned,first barrier returned,,,0,201
F3_blocking_ft1_rec1_ring_t3,F3,blocking,3,1,1,1,,,,,,,,,1,nvft2_drv,0b5593a88916,e0d6fd1bd841,2eeda7780487,0,0,0,0,2026-09-25,ringrec,1,ring-walk,1,"0(off,",51,RETRY_EXC,12/0x81,0x15,0xd,117,1,1,56,0,0x0,0,0x0,-1,1438427835.753,1438427835.825,1438427835.784,,,1,1,56/2/58,0,200,1,1,0,0,200,200,200,200,,0,,,+0x2124a00,+0x2164a00,+0x21a4a00,-0x0,+0x0,+0x0/0,56623104,,1,21.5,0,1,27.6,0,first barrier returned,first barrier returned,,,0,201
F3_timeout_ft1_rec1_ring_t1,F3,timeout,1,1,1,1,,,,,,,,,1,nvft2_drv,0b5593a88916,e0d6fd1bd841,2eeda7780487,0,0,0,0,2026-09-25,ringrec,1,ring-walk,1,"0(off,",51,RETRY_EXC,12/0x81,0x15,0xd,117,3,1,56,0,0x0,0,0x0,-1,1438387570.456,1438387570.526,1438387570.485,,,1,1,56/2/58,0,200,1,1,0,0,200,200,200,200,,0,,,+0x2124a00,+0x2164a00,+0x21a4a00,-0x0,+0x0,+0x0/0,56623104,,1,21.5,0,1,27.1,0,first barrier returned,first barrier returned,,,0,201
F3_timeout_ft1_rec1_ring_t2,F3,timeout,2,1,1,1,,,,,,,,,1,nvft2_drv,0b5593a88916,e0d6fd1bd841,2eeda7780487,0,0,0,0,2026-09-25,ringrec,1,ring-walk,1,"0(off,",51,RETRY_EXC,12/0x81,0x15,0xd,117,3,1,56,0,0x0,0,0x0,-1,1438395623.535,1438395623.642,1438395623.563,,,1,1,56/2/58,0,200,1,1,0,0,200,200,200,200,,0,,,+0x2124a00,+0x2164a00,+0x21a4a00,-0x0,+0x0,+0x0/0,56623104,,1,21.9,0,1,28.2,0,first barrier returned,first barrier returned,,,0,201
F3_timeout_ft1_rec1_ring_t3,F3,timeout,3,1,1,1,,,,,,,,,1,nvft2_drv,0b5593a88916,e0d6fd1bd841,2eeda7780487,0,0,0,0,2026-09-25,ringrec,1,ring-walk,1,"0(off,",51,RETRY_EXC,12/0x81,0x15,0xd,117,3,1,56,0,0x0,0,0x0,-1,1438403676.577,1438403676.615,1438403676.605,,,1,1,56/2/58,0,200,1,1,0,0,200,200,200,200,,0,,,+0x2124a00,+0x2164a00,+0x21a4a00,-0x0,+0x0,+0x0/0,56623104,,1,21.8,0,1,27.9,0,first barrier returned,first barrier returned,,,0,201
F4_timeout_ft1_rec1_ring_t1,F4,timeout,1,1,1,1,,,,,,,,,1,nvft2_drv,0b5593a88916,e0d6fd1bd841,2eeda7780487,9,255,0,0,2026-09-25,ringrec,1,ring-walk,1,"0(off,",21,RETRY_EXC,12/0x81,0x15,0xd,57,3,1,26,0,0x0,0,0x0,-1,1438653858.670,1438653858.702,1438653858.697,RETRY_EXC with the peer dead,RETRY_EXC,0,,,9,19,0,0,1,,,,,19,,0,,,+0x2124a00,+0x2164a00,+0x21a4a00,-0x0,+0x0,+0x0/0,56623104,,1,19.4,0,0,,0,first barrier returned,first barrier returned,,,0,22
F4_timeout_ft1_rec1_ring_t2,F4,timeout,2,1,1,1,,,,,,,,,1,nvft2_drv,0b5593a88916,e0d6fd1bd841,2eeda7780487,9,255,0,0,2026-09-25,ringrec,1,ring-walk,1,"0(off,",21,RETRY_EXC,12/0x81,0x15,0xd,57,3,1,26,0,0x0,0,0x0,-1,1438659227.260,1438659227.367,1438659227.286,RETRY_EXC with the peer dead,RETRY_EXC,0,,,9,19,0,0,1,,,,,19,,0,,,+0x2124a00,+0x2164a00,+0x21a4a00,-0x0,+0x0,+0x0/0,56623104,,1,18.8,0,0,,0,first barrier returned,first barrier returned,,,0,22
none_blocking_ft1_rec1_ring_t1,none,blocking,1,1,1,1,,,,,,,,,1,nvft2_drv,0b5593a88916,e0d6fd1bd841,2eeda7780487,0,0,0,0,2026-09-25,ringrec,1,ring-walk,1,"0(off,",,,,,,,,,,,,,,,,,,,,0,,,0,200,0,0,0,0,200,200,200,200,,0,,,+0x2124a00,+0x2164a00,+0x21a4a00,-0x0,+0x0,+0x0/0,56623104,,1,20.5,0,1,26.4,0,first barrier returned,first barrier returned,,,0,200
none_blocking_ft1_rec1_ring_t2,none,blocking,2,1,1,1,,,,,,,,,1,nvft2_drv,0b5593a88916,e0d6fd1bd841,2eeda7780487,0,0,0,0,2026-09-25,ringrec,1,ring-walk,1,"0(off,",,,,,,,,,,,,,,,,,,,,0,,,0,200,0,0,0,0,200,200,200,200,,0,,,+0x2124a00,+0x2164a00,+0x21a4a00,-0x0,+0x0,+0x0/0,56623104,,1,20.7,0,1,26.4,0,first barrier returned,first barrier returned,,,0,200
none_blocking_ft1_rec1_ring_t3,none,blocking,3,1,1,1,,,,,,,,,1,nvft2_drv,0b5593a88916,e0d6fd1bd841,2eeda7780487,0,0,0,0,2026-09-25,ringrec,1,ring-walk,1,"0(off,",,,,,,,,,,,,,,,,,,,,0,,,0,200,0,0,0,0,200,200,200,200,,0,,,+0x2124a00,+0x2164a00,+0x21a4a00,-0x0,+0x0,+0x0/0,56623104,,1,20.0,0,1,25.9,0,first barrier returned,first barrier returned,,,0,200
none_timeout_ft0_rec0_mt_off_t1,none,timeout,1,0,0,,,,,,32,,,,1,nvft2_drv,0b5593a88916,e0d6fd1bd841,2eeda7780487,0,0,0,0,2026-09-25,ringrec,0,,,,,,,,,,,,,,,,,,,,,,,0,,,0,100,0,0,0,0,100,25600,25600,100,,0,,,+0x2124a00,+0x2164a00,+0x21a4a00,-0x0,+0x0,+0x0/0,56623104,,1,20.6,0,1,26.8,0,first barrier returned,first barrier returned,,,0,100
none_timeout_ft0_rec0_mt_off_t2,none,timeout,2,0,0,,,,,,32,,,,1,nvft2_drv,0b5593a88916,e0d6fd1bd841,2eeda7780487,0,0,0,0,2026-09-25,ringrec,0,,,,,,,,,,,,,,,,,,,,,,,0,,,0,100,0,0,0,0,100,25600,25600,100,,0,,,+0x2124a00,+0x2164a00,+0x21a4a00,-0x0,+0x0,+0x0/0,56623104,,1,20.2,0,1,26.7,0,first barrier returned,first barrier returned,,,0,100
none_timeout_ft0_rec0_mt_off_t3,none,timeout,3,0,0,,,,,,32,,,,1,nvft2_drv,0b5593a88916,e0d6fd1bd841,2eeda7780487,0,0,0,0,2026-09-25,ringrec,0,,,,,,,,,,,,,,,,,,,,,,,0,,,0,100,0,0,0,0,100,25600,25600,100,,0,,,+0x2124a00,+0x2164a00,+0x21a4a00,-0x0,+0x0,+0x0/0,56623104,,1,20.2,0,1,26.2,0,first barrier returned,first barrier returned,,,0,100
none_timeout_ft1_rec0_mt_coll_t1,none,timeout,1,1,0,,,,,,32,,,,1,nvft2_drv,0b5593a88916,e0d6fd1bd841,2eeda7780487,0,0,0,0,2026-09-25,ringrec,1,in-loop,0,"0(off,",,,,,,,,,,,,,,,,,,,,0,,,0,100,0,0,0,0,100,25600,25600,100,,0,,,+0x2124a00,+0x2164a00,+0x21a4a00,-0x0,+0x0,+0x0/0,56623104,,1,20.1,0,1,26.1,0,first barrier returned,first barrier returned,,,0,100
none_timeout_ft1_rec0_mt_coll_t2,none,timeout,2,1,0,,,,,,32,,,,1,nvft2_drv,0b5593a88916,e0d6fd1bd841,2eeda7780487,0,0,0,0,2026-09-25,ringrec,1,in-loop,0,"0(off,",,,,,,,,,,,,,,,,,,,,0,,,0,100,0,0,0,0,100,25600,25600,100,,0,,,+0x2124a00,+0x2164a00,+0x21a4a00,-0x0,+0x0,+0x0/0,56623104,,1,20.1,0,1,26.3,0,first barrier returned,first barrier returned,,,0,100
none_timeout_ft1_rec0_mt_coll_t3,none,timeout,3,1,0,,,,,,32,,,,1,nvft2_drv,0b5593a88916,e0d6fd1bd841,2eeda7780487,0,0,0,0,2026-09-25,ringrec,1,in-loop,0,"0(off,",,,,,,,,,,,,,,,,,,,,0,,,0,100,0,0,0,0,100,25600,25600,100,,0,,,+0x2124a00,+0x2164a00,+0x21a4a00,-0x0,+0x0,+0x0/0,56623104,,1,20.4,0,1,26.0,0,first barrier returned,first barrier returned,,,0,100
none_timeout_ft1_rec0_mt_ring_t1,none,timeout,1,1,0,1,,,,,32,,,,1,nvft2_drv,0b5593a88916,e0d6fd1bd841,2eeda7780487,0,0,0,0,2026-09-25,ringrec,1,ring-walk,1,"0(off,",,,,,,,,,,,,,,,,,,,,0,,,0,100,0,0,0,0,100,25600,25600,100,,0,,,+0x2124a00,+0x2164a00,+0x21a4a00,-0x0,+0x0,+0x0/0,56623104,,1,20.1,0,1,26.3,0,first barrier returned,first barrier returned,,,0,100
none_timeout_ft1_rec0_mt_ring_t2,none,timeout,2,1,0,1,,,,,32,,,,1,nvft2_drv,0b5593a88916,e0d6fd1bd841,2eeda7780487,0,0,0,0,2026-09-25,ringrec,1,ring-walk,1,"0(off,",,,,,,,,,,,,,,,,,,,,0,,,0,100,0,0,0,0,100,25600,25600,100,,0,,,+0x2124a00,+0x2164a00,+0x21a4a00,-0x0,+0x0,+0x0/0,56623104,,1,20.1,0,1,26.2,0,first barrier returned,first barrier returned,,,0,100
none_timeout_ft1_rec0_mt_ring_t3,none,timeout,3,1,0,1,,,,,32,,,,1,nvft2_drv,0b5593a88916,e0d6fd1bd841,2eeda7780487,0,0,0,0,2026-09-25,ringrec,1,ring-walk,1,"0(off,",,,,,,,,,,,,,,,,,,,,0,,,0,100,0,0,0,0,100,25600,25600,100,,0,,,+0x2124a00,+0x2164a00,+0x21a4a00,-0x0,+0x0,+0x0/0,56623104,,1,19.8,0,1,26.3,0,first barrier returned,first barrier returned,,,0,100
none_timeout_ft1_rec0_mt_ringbounds_t1,none,timeout,1,1,0,1,1,,,,32,,,,1,nvft2_drv,0b5593a88916,e0d6fd1bd841,2eeda7780487,0,0,0,0,2026-09-25,ringrec,1,ring-walk,1,1(heap-level,,,,,,,,,,,,,,,,,,,,0,,,0,100,0,0,0,0,100,25600,25600,100,,0,,,+0x2124a00,+0x2164a00,+0x21a4a00,-0x0,+0x0,+0x0/0,56623104,,1,21.5,0,1,27.6,0,first barrier returned,first barrier returned,,,0,100
none_timeout_ft1_rec0_mt_ringbounds_t2,none,timeout,2,1,0,1,1,,,,32,,,,1,nvft2_drv,0b5593a88916,e0d6fd1bd841,2eeda7780487,0,0,0,0,2026-09-25,ringrec,1,ring-walk,1,1(heap-level,,,,,,,,,,,,,,,,,,,,0,,,0,100,0,0,0,0,100,25600,25600,100,,0,,,+0x2124a00,+0x2164a00,+0x21a4a00,-0x0,+0x0,+0x0/0,56623104,,1,21.4,0,1,27.6,0,first barrier returned,first barrier returned,,,0,100
none_timeout_ft1_rec0_mt_ringbounds_t3,none,timeout,3,1,0,1,1,,,,32,,,,1,nvft2_drv,0b5593a88916,e0d6fd1bd841,2eeda7780487,0,0,0,0,2026-09-25,ringrec,1,ring-walk,1,1(heap-level,,,,,,,,,,,,,,,,,,,,0,,,0,100,0,0,0,0,100,25600,25600,100,,0,,,+0x2124a00,+0x2164a00,+0x21a4a00,-0x0,+0x0,+0x0/0,56623104,,1,21.4,0,1,27.4,0,first barrier returned,first barrier returned,,,0,100
none_timeout_ft1_rec1_ring_t1,none,timeout,1,1,1,1,,,,,,,,,1,nvft2_drv,0b5593a88916,e0d6fd1bd841,2eeda7780487,0,0,0,0,2026-09-25,ringrec,1,ring-walk,1,"0(off,",,,,,,,,,,,,,,,,,,,,0,,,0,200,0,0,0,0,200,200,200,200,,0,,,+0x2124a00,+0x2164a00,+0x21a4a00,-0x0,+0x0,+0x0/0,56623104,,1,22.4,0,1,27.5,0,first barrier returned,first barrier returned,,,0,200
none_timeout_ft1_rec1_ring_t2,none,timeout,2,1,1,1,,,,,,,,,1,nvft2_drv,0b5593a88916,e0d6fd1bd841,2eeda7780487,0,0,0,0,2026-09-25,ringrec,1,ring-walk,1,"0(off,",,,,,,,,,,,,,,,,,,,,0,,,0,200,0,0,0,0,200,200,200,200,,0,,,+0x2124a00,+0x2164a00,+0x21a4a00,-0x0,+0x0,+0x0/0,56623104,,1,21.5,0,1,26.6,0,first barrier returned,first barrier returned,,,0,200
none_timeout_ft1_rec1_ring_t3,none,timeout,3,1,1,1,,,,,,,,,1,nvft2_drv,0b5593a88916,e0d6fd1bd841,2eeda7780487,0,0,0,0,2026-09-25,ringrec,1,ring-walk,1,"0(off,",,,,,,,,,,,,,,,,,,,,0,,,0,200,0,0,0,0,200,200,200,200,,0,,,+0x2124a00,+0x2164a00,+0x21a4a00,-0x0,+0x0,+0x0/0,56623104,,1,21.1,0,1,26.4,0,first barrier returned,first barrier returned,,,0,200
none_timeout_ft1_rec1_ringd0_t1,none,timeout,1,1,1,1,,,,,,,,,1,nvft2_drv,0b5593a88916,e0d6fd1bd841,2eeda7780487,8,4,0,0,2026-09-25,ringrec,1,ring-walk,1,"0(off,",60,FORCED,0/0x00,0x00,0x0,0,0,0,0,0,0x0,0,0x0,0,0.000,0.000,1438459026.042,,,1,0,66/0/66,8,60,1,1,0,4,61,1099511627776,61,62,61:cancelled:0:sig=1099511627776/62,1,,,+0x2124a00,+0x2164a00,+0x21a4a00,-0x0,+0x0,+0x0/0,56623104,,1,30.2,0,1,34.9,0,first barrier returned,first barrier returned,,,0,61
none_timeout_ft1_rec1_ringd0_t2,none,timeout,2,1,1,1,,,,,,,,,1,nvft2_drv,0b5593a88916,e0d6fd1bd841,2eeda7780487,8,4,0,0,2026-09-25,ringrec,1,ring-walk,1,"0(off,",60,FORCED,0/0x00,0x00,0x0,0,0,0,0,0,0x0,0,0x0,0,0.000,0.000,1438521464.135,,,1,0,66/0/66,8,60,1,1,0,4,61,1099511627776,61,62,61:cancelled:0:sig=1099511627776/62,1,,,+0x2124a00,+0x2164a00,+0x21a4a00,-0x0,+0x0,+0x0/0,56623104,,1,30.3,0,1,35.1,0,first barrier returned,first barrier returned,,,0,61
none_timeout_ft1_rec1_ringd0_t3,none,timeout,3,1,1,1,,,,,,,,,1,nvft2_drv,0b5593a88916,e0d6fd1bd841,2eeda7780487,8,4,0,0,2026-09-25,ringrec,1,ring-walk,1,"0(off,",60,FORCED,0/0x00,0x00,0x0,0,0,0,0,0,0x0,0,0x0,0,0.000,0.000,1438583894.860,,,1,0,66/0/66,8,60,1,1,0,4,61,1099511627776,61,62,61:cancelled:0:sig=1099511627776/62,1,,,+0x2124a00,+0x2164a00,+0x21a4a00,-0x0,+0x0,+0x0/0,56623104,,1,30.3,0,1,33.9,0,first barrier returned,first barrier returned,,,0,61
F1_blocking_ft1_rec0_fin_cring_d2000_t1,F1,blocking,1,1,0,1,,,,,,,2000,,1,nvft2_drv,519ecf63c0ca,e0d6fd1bd841,612fde2b0af6,3,9,0,0,2026-09-25,final,1,ring-walk,1,"0(off,",51,LOCAL_QP_ERR,5/0xf5,0x05,0xd,117,1,1,56,0,0x0,0,0x0,-1,1443565075.917,1443565076.003,1443565075.934,recovery not enabled (classification run),LOCAL_QP_ERR,0,,,3,51,0,0,1,9,51,1099511627776,51,52,51:cancelled:0:sig=1099511627776/52,1,,,+0x2124a00,+0x2164a00,+0x21a4a00,-0x0,+0x0,+0x0/0,56623104,,1,19.2,0,1,25.0,0,first barrier returned,first barrier returned,,,0,52
F1_blocking_ft1_rec0_fin_cring_d2000_t2,F1,blocking,2,1,0,1,,,,,,,2000,,1,nvft2_drv,519ecf63c0ca,e0d6fd1bd841,612fde2b0af6,3,9,0,0,2026-09-25,final,1,ring-walk,1,"0(off,",51,LOCAL_QP_ERR,5/0xf5,0x05,0xd,117,1,1,56,0,0x0,0,0x0,-1,1443567252.127,1443567252.208,1443567252.144,recovery not enabled (classification run),LOCAL_QP_ERR,0,,,3,51,0,0,1,9,51,1099511627776,51,52,51:cancelled:0:sig=1099511627776/52,1,,,+0x2124a00,+0x2164a00,+0x21a4a00,-0x0,+0x0,+0x0/0,56623104,,1,19.4,0,1,25.1,0,first barrier returned,first barrier returned,,,0,52
F1_blocking_ft1_rec0_fin_cring_d2000_t3,F1,blocking,3,1,0,1,,,,,,,2000,,1,nvft2_drv,519ecf63c0ca,e0d6fd1bd841,612fde2b0af6,3,9,0,0,2026-09-25,final,1,ring-walk,1,"0(off,",51,LOCAL_QP_ERR,5/0xf5,0x05,0xd,117,1,1,56,0,0x0,0,0x0,-1,1443569472.158,1443569472.182,1443569472.176,recovery not enabled (classification run),LOCAL_QP_ERR,0,,,3,51,0,0,1,9,51,1099511627776,51,52,51:cancelled:0:sig=1099511627776/52,1,,,+0x2124a00,+0x2164a00,+0x21a4a00,-0x0,+0x0,+0x0/0,56623104,,1,19.4,0,1,25.3,0,first barrier returned,first barrier returned,,,0,52
F1_blocking_ft1_rec0_fin_cring_d2000_t4,F1,blocking,4,1,0,1,,,,,,,2000,,1,nvft2_drv,519ecf63c0ca,e0d6fd1bd841,612fde2b0af6,3,9,0,0,2026-09-25,final,1,ring-walk,1,"0(off,",51,LOCAL_QP_ERR,5/0xf5,0x05,0xd,117,1,1,56,0,0x0,0,0x0,-1,1443571675.735,1443571675.787,1443571675.752,recovery not enabled (classification run),LOCAL_QP_ERR,0,,,3,51,0,0,1,9,51,1099511627776,51,52,51:cancelled:0:sig=1099511627776/52,1,,,+0x2124a00,+0x2164a00,+0x21a4a00,-0x0,+0x0,+0x0/0,56623104,,1,19.4,0,1,25.1,0,first barrier returned,first barrier returned,,,0,52
F1_blocking_ft1_rec0_fin_cring_d2000_t5,F1,blocking,5,1,0,1,,,,,,,2000,,1,nvft2_drv,519ecf63c0ca,e0d6fd1bd841,612fde2b0af6,3,9,0,0,2026-09-25,final,1,ring-walk,1,"0(off,",51,LOCAL_QP_ERR,5/0xf5,0x05,0xd,117,1,1,56,0,0x0,0,0x0,-1,1443573864.464,1443573864.563,1443573864.481,recovery not enabled (classification run),LOCAL_QP_ERR,0,,,3,51,0,0,1,9,51,1099511627776,51,52,51:cancelled:0:sig=1099511627776/52,1,,,+0x2124a00,+0x2164a00,+0x21a4a00,-0x0,+0x0,+0x0/0,56623104,,1,19.3,0,1,25.4,0,first barrier returned,first barrier returned,,,0,52
F1_blocking_ft1_rec1_fin_ring_t1,F1,blocking,1,1,1,1,,,,,,,,,1,nvft2_drv,519ecf63c0ca,e0d6fd1bd841,612fde2b0af6,0,0,0,0,2026-09-25,final,1,ring-walk,1,"0(off,",51,LOCAL_QP_ERR,5/0xf5,0x05,0xd,117,1,1,56,0,0x0,0,0x0,-1,1443538434.921,1443538435.010,1443538434.938,,,1,1,56/2/58,0,200,1,1,0,0,200,200,200,200,,0,,,+0x2124a00,+0x2164a00,+0x21a4a00,-0x0,+0x0,+0x0/0,56623104,,1,21.2,0,1,26.2,0,first barrier returned,first barrier returned,,,0,201
F1_blocking_ft1_rec1_fin_ring_t2,F1,blocking,2,1,1,1,,,,,,,,,1,nvft2_drv,519ecf63c0ca,e0d6fd1bd841,612fde2b0af6,0,0,0,0,2026-09-25,final,1,ring-walk,1,"0(off,",51,LOCAL_QP_ERR,5/0xf5,0x05,0xd,117,1,1,56,0,0x0,0,0x0,-1,1443542870.416,1443542870.502,1443542870.433,,,1,1,56/2/58,0,200,1,1,0,0,200,200,200,200,,0,,,+0x2124a00,+0x2164a00,+0x21a4a00,-0x0,+0x0,+0x0/0,56623104,,1,20.8,0,1,26.5,0,first barrier returned,first barrier returned,,,0,201
F1_blocking_ft1_rec1_fin_ring_t3,F1,blocking,3,1,1,1,,,,,,,,,1,nvft2_drv,519ecf63c0ca,e0d6fd1bd841,612fde2b0af6,0,0,0,0,2026-09-25,final,1,ring-walk,1,"0(off,",51,LOCAL_QP_ERR,5/0xf5,0x05,0xd,117,1,1,56,0,0x0,0,0x0,-1,1443547334.978,1443547335.061,1443547334.994,,,1,1,56/2/58,0,200,1,1,0,0,200,200,200,200,,0,,,+0x2124a00,+0x2164a00,+0x21a4a00,-0x0,+0x0,+0x0/0,56623104,,1,20.4,0,1,26.1,0,first barrier returned,first barrier returned,,,0,201
F1_timeout_ft1_rec1_fin_coll_t1,F1,timeout,1,1,1,,,,,,,,,,1,nvft2_drv,519ecf63c0ca,e0d6fd1bd841,612fde2b0af6,0,0,0,0,2026-09-25,final,1,in-loop,0,"0(off,",51,LOCAL_QP_ERR,5/0xf5,0x05,0xd,117,3,1,0,0,0x0,0,0x0,-1,1443662180.229,1443662180.262,1443662180.244,,,1,1,0/0/0,0,200,1,1,0,0,200,200,200,200,,0,,,+0x2124a00,+0x2164a00,+0x21a4a00,-0x0,+0x0,+0x0/0,56623104,,1,20.1,0,1,26.2,0,first barrier returned,first barrier returned,,,0,201
F1_timeout_ft1_rec1_fin_coll_t2,F1,timeout,2,1,1,,,,,,,,,,1,nvft2_drv,519ecf63c0ca,e0d6fd1bd841,612fde2b0af6,0,0,0,0,2026-09-25,final,1,in-loop,0,"0(off,",51,LOCAL_QP_ERR,5/0xf5,0x05,0xd,117,3,1,0,0,0x0,0,0x0,-1,1443666612.784,1443666612.870,1443666612.800,,,1,1,0/0/0,0,200,1,1,0,0,200,200,200,200,,0,,,+0x2124a00,+0x2164a00,+0x21a4a00,-0x0,+0x0,+0x0/0,56623104,,1,20.2,0,1,26.3,0,first barrier returned,first barrier returned,,,0,201
F1_timeout_ft1_rec1_fin_coll_t3,F1,timeout,3,1,1,,,,,,,,,,1,nvft2_drv,519ecf63c0ca,e0d6fd1bd841,612fde2b0af6,0,0,0,0,2026-09-25,final,1,in-loop,0,"0(off,",51,LOCAL_QP_ERR,5/0xf5,0x05,0xd,117,3,1,0,0,0x0,0,0x0,-1,1443671066.078,1443671066.093,1443671066.093,,,1,1,0/0/238,0,200,1,1,0,0,200,200,200,200,,0,,,+0x2124a00,+0x2164a00,+0x21a4a00,-0x0,+0x0,+0x0/0,56623104,,1,20.4,0,1,26.0,0,first barrier returned,first barrier returned,,,0,201
F1_timeout_ft1_rec1_fin_ring_t1,F1,timeout,1,1,1,1,,,,,,,,,1,nvft2_drv,519ecf63c0ca,e0d6fd1bd841,612fde2b0af6,0,0,0,0,2026-09-25,final,1,ring-walk,1,"0(off,",51,LOCAL_QP_ERR,5/0xf5,0x05,0xd,117,3,1,56,0,0x0,0,0x0,-1,1443492231.220,1443492231.240,1443492231.232,,,1,1,56/2/58,0,200,1,1,0,0,200,200,200,200,,0,,,+0x2124a00,+0x2164a00,+0x21a4a00,-0x0,+0x0,+0x0/0,56623104,,1,21.0,0,1,26.4,0,first barrier returned,first barrier returned,,,0,201
F1_timeout_ft1_rec1_fin_ring_t2,F1,timeout,2,1,1,1,,,,,,,,,1,nvft2_drv,519ecf63c0ca,e0d6fd1bd841,612fde2b0af6,0,0,0,0,2026-09-25,final,1,ring-walk,1,"0(off,",51,LOCAL_QP_ERR,5/0xf5,0x05,0xd,117,3,1,56,0,0x0,0,0x0,-1,1443496670.733,1443496670.754,1443496670.747,,,1,1,56/2/58,0,200,1,1,0,0,200,200,200,200,,0,,,+0x2124a00,+0x2164a00,+0x21a4a00,-0x0,+0x0,+0x0/0,56623104,,1,20.6,0,1,26.2,0,first barrier returned,first barrier returned,,,0,201
F1_timeout_ft1_rec1_fin_ring_t3,F1,timeout,3,1,1,1,,,,,,,,,1,nvft2_drv,519ecf63c0ca,e0d6fd1bd841,612fde2b0af6,0,0,0,0,2026-09-25,final,1,ring-walk,1,"0(off,",51,LOCAL_QP_ERR,5/0xf5,0x05,0xd,117,3,1,56,0,0x0,0,0x0,-1,1443501093.399,1443501093.481,1443501093.414,,,1,1,56/2/58,0,200,1,1,0,0,200,200,200,200,,0,,,+0x2124a00,+0x2164a00,+0x21a4a00,-0x0,+0x0,+0x0/0,56623104,,1,20.1,0,1,25.7,0,first barrier returned,first barrier returned,,,0,201
F1_timeout_ft1_rec1_fin_ring_t4,F1,timeout,4,1,1,1,,,,,,,,,1,nvft2_drv,519ecf63c0ca,e0d6fd1bd841,612fde2b0af6,0,0,0,0,2026-09-25,final,1,ring-walk,1,"0(off,",51,LOCAL_QP_ERR,5/0xf5,0x05,0xd,117,3,1,56,0,0x0,0,0x0,-1,1443505521.789,1443505521.838,1443505521.803,,,1,1,56/2/58,0,200,1,1,0,0,200,200,200,200,,0,,,+0x2124a00,+0x2164a00,+0x21a4a00,-0x0,+0x0,+0x0/0,56623104,,1,20.2,0,1,25.8,0,first barrier returned,first barrier returned,,,0,201
F1_timeout_ft1_rec1_fin_ring_t5,F1,timeout,5,1,1,1,,,,,,,,,1,nvft2_drv,519ecf63c0ca,e0d6fd1bd841,612fde2b0af6,0,0,0,0,2026-09-25,final,1,ring-walk,1,"0(off,",51,LOCAL_QP_ERR,5/0xf5,0x05,0xd,117,3,1,56,0,0x0,0,0x0,-1,1443509941.868,1443509941.890,1443509941.882,,,1,1,56/2/58,0,200,1,1,0,0,200,200,200,200,,0,,,+0x2124a00,+0x2164a00,+0x21a4a00,-0x0,+0x0,+0x0/0,56623104,,1,20.2,0,1,25.9,0,first barrier returned,first barrier returned,,,0,201
F1_timeout_ft1_rec1_fin_ringx5_t1,F1,timeout,1,1,1,1,,,,,,,,,1,nvft2_drv,519ecf63c0ca,e0d6fd1bd841,612fde2b0af6,0,0,0,0,2026-09-25,final,1,ring-walk,1,"0(off,",51,LOCAL_QP_ERR,5/0xf5,0x05,0xd,117,3,1,56,0,0x0,0,0x0,-1,1443551774.071,1443551774.119,1443551774.085,,,5,1;1;1;1;1,56/2/58;60/2/62;64/2/66;66/2/68;70/2/72,0,200,5,4,0,0,200,200,200,200,,0,,,+0x2124a00,+0x2164a00,+0x21a4a00,-0x0,+0x0,+0x0/0,56623104,,1,20.1,0,1,26.0,0,first barrier returned,first barrier returned,,,0,205
F1_timeout_ft1_rec1_fin_ringx5_t2,F1,timeout,2,1,1,1,,,,,,,,,1,nvft2_drv,519ecf63c0ca,e0d6fd1bd841,612fde2b0af6,0,0,0,0,2026-09-25,final,1,ring-walk,1,"0(off,",51,LOCAL_QP_ERR,5/0xf5,0x05,0xd,117,3,1,56,0,0x0,0,0x0,-1,1443556213.125,1443556213.179,1443556213.140,,,5,1;1;1;1;1,56/2/58;60/2/62;64/2/66;66/2/68;70/2/72,0,200,5,4,0,0,200,200,200,200,,0,,,+0x2124a00,+0x2164a00,+0x21a4a00,-0x0,+0x0,+0x0/0,56623104,,1,20.1,0,1,26.1,0,first barrier returned,first barrier returned,,,0,205
F1_timeout_ft1_rec1_fin_ringx5_t3,F1,timeout,3,1,1,1,,,,,,,,,1,nvft2_drv,519ecf63c0ca,e0d6fd1bd841,612fde2b0af6,0,0,0,0,2026-09-25,final,1,ring-walk,1,"0(off,",51,LOCAL_QP_ERR,5/0xf5,0x05,0xd,117,3,1,56,0,0x0,0,0x0,-1,1443560627.082,1443560627.142,1443560627.096,,,5,1;1;1;1;1,56/2/58;60/2/62;64/2/66;66/2/68;70/2/72,0,200,5,4,0,0,200,200,200,200,,0,,,+0x2124a00,+0x2164a00,+0x21a4a00,-0x0,+0x0,+0x0/0,56623104,,1,20.1,0,1,26.0,0,first barrier returned,first barrier returned,,,0,205
F2a_timeout_ft1_rec0_fin_g_exact_t1,F2a,timeout,1,1,0,,1,512,,exact,,,,,1,nvft2_drv,519ecf63c0ca,e0d6fd1bd841,612fde2b0af6,3,9,0,0,2026-09-25,final,1,in-loop,0,1(heap-level,4,OOB_WRITE,-1/0x02,0x00,0x0,0,5,2,0,7,0x2165400,262144,0x0,-1,1443654019.728,1443654019.752,1443654019.742,recovery not enabled (classification run),OOB_WRITE,0,,,3,4,0,0,1,9,4,1099511627776,4,5,4:cancelled:0:sig=1099511627776/5,1,0,0,+0x2125400,+0x2165600,+0x21a5800,-0x0,+0x2165400,+0x2165400/262144,56623104,2,1,20.2,0,1,26.7,0,first barrier returned,first barrier returned,,,0,5
F2a_timeout_ft1_rec0_fin_g_exact_t2,F2a,timeout,2,1,0,,1,512,,exact,,,,,1,nvft2_drv,519ecf63c0ca,e0d6fd1bd841,612fde2b0af6,3,9,0,0,2026-09-25,final,1,in-loop,0,1(heap-level,4,OOB_WRITE,-1/0x02,0x00,0x0,0,5,2,0,7,0x2165400,262144,0x0,-1,1443655502.019,1443655502.122,1443655502.033,recovery not enabled (classification run),OOB_WRITE,0,,,3,4,0,0,1,9,4,1099511627776,4,5,4:cancelled:0:sig=1099511627776/5,1,0,0,+0x2125400,+0x2165600,+0x21a5800,-0x0,+0x2165400,+0x2165400/262144,56623104,2,1,20.1,0,1,26.7,0,first barrier returned,first barrier returned,,,0,5
F2a_timeout_ft1_rec0_fin_g_exact_t3,F2a,timeout,3,1,0,,1,512,,exact,,,,,1,nvft2_drv,519ecf63c0ca,e0d6fd1bd841,612fde2b0af6,3,9,0,0,2026-09-25,final,1,in-loop,0,1(heap-level,4,OOB_WRITE,-1/0x02,0x00,0x0,0,5,2,0,7,0x2165400,262144,0x0,-1,1443656998.207,1443656998.221,1443656998.220,recovery not enabled (classification run),OOB_WRITE,0,,,3,4,0,0,1,9,4,1099511627776,4,5,4:cancelled:0:sig=1099511627776/5,1,0,0,+0x2125400,+0x2165600,+0x21a5800,-0x0,+0x2165400,+0x2165400/262144,56623104,2,1,20.5,0,1,26.7,0,first barrier returned,first barrier returned,,,0,5
F2a_timeout_ft1_rec0_fin_g_exact_t4,F2a,timeout,4,1,0,,1,512,,exact,,,,,1,nvft2_drv,519ecf63c0ca,e0d6fd1bd841,612fde2b0af6,3,9,0,0,2026-09-25,final,1,in-loop,0,1(heap-level,4,OOB_WRITE,-1/0x02,0x00,0x0,0,5,2,0,7,0x2165400,262144,0x0,-1,1443658478.579,1443658478.628,1443658478.592,recovery not enabled (classification run),OOB_WRITE,0,,,3,4,0,0,1,9,4,1099511627776,4,5,4:cancelled:0:sig=1099511627776/5,1,0,0,+0x2125400,+0x2165600,+0x21a5800,-0x0,+0x2165400,+0x2165400/262144,56623104,2,1,20.5,0,1,26.5,0,first barrier returned,first barrier returned,,,0,5
F2a_timeout_ft1_rec0_fin_g_exact_t5,F2a,timeout,5,1,0,,1,512,,exact,,,,,1,nvft2_drv,519ecf63c0ca,e0d6fd1bd841,612fde2b0af6,3,9,0,0,2026-09-25,final,1,in-loop,0,1(heap-level,4,OOB_WRITE,-1/0x02,0x00,0x0,0,5,2,0,7,0x2165400,262144,0x0,-1,1443659996.101,1443659996.155,1443659996.115,recovery not enabled (classification run),OOB_WRITE,0,,,3,4,0,0,1,9,4,1099511627776,4,5,4:cancelled:0:sig=1099511627776/5,1,0,0,+0x2125400,+0x2165600,+0x21a5800,-0x0,+0x2165400,+0x2165400/262144,56623104,2,1,20.1,0,1,30.4,0,first barrier returned,first barrier returned,,,0,5
F3_timeout_ft1_rec1_fin_ring_t1,F3,timeout,1,1,1,1,,,,,,,,,1,nvft2_drv,519ecf63c0ca,e0d6fd1bd841,612fde2b0af6,0,0,0,0,2026-09-25,final,1,ring-walk,1,"0(off,",51,RETRY_EXC,12/0x81,0x15,0xd,117,3,1,56,0,0x0,0,0x0,-1,1443517910.334,1443517910.424,1443517910.358,,,1,1,56/2/58,0,200,1,1,0,0,200,200,200,200,,0,,,+0x2124a00,+0x2164a00,+0x21a4a00,-0x0,+0x0,+0x0/0,56623104,,1,21.0,0,1,26.5,0,first barrier returned,first barrier returned,,,0,201
F3_timeout_ft1_rec1_fin_ring_t2,F3,timeout,2,1,1,1,,,,,,,,,1,nvft2_drv,519ecf63c0ca,e0d6fd1bd841,612fde2b0af6,0,0,0,0,2026-09-25,final,1,ring-walk,1,"0(off,",51,RETRY_EXC,12/0x81,0x15,0xd,117,3,1,56,0,0x0,0,0x0,-1,1443525963.503,1443525963.547,1443525963.530,,,1,1,56/2/58,0,200,1,1,0,0,200,200,200,200,,0,,,+0x2124a00,+0x2164a00,+0x21a4a00,-0x0,+0x0,+0x0/0,56623104,,1,21.1,0,1,26.6,0,first barrier returned,first barrier returned,,,0,201
F3_timeout_ft1_rec1_fin_ring_t3,F3,timeout,3,1,1,1,,,,,,,,,1,nvft2_drv,519ecf63c0ca,e0d6fd1bd841,612fde2b0af6,0,0,0,0,2026-09-25,final,1,ring-walk,1,"0(off,",51,RETRY_EXC,12/0x81,0x15,0xd,117,3,1,56,0,0x0,0,0x0,-1,1443534016.562,1443534016.589,1443534016.585,,,1,1,56/2/58,0,200,1,1,0,0,200,200,200,200,,0,,,+0x2124a00,+0x2164a00,+0x21a4a00,-0x0,+0x0,+0x0/0,56623104,,1,21.6,0,1,26.5,0,first barrier returned,first barrier returned,,,0,201
none_blocking_ft1_rec1_ringd0fix_t1,none,blocking,1,1,1,1,,,,,,,,,1,nvft2_drv,519ecf63c0ca,e0d6fd1bd841,612fde2b0af6,0,0,0,0,2026-09-25,final,1,ring-walk,1,"0(off,",60,FORCED,0/0x00,0x00,0x0,0,0,0,0,0,0x0,0,0x0,0,0.000,0.000,1443598452.856,,,1,0,66/0/66,0,200,1,1,0,0,200,200,200,200,,0,,,+0x2124a00,+0x2164a00,+0x21a4a00,-0x0,+0x0,+0x0/0,56623104,,1,20.1,0,1,26.2,0,first barrier returned,first barrier returned,,,0,200
none_blocking_ft1_rec1_ringd0fix_t2,none,blocking,2,1,1,1,,,,,,,,,1,nvft2_drv,519ecf63c0ca,e0d6fd1bd841,612fde2b0af6,0,0,0,0,2026-09-25,final,1,ring-walk,1,"0(off,",60,FORCED,0/0x00,0x00,0x0,0,0,0,0,0,0x0,0,0x0,0,0.000,0.000,1443602875.954,,,1,0,66/0/66,0,200,1,1,0,0,200,200,200,200,,0,,,+0x2124a00,+0x2164a00,+0x21a4a00,-0x0,+0x0,+0x0/0,56623104,,1,19.9,0,1,26.2,0,first barrier returned,first barrier returned,,,0,200
none_blocking_ft1_rec1_ringd0fix_t3,none,blocking,3,1,1,1,,,,,,,,,1,nvft2_drv,519ecf63c0ca,e0d6fd1bd841,612fde2b0af6,0,0,0,0,2026-09-25,final,1,ring-walk,1,"0(off,",60,FORCED,0/0x00,0x00,0x0,0,0,0,0,0,0x0,0,0x0,0,0.000,0.000,1443607308.261,,,1,0,66/0/66,0,200,1,1,0,0,200,200,200,200,,0,,,+0x2124a00,+0x2164a00,+0x21a4a00,-0x0,+0x0,+0x0/0,56623104,,1,20.0,0,1,26.3,0,first barrier returned,first barrier returned,,,0,200
none_timeout_ft0_rec0_fin_off_t1,none,timeout,1,0,0,,,,,,,,,,1,nvft2_drv,519ecf63c0ca,e0d6fd1bd841,612fde2b0af6,0,0,0,0,2026-09-25,final,0,,,,,,,,,,,,,,,,,,,,,,,0,,,0,200,0,0,0,0,200,200,200,200,,0,,,+0x2124a00,+0x2164a00,+0x21a4a00,-0x0,+0x0,+0x0/0,56623104,,1,20.0,0,1,26.0,0,first barrier returned,first barrier returned,,,0,200
none_timeout_ft0_rec0_fin_off_t2,none,timeout,2,0,0,,,,,,,,,,1,nvft2_drv,519ecf63c0ca,e0d6fd1bd841,612fde2b0af6,0,0,0,0,2026-09-25,final,0,,,,,,,,,,,,,,,,,,,,,,,0,,,0,200,0,0,0,0,200,200,200,200,,0,,,+0x2124a00,+0x2164a00,+0x21a4a00,-0x0,+0x0,+0x0/0,56623104,,1,20.0,0,1,26.5,0,first barrier returned,first barrier returned,,,0,200
none_timeout_ft0_rec0_fin_off_t3,none,timeout,3,0,0,,,,,,,,,,1,nvft2_drv,519ecf63c0ca,e0d6fd1bd841,612fde2b0af6,0,0,0,0,2026-09-25,final,0,,,,,,,,,,,,,,,,,,,,,,,0,,,0,200,0,0,0,0,200,200,200,200,,0,,,+0x2124a00,+0x2164a00,+0x21a4a00,-0x0,+0x0,+0x0/0,56623104,,1,20.0,0,1,25.9,0,first barrier returned,first barrier returned,,,0,200
none_timeout_ft1_rec0_fin_all_t1,none,timeout,1,1,0,1,1,512,,,,,,,1,nvft2_drv,519ecf63c0ca,e0d6fd1bd841,612fde2b0af6,0,0,0,0,2026-09-25,final,1,ring-walk,1,1(heap-level,,,,,,,,,,,,,,,,,,,,0,,,0,200,0,0,0,0,200,200,200,200,,0,,,+0x2125400,+0x2165600,+0x21a5800,-0x0,+0x0,+0x0/0,56623104,,1,21.4,0,1,27.6,0,first barrier returned,first barrier returned,,,0,200
none_timeout_ft1_rec0_fin_all_t2,none,timeout,2,1,0,1,1,512,,,,,,,1,nvft2_drv,519ecf63c0ca,e0d6fd1bd841,612fde2b0af6,0,0,0,0,2026-09-25,final,1,ring-walk,1,1(heap-level,,,,,,,,,,,,,,,,,,,,0,,,0,200,0,0,0,0,200,200,200,200,,0,,,+0x2125400,+0x2165600,+0x21a5800,-0x0,+0x0,+0x0/0,56623104,,1,21.4,0,1,28.2,0,first barrier returned,first barrier returned,,,0,200
none_timeout_ft1_rec0_fin_all_t3,none,timeout,3,1,0,1,1,512,,,,,,,1,nvft2_drv,519ecf63c0ca,e0d6fd1bd841,612fde2b0af6,0,0,0,0,2026-09-25,final,1,ring-walk,1,1(heap-level,,,,,,,,,,,,,,,,,,,,0,,,0,200,0,0,0,0,200,200,200,200,,0,,,+0x2125400,+0x2165600,+0x21a5800,-0x0,+0x0,+0x0/0,56623104,,1,21.6,0,1,28.1,0,first barrier returned,first barrier returned,,,0,200
none_timeout_ft1_rec0_mt300_coll_t1,none,timeout,1,1,0,,,,,,32,,,,1,nvft2_drv,519ecf63c0ca,e0d6fd1bd841,612fde2b0af6,0,0,0,0,2026-09-25,final,1,in-loop,0,"0(off,",,,,,,,,,,,,,,,,,,,,0,,,0,300,0,0,0,0,300,76800,76800,300,,0,,,+0x2124a00,+0x2164a00,+0x21a4a00,-0x0,+0x0,+0x0/0,56623104,,1,20.6,0,1,26.5,0,first barrier returned,first barrier returned,,,0,300
none_timeout_ft1_rec0_mt300_coll_t2,none,timeout,2,1,0,,,,,,32,,,,1,nvft2_drv,519ecf63c0ca,e0d6fd1bd841,612fde2b0af6,0,0,0,0,2026-09-25,final,1,in-loop,0,"0(off,",,,,,,,,,,,,,,,,,,,,0,,,0,300,0,0,0,0,300,76800,76800,300,,0,,,+0x2124a00,+0x2164a00,+0x21a4a00,-0x0,+0x0,+0x0/0,56623104,,1,20.4,0,1,26.4,0,first barrier returned,first barrier returned,,,0,300
none_timeout_ft1_rec0_mt300_ring_t1,none,timeout,1,1,0,1,,,,,32,,,,1,nvft2_drv,519ecf63c0ca,e0d6fd1bd841,612fde2b0af6,0,0,0,0,2026-09-25,final,1,ring-walk,1,"0(off,",,,,,,,,,,,,,,,,,,,,0,,,0,300,0,0,0,0,300,76800,76800,300,,0,,,+0x2124a00,+0x2164a00,+0x21a4a00,-0x0,+0x0,+0x0/0,56623104,,1,20.6,0,1,26.3,0,first barrier returned,first barrier returned,,,0,300
none_timeout_ft1_rec0_mt300_ring_t2,none,timeout,2,1,0,1,,,,,32,,,,1,nvft2_drv,519ecf63c0ca,e0d6fd1bd841,612fde2b0af6,0,0,0,0,2026-09-25,final,1,ring-walk,1,"0(off,",,,,,,,,,,,,,,,,,,,,0,,,0,300,0,0,0,0,300,76800,76800,300,,0,,,+0x2124a00,+0x2164a00,+0x21a4a00,-0x0,+0x0,+0x0/0,56623104,,1,20.9,0,1,26.9,0,first barrier returned,first barrier returned,,,0,300
none_timeout_ft1_rec0_mt300_ring_t3,none,timeout,3,1,0,1,,,,,32,,,,1,nvft2_drv,519ecf63c0ca,e0d6fd1bd841,612fde2b0af6,0,0,0,0,2026-09-25,final,1,ring-walk,1,"0(off,",,,,,,,,,,,,,,,,,,,,0,,,0,300,0,0,0,0,300,76800,76800,300,,0,,,+0x2124a00,+0x2164a00,+0x21a4a00,-0x0,+0x0,+0x0/0,56623104,,1,20.8,0,1,26.9,0,first barrier returned,first barrier returned,,,0,300
none_timeout_ft1_rec1_colld0fix_t1,none,timeout,1,1,1,,,,,,,,,,1,nvft2_drv,519ecf63c0ca,e0d6fd1bd841,612fde2b0af6,0,0,0,0,2026-09-25,final,1,in-loop,0,"0(off,",60,FORCED,0/0x00,0x00,0x0,0,0,0,0,0,0x0,0,0x0,0,0.000,0.000,1443611744.550,,,1,0,0/0/0,0,200,1,1,0,0,200,200,200,200,,0,,,+0x2124a00,+0x2164a00,+0x21a4a00,-0x0,+0x0,+0x0/0,56623104,,1,20.0,0,1,26.3,0,first barrier returned,first barrier returned,,,0,200
none_timeout_ft1_rec1_colld0fix_t2,none,timeout,2,1,1,,,,,,,,,,1,nvft2_drv,519ecf63c0ca,e0d6fd1bd841,612fde2b0af6,0,0,0,0,2026-09-25,final,1,in-loop,0,"0(off,",60,FORCED,0/0x00,0x00,0x0,0,0,0,0,0,0x0,0,0x0,0,0.000,0.000,1443616185.539,,,1,0,0/0/0,0,200,1,1,0,0,200,200,200,200,,0,,,+0x2124a00,+0x2164a00,+0x21a4a00,-0x0,+0x0,+0x0/0,56623104,,1,20.0,0,1,26.0,0,first barrier returned,first barrier returned,,,0,200
none_timeout_ft1_rec1_colld0fix_t3,none,timeout,3,1,1,,,,,,,,,,1,nvft2_drv,519ecf63c0ca,e0d6fd1bd841,612fde2b0af6,0,0,0,0,2026-09-25,final,1,in-loop,0,"0(off,",60,FORCED,0/0x00,0x00,0x0,0,0,0,0,0,0x0,0,0x0,0,0.000,0.000,1443620632.470,,,1,0,0/0/0,0,200,1,1,0,0,200,200,200,200,,0,,,+0x2124a00,+0x2164a00,+0x21a4a00,-0x0,+0x0,+0x0/0,56623104,,1,20.1,0,1,26.0,0,first barrier returned,first barrier returned,,,0,200
none_timeout_ft1_rec1_ringd0fix_t1,none,timeout,1,1,1,1,,,,,,,,,1,nvft2_drv,519ecf63c0ca,e0d6fd1bd841,612fde2b0af6,0,0,0,0,2026-09-25,final,1,ring-walk,1,"0(off,",60,FORCED,0/0x00,0x00,0x0,0,0,0,0,0,0x0,0,0x0,0,0.000,0.000,1443576205.207,,,1,0,66/0/66,0,200,1,1,0,0,200,200,200,200,,0,,,+0x2124a00,+0x2164a00,+0x21a4a00,-0x0,+0x0,+0x0/0,56623104,,1,20.3,0,1,26.3,0,first barrier returned,first barrier returned,,,0,200
none_timeout_ft1_rec1_ringd0fix_t2,none,timeout,2,1,1,1,,,,,,,,,1,nvft2_drv,519ecf63c0ca,e0d6fd1bd841,612fde2b0af6,0,0,0,0,2026-09-25,final,1,ring-walk,1,"0(off,",60,FORCED,0/0x00,0x00,0x0,0,0,0,0,0,0x0,0,0x0,0,0.000,0.000,1443580636.163,,,1,0,66/0/66,0,200,1,1,0,0,200,200,200,200,,0,,,+0x2124a00,+0x2164a00,+0x21a4a00,-0x0,+0x0,+0x0/0,56623104,,1,20.3,0,1,26.2,0,first barrier returned,first barrier returned,,,0,200
none_timeout_ft1_rec1_ringd0fix_t3,none,timeout,3,1,1,1,,,,,,,,,1,nvft2_drv,519ecf63c0ca,e0d6fd1bd841,612fde2b0af6,0,0,0,0,2026-09-25,final,1,ring-walk,1,"0(off,",60,FORCED,0/0x00,0x00,0x0,0,0,0,0,0,0x0,0,0x0,0,0.000,0.000,1443585092.442,,,1,0,66/0/66,0,200,1,1,0,0,200,200,200,200,,0,,,+0x2124a00,+0x2164a00,+0x21a4a00,-0x0,+0x0,+0x0/0,56623104,,1,20.3,0,1,26.6,0,first barrier returned,first barrier returned,,,0,200
none_timeout_ft1_rec1_ringd0fix_t4,none,timeout,4,1,1,1,,,,,,,,,1,nvft2_drv,519ecf63c0ca,e0d6fd1bd841,612fde2b0af6,0,0,0,0,2026-09-25,final,1,ring-walk,1,"0(off,",60,FORCED,0/0x00,0x00,0x0,0,0,0,0,0,0x0,0,0x0,0,0.000,0.000,1443589531.644,,,1,0,66/0/66,0,200,1,1,0,0,200,200,200,200,,0,,,+0x2124a00,+0x2164a00,+0x21a4a00,-0x0,+0x0,+0x0/0,56623104,,1,20.0,0,1,26.0,0,first barrier returned,first barrier returned,,,0,200
none_timeout_ft1_rec1_ringd0fix_t5,none,timeout,5,1,1,1,,,,,,,,,1,nvft2_drv,519ecf63c0ca,e0d6fd1bd841,612fde2b0af6,0,0,0,0,2026-09-25,final,1,ring-walk,1,"0(off,",60,FORCED,0/0x00,0x00,0x0,0,0,0,0,0,0x0,0,0x0,0,0.000,0.000,1443593992.158,,,1,0,66/0/66,0,200,1,1,0,0,200,200,200,200,,0,,,+0x2124a00,+0x2164a00,+0x21a4a00,-0x0,+0x0,+0x0/0,56623104,,1,20.3,0,1,26.1,0,first barrier returned,first barrier returned,,,0,200
