sub,stack,backend,cq_type,classify,fault,wait_mode,trial,init_outcome,target_outcome,data_check,silent_success,init_silent_iters,iters_ok_r0,iters_ok_r1,device_rc,host_error,surface_by,fault_ms,t_dev_ms,t_mbx_ms,t_rc_ms,t_api_ms,q4_nrec,q4_ndump,q4_class,q4_fault,q4_status,q4_vendor,q4_syndrome,q4_qpn,q4_wqe,q4_path,q4_cq,q4_root_op,q4_polled,q4_window,q4_buffer_err,dump_class,dump_polled,dump_window,dump_buffer_err,late_reread,host_query,qpwatch_err_ms,stock_gin_error,teardown,leftover_procs,lat_n,lat_p50_us,lat_p90_us,lat_p99_us,lat_p999_us,lat_max_us,lat_mean_us,lat_cpu_ms,lat_wall_ms,gt_spread_us,clock_offset_ms,notes,invalid,proxy_thread_r0,proxy_thread_r1,doca_proxy_lines_r0,doca_proxy_lines_r1,doorbell,driver,nvidia,class_ok,dev_rc_err,api_err,silent,teardown_clean,left0
main,nccl-gin,gdaki,collapsed,1,F1,blocking,10,error,hang_killed,n/a,0,0,38,38,remote,remote,r0,1318.7,15.448,15.535,15.901,15.749,1,0,LOCAL_QP_ERR,local_err,5,0xf5,0x5,0xffd9,76,wait-blocking,collapsed,0xd,wqe=76;op=0xd;syn=0x5;ve=0xf5,err=1;ok=0;root_idx=77;ticket=77;cqe_ci=75,1/128,,,,,,ERR,,yes,clean,0,,,,,,,,,,-1.0,-1131059112.638,r0rc=8;r1rc=7;gintype=3;drain_rc=;post_poll_ms=/2005.2;hook=4/4,,0,0,0,0,GPU,"PMO=1,SMO=1 both",rain=570.211.01;sunny=580.178.04,1,1,1,0,1,1
main,nccl-gin,gdaki,collapsed,1,F1,blocking,11,error,hang_killed,n/a,0,0,38,38,remote,remote,r0,1293.5,14.532,14.570,14.975,14.847,1,0,LOCAL_QP_ERR,local_err,5,0xf5,0x5,0x101fd,76,wait-blocking,collapsed,0xd,wqe=76;op=0xd;syn=0x5;ve=0xf5,err=1;ok=0;root_idx=77;ticket=77;cqe_ci=75,1/128,,,,,,ERR,,yes,clean,0,,,,,,,,,,-1.4,-1131059110.721,r0rc=8;r1rc=7;gintype=3;drain_rc=;post_poll_ms=/2005.2;hook=4/4,,0,0,0,0,GPU,"PMO=1,SMO=1 both",rain=570.211.01;sunny=580.178.04,1,1,1,0,1,1
main,nccl-gin,gdaki,collapsed,1,F1,blocking,12,error,hang_killed,n/a,0,0,38,38,remote,remote,r0,1314.3,15.186,15.266,15.721,15.487,1,0,LOCAL_QP_ERR,local_err,5,0xf5,0x5,0x103fd,76,wait-blocking,collapsed,0xd,wqe=76;op=0xd;syn=0x5;ve=0xf5,err=1;ok=0;root_idx=77;ticket=77;cqe_ci=75,1/128,,,,,,ERR,,yes,clean,0,,,,,,,,,,-1.1,-1131059107.406,r0rc=8;r1rc=7;gintype=3;drain_rc=;post_poll_ms=/2005.3;hook=4/4,,0,0,0,0,GPU,"PMO=1,SMO=1 both",rain=570.211.01;sunny=580.178.04,1,1,1,0,1,1
main,nccl-gin,gdaki,collapsed,1,F1,blocking,13,error,hang_killed,n/a,0,0,38,38,remote,remote,r0,1323.0,15.134,15.215,15.532,15.499,1,0,LOCAL_QP_ERR,local_err,5,0xf5,0x5,0x105fd,76,wait-blocking,collapsed,0xd,wqe=76;op=0xd;syn=0x5;ve=0xf5,err=1;ok=0;root_idx=77;ticket=77;cqe_ci=75,1/128,,,,,,ERR,,yes,clean,0,,,,,,,,,,-1.6,-1131059105.008,r0rc=8;r1rc=7;gintype=3;drain_rc=;post_poll_ms=/2005.2;hook=4/4,,0,0,0,0,GPU,"PMO=1,SMO=1 both",rain=570.211.01;sunny=580.178.04,1,1,1,0,1,1
main,nccl-gin,gdaki,collapsed,1,F1,blocking,14,error,hang_killed,n/a,0,0,38,38,remote,remote,r0,1311.3,14.641,14.690,15.182,14.855,1,0,LOCAL_QP_ERR,local_err,5,0xf5,0x5,0x107fd,76,wait-blocking,collapsed,0xd,wqe=76;op=0xd;syn=0x5;ve=0xf5,err=1;ok=0;root_idx=77;ticket=77;cqe_ci=75,1/128,,,,,,ERR,,yes,clean,0,,,,,,,,,,-1.4,-1131059103.241,r0rc=8;r1rc=7;gintype=3;drain_rc=;post_poll_ms=/2005.2;hook=4/4,,0,0,0,0,GPU,"PMO=1,SMO=1 both",rain=570.211.01;sunny=580.178.04,1,1,1,0,1,1
main,nccl-gin,gdaki,collapsed,1,F1,blocking,15,error,hang_killed,n/a,0,0,38,38,remote,remote,r0,1316.5,15.068,15.189,15.603,15.270,1,0,LOCAL_QP_ERR,local_err,5,0xf5,0x5,0x109fd,76,wait-blocking,collapsed,0xd,wqe=76;op=0xd;syn=0x5;ve=0xf5,err=1;ok=0;root_idx=77;ticket=77;cqe_ci=75,1/128,,,,,,ERR,,yes,clean,0,,,,,,,,,,-1.2,-1131059101.352,r0rc=8;r1rc=7;gintype=3;drain_rc=;post_poll_ms=/2005.2;hook=4/4,,0,0,0,0,GPU,"PMO=1,SMO=1 both",rain=570.211.01;sunny=580.178.04,1,1,1,0,1,1
main,nccl-gin,gdaki,collapsed,1,F1,blocking,1,error,hang_killed,n/a,0,0,38,38,remote,remote,r0,1287.0,14.418,14.505,14.946,14.763,1,0,LOCAL_QP_ERR,local_err,5,0xf5,0x5,0xe34e,76,wait-blocking,collapsed,0xd,wqe=76;op=0xd;syn=0x5;ve=0xf5,err=1;ok=0;root_idx=77;ticket=77;cqe_ci=75,1/128,,,,,,ERR,,yes,clean,0,,,,,,,,,,-1.5,-1131059108.778,r0rc=8;r1rc=7;gintype=3;drain_rc=;post_poll_ms=/2005.2;hook=4/4,,0,0,0,0,GPU,"PMO=1,SMO=1 both",rain=570.211.01;sunny=580.178.04,1,1,1,0,1,1
main,nccl-gin,gdaki,collapsed,1,F1,blocking,2,error,hang_killed,n/a,0,0,38,38,remote,remote,r0,1298.4,15.026,15.101,15.565,15.325,1,0,LOCAL_QP_ERR,local_err,5,0xf5,0x5,0xe665,76,wait-blocking,collapsed,0xd,wqe=76;op=0xd;syn=0x5;ve=0xf5,err=1;ok=0;root_idx=77;ticket=77;cqe_ci=75,1/128,,,,,,ERR,,yes,clean,0,,,,,,,,,,-1.5,-1131059110.475,r0rc=8;r1rc=7;gintype=3;drain_rc=;post_poll_ms=/2005.2;hook=4/4,,0,0,0,0,GPU,"PMO=1,SMO=1 both",rain=570.211.01;sunny=580.178.04,1,1,1,0,1,1
main,nccl-gin,gdaki,collapsed,1,F1,blocking,3,error,hang_killed,n/a,0,0,38,38,remote,remote,r0,1307.5,14.895,15.002,15.297,15.157,1,0,LOCAL_QP_ERR,local_err,5,0xf5,0x5,0xec65,76,wait-blocking,collapsed,0xd,wqe=76;op=0xd;syn=0x5;ve=0xf5,err=1;ok=0;root_idx=77;ticket=77;cqe_ci=75,1/128,,,,,,ERR,,yes,clean,0,,,,,,,,,,-1.3,-1131059111.137,r0rc=8;r1rc=7;gintype=3;drain_rc=;post_poll_ms=/2005.2;hook=4/4,,0,0,0,0,GPU,"PMO=1,SMO=1 both",rain=570.211.01;sunny=580.178.04,1,1,1,0,1,1
main,nccl-gin,gdaki,collapsed,1,F1,blocking,4,error,hang_killed,n/a,0,0,38,38,remote,remote,r0,1333.6,15.119,15.169,15.607,15.303,1,0,LOCAL_QP_ERR,local_err,5,0xf5,0x5,0xee85,76,wait-blocking,collapsed,0xd,wqe=76;op=0xd;syn=0x5;ve=0xf5,err=1;ok=0;root_idx=77;ticket=77;cqe_ci=75,1/128,,,,,,ERR,,yes,clean,0,,,,,,,,,,-1.0,-1131059111.667,r0rc=8;r1rc=7;gintype=3;drain_rc=;post_poll_ms=/2005.2;hook=4/4,,0,0,0,0,GPU,"PMO=1,SMO=1 both",rain=570.211.01;sunny=580.178.04,1,1,1,0,1,1
main,nccl-gin,gdaki,collapsed,1,F1,blocking,5,error,hang_killed,n/a,0,0,38,38,remote,remote,r0,1307.6,14.665,14.729,15.087,14.964,1,0,LOCAL_QP_ERR,local_err,5,0xf5,0x5,0xf0a5,76,wait-blocking,collapsed,0xd,wqe=76;op=0xd;syn=0x5;ve=0xf5,err=1;ok=0;root_idx=77;ticket=77;cqe_ci=75,1/128,,,,,,ERR,,yes,clean,0,,,,,,,,,,-1.0,-1131059112.277,r0rc=8;r1rc=7;gintype=3;drain_rc=;post_poll_ms=/2005.2;hook=4/4,,0,0,0,0,GPU,"PMO=1,SMO=1 both",rain=570.211.01;sunny=580.178.04,1,1,1,0,1,1
main,nccl-gin,gdaki,collapsed,1,F1,blocking,6,error,hang_killed,n/a,0,0,38,38,remote,remote,r0,1316.7,15.034,15.091,15.559,15.185,1,0,LOCAL_QP_ERR,local_err,5,0xf5,0x5,0xf2c5,76,wait-blocking,collapsed,0xd,wqe=76;op=0xd;syn=0x5;ve=0xf5,err=1;ok=0;root_idx=77;ticket=77;cqe_ci=75,1/128,,,,,,ERR,,yes,clean,0,,,,,,,,,,-1.8,-1131059112.633,r0rc=8;r1rc=7;gintype=3;drain_rc=;post_poll_ms=/2005.3;hook=4/4,,0,0,0,0,GPU,"PMO=1,SMO=1 both",rain=570.211.01;sunny=580.178.04,1,1,1,0,1,1
main,nccl-gin,gdaki,collapsed,1,F1,blocking,7,error,hang_killed,n/a,0,0,38,38,remote,remote,r0,1292.3,14.533,14.608,15.068,14.773,1,0,LOCAL_QP_ERR,local_err,5,0xf5,0x5,0xf605,76,wait-blocking,collapsed,0xd,wqe=76;op=0xd;syn=0x5;ve=0xf5,err=1;ok=0;root_idx=77;ticket=77;cqe_ci=75,1/128,,,,,,ERR,,yes,clean,0,,,,,,,,,,-1.3,-1131059113.232,r0rc=8;r1rc=7;gintype=3;drain_rc=;post_poll_ms=/2005.2;hook=4/4,,0,0,0,0,GPU,"PMO=1,SMO=1 both",rain=570.211.01;sunny=580.178.04,1,1,1,0,1,1
main,nccl-gin,gdaki,collapsed,1,F1,blocking,8,error,hang_killed,n/a,0,0,38,38,remote,remote,r0,1319.0,14.260,14.336,14.779,14.398,1,0,LOCAL_QP_ERR,local_err,5,0xf5,0x5,0xfb99,76,wait-blocking,collapsed,0xd,wqe=76;op=0xd;syn=0x5;ve=0xf5,err=1;ok=0;root_idx=77;ticket=77;cqe_ci=75,1/128,,,,,,ERR,,yes,clean,0,,,,,,,,,,-1.4,-1131059114.555,r0rc=8;r1rc=7;gintype=3;drain_rc=;post_poll_ms=/2005.3;hook=4/4,,0,0,0,0,GPU,"PMO=1,SMO=1 both",rain=570.211.01;sunny=580.178.04,1,1,1,0,1,1
main,nccl-gin,gdaki,collapsed,1,F1,blocking,9,error,hang_killed,n/a,0,0,38,38,remote,remote,r0,1295.1,15.246,15.319,15.660,15.494,1,0,LOCAL_QP_ERR,local_err,5,0xf5,0x5,0xfdd9,76,wait-blocking,collapsed,0xd,wqe=76;op=0xd;syn=0x5;ve=0xf5,err=1;ok=0;root_idx=77;ticket=77;cqe_ci=75,1/128,,,,,,ERR,,yes,clean,0,,,,,,,,,,-1.0,-1131059115.954,r0rc=8;r1rc=7;gintype=3;drain_rc=;post_poll_ms=/2005.3;hook=4/4,,0,0,0,0,GPU,"PMO=1,SMO=1 both",rain=570.211.01;sunny=580.178.04,1,1,1,0,1,1
main,nccl-gin,gdaki,collapsed,1,F1,timeout,10,error,timeout,missing,0,0,38,38,remote,remote,r0,1309.0,15.202,15.290,15.744,15.537,1,0,LOCAL_QP_ERR,local_err,5,0xf5,0x5,0xffb9,76,flush-timeout,collapsed,0xd,wqe=76;op=0xd;syn=0x5;ve=0xf5,err=1;ok=0;root_idx=77;ticket=77;cqe_ci=75,1/128,,,,,,ERR,,yes,clean,0,,,,,,,,,,-1.0,-1131059112.740,r0rc=8;r1rc=4;gintype=3;drain_rc=;post_poll_ms=/2005.3;hook=4/4,,0,0,0,0,GPU,"PMO=1,SMO=1 both",rain=570.211.01;sunny=580.178.04,1,1,1,0,1,1
main,nccl-gin,gdaki,collapsed,1,F1,timeout,11,error,timeout,missing,0,0,38,38,remote,remote,r0,1303.9,14.565,14.620,15.071,14.799,1,0,LOCAL_QP_ERR,local_err,5,0xf5,0x5,0x101dd,76,flush-timeout,collapsed,0xd,wqe=76;op=0xd;syn=0x5;ve=0xf5,err=1;ok=0;root_idx=77;ticket=77;cqe_ci=75,1/128,,,,,,ERR,,yes,clean,0,,,,,,,,,,-1.8,-1131059110.915,r0rc=8;r1rc=4;gintype=3;drain_rc=;post_poll_ms=/2005.2;hook=4/4,,0,0,0,0,GPU,"PMO=1,SMO=1 both",rain=570.211.01;sunny=580.178.04,1,1,1,0,1,1
main,nccl-gin,gdaki,collapsed,1,F1,timeout,12,error,timeout,missing,0,0,38,38,remote,remote,r0,1319.7,14.511,14.577,15.018,14.770,1,0,LOCAL_QP_ERR,local_err,5,0xf5,0x5,0x103dd,76,flush-timeout,collapsed,0xd,wqe=76;op=0xd;syn=0x5;ve=0xf5,err=1;ok=0;root_idx=77;ticket=77;cqe_ci=75,1/128,,,,,,ERR,,yes,clean,0,,,,,,,,,,-1.5,-1131059107.545,r0rc=8;r1rc=4;gintype=3;drain_rc=;post_poll_ms=/2005.2;hook=4/4,,0,0,0,0,GPU,"PMO=1,SMO=1 both",rain=570.211.01;sunny=580.178.04,1,1,1,0,1,1
main,nccl-gin,gdaki,collapsed,1,F1,timeout,13,error,timeout,missing,0,0,38,38,remote,remote,r0,1334.8,15.734,15.816,16.160,16.000,1,0,LOCAL_QP_ERR,local_err,5,0xf5,0x5,0x105dd,76,flush-timeout,collapsed,0xd,wqe=76;op=0xd;syn=0x5;ve=0xf5,err=1;ok=0;root_idx=77;ticket=77;cqe_ci=75,1/128,,,,,,ERR,,yes,clean,0,,,,,,,,,,-1.0,-1131059105.108,r0rc=8;r1rc=4;gintype=3;drain_rc=;post_poll_ms=/2005.3;hook=4/4,,0,0,0,0,GPU,"PMO=1,SMO=1 both",rain=570.211.01;sunny=580.178.04,1,1,1,0,1,1
main,nccl-gin,gdaki,collapsed,1,F1,timeout,14,error,timeout,missing,0,0,38,38,remote,remote,r0,1315.4,15.127,15.167,15.519,15.249,1,0,LOCAL_QP_ERR,local_err,5,0xf5,0x5,0x107dd,76,flush-timeout,collapsed,0xd,wqe=76;op=0xd;syn=0x5;ve=0xf5,err=1;ok=0;root_idx=77;ticket=77;cqe_ci=75,1/128,,,,,,ERR,,yes,clean,0,,,,,,,,,,-1.0,-1131059103.320,r0rc=8;r1rc=4;gintype=3;drain_rc=;post_poll_ms=/2005.3;hook=4/4,,0,0,0,0,GPU,"PMO=1,SMO=1 both",rain=570.211.01;sunny=580.178.04,1,1,1,0,1,1
main,nccl-gin,gdaki,collapsed,1,F1,timeout,15,error,timeout,missing,0,0,38,38,remote,remote,r0,1325.1,15.593,15.660,16.066,15.700,1,0,LOCAL_QP_ERR,local_err,5,0xf5,0x5,0x109dd,76,flush-timeout,collapsed,0xd,wqe=76;op=0xd;syn=0x5;ve=0xf5,err=1;ok=0;root_idx=77;ticket=77;cqe_ci=75,1/128,,,,,,ERR,,yes,clean,0,,,,,,,,,,-2.1,-1131059101.409,r0rc=8;r1rc=4;gintype=3;drain_rc=;post_poll_ms=/2005.3;hook=4/4,,0,0,0,0,GPU,"PMO=1,SMO=1 both",rain=570.211.01;sunny=580.178.04,1,1,1,0,1,1
main,nccl-gin,gdaki,collapsed,1,F1,timeout,1,error,timeout,missing,0,0,38,38,remote,remote,r0,1329.5,15.092,15.150,15.639,15.353,1,0,LOCAL_QP_ERR,local_err,5,0xf5,0x5,0xe32e,76,flush-timeout,collapsed,0xd,wqe=76;op=0xd;syn=0x5;ve=0xf5,err=1;ok=0;root_idx=77;ticket=77;cqe_ci=75,1/128,,,,,,ERR,,yes,clean,0,,,,,,,,,,-1.2,-1131059108.755,r0rc=8;r1rc=4;gintype=3;drain_rc=;post_poll_ms=/2005.3;hook=4/4,,0,0,0,0,GPU,"PMO=1,SMO=1 both",rain=570.211.01;sunny=580.178.04,1,1,1,0,1,1
main,nccl-gin,gdaki,collapsed,1,F1,timeout,2,error,timeout,missing,0,0,38,38,remote,remote,r0,1304.7,15.265,15.332,15.697,15.439,1,0,LOCAL_QP_ERR,local_err,5,0xf5,0x5,0xe605,76,flush-timeout,collapsed,0xd,wqe=76;op=0xd;syn=0x5;ve=0xf5,err=1;ok=0;root_idx=77;ticket=77;cqe_ci=75,1/128,,,,,,ERR,,yes,clean,0,,,,,,,,,,-1.5,-1131059110.448,r0rc=8;r1rc=4;gintype=3;drain_rc=;post_poll_ms=/2005.2;hook=4/4,,0,0,0,0,GPU,"PMO=1,SMO=1 both",rain=570.211.01;sunny=580.178.04,1,1,1,0,1,1
main,nccl-gin,gdaki,collapsed,1,F1,timeout,3,error,timeout,missing,0,0,38,38,remote,remote,r0,1308.8,14.888,14.979,15.428,15.078,1,0,LOCAL_QP_ERR,local_err,5,0xf5,0x5,0xec45,76,flush-timeout,collapsed,0xd,wqe=76;op=0xd;syn=0x5;ve=0xf5,err=1;ok=0;root_idx=77;ticket=77;cqe_ci=75,1/128,,,,,,ERR,,yes,clean,0,,,,,,,,,,-1.0,-1131059111.110,r0rc=8;r1rc=4;gintype=3;drain_rc=;post_poll_ms=/2005.3;hook=4/4,,0,0,0,0,GPU,"PMO=1,SMO=1 both",rain=570.211.01;sunny=580.178.04,1,1,1,0,1,1
main,nccl-gin,gdaki,collapsed,1,F1,timeout,4,error,timeout,missing,0,0,38,38,remote,remote,r0,1319.4,14.573,14.660,15.081,14.848,1,0,LOCAL_QP_ERR,local_err,5,0xf5,0x5,0xee65,76,flush-timeout,collapsed,0xd,wqe=76;op=0xd;syn=0x5;ve=0xf5,err=1;ok=0;root_idx=77;ticket=77;cqe_ci=75,1/128,,,,,,ERR,,yes,clean,0,,,,,,,,,,-1.1,-1131059111.629,r0rc=8;r1rc=4;gintype=3;drain_rc=;post_poll_ms=/2005.2;hook=4/4,,0,0,0,0,GPU,"PMO=1,SMO=1 both",rain=570.211.01;sunny=580.178.04,1,1,1,0,1,1
main,nccl-gin,gdaki,collapsed,1,F1,timeout,5,error,timeout,missing,0,0,38,38,remote,remote,r0,1320.5,15.165,15.242,15.604,15.501,1,0,LOCAL_QP_ERR,local_err,5,0xf5,0x5,0xf085,76,flush-timeout,collapsed,0xd,wqe=76;op=0xd;syn=0x5;ve=0xf5,err=1;ok=0;root_idx=77;ticket=77;cqe_ci=75,1/128,,,,,,ERR,,yes,clean,0,,,,,,,,,,-1.0,-1131059112.258,r0rc=8;r1rc=4;gintype=3;drain_rc=;post_poll_ms=/2005.2;hook=4/4,,0,0,0,0,GPU,"PMO=1,SMO=1 both",rain=570.211.01;sunny=580.178.04,1,1,1,0,1,1
main,nccl-gin,gdaki,collapsed,1,F1,timeout,6,error,timeout,missing,0,0,38,38,remote,remote,r0,1323.7,14.639,14.756,15.112,15.005,1,0,LOCAL_QP_ERR,local_err,5,0xf5,0x5,0xf2a5,76,flush-timeout,collapsed,0xd,wqe=76;op=0xd;syn=0x5;ve=0xf5,err=1;ok=0;root_idx=77;ticket=77;cqe_ci=75,1/128,,,,,,ERR,,yes,clean,0,,,,,,,,,,-1.0,-1131059112.624,r0rc=8;r1rc=4;gintype=3;drain_rc=;post_poll_ms=/2005.3;hook=4/4,,0,0,0,0,GPU,"PMO=1,SMO=1 both",rain=570.211.01;sunny=580.178.04,1,1,1,0,1,1
main,nccl-gin,gdaki,collapsed,1,F1,timeout,7,error,timeout,missing,0,0,38,38,remote,remote,r0,1325.1,15.111,15.162,15.569,15.236,1,0,LOCAL_QP_ERR,local_err,5,0xf5,0x5,0xf5a5,76,flush-timeout,collapsed,0xd,wqe=76;op=0xd;syn=0x5;ve=0xf5,err=1;ok=0;root_idx=77;ticket=77;cqe_ci=75,1/128,,,,,,ERR,,yes,clean,0,,,,,,,,,,-1.3,-1131059113.176,r0rc=8;r1rc=4;gintype=3;drain_rc=;post_poll_ms=/2005.2;hook=4/4,,0,0,0,0,GPU,"PMO=1,SMO=1 both",rain=570.211.01;sunny=580.178.04,1,1,1,0,1,1
main,nccl-gin,gdaki,collapsed,1,F1,timeout,8,error,timeout,missing,0,0,38,38,remote,remote,r0,1325.6,15.058,15.109,15.543,15.434,1,0,LOCAL_QP_ERR,local_err,5,0xf5,0x5,0xfb79,76,flush-timeout,collapsed,0xd,wqe=76;op=0xd;syn=0x5;ve=0xf5,err=1;ok=0;root_idx=77;ticket=77;cqe_ci=75,1/128,,,,,,ERR,,yes,clean,0,,,,,,,,,,-1.2,-1131059114.499,r0rc=8;r1rc=4;gintype=3;drain_rc=;post_poll_ms=/2005.3;hook=4/4,,0,0,0,0,GPU,"PMO=1,SMO=1 both",rain=570.211.01;sunny=580.178.04,1,1,1,0,1,1
main,nccl-gin,gdaki,collapsed,1,F1,timeout,9,error,timeout,missing,0,0,38,38,remote,remote,r0,1325.3,14.885,14.968,15.422,15.036,1,0,LOCAL_QP_ERR,local_err,5,0xf5,0x5,0xfdb9,76,flush-timeout,collapsed,0xd,wqe=76;op=0xd;syn=0x5;ve=0xf5,err=1;ok=0;root_idx=77;ticket=77;cqe_ci=75,1/128,,,,,,ERR,,yes,clean,0,,,,,,,,,,-1.8,-1131059115.926,r0rc=8;r1rc=4;gintype=3;drain_rc=;post_poll_ms=/2005.3;hook=4/4,,0,0,0,0,GPU,"PMO=1,SMO=1 both",rain=570.211.01;sunny=580.178.04,1,1,1,0,1,1
main,nccl-gin,gdaki,collapsed,1,F2,blocking,10,error,hang_killed,n/a,0,0,0,0,remote,remote,r0,720.5,1.336,1.428,1.413,1.503,1,0,REM_ACCESS,rem_access,10,0x88,0x13,0x10019,0,wait-blocking,collapsed,0xd,wqe=0;op=0xd;syn=0x13;ve=0x88,err=1;ok=0;root_idx=1;ticket=1;cqe_ci=0,1/128,,,,,,ERR,,yes,clean,0,,,,,,,,,,-2.3,-1131059112.348,r0rc=8;r1rc=7;gintype=3;drain_rc=;post_poll_ms=20.0/2005.2;hook=-,,0,0,0,0,GPU,"PMO=1,SMO=1 both",rain=570.211.01;sunny=580.178.04,1,1,1,0,1,1
main,nccl-gin,gdaki,collapsed,1,F2,blocking,11,error,hang_killed,n/a,0,0,0,0,remote,remote,r0,700.8,2.504,2.547,3.064,2.607,1,0,REM_ACCESS,rem_access,10,0x88,0x13,0x1023d,0,wait-blocking,collapsed,0xd,wqe=0;op=0xd;syn=0x13;ve=0x88,err=1;ok=0;root_idx=1;ticket=1;cqe_ci=0,1/128,,,,,,ERR,,yes,clean,0,,,,,,,,,,-1.0,-1131059110.202,r0rc=8;r1rc=7;gintype=3;drain_rc=;post_poll_ms=/2005.3;hook=-,,0,0,0,0,GPU,"PMO=1,SMO=1 both",rain=570.211.01;sunny=580.178.04,1,1,1,0,1,1
main,nccl-gin,gdaki,collapsed,1,F2,blocking,12,error,hang_killed,n/a,0,0,0,0,remote,remote,r0,716.4,2.495,2.586,3.066,2.859,1,0,REM_ACCESS,rem_access,10,0x88,0x13,0x1043d,0,wait-blocking,collapsed,0xd,wqe=0;op=0xd;syn=0x13;ve=0x88,err=1;ok=0;root_idx=1;ticket=1;cqe_ci=0,1/128,,,,,,ERR,,yes,clean,0,,,,,,,,,,-1.0,-1131059107.032,r0rc=8;r1rc=7;gintype=3;drain_rc=;post_poll_ms=/2005.2;hook=-,,0,0,0,0,GPU,"PMO=1,SMO=1 both",rain=570.211.01;sunny=580.178.04,1,1,1,0,1,1
main,nccl-gin,gdaki,collapsed,1,F2,blocking,13,error,hang_killed,n/a,0,0,0,0,remote,remote,r0,725.2,2.466,2.548,2.526,2.825,1,0,REM_ACCESS,rem_access,10,0x88,0x13,0x1063d,0,wait-blocking,collapsed,0xd,wqe=0;op=0xd;syn=0x13;ve=0x88,err=1;ok=0;root_idx=1;ticket=1;cqe_ci=0,1/128,,,,,,ERR,,yes,clean,0,,,,,,,,,,-1.0,-1131059104.736,r0rc=8;r1rc=7;gintype=3;drain_rc=;post_poll_ms=20.0/2005.2;hook=-,,0,0,0,0,GPU,"PMO=1,SMO=1 both",rain=570.211.01;sunny=580.178.04,1,1,1,0,1,1
main,nccl-gin,gdaki,collapsed,1,F2,blocking,14,error,hang_killed,n/a,0,0,0,0,remote,remote,r0,717.4,2.542,2.604,3.149,2.760,1,0,REM_ACCESS,rem_access,10,0x88,0x13,0x1083d,0,wait-blocking,collapsed,0xd,wqe=0;op=0xd;syn=0x13;ve=0x88,err=1;ok=0;root_idx=1;ticket=1;cqe_ci=0,1/128,,,,,,ERR,,yes,clean,0,,,,,,,,,,-1.0,-1131059103.047,r0rc=8;r1rc=7;gintype=3;drain_rc=;post_poll_ms=/2005.3;hook=-,,0,0,0,0,GPU,"PMO=1,SMO=1 both",rain=570.211.01;sunny=580.178.04,1,1,1,0,1,1
main,nccl-gin,gdaki,collapsed,1,F2,blocking,15,error,hang_killed,n/a,0,0,0,0,remote,remote,r0,712.6,2.476,2.520,3.067,2.782,1,0,REM_ACCESS,rem_access,10,0x88,0x13,0x10a3d,0,wait-blocking,collapsed,0xd,wqe=0;op=0xd;syn=0x13;ve=0x88,err=1;ok=0;root_idx=1;ticket=1;cqe_ci=0,1/128,,,,,,ERR,,yes,clean,0,,,,,,,,,,-1.1,-1131059101.227,r0rc=8;r1rc=7;gintype=3;drain_rc=;post_poll_ms=/2005.2;hook=-,,0,0,0,0,GPU,"PMO=1,SMO=1 both",rain=570.211.01;sunny=580.178.04,1,1,1,0,1,1
main,nccl-gin,gdaki,collapsed,1,F2,blocking,16,error,hang_killed,n/a,0,0,0,0,remote,remote,r0,727.5,2.494,2.591,3.071,2.788,1,0,REM_ACCESS,rem_access,10,0x88,0x13,0x10add,0,wait-blocking,collapsed,0xd,wqe=0;op=0xd;syn=0x13;ve=0x88,err=1;ok=0;root_idx=1;ticket=1;cqe_ci=0,1/128,,,,,,ERR,,yes,clean,0,,,,,,,,,,-1.2,-1131059100.916,r0rc=8;r1rc=7;gintype=3;drain_rc=;post_poll_ms=/2005.3;hook=-,,0,0,0,0,GPU,"PMO=1,SMO=1 both",rain=570.211.01;sunny=580.178.04,1,1,1,0,1,1
main,nccl-gin,gdaki,collapsed,1,F2,blocking,1,error,hang_killed,n/a,0,0,0,0,remote,remote,r0,704.8,1.298,1.379,1.422,1.561,1,0,REM_ACCESS,rem_access,10,0x88,0x13,0xe38e,0,wait-blocking,collapsed,0xd,wqe=0;op=0xd;syn=0x13;ve=0x88,err=1;ok=0;root_idx=1;ticket=1;cqe_ci=0,1/128,,,,,,ERR,,yes,clean,0,,,,,,,,,,-1.6,-1131059108.869,r0rc=8;r1rc=7;gintype=3;drain_rc=;post_poll_ms=20.1/2005.2;hook=-,,0,0,0,0,GPU,"PMO=1,SMO=1 both",rain=570.211.01;sunny=580.178.04,1,1,1,0,1,1
main,nccl-gin,gdaki,collapsed,1,F2,blocking,2,error,hang_killed,n/a,0,0,0,0,remote,remote,r0,703.9,1.303,1.369,1.413,1.597,1,0,REM_ACCESS,rem_access,10,0x88,0x13,0xe725,0,wait-blocking,collapsed,0xd,wqe=0;op=0xd;syn=0x13;ve=0x88,err=1;ok=0;root_idx=1;ticket=1;cqe_ci=0,1/128,,,,,,ERR,,yes,clean,0,,,,,,,,,,-1.3,-1131059110.563,r0rc=8;r1rc=7;gintype=3;drain_rc=;post_poll_ms=20.1/2005.3;hook=-,,0,0,0,0,GPU,"PMO=1,SMO=1 both",rain=570.211.01;sunny=580.178.04,1,1,1,0,1,1
main,nccl-gin,gdaki,collapsed,1,F2,blocking,3,error,hang_killed,n/a,0,0,0,0,remote,remote,r0,729.1,1.293,1.388,1.412,1.580,1,0,REM_ACCESS,rem_access,10,0x88,0x13,0xeca5,0,wait-blocking,collapsed,0xd,wqe=0;op=0xd;syn=0x13;ve=0x88,err=1;ok=0;root_idx=1;ticket=1;cqe_ci=0,1/128,,,,,,ERR,,yes,clean,0,,,,,,,,,,-1.5,-1131059111.206,r0rc=8;r1rc=7;gintype=3;drain_rc=;post_poll_ms=20.0/2005.3;hook=-,,0,0,0,0,GPU,"PMO=1,SMO=1 both",rain=570.211.01;sunny=580.178.04,1,1,1,0,1,1
main,nccl-gin,gdaki,collapsed,1,F2,blocking,4,error,hang_killed,n/a,0,0,0,0,remote,remote,r0,680.7,1.335,1.435,1.407,1.474,1,0,REM_ACCESS,rem_access,10,0x88,0x13,0xeec5,0,wait-blocking,collapsed,0xd,wqe=0;op=0xd;syn=0x13;ve=0x88,err=1;ok=0;root_idx=1;ticket=1;cqe_ci=0,1/128,,,,,,ERR,,yes,clean,0,,,,,,,,,,-1.9,-1131059111.724,r0rc=8;r1rc=7;gintype=3;drain_rc=;post_poll_ms=20.0/2005.3;hook=-,,0,0,0,0,GPU,"PMO=1,SMO=1 both",rain=570.211.01;sunny=580.178.04,1,1,1,0,1,1
main,nccl-gin,gdaki,collapsed,1,F2,blocking,5,error,hang_killed,n/a,0,0,0,0,remote,remote,r0,712.4,1.347,1.459,1.410,1.609,1,0,REM_ACCESS,rem_access,10,0x88,0x13,0xf0e5,0,wait-blocking,collapsed,0xd,wqe=0;op=0xd;syn=0x13;ve=0x88,err=1;ok=0;root_idx=1;ticket=1;cqe_ci=0,1/128,,,,,,ERR,,yes,clean,0,,,,,,,,,,-1.0,-1131059112.328,r0rc=8;r1rc=7;gintype=3;drain_rc=;post_poll_ms=20.1/2005.2;hook=-,,0,0,0,0,GPU,"PMO=1,SMO=1 both",rain=570.211.01;sunny=580.178.04,1,1,1,0,1,1
main,nccl-gin,gdaki,collapsed,1,F2,blocking,6,error,hang_killed,n/a,0,0,0,0,remote,remote,r0,712.0,1.322,1.410,1.414,1.550,1,0,REM_ACCESS,rem_access,10,0x88,0x13,0xf305,0,wait-blocking,collapsed,0xd,wqe=0;op=0xd;syn=0x13;ve=0x88,err=1;ok=0;root_idx=1;ticket=1;cqe_ci=0,1/128,,,,,,ERR,,yes,clean,0,,,,,,,,,,-1.0,-1131059112.682,r0rc=8;r1rc=7;gintype=3;drain_rc=;post_poll_ms=20.1/2005.3;hook=-,,0,0,0,0,GPU,"PMO=1,SMO=1 both",rain=570.211.01;sunny=580.178.04,1,1,1,0,1,1
main,nccl-gin,gdaki,collapsed,1,F2,blocking,7,error,hang_killed,n/a,0,0,0,0,remote,remote,r0,696.5,1.311,1.408,1.422,1.591,1,0,REM_ACCESS,rem_access,10,0x88,0x13,0xf6c5,0,wait-blocking,collapsed,0xd,wqe=0;op=0xd;syn=0x13;ve=0x88,err=1;ok=0;root_idx=1;ticket=1;cqe_ci=0,1/128,,,,,,ERR,,yes,clean,0,,,,,,,,,,-1.1,-1131059113.423,r0rc=8;r1rc=7;gintype=3;drain_rc=;post_poll_ms=20.1/2005.3;hook=-,,0,0,0,0,GPU,"PMO=1,SMO=1 both",rain=570.211.01;sunny=580.178.04,1,1,1,0,1,1
main,nccl-gin,gdaki,collapsed,1,F2,blocking,8,error,hang_killed,n/a,0,0,0,0,remote,remote,r0,729.4,1.399,1.503,1.966,1.634,1,0,REM_ACCESS,rem_access,10,0x88,0x13,0xfbd9,0,wait-blocking,collapsed,0xd,wqe=0;op=0xd;syn=0x13;ve=0x88,err=1;ok=0;root_idx=1;ticket=1;cqe_ci=0,1/128,,,,,,ERR,,yes,clean,0,,,,,,,,,,-1.0,-1131059115.137,r0rc=8;r1rc=7;gintype=3;drain_rc=;post_poll_ms=/2005.3;hook=-,,0,0,0,0,GPU,"PMO=1,SMO=1 both",rain=570.211.01;sunny=580.178.04,1,1,1,0,1,1
main,nccl-gin,gdaki,collapsed,1,F2,blocking,9,unknown,hang_killed,n/a,0,0,0,0,,none,-,,,,,,0,0,,,,,,,,,,,,,,,,,,,,,no,n/a,0,,,,,,,,,,,,r0rc=1;r1rc=7;gintype=?;drain_rc=;post_poll_ms=/;hook=-,rank 0 did not initialise (r0 log: bind: Address already in use),na,0,0,0,GPU,"PMO=1,SMO=1 both",rain=570.211.01;sunny=580.178.04,0,0,0,0,0,1
main,nccl-gin,gdaki,collapsed,1,F2,timeout,10,error,timeout,missing,0,0,0,0,remote,remote,r0,709.5,1.360,1.431,1.963,1.569,1,0,REM_ACCESS,rem_access,10,0x88,0x13,0xfff9,0,flush-timeout,collapsed,0xd,wqe=0;op=0xd;syn=0x13;ve=0x88,err=1;ok=0;root_idx=1;ticket=1;cqe_ci=0,1/128,,,,,,ERR,,yes,clean,0,,,,,,,,,,-1.5,-1131059112.450,r0rc=8;r1rc=4;gintype=3;drain_rc=;post_poll_ms=/2005.3;hook=-,,0,0,0,0,GPU,"PMO=1,SMO=1 both",rain=570.211.01;sunny=580.178.04,1,1,1,0,1,1
main,nccl-gin,gdaki,collapsed,1,F2,timeout,11,error,timeout,missing,0,0,0,0,remote,remote,r0,664.3,4.153,4.215,4.726,4.362,1,0,REM_ACCESS,rem_access,10,0x88,0x13,0x1021d,0,flush-timeout,collapsed,0xd,wqe=0;op=0xd;syn=0x13;ve=0x88,err=1;ok=0;root_idx=1;ticket=1;cqe_ci=0,1/128,,,,,,ERR,,yes,clean,0,,,,,,,,,,-1.0,-1131059110.376,r0rc=8;r1rc=4;gintype=3;drain_rc=;post_poll_ms=/2005.2;hook=-,,0,0,0,0,GPU,"PMO=1,SMO=1 both",rain=570.211.01;sunny=580.178.04,1,1,1,0,1,1
main,nccl-gin,gdaki,collapsed,1,F2,timeout,12,error,timeout,missing,0,0,0,0,remote,remote,r0,704.6,2.648,2.747,3.067,2.964,1,0,REM_ACCESS,rem_access,10,0x88,0x13,0x1041d,0,flush-timeout,collapsed,0xd,wqe=0;op=0xd;syn=0x13;ve=0x88,err=1;ok=0;root_idx=1;ticket=1;cqe_ci=0,1/128,,,,,,ERR,,yes,clean,0,,,,,,,,,,-2.1,-1131059107.159,r0rc=8;r1rc=4;gintype=3;drain_rc=;post_poll_ms=/2005.3;hook=-,,0,0,0,0,GPU,"PMO=1,SMO=1 both",rain=570.211.01;sunny=580.178.04,1,1,1,0,1,1
main,nccl-gin,gdaki,collapsed,1,F2,timeout,13,error,timeout,missing,0,0,0,0,remote,remote,r0,684.6,2.553,2.618,3.072,2.765,1,0,REM_ACCESS,rem_access,10,0x88,0x13,0x1061d,0,flush-timeout,collapsed,0xd,wqe=0;op=0xd;syn=0x13;ve=0x88,err=1;ok=0;root_idx=1;ticket=1;cqe_ci=0,1/128,,,,,,ERR,,yes,clean,0,,,,,,,,,,-1.0,-1131059104.828,r0rc=8;r1rc=4;gintype=3;drain_rc=;post_poll_ms=/2005.2;hook=-,,0,0,0,0,GPU,"PMO=1,SMO=1 both",rain=570.211.01;sunny=580.178.04,1,1,1,0,1,1
main,nccl-gin,gdaki,collapsed,1,F2,timeout,14,error,timeout,missing,0,0,0,0,remote,remote,r0,672.4,2.525,2.572,3.062,2.824,1,0,REM_ACCESS,rem_access,10,0x88,0x13,0x1081d,0,flush-timeout,collapsed,0xd,wqe=0;op=0xd;syn=0x13;ve=0x88,err=1;ok=0;root_idx=1;ticket=1;cqe_ci=0,1/128,,,,,,ERR,,yes,clean,0,,,,,,,,,,-1.0,-1131059103.113,r0rc=8;r1rc=4;gintype=3;drain_rc=;post_poll_ms=/2005.2;hook=-,,0,0,0,0,GPU,"PMO=1,SMO=1 both",rain=570.211.01;sunny=580.178.04,1,1,1,0,1,1
main,nccl-gin,gdaki,collapsed,1,F2,timeout,15,error,timeout,missing,0,0,0,0,remote,remote,r0,685.1,2.560,2.640,3.070,2.831,1,0,REM_ACCESS,rem_access,10,0x88,0x13,0x10a1d,0,flush-timeout,collapsed,0xd,wqe=0;op=0xd;syn=0x13;ve=0x88,err=1;ok=0;root_idx=1;ticket=1;cqe_ci=0,1/128,,,,,,ERR,,yes,clean,0,,,,,,,,,,-2.0,-1131059101.273,r0rc=8;r1rc=4;gintype=3;drain_rc=;post_poll_ms=/2005.3;hook=-,,0,0,0,0,GPU,"PMO=1,SMO=1 both",rain=570.211.01;sunny=580.178.04,1,1,1,0,1,1
main,nccl-gin,gdaki,collapsed,1,F2,timeout,1,error,timeout,missing,0,0,0,0,remote,remote,r0,680.9,1.319,1.378,1.417,1.542,1,0,REM_ACCESS,rem_access,10,0x88,0x13,0xe36e,0,flush-timeout,collapsed,0xd,wqe=0;op=0xd;syn=0x13;ve=0x88,err=1;ok=0;root_idx=1;ticket=1;cqe_ci=0,1/128,,,,,,ERR,,yes,clean,0,,,,,,,,,,-1.5,-1131059108.844,r0rc=8;r1rc=4;gintype=3;drain_rc=;post_poll_ms=20.0/2018.5;hook=-,,0,0,0,0,GPU,"PMO=1,SMO=1 both",rain=570.211.01;sunny=580.178.04,1,1,1,0,1,1
main,nccl-gin,gdaki,collapsed,1,F2,timeout,2,error,timeout,missing,0,0,0,0,remote,remote,r0,696.8,1.317,1.390,1.417,1.518,1,0,REM_ACCESS,rem_access,10,0x88,0x13,0xe6c5,0,flush-timeout,collapsed,0xd,wqe=0;op=0xd;syn=0x13;ve=0x88,err=1;ok=0;root_idx=1;ticket=1;cqe_ci=0,1/128,,,,,,ERR,,yes,clean,0,,,,,,,,,,-1.9,-1131059110.538,r0rc=8;r1rc=4;gintype=3;drain_rc=;post_poll_ms=20.1/2005.2;hook=-,,0,0,0,0,GPU,"PMO=1,SMO=1 both",rain=570.211.01;sunny=580.178.04,1,1,1,0,1,1
main,nccl-gin,gdaki,collapsed,1,F2,timeout,3,error,timeout,missing,0,0,0,0,remote,remote,r0,680.5,1.324,1.392,1.408,1.559,1,0,REM_ACCESS,rem_access,10,0x88,0x13,0xec85,0,flush-timeout,collapsed,0xd,wqe=0;op=0xd;syn=0x13;ve=0x88,err=1;ok=0;root_idx=1;ticket=1;cqe_ci=0,1/128,,,,,,ERR,,yes,clean,0,,,,,,,,,,-1.0,-1131059111.182,r0rc=8;r1rc=4;gintype=3;drain_rc=;post_poll_ms=20.1/2018.4;hook=-,,0,0,0,0,GPU,"PMO=1,SMO=1 both",rain=570.211.01;sunny=580.178.04,1,1,1,0,1,1
main,nccl-gin,gdaki,collapsed,1,F2,timeout,4,error,timeout,missing,0,0,0,0,remote,remote,r0,724.9,1.361,1.409,1.413,1.537,1,0,REM_ACCESS,rem_access,10,0x88,0x13,0xeea5,0,flush-timeout,collapsed,0xd,wqe=0;op=0xd;syn=0x13;ve=0x88,err=1;ok=0;root_idx=1;ticket=1;cqe_ci=0,1/128,,,,,,ERR,,yes,clean,0,,,,,,,,,,-2.3,-1131059111.700,r0rc=8;r1rc=4;gintype=3;drain_rc=;post_poll_ms=20.1/2005.2;hook=-,,0,0,0,0,GPU,"PMO=1,SMO=1 both",rain=570.211.01;sunny=580.178.04,1,1,1,0,1,1
main,nccl-gin,gdaki,collapsed,1,F2,timeout,5,error,timeout,missing,0,0,0,0,remote,remote,r0,696.8,1.374,1.419,1.959,1.562,1,0,REM_ACCESS,rem_access,10,0x88,0x13,0xf0c5,0,flush-timeout,collapsed,0xd,wqe=0;op=0xd;syn=0x13;ve=0x88,err=1;ok=0;root_idx=1;ticket=1;cqe_ci=0,1/128,,,,,,ERR,,yes,clean,0,,,,,,,,,,-1.2,-1131059112.312,r0rc=8;r1rc=4;gintype=3;drain_rc=;post_poll_ms=/2005.3;hook=-,,0,0,0,0,GPU,"PMO=1,SMO=1 both",rain=570.211.01;sunny=580.178.04,1,1,1,0,1,1
main,nccl-gin,gdaki,collapsed,1,F2,timeout,6,error,timeout,missing,0,0,0,0,remote,remote,r0,692.8,1.365,1.418,1.418,1.503,1,0,REM_ACCESS,rem_access,10,0x88,0x13,0xf2e5,0,flush-timeout,collapsed,0xd,wqe=0;op=0xd;syn=0x13;ve=0x88,err=1;ok=0;root_idx=1;ticket=1;cqe_ci=0,1/128,,,,,,ERR,,yes,clean,0,,,,,,,,,,-1.0,-1131059112.654,r0rc=8;r1rc=4;gintype=3;drain_rc=;post_poll_ms=20.1/2005.2;hook=-,,0,0,0,0,GPU,"PMO=1,SMO=1 both",rain=570.211.01;sunny=580.178.04,1,1,1,0,1,1
main,nccl-gin,gdaki,collapsed,1,F2,timeout,7,error,timeout,missing,0,0,0,0,remote,remote,r0,700.2,1.343,1.443,1.409,1.588,1,0,REM_ACCESS,rem_access,10,0x88,0x13,0xf665,0,flush-timeout,collapsed,0xd,wqe=0;op=0xd;syn=0x13;ve=0x88,err=1;ok=0;root_idx=1;ticket=1;cqe_ci=0,1/128,,,,,,ERR,,yes,clean,0,,,,,,,,,,-1.1,-1131059113.361,r0rc=8;r1rc=4;gintype=3;drain_rc=;post_poll_ms=20.1/2018.4;hook=-,,0,0,0,0,GPU,"PMO=1,SMO=1 both",rain=570.211.01;sunny=580.178.04,1,1,1,0,1,1
main,nccl-gin,gdaki,collapsed,1,F2,timeout,8,error,timeout,missing,0,0,0,0,remote,remote,r0,732.3,1.335,1.394,1.408,1.616,1,0,REM_ACCESS,rem_access,10,0x88,0x13,0xfbb9,0,flush-timeout,collapsed,0xd,wqe=0;op=0xd;syn=0x13;ve=0x88,err=1;ok=0;root_idx=1;ticket=1;cqe_ci=0,1/128,,,,,,ERR,,yes,clean,0,,,,,,,,,,-1.0,-1131059115.101,r0rc=8;r1rc=4;gintype=3;drain_rc=;post_poll_ms=20.1/2005.2;hook=-,,0,0,0,0,GPU,"PMO=1,SMO=1 both",rain=570.211.01;sunny=580.178.04,1,1,1,0,1,1
main,nccl-gin,gdaki,collapsed,1,F2,timeout,9,error,timeout,missing,0,0,0,0,remote,remote,r0,712.6,1.394,1.470,1.966,1.600,1,0,REM_ACCESS,rem_access,10,0x88,0x13,0xfdf9,0,flush-timeout,collapsed,0xd,wqe=0;op=0xd;syn=0x13;ve=0x88,err=1;ok=0;root_idx=1;ticket=1;cqe_ci=0,1/128,,,,,,ERR,,yes,clean,0,,,,,,,,,,-1.3,-1131059116.023,r0rc=8;r1rc=4;gintype=3;drain_rc=;post_poll_ms=/2005.2;hook=-,,0,0,0,0,GPU,"PMO=1,SMO=1 both",rain=570.211.01;sunny=580.178.04,1,1,1,0,1,1
main,nccl-gin,gdaki,collapsed,1,F3,blocking,10,error,hang_killed,n/a,0,0,38,38,remote,remote,r0,1319.2,3667.867,3667.988,3667.963,3668.241,1,0,RETRY_EXC,peer_err|proc_kill,12,0x81,0x15,0x10059,76,wait-blocking,collapsed,0xd,wqe=76;op=0xd;syn=0x15;ve=0x81,err=1;ok=0;root_idx=77;ticket=77;cqe_ci=75,1/128,,,,,,ERR,,yes,clean,0,,,,,,,,,,-1.0,-1131059112.059,r0rc=8;r1rc=7;gintype=3;drain_rc=;post_poll_ms=20.1/2005.3;hook=4/4,,0,0,0,0,GPU,"PMO=1,SMO=1 both",rain=570.211.01;sunny=580.178.04,1,1,1,0,1,1
main,nccl-gin,gdaki,collapsed,1,F3,blocking,11,error,hang_killed,n/a,0,0,38,38,remote,remote,r0,1310.7,3543.219,3543.316,3543.343,3543.389,1,0,RETRY_EXC,peer_err|proc_kill,12,0x81,0x15,0x1027d,76,wait-blocking,collapsed,0xd,wqe=76;op=0xd;syn=0x15;ve=0x81,err=1;ok=0;root_idx=77;ticket=77;cqe_ci=75,1/128,,,,,,ERR,,yes,clean,0,,,,,,,,,,-1.5,-1131059109.709,r0rc=8;r1rc=7;gintype=3;drain_rc=;post_poll_ms=20.1/2005.2;hook=4/4,,0,0,0,0,GPU,"PMO=1,SMO=1 both",rain=570.211.01;sunny=580.178.04,1,1,1,0,1,1
main,nccl-gin,gdaki,collapsed,1,F3,blocking,12,error,hang_killed,n/a,0,0,38,38,remote,remote,r0,1311.7,3562.823,3562.890,3563.102,3563.107,1,0,RETRY_EXC,peer_err|proc_kill,12,0x81,0x15,0x1047d,76,wait-blocking,collapsed,0xd,wqe=76;op=0xd;syn=0x15;ve=0x81,err=1;ok=0;root_idx=77;ticket=77;cqe_ci=75,1/128,,,,,,ERR,,yes,clean,0,,,,,,,,,,-1.5,-1131059106.677,r0rc=8;r1rc=7;gintype=3;drain_rc=;post_poll_ms=20.1/2005.3;hook=4/4,,0,0,0,0,GPU,"PMO=1,SMO=1 both",rain=570.211.01;sunny=580.178.04,1,1,1,0,1,1
main,nccl-gin,gdaki,collapsed,1,F3,blocking,13,error,hang_killed,n/a,0,0,38,38,remote,remote,r0,1279.2,3660.019,3660.101,3660.215,3660.204,1,0,RETRY_EXC,peer_err|proc_kill,12,0x81,0x15,0x1067d,76,wait-blocking,collapsed,0xd,wqe=76;op=0xd;syn=0x15;ve=0x81,err=1;ok=0;root_idx=77;ticket=77;cqe_ci=75,1/128,,,,,,ERR,,yes,clean,0,,,,,,,,,,-1.4,-1131059104.477,r0rc=8;r1rc=7;gintype=3;drain_rc=;post_poll_ms=/2005.2;hook=4/4,,0,0,0,0,GPU,"PMO=1,SMO=1 both",rain=570.211.01;sunny=580.178.04,1,1,1,0,1,1
main,nccl-gin,gdaki,collapsed,1,F3,blocking,14,error,hang_killed,n/a,0,0,38,38,remote,remote,r0,1283.4,3728.501,3728.556,3728.698,3728.622,1,0,RETRY_EXC,peer_err|proc_kill,12,0x81,0x15,0x1087d,76,wait-blocking,collapsed,0xd,wqe=76;op=0xd;syn=0x15;ve=0x81,err=1;ok=0;root_idx=77;ticket=77;cqe_ci=75,1/128,,,,,,ERR,,yes,clean,0,,,,,,,,,,-1.3,-1131059102.849,r0rc=8;r1rc=7;gintype=3;drain_rc=;post_poll_ms=/2005.2;hook=4/4,,0,0,0,0,GPU,"PMO=1,SMO=1 both",rain=570.211.01;sunny=580.178.04,1,1,1,0,1,1
main,nccl-gin,gdaki,collapsed,1,F3,blocking,15,error,hang_killed,n/a,0,0,38,38,remote,remote,r0,1327.1,3547.779,3547.828,3548.304,3548.009,1,0,RETRY_EXC,peer_err|proc_kill,12,0x81,0x15,0x10a7d,76,wait-blocking,collapsed,0xd,wqe=76;op=0xd;syn=0x15;ve=0x81,err=1;ok=0;root_idx=77;ticket=77;cqe_ci=75,1/128,,,,,,ERR,,yes,clean,0,,,,,,,,,,-1.0,-1131059101.079,r0rc=8;r1rc=7;gintype=3;drain_rc=;post_poll_ms=/2005.2;hook=4/4,,0,0,0,0,GPU,"PMO=1,SMO=1 both",rain=570.211.01;sunny=580.178.04,1,1,1,0,1,1
main,nccl-gin,gdaki,collapsed,1,F3,blocking,1,error,hang_killed,n/a,0,0,38,38,remote,remote,r0,1291.8,3519.842,3519.967,3520.000,3520.089,1,0,RETRY_EXC,peer_err|proc_kill,12,0x81,0x15,0xe3ce,76,wait-blocking,collapsed,0xd,wqe=76;op=0xd;syn=0x15;ve=0x81,err=1;ok=0;root_idx=77;ticket=77;cqe_ci=75,1/128,,,,,,ERR,,yes,clean,0,,,,,,,,,,-1.5,-1131059108.941,r0rc=8;r1rc=7;gintype=3;drain_rc=;post_poll_ms=20.1/2005.2;hook=4/4,,0,0,0,0,GPU,"PMO=1,SMO=1 both",rain=570.211.01;sunny=580.178.04,1,1,1,0,1,1
main,nccl-gin,gdaki,collapsed,1,F3,blocking,2,error,hang_killed,n/a,0,0,38,38,remote,remote,r0,1315.1,3560.908,3561.037,3561.314,3561.285,1,0,RETRY_EXC,peer_err|proc_kill,12,0x81,0x15,0xe7e5,76,wait-blocking,collapsed,0xd,wqe=76;op=0xd;syn=0x15;ve=0x81,err=1;ok=0;root_idx=77;ticket=77;cqe_ci=75,1/128,,,,,,ERR,,yes,clean,0,,,,,,,,,,-1.5,-1131059110.654,r0rc=8;r1rc=7;gintype=3;drain_rc=;post_poll_ms=/2005.2;hook=4/4,,0,0,0,0,GPU,"PMO=1,SMO=1 both",rain=570.211.01;sunny=580.178.04,1,1,1,0,1,1
main,nccl-gin,gdaki,collapsed,1,F3,blocking,3,error,hang_killed,n/a,0,0,38,38,remote,remote,r0,1274.8,3717.621,3717.689,3717.981,3717.873,1,0,RETRY_EXC,peer_err|proc_kill,12,0x81,0x15,0xece5,76,wait-blocking,collapsed,0xd,wqe=76;op=0xd;syn=0x15;ve=0x81,err=1;ok=0;root_idx=77;ticket=77;cqe_ci=75,1/128,,,,,,ERR,,yes,clean,0,,,,,,,,,,-2.0,-1131059111.265,r0rc=8;r1rc=7;gintype=3;drain_rc=;post_poll_ms=/2005.3;hook=4/4,,0,0,0,0,GPU,"PMO=1,SMO=1 both",rain=570.211.01;sunny=580.178.04,1,1,1,0,1,1
main,nccl-gin,gdaki,collapsed,1,F3,blocking,4,error,hang_killed,n/a,0,0,38,38,remote,remote,r0,1302.8,3657.159,3657.238,3657.444,3657.507,1,0,RETRY_EXC,peer_err|proc_kill,12,0x81,0x15,0xef05,76,wait-blocking,collapsed,0xd,wqe=76;op=0xd;syn=0x15;ve=0x81,err=1;ok=0;root_idx=77;ticket=77;cqe_ci=75,1/128,,,,,,ERR,,yes,clean,0,,,,,,,,,,-1.0,-1131059111.773,r0rc=8;r1rc=7;gintype=3;drain_rc=;post_poll_ms=20.1/2005.2;hook=4/4,,0,0,0,0,GPU,"PMO=1,SMO=1 both",rain=570.211.01;sunny=580.178.04,1,1,1,0,1,1
main,nccl-gin,gdaki,collapsed,1,F3,blocking,5,error,hang_killed,n/a,0,0,38,38,remote,remote,r0,1300.3,3574.339,3574.437,3574.637,3574.581,1,0,RETRY_EXC,peer_err|proc_kill,12,0x81,0x15,0xf125,76,wait-blocking,collapsed,0xd,wqe=76;op=0xd;syn=0x15;ve=0x81,err=1;ok=0;root_idx=77;ticket=77;cqe_ci=75,1/128,,,,,,ERR,,yes,clean,0,,,,,,,,,,-1.2,-1131059112.372,r0rc=8;r1rc=7;gintype=3;drain_rc=;post_poll_ms=/2005.3;hook=4/4,,0,0,0,0,GPU,"PMO=1,SMO=1 both",rain=570.211.01;sunny=580.178.04,1,1,1,0,1,1
main,nccl-gin,gdaki,collapsed,1,F3,blocking,6,error,hang_killed,n/a,0,0,38,38,remote,remote,r0,1331.0,3547.295,3547.376,3547.515,3547.591,1,0,RETRY_EXC,peer_err|proc_kill,12,0x81,0x15,0xf345,76,wait-blocking,collapsed,0xd,wqe=76;op=0xd;syn=0x15;ve=0x81,err=1;ok=0;root_idx=77;ticket=77;cqe_ci=75,1/128,,,,,,ERR,,yes,clean,0,,,,,,,,,,-2.3,-1131059112.722,r0rc=8;r1rc=7;gintype=3;drain_rc=;post_poll_ms=20.1/2005.2;hook=4/4,,0,0,0,0,GPU,"PMO=1,SMO=1 both",rain=570.211.01;sunny=580.178.04,1,1,1,0,1,1
main,nccl-gin,gdaki,collapsed,1,F3,blocking,7,error,hang_killed,n/a,0,0,38,38,remote,remote,r0,1334.5,3807.935,3808.025,3808.516,3808.182,1,0,RETRY_EXC,peer_err|proc_kill,12,0x81,0x15,0xf735,76,wait-blocking,collapsed,0xd,wqe=76;op=0xd;syn=0x15;ve=0x81,err=1;ok=0;root_idx=77;ticket=77;cqe_ci=75,1/128,,,,,,ERR,,yes,clean,0,,,,,,,,,,-1.0,-1131059113.594,r0rc=8;r1rc=7;gintype=3;drain_rc=;post_poll_ms=/2005.3;hook=4/4,,0,0,0,0,GPU,"PMO=1,SMO=1 both",rain=570.211.01;sunny=580.178.04,1,1,1,0,1,1
main,nccl-gin,gdaki,collapsed,1,F3,blocking,8,error,hang_killed,n/a,0,0,38,38,remote,remote,r0,1306.5,3760.875,3760.962,3761.415,3761.100,1,0,RETRY_EXC,peer_err|proc_kill,12,0x81,0x15,0xfc19,76,wait-blocking,collapsed,0xd,wqe=76;op=0xd;syn=0x15;ve=0x81,err=1;ok=0;root_idx=77;ticket=77;cqe_ci=75,1/128,,,,,,ERR,,yes,clean,0,,,,,,,,,,-1.0,-1131059115.259,r0rc=8;r1rc=7;gintype=3;drain_rc=;post_poll_ms=/2005.2;hook=4/4,,0,0,0,0,GPU,"PMO=1,SMO=1 both",rain=570.211.01;sunny=580.178.04,1,1,1,0,1,1
main,nccl-gin,gdaki,collapsed,1,F3,blocking,9,error,hang_killed,n/a,0,0,38,38,remote,remote,r0,1316.7,3750.456,3750.511,3750.660,3750.613,1,0,RETRY_EXC,peer_err|proc_kill,12,0x81,0x15,0xfe39,76,wait-blocking,collapsed,0xd,wqe=76;op=0xd;syn=0x15;ve=0x81,err=1;ok=0;root_idx=77;ticket=77;cqe_ci=75,1/128,,,,,,ERR,,yes,clean,0,,,,,,,,,,-1.1,-1131059114.826,r0rc=8;r1rc=7;gintype=3;drain_rc=;post_poll_ms=/2005.3;hook=4/4,,0,0,0,0,GPU,"PMO=1,SMO=1 both",rain=570.211.01;sunny=580.178.04,1,1,1,0,1,1
main,nccl-gin,gdaki,collapsed,1,F3,timeout,10,error,timeout,missing,0,0,38,38,remote,remote,r0,1278.8,3725.029,3725.130,3725.355,3725.258,1,0,RETRY_EXC,peer_err|proc_kill,12,0x81,0x15,0x10039,76,flush-timeout,collapsed,0xd,wqe=76;op=0xd;syn=0x15;ve=0x81,err=1;ok=0;root_idx=77;ticket=77;cqe_ci=75,1/128,,,,,,ERR,,yes,clean,0,,,,,,,,,,-1.4,-1131059112.171,r0rc=8;r1rc=4;gintype=3;drain_rc=;post_poll_ms=/2005.2;hook=4/4,,0,0,0,0,GPU,"PMO=1,SMO=1 both",rain=570.211.01;sunny=580.178.04,1,1,1,0,1,1
main,nccl-gin,gdaki,collapsed,1,F3,timeout,11,error,timeout,missing,0,0,38,38,remote,remote,r0,1293.2,3593.834,3593.859,3594.133,3593.971,1,0,RETRY_EXC,peer_err|proc_kill,12,0x81,0x15,0x1025d,76,flush-timeout,collapsed,0xd,wqe=76;op=0xd;syn=0x15;ve=0x81,err=1;ok=0;root_idx=77;ticket=77;cqe_ci=75,1/128,,,,,,ERR,,yes,clean,0,,,,,,,,,,-1.0,-1131059109.889,r0rc=8;r1rc=4;gintype=3;drain_rc=;post_poll_ms=/2005.3;hook=4/4,,0,0,0,0,GPU,"PMO=1,SMO=1 both",rain=570.211.01;sunny=580.178.04,1,1,1,0,1,1
main,nccl-gin,gdaki,collapsed,1,F3,timeout,12,error,timeout,missing,0,0,38,38,remote,remote,r0,1322.5,3636.916,3636.986,3636.983,3637.217,1,0,RETRY_EXC,peer_err|proc_kill,12,0x81,0x15,0x1045d,76,flush-timeout,collapsed,0xd,wqe=76;op=0xd;syn=0x15;ve=0x81,err=1;ok=0;root_idx=77;ticket=77;cqe_ci=75,1/128,,,,,,ERR,,yes,clean,0,,,,,,,,,,-1.0,-1131059106.807,r0rc=8;r1rc=4;gintype=3;drain_rc=;post_poll_ms=20.1/2005.3;hook=4/4,,0,0,0,0,GPU,"PMO=1,SMO=1 both",rain=570.211.01;sunny=580.178.04,1,1,1,0,1,1
main,nccl-gin,gdaki,collapsed,1,F3,timeout,13,error,timeout,missing,0,0,38,38,remote,remote,r0,1304.4,3651.049,3651.139,3651.567,3651.251,1,0,RETRY_EXC,peer_err|proc_kill,12,0x81,0x15,0x1065d,76,flush-timeout,collapsed,0xd,wqe=76;op=0xd;syn=0x15;ve=0x81,err=1;ok=0;root_idx=77;ticket=77;cqe_ci=75,1/128,,,,,,ERR,,yes,clean,0,,,,,,,,,,-1.2,-1131059104.571,r0rc=8;r1rc=4;gintype=3;drain_rc=;post_poll_ms=/2005.3;hook=4/4,,0,0,0,0,GPU,"PMO=1,SMO=1 both",rain=570.211.01;sunny=580.178.04,1,1,1,0,1,1
main,nccl-gin,gdaki,collapsed,1,F3,timeout,14,error,timeout,missing,0,0,38,38,remote,remote,r0,1284.8,3751.677,3751.724,3752.206,3751.777,1,0,RETRY_EXC,peer_err|proc_kill,12,0x81,0x15,0x1085d,76,flush-timeout,collapsed,0xd,wqe=76;op=0xd;syn=0x15;ve=0x81,err=1;ok=0;root_idx=77;ticket=77;cqe_ci=75,1/128,,,,,,ERR,,yes,clean,0,,,,,,,,,,-1.1,-1131059102.909,r0rc=8;r1rc=4;gintype=3;drain_rc=;post_poll_ms=/2005.3;hook=4/4,,0,0,0,0,GPU,"PMO=1,SMO=1 both",rain=570.211.01;sunny=580.178.04,1,1,1,0,1,1
main,nccl-gin,gdaki,collapsed,1,F3,timeout,15,error,timeout,missing,0,0,38,38,remote,remote,r0,1305.3,3626.170,3626.241,3626.478,3626.401,1,0,RETRY_EXC,peer_err|proc_kill,12,0x81,0x15,0x10a5d,76,flush-timeout,collapsed,0xd,wqe=76;op=0xd;syn=0x15;ve=0x81,err=1;ok=0;root_idx=77;ticket=77;cqe_ci=75,1/128,,,,,,ERR,,yes,clean,0,,,,,,,,,,-1.0,-1131059101.133,r0rc=8;r1rc=4;gintype=3;drain_rc=;post_poll_ms=/2005.3;hook=4/4,,0,0,0,0,GPU,"PMO=1,SMO=1 both",rain=570.211.01;sunny=580.178.04,1,1,1,0,1,1
main,nccl-gin,gdaki,collapsed,1,F3,timeout,1,error,timeout,missing,0,0,38,38,remote,remote,r0,1304.8,3787.671,3787.744,3788.288,3787.950,1,0,RETRY_EXC,peer_err|proc_kill,12,0x81,0x15,0xe3ae,76,flush-timeout,collapsed,0xd,wqe=76;op=0xd;syn=0x15;ve=0x81,err=1;ok=0;root_idx=77;ticket=77;cqe_ci=75,1/128,,,,,,ERR,,yes,clean,0,,,,,,,,,,-2.0,-1131059108.924,r0rc=8;r1rc=4;gintype=3;drain_rc=;post_poll_ms=/2005.2;hook=4/4,,0,0,0,0,GPU,"PMO=1,SMO=1 both",rain=570.211.01;sunny=580.178.04,1,1,1,0,1,1
main,nccl-gin,gdaki,collapsed,1,F3,timeout,2,error,timeout,missing,0,0,38,38,remote,remote,r0,1296.6,3623.947,3624.055,3624.049,3624.152,1,0,RETRY_EXC,peer_err|proc_kill,12,0x81,0x15,0xe785,76,flush-timeout,collapsed,0xd,wqe=76;op=0xd;syn=0x15;ve=0x81,err=1;ok=0;root_idx=77;ticket=77;cqe_ci=75,1/128,,,,,,ERR,,yes,clean,0,,,,,,,,,,-1.9,-1131059110.621,r0rc=8;r1rc=4;gintype=3;drain_rc=;post_poll_ms=20.1/2005.3;hook=4/4,,0,0,0,0,GPU,"PMO=1,SMO=1 both",rain=570.211.01;sunny=580.178.04,1,1,1,0,1,1
main,nccl-gin,gdaki,collapsed,1,F3,timeout,3,error,timeout,missing,0,0,38,38,remote,remote,r0,1295.0,3721.885,3722.002,3722.183,3722.117,1,0,RETRY_EXC,peer_err|proc_kill,12,0x81,0x15,0xecc5,76,flush-timeout,collapsed,0xd,wqe=76;op=0xd;syn=0x15;ve=0x81,err=1;ok=0;root_idx=77;ticket=77;cqe_ci=75,1/128,,,,,,ERR,,yes,clean,0,,,,,,,,,,-1.3,-1131059111.249,r0rc=8;r1rc=4;gintype=3;drain_rc=;post_poll_ms=/2005.2;hook=4/4,,0,0,0,0,GPU,"PMO=1,SMO=1 both",rain=570.211.01;sunny=580.178.04,1,1,1,0,1,1
main,nccl-gin,gdaki,collapsed,1,F3,timeout,4,error,timeout,missing,0,0,38,38,remote,remote,r0,1288.9,3691.746,3691.835,3692.202,3692.004,1,0,RETRY_EXC,peer_err|proc_kill,12,0x81,0x15,0xeee5,76,flush-timeout,collapsed,0xd,wqe=76;op=0xd;syn=0x15;ve=0x81,err=1;ok=0;root_idx=77;ticket=77;cqe_ci=75,1/128,,,,,,ERR,,yes,clean,0,,,,,,,,,,-1.3,-1131059111.754,r0rc=8;r1rc=4;gintype=3;drain_rc=;post_poll_ms=/2005.3;hook=4/4,,0,0,0,0,GPU,"PMO=1,SMO=1 both",rain=570.211.01;sunny=580.178.04,1,1,1,0,1,1
main,nccl-gin,gdaki,collapsed,1,F3,timeout,5,error,timeout,missing,0,0,38,38,remote,remote,r0,1319.0,3596.548,3596.613,3596.911,3596.780,1,0,RETRY_EXC,peer_err|proc_kill,12,0x81,0x15,0xf105,76,flush-timeout,collapsed,0xd,wqe=76;op=0xd;syn=0x15;ve=0x81,err=1;ok=0;root_idx=77;ticket=77;cqe_ci=75,1/128,,,,,,ERR,,yes,clean,0,,,,,,,,,,-1.7,-1131059112.349,r0rc=8;r1rc=4;gintype=3;drain_rc=;post_poll_ms=/2005.3;hook=4/4,,0,0,0,0,GPU,"PMO=1,SMO=1 both",rain=570.211.01;sunny=580.178.04,1,1,1,0,1,1
main,nccl-gin,gdaki,collapsed,1,F3,timeout,6,error,timeout,missing,0,0,38,38,remote,remote,r0,1303.9,3606.407,3606.456,3606.849,3606.759,1,0,RETRY_EXC,peer_err|proc_kill,12,0x81,0x15,0xf325,76,flush-timeout,collapsed,0xd,wqe=76;op=0xd;syn=0x15;ve=0x81,err=1;ok=0;root_idx=77;ticket=77;cqe_ci=75,1/128,,,,,,ERR,,yes,clean,0,,,,,,,,,,-1.4,-1131059112.699,r0rc=8;r1rc=4;gintype=3;drain_rc=;post_poll_ms=/2005.2;hook=4/4,,0,0,0,0,GPU,"PMO=1,SMO=1 both",rain=570.211.01;sunny=580.178.04,1,1,1,0,1,1
main,nccl-gin,gdaki,collapsed,1,F3,timeout,7,error,timeout,missing,0,0,38,38,remote,remote,r0,1295.5,3607.165,3607.282,3607.748,3607.434,1,0,RETRY_EXC,peer_err|proc_kill,12,0x81,0x15,0xf711,76,flush-timeout,collapsed,0xd,wqe=76;op=0xd;syn=0x15;ve=0x81,err=1;ok=0;root_idx=77;ticket=77;cqe_ci=75,1/128,,,,,,ERR,,yes,clean,0,,,,,,,,,,-1.2,-1131059113.528,r0rc=8;r1rc=4;gintype=3;drain_rc=;post_poll_ms=/2005.3;hook=4/4,,0,0,0,0,GPU,"PMO=1,SMO=1 both",rain=570.211.01;sunny=580.178.04,1,1,1,0,1,1
main,nccl-gin,gdaki,collapsed,1,F3,timeout,8,error,timeout,missing,0,0,38,38,remote,remote,r0,1271.6,3548.040,3548.123,3548.548,3548.191,1,0,RETRY_EXC,peer_err|proc_kill,12,0x81,0x15,0xfbf9,76,flush-timeout,collapsed,0xd,wqe=76;op=0xd;syn=0x15;ve=0x81,err=1;ok=0;root_idx=77;ticket=77;cqe_ci=75,1/128,,,,,,ERR,,yes,clean,0,,,,,,,,,,-1.0,-1131059115.210,r0rc=8;r1rc=4;gintype=3;drain_rc=;post_poll_ms=/2005.3;hook=4/4,,0,0,0,0,GPU,"PMO=1,SMO=1 both",rain=570.211.01;sunny=580.178.04,1,1,1,0,1,1
main,nccl-gin,gdaki,collapsed,1,F3,timeout,9,error,timeout,missing,0,0,38,38,remote,remote,r0,1314.1,3533.136,3533.256,3533.624,3533.423,1,0,RETRY_EXC,peer_err|proc_kill,12,0x81,0x15,0xfe19,76,flush-timeout,collapsed,0xd,wqe=76;op=0xd;syn=0x15;ve=0x81,err=1;ok=0;root_idx=77;ticket=77;cqe_ci=75,1/128,,,,,,ERR,,yes,clean,0,,,,,,,,,,-1.0,-1131059114.989,r0rc=8;r1rc=4;gintype=3;drain_rc=;post_poll_ms=/2005.2;hook=4/4,,0,0,0,0,GPU,"PMO=1,SMO=1 both",rain=570.211.01;sunny=580.178.04,1,1,1,0,1,1
main,nccl-gin,gdaki,collapsed,1,F4,blocking,10,error,killed,missing,0,0,180,180,remote,remote,r0,2705.3,3736.768,3736.845,3736.985,3736.993,1,0,RETRY_EXC,peer_err|proc_kill,12,0x81,0x15,0x10099,362,flush-timeout,collapsed,0xd,wqe=362;op=0xd;syn=0x15;ve=0x81,err=1;ok=0;root_idx=363;ticket=363;cqe_ci=361,1/128,,,,,,ERR,,yes,clean,0,,,,,,,,,,-2.1,-1131059111.801,r0rc=8;r1rc=255;gintype=3;drain_rc=6;post_poll_ms=/;hook=-,,0,0,0,0,GPU,"PMO=1,SMO=1 both",rain=570.211.01;sunny=580.178.04,1,1,1,0,1,1
main,nccl-gin,gdaki,collapsed,1,F4,blocking,11,error,killed,missing,0,0,176,176,remote,remote,r0,2697.2,3611.552,3611.631,3612.091,3611.764,1,0,RETRY_EXC,peer_err|proc_kill,12,0x81,0x15,0x102bd,354,flush-timeout,collapsed,0xd,wqe=354;op=0xd;syn=0x15;ve=0x81,err=1;ok=0;root_idx=355;ticket=355;cqe_ci=353,1/128,,,,,,ERR,,yes,clean,0,,,,,,,,,,-1.0,-1131059109.244,r0rc=8;r1rc=255;gintype=3;drain_rc=6;post_poll_ms=/;hook=-,,0,0,0,0,GPU,"PMO=1,SMO=1 both",rain=570.211.01;sunny=580.178.04,1,1,1,0,1,1
main,nccl-gin,gdaki,collapsed,1,F4,blocking,12,error,killed,missing,0,0,178,178,remote,remote,r0,2701.5,3647.504,3647.552,3647.785,3647.799,1,0,RETRY_EXC,peer_err|proc_kill,12,0x81,0x15,0x104bd,358,flush-timeout,collapsed,0xd,wqe=358;op=0xd;syn=0x15;ve=0x81,err=1;ok=0;root_idx=359;ticket=359;cqe_ci=357,1/128,,,,,,ERR,,yes,clean,0,,,,,,,,,,-2.2,-1131059106.333,r0rc=8;r1rc=255;gintype=3;drain_rc=6;post_poll_ms=/;hook=-,,0,0,0,0,GPU,"PMO=1,SMO=1 both",rain=570.211.01;sunny=580.178.04,1,1,1,0,1,1
main,nccl-gin,gdaki,collapsed,1,F4,blocking,13,error,killed,missing,0,0,179,179,remote,remote,r0,2705.1,3724.428,3724.533,3724.523,3724.555,1,0,RETRY_EXC,peer_err|proc_kill,12,0x81,0x15,0x106bd,360,flush-timeout,collapsed,0xd,wqe=360;op=0xd;syn=0x15;ve=0x81,err=1;ok=0;root_idx=361;ticket=361;cqe_ci=359,1/128,,,,,,ERR,,yes,clean,0,,,,,,,,,,-1.3,-1131059104.232,r0rc=8;r1rc=255;gintype=3;drain_rc=6;post_poll_ms=20.1/;hook=-,,0,0,0,0,GPU,"PMO=1,SMO=1 both",rain=570.211.01;sunny=580.178.04,1,1,1,0,1,1
main,nccl-gin,gdaki,collapsed,1,F4,blocking,14,error,killed,missing,0,0,180,180,remote,remote,r0,2709.5,3805.286,3805.349,3805.730,3805.557,1,0,RETRY_EXC,peer_err|proc_kill,12,0x81,0x15,0x108bd,362,flush-timeout,collapsed,0xd,wqe=362;op=0xd;syn=0x15;ve=0x81,err=1;ok=0;root_idx=363;ticket=363;cqe_ci=361,1/128,,,,,,ERR,,yes,clean,0,,,,,,,,,,-1.4,-1131059102.666,r0rc=8;r1rc=255;gintype=3;drain_rc=6;post_poll_ms=/;hook=-,,0,0,0,0,GPU,"PMO=1,SMO=1 both",rain=570.211.01;sunny=580.178.04,1,1,1,0,1,1
main,nccl-gin,gdaki,collapsed,1,F4,blocking,15,error,killed,missing,0,0,180,180,remote,remote,r0,2713.3,3632.439,3632.538,3633.028,3632.686,1,0,RETRY_EXC,peer_err|proc_kill,12,0x81,0x15,0x10abd,362,flush-timeout,collapsed,0xd,wqe=362;op=0xd;syn=0x15;ve=0x81,err=1;ok=0;root_idx=363;ticket=363;cqe_ci=361,1/128,,,,,,ERR,,yes,clean,0,,,,,,,,,,-2.0,-1131059100.952,r0rc=8;r1rc=255;gintype=3;drain_rc=6;post_poll_ms=/;hook=-,,0,0,0,0,GPU,"PMO=1,SMO=1 both",rain=570.211.01;sunny=580.178.04,1,1,1,0,1,1
main,nccl-gin,gdaki,collapsed,1,F4,blocking,1,error,killed,missing,0,0,179,179,remote,remote,r0,2701.1,3829.594,3829.675,3829.837,3829.756,1,0,RETRY_EXC,peer_err|proc_kill,12,0x81,0x15,0xe40e,360,flush-timeout,collapsed,0xd,wqe=360;op=0xd;syn=0x15;ve=0x81,err=1;ok=0;root_idx=361;ticket=361;cqe_ci=359,1/128,,,,,,ERR,,yes,clean,0,,,,,,,,,,-2.0,-1131059109.017,r0rc=8;r1rc=255;gintype=3;drain_rc=6;post_poll_ms=/;hook=-,,0,0,0,0,GPU,"PMO=1,SMO=1 both",rain=570.211.01;sunny=580.178.04,1,1,1,0,1,1
main,nccl-gin,gdaki,collapsed,1,F4,blocking,2,error,killed,missing,0,0,179,179,remote,remote,r0,2701.4,3609.901,3609.972,3610.164,3610.115,1,0,RETRY_EXC,peer_err|proc_kill,12,0x81,0x15,0xe8a5,360,flush-timeout,collapsed,0xd,wqe=360;op=0xd;syn=0x15;ve=0x81,err=1;ok=0;root_idx=361;ticket=361;cqe_ci=359,1/128,,,,,,ERR,,yes,clean,0,,,,,,,,,,-1.4,-1131059110.728,r0rc=8;r1rc=255;gintype=3;drain_rc=6;post_poll_ms=/;hook=-,,0,0,0,0,GPU,"PMO=1,SMO=1 both",rain=570.211.01;sunny=580.178.04,1,1,1,0,1,1
main,nccl-gin,gdaki,collapsed,1,F4,blocking,3,error,killed,missing,0,0,178,178,remote,remote,r0,2701.3,3810.022,3810.106,3810.280,3810.339,1,0,RETRY_EXC,peer_err|proc_kill,12,0x81,0x15,0xed25,358,flush-timeout,collapsed,0xd,wqe=358;op=0xd;syn=0x15;ve=0x81,err=1;ok=0;root_idx=359;ticket=359;cqe_ci=357,1/128,,,,,,ERR,,yes,clean,0,,,,,,,,,,-1.8,-1131059111.338,r0rc=8;r1rc=255;gintype=3;drain_rc=6;post_poll_ms=20.1/;hook=-,,0,0,0,0,GPU,"PMO=1,SMO=1 both",rain=570.211.01;sunny=580.178.04,1,1,1,0,1,1
main,nccl-gin,gdaki,collapsed,1,F4,blocking,4,error,killed,missing,0,0,178,178,remote,remote,r0,2701.6,3737.214,3737.350,3737.599,3737.570,1,0,RETRY_EXC,peer_err|proc_kill,12,0x81,0x15,0xef45,358,flush-timeout,collapsed,0xd,wqe=358;op=0xd;syn=0x15;ve=0x81,err=1;ok=0;root_idx=359;ticket=359;cqe_ci=357,1/128,,,,,,ERR,,yes,clean,0,,,,,,,,,,-1.8,-1131059111.835,r0rc=8;r1rc=255;gintype=3;drain_rc=6;post_poll_ms=/;hook=-,,0,0,0,0,GPU,"PMO=1,SMO=1 both",rain=570.211.01;sunny=580.178.04,1,1,1,0,1,1
main,nccl-gin,gdaki,collapsed,1,F4,blocking,5,error,killed,missing,0,0,179,179,remote,remote,r0,2705.1,3624.758,3624.855,3625.195,3625.073,1,0,RETRY_EXC,peer_err|proc_kill,12,0x81,0x15,0xf165,360,flush-timeout,collapsed,0xd,wqe=360;op=0xd;syn=0x15;ve=0x81,err=1;ok=0;root_idx=361;ticket=361;cqe_ci=359,1/128,,,,,,ERR,,yes,clean,0,,,,,,,,,,-1.5,-1131059112.414,r0rc=8;r1rc=255;gintype=3;drain_rc=6;post_poll_ms=/;hook=-,,0,0,0,0,GPU,"PMO=1,SMO=1 both",rain=570.211.01;sunny=580.178.04,1,1,1,0,1,1
main,nccl-gin,gdaki,collapsed,1,F4,blocking,6,error,killed,missing,0,0,178,178,remote,remote,r0,2705.4,3635.855,3635.925,3635.970,3636.028,1,0,RETRY_EXC,peer_err|proc_kill,12,0x81,0x15,0xf385,358,flush-timeout,collapsed,0xd,wqe=358;op=0xd;syn=0x15;ve=0x81,err=1;ok=0;root_idx=359;ticket=359;cqe_ci=357,1/128,,,,,,ERR,,yes,clean,0,,,,,,,,,,-1.2,-1131059112.756,r0rc=8;r1rc=255;gintype=3;drain_rc=6;post_poll_ms=20.1/;hook=-,,0,0,0,0,GPU,"PMO=1,SMO=1 both",rain=570.211.01;sunny=580.178.04,1,1,1,0,1,1
main,nccl-gin,gdaki,collapsed,1,F4,blocking,7,error,killed,missing,0,0,181,181,remote,remote,r0,2705.2,3628.178,3628.302,3628.780,3628.535,1,0,RETRY_EXC,peer_err|proc_kill,12,0x81,0x15,0xf7f5,364,flush-timeout,collapsed,0xd,wqe=364;op=0xd;syn=0x15;ve=0x81,err=1;ok=0;root_idx=365;ticket=365;cqe_ci=363,1/128,,,,,,ERR,,yes,clean,0,,,,,,,,,,-1.5,-1131059113.759,r0rc=8;r1rc=255;gintype=3;drain_rc=6;post_poll_ms=/;hook=-,,0,0,0,0,GPU,"PMO=1,SMO=1 both",rain=570.211.01;sunny=580.178.04,1,1,1,0,1,1
main,nccl-gin,gdaki,collapsed,1,F4,blocking,8,error,killed,missing,0,0,178,178,remote,remote,r0,2705.6,3808.618,3808.708,3809.255,3808.860,1,0,RETRY_EXC,peer_err|proc_kill,12,0x81,0x15,0xfc59,358,flush-timeout,collapsed,0xd,wqe=358;op=0xd;syn=0x15;ve=0x81,err=1;ok=0;root_idx=359;ticket=359;cqe_ci=357,1/128,,,,,,ERR,,yes,clean,0,,,,,,,,,,-1.0,-1131059115.367,r0rc=8;r1rc=255;gintype=3;drain_rc=6;post_poll_ms=/;hook=-,,0,0,0,0,GPU,"PMO=1,SMO=1 both",rain=570.211.01;sunny=580.178.04,1,1,1,0,1,1
main,nccl-gin,gdaki,collapsed,1,F4,blocking,9,error,killed,missing,0,0,179,179,remote,remote,r0,2708.6,3580.448,3580.589,3580.543,3580.771,1,0,RETRY_EXC,peer_err|proc_kill,12,0x81,0x15,0xfe79,360,flush-timeout,collapsed,0xd,wqe=360;op=0xd;syn=0x15;ve=0x81,err=1;ok=0;root_idx=361;ticket=361;cqe_ci=359,1/128,,,,,,ERR,,yes,clean,0,,,,,,,,,,-1.0,-1131059114.452,r0rc=8;r1rc=255;gintype=3;drain_rc=6;post_poll_ms=20.1/;hook=-,,0,0,0,0,GPU,"PMO=1,SMO=1 both",rain=570.211.01;sunny=580.178.04,1,1,1,0,1,1
main,nccl-gin,gdaki,collapsed,1,F4,timeout,10,error,killed,missing,0,0,178,178,remote,remote,r0,2701.5,3598.660,3598.746,3599.170,3599.082,1,0,RETRY_EXC,peer_err|proc_kill,12,0x81,0x15,0x10079,358,flush-timeout,collapsed,0xd,wqe=358;op=0xd;syn=0x15;ve=0x81,err=1;ok=0;root_idx=359;ticket=359;cqe_ci=357,1/128,,,,,,ERR,,yes,clean,0,,,,,,,,,,-2.2,-1131059111.880,r0rc=8;r1rc=255;gintype=3;drain_rc=6;post_poll_ms=/;hook=-,,0,0,0,0,GPU,"PMO=1,SMO=1 both",rain=570.211.01;sunny=580.178.04,1,1,1,0,1,1
main,nccl-gin,gdaki,collapsed,1,F4,timeout,11,error,killed,missing,0,0,181,181,remote,remote,r0,2697.6,3722.027,3722.108,3722.260,3722.196,1,0,RETRY_EXC,peer_err|proc_kill,12,0x81,0x15,0x1029d,364,flush-timeout,collapsed,0xd,wqe=364;op=0xd;syn=0x15;ve=0x81,err=1;ok=0;root_idx=365;ticket=365;cqe_ci=363,1/128,,,,,,ERR,,yes,clean,0,,,,,,,,,,-1.6,-1131059109.398,r0rc=8;r1rc=255;gintype=3;drain_rc=6;post_poll_ms=/;hook=-,,0,0,0,0,GPU,"PMO=1,SMO=1 both",rain=570.211.01;sunny=580.178.04,1,1,1,0,1,1
main,nccl-gin,gdaki,collapsed,1,F4,timeout,12,error,killed,missing,0,0,181,181,remote,remote,r0,2701.5,3762.370,3762.410,3762.888,3762.603,1,0,RETRY_EXC,peer_err|proc_kill,12,0x81,0x15,0x1049d,364,flush-timeout,collapsed,0xd,wqe=364;op=0xd;syn=0x15;ve=0x81,err=1;ok=0;root_idx=365;ticket=365;cqe_ci=363,1/128,,,,,,ERR,,yes,clean,0,,,,,,,,,,-1.6,-1131059106.453,r0rc=8;r1rc=255;gintype=3;drain_rc=6;post_poll_ms=/;hook=-,,0,0,0,0,GPU,"PMO=1,SMO=1 both",rain=570.211.01;sunny=580.178.04,1,1,1,0,1,1
main,nccl-gin,gdaki,collapsed,1,F4,timeout,13,error,killed,missing,0,0,179,179,remote,remote,r0,2697.7,3586.417,3586.487,3586.969,3586.716,1,0,RETRY_EXC,peer_err|proc_kill,12,0x81,0x15,0x1069d,360,flush-timeout,collapsed,0xd,wqe=360;op=0xd;syn=0x15;ve=0x81,err=1;ok=0;root_idx=361;ticket=361;cqe_ci=359,1/128,,,,,,ERR,,yes,clean,0,,,,,,,,,,-1.8,-1131059104.313,r0rc=8;r1rc=255;gintype=3;drain_rc=6;post_poll_ms=/;hook=-,,0,0,0,0,GPU,"PMO=1,SMO=1 both",rain=570.211.01;sunny=580.178.04,1,1,1,0,1,1
main,nccl-gin,gdaki,collapsed,1,F4,timeout,14,error,killed,missing,0,0,180,180,remote,remote,r0,2705.0,3639.493,3639.609,3639.650,3639.733,1,0,RETRY_EXC,peer_err|proc_kill,12,0x81,0x15,0x1089d,362,flush-timeout,collapsed,0xd,wqe=362;op=0xd;syn=0x15;ve=0x81,err=1;ok=0;root_idx=363;ticket=363;cqe_ci=361,1/128,,,,,,ERR,,yes,clean,0,,,,,,,,,,-1.0,-1131059102.731,r0rc=8;r1rc=255;gintype=3;drain_rc=6;post_poll_ms=20.1/;hook=-,,0,0,0,0,GPU,"PMO=1,SMO=1 both",rain=570.211.01;sunny=580.178.04,1,1,1,0,1,1
main,nccl-gin,gdaki,collapsed,1,F4,timeout,15,error,killed,missing,0,0,183,183,remote,remote,r0,2709.1,3714.968,3715.058,3715.395,3715.165,1,0,RETRY_EXC,peer_err|proc_kill,12,0x81,0x15,0x10a9d,368,flush-timeout,collapsed,0xd,wqe=368;op=0xd;syn=0x15;ve=0x81,err=1;ok=0;root_idx=369;ticket=369;cqe_ci=367,1/128,,,,,,ERR,,yes,clean,0,,,,,,,,,,-1.9,-1131059101.003,r0rc=8;r1rc=255;gintype=3;drain_rc=6;post_poll_ms=/;hook=-,,0,0,0,0,GPU,"PMO=1,SMO=1 both",rain=570.211.01;sunny=580.178.04,1,1,1,0,1,1
main,nccl-gin,gdaki,collapsed,1,F4,timeout,1,error,killed,missing,0,1,178,177,remote,remote,r0,2713.7,3707.473,3707.566,3707.753,3707.789,1,0,RETRY_EXC,peer_err|proc_kill,12,0x81,0x15,0xe3ee,358,flush-timeout,collapsed,0xd,wqe=358;op=0xd;syn=0x15;ve=0x81,err=1;ok=0;root_idx=359;ticket=359;cqe_ci=357,1/128,,,,,,ERR,,yes,clean,0,,,,,,,,,,-1.9,-1131059109.000,r0rc=8;r1rc=255;gintype=3;drain_rc=6;post_poll_ms=20.1/;hook=-,,0,0,0,0,GPU,"PMO=1,SMO=1 both",rain=570.211.01;sunny=580.178.04,1,1,1,1,1,1
main,nccl-gin,gdaki,collapsed,1,F4,timeout,2,error,killed,missing,0,0,178,178,remote,remote,r0,2709.1,3744.599,3744.677,3744.752,3744.816,1,0,RETRY_EXC,peer_err|proc_kill,12,0x81,0x15,0xe845,358,flush-timeout,collapsed,0xd,wqe=358;op=0xd;syn=0x15;ve=0x81,err=1;ok=0;root_idx=359;ticket=359;cqe_ci=357,1/128,,,,,,ERR,,yes,clean,0,,,,,,,,,,-2.5,-1131059110.696,r0rc=8;r1rc=255;gintype=3;drain_rc=6;post_poll_ms=20.1/;hook=-,,0,0,0,0,GPU,"PMO=1,SMO=1 both",rain=570.211.01;sunny=580.178.04,1,1,1,0,1,1
main,nccl-gin,gdaki,collapsed,1,F4,timeout,3,error,killed,missing,0,0,178,178,remote,remote,r0,2693.4,3656.051,3656.143,3656.432,3656.271,1,0,RETRY_EXC,peer_err|proc_kill,12,0x81,0x15,0xed05,358,flush-timeout,collapsed,0xd,wqe=358;op=0xd;syn=0x15;ve=0x81,err=1;ok=0;root_idx=359;ticket=359;cqe_ci=357,1/128,,,,,,ERR,,yes,clean,0,,,,,,,,,,-1.7,-1131059111.317,r0rc=8;r1rc=255;gintype=3;drain_rc=6;post_poll_ms=/;hook=-,,0,0,0,0,GPU,"PMO=1,SMO=1 both",rain=570.211.01;sunny=580.178.04,1,1,1,0,1,1
main,nccl-gin,gdaki,collapsed,1,F4,timeout,4,error,killed,missing,0,0,181,181,remote,remote,r0,2709.7,3571.364,3571.440,3571.496,3571.743,1,0,RETRY_EXC,peer_err|proc_kill,12,0x81,0x15,0xef25,364,flush-timeout,collapsed,0xd,wqe=364;op=0xd;syn=0x15;ve=0x81,err=1;ok=0;root_idx=365;ticket=365;cqe_ci=363,1/128,,,,,,ERR,,yes,clean,0,,,,,,,,,,-1.3,-1131059111.817,r0rc=8;r1rc=255;gintype=3;drain_rc=6;post_poll_ms=20.1/;hook=-,,0,0,0,0,GPU,"PMO=1,SMO=1 both",rain=570.211.01;sunny=580.178.04,1,1,1,0,1,1
main,nccl-gin,gdaki,collapsed,1,F4,timeout,5,error,killed,missing,0,0,178,178,remote,remote,r0,2693.1,3775.278,3775.368,3775.563,3780.308,1,0,RETRY_EXC,peer_err|proc_kill,12,0x81,0x15,0xf145,358,flush-timeout,collapsed,0xd,wqe=358;op=0xd;syn=0x15;ve=0x81,err=1;ok=0;root_idx=359;ticket=359;cqe_ci=357,1/128,,,,,,ERR,,yes,clean,0,,,,,,,,,,-1.0,-1131059112.392,r0rc=8;r1rc=255;gintype=3;drain_rc=6;post_poll_ms=20.1/;hook=-,,0,0,0,0,GPU,"PMO=1,SMO=1 both",rain=570.211.01;sunny=580.178.04,1,1,1,0,1,1
main,nccl-gin,gdaki,collapsed,1,F4,timeout,6,error,killed,missing,0,0,181,181,remote,remote,r0,2697.3,3742.427,3742.535,3742.795,3742.635,1,0,RETRY_EXC,peer_err|proc_kill,12,0x81,0x15,0xf365,364,flush-timeout,collapsed,0xd,wqe=364;op=0xd;syn=0x15;ve=0x81,err=1;ok=0;root_idx=365;ticket=365;cqe_ci=363,1/128,,,,,,ERR,,yes,clean,0,,,,,,,,,,-1.0,-1131059112.743,r0rc=8;r1rc=255;gintype=3;drain_rc=6;post_poll_ms=/;hook=-,,0,0,0,0,GPU,"PMO=1,SMO=1 both",rain=570.211.01;sunny=580.178.04,1,1,1,0,1,1
main,nccl-gin,gdaki,collapsed,1,F4,timeout,7,error,killed,missing,0,0,180,180,remote,remote,r0,2701.2,3738.499,3738.618,3738.740,3738.785,1,0,RETRY_EXC,peer_err|proc_kill,12,0x81,0x15,0xf795,362,flush-timeout,collapsed,0xd,wqe=362;op=0xd;syn=0x15;ve=0x81,err=1;ok=0;root_idx=363;ticket=363;cqe_ci=361,1/128,,,,,,ERR,,yes,clean,0,,,,,,,,,,-1.2,-1131059113.704,r0rc=8;r1rc=255;gintype=3;drain_rc=6;post_poll_ms=/;hook=-,,0,0,0,0,GPU,"PMO=1,SMO=1 both",rain=570.211.01;sunny=580.178.04,1,1,1,0,1,1
main,nccl-gin,gdaki,collapsed,1,F4,timeout,8,error,killed,missing,0,0,179,179,remote,remote,r0,2696.9,3687.086,3687.206,3687.484,3687.374,1,0,RETRY_EXC,peer_err|proc_kill,12,0x81,0x15,0xfc39,360,flush-timeout,collapsed,0xd,wqe=360;op=0xd;syn=0x15;ve=0x81,err=1;ok=0;root_idx=361;ticket=361;cqe_ci=359,1/128,,,,,,ERR,,yes,clean,0,,,,,,,,,,-1.2,-1131059115.332,r0rc=8;r1rc=255;gintype=3;drain_rc=6;post_poll_ms=/;hook=-,,0,0,0,0,GPU,"PMO=1,SMO=1 both",rain=570.211.01;sunny=580.178.04,1,1,1,0,1,1
main,nccl-gin,gdaki,collapsed,1,F4,timeout,9,error,killed,missing,0,0,182,182,remote,remote,r0,2693.0,3687.102,3687.204,3687.333,3687.504,1,0,RETRY_EXC,peer_err|proc_kill,12,0x81,0x15,0xfe59,366,flush-timeout,collapsed,0xd,wqe=366;op=0xd;syn=0x15;ve=0x81,err=1;ok=0;root_idx=367;ticket=367;cqe_ci=365,1/128,,,,,,ERR,,yes,clean,0,,,,,,,,,,-2.0,-1131059114.575,r0rc=8;r1rc=255;gintype=3;drain_rc=6;post_poll_ms=20.1/;hook=-,,0,0,0,0,GPU,"PMO=1,SMO=1 both",rain=570.211.01;sunny=580.178.04,1,1,1,0,1,1
main,nccl-gin,gdaki,ring,1,F1,blocking,10,error,hang_killed,n/a,0,0,38,38,remote,remote,r0,1318.9,14.699,14.797,14.980,15.081,1,0,LOCAL_QP_ERR,local_err,5,0xf5,0x5,0xfed9,76,wait-blocking,ring,0xd,wqe=77;op=0xd;syn=0x5;ve=0xf9,err=2;ok=0;root_idx=76;ticket=77;cqe_ci=76,2/128,,,,,,ERR,,yes,clean,0,,,,,,,,,,-1.0,-1131059113.851,r0rc=8;r1rc=7;gintype=3;drain_rc=;post_poll_ms=20.1/2005.2;hook=4/4,,0,0,0,0,GPU,"PMO=1,SMO=1 both",rain=570.211.01;sunny=580.178.04,1,1,1,0,1,1
main,nccl-gin,gdaki,ring,1,F1,blocking,11,error,hang_killed,n/a,0,0,38,38,remote,remote,r0,1287.6,15.702,15.767,15.949,16.019,1,0,LOCAL_QP_ERR,local_err,5,0xf5,0x5,0x100f9,76,wait-blocking,ring,0xd,wqe=77;op=0xd;syn=0x5;ve=0xf9,err=2;ok=0;root_idx=76;ticket=77;cqe_ci=76,2/128,,,,,,ERR,,yes,clean,0,,,,,,,,,,-1.0,-1131059111.401,r0rc=8;r1rc=7;gintype=3;drain_rc=;post_poll_ms=20.1/2005.3;hook=4/4,,0,0,0,0,GPU,"PMO=1,SMO=1 both",rain=570.211.01;sunny=580.178.04,1,1,1,0,1,1
main,nccl-gin,gdaki,ring,1,F1,blocking,12,error,hang_killed,n/a,0,0,38,38,remote,remote,r0,1319.4,14.643,14.721,14.855,14.863,1,0,LOCAL_QP_ERR,local_err,5,0xf5,0x5,0x102fd,76,wait-blocking,ring,0xd,wqe=77;op=0xd;syn=0x5;ve=0xf9,err=2;ok=0;root_idx=76;ticket=77;cqe_ci=76,2/128,,,,,,ERR,,yes,clean,0,,,,,,,,,,-1.3,-1131059108.925,r0rc=8;r1rc=7;gintype=3;drain_rc=;post_poll_ms=20.1/2005.3;hook=4/4,,0,0,0,0,GPU,"PMO=1,SMO=1 both",rain=570.211.01;sunny=580.178.04,1,1,1,0,1,1
main,nccl-gin,gdaki,ring,1,F1,blocking,13,error,hang_killed,n/a,0,0,38,38,remote,remote,r0,1315.2,14.687,14.737,14.942,14.909,1,0,LOCAL_QP_ERR,local_err,5,0xf5,0x5,0x104fd,76,wait-blocking,ring,0xd,wqe=77;op=0xd;syn=0x5;ve=0xf9,err=2;ok=0;root_idx=76;ticket=77;cqe_ci=76,2/128,,,,,,ERR,,yes,clean,0,,,,,,,,,,-1.8,-1131059106.111,r0rc=8;r1rc=7;gintype=3;drain_rc=;post_poll_ms=/2005.2;hook=4/4,,0,0,0,0,GPU,"PMO=1,SMO=1 both",rain=570.211.01;sunny=580.178.04,1,1,1,0,1,1
main,nccl-gin,gdaki,ring,1,F1,blocking,14,error,hang_killed,n/a,0,0,38,38,remote,remote,r0,1283.2,14.638,14.716,14.933,14.761,1,0,LOCAL_QP_ERR,local_err,5,0xf5,0x5,0x106fd,76,wait-blocking,ring,0xd,wqe=77;op=0xd;syn=0x5;ve=0xf9,err=2;ok=0;root_idx=76;ticket=77;cqe_ci=76,2/128,,,,,,ERR,,yes,clean,0,,,,,,,,,,-1.0,-1131059104.064,r0rc=8;r1rc=7;gintype=3;drain_rc=;post_poll_ms=/2005.3;hook=4/4,,0,0,0,0,GPU,"PMO=1,SMO=1 both",rain=570.211.01;sunny=580.178.04,1,1,1,0,1,1
main,nccl-gin,gdaki,ring,1,F1,blocking,15,error,hang_killed,n/a,0,0,38,38,remote,remote,r0,1291.1,14.641,14.710,15.000,14.828,1,0,LOCAL_QP_ERR,local_err,5,0xf5,0x5,0x108fd,76,wait-blocking,ring,0xd,wqe=77;op=0xd;syn=0x5;ve=0xf9,err=2;ok=0;root_idx=76;ticket=77;cqe_ci=76,2/128,,,,,,ERR,,yes,clean,0,,,,,,,,,,-1.0,-1131059102.538,r0rc=8;r1rc=7;gintype=3;drain_rc=;post_poll_ms=/2005.3;hook=4/4,,0,0,0,0,GPU,"PMO=1,SMO=1 both",rain=570.211.01;sunny=580.178.04,1,1,1,0,1,1
main,nccl-gin,gdaki,ring,1,F1,blocking,1,error,hang_killed,n/a,0,0,38,38,remote,remote,r0,1318.7,14.586,14.638,14.892,14.739,1,0,LOCAL_QP_ERR,local_err,5,0xf5,0x5,0xe24e,76,wait-blocking,ring,0xd,wqe=77;op=0xd;syn=0x5;ve=0xf9,err=2;ok=0;root_idx=76;ticket=77;cqe_ci=76,2/128,,,,,,ERR,,yes,clean,0,,,,,,,,,,-1.0,-1131059108.450,r0rc=8;r1rc=7;gintype=3;drain_rc=;post_poll_ms=/2005.2;hook=4/4,,0,0,0,0,GPU,"PMO=1,SMO=1 both",rain=570.211.01;sunny=580.178.04,1,1,1,0,1,1
main,nccl-gin,gdaki,ring,1,F1,blocking,2,error,hang_killed,n/a,0,0,38,38,remote,remote,r0,1291.2,15.559,15.659,15.843,15.734,1,0,LOCAL_QP_ERR,local_err,5,0xf5,0x5,0xe495,76,wait-blocking,ring,0xd,wqe=77;op=0xd;syn=0x5;ve=0xf9,err=2;ok=0;root_idx=76;ticket=77;cqe_ci=76,2/128,,,,,,ERR,,yes,clean,0,,,,,,,,,,-1.0,-1131059110.133,r0rc=8;r1rc=7;gintype=3;drain_rc=;post_poll_ms=/2005.2;hook=4/4,,0,0,0,0,GPU,"PMO=1,SMO=1 both",rain=570.211.01;sunny=580.178.04,1,1,1,0,1,1
main,nccl-gin,gdaki,ring,1,F1,blocking,3,error,hang_killed,n/a,0,0,38,38,remote,remote,r0,1277.0,14.781,14.866,15.098,14.977,1,0,LOCAL_QP_ERR,local_err,5,0xf5,0x5,0xe9c5,76,wait-blocking,ring,0xd,wqe=77;op=0xd;syn=0x5;ve=0xf9,err=2;ok=0;root_idx=76;ticket=77;cqe_ci=76,2/128,,,,,,ERR,,yes,clean,0,,,,,,,,,,-1.0,-1131059110.864,r0rc=8;r1rc=7;gintype=3;drain_rc=;post_poll_ms=/2005.2;hook=4/4,,0,0,0,0,GPU,"PMO=1,SMO=1 both",rain=570.211.01;sunny=580.178.04,1,1,1,0,1,1
main,nccl-gin,gdaki,ring,1,F1,blocking,4,error,hang_killed,n/a,0,0,38,38,remote,remote,r0,1315.2,15.616,15.669,15.997,15.741,1,0,LOCAL_QP_ERR,local_err,5,0xf5,0x5,0xed85,76,wait-blocking,ring,0xd,wqe=77;op=0xd;syn=0x5;ve=0xf9,err=2;ok=0;root_idx=76;ticket=77;cqe_ci=76,2/128,,,,,,ERR,,yes,clean,0,,,,,,,,,,-1.3,-1131059111.443,r0rc=8;r1rc=7;gintype=3;drain_rc=;post_poll_ms=/2005.2;hook=4/4,,0,0,0,0,GPU,"PMO=1,SMO=1 both",rain=570.211.01;sunny=580.178.04,1,1,1,0,1,1
main,nccl-gin,gdaki,ring,1,F1,blocking,5,error,hang_killed,n/a,0,0,38,38,remote,remote,r0,1266.8,15.858,15.980,16.135,16.054,1,0,LOCAL_QP_ERR,local_err,5,0xf5,0x5,0xefa5,76,wait-blocking,ring,0xd,wqe=77;op=0xd;syn=0x5;ve=0xf9,err=2;ok=0;root_idx=76;ticket=77;cqe_ci=76,2/128,,,,,,ERR,,yes,clean,0,,,,,,,,,,-1.2,-1131059111.922,r0rc=8;r1rc=7;gintype=3;drain_rc=;post_poll_ms=/2005.3;hook=4/4,,0,0,0,0,GPU,"PMO=1,SMO=1 both",rain=570.211.01;sunny=580.178.04,1,1,1,0,1,1
main,nccl-gin,gdaki,ring,1,F1,blocking,6,error,hang_killed,n/a,0,0,38,38,remote,remote,r0,1319.9,15.575,15.673,15.796,15.738,1,0,LOCAL_QP_ERR,local_err,5,0xf5,0x5,0xf1c5,76,wait-blocking,ring,0xd,wqe=77;op=0xd;syn=0x5;ve=0xf9,err=2;ok=0;root_idx=76;ticket=77;cqe_ci=76,2/128,,,,,,ERR,,yes,clean,0,,,,,,,,,,-2.4,-1131059112.486,r0rc=8;r1rc=7;gintype=3;drain_rc=;post_poll_ms=/2005.2;hook=4/4,,0,0,0,0,GPU,"PMO=1,SMO=1 both",rain=570.211.01;sunny=580.178.04,1,1,1,0,1,1
main,nccl-gin,gdaki,ring,1,F1,blocking,7,error,hang_killed,n/a,0,0,38,38,remote,remote,r0,1282.7,15.673,15.720,15.924,15.766,1,0,LOCAL_QP_ERR,local_err,5,0xf5,0x5,0xf3e5,76,wait-blocking,ring,0xd,wqe=77;op=0xd;syn=0x5;ve=0xf9,err=2;ok=0;root_idx=76;ticket=77;cqe_ci=76,2/128,,,,,,ERR,,yes,clean,0,,,,,,,,,,-1.0,-1131059112.825,r0rc=8;r1rc=7;gintype=3;drain_rc=;post_poll_ms=/2005.2;hook=4/4,,0,0,0,0,GPU,"PMO=1,SMO=1 both",rain=570.211.01;sunny=580.178.04,1,1,1,0,1,1
main,nccl-gin,gdaki,ring,1,F1,blocking,8,error,hang_killed,n/a,0,0,38,38,remote,remote,r0,1314.6,15.617,15.700,15.944,15.801,1,0,LOCAL_QP_ERR,local_err,5,0xf5,0x5,0xf915,76,wait-blocking,ring,0xd,wqe=77;op=0xd;syn=0x5;ve=0xf9,err=2;ok=0;root_idx=76;ticket=77;cqe_ci=76,2/128,,,,,,ERR,,yes,clean,0,,,,,,,,,,-1.7,-1131059114.007,r0rc=8;r1rc=7;gintype=3;drain_rc=;post_poll_ms=/2005.2;hook=4/4,,0,0,0,0,GPU,"PMO=1,SMO=1 both",rain=570.211.01;sunny=580.178.04,1,1,1,0,1,1
main,nccl-gin,gdaki,ring,1,F1,blocking,9,error,hang_killed,n/a,0,0,38,38,remote,remote,r0,1279.8,14.769,14.819,15.165,15.011,1,0,LOCAL_QP_ERR,local_err,5,0xf5,0x5,0xfcd9,76,wait-blocking,ring,0xd,wqe=77;op=0xd;syn=0x5;ve=0xf9,err=2;ok=0;root_idx=76;ticket=77;cqe_ci=76,2/128,,,,,,ERR,,yes,clean,0,,,,,,,,,,-1.2,-1131059115.583,r0rc=8;r1rc=7;gintype=3;drain_rc=;post_poll_ms=/2005.2;hook=4/4,,0,0,0,0,GPU,"PMO=1,SMO=1 both",rain=570.211.01;sunny=580.178.04,1,1,1,0,1,1
main,nccl-gin,gdaki,ring,1,F1,timeout,10,error,timeout,missing,0,0,38,38,remote,remote,r0,1325.6,15.664,15.752,15.961,16.019,1,0,LOCAL_QP_ERR,local_err,5,0xf5,0x5,0xfeb9,76,flush-timeout,ring,0xd,wqe=77;op=0xd;syn=0x5;ve=0xf9,err=2;ok=0;root_idx=76;ticket=77;cqe_ci=76,2/128,,,,,,ERR,,yes,clean,0,,,,,,,,,,-1.5,-1131059113.982,r0rc=8;r1rc=4;gintype=3;drain_rc=;post_poll_ms=20.1/2005.3;hook=4/4,,0,0,0,0,GPU,"PMO=1,SMO=1 both",rain=570.211.01;sunny=580.178.04,1,1,1,0,1,1
main,nccl-gin,gdaki,ring,1,F1,timeout,11,error,timeout,missing,0,0,38,38,remote,remote,r0,1312.0,15.491,15.559,15.739,15.647,1,0,LOCAL_QP_ERR,local_err,5,0xf5,0x5,0x100d9,76,flush-timeout,ring,0xd,wqe=77;op=0xd;syn=0x5;ve=0xf9,err=2;ok=0;root_idx=76;ticket=77;cqe_ci=76,2/128,,,,,,ERR,,yes,clean,0,,,,,,,,,,-1.5,-1131059111.484,r0rc=8;r1rc=4;gintype=3;drain_rc=;post_poll_ms=/2005.2;hook=4/4,,0,0,0,0,GPU,"PMO=1,SMO=1 both",rain=570.211.01;sunny=580.178.04,1,1,1,0,1,1
main,nccl-gin,gdaki,ring,1,F1,timeout,12,error,timeout,missing,0,0,38,38,remote,remote,r0,1313.3,15.573,15.625,15.893,15.764,1,0,LOCAL_QP_ERR,local_err,5,0xf5,0x5,0x102dd,76,flush-timeout,ring,0xd,wqe=77;op=0xd;syn=0x5;ve=0xf9,err=2;ok=0;root_idx=76;ticket=77;cqe_ci=76,2/128,,,,,,ERR,,yes,clean,0,,,,,,,,,,-1.5,-1131059109.094,r0rc=8;r1rc=4;gintype=3;drain_rc=;post_poll_ms=/2005.2;hook=4/4,,0,0,0,0,GPU,"PMO=1,SMO=1 both",rain=570.211.01;sunny=580.178.04,1,1,1,0,1,1
main,nccl-gin,gdaki,ring,1,F1,timeout,13,error,timeout,missing,0,0,38,38,remote,remote,r0,1325.4,15.250,15.311,15.631,15.552,1,0,LOCAL_QP_ERR,local_err,5,0xf5,0x5,0x104dd,76,flush-timeout,ring,0xd,wqe=77;op=0xd;syn=0x5;ve=0xf9,err=2;ok=0;root_idx=76;ticket=77;cqe_ci=76,2/128,,,,,,ERR,,yes,clean,0,,,,,,,,,,-1.4,-1131059106.231,r0rc=8;r1rc=4;gintype=3;drain_rc=;post_poll_ms=/2005.3;hook=4/4,,0,0,0,0,GPU,"PMO=1,SMO=1 both",rain=570.211.01;sunny=580.178.04,1,1,1,0,1,1
main,nccl-gin,gdaki,ring,1,F1,timeout,14,error,timeout,missing,0,0,38,38,remote,remote,r0,1313.7,15.788,15.851,16.019,15.934,1,0,LOCAL_QP_ERR,local_err,5,0xf5,0x5,0x106dd,76,flush-timeout,ring,0xd,wqe=77;op=0xd;syn=0x5;ve=0xf9,err=2;ok=0;root_idx=76;ticket=77;cqe_ci=76,2/128,,,,,,ERR,,yes,clean,0,,,,,,,,,,-1.7,-1131059104.138,r0rc=8;r1rc=4;gintype=3;drain_rc=;post_poll_ms=/2005.3;hook=4/4,,0,0,0,0,GPU,"PMO=1,SMO=1 both",rain=570.211.01;sunny=580.178.04,1,1,1,0,1,1
main,nccl-gin,gdaki,ring,1,F1,timeout,15,error,timeout,missing,0,0,38,38,remote,remote,r0,1321.1,15.681,15.746,15.988,15.944,1,0,LOCAL_QP_ERR,local_err,5,0xf5,0x5,0x108dd,76,flush-timeout,ring,0xd,wqe=77;op=0xd;syn=0x5;ve=0xf9,err=2;ok=0;root_idx=76;ticket=77;cqe_ci=76,2/128,,,,,,ERR,,yes,clean,0,,,,,,,,,,-1.0,-1131059102.611,r0rc=8;r1rc=4;gintype=3;drain_rc=;post_poll_ms=/2005.2;hook=4/4,,0,0,0,0,GPU,"PMO=1,SMO=1 both",rain=570.211.01;sunny=580.178.04,1,1,1,0,1,1
main,nccl-gin,gdaki,ring,1,F1,timeout,1,error,timeout,missing,0,0,38,38,remote,remote,r0,1270.9,15.605,15.665,15.844,15.883,1,0,LOCAL_QP_ERR,local_err,5,0xf5,0x5,0xe22e,76,flush-timeout,ring,0xd,wqe=77;op=0xd;syn=0x5;ve=0xf9,err=2;ok=0;root_idx=76;ticket=77;cqe_ci=76,2/128,,,,,,ERR,,yes,clean,0,,,,,,,,,,-1.0,-1131059108.414,r0rc=8;r1rc=4;gintype=3;drain_rc=;post_poll_ms=20.1/2005.3;hook=4/4,,0,0,0,0,GPU,"PMO=1,SMO=1 both",rain=570.211.01;sunny=580.178.04,1,1,1,0,1,1
main,nccl-gin,gdaki,ring,1,F1,timeout,2,error,timeout,missing,0,0,38,38,remote,remote,r0,1298.9,14.709,14.817,14.962,14.921,1,0,LOCAL_QP_ERR,local_err,5,0xf5,0x5,0xe475,76,flush-timeout,ring,0xd,wqe=77;op=0xd;syn=0x5;ve=0xf9,err=2;ok=0;root_idx=76;ticket=77;cqe_ci=76,2/128,,,,,,ERR,,yes,clean,0,,,,,,,,,,-1.1,-1131059110.096,r0rc=8;r1rc=4;gintype=3;drain_rc=;post_poll_ms=/2018.5;hook=4/4,,0,0,0,0,GPU,"PMO=1,SMO=1 both",rain=570.211.01;sunny=580.178.04,1,1,1,0,1,1
main,nccl-gin,gdaki,ring,1,F1,timeout,3,error,timeout,missing,0,0,38,38,remote,remote,r0,1319.1,15.189,15.274,15.461,15.482,1,0,LOCAL_QP_ERR,local_err,5,0xf5,0x5,0xe965,76,flush-timeout,ring,0xd,wqe=77;op=0xd;syn=0x5;ve=0xf9,err=2;ok=0;root_idx=76;ticket=77;cqe_ci=76,2/128,,,,,,ERR,,yes,clean,0,,,,,,,,,,-1.1,-1131059110.823,r0rc=8;r1rc=4;gintype=3;drain_rc=;post_poll_ms=20.1/2005.2;hook=4/4,,0,0,0,0,GPU,"PMO=1,SMO=1 both",rain=570.211.01;sunny=580.178.04,1,1,1,0,1,1
main,nccl-gin,gdaki,ring,1,F1,timeout,4,error,timeout,missing,0,0,38,38,remote,remote,r0,1327.4,15.609,15.662,15.844,15.808,1,0,LOCAL_QP_ERR,local_err,5,0xf5,0x5,0xed65,76,flush-timeout,ring,0xd,wqe=77;op=0xd;syn=0x5;ve=0xf9,err=2;ok=0;root_idx=76;ticket=77;cqe_ci=76,2/128,,,,,,ERR,,yes,clean,0,,,,,,,,,,-1.1,-1131059111.405,r0rc=8;r1rc=4;gintype=3;drain_rc=;post_poll_ms=/2005.2;hook=4/4,,0,0,0,0,GPU,"PMO=1,SMO=1 both",rain=570.211.01;sunny=580.178.04,1,1,1,0,1,1
main,nccl-gin,gdaki,ring,1,F1,timeout,5,error,timeout,missing,0,0,38,38,remote,remote,r0,1286.7,14.786,14.856,15.036,14.989,1,0,LOCAL_QP_ERR,local_err,5,0xf5,0x5,0xef85,76,flush-timeout,ring,0xd,wqe=77;op=0xd;syn=0x5;ve=0xf9,err=2;ok=0;root_idx=76;ticket=77;cqe_ci=76,2/128,,,,,,ERR,,yes,clean,0,,,,,,,,,,-1.0,-1131059111.902,r0rc=8;r1rc=4;gintype=3;drain_rc=;post_poll_ms=/2005.3;hook=4/4,,0,0,0,0,GPU,"PMO=1,SMO=1 both",rain=570.211.01;sunny=580.178.04,1,1,1,0,1,1
main,nccl-gin,gdaki,ring,1,F1,timeout,6,error,timeout,missing,0,0,38,38,remote,remote,r0,1311.6,15.164,15.234,15.486,15.323,1,0,LOCAL_QP_ERR,local_err,5,0xf5,0x5,0xf1a5,76,flush-timeout,ring,0xd,wqe=77;op=0xd;syn=0x5;ve=0xf9,err=2;ok=0;root_idx=76;ticket=77;cqe_ci=76,2/128,,,,,,ERR,,yes,clean,0,,,,,,,,,,-1.0,-1131059112.458,r0rc=8;r1rc=4;gintype=3;drain_rc=;post_poll_ms=/2005.2;hook=4/4,,0,0,0,0,GPU,"PMO=1,SMO=1 both",rain=570.211.01;sunny=580.178.04,1,1,1,0,1,1
main,nccl-gin,gdaki,ring,1,F1,timeout,7,error,timeout,missing,0,0,38,38,remote,remote,r0,1307.9,14.538,14.586,14.896,14.780,1,0,LOCAL_QP_ERR,local_err,5,0xf5,0x5,0xf3c5,76,flush-timeout,ring,0xd,wqe=77;op=0xd;syn=0x5;ve=0xf9,err=2;ok=0;root_idx=76;ticket=77;cqe_ci=76,2/128,,,,,,ERR,,yes,clean,0,,,,,,,,,,-1.0,-1131059112.806,r0rc=8;r1rc=4;gintype=3;drain_rc=;post_poll_ms=/2005.3;hook=4/4,,0,0,0,0,GPU,"PMO=1,SMO=1 both",rain=570.211.01;sunny=580.178.04,1,1,1,0,1,1
main,nccl-gin,gdaki,ring,1,F1,timeout,8,error,timeout,missing,0,0,38,38,remote,remote,r0,1311.2,14.466,14.556,14.756,14.675,1,0,LOCAL_QP_ERR,local_err,5,0xf5,0x5,0xf8b5,76,flush-timeout,ring,0xd,wqe=77;op=0xd;syn=0x5;ve=0xf9,err=2;ok=0;root_idx=76;ticket=77;cqe_ci=76,2/128,,,,,,ERR,,yes,clean,0,,,,,,,,,,-1.6,-1131059113.959,r0rc=8;r1rc=4;gintype=3;drain_rc=;post_poll_ms=/2005.2;hook=4/4,,0,0,0,0,GPU,"PMO=1,SMO=1 both",rain=570.211.01;sunny=580.178.04,1,1,1,0,1,1
main,nccl-gin,gdaki,ring,1,F1,timeout,9,error,timeout,missing,0,0,38,38,remote,remote,r0,1338.8,15.603,15.664,15.840,15.964,1,0,LOCAL_QP_ERR,local_err,5,0xf5,0x5,0xfcb9,76,flush-timeout,ring,0xd,wqe=77;op=0xd;syn=0x5;ve=0xf9,err=2;ok=0;root_idx=76;ticket=77;cqe_ci=76,2/128,,,,,,ERR,,yes,clean,0,,,,,,,,,,-1.4,-1131059115.549,r0rc=8;r1rc=4;gintype=3;drain_rc=;post_poll_ms=20.1/2005.3;hook=4/4,,0,0,0,0,GPU,"PMO=1,SMO=1 both",rain=570.211.01;sunny=580.178.04,1,1,1,0,1,1
main,nccl-gin,gdaki,ring,1,F2,blocking,10,error,hang_killed,n/a,0,0,0,0,remote,remote,r0,708.5,1.374,1.476,1.966,1.545,1,0,REM_ACCESS,rem_access,10,0x88,0x13,0xff19,0,wait-blocking,ring,0xd,wqe=1;op=0xd;syn=0x5;ve=0xf9,err=2;ok=0;root_idx=0;ticket=1;cqe_ci=0,2/128,,,,,,ERR,,yes,clean,0,,,,,,,,,,-1.0,-1131059113.490,r0rc=8;r1rc=7;gintype=3;drain_rc=;post_poll_ms=/2005.3;hook=-,,0,0,0,0,GPU,"PMO=1,SMO=1 both",rain=570.211.01;sunny=580.178.04,1,1,1,0,1,1
main,nccl-gin,gdaki,ring,1,F2,blocking,11,error,hang_killed,n/a,0,0,0,0,remote,remote,r0,729.1,1.365,1.474,1.968,1.562,1,0,REM_ACCESS,rem_access,10,0x88,0x13,0x10139,0,wait-blocking,ring,0xd,wqe=1;op=0xd;syn=0x5;ve=0xf9,err=2;ok=0;root_idx=0;ticket=1;cqe_ci=0,2/128,,,,,,ERR,,yes,clean,0,,,,,,,,,,-2.0,-1131059111.165,r0rc=8;r1rc=7;gintype=3;drain_rc=;post_poll_ms=/2005.3;hook=-,,0,0,0,0,GPU,"PMO=1,SMO=1 both",rain=570.211.01;sunny=580.178.04,1,1,1,0,1,1
main,nccl-gin,gdaki,ring,1,F2,blocking,12,error,hang_killed,n/a,0,0,0,0,remote,remote,r0,693.7,2.540,2.638,3.078,2.850,1,0,REM_ACCESS,rem_access,10,0x88,0x13,0x1033d,0,wait-blocking,ring,0xd,wqe=1;op=0xd;syn=0x5;ve=0xf9,err=2;ok=0;root_idx=0;ticket=1;cqe_ci=0,2/128,,,,,,ERR,,yes,clean,0,,,,,,,,,,-1.1,-1131059108.487,r0rc=8;r1rc=7;gintype=3;drain_rc=;post_poll_ms=/2005.3;hook=-,,0,0,0,0,GPU,"PMO=1,SMO=1 both",rain=570.211.01;sunny=580.178.04,1,1,1,0,1,1
main,nccl-gin,gdaki,ring,1,F2,blocking,13,error,hang_killed,n/a,0,0,0,0,remote,remote,r0,720.9,2.509,2.594,3.066,2.754,1,0,REM_ACCESS,rem_access,10,0x88,0x13,0x1053d,0,wait-blocking,ring,0xd,wqe=1;op=0xd;syn=0x5;ve=0xf9,err=2;ok=0;root_idx=0;ticket=1;cqe_ci=0,2/128,,,,,,ERR,,yes,clean,0,,,,,,,,,,-2.0,-1131059105.786,r0rc=8;r1rc=7;gintype=3;drain_rc=;post_poll_ms=/2005.3;hook=-,,0,0,0,0,GPU,"PMO=1,SMO=1 both",rain=570.211.01;sunny=580.178.04,1,1,1,0,1,1
main,nccl-gin,gdaki,ring,1,F2,blocking,14,error,hang_killed,n/a,0,0,0,0,remote,remote,r0,700.6,2.514,2.561,3.079,2.835,1,0,REM_ACCESS,rem_access,10,0x88,0x13,0x1073d,0,wait-blocking,ring,0xd,wqe=1;op=0xd;syn=0x5;ve=0xf9,err=2;ok=0;root_idx=0;ticket=1;cqe_ci=0,2/128,,,,,,ERR,,yes,clean,0,,,,,,,,,,-1.0,-1131059103.830,r0rc=8;r1rc=7;gintype=3;drain_rc=;post_poll_ms=/2005.3;hook=-,,0,0,0,0,GPU,"PMO=1,SMO=1 both",rain=570.211.01;sunny=580.178.04,1,1,1,0,1,1
main,nccl-gin,gdaki,ring,1,F2,blocking,15,error,hang_killed,n/a,0,0,0,0,remote,remote,r0,700.7,2.498,2.560,3.069,2.769,1,0,REM_ACCESS,rem_access,10,0x88,0x13,0x1093d,0,wait-blocking,ring,0xd,wqe=1;op=0xd;syn=0x5;ve=0xf9,err=2;ok=0;root_idx=0;ticket=1;cqe_ci=0,2/128,,,,,,ERR,,yes,clean,0,,,,,,,,,,-1.1,-1131059101.752,r0rc=8;r1rc=7;gintype=3;drain_rc=;post_poll_ms=/2005.3;hook=-,,0,0,0,0,GPU,"PMO=1,SMO=1 both",rain=570.211.01;sunny=580.178.04,1,1,1,0,1,1
main,nccl-gin,gdaki,ring,1,F2,blocking,1,error,hang_killed,n/a,0,0,0,0,remote,remote,r0,708.8,1.388,1.452,1.957,1.589,1,0,REM_ACCESS,rem_access,10,0x88,0x13,0xe28e,0,wait-blocking,ring,0xd,wqe=1;op=0xd;syn=0x5;ve=0xf9,err=2;ok=0;root_idx=0;ticket=1;cqe_ci=0,2/128,,,,,,ERR,,yes,clean,0,,,,,,,,,,-1.0,-1131059108.550,r0rc=8;r1rc=7;gintype=3;drain_rc=;post_poll_ms=/2005.2;hook=-,,0,0,0,0,GPU,"PMO=1,SMO=1 both",rain=570.211.01;sunny=580.178.04,1,1,1,0,1,1
main,nccl-gin,gdaki,ring,1,F2,blocking,2,error,hang_killed,n/a,0,0,0,0,remote,remote,r0,728.7,1.367,1.435,1.968,1.556,1,0,REM_ACCESS,rem_access,10,0x88,0x13,0xe4d5,0,wait-blocking,ring,0xd,wqe=1;op=0xd;syn=0x5;ve=0xf9,err=2;ok=0;root_idx=0;ticket=1;cqe_ci=0,2/128,,,,,,ERR,,yes,clean,0,,,,,,,,,,-2.4,-1131059110.233,r0rc=8;r1rc=7;gintype=3;drain_rc=;post_poll_ms=/2005.3;hook=-,,0,0,0,0,GPU,"PMO=1,SMO=1 both",rain=570.211.01;sunny=580.178.04,1,1,1,0,1,1
main,nccl-gin,gdaki,ring,1,F2,blocking,3,error,hang_killed,n/a,0,0,0,0,remote,remote,r0,728.3,1.384,1.448,1.963,1.565,1,0,REM_ACCESS,rem_access,10,0x88,0x13,0xea85,0,wait-blocking,ring,0xd,wqe=1;op=0xd;syn=0x5;ve=0xf9,err=2;ok=0;root_idx=0;ticket=1;cqe_ci=0,2/128,,,,,,ERR,,yes,clean,0,,,,,,,,,,-1.1,-1131059110.941,r0rc=8;r1rc=7;gintype=3;drain_rc=;post_poll_ms=/2005.2;hook=-,,0,0,0,0,GPU,"PMO=1,SMO=1 both",rain=570.211.01;sunny=580.178.04,1,1,1,0,1,1
main,nccl-gin,gdaki,ring,1,F2,blocking,4,error,hang_killed,n/a,0,0,0,0,remote,remote,r0,704.6,1.347,1.431,1.405,1.589,1,0,REM_ACCESS,rem_access,10,0x88,0x13,0xedc5,0,wait-blocking,ring,0xd,wqe=1;op=0xd;syn=0x5;ve=0xf9,err=2;ok=0;root_idx=0;ticket=1;cqe_ci=0,2/128,,,,,,ERR,,yes,clean,0,,,,,,,,,,-2.2,-1131059111.500,r0rc=8;r1rc=7;gintype=3;drain_rc=;post_poll_ms=20.1/2005.3;hook=-,,0,0,0,0,GPU,"PMO=1,SMO=1 both",rain=570.211.01;sunny=580.178.04,1,1,1,0,1,1
main,nccl-gin,gdaki,ring,1,F2,blocking,5,error,hang_killed,n/a,0,0,0,0,remote,remote,r0,715.5,1.379,1.446,1.966,1.572,1,0,REM_ACCESS,rem_access,10,0x88,0x13,0xefe5,0,wait-blocking,ring,0xd,wqe=1;op=0xd;syn=0x5;ve=0xf9,err=2;ok=0;root_idx=0;ticket=1;cqe_ci=0,2/128,,,,,,ERR,,yes,clean,0,,,,,,,,,,-1.2,-1131059111.961,r0rc=8;r1rc=7;gintype=3;drain_rc=;post_poll_ms=/2005.3;hook=-,,0,0,0,0,GPU,"PMO=1,SMO=1 both",rain=570.211.01;sunny=580.178.04,1,1,1,0,1,1
main,nccl-gin,gdaki,ring,1,F2,blocking,6,error,hang_killed,n/a,0,0,0,0,remote,remote,r0,697.0,1.372,1.436,1.973,1.534,1,0,REM_ACCESS,rem_access,10,0x88,0x13,0xf205,0,wait-blocking,ring,0xd,wqe=1;op=0xd;syn=0x5;ve=0xf9,err=2;ok=0;root_idx=0;ticket=1;cqe_ci=0,2/128,,,,,,ERR,,yes,clean,0,,,,,,,,,,-1.0,-1131059112.527,r0rc=8;r1rc=7;gintype=3;drain_rc=;post_poll_ms=/2005.2;hook=-,,0,0,0,0,GPU,"PMO=1,SMO=1 both",rain=570.211.01;sunny=580.178.04,1,1,1,0,1,1
main,nccl-gin,gdaki,ring,1,F2,blocking,7,error,hang_killed,n/a,0,0,0,0,remote,remote,r0,708.6,1.400,1.508,1.971,1.613,1,0,REM_ACCESS,rem_access,10,0x88,0x13,0xf425,0,wait-blocking,ring,0xd,wqe=1;op=0xd;syn=0x5;ve=0xf9,err=2;ok=0;root_idx=0;ticket=1;cqe_ci=0,2/128,,,,,,ERR,,yes,clean,0,,,,,,,,,,-1.1,-1131059112.861,r0rc=8;r1rc=7;gintype=3;drain_rc=;post_poll_ms=/2005.2;hook=-,,0,0,0,0,GPU,"PMO=1,SMO=1 both",rain=570.211.01;sunny=580.178.04,1,1,1,0,1,1
main,nccl-gin,gdaki,ring,1,F2,blocking,8,error,hang_killed,n/a,0,0,0,0,remote,remote,r0,704.8,1.367,1.437,1.969,1.546,1,0,REM_ACCESS,rem_access,10,0x88,0x13,0xf9d5,0,wait-blocking,ring,0xd,wqe=1;op=0xd;syn=0x5;ve=0xf9,err=2;ok=0;root_idx=0;ticket=1;cqe_ci=0,2/128,,,,,,ERR,,yes,clean,0,,,,,,,,,,-1.0,-1131059114.170,r0rc=8;r1rc=7;gintype=3;drain_rc=;post_poll_ms=/2005.2;hook=-,,0,0,0,0,GPU,"PMO=1,SMO=1 both",rain=570.211.01;sunny=580.178.04,1,1,1,0,1,1
main,nccl-gin,gdaki,ring,1,F2,blocking,9,error,hang_killed,n/a,0,0,0,0,remote,remote,r0,728.6,1.400,1.476,1.964,1.587,1,0,REM_ACCESS,rem_access,10,0x88,0x13,0xfd19,0,wait-blocking,ring,0xd,wqe=1;op=0xd;syn=0x5;ve=0xf9,err=2;ok=0;root_idx=0;ticket=1;cqe_ci=0,2/128,,,,,,ERR,,yes,clean,0,,,,,,,,,,-1.5,-1131059115.693,r0rc=8;r1rc=7;gintype=3;drain_rc=;post_poll_ms=/2005.2;hook=-,,0,0,0,0,GPU,"PMO=1,SMO=1 both",rain=570.211.01;sunny=580.178.04,1,1,1,0,1,1
main,nccl-gin,gdaki,ring,1,F2,timeout,10,error,timeout,missing,0,0,0,0,remote,remote,r0,681.5,1.495,1.593,1.960,1.809,1,0,REM_ACCESS,rem_access,10,0x88,0x13,0xfef9,0,flush-timeout,ring,0xd,wqe=1;op=0xd;syn=0x5;ve=0xf9,err=2;ok=0;root_idx=0;ticket=1;cqe_ci=0,2/128,,,,,,ERR,,yes,clean,0,,,,,,,,,,-1.3,-1131059113.615,r0rc=8;r1rc=4;gintype=3;drain_rc=;post_poll_ms=/2005.3;hook=-,,0,0,0,0,GPU,"PMO=1,SMO=1 both",rain=570.211.01;sunny=580.178.04,1,1,1,0,1,1
main,nccl-gin,gdaki,ring,1,F2,timeout,11,error,timeout,missing,0,0,0,0,remote,remote,r0,765.0,1.443,1.498,1.980,1.586,1,0,REM_ACCESS,rem_access,10,0x88,0x13,0x10119,0,flush-timeout,ring,0xd,wqe=1;op=0xd;syn=0x5;ve=0xf9,err=2;ok=0;root_idx=0;ticket=1;cqe_ci=0,2/128,,,,,,ERR,,yes,clean,0,,,,,,,,,,-1.4,-1131059111.245,r0rc=8;r1rc=4;gintype=3;drain_rc=;post_poll_ms=/2005.3;hook=-,,0,0,0,0,GPU,"PMO=1,SMO=1 both",rain=570.211.01;sunny=580.178.04,1,1,1,0,1,1
main,nccl-gin,gdaki,ring,1,F2,timeout,12,error,timeout,missing,0,0,0,0,remote,remote,r0,700.3,2.623,2.717,3.079,2.788,1,0,REM_ACCESS,rem_access,10,0x88,0x13,0x1031d,0,flush-timeout,ring,0xd,wqe=1;op=0xd;syn=0x5;ve=0xf9,err=2;ok=0;root_idx=0;ticket=1;cqe_ci=0,2/128,,,,,,ERR,,yes,clean,0,,,,,,,,,,-1.5,-1131059108.638,r0rc=8;r1rc=4;gintype=3;drain_rc=;post_poll_ms=/2005.3;hook=-,,0,0,0,0,GPU,"PMO=1,SMO=1 both",rain=570.211.01;sunny=580.178.04,1,1,1,0,1,1
main,nccl-gin,gdaki,ring,1,F2,timeout,13,error,timeout,missing,0,0,0,0,remote,remote,r0,716.8,2.590,2.663,3.068,2.838,1,0,REM_ACCESS,rem_access,10,0x88,0x13,0x1051d,0,flush-timeout,ring,0xd,wqe=1;op=0xd;syn=0x5;ve=0xf9,err=2;ok=0;root_idx=0;ticket=1;cqe_ci=0,2/128,,,,,,ERR,,yes,clean,0,,,,,,,,,,-1.1,-1131059105.901,r0rc=8;r1rc=4;gintype=3;drain_rc=;post_poll_ms=/2005.3;hook=-,,0,0,0,0,GPU,"PMO=1,SMO=1 both",rain=570.211.01;sunny=580.178.04,1,1,1,0,1,1
main,nccl-gin,gdaki,ring,1,F2,timeout,14,error,timeout,missing,0,0,0,0,remote,remote,r0,733.6,2.561,2.650,3.080,2.840,1,0,REM_ACCESS,rem_access,10,0x88,0x13,0x1071d,0,flush-timeout,ring,0xd,wqe=1;op=0xd;syn=0x5;ve=0xf9,err=2;ok=0;root_idx=0;ticket=1;cqe_ci=0,2/128,,,,,,ERR,,yes,clean,0,,,,,,,,,,-1.2,-1131059103.905,r0rc=8;r1rc=4;gintype=3;drain_rc=;post_poll_ms=/2005.2;hook=-,,0,0,0,0,GPU,"PMO=1,SMO=1 both",rain=570.211.01;sunny=580.178.04,1,1,1,0,1,1
main,nccl-gin,gdaki,ring,1,F2,timeout,15,error,timeout,missing,0,0,0,0,remote,remote,r0,712.8,2.587,2.682,3.074,2.798,1,0,REM_ACCESS,rem_access,10,0x88,0x13,0x1091d,0,flush-timeout,ring,0xd,wqe=1;op=0xd;syn=0x5;ve=0xf9,err=2;ok=0;root_idx=0;ticket=1;cqe_ci=0,2/128,,,,,,ERR,,yes,clean,0,,,,,,,,,,-1.0,-1131059101.801,r0rc=8;r1rc=4;gintype=3;drain_rc=;post_poll_ms=/2018.4;hook=-,,0,0,0,0,GPU,"PMO=1,SMO=1 both",rain=570.211.01;sunny=580.178.04,1,1,1,0,1,1
main,nccl-gin,gdaki,ring,1,F2,timeout,1,error,timeout,missing,0,0,0,0,remote,remote,r0,709.3,1.585,1.660,1.972,1.763,1,0,REM_ACCESS,rem_access,10,0x88,0x13,0xe26e,0,flush-timeout,ring,0xd,wqe=1;op=0xd;syn=0x5;ve=0xf9,err=2;ok=0;root_idx=0;ticket=1;cqe_ci=0,2/128,,,,,,ERR,,yes,clean,0,,,,,,,,,,-1.8,-1131059108.507,r0rc=8;r1rc=4;gintype=3;drain_rc=;post_poll_ms=/2005.2;hook=-,,0,0,0,0,GPU,"PMO=1,SMO=1 both",rain=570.211.01;sunny=580.178.04,1,1,1,0,1,1
main,nccl-gin,gdaki,ring,1,F2,timeout,2,error,timeout,missing,0,0,0,0,remote,remote,r0,692.1,1.371,1.454,1.961,1.556,1,0,REM_ACCESS,rem_access,10,0x88,0x13,0xe4b5,0,flush-timeout,ring,0xd,wqe=1;op=0xd;syn=0x5;ve=0xf9,err=2;ok=0;root_idx=0;ticket=1;cqe_ci=0,2/128,,,,,,ERR,,yes,clean,0,,,,,,,,,,-1.4,-1131059110.200,r0rc=8;r1rc=4;gintype=3;drain_rc=;post_poll_ms=/2005.3;hook=-,,0,0,0,0,GPU,"PMO=1,SMO=1 both",rain=570.211.01;sunny=580.178.04,1,1,1,0,1,1
main,nccl-gin,gdaki,ring,1,F2,timeout,3,error,timeout,missing,0,0,0,0,remote,remote,r0,697.5,1.421,1.485,1.964,1.550,1,0,REM_ACCESS,rem_access,10,0x88,0x13,0xea25,0,flush-timeout,ring,0xd,wqe=1;op=0xd;syn=0x5;ve=0xf9,err=2;ok=0;root_idx=0;ticket=1;cqe_ci=0,2/128,,,,,,ERR,,yes,clean,0,,,,,,,,,,-1.0,-1131059110.909,r0rc=8;r1rc=4;gintype=3;drain_rc=;post_poll_ms=/2005.2;hook=-,,0,0,0,0,GPU,"PMO=1,SMO=1 both",rain=570.211.01;sunny=580.178.04,1,1,1,0,1,1
main,nccl-gin,gdaki,ring,1,F2,timeout,4,error,timeout,missing,0,0,0,0,remote,remote,r0,708.8,1.395,1.485,1.957,1.591,1,0,REM_ACCESS,rem_access,10,0x88,0x13,0xeda5,0,flush-timeout,ring,0xd,wqe=1;op=0xd;syn=0x5;ve=0xf9,err=2;ok=0;root_idx=0;ticket=1;cqe_ci=0,2/128,,,,,,ERR,,yes,clean,0,,,,,,,,,,-1.0,-1131059111.471,r0rc=8;r1rc=4;gintype=3;drain_rc=;post_poll_ms=/2005.3;hook=-,,0,0,0,0,GPU,"PMO=1,SMO=1 both",rain=570.211.01;sunny=580.178.04,1,1,1,0,1,1
main,nccl-gin,gdaki,ring,1,F2,timeout,5,error,timeout,missing,0,0,0,0,remote,remote,r0,680.9,1.453,1.548,1.969,1.867,1,0,REM_ACCESS,rem_access,10,0x88,0x13,0xefc5,0,flush-timeout,ring,0xd,wqe=1;op=0xd;syn=0x5;ve=0xf9,err=2;ok=0;root_idx=0;ticket=1;cqe_ci=0,2/128,,,,,,ERR,,yes,clean,0,,,,,,,,,,-1.0,-1131059111.957,r0rc=8;r1rc=4;gintype=3;drain_rc=;post_poll_ms=/2005.2;hook=-,,0,0,0,0,GPU,"PMO=1,SMO=1 both",rain=570.211.01;sunny=580.178.04,1,1,1,0,1,1
main,nccl-gin,gdaki,ring,1,F2,timeout,6,error,timeout,missing,0,0,0,0,remote,remote,r0,669.0,1.450,1.558,1.971,1.746,1,0,REM_ACCESS,rem_access,10,0x88,0x13,0xf1e5,0,flush-timeout,ring,0xd,wqe=1;op=0xd;syn=0x5;ve=0xf9,err=2;ok=0;root_idx=0;ticket=1;cqe_ci=0,2/128,,,,,,ERR,,yes,clean,0,,,,,,,,,,-1.2,-1131059112.512,r0rc=8;r1rc=4;gintype=3;drain_rc=;post_poll_ms=/2005.3;hook=-,,0,0,0,0,GPU,"PMO=1,SMO=1 both",rain=570.211.01;sunny=580.178.04,1,1,1,0,1,1
main,nccl-gin,gdaki,ring,1,F2,timeout,7,error,timeout,missing,0,0,0,0,remote,remote,r0,689.9,1.451,1.547,1.968,1.760,1,0,REM_ACCESS,rem_access,10,0x88,0x13,0xf405,0,flush-timeout,ring,0xd,wqe=1;op=0xd;syn=0x5;ve=0xf9,err=2;ok=0;root_idx=0;ticket=1;cqe_ci=0,2/128,,,,,,ERR,,yes,clean,0,,,,,,,,,,-1.3,-1131059112.849,r0rc=8;r1rc=4;gintype=3;drain_rc=;post_poll_ms=/2005.3;hook=-,,0,0,0,0,GPU,"PMO=1,SMO=1 both",rain=570.211.01;sunny=580.178.04,1,1,1,0,1,1
main,nccl-gin,gdaki,ring,1,F2,timeout,8,error,timeout,missing,0,0,0,0,remote,remote,r0,730.0,1.401,1.494,1.972,1.565,1,0,REM_ACCESS,rem_access,10,0x88,0x13,0xf975,0,flush-timeout,ring,0xd,wqe=1;op=0xd;syn=0x5;ve=0xf9,err=2;ok=0;root_idx=0;ticket=1;cqe_ci=0,2/128,,,,,,ERR,,yes,clean,0,,,,,,,,,,-1.3,-1131059114.118,r0rc=8;r1rc=4;gintype=3;drain_rc=;post_poll_ms=/2005.2;hook=-,,0,0,0,0,GPU,"PMO=1,SMO=1 both",rain=570.211.01;sunny=580.178.04,1,1,1,0,1,1
main,nccl-gin,gdaki,ring,1,F2,timeout,9,error,timeout,missing,0,0,0,0,remote,remote,r0,705.0,1.451,1.547,1.967,1.773,1,0,REM_ACCESS,rem_access,10,0x88,0x13,0xfcf9,0,flush-timeout,ring,0xd,wqe=1;op=0xd;syn=0x5;ve=0xf9,err=2;ok=0;root_idx=0;ticket=1;cqe_ci=0,2/128,,,,,,ERR,,yes,clean,0,,,,,,,,,,-1.7,-1131059115.656,r0rc=8;r1rc=4;gintype=3;drain_rc=;post_poll_ms=/2005.3;hook=-,,0,0,0,0,GPU,"PMO=1,SMO=1 both",rain=570.211.01;sunny=580.178.04,1,1,1,0,1,1
main,nccl-gin,gdaki,ring,1,F3,blocking,10,error,hang_killed,n/a,0,0,38,38,remote,remote,r0,1319.6,3530.184,3530.316,3530.610,3530.608,1,0,RETRY_EXC,peer_err|proc_kill,12,0x81,0x15,0xff59,76,wait-blocking,ring,0xd,wqe=77;op=0xd;syn=0x5;ve=0xf9,err=2;ok=0;root_idx=76;ticket=77;cqe_ci=76,2/128,,,,,,ERR,,yes,clean,0,,,,,,,,,,-1.0,-1131059113.162,r0rc=8;r1rc=7;gintype=3;drain_rc=;post_poll_ms=/2005.3;hook=4/4,,0,0,0,0,GPU,"PMO=1,SMO=1 both",rain=570.211.01;sunny=580.178.04,1,1,1,0,1,1
main,nccl-gin,gdaki,ring,1,F3,blocking,11,error,hang_killed,n/a,0,0,38,38,remote,remote,r0,1271.2,3678.866,3678.970,3679.472,3679.174,1,0,RETRY_EXC,peer_err|proc_kill,12,0x81,0x15,0x10179,76,wait-blocking,ring,0xd,wqe=77;op=0xd;syn=0x5;ve=0xf9,err=2;ok=0;root_idx=76;ticket=77;cqe_ci=76,2/128,,,,,,ERR,,yes,clean,0,,,,,,,,,,-7.4,-1131059110.940,r0rc=8;r1rc=7;gintype=3;drain_rc=;post_poll_ms=/2005.2;hook=4/4,,0,0,0,0,GPU,"PMO=1,SMO=1 both",rain=570.211.01;sunny=580.178.04,1,1,1,0,1,1
main,nccl-gin,gdaki,ring,1,F3,blocking,12,error,hang_killed,n/a,0,0,38,38,remote,remote,r0,1303.5,3735.040,3735.127,3735.268,3735.346,1,0,RETRY_EXC,peer_err|proc_kill,12,0x81,0x15,0x1037d,76,wait-blocking,ring,0xd,wqe=77;op=0xd;syn=0x5;ve=0xf9,err=2;ok=0;root_idx=76;ticket=77;cqe_ci=76,2/128,,,,,,ERR,,yes,clean,0,,,,,,,,,,-1.0,-1131059108.069,r0rc=8;r1rc=7;gintype=3;drain_rc=;post_poll_ms=20.1/2005.3;hook=4/4,,0,0,0,0,GPU,"PMO=1,SMO=1 both",rain=570.211.01;sunny=580.178.04,1,1,1,0,1,1
main,nccl-gin,gdaki,ring,1,F3,blocking,13,error,hang_killed,n/a,0,0,38,38,remote,remote,r0,1286.7,3716.616,3716.689,3717.138,3716.919,1,0,RETRY_EXC,peer_err|proc_kill,12,0x81,0x15,0x1057d,76,wait-blocking,ring,0xd,wqe=77;op=0xd;syn=0x5;ve=0xf9,err=2;ok=0;root_idx=76;ticket=77;cqe_ci=76,2/128,,,,,,ERR,,yes,clean,0,,,,,,,,,,-1.0,-1131059105.479,r0rc=8;r1rc=7;gintype=3;drain_rc=;post_poll_ms=/2005.3;hook=4/4,,0,0,0,0,GPU,"PMO=1,SMO=1 both",rain=570.211.01;sunny=580.178.04,1,1,1,0,1,1
main,nccl-gin,gdaki,ring,1,F3,blocking,14,error,hang_killed,n/a,0,0,38,38,remote,remote,r0,1298.7,3524.693,3524.752,3525.103,3524.880,1,0,RETRY_EXC,peer_err|proc_kill,12,0x81,0x15,0x1077d,76,wait-blocking,ring,0xd,wqe=77;op=0xd;syn=0x5;ve=0xf9,err=2;ok=0;root_idx=76;ticket=77;cqe_ci=76,2/128,,,,,,ERR,,yes,clean,0,,,,,,,,,,-1.8,-1131059103.606,r0rc=8;r1rc=7;gintype=3;drain_rc=;post_poll_ms=/2005.2;hook=4/4,,0,0,0,0,GPU,"PMO=1,SMO=1 both",rain=570.211.01;sunny=580.178.04,1,1,1,0,1,1
main,nccl-gin,gdaki,ring,1,F3,blocking,15,error,hang_killed,n/a,0,0,38,38,remote,remote,r0,1334.1,3663.805,3663.921,3663.997,3664.055,1,0,RETRY_EXC,peer_err|proc_kill,12,0x81,0x15,0x1097d,76,wait-blocking,ring,0xd,wqe=77;op=0xd;syn=0x5;ve=0xf9,err=2;ok=0;root_idx=76;ticket=77;cqe_ci=76,2/128,,,,,,ERR,,yes,clean,0,,,,,,,,,,-1.4,-1131059101.604,r0rc=8;r1rc=7;gintype=3;drain_rc=;post_poll_ms=20.1/2005.3;hook=4/4,,0,0,0,0,GPU,"PMO=1,SMO=1 both",rain=570.211.01;sunny=580.178.04,1,1,1,0,1,1
main,nccl-gin,gdaki,ring,1,F3,blocking,1,error,hang_killed,n/a,0,0,38,38,remote,remote,r0,1274.8,3580.158,3580.256,3580.521,3580.473,1,0,RETRY_EXC,peer_err|proc_kill,12,0x81,0x15,0xe2ce,76,wait-blocking,ring,0xd,wqe=77;op=0xd;syn=0x5;ve=0xf9,err=2;ok=0;root_idx=76;ticket=77;cqe_ci=76,2/128,,,,,,ERR,,yes,clean,0,,,,,,,,,,-1.5,-1131059108.643,r0rc=8;r1rc=7;gintype=3;drain_rc=;post_poll_ms=/2005.3;hook=4/4,,0,0,0,0,GPU,"PMO=1,SMO=1 both",rain=570.211.01;sunny=580.178.04,1,1,1,0,1,1
main,nccl-gin,gdaki,ring,1,F3,blocking,2,error,hang_killed,n/a,0,0,38,38,remote,remote,r0,1338.1,3713.523,3713.624,3713.772,3713.728,1,0,RETRY_EXC,peer_err|proc_kill,12,0x81,0x15,0xe515,76,wait-blocking,ring,0xd,wqe=77;op=0xd;syn=0x5;ve=0xf9,err=2;ok=0;root_idx=76;ticket=77;cqe_ci=76,2/128,,,,,,ERR,,yes,clean,0,,,,,,,,,,-1.5,-1131059110.324,r0rc=8;r1rc=7;gintype=3;drain_rc=;post_poll_ms=/2005.2;hook=4/4,,0,0,0,0,GPU,"PMO=1,SMO=1 both",rain=570.211.01;sunny=580.178.04,1,1,1,0,1,1
main,nccl-gin,gdaki,ring,1,F3,blocking,3,error,hang_killed,n/a,0,0,38,38,remote,remote,r0,1295.9,3587.464,3587.556,3587.809,3587.672,1,0,RETRY_EXC,peer_err|proc_kill,12,0x81,0x15,0xeb45,76,wait-blocking,ring,0xd,wqe=77;op=0xd;syn=0x5;ve=0xf9,err=2;ok=0;root_idx=76;ticket=77;cqe_ci=76,2/128,,,,,,ERR,,yes,clean,0,,,,,,,,,,-1.0,-1131059111.008,r0rc=8;r1rc=7;gintype=3;drain_rc=;post_poll_ms=/2005.3;hook=4/4,,0,0,0,0,GPU,"PMO=1,SMO=1 both",rain=570.211.01;sunny=580.178.04,1,1,1,0,1,1
main,nccl-gin,gdaki,ring,1,F3,blocking,4,error,hang_killed,n/a,0,0,38,38,remote,remote,r0,1323.5,3743.656,3743.790,3744.247,3743.913,1,0,RETRY_EXC,peer_err|proc_kill,12,0x81,0x15,0xee05,76,wait-blocking,ring,0xd,wqe=77;op=0xd;syn=0x5;ve=0xf9,err=2;ok=0;root_idx=76;ticket=77;cqe_ci=76,2/128,,,,,,ERR,,yes,clean,0,,,,,,,,,,-1.4,-1131059111.566,r0rc=8;r1rc=7;gintype=3;drain_rc=;post_poll_ms=/2005.3;hook=4/4,,0,0,0,0,GPU,"PMO=1,SMO=1 both",rain=570.211.01;sunny=580.178.04,1,1,1,0,1,1
main,nccl-gin,gdaki,ring,1,F3,blocking,5,error,hang_killed,n/a,0,0,38,38,remote,remote,r0,1307.0,3643.347,3643.460,3643.804,3643.705,1,0,RETRY_EXC,peer_err|proc_kill,12,0x81,0x15,0xf025,76,wait-blocking,ring,0xd,wqe=77;op=0xd;syn=0x5;ve=0xf9,err=2;ok=0;root_idx=76;ticket=77;cqe_ci=76,2/128,,,,,,ERR,,yes,clean,0,,,,,,,,,,-1.7,-1131059112.202,r0rc=8;r1rc=7;gintype=3;drain_rc=;post_poll_ms=/2005.2;hook=4/4,,0,0,0,0,GPU,"PMO=1,SMO=1 both",rain=570.211.01;sunny=580.178.04,1,1,1,0,1,1
main,nccl-gin,gdaki,ring,1,F3,blocking,6,error,hang_killed,n/a,0,0,38,38,remote,remote,r0,1318.7,3674.674,3674.774,3674.801,3674.967,1,0,RETRY_EXC,peer_err|proc_kill,12,0x81,0x15,0xf245,76,wait-blocking,ring,0xd,wqe=77;op=0xd;syn=0x5;ve=0xf9,err=2;ok=0;root_idx=76;ticket=77;cqe_ci=76,2/128,,,,,,ERR,,yes,clean,0,,,,,,,,,,-1.3,-1131059112.570,r0rc=8;r1rc=7;gintype=3;drain_rc=;post_poll_ms=20.1/2005.3;hook=4/4,,0,0,0,0,GPU,"PMO=1,SMO=1 both",rain=570.211.01;sunny=580.178.04,1,1,1,0,1,1
main,nccl-gin,gdaki,ring,1,F3,blocking,7,error,hang_killed,n/a,0,0,38,38,remote,remote,r0,1295.3,3693.663,3693.795,3693.997,3694.075,1,0,RETRY_EXC,peer_err|proc_kill,12,0x81,0x15,0xf485,76,wait-blocking,ring,0xd,wqe=77;op=0xd;syn=0x5;ve=0xf9,err=2;ok=0;root_idx=76;ticket=77;cqe_ci=76,2/128,,,,,,ERR,,yes,clean,0,,,,,,,,,,-1.5,-1131059112.918,r0rc=8;r1rc=7;gintype=3;drain_rc=;post_poll_ms=20.1/2005.3;hook=4/4,,0,0,0,0,GPU,"PMO=1,SMO=1 both",rain=570.211.01;sunny=580.178.04,1,1,1,0,1,1
main,nccl-gin,gdaki,ring,1,F3,blocking,8,error,hang_killed,n/a,0,0,38,38,remote,remote,r0,1311.2,3578.206,3578.273,3578.381,3578.370,1,0,RETRY_EXC,peer_err|proc_kill,12,0x81,0x15,0xfa95,76,wait-blocking,ring,0xd,wqe=77;op=0xd;syn=0x5;ve=0xf9,err=2;ok=0;root_idx=76;ticket=77;cqe_ci=76,2/128,,,,,,ERR,,yes,clean,0,,,,,,,,,,-1.4,-1131059114.318,r0rc=8;r1rc=7;gintype=3;drain_rc=;post_poll_ms=/2005.3;hook=4/4,,0,0,0,0,GPU,"PMO=1,SMO=1 both",rain=570.211.01;sunny=580.178.04,1,1,1,0,1,1
main,nccl-gin,gdaki,ring,1,F3,blocking,9,error,hang_killed,n/a,0,0,38,38,remote,remote,r0,1315.7,3686.270,3686.401,3686.506,3686.573,1,0,RETRY_EXC,peer_err|proc_kill,12,0x81,0x15,0xfd59,76,wait-blocking,ring,0xd,wqe=77;op=0xd;syn=0x5;ve=0xf9,err=2;ok=0;root_idx=76;ticket=77;cqe_ci=76,2/128,,,,,,ERR,,yes,clean,0,,,,,,,,,,-1.5,-1131059115.783,r0rc=8;r1rc=7;gintype=3;drain_rc=;post_poll_ms=20.1/2005.3;hook=4/4,,0,0,0,0,GPU,"PMO=1,SMO=1 both",rain=570.211.01;sunny=580.178.04,1,1,1,0,1,1
main,nccl-gin,gdaki,ring,1,F3,timeout,10,error,timeout,missing,0,0,38,38,remote,remote,r0,1294.9,3583.429,3583.548,3583.549,3583.688,1,0,RETRY_EXC,peer_err|proc_kill,12,0x81,0x15,0xff39,76,flush-timeout,ring,0xd,wqe=77;op=0xd;syn=0x5;ve=0xf9,err=2;ok=0;root_idx=76;ticket=77;cqe_ci=76,2/128,,,,,,ERR,,yes,clean,0,,,,,,,,,,-1.7,-1131059113.291,r0rc=8;r1rc=4;gintype=3;drain_rc=;post_poll_ms=20.1/2005.2;hook=4/4,,0,0,0,0,GPU,"PMO=1,SMO=1 both",rain=570.211.01;sunny=580.178.04,1,1,1,0,1,1
main,nccl-gin,gdaki,ring,1,F3,timeout,11,error,timeout,missing,0,0,38,38,remote,remote,r0,1335.9,3682.879,3682.962,3683.440,3683.238,1,0,RETRY_EXC,peer_err|proc_kill,12,0x81,0x15,0x10159,76,flush-timeout,ring,0xd,wqe=77;op=0xd;syn=0x5;ve=0xf9,err=2;ok=0;root_idx=76;ticket=77;cqe_ci=76,2/128,,,,,,ERR,,yes,clean,0,,,,,,,,,,-1.0,-1131059111.021,r0rc=8;r1rc=4;gintype=3;drain_rc=;post_poll_ms=/2005.2;hook=4/4,,0,0,0,0,GPU,"PMO=1,SMO=1 both",rain=570.211.01;sunny=580.178.04,1,1,1,0,1,1
main,nccl-gin,gdaki,ring,1,F3,timeout,12,error,timeout,missing,0,0,38,38,remote,remote,r0,1287.1,3776.151,3776.167,3776.547,3776.443,1,0,RETRY_EXC,peer_err|proc_kill,12,0x81,0x15,0x1035d,76,flush-timeout,ring,0xd,wqe=77;op=0xd;syn=0x5;ve=0xf9,err=2;ok=0;root_idx=76;ticket=77;cqe_ci=76,2/128,,,,,,ERR,,yes,clean,0,,,,,,,,,,-1.0,-1131059108.221,r0rc=8;r1rc=4;gintype=3;drain_rc=;post_poll_ms=/2005.3;hook=4/4,,0,0,0,0,GPU,"PMO=1,SMO=1 both",rain=570.211.01;sunny=580.178.04,1,1,1,0,1,1
main,nccl-gin,gdaki,ring,1,F3,timeout,13,error,timeout,missing,0,0,38,38,remote,remote,r0,1307.1,3708.851,3708.925,3709.268,3709.098,1,0,RETRY_EXC,peer_err|proc_kill,12,0x81,0x15,0x1055d,76,flush-timeout,ring,0xd,wqe=77;op=0xd;syn=0x5;ve=0xf9,err=2;ok=0;root_idx=76;ticket=77;cqe_ci=76,2/128,,,,,,ERR,,yes,clean,0,,,,,,,,,,-1.0,-1131059105.595,r0rc=8;r1rc=4;gintype=3;drain_rc=;post_poll_ms=/2005.3;hook=4/4,,0,0,0,0,GPU,"PMO=1,SMO=1 both",rain=570.211.01;sunny=580.178.04,1,1,1,0,1,1
main,nccl-gin,gdaki,ring,1,F3,timeout,14,error,timeout,missing,0,0,38,38,remote,remote,r0,1328.4,3551.978,3552.051,3552.115,3552.135,1,0,RETRY_EXC,peer_err|proc_kill,12,0x81,0x15,0x1075d,76,flush-timeout,ring,0xd,wqe=77;op=0xd;syn=0x5;ve=0xf9,err=2;ok=0;root_idx=76;ticket=77;cqe_ci=76,2/128,,,,,,ERR,,yes,clean,0,,,,,,,,,,-1.0,-1131059103.683,r0rc=8;r1rc=4;gintype=3;drain_rc=;post_poll_ms=20.1/2005.3;hook=4/4,,0,0,0,0,GPU,"PMO=1,SMO=1 both",rain=570.211.01;sunny=580.178.04,1,1,1,0,1,1
main,nccl-gin,gdaki,ring,1,F3,timeout,15,error,timeout,missing,0,0,38,38,remote,remote,r0,1267.6,3727.905,3727.968,3728.425,3728.098,1,0,RETRY_EXC,peer_err|proc_kill,12,0x81,0x15,0x1095d,76,flush-timeout,ring,0xd,wqe=77;op=0xd;syn=0x5;ve=0xf9,err=2;ok=0;root_idx=76;ticket=77;cqe_ci=76,2/128,,,,,,ERR,,yes,clean,0,,,,,,,,,,-1.0,-1131059101.658,r0rc=8;r1rc=4;gintype=3;drain_rc=;post_poll_ms=/2005.3;hook=4/4,,0,0,0,0,GPU,"PMO=1,SMO=1 both",rain=570.211.01;sunny=580.178.04,1,1,1,0,1,1
main,nccl-gin,gdaki,ring,1,F3,timeout,1,error,timeout,missing,0,0,38,38,remote,remote,r0,1319.0,3531.939,3532.025,3532.140,3532.142,1,0,RETRY_EXC,peer_err|proc_kill,12,0x81,0x15,0xe2ae,76,flush-timeout,ring,0xd,wqe=77;op=0xd;syn=0x5;ve=0xf9,err=2;ok=0;root_idx=76;ticket=77;cqe_ci=76,2/128,,,,,,ERR,,yes,clean,0,,,,,,,,,,-1.0,-1131059108.601,r0rc=8;r1rc=4;gintype=3;drain_rc=;post_poll_ms=20.1/2005.2;hook=4/4,,0,0,0,0,GPU,"PMO=1,SMO=1 both",rain=570.211.01;sunny=580.178.04,1,1,1,0,1,1
main,nccl-gin,gdaki,ring,1,F3,timeout,2,error,timeout,missing,0,0,38,38,remote,remote,r0,1327.3,3761.316,3761.430,3761.786,3761.530,1,0,RETRY_EXC,peer_err|proc_kill,12,0x81,0x15,0xe4f5,76,flush-timeout,ring,0xd,wqe=77;op=0xd;syn=0x5;ve=0xf9,err=2;ok=0;root_idx=76;ticket=77;cqe_ci=76,2/128,,,,,,ERR,,yes,clean,0,,,,,,,,,,-1.0,-1131059110.286,r0rc=8;r1rc=4;gintype=3;drain_rc=;post_poll_ms=/2005.2;hook=4/4,,0,0,0,0,GPU,"PMO=1,SMO=1 both",rain=570.211.01;sunny=580.178.04,1,1,1,0,1,1
main,nccl-gin,gdaki,ring,1,F3,timeout,3,error,timeout,missing,0,0,38,38,remote,remote,r0,1280.0,3592.103,3592.172,3592.516,3592.268,1,0,RETRY_EXC,peer_err|proc_kill,12,0x81,0x15,0xeae5,76,flush-timeout,ring,0xd,wqe=77;op=0xd;syn=0x5;ve=0xf9,err=2;ok=0;root_idx=76;ticket=77;cqe_ci=76,2/128,,,,,,ERR,,yes,clean,0,,,,,,,,,,-2.3,-1131059110.984,r0rc=8;r1rc=4;gintype=3;drain_rc=;post_poll_ms=/2005.2;hook=4/4,,0,0,0,0,GPU,"PMO=1,SMO=1 both",rain=570.211.01;sunny=580.178.04,1,1,1,0,1,1
main,nccl-gin,gdaki,ring,1,F3,timeout,4,error,timeout,missing,0,0,38,38,remote,remote,r0,1286.4,3537.232,3537.331,3537.368,3537.439,1,0,RETRY_EXC,peer_err|proc_kill,12,0x81,0x15,0xede5,76,flush-timeout,ring,0xd,wqe=77;op=0xd;syn=0x5;ve=0xf9,err=2;ok=0;root_idx=76;ticket=77;cqe_ci=76,2/128,,,,,,ERR,,yes,clean,0,,,,,,,,,,-1.0,-1131059111.533,r0rc=8;r1rc=4;gintype=3;drain_rc=;post_poll_ms=20.1/2005.3;hook=4/4,,0,0,0,0,GPU,"PMO=1,SMO=1 both",rain=570.211.01;sunny=580.178.04,1,1,1,0,1,1
main,nccl-gin,gdaki,ring,1,F3,timeout,5,error,timeout,missing,0,0,38,38,remote,remote,r0,1322.5,3676.721,3676.809,3677.277,3676.891,1,0,RETRY_EXC,peer_err|proc_kill,12,0x81,0x15,0xf005,76,flush-timeout,ring,0xd,wqe=77;op=0xd;syn=0x5;ve=0xf9,err=2;ok=0;root_idx=76;ticket=77;cqe_ci=76,2/128,,,,,,ERR,,yes,clean,0,,,,,,,,,,-1.4,-1131059112.185,r0rc=8;r1rc=4;gintype=3;drain_rc=;post_poll_ms=/2005.3;hook=4/4,,0,0,0,0,GPU,"PMO=1,SMO=1 both",rain=570.211.01;sunny=580.178.04,1,1,1,0,1,1
main,nccl-gin,gdaki,ring,1,F3,timeout,6,error,timeout,missing,0,0,38,38,remote,remote,r0,1277.6,3745.049,3745.112,3745.375,3745.318,1,0,RETRY_EXC,peer_err|proc_kill,12,0x81,0x15,0xf225,76,flush-timeout,ring,0xd,wqe=77;op=0xd;syn=0x5;ve=0xf9,err=2;ok=0;root_idx=76;ticket=77;cqe_ci=76,2/128,,,,,,ERR,,yes,clean,0,,,,,,,,,,-1.0,-1131059112.554,r0rc=8;r1rc=4;gintype=3;drain_rc=;post_poll_ms=/2005.3;hook=4/4,,0,0,0,0,GPU,"PMO=1,SMO=1 both",rain=570.211.01;sunny=580.178.04,1,1,1,0,1,1
main,nccl-gin,gdaki,ring,1,F3,timeout,7,error,timeout,missing,0,0,38,38,remote,remote,r0,1296.5,3697.097,3697.225,3697.391,3697.488,1,0,RETRY_EXC,peer_err|proc_kill,12,0x81,0x15,0xf445,76,flush-timeout,ring,0xd,wqe=77;op=0xd;syn=0x5;ve=0xf9,err=2;ok=0;root_idx=76;ticket=77;cqe_ci=76,2/128,,,,,,ERR,,yes,clean,0,,,,,,,,,,-2.1,-1131059112.892,r0rc=8;r1rc=4;gintype=3;drain_rc=;post_poll_ms=20.1/2005.2;hook=4/4,,0,0,0,0,GPU,"PMO=1,SMO=1 both",rain=570.211.01;sunny=580.178.04,1,1,1,0,1,1
main,nccl-gin,gdaki,ring,1,F3,timeout,8,error,timeout,missing,0,0,38,38,remote,remote,r0,1330.8,3619.461,3619.532,3619.895,3619.645,1,0,RETRY_EXC,peer_err|proc_kill,12,0x81,0x15,0xfa35,76,flush-timeout,ring,0xd,wqe=77;op=0xd;syn=0x5;ve=0xf9,err=2;ok=0;root_idx=76;ticket=77;cqe_ci=76,2/128,,,,,,ERR,,yes,clean,0,,,,,,,,,,-1.0,-1131059114.258,r0rc=8;r1rc=4;gintype=3;drain_rc=;post_poll_ms=/2005.2;hook=4/4,,0,0,0,0,GPU,"PMO=1,SMO=1 both",rain=570.211.01;sunny=580.178.04,1,1,1,0,1,1
main,nccl-gin,gdaki,ring,1,F3,timeout,9,error,timeout,missing,0,0,38,38,remote,remote,r0,1308.7,3761.785,3761.909,3761.976,3762.010,1,0,RETRY_EXC,peer_err|proc_kill,12,0x81,0x15,0xfd39,76,flush-timeout,ring,0xd,wqe=77;op=0xd;syn=0x5;ve=0xf9,err=2;ok=0;root_idx=76;ticket=77;cqe_ci=76,2/128,,,,,,ERR,,yes,clean,0,,,,,,,,,,-1.0,-1131059115.756,r0rc=8;r1rc=4;gintype=3;drain_rc=;post_poll_ms=20.1/2005.2;hook=4/4,,0,0,0,0,GPU,"PMO=1,SMO=1 both",rain=570.211.01;sunny=580.178.04,1,1,1,0,1,1
main,nccl-gin,gdaki,ring,1,F4,blocking,10,error,killed,missing,0,0,178,178,remote,remote,r0,2697.0,3619.520,3619.621,3619.662,3619.772,1,0,RETRY_EXC,peer_err|proc_kill,12,0x81,0x15,0xff99,358,flush-timeout,ring,0xd,wqe=359;op=0xd;syn=0x5;ve=0xf9,err=2;ok=0;root_idx=358;ticket=359;cqe_ci=358,2/128,,,,,,ERR,,yes,clean,0,,,,,,,,,,-1.0,-1131059112.850,r0rc=8;r1rc=255;gintype=3;drain_rc=6;post_poll_ms=20.1/;hook=-,,0,0,0,0,GPU,"PMO=1,SMO=1 both",rain=570.211.01;sunny=580.178.04,1,1,1,0,1,1
main,nccl-gin,gdaki,ring,1,F4,blocking,11,error,killed,missing,0,0,178,178,remote,remote,r0,2705.3,3703.831,3703.857,3704.175,3704.088,1,0,RETRY_EXC,peer_err|proc_kill,12,0x81,0x15,0x101bd,358,flush-timeout,ring,0xd,wqe=359;op=0xd;syn=0x5;ve=0xf9,err=2;ok=0;root_idx=358;ticket=359;cqe_ci=358,2/128,,,,,,ERR,,yes,clean,0,,,,,,,,,,-1.0,-1131059111.091,r0rc=8;r1rc=255;gintype=3;drain_rc=6;post_poll_ms=/;hook=-,,0,0,0,0,GPU,"PMO=1,SMO=1 both",rain=570.211.01;sunny=580.178.04,1,1,1,0,1,1
main,nccl-gin,gdaki,ring,1,F4,blocking,12,error,killed,missing,0,0,179,179,remote,remote,r0,2699.8,3816.039,3816.114,3816.580,3816.265,1,0,RETRY_EXC,peer_err|proc_kill,12,0x81,0x15,0x103bd,360,flush-timeout,ring,0xd,wqe=361;op=0xd;syn=0x5;ve=0xf9,err=2;ok=0;root_idx=360;ticket=361;cqe_ci=360,2/128,,,,,,ERR,,yes,clean,0,,,,,,,,,,-1.4,-1131059107.675,r0rc=8;r1rc=255;gintype=3;drain_rc=6;post_poll_ms=/;hook=-,,0,0,0,0,GPU,"PMO=1,SMO=1 both",rain=570.211.01;sunny=580.178.04,1,1,1,0,1,1
main,nccl-gin,gdaki,ring,1,F4,blocking,13,error,killed,missing,0,0,178,178,remote,remote,r0,2701.6,3812.185,3812.228,3812.304,3812.407,1,0,RETRY_EXC,peer_err|proc_kill,12,0x81,0x15,0x105bd,358,flush-timeout,ring,0xd,wqe=359;op=0xd;syn=0x5;ve=0xf9,err=2;ok=0;root_idx=358;ticket=359;cqe_ci=358,2/128,,,,,,ERR,,yes,clean,0,,,,,,,,,,-1.0,-1131059105.199,r0rc=8;r1rc=255;gintype=3;drain_rc=6;post_poll_ms=20.1/;hook=-,,0,0,0,0,GPU,"PMO=1,SMO=1 both",rain=570.211.01;sunny=580.178.04,1,1,1,0,1,1
main,nccl-gin,gdaki,ring,1,F4,blocking,14,error,killed,missing,0,1,179,178,remote,remote,r0,2705.2,3628.746,3628.827,3629.229,3628.896,1,0,RETRY_EXC,peer_err|proc_kill,12,0x81,0x15,0x107bd,360,flush-timeout,ring,0xd,wqe=361;op=0xd;syn=0x5;ve=0xf9,err=2;ok=0;root_idx=360;ticket=361;cqe_ci=360,2/128,,,,,,ERR,,yes,clean,0,,,,,,,,,,-1.7,-1131059103.388,r0rc=8;r1rc=255;gintype=3;drain_rc=6;post_poll_ms=/;hook=-,,0,0,0,0,GPU,"PMO=1,SMO=1 both",rain=570.211.01;sunny=580.178.04,1,1,1,1,1,1
main,nccl-gin,gdaki,ring,1,F4,blocking,15,error,killed,missing,0,0,180,180,remote,remote,r0,2701.3,3764.087,3764.137,3764.218,3764.251,1,0,RETRY_EXC,peer_err|proc_kill,12,0x81,0x15,0x109bd,362,flush-timeout,ring,0xd,wqe=363;op=0xd;syn=0x5;ve=0xf9,err=2;ok=0;root_idx=362;ticket=363;cqe_ci=362,2/128,,,,,,ERR,,yes,clean,0,,,,,,,,,,-1.0,-1131059101.448,r0rc=8;r1rc=255;gintype=3;drain_rc=6;post_poll_ms=0.0/;hook=-,,0,0,0,0,GPU,"PMO=1,SMO=1 both",rain=570.211.01;sunny=580.178.04,1,1,1,0,1,1
main,nccl-gin,gdaki,ring,1,F4,blocking,1,error,killed,missing,0,0,179,179,remote,remote,r0,2701.4,3648.791,3648.910,3648.976,3648.973,1,0,RETRY_EXC,peer_err|proc_kill,12,0x81,0x15,0xe30e,360,flush-timeout,ring,0xd,wqe=361;op=0xd;syn=0x5;ve=0xf9,err=2;ok=0;root_idx=360;ticket=361;cqe_ci=360,2/128,,,,,,ERR,,yes,clean,0,,,,,,,,,,-1.0,-1131059108.730,r0rc=8;r1rc=255;gintype=3;drain_rc=6;post_poll_ms=/;hook=-,,0,0,0,0,GPU,"PMO=1,SMO=1 both",rain=570.211.01;sunny=580.178.04,1,1,1,0,1,1
main,nccl-gin,gdaki,ring,1,F4,blocking,2,error,killed,missing,0,0,176,176,remote,remote,r0,2697.0,3797.748,3797.836,3798.134,3798.010,1,0,RETRY_EXC,peer_err|proc_kill,12,0x81,0x15,0xe5a5,354,flush-timeout,ring,0xd,wqe=355;op=0xd;syn=0x5;ve=0xf9,err=2;ok=0;root_idx=354;ticket=355;cqe_ci=354,2/128,,,,,,ERR,,yes,clean,0,,,,,,,,,,-1.8,-1131059110.420,r0rc=8;r1rc=255;gintype=3;drain_rc=6;post_poll_ms=/;hook=-,,0,0,0,0,GPU,"PMO=1,SMO=1 both",rain=570.211.01;sunny=580.178.04,1,1,1,0,1,1
main,nccl-gin,gdaki,ring,1,F4,blocking,3,error,killed,missing,0,1,177,176,remote,remote,r0,2701.1,3692.981,3693.063,3693.323,3693.297,1,0,RETRY_EXC,peer_err|proc_kill,12,0x81,0x15,0xec05,356,flush-timeout,ring,0xd,wqe=357;op=0xd;syn=0x5;ve=0xf9,err=2;ok=0;root_idx=356;ticket=357;cqe_ci=356,2/128,,,,,,ERR,,yes,clean,0,,,,,,,,,,-1.0,-1131059111.082,r0rc=8;r1rc=255;gintype=3;drain_rc=6;post_poll_ms=/;hook=-,,0,0,0,0,GPU,"PMO=1,SMO=1 both",rain=570.211.01;sunny=580.178.04,1,1,1,1,1,1
main,nccl-gin,gdaki,ring,1,F4,blocking,4,error,killed,missing,0,0,180,180,remote,remote,r0,2705.2,3556.675,3556.789,3557.130,3557.015,1,0,RETRY_EXC,peer_err|proc_kill,12,0x81,0x15,0xee45,362,flush-timeout,ring,0xd,wqe=363;op=0xd;syn=0x5;ve=0xf9,err=2;ok=0;root_idx=362;ticket=363;cqe_ci=362,2/128,,,,,,ERR,,yes,clean,0,,,,,,,,,,-1.0,-1131059111.620,r0rc=8;r1rc=255;gintype=3;drain_rc=6;post_poll_ms=/;hook=-,,0,0,0,0,GPU,"PMO=1,SMO=1 both",rain=570.211.01;sunny=580.178.04,1,1,1,0,1,1
main,nccl-gin,gdaki,ring,1,F4,blocking,5,error,killed,missing,0,0,179,179,remote,remote,r0,2709.3,3744.103,3744.227,3744.196,3744.377,1,0,RETRY_EXC,peer_err|proc_kill,12,0x81,0x15,0xf065,360,flush-timeout,ring,0xd,wqe=361;op=0xd;syn=0x5;ve=0xf9,err=2;ok=0;root_idx=360;ticket=361;cqe_ci=360,2/128,,,,,,ERR,,yes,clean,0,,,,,,,,,,-1.3,-1131059112.250,r0rc=8;r1rc=255;gintype=3;drain_rc=6;post_poll_ms=20.1/;hook=-,,0,0,0,0,GPU,"PMO=1,SMO=1 both",rain=570.211.01;sunny=580.178.04,1,1,1,0,1,1
main,nccl-gin,gdaki,ring,1,F4,blocking,6,error,killed,missing,0,0,179,179,remote,remote,r0,2697.3,3783.410,3783.504,3783.556,3783.769,1,0,RETRY_EXC,peer_err|proc_kill,12,0x81,0x15,0xf285,360,flush-timeout,ring,0xd,wqe=361;op=0xd;syn=0x5;ve=0xf9,err=2;ok=0;root_idx=360;ticket=361;cqe_ci=360,2/128,,,,,,ERR,,yes,clean,0,,,,,,,,,,-2.3,-1131059112.611,r0rc=8;r1rc=255;gintype=3;drain_rc=6;post_poll_ms=20.1/;hook=-,,0,0,0,0,GPU,"PMO=1,SMO=1 both",rain=570.211.01;sunny=580.178.04,1,1,1,0,1,1
main,nccl-gin,gdaki,ring,1,F4,blocking,7,error,killed,missing,0,0,178,178,remote,remote,r0,2701.5,3754.805,3754.933,3755.286,3755.113,1,0,RETRY_EXC,peer_err|proc_kill,12,0x81,0x15,0xf545,358,flush-timeout,ring,0xd,wqe=359;op=0xd;syn=0x5;ve=0xf9,err=2;ok=0;root_idx=358;ticket=359;cqe_ci=358,2/128,,,,,,ERR,,yes,clean,0,,,,,,,,,,-1.4,-1131059113.114,r0rc=8;r1rc=255;gintype=3;drain_rc=6;post_poll_ms=/;hook=-,,0,0,0,0,GPU,"PMO=1,SMO=1 both",rain=570.211.01;sunny=580.178.04,1,1,1,0,1,1
main,nccl-gin,gdaki,ring,1,F4,blocking,8,error,killed,missing,0,0,179,179,remote,remote,r0,2693.4,3659.230,3659.338,3659.593,3659.411,1,0,RETRY_EXC,peer_err|proc_kill,12,0x81,0x15,0xfb55,360,flush-timeout,ring,0xd,wqe=361;op=0xd;syn=0x5;ve=0xf9,err=2;ok=0;root_idx=360;ticket=361;cqe_ci=360,2/128,,,,,,ERR,,yes,clean,0,,,,,,,,,,-1.0,-1131059114.459,r0rc=8;r1rc=255;gintype=3;drain_rc=6;post_poll_ms=/;hook=-,,0,0,0,0,GPU,"PMO=1,SMO=1 both",rain=570.211.01;sunny=580.178.04,1,1,1,0,1,1
main,nccl-gin,gdaki,ring,1,F4,blocking,9,error,killed,missing,0,0,178,178,remote,remote,r0,2705.5,3811.496,3811.641,3812.102,3811.722,1,0,RETRY_EXC,peer_err|proc_kill,12,0x81,0x15,0xfd99,358,flush-timeout,ring,0xd,wqe=359;op=0xd;syn=0x5;ve=0xf9,err=2;ok=0;root_idx=358;ticket=359;cqe_ci=358,2/128,,,,,,ERR,,yes,clean,0,,,,,,,,,,-1.4,-1131059115.887,r0rc=8;r1rc=255;gintype=3;drain_rc=6;post_poll_ms=/;hook=-,,0,0,0,0,GPU,"PMO=1,SMO=1 both",rain=570.211.01;sunny=580.178.04,1,1,1,0,1,1
main,nccl-gin,gdaki,ring,1,F4,timeout,10,error,killed,missing,0,0,179,179,remote,remote,r0,2693.1,3730.119,3730.181,3730.669,3730.369,1,0,RETRY_EXC,peer_err|proc_kill,12,0x81,0x15,0xff79,360,flush-timeout,ring,0xd,wqe=361;op=0xd;syn=0x5;ve=0xf9,err=2;ok=0;root_idx=360;ticket=361;cqe_ci=360,2/128,,,,,,ERR,,yes,clean,0,,,,,,,,,,-1.9,-1131059112.961,r0rc=8;r1rc=255;gintype=3;drain_rc=6;post_poll_ms=/;hook=-,,0,0,0,0,GPU,"PMO=1,SMO=1 both",rain=570.211.01;sunny=580.178.04,1,1,1,0,1,1
main,nccl-gin,gdaki,ring,1,F4,timeout,11,error,killed,missing,0,0,175,175,remote,remote,r0,2694.8,3630.857,3630.925,3630.971,3631.096,1,0,RETRY_EXC,peer_err|proc_kill,12,0x81,0x15,0x1019d,352,flush-timeout,ring,0xd,wqe=353;op=0xd;syn=0x5;ve=0xf9,err=2;ok=0;root_idx=352;ticket=353;cqe_ci=352,2/128,,,,,,ERR,,yes,clean,0,,,,,,,,,,-1.4,-1131059111.281,r0rc=8;r1rc=255;gintype=3;drain_rc=6;post_poll_ms=20.1/;hook=-,,0,0,0,0,GPU,"PMO=1,SMO=1 both",rain=570.211.01;sunny=580.178.04,1,1,1,0,1,1
main,nccl-gin,gdaki,ring,1,F4,timeout,12,error,killed,missing,0,1,181,180,remote,remote,r0,2697.3,3669.863,3669.933,3669.963,3670.005,1,0,RETRY_EXC,peer_err|proc_kill,12,0x81,0x15,0x1039d,364,flush-timeout,ring,0xd,wqe=365;op=0xd;syn=0x5;ve=0xf9,err=2;ok=0;root_idx=364;ticket=365;cqe_ci=364,2/128,,,,,,ERR,,yes,clean,0,,,,,,,,,,-1.0,-1131059107.800,r0rc=8;r1rc=255;gintype=3;drain_rc=6;post_poll_ms=20.1/;hook=-,,0,0,0,0,GPU,"PMO=1,SMO=1 both",rain=570.211.01;sunny=580.178.04,1,1,1,1,1,1
main,nccl-gin,gdaki,ring,1,F4,timeout,13,error,killed,missing,0,0,182,182,remote,remote,r0,2701.0,3634.695,3634.729,3634.773,3634.818,1,0,RETRY_EXC,peer_err|proc_kill,12,0x81,0x15,0x1059d,366,flush-timeout,ring,0xd,wqe=367;op=0xd;syn=0x5;ve=0xf9,err=2;ok=0;root_idx=366;ticket=367;cqe_ci=366,2/128,,,,,,ERR,,yes,clean,0,,,,,,,,,,-1.8,-1131059105.294,r0rc=8;r1rc=255;gintype=3;drain_rc=6;post_poll_ms=20.1/;hook=-,,0,0,0,0,GPU,"PMO=1,SMO=1 both",rain=570.211.01;sunny=580.178.04,1,1,1,0,1,1
main,nccl-gin,gdaki,ring,1,F4,timeout,14,error,killed,missing,0,0,182,182,remote,remote,r0,2713.0,3711.314,3711.359,3711.904,3711.459,1,0,RETRY_EXC,peer_err|proc_kill,12,0x81,0x15,0x1079d,366,flush-timeout,ring,0xd,wqe=367;op=0xd;syn=0x5;ve=0xf9,err=2;ok=0;root_idx=366;ticket=367;cqe_ci=366,2/128,,,,,,ERR,,yes,clean,0,,,,,,,,,,-1.0,-1131059103.458,r0rc=8;r1rc=255;gintype=3;drain_rc=6;post_poll_ms=/;hook=-,,0,0,0,0,GPU,"PMO=1,SMO=1 both",rain=570.211.01;sunny=580.178.04,1,1,1,0,1,1
main,nccl-gin,gdaki,ring,1,F4,timeout,15,error,killed,missing,0,0,180,180,remote,remote,r0,2701.2,3594.317,3594.375,3594.720,3594.507,1,0,RETRY_EXC,peer_err|proc_kill,12,0x81,0x15,0x1099d,362,flush-timeout,ring,0xd,wqe=363;op=0xd;syn=0x5;ve=0xf9,err=2;ok=0;root_idx=362;ticket=363;cqe_ci=362,2/128,,,,,,ERR,,yes,clean,0,,,,,,,,,,-1.6,-1131059101.508,r0rc=8;r1rc=255;gintype=3;drain_rc=6;post_poll_ms=/;hook=-,,0,0,0,0,GPU,"PMO=1,SMO=1 both",rain=570.211.01;sunny=580.178.04,1,1,1,0,1,1
main,nccl-gin,gdaki,ring,1,F4,timeout,1,error,killed,missing,0,0,180,180,remote,remote,r0,2697.1,3775.256,3775.370,3775.580,3775.459,1,0,RETRY_EXC,peer_err|proc_kill,12,0x81,0x15,0xe2ee,362,flush-timeout,ring,0xd,wqe=363;op=0xd;syn=0x5;ve=0xf9,err=2;ok=0;root_idx=362;ticket=363;cqe_ci=362,2/128,,,,,,ERR,,yes,clean,0,,,,,,,,,,-1.1,-1131059108.688,r0rc=8;r1rc=255;gintype=3;drain_rc=6;post_poll_ms=/;hook=-,,0,0,0,0,GPU,"PMO=1,SMO=1 both",rain=570.211.01;sunny=580.178.04,1,1,1,0,1,1
main,nccl-gin,gdaki,ring,1,F4,timeout,2,error,killed,missing,0,0,179,179,remote,remote,r0,2704.8,3643.842,3643.920,3644.380,3644.003,1,0,RETRY_EXC,peer_err|proc_kill,12,0x81,0x15,0xe545,360,flush-timeout,ring,0xd,wqe=361;op=0xd;syn=0x5;ve=0xf9,err=2;ok=0;root_idx=360;ticket=361;cqe_ci=360,2/128,,,,,,ERR,,yes,clean,0,,,,,,,,,,-1.1,-1131059110.388,r0rc=8;r1rc=255;gintype=3;drain_rc=6;post_poll_ms=/;hook=-,,0,0,0,0,GPU,"PMO=1,SMO=1 both",rain=570.211.01;sunny=580.178.04,1,1,1,0,1,1
main,nccl-gin,gdaki,ring,1,F4,timeout,3,error,killed,missing,0,0,180,180,remote,remote,r0,2709.1,3783.579,3783.664,3783.775,3783.815,1,0,RETRY_EXC,peer_err|proc_kill,12,0x81,0x15,0xeba5,362,flush-timeout,ring,0xd,wqe=363;op=0xd;syn=0x5;ve=0xf9,err=2;ok=0;root_idx=362;ticket=363;cqe_ci=362,2/128,,,,,,ERR,,yes,clean,0,,,,,,,,,,-1.0,-1131059111.057,r0rc=8;r1rc=255;gintype=3;drain_rc=6;post_poll_ms=20.1/;hook=-,,0,0,0,0,GPU,"PMO=1,SMO=1 both",rain=570.211.01;sunny=580.178.04,1,1,1,0,1,1
main,nccl-gin,gdaki,ring,1,F4,timeout,4,error,killed,missing,0,0,180,180,remote,remote,r0,2701.3,3678.977,3679.094,3679.157,3679.251,1,0,RETRY_EXC,peer_err|proc_kill,12,0x81,0x15,0xee25,362,flush-timeout,ring,0xd,wqe=363;op=0xd;syn=0x5;ve=0xf9,err=2;ok=0;root_idx=362;ticket=363;cqe_ci=362,2/128,,,,,,ERR,,yes,clean,0,,,,,,,,,,-1.1,-1131059111.605,r0rc=8;r1rc=255;gintype=3;drain_rc=6;post_poll_ms=20.1/;hook=-,,0,0,0,0,GPU,"PMO=1,SMO=1 both",rain=570.211.01;sunny=580.178.04,1,1,1,0,1,1
main,nccl-gin,gdaki,ring,1,F4,timeout,5,error,killed,missing,0,0,180,180,remote,remote,r0,2692.4,3582.468,3582.548,3582.832,3582.688,1,0,RETRY_EXC,peer_err|proc_kill,12,0x81,0x15,0xf045,362,flush-timeout,ring,0xd,wqe=363;op=0xd;syn=0x5;ve=0xf9,err=2;ok=0;root_idx=362;ticket=363;cqe_ci=362,2/128,,,,,,ERR,,yes,clean,0,,,,,,,,,,-1.0,-1131059112.229,r0rc=8;r1rc=255;gintype=3;drain_rc=6;post_poll_ms=/;hook=-,,0,0,0,0,GPU,"PMO=1,SMO=1 both",rain=570.211.01;sunny=580.178.04,1,1,1,0,1,1
main,nccl-gin,gdaki,ring,1,F4,timeout,6,error,killed,missing,0,0,183,183,remote,remote,r0,2704.8,3597.661,3597.791,3598.233,3597.916,1,0,RETRY_EXC,peer_err|proc_kill,12,0x81,0x15,0xf265,368,flush-timeout,ring,0xd,wqe=369;op=0xd;syn=0x5;ve=0xf9,err=2;ok=0;root_idx=368;ticket=369;cqe_ci=368,2/128,,,,,,ERR,,yes,clean,0,,,,,,,,,,-1.4,-1131059112.588,r0rc=8;r1rc=255;gintype=3;drain_rc=6;post_poll_ms=/;hook=-,,0,0,0,0,GPU,"PMO=1,SMO=1 both",rain=570.211.01;sunny=580.178.04,1,1,1,0,1,1
main,nccl-gin,gdaki,ring,1,F4,timeout,7,error,killed,missing,0,1,181,180,remote,remote,r0,2705.1,3605.082,3605.214,3605.347,3605.396,1,0,RETRY_EXC,peer_err|proc_kill,12,0x81,0x15,0xf4e5,364,flush-timeout,ring,0xd,wqe=365;op=0xd;syn=0x5;ve=0xf9,err=2;ok=0;root_idx=364;ticket=365;cqe_ci=364,2/128,,,,,,ERR,,yes,clean,0,,,,,,,,,,-2.1,-1131059113.044,r0rc=8;r1rc=255;gintype=3;drain_rc=6;post_poll_ms=20.1/;hook=-,,0,0,0,0,GPU,"PMO=1,SMO=1 both",rain=570.211.01;sunny=580.178.04,1,1,1,1,1,1
main,nccl-gin,gdaki,ring,1,F4,timeout,8,error,killed,missing,0,0,180,180,remote,remote,r0,2701.8,3777.338,3777.433,3777.454,3777.563,1,0,RETRY_EXC,peer_err|proc_kill,12,0x81,0x15,0xfaf5,362,flush-timeout,ring,0xd,wqe=363;op=0xd;syn=0x5;ve=0xf9,err=2;ok=0;root_idx=362;ticket=363;cqe_ci=362,2/128,,,,,,ERR,,yes,clean,0,,,,,,,,,,-1.1,-1131059114.413,r0rc=8;r1rc=255;gintype=3;drain_rc=6;post_poll_ms=20.1/;hook=-,,0,0,0,0,GPU,"PMO=1,SMO=1 both",rain=570.211.01;sunny=580.178.04,1,1,1,0,1,1
main,nccl-gin,gdaki,ring,1,F4,timeout,9,error,killed,missing,0,0,183,183,remote,remote,r0,2701.3,3613.500,3613.622,3613.858,3613.751,1,0,RETRY_EXC,peer_err|proc_kill,12,0x81,0x15,0xfd79,368,flush-timeout,ring,0xd,wqe=369;op=0xd;syn=0x5;ve=0xf9,err=2;ok=0;root_idx=368;ticket=369;cqe_ci=368,2/128,,,,,,ERR,,yes,clean,0,,,,,,,,,,-1.5,-1131059115.859,r0rc=8;r1rc=255;gintype=3;drain_rc=6;post_poll_ms=/;hook=-,,0,0,0,0,GPU,"PMO=1,SMO=1 both",rain=570.211.01;sunny=580.178.04,1,1,1,0,1,1
stock,nccl-gin,gdaki,ring,0,F1,blocking,10,ok,hang_killed,n/a,0,1,39,38,,remote,r0,1323.4,,,,9401.603,0,0,,,,,,,,,,,,,,,,,,,,,yes,clean,0,,,,,,,,,,-1.0,-1131059111.714,r0rc=0;r1rc=7;gintype=3;drain_rc=;post_poll_ms=/2005.2;hook=4/4,,0,0,0,0,GPU,"PMO=1,SMO=1 both",rain=570.211.01;sunny=580.178.04,0,0,1,1,1,1
stock,nccl-gin,gdaki,ring,0,F1,blocking,1,ok,hang_killed,n/a,0,1,39,38,,remote,r0,1320.2,,,,9401.985,0,0,,,,,,,,,,,,,,,,,,,,,yes,clean,0,,,,,,,,,,-1.5,-1131059109.039,r0rc=0;r1rc=7;gintype=3;drain_rc=;post_poll_ms=/2005.3;hook=4/4,,0,0,0,0,GPU,"PMO=1,SMO=1 both",rain=570.211.01;sunny=580.178.04,0,0,1,1,1,1
stock,nccl-gin,gdaki,ring,0,F1,blocking,2,ok,hang_killed,n/a,0,1,39,38,,remote,r0,1313.0,,,,9401.767,0,0,,,,,,,,,,,,,,,,,,,,,yes,clean,0,,,,,,,,,,-1.6,-1131059110.761,r0rc=0;r1rc=7;gintype=3;drain_rc=;post_poll_ms=/2005.2;hook=4/4,,0,0,0,0,GPU,"PMO=1,SMO=1 both",rain=570.211.01;sunny=580.178.04,0,0,1,1,1,1
stock,nccl-gin,gdaki,ring,0,F1,blocking,3,ok,hang_killed,n/a,0,1,39,38,,remote,r0,1304.2,,,,9401.610,0,0,,,,,,,,,,,,,,,,,,,,,yes,clean,0,,,,,,,,,,-1.0,-1131059111.354,r0rc=0;r1rc=7;gintype=3;drain_rc=;post_poll_ms=/2005.2;hook=4/4,,0,0,0,0,GPU,"PMO=1,SMO=1 both",rain=570.211.01;sunny=580.178.04,0,0,1,1,1,1
stock,nccl-gin,gdaki,ring,0,F1,blocking,4,ok,hang_killed,n/a,0,1,39,38,,remote,r0,1346.3,,,,9401.957,0,0,,,,,,,,,,,,,,,,,,,,,yes,clean,0,,,,,,,,,,-1.0,-1131059111.854,r0rc=0;r1rc=7;gintype=3;drain_rc=;post_poll_ms=/2005.3;hook=4/4,,0,0,0,0,GPU,"PMO=1,SMO=1 both",rain=570.211.01;sunny=580.178.04,0,0,1,1,1,1
stock,nccl-gin,gdaki,ring,0,F1,blocking,5,ok,hang_killed,n/a,0,1,39,38,,remote,r0,1331.4,,,,9401.516,0,0,,,,,,,,,,,,,,,,,,,,,yes,clean,0,,,,,,,,,,-1.0,-1131059112.424,r0rc=0;r1rc=7;gintype=3;drain_rc=;post_poll_ms=/2005.2;hook=4/4,,0,0,0,0,GPU,"PMO=1,SMO=1 both",rain=570.211.01;sunny=580.178.04,0,0,1,1,1,1
stock,nccl-gin,gdaki,ring,0,F1,blocking,6,ok,hang_killed,n/a,0,1,39,38,,remote,r0,1315.6,,,,9402.195,0,0,,,,,,,,,,,,,,,,,,,,,yes,clean,0,,,,,,,,,,-1.6,-1131059112.764,r0rc=0;r1rc=7;gintype=3;drain_rc=;post_poll_ms=/2005.2;hook=4/4,,0,0,0,0,GPU,"PMO=1,SMO=1 both",rain=570.211.01;sunny=580.178.04,0,0,1,1,1,1
stock,nccl-gin,gdaki,ring,0,F1,blocking,7,ok,hang_killed,n/a,0,1,39,38,,remote,r0,1309.3,,,,9401.932,0,0,,,,,,,,,,,,,,,,,,,,,yes,clean,0,,,,,,,,,,-2.0,-1131059113.813,r0rc=0;r1rc=7;gintype=3;drain_rc=;post_poll_ms=/2005.2;hook=4/4,,0,0,0,0,GPU,"PMO=1,SMO=1 both",rain=570.211.01;sunny=580.178.04,0,0,1,1,1,1
stock,nccl-gin,gdaki,ring,0,F1,blocking,8,ok,hang_killed,n/a,0,1,39,38,,remote,r0,1312.9,,,,9401.898,0,0,,,,,,,,,,,,,,,,,,,,,yes,clean,0,,,,,,,,,,-1.2,-1131059115.401,r0rc=0;r1rc=7;gintype=3;drain_rc=;post_poll_ms=/2005.2;hook=4/4,,0,0,0,0,GPU,"PMO=1,SMO=1 both",rain=570.211.01;sunny=580.178.04,0,0,1,1,1,1
stock,nccl-gin,gdaki,ring,0,F1,blocking,9,ok,hang_killed,n/a,0,1,39,38,,remote,r0,1320.7,,,,9401.786,0,0,,,,,,,,,,,,,,,,,,,,,yes,clean,0,,,,,,,,,,-1.0,-1131059114.326,r0rc=0;r1rc=7;gintype=3;drain_rc=;post_poll_ms=/2005.2;hook=4/4,,0,0,0,0,GPU,"PMO=1,SMO=1 both",rain=570.211.01;sunny=580.178.04,0,0,1,1,1,1
posctl,nccl-gin,gdaki,ring,1,F1,timeout,px1,error,timeout,missing,0,0,38,38,remote,remote,r0,1327.4,15.432,15.516,15.686,15.649,1,0,LOCAL_QP_ERR,local_err,5,0xf5,0x5,0xe455,76,flush-timeout,ring,0xd,wqe=77;op=0xd;syn=0x5;ve=0xf9,err=2;ok=0;root_idx=76;ticket=77;cqe_ci=76,2/128,,,,,,ERR,,no,clean,0,,,,,,,,,,-1.2,-1131059110.058,r0rc=8;r1rc=4;gintype=3;drain_rc=;post_poll_ms=/2005.2;hook=4/4,,1,1,24,24,CPU_PROXY,"PMO=1,SMO=1 both",rain=570.211.01;sunny=580.178.04,1,1,1,0,1,1
posctl,nccl-gin,gdaki,ring,1,F1,timeout,px2,error,timeout,missing,0,0,38,38,remote,remote,r0,1312.0,14.587,14.694,14.972,14.723,1,0,LOCAL_QP_ERR,local_err,5,0xf5,0x5,0xfc99,76,flush-timeout,ring,0xd,wqe=77;op=0xd;syn=0x5;ve=0xf9,err=2;ok=0;root_idx=76;ticket=77;cqe_ci=76,2/128,,,,,,ERR,,no,clean,0,,,,,,,,,,-1.0,-1131059115.509,r0rc=8;r1rc=4;gintype=3;drain_rc=;post_poll_ms=/2005.3;hook=4/4,,1,1,24,24,CPU_PROXY,"PMO=1,SMO=1 both",rain=570.211.01;sunny=580.178.04,1,1,1,0,1,1
smoke,nccl-gin,gdaki,collapsed,1,F2,timeout,1,error,timeout,missing,0,0,0,0,remote,remote,r0,676.5,4.881,4.962,5.300,4.999,1,0,REM_ACCESS,rem_access,10,0x88,0x13,0x6a7b,0,flush-timeout,collapsed,0xd,wqe=0;op=0xd;syn=0x13;ve=0x88,err=1;ok=0;root_idx=1;ticket=1;cqe_ci=0,1/128,,,,,,ERR,,yes,clean,0,,,,,,,,,,-1.6,-1131059125.865,r0rc=8;r1rc=4;gintype=3;drain_rc=;post_poll_ms=/2005.3;hook=-,,0,0,0,0,GPU,"PMO=1,SMO=1 both",rain=570.211.01;sunny=580.178.04,1,1,1,0,1,1
smoke,nccl-gin,gdaki,ring,1,F1,blocking,1,error,hang_killed,n/a,0,0,38,38,remote,remote,r0,1306.1,15.490,15.584,15.809,15.677,1,0,LOCAL_QP_ERR,local_err,5,0xf5,0x5,0x6a5b,76,wait-blocking,ring,0xd,wqe=77;op=0xd;syn=0x5;ve=0xf9,err=2;ok=0;root_idx=76;ticket=77;cqe_ci=76,2/128,,,,,,ERR,,yes,clean,0,,,,,,,,,,-1.3,-1131059125.681,r0rc=8;r1rc=7;gintype=3;drain_rc=;post_poll_ms=/2005.2;hook=4/4,,0,0,0,0,GPU,"PMO=1,SMO=1 both",rain=570.211.01;sunny=580.178.04,1,1,1,0,1,1
