key,status,kind,sub,stem,cell,build,trial,dir,app,fault,wait,ts,diag,bytes,iters,inject,gidsel,gid0,gid1,cut_s,r0rc,r1rc,left,wall_s,r0_outcome,r1_outcome,burst_P,burst_K,burst_agg,tx_done,tx_rc,tx_rc_it,tx_err_threads,tx_max_iter_us,rx_done,rx_rc,dev_bad_slots,host_bad_slots,host_missing_slots,host_slots,signals,signals_bad,signals_high,signals_low,signal_exact,tx_done_r1,tx_rc_r1,rx_done_r0,rx_rc_r0,dev_bad_slots_r0,host_bad_slots_r0,signal_exact_r0,r0_async,r1_async,r0_async_ms,r1_async_ms,async_samples_r0,async_samples_r1,lat_p50_us,lat_p99_us,lat_mean_us,lat_max_us,lat_max_it,lat_n,ts_on_r0,ts_on_r1,ts_off,n_fires_r0,n_fires_r1,trigger_miss,q4_r0,q4_r1,q4_class_r0,q4_class_r1,rec_init_r0,rec_init_r1,rec_resp_r0,rec_resp_r1,tie_kept,yielded,decl_r0,decl_r1,quiesce_stuck,watchdog,gid_moved_r0,gid_moved_r1,teardown_r0,teardown_r1,teardown_ms_r0,teardown_ms_r1,kernel_ms_r0,kernel_ms_r1,bind_fail,transparent_ok,fire_dt_r1_minus_r0_ms,fault_mono_r0,fault_after_launch_ms,cut_start_after_launch_ms,cut_len_ms,gids_after_cut,first_q4_class,fault_to_mbx_ms,cut_end_to_mbx_ms,fault_to_decline_ms,fault_to_resumed_ms,cut_end_to_resumed_ms,S/U/n_first,get_n,get_bad,ua_r0,ua_r1,n_mute_on_r0,mute_on_ms_r0,n_sock_close_r0,sock_close_ms_r0,sock_close_cause_r0,sock_close_cause_r1,decl_mono_r0,killed,async_before_fault,r1_alive_at_decline,silent_bad,scope_r0,scope_reason_r0,n_rerun_r0,conflict_r1,pr_mode_r0,pc_mode_r0,n_dec_r0,last_reason_r0,rec_scope_r0,rec_qps_r0,n_rec_r0,n_checked_r0,n_refused_r0,ep_c0_r0,ep_c1_r0,ep_c2_r0,ep_c3_r0,qpst_r0,n_notrts_r0,inj_ctx_r0,pr_mode_r1,pc_mode_r1,n_dec_r1,last_reason_r1,rec_scope_r1,rec_qps_r1,n_rec_r1,n_checked_r1,n_refused_r1,ep_c0_r1,ep_c1_r1,ep_c2_r1,ep_c3_r1,qpst_r1,n_notrts_r1,inj_ctx_r1,check_us_r1,refuse_reason_r1,not_rts_r1,init_qps_r1,commit_us_r0,total_us_r0,r1_q4_in_stall,r1_fire_before_dec,dual_r0,dual_r1,dual_c1_in_win,dual_c1_max_in_win_us,dual_c1_end_after_win,dual_c1_done,dual_c1_rc,ow_mode_r0,knob_uto_r0,knob_refuse_r0,mute_off_ms_r0,close1_cause_r0,close1_lv_r0,close1_ms_r0,n_dead_r0,dead_cause_r0,dead_ms_r0,n_reconn_r0,reconn_ms_r0,wait_end_r0,wait_ms_r0,q4_ms_r0,decl_ms_r0,ow_mode_r1,knob_uto_r1,knob_refuse_r1,n_mute_on_r1,mute_off_ms_r1,close1_cause_r1,close1_lv_r1,close1_ms_r1,n_dead_r1,dead_cause_r1,dead_ms_r1,n_reconn_r1,reconn_ms_r1,wait_end_r1,wait_ms_r1,q4_ms_r1,decl_ms_r1,n_notacc_r0,n_probe_ref_r1,n_probe_ans_r1,n_refuse_test_r1,r0_killed,unmute_ms,reconn_after_unmute_ms_r0,reconn_after_unmute_ms_r1,decl_after_q4_ms_r1,hd_on_r0,prod_r0,hk_gap_r0,hk_badnonce_r0,hk_fwdelay_r0,hk_copystall_r0,hk_badrepost_r0,n_judged_r0,judged_cause_r0,judged_ms_r0,n_left_r0,n_refused_dial_r0,refusal1_ms_r0,n_probe_refused_r0,probe_refusal1_ms_r0,refusal_span_ms_r0,n_nonce_ref_r0,n_badnonce_sent_r0,n_probe_noans_r0,n_cancel_r0,sock_retries_max_r0,rec_total_us_r0,n_fwdog_r0,fwdog_run_ms_r0,fwdog_ms_r0,fwdog_phase_r0,n_uarel_r0,uarel_why_r0,uarel_ms_r0,n_copyto_r0,n_esc_r0,n_plan_rej_r0,plan_rej_qp_r0,plan_rej_total_r0,plan_rej_ms_r0,n_init_round_r0,n_orphan_r0,n_dump_r0,rs_api_r0,rs_rounds_r0,rs_recovered_r0,rs_declined_r0,rs_reconnects_r0,rs_deaths_r0,rs_escalations_r0,rs_cancelled_r0,rs_fw_overruns_r0,rs_copy_timeouts_r0,rs_contexts_r0,rx_phantom_r0,post_abort_rx_phantom_r0,post_abort_rx_rc_r0,post_abort_read_r0,hog_blocks_r0,hog_sms_r0,hog_launch_err_r0,hog_launch_after_launch_ms_r0,hd_on_r1,prod_r1,hk_gap_r1,hk_badnonce_r1,hk_fwdelay_r1,hk_copystall_r1,hk_badrepost_r1,n_judged_r1,judged_cause_r1,judged_ms_r1,n_left_r1,n_refused_dial_r1,refusal1_ms_r1,n_probe_refused_r1,probe_refusal1_ms_r1,refusal_span_ms_r1,n_nonce_ref_r1,n_badnonce_sent_r1,n_probe_noans_r1,n_cancel_r1,sock_retries_max_r1,rec_total_us_r1,n_fwdog_r1,fwdog_run_ms_r1,fwdog_ms_r1,fwdog_phase_r1,n_uarel_r1,uarel_why_r1,uarel_ms_r1,n_copyto_r1,n_esc_r1,n_plan_rej_r1,plan_rej_qp_r1,plan_rej_total_r1,plan_rej_ms_r1,n_init_round_r1,n_orphan_r1,n_dump_r1,rs_api_r1,rs_rounds_r1,rs_recovered_r1,rs_declined_r1,rs_reconnects_r1,rs_deaths_r1,rs_escalations_r1,rs_cancelled_r1,rs_fw_overruns_r1,rs_copy_timeouts_r1,rs_contexts_r1,rx_phantom_r1,post_abort_rx_phantom_r1,post_abort_rx_rc_r1,post_abort_read_r1,hog_blocks_r1,hog_sms_r1,hog_launch_err_r1,hog_launch_after_launch_ms_r1,ho_kernel_done_before_shrink,ho_shrink_rc,ho_shrink_ms,ho_newcomm,ho_newcomm_nranks,ho_check_ok,ho_allreduce_rc,ho_old_kernel_done,plan_rej_init_r0,gap_on_ms_r1,gap_off_ms_r1,gap_listening_r1,fault_after_launch_r0_ms,q4_after_fault_ms_r0,decl_after_q4_ms_r0,kill_r1clock_ms,release_after_kill_ms_r1,async_after_kill_ms_r1,decl_after_kill_ms_r0,r1close_after_q4_ms,mute_applied,mute_on_ms,mute_rules_on,mute_rules_left,mute_skipped,left_rules,hf_on_r0,hf_switch_r0,n_surface_r0,surface_why_r0,n_late_copy_r0,hog_slack_r0,hog_prealloc_r0,hog_local_bytes_r0,hog_started_probe_r0,probe_n_r0,probe_done_200ms_r0,probe_stuck_r0,probe_max_ms_r0,probe_after_hog_ms_r0,hog_started_end_r0,hog_start_spread_ms_r0,hog_first_start_rel_ms_r0,hog_last_start_rel_ms_r0,probe_done_end_r0,hog_running_at_end_r0,hf_on_r1,hf_switch_r1,n_surface_r1,surface_why_r1,n_late_copy_r1,hog_slack_r1,hog_prealloc_r1,hog_local_bytes_r1,hog_started_probe_r1,probe_n_r1,probe_done_200ms_r1,probe_stuck_r1,probe_max_ms_r1,probe_after_hog_ms_r1,hog_started_end_r1,hog_start_spread_ms_r1,hog_first_start_rel_ms_r1,hog_last_start_rel_ms_r1,probe_done_end_r1,hog_running_at_end_r1,n_hoff_ok_r0,hoff_ranks_r0,hoff_ok_ms_r0,n_hoff_keep_r0,hoff_why_r0,ho_parent_async_after,ho_newcomm_async,ho_newcomm_destroy_rc,ho_check_ms,ho_allreduce_done,ho_devcomm_destroy_rc,ho_devcomm_destroy_ms,pq_on_r0,n_uapeer_r0,uapeer_r0,n_uaerr_r0,uaerr_why_r0,causes_r0,cause_r0,n_failans_r0,failans_r0,n_peerfail_r0,peerfail_r0,n_planok_r0,planok_role_r0,planok_ms_r0,n_planrej_r0,planrej_qp_r0,planrej_ms_r0,n_fwover_r0,fwover_phase_r0,fwover_ms_r0,fwover_peer_r0,n_fwold_r0,n_cancel_ack_r0,cancel_ms_r0,declwhy_r0,muteoff_ms_r0,decl_after_unmute_ms_r0,decl_after_cancel_ms_r0,n_forget_r0,rdv_r0,rdv_rejected_r0,rdv_foreign_r0,pq_on_r1,n_uapeer_r1,uapeer_r1,n_uaerr_r1,uaerr_why_r1,causes_r1,cause_r1,n_failans_r1,failans_r1,n_peerfail_r1,peerfail_r1,n_planok_r1,planok_role_r1,planok_ms_r1,n_planrej_r1,planrej_qp_r1,planrej_ms_r1,n_fwover_r1,fwover_phase_r1,fwover_ms_r1,fwover_peer_r1,n_fwold_r1,n_cancel_ack_r1,cancel_ms_r1,declwhy_r1,muteoff_ms_r1,decl_after_unmute_ms_r1,decl_after_cancel_ms_r1,n_forget_r1,rdv_r1,rdv_rejected_r1,rdv_decoy_r1,n_rec_any,end_wait_r0,end_wait_r1,port,port_tries,port_skipped,occupy_port,occupy_skipped,decoy_port,decoy_conns,decoy_bytes,tnum,lib,mrkey,n,mode,flush,rc_all,n_devcomm,n_launch,init_fail,mrge_err,n_ts_on,gq_min,gq_max,n_ts_off,n_ua,n_ow,n_pr,n_pc,n_hd,n_esc,n_fw_over,n_copy_to,n_cancel,n_judged_dead,p50_01,max_01,w_01_in,w_01_ovlmax_us,p50_02,max_02,w_02_in,w_02_ovlmax_us,p50_03,max_03,p50_10,max_10,w_10_in,w_10_ovlmax_us,p50_12,max_12,p50_13,max_13,w_13_in,w_13_ovlmax_us,p50_20,max_20,w_20_in,w_20_ovlmax_us,p50_21,max_21,w_21_in,w_21_ovlmax_us,p50_23,max_23,p50_30,max_30,p50_31,max_31,p50_32,max_32,edges,n_edges,n_edges_ok,edges_bad,outcomes,n_outcome_ok,async_ranks,n_async,p50_inter_med,p50_intra_med,max_all,win_edge_r0,win_us_r0,win_edge_r1,win_us_r1,win_edge_r2,win_us_r2,fires,n_fires,fire_in_traffic,rounds,n_rounds,rec_i,n_rec_i,rec_r,n_rec_r,decl,n_decl,decl_reasons,decl_hs,n_watchdog,n_refused,n_conflict,n_tie,ep_nz,n_ep_nz,ep_peers,notrts,n_notrts,notrts_peers,n_teardown,q4_first,kill_rank,kill_ms0,kill_in_traffic,round_ms_r0,decl_after_round_ms_r0,decl_after_kill_ms_r1,round_ms_r1,decl_after_round_ms_r1,decl_ms_r2,decl_after_kill_ms_r2,round_ms_r2,decl_after_round_ms_r2,decl_ms_r3,decl_after_kill_ms_r3,round_ms_r3,decl_after_round_ms_r3,cyc_spread_ms,n_hs,hs_first_after_round_ms,rec_first_after_round_ms,rec_last_after_round_ms,init_total_ms_min,init_total_ms_max,f3_detect_ms,resp_overlap_r0,init_overlap_r0,n_surv_edges,surv_edges_ok,surv_tx_failed,surv_rx_failed,knob_stall,n_pq_on,n_uapeer,uapeer,n_uaerr,causes,n_cause_peerdead,n_cause_local,n_fwover,fwover,n_fwold,rec_20,rec_02,n_bad_0_23,dead_rx_timeout,dead_tx_failed,surv_rx_timeout,n_hoff_ok,n_hoff_keep,keep_why_r0,ch_ok_ranks,ch_created_ranks,ch_timeout_ranks,ch_shrink_fail_r0,ch_tx_ok_sum,ch_rx_ok_sum,ch_nranks_set,n_rdv_verified,n_decoy_rejected,w_12_in,w_12_ovlmax_us,w_03_in,w_03_ovlmax_us,w_23_in,w_23_ovlmax_us,w_31_in,w_31_ovlmax_us,w_32_in,w_32_ovlmax_us,win_edge_r3,win_us_r3,w_30_in,w_30_ovlmax_us
pq_ackrace_f1_b@hf,scored,2,hf,pq_ackrace_f1_b_n1,pq_ackrace_f1_b,hf,n1,hf,default,F1,blocking,1,,16384,1000,1500,primary,4,3,0,4,4,0,18.9,device_error,device_error,,,,99,remote process exited or there was a network error,99,,,99,remote process exited or there was a network error,0,901,901,1000,1,1,0,1,0,,,,,,,,remote process exited or there was a network error,remote process exited or there was a network error,16732.9,6764.7,68055,71202,12.58,13.79,12.60,19.07,0,99,1,1,,1,0,0,1,0,LOCAL_QP_ERR,,0,0,0,0,0,0,"no helper socket to the peer: peer liveness unknown (ETIMEDOUT, no reconnect within 10000 ms)",peer closed the socket before DONE (ETIMEDOUT),0,0,,,no error,no error,825.5,543.1,16732.9,6784.1,0,0,,2659836267.135,1478.1910004615784,,,,LOCAL_QP_ERR,8.615999698638916,,15254.514999866486,,,,,,1,1,1,2659835267.982,1,2659841520.03,ETIMEDOUT,,2659851521.65,0,0,0,0,0xf,qp_state,0,0,1,1,1,qp_state,,,0,0,0,2,2,2,2,"6,6,6,6",4,,1,1,0,,,,0,0,0,2,2,2,2,"6,6,6,6",4,,,,,,,,,,,,,,,,,1,,,2659843267.551,ETIMEDOUT,unknown,2659841520.03,0,,,0,,bound,10000.2,2659836275.751,2659851521.65,1,,,0,,,,,0,,,0,,,,,1528782443.392,16,0,0,0,0,2659843267.551,,,,1,0,,,,,,0,,,0,0,,0,,,0,0,0,1,,,0,,,,1,declined,2659851521.642,0,0,0,,,,1,0,0,1,1,0,1,0,0,0,1,0,0,1,,,,,,,,,1,0,,,,,,0,,,0,0,,0,,,0,0,0,0,,,0,,,,1,declined,1528782443.34,0,0,0,,,,0,0,0,1,1,0,1,0,0,0,0,0,0,1,0,,,,,,,,,,,,,,,,,,,,1478.1910004615784,8.615999698638916,15245.899000167847,,,,,,0,,,,,,1,1,0,,0,,,,,,,,,,,,,,,,1,1,0,,0,,,,,,,,,,,,,,,,0,,,0,,,,,,,,,0,0,,1,declined,,,0,,0,,0,,,0,,,0,,,,0,1,2659841520.071,"no helper socket to the peer: peer liveness unknown (ETIMEDOUT, no reconnect within 10000 ms)",2659843267.551,8254.099,10001.579,0,,,,0,0,,1,declined,,,0,,0,,0,,,0,,,0,,,,0,0,,peer closed the socket before DONE (ETIMEDOUT),,,,0,,,,0,,12,30999,1,none,none,0,none,,,1,,,,,,,,,,,,,,,,,,,,,,,,,,,,,,,,,,,,,,,,,,,,,,,,,,,,,,,,,,,,,,,,,,,,,,,,,,,,,,,,,,,,,,,,,,,,,,,,,,,,,,,,,,,,,,,,,,,,,,,,,,,,,,,,,,,,,,,,,,,,,,,,,,,,,,,,,,,,,,,,,,,,,,,,,,,,,,,
pq_ackrace_f1_b@hf,scored,2,hf,pq_ackrace_f1_b_n2,pq_ackrace_f1_b,hf,n2,hf,default,F1,blocking,1,,16384,1000,1500,primary,4,3,0,4,4,0,18.8,device_error,device_error,,,,99,remote process exited or there was a network error,99,,,99,remote process exited or there was a network error,0,901,901,1000,1,1,0,1,0,,,,,,,,remote process exited or there was a network error,remote process exited or there was a network error,16937.1,6712.9,68927,70987,12.64,13.86,12.60,20.03,0,99,1,1,,1,0,0,1,0,LOCAL_QP_ERR,,0,0,0,0,0,0,"no helper socket to the peer: peer liveness unknown (ETIMEDOUT, no reconnect within 10000 ms)",peer closed the socket before DONE (ETIMEDOUT),0,0,,,no error,no error,631.2,607.9,16937.0,6733.2,0,0,,2659902623.067,1478.3150000572205,,,,LOCAL_QP_ERR,8.395999908447266,,15458.530000209808,,,,,,1,1,1,2659901623.156,1,2659908080.025,ETIMEDOUT,,2659918081.597,0,0,0,0,0xf,qp_state,0,0,1,1,1,qp_state,,,0,0,0,2,2,2,2,"6,6,6,6",4,,1,1,0,,,,0,0,0,2,2,2,2,"6,6,6,6",4,,,,,,,,,,,,,,,,,1,,,2659909623.475,ETIMEDOUT,unknown,2659908080.025,0,,,0,,bound,10000.2,2659902631.463,2659918081.597,1,,,0,,,,,0,,,0,,,,,1528848747.303,16,0,0,0,0,2659909623.475,,,,1,0,,,,,,0,,,0,0,,0,,,0,0,0,1,,,0,,,,1,declined,2659918081.589,0,0,0,,,,1,0,0,1,1,0,1,0,0,0,1,0,0,1,,,,,,,,,1,0,,,,,,0,,,0,0,,0,,,0,0,0,0,,,0,,,,1,declined,1528848747.244,0,0,0,,,,0,0,0,1,1,0,1,0,0,0,0,0,0,1,0,,,,,,,,,,,,,,,,,,,,1478.3150000572205,8.395999908447266,15450.134000301361,,,,,,0,,,,,,1,1,0,,0,,,,,,,,,,,,,,,,1,1,0,,0,,,,,,,,,,,,,,,,0,,,0,,,,,,,,,0,0,,1,declined,,,0,,0,,0,,,0,,,0,,,,0,1,2659908080.061,"no helper socket to the peer: peer liveness unknown (ETIMEDOUT, no reconnect within 10000 ms)",2659909623.475,8458.122,10001.536,0,,,,0,0,,1,declined,,,0,,0,,0,,,0,,,0,,,,0,0,,peer closed the socket before DONE (ETIMEDOUT),,,,0,,,,0,,12,30868,1,none,none,0,none,,,2,,,,,,,,,,,,,,,,,,,,,,,,,,,,,,,,,,,,,,,,,,,,,,,,,,,,,,,,,,,,,,,,,,,,,,,,,,,,,,,,,,,,,,,,,,,,,,,,,,,,,,,,,,,,,,,,,,,,,,,,,,,,,,,,,,,,,,,,,,,,,,,,,,,,,,,,,,,,,,,,,,,,,,,,,,,,,,,
pq_ackrace_f1_b@hf,scored,2,hf,pq_ackrace_f1_b_n3,pq_ackrace_f1_b,hf,n3,hf,default,F1,blocking,1,,16384,1000,1500,primary,4,3,0,4,4,0,18.8,device_error,device_error,,,,99,remote process exited or there was a network error,99,,,99,remote process exited or there was a network error,0,901,901,1000,1,1,0,1,0,,,,,,,,remote process exited or there was a network error,remote process exited or there was a network error,16857.3,6760.7,68606,71193,12.64,13.86,12.61,20.48,0,99,1,1,,1,0,0,1,0,LOCAL_QP_ERR,,0,0,0,0,0,0,"no helper socket to the peer: peer liveness unknown (ETIMEDOUT, no reconnect within 10000 ms)",peer closed the socket before DONE (ETIMEDOUT),0,0,,,no error,no error,714.1,564.7,16857.5,6779.0,0,0,,2659969007.228,1478.1760001182556,,,,LOCAL_QP_ERR,8.595999717712402,,15378.817999839783,,,,,,1,1,1,2659968007.213,1,2659974384.024,ETIMEDOUT,,2659984386.046,0,0,0,0,0xf,qp_state,0,0,1,1,1,qp_state,,,0,0,0,2,2,2,2,"6,6,6,6",4,,1,1,0,,,,0,0,0,2,2,2,2,"6,6,6,6",4,,,,,,,,,,,,,,,,,1,,,2659976007.582,ETIMEDOUT,unknown,2659974384.024,0,,,0,,bound,10000.6,2659969015.824,2659984386.046,1,,,0,,,,,0,,,0,,,,,1528915179.27,16,0,0,0,0,2659976007.582,,,,1,0,,,,,,0,,,0,0,,0,,,0,0,0,1,,,0,,,,1,declined,2659984386.038,0,0,0,,,,1,0,0,1,1,0,1,0,0,0,1,0,0,1,,,,,,,,,1,0,,,,,,0,,,0,0,,0,,,0,0,0,0,,,0,,,,1,declined,1528915179.22,0,0,0,,,,0,0,0,1,1,0,1,0,0,0,0,0,0,1,0,,,,,,,,,,,,,,,,,,,,1478.1760001182556,8.595999717712402,15370.22200012207,,,,,,0,,,,,,1,1,0,,0,,,,,,,,,,,,,,,,1,1,0,,0,,,,,,,,,,,,,,,,0,,,0,,,,,,,,,0,0,,1,declined,,,0,,0,,0,,,0,,,0,,,,0,1,2659974384.061,"no helper socket to the peer: peer liveness unknown (ETIMEDOUT, no reconnect within 10000 ms)",2659976007.582,8378.464,10001.985,0,,,,0,0,,1,declined,,,0,,0,,0,,,0,,,0,,,,0,0,,peer closed the socket before DONE (ETIMEDOUT),,,,0,,,,0,,12,30230,1,none,none,0,none,,,3,,,,,,,,,,,,,,,,,,,,,,,,,,,,,,,,,,,,,,,,,,,,,,,,,,,,,,,,,,,,,,,,,,,,,,,,,,,,,,,,,,,,,,,,,,,,,,,,,,,,,,,,,,,,,,,,,,,,,,,,,,,,,,,,,,,,,,,,,,,,,,,,,,,,,,,,,,,,,,,,,,,,,,,,,,,,,,,
pq_ackrace_f1_b@hf,scored,2,hf,pq_ackrace_f1_b_n4,pq_ackrace_f1_b,hf,n4,hf,default,F1,blocking,1,,16384,1000,1500,primary,4,3,0,4,4,0,18.8,device_error,device_error,,,,99,remote process exited or there was a network error,99,,,99,remote process exited or there was a network error,0,901,901,1000,1,1,0,1,0,,,,,,,,remote process exited or there was a network error,remote process exited or there was a network error,16732.5,6763.9,68108,71300,12.64,14.59,12.59,20.48,0,99,1,1,,1,0,0,1,0,LOCAL_QP_ERR,,0,0,0,0,0,0,"no helper socket to the peer: peer liveness unknown (ETIMEDOUT, no reconnect within 10000 ms)",peer closed the socket before DONE (ETIMEDOUT),0,0,,,no error,no error,833.4,554.4,16732.8,6783.6,0,0,,2660035435.937,1478.1329998970032,,,,LOCAL_QP_ERR,8.714000225067139,,15254.227000236511,,,,,,1,1,1,2660034435.78,1,2660040688.027,ETIMEDOUT,,2660050690.164,0,0,0,0,0xf,qp_state,0,0,1,1,1,qp_state,,,0,0,0,2,2,2,2,"6,6,6,6",4,,1,1,0,,,,0,0,0,2,2,2,2,"6,6,6,6",4,,,,,,,,,,,,,,,,,1,,,2660042436.636,ETIMEDOUT,unknown,2660040688.027,0,,,0,,bound,10000.8,2660035444.651,2660050690.164,1,,,0,,,,,0,,,0,,,,,1528981611.38,16,0,0,0,0,2660042436.636,,,,1,0,,,,,,0,,,0,0,,0,,,0,0,0,1,,,0,,,,1,declined,2660050690.156,0,0,0,,,,1,0,0,1,1,0,1,0,0,0,1,0,0,1,,,,,,,,,1,0,,,,,,0,,,0,0,,0,,,0,0,0,0,,,0,,,,1,declined,1528981611.321,0,0,0,,,,0,0,0,1,1,0,1,0,0,0,0,0,0,1,0,,,,,,,,,,,,,,,,,,,,1478.1329998970032,8.714000225067139,15245.513000011444,,,,,,0,,,,,,1,1,0,,0,,,,,,,,,,,,,,,,1,1,0,,0,,,,,,,,,,,,,,,,0,,,0,,,,,,,,,0,0,,1,declined,,,0,,0,,0,,,0,,,0,,,,0,1,2660040688.064,"no helper socket to the peer: peer liveness unknown (ETIMEDOUT, no reconnect within 10000 ms)",2660042436.636,8253.528,10002.1,0,,,,0,0,,1,declined,,,0,,0,,0,,,0,,,0,,,,0,0,,peer closed the socket before DONE (ETIMEDOUT),,,,0,,,,0,,12,30362,1,none,none,0,none,,,4,,,,,,,,,,,,,,,,,,,,,,,,,,,,,,,,,,,,,,,,,,,,,,,,,,,,,,,,,,,,,,,,,,,,,,,,,,,,,,,,,,,,,,,,,,,,,,,,,,,,,,,,,,,,,,,,,,,,,,,,,,,,,,,,,,,,,,,,,,,,,,,,,,,,,,,,,,,,,,,,,,,,,,,,,,,,,,,
pq_ackrace_f1_b@hf,scored,2,hf,pq_ackrace_f1_b_n5,pq_ackrace_f1_b,hf,n5,hf,default,F1,blocking,1,,16384,1000,1500,primary,4,3,0,4,4,0,18.8,device_error,device_error,,,,99,remote process exited or there was a network error,99,,,99,remote process exited or there was a network error,0,901,901,1000,1,1,0,1,0,,,,,,,,remote process exited or there was a network error,remote process exited or there was a network error,16796.4,6763.8,68349,71182,12.64,13.82,12.63,19.10,0,99,1,1,,1,0,0,1,0,LOCAL_QP_ERR,,0,0,0,0,0,0,"no helper socket to the peer: peer liveness unknown (ETIMEDOUT, no reconnect within 10000 ms)",peer closed the socket before DONE (ETIMEDOUT),0,0,,,no error,no error,779.1,561.8,16796.6,6783.5,0,0,,2660101676.171,1478.2290000915527,,,,LOCAL_QP_ERR,8.480999946594238,,15318.038000106812,,,,,,1,1,1,2660100676.428,1,2660106992.027,ETIMEDOUT,,2660116994.209,0,0,0,0,0xf,qp_state,0,0,1,1,1,qp_state,,,0,0,0,2,2,2,2,"6,6,6,6",4,,1,1,0,,,,0,0,0,2,2,2,2,"6,6,6,6",4,,,,,,,,,,,,,,,,,1,,,2660108677.022,ETIMEDOUT,unknown,2660106992.027,0,,,0,,bound,10000.8,2660101684.652,2660116994.209,1,,,0,,,,,0,,,0,,,,,1529047851.343,16,0,0,0,0,2660108677.022,,,,1,0,,,,,,0,,,0,0,,0,,,0,0,0,1,,,0,,,,1,declined,2660116994.2,0,0,0,,,,1,0,0,1,1,0,1,0,0,0,1,0,0,1,,,,,,,,,1,0,,,,,,0,,,0,0,,0,,,0,0,0,0,,,0,,,,1,declined,1529047851.283,0,0,0,,,,0,0,0,1,1,0,1,0,0,0,0,0,0,1,0,,,,,,,,,,,,,,,,,,,,1478.2290000915527,8.480999946594238,15309.557000160217,,,,,,0,,,,,,1,1,0,,0,,,,,,,,,,,,,,,,1,1,0,,0,,,,,,,,,,,,,,,,0,,,0,,,,,,,,,0,0,,1,declined,,,0,,0,,0,,,0,,,0,,,,0,1,2660106992.068,"no helper socket to the peer: peer liveness unknown (ETIMEDOUT, no reconnect within 10000 ms)",2660108677.022,8317.187,10002.141,0,,,,0,0,,1,declined,,,0,,0,,0,,,0,,,0,,,,0,0,,peer closed the socket before DONE (ETIMEDOUT),,,,0,,,,0,,12,29460,1,none,none,0,none,,,5,,,,,,,,,,,,,,,,,,,,,,,,,,,,,,,,,,,,,,,,,,,,,,,,,,,,,,,,,,,,,,,,,,,,,,,,,,,,,,,,,,,,,,,,,,,,,,,,,,,,,,,,,,,,,,,,,,,,,,,,,,,,,,,,,,,,,,,,,,,,,,,,,,,,,,,,,,,,,,,,,,,,,,,,,,,,,,,
pq_ackrace_f1r1_b@hf,scored,2,hf,pq_ackrace_f1r1_b_n1,pq_ackrace_f1r1_b,hf,n1,hf,bidir,none,blocking,1,,16384,1000,700,primary,4,3,0,4,4,0,20.8,device_error,device_error,,,,460,remote process exited or there was a network error,460,,,460,remote process exited or there was a network error,0,540,540,1000,1,1,0,1,0,98,remote process exited or there was a network error,98,remote process exited or there was a network error,0,902,0,remote process exited or there was a network error,remote process exited or there was a network error,6908.1,16749.8,74853,68308,12.83,13.63,12.79,19.17,0,460,1,1,,0,1,0,1,1,LOCAL_QP_ERR,LOCAL_QP_ERR,0,0,0,0,0,0,peer closed the socket before DONE (ETIMEDOUT),"no helper socket to the peer: peer liveness unknown (ETIMEDOUT, no reconnect within 10000 ms)",0,0,,,no error,no error,906.5,742.5,6928.4,16761.7,0,0,,2660146350.033,1464.576000213623,,,,LOCAL_QP_ERR,8.488999843597412,,5443.241000175476,,,,,,1,1,0,,0,,,ETIMEDOUT,2660151793.274,0,0,1,0,,,0,0,1,1,0,,,,0,1,0,2,2,2,2,"6,6,6,6",4,,1,1,1,pair,,,0,0,0,2,2,2,2,"6,6,6,6",4,1,,,,,,,,,,,,,,,,1,,,,,,,0,,,0,,,,2660151792.652,2660151793.274,1,,,1,1529094240.015,ETIMEDOUT,unknown,1529092522.045,0,,,0,,bound,10000.3,1529087248.314,1529102524.83,0,0,1,0,0,2660153350.223,,,15276.516000032425,1,0,,,,,,0,,,0,0,,0,,,0,0,0,0,,,0,,,,1,declined,2660151793.256,0,0,0,,,,0,0,0,1,1,0,1,0,0,0,0,0,0,1,0,,,,,,,,1,0,,,,,,0,,,0,0,,0,,,0,0,0,1,,,0,,,,1,declined,1529102524.802,0,0,0,,,,1,0,0,1,1,0,1,0,0,0,1,0,0,1,0,,,,,,,,,,,,,,,,,,,,,5442.618999958038,0.6220002174377441,,,,,-160.39899969100952,0,,,,,,1,1,0,,0,,,,,,,,,,,,,,,,1,1,0,,0,,,,,,,,,,,,,,,,0,,,0,,,,,,,,,0,0,,1,declined,,,0,,0,,0,,,0,,,0,,,,0,0,,peer closed the socket before DONE (ETIMEDOUT),,,,0,,,,0,0,,1,declined,,,0,,0,,0,,,0,,,0,,,,0,1,1529092522.121,"no helper socket to the peer: peer liveness unknown (ETIMEDOUT, no reconnect within 10000 ms)",1529094240.015,8284.815,10002.709,0,,,,0,12,,29117,1,none,none,0,none,,,1,,,,,,,,,,,,,,,,,,,,,,,,,,,,,,,,,,,,,,,,,,,,,,,,,,,,,,,,,,,,,,,,,,,,,,,,,,,,,,,,,,,,,,,,,,,,,,,,,,,,,,,,,,,,,,,,,,,,,,,,,,,,,,,,,,,,,,,,,,,,,,,,,,,,,,,,,,,,,,,,,,,,,,,,,,,,,,,
pq_ackrace_f1r1_b@hf,scored,2,hf,pq_ackrace_f1r1_b_n2,pq_ackrace_f1r1_b,hf,n2,hf,bidir,none,blocking,1,,16384,1000,700,primary,4,3,0,4,4,0,20.3,device_error,device_error,,,,453,remote process exited or there was a network error,453,,,453,remote process exited or there was a network error,0,547,547,1000,1,1,0,1,0,98,remote process exited or there was a network error,98,remote process exited or there was a network error,0,902,0,remote process exited or there was a network error,remote process exited or there was a network error,6790.0,16695.8,74466,68084,12.83,13.63,12.80,20.45,0,453,1,1,,0,1,0,0,1,,LOCAL_QP_ERR,0,0,0,0,0,0,peer closed the socket before DONE (ETIMEDOUT),"no helper socket to the peer: peer liveness unknown (ETIMEDOUT, no reconnect within 10000 ms)",0,0,,,no error,no error,535.2,811.5,6809.5,16707.7,0,0,,2660191523.55,1463.9970002174377,,,,LOCAL_QP_ERR,8.988999843597412,,5325.807999610901,,,,,,1,1,0,,0,,,ETIMEDOUT,2660196849.358,0,0,1,0,,,0,0,1,1,0,,,,0,1,0,2,2,2,2,"6,6,6,6",4,,1,1,1,pair,,,0,0,0,2,2,2,2,"6,6,6,6",4,1,,,,,,,,,,,,,,,,1,,,,,,,0,,,0,,,,,2660196849.358,1,,,1,1529139413.758,ETIMEDOUT,unknown,1529137642.052,0,,,0,,bound,10000.3,1529132422.313,1529147644.856,0,0,1,0,0,2660198523.984,,,15222.542999982834,1,0,,,,,,0,,,0,0,,0,,,0,0,0,0,,,0,,,,1,declined,2660196849.333,0,0,0,,,,0,0,0,1,1,0,1,0,0,0,0,0,0,1,0,,,,,,,,1,0,,,,,,0,,,0,0,,0,,,0,0,0,1,,,0,,,,1,declined,1529147644.826,0,0,0,,,,1,0,0,1,1,0,1,0,0,0,1,0,0,1,0,,,,,,,,,,,,,,,,,,,,,,,,,,,,0,,,,,,1,1,0,,0,,,,,,,,,,,,,,,,1,1,0,,0,,,,,,,,,,,,,,,,0,,,0,,,,,,,,,0,0,,1,declined,,,0,,0,,0,,,0,,,0,,,,0,0,,peer closed the socket before DONE (ETIMEDOUT),,,,0,,,,0,0,,1,declined,,,0,,0,,0,,,0,,,0,,,,0,1,1529137642.131,"no helper socket to the peer: peer liveness unknown (ETIMEDOUT, no reconnect within 10000 ms)",1529139413.758,8231.098,10002.725,0,,,,0,12,,29216,1,none,none,0,none,,,2,,,,,,,,,,,,,,,,,,,,,,,,,,,,,,,,,,,,,,,,,,,,,,,,,,,,,,,,,,,,,,,,,,,,,,,,,,,,,,,,,,,,,,,,,,,,,,,,,,,,,,,,,,,,,,,,,,,,,,,,,,,,,,,,,,,,,,,,,,,,,,,,,,,,,,,,,,,,,,,,,,,,,,,,,,,,,,,
pq_ackrace_f1r1_b@hf,scored,2,hf,pq_ackrace_f1r1_b_n3,pq_ackrace_f1r1_b,hf,n3,hf,bidir,none,blocking,1,,16384,1000,700,primary,4,3,0,4,4,0,20.8,device_error,device_error,,,,461,remote process exited or there was a network error,461,,,461,remote process exited or there was a network error,0,539,539,1000,1,1,0,1,0,98,remote process exited or there was a network error,98,remote process exited or there was a network error,0,902,0,remote process exited or there was a network error,remote process exited or there was a network error,6921.3,16699.1,74999,68065,12.83,13.60,12.79,18.91,0,461,1,1,,0,1,0,0,1,,LOCAL_QP_ERR,0,0,0,0,0,0,peer closed the socket before DONE (ETIMEDOUT),"no helper socket to the peer: peer liveness unknown (ETIMEDOUT, no reconnect within 10000 ms)",0,0,,,no error,no error,885.6,797.0,6940.8,16710.9,0,0,,2660235680.133,1464.1129999160767,,,,LOCAL_QP_ERR,8.906000137329102,,5457.104000091553,,,,,,1,1,0,,0,,,ETIMEDOUT,2660241137.237,0,0,1,0,,,0,0,1,1,0,,,,0,1,0,2,2,2,2,"6,6,6,6",4,,1,1,1,pair,,,0,0,0,2,2,2,2,"6,6,6,6",4,1,,,,,,,,,,,,,,,,1,,,,,,,0,,,0,,,,,2660241137.237,1,,,1,1529183570.067,ETIMEDOUT,unknown,1529181802.052,0,,,0,,bound,10000.3,1529176578.776,1529191804.726,0,0,1,0,0,2660242680.33,,,15225.950000047684,1,0,,,,,,0,,,0,0,,0,,,0,0,0,0,,,0,,,,1,declined,2660241137.209,0,0,0,,,,0,0,0,1,1,0,1,0,0,0,0,0,0,1,0,,,,,,,,1,0,,,,,,0,,,0,0,,0,,,0,0,0,1,,,0,,,,1,declined,1529191804.696,0,0,0,,,,1,0,0,1,1,0,1,0,0,0,1,0,0,1,0,,,,,,,,,,,,,,,,,,,,,,,,,,,,0,,,,,,1,1,0,,0,,,,,,,,,,,,,,,,1,1,0,,0,,,,,,,,,,,,,,,,0,,,0,,,,,,,,,0,0,,1,declined,,,0,,0,,0,,,0,,,0,,,,0,0,,peer closed the socket before DONE (ETIMEDOUT),,,,0,,,,0,0,,1,declined,,,0,,0,,0,,,0,,,0,,,,0,1,1529181802.135,"no helper socket to the peer: peer liveness unknown (ETIMEDOUT, no reconnect within 10000 ms)",1529183570.067,8234.659,10002.591,0,,,,0,12,,30349,1,none,none,0,none,,,3,,,,,,,,,,,,,,,,,,,,,,,,,,,,,,,,,,,,,,,,,,,,,,,,,,,,,,,,,,,,,,,,,,,,,,,,,,,,,,,,,,,,,,,,,,,,,,,,,,,,,,,,,,,,,,,,,,,,,,,,,,,,,,,,,,,,,,,,,,,,,,,,,,,,,,,,,,,,,,,,,,,,,,,,,,,,,,,
pq_ackrace_f1r1_b@hf,scored,2,hf,pq_ackrace_f1r1_b_n4,pq_ackrace_f1r1_b,hf,n4,hf,bidir,none,blocking,1,,16384,1000,700,primary,4,3,0,4,4,0,20.3,device_error,device_error,,,,453,remote process exited or there was a network error,453,,,453,remote process exited or there was a network error,0,547,547,1000,1,1,0,1,0,97,remote process exited or there was a network error,97,remote process exited or there was a network error,0,903,0,remote process exited or there was a network error,remote process exited or there was a network error,6791.0,16696.8,74638,68058,12.83,13.63,12.79,18.69,0,453,1,1,,0,1,0,0,1,,LOCAL_QP_ERR,0,0,0,0,0,0,peer closed the socket before DONE (ETIMEDOUT),"no helper socket to the peer: peer liveness unknown (ETIMEDOUT, no reconnect within 10000 ms)",0,0,,,no error,no error,512.0,794.5,6811.3,16709.6,0,0,,2660280852.6780005,1450.1070003509521,,,,LOCAL_QP_ERR,8.77199935913086,,5340.626999378204,,,,,,1,1,0,,0,,,ETIMEDOUT,2660286193.305,0,0,1,0,,,0,0,1,1,0,,,,0,1,0,2,2,2,2,"6,6,6,6",4,,1,1,1,pair,,,0,0,0,2,2,2,2,"6,6,6,6",4,1,,,,,,,,,,,,,,,,1,,,,,,,0,,,0,,,,,2660286193.305,1,,,1,1529228742.424,ETIMEDOUT,unknown,1529226986.05,0,,,0,,bound,10000.4,1529221751.162,1529236988.886,0,0,1,0,0,2660287852.712,,,15237.723999977112,1,0,,,,,,0,,,0,0,,0,,,0,0,0,0,,,0,,,,1,declined,2660286193.28,0,0,0,,,,0,0,0,1,1,0,1,0,0,0,0,0,0,1,0,,,,,,,,1,0,,,,,,0,,,0,0,,0,,,0,0,0,1,,,0,,,,1,declined,1529236988.857,0,0,0,,,,1,0,0,1,1,0,1,0,0,0,1,0,0,1,0,,,,,,,,,,,,,,,,,,,,,,,,,,,,0,,,,,,1,1,0,,0,,,,,,,,,,,,,,,,1,1,0,,0,,,,,,,,,,,,,,,,0,,,0,,,,,,,,,0,0,,1,declined,,,0,,0,,0,,,0,,,0,,,,0,0,,peer closed the socket before DONE (ETIMEDOUT),,,,0,,,,0,0,,1,declined,,,0,,0,,0,,,0,,,0,,,,0,1,1529226986.135,"no helper socket to the peer: peer liveness unknown (ETIMEDOUT, no reconnect within 10000 ms)",1529228742.424,8246.462,10002.751,0,,,,0,12,,29176,1,none,none,0,none,,,4,,,,,,,,,,,,,,,,,,,,,,,,,,,,,,,,,,,,,,,,,,,,,,,,,,,,,,,,,,,,,,,,,,,,,,,,,,,,,,,,,,,,,,,,,,,,,,,,,,,,,,,,,,,,,,,,,,,,,,,,,,,,,,,,,,,,,,,,,,,,,,,,,,,,,,,,,,,,,,,,,,,,,,,,,,,,,,,
pq_ackrace_f1r1_b@hf,scored,2,hf,pq_ackrace_f1r1_b_n5,pq_ackrace_f1r1_b,hf,n5,hf,bidir,none,blocking,1,,16384,1000,700,primary,4,3,0,4,4,0,20.8,device_error,device_error,,,,460,remote process exited or there was a network error,460,,,460,remote process exited or there was a network error,0,540,540,1000,1,1,0,1,0,98,remote process exited or there was a network error,98,remote process exited or there was a network error,0,902,0,remote process exited or there was a network error,remote process exited or there was a network error,6903.0,16744.9,74868,68245,12.83,13.54,12.80,19.58,0,460,1,1,,0,1,0,0,1,,LOCAL_QP_ERR,0,0,0,0,0,0,peer closed the socket before DONE (ETIMEDOUT),"no helper socket to the peer: peer liveness unknown (ETIMEDOUT, no reconnect within 10000 ms)",0,0,,,no error,no error,909.5,758.1,6923.4,16756.7,0,0,,2660325042.792,1464.2760000228882,,,,LOCAL_QP_ERR,8.765000343322754,,5438.485000133514,,,,,,1,1,0,,0,,,ETIMEDOUT,2660330481.277,0,0,1,0,,,0,0,1,1,0,,,,0,1,0,2,2,2,2,"6,6,6,6",4,,1,1,1,pair,,,0,0,0,2,2,2,2,"6,6,6,6",4,1,,,,,,,,,,,,,,,,1,,,,,,,0,,,0,,,,,2660330481.277,1,,,1,1529272932.958,ETIMEDOUT,unknown,1529271210.086,0,,,0,,bound,10000.3,1529265941.237,1529281212.953,0,0,1,0,0,2660332043.278,,,15271.716000080109,1,0,,,,,,0,,,0,0,,0,,,0,0,0,0,,,0,,,,1,declined,2660330481.247,0,0,0,,,,0,0,0,1,1,0,1,0,0,0,0,0,0,1,0,,,,,,,,1,0,,,,,,0,,,0,0,,0,,,0,0,0,1,,,0,,,,1,declined,1529281212.923,0,0,0,,,,1,0,0,1,1,0,1,0,0,0,1,0,0,1,0,,,,,,,,,,,,,,,,,,,,,,,,,,,,0,,,,,,1,1,0,,0,,,,,,,,,,,,,,,,1,1,0,,0,,,,,,,,,,,,,,,,0,,,0,,,,,,,,,0,0,,1,declined,,,0,,0,,0,,,0,,,0,,,,0,0,,peer closed the socket before DONE (ETIMEDOUT),,,,0,,,,0,0,,1,declined,,,0,,0,,0,,,0,,,0,,,,0,1,1529271210.168,"no helper socket to the peer: peer liveness unknown (ETIMEDOUT, no reconnect within 10000 ms)",1529272932.958,8279.995,10002.785,0,,,,0,12,,30302,1,none,none,0,none,,,5,,,,,,,,,,,,,,,,,,,,,,,,,,,,,,,,,,,,,,,,,,,,,,,,,,,,,,,,,,,,,,,,,,,,,,,,,,,,,,,,,,,,,,,,,,,,,,,,,,,,,,,,,,,,,,,,,,,,,,,,,,,,,,,,,,,,,,,,,,,,,,,,,,,,,,,,,,,,,,,,,,,,,,,,,,,,,,,
pq_copystall_shrink_b@hf,scored,2,hf,pq_copystall_shrink_b_n1,pq_copystall_shrink_b,hf,n1,hf,default,F1,blocking,1,,262144,120,637,primary,4,3,0,4,4,0,6.8,device_error,device_error,,,,40,remote process exited or there was a network error,40,,,40,remote process exited or there was a network error,0,80,80,120,1,1,0,1,0,,,,,,,,remote process exited or there was a network error,remote process exited or there was a network error,2603.6,2605.5,19438,11879,44.61,53.25,45.32,53.25,0,40,1,1,,1,0,0,1,0,LOCAL_QP_ERR,,0,0,0,0,0,0,cannot write the gate,the peer declined,0,0,,,no error,no error,933.7,852.8,4613.9,2631.7,0,0,,2660395759.214,599.0270004272461,,,,LOCAL_QP_ERR,3.1669998168945312,,2004.4649996757507,,,,,,1,1,0,,1,2660398156.936,FIN,,2660397763.679,0,0,1,0,0xf,qp_state,0,0,1,1,1,qp_state,,,0,0,0,2,2,2,2,"6,6,6,6",4,,1,1,0,,,,0,0,0,2,2,2,2,"6,6,6,6",4,,,,,,,,,,,,,,,,,1,,,,FIN,left,2660398156.936,0,,,0,,,,2660395762.381,2660397763.679,1,,,0,,,,,0,,,0,,,,,1529338655.566,0,0,0,0,0,,,,,1,0,-1:0,0,0@-,4000,-1,0,,,1,0,,0,,,0,0,0,0,,,0,,,,1,declined,2660397763.647,1,0,0,,,,1,0,0,1,1,0,1,0,0,0,0,0,1,1,,,,,,,,,1,0,,,,,,0,,,0,0,,0,,,0,0,0,0,,,0,,,,1,declined,1529338655.521,0,0,0,,,,0,0,0,1,0,0,1,0,0,0,0,0,0,1,0,,,,,,,,1,no error,17.2,1,1,1,no error,1,,,,,599.0270004272461,3.1669998168945312,2001.2979998588562,,,,,,0,,,,,,1,1,0,,1,,,,,,,,,,,,,,,,1,1,0,,0,,,,,,,,,,,,,,,,1,1,2660397763.907,0,,remote process exited or there was a network error,no error,no error,0.3,1,,,0,0,,1,declined,,,0,,0,,0,,,0,,,0,,,,0,0,,cannot write the gate,,,,0,,,,0,0,,1,declined,,,0,,0,,0,,,0,,,0,,,,0,0,,the peer declined,,,,0,,,,0,,,30458,1,none,none,0,none,,,1,,,,,,,,,,,,,,,,,,,,,,,,,,,,,,,,,,,,,,,,,,,,,,,,,,,,,,,,,,,,,,,,,,,,,,,,,,,,,,,,,,,,,,,,,,,,,,,,,,,,,,,,,,,,,,,,,,,,,,,,,,,,,,,,,,,,,,,,,,,,,,,,,,,,,,,,,,,,,,,,,,,,,,,,,,,,,,,
pq_copystall_shrink_b@hf,scored,2,hf,pq_copystall_shrink_b_n2,pq_copystall_shrink_b,hf,n2,hf,default,F1,blocking,1,,262144,120,774,primary,4,3,0,4,4,0,6.8,device_error,device_error,,,,49,remote process exited or there was a network error,49,,,49,remote process exited or there was a network error,0,71,71,120,1,1,0,1,0,,,,,,,,remote process exited or there was a network error,remote process exited or there was a network error,2738.8,2740.5,20033,12423,44.32,54.40,44.89,54.40,0,49,1,1,,1,0,0,1,0,LOCAL_QP_ERR,,0,0,0,0,0,0,cannot write the gate,the peer declined,0,0,,,no error,no error,790.6,709.2,4749.4,2763.9,0,0,,2660419871.859,736.3400001525879,,,,LOCAL_QP_ERR,1.36899995803833,,2002.2760000228882,,,,,,1,1,0,,1,2660422268.244,FIN,,2660421874.135,0,0,1,0,0xf,qp_state,0,0,1,1,1,qp_state,,,0,0,0,2,2,2,2,"6,6,6,6",4,,1,1,0,,,,0,0,0,2,2,2,2,"6,6,6,6",4,,,,,,,,,,,,,,,,,1,,,,FIN,left,2660422268.244,0,,,0,,,,2660419873.228,2660421874.135,1,,,0,,,,,0,,,0,,,,,1529362767.544,0,0,0,0,0,,,,,1,0,-1:0,0,0@-,4000,-1,0,,,1,0,,0,,,0,0,0,0,,,0,,,,1,declined,2660421874.104,1,0,0,,,,1,0,0,1,1,0,1,0,0,0,0,0,1,1,,,,,,,,,1,0,,,,,,0,,,0,0,,0,,,0,0,0,0,,,0,,,,1,declined,1529362767.492,0,0,0,,,,0,0,0,1,0,0,1,0,0,0,0,0,0,1,0,,,,,,,,1,no error,17.1,1,1,1,no error,1,,,,,736.3400001525879,1.36899995803833,2000.9070000648499,,,,,,0,,,,,,1,1,0,,1,,,,,,,,,,,,,,,,1,1,0,,0,,,,,,,,,,,,,,,,1,1,2660421874.418,0,,remote process exited or there was a network error,no error,no error,0.3,1,,,0,0,,1,declined,,,0,,0,,0,,,0,,,0,,,,0,0,,cannot write the gate,,,,0,,,,0,0,,1,declined,,,0,,0,,0,,,0,,,0,,,,0,0,,the peer declined,,,,0,,,,0,,,30522,1,none,none,0,none,,,2,,,,,,,,,,,,,,,,,,,,,,,,,,,,,,,,,,,,,,,,,,,,,,,,,,,,,,,,,,,,,,,,,,,,,,,,,,,,,,,,,,,,,,,,,,,,,,,,,,,,,,,,,,,,,,,,,,,,,,,,,,,,,,,,,,,,,,,,,,,,,,,,,,,,,,,,,,,,,,,,,,,,,,,,,,,,,,,
pq_copystall_shrink_b@hf,scored,2,hf,pq_copystall_shrink_b_n3,pq_copystall_shrink_b,hf,n3,hf,default,F1,blocking,1,,262144,120,911,primary,4,3,0,4,4,0,6.8,device_error,device_error,,,,59,remote process exited or there was a network error,59,,,59,remote process exited or there was a network error,0,61,61,120,1,1,0,1,0,,,,,,,,remote process exited or there was a network error,remote process exited or there was a network error,2889.2,2891.0,20634,12988,44.48,50.62,45.47,53.25,0,59,1,1,,1,0,0,1,0,LOCAL_QP_ERR,,0,0,0,0,0,0,cannot write the gate,the peer declined,0,0,,,no error,no error,637.6,566.7,4899.6,2911.7,0,0,,2660443811.022,873.1259999275208,,,,LOCAL_QP_ERR,15.0,,2016.0220003128052,,,,,,1,1,0,,1,2660446209.702,FIN,,2660445827.044,0,0,1,0,0xf,qp_state,0,0,1,1,1,qp_state,,,0,0,0,2,2,2,2,"6,6,6,6",4,,1,1,0,,,,0,0,0,2,2,2,2,"6,6,6,6",4,,,,,,,,,,,,,,,,,1,,,,FIN,left,2660446209.702,0,,,0,,,,2660443826.022,2660445827.044,1,,,0,,,,,0,,,0,,,,,1529386722.096,0,0,0,0,0,,,,,1,0,-1:0,0,0@-,4000,-1,0,,,1,0,,0,,,0,0,0,0,,,0,,,,1,declined,2660445827.015,1,0,0,,,,1,0,0,1,1,0,1,0,0,0,0,0,1,1,,,,,,,,,1,0,,,,,,0,,,0,0,,0,,,0,0,0,0,,,0,,,,1,declined,1529386722.044,0,0,0,,,,0,0,0,1,0,0,1,0,0,0,0,0,0,1,0,,,,,,,,1,no error,17.0,1,1,1,no error,1,,,,,873.1259999275208,15.0,2001.0220003128052,,,,,,0,,,,,,1,1,0,,1,,,,,,,,,,,,,,,,1,1,0,,0,,,,,,,,,,,,,,,,1,1,2660445827.104,0,,remote process exited or there was a network error,no error,no error,0.0,1,,,0,0,,1,declined,,,0,,0,,0,,,0,,,0,,,,0,0,,cannot write the gate,,,,0,,,,0,0,,1,declined,,,0,,0,,0,,,0,,,0,,,,0,0,,the peer declined,,,,0,,,,0,,,29482,1,none,none,0,none,,,3,,,,,,,,,,,,,,,,,,,,,,,,,,,,,,,,,,,,,,,,,,,,,,,,,,,,,,,,,,,,,,,,,,,,,,,,,,,,,,,,,,,,,,,,,,,,,,,,,,,,,,,,,,,,,,,,,,,,,,,,,,,,,,,,,,,,,,,,,,,,,,,,,,,,,,,,,,,,,,,,,,,,,,,,,,,,,,,
pq_copystall_shrink_b@hf,scored,2,hf,pq_copystall_shrink_b_n4,pq_copystall_shrink_b,hf,n4,hf,default,F1,blocking,1,,262144,120,1048,primary,4,3,0,4,4,0,7.3,device_error,device_error,,,,68,remote process exited or there was a network error,68,,,68,remote process exited or there was a network error,0,52,52,120,1,1,0,1,0,,,,,,,,remote process exited or there was a network error,remote process exited or there was a network error,3024.3,3025.9,21176,13517,44.38,48.16,44.94,53.25,0,68,1,1,,1,0,0,1,0,LOCAL_QP_ERR,,0,0,0,0,0,0,cannot write the gate,the peer declined,0,0,,,no error,no error,997.5,933.9,5034.7,3044.3,0,0,,2660467614.266,1010.2509999275208,,,,LOCAL_QP_ERR,13.269999980926514,,2013.7740001678467,,,,,,1,1,0,,1,2660470004.706,FIN,,2660469628.04,0,0,1,0,0xf,qp_state,0,0,1,1,1,qp_state,,,0,0,0,2,2,2,2,"6,6,6,6",4,,1,1,0,,,,0,0,0,2,2,2,2,"6,6,6,6",4,,,,,,,,,,,,,,,,,1,,,,FIN,left,2660470004.706,0,,,0,,,,2660467627.536,2660469628.04,1,,,0,,,,,0,,,0,,,,,1529410524.604,0,0,0,0,0,,,,,1,0,-1:0,0,0@-,4000,-1,0,,,1,0,,0,,,0,0,0,0,,,0,,,,1,declined,2660469628.013,1,0,0,,,,1,0,0,1,1,0,1,0,0,0,0,0,1,1,,,,,,,,,1,0,,,,,,0,,,0,0,,0,,,0,0,0,0,,,0,,,,1,declined,1529410524.552,0,0,0,,,,0,0,0,1,0,0,1,0,0,0,0,0,0,1,0,,,,,,,,1,no error,17.3,1,1,1,no error,1,,,,,1010.2509999275208,13.269999980926514,2000.5040001869202,,,,,,0,,,,,,1,1,0,,1,,,,,,,,,,,,,,,,1,1,0,,0,,,,,,,,,,,,,,,,1,1,2660469628.339,0,,remote process exited or there was a network error,no error,no error,0.3,1,,,0,0,,1,declined,,,0,,0,,0,,,0,,,0,,,,0,0,,cannot write the gate,,,,0,,,,0,0,,1,declined,,,0,,0,,0,,,0,,,0,,,,0,0,,the peer declined,,,,0,,,,0,,,30318,1,none,none,0,none,,,4,,,,,,,,,,,,,,,,,,,,,,,,,,,,,,,,,,,,,,,,,,,,,,,,,,,,,,,,,,,,,,,,,,,,,,,,,,,,,,,,,,,,,,,,,,,,,,,,,,,,,,,,,,,,,,,,,,,,,,,,,,,,,,,,,,,,,,,,,,,,,,,,,,,,,,,,,,,,,,,,,,,,,,,,,,,,,,,
pq_copystall_shrink_b@hf,scored,2,hf,pq_copystall_shrink_b_n5,pq_copystall_shrink_b,hf,n5,hf,default,F1,blocking,1,,262144,120,1185,primary,4,3,0,4,4,0,7.3,device_error,device_error,,,,77,remote process exited or there was a network error,77,,,77,remote process exited or there was a network error,0,43,43,120,1,1,0,1,0,,,,,,,,remote process exited or there was a network error,remote process exited or there was a network error,3159.9,3161.6,21659,14042,44.19,47.87,44.75,53.41,0,77,1,1,,1,0,0,1,0,LOCAL_QP_ERR,,0,0,0,0,0,0,cannot write the gate,the peer declined,0,0,,,no error,no error,875.1,811.9,5170.4,3176.8,0,0,,2660492470.248,1147.558000087738,,,,LOCAL_QP_ERR,11.483999729156494,,2012.2799997329712,,,,,,1,1,0,,1,2660494857.694,FIN,,2660494482.528,0,0,1,0,0xf,qp_state,0,0,1,1,1,qp_state,,,0,0,0,2,2,2,2,"6,6,6,6",4,,1,1,0,,,,0,0,0,2,2,2,2,"6,6,6,6",4,,,,,,,,,,,,,,,,,1,,,,FIN,left,2660494857.694,0,,,0,,,,2660492481.732,2660494482.528,1,,,0,,,,,0,,,0,,,,,1529435380.688,0,0,0,0,0,,,,,1,0,-1:0,0,0@-,4000,-1,0,,,1,0,,0,,,0,0,0,0,,,0,,,,1,declined,2660494482.496,1,0,0,,,,1,0,0,1,1,0,1,0,0,0,0,0,1,1,,,,,,,,,1,0,,,,,,0,,,0,0,,0,,,0,0,0,0,,,0,,,,1,declined,1529435380.639,0,0,0,,,,0,0,0,1,0,0,1,0,0,0,0,0,0,1,0,,,,,,,,1,no error,17.2,1,1,1,no error,1,,,,,1147.558000087738,11.483999729156494,2000.7960000038147,,,,,,0,,,,,,1,1,0,,1,,,,,,,,,,,,,,,,1,1,0,,0,,,,,,,,,,,,,,,,1,1,2660494482.955,0,,remote process exited or there was a network error,no error,no error,0.3,1,,,0,0,,1,declined,,,0,,0,,0,,,0,,,0,,,,0,0,,cannot write the gate,,,,0,,,,0,0,,1,declined,,,0,,0,,0,,,0,,,0,,,,0,0,,the peer declined,,,,0,,,,0,,,29898,1,none,none,0,none,,,5,,,,,,,,,,,,,,,,,,,,,,,,,,,,,,,,,,,,,,,,,,,,,,,,,,,,,,,,,,,,,,,,,,,,,,,,,,,,,,,,,,,,,,,,,,,,,,,,,,,,,,,,,,,,,,,,,,,,,,,,,,,,,,,,,,,,,,,,,,,,,,,,,,,,,,,,,,,,,,,,,,,,,,,,,,,,,,,
pq_repost_r1_b@hf,scored,2,hf,pq_repost_r1_b_n1,pq_repost_r1_b,hf,n1,hf,bidir,F1,blocking,1,,16384,400,637,primary,4,3,0,4,4,0,2.8,device_error,device_error,,,,42,remote process exited or there was a network error,42,,,42,remote process exited or there was a network error,0,358,358,400,1,1,0,1,0,41,remote process exited or there was a network error,41,remote process exited or there was a network error,0,359,0,remote process exited or there was a network error,remote process exited or there was a network error,629.7,628.4,3819,3706,12.70,10773.41,269.02,10773.41,41,42,1,1,,1,0,0,1,0,LOCAL_QP_ERR,,1,0,0,0,0,0,the peer declined,a re-post target was rejected (test switch),0,0,,,no error,no error,908.4,905.7,642.4,635.9,0,0,,2659595694.967,613.6090002059937,,,,LOCAL_QP_ERR,2.7659997940063477,,15.949999809265137,13.276000022888184,,"[84/82/2,0/0/0,0/0/0,0/0/0]",,,1,1,0,,0,,,FIN,2659595710.917,0,0,1,0,0xf,off,0,0,0,1,1,off,0xf,4,1,0,0,4,4,4,4,"6,6,6,6",4,,0,1,0,,,,0,0,0,2,2,2,2,"6,6,6,6",4,,,,,,3239,10348,,,,,,,,,,1,,,,,,,0,,,0,,,,2659595697.733,2659595710.917,1,,,0,,FIN,left,1528536922.414,0,,,0,,,,,1528536599.5,0,0,0,0,0,,,,,1,0,,,,,,0,,,0,0,,0,,,0,0,0,0,0.0,10348,0,,,,1,declined,2659595710.908,0,0,0,,,,1,0,0,1,1,1,1,0,0,0,0,0,0,1,0,,,,,,,,1,0,-1:0,0,0@-,0,1,0,,,1,0,,0,,,0,0,0,0,,,0,,,,1,declined,1528536599.435,0,0,1,1,4,1528536598.211,0,0,0,1,1,0,1,0,0,0,0,0,0,1,0,,,,,,,,,,,,,,,,,,,,613.6090002059937,2.7659997940063477,13.184000015258789,,,,,334.867000579834,0,,,,,,1,1,0,,0,,,,,,,,,,,,,,,,1,1,0,,0,,,,,,,,,,,,,,,,0,,,0,,,,,,,,,0,0,,1,declined,,,0,,0,,0,,,0,,,0,,,,0,0,,the peer declined,,,,0,,,,0,0,,1,declined,,,0,,0,,0,,,1,1,1528536598.211,0,,,,0,0,,a re-post target was rejected (test switch),,,,0,,,,1,,,29292,1,none,none,0,none,,,1,,,,,,,,,,,,,,,,,,,,,,,,,,,,,,,,,,,,,,,,,,,,,,,,,,,,,,,,,,,,,,,,,,,,,,,,,,,,,,,,,,,,,,,,,,,,,,,,,,,,,,,,,,,,,,,,,,,,,,,,,,,,,,,,,,,,,,,,,,,,,,,,,,,,,,,,,,,,,,,,,,,,,,,,,,,,,,,
pq_repost_r1_b@hf,scored,2,hf,pq_repost_r1_b_n2,pq_repost_r1_b,hf,n2,hf,bidir,F1,blocking,1,,16384,400,774,primary,4,3,0,4,4,0,2.8,device_error,device_error,,,,51,remote process exited or there was a network error,51,,,51,remote process exited or there was a network error,0,349,349,400,1,1,0,1,0,50,remote process exited or there was a network error,50,remote process exited or there was a network error,0,350,0,remote process exited or there was a network error,remote process exited or there was a network error,765.7,764.6,4368,4269,12.67,11670.46,241.40,11670.46,50,51,1,1,,1,0,0,1,0,LOCAL_QP_ERR,,1,0,0,0,0,0,the peer declined,a re-post target was rejected (test switch),0,0,,,no error,no error,757.8,752.2,778.5,772.2,0,0,,2659609970.071,749.7130002975464,,,,LOCAL_QP_ERR,1.751999855041504,,15.934999942779541,13.200999736785889,,"[102/100/2,0/0/0,0/0/0,0/0/0]",,,1,1,0,,0,,,FIN,2659609986.006,0,0,1,0,0xf,off,0,0,0,1,1,off,0xf,4,1,0,0,4,4,4,4,"6,6,6,6",4,,0,1,0,,,,0,0,0,2,2,2,2,"6,6,6,6",4,,,,,,3378,10437,,,,,,,,,,1,,,,,,,0,,,0,,,,2659609971.823,2659609986.006,1,,,0,,FIN,left,1528551197.409,0,,,0,,,,,1528550874.634,0,0,0,0,0,,,,,1,0,,,,,,0,,,0,0,,0,,,0,0,0,0,0.0,10437,0,,,,1,declined,2659609985.997,0,0,0,,,,1,0,0,1,1,1,1,0,0,0,0,0,0,1,0,,,,,,,,1,0,-1:0,0,0@-,0,1,0,,,1,0,,0,,,0,0,0,0,,,0,,,,1,declined,1528550874.568,0,0,1,1,4,1528550873.247,0,0,0,1,1,0,1,0,0,0,0,0,0,1,0,,,,,,,,,,,,,,,,,,,,749.7130002975464,1.751999855041504,14.183000087738037,,,,,335.76700019836426,0,,,,,,1,1,0,,0,,,,,,,,,,,,,,,,1,1,0,,0,,,,,,,,,,,,,,,,0,,,0,,,,,,,,,0,0,,1,declined,,,0,,0,,0,,,0,,,0,,,,0,0,,the peer declined,,,,0,,,,0,0,,1,declined,,,0,,0,,0,,,1,1,1528550873.247,0,,,,0,0,,a re-post target was rejected (test switch),,,,0,,,,1,,,30985,1,none,none,0,none,,,2,,,,,,,,,,,,,,,,,,,,,,,,,,,,,,,,,,,,,,,,,,,,,,,,,,,,,,,,,,,,,,,,,,,,,,,,,,,,,,,,,,,,,,,,,,,,,,,,,,,,,,,,,,,,,,,,,,,,,,,,,,,,,,,,,,,,,,,,,,,,,,,,,,,,,,,,,,,,,,,,,,,,,,,,,,,,,,,
pq_repost_r1_b@hf,scored,2,hf,pq_repost_r1_b_n3,pq_repost_r1_b,hf,n3,hf,bidir,F1,blocking,1,,16384,400,911,primary,4,3,0,4,4,0,2.8,device_error,device_error,,,,60,remote process exited or there was a network error,60,,,60,remote process exited or there was a network error,0,340,340,400,1,1,0,1,0,59,remote process exited or there was a network error,59,remote process exited or there was a network error,0,341,0,remote process exited or there was a network error,remote process exited or there was a network error,900.5,899.2,4926,4795,12.67,18.88,198.40,11145.70,59,60,1,1,,1,0,0,1,0,LOCAL_QP_ERR,,1,0,0,0,0,0,the peer declined,a re-post target was rejected (test switch),0,0,,,no error,no error,632.3,627.5,912.6,906.1,0,0,,2659624200.514,881.21399974823,,,,LOCAL_QP_ERR,5.506999969482422,,19.11299991607666,16.29900026321411,,"[120/118/2,0/0/0,0/0/0,0/0/0]",,,1,1,0,,0,,,FIN,2659624219.627,0,0,1,0,0xf,off,0,0,0,1,1,off,0xf,4,1,0,0,4,4,4,4,"6,6,6,6",4,,0,1,0,,,,0,0,0,2,2,2,2,"6,6,6,6",4,,,,,,3429,10494,,,,,,,,,,1,,,,,,,0,,,0,,,,2659624206.021,2659624219.627,1,,,0,,FIN,left,1528565430.377,0,,,0,,,,,1528565108.178,0,0,0,0,0,,,,,1,0,,,,,,0,,,0,0,,0,,,0,0,0,0,0.0,10494,0,,,,1,declined,2659624219.619,0,0,0,,,,1,0,0,1,1,1,1,0,0,0,0,0,0,1,0,,,,,,,,1,0,-1:0,0,0@-,0,1,0,,,1,0,,0,,,0,0,0,0,,,0,,,,1,declined,1528565108.113,0,0,1,1,4,1528565106.797,0,0,0,1,1,0,1,0,0,0,0,0,0,1,0,,,,,,,,,,,,,,,,,,,,881.21399974823,5.506999969482422,13.605999946594238,,,,,334.5260000228882,0,,,,,,1,1,0,,0,,,,,,,,,,,,,,,,1,1,0,,0,,,,,,,,,,,,,,,,0,,,0,,,,,,,,,0,0,,1,declined,,,0,,0,,0,,,0,,,0,,,,0,0,,the peer declined,,,,0,,,,0,0,,1,declined,,,0,,0,,0,,,1,1,1528565106.797,0,,,,0,0,,a re-post target was rejected (test switch),,,,0,,,,1,,,30303,1,none,none,0,none,,,3,,,,,,,,,,,,,,,,,,,,,,,,,,,,,,,,,,,,,,,,,,,,,,,,,,,,,,,,,,,,,,,,,,,,,,,,,,,,,,,,,,,,,,,,,,,,,,,,,,,,,,,,,,,,,,,,,,,,,,,,,,,,,,,,,,,,,,,,,,,,,,,,,,,,,,,,,,,,,,,,,,,,,,,,,,,,,,,
pq_repost_r1_b@hf,scored,2,hf,pq_repost_r1_b_n4,pq_repost_r1_b,hf,n4,hf,bidir,F1,blocking,1,,16384,400,1048,primary,4,3,0,4,4,0,3.3,device_error,device_error,,,,70,remote process exited or there was a network error,70,,,70,remote process exited or there was a network error,0,330,330,400,1,1,0,1,0,69,remote process exited or there was a network error,69,remote process exited or there was a network error,0,331,0,remote process exited or there was a network error,remote process exited or there was a network error,1050.4,1049.3,5509,5398,12.67,19.87,171.35,11102.30,69,70,1,1,,1,0,0,1,0,LOCAL_QP_ERR,,1,0,0,0,0,0,the peer declined,a re-post target was rejected (test switch),0,0,,,no error,no error,961.8,957.5,1063.1,1056.7,0,0,,2659638031.374,1024.1659998893738,,,,LOCAL_QP_ERR,12.520999908447266,,26.086999893188477,23.439000129699707,,"[140/138/2,0/0/0,0/0/0,0/0/0]",,,1,1,0,,0,,,FIN,2659638057.461,0,0,1,0,0xf,off,0,0,0,1,1,off,0xf,4,1,0,0,4,4,4,4,"6,6,6,6",4,,0,1,0,,,,0,0,0,2,2,2,2,"6,6,6,6",4,,,,,,3344,10399,,,,,,,,,,1,,,,,,,0,,,0,,,,2659638043.895,2659638057.461,1,,,0,,FIN,left,1528579269.012,0,,,0,,,,,1528578946.046,0,0,0,0,0,,,,,1,0,,,,,,0,,,0,0,,0,,,0,0,0,0,0.0,10399,0,,,,1,declined,2659638057.451,0,0,0,,,,1,0,0,1,1,1,1,0,0,0,0,0,0,1,0,,,,,,,,1,0,-1:0,0,0@-,0,1,0,,,1,0,,0,,,0,0,0,0,,,0,,,,1,declined,1528578945.975,0,0,1,1,4,1528578944.804,0,0,0,1,1,0,1,0,0,0,0,0,0,1,0,,,,,,,,,,,,,,,,,,,,1024.1659998893738,12.520999908447266,13.565999984741211,,,,,335.2810001373291,0,,,,,,1,1,0,,0,,,,,,,,,,,,,,,,1,1,0,,0,,,,,,,,,,,,,,,,0,,,0,,,,,,,,,0,0,,1,declined,,,0,,0,,0,,,0,,,0,,,,0,0,,the peer declined,,,,0,,,,0,0,,1,declined,,,0,,0,,0,,,1,1,1528578944.804,0,,,,0,0,,a re-post target was rejected (test switch),,,,0,,,,1,,,29520,1,none,none,0,none,,,4,,,,,,,,,,,,,,,,,,,,,,,,,,,,,,,,,,,,,,,,,,,,,,,,,,,,,,,,,,,,,,,,,,,,,,,,,,,,,,,,,,,,,,,,,,,,,,,,,,,,,,,,,,,,,,,,,,,,,,,,,,,,,,,,,,,,,,,,,,,,,,,,,,,,,,,,,,,,,,,,,,,,,,,,,,,,,,,
pq_repost_r1_b@hf,scored,2,hf,pq_repost_r1_b_n5,pq_repost_r1_b,hf,n5,hf,bidir,F1,blocking,1,,16384,400,1185,primary,4,3,0,4,4,0,3.3,device_error,device_error,,,,79,remote process exited or there was a network error,79,,,79,remote process exited or there was a network error,0,321,321,400,1,1,0,1,0,77,remote process exited or there was a network error,77,remote process exited or there was a network error,0,323,0,remote process exited or there was a network error,remote process exited or there was a network error,1185.7,1184.4,6062,5935,12.67,22.53,154.62,11207.62,78,79,1,1,,1,0,0,1,0,LOCAL_QP_ERR,,1,0,0,0,0,0,the peer declined,a re-post target was rejected (test switch),0,0,,,no error,no error,844.1,839.1,1197.9,1191.9,0,0,,2659653283.058,1156.4760003089905,,,,LOCAL_QP_ERR,15.394999980926514,,29.042999744415283,26.36899995803833,,"[158/156/2,0/0/0,0/0/0,0/0/0]",,,1,1,0,,0,,,FIN,2659653312.101,0,0,1,0,0xf,off,0,0,0,1,1,off,0xf,4,1,0,0,4,4,4,4,"6,6,6,6",4,,0,1,0,,,,0,0,0,2,2,2,2,"6,6,6,6",4,,,,,,3374,10514,,,,,,,,,,1,,,,,,,0,,,0,,,,2659653298.453,2659653312.101,1,,,0,,FIN,left,1528594523.148,0,,,0,,,,,1528594200.734,0,0,0,0,0,,,,,1,0,,,,,,0,,,0,0,,0,,,0,0,0,0,0.0,10514,0,,,,1,declined,2659653312.091,0,0,0,,,,1,0,0,1,1,1,1,0,0,0,0,0,0,1,0,,,,,,,,1,0,-1:0,0,0@-,0,1,0,,,1,0,,0,,,0,0,0,0,,,0,,,,1,declined,1528594200.672,0,0,1,1,4,1528594199.424,0,0,0,1,1,0,1,0,0,0,0,0,0,1,0,,,,,,,,,,,,,,,,,,,,1156.4760003089905,15.394999980926514,13.64799976348877,,,,,334.85200023651123,0,,,,,,1,1,0,,0,,,,,,,,,,,,,,,,1,1,0,,0,,,,,,,,,,,,,,,,0,,,0,,,,,,,,,0,0,,1,declined,,,0,,0,,0,,,0,,,0,,,,0,0,,the peer declined,,,,0,,,,0,0,,1,declined,,,0,,0,,0,,,1,1,1528594199.424,0,,,,0,0,,a re-post target was rejected (test switch),,,,0,,,,1,,,30236,1,none,none,0,none,,,5,,,,,,,,,,,,,,,,,,,,,,,,,,,,,,,,,,,,,,,,,,,,,,,,,,,,,,,,,,,,,,,,,,,,,,,,,,,,,,,,,,,,,,,,,,,,,,,,,,,,,,,,,,,,,,,,,,,,,,,,,,,,,,,,,,,,,,,,,,,,,,,,,,,,,,,,,,,,,,,,,,,,,,,,,,,,,,,
lat_256k@hfp,scored,2,hfp,lat_256k_n1,lat_256k,hfp,n1,hfp,default,lat,blocking,1,,262144,3000,700,primary,4,3,0,0,0,0,2.3,ok,ok,,,,3000,no error,-1,,,3000,no error,0,0,0,0,1,0,0,0,1,,,,,,,,none,none,-1.0,-1.0,1708,1687,38.91,43.01,39.10,49.02,0,3000,0,0,,0,0,0,0,0,,,0,0,0,0,0,0,,,0,0,,,no error,no error,941.3,942.7,121.6,121.6,0,1,,,,,,,,,,,,,,,,0,0,0,,0,,,,,0,0,0,0,,,0,0,,,0,,,,0,0,0,,,,,,,,,,0,,,,0,0,0,,,,,,,,,,,,,,,,,,,,,,,,,,,,,,0,,,0,,,,,,,,,0,,,,,0,,,0,,,,,,0,0,0,0,0,,,,,0,,,,,,,0,,,0,0,,0,,,0,0,0,0,,,0,,,,0,,,0,0,0,,,,0,0,0,1,0,0,0,0,0,0,0,0,0,1,,,,,,,,,0,,,,,,,0,,,0,0,,0,,,0,0,0,0,,,0,,,,0,,,0,0,0,,,,0,0,0,1,0,0,0,0,0,0,0,0,0,1,0,,,,,,,,,,,,,,,,,,,,,,,,,,,,0,,,,,,0,,0,,0,,,,,,,,,,,,,,,,0,,0,,0,,,,,,,,,,,,,,,,0,,,0,,,,,,,,,0,0,,0,,,,0,,0,,0,,,0,,,0,,,,0,0,,,,,,0,,,,0,0,,0,,,,0,,0,,0,,,0,,,0,,,,0,0,,,,,,0,,,,0,,,30452,1,none,none,0,none,,,1,,,,,,,,,,,,,,,,,,,,,,,,,,,,,,,,,,,,,,,,,,,,,,,,,,,,,,,,,,,,,,,,,,,,,,,,,,,,,,,,,,,,,,,,,,,,,,,,,,,,,,,,,,,,,,,,,,,,,,,,,,,,,,,,,,,,,,,,,,,,,,,,,,,,,,,,,,,,,,,,,,,,,,,,,,,,,,,
lat_256k@hfp,scored,2,hfp,lat_256k_n2,lat_256k,hfp,n2,hfp,default,lat,blocking,1,,262144,3000,700,primary,4,3,0,0,0,0,2.3,ok,ok,,,,3000,no error,-1,,,3000,no error,0,0,0,0,1,0,0,0,1,,,,,,,,none,none,-1.0,-1.0,1702,1683,38.88,40.06,38.73,47.26,109,3000,0,0,,0,0,0,0,0,,,0,0,0,0,0,0,,,0,0,,,no error,no error,938.6,939.6,120.1,120.5,0,1,,,,,,,,,,,,,,,,0,0,0,,0,,,,,0,0,0,0,,,0,0,,,0,,,,0,0,0,,,,,,,,,,0,,,,0,0,0,,,,,,,,,,,,,,,,,,,,,,,,,,,,,,0,,,0,,,,,,,,,0,,,,,0,,,0,,,,,,0,0,0,0,0,,,,,0,,,,,,,0,,,0,0,,0,,,0,0,0,0,,,0,,,,0,,,0,0,0,,,,0,0,0,1,0,0,0,0,0,0,0,0,0,1,,,,,,,,,0,,,,,,,0,,,0,0,,0,,,0,0,0,0,,,0,,,,0,,,0,0,0,,,,0,0,0,1,0,0,0,0,0,0,0,0,0,1,0,,,,,,,,,,,,,,,,,,,,,,,,,,,,0,,,,,,0,,0,,0,,,,,,,,,,,,,,,,0,,0,,0,,,,,,,,,,,,,,,,0,,,0,,,,,,,,,0,0,,0,,,,0,,0,,0,,,0,,,0,,,,0,0,,,,,,0,,,,0,0,,0,,,,0,,0,,0,,,0,,,0,,,,0,0,,,,,,0,,,,0,,,30566,1,none,none,0,none,,,2,,,,,,,,,,,,,,,,,,,,,,,,,,,,,,,,,,,,,,,,,,,,,,,,,,,,,,,,,,,,,,,,,,,,,,,,,,,,,,,,,,,,,,,,,,,,,,,,,,,,,,,,,,,,,,,,,,,,,,,,,,,,,,,,,,,,,,,,,,,,,,,,,,,,,,,,,,,,,,,,,,,,,,,,,,,,,,,
lat_256k@hfp,scored,2,hfp,lat_256k_n3,lat_256k,hfp,n3,hfp,default,lat,blocking,1,,262144,3000,700,primary,4,3,0,0,0,0,2.3,ok,ok,,,,3000,no error,-1,,,3000,no error,0,0,0,0,1,0,0,0,1,,,,,,,,none,none,-1.0,-1.0,1701,1683,38.91,40.10,38.84,47.74,2589,3000,0,0,,0,0,0,0,0,,,0,0,0,0,0,0,,,0,0,,,no error,no error,948.3,949.0,120.4,120.4,0,1,,,,,,,,,,,,,,,,0,0,0,,0,,,,,0,0,0,0,,,0,0,,,0,,,,0,0,0,,,,,,,,,,0,,,,0,0,0,,,,,,,,,,,,,,,,,,,,,,,,,,,,,,0,,,0,,,,,,,,,0,,,,,0,,,0,,,,,,0,0,0,0,0,,,,,0,,,,,,,0,,,0,0,,0,,,0,0,0,0,,,0,,,,0,,,0,0,0,,,,0,0,0,1,0,0,0,0,0,0,0,0,0,1,,,,,,,,,0,,,,,,,0,,,0,0,,0,,,0,0,0,0,,,0,,,,0,,,0,0,0,,,,0,0,0,1,0,0,0,0,0,0,0,0,0,1,0,,,,,,,,,,,,,,,,,,,,,,,,,,,,0,,,,,,0,,0,,0,,,,,,,,,,,,,,,,0,,0,,0,,,,,,,,,,,,,,,,0,,,0,,,,,,,,,0,0,,0,,,,0,,0,,0,,,0,,,0,,,,0,0,,,,,,0,,,,0,0,,0,,,,0,,0,,0,,,0,,,0,,,,0,0,,,,,,0,,,,0,,,30031,1,none,none,0,none,,,3,,,,,,,,,,,,,,,,,,,,,,,,,,,,,,,,,,,,,,,,,,,,,,,,,,,,,,,,,,,,,,,,,,,,,,,,,,,,,,,,,,,,,,,,,,,,,,,,,,,,,,,,,,,,,,,,,,,,,,,,,,,,,,,,,,,,,,,,,,,,,,,,,,,,,,,,,,,,,,,,,,,,,,,,,,,,,,,
lat_256k@hfp,scored,2,hfp,lat_256k_n4,lat_256k,hfp,n4,hfp,default,lat,blocking,1,,262144,3000,700,primary,4,3,0,0,0,0,2.3,ok,ok,,,,3000,no error,-1,,,3000,no error,0,0,0,0,1,0,0,0,1,,,,,,,,none,none,-1.0,-1.0,1702,1683,38.91,40.10,38.83,48.67,710,3000,0,0,,0,0,0,0,0,,,0,0,0,0,0,0,,,0,0,,,no error,no error,950.1,951.6,120.4,120.5,0,1,,,,,,,,,,,,,,,,0,0,0,,0,,,,,0,0,0,0,,,0,0,,,0,,,,0,0,0,,,,,,,,,,0,,,,0,0,0,,,,,,,,,,,,,,,,,,,,,,,,,,,,,,0,,,0,,,,,,,,,0,,,,,0,,,0,,,,,,0,0,0,0,0,,,,,0,,,,,,,0,,,0,0,,0,,,0,0,0,0,,,0,,,,0,,,0,0,0,,,,0,0,0,1,0,0,0,0,0,0,0,0,0,1,,,,,,,,,0,,,,,,,0,,,0,0,,0,,,0,0,0,0,,,0,,,,0,,,0,0,0,,,,0,0,0,1,0,0,0,0,0,0,0,0,0,1,0,,,,,,,,,,,,,,,,,,,,,,,,,,,,0,,,,,,0,,0,,0,,,,,,,,,,,,,,,,0,,0,,0,,,,,,,,,,,,,,,,0,,,0,,,,,,,,,0,0,,0,,,,0,,0,,0,,,0,,,0,,,,0,0,,,,,,0,,,,0,0,,0,,,,0,,0,,0,,,0,,,0,,,,0,0,,,,,,0,,,,0,,,29806,1,none,none,0,none,,,4,,,,,,,,,,,,,,,,,,,,,,,,,,,,,,,,,,,,,,,,,,,,,,,,,,,,,,,,,,,,,,,,,,,,,,,,,,,,,,,,,,,,,,,,,,,,,,,,,,,,,,,,,,,,,,,,,,,,,,,,,,,,,,,,,,,,,,,,,,,,,,,,,,,,,,,,,,,,,,,,,,,,,,,,,,,,,,,
lat_256k@hfp,scored,2,hfp,lat_256k_n5,lat_256k,hfp,n5,hfp,default,lat,blocking,1,,262144,3000,700,primary,4,3,0,0,0,0,2.3,ok,ok,,,,3000,no error,-1,,,3000,no error,0,0,0,0,1,0,0,0,1,,,,,,,,none,none,-1.0,-1.0,1696,1679,38.88,40.03,38.66,48.80,138,3000,0,0,,0,0,0,0,0,,,0,0,0,0,0,0,,,0,0,,,no error,no error,942.8,945.2,119.9,119.8,0,1,,,,,,,,,,,,,,,,0,0,0,,0,,,,,0,0,0,0,,,0,0,,,0,,,,0,0,0,,,,,,,,,,0,,,,0,0,0,,,,,,,,,,,,,,,,,,,,,,,,,,,,,,0,,,0,,,,,,,,,0,,,,,0,,,0,,,,,,0,0,0,0,0,,,,,0,,,,,,,0,,,0,0,,0,,,0,0,0,0,,,0,,,,0,,,0,0,0,,,,0,0,0,1,0,0,0,0,0,0,0,0,0,1,,,,,,,,,0,,,,,,,0,,,0,0,,0,,,0,0,0,0,,,0,,,,0,,,0,0,0,,,,0,0,0,1,0,0,0,0,0,0,0,0,0,1,0,,,,,,,,,,,,,,,,,,,,,,,,,,,,0,,,,,,0,,0,,0,,,,,,,,,,,,,,,,0,,0,,0,,,,,,,,,,,,,,,,0,,,0,,,,,,,,,0,0,,0,,,,0,,0,,0,,,0,,,0,,,,0,0,,,,,,0,,,,0,0,,0,,,,0,,0,,0,,,0,,,0,,,,0,0,,,,,,0,,,,0,,,30575,1,none,none,0,none,,,5,,,,,,,,,,,,,,,,,,,,,,,,,,,,,,,,,,,,,,,,,,,,,,,,,,,,,,,,,,,,,,,,,,,,,,,,,,,,,,,,,,,,,,,,,,,,,,,,,,,,,,,,,,,,,,,,,,,,,,,,,,,,,,,,,,,,,,,,,,,,,,,,,,,,,,,,,,,,,,,,,,,,,,,,,,,,,,,
lat_4k@hfp,scored,2,hfp,lat_4k_n1,lat_4k,hfp,n1,hfp,default,lat,blocking,1,,4096,3000,700,primary,4,3,0,0,0,0,1.8,ok,ok,,,,3000,no error,-1,,,3000,no error,0,0,0,0,1,0,0,0,1,,,,,,,,none,none,-1.0,-1.0,1366,1346,10.69,11.97,10.76,16.96,306,3000,0,0,,0,0,0,0,0,,,0,0,0,0,0,0,,,0,0,,,no error,no error,527.2,529.9,36.5,36.3,0,1,,,,,,,,,,,,,,,,0,0,0,,0,,,,,0,0,0,0,,,0,0,,,0,,,,0,0,0,,,,,,,,,,0,,,,0,0,0,,,,,,,,,,,,,,,,,,,,,,,,,,,,,,0,,,0,,,,,,,,,0,,,,,0,,,0,,,,,,0,0,0,0,0,,,,,0,,,,,,,0,,,0,0,,0,,,0,0,0,0,,,0,,,,0,,,0,0,0,,,,0,0,0,1,0,0,0,0,0,0,0,0,0,1,,,,,,,,,0,,,,,,,0,,,0,0,,0,,,0,0,0,0,,,0,,,,0,,,0,0,0,,,,0,0,0,1,0,0,0,0,0,0,0,0,0,1,0,,,,,,,,,,,,,,,,,,,,,,,,,,,,0,,,,,,0,,0,,0,,,,,,,,,,,,,,,,0,,0,,0,,,,,,,,,,,,,,,,0,,,0,,,,,,,,,0,0,,0,,,,0,,0,,0,,,0,,,0,,,,0,0,,,,,,0,,,,0,0,,0,,,,0,,0,,0,,,0,,,0,,,,0,0,,,,,,0,,,,0,,,29032,1,none,none,0,none,,,1,,,,,,,,,,,,,,,,,,,,,,,,,,,,,,,,,,,,,,,,,,,,,,,,,,,,,,,,,,,,,,,,,,,,,,,,,,,,,,,,,,,,,,,,,,,,,,,,,,,,,,,,,,,,,,,,,,,,,,,,,,,,,,,,,,,,,,,,,,,,,,,,,,,,,,,,,,,,,,,,,,,,,,,,,,,,,,,
lat_4k@hfp,scored,2,hfp,lat_4k_n2,lat_4k,hfp,n2,hfp,default,lat,blocking,1,,4096,3000,700,primary,4,3,0,0,0,0,1.8,ok,ok,,,,3000,no error,-1,,,3000,no error,0,0,0,0,1,0,0,0,1,,,,,,,,none,none,-1.0,-1.0,1365,1347,10.69,12.03,10.77,17.31,181,3000,0,0,,0,0,0,0,0,,,0,0,0,0,0,0,,,0,0,,,no error,no error,533.3,535.3,36.6,36.3,0,1,,,,,,,,,,,,,,,,0,0,0,,0,,,,,0,0,0,0,,,0,0,,,0,,,,0,0,0,,,,,,,,,,0,,,,0,0,0,,,,,,,,,,,,,,,,,,,,,,,,,,,,,,0,,,0,,,,,,,,,0,,,,,0,,,0,,,,,,0,0,0,0,0,,,,,0,,,,,,,0,,,0,0,,0,,,0,0,0,0,,,0,,,,0,,,0,0,0,,,,0,0,0,1,0,0,0,0,0,0,0,0,0,1,,,,,,,,,0,,,,,,,0,,,0,0,,0,,,0,0,0,0,,,0,,,,0,,,0,0,0,,,,0,0,0,1,0,0,0,0,0,0,0,0,0,1,0,,,,,,,,,,,,,,,,,,,,,,,,,,,,0,,,,,,0,,0,,0,,,,,,,,,,,,,,,,0,,0,,0,,,,,,,,,,,,,,,,0,,,0,,,,,,,,,0,0,,0,,,,0,,0,,0,,,0,,,0,,,,0,0,,,,,,0,,,,0,0,,0,,,,0,,0,,0,,,0,,,0,,,,0,0,,,,,,0,,,,0,,,29540,1,none,none,0,none,,,2,,,,,,,,,,,,,,,,,,,,,,,,,,,,,,,,,,,,,,,,,,,,,,,,,,,,,,,,,,,,,,,,,,,,,,,,,,,,,,,,,,,,,,,,,,,,,,,,,,,,,,,,,,,,,,,,,,,,,,,,,,,,,,,,,,,,,,,,,,,,,,,,,,,,,,,,,,,,,,,,,,,,,,,,,,,,,,,
lat_4k@hfp,scored,2,hfp,lat_4k_n3,lat_4k,hfp,n3,hfp,default,lat,blocking,1,,4096,3000,700,primary,4,3,0,0,0,0,1.8,ok,ok,,,,3000,no error,-1,,,3000,no error,0,0,0,0,1,0,0,0,1,,,,,,,,none,none,-1.0,-1.0,1366,1348,10.69,12.03,10.77,17.28,859,3000,0,0,,0,0,0,0,0,,,0,0,0,0,0,0,,,0,0,,,no error,no error,529.6,529.9,36.4,36.5,0,1,,,,,,,,,,,,,,,,0,0,0,,0,,,,,0,0,0,0,,,0,0,,,0,,,,0,0,0,,,,,,,,,,0,,,,0,0,0,,,,,,,,,,,,,,,,,,,,,,,,,,,,,,0,,,0,,,,,,,,,0,,,,,0,,,0,,,,,,0,0,0,0,0,,,,,0,,,,,,,0,,,0,0,,0,,,0,0,0,0,,,0,,,,0,,,0,0,0,,,,0,0,0,1,0,0,0,0,0,0,0,0,0,1,,,,,,,,,0,,,,,,,0,,,0,0,,0,,,0,0,0,0,,,0,,,,0,,,0,0,0,,,,0,0,0,1,0,0,0,0,0,0,0,0,0,1,0,,,,,,,,,,,,,,,,,,,,,,,,,,,,0,,,,,,0,,0,,0,,,,,,,,,,,,,,,,0,,0,,0,,,,,,,,,,,,,,,,0,,,0,,,,,,,,,0,0,,0,,,,0,,0,,0,,,0,,,0,,,,0,0,,,,,,0,,,,0,0,,0,,,,0,,0,,0,,,0,,,0,,,,0,0,,,,,,0,,,,0,,,30060,1,none,none,0,none,,,3,,,,,,,,,,,,,,,,,,,,,,,,,,,,,,,,,,,,,,,,,,,,,,,,,,,,,,,,,,,,,,,,,,,,,,,,,,,,,,,,,,,,,,,,,,,,,,,,,,,,,,,,,,,,,,,,,,,,,,,,,,,,,,,,,,,,,,,,,,,,,,,,,,,,,,,,,,,,,,,,,,,,,,,,,,,,,,,
lat_4k@hfp,scored,2,hfp,lat_4k_n4,lat_4k,hfp,n4,hfp,default,lat,blocking,1,,4096,3000,700,primary,4,3,0,0,0,0,1.8,ok,ok,,,,3000,no error,-1,,,3000,no error,0,0,0,0,1,0,0,0,1,,,,,,,,none,none,-1.0,-1.0,1366,1346,10.69,12.03,10.77,21.02,640,3000,0,0,,0,0,0,0,0,,,0,0,0,0,0,0,,,0,0,,,no error,no error,531.8,534.3,36.6,36.5,0,1,,,,,,,,,,,,,,,,0,0,0,,0,,,,,0,0,0,0,,,0,0,,,0,,,,0,0,0,,,,,,,,,,0,,,,0,0,0,,,,,,,,,,,,,,,,,,,,,,,,,,,,,,0,,,0,,,,,,,,,0,,,,,0,,,0,,,,,,0,0,0,0,0,,,,,0,,,,,,,0,,,0,0,,0,,,0,0,0,0,,,0,,,,0,,,0,0,0,,,,0,0,0,1,0,0,0,0,0,0,0,0,0,1,,,,,,,,,0,,,,,,,0,,,0,0,,0,,,0,0,0,0,,,0,,,,0,,,0,0,0,,,,0,0,0,1,0,0,0,0,0,0,0,0,0,1,0,,,,,,,,,,,,,,,,,,,,,,,,,,,,0,,,,,,0,,0,,0,,,,,,,,,,,,,,,,0,,0,,0,,,,,,,,,,,,,,,,0,,,0,,,,,,,,,0,0,,0,,,,0,,0,,0,,,0,,,0,,,,0,0,,,,,,0,,,,0,0,,0,,,,0,,0,,0,,,0,,,0,,,,0,0,,,,,,0,,,,0,,,29727,1,none,none,0,none,,,4,,,,,,,,,,,,,,,,,,,,,,,,,,,,,,,,,,,,,,,,,,,,,,,,,,,,,,,,,,,,,,,,,,,,,,,,,,,,,,,,,,,,,,,,,,,,,,,,,,,,,,,,,,,,,,,,,,,,,,,,,,,,,,,,,,,,,,,,,,,,,,,,,,,,,,,,,,,,,,,,,,,,,,,,,,,,,,,
lat_4k@hfp,scored,2,hfp,lat_4k_n5,lat_4k,hfp,n5,hfp,default,lat,blocking,1,,4096,3000,700,primary,4,3,0,0,0,0,1.8,ok,ok,,,,3000,no error,-1,,,3000,no error,0,0,0,0,1,0,0,0,1,,,,,,,,none,none,-1.0,-1.0,1367,1347,10.69,12.00,10.77,16.35,0,3000,0,0,,0,0,0,0,0,,,0,0,0,0,0,0,,,0,0,,,no error,no error,530.6,532.6,36.5,36.5,0,1,,,,,,,,,,,,,,,,0,0,0,,0,,,,,0,0,0,0,,,0,0,,,0,,,,0,0,0,,,,,,,,,,0,,,,0,0,0,,,,,,,,,,,,,,,,,,,,,,,,,,,,,,0,,,0,,,,,,,,,0,,,,,0,,,0,,,,,,0,0,0,0,0,,,,,0,,,,,,,0,,,0,0,,0,,,0,0,0,0,,,0,,,,0,,,0,0,0,,,,0,0,0,1,0,0,0,0,0,0,0,0,0,1,,,,,,,,,0,,,,,,,0,,,0,0,,0,,,0,0,0,0,,,0,,,,0,,,0,0,0,,,,0,0,0,1,0,0,0,0,0,0,0,0,0,1,0,,,,,,,,,,,,,,,,,,,,,,,,,,,,0,,,,,,0,,0,,0,,,,,,,,,,,,,,,,0,,0,,0,,,,,,,,,,,,,,,,0,,,0,,,,,,,,,0,0,,0,,,,0,,0,,0,,,0,,,0,,,,0,0,,,,,,0,,,,0,0,,0,,,,0,,0,,0,,,0,,,0,,,,0,0,,,,,,0,,,,0,,,30143,1,none,none,0,none,,,5,,,,,,,,,,,,,,,,,,,,,,,,,,,,,,,,,,,,,,,,,,,,,,,,,,,,,,,,,,,,,,,,,,,,,,,,,,,,,,,,,,,,,,,,,,,,,,,,,,,,,,,,,,,,,,,,,,,,,,,,,,,,,,,,,,,,,,,,,,,,,,,,,,,,,,,,,,,,,,,,,,,,,,,,,,,,,,,
bidirf_sym_b@hq,scored,2,hq,bidirf_sym_b_n1,bidirf_sym_b,hq,n1,hq,bidir,F1both,blocking,1,,4096,8000,67,primary,4,3,0,0,0,0,2.3,ok,ok,,,,8000,no error,-1,,,8000,no error,0,0,0,8000,1,0,0,0,1,8000,no error,8000,no error,0,0,1,none,none,-1.0,-1.0,1907,1906,10.75,13.50,12.38,10348.54,0,8000,1,1,,1,1,0,1,1,LOCAL_QP_ERR,LOCAL_QP_ERR,1,0,0,1,0,0,,,0,0,,,no error,no error,841.0,823.0,118.5,118.7,0,1,-1.1170001029968262,2659332965.1,-5.486999988555908,,,,LOCAL_QP_ERR,6.361999988555908,,,16.375999927520752,,"[2/0/2,0/0/0,0/0/0,0/0/0]",,,1,1,0,,0,,,FIN,,0,0,0,0,0xf,qp_state,0,0,1,1,1,qp_state,0xf,4,1,0,0,2,2,2,2,"3,3,3,3",0,,1,1,0,,0xf,4,1,0,0,2,2,2,2,"3,3,3,3",0,,,,,,3433,9739,,1,,,,,,,,1,,,,,,,0,,,0,,,,2659332971.462,,1,,,0,,FIN,left,1528274320.747,0,,,0,,,,1528273861.854,,0,0,0,0,0,,,,,1,0,,,,,,0,,,0,0,,0,,,0,0,0,0,0.0,9739,0,,,,1,abort,2659333429.583,0,0,0,,,,1,0,0,1,1,1,0,0,0,0,0,0,0,1,0,,,,,,,,1,0,,,,,,0,,,1,0,,0,,,0,0,0,0,,,0,,,,1,abort,1528274336.952,0,0,0,,,,0,0,0,1,1,1,0,0,0,0,0,0,0,1,0,,,,,,,,,,,,,,,,,,,,-4.369999885559082,6.361999988555908,,,,,,459.7430000305176,0,,,,,,1,1,0,,0,,,,,,,,,,,,,,,,1,1,0,,0,,,,,,,,,,,,,,,,0,,,0,,,,,,,,,1,0,,0,,,,0,,0,,1,initiator,2659332977.849,0,,,0,,,,0,0,,,,,,0,verified,,0,1,0,,0,,,,0,,0,,1,responder,1528273863.383,0,,,0,,,,0,0,,,,,,0,verified,0,,2,,,29705,1,none,none,0,none,,,1,,,,,,,,,,,,,,,,,,,,,,,,,,,,,,,,,,,,,,,,,,,,,,,,,,,,,,,,,,,,,,,,,,,,,,,,,,,,,,,,,,,,,,,,,,,,,,,,,,,,,,,,,,,,,,,,,,,,,,,,,,,,,,,,,,,,,,,,,,,,,,,,,,,,,,,,,,,,,,,,,,,,,,,,,,,,,,,
bidirf_sym_b@hq,scored,2,hq,bidirf_sym_b_n2,bidirf_sym_b,hq,n2,hq,bidir,F1both,blocking,1,,4096,8000,74,primary,4,3,0,0,0,0,2.3,ok,ok,,,,8000,no error,-1,,,8000,no error,0,0,0,8000,1,0,0,0,1,8000,no error,8000,no error,0,0,1,none,none,-1.0,-1.0,1955,1899,10.75,13.47,12.37,10491.78,0,8000,1,1,,1,1,0,1,1,LOCAL_QP_ERR,LOCAL_QP_ERR,1,0,0,1,0,0,,,0,0,,,no error,no error,833.5,818.2,118.1,118.1,0,1,-0.12399959564208984,2659337003.1280003,-10.005999565124512,,,,LOCAL_QP_ERR,10.892999649047852,,,21.030999660491943,,"[2/0/2,0/0/0,0/0/0,0/0/0]",,,1,1,0,,0,,,FIN,,0,0,0,0,0xf,qp_state,0,0,1,1,1,qp_state,0xf,4,1,0,0,2,2,2,2,"3,3,3,3",0,,1,1,0,,0xf,4,1,0,0,2,2,2,2,"3,3,3,3",0,,,,,,3351,9755,,1,,,,,,,,1,,,,,,,0,,,0,,,,2659337014.021,,1,,,0,,FIN,left,1528278362.79,0,,,0,,,,1528277904.545,,0,0,0,0,0,,,,,1,0,,,,,,0,,,0,0,,0,,,0,0,0,0,0.0,9755,0,,,,1,abort,2659337471.607,0,0,0,,,,1,0,0,1,1,1,0,0,0,0,0,0,0,1,0,,,,,,,,1,0,,,,,,0,,,1,0,,0,,,0,0,0,0,,,0,,,,1,abort,1528278377.676,0,0,0,,,,0,0,0,1,1,1,0,0,0,0,0,0,0,1,0,,,,,,,,,,,,,,,,,,,,-9.881999969482422,10.892999649047852,,,,,,459.2220001220703,0,,,,,,1,1,0,,0,,,,,,,,,,,,,,,,1,1,0,,0,,,,,,,,,,,,,,,,0,,,0,,,,,,,,,1,0,,0,,,,0,,0,,1,initiator,2659337020.617,0,,,0,,,,0,0,,,,,,0,verified,,0,1,0,,0,,,,0,,0,,1,responder,1528277906.01,0,,,0,,,,0,0,,,,,,0,verified,0,,2,,,29593,1,none,none,0,none,,,2,,,,,,,,,,,,,,,,,,,,,,,,,,,,,,,,,,,,,,,,,,,,,,,,,,,,,,,,,,,,,,,,,,,,,,,,,,,,,,,,,,,,,,,,,,,,,,,,,,,,,,,,,,,,,,,,,,,,,,,,,,,,,,,,,,,,,,,,,,,,,,,,,,,,,,,,,,,,,,,,,,,,,,,,,,,,,,,
bidirf_sym_b@hq,scored,2,hq,bidirf_sym_b_n3,bidirf_sym_b,hq,n3,hq,bidir,F1both,blocking,1,,4096,8000,81,primary,4,3,0,0,0,0,2.3,ok,ok,,,,8000,no error,-1,,,8000,no error,0,0,0,8000,1,0,0,0,1,8000,no error,8000,no error,0,0,1,none,none,-1.0,-1.0,1909,1911,10.78,13.54,12.45,10972.70,705,8000,1,1,,1,1,0,1,1,LOCAL_QP_ERR,LOCAL_QP_ERR,1,0,0,1,1,1,,,0,0,,,no error,no error,848.0,830.9,119.7,119.6,0,1,-1.1399998664855957,2659341056.076,9.165000438690186,,,,LOCAL_QP_ERR,0.6840000152587891,,,11.121999740600586,,"[1412/1410/2,0/0/0,0/0/0,0/0/0]",,,1,1,0,,0,,,FIN,,0,0,0,0,0xf,qp_state,0,0,1,1,1,qp_state,0xf,4,1,0,0,2,2,2,2,"3,3,3,3",0,,1,1,1,qp_state,0xf,4,1,0,0,2,2,2,2,"3,3,3,3",0,,,,,,3423,8980,,1,,,,,,,,1,,,,,,,0,,,0,,,,2659341057.66,,1,,,0,,FIN,left,1528282398.234,0,,,0,,,,1528281946.316,,0,0,0,0,0,,,,,1,0,,,,,,0,,,0,0,,0,,,0,0,0,0,0.0,8980,0,,,,1,abort,2659341507.069,0,0,0,,,,1,0,0,1,1,1,0,0,0,0,0,0,0,1,0,,,,,,,,1,0,,,,,,0,,,1,0,,0,,,0,0,0,0,,,0,,,,1,abort,1528282414.762,0,0,0,,,,1,0,0,1,1,1,0,0,0,0,0,0,0,1,0,,,,,,,,,,,,,,,,,,,,10.305000305175781,1.5839996337890625,,,,,,451.018000125885,0,,,,,,1,1,0,,0,,,,,,,,,,,,,,,,1,1,0,,0,,,,,,,,,,,,,,,,0,,,0,,,,,,,,,1,0,,0,,,,0,,0,,1,initiator,2659341063.587,0,,,0,,,,0,0,,,,,,0,verified,,0,1,0,,0,,,,0,,0,,1,responder,1528281949.131,0,,,0,,,,0,0,,,,,,0,verified,0,,2,,,30437,1,none,none,0,none,,,3,,,,,,,,,,,,,,,,,,,,,,,,,,,,,,,,,,,,,,,,,,,,,,,,,,,,,,,,,,,,,,,,,,,,,,,,,,,,,,,,,,,,,,,,,,,,,,,,,,,,,,,,,,,,,,,,,,,,,,,,,,,,,,,,,,,,,,,,,,,,,,,,,,,,,,,,,,,,,,,,,,,,,,,,,,,,,,,
bidirf_sym_b@hq,scored,2,hq,bidirf_sym_b_n4,bidirf_sym_b,hq,n4,hq,bidir,F1both,blocking,1,,4096,8000,88,primary,4,3,0,0,0,0,2.3,ok,ok,,,,8000,no error,-1,,,8000,no error,0,0,0,8000,1,0,0,0,1,8000,no error,8000,no error,0,0,1,none,none,-1.0,-1.0,1899,1917,10.85,13.54,12.40,10223.10,1487,8000,1,1,,1,1,0,1,1,LOCAL_QP_ERR,LOCAL_QP_ERR,1,0,0,1,1,1,,,0,0,,,no error,no error,848.4,830.1,119.1,119.2,0,1,-0.11100006103515625,2659345106.599,18.908999919891357,,,,LOCAL_QP_ERR,0.5749998092651367,,,10.390999794006348,,"[2976/2974/2,0/0/0,0/0/0,0/0/0]",,,1,1,0,,0,,,FIN,,0,0,0,0,0xf,qp_state,0,0,1,1,1,qp_state,0xf,4,1,0,0,2,2,2,2,"3,3,3,3",0,,1,1,1,qp_state,0xf,4,1,0,0,2,2,2,2,"3,3,3,3",0,,,,,,3362,8931,,1,,,,,,,,1,,,,,,,0,,,0,,,,2659345107.174,,1,,,0,,FIN,left,1528286438.213,0,,,0,,,,1528285997.007,,0,0,0,0,0,,,,,1,0,,,,,,0,,,0,0,,0,,,0,0,0,0,0.0,8931,0,,,,1,abort,2659345547.065,0,0,0,,,,1,0,0,1,1,1,0,0,0,0,0,0,0,1,0,,,,,,,,1,0,,,,,,0,,,1,0,,0,,,0,0,0,0,,,0,,,,1,abort,1528286456.599,0,0,0,,,,1,0,0,1,1,1,0,0,0,0,0,0,0,1,0,,,,,,,,,,,,,,,,,,,,19.019999980926514,0.5749998092651367,,,,,,441.4660005569458,0,,,,,,1,1,0,,0,,,,,,,,,,,,,,,,1,1,0,,0,,,,,,,,,,,,,,,,0,,,0,,,,,,,,,1,0,,0,,,,0,,0,,1,initiator,2659345113.444,0,,,0,,,,0,0,,,,,,0,verified,,0,1,0,,0,,,,0,,0,,1,responder,1528285999.02,0,,,0,,,,0,0,,,,,,0,verified,0,,2,,,29499,1,none,none,0,none,,,4,,,,,,,,,,,,,,,,,,,,,,,,,,,,,,,,,,,,,,,,,,,,,,,,,,,,,,,,,,,,,,,,,,,,,,,,,,,,,,,,,,,,,,,,,,,,,,,,,,,,,,,,,,,,,,,,,,,,,,,,,,,,,,,,,,,,,,,,,,,,,,,,,,,,,,,,,,,,,,,,,,,,,,,,,,,,,,,
bidirf_sym_b@hq,scored,2,hq,bidirf_sym_b_n5,bidirf_sym_b,hq,n5,hq,bidir,F1both,blocking,1,,4096,8000,95,primary,4,3,0,0,0,0,2.3,ok,ok,,,,8000,no error,-1,,,8000,no error,0,0,0,8000,1,0,0,0,1,8000,no error,8000,no error,0,0,1,none,none,-1.0,-1.0,1903,1907,10.82,13.60,12.45,10796.90,1909,8000,1,1,,1,1,0,1,1,LOCAL_QP_ERR,LOCAL_QP_ERR,1,0,0,1,1,1,,,0,0,,,no error,no error,847.8,832.9,119.7,119.7,0,1,-1.1100001335144043,2659349144.415,24.152999877929688,,,,LOCAL_QP_ERR,0.7170000076293945,,,10.947999954223633,,"[3820/3818/2,0/0/0,0/0/0,0/0/0]",,,1,1,0,,0,,,FIN,,0,0,0,0,0xf,qp_state,0,0,1,1,1,qp_state,0xf,4,1,0,0,2,2,2,2,"3,3,3,3",0,,1,1,1,qp_state,0xf,4,1,0,0,2,2,2,2,"3,3,3,3",0,,,,,,3343,9165,,1,,,,,,,,1,,,,,,,0,,,0,,,,2659349145.948,,1,,,0,,FIN,left,1528290471.5,0,,,0,,,,1528290034.698,,0,0,0,0,0,,,,,1,0,,,,,,0,,,0,0,,0,,,0,0,0,0,0.0,9165,0,,,,1,abort,2659349580.298,0,0,0,,,,1,0,0,1,1,1,0,0,0,0,0,0,0,1,0,,,,,,,,1,0,,,,,,0,,,1,0,,0,,,0,0,0,0,,,0,,,,1,abort,1528290486.6,0,0,0,,,,1,0,0,1,1,1,0,0,0,0,0,0,0,1,0,,,,,,,,,,,,,,,,,,,,25.263000011444092,1.5329999923706055,,,,,,435.98600006103516,0,,,,,,1,1,0,,0,,,,,,,,,,,,,,,,1,1,0,,0,,,,,,,,,,,,,,,,0,,,0,,,,,,,,,1,0,,0,,,,0,,0,,1,initiator,2659349151.83,0,,,0,,,,0,0,,,,,,0,verified,,0,1,0,,0,,,,0,,0,,1,responder,1528290037.432,0,,,0,,,,0,0,,,,,,0,verified,0,,2,,,30245,1,none,none,0,none,,,5,,,,,,,,,,,,,,,,,,,,,,,,,,,,,,,,,,,,,,,,,,,,,,,,,,,,,,,,,,,,,,,,,,,,,,,,,,,,,,,,,,,,,,,,,,,,,,,,,,,,,,,,,,,,,,,,,,,,,,,,,,,,,,,,,,,,,,,,,,,,,,,,,,,,,,,,,,,,,,,,,,,,,,,,,,,,,,,
f1_b@hq,scored,2,hq,f1_b_n1,f1_b,hq,n1,hq,default,F1,blocking,1,,262144,120,637,primary,4,3,0,0,0,0,3.8,ok,ok,,,,120,no error,-1,,,120,no error,0,0,0,120,1,0,0,0,1,,,,,,,,none,none,-1.0,-1.0,8471,8705,43.94,54.88,142.45,11821.73,39,120,1,1,,1,0,0,1,0,LOCAL_QP_ERR,,1,0,0,1,0,0,,,0,0,,,no error,no error,690.4,653.9,1817.7,1802.5,0,1,,2659259590.926,584.9700002670288,,,,LOCAL_QP_ERR,2.2300000190734863,,,13.764999866485596,,"[80/78/2,0/0/0,0/0/0,0/0/0]",,,1,1,0,,0,,,FIN,,0,0,0,0,0xf,qp_state,0,0,1,1,1,qp_state,0xf,4,1,0,0,2,2,2,2,"3,3,3,3",0,,1,1,0,,0xf,4,1,0,0,2,2,2,2,"3,3,3,3",0,,,,,,3342,10624,,,,,,,,,,1,,,,,,,0,,,0,,,,2659259593.156,,1,,,0,,FIN,left,1528202014.95,0,,,0,,,,,,0,0,0,0,0,,,,,1,0,,,,,,0,,,0,0,,0,,,0,0,0,0,0.0,10624,0,,,,1,abort,2659261123.863,0,0,0,,,,1,0,0,1,1,1,0,0,0,0,0,0,0,1,,,,,,,,,1,0,,,,,,0,,,1,0,,0,,,0,0,0,0,,,0,,,,1,abort,1528202051.137,0,0,0,,,,0,0,0,1,1,1,0,0,0,0,0,0,0,1,0,,,,,,,,,,,,,,,,,,,,584.9700002670288,2.2300000190734863,,,,,,1532.378999710083,0,,,,,,1,1,0,,0,,,,,,,,,,,,,,,,1,1,0,,0,,,,,,,,,,,,,,,,0,,,0,,,,,,,,,1,0,,0,,,,0,,0,,1,initiator,2659259601.163,0,,,0,,,,0,0,,,,,,0,verified,,0,1,0,,0,,,,0,,0,,1,responder,1528200486.561,0,,,0,,,,0,0,,,,,,0,verified,0,,2,,,30361,1,none,none,0,none,,,1,,,,,,,,,,,,,,,,,,,,,,,,,,,,,,,,,,,,,,,,,,,,,,,,,,,,,,,,,,,,,,,,,,,,,,,,,,,,,,,,,,,,,,,,,,,,,,,,,,,,,,,,,,,,,,,,,,,,,,,,,,,,,,,,,,,,,,,,,,,,,,,,,,,,,,,,,,,,,,,,,,,,,,,,,,,,,,,
f1_b@hq,scored,2,hq,f1_b_n2,f1_b,hq,n2,hq,default,F1,blocking,1,,262144,120,774,primary,4,3,0,0,0,0,3.8,ok,ok,,,,120,no error,-1,,,120,no error,0,0,0,120,1,0,0,0,1,,,,,,,,none,none,-1.0,-1.0,8470,8773,43.94,53.18,138.02,11297.66,49,120,1,1,,1,0,0,1,0,LOCAL_QP_ERR,,1,0,0,1,0,0,,,0,0,,,no error,no error,699.4,641.2,1817.3,1802.3,0,1,,2659265282.704,722.7459998130798,,,,LOCAL_QP_ERR,15.027999877929688,,,25.92899990081787,,"[100/98/2,0/0/0,0/0/0,0/0/0]",,,1,1,0,,0,,,FIN,,0,0,0,0,0xf,qp_state,0,0,1,1,1,qp_state,0xf,4,1,0,0,2,2,2,2,"3,3,3,3",0,,1,1,0,,0xf,4,1,0,0,2,2,2,2,"3,3,3,3",0,,,,,,3307,10538,,,,,,,,,,1,,,,,,,0,,,0,,,,2659265297.732,,1,,,0,,FIN,left,1528207568.66,0,,,0,,,,,,0,0,0,0,0,,,,,1,0,,,,,,0,,,0,0,,0,,,0,0,0,0,0.0,10538,0,,,,1,abort,2659266677.59,0,0,0,,,,1,0,0,1,1,1,0,0,0,0,0,0,0,1,,,,,,,,,1,0,,,,,,0,,,1,0,,0,,,0,0,0,0,,,0,,,,1,abort,1528207626.678,0,0,0,,,,0,0,0,1,1,1,0,0,0,0,0,0,0,1,0,,,,,,,,,,,,,,,,,,,,722.7459998130798,15.027999877929688,,,,,,1381.505000114441,0,,,,,,1,1,0,,0,,,,,,,,,,,,,,,,1,1,0,,0,,,,,,,,,,,,,,,,0,,,0,,,,,,,,,1,0,,0,,,,0,,0,,1,initiator,2659265305.139,0,,,0,,,,0,0,,,,,,0,verified,,0,1,0,,0,,,,0,,0,,1,responder,1528206190.616,0,,,0,,,,0,0,,,,,,0,verified,0,,2,,,29524,1,none,none,0,none,,,2,,,,,,,,,,,,,,,,,,,,,,,,,,,,,,,,,,,,,,,,,,,,,,,,,,,,,,,,,,,,,,,,,,,,,,,,,,,,,,,,,,,,,,,,,,,,,,,,,,,,,,,,,,,,,,,,,,,,,,,,,,,,,,,,,,,,,,,,,,,,,,,,,,,,,,,,,,,,,,,,,,,,,,,,,,,,,,,
f1_b@hq,scored,2,hq,f1_b_n3,f1_b,hq,n3,hq,default,F1,blocking,1,,262144,120,911,primary,4,3,0,0,0,0,3.8,ok,ok,,,,120,no error,-1,,,120,no error,0,0,0,120,1,0,0,0,1,,,,,,,,none,none,-1.0,-1.0,8467,8745,43.94,53.22,141.05,11641.31,58,120,1,1,,1,0,0,1,0,LOCAL_QP_ERR,,1,0,0,1,0,0,,,0,0,,,no error,no error,709.8,658.0,1817.4,1802.6,0,1,,2659270958.932,859.5150003433228,,,,LOCAL_QP_ERR,13.574999809265137,,,24.918999671936035,,"[118/116/2,0/0/0,0/0/0,0/0/0]",,,1,1,0,,0,,,FIN,,0,0,0,0,0xf,qp_state,0,0,1,1,1,qp_state,0xf,4,1,0,0,2,2,2,2,"3,3,3,3",0,,1,1,0,,0xf,4,1,0,0,2,2,2,2,"3,3,3,3",0,,,,,,3251,10586,,,,,,,,,,1,,,,,,,0,,,0,,,,2659270972.507,,1,,,0,,FIN,left,1528213108.155,0,,,0,,,,,,0,0,0,0,0,,,,,1,0,,,,,,0,,,0,0,,0,,,0,0,0,0,0.0,10586,0,,,,1,abort,2659272217.093,0,0,0,,,,1,0,0,1,1,1,0,0,0,0,0,0,0,1,,,,,,,,,1,0,,,,,,0,,,1,0,,0,,,0,0,0,0,,,0,,,,1,abort,1528213159.901,0,0,0,,,,0,0,0,1,1,1,0,0,0,0,0,0,0,1,0,,,,,,,,,,,,,,,,,,,,859.5150003433228,13.574999809265137,,,,,,1246.2109999656677,0,,,,,,1,1,0,,0,,,,,,,,,,,,,,,,1,1,0,,0,,,,,,,,,,,,,,,,0,,,0,,,,,,,,,1,0,,0,,,,0,,0,,1,initiator,2659270980.416,0,,,0,,,,0,0,,,,,,0,verified,,0,1,0,,0,,,,0,,0,,1,responder,1528211865.815,0,,,0,,,,0,0,,,,,,0,verified,0,,2,,,29474,1,none,none,0,none,,,3,,,,,,,,,,,,,,,,,,,,,,,,,,,,,,,,,,,,,,,,,,,,,,,,,,,,,,,,,,,,,,,,,,,,,,,,,,,,,,,,,,,,,,,,,,,,,,,,,,,,,,,,,,,,,,,,,,,,,,,,,,,,,,,,,,,,,,,,,,,,,,,,,,,,,,,,,,,,,,,,,,,,,,,,,,,,,,,
f1_b@hq,scored,2,hq,f1_b_n4,f1_b,hq,n4,hq,default,F1,blocking,1,,262144,120,1048,primary,4,3,0,0,0,0,3.8,ok,ok,,,,120,no error,-1,,,120,no error,0,0,0,120,1,0,0,0,1,,,,,,,,none,none,-1.0,-1.0,8468,8709,43.94,53.12,135.38,10981.44,67,120,1,1,,1,0,0,1,0,LOCAL_QP_ERR,,1,0,0,1,0,0,,,0,0,,,no error,no error,691.2,655.0,1816.9,1802.0,0,1,,2659276665.933,996.7090001106262,,,,LOCAL_QP_ERR,11.726999759674072,,,22.448999881744385,,"[136/134/2,0/0/0,0/0/0,0/0/0]",,,1,1,0,,0,,,FIN,,0,0,0,0,0xf,qp_state,0,0,1,1,1,qp_state,0xf,4,1,0,0,2,2,2,2,"3,3,3,3",0,,1,1,0,,0xf,4,1,0,0,2,2,2,2,"3,3,3,3",0,,,,,,3305,10491,,,,,,,,,,1,,,,,,,0,,,0,,,,2659276677.66,,1,,,0,,FIN,left,1528218677.403,0,,,0,,,,,,0,0,0,0,0,,,,,1,0,,,,,,0,,,0,0,,0,,,0,0,0,0,0.0,10491,0,,,,1,abort,2659277786.341,0,0,0,,,,1,0,0,1,1,1,0,0,0,0,0,0,0,1,,,,,,,,,1,0,,,,,,0,,,1,0,,0,,,0,0,0,0,,,0,,,,1,abort,1528218714.132,0,0,0,,,,0,0,0,1,1,1,0,0,0,0,0,0,0,1,0,,,,,,,,,,,,,,,,,,,,996.7090001106262,11.726999759674072,,,,,,1110.2960004806519,0,,,,,,1,1,0,,0,,,,,,,,,,,,,,,,1,1,0,,0,,,,,,,,,,,,,,,,0,,,0,,,,,,,,,1,0,,0,,,,0,,0,,1,initiator,2659276684.888,0,,,0,,,,0,0,,,,,,0,verified,,0,1,0,,0,,,,0,,0,,1,responder,1528217570.296,0,,,0,,,,0,0,,,,,,0,verified,0,,2,,,29981,1,none,none,0,none,,,4,,,,,,,,,,,,,,,,,,,,,,,,,,,,,,,,,,,,,,,,,,,,,,,,,,,,,,,,,,,,,,,,,,,,,,,,,,,,,,,,,,,,,,,,,,,,,,,,,,,,,,,,,,,,,,,,,,,,,,,,,,,,,,,,,,,,,,,,,,,,,,,,,,,,,,,,,,,,,,,,,,,,,,,,,,,,,,,
f1_b@hq,scored,2,hq,f1_b_n5,f1_b,hq,n5,hq,default,F1,blocking,1,,262144,120,1185,primary,4,3,0,0,0,0,3.8,ok,ok,,,,120,no error,-1,,,120,no error,0,0,0,120,1,0,0,0,1,,,,,,,,none,none,-1.0,-1.0,8470,8779,44.16,53.60,141.19,11613.06,76,120,1,1,,1,0,0,1,0,LOCAL_QP_ERR,,1,0,0,1,0,0,,,0,0,,,no error,no error,712.2,659.2,1817.7,1802.5,0,1,,2659282314.49,1133.6639995574951,,,,LOCAL_QP_ERR,10.234000205993652,,,21.574000358581543,,"[154/152/2,0/0/0,0/0/0,0/0/0]",,,1,1,0,,0,,,FIN,,0,0,0,0,0xf,qp_state,0,0,1,1,1,qp_state,0xf,4,1,0,0,2,2,2,2,"3,3,3,3",0,,1,1,0,,0xf,4,1,0,0,2,2,2,2,"3,3,3,3",0,,,,,,3413,10796,,,,,,,,,,1,,,,,,,0,,,0,,,,2659282324.724,,1,,,0,,FIN,left,1528224189.905,0,,,0,,,,,,0,0,0,0,0,,,,,1,0,,,,,,0,,,0,0,,0,,,0,0,0,0,0.0,10796,0,,,,1,abort,2659283298.858,0,0,0,,,,1,0,0,1,1,1,0,0,0,0,0,0,0,1,,,,,,,,,1,0,,,,,,0,,,1,0,,0,,,0,0,0,0,,,0,,,,1,abort,1528224242.643,0,0,0,,,,0,0,0,1,1,1,0,0,0,0,0,0,0,1,0,,,,,,,,,,,,,,,,,,,,1133.6639995574951,10.234000205993652,,,,,,975.7259998321533,0,,,,,,1,1,0,,0,,,,,,,,,,,,,,,,1,1,0,,0,,,,,,,,,,,,,,,,0,,,0,,,,,,,,,1,0,,0,,,,0,,0,,1,initiator,2659282332.442,0,,,0,,,,0,0,,,,,,0,verified,,0,1,0,,0,,,,0,,0,,1,responder,1528223217.846,0,,,0,,,,0,0,,,,,,0,verified,0,,2,,,29378,1,none,none,0,none,,,5,,,,,,,,,,,,,,,,,,,,,,,,,,,,,,,,,,,,,,,,,,,,,,,,,,,,,,,,,,,,,,,,,,,,,,,,,,,,,,,,,,,,,,,,,,,,,,,,,,,,,,,,,,,,,,,,,,,,,,,,,,,,,,,,,,,,,,,,,,,,,,,,,,,,,,,,,,,,,,,,,,,,,,,,,,,,,,,
f2rel_b@hq,scored,2,hq,f2rel_b_n1,f2rel_b,hq,n1,hq,default,F2,blocking,1,,262144,120,700,primary,4,3,0,4,4,0,2.3,device_error,device_error,,,,10,remote process exited or there was a network error,10,,,10,remote process exited or there was a network error,0,110,110,120,1,1,0,1,0,,,,,,,,remote process exited or there was a network error,remote process exited or there was a network error,157.3,158.4,1757,2218,47.46,53.54,47.69,53.54,0,10,1,1,,0,0,0,1,0,REM_ACCESS,,0,0,0,0,0,0,class REM_ACCESS is not recoverable,the peer declined,0,0,,,no error,no error,855.8,741.2,157.4,195.8,0,0,,,,,,,REM_ACCESS,,,,,,,,,1,1,0,,0,,,FIN,2659389537.58,0,0,1,0,,,0,0,1,1,0,,,,0,0,0,2,2,2,2,"6,6,6,6",4,,1,1,0,,,,0,0,0,2,2,2,2,"6,6,6,6",4,,,,,,,,,,,,,,,,,1,,,,,,,0,,,0,,,,2659389535.806,2659389537.58,1,,,0,,FIN,left,1528330729.596,0,,,0,,,,,1528330428.417,0,0,0,0,0,,,,,1,0,,,,,,0,,,0,0,,0,,,0,0,0,0,,,0,,,,1,declined,2659389537.55,0,0,0,,,,0,0,0,1,0,0,1,0,0,0,0,0,0,1,,,,,,,,,1,0,,,,,,0,,,1,0,,0,,,0,0,0,0,,,0,,,,1,declined,1528330428.388,0,0,0,,,,0,0,0,1,0,0,1,0,0,0,0,0,0,1,0,,,,,,,,,,,,,,,,,,,,,,1.7739996910095215,,,,,304.1659998893738,0,,,,,,1,1,0,,0,,,,,,,,,,,,,,,,1,1,0,,0,,,,,,,,,,,,,,,,0,,,0,,,,,,,,,1,1,1:declined,1,declined,1:unknown,unknown,0,,0,,0,,,0,,,0,,,,0,0,,class REM_ACCESS is not recoverable,,,,0,verified,,0,1,1,0:declined,1,declined,0:unknown,unknown,0,,0,,0,,,0,,,0,,,,0,0,,the peer declined,,,,0,verified,0,,0,,,29620,1,none,none,0,none,,,1,,,,,,,,,,,,,,,,,,,,,,,,,,,,,,,,,,,,,,,,,,,,,,,,,,,,,,,,,,,,,,,,,,,,,,,,,,,,,,,,,,,,,,,,,,,,,,,,,,,,,,,,,,,,,,,,,,,,,,,,,,,,,,,,,,,,,,,,,,,,,,,,,,,,,,,,,,,,,,,,,,,,,,,,,,,,,,,
f2rel_b@hq,scored,2,hq,f2rel_b_n2,f2rel_b,hq,n2,hq,default,F2,blocking,1,,262144,120,700,primary,4,3,0,4,4,0,2.3,device_error,device_error,,,,10,remote process exited or there was a network error,10,,,10,remote process exited or there was a network error,0,110,110,120,1,1,0,1,0,,,,,,,,remote process exited or there was a network error,remote process exited or there was a network error,156.2,157.3,1803,2248,45.98,53.22,46.59,53.22,0,10,1,1,,0,0,0,1,0,REM_ACCESS,,0,0,0,0,0,0,class REM_ACCESS is not recoverable,the peer declined,0,0,,,no error,no error,863.1,747.1,156.2,195.7,0,0,,,,,,,REM_ACCESS,,,,,,,,,1,1,0,,0,,,FIN,2659393565.325,0,0,1,0,,,0,0,1,1,0,,,,0,0,0,2,2,2,2,"6,6,6,6",4,,1,1,0,,,,0,0,0,2,2,2,2,"6,6,6,6",4,,,,,,,,,,,,,,,,,1,,,,,,,0,,,0,,,,2659393563.533,2659393565.325,1,,,0,,FIN,left,1528334757.197,0,,,0,,,,,1528334456.168,0,0,0,0,0,,,,,1,0,,,,,,0,,,0,0,,0,,,0,0,0,0,,,0,,,,1,declined,2659393565.295,0,0,0,,,,0,0,0,1,0,0,1,0,0,0,0,0,0,1,,,,,,,,,1,0,,,,,,0,,,1,0,,0,,,0,0,0,0,,,0,,,,1,declined,1528334456.139,0,0,0,,,,0,0,0,1,0,0,1,0,0,0,0,0,0,1,0,,,,,,,,,,,,,,,,,,,,,,1.7919998168945312,,,,,304.0349998474121,0,,,,,,1,1,0,,0,,,,,,,,,,,,,,,,1,1,0,,0,,,,,,,,,,,,,,,,0,,,0,,,,,,,,,1,1,1:declined,1,declined,1:unknown,unknown,0,,0,,0,,,0,,,0,,,,0,0,,class REM_ACCESS is not recoverable,,,,0,verified,,0,1,1,0:declined,1,declined,0:unknown,unknown,0,,0,,0,,,0,,,0,,,,0,0,,the peer declined,,,,0,verified,0,,0,,,30150,1,none,none,0,none,,,2,,,,,,,,,,,,,,,,,,,,,,,,,,,,,,,,,,,,,,,,,,,,,,,,,,,,,,,,,,,,,,,,,,,,,,,,,,,,,,,,,,,,,,,,,,,,,,,,,,,,,,,,,,,,,,,,,,,,,,,,,,,,,,,,,,,,,,,,,,,,,,,,,,,,,,,,,,,,,,,,,,,,,,,,,,,,,,,
f2rel_b@hq,scored,2,hq,f2rel_b_n3,f2rel_b,hq,n3,hq,default,F2,blocking,1,,262144,120,700,primary,4,3,0,4,4,0,2.3,device_error,device_error,,,,10,remote process exited or there was a network error,10,,,10,remote process exited or there was a network error,0,110,110,120,1,1,0,1,0,,,,,,,,remote process exited or there was a network error,remote process exited or there was a network error,155.5,156.6,1804,2300,45.98,55.30,46.75,55.30,0,10,1,1,,0,0,0,1,0,REM_ACCESS,,0,0,0,0,0,0,class REM_ACCESS is not recoverable,the peer declined,0,0,,,no error,no error,861.0,732.9,155.7,197.4,0,0,,,,,,,REM_ACCESS,,,,,,,,,1,1,0,,0,,,FIN,2659397605.604,0,0,1,0,,,0,0,1,1,0,,,,0,0,0,2,2,2,2,"6,6,6,6",4,,1,1,0,,,,0,0,0,2,2,2,2,"6,6,6,6",4,,,,,,,,,,,,,,,,,1,,,,,,,0,,,0,,,,2659397604.291,2659397605.604,1,,,0,,FIN,left,1528338797.473,0,,,0,,,,,1528338496.5,0,0,0,0,0,,,,,1,0,,,,,,0,,,0,0,,0,,,0,0,0,0,,,0,,,,1,declined,2659397605.575,0,0,0,,,,0,0,0,1,0,0,1,0,0,0,0,0,0,1,,,,,,,,,1,0,,,,,,0,,,1,0,,0,,,0,0,0,0,,,0,,,,1,declined,1528338496.471,0,0,0,,,,0,0,0,1,0,0,1,0,0,0,0,0,0,1,0,,,,,,,,,,,,,,,,,,,,,,1.313000202178955,,,,,303.5460000038147,0,,,,,,1,1,0,,0,,,,,,,,,,,,,,,,1,1,0,,0,,,,,,,,,,,,,,,,0,,,0,,,,,,,,,1,1,1:declined,1,declined,1:unknown,unknown,0,,0,,0,,,0,,,0,,,,0,0,,class REM_ACCESS is not recoverable,,,,0,verified,,0,1,1,0:declined,1,declined,0:unknown,unknown,0,,0,,0,,,0,,,0,,,,0,0,,the peer declined,,,,0,verified,0,,0,,,29335,1,none,none,0,none,,,3,,,,,,,,,,,,,,,,,,,,,,,,,,,,,,,,,,,,,,,,,,,,,,,,,,,,,,,,,,,,,,,,,,,,,,,,,,,,,,,,,,,,,,,,,,,,,,,,,,,,,,,,,,,,,,,,,,,,,,,,,,,,,,,,,,,,,,,,,,,,,,,,,,,,,,,,,,,,,,,,,,,,,,,,,,,,,,,
f2rel_b@hq,scored,2,hq,f2rel_b_n4,f2rel_b,hq,n4,hq,default,F2,blocking,1,,262144,120,700,primary,4,3,0,4,4,0,2.3,device_error,device_error,,,,10,remote process exited or there was a network error,10,,,10,remote process exited or there was a network error,0,110,110,120,1,1,0,1,0,,,,,,,,remote process exited or there was a network error,remote process exited or there was a network error,155.4,156.7,1801,2314,45.98,52.99,47.04,52.99,0,10,1,1,,0,0,0,1,0,REM_ACCESS,,0,0,0,0,0,0,class REM_ACCESS is not recoverable,the peer declined,0,0,,,no error,no error,871.2,723.0,155.7,196.5,0,0,,,,,,,REM_ACCESS,,,,,,,,,1,1,0,,0,,,FIN,2659401671.157,0,0,1,0,,,0,0,1,1,0,,,,0,0,0,2,2,2,2,"6,6,6,6",4,,1,1,0,,,,0,0,0,2,2,2,2,"6,6,6,6",4,,,,,,,,,,,,,,,,,1,,,,,,,0,,,0,,,,2659401670.021,2659401671.157,1,,,0,,FIN,left,1528342863.113,0,,,0,,,,,1528342562.073,0,0,0,0,0,,,,,1,0,,,,,,0,,,0,0,,0,,,0,0,0,0,,,0,,,,1,declined,2659401671.13,0,0,0,,,,0,0,0,1,0,0,1,0,0,0,0,0,0,1,,,,,,,,,1,0,,,,,,0,,,1,0,,0,,,0,0,0,0,,,0,,,,1,declined,1528342562.044,0,0,0,,,,0,0,0,1,0,0,1,0,0,0,0,0,0,1,0,,,,,,,,,,,,,,,,,,,,,,1.136000156402588,,,,,303.44999980926514,0,,,,,,1,1,0,,0,,,,,,,,,,,,,,,,1,1,0,,0,,,,,,,,,,,,,,,,0,,,0,,,,,,,,,1,1,1:declined,1,declined,1:unknown,unknown,0,,0,,0,,,0,,,0,,,,0,0,,class REM_ACCESS is not recoverable,,,,0,verified,,0,1,1,0:declined,1,declined,0:unknown,unknown,0,,0,,0,,,0,,,0,,,,0,0,,the peer declined,,,,0,verified,0,,0,,,30965,1,none,none,0,none,,,4,,,,,,,,,,,,,,,,,,,,,,,,,,,,,,,,,,,,,,,,,,,,,,,,,,,,,,,,,,,,,,,,,,,,,,,,,,,,,,,,,,,,,,,,,,,,,,,,,,,,,,,,,,,,,,,,,,,,,,,,,,,,,,,,,,,,,,,,,,,,,,,,,,,,,,,,,,,,,,,,,,,,,,,,,,,,,,,
f2rel_b@hq,scored,2,hq,f2rel_b_n5,f2rel_b,hq,n5,hq,default,F2,blocking,1,,262144,120,700,primary,4,3,0,4,4,0,2.3,device_error,device_error,,,,10,remote process exited or there was a network error,10,,,10,remote process exited or there was a network error,0,110,110,120,1,1,0,1,0,,,,,,,,remote process exited or there was a network error,remote process exited or there was a network error,156.0,157.4,1804,2296,47.01,54.72,47.34,54.72,0,10,1,1,,0,0,0,1,0,REM_ACCESS,,0,0,0,0,0,0,class REM_ACCESS is not recoverable,the peer declined,0,0,,,no error,no error,862.9,732.7,156.2,194.1,0,0,,,,,,,REM_ACCESS,,,,,,,,,1,1,0,,0,,,FIN,2659405692.978,0,0,1,0,,,0,0,1,1,0,,,,0,0,0,2,2,2,2,"6,6,6,6",4,,1,1,0,,,,0,0,0,2,2,2,2,"6,6,6,6",4,,,,,,,,,,,,,,,,,1,,,,,,,0,,,0,,,,2659405691.03,2659405692.978,1,,,0,,FIN,left,1528346884.817,0,,,0,,,,,1528346583.882,0,0,0,0,0,,,,,1,0,,,,,,0,,,0,0,,0,,,0,0,0,0,,,0,,,,1,declined,2659405692.951,0,0,0,,,,0,0,0,1,0,0,1,0,0,0,0,0,0,1,,,,,,,,,1,0,,,,,,0,,,1,0,,0,,,0,0,0,0,,,0,,,,1,declined,1528346583.853,0,0,0,,,,0,0,0,1,0,0,1,0,0,0,0,0,0,1,0,,,,,,,,,,,,,,,,,,,,,,1.9479999542236328,,,,,304.1459994316101,0,,,,,,1,1,0,,0,,,,,,,,,,,,,,,,1,1,0,,0,,,,,,,,,,,,,,,,0,,,0,,,,,,,,,1,1,1:declined,1,declined,1:unknown,unknown,0,,0,,0,,,0,,,0,,,,0,0,,class REM_ACCESS is not recoverable,,,,0,verified,,0,1,1,0:declined,1,declined,0:unknown,unknown,0,,0,,0,,,0,,,0,,,,0,0,,the peer declined,,,,0,verified,0,,0,,,29437,1,none,none,0,none,,,5,,,,,,,,,,,,,,,,,,,,,,,,,,,,,,,,,,,,,,,,,,,,,,,,,,,,,,,,,,,,,,,,,,,,,,,,,,,,,,,,,,,,,,,,,,,,,,,,,,,,,,,,,,,,,,,,,,,,,,,,,,,,,,,,,,,,,,,,,,,,,,,,,,,,,,,,,,,,,,,,,,,,,,,,,,,,,,,
f3_b@hq,scored,2,hq,f3_b_n1,f3_b,hq,n1,hq,default,F3,blocking,1,,262144,120,637,primary,4,3,0,0,0,0,7.3,ok,ok,,,,120,no error,-1,,,120,no error,0,0,0,120,1,0,0,0,1,,,,,,,,none,none,-1.0,-1.0,23186,23483,43.94,53.22,30802.28,3690933.89,39,120,1,1,,0,1,0,1,0,RETRY_EXC,,1,0,0,1,0,0,,,0,0,,,no error,no error,528.7,980.2,5496.6,5481.8,0,1,,2659287321.8529997,586.5329995155334,,,,RETRY_EXC,3678.438000202179,,,3691.2890005111694,,"[80/78/2,0/0/0,0/0/0,0/0/0]",,,1,1,0,,0,,,FIN,,0,0,0,0,0x1,pair,1,0,1,1,2,peer,0xf,4,1,0,0,2,2,2,2,"3,3,3,3",0,,1,1,0,,0xf,4,1,0,1,2,2,2,2,"3,3,3,3",0,,,not_rts,3,,3418,10456,,1,,,,,,,,1,,,,,,,0,,,0,,,,2659291000.291,,1,,,0,,FIN,left,1528233423.42,0,,,0,,,,,,0,0,0,0,0,,,,,1,0,,,,,,0,,,0,0,,0,,,0,0,0,0,0.0,10456,0,,,,1,abort,2659292532.333,0,0,0,,,,2,0,0,1,2,1,0,0,0,0,0,0,0,1,,,,,,,,,1,0,,,,,,0,,,1,0,,0,,,0,0,0,0,,,0,,,,1,abort,1528233472.881,0,0,0,,,,0,0,0,1,1,1,0,0,0,0,0,0,0,1,0,,,,,,,,,,,,,,,,,,,,,3678.438000202179,,,,,,1533.6630001068115,0,,,,,,1,1,0,,0,,,,,,,,,,,,,,,,1,1,0,,0,,,,,,,,,,,,,,,,0,,,0,,,,,,,,,1,0,,0,,,,0,,0,,1,initiator,2659291009.54,0,,,0,,,,0,0,,,,,,0,verified,,0,1,0,,0,,,,0,,0,,1,responder,1528231894.906,0,,,0,,,,0,0,,,,,,0,verified,0,,2,,,29344,1,none,none,0,none,,,1,,,,,,,,,,,,,,,,,,,,,,,,,,,,,,,,,,,,,,,,,,,,,,,,,,,,,,,,,,,,,,,,,,,,,,,,,,,,,,,,,,,,,,,,,,,,,,,,,,,,,,,,,,,,,,,,,,,,,,,,,,,,,,,,,,,,,,,,,,,,,,,,,,,,,,,,,,,,,,,,,,,,,,,,,,,,,,,
f3_b@hq,scored,2,hq,f3_b_n2,f3_b,hq,n2,hq,default,F3,blocking,1,,262144,120,774,primary,4,3,0,0,0,0,7.3,ok,ok,,,,120,no error,-1,,,120,no error,0,0,0,120,1,0,0,0,1,,,,,,,,none,none,-1.0,-1.0,23092,23323,43.94,53.25,30606.49,3667467.14,49,120,1,1,,0,1,0,1,0,RETRY_EXC,,1,0,0,1,0,0,,,0,0,,,no error,no error,556.9,519.9,5473.5,5458.3,0,1,,2659296994.837,723.5650000572205,,,,RETRY_EXC,3668.9840002059937,,,3681.268000125885,,"[100/98/2,0/0/0,0/0/0,0/0/0]",,,1,1,0,,0,,,FIN,,0,0,0,0,0x1,pair,1,0,1,1,2,peer,0xf,4,1,0,0,2,2,2,2,"3,3,3,3",0,,1,1,0,,0xf,4,1,0,1,2,2,2,2,"3,3,3,3",0,,,not_rts,3,,3322,10088,,1,,,,,,,,1,,,,,,,0,,,0,,,,2659300663.821,,1,,,0,,FIN,left,1528242936.202,0,,,0,,,,,,0,0,0,0,0,,,,,1,0,,,,,,0,,,0,0,,0,,,0,0,0,0,0.0,10088,0,,,,1,abort,2659302045.095,0,0,0,,,,2,0,0,1,2,1,0,0,0,0,0,0,0,1,,,,,,,,,1,0,,,,,,0,,,1,0,,0,,,0,0,0,0,,,0,,,,1,abort,1528242972.361,0,0,0,,,,0,0,0,1,1,1,0,0,0,0,0,0,0,1,0,,,,,,,,,,,,,,,,,,,,,3668.9840002059937,,,,,,1382.9039998054504,0,,,,,,1,1,0,,0,,,,,,,,,,,,,,,,1,1,0,,0,,,,,,,,,,,,,,,,0,,,0,,,,,,,,,1,0,,0,,,,0,,0,,1,initiator,2659300672.59,0,,,0,,,,0,0,,,,,,0,verified,,0,1,0,,0,,,,0,,0,,1,responder,1528241558.137,0,,,0,,,,0,0,,,,,,0,verified,0,,2,,,29876,1,none,none,0,none,,,2,,,,,,,,,,,,,,,,,,,,,,,,,,,,,,,,,,,,,,,,,,,,,,,,,,,,,,,,,,,,,,,,,,,,,,,,,,,,,,,,,,,,,,,,,,,,,,,,,,,,,,,,,,,,,,,,,,,,,,,,,,,,,,,,,,,,,,,,,,,,,,,,,,,,,,,,,,,,,,,,,,,,,,,,,,,,,,,
f3_b@hq,scored,2,hq,f3_b_n3,f3_b,hq,n3,hq,default,F3,blocking,1,,262144,120,911,primary,4,3,0,0,0,0,7.3,ok,ok,,,,120,no error,-1,,,120,no error,0,0,0,120,1,0,0,0,1,,,,,,,,none,none,-1.0,-1.0,22894,23126,43.94,53.28,30191.91,3617757.22,58,120,1,1,,0,1,0,1,0,RETRY_EXC,,1,0,0,1,0,0,,,0,0,,,no error,no error,608.1,571.1,5423.6,5408.6,0,1,,2659306173.95,860.8739995956421,,,,RETRY_EXC,3616.5750002861023,,,3629.6200003623962,,"[118/116/2,0/0/0,0/0/0,0/0/0]",,,1,1,0,,0,,,FIN,,0,0,0,0,0x1,pair,1,0,1,1,2,peer,0xf,4,1,0,0,2,2,2,2,"3,3,3,3",0,,1,1,0,,0xf,4,1,0,1,2,2,2,2,"3,3,3,3",0,,,not_rts,3,,3214,9937,,1,,,,,,,,1,,,,,,,0,,,0,,,,2659309790.525,,1,,,0,,FIN,left,1528251928.239,0,,,0,,,,,,0,0,0,0,0,,,,,1,0,,,,,,0,,,0,0,,0,,,0,0,0,0,0.0,9937,0,,,,1,abort,2659311037.088,0,0,0,,,,2,0,0,1,2,1,0,0,0,0,0,0,0,1,,,,,,,,,1,0,,,,,,0,,,1,0,,0,,,0,0,0,0,,,0,,,,1,abort,1528251965.62,0,0,0,,,,0,0,0,1,1,1,0,0,0,0,0,0,0,1,0,,,,,,,,,,,,,,,,,,,,,3616.5750002861023,,,,,,1248.2170000076294,0,,,,,,1,1,0,,0,,,,,,,,,,,,,,,,1,1,0,,0,,,,,,,,,,,,,,,,0,,,0,,,,,,,,,1,0,,0,,,,0,,0,,1,initiator,2659309800.173,0,,,0,,,,0,0,,,,,,0,verified,,0,1,0,,0,,,,0,,0,,1,responder,1528250685.774,0,,,0,,,,0,0,,,,,,0,verified,0,,2,,,29713,1,none,none,0,none,,,3,,,,,,,,,,,,,,,,,,,,,,,,,,,,,,,,,,,,,,,,,,,,,,,,,,,,,,,,,,,,,,,,,,,,,,,,,,,,,,,,,,,,,,,,,,,,,,,,,,,,,,,,,,,,,,,,,,,,,,,,,,,,,,,,,,,,,,,,,,,,,,,,,,,,,,,,,,,,,,,,,,,,,,,,,,,,,,,
f3_b@hq,scored,2,hq,f3_b_n4,f3_b,hq,n4,hq,default,F3,blocking,1,,262144,120,1048,primary,4,3,0,0,0,0,7.3,ok,ok,,,,120,no error,-1,,,120,no error,0,0,0,120,1,0,0,0,1,,,,,,,,none,none,-1.0,-1.0,22608,22858,43.94,53.50,29598.73,3546535.94,67,120,1,1,,0,1,0,1,0,RETRY_EXC,,1,0,0,1,0,0,,,0,0,,,no error,no error,677.2,637.8,5352.4,5337.7,0,1,,2659315372.968,997.6999998092651,,,,RETRY_EXC,3544.260000228882,,,3556.9809999465942,,"[136/134/2,0/0/0,0/0/0,0/0/0]",,,1,1,0,,0,,,FIN,,0,0,0,0,0x1,pair,1,0,1,1,2,peer,0xf,4,1,0,0,2,2,2,2,"3,3,3,3",0,,1,1,0,,0xf,4,1,0,1,2,2,2,2,"3,3,3,3",0,,,not_rts,3,,3426,10207,,1,,,,,,,,1,,,,,,,0,,,0,,,,2659318917.228,,1,,,0,,FIN,left,1528260918.98,0,,,0,,,,,,0,0,0,0,0,,,,,1,0,,,,,,0,,,0,0,,0,,,0,0,0,0,0.0,10207,0,,,,1,abort,2659320027.862,0,0,0,,,,2,0,0,1,2,1,0,0,0,0,0,0,0,1,,,,,,,,,1,0,,,,,,0,,,1,0,,0,,,0,0,0,0,,,0,,,,1,abort,1528260959.106,0,0,0,,,,0,0,0,1,1,1,0,0,0,0,0,0,0,1,0,,,,,,,,,,,,,,,,,,,,,3544.260000228882,,,,,,1112.2399997711182,0,,,,,,1,1,0,,0,,,,,,,,,,,,,,,,1,1,0,,0,,,,,,,,,,,,,,,,0,,,0,,,,,,,,,1,0,,0,,,,0,,0,,1,initiator,2659318926.337,0,,,0,,,,0,0,,,,,,0,verified,,0,1,0,,0,,,,0,,0,,1,responder,1528259811.894,0,,,0,,,,0,0,,,,,,0,verified,0,,2,,,30623,1,none,none,0,none,,,4,,,,,,,,,,,,,,,,,,,,,,,,,,,,,,,,,,,,,,,,,,,,,,,,,,,,,,,,,,,,,,,,,,,,,,,,,,,,,,,,,,,,,,,,,,,,,,,,,,,,,,,,,,,,,,,,,,,,,,,,,,,,,,,,,,,,,,,,,,,,,,,,,,,,,,,,,,,,,,,,,,,,,,,,,,,,,,,
f3_b@hq,scored,2,hq,f3_b_n5,f3_b,hq,n5,hq,default,F3,blocking,1,,262144,120,1185,primary,4,3,0,0,0,0,7.8,ok,ok,,,,120,no error,-1,,,120,no error,0,0,0,120,1,0,0,0,1,,,,,,,,none,none,-1.0,-1.0,23491,23756,43.94,53.12,31439.72,3767470.98,76,120,1,1,,0,1,0,1,0,RETRY_EXC,,1,0,0,1,0,0,,,0,0,,,no error,no error,949.4,907.0,5573.3,5558.2,0,1,,2659324548.488,1134.0299997329712,,,,RETRY_EXC,3763.8810000419617,,,3776.9850001335144,,"[154/152/2,0/0/0,0/0/0,0/0/0]",,,1,1,0,,0,,,FIN,,0,0,0,0,0x1,pair,1,0,1,1,2,peer,0xf,4,1,0,0,2,2,2,2,"3,3,3,3",0,,1,1,0,,0xf,4,1,0,1,2,2,2,2,"3,3,3,3",0,,,not_rts,3,,3320,10168,,1,,,,,,,,1,,,,,,,0,,,0,,,,2659328312.369,,1,,,0,,FIN,left,1528270179.238,0,,,0,,,,,,0,0,0,0,0,,,,,1,0,,,,,,0,,,0,0,,0,,,0,0,0,0,0.0,10168,0,,,,1,abort,2659329288.082,0,0,0,,,,2,0,0,1,2,1,0,0,0,0,0,0,0,1,,,,,,,,,1,0,,,,,,0,,,1,0,,0,,,0,0,0,0,,,0,,,,1,abort,1528270221.875,0,0,0,,,,0,0,0,1,1,1,0,0,0,0,0,0,0,1,0,,,,,,,,,,,,,,,,,,,,,3763.8810000419617,,,,,,977.3320002555847,0,,,,,,1,1,0,,0,,,,,,,,,,,,,,,,1,1,0,,0,,,,,,,,,,,,,,,,0,,,0,,,,,,,,,1,0,,0,,,,0,,0,,1,initiator,2659328321.969,0,,,0,,,,0,0,,,,,,0,verified,,0,1,0,,0,,,,0,,0,,1,responder,1528269207.502,0,,,0,,,,0,0,,,,,,0,verified,0,,2,,,29626,1,none,none,0,none,,,5,,,,,,,,,,,,,,,,,,,,,,,,,,,,,,,,,,,,,,,,,,,,,,,,,,,,,,,,,,,,,,,,,,,,,,,,,,,,,,,,,,,,,,,,,,,,,,,,,,,,,,,,,,,,,,,,,,,,,,,,,,,,,,,,,,,,,,,,,,,,,,,,,,,,,,,,,,,,,,,,,,,,,,,,,,,,,,,
f4_b@hq,scored,2,hq,f4_b_n1,f4_b,hq,n1,hq,default,F4,blocking,1,,262144,200,700,primary,4,3,0,4,255,0,5.3,device_error,,,,,103,remote process exited or there was a network error,103,,,,,,,,,,,,,,,,,,,,,remote process exited or there was a network error,,3083.4,,13557,,45.95,51.23,46.40,54.50,0,103,1,1,,0,0,0,0,0,,,0,0,0,0,0,0,peer judged dead: the peer's socket shows FIN,,0,0,,,no error,,894.9,,3095.2,,0,0,,2659356273.151,3081.521999835968,,,,,,,1.6989998817443848,,,,,,1,1,0,,1,2659356273.436,FIN,,2659356274.85,1,0,0,0,,,0,0,1,1,0,,,,0,0,0,2,2,2,2,"6,6,6,6",4,,1,1,0,,,,0,0,0,,,,,,,,,,,,,,,,,,,,,,,1,,,,FIN,dead,2659356273.436,1,FIN,2659356273.436,0,,,,,2659356274.85,1,,,0,,,,,0,,,0,,,,,,0,0,0,0,0,,,,,1,0,,,,,,1,FIN,2659356273.464,0,0,,0,,,0,0,0,0,,,0,,,,1,peer-dead,2659356274.841,0,0,0,,,,0,0,0,1,0,0,1,0,1,0,0,0,0,1,,,,,,,,,1,0,,,,,,0,,,0,0,,0,,,0,0,0,0,,,0,,,,0,,,0,0,0,,,,0,0,0,,,,,,,,,,,,,,,,,,,,,,,,,,,,,,,,,,,,,,1.6989998817443848,,0,,,,,,1,1,0,,0,,,,,,,,,,,,,,,,1,1,0,,0,,,,,,,,,,,,,,,,0,,,0,,,,,,,,,1,1,1:peer-dead,1,peer-dead,1:peer-dead,peer-dead,0,,0,,0,,,0,,,0,,,,0,0,,peer judged dead: the peer's socket shows FIN,,,,0,verified,,0,1,0,,0,,,,0,,0,,0,,,0,,,0,,,,0,0,,,,,,0,verified,0,,0,,,29271,1,none,none,0,none,,,1,,,,,,,,,,,,,,,,,,,,,,,,,,,,,,,,,,,,,,,,,,,,,,,,,,,,,,,,,,,,,,,,,,,,,,,,,,,,,,,,,,,,,,,,,,,,,,,,,,,,,,,,,,,,,,,,,,,,,,,,,,,,,,,,,,,,,,,,,,,,,,,,,,,,,,,,,,,,,,,,,,,,,,,,,,,,,,,
f4_b@hq,scored,2,hq,f4_b_n2,f4_b,hq,n2,hq,default,F4,blocking,1,,262144,200,700,primary,4,3,0,4,255,0,5.3,device_error,,,,,111,remote process exited or there was a network error,111,,,,,,,,,,,,,,,,,,,,,remote process exited or there was a network error,,3307.9,,14476,,45.57,49.63,45.61,55.30,0,111,1,1,,0,0,0,0,0,,,0,0,0,0,0,0,peer judged dead: the peer's socket shows FIN,,0,0,,,no error,,659.4,,3338.3,,0,0,,2659363521.845,3306.18199968338,,,,,,,1.639000415802002,,,,,,1,1,0,,1,2659363522.151,FIN,,2659363523.484,1,0,0,0,,,0,0,1,1,0,,,,0,0,0,2,2,2,2,"6,6,6,6",4,,1,1,0,,,,0,0,0,,,,,,,,,,,,,,,,,,,,,,,1,,,,FIN,dead,2659363522.151,1,FIN,2659363522.151,0,,,,,2659363523.484,1,,,0,,,,,0,,,0,,,,,,0,0,0,0,0,,,,,1,0,,,,,,1,FIN,2659363522.18,0,0,,0,,,0,0,0,0,,,0,,,,1,peer-dead,2659363523.474,0,0,0,,,,0,0,0,1,0,0,1,0,1,0,0,0,0,1,,,,,,,,,1,0,,,,,,0,,,0,0,,0,,,0,0,0,0,,,0,,,,0,,,0,0,0,,,,0,0,0,,,,,,,,,,,,,,,,,,,,,,,,,,,,,,,,,,,,,,1.639000415802002,,0,,,,,,1,1,0,,0,,,,,,,,,,,,,,,,1,1,0,,0,,,,,,,,,,,,,,,,0,,,0,,,,,,,,,1,1,1:peer-dead,1,peer-dead,1:peer-dead,peer-dead,0,,0,,0,,,0,,,0,,,,0,0,,peer judged dead: the peer's socket shows FIN,,,,0,verified,,0,1,0,,0,,,,0,,0,,0,,,0,,,0,,,,0,0,,,,,,0,verified,0,,0,,,30806,1,none,none,0,none,,,2,,,,,,,,,,,,,,,,,,,,,,,,,,,,,,,,,,,,,,,,,,,,,,,,,,,,,,,,,,,,,,,,,,,,,,,,,,,,,,,,,,,,,,,,,,,,,,,,,,,,,,,,,,,,,,,,,,,,,,,,,,,,,,,,,,,,,,,,,,,,,,,,,,,,,,,,,,,,,,,,,,,,,,,,,,,,,,,
f4_b@hq,scored,2,hq,f4_b_n3,f4_b,hq,n3,hq,default,F4,blocking,1,,262144,200,700,primary,4,3,0,4,255,0,5.8,device_error,,,,,117,remote process exited or there was a network error,117,,,,,,,,,,,,,,,,,,,,,remote process exited or there was a network error,,3491.4,,15240,,45.09,49.95,45.32,55.30,0,117,1,1,,0,0,0,0,0,,,0,0,0,0,0,0,peer judged dead: the peer's socket shows FIN,,0,0,,,no error,,959.7,,3515.7,,0,0,,2659370788.637,3489.75,,,,,,,1.5959997177124023,,,,,,1,1,0,,1,2659370788.927,FIN,,2659370790.233,1,0,0,0,,,0,0,1,1,0,,,,0,0,0,2,2,2,2,"6,6,6,6",4,,1,1,0,,,,0,0,0,,,,,,,,,,,,,,,,,,,,,,,1,,,,FIN,dead,2659370788.927,1,FIN,2659370788.927,0,,,,,2659370790.233,1,,,0,,,,,0,,,0,,,,,,0,0,0,0,0,,,,,1,0,,,,,,1,FIN,2659370788.956,0,0,,0,,,0,0,0,0,,,0,,,,1,peer-dead,2659370790.223,0,0,0,,,,0,0,0,1,0,0,1,0,1,0,0,0,0,1,,,,,,,,,1,0,,,,,,0,,,0,0,,0,,,0,0,0,0,,,0,,,,0,,,0,0,0,,,,0,0,0,,,,,,,,,,,,,,,,,,,,,,,,,,,,,,,,,,,,,,1.5959997177124023,,0,,,,,,1,1,0,,0,,,,,,,,,,,,,,,,1,1,0,,0,,,,,,,,,,,,,,,,0,,,0,,,,,,,,,1,1,1:peer-dead,1,peer-dead,1:peer-dead,peer-dead,0,,0,,0,,,0,,,0,,,,0,0,,peer judged dead: the peer's socket shows FIN,,,,0,verified,,0,1,0,,0,,,,0,,0,,0,,,0,,,0,,,,0,0,,,,,,0,verified,0,,0,,,30344,1,none,none,0,none,,,3,,,,,,,,,,,,,,,,,,,,,,,,,,,,,,,,,,,,,,,,,,,,,,,,,,,,,,,,,,,,,,,,,,,,,,,,,,,,,,,,,,,,,,,,,,,,,,,,,,,,,,,,,,,,,,,,,,,,,,,,,,,,,,,,,,,,,,,,,,,,,,,,,,,,,,,,,,,,,,,,,,,,,,,,,,,,,,,
f4_b@hq,scored,2,hq,f4_b_n4,f4_b,hq,n4,hq,default,F4,blocking,1,,262144,200,700,primary,4,3,0,4,255,0,5.8,device_error,,,,,124,remote process exited or there was a network error,124,,,,,,,,,,,,,,,,,,,,,remote process exited or there was a network error,,3720.1,,16082,,43.94,50.05,44.91,55.55,0,124,1,1,,0,0,0,0,0,,,0,0,0,0,0,0,peer judged dead: the peer's socket shows FIN,,0,0,,,no error,,762.0,,3725.8,,0,0,,2659378567.671,3718.2709999084473,,,,,,,1.6630001068115234,,,,,,1,1,0,,1,2659378567.984,FIN,,2659378569.334,1,0,0,0,,,0,0,1,1,0,,,,0,0,0,2,2,2,2,"6,6,6,6",4,,1,1,0,,,,0,0,0,,,,,,,,,,,,,,,,,,,,,,,1,,,,FIN,dead,2659378567.984,1,FIN,2659378567.984,0,,,,,2659378569.334,1,,,0,,,,,0,,,0,,,,,,0,0,0,0,0,,,,,1,0,,,,,,1,FIN,2659378568.015,0,0,,0,,,0,0,0,0,,,0,,,,1,peer-dead,2659378569.324,0,0,0,,,,0,0,0,1,0,0,1,0,1,0,0,0,0,1,,,,,,,,,1,0,,,,,,0,,,0,0,,0,,,0,0,0,0,,,0,,,,0,,,0,0,0,,,,0,0,0,,,,,,,,,,,,,,,,,,,,,,,,,,,,,,,,,,,,,,1.6630001068115234,,0,,,,,,1,1,0,,0,,,,,,,,,,,,,,,,1,1,0,,0,,,,,,,,,,,,,,,,0,,,0,,,,,,,,,1,1,1:peer-dead,1,peer-dead,1:peer-dead,peer-dead,0,,0,,0,,,0,,,0,,,,0,0,,peer judged dead: the peer's socket shows FIN,,,,0,verified,,0,1,0,,0,,,,0,,0,,0,,,0,,,0,,,,0,0,,,,,,0,verified,0,,0,,,30444,1,none,none,0,none,,,4,,,,,,,,,,,,,,,,,,,,,,,,,,,,,,,,,,,,,,,,,,,,,,,,,,,,,,,,,,,,,,,,,,,,,,,,,,,,,,,,,,,,,,,,,,,,,,,,,,,,,,,,,,,,,,,,,,,,,,,,,,,,,,,,,,,,,,,,,,,,,,,,,,,,,,,,,,,,,,,,,,,,,,,,,,,,,,,
f4_b@hq,scored,2,hq,f4_b_n5,f4_b,hq,n5,hq,default,F4,blocking,1,,262144,200,700,primary,4,3,0,4,255,0,5.3,device_error,,,,,102,remote process exited or there was a network error,102,,,,,,,,,,,,,,,,,,,,,remote process exited or there was a network error,,3060.2,,13438,,43.94,49.98,44.93,54.43,0,102,1,1,,0,0,0,0,0,,,0,0,0,0,0,0,peer judged dead: the peer's socket shows FIN,,0,0,,,no error,,933.3,,3064.9,,0,0,,2659385409.246,3058.3949999809265,,,,,,,1.580000400543213,,,,,,1,1,0,,1,2659385409.537,FIN,,2659385410.826,1,0,0,0,,,0,0,1,1,0,,,,0,0,0,2,2,2,2,"6,6,6,6",4,,1,1,0,,,,0,0,0,,,,,,,,,,,,,,,,,,,,,,,1,,,,FIN,dead,2659385409.537,1,FIN,2659385409.537,0,,,,,2659385410.826,1,,,0,,,,,0,,,0,,,,,,0,0,0,0,0,,,,,1,0,,,,,,1,FIN,2659385409.562,0,0,,0,,,0,0,0,0,,,0,,,,1,peer-dead,2659385410.816,0,0,0,,,,0,0,0,1,0,0,1,0,1,0,0,0,0,1,,,,,,,,,1,0,,,,,,0,,,0,0,,0,,,0,0,0,0,,,0,,,,0,,,0,0,0,,,,0,0,0,,,,,,,,,,,,,,,,,,,,,,,,,,,,,,,,,,,,,,1.580000400543213,,0,,,,,,1,1,0,,0,,,,,,,,,,,,,,,,1,1,0,,0,,,,,,,,,,,,,,,,0,,,0,,,,,,,,,1,1,1:peer-dead,1,peer-dead,1:peer-dead,peer-dead,0,,0,,0,,,0,,,0,,,,0,0,,peer judged dead: the peer's socket shows FIN,,,,0,verified,,0,1,0,,0,,,,0,,0,,0,,,0,,,0,,,,0,0,,,,,,0,verified,0,,0,,,29496,1,none,none,0,none,,,5,,,,,,,,,,,,,,,,,,,,,,,,,,,,,,,,,,,,,,,,,,,,,,,,,,,,,,,,,,,,,,,,,,,,,,,,,,,,,,,,,,,,,,,,,,,,,,,,,,,,,,,,,,,,,,,,,,,,,,,,,,,,,,,,,,,,,,,,,,,,,,,,,,,,,,,,,,,,,,,,,,,,,,,,,,,,,,,
hd_fwslow_f1_b@hq,scored,2,hq,hd_fwslow_f1_b_n1,hd_fwslow_f1_b,hq,n1,hq,default,F1,blocking,1,,262144,120,637,primary,4,3,0,4,4,0,5.8,device_error,device_error,,,,39,remote process exited or there was a network error,39,,,39,remote process exited or there was a network error,0,81,81,120,1,1,0,1,0,,,,,,,,remote process exited or there was a network error,remote process exited or there was a network error,3595.6,4826.7,15561,20917,45.06,54.46,45.25,54.46,0,39,1,1,,1,0,0,1,0,LOCAL_QP_ERR,,0,0,0,0,0,0,,peer closed the socket before DONE (FIN),0,1,,,no error,no error,929.0,585.6,3595.6,4854.4,0,0,,2659681472.842,585.311999797821,,,,LOCAL_QP_ERR,1.9710001945495605,,,,,,,,1,1,0,,0,,,,,0,0,0,0,0xf,qp_state,0,0,1,1,1,qp_state,,,0,0,0,,,,,,,,1,1,0,,,,0,0,0,2,2,2,2,"6,6,6,6",4,,,,,,,,,,,,,,,,,1,,,,,,,0,,,0,,,,2659681474.813,,1,,,0,,,,,0,,,0,,,,,1528626603.803,0,0,0,0,0,,,,,1,0,-1:0,0,8000@commit,0,-1,0,,,0,0,,0,,,0,0,0,0,,,1,3000.0,2659684482.887,commit,1,fw-watchdog,2659684482.922,0,0,0,,,,1,1,0,1,1,0,0,0,0,0,0,1,0,1,,,,,,,,,1,0,,,,,,0,,,0,0,,0,,,0,0,0,0,,,0,,,,1,declined,1528626603.753,0,0,0,,,,0,0,0,1,1,0,1,0,0,0,0,0,0,1,0,,,,,,,,,,,,,,,,,,,,585.311999797821,1.9710001945495605,,,,,,,0,,,,,,1,1,0,,0,,,,,,,,,,,,,,,,1,1,0,,0,,,,,,,,,,,,,,,,0,,,0,,,,,,,,,1,1,1:fw-watchdog,1,fw-watchdog,1:local,local,0,,0,,1,initiator,2659681482.829,0,,,1,commit,3000.0,1,0,0,,,,,,0,verified,,0,1,1,0:declined,1,declined,0:unknown,unknown,0,,0,,1,responder,1528622368.814,0,,,0,,,,0,0,,peer closed the socket before DONE (FIN),,,,0,verified,0,,0,,,29212,1,none,none,0,none,,,1,,,,,,,,,,,,,,,,,,,,,,,,,,,,,,,,,,,,,,,,,,,,,,,,,,,,,,,,,,,,,,,,,,,,,,,,,,,,,,,,,,,,,,,,,,,,,,,,,,,,,,,,,,,,,,,,,,,,,,,,,,,,,,,,,,,,,,,,,,,,,,,,,,,,,,,,,,,,,,,,,,,,,,,,,,,,,,,
hd_fwslow_f1_b@hq,scored,2,hq,hd_fwslow_f1_b_n2,hd_fwslow_f1_b,hq,n2,hq,default,F1,blocking,1,,262144,120,774,primary,4,3,0,4,4,0,5.8,device_error,device_error,,,,49,remote process exited or there was a network error,49,,,49,remote process exited or there was a network error,0,71,71,120,1,1,0,1,0,,,,,,,,remote process exited or there was a network error,remote process exited or there was a network error,3745.3,4828.4,16159,20942,43.94,52.96,44.83,52.96,0,49,1,1,,1,0,0,1,0,LOCAL_QP_ERR,,0,0,0,0,0,0,,peer closed the socket before DONE (FIN),0,1,,,no error,no error,781.1,593.1,3745.3,4854.0,0,0,,2659690138.753,722.7369999885559,,,,LOCAL_QP_ERR,14.835000038146973,,,,,,,,1,1,0,,0,,,,,0,0,0,0,0xf,qp_state,0,0,1,1,1,qp_state,,,0,0,0,,,,,,,,1,1,0,,,,0,0,0,2,2,2,2,"6,6,6,6",4,,,,,,,,,,,,,,,,,1,,,,,,,0,,,0,,,,2659690153.588,,1,,,0,,,,,0,,,0,,,,,1528635134.203,0,0,0,0,0,,,,,1,0,-1:0,0,8000@commit,0,-1,0,,,0,0,,0,,,0,0,0,0,,,1,3000.0,2659693161.156,commit,1,fw-watchdog,2659693161.186,0,0,0,,,,1,1,0,1,1,0,0,0,0,0,0,1,0,1,,,,,,,,,1,0,,,,,,0,,,0,0,,0,,,0,0,0,0,,,0,,,,1,declined,1528635134.155,0,0,0,,,,0,0,0,1,1,0,1,0,0,0,0,0,0,1,0,,,,,,,,,,,,,,,,,,,,722.7369999885559,14.835000038146973,,,,,,,0,,,,,,1,1,0,,0,,,,,,,,,,,,,,,,1,1,0,,0,,,,,,,,,,,,,,,,0,,,0,,,,,,,,,1,1,1:fw-watchdog,1,fw-watchdog,1:local,local,0,,0,,1,initiator,2659690161.11,0,,,1,commit,3000.0,1,0,0,,,,,,0,verified,,0,1,1,0:declined,1,declined,0:unknown,unknown,0,,0,,1,responder,1528631047.076,0,,,0,,,,0,0,,peer closed the socket before DONE (FIN),,,,0,verified,0,,0,,,30806,1,none,none,0,none,,,2,,,,,,,,,,,,,,,,,,,,,,,,,,,,,,,,,,,,,,,,,,,,,,,,,,,,,,,,,,,,,,,,,,,,,,,,,,,,,,,,,,,,,,,,,,,,,,,,,,,,,,,,,,,,,,,,,,,,,,,,,,,,,,,,,,,,,,,,,,,,,,,,,,,,,,,,,,,,,,,,,,,,,,,,,,,,,,,
hd_fwslow_f1_b@hq,scored,2,hq,hd_fwslow_f1_b_n3,hd_fwslow_f1_b,hq,n3,hq,default,F1,blocking,1,,262144,120,911,primary,4,3,0,4,4,0,5.8,device_error,device_error,,,,58,remote process exited or there was a network error,58,,,58,remote process exited or there was a network error,0,62,62,120,1,1,0,1,0,,,,,,,,remote process exited or there was a network error,remote process exited or there was a network error,3881.1,4834.0,16706,20848,45.95,49.44,45.82,53.70,0,58,1,1,,1,0,0,1,0,LOCAL_QP_ERR,,0,0,0,0,0,0,,peer closed the socket before DONE (FIN),0,1,,,no error,no error,650.6,601.0,3881.2,4854.6,0,0,,2659698807.264,859.5700001716614,,,,LOCAL_QP_ERR,13.532000064849854,,,,,,,,1,1,0,,0,,,,,0,0,0,0,0xf,qp_state,0,0,1,1,1,qp_state,,,0,0,0,,,,,,,,1,1,0,,,,0,0,0,2,2,2,2,"6,6,6,6",4,,,,,,,,,,,,,,,,,1,,,,,,,0,,,0,,,,2659698820.796,,1,,,0,,,,,0,,,0,,,,,1528643671.377,0,0,0,0,0,,,,,1,0,-1:0,0,8000@commit,0,-1,0,,,0,0,,0,,,0,0,0,0,,,1,3000.0,2659701828.652,commit,1,fw-watchdog,2659701828.685,0,0,0,,,,1,1,0,1,1,0,0,0,0,0,0,1,0,1,,,,,,,,,1,0,,,,,,0,,,0,0,,0,,,0,0,0,0,,,0,,,,1,declined,1528643671.327,0,0,0,,,,0,0,0,1,1,0,1,0,0,0,0,0,0,1,0,,,,,,,,,,,,,,,,,,,,859.5700001716614,13.532000064849854,,,,,,,0,,,,,,1,1,0,,0,,,,,,,,,,,,,,,,1,1,0,,0,,,,,,,,,,,,,,,,0,,,0,,,,,,,,,1,1,1:fw-watchdog,1,fw-watchdog,1:local,local,0,,0,,1,initiator,2659698828.571,0,,,1,commit,3000.0,1,0,0,,,,,,0,verified,,0,1,1,0:declined,1,declined,0:unknown,unknown,0,,0,,1,responder,1528639714.459,0,,,0,,,,0,0,,peer closed the socket before DONE (FIN),,,,0,verified,0,,0,,,29031,1,none,none,0,none,,,3,,,,,,,,,,,,,,,,,,,,,,,,,,,,,,,,,,,,,,,,,,,,,,,,,,,,,,,,,,,,,,,,,,,,,,,,,,,,,,,,,,,,,,,,,,,,,,,,,,,,,,,,,,,,,,,,,,,,,,,,,,,,,,,,,,,,,,,,,,,,,,,,,,,,,,,,,,,,,,,,,,,,,,,,,,,,,,,
hd_fwslow_f1_b@hq,scored,2,hq,hd_fwslow_f1_b_n4,hd_fwslow_f1_b,hq,n4,hq,default,F1,blocking,1,,262144,120,1048,primary,4,3,0,4,4,0,6.3,device_error,device_error,,,,67,remote process exited or there was a network error,67,,,67,remote process exited or there was a network error,0,53,53,120,1,1,0,1,0,,,,,,,,remote process exited or there was a network error,remote process exited or there was a network error,4016.2,5320.4,17240,22801,43.97,47.33,44.69,53.25,0,67,1,1,,1,0,0,1,0,LOCAL_QP_ERR,,0,0,0,0,0,0,,peer closed the socket before DONE (FIN),0,1,,,no error,no error,1002.2,602.5,4016.0,5338.6,0,0,,2659707496.491,996.8670001029968,,,,LOCAL_QP_ERR,11.583999633789062,,,,,,,,1,1,0,,0,,,,,0,0,0,0,0xf,qp_state,0,0,1,1,1,qp_state,,,0,0,0,,,,,,,,1,1,0,,,,0,0,0,2,2,2,2,"6,6,6,6",4,,,,,,,,,,,,,,,,,1,,,,,,,0,,,0,,,,2659707508.075,,1,,,0,,,,,0,,,0,,,,,1528652709.777,0,0,0,0,0,,,,,1,0,-1:0,0,8000@commit,0,-1,0,,,0,0,,0,,,0,0,0,0,,,1,3000.0,2659710515.535,commit,1,fw-watchdog,2659710515.568,0,0,0,,,,1,1,0,1,1,0,0,0,0,0,0,1,0,1,,,,,,,,,1,0,,,,,,0,,,0,0,,0,,,0,0,0,0,,,0,,,,1,declined,1528652709.728,0,0,0,,,,0,0,0,1,1,0,1,0,0,0,0,0,0,1,0,,,,,,,,,,,,,,,,,,,,996.8670001029968,11.583999633789062,,,,,,,0,,,,,,1,1,0,,0,,,,,,,,,,,,,,,,1,1,0,,0,,,,,,,,,,,,,,,,0,,,0,,,,,,,,,1,1,1:fw-watchdog,1,fw-watchdog,1:local,local,0,,0,,1,initiator,2659707515.458,0,,,1,commit,3000.0,1,0,0,,,,,,0,verified,,0,1,1,0:declined,1,declined,0:unknown,unknown,0,,0,,1,responder,1528648401.392,0,,,0,,,,0,0,,peer closed the socket before DONE (FIN),,,,0,verified,0,,0,,,29888,1,none,none,0,none,,,4,,,,,,,,,,,,,,,,,,,,,,,,,,,,,,,,,,,,,,,,,,,,,,,,,,,,,,,,,,,,,,,,,,,,,,,,,,,,,,,,,,,,,,,,,,,,,,,,,,,,,,,,,,,,,,,,,,,,,,,,,,,,,,,,,,,,,,,,,,,,,,,,,,,,,,,,,,,,,,,,,,,,,,,,,,,,,,,
hd_fwslow_f1_b@hq,scored,2,hq,hd_fwslow_f1_b_n5,hd_fwslow_f1_b,hq,n5,hq,default,F1,blocking,1,,262144,120,1185,primary,4,3,0,4,4,0,6.3,device_error,device_error,,,,76,remote process exited or there was a network error,76,,,76,remote process exited or there was a network error,0,44,44,120,1,1,0,1,0,,,,,,,,remote process exited or there was a network error,remote process exited or there was a network error,4152.1,5327.9,17794,22811,43.97,47.33,44.57,53.22,0,76,1,1,,1,0,0,1,0,LOCAL_QP_ERR,,0,0,0,0,0,0,,peer closed the socket before DONE (FIN),0,1,,,no error,no error,873.5,615.7,4152.3,5343.0,0,0,,2659716643.615,1133.593999862671,,,,LOCAL_QP_ERR,10.33400011062622,,,,,,,,1,1,0,,0,,,,,0,0,0,0,0xf,qp_state,0,0,1,1,1,qp_state,,,0,0,0,,,,,,,,1,1,0,,,,0,0,0,2,2,2,2,"6,6,6,6",4,,,,,,,,,,,,,,,,,1,,,,,,,0,,,0,,,,2659716653.949,,1,,,0,,,,,0,,,0,,,,,1528661727.605,0,0,0,0,0,,,,,1,0,-1:0,0,8000@commit,0,-1,0,,,0,0,,0,,,0,0,0,0,,,1,3000.0,2659719661.952,commit,1,fw-watchdog,2659719661.991,0,0,0,,,,1,1,0,1,1,0,0,0,0,0,0,1,0,1,,,,,,,,,1,0,,,,,,0,,,0,0,,0,,,0,0,0,0,,,0,,,,1,declined,1528661727.557,0,0,0,,,,0,0,0,1,1,0,1,0,0,0,0,0,0,1,0,,,,,,,,,,,,,,,,,,,,1133.593999862671,10.33400011062622,,,,,,,0,,,,,,1,1,0,,0,,,,,,,,,,,,,,,,1,1,0,,0,,,,,,,,,,,,,,,,0,,,0,,,,,,,,,1,1,1:fw-watchdog,1,fw-watchdog,1:local,local,0,,0,,1,initiator,2659716661.917,0,,,1,commit,3000.0,1,0,0,,,,,,0,verified,,0,1,1,0:declined,1,declined,0:unknown,unknown,0,,0,,1,responder,1528657547.654,0,,,0,,,,0,0,,peer closed the socket before DONE (FIN),,,,0,verified,0,,0,,,30778,1,none,none,0,none,,,5,,,,,,,,,,,,,,,,,,,,,,,,,,,,,,,,,,,,,,,,,,,,,,,,,,,,,,,,,,,,,,,,,,,,,,,,,,,,,,,,,,,,,,,,,,,,,,,,,,,,,,,,,,,,,,,,,,,,,,,,,,,,,,,,,,,,,,,,,,,,,,,,,,,,,,,,,,,,,,,,,,,,,,,,,,,,,,,
hd_repost_f1_b@hq,scored,2,hq,hd_repost_f1_b_n1,hd_repost_f1_b,hq,n1,hq,bidir,F1,blocking,1,,16384,400,637,primary,4,3,0,4,4,0,2.8,device_error,device_error,,,,41,remote process exited or there was a network error,41,,,41,remote process exited or there was a network error,0,359,359,400,1,1,0,1,0,41,remote process exited or there was a network error,41,remote process exited or there was a network error,0,359,0,remote process exited or there was a network error,remote process exited or there was a network error,624.2,625.6,3832,3698,12.45,18.46,12.86,18.46,0,41,1,1,,1,0,0,1,0,LOCAL_QP_ERR,,0,0,0,0,0,0,a re-post target was rejected (test switch),peer FAIL before DONE,0,0,,,no error,no error,891.3,876.1,634.2,634.2,0,0,,2659657789.871,605.5099997520447,,,,LOCAL_QP_ERR,10.996000289916992,,18.597000122070312,,,,,,1,1,0,,0,,,FIN,2659657808.468,0,0,1,0,0xf,off,0,0,0,1,1,off,,,0,0,0,2,2,2,2,"6,6,6,6",4,,0,1,0,,,,0,0,0,2,2,2,2,"6,6,6,6",4,,,,,,,,,,,,,,,,,1,,,,,,,0,,,0,,,,2659657800.867,2659657808.468,1,,,0,,FIN,left,1528599022.922,0,,,0,,,,,1528598699.682,0,0,0,0,0,,,,,1,0,-1:0,0,0@-,0,1,0,,,0,0,,0,,,0,0,0,0,,,0,,,,1,declined,2659657808.451,0,0,1,1,4,2659657808.31,1,0,0,1,1,0,1,0,0,0,0,0,0,1,0,,,,,,,,1,0,,,,,,0,,,1,0,,0,,,0,0,0,0,,,0,,,,1,declined,1528598699.639,0,0,0,,,,0,0,0,1,1,0,1,0,0,0,0,0,0,1,0,,,,,,,,,,,,,,,,1,,,,605.5099997520447,10.996000289916992,7.60099983215332,,,,,332.2079997062683,0,,,,,,1,1,0,,0,,,,,,,,,,,,,,,,1,1,0,,0,,,,,,,,,,,,,,,,0,,,0,,,,,,,,,1,1,1:declined,1,declined,1:unknown,unknown,0,,0,,0,,,1,1,2659657808.31,0,,,,0,0,,a re-post target was rejected (test switch),,,,0,verified,,0,1,1,0:declined,1,declined,0:unknown,unknown,0,,0,,1,responder,1528598694.17,0,,,0,,,,0,0,,peer FAIL before DONE,,,,0,verified,0,,0,,,30213,1,none,none,0,none,,,1,,,,,,,,,,,,,,,,,,,,,,,,,,,,,,,,,,,,,,,,,,,,,,,,,,,,,,,,,,,,,,,,,,,,,,,,,,,,,,,,,,,,,,,,,,,,,,,,,,,,,,,,,,,,,,,,,,,,,,,,,,,,,,,,,,,,,,,,,,,,,,,,,,,,,,,,,,,,,,,,,,,,,,,,,,,,,,,
hd_repost_f1_b@hq,scored,2,hq,hd_repost_f1_b_n2,hd_repost_f1_b,hq,n2,hq,bidir,F1,blocking,1,,16384,400,774,primary,4,3,0,4,4,0,2.8,device_error,device_error,,,,50,remote process exited or there was a network error,50,,,50,remote process exited or there was a network error,0,350,350,400,1,1,0,1,0,50,remote process exited or there was a network error,50,remote process exited or there was a network error,0,350,0,remote process exited or there was a network error,remote process exited or there was a network error,759.6,761.0,4349,4280,12.61,18.66,12.90,18.66,0,50,1,1,,1,0,0,1,0,LOCAL_QP_ERR,,0,0,0,0,0,0,a re-post target was rejected (test switch),peer FAIL before DONE,0,0,,,no error,no error,764.8,748.8,767.1,768.7,0,0,,2659662471.319,746.3129997253418,,,,LOCAL_QP_ERR,5.260000228881836,,13.109000205993652,,,,,,1,1,0,,0,,,FIN,2659662484.428,0,0,1,0,0xf,off,0,0,0,1,1,off,,,0,0,0,2,2,2,2,"6,6,6,6",4,,0,1,0,,,,0,0,0,2,2,2,2,"6,6,6,6",4,,,,,,,,,,,,,,,,,1,,,,,,,0,,,0,,,,2659662476.579,2659662484.428,1,,,0,,FIN,left,1528603696.512,0,,,0,,,,,1528603375.724,0,0,0,0,0,,,,,1,0,-1:0,0,0@-,0,1,0,,,0,0,,0,,,0,0,0,0,,,0,,,,1,declined,2659662484.411,0,0,1,1,4,2659662484.277,1,0,0,1,1,0,1,0,0,0,0,0,0,1,0,,,,,,,,1,0,,,,,,0,,,1,0,,0,,,0,0,0,0,,,0,,,,1,declined,1528603375.679,0,0,0,,,,0,0,0,1,1,0,1,0,0,0,0,0,0,1,0,,,,,,,,,,,,,,,,1,,,,746.3129997253418,5.260000228881836,7.848999977111816,,,,,330.085000038147,0,,,,,,1,1,0,,0,,,,,,,,,,,,,,,,1,1,0,,0,,,,,,,,,,,,,,,,0,,,0,,,,,,,,,1,1,1:declined,1,declined,1:unknown,unknown,0,,0,,0,,,1,1,2659662484.277,0,,,,0,0,,a re-post target was rejected (test switch),,,,0,verified,,0,1,1,0:declined,1,declined,0:unknown,unknown,0,,0,,1,responder,1528603370.062,0,,,0,,,,0,0,,peer FAIL before DONE,,,,0,verified,0,,0,,,29701,1,none,none,0,none,,,2,,,,,,,,,,,,,,,,,,,,,,,,,,,,,,,,,,,,,,,,,,,,,,,,,,,,,,,,,,,,,,,,,,,,,,,,,,,,,,,,,,,,,,,,,,,,,,,,,,,,,,,,,,,,,,,,,,,,,,,,,,,,,,,,,,,,,,,,,,,,,,,,,,,,,,,,,,,,,,,,,,,,,,,,,,,,,,,
hd_repost_f1_b@hq,scored,2,hq,hd_repost_f1_b_n3,hd_repost_f1_b,hq,n3,hq,bidir,F1,blocking,1,,16384,400,911,primary,4,3,0,4,4,0,2.8,device_error,device_error,,,,59,remote process exited or there was a network error,59,,,59,remote process exited or there was a network error,0,341,341,400,1,1,0,1,0,59,remote process exited or there was a network error,59,remote process exited or there was a network error,0,341,0,remote process exited or there was a network error,remote process exited or there was a network error,894.8,896.4,4891,4842,12.48,13.79,12.82,19.55,0,59,1,1,,1,0,0,1,0,LOCAL_QP_ERR,,0,0,0,0,0,0,a re-post target was rejected (test switch),peer FAIL before DONE,0,0,,,no error,no error,628.9,605.4,902.4,904.4,0,0,,2659667122.878,882.8519997596741,,,,LOCAL_QP_ERR,3.7200002670288086,,11.832000255584717,,,,,,1,1,0,,0,,,FIN,2659667134.71,0,0,1,0,0xf,off,0,0,0,1,1,off,,,0,0,0,2,2,2,2,"6,6,6,6",4,,0,1,0,,,,0,0,0,2,2,2,2,"6,6,6,6",4,,,,,,,,,,,,,,,,,1,,,,,,,0,,,0,,,,2659667126.598,2659667134.71,1,,,0,,FIN,left,1528608346.59,0,,,0,,,,,1528608026.116,0,0,0,0,0,,,,,1,0,-1:0,0,0@-,0,1,0,,,0,0,,0,,,0,0,0,0,,,0,,,,1,declined,2659667134.692,0,0,1,1,4,2659667134.534,1,0,0,1,1,0,1,0,0,0,0,0,0,1,0,,,,,,,,1,0,,,,,,0,,,1,0,,0,,,0,0,0,0,,,0,,,,1,declined,1528608026.072,0,0,0,,,,0,0,0,1,1,0,1,0,0,0,0,0,0,1,0,,,,,,,,,,,,,,,,1,,,,882.8519997596741,3.7200002670288086,8.111999988555908,,,,,330.143000125885,0,,,,,,1,1,0,,0,,,,,,,,,,,,,,,,1,1,0,,0,,,,,,,,,,,,,,,,0,,,0,,,,,,,,,1,1,1:declined,1,declined,1:unknown,unknown,0,,0,,0,,,1,1,2659667134.534,0,,,,0,0,,a re-post target was rejected (test switch),,,,0,verified,,0,1,1,0:declined,1,declined,0:unknown,unknown,0,,0,,1,responder,1528608020.398,0,,,0,,,,0,0,,peer FAIL before DONE,,,,0,verified,0,,0,,,30641,1,none,none,0,none,,,3,,,,,,,,,,,,,,,,,,,,,,,,,,,,,,,,,,,,,,,,,,,,,,,,,,,,,,,,,,,,,,,,,,,,,,,,,,,,,,,,,,,,,,,,,,,,,,,,,,,,,,,,,,,,,,,,,,,,,,,,,,,,,,,,,,,,,,,,,,,,,,,,,,,,,,,,,,,,,,,,,,,,,,,,,,,,,,,
hd_repost_f1_b@hq,scored,2,hq,hd_repost_f1_b_n4,hd_repost_f1_b,hq,n4,hq,bidir,F1,blocking,1,,16384,400,1048,primary,4,3,0,4,4,0,3.3,device_error,device_error,,,,68,remote process exited or there was a network error,68,,,68,remote process exited or there was a network error,0,332,332,400,1,1,0,1,0,68,remote process exited or there was a network error,68,remote process exited or there was a network error,0,332,0,remote process exited or there was a network error,remote process exited or there was a network error,1029.8,1031.2,5434,5358,12.48,13.28,12.73,18.69,0,68,1,1,,1,0,0,1,0,LOCAL_QP_ERR,,0,0,0,0,0,0,a re-post target was rejected (test switch),peer FAIL before DONE,0,0,,,no error,no error,1004.7,989.0,1037.4,1039.1,0,0,,2659671775.974,1019.2179999351501,,,,LOCAL_QP_ERR,2.5510001182556152,,10.53600025177002,,,,,,1,1,0,,0,,,FIN,2659671786.51,0,0,1,0,0xf,off,0,0,0,1,1,off,,,0,0,0,2,2,2,2,"6,6,6,6",4,,0,1,0,,,,0,0,0,2,2,2,2,"6,6,6,6",4,,,,,,,,,,,,,,,,,1,,,,,,,0,,,0,,,,2659671778.525,2659671786.51,1,,,0,,FIN,left,1528612998.363,0,,,0,,,,,1528612677.711,0,0,0,0,0,,,,,1,0,-1:0,0,0@-,0,1,0,,,0,0,,0,,,0,0,0,0,,,0,,,,1,declined,2659671786.492,0,0,1,1,4,2659671786.359,1,0,0,1,1,0,1,0,0,0,0,0,0,1,0,,,,,,,,1,0,,,,,,0,,,1,0,,0,,,0,0,0,0,,,0,,,,1,declined,1528612677.664,0,0,0,,,,0,0,0,1,1,0,1,0,0,0,0,0,0,1,0,,,,,,,,,,,,,,,,1,,,,1019.2179999351501,2.5510001182556152,7.985000133514404,,,,,329.9850001335144,0,,,,,,1,1,0,,0,,,,,,,,,,,,,,,,1,1,0,,0,,,,,,,,,,,,,,,,0,,,0,,,,,,,,,1,1,1:declined,1,declined,1:unknown,unknown,0,,0,,0,,,1,1,2659671786.359,0,,,,0,0,,a re-post target was rejected (test switch),,,,0,verified,,0,1,1,0:declined,1,declined,0:unknown,unknown,0,,0,,1,responder,1528612672.171,0,,,0,,,,0,0,,peer FAIL before DONE,,,,0,verified,0,,0,,,30350,1,none,none,0,none,,,4,,,,,,,,,,,,,,,,,,,,,,,,,,,,,,,,,,,,,,,,,,,,,,,,,,,,,,,,,,,,,,,,,,,,,,,,,,,,,,,,,,,,,,,,,,,,,,,,,,,,,,,,,,,,,,,,,,,,,,,,,,,,,,,,,,,,,,,,,,,,,,,,,,,,,,,,,,,,,,,,,,,,,,,,,,,,,,,
hd_repost_f1_b@hq,scored,2,hq,hd_repost_f1_b_n5,hd_repost_f1_b,hq,n5,hq,bidir,F1,blocking,1,,16384,400,1185,primary,4,3,0,4,4,0,3.3,device_error,device_error,,,,78,remote process exited or there was a network error,78,,,78,remote process exited or there was a network error,0,322,322,400,1,1,0,1,0,78,remote process exited or there was a network error,78,remote process exited or there was a network error,0,322,0,remote process exited or there was a network error,remote process exited or there was a network error,1179.8,1181.2,6023,5957,12.58,14.62,12.77,18.59,0,78,1,1,,1,0,0,1,0,LOCAL_QP_ERR,,0,0,0,0,0,0,a re-post target was rejected (test switch),peer FAIL before DONE,0,0,,,no error,no error,856.9,840.7,1186.4,1188.8,0,0,,2659676962.516,1157.736999988556,,,,LOCAL_QP_ERR,14.135000228881836,,21.94600009918213,,,,,,1,1,0,,0,,,FIN,2659676984.462,0,0,1,0,0xf,off,0,0,0,1,1,off,,,0,0,0,2,2,2,2,"6,6,6,6",4,,0,1,0,,,,0,0,0,2,2,2,2,"6,6,6,6",4,,,,,,,,,,,,,,,,,1,,,,,,,0,,,0,,,,2659676976.651,2659676984.462,1,,,0,,FIN,left,1528618195.013,0,,,0,,,,,1528617875.662,0,0,0,0,0,,,,,1,0,-1:0,0,0@-,0,1,0,,,0,0,,0,,,0,0,0,0,,,0,,,,1,declined,2659676984.445,0,0,1,1,4,2659676984.301,1,0,0,1,1,0,1,0,0,0,0,0,0,1,0,,,,,,,,1,0,,,,,,0,,,1,0,,0,,,0,0,0,0,,,0,,,,1,declined,1528617875.618,0,0,0,,,,0,0,0,1,1,0,1,0,0,0,0,0,0,1,0,,,,,,,,,,,,,,,,1,,,,1157.736999988556,14.135000228881836,7.810999870300293,,,,,328.503999710083,0,,,,,,1,1,0,,0,,,,,,,,,,,,,,,,1,1,0,,0,,,,,,,,,,,,,,,,0,,,0,,,,,,,,,1,1,1:declined,1,declined,1:unknown,unknown,0,,0,,0,,,1,1,2659676984.301,0,,,,0,0,,a re-post target was rejected (test switch),,,,0,verified,,0,1,1,0:declined,1,declined,0:unknown,unknown,0,,0,,1,responder,1528617870.099,0,,,0,,,,0,0,,peer FAIL before DONE,,,,0,verified,0,,0,,,29188,1,none,none,0,none,,,5,,,,,,,,,,,,,,,,,,,,,,,,,,,,,,,,,,,,,,,,,,,,,,,,,,,,,,,,,,,,,,,,,,,,,,,,,,,,,,,,,,,,,,,,,,,,,,,,,,,,,,,,,,,,,,,,,,,,,,,,,,,,,,,,,,,,,,,,,,,,,,,,,,,,,,,,,,,,,,,,,,,,,,,,,,,,,,,
hd_rxdeath_b@hq,scored,2,hq,hd_rxdeath_b_n1,hd_rxdeath_b,hq,n1,hq,default,none,blocking,1,,16384,1000,700,primary,4,3,0,137,4,0,3.1,,device_error,,,,,,,,,144,remote process exited or there was a network error,0,856,856,1000,1,1,0,1,0,,,,,,,,,remote process exited or there was a network error,,2151.1,,10035,,,,,,,1,1,,0,0,0,0,0,,,0,0,0,0,0,0,,peer judged dead: the peer's socket shows FIN,0,0,,,,no error,,798.4,,2169.4,0,0,,3790470815.591,1131061259.565,,,,,,,,,,,,,1,1,0,,0,,,FIN,,1,1,0,0,,,0,0,1,1,0,,,,0,0,0,,,,,,,,1,1,0,,,,0,0,0,2,2,2,2,"6,6,6,6",4,,,,,,,,,,,,,,,,,1,,,,,,,0,,,0,,,,,,1,,,0,,FIN,dead,1528352595.151,1,FIN,1528352595.151,0,,,,,1528352596.526,0,0,0,0,1,,,,,1,0,,,,,,0,,,0,0,,0,,,0,0,0,0,,,0,,,,0,,,0,0,0,,,,0,0,0,,,,,,,,,,,,,,,,,,,,1,0,,,,,,1,FIN,1528352595.199,0,0,,0,,,0,0,0,0,,,0,,,,1,peer-dead,1528352596.483,0,0,0,,,,0,0,0,1,0,0,1,0,1,0,0,0,0,1,0,,,,,,,,,,,,,,,,,,,,,,,1528352594.895,20.23900008201599,1.938999891281128,,,0,,,,,,1,1,0,,0,,,,,,,,,,,,,,,,1,1,0,,0,,,,,,,,,,,,,,,,0,,,0,,,,,,,,,1,0,,0,,,,0,,0,,0,,,0,,,0,,,,0,0,,,,,,0,verified,,0,1,1,0:peer-dead,1,peer-dead,0:peer-dead,peer-dead,0,,0,,0,,,0,,,0,,,,0,0,,peer judged dead: the peer's socket shows FIN,,,,0,verified,0,,0,,,29121,1,none,none,0,none,,,1,,,,,,,,,,,,,,,,,,,,,,,,,,,,,,,,,,,,,,,,,,,,,,,,,,,,,,,,,,,,,,,,,,,,,,,,,,,,,,,,,,,,,,,,,,,,,,,,,,,,,,,,,,,,,,,,,,,,,,,,,,,,,,,,,,,,,,,,,,,,,,,,,,,,,,,,,,,,,,,,,,,,,,,,,,,,,,,
hd_rxdeath_b@hq,scored,2,hq,hd_rxdeath_b_n2,hd_rxdeath_b,hq,n2,hq,default,none,blocking,1,,16384,1000,700,primary,4,3,0,137,4,0,3.1,,device_error,,,,,,,,,144,remote process exited or there was a network error,0,856,856,1000,1,1,0,1,0,,,,,,,,,remote process exited or there was a network error,,2158.3,,10053,,,,,,,1,1,,0,0,0,0,0,,,0,0,0,0,0,0,,peer judged dead: the peer's socket shows FIN,0,0,,,,no error,,819.6,,2176.4,0,0,,3790476868.701,1131061266.8720002,,,,,,,,,,,,,1,1,0,,0,,,FIN,,1,1,0,0,,,0,0,1,1,0,,,,0,0,0,,,,,,,,1,1,0,,,,0,0,0,2,2,2,2,"6,6,6,6",4,,,,,,,,,,,,,,,,,1,,,,,,,0,,,0,,,,,,1,,,0,,FIN,dead,1528358648.357,1,FIN,1528358648.357,0,,,,,1528358649.747,0,0,0,0,1,,,,,1,0,,,,,,0,,,0,0,,0,,,0,0,0,0,,,0,,,,0,,,0,0,0,,,,0,0,0,,,,,,,,,,,,,,,,,,,,1,0,,,,,,1,FIN,1528358648.408,0,0,,0,,,0,0,0,0,,,0,,,,1,peer-dead,1528358649.705,0,0,0,,,,0,0,0,1,0,0,1,0,1,0,0,0,0,1,0,,,,,,,,,,,,,,,,,,,,,,,1528358648.0129998,19.94200038909912,1.8420002460479736,,,0,,,,,,1,1,0,,0,,,,,,,,,,,,,,,,1,1,0,,0,,,,,,,,,,,,,,,,0,,,0,,,,,,,,,1,0,,0,,,,0,,0,,0,,,0,,,0,,,,0,0,,,,,,0,verified,,0,1,1,0:peer-dead,1,peer-dead,0:peer-dead,peer-dead,0,,0,,0,,,0,,,0,,,,0,0,,peer judged dead: the peer's socket shows FIN,,,,0,verified,0,,0,,,29633,1,none,none,0,none,,,2,,,,,,,,,,,,,,,,,,,,,,,,,,,,,,,,,,,,,,,,,,,,,,,,,,,,,,,,,,,,,,,,,,,,,,,,,,,,,,,,,,,,,,,,,,,,,,,,,,,,,,,,,,,,,,,,,,,,,,,,,,,,,,,,,,,,,,,,,,,,,,,,,,,,,,,,,,,,,,,,,,,,,,,,,,,,,,,
hd_rxdeath_b@hq,scored,2,hq,hd_rxdeath_b_n3,hd_rxdeath_b,hq,n3,hq,default,none,blocking,1,,16384,1000,700,primary,4,3,0,137,4,0,3.1,,device_error,,,,,,,,,144,remote process exited or there was a network error,0,856,856,1000,1,1,0,1,0,,,,,,,,,remote process exited or there was a network error,,2162.2,,10080,,,,,,,1,1,,0,0,0,0,0,,,0,0,0,0,0,0,,peer judged dead: the peer's socket shows FIN,0,0,,,,no error,,805.5,,2180.7,0,0,,3790482925.502,1131061270.803,,,,,,,,,,,,,1,1,0,,0,,,FIN,,1,1,0,0,,,0,0,1,1,0,,,,0,0,0,,,,,,,,1,1,0,,,,0,0,0,2,2,2,2,"6,6,6,6",4,,,,,,,,,,,,,,,,,1,,,,,,,0,,,0,,,,,,1,,,0,,FIN,dead,1528364705.063,1,FIN,1528364705.063,0,,,,,1528364706.479,0,0,0,0,1,,,,,1,0,,,,,,0,,,0,0,,0,,,0,0,0,0,,,0,,,,0,,,0,0,0,,,,0,0,0,,,,,,,,,,,,,,,,,,,,1,0,,,,,,1,FIN,1528364705.118,0,0,,0,,,0,0,0,0,,,0,,,,1,peer-dead,1528364706.438,0,0,0,,,,0,0,0,1,0,0,1,0,1,0,0,0,0,1,0,,,,,,,,,,,,,,,,,,,,,,,1528364704.8220003,20.29199981689453,1.7919998168945312,,,0,,,,,,1,1,0,,0,,,,,,,,,,,,,,,,1,1,0,,0,,,,,,,,,,,,,,,,0,,,0,,,,,,,,,1,0,,0,,,,0,,0,,0,,,0,,,0,,,,0,0,,,,,,0,verified,,0,1,1,0:peer-dead,1,peer-dead,0:peer-dead,peer-dead,0,,0,,0,,,0,,,0,,,,0,0,,peer judged dead: the peer's socket shows FIN,,,,0,verified,0,,0,,,30488,1,none,none,0,none,,,3,,,,,,,,,,,,,,,,,,,,,,,,,,,,,,,,,,,,,,,,,,,,,,,,,,,,,,,,,,,,,,,,,,,,,,,,,,,,,,,,,,,,,,,,,,,,,,,,,,,,,,,,,,,,,,,,,,,,,,,,,,,,,,,,,,,,,,,,,,,,,,,,,,,,,,,,,,,,,,,,,,,,,,,,,,,,,,,
hd_rxdeath_b@hq,scored,2,hq,hd_rxdeath_b_n4,hd_rxdeath_b,hq,n4,hq,default,none,blocking,1,,16384,1000,700,primary,4,3,0,137,4,0,3.1,,device_error,,,,,,,,,142,remote process exited or there was a network error,0,858,858,1000,1,1,0,1,0,,,,,,,,,remote process exited or there was a network error,,2118.9,,9864,,,,,,,1,1,,0,0,0,0,0,,,0,0,0,0,0,0,,peer judged dead: the peer's socket shows FIN,0,0,,,,no error,,856.4,,2137.5,0,0,,3790488959.9539995,1131061227.2209997,,,,,,,,,,,,,1,1,0,,0,,,FIN,,1,1,0,0,,,0,0,1,1,0,,,,0,0,0,,,,,,,,1,1,0,,,,0,0,0,2,2,2,2,"6,6,6,6",4,,,,,,,,,,,,,,,,,1,,,,,,,0,,,0,,,,,,1,,,0,,FIN,dead,1528370739.568,1,FIN,1528370739.568,0,,,,,1528370741.016,0,0,0,0,1,,,,,1,0,,,,,,0,,,0,0,,0,,,0,0,0,0,,,0,,,,0,,,0,0,0,,,,0,0,0,,,,,,,,,,,,,,,,,,,,1,0,,,,,,1,FIN,1528370739.617,0,0,,0,,,0,0,0,0,,,0,,,,1,peer-dead,1528370740.966,0,0,0,,,,0,0,0,1,0,0,1,0,1,0,0,0,0,1,0,,,,,,,,,,,,,,,,,,,,,,,1528370739.3,20.657000064849854,2.057000160217285,,,0,,,,,,1,1,0,,0,,,,,,,,,,,,,,,,1,1,0,,0,,,,,,,,,,,,,,,,0,,,0,,,,,,,,,1,0,,0,,,,0,,0,,0,,,0,,,0,,,,0,0,,,,,,0,verified,,0,1,1,0:peer-dead,1,peer-dead,0:peer-dead,peer-dead,0,,0,,0,,,0,,,0,,,,0,0,,peer judged dead: the peer's socket shows FIN,,,,0,verified,0,,0,,,29581,1,none,none,0,none,,,4,,,,,,,,,,,,,,,,,,,,,,,,,,,,,,,,,,,,,,,,,,,,,,,,,,,,,,,,,,,,,,,,,,,,,,,,,,,,,,,,,,,,,,,,,,,,,,,,,,,,,,,,,,,,,,,,,,,,,,,,,,,,,,,,,,,,,,,,,,,,,,,,,,,,,,,,,,,,,,,,,,,,,,,,,,,,,,,
hd_rxdeath_b@hq,scored,2,hq,hd_rxdeath_b_n5,hd_rxdeath_b,hq,n5,hq,default,none,blocking,1,,16384,1000,700,primary,4,3,0,137,4,0,3.1,,device_error,,,,,,,,,145,remote process exited or there was a network error,0,855,855,1000,1,1,0,1,0,,,,,,,,,remote process exited or there was a network error,,2174.9,,10094,,,,,,,1,1,,0,0,0,0,0,,,0,0,0,0,0,0,,peer judged dead: the peer's socket shows FIN,0,0,,,,no error,,809.1,,2193.2,0,0,,3790495048.942,1131061283.171,,,,,,,,,,,,,1,1,0,,0,,,FIN,,1,1,0,0,,,0,0,1,1,0,,,,0,0,0,,,,,,,,1,1,0,,,,0,0,0,2,2,2,2,"6,6,6,6",4,,,,,,,,,,,,,,,,,1,,,,,,,0,,,0,,,,,,1,,,0,,FIN,dead,1528376828.618,1,FIN,1528376828.618,0,,,,,1528376830.084,0,0,0,0,1,,,,,1,0,,,,,,0,,,0,0,,0,,,0,0,0,0,,,0,,,,0,,,0,0,0,,,,0,0,0,,,,,,,,,,,,,,,,,,,,1,0,,,,,,1,FIN,1528376828.664,0,0,,0,,,0,0,0,0,,,0,,,,1,peer-dead,1528376830.04,0,0,0,,,,0,0,0,1,0,0,1,0,1,0,0,0,0,1,0,,,,,,,,,,,,,,,,,,,,,,,1528376828.2979999,20.404000282287598,2.1040003299713135,,,0,,,,,,1,1,0,,0,,,,,,,,,,,,,,,,1,1,0,,0,,,,,,,,,,,,,,,,0,,,0,,,,,,,,,1,0,,0,,,,0,,0,,0,,,0,,,0,,,,0,0,,,,,,0,verified,,0,1,1,0:peer-dead,1,peer-dead,0:peer-dead,peer-dead,0,,0,,0,,,0,,,0,,,,0,0,,peer judged dead: the peer's socket shows FIN,,,,0,verified,0,,0,,,30830,1,none,none,0,none,,,5,,,,,,,,,,,,,,,,,,,,,,,,,,,,,,,,,,,,,,,,,,,,,,,,,,,,,,,,,,,,,,,,,,,,,,,,,,,,,,,,,,,,,,,,,,,,,,,,,,,,,,,,,,,,,,,,,,,,,,,,,,,,,,,,,,,,,,,,,,,,,,,,,,,,,,,,,,,,,,,,,,,,,,,,,,,,,,,
hd_shrink_b@hq,scored,2,hq,hd_shrink_b_n1,hd_shrink_b,hq,n1,hq,bidir,F4,blocking,1,,16384,400,700,primary,4,3,0,4,255,0,5.3,device_error,,,,,198,remote process exited or there was a network error,198,,,,,,,,,,,,,,,,198,remote process exited or there was a network error,0,202,0,remote process exited or there was a network error,,2967.8,,15217,,12.70,13.28,12.77,19.26,0,198,1,1,,0,0,0,0,0,,,0,0,0,0,0,0,peer judged dead: the peer's socket shows FIN,,0,0,,,no error,,550.0,,3494.6,,0,0,,2660541392.4189997,2966.20999956131,,,,,,,1.3600001335144043,,,,,,1,1,0,,1,2660541392.521,FIN,,2660541393.779,1,0,0,0,,,0,0,1,1,0,,,,0,0,0,2,2,2,2,"6,6,6,6",4,,1,1,0,,,,0,0,0,,,,,,,,,,,,,,,,,,,,,,,1,,,,FIN,dead,2660541392.521,1,FIN,2660541392.521,0,,,,,2660541393.779,1,,,0,,,,,0,,,0,,,,,,0,0,0,0,0,,,,,1,0,,,,,,1,FIN,2660541392.548,0,0,,0,,,0,0,0,0,,,0,,,,1,peer-dead,2660541393.77,0,0,0,,,,0,0,0,1,0,0,1,0,1,0,0,0,0,1,0,,,,,,,,1,0,,,,,,0,,,0,0,,0,,,0,0,0,0,,,0,,,,0,,,0,0,0,,,,0,0,0,,,,,,,,,,,,,,,,,,,,1,no error,17.3,1,1,1,no error,1,,,,,,,,,,,1.3600001335144043,,0,,,,,,1,1,0,,0,,,,,,,,,,,,,,,,1,1,0,,0,,,,,,,,,,,,,,,,1,1,2660541400.869,0,,remote process exited or there was a network error,no error,no error,0.3,1,,,1,1,1:peer-dead,1,peer-dead,1:peer-dead,peer-dead,0,,0,,0,,,0,,,0,,,,0,0,,peer judged dead: the peer's socket shows FIN,,,,0,verified,,0,1,0,,0,,,,0,,0,,0,,,0,,,0,,,,0,0,,,,,,0,verified,0,,0,,,29476,1,none,none,0,none,,,1,,,,,,,,,,,,,,,,,,,,,,,,,,,,,,,,,,,,,,,,,,,,,,,,,,,,,,,,,,,,,,,,,,,,,,,,,,,,,,,,,,,,,,,,,,,,,,,,,,,,,,,,,,,,,,,,,,,,,,,,,,,,,,,,,,,,,,,,,,,,,,,,,,,,,,,,,,,,,,,,,,,,,,,,,,,,,,,
hd_shrink_b@hq,scored,2,hq,hd_shrink_b_n2,hd_shrink_b,hq,n2,hq,bidir,F4,blocking,1,,16384,400,700,primary,4,3,0,4,255,0,5.3,device_error,,,,,196,remote process exited or there was a network error,196,,,,,,,,,,,,,,,,196,remote process exited or there was a network error,0,204,0,remote process exited or there was a network error,,2937.6,,15077,,12.70,14.34,12.77,18.43,0,196,1,1,,0,0,0,0,0,,,0,0,0,0,0,0,peer judged dead: the peer's socket shows FIN,,0,0,,,no error,,575.3,,3464.0,,0,0,,2660548409.153,2936.239999771118,,,,,,,1.3570003509521484,,,,,,1,1,0,,1,2660548409.248,FIN,,2660548410.51,1,0,0,0,,,0,0,1,1,0,,,,0,0,0,2,2,2,2,"6,6,6,6",4,,1,1,0,,,,0,0,0,,,,,,,,,,,,,,,,,,,,,,,1,,,,FIN,dead,2660548409.248,1,FIN,2660548409.248,0,,,,,2660548410.51,1,,,0,,,,,0,,,0,,,,,,0,0,0,0,0,,,,,1,0,,,,,,1,FIN,2660548409.277,0,0,,0,,,0,0,0,0,,,0,,,,1,peer-dead,2660548410.5,0,0,0,,,,0,0,0,1,0,0,1,0,1,0,0,0,0,1,0,,,,,,,,1,0,,,,,,0,,,0,0,,0,,,0,0,0,0,,,0,,,,0,,,0,0,0,,,,0,0,0,,,,,,,,,,,,,,,,,,,,1,no error,17.2,1,1,1,no error,1,,,,,,,,,,,1.3570003509521484,,0,,,,,,1,1,0,,0,,,,,,,,,,,,,,,,1,1,0,,0,,,,,,,,,,,,,,,,1,1,2660548417.065,0,,remote process exited or there was a network error,no error,no error,0.3,1,,,1,1,1:peer-dead,1,peer-dead,1:peer-dead,peer-dead,0,,0,,0,,,0,,,0,,,,0,0,,peer judged dead: the peer's socket shows FIN,,,,0,verified,,0,1,0,,0,,,,0,,0,,0,,,0,,,0,,,,0,0,,,,,,0,verified,0,,0,,,29538,1,none,none,0,none,,,2,,,,,,,,,,,,,,,,,,,,,,,,,,,,,,,,,,,,,,,,,,,,,,,,,,,,,,,,,,,,,,,,,,,,,,,,,,,,,,,,,,,,,,,,,,,,,,,,,,,,,,,,,,,,,,,,,,,,,,,,,,,,,,,,,,,,,,,,,,,,,,,,,,,,,,,,,,,,,,,,,,,,,,,,,,,,,,,
hd_shrink_b@hq,scored,2,hq,hd_shrink_b_n3,hd_shrink_b,hq,n3,hq,bidir,F4,blocking,1,,16384,400,700,primary,4,3,0,4,255,0,5.3,device_error,,,,,195,remote process exited or there was a network error,195,,,,,,,,,,,,,,,,195,remote process exited or there was a network error,0,205,0,remote process exited or there was a network error,,2923.5,,15054,,12.70,13.70,12.74,19.23,0,195,1,1,,0,0,0,0,0,,,0,0,0,0,0,0,peer judged dead: the peer's socket shows FIN,,0,0,,,no error,,579.5,,3448.9,,0,0,,2660555451.575,2922.074999809265,,,,,,,1.3100004196166992,,,,,,1,1,0,,1,2660555451.647,FIN,,2660555452.885,1,0,0,0,,,0,0,1,1,0,,,,0,0,0,2,2,2,2,"6,6,6,6",4,,1,1,0,,,,0,0,0,,,,,,,,,,,,,,,,,,,,,,,1,,,,FIN,dead,2660555451.647,1,FIN,2660555451.647,0,,,,,2660555452.885,1,,,0,,,,,0,,,0,,,,,,0,0,0,0,0,,,,,1,0,,,,,,1,FIN,2660555451.674,0,0,,0,,,0,0,0,0,,,0,,,,1,peer-dead,2660555452.876,0,0,0,,,,0,0,0,1,0,0,1,0,1,0,0,0,0,1,0,,,,,,,,1,0,,,,,,0,,,0,0,,0,,,0,0,0,0,,,0,,,,0,,,0,0,0,,,,0,0,0,,,,,,,,,,,,,,,,,,,,1,no error,17.3,1,1,1,no error,1,,,,,,,,,,,1.3100004196166992,,0,,,,,,1,1,0,,0,,,,,,,,,,,,,,,,1,1,0,,0,,,,,,,,,,,,,,,,1,1,2660555458.419,0,,remote process exited or there was a network error,no error,no error,0.3,1,,,1,1,1:peer-dead,1,peer-dead,1:peer-dead,peer-dead,0,,0,,0,,,0,,,0,,,,0,0,,peer judged dead: the peer's socket shows FIN,,,,0,verified,,0,1,0,,0,,,,0,,0,,0,,,0,,,0,,,,0,0,,,,,,0,verified,0,,0,,,30004,1,none,none,0,none,,,3,,,,,,,,,,,,,,,,,,,,,,,,,,,,,,,,,,,,,,,,,,,,,,,,,,,,,,,,,,,,,,,,,,,,,,,,,,,,,,,,,,,,,,,,,,,,,,,,,,,,,,,,,,,,,,,,,,,,,,,,,,,,,,,,,,,,,,,,,,,,,,,,,,,,,,,,,,,,,,,,,,,,,,,,,,,,,,,
hd_shrink_b@hq,scored,2,hq,hd_shrink_b_n4,hd_shrink_b,hq,n4,hq,bidir,F4,blocking,1,,16384,400,700,primary,4,3,0,4,255,0,5.3,device_error,,,,,198,remote process exited or there was a network error,198,,,,,,,,,,,,,,,,198,remote process exited or there was a network error,0,202,0,remote process exited or there was a network error,,2963.2,,15209,,12.70,13.28,12.74,19.71,0,198,1,1,,0,0,0,0,0,,,0,0,0,0,0,0,peer judged dead: the peer's socket shows FIN,,0,0,,,no error,,551.7,,3493.8,,0,0,,2660562502.7790003,2961.6580004692078,,,,,,,1.3569998741149902,,,,,,1,1,0,,1,2660562502.869,FIN,,2660562504.136,1,0,0,0,,,0,0,1,1,0,,,,0,0,0,2,2,2,2,"6,6,6,6",4,,1,1,0,,,,0,0,0,,,,,,,,,,,,,,,,,,,,,,,1,,,,FIN,dead,2660562502.869,1,FIN,2660562502.869,0,,,,,2660562504.136,1,,,0,,,,,0,,,0,,,,,,0,0,0,0,0,,,,,1,0,,,,,,1,FIN,2660562502.894,0,0,,0,,,0,0,0,0,,,0,,,,1,peer-dead,2660562504.127,0,0,0,,,,0,0,0,1,0,0,1,0,1,0,0,0,0,1,0,,,,,,,,1,0,,,,,,0,,,0,0,,0,,,0,0,0,0,,,0,,,,0,,,0,0,0,,,,0,0,0,,,,,,,,,,,,,,,,,,,,1,no error,16.9,1,1,1,no error,1,,,,,,,,,,,1.3569998741149902,,0,,,,,,1,1,0,,0,,,,,,,,,,,,,,,,1,1,0,,0,,,,,,,,,,,,,,,,1,1,2660562515.006,0,,remote process exited or there was a network error,no error,no error,0.3,1,,,1,1,1:peer-dead,1,peer-dead,1:peer-dead,peer-dead,0,,0,,0,,,0,,,0,,,,0,0,,peer judged dead: the peer's socket shows FIN,,,,0,verified,,0,1,0,,0,,,,0,,0,,0,,,0,,,0,,,,0,0,,,,,,0,verified,0,,0,,,30429,1,none,none,0,none,,,4,,,,,,,,,,,,,,,,,,,,,,,,,,,,,,,,,,,,,,,,,,,,,,,,,,,,,,,,,,,,,,,,,,,,,,,,,,,,,,,,,,,,,,,,,,,,,,,,,,,,,,,,,,,,,,,,,,,,,,,,,,,,,,,,,,,,,,,,,,,,,,,,,,,,,,,,,,,,,,,,,,,,,,,,,,,,,,,
hd_shrink_b@hq,scored,2,hq,hd_shrink_b_n5,hd_shrink_b,hq,n5,hq,bidir,F4,blocking,1,,16384,400,700,primary,4,3,0,4,255,0,5.3,device_error,,,,,194,remote process exited or there was a network error,194,,,,,,,,,,,,,,,,194,remote process exited or there was a network error,0,206,0,remote process exited or there was a network error,,2909.2,,14949,,12.70,13.92,12.75,18.88,0,194,1,1,,0,0,0,0,0,,,0,0,0,0,0,0,peer judged dead: the peer's socket shows FIN,,0,0,,,no error,,591.2,,3434.8,,0,0,,2660569531.072,2907.7220001220703,,,,,,,1.3319997787475586,,,,,,1,1,0,,1,2660569531.135,FIN,,2660569532.404,1,0,0,0,,,0,0,1,1,0,,,,0,0,0,2,2,2,2,"6,6,6,6",4,,1,1,0,,,,0,0,0,,,,,,,,,,,,,,,,,,,,,,,1,,,,FIN,dead,2660569531.135,1,FIN,2660569531.135,0,,,,,2660569532.404,1,,,0,,,,,0,,,0,,,,,,0,0,0,0,0,,,,,1,0,,,,,,1,FIN,2660569531.162,0,0,,0,,,0,0,0,0,,,0,,,,1,peer-dead,2660569532.394,0,0,0,,,,0,0,0,1,0,0,1,0,1,0,0,0,0,1,0,,,,,,,,1,0,,,,,,0,,,0,0,,0,,,0,0,0,0,,,0,,,,0,,,0,0,0,,,,0,0,0,,,,,,,,,,,,,,,,,,,,1,no error,18.0,1,1,1,no error,1,,,,,,,,,,,1.3319997787475586,,0,,,,,,1,1,0,,0,,,,,,,,,,,,,,,,1,1,0,,0,,,,,,,,,,,,,,,,1,1,2660569537.865,0,,remote process exited or there was a network error,no error,no error,0.3,1,,,1,1,1:peer-dead,1,peer-dead,1:peer-dead,peer-dead,0,,0,,0,,,0,,,0,,,,0,0,,peer judged dead: the peer's socket shows FIN,,,,0,verified,,0,1,0,,0,,,,0,,0,,0,,,0,,,0,,,,0,0,,,,,,0,verified,0,,0,,,30437,1,none,none,0,none,,,5,,,,,,,,,,,,,,,,,,,,,,,,,,,,,,,,,,,,,,,,,,,,,,,,,,,,,,,,,,,,,,,,,,,,,,,,,,,,,,,,,,,,,,,,,,,,,,,,,,,,,,,,,,,,,,,,,,,,,,,,,,,,,,,,,,,,,,,,,,,,,,,,,,,,,,,,,,,,,,,,,,,,,,,,,,,,,,,
pq_ackrace_f1_b@hq,scored,2,hq,pq_ackrace_f1_b_n1,pq_ackrace_f1_b,hq,n1,hq,default,F1,blocking,1,,16384,1000,1500,primary,4,3,0,4,4,0,10.8,device_error,device_error,,,,98,remote process exited or there was a network error,98,,,98,remote process exited or there was a network error,0,902,902,1000,1,1,0,1,0,,,,,,,,remote process exited or there was a network error,remote process exited or there was a network error,8715.7,6746.6,36040,71288,12.67,15.01,12.67,19.94,0,98,1,1,,1,0,0,1,0,LOCAL_QP_ERR,,0,0,0,0,0,0,the peer declined this pair (FAIL on reconnect),peer closed the socket before DONE (ETIMEDOUT),0,0,,,no error,no error,827.3,532.7,8715.8,6765.9,0,0,,2659791989.742,1470.5960001945496,,,,LOCAL_QP_ERR,1.2880001068115234,,7244.947999954224,,,,,,1,1,1,2659790989.675,1,2659797232.024,ETIMEDOUT,,2659799234.69,0,0,0,0,0xf,qp_state,0,0,1,1,1,qp_state,,,0,0,0,2,2,2,2,"6,6,6,6",4,,1,1,0,,,,0,0,0,2,2,2,2,"6,6,6,6",4,,,,,,,,,,,,,,,,,1,,,2659798990.202,ETIMEDOUT,unknown,2659797232.024,0,,,0,,declined,2001.3,2659791991.03,2659799234.69,1,,,0,,,,,0,,,0,,,,,1528738155.47,0,0,0,0,0,2659798990.202,,,,1,0,,,,,,0,,,0,0,,0,,,0,0,0,1,,,0,,,,1,declined,2659799234.68,0,0,0,,,,1,0,0,1,1,0,1,0,0,0,1,0,0,1,,,,,,,,,1,0,,,,,,0,,,0,0,,0,,,0,0,0,0,,,0,,,,1,declined,1528738155.42,0,0,0,,,,0,0,0,1,1,0,1,0,0,0,0,0,0,1,0,,,,,,,,,,,,,,,,,,,,1470.5960001945496,1.2880001068115234,7243.659999847412,,,,,,0,,,,,,1,1,0,,0,,,,,,,,,,,,,,,,1,1,0,,0,,,,,,,,,,,,,,,,0,,,0,,,,,,,,,1,1,1:declined,1,declined,1:unknown,unknown,0,,1,re-dial,0,,,0,,,0,,,,0,1,2659797232.063,the peer declined this pair (FAIL on reconnect),2659798990.202,244.488,2002.627,0,verified,,0,1,1,0:declined,1,declined,0:unknown,unknown,1,re-dial,0,,1,responder,1528732884.719,0,,,0,,,,0,0,,peer closed the socket before DONE (ETIMEDOUT),,,,0,verified,0,,0,,12,30126,1,none,none,0,none,,,1,,,,,,,,,,,,,,,,,,,,,,,,,,,,,,,,,,,,,,,,,,,,,,,,,,,,,,,,,,,,,,,,,,,,,,,,,,,,,,,,,,,,,,,,,,,,,,,,,,,,,,,,,,,,,,,,,,,,,,,,,,,,,,,,,,,,,,,,,,,,,,,,,,,,,,,,,,,,,,,,,,,,,,,,,,,,,,,
pq_ackrace_f1_b@hq,scored,2,hq,pq_ackrace_f1_b_n2,pq_ackrace_f1_b,hq,n2,hq,default,F1,blocking,1,,16384,1000,1500,primary,4,3,0,4,4,0,10.8,device_error,device_error,,,,98,remote process exited or there was a network error,98,,,98,remote process exited or there was a network error,0,902,902,1000,1,1,0,1,0,,,,,,,,remote process exited or there was a network error,remote process exited or there was a network error,8860.5,6699.4,36619,70980,12.67,14.50,12.76,20.45,0,98,1,1,,1,0,0,1,0,LOCAL_QP_ERR,,0,0,0,0,0,0,the peer declined this pair (FAIL on reconnect),peer closed the socket before DONE (ETIMEDOUT),0,0,,,no error,no error,693.1,598.2,8860.9,6718.8,0,0,,2659814117.335,1471.0570001602173,,,,LOCAL_QP_ERR,0.7569999694824219,,7389.361999988556,,,,,,1,1,1,2659813117.252,1,2659819504.023,ETIMEDOUT,,2659821506.697,0,0,0,0,0xf,qp_state,0,0,1,1,1,qp_state,,,0,0,0,2,2,2,2,"6,6,6,6",4,,1,1,0,,,,0,0,0,2,2,2,2,"6,6,6,6",4,,,,,,,,,,,,,,,,,1,,,2659821118.052,ETIMEDOUT,unknown,2659819504.023,0,,,0,,declined,2001.3,2659814118.092,2659821506.697,1,,,0,,,,,0,,,0,,,,,1528760235.433,0,0,0,0,0,2659821118.052,,,,1,0,,,,,,0,,,0,0,,0,,,0,0,0,1,,,0,,,,1,declined,2659821506.687,0,0,0,,,,1,0,0,1,1,0,1,0,0,0,1,0,0,1,,,,,,,,,1,0,,,,,,0,,,0,0,,0,,,0,0,0,0,,,0,,,,1,declined,1528760235.383,0,0,0,,,,0,0,0,1,1,0,1,0,0,0,0,0,0,1,0,,,,,,,,,,,,,,,,,,,,1471.0570001602173,0.7569999694824219,7388.6050000190735,,,,,,0,,,,,,1,1,0,,0,,,,,,,,,,,,,,,,1,1,0,,0,,,,,,,,,,,,,,,,0,,,0,,,,,,,,,1,1,1:declined,1,declined,1:unknown,unknown,0,,1,re-dial,0,,,0,,,0,,,,0,1,2659819504.062,the peer declined this pair (FAIL on reconnect),2659821118.052,388.645,2002.635,0,verified,,0,1,1,0:declined,1,declined,0:unknown,unknown,1,re-dial,0,,1,responder,1528755011.503,0,,,0,,,,0,0,,peer closed the socket before DONE (ETIMEDOUT),,,,0,verified,0,,0,,12,30172,1,none,none,0,none,,,2,,,,,,,,,,,,,,,,,,,,,,,,,,,,,,,,,,,,,,,,,,,,,,,,,,,,,,,,,,,,,,,,,,,,,,,,,,,,,,,,,,,,,,,,,,,,,,,,,,,,,,,,,,,,,,,,,,,,,,,,,,,,,,,,,,,,,,,,,,,,,,,,,,,,,,,,,,,,,,,,,,,,,,,,,,,,,,,
pq_ackrace_f1_b@hq,scored,2,hq,pq_ackrace_f1_b_n3,pq_ackrace_f1_b,hq,n3,hq,default,F1,blocking,1,,16384,1000,1500,primary,4,3,0,4,4,0,10.8,device_error,device_error,,,,98,remote process exited or there was a network error,98,,,98,remote process exited or there was a network error,0,902,902,1000,1,1,0,1,0,,,,,,,,remote process exited or there was a network error,remote process exited or there was a network error,8865.2,6703.8,36637,71042,12.45,13.66,12.61,20.48,0,98,1,1,,1,0,0,1,0,LOCAL_QP_ERR,,0,0,0,0,0,0,the peer declined this pair (FAIL on reconnect),peer closed the socket before DONE (ETIMEDOUT),0,0,,,no error,no error,687.9,589.1,8865.0,6724.1,0,0,,2659858400.722,1470.8250002861023,,,,LOCAL_QP_ERR,0.7960000038146973,,7394.081999778748,,,,,,1,1,1,2659857400.627,1,2659863792.021,ETIMEDOUT,,2659865794.804,0,0,0,0,0xf,qp_state,0,0,1,1,1,qp_state,,,0,0,0,2,2,2,2,"6,6,6,6",4,,1,1,0,,,,0,0,0,2,2,2,2,"6,6,6,6",4,,,,,,,,,,,,,,,,,1,,,2659865400.77,ETIMEDOUT,unknown,2659863792.021,0,,,0,,declined,2001.4,2659858401.518,2659865794.804,1,,,0,,,,,0,,,0,,,,,1528804523.517,0,0,0,0,0,2659865400.77,,,,1,0,,,,,,0,,,0,0,,0,,,0,0,0,1,,,0,,,,1,declined,2659865794.795,0,0,0,,,,1,0,0,1,1,0,1,0,0,0,1,0,0,1,,,,,,,,,1,0,,,,,,0,,,0,0,,0,,,0,0,0,0,,,0,,,,1,declined,1528804523.469,0,0,0,,,,0,0,0,1,1,0,1,0,0,0,0,0,0,1,0,,,,,,,,,,,,,,,,,,,,1470.8250002861023,0.7960000038146973,7393.285999774933,,,,,,0,,,,,,1,1,0,,0,,,,,,,,,,,,,,,,1,1,0,,0,,,,,,,,,,,,,,,,0,,,0,,,,,,,,,1,1,1:declined,1,declined,1:unknown,unknown,0,,1,re-dial,0,,,0,,,0,,,,0,1,2659863792.057,the peer declined this pair (FAIL on reconnect),2659865400.77,394.034,2002.747,0,verified,,0,1,1,0:declined,1,declined,0:unknown,unknown,1,re-dial,0,,1,responder,1528799295.11,0,,,0,,,,0,0,,peer closed the socket before DONE (ETIMEDOUT),,,,0,verified,0,,0,,12,30777,1,none,none,0,none,,,3,,,,,,,,,,,,,,,,,,,,,,,,,,,,,,,,,,,,,,,,,,,,,,,,,,,,,,,,,,,,,,,,,,,,,,,,,,,,,,,,,,,,,,,,,,,,,,,,,,,,,,,,,,,,,,,,,,,,,,,,,,,,,,,,,,,,,,,,,,,,,,,,,,,,,,,,,,,,,,,,,,,,,,,,,,,,,,,
pq_ackrace_f1_b@hq,scored,2,hq,pq_ackrace_f1_b_n4,pq_ackrace_f1_b,hq,n4,hq,default,F1,blocking,1,,16384,1000,1500,primary,4,3,0,4,4,0,10.8,device_error,device_error,,,,99,remote process exited or there was a network error,99,,,99,remote process exited or there was a network error,0,901,901,1000,1,1,0,1,0,,,,,,,,remote process exited or there was a network error,remote process exited or there was a network error,8759.1,6725.6,36213,71073,12.45,13.79,12.64,19.30,0,99,1,1,,1,0,0,1,0,LOCAL_QP_ERR,,0,0,0,0,0,0,the peer declined this pair (FAIL on reconnect),peer closed the socket before DONE (ETIMEDOUT),0,0,,,no error,no error,792.2,570.4,8759.0,6744.3,0,0,,2659880523.625,1471.5999999046326,,,,LOCAL_QP_ERR,15.260000228881836,,7287.349999904633,,,,,,1,1,1,2659879523.563,1,2659885808.027,ETIMEDOUT,,2659887810.975,0,0,0,0,0xf,qp_state,0,0,1,1,1,qp_state,,,0,0,0,2,2,2,2,"6,6,6,6",4,,1,1,0,,,,0,0,0,2,2,2,2,"6,6,6,6",4,,,,,,,,,,,,,,,,,1,,,2659887524.369,ETIMEDOUT,unknown,2659885808.027,0,,,0,,declined,2001.6,2659880538.885,2659887810.975,1,,,0,,,,,0,,,0,,,,,1528826667.43,0,0,0,0,0,2659887524.369,,,,1,0,,,,,,0,,,0,0,,0,,,0,0,0,1,,,0,,,,1,declined,2659887810.966,0,0,0,,,,1,0,0,1,1,0,1,0,0,0,1,0,0,1,,,,,,,,,1,0,,,,,,0,,,0,0,,0,,,0,0,0,0,,,0,,,,1,declined,1528826667.379,0,0,0,,,,0,0,0,1,1,0,1,0,0,0,0,0,0,1,0,,,,,,,,,,,,,,,,,,,,1471.5999999046326,15.260000228881836,7272.089999675751,,,,,,0,,,,,,1,1,0,,0,,,,,,,,,,,,,,,,1,1,0,,0,,,,,,,,,,,,,,,,0,,,0,,,,,,,,,1,1,1:declined,1,declined,1:unknown,unknown,0,,1,re-dial,0,,,0,,,0,,,,0,1,2659885808.068,the peer declined this pair (FAIL on reconnect),2659887524.369,286.606,2002.907,0,verified,,0,1,1,0:declined,1,declined,0:unknown,unknown,1,re-dial,0,,1,responder,1528821432.624,0,,,0,,,,0,0,,peer closed the socket before DONE (ETIMEDOUT),,,,0,verified,0,,0,,12,29176,1,none,none,0,none,,,4,,,,,,,,,,,,,,,,,,,,,,,,,,,,,,,,,,,,,,,,,,,,,,,,,,,,,,,,,,,,,,,,,,,,,,,,,,,,,,,,,,,,,,,,,,,,,,,,,,,,,,,,,,,,,,,,,,,,,,,,,,,,,,,,,,,,,,,,,,,,,,,,,,,,,,,,,,,,,,,,,,,,,,,,,,,,,,,
pq_ackrace_f1_b@hq,scored,2,hq,pq_ackrace_f1_b_n5,pq_ackrace_f1_b,hq,n5,hq,default,F1,blocking,1,,16384,1000,1500,primary,4,3,0,4,4,0,10.8,device_error,device_error,,,,98,remote process exited or there was a network error,98,,,98,remote process exited or there was a network error,0,902,902,1000,1,1,0,1,0,,,,,,,,remote process exited or there was a network error,remote process exited or there was a network error,8822.5,6725.4,36469,71211,12.45,13.86,12.65,20.51,0,98,1,1,,1,0,0,1,0,LOCAL_QP_ERR,,0,0,0,0,0,0,the peer declined this pair (FAIL on reconnect),peer closed the socket before DONE (ETIMEDOUT),0,0,,,no error,no error,731.7,557.3,8822.7,6745.1,0,0,,2659924747.321,1471.0620002746582,,,,LOCAL_QP_ERR,0.5739998817443848,,7351.375999927521,,,,,,1,1,1,2659923748.201,1,2659930096.025,ETIMEDOUT,,2659932098.697,0,0,0,0,0xf,qp_state,0,0,1,1,1,qp_state,,,0,0,0,2,2,2,2,"6,6,6,6",4,,1,1,0,,,,0,0,0,2,2,2,2,"6,6,6,6",4,,,,,,,,,,,,,,,,,1,,,2659931747.926,ETIMEDOUT,unknown,2659930096.025,0,,,0,,declined,2001.3,2659924747.895,2659932098.697,1,,,0,,,,,0,,,0,,,,,1528870891.454,0,0,0,0,0,2659931747.926,,,,1,0,,,,,,0,,,0,0,,0,,,0,0,0,1,,,0,,,,1,declined,2659932098.687,0,0,0,,,,1,0,0,1,1,0,1,0,0,0,1,0,0,1,,,,,,,,,1,0,,,,,,0,,,0,0,,0,,,0,0,0,0,,,0,,,,1,declined,1528870891.404,0,0,0,,,,0,0,0,1,1,0,1,0,0,0,0,0,0,1,0,,,,,,,,,,,,,,,,,,,,1471.0620002746582,0.5739998817443848,7350.802000045776,,,,,,0,,,,,,1,1,0,,0,,,,,,,,,,,,,,,,1,1,0,,0,,,,,,,,,,,,,,,,0,,,0,,,,,,,,,1,1,1:declined,1,declined,1:unknown,unknown,0,,1,re-dial,0,,,0,,,0,,,,0,1,2659930096.064,the peer declined this pair (FAIL on reconnect),2659931747.926,350.771,2002.633,0,verified,,0,1,1,0:declined,1,declined,0:unknown,unknown,1,re-dial,0,,1,responder,1528865641.548,0,,,0,,,,0,0,,peer closed the socket before DONE (ETIMEDOUT),,,,0,verified,0,,0,,12,30197,1,none,none,0,none,,,5,,,,,,,,,,,,,,,,,,,,,,,,,,,,,,,,,,,,,,,,,,,,,,,,,,,,,,,,,,,,,,,,,,,,,,,,,,,,,,,,,,,,,,,,,,,,,,,,,,,,,,,,,,,,,,,,,,,,,,,,,,,,,,,,,,,,,,,,,,,,,,,,,,,,,,,,,,,,,,,,,,,,,,,,,,,,,,,
pq_ackrace_f1_b@hq,scored,2,hq,pq_ackrace_f1_b_n6,pq_ackrace_f1_b,hq,n6,hq,default,F1,blocking,1,,16384,1000,1500,primary,4,3,0,4,4,0,10.8,device_error,device_error,,,,98,remote process exited or there was a network error,98,,,98,remote process exited or there was a network error,0,902,902,1000,1,1,0,1,0,,,,,,,,remote process exited or there was a network error,remote process exited or there was a network error,8706.1,6736.4,36002,71264,12.45,13.22,12.64,20.29,0,98,1,1,,1,0,0,1,0,LOCAL_QP_ERR,,0,0,0,0,0,0,the peer declined this pair (FAIL on reconnect),peer closed the socket before DONE (ETIMEDOUT),0,0,,,no error,no error,855.4,553.3,8706.4,6756.0,0,0,,2659946880.441,1471.191999912262,,,,LOCAL_QP_ERR,0.4270000457763672,,7234.784999847412,,,,,,1,1,1,2659945880.424,1,2659952112.023,ETIMEDOUT,,2659954115.226,0,0,0,0,0xf,qp_state,0,0,1,1,1,qp_state,,,0,0,0,2,2,2,2,"6,6,6,6",4,,1,1,0,,,,0,0,0,2,2,2,2,"6,6,6,6",4,,,,,,,,,,,,,,,,,1,,,2659953881.238,ETIMEDOUT,unknown,2659952112.023,0,,,0,,declined,2001.8,2659946880.868,2659954115.226,1,,,0,,,,,0,,,0,,,,,1528893035.424,0,0,0,0,0,2659953881.238,,,,1,0,,,,,,0,,,0,0,,0,,,0,0,0,1,,,0,,,,1,declined,2659954115.216,0,0,0,,,,1,0,0,1,1,0,1,0,0,0,1,0,0,1,,,,,,,,,1,0,,,,,,0,,,0,0,,0,,,0,0,0,0,,,0,,,,1,declined,1528893035.375,0,0,0,,,,0,0,0,1,1,0,1,0,0,0,0,0,0,1,0,,,,,,,,,,,,,,,,,,,,1471.191999912262,0.4270000457763672,7234.357999801636,,,,,,0,,,,,,1,1,0,,0,,,,,,,,,,,,,,,,1,1,0,,0,,,,,,,,,,,,,,,,0,,,0,,,,,,,,,1,1,1:declined,1,declined,1:unknown,unknown,0,,1,re-dial,0,,,0,,,0,,,,0,1,2659952112.061,the peer declined this pair (FAIL on reconnect),2659953881.238,233.988,2003.165,0,verified,,0,1,1,0:declined,1,declined,0:unknown,unknown,1,re-dial,0,,1,responder,1528887774.627,0,,,0,,,,0,0,,peer closed the socket before DONE (ETIMEDOUT),,,,0,verified,0,,0,,12,30738,1,none,none,0,none,,,6,,,,,,,,,,,,,,,,,,,,,,,,,,,,,,,,,,,,,,,,,,,,,,,,,,,,,,,,,,,,,,,,,,,,,,,,,,,,,,,,,,,,,,,,,,,,,,,,,,,,,,,,,,,,,,,,,,,,,,,,,,,,,,,,,,,,,,,,,,,,,,,,,,,,,,,,,,,,,,,,,,,,,,,,,,,,,,,
pq_ackrace_f1_b@hq,scored,2,hq,pq_ackrace_f1_b_n7,pq_ackrace_f1_b,hq,n7,hq,default,F1,blocking,1,,16384,1000,1500,primary,4,3,0,4,4,0,10.8,device_error,device_error,,,,98,remote process exited or there was a network error,98,,,98,remote process exited or there was a network error,0,902,902,1000,1,1,0,1,0,,,,,,,,remote process exited or there was a network error,remote process exited or there was a network error,8737.5,6704.4,36130,70935,12.48,13.89,12.69,20.48,0,98,1,1,,1,0,0,1,0,LOCAL_QP_ERR,,0,0,0,0,0,0,the peer declined this pair (FAIL on reconnect),peer closed the socket before DONE (ETIMEDOUT),0,0,,,no error,no error,816.1,594.1,8737.7,6722.9,0,0,,2659991136.582,1471.2519998550415,,,,LOCAL_QP_ERR,0.4290003776550293,,7266.1230001449585,,,,,,1,1,1,2659990136.419,1,2659996400.023,ETIMEDOUT,,2659998402.705,0,0,0,0,0xf,qp_state,0,0,1,1,1,qp_state,,,0,0,0,2,2,2,2,"6,6,6,6",4,,1,1,0,,,,0,0,0,2,2,2,2,"6,6,6,6",4,,,,,,,,,,,,,,,,,1,,,2659998137.183,ETIMEDOUT,unknown,2659996400.023,0,,,0,,declined,2001.3,2659991137.011,2659998402.705,1,,,0,,,,,0,,,0,,,,,1528937259.386,0,0,0,0,0,2659998137.183,,,,1,0,,,,,,0,,,0,0,,0,,,0,0,0,1,,,0,,,,1,declined,2659998402.696,0,0,0,,,,1,0,0,1,1,0,1,0,0,0,1,0,0,1,,,,,,,,,1,0,,,,,,0,,,0,0,,0,,,0,0,0,0,,,0,,,,1,declined,1528937259.333,0,0,0,,,,0,0,0,1,1,0,1,0,0,0,0,0,0,1,0,,,,,,,,,,,,,,,,,,,,1471.2519998550415,0.4290003776550293,7265.6939997673035,,,,,,0,,,,,,1,1,0,,0,,,,,,,,,,,,,,,,1,1,0,,0,,,,,,,,,,,,,,,,0,,,0,,,,,,,,,1,1,1:declined,1,declined,1:unknown,unknown,0,,1,re-dial,0,,,0,,,0,,,,0,1,2659996400.058,the peer declined this pair (FAIL on reconnect),2659998137.183,265.522,2002.647,0,verified,,0,1,1,0:declined,1,declined,0:unknown,unknown,1,re-dial,0,,1,responder,1528932030.74,0,,,0,,,,0,0,,peer closed the socket before DONE (ETIMEDOUT),,,,0,verified,0,,0,,12,30653,1,none,none,0,none,,,7,,,,,,,,,,,,,,,,,,,,,,,,,,,,,,,,,,,,,,,,,,,,,,,,,,,,,,,,,,,,,,,,,,,,,,,,,,,,,,,,,,,,,,,,,,,,,,,,,,,,,,,,,,,,,,,,,,,,,,,,,,,,,,,,,,,,,,,,,,,,,,,,,,,,,,,,,,,,,,,,,,,,,,,,,,,,,,,
pq_ackrace_f1_b@hq,scored,2,hq,pq_ackrace_f1_b_n8,pq_ackrace_f1_b,hq,n8,hq,default,F1,blocking,1,,16384,1000,1500,primary,4,3,0,4,4,0,10.8,device_error,device_error,,,,98,remote process exited or there was a network error,98,,,98,remote process exited or there was a network error,0,902,902,1000,1,1,0,1,0,,,,,,,,remote process exited or there was a network error,remote process exited or there was a network error,8863.4,6702.3,36633,71254,12.45,13.76,12.65,19.33,0,98,1,1,,1,0,0,1,0,LOCAL_QP_ERR,,0,0,0,0,0,0,the peer declined this pair (FAIL on reconnect),peer closed the socket before DONE (ETIMEDOUT),0,0,,,no error,no error,695.1,587.6,8863.5,6721.5,0,0,,2660013282.389,1470.9679999351501,,,,LOCAL_QP_ERR,0.7839999198913574,,7392.176000118256,,,,,,1,1,1,2660012282.305,1,2660018672.03,ETIMEDOUT,,2660020674.565,0,0,0,0,0xf,qp_state,0,0,1,1,1,qp_state,,,0,0,0,2,2,2,2,"6,6,6,6",4,,1,1,0,,,,0,0,0,2,2,2,2,"6,6,6,6",4,,,,,,,,,,,,,,,,,1,,,2660020282.739,ETIMEDOUT,unknown,2660018672.03,0,,,0,,declined,2001.2,2660013283.173,2660020674.565,1,,,0,,,,,0,,,0,,,,,1528959403.482,0,0,0,0,0,2660020282.739,,,,1,0,,,,,,0,,,0,0,,0,,,0,0,0,1,,,0,,,,1,declined,2660020674.556,0,0,0,,,,1,0,0,1,1,0,1,0,0,0,1,0,0,1,,,,,,,,,1,0,,,,,,0,,,0,0,,0,,,0,0,0,0,,,0,,,,1,declined,1528959403.422,0,0,0,,,,0,0,0,1,1,0,1,0,0,0,0,0,0,1,0,,,,,,,,,,,,,,,,,,,,1470.9679999351501,0.7839999198913574,7391.392000198364,,,,,,0,,,,,,1,1,0,,0,,,,,,,,,,,,,,,,1,1,0,,0,,,,,,,,,,,,,,,,0,,,0,,,,,,,,,1,1,1:declined,1,declined,1:unknown,unknown,0,,1,re-dial,0,,,0,,,0,,,,0,1,2660018672.072,the peer declined this pair (FAIL on reconnect),2660020282.739,391.826,2002.493,0,verified,,0,1,1,0:declined,1,declined,0:unknown,unknown,1,re-dial,0,,1,responder,1528954176.614,0,,,0,,,,0,0,,peer closed the socket before DONE (ETIMEDOUT),,,,0,verified,0,,0,,12,30438,1,none,none,0,none,,,8,,,,,,,,,,,,,,,,,,,,,,,,,,,,,,,,,,,,,,,,,,,,,,,,,,,,,,,,,,,,,,,,,,,,,,,,,,,,,,,,,,,,,,,,,,,,,,,,,,,,,,,,,,,,,,,,,,,,,,,,,,,,,,,,,,,,,,,,,,,,,,,,,,,,,,,,,,,,,,,,,,,,,,,,,,,,,,,
pq_ackrace_f1_b@hq,scored,2,hq,pq_ackrace_f1_b_n9,pq_ackrace_f1_b,hq,n9,hq,default,F1,blocking,1,,16384,1000,1500,primary,4,3,0,4,4,0,10.8,device_error,device_error,,,,98,remote process exited or there was a network error,98,,,98,remote process exited or there was a network error,0,902,902,1000,1,1,0,1,0,,,,,,,,remote process exited or there was a network error,remote process exited or there was a network error,8908.5,6747.5,36813,71169,12.70,14.34,12.77,20.45,0,98,1,1,,1,0,0,1,0,LOCAL_QP_ERR,,0,0,0,0,0,0,the peer declined this pair (FAIL on reconnect),peer closed the socket before DONE (ETIMEDOUT),0,0,,,no error,no error,644.3,550.7,8908.4,6766.0,0,0,,2660057525.238,1470.9670000076294,,,,LOCAL_QP_ERR,0.6389999389648438,,7437.34299993515,,,,,,1,1,1,2660056525.257,1,2660062960.025,ETIMEDOUT,,2660064962.581,0,0,0,0,0xf,qp_state,0,0,1,1,1,qp_state,,,0,0,0,2,2,2,2,"6,6,6,6",4,,1,1,0,,,,0,0,0,2,2,2,2,"6,6,6,6",4,,,,,,,,,,,,,,,,,1,,,2660064525.478,ETIMEDOUT,unknown,2660062960.025,0,,,0,,declined,2001.2,2660057525.877,2660064962.581,1,,,0,,,,,0,,,0,,,,,1529003691.427,0,0,0,0,0,2660064525.478,,,,1,0,,,,,,0,,,0,0,,0,,,0,0,0,1,,,0,,,,1,declined,2660064962.571,0,0,0,,,,1,0,0,1,1,0,1,0,0,0,1,0,0,1,,,,,,,,,1,0,,,,,,0,,,0,0,,0,,,0,0,0,0,,,0,,,,1,declined,1529003691.379,0,0,0,,,,0,0,0,1,1,0,1,0,0,0,0,0,0,1,0,,,,,,,,,,,,,,,,,,,,1470.9670000076294,0.6389999389648438,7436.703999996185,,,,,,0,,,,,,1,1,0,,0,,,,,,,,,,,,,,,,1,1,0,,0,,,,,,,,,,,,,,,,0,,,0,,,,,,,,,1,1,1:declined,1,declined,1:unknown,unknown,0,,1,re-dial,0,,,0,,,0,,,,0,1,2660062960.063,the peer declined this pair (FAIL on reconnect),2660064525.478,437.103,2002.518,0,verified,,0,1,1,0:declined,1,declined,0:unknown,unknown,1,re-dial,0,,1,responder,1528998419.408,0,,,0,,,,0,0,,peer closed the socket before DONE (ETIMEDOUT),,,,0,verified,0,,0,,12,30639,1,none,none,0,none,,,9,,,,,,,,,,,,,,,,,,,,,,,,,,,,,,,,,,,,,,,,,,,,,,,,,,,,,,,,,,,,,,,,,,,,,,,,,,,,,,,,,,,,,,,,,,,,,,,,,,,,,,,,,,,,,,,,,,,,,,,,,,,,,,,,,,,,,,,,,,,,,,,,,,,,,,,,,,,,,,,,,,,,,,,,,,,,,,,
pq_ackrace_f1_b@hq,scored,2,hq,pq_ackrace_f1_b_n10,pq_ackrace_f1_b,hq,n10,hq,default,F1,blocking,1,,16384,1000,1500,primary,4,3,0,4,4,0,10.8,device_error,device_error,,,,98,remote process exited or there was a network error,98,,,98,remote process exited or there was a network error,0,902,902,1000,1,1,0,1,0,,,,,,,,remote process exited or there was a network error,remote process exited or there was a network error,8862.3,6701.2,36626,71038,12.77,14.40,12.88,19.94,0,98,1,1,,1,0,0,1,0,LOCAL_QP_ERR,,0,0,0,0,0,0,the peer declined this pair (FAIL on reconnect),peer closed the socket before DONE (ETIMEDOUT),0,0,,,no error,no error,690.8,595.4,8862.6,6721.9,0,0,,2660079587.757,1471.1989998817444,,,,LOCAL_QP_ERR,0.46199989318847656,,7390.999000072479,,,,,,1,1,1,2660078587.777,1,2660084976.029,ETIMEDOUT,,2660086978.756,0,0,0,0,0xf,qp_state,0,0,1,1,1,qp_state,,,0,0,0,2,2,2,2,"6,6,6,6",4,,1,1,0,,,,0,0,0,2,2,2,2,"6,6,6,6",4,,,,,,,,,,,,,,,,,1,,,2660086587.941,ETIMEDOUT,unknown,2660084976.029,0,,,0,,declined,2001.3,2660079588.219,2660086978.756,1,,,0,,,,,0,,,0,,,,,1529025707.379,0,0,0,0,0,2660086587.941,,,,1,0,,,,,,0,,,0,0,,0,,,0,0,0,1,,,0,,,,1,declined,2660086978.746,0,0,0,,,,1,0,0,1,1,0,1,0,0,0,1,0,0,1,,,,,,,,,1,0,,,,,,0,,,0,0,,0,,,0,0,0,0,,,0,,,,1,declined,1529025707.329,0,0,0,,,,0,0,0,1,1,0,1,0,0,0,0,0,0,1,0,,,,,,,,,,,,,,,,,,,,1471.1989998817444,0.46199989318847656,7390.537000179291,,,,,,0,,,,,,1,1,0,,0,,,,,,,,,,,,,,,,1,1,0,,0,,,,,,,,,,,,,,,,0,,,0,,,,,,,,,1,1,1:declined,1,declined,1:unknown,unknown,0,,1,re-dial,0,,,0,,,0,,,,0,1,2660084976.068,the peer declined this pair (FAIL on reconnect),2660086587.941,390.815,2002.688,0,verified,,0,1,1,0:declined,1,declined,0:unknown,unknown,1,re-dial,0,,1,responder,1529020481.888,0,,,0,,,,0,0,,peer closed the socket before DONE (ETIMEDOUT),,,,0,verified,0,,0,,12,29422,1,none,none,0,none,,,10,,,,,,,,,,,,,,,,,,,,,,,,,,,,,,,,,,,,,,,,,,,,,,,,,,,,,,,,,,,,,,,,,,,,,,,,,,,,,,,,,,,,,,,,,,,,,,,,,,,,,,,,,,,,,,,,,,,,,,,,,,,,,,,,,,,,,,,,,,,,,,,,,,,,,,,,,,,,,,,,,,,,,,,,,,,,,,,
pq_ackrace_f1r1_b@hq,scored,2,hq,pq_ackrace_f1r1_b_n1,pq_ackrace_f1r1_b,hq,n1,hq,bidir,none,blocking,1,,16384,1000,700,primary,4,3,0,4,4,0,20.8,device_error,device_error,,,,462,remote process exited or there was a network error,462,,,462,remote process exited or there was a network error,0,538,538,1000,1,1,0,1,0,97,remote process exited or there was a network error,97,remote process exited or there was a network error,0,903,0,remote process exited or there was a network error,remote process exited or there was a network error,6933.7,8713.7,74906,36167,12.64,13.86,12.78,19.04,0,462,1,1,,0,1,0,0,1,,LOCAL_QP_ERR,0,0,0,0,0,0,peer closed the socket before DONE (ETIMEDOUT),the peer declined this pair (FAIL on reconnect),0,0,,,no error,no error,862.5,767.8,6954.0,8726.5,0,0,,2660123783.216,1451.3520002365112,,,,LOCAL_QP_ERR,6.679999828338623,,5482.091000080109,,,,,,1,1,0,,0,,,ETIMEDOUT,2660129265.307,0,0,1,0,,,0,0,1,1,0,,,,0,1,0,2,2,2,2,"6,6,6,6",4,,1,1,1,pair,,,0,0,0,2,2,2,2,"6,6,6,6",4,1,,,,,,,,,,,,,,,,1,,,,,,,0,,,0,,,,,2660129265.307,1,,,1,1529071673.209,ETIMEDOUT,unknown,1529069930.045,0,,,0,,declined,2002.8,1529064679.7,1529071935.265,0,0,0,0,0,2660130783.405,,,7255.5650000572205,1,0,,,,,,0,,,0,0,,0,,,0,0,0,0,,,0,,,,1,declined,2660129265.296,0,0,0,,,,0,0,0,1,1,0,1,0,0,0,0,0,0,1,0,,,,,,,,1,0,,,,,,0,,,0,0,,0,,,0,0,0,1,,,0,,,,1,declined,1529071935.233,0,0,0,,,,1,0,0,1,1,0,1,0,0,0,1,0,0,1,0,,,,,,,,,,,,,,,,,,,,,,,,,,,,0,,,,,,1,1,0,,0,,,,,,,,,,,,,,,,1,1,0,,0,,,,,,,,,,,,,,,,0,,,0,,,,,,,,,1,1,1:declined,1,declined,1:unknown,unknown,1,probe,0,,1,responder,2660123792.082,0,,,0,,,,0,0,,peer closed the socket before DONE (ETIMEDOUT),,,,0,verified,,0,1,1,0:declined,1,declined,0:unknown,unknown,0,,1,probe,0,,,0,,,0,,,,0,1,1529069930.124,the peer declined this pair (FAIL on reconnect),1529071673.209,262.056,2005.141,0,verified,0,,0,12,,29977,1,none,none,0,none,,,1,,,,,,,,,,,,,,,,,,,,,,,,,,,,,,,,,,,,,,,,,,,,,,,,,,,,,,,,,,,,,,,,,,,,,,,,,,,,,,,,,,,,,,,,,,,,,,,,,,,,,,,,,,,,,,,,,,,,,,,,,,,,,,,,,,,,,,,,,,,,,,,,,,,,,,,,,,,,,,,,,,,,,,,,,,,,,,,
pq_ackrace_f1r1_b@hq,scored,2,hq,pq_ackrace_f1r1_b_n2,pq_ackrace_f1r1_b,hq,n2,hq,bidir,none,blocking,1,,16384,1000,700,primary,4,3,0,4,4,0,20.8,device_error,device_error,,,,456,remote process exited or there was a network error,456,,,456,remote process exited or there was a network error,0,544,544,1000,1,1,0,1,0,96,remote process exited or there was a network error,96,remote process exited or there was a network error,0,904,0,remote process exited or there was a network error,remote process exited or there was a network error,6836.9,8681.5,74764,36074,12.74,14.21,12.82,20.26,0,456,1,1,,0,1,0,0,1,,LOCAL_QP_ERR,0,0,0,0,0,0,peer closed the socket before DONE (ETIMEDOUT),the peer declined this pair (FAIL on reconnect),0,0,,,no error,no error,945.5,773.7,6856.2,8693.4,0,0,,2660168920.8690004,1436.2250003814697,,,,LOCAL_QP_ERR,7.119999885559082,,5400.442999362946,,,,,,1,1,0,,0,,,ETIMEDOUT,2660174321.312,0,0,1,0,,,0,0,1,1,0,,,,0,1,0,2,2,2,2,"6,6,6,6",4,,1,1,1,pair,,,0,0,0,2,2,2,2,"6,6,6,6",4,1,,,,,,,,,,,,,,,,1,,,,,,,0,,,0,,,,,2660174321.312,1,,,1,1529116810.579,ETIMEDOUT,unknown,1529115050.058,0,,,0,,declined,2002.9,1529109817.773,1529117055.58,0,0,0,0,0,2660175920.795,,,7237.806999921799,1,0,,,,,,0,,,0,0,,0,,,0,0,0,0,,,0,,,,1,declined,2660174321.301,0,0,0,,,,0,0,0,1,1,0,1,0,0,0,0,0,0,1,0,,,,,,,,1,0,,,,,,0,,,0,0,,0,,,0,0,0,1,,,0,,,,1,declined,1529117055.539,0,0,0,,,,1,0,0,1,1,0,1,0,0,0,1,0,0,1,0,,,,,,,,,,,,,,,,,,,,,,,,,,,,0,,,,,,1,1,0,,0,,,,,,,,,,,,,,,,1,1,0,,0,,,,,,,,,,,,,,,,0,,,0,,,,,,,,,1,1,1:declined,1,declined,1:unknown,unknown,1,probe,0,,1,responder,2660168929.846,0,,,0,,,,0,0,,peer closed the socket before DONE (ETIMEDOUT),,,,0,verified,,0,1,1,0:declined,1,declined,0:unknown,unknown,0,,1,probe,0,,,0,,,0,,,,0,1,1529115050.135,the peer declined this pair (FAIL on reconnect),1529116810.579,245.001,2005.445,0,verified,0,,0,12,,29430,1,none,none,0,none,,,2,,,,,,,,,,,,,,,,,,,,,,,,,,,,,,,,,,,,,,,,,,,,,,,,,,,,,,,,,,,,,,,,,,,,,,,,,,,,,,,,,,,,,,,,,,,,,,,,,,,,,,,,,,,,,,,,,,,,,,,,,,,,,,,,,,,,,,,,,,,,,,,,,,,,,,,,,,,,,,,,,,,,,,,,,,,,,,,
pq_ackrace_f1r1_b@hq,scored,2,hq,pq_ackrace_f1r1_b_n3,pq_ackrace_f1r1_b,hq,n3,hq,bidir,none,blocking,1,,16384,1000,700,primary,4,3,0,4,4,0,20.3,device_error,device_error,,,,446,remote process exited or there was a network error,446,,,446,remote process exited or there was a network error,0,554,554,1000,1,1,0,1,0,97,remote process exited or there was a network error,97,remote process exited or there was a network error,0,903,0,remote process exited or there was a network error,remote process exited or there was a network error,6694.4,8731.5,74025,36221,12.74,13.86,12.78,19.17,0,446,1,1,,0,1,0,0,1,,LOCAL_QP_ERR,0,0,0,0,0,0,peer closed the socket before DONE (ETIMEDOUT),the peer declined this pair (FAIL on reconnect),0,0,,,no error,no error,591.3,746.8,6714.8,8743.3,0,0,,2660213626.769,1455.5690002441406,,,,LOCAL_QP_ERR,2.48799991607666,,5238.5380001068115,,,,,,1,1,0,,0,,,ETIMEDOUT,2660218865.307,0,0,1,0,,,0,0,1,1,0,,,,0,1,0,2,2,2,2,"6,6,6,6",4,,1,1,1,pair,,,0,0,0,2,2,2,2,"6,6,6,6",4,1,,,,,,,,,,,,,,,,1,,,,,,,0,,,0,,,,,2660218865.307,1,,,1,1529161516.646,ETIMEDOUT,unknown,1529159786.047,0,,,0,,declined,2003.7,1529154519.008,1529161792.151,0,0,0,0,0,2660220626.895,,,7273.143000125885,1,0,,,,,,0,,,0,0,,0,,,0,0,0,0,,,0,,,,1,declined,2660218865.296,0,0,0,,,,0,0,0,1,1,0,1,0,0,0,0,0,0,1,0,,,,,,,,1,0,,,,,,0,,,0,0,,0,,,0,0,0,1,,,0,,,,1,declined,1529161792.119,0,0,0,,,,1,0,0,1,1,0,1,0,0,0,1,0,0,1,0,,,,,,,,,,,,,,,,,,,,,,,,,,,,0,,,,,,1,1,0,,0,,,,,,,,,,,,,,,,1,1,0,,0,,,,,,,,,,,,,,,,0,,,0,,,,,,,,,1,1,1:declined,1,declined,1:unknown,unknown,1,probe,0,,1,responder,2660213631.197,0,,,0,,,,0,0,,peer closed the socket before DONE (ETIMEDOUT),,,,0,verified,,0,1,1,0:declined,1,declined,0:unknown,unknown,0,,1,probe,0,,,0,,,0,,,,0,1,1529159786.123,the peer declined this pair (FAIL on reconnect),1529161516.646,275.505,2006.028,0,verified,0,,0,12,,30141,1,none,none,0,none,,,3,,,,,,,,,,,,,,,,,,,,,,,,,,,,,,,,,,,,,,,,,,,,,,,,,,,,,,,,,,,,,,,,,,,,,,,,,,,,,,,,,,,,,,,,,,,,,,,,,,,,,,,,,,,,,,,,,,,,,,,,,,,,,,,,,,,,,,,,,,,,,,,,,,,,,,,,,,,,,,,,,,,,,,,,,,,,,,,
pq_ackrace_f1r1_b@hq,scored,2,hq,pq_ackrace_f1r1_b_n4,pq_ackrace_f1r1_b,hq,n4,hq,bidir,none,blocking,1,,16384,1000,700,primary,4,3,0,4,4,0,20.8,device_error,device_error,,,,458,remote process exited or there was a network error,458,,,458,remote process exited or there was a network error,0,542,542,1000,1,1,0,1,0,97,remote process exited or there was a network error,97,remote process exited or there was a network error,0,903,0,remote process exited or there was a network error,remote process exited or there was a network error,6865.9,8710.4,74729,36133,12.74,13.28,12.70,20.19,0,458,1,1,,0,1,0,0,1,,LOCAL_QP_ERR,0,0,0,0,0,0,peer closed the socket before DONE (ETIMEDOUT),the peer declined this pair (FAIL on reconnect),0,0,,,no error,no error,929.2,770.3,6885.4,8723.6,0,0,,2660258250.604,1450.9279999732971,,,,LOCAL_QP_ERR,9.137999534606934,,5414.6849999427795,,,,,,1,1,0,,0,,,ETIMEDOUT,2660263665.289,0,0,1,0,,,0,0,1,1,0,,,,0,1,0,2,2,2,2,"6,6,6,6",4,,1,1,1,pair,,,0,0,0,2,2,2,2,"6,6,6,6",4,1,,,,,,,,,,,,,,,,1,,,,,,,0,,,0,,,,,2660263665.289,1,,,1,1529206140.592,ETIMEDOUT,unknown,1529204394.061,0,,,0,,declined,2003.1,1529199149.468,1529206399.558,0,0,0,0,0,2660265250.866,,,7250.090000152588,1,0,,,,,,0,,,0,0,,0,,,0,0,0,0,,,0,,,,1,declined,2660263665.271,0,0,0,,,,0,0,0,1,1,0,1,0,0,0,0,0,0,1,0,,,,,,,,1,0,,,,,,0,,,0,0,,0,,,0,0,0,1,,,0,,,,1,declined,1529206399.526,0,0,0,,,,1,0,0,1,1,0,1,0,0,0,1,0,0,1,0,,,,,,,,,,,,,,,,,,,,,,,,,,,,0,,,,,,1,1,0,,0,,,,,,,,,,,,,,,,1,1,0,,0,,,,,,,,,,,,,,,,0,,,0,,,,,,,,,1,1,1:declined,1,declined,1:unknown,unknown,1,probe,0,,1,responder,2660258262.019,0,,,0,,,,0,0,,peer closed the socket before DONE (ETIMEDOUT),,,,0,verified,,0,1,1,0:declined,1,declined,0:unknown,unknown,0,,1,probe,0,,,0,,,0,,,,0,1,1529204394.146,the peer declined this pair (FAIL on reconnect),1529206140.592,258.966,2005.412,0,verified,0,,0,12,,29441,1,none,none,0,none,,,4,,,,,,,,,,,,,,,,,,,,,,,,,,,,,,,,,,,,,,,,,,,,,,,,,,,,,,,,,,,,,,,,,,,,,,,,,,,,,,,,,,,,,,,,,,,,,,,,,,,,,,,,,,,,,,,,,,,,,,,,,,,,,,,,,,,,,,,,,,,,,,,,,,,,,,,,,,,,,,,,,,,,,,,,,,,,,,,
pq_ackrace_f1r1_b@hq,scored,2,hq,pq_ackrace_f1r1_b_n5,pq_ackrace_f1r1_b,hq,n5,hq,bidir,none,blocking,1,,16384,1000,700,primary,4,3,0,4,4,0,20.3,device_error,device_error,,,,447,remote process exited or there was a network error,447,,,447,remote process exited or there was a network error,0,553,553,1000,1,1,0,1,0,97,remote process exited or there was a network error,97,remote process exited or there was a network error,0,903,0,remote process exited or there was a network error,remote process exited or there was a network error,6709.6,8681.2,74115,36031,12.61,13.28,12.74,19.07,0,447,1,1,,0,1,0,0,1,,LOCAL_QP_ERR,0,0,0,0,0,0,peer closed the socket before DONE (ETIMEDOUT),the peer declined this pair (FAIL on reconnect),0,0,,,no error,no error,574.8,790.0,6729.9,8693.4,0,0,,2660302953.925,1453.9500002861023,,,,LOCAL_QP_ERR,4.073999881744385,,5255.417999744415,,,,,,1,1,0,,0,,,ETIMEDOUT,2660308209.343,0,0,1,0,,,0,0,1,1,0,,,,0,1,0,2,2,2,2,"6,6,6,6",4,,1,1,1,pair,,,0,0,0,2,2,2,2,"6,6,6,6",4,1,,,,,,,,,,,,,,,,1,,,,,,,0,,,0,,,,,2660308209.343,1,,,1,1529250843.237,ETIMEDOUT,unknown,1529249066.047,0,,,0,,declined,2002.1,1529243847.698,1529251070.729,0,0,0,0,0,2660309953.538,,,7223.031000137329,1,0,,,,,,0,,,0,0,,0,,,0,0,0,0,,,0,,,,1,declined,2660308209.332,0,0,0,,,,0,0,0,1,1,0,1,0,0,0,0,0,0,1,0,,,,,,,,1,0,,,,,,0,,,0,0,,0,,,0,0,0,1,,,0,,,,1,declined,1529251070.697,0,0,0,,,,1,0,0,1,1,0,1,0,0,0,1,0,0,1,0,,,,,,,,,,,,,,,,,,,,,,,,,,,,0,,,,,,1,1,0,,0,,,,,,,,,,,,,,,,1,1,0,,0,,,,,,,,,,,,,,,,0,,,0,,,,,,,,,1,1,1:declined,1,declined,1:unknown,unknown,1,probe,0,,1,responder,2660302960.265,0,,,0,,,,0,0,,peer closed the socket before DONE (ETIMEDOUT),,,,0,verified,,0,1,1,0:declined,1,declined,0:unknown,unknown,0,,1,probe,0,,,0,,,0,,,,0,1,1529249066.129,the peer declined this pair (FAIL on reconnect),1529250843.237,227.492,2004.6,0,verified,0,,0,12,,30194,1,none,none,0,none,,,5,,,,,,,,,,,,,,,,,,,,,,,,,,,,,,,,,,,,,,,,,,,,,,,,,,,,,,,,,,,,,,,,,,,,,,,,,,,,,,,,,,,,,,,,,,,,,,,,,,,,,,,,,,,,,,,,,,,,,,,,,,,,,,,,,,,,,,,,,,,,,,,,,,,,,,,,,,,,,,,,,,,,,,,,,,,,,,,
pq_copystall1_shrink_b@hq,scored,2,hq,pq_copystall1_shrink_b_n1,pq_copystall1_shrink_b,hq,n1,hq,default,F1,blocking,1,,262144,120,637,primary,4,3,0,4,4,0,5.3,device_error,device_error,,,,39,remote process exited or there was a network error,39,,,39,remote process exited or there was a network error,0,81,81,120,1,1,0,1,0,,,,,,,,remote process exited or there was a network error,remote process exited or there was a network error,2589.0,2590.4,13579,11951,44.29,53.25,45.04,53.25,0,39,1,1,,1,0,0,1,0,LOCAL_QP_ERR,,0,0,0,0,0,0,peer NACK,cannot write the gate,0,0,,,no error,no error,916.5,1613.3,3109.6,2617.2,0,0,,2660500978.665,585.561999797821,,,,LOCAL_QP_ERR,1.625999927520752,,2003.3340001106262,,,,,,1,1,0,,1,2660503393.31,FIN,,2660502981.999,0,0,1,0,0xf,qp_state,0,0,1,1,1,qp_state,,,0,0,0,2,2,2,2,"6,6,6,6",4,,1,1,0,,,,0,0,0,,,,,,,,,,,,,,,,,,,,,,,1,,,,FIN,left,2660503393.31,0,,,0,,,,2660500980.291,2660502981.999,1,,,0,,,,,0,,,0,,,,,1529443880.353,0,0,0,0,0,,,,,1,0,,,,,,0,,,1,0,,0,,,0,0,0,0,,,0,,,,1,declined,2660502981.989,0,0,0,,,,1,0,0,1,1,0,1,0,0,0,0,0,0,1,,,,,,,,,1,0,-1:0,0,0@-,4000,-1,0,,,0,0,,0,,,0,0,0,0,,,0,,,,1,declined,1529443880.327,1,0,0,,,,0,0,0,1,1,0,1,0,0,0,0,0,1,1,0,,,,,,,,1,no error,17.1,1,1,1,no error,1,,,,,585.561999797821,1.625999927520752,2001.7080001831055,,,,,,0,,,,,,1,1,0,,0,,,,,,,,,,,,,,,,1,1,0,,0,,,,,,,,,,,,,,,,1,1,2660502982.552,0,,remote process exited or there was a network error,no error,no error,0.3,1,,,1,1,1:declined,1,declined,1:peer-reported,peer-reported,0,,0,,0,,,0,,,0,,,,0,0,,peer NACK,,,,0,verified,,0,1,1,0:declined,1,declined,0:local,local,0,,0,,0,,,0,,,0,,,,0,0,,cannot write the gate,,,,0,verified,0,,0,,,30422,1,none,none,0,none,,,1,,,,,,,,,,,,,,,,,,,,,,,,,,,,,,,,,,,,,,,,,,,,,,,,,,,,,,,,,,,,,,,,,,,,,,,,,,,,,,,,,,,,,,,,,,,,,,,,,,,,,,,,,,,,,,,,,,,,,,,,,,,,,,,,,,,,,,,,,,,,,,,,,,,,,,,,,,,,,,,,,,,,,,,,,,,,,,,
pq_copystall1_shrink_b@hq,scored,2,hq,pq_copystall1_shrink_b_n2,pq_copystall1_shrink_b,hq,n2,hq,default,F1,blocking,1,,262144,120,774,primary,4,3,0,4,4,0,5.3,device_error,device_error,,,,49,remote process exited or there was a network error,49,,,49,remote process exited or there was a network error,0,71,71,120,1,1,0,1,0,,,,,,,,remote process exited or there was a network error,remote process exited or there was a network error,2739.8,2741.0,14180,12518,45.98,53.54,46.25,53.54,0,49,1,1,,1,0,0,1,0,LOCAL_QP_ERR,,0,0,0,0,0,0,peer NACK,cannot write the gate,0,0,,,no error,no error,761.5,1614.6,3259.4,2764.5,0,0,,2660508424.521,722.7449998855591,,,,LOCAL_QP_ERR,14.941999912261963,,2016.78600025177,,,,,,1,1,0,,1,2660510850.629,FIN,,2660510441.307,0,0,1,0,0xf,qp_state,0,0,1,1,1,qp_state,,,0,0,0,2,2,2,2,"6,6,6,6",4,,1,1,0,,,,0,0,0,,,,,,,,,,,,,,,,,,,,,,,1,,,,FIN,left,2660510850.629,0,,,0,,,,2660508439.463,2660510441.307,1,,,0,,,,,0,,,0,,,,,1529451340.074,0,0,0,0,0,,,,,1,0,,,,,,0,,,1,0,,0,,,0,0,0,0,,,0,,,,1,declined,2660510441.297,0,0,0,,,,1,0,0,1,1,0,1,0,0,0,0,0,0,1,,,,,,,,,1,0,-1:0,0,0@-,4000,-1,0,,,0,0,,0,,,0,0,0,0,,,0,,,,1,declined,1529451340.048,1,0,0,,,,0,0,0,1,1,0,1,0,0,0,0,0,1,1,0,,,,,,,,1,no error,16.9,1,1,1,no error,1,,,,,722.7449998855591,14.941999912261963,2001.844000339508,,,,,,0,,,,,,1,1,0,,0,,,,,,,,,,,,,,,,1,1,0,,0,,,,,,,,,,,,,,,,1,1,2660510441.7,0,,remote process exited or there was a network error,no error,no error,0.3,1,,,1,1,1:declined,1,declined,1:peer-reported,peer-reported,0,,0,,0,,,0,,,0,,,,0,0,,peer NACK,,,,0,verified,,0,1,1,0:declined,1,declined,0:local,local,0,,0,,0,,,0,,,0,,,,0,0,,cannot write the gate,,,,0,verified,0,,0,,,29355,1,none,none,0,none,,,2,,,,,,,,,,,,,,,,,,,,,,,,,,,,,,,,,,,,,,,,,,,,,,,,,,,,,,,,,,,,,,,,,,,,,,,,,,,,,,,,,,,,,,,,,,,,,,,,,,,,,,,,,,,,,,,,,,,,,,,,,,,,,,,,,,,,,,,,,,,,,,,,,,,,,,,,,,,,,,,,,,,,,,,,,,,,,,,
pq_copystall1_shrink_b@hq,scored,2,hq,pq_copystall1_shrink_b_n3,pq_copystall1_shrink_b,hq,n3,hq,default,F1,blocking,1,,262144,120,911,primary,4,3,0,4,4,0,5.3,device_error,device_error,,,,58,remote process exited or there was a network error,58,,,58,remote process exited or there was a network error,0,62,62,120,1,1,0,1,0,,,,,,,,remote process exited or there was a network error,remote process exited or there was a network error,2874.8,2875.9,14721,13033,44.67,49.63,45.56,53.06,0,58,1,1,,1,0,0,1,0,LOCAL_QP_ERR,,0,0,0,0,0,0,peer NACK,cannot write the gate,0,0,,,no error,no error,637.1,1631.9,3395.2,2897.6,0,0,,2660516043.529,859.735999584198,,,,LOCAL_QP_ERR,13.339000225067139,,2014.8910002708435,,,,,,1,1,0,,1,2660518450.071,FIN,,2660518058.42,0,0,1,0,0xf,qp_state,0,0,1,1,1,qp_state,,,0,0,0,2,2,2,2,"6,6,6,6",4,,1,1,0,,,,0,0,0,,,,,,,,,,,,,,,,,,,,,,,1,,,,FIN,left,2660518450.071,0,,,0,,,,2660516056.868,2660518058.42,1,,,0,,,,,0,,,0,,,,,1529458957.52,0,0,0,0,0,,,,,1,0,,,,,,0,,,1,0,,0,,,0,0,0,0,,,0,,,,1,declined,2660518058.41,0,0,0,,,,1,0,0,1,1,0,1,0,0,0,0,0,0,1,,,,,,,,,1,0,-1:0,0,0@-,4000,-1,0,,,0,0,,0,,,0,0,0,0,,,0,,,,1,declined,1529458957.494,1,0,0,,,,0,0,0,1,1,0,1,0,0,0,0,0,1,1,0,,,,,,,,1,no error,17.1,1,1,1,no error,1,,,,,859.735999584198,13.339000225067139,2001.5520000457764,,,,,,0,,,,,,1,1,0,,0,,,,,,,,,,,,,,,,1,1,0,,0,,,,,,,,,,,,,,,,1,1,2660518058.969,0,,remote process exited or there was a network error,no error,no error,0.3,1,,,1,1,1:declined,1,declined,1:peer-reported,peer-reported,0,,0,,0,,,0,,,0,,,,0,0,,peer NACK,,,,0,verified,,0,1,1,0:declined,1,declined,0:local,local,0,,0,,0,,,0,,,0,,,,0,0,,cannot write the gate,,,,0,verified,0,,0,,,30149,1,none,none,0,none,,,3,,,,,,,,,,,,,,,,,,,,,,,,,,,,,,,,,,,,,,,,,,,,,,,,,,,,,,,,,,,,,,,,,,,,,,,,,,,,,,,,,,,,,,,,,,,,,,,,,,,,,,,,,,,,,,,,,,,,,,,,,,,,,,,,,,,,,,,,,,,,,,,,,,,,,,,,,,,,,,,,,,,,,,,,,,,,,,,
pq_copystall1_shrink_b@hq,scored,2,hq,pq_copystall1_shrink_b_n4,pq_copystall1_shrink_b,hq,n4,hq,default,F1,blocking,1,,262144,120,1048,primary,4,3,0,4,4,0,5.8,device_error,device_error,,,,67,remote process exited or there was a network error,67,,,67,remote process exited or there was a network error,0,53,53,120,1,1,0,1,0,,,,,,,,remote process exited or there was a network error,remote process exited or there was a network error,3010.5,3011.8,15264,13532,43.97,48.48,44.70,53.66,0,67,1,1,,1,0,0,1,0,LOCAL_QP_ERR,,0,0,0,0,0,0,peer NACK,cannot write the gate,0,0,,,no error,no error,993.8,1638.4,3530.9,3030.0,0,0,,2660523797.714,996.8760004043579,,,,LOCAL_QP_ERR,11.657999992370605,,2013.4039998054504,,,,,,1,1,0,,1,2660526197.28,FIN,,2660525811.118,0,0,1,0,0xf,qp_state,0,0,1,1,1,qp_state,,,0,0,0,2,2,2,2,"6,6,6,6",4,,1,1,0,,,,0,0,0,,,,,,,,,,,,,,,,,,,,,,,1,,,,FIN,left,2660526197.28,0,,,0,,,,2660523809.372,2660525811.118,1,,,0,,,,,0,,,0,,,,,1529466710.83,0,0,0,0,0,,,,,1,0,,,,,,0,,,1,0,,0,,,0,0,0,0,,,0,,,,1,declined,2660525811.108,0,0,0,,,,1,0,0,1,1,0,1,0,0,0,0,0,0,1,,,,,,,,,1,0,-1:0,0,0@-,4000,-1,0,,,0,0,,0,,,0,0,0,0,,,0,,,,1,declined,1529466710.803,1,0,0,,,,0,0,0,1,1,0,1,0,0,0,0,0,1,1,0,,,,,,,,1,no error,17.2,1,1,1,no error,1,,,,,996.8760004043579,11.657999992370605,2001.7459998130798,,,,,,0,,,,,,1,1,0,,0,,,,,,,,,,,,,,,,1,1,0,,0,,,,,,,,,,,,,,,,1,1,2660525811.65,0,,remote process exited or there was a network error,no error,no error,0.3,1,,,1,1,1:declined,1,declined,1:peer-reported,peer-reported,0,,0,,0,,,0,,,0,,,,0,0,,peer NACK,,,,0,verified,,0,1,1,0:declined,1,declined,0:local,local,0,,0,,0,,,0,,,0,,,,0,0,,cannot write the gate,,,,0,verified,0,,0,,,30498,1,none,none,0,none,,,4,,,,,,,,,,,,,,,,,,,,,,,,,,,,,,,,,,,,,,,,,,,,,,,,,,,,,,,,,,,,,,,,,,,,,,,,,,,,,,,,,,,,,,,,,,,,,,,,,,,,,,,,,,,,,,,,,,,,,,,,,,,,,,,,,,,,,,,,,,,,,,,,,,,,,,,,,,,,,,,,,,,,,,,,,,,,,,,
pq_copystall1_shrink_b@hq,scored,2,hq,pq_copystall1_shrink_b_n5,pq_copystall1_shrink_b,hq,n5,hq,default,F1,blocking,1,,262144,120,1185,primary,4,3,0,4,4,0,5.8,device_error,device_error,,,,76,remote process exited or there was a network error,76,,,76,remote process exited or there was a network error,0,44,44,120,1,1,0,1,0,,,,,,,,remote process exited or there was a network error,remote process exited or there was a network error,3146.0,3147.5,15804,14064,43.97,48.19,44.72,52.90,0,76,1,1,,1,0,0,1,0,LOCAL_QP_ERR,,0,0,0,0,0,0,peer NACK,cannot write the gate,0,0,,,no error,no error,850.5,1645.8,3666.4,3162.5,0,0,,2660531726.5,1133.7069997787476,,,,LOCAL_QP_ERR,10.223000049591064,,2012.268000125885,,,,,,1,1,0,,1,2660534118.275,FIN,,2660533738.768,0,0,1,0,0xf,qp_state,0,0,1,1,1,qp_state,,,0,0,0,2,2,2,2,"6,6,6,6",4,,1,1,0,,,,0,0,0,,,,,,,,,,,,,,,,,,,,,,,1,,,,FIN,left,2660534118.275,0,,,0,,,,2660531736.723,2660533738.768,1,,,0,,,,,0,,,0,,,,,1529474638.853,0,0,0,0,0,,,,,1,0,,,,,,0,,,1,0,,0,,,0,0,0,0,,,0,,,,1,declined,2660533738.758,0,0,0,,,,1,0,0,1,1,0,1,0,0,0,0,0,0,1,,,,,,,,,1,0,-1:0,0,0@-,4000,-1,0,,,0,0,,0,,,0,0,0,0,,,0,,,,1,declined,1529474638.826,1,0,0,,,,0,0,0,1,1,0,1,0,0,0,0,0,1,1,0,,,,,,,,1,no error,17.8,1,1,1,no error,1,,,,,1133.7069997787476,10.223000049591064,2002.045000076294,,,,,,0,,,,,,1,1,0,,0,,,,,,,,,,,,,,,,1,1,0,,0,,,,,,,,,,,,,,,,1,1,2660533738.921,0,,remote process exited or there was a network error,no error,no error,0.3,1,,,1,1,1:declined,1,declined,1:peer-reported,peer-reported,0,,0,,0,,,0,,,0,,,,0,0,,peer NACK,,,,0,verified,,0,1,1,0:declined,1,declined,0:local,local,0,,0,,0,,,0,,,0,,,,0,0,,cannot write the gate,,,,0,verified,0,,0,,,30165,1,none,none,0,none,,,5,,,,,,,,,,,,,,,,,,,,,,,,,,,,,,,,,,,,,,,,,,,,,,,,,,,,,,,,,,,,,,,,,,,,,,,,,,,,,,,,,,,,,,,,,,,,,,,,,,,,,,,,,,,,,,,,,,,,,,,,,,,,,,,,,,,,,,,,,,,,,,,,,,,,,,,,,,,,,,,,,,,,,,,,,,,,,,,
pq_copystall_shrink_b@hq,scored,2,hq,pq_copystall_shrink_b_n1,pq_copystall_shrink_b,hq,n1,hq,default,F1,blocking,1,,262144,120,637,primary,4,3,0,4,4,0,5.6,device_error,device_error,,,,39,remote process exited or there was a network error,39,,,39,remote process exited or there was a network error,0,81,81,120,1,1,0,1,0,,,,,,,,remote process exited or there was a network error,remote process exited or there was a network error,2588.2,2589.5,11530,11905,45.02,54.27,45.66,54.27,0,39,1,1,,1,0,0,1,0,LOCAL_QP_ERR,,0,0,0,0,0,0,cannot write the gate,the peer declined,0,0,,,no error,no error,1721.9,832.1,2588.1,2617.5,0,0,,2660380934.531,584.6350002288818,,,,LOCAL_QP_ERR,2.552999973297119,,2003.4119997024536,,,,,,1,1,0,,0,,,FIN,2660382937.943,0,0,1,0,0xf,qp_state,0,0,1,1,1,qp_state,,,0,0,0,,,,,,,,1,1,0,,,,0,0,0,2,2,2,2,"6,6,6,6",4,,,,,,,,,,,,,,,,,1,,,,,,,0,,,0,,,,2660380937.084,2660382937.943,1,,,0,,FIN,left,1529324129.125,0,,,0,,,,,1529323828.982,0,0,0,0,0,,,,,1,0,-1:0,0,0@-,4000,-1,0,,,0,0,,0,,,0,0,0,0,,,0,,,,1,declined,2660382937.92,1,0,0,,,,1,0,0,1,1,0,1,0,0,0,0,0,1,1,,,,,,,,,1,0,,,,,,0,,,1,0,,0,,,0,0,0,0,,,0,,,,1,declined,1529323828.953,0,0,0,,,,0,0,0,1,0,0,1,0,0,0,0,0,0,1,0,,,,,,,,1,remote process exited or there was a network error,0.0,0,,,,1,,,,,584.6350002288818,2.552999973297119,2000.8589997291565,,,,,2302.401999950409,0,,,,,,1,1,0,,0,,,,,,,,,,,,,,,,1,1,0,,0,,,,,,,,,,,,,,,,0,,,1,it was raised for rank 1 (GIN rank 1) with a cause that is not the peer's (local),remote process exited or there was a network error,,,,,,,1,1,1:declined,1,declined,1:local,local,0,,0,,0,,,0,,,0,,,,0,0,,cannot write the gate,,,,0,verified,,0,1,1,0:declined,1,declined,0:peer-reported,peer-reported,0,,0,,0,,,0,,,0,,,,0,0,,the peer declined,,,,0,verified,0,,0,,,29354,1,none,none,0,none,,,1,,,,,,,,,,,,,,,,,,,,,,,,,,,,,,,,,,,,,,,,,,,,,,,,,,,,,,,,,,,,,,,,,,,,,,,,,,,,,,,,,,,,,,,,,,,,,,,,,,,,,,,,,,,,,,,,,,,,,,,,,,,,,,,,,,,,,,,,,,,,,,,,,,,,,,,,,,,,,,,,,,,,,,,,,,,,,,,
pq_copystall_shrink_b@hq,scored,2,hq,pq_copystall_shrink_b_n2,pq_copystall_shrink_b,hq,n2,hq,default,F1,blocking,1,,262144,120,774,primary,4,3,0,4,4,0,5.8,device_error,device_error,,,,49,remote process exited or there was a network error,49,,,49,remote process exited or there was a network error,0,71,71,120,1,1,0,1,0,,,,,,,,remote process exited or there was a network error,remote process exited or there was a network error,2738.7,2740.3,12131,12447,44.26,53.09,44.77,53.09,0,49,1,1,,1,0,0,1,0,LOCAL_QP_ERR,,0,0,0,0,0,0,cannot write the gate,the peer declined,0,0,,,no error,no error,1722.0,692.9,2739.1,2764.0,0,0,,2660388407.527,722.6890001296997,,,,LOCAL_QP_ERR,15.007999897003174,,2015.8639998435974,,,,,,1,1,0,,0,,,FIN,2660390423.391,0,0,1,0,0xf,qp_state,0,0,1,1,1,qp_state,,,0,0,0,,,,,,,,1,1,0,,,,0,0,0,2,2,2,2,"6,6,6,6",4,,,,,,,,,,,,,,,,,1,,,,,,,0,,,0,,,,2660388422.535,2660390423.391,1,,,0,,FIN,left,1529331615.196,0,,,0,,,,,1529331314.681,0,0,0,0,0,,,,,1,0,-1:0,0,0@-,4000,-1,0,,,0,0,,0,,,0,0,0,0,,,0,,,,1,declined,2660390423.36,1,0,0,,,,1,0,0,1,1,0,1,0,0,0,0,0,1,1,,,,,,,,,1,0,,,,,,0,,,1,0,,0,,,0,0,0,0,,,0,,,,1,declined,1529331314.652,0,0,0,,,,0,0,0,1,0,0,1,0,0,0,0,0,0,1,0,,,,,,,,1,remote process exited or there was a network error,0.0,0,,,,1,,,,,722.6890001296997,15.007999897003174,2000.8559999465942,,,,,2303.026000022888,0,,,,,,1,1,0,,0,,,,,,,,,,,,,,,,1,1,0,,0,,,,,,,,,,,,,,,,0,,,1,it was raised for rank 1 (GIN rank 1) with a cause that is not the peer's (local),remote process exited or there was a network error,,,,,,,1,1,1:declined,1,declined,1:local,local,0,,0,,0,,,0,,,0,,,,0,0,,cannot write the gate,,,,0,verified,,0,1,1,0:declined,1,declined,0:peer-reported,peer-reported,0,,0,,0,,,0,,,0,,,,0,0,,the peer declined,,,,0,verified,0,,0,,,30288,1,none,none,0,none,,,2,,,,,,,,,,,,,,,,,,,,,,,,,,,,,,,,,,,,,,,,,,,,,,,,,,,,,,,,,,,,,,,,,,,,,,,,,,,,,,,,,,,,,,,,,,,,,,,,,,,,,,,,,,,,,,,,,,,,,,,,,,,,,,,,,,,,,,,,,,,,,,,,,,,,,,,,,,,,,,,,,,,,,,,,,,,,,,,
pq_copystall_shrink_b@hq,scored,2,hq,pq_copystall_shrink_b_n3,pq_copystall_shrink_b,hq,n3,hq,default,F1,blocking,1,,262144,120,911,primary,4,3,0,4,4,0,5.9,device_error,device_error,,,,58,remote process exited or there was a network error,58,,,58,remote process exited or there was a network error,0,62,62,120,1,1,0,1,0,,,,,,,,remote process exited or there was a network error,remote process exited or there was a network error,2874.7,2876.3,12679,13019,43.97,47.49,44.56,52.96,0,58,1,1,,1,0,0,1,0,LOCAL_QP_ERR,,0,0,0,0,0,0,cannot write the gate,the peer declined,0,0,,,no error,no error,1721.3,563.3,2875.0,2896.7,0,0,,2660404590.492,860.8629999160767,,,,LOCAL_QP_ERR,12.17799997329712,,2013.5959997177124,,,,,,1,1,0,,0,,,FIN,2660406604.088,0,0,1,0,0xf,qp_state,0,0,1,1,1,qp_state,,,0,0,0,,,,,,,,1,1,0,,,,0,0,0,2,2,2,2,"6,6,6,6",4,,,,,,,,,,,,,,,,,1,,,,,,,0,,,0,,,,2660404602.67,2660406604.088,1,,,0,,FIN,left,1529347797.253,0,,,0,,,,,1529347496.519,0,0,0,0,0,,,,,1,0,-1:0,0,0@-,4000,-1,0,,,0,0,,0,,,0,0,0,0,,,0,,,,1,declined,2660406604.06,1,0,0,,,,1,0,0,1,1,0,1,0,0,0,0,0,1,1,,,,,,,,,1,0,,,,,,0,,,1,0,,0,,,0,0,0,0,,,0,,,,1,declined,1529347496.49,0,0,0,,,,0,0,0,1,0,0,1,0,0,0,0,0,0,1,0,,,,,,,,1,remote process exited or there was a network error,0.0,0,,,,1,,,,,860.8629999160767,12.17799997329712,2001.4179997444153,,,,,2303.8959999084473,0,,,,,,1,1,0,,0,,,,,,,,,,,,,,,,1,1,0,,0,,,,,,,,,,,,,,,,0,,,1,it was raised for rank 1 (GIN rank 1) with a cause that is not the peer's (local),remote process exited or there was a network error,,,,,,,1,1,1:declined,1,declined,1:local,local,0,,0,,0,,,0,,,0,,,,0,0,,cannot write the gate,,,,0,verified,,0,1,1,0:declined,1,declined,0:peer-reported,peer-reported,0,,0,,0,,,0,,,0,,,,0,0,,the peer declined,,,,0,verified,0,,0,,,29895,1,none,none,0,none,,,3,,,,,,,,,,,,,,,,,,,,,,,,,,,,,,,,,,,,,,,,,,,,,,,,,,,,,,,,,,,,,,,,,,,,,,,,,,,,,,,,,,,,,,,,,,,,,,,,,,,,,,,,,,,,,,,,,,,,,,,,,,,,,,,,,,,,,,,,,,,,,,,,,,,,,,,,,,,,,,,,,,,,,,,,,,,,,,,
pq_copystall_shrink_b@hq,scored,2,hq,pq_copystall_shrink_b_n4,pq_copystall_shrink_b,hq,n4,hq,default,F1,blocking,1,,262144,120,1048,primary,4,3,0,4,4,0,6.1,device_error,device_error,,,,67,remote process exited or there was a network error,67,,,67,remote process exited or there was a network error,0,53,53,120,1,1,0,1,0,,,,,,,,remote process exited or there was a network error,remote process exited or there was a network error,3009.6,3011.3,13164,13523,43.97,47.81,44.48,54.27,0,67,1,1,,1,0,0,1,0,LOCAL_QP_ERR,,0,0,0,0,0,0,cannot write the gate,the peer declined,0,0,,,no error,no error,1721.4,920.8,3009.8,3029.8,0,0,,2660412384.876,996.9130001068115,,,,LOCAL_QP_ERR,11.559000015258789,,2012.5079998970032,,,,,,1,1,0,,0,,,FIN,2660414397.384,0,0,1,0,0xf,qp_state,0,0,1,1,1,qp_state,,,0,0,0,,,,,,,,1,1,0,,,,0,0,0,2,2,2,2,"6,6,6,6",4,,,,,,,,,,,,,,,,,1,,,,,,,0,,,0,,,,2660412396.435,2660414397.384,1,,,0,,FIN,left,1529355590.769,0,,,0,,,,,1529355290.349,0,0,0,0,0,,,,,1,0,-1:0,0,0@-,4000,-1,0,,,0,0,,0,,,0,0,0,0,,,0,,,,1,declined,2660414397.354,1,0,0,,,,1,0,0,1,1,0,1,0,0,0,0,0,1,1,,,,,,,,,1,0,,,,,,0,,,1,0,,0,,,0,0,0,0,,,0,,,,1,declined,1529355290.321,0,0,0,,,,0,0,0,1,0,0,1,0,0,0,0,0,0,1,0,,,,,,,,1,remote process exited or there was a network error,0.0,0,,,,1,,,,,996.9130001068115,11.559000015258789,2000.9489998817444,,,,,2303.101999759674,0,,,,,,1,1,0,,0,,,,,,,,,,,,,,,,1,1,0,,0,,,,,,,,,,,,,,,,0,,,1,it was raised for rank 1 (GIN rank 1) with a cause that is not the peer's (local),remote process exited or there was a network error,,,,,,,1,1,1:declined,1,declined,1:local,local,0,,0,,0,,,0,,,0,,,,0,0,,cannot write the gate,,,,0,verified,,0,1,1,0:declined,1,declined,0:peer-reported,peer-reported,0,,0,,0,,,0,,,0,,,,0,0,,the peer declined,,,,0,verified,0,,0,,,29046,1,none,none,0,none,,,4,,,,,,,,,,,,,,,,,,,,,,,,,,,,,,,,,,,,,,,,,,,,,,,,,,,,,,,,,,,,,,,,,,,,,,,,,,,,,,,,,,,,,,,,,,,,,,,,,,,,,,,,,,,,,,,,,,,,,,,,,,,,,,,,,,,,,,,,,,,,,,,,,,,,,,,,,,,,,,,,,,,,,,,,,,,,,,,
pq_copystall_shrink_b@hq,scored,2,hq,pq_copystall_shrink_b_n5,pq_copystall_shrink_b,hq,n5,hq,default,F1,blocking,1,,262144,120,1185,primary,4,3,0,4,4,0,6.2,device_error,device_error,,,,76,remote process exited or there was a network error,76,,,76,remote process exited or there was a network error,0,44,44,120,1,1,0,1,0,,,,,,,,remote process exited or there was a network error,remote process exited or there was a network error,3145.0,3146.8,13760,14117,44.26,47.94,44.76,54.11,0,76,1,1,,1,0,0,1,0,LOCAL_QP_ERR,,0,0,0,0,0,0,cannot write the gate,the peer declined,0,0,,,no error,no error,1721.1,796.6,3145.4,3161.7,0,0,,2660428851.018,1132.736999988556,,,,LOCAL_QP_ERR,11.074999809265137,,2012.2239999771118,,,,,,1,1,0,,0,,,FIN,2660430863.242,0,0,1,0,0xf,qp_state,0,0,1,1,1,qp_state,,,0,0,0,,,,,,,,1,1,0,,,,0,0,0,2,2,2,2,"6,6,6,6",4,,,,,,,,,,,,,,,,,1,,,,,,,0,,,0,,,,2660428862.093,2660430863.242,1,,,0,,FIN,left,1529372057.96,0,,,0,,,,,1529371757.437,0,0,0,0,0,,,,,1,0,-1:0,0,0@-,4000,-1,0,,,0,0,,0,,,0,0,0,0,,,0,,,,1,declined,2660430863.218,1,0,0,,,,1,0,0,1,1,0,1,0,0,0,0,0,1,1,,,,,,,,,1,0,,,,,,0,,,1,0,,0,,,0,0,0,0,,,0,,,,1,declined,1529371757.408,0,0,0,,,,0,0,0,1,0,0,1,0,0,0,0,0,0,1,0,,,,,,,,1,remote process exited or there was a network error,0.0,0,,,,1,,,,,1132.736999988556,11.074999809265137,2001.1490001678467,,,,,2303.505000114441,0,,,,,,1,1,0,,0,,,,,,,,,,,,,,,,1,1,0,,0,,,,,,,,,,,,,,,,0,,,1,it was raised for rank 1 (GIN rank 1) with a cause that is not the peer's (local),remote process exited or there was a network error,,,,,,,1,1,1:declined,1,declined,1:local,local,0,,0,,0,,,0,,,0,,,,0,0,,cannot write the gate,,,,0,verified,,0,1,1,0:declined,1,declined,0:peer-reported,peer-reported,0,,0,,0,,,0,,,0,,,,0,0,,the peer declined,,,,0,verified,0,,0,,,29734,1,none,none,0,none,,,5,,,,,,,,,,,,,,,,,,,,,,,,,,,,,,,,,,,,,,,,,,,,,,,,,,,,,,,,,,,,,,,,,,,,,,,,,,,,,,,,,,,,,,,,,,,,,,,,,,,,,,,,,,,,,,,,,,,,,,,,,,,,,,,,,,,,,,,,,,,,,,,,,,,,,,,,,,,,,,,,,,,,,,,,,,,,,,,
pq_copystall_shrink_b@hq,scored,2,hq,pq_copystall_shrink_b_n6,pq_copystall_shrink_b,hq,n6,hq,default,F1,blocking,1,,262144,120,622,primary,4,3,0,4,4,0,5.6,device_error,device_error,,,,38,remote process exited or there was a network error,38,,,38,remote process exited or there was a network error,0,82,82,120,1,1,0,1,0,,,,,,,,remote process exited or there was a network error,remote process exited or there was a network error,2573.3,2575.1,11470,11803,44.29,52.96,45.02,52.96,0,38,1,1,,1,0,0,1,0,LOCAL_QP_ERR,,0,0,0,0,0,0,cannot write the gate,the peer declined,0,0,,,no error,no error,1722.0,847.5,2573.5,2601.9,0,0,,2660436183.557,570.5150003433228,,,,LOCAL_QP_ERR,1.6710000038146973,,2002.5789999961853,,,,,,1,1,0,,0,,,FIN,2660438186.136,0,0,1,0,0xf,qp_state,0,0,1,1,1,qp_state,,,0,0,0,,,,,,,,1,1,0,,,,0,0,0,2,2,2,2,"6,6,6,6",4,,,,,,,,,,,,,,,,,1,,,,,,,0,,,0,,,,2660436185.228,2660438186.136,1,,,0,,FIN,left,1529379381.182,0,,,0,,,,,1529379080.784,0,0,0,0,0,,,,,1,0,-1:0,0,0@-,4000,-1,0,,,0,0,,0,,,0,0,0,0,,,0,,,,1,declined,2660438186.108,1,0,0,,,,1,0,0,1,1,0,1,0,0,0,0,0,1,1,,,,,,,,,1,0,,,,,,0,,,1,0,,0,,,0,0,0,0,,,0,,,,1,declined,1529379080.754,0,0,0,,,,0,0,0,1,0,0,1,0,0,0,0,0,0,1,0,,,,,,,,1,remote process exited or there was a network error,0.0,0,,,,1,,,,,570.5150003433228,1.6710000038146973,2000.9079999923706,,,,,2303.0609998703003,0,,,,,,1,1,0,,0,,,,,,,,,,,,,,,,1,1,0,,0,,,,,,,,,,,,,,,,0,,,1,it was raised for rank 1 (GIN rank 1) with a cause that is not the peer's (local),remote process exited or there was a network error,,,,,,,1,1,1:declined,1,declined,1:local,local,0,,0,,0,,,0,,,0,,,,0,0,,cannot write the gate,,,,0,verified,,0,1,1,0:declined,1,declined,0:peer-reported,peer-reported,0,,0,,0,,,0,,,0,,,,0,0,,the peer declined,,,,0,verified,0,,0,,,30093,1,none,none,0,none,,,6,,,,,,,,,,,,,,,,,,,,,,,,,,,,,,,,,,,,,,,,,,,,,,,,,,,,,,,,,,,,,,,,,,,,,,,,,,,,,,,,,,,,,,,,,,,,,,,,,,,,,,,,,,,,,,,,,,,,,,,,,,,,,,,,,,,,,,,,,,,,,,,,,,,,,,,,,,,,,,,,,,,,,,,,,,,,,,,
pq_copystall_shrink_b@hq,scored,2,hq,pq_copystall_shrink_b_n7,pq_copystall_shrink_b,hq,n7,hq,default,F1,blocking,1,,262144,120,759,primary,4,3,0,4,4,0,5.7,device_error,device_error,,,,48,remote process exited or there was a network error,48,,,48,remote process exited or there was a network error,0,72,72,120,1,1,0,1,0,,,,,,,,remote process exited or there was a network error,remote process exited or there was a network error,2723.9,2725.6,12077,12432,43.97,53.25,44.60,53.25,0,48,1,1,,1,0,0,1,0,LOCAL_QP_ERR,,0,0,0,0,0,0,cannot write the gate,the peer declined,0,0,,,no error,no error,1722.3,710.1,2724.0,2749.4,0,0,,2660452222.831,707.6409997940063,,,,LOCAL_QP_ERR,14.973999977111816,,2016.1470003128052,,,,,,1,1,0,,0,,,FIN,2660454238.978,0,0,1,0,0xf,qp_state,0,0,1,1,1,qp_state,,,0,0,0,,,,,,,,1,1,0,,,,0,0,0,2,2,2,2,"6,6,6,6",4,,,,,,,,,,,,,,,,,1,,,,,,,0,,,0,,,,2660452237.805,2660454238.978,1,,,0,,FIN,left,1529395434.9,0,,,0,,,,,1529395134.631,0,0,0,0,0,,,,,1,0,-1:0,0,0@-,4000,-1,0,,,0,0,,0,,,0,0,0,0,,,0,,,,1,declined,2660454238.95,1,0,0,,,,1,0,0,1,1,0,1,0,0,0,0,0,1,1,,,,,,,,,1,0,,,,,,0,,,1,0,,0,,,0,0,0,0,,,0,,,,1,declined,1529395134.602,0,0,0,,,,0,0,0,1,0,0,1,0,0,0,0,0,0,1,0,,,,,,,,1,remote process exited or there was a network error,0.0,0,,,,1,,,,,707.6409997940063,14.973999977111816,2001.1730003356934,,,,,2303.1420001983643,0,,,,,,1,1,0,,0,,,,,,,,,,,,,,,,1,1,0,,0,,,,,,,,,,,,,,,,0,,,1,it was raised for rank 1 (GIN rank 1) with a cause that is not the peer's (local),remote process exited or there was a network error,,,,,,,1,1,1:declined,1,declined,1:local,local,0,,0,,0,,,0,,,0,,,,0,0,,cannot write the gate,,,,0,verified,,0,1,1,0:declined,1,declined,0:peer-reported,peer-reported,0,,0,,0,,,0,,,0,,,,0,0,,the peer declined,,,,0,verified,0,,0,,,29745,1,none,none,0,none,,,7,,,,,,,,,,,,,,,,,,,,,,,,,,,,,,,,,,,,,,,,,,,,,,,,,,,,,,,,,,,,,,,,,,,,,,,,,,,,,,,,,,,,,,,,,,,,,,,,,,,,,,,,,,,,,,,,,,,,,,,,,,,,,,,,,,,,,,,,,,,,,,,,,,,,,,,,,,,,,,,,,,,,,,,,,,,,,,,
pq_copystall_shrink_b@hq,scored,2,hq,pq_copystall_shrink_b_n8,pq_copystall_shrink_b,hq,n8,hq,default,F1,blocking,1,,262144,120,896,primary,4,3,0,4,4,0,5.9,device_error,device_error,,,,57,remote process exited or there was a network error,57,,,57,remote process exited or there was a network error,0,63,63,120,1,1,0,1,0,,,,,,,,remote process exited or there was a network error,remote process exited or there was a network error,2858.8,2860.6,12614,13048,44.38,47.90,44.99,54.05,0,57,1,1,,1,0,0,1,0,LOCAL_QP_ERR,,0,0,0,0,0,0,cannot write the gate,the peer declined,0,0,,,no error,no error,1721.7,557.7,2858.8,2882.1,0,0,,2660459837.462,844.6809997558594,,,,LOCAL_QP_ERR,13.35200023651123,,2013.9970002174377,,,,,,1,1,0,,0,,,FIN,2660461851.459,0,0,1,0,0xf,qp_state,0,0,1,1,1,qp_state,,,0,0,0,,,,,,,,1,1,0,,,,0,0,0,2,2,2,2,"6,6,6,6",4,,,,,,,,,,,,,,,,,1,,,,,,,0,,,0,,,,2660459850.814,2660461851.459,1,,,0,,FIN,left,1529403048.056,0,,,0,,,,,1529402747.561,0,0,0,0,0,,,,,1,0,-1:0,0,0@-,4000,-1,0,,,0,0,,0,,,0,0,0,0,,,0,,,,1,declined,2660461851.43,1,0,0,,,,1,0,0,1,1,0,1,0,0,0,0,0,1,1,,,,,,,,,1,0,,,,,,0,,,1,0,,0,,,0,0,0,0,,,0,,,,1,declined,1529402747.532,0,0,0,,,,0,0,0,1,0,0,1,0,0,0,0,0,0,1,0,,,,,,,,1,remote process exited or there was a network error,0.0,0,,,,1,,,,,844.6809997558594,13.35200023651123,2000.6449999809265,,,,,2302.8020000457764,0,,,,,,1,1,0,,0,,,,,,,,,,,,,,,,1,1,0,,0,,,,,,,,,,,,,,,,0,,,1,it was raised for rank 1 (GIN rank 1) with a cause that is not the peer's (local),remote process exited or there was a network error,,,,,,,1,1,1:declined,1,declined,1:local,local,0,,0,,0,,,0,,,0,,,,0,0,,cannot write the gate,,,,0,verified,,0,1,1,0:declined,1,declined,0:peer-reported,peer-reported,0,,0,,0,,,0,,,0,,,,0,0,,the peer declined,,,,0,verified,0,,0,,,29090,1,none,none,0,none,,,8,,,,,,,,,,,,,,,,,,,,,,,,,,,,,,,,,,,,,,,,,,,,,,,,,,,,,,,,,,,,,,,,,,,,,,,,,,,,,,,,,,,,,,,,,,,,,,,,,,,,,,,,,,,,,,,,,,,,,,,,,,,,,,,,,,,,,,,,,,,,,,,,,,,,,,,,,,,,,,,,,,,,,,,,,,,,,,,
pq_copystall_shrink_b@hq,scored,2,hq,pq_copystall_shrink_b_n9,pq_copystall_shrink_b,hq,n9,hq,default,F1,blocking,1,,262144,120,1033,primary,4,3,0,4,4,0,6.0,device_error,device_error,,,,66,remote process exited or there was a network error,66,,,66,remote process exited or there was a network error,0,54,54,120,1,1,0,1,0,,,,,,,,remote process exited or there was a network error,remote process exited or there was a network error,2994.8,2996.2,13156,13499,44.38,47.90,44.89,53.50,0,66,1,1,,1,0,0,1,0,LOCAL_QP_ERR,,0,0,0,0,0,0,cannot write the gate,the peer declined,0,0,,,no error,no error,1721.3,935.7,2995.1,3014.4,0,0,,2660476668.015,981.7420001029968,,,,LOCAL_QP_ERR,11.663000106811523,,2012.763000011444,,,,,,1,1,0,,0,,,FIN,2660478680.778,0,0,1,0,0xf,qp_state,0,0,1,1,1,qp_state,,,0,0,0,,,,,,,,1,1,0,,,,0,0,0,2,2,2,2,"6,6,6,6",4,,,,,,,,,,,,,,,,,1,,,,,,,0,,,0,,,,2660476679.678,2660478680.778,1,,,0,,FIN,left,1529419878.655,0,,,0,,,,,1529419577.899,0,0,0,0,0,,,,,1,0,-1:0,0,0@-,4000,-1,0,,,0,0,,0,,,0,0,0,0,,,0,,,,1,declined,2660478680.751,1,0,0,,,,1,0,0,1,1,0,1,0,0,0,0,0,1,1,,,,,,,,,1,0,,,,,,0,,,1,0,,0,,,0,0,0,0,,,0,,,,1,declined,1529419577.87,0,0,0,,,,0,0,0,1,0,0,1,0,0,0,0,0,0,1,0,,,,,,,,1,remote process exited or there was a network error,0.0,0,,,,1,,,,,981.7420001029968,11.663000106811523,2001.0999999046326,,,,,2303.4710001945496,0,,,,,,1,1,0,,0,,,,,,,,,,,,,,,,1,1,0,,0,,,,,,,,,,,,,,,,0,,,1,it was raised for rank 1 (GIN rank 1) with a cause that is not the peer's (local),remote process exited or there was a network error,,,,,,,1,1,1:declined,1,declined,1:local,local,0,,0,,0,,,0,,,0,,,,0,0,,cannot write the gate,,,,0,verified,,0,1,1,0:declined,1,declined,0:peer-reported,peer-reported,0,,0,,0,,,0,,,0,,,,0,0,,the peer declined,,,,0,verified,0,,0,,,30437,1,none,none,0,none,,,9,,,,,,,,,,,,,,,,,,,,,,,,,,,,,,,,,,,,,,,,,,,,,,,,,,,,,,,,,,,,,,,,,,,,,,,,,,,,,,,,,,,,,,,,,,,,,,,,,,,,,,,,,,,,,,,,,,,,,,,,,,,,,,,,,,,,,,,,,,,,,,,,,,,,,,,,,,,,,,,,,,,,,,,,,,,,,,,
pq_copystall_shrink_b@hq,scored,2,hq,pq_copystall_shrink_b_n10,pq_copystall_shrink_b,hq,n10,hq,default,F1,blocking,1,,262144,120,1170,primary,4,3,0,4,4,0,6.2,device_error,device_error,,,,75,remote process exited or there was a network error,75,,,75,remote process exited or there was a network error,0,45,45,120,1,1,0,1,0,,,,,,,,remote process exited or there was a network error,remote process exited or there was a network error,3129.9,3131.6,13698,14061,43.97,48.00,44.78,53.47,0,75,1,1,,1,0,0,1,0,LOCAL_QP_ERR,,0,0,0,0,0,0,cannot write the gate,the peer declined,0,0,,,no error,no error,1721.1,798.8,3130.3,3147.0,0,0,,2660484562.705,1118.2929997444153,,,,LOCAL_QP_ERR,10.595000267028809,,2011.460000038147,,,,,,1,1,0,,0,,,FIN,2660486574.165,0,0,1,0,0xf,qp_state,0,0,1,1,1,qp_state,,,0,0,0,,,,,,,,1,1,0,,,,0,0,0,2,2,2,2,"6,6,6,6",4,,,,,,,,,,,,,,,,,1,,,,,,,0,,,0,,,,2660484573.3,2660486574.165,1,,,0,,FIN,left,1529427772.606,0,,,0,,,,,1529427471.837,0,0,0,0,0,,,,,1,0,-1:0,0,0@-,4000,-1,0,,,0,0,,0,,,0,0,0,0,,,0,,,,1,declined,2660486574.136,1,0,0,,,,1,0,0,1,1,0,1,0,0,0,0,0,1,1,,,,,,,,,1,0,,,,,,0,,,1,0,,0,,,0,0,0,0,,,0,,,,1,declined,1529427471.809,0,0,0,,,,0,0,0,1,0,0,1,0,0,0,0,0,0,1,0,,,,,,,,1,remote process exited or there was a network error,0.0,0,,,,1,,,,,1118.2929997444153,10.595000267028809,2000.8649997711182,,,,,2303.3179998397827,0,,,,,,1,1,0,,0,,,,,,,,,,,,,,,,1,1,0,,0,,,,,,,,,,,,,,,,0,,,1,it was raised for rank 1 (GIN rank 1) with a cause that is not the peer's (local),remote process exited or there was a network error,,,,,,,1,1,1:declined,1,declined,1:local,local,0,,0,,0,,,0,,,0,,,,0,0,,cannot write the gate,,,,0,verified,,0,1,1,0:declined,1,declined,0:peer-reported,peer-reported,0,,0,,0,,,0,,,0,,,,0,0,,the peer declined,,,,0,verified,0,,0,,,29752,1,none,none,0,none,,,10,,,,,,,,,,,,,,,,,,,,,,,,,,,,,,,,,,,,,,,,,,,,,,,,,,,,,,,,,,,,,,,,,,,,,,,,,,,,,,,,,,,,,,,,,,,,,,,,,,,,,,,,,,,,,,,,,,,,,,,,,,,,,,,,,,,,,,,,,,,,,,,,,,,,,,,,,,,,,,,,,,,,,,,,,,,,,,,
pq_rdv_b@hq,scored,2,hq,pq_rdv_b_n1,pq_rdv_b,hq,n1,hq,default,F1,blocking,1,,262144,120,637,primary,4,3,0,0,0,0,3.8,ok,ok,,,,120,no error,-1,,,120,no error,0,0,0,120,1,0,0,0,1,,,,,,,,none,none,-1.0,-1.0,8470,8720,43.97,53.25,136.68,11068.29,39,120,1,1,,1,0,0,1,0,LOCAL_QP_ERR,,1,0,0,1,0,0,,,0,0,,,no error,no error,698.5,659.7,1817.2,1801.9,0,1,,2659725864.139,585.3699998855591,,,,LOCAL_QP_ERR,1.813000202178955,,,12.63700008392334,,"[80/78/2,0/0/0,0/0/0,0/0/0]",,,1,1,0,,0,,,FIN,,0,0,0,0,0xf,qp_state,0,0,1,1,1,qp_state,0xf,4,1,0,0,2,2,2,2,"3,3,3,3",0,,1,1,0,,0xf,4,1,0,0,2,2,2,2,"3,3,3,3",0,,,,,,3495,10669,,,,,,,,,,1,,,,,,,0,,,0,,,,2659725865.952,,1,,,0,,FIN,left,1528668287.791,0,,,0,,,,,,0,0,0,0,0,,,,,1,0,,,,,,0,,,0,0,,0,,,0,0,0,0,0.0,10669,0,,,,1,abort,2659727396.328,0,0,0,,,,1,0,0,1,1,1,0,0,0,0,0,0,0,1,,,,,,,,,1,0,,,,,,0,,,1,0,,0,,,0,0,0,0,,,0,,,,1,abort,1528668325.651,0,0,0,,,,0,0,0,1,1,1,0,0,0,0,0,0,0,1,0,,,,,,,,,,,,,,,,,,,,585.3699998855591,1.813000202178955,,,,,,1531.9679999351501,0,,,,,,1,1,0,,0,,,,,,,,,,,,,,,,1,1,0,,0,,,,,,,,,,,,,,,,0,,,0,,,,,,,,,1,0,,0,,,,0,,0,,1,initiator,2659725873.097,0,,,0,,,,0,0,,,,,,0,verified,,0,1,0,,0,,,,0,,0,,1,responder,1528666758.999,0,,,0,,,,0,0,,,,,,0,verified,0,rejected,2,,,29355,2,29354,29354,1,29356,1,0,1,,,,,,,,,,,,,,,,,,,,,,,,,,,,,,,,,,,,,,,,,,,,,,,,,,,,,,,,,,,,,,,,,,,,,,,,,,,,,,,,,,,,,,,,,,,,,,,,,,,,,,,,,,,,,,,,,,,,,,,,,,,,,,,,,,,,,,,,,,,,,,,,,,,,,,,,,,,,,,,,,,,,,,,,,,,,,,,
pq_rdv_b@hq,scored,2,hq,pq_rdv_b_n2,pq_rdv_b,hq,n2,hq,default,F1,blocking,1,,262144,120,774,primary,4,3,0,0,0,0,3.8,ok,ok,,,,120,no error,-1,,,120,no error,0,0,0,120,1,0,0,0,1,,,,,,,,none,none,-1.0,-1.0,8470,8775,43.94,53.25,141.85,11747.36,49,120,1,1,,1,0,0,1,0,LOCAL_QP_ERR,,1,0,0,1,0,0,,,0,0,,,no error,no error,709.7,656.2,1817.4,1802.8,0,1,,2659732306.903,722.7420001029968,,,,LOCAL_QP_ERR,14.973000049591064,,,26.386000156402588,,"[100/98/2,0/0/0,0/0/0,0/0/0]",,,1,1,0,,0,,,FIN,,0,0,0,0,0xf,qp_state,0,0,1,1,1,qp_state,0xf,4,1,0,0,2,2,2,2,"3,3,3,3",0,,1,1,0,,0xf,4,1,0,0,2,2,2,2,"3,3,3,3",0,,,,,,3450,10760,,,,,,,,,,1,,,,,,,0,,,0,,,,2659732321.876,,1,,,0,,FIN,left,1528674593.324,0,,,0,,,,,,0,0,0,0,0,,,,,1,0,,,,,,0,,,0,0,,0,,,0,0,0,0,0.0,10760,0,,,,1,abort,2659733701.837,0,0,0,,,,1,0,0,1,1,1,0,0,0,0,0,0,0,1,,,,,,,,,1,0,,,,,,0,,,1,0,,0,,,0,0,0,0,,,0,,,,1,abort,1528674646.682,0,0,0,,,,0,0,0,1,1,1,0,0,0,0,0,0,0,1,0,,,,,,,,,,,,,,,,,,,,722.7420001029968,14.973000049591064,,,,,,1381.566999912262,0,,,,,,1,1,0,,0,,,,,,,,,,,,,,,,1,1,0,,0,,,,,,,,,,,,,,,,0,,,0,,,,,,,,,1,0,,0,,,,0,,0,,1,initiator,2659732329.654,0,,,0,,,,0,0,,,,,,0,verified,,0,1,0,,0,,,,0,,0,,1,responder,1528673215.484,0,,,0,,,,0,0,,,,,,0,verified,0,rejected,2,,,29115,2,29114,29114,1,29116,1,0,2,,,,,,,,,,,,,,,,,,,,,,,,,,,,,,,,,,,,,,,,,,,,,,,,,,,,,,,,,,,,,,,,,,,,,,,,,,,,,,,,,,,,,,,,,,,,,,,,,,,,,,,,,,,,,,,,,,,,,,,,,,,,,,,,,,,,,,,,,,,,,,,,,,,,,,,,,,,,,,,,,,,,,,,,,,,,,,,
pq_rdv_b@hq,scored,2,hq,pq_rdv_b_n3,pq_rdv_b,hq,n3,hq,default,F1,blocking,1,,262144,120,911,primary,4,3,0,0,0,0,3.8,ok,ok,,,,120,no error,-1,,,120,no error,0,0,0,120,1,0,0,0,1,,,,,,,,none,none,-1.0,-1.0,8470,8779,43.97,53.02,142.75,11835.68,58,120,1,1,,1,0,0,1,0,LOCAL_QP_ERR,,1,0,0,1,0,0,,,0,0,,,no error,no error,703.2,648.7,1817.5,1802.6,0,1,,2659738793.38,859.7930002212524,,,,LOCAL_QP_ERR,13.359999656677246,,,24.845999717712402,,"[118/116/2,0/0/0,0/0/0,0/0/0]",,,1,1,0,,0,,,FIN,,0,0,0,0,0xf,qp_state,0,0,1,1,1,qp_state,0xf,4,1,0,0,2,2,2,2,"3,3,3,3",0,,1,1,0,,0xf,4,1,0,0,2,2,2,2,"3,3,3,3",0,,,,,,3397,10646,,,,,,,,,,1,,,,,,,0,,,0,,,,2659738806.74,,1,,,0,,FIN,left,1528680942.82,0,,,0,,,,,,0,0,0,0,0,,,,,1,0,,,,,,0,,,0,0,,0,,,0,0,0,0,0.0,10646,0,,,,1,abort,2659740051.355,0,0,0,,,,1,0,0,1,1,1,0,0,0,0,0,0,0,1,,,,,,,,,1,0,,,,,,0,,,1,0,,0,,,0,0,0,0,,,0,,,,1,abort,1528680996.917,0,0,0,,,,0,0,0,1,1,1,0,0,0,0,0,0,0,1,0,,,,,,,,,,,,,,,,,,,,859.7930002212524,13.359999656677246,,,,,,1246.2080001831055,0,,,,,,1,1,0,,0,,,,,,,,,,,,,,,,1,1,0,,0,,,,,,,,,,,,,,,,0,,,0,,,,,,,,,1,0,,0,,,,0,,0,,1,initiator,2659738814.639,0,,,0,,,,0,0,,,,,,0,verified,,0,1,0,,0,,,,0,,0,,1,responder,1528679700.57,0,,,0,,,,0,0,,,,,,0,verified,0,rejected,2,,,30018,2,30017,30017,1,30019,1,0,3,,,,,,,,,,,,,,,,,,,,,,,,,,,,,,,,,,,,,,,,,,,,,,,,,,,,,,,,,,,,,,,,,,,,,,,,,,,,,,,,,,,,,,,,,,,,,,,,,,,,,,,,,,,,,,,,,,,,,,,,,,,,,,,,,,,,,,,,,,,,,,,,,,,,,,,,,,,,,,,,,,,,,,,,,,,,,,,
pq_rdv_b@hq,scored,2,hq,pq_rdv_b_n4,pq_rdv_b,hq,n4,hq,default,F1,blocking,1,,262144,120,1048,primary,4,3,0,0,0,0,3.8,ok,ok,,,,120,no error,-1,,,120,no error,0,0,0,120,1,0,0,0,1,,,,,,,,none,none,-1.0,-1.0,8468,8694,43.97,52.96,137.10,11185.06,67,120,1,1,,1,0,0,1,0,LOCAL_QP_ERR,,1,0,0,1,0,0,,,0,0,,,no error,no error,708.1,669.2,1816.9,1802.1,0,1,,2659745261.023,996.8249998092651,,,,LOCAL_QP_ERR,11.700000286102295,,,22.556000232696533,,"[136/134/2,0/0/0,0/0/0,0/0/0]",,,1,1,0,,0,,,FIN,,0,0,0,0,0xf,qp_state,0,0,1,1,1,qp_state,0xf,4,1,0,0,2,2,2,2,"3,3,3,3",0,,1,1,0,,0xf,4,1,0,0,2,2,2,2,"3,3,3,3",0,,,,,,3265,10755,,,,,,,,,,1,,,,,,,0,,,0,,,,2659745272.723,,1,,,0,,FIN,left,1528687272.809,0,,,0,,,,,,0,0,0,0,0,,,,,1,0,,,,,,0,,,0,0,,0,,,0,0,0,0,0.0,10755,0,,,,1,abort,2659746381.336,0,0,0,,,,1,0,0,1,1,1,0,0,0,0,0,0,0,1,,,,,,,,,1,0,,,,,,0,,,1,0,,0,,,0,0,0,0,,,0,,,,1,abort,1528687312.915,0,0,0,,,,0,0,0,1,1,1,0,0,0,0,0,0,0,1,0,,,,,,,,,,,,,,,,,,,,996.8249998092651,11.700000286102295,,,,,,1110.2179999351501,0,,,,,,1,1,0,,0,,,,,,,,,,,,,,,,1,1,0,,0,,,,,,,,,,,,,,,,0,,,0,,,,,,,,,1,0,,0,,,,0,,0,,1,initiator,2659745280.128,0,,,0,,,,0,0,,,,,,0,verified,,0,1,0,,0,,,,0,,0,,1,responder,1528686165.843,0,,,0,,,,0,0,,,,,,0,verified,0,rejected,2,,,30290,2,30289,30289,1,30291,1,0,4,,,,,,,,,,,,,,,,,,,,,,,,,,,,,,,,,,,,,,,,,,,,,,,,,,,,,,,,,,,,,,,,,,,,,,,,,,,,,,,,,,,,,,,,,,,,,,,,,,,,,,,,,,,,,,,,,,,,,,,,,,,,,,,,,,,,,,,,,,,,,,,,,,,,,,,,,,,,,,,,,,,,,,,,,,,,,,,
pq_rdv_b@hq,scored,2,hq,pq_rdv_b_n5,pq_rdv_b,hq,n5,hq,default,F1,blocking,1,,262144,120,1185,primary,4,3,0,0,0,0,3.8,ok,ok,,,,120,no error,-1,,,120,no error,0,0,0,120,1,0,0,0,1,,,,,,,,none,none,-1.0,-1.0,8472,8706,43.97,53.25,144.92,12111.30,76,120,1,1,,1,0,0,1,0,LOCAL_QP_ERR,,1,0,0,1,0,0,,,0,0,,,no error,no error,699.9,663.4,1818.1,1803.0,0,1,,2659752020.47,1133.263000011444,,,,LOCAL_QP_ERR,10.701000213623047,,,22.466000080108643,,"[154/152/2,0/0/0,0/0/0,0/0/0]",,,1,1,0,,0,,,FIN,,0,0,0,0,0xf,qp_state,0,0,1,1,1,qp_state,0xf,4,1,0,0,2,2,2,2,"3,3,3,3",0,,1,1,0,,0xf,4,1,0,0,2,2,2,2,"3,3,3,3",0,,,,,,3352,10726,,,,,,,,,,1,,,,,,,0,,,0,,,,2659752031.171,,1,,,0,,FIN,left,1528693897.096,0,,,0,,,,,,0,0,0,0,0,,,,,1,0,,,,,,0,,,0,0,,0,,,0,0,0,0,0.0,10726,0,,,,1,abort,2659753005.589,0,0,0,,,,1,0,0,1,1,1,0,0,0,0,0,0,0,1,,,,,,,,,1,0,,,,,,0,,,1,0,,0,,,0,0,0,0,,,0,,,,1,abort,1528693933.894,0,0,0,,,,0,0,0,1,1,1,0,0,0,0,0,0,0,1,0,,,,,,,,,,,,,,,,,,,,1133.263000011444,10.701000213623047,,,,,,976.0529999732971,0,,,,,,1,1,0,,0,,,,,,,,,,,,,,,,1,1,0,,0,,,,,,,,,,,,,,,,0,,,0,,,,,,,,,1,0,,0,,,,0,,0,,1,initiator,2659752039.396,0,,,0,,,,0,0,,,,,,0,verified,,0,1,0,,0,,,,0,,0,,1,responder,1528692925.208,0,,,0,,,,0,0,,,,,,0,verified,0,rejected,2,,,29357,4,"29354,29355,29356",29354,1,29358,1,0,5,,,,,,,,,,,,,,,,,,,,,,,,,,,,,,,,,,,,,,,,,,,,,,,,,,,,,,,,,,,,,,,,,,,,,,,,,,,,,,,,,,,,,,,,,,,,,,,,,,,,,,,,,,,,,,,,,,,,,,,,,,,,,,,,,,,,,,,,,,,,,,,,,,,,,,,,,,,,,,,,,,,,,,,,,,,,,,,
pq_repost_r1_b@hq,scored,2,hq,pq_repost_r1_b_n1,pq_repost_r1_b,hq,n1,hq,bidir,F1,blocking,1,,16384,400,637,primary,4,3,0,4,4,0,2.8,device_error,device_error,,,,41,remote process exited or there was a network error,41,,,41,remote process exited or there was a network error,0,359,359,400,1,1,0,1,0,41,remote process exited or there was a network error,41,remote process exited or there was a network error,0,359,0,remote process exited or there was a network error,remote process exited or there was a network error,620.6,620.6,3803,3711,12.45,20.22,12.90,20.22,0,41,1,1,,1,0,0,1,0,LOCAL_QP_ERR,,0,0,0,0,0,0,peer NACK (its re-post plan was rejected),a re-post target was rejected (test switch),0,0,,,no error,no error,902.3,891.5,629.2,627.5,0,0,,2659586633.007,607.5819997787476,,,,LOCAL_QP_ERR,8.869999885559082,,12.78600025177002,,,,,,1,1,0,,0,,,FIN,2659586645.793,0,0,1,0,0xf,off,0,0,0,1,1,off,,,0,0,0,2,2,2,2,"6,6,6,6",4,,0,1,0,,,,0,0,0,2,2,2,2,"6,6,6,6",4,,,,,,,,,,,,,,,,,1,,,,,,,0,,,0,,,,2659586641.877,2659586645.793,1,,,0,,FIN,left,1528527859.089,0,,,0,,,,,1528527535.606,0,0,0,0,0,,,,,1,0,,,,,,0,,,0,0,,0,,,0,0,0,0,,,0,,,,1,declined,2659586645.783,0,0,0,,,,1,0,0,1,1,0,1,0,0,0,0,0,0,1,0,,,,,,,,1,0,-1:0,0,0@-,0,1,0,,,1,0,,0,,,0,0,0,0,,,0,,,,1,declined,1528527535.581,0,0,1,1,4,1528527535.302,0,0,0,1,1,0,1,0,0,0,0,0,0,1,0,,,,,,,,,,,,,,,,,,,,607.5819997787476,8.869999885559082,3.9160003662109375,,,,,327.4020004272461,0,,,,,,1,1,0,,0,,,,,,,,,,,,,,,,1,1,0,,0,,,,,,,,,,,,,,,,0,,,0,,,,,,,,,1,1,1:declined,1,declined,1:unknown,unknown,0,,0,,0,,,0,,,0,,,,0,0,,peer NACK (its re-post plan was rejected),,,,0,verified,,0,1,1,0:declined,1,declined,0:unknown,unknown,0,,0,,0,,,1,1,1528527535.302,0,,,,0,0,,a re-post target was rejected (test switch),,,,0,verified,0,,0,,,30396,1,none,none,0,none,,,1,,,,,,,,,,,,,,,,,,,,,,,,,,,,,,,,,,,,,,,,,,,,,,,,,,,,,,,,,,,,,,,,,,,,,,,,,,,,,,,,,,,,,,,,,,,,,,,,,,,,,,,,,,,,,,,,,,,,,,,,,,,,,,,,,,,,,,,,,,,,,,,,,,,,,,,,,,,,,,,,,,,,,,,,,,,,,,,
pq_repost_r1_b@hq,scored,2,hq,pq_repost_r1_b_n2,pq_repost_r1_b,hq,n2,hq,bidir,F1,blocking,1,,16384,400,774,primary,4,3,0,4,4,0,2.8,device_error,device_error,,,,50,remote process exited or there was a network error,50,,,50,remote process exited or there was a network error,0,350,350,400,1,1,0,1,0,50,remote process exited or there was a network error,50,remote process exited or there was a network error,0,350,0,remote process exited or there was a network error,remote process exited or there was a network error,755.9,755.9,4340,4259,12.77,18.40,12.98,18.40,0,50,1,1,,1,0,0,1,0,LOCAL_QP_ERR,,0,0,0,0,0,0,peer NACK (its re-post plan was rejected),a re-post target was rejected (test switch),0,0,,,no error,no error,767.1,753.1,764.8,764.5,0,0,,2659591296.25,746.3839998245239,,,,LOCAL_QP_ERR,5.052000045776367,,9.348000049591064,,,,,,1,1,0,,0,,,FIN,2659591305.598,0,0,1,0,0xf,off,0,0,0,1,1,off,,,0,0,0,2,2,2,2,"6,6,6,6",4,,0,1,0,,,,0,0,0,2,2,2,2,"6,6,6,6",4,,,,,,,,,,,,,,,,,1,,,,,,,0,,,0,,,,2659591301.302,2659591305.598,1,,,0,,FIN,left,1528532519.077,0,,,0,,,,,1528532195.476,0,0,0,0,0,,,,,1,0,,,,,,0,,,0,0,,0,,,0,0,0,0,,,0,,,,1,declined,2659591305.588,0,0,0,,,,1,0,0,1,1,0,1,0,0,0,0,0,0,1,0,,,,,,,,1,0,-1:0,0,0@-,0,1,0,,,1,0,,0,,,0,0,0,0,,,0,,,,1,declined,1528532195.451,0,0,1,1,4,1528532195.105,0,0,0,1,1,0,1,0,0,0,0,0,0,1,0,,,,,,,,,,,,,,,,,,,,746.3839998245239,5.052000045776367,4.296000003814697,,,,,327.9689998626709,0,,,,,,1,1,0,,0,,,,,,,,,,,,,,,,1,1,0,,0,,,,,,,,,,,,,,,,0,,,0,,,,,,,,,1,1,1:declined,1,declined,1:unknown,unknown,0,,0,,0,,,0,,,0,,,,0,0,,peer NACK (its re-post plan was rejected),,,,0,verified,,0,1,1,0:declined,1,declined,0:unknown,unknown,0,,0,,0,,,1,1,1528532195.105,0,,,,0,0,,a re-post target was rejected (test switch),,,,0,verified,0,,0,,,30071,1,none,none,0,none,,,2,,,,,,,,,,,,,,,,,,,,,,,,,,,,,,,,,,,,,,,,,,,,,,,,,,,,,,,,,,,,,,,,,,,,,,,,,,,,,,,,,,,,,,,,,,,,,,,,,,,,,,,,,,,,,,,,,,,,,,,,,,,,,,,,,,,,,,,,,,,,,,,,,,,,,,,,,,,,,,,,,,,,,,,,,,,,,,,
pq_repost_r1_b@hq,scored,2,hq,pq_repost_r1_b_n3,pq_repost_r1_b,hq,n3,hq,bidir,F1,blocking,1,,16384,400,911,primary,4,3,0,4,4,0,2.8,device_error,device_error,,,,59,remote process exited or there was a network error,59,,,59,remote process exited or there was a network error,0,341,341,400,1,1,0,1,0,59,remote process exited or there was a network error,59,remote process exited or there was a network error,0,341,0,remote process exited or there was a network error,remote process exited or there was a network error,891.0,890.9,4873,4801,12.58,13.92,12.89,20.03,0,59,1,1,,1,0,0,1,0,LOCAL_QP_ERR,,0,0,0,0,0,0,peer NACK (its re-post plan was rejected),a re-post target was rejected (test switch),0,0,,,no error,no error,638.8,625.2,899.5,898.5,0,0,,2659600527.037,883.6800003051758,,,,LOCAL_QP_ERR,3.054999828338623,,7.019000053405762,,,,,,1,1,0,,0,,,FIN,2659600534.056,0,0,1,0,0xf,off,0,0,0,1,1,off,,,0,0,0,2,2,2,2,"6,6,6,6",4,,0,1,0,,,,0,0,0,2,2,2,2,"6,6,6,6",4,,,,,,,,,,,,,,,,,1,,,,,,,0,,,0,,,,2659600530.092,2659600534.056,1,,,0,,FIN,left,1528541747.067,0,,,0,,,,,1528541423.92,0,0,0,0,0,,,,,1,0,,,,,,0,,,0,0,,0,,,0,0,0,0,,,0,,,,1,declined,2659600534.046,0,0,0,,,,1,0,0,1,1,0,1,0,0,0,0,0,0,1,0,,,,,,,,1,0,-1:0,0,0@-,0,1,0,,,1,0,,0,,,0,0,0,0,,,0,,,,1,declined,1528541423.895,0,0,1,1,4,1528541423.592,0,0,0,1,1,0,1,0,0,0,0,0,0,1,0,,,,,,,,,,,,,,,,,,,,883.6800003051758,3.054999828338623,3.9640002250671387,,,,,327.1579999923706,0,,,,,,1,1,0,,0,,,,,,,,,,,,,,,,1,1,0,,0,,,,,,,,,,,,,,,,0,,,0,,,,,,,,,1,1,1:declined,1,declined,1:unknown,unknown,0,,0,,0,,,0,,,0,,,,0,0,,peer NACK (its re-post plan was rejected),,,,0,verified,,0,1,1,0:declined,1,declined,0:unknown,unknown,0,,0,,0,,,1,1,1528541423.592,0,,,,0,0,,a re-post target was rejected (test switch),,,,0,verified,0,,0,,,30365,1,none,none,0,none,,,3,,,,,,,,,,,,,,,,,,,,,,,,,,,,,,,,,,,,,,,,,,,,,,,,,,,,,,,,,,,,,,,,,,,,,,,,,,,,,,,,,,,,,,,,,,,,,,,,,,,,,,,,,,,,,,,,,,,,,,,,,,,,,,,,,,,,,,,,,,,,,,,,,,,,,,,,,,,,,,,,,,,,,,,,,,,,,,,
pq_repost_r1_b@hq,scored,2,hq,pq_repost_r1_b_n4,pq_repost_r1_b,hq,n4,hq,bidir,F1,blocking,1,,16384,400,1048,primary,4,3,0,4,4,0,3.3,device_error,device_error,,,,68,remote process exited or there was a network error,68,,,68,remote process exited or there was a network error,0,332,332,400,1,1,0,1,0,68,remote process exited or there was a network error,68,remote process exited or there was a network error,0,332,0,remote process exited or there was a network error,remote process exited or there was a network error,1026.1,1026.2,5424,5348,12.70,14.50,12.81,18.82,0,68,1,1,,1,0,0,1,0,LOCAL_QP_ERR,,0,0,0,0,0,0,peer NACK (its re-post plan was rejected),a re-post target was rejected (test switch),0,0,,,no error,no error,998.3,982.1,1034.7,1035.1,0,0,,2659605204.26,1019.246000289917,,,,LOCAL_QP_ERR,2.554999828338623,,6.7089996337890625,,,,,,1,1,0,,0,,,FIN,2659605210.969,0,0,1,0,0xf,off,0,0,0,1,1,off,,,0,0,0,2,2,2,2,"6,6,6,6",4,,0,1,0,,,,0,0,0,2,2,2,2,"6,6,6,6",4,,,,,,,,,,,,,,,,,1,,,,,,,0,,,0,,,,2659605206.815,2659605210.969,1,,,0,,FIN,left,1528546423.989,0,,,0,,,,,1528546100.792,0,0,0,0,0,,,,,1,0,,,,,,0,,,0,0,,0,,,0,0,0,0,,,0,,,,1,declined,2659605210.959,0,0,0,,,,1,0,0,1,1,0,1,0,0,0,0,0,0,1,0,,,,,,,,1,0,-1:0,0,0@-,0,1,0,,,1,0,,0,,,0,0,0,0,,,0,,,,1,declined,1528546100.767,0,0,1,1,4,1528546100.498,0,0,0,1,1,0,1,0,0,0,0,0,0,1,0,,,,,,,,,,,,,,,,,,,,1019.246000289917,2.554999828338623,4.1539998054504395,,,,,327.3550000190735,0,,,,,,1,1,0,,0,,,,,,,,,,,,,,,,1,1,0,,0,,,,,,,,,,,,,,,,0,,,0,,,,,,,,,1,1,1:declined,1,declined,1:unknown,unknown,0,,0,,0,,,0,,,0,,,,0,0,,peer NACK (its re-post plan was rejected),,,,0,verified,,0,1,1,0:declined,1,declined,0:unknown,unknown,0,,0,,0,,,1,1,1528546100.498,0,,,,0,0,,a re-post target was rejected (test switch),,,,0,verified,0,,0,,,30379,1,none,none,0,none,,,4,,,,,,,,,,,,,,,,,,,,,,,,,,,,,,,,,,,,,,,,,,,,,,,,,,,,,,,,,,,,,,,,,,,,,,,,,,,,,,,,,,,,,,,,,,,,,,,,,,,,,,,,,,,,,,,,,,,,,,,,,,,,,,,,,,,,,,,,,,,,,,,,,,,,,,,,,,,,,,,,,,,,,,,,,,,,,,,
pq_repost_r1_b@hq,scored,2,hq,pq_repost_r1_b_n5,pq_repost_r1_b,hq,n5,hq,bidir,F1,blocking,1,,16384,400,1185,primary,4,3,0,4,4,0,3.3,device_error,device_error,,,,77,remote process exited or there was a network error,77,,,77,remote process exited or there was a network error,0,323,323,400,1,1,0,1,0,77,remote process exited or there was a network error,77,remote process exited or there was a network error,0,323,0,remote process exited or there was a network error,remote process exited or there was a network error,1161.0,1160.9,5969,5870,12.48,13.92,12.79,19.74,0,77,1,1,,1,0,0,1,0,LOCAL_QP_ERR,,0,0,0,0,0,0,peer NACK (its re-post plan was rejected),a re-post target was rejected (test switch),0,0,,,no error,no error,867.4,855.0,1169.9,1167.7,0,0,,2659614905.05,1155.4850001335144,,,,LOCAL_QP_ERR,1.4019999504089355,,5.383999824523926,,,,,,1,1,0,,0,,,FIN,2659614910.434,0,0,1,0,0xf,off,0,0,0,1,1,off,,,0,0,0,2,2,2,2,"6,6,6,6",4,,0,1,0,,,,0,0,0,2,2,2,2,"6,6,6,6",4,,,,,,,,,,,,,,,,,1,,,,,,,0,,,0,,,,2659614906.452,2659614910.434,1,,,0,,FIN,left,1528556123.378,0,,,0,,,,,1528555800.239,0,0,0,0,0,,,,,1,0,,,,,,0,,,0,0,,0,,,0,0,0,0,,,0,,,,1,declined,2659614910.424,0,0,0,,,,1,0,0,1,1,0,1,0,0,0,0,0,0,1,0,,,,,,,,1,0,-1:0,0,0@-,0,1,0,,,1,0,,0,,,0,0,0,0,,,0,,,,1,declined,1528555800.214,0,0,1,1,4,1528555799.922,0,0,0,1,1,0,1,0,0,0,0,0,0,1,0,,,,,,,,,,,,,,,,,,,,1155.4850001335144,1.4019999504089355,3.9819998741149902,,,,,327.10599994659424,0,,,,,,1,1,0,,0,,,,,,,,,,,,,,,,1,1,0,,0,,,,,,,,,,,,,,,,0,,,0,,,,,,,,,1,1,1:declined,1,declined,1:unknown,unknown,0,,0,,0,,,0,,,0,,,,0,0,,peer NACK (its re-post plan was rejected),,,,0,verified,,0,1,1,0:declined,1,declined,0:unknown,unknown,0,,0,,0,,,1,1,1528555799.922,0,,,,0,0,,a re-post target was rejected (test switch),,,,0,verified,0,,0,,,29985,1,none,none,0,none,,,5,,,,,,,,,,,,,,,,,,,,,,,,,,,,,,,,,,,,,,,,,,,,,,,,,,,,,,,,,,,,,,,,,,,,,,,,,,,,,,,,,,,,,,,,,,,,,,,,,,,,,,,,,,,,,,,,,,,,,,,,,,,,,,,,,,,,,,,,,,,,,,,,,,,,,,,,,,,,,,,,,,,,,,,,,,,,,,,
pq_repost_r1_b@hq,scored,2,hq,pq_repost_r1_b_n6,pq_repost_r1_b,hq,n6,hq,bidir,F1,blocking,1,,16384,400,622,primary,4,3,0,4,4,0,2.8,device_error,device_error,,,,40,remote process exited or there was a network error,40,,,40,remote process exited or there was a network error,0,360,360,400,1,1,0,1,0,40,remote process exited or there was a network error,40,remote process exited or there was a network error,0,360,0,remote process exited or there was a network error,remote process exited or there was a network error,605.1,605.0,3692,3659,12.67,18.50,12.91,18.50,0,40,1,1,,1,0,0,1,0,LOCAL_QP_ERR,,0,0,0,0,0,0,peer NACK (its re-post plan was rejected),a re-post target was rejected (test switch),0,0,,,no error,no error,912.1,899.6,614.7,612.6,0,0,,2659619387.347,592.1380000114441,,,,LOCAL_QP_ERR,9.303999900817871,,12.756999969482422,,,,,,1,1,0,,0,,,FIN,2659619400.104,0,0,1,0,0xf,off,0,0,0,1,1,off,,,0,0,0,2,2,2,2,"6,6,6,6",4,,0,1,0,,,,0,0,0,2,2,2,2,"6,6,6,6",4,,,,,,,,,,,,,,,,,1,,,,,,,0,,,0,,,,2659619396.651,2659619400.104,1,,,0,,FIN,left,1528560614.302,0,,,0,,,,,1528560289.885,0,0,0,0,0,,,,,1,0,,,,,,0,,,0,0,,0,,,0,0,0,0,,,0,,,,1,declined,2659619400.094,0,0,0,,,,1,0,0,1,1,0,1,0,0,0,0,0,0,1,0,,,,,,,,1,0,-1:0,0,0@-,0,1,0,,,1,0,,0,,,0,0,0,0,,,0,,,,1,declined,1528560289.861,0,0,1,1,4,1528560289.6,0,0,0,1,1,0,1,0,0,0,0,0,0,1,0,,,,,,,,,,,,,,,,,,,,592.1380000114441,9.303999900817871,3.453000068664551,,,,,327.82400035858154,0,,,,,,1,1,0,,0,,,,,,,,,,,,,,,,1,1,0,,0,,,,,,,,,,,,,,,,0,,,0,,,,,,,,,1,1,1:declined,1,declined,1:unknown,unknown,0,,0,,0,,,0,,,0,,,,0,0,,peer NACK (its re-post plan was rejected),,,,0,verified,,0,1,1,0:declined,1,declined,0:unknown,unknown,0,,0,,0,,,1,1,1528560289.6,0,,,,0,0,,a re-post target was rejected (test switch),,,,0,verified,0,,0,,,30199,1,none,none,0,none,,,6,,,,,,,,,,,,,,,,,,,,,,,,,,,,,,,,,,,,,,,,,,,,,,,,,,,,,,,,,,,,,,,,,,,,,,,,,,,,,,,,,,,,,,,,,,,,,,,,,,,,,,,,,,,,,,,,,,,,,,,,,,,,,,,,,,,,,,,,,,,,,,,,,,,,,,,,,,,,,,,,,,,,,,,,,,,,,,,
pq_repost_r1_b@hq,scored,2,hq,pq_repost_r1_b_n7,pq_repost_r1_b,hq,n7,hq,bidir,F1,blocking,1,,16384,400,759,primary,4,3,0,4,4,0,2.8,device_error,device_error,,,,48,remote process exited or there was a network error,48,,,48,remote process exited or there was a network error,0,352,352,400,1,1,0,1,0,48,remote process exited or there was a network error,48,remote process exited or there was a network error,0,352,0,remote process exited or there was a network error,remote process exited or there was a network error,725.2,725.4,4238,4156,12.67,18.50,12.94,18.50,0,48,1,1,,1,0,0,1,0,LOCAL_QP_ERR,,0,0,0,0,0,0,peer NACK (its re-post plan was rejected),a re-post target was rejected (test switch),0,0,,,no error,no error,781.1,760.0,732.9,733.1,0,0,,2659628632.276,711.4169998168945,,,,LOCAL_QP_ERR,9.960999965667725,,13.706999778747559,,,,,,1,1,0,,0,,,FIN,2659628645.983,0,0,1,0,0xf,off,0,0,0,1,1,off,,,0,0,0,2,2,2,2,"6,6,6,6",4,,0,1,0,,,,0,0,0,2,2,2,2,"6,6,6,6",4,,,,,,,,,,,,,,,,,1,,,,,,,0,,,0,,,,2659628642.237,2659628645.983,1,,,0,,FIN,left,1528569857.99,0,,,0,,,,,1528569535.827,0,0,0,0,0,,,,,1,0,,,,,,0,,,0,0,,0,,,0,0,0,0,,,0,,,,1,declined,2659628645.973,0,0,0,,,,1,0,0,1,1,0,1,0,0,0,0,0,0,1,0,,,,,,,,1,0,-1:0,0,0@-,0,1,0,,,1,0,,0,,,0,0,0,0,,,0,,,,1,declined,1528569535.801,0,0,1,1,4,1528569535.516,0,0,0,1,1,0,1,0,0,0,0,0,0,1,0,,,,,,,,,,,,,,,,,,,,711.4169998168945,9.960999965667725,3.745999813079834,,,,,325.92000007629395,0,,,,,,1,1,0,,0,,,,,,,,,,,,,,,,1,1,0,,0,,,,,,,,,,,,,,,,0,,,0,,,,,,,,,1,1,1:declined,1,declined,1:unknown,unknown,0,,0,,0,,,0,,,0,,,,0,0,,peer NACK (its re-post plan was rejected),,,,0,verified,,0,1,1,0:declined,1,declined,0:unknown,unknown,0,,0,,0,,,1,1,1528569535.516,0,,,,0,0,,a re-post target was rejected (test switch),,,,0,verified,0,,0,,,30343,1,none,none,0,none,,,7,,,,,,,,,,,,,,,,,,,,,,,,,,,,,,,,,,,,,,,,,,,,,,,,,,,,,,,,,,,,,,,,,,,,,,,,,,,,,,,,,,,,,,,,,,,,,,,,,,,,,,,,,,,,,,,,,,,,,,,,,,,,,,,,,,,,,,,,,,,,,,,,,,,,,,,,,,,,,,,,,,,,,,,,,,,,,,,
pq_repost_r1_b@hq,scored,2,hq,pq_repost_r1_b_n8,pq_repost_r1_b,hq,n8,hq,bidir,F1,blocking,1,,16384,400,896,primary,4,3,0,4,4,0,2.8,device_error,device_error,,,,58,remote process exited or there was a network error,58,,,58,remote process exited or there was a network error,0,342,342,400,1,1,0,1,0,58,remote process exited or there was a network error,58,remote process exited or there was a network error,0,342,0,remote process exited or there was a network error,remote process exited or there was a network error,876.0,876.0,4823,4735,12.70,14.08,12.88,19.84,0,58,1,1,,1,0,0,1,0,LOCAL_QP_ERR,,0,0,0,0,0,0,peer NACK (its re-post plan was rejected),a re-post target was rejected (test switch),0,0,,,no error,no error,648.5,635.1,884.6,884.9,0,0,,2659633301.12,867.0759997367859,,,,LOCAL_QP_ERR,4.5420002937316895,,8.839000225067139,,,,,,1,1,0,,0,,,FIN,2659633309.959,0,0,1,0,0xf,off,0,0,0,1,1,off,,,0,0,0,2,2,2,2,"6,6,6,6",4,,0,1,0,,,,0,0,0,2,2,2,2,"6,6,6,6",4,,,,,,,,,,,,,,,,,1,,,,,,,0,,,0,,,,2659633305.662,2659633309.959,1,,,0,,FIN,left,1528574522.872,0,,,0,,,,,1528574199.716,0,0,0,0,0,,,,,1,0,,,,,,0,,,0,0,,0,,,0,0,0,0,,,0,,,,1,declined,2659633309.946,0,0,0,,,,1,0,0,1,1,0,1,0,0,0,0,0,0,1,0,,,,,,,,1,0,-1:0,0,0@-,0,1,0,,,1,0,,0,,,0,0,0,0,,,0,,,,1,declined,1528574199.691,0,0,1,1,4,1528574199.425,0,0,0,1,1,0,1,0,0,0,0,0,0,1,0,,,,,,,,,,,,,,,,,,,,867.0759997367859,4.5420002937316895,4.296999931335449,,,,,327.37599992752075,0,,,,,,1,1,0,,0,,,,,,,,,,,,,,,,1,1,0,,0,,,,,,,,,,,,,,,,0,,,0,,,,,,,,,1,1,1:declined,1,declined,1:unknown,unknown,0,,0,,0,,,0,,,0,,,,0,0,,peer NACK (its re-post plan was rejected),,,,0,verified,,0,1,1,0:declined,1,declined,0:unknown,unknown,0,,0,,0,,,1,1,1528574199.425,0,,,,0,0,,a re-post target was rejected (test switch),,,,0,verified,0,,0,,,29146,1,none,none,0,none,,,8,,,,,,,,,,,,,,,,,,,,,,,,,,,,,,,,,,,,,,,,,,,,,,,,,,,,,,,,,,,,,,,,,,,,,,,,,,,,,,,,,,,,,,,,,,,,,,,,,,,,,,,,,,,,,,,,,,,,,,,,,,,,,,,,,,,,,,,,,,,,,,,,,,,,,,,,,,,,,,,,,,,,,,,,,,,,,,,
pq_repost_r1_b@hq,scored,2,hq,pq_repost_r1_b_n9,pq_repost_r1_b,hq,n9,hq,bidir,F1,blocking,1,,16384,400,1033,primary,4,3,0,4,4,0,2.8,device_error,device_error,,,,67,remote process exited or there was a network error,67,,,67,remote process exited or there was a network error,0,333,333,400,1,1,0,1,0,67,remote process exited or there was a network error,67,remote process exited or there was a network error,0,333,0,remote process exited or there was a network error,remote process exited or there was a network error,1010.9,1010.8,5355,5274,12.48,13.86,12.78,18.40,0,67,1,1,,1,0,0,1,0,LOCAL_QP_ERR,,0,0,0,0,0,0,peer NACK (its re-post plan was rejected),a re-post target was rejected (test switch),0,0,,,no error,no error,520.2,1007.6,1019.5,1018.5,0,0,,2659643064.412,1005.4869999885559,,,,LOCAL_QP_ERR,1.247999668121338,,5.233999729156494,,,,,,1,1,0,,0,,,FIN,2659643069.646,0,0,1,0,0xf,off,0,0,0,1,1,off,,,0,0,0,2,2,2,2,"6,6,6,6",4,,0,1,0,,,,0,0,0,2,2,2,2,"6,6,6,6",4,,,,,,,,,,,,,,,,,1,,,,,,,0,,,0,,,,2659643065.66,2659643069.646,1,,,0,,FIN,left,1528584282.613,0,,,0,,,,,1528583959.492,0,0,0,0,0,,,,,1,0,,,,,,0,,,0,0,,0,,,0,0,0,0,,,0,,,,1,declined,2659643069.636,0,0,0,,,,1,0,0,1,1,0,1,0,0,0,0,0,0,1,0,,,,,,,,1,0,-1:0,0,0@-,0,1,0,,,1,0,,0,,,0,0,0,0,,,0,,,,1,declined,1528583959.466,0,0,1,1,4,1528583959.147,0,0,0,1,1,0,1,0,0,0,0,0,0,1,0,,,,,,,,,,,,,,,,,,,,1005.4869999885559,1.247999668121338,3.9860000610351562,,,,,327.1170001029968,0,,,,,,1,1,0,,0,,,,,,,,,,,,,,,,1,1,0,,0,,,,,,,,,,,,,,,,0,,,0,,,,,,,,,1,1,1:declined,1,declined,1:unknown,unknown,0,,0,,0,,,0,,,0,,,,0,0,,peer NACK (its re-post plan was rejected),,,,0,verified,,0,1,1,0:declined,1,declined,0:unknown,unknown,0,,0,,0,,,1,1,1528583959.147,0,,,,0,0,,a re-post target was rejected (test switch),,,,0,verified,0,,0,,,29390,1,none,none,0,none,,,9,,,,,,,,,,,,,,,,,,,,,,,,,,,,,,,,,,,,,,,,,,,,,,,,,,,,,,,,,,,,,,,,,,,,,,,,,,,,,,,,,,,,,,,,,,,,,,,,,,,,,,,,,,,,,,,,,,,,,,,,,,,,,,,,,,,,,,,,,,,,,,,,,,,,,,,,,,,,,,,,,,,,,,,,,,,,,,,
pq_repost_r1_b@hq,scored,2,hq,pq_repost_r1_b_n10,pq_repost_r1_b,hq,n10,hq,bidir,F1,blocking,1,,16384,400,1170,primary,4,3,0,4,4,0,3.3,device_error,device_error,,,,76,remote process exited or there was a network error,76,,,76,remote process exited or there was a network error,0,324,324,400,1,1,0,1,0,76,remote process exited or there was a network error,76,remote process exited or there was a network error,0,324,0,remote process exited or there was a network error,remote process exited or there was a network error,1146.1,1146.0,5914,5827,12.61,14.72,12.81,19.81,0,76,1,1,,1,0,0,1,0,LOCAL_QP_ERR,,0,0,0,0,0,0,peer NACK (its re-post plan was rejected),a re-post target was rejected (test switch),0,0,,,no error,no error,883.3,868.1,1155.0,1152.9,0,0,,2659648239.398,1138.664999961853,,,,LOCAL_QP_ERR,3.202000141143799,,7.192000389099121,,,,,,1,1,0,,0,,,FIN,2659648246.59,0,0,1,0,0xf,off,0,0,0,1,1,off,,,0,0,0,2,2,2,2,"6,6,6,6",4,,0,1,0,,,,0,0,0,2,2,2,2,"6,6,6,6",4,,,,,,,,,,,,,,,,,1,,,,,,,0,,,0,,,,2659648242.6,2659648246.59,1,,,0,,FIN,left,1528589459.929,0,,,0,,,,,1528589136.368,0,0,0,0,0,,,,,1,0,,,,,,0,,,0,0,,0,,,0,0,0,0,,,0,,,,1,declined,2659648246.58,0,0,0,,,,1,0,0,1,1,0,1,0,0,0,0,0,0,1,0,,,,,,,,1,0,-1:0,0,0@-,0,1,0,,,1,0,,0,,,0,0,0,0,,,0,,,,1,declined,1528589136.342,0,0,1,1,4,1528589136.081,0,0,0,1,1,0,1,0,0,0,0,0,0,1,0,,,,,,,,,,,,,,,,,,,,1138.664999961853,3.202000141143799,3.9900002479553223,,,,,327.4909996986389,0,,,,,,1,1,0,,0,,,,,,,,,,,,,,,,1,1,0,,0,,,,,,,,,,,,,,,,0,,,0,,,,,,,,,1,1,1:declined,1,declined,1:unknown,unknown,0,,0,,0,,,0,,,0,,,,0,0,,peer NACK (its re-post plan was rejected),,,,0,verified,,0,1,1,0:declined,1,declined,0:unknown,unknown,0,,0,,0,,,1,1,1528589136.081,0,,,,0,0,,a re-post target was rejected (test switch),,,,0,verified,0,,0,,,30786,1,none,none,0,none,,,10,,,,,,,,,,,,,,,,,,,,,,,,,,,,,,,,,,,,,,,,,,,,,,,,,,,,,,,,,,,,,,,,,,,,,,,,,,,,,,,,,,,,,,,,,,,,,,,,,,,,,,,,,,,,,,,,,,,,,,,,,,,,,,,,,,,,,,,,,,,,,,,,,,,,,,,,,,,,,,,,,,,,,,,,,,,,,,,
hdp_kill_b@hqp,scored,2,hqp,hdp_kill_b_n1,hdp_kill_b,hqp,n1,hqp,default,F4,blocking,1,,262144,200,700,primary,4,3,0,4,255,0,5.3,device_error,,,,,103,remote process exited or there was a network error,103,,,,,,,,,,,,,,,,,,,,,remote process exited or there was a network error,,3069.5,,13557,,45.57,51.52,45.85,55.62,0,103,0,0,,0,0,0,0,0,,,0,0,0,0,0,0,peer judged dead: the peer's socket shows FIN,,0,0,,,no error,,895.6,,3095.0,,0,0,,2659442954.803,3067.7839999198914,,,,,,,1.6810002326965332,,,,,,0,0,0,,1,2659442955.098,FIN,,2659442956.484,1,0,0,0,,,0,0,,,0,,,,0,0,0,,,,,,,,,,0,,,,0,0,0,,,,,,,,,,,,,,,,,,,,,,,,,,,FIN,dead,2659442955.098,1,FIN,2659442955.098,0,,,,,2659442956.484,,,,0,,,,,0,,,0,,,,,,0,0,0,0,0,,,,,0,,,,,,,1,FIN,2659442955.123,0,0,,0,,,0,0,0,0,,,0,,,,1,peer-dead,2659442956.478,0,0,0,,,,0,0,0,1,0,0,1,0,1,0,0,0,0,1,,,,,,,,,0,,,,,,,0,,,0,0,,0,,,0,0,0,0,,,0,,,,0,,,0,0,0,,,,0,0,0,,,,,,,,,,,,,,,,,,,,,,,,,,,,,,,,,,,,,,1.6810002326965332,,0,,,,,,0,,0,,0,,,,,,,,,,,,,,,,0,,0,,0,,,,,,,,,,,,,,,,0,,,0,,,,,,,,,0,1,1:peer-dead,1,peer-dead,,,0,,0,,0,,,0,,,0,,,,0,0,,peer judged dead: the peer's socket shows FIN,,,,0,verified,,0,0,0,,0,,,,0,,0,,0,,,0,,,0,,,,0,0,,,,,,0,verified,0,,0,,,30465,1,none,none,0,none,,,1,,,,,,,,,,,,,,,,,,,,,,,,,,,,,,,,,,,,,,,,,,,,,,,,,,,,,,,,,,,,,,,,,,,,,,,,,,,,,,,,,,,,,,,,,,,,,,,,,,,,,,,,,,,,,,,,,,,,,,,,,,,,,,,,,,,,,,,,,,,,,,,,,,,,,,,,,,,,,,,,,,,,,,,,,,,,,,,
hdp_kill_b@hqp,scored,2,hqp,hdp_kill_b_n2,hdp_kill_b,hqp,n2,hqp,default,F4,blocking,1,,262144,200,700,primary,4,3,0,4,255,0,5.3,device_error,,,,,110,remote process exited or there was a network error,110,,,,,,,,,,,,,,,,,,,,,remote process exited or there was a network error,,3303.6,,14405,,43.94,49.92,45.22,54.14,0,110,0,0,,0,0,0,0,0,,,0,0,0,0,0,0,peer judged dead: the peer's socket shows FIN,,0,0,,,no error,,692.3,,3306.1,,0,0,,2659450241.8719997,3301.926999568939,,,,,,,1.6040000915527344,,,,,,0,0,0,,1,2659450242.158,FIN,,2659450243.476,1,0,0,0,,,0,0,,,0,,,,0,0,0,,,,,,,,,,0,,,,0,0,0,,,,,,,,,,,,,,,,,,,,,,,,,,,FIN,dead,2659450242.158,1,FIN,2659450242.158,0,,,,,2659450243.476,,,,0,,,,,0,,,0,,,,,,0,0,0,0,0,,,,,0,,,,,,,1,FIN,2659450242.185,0,0,,0,,,0,0,0,0,,,0,,,,1,peer-dead,2659450243.468,0,0,0,,,,0,0,0,1,0,0,1,0,1,0,0,0,0,1,,,,,,,,,0,,,,,,,0,,,0,0,,0,,,0,0,0,0,,,0,,,,0,,,0,0,0,,,,0,0,0,,,,,,,,,,,,,,,,,,,,,,,,,,,,,,,,,,,,,,1.6040000915527344,,0,,,,,,0,,0,,0,,,,,,,,,,,,,,,,0,,0,,0,,,,,,,,,,,,,,,,0,,,0,,,,,,,,,0,1,1:peer-dead,1,peer-dead,,,0,,0,,0,,,0,,,0,,,,0,0,,peer judged dead: the peer's socket shows FIN,,,,0,verified,,0,0,0,,0,,,,0,,0,,0,,,0,,,0,,,,0,0,,,,,,0,verified,0,,0,,,29770,1,none,none,0,none,,,2,,,,,,,,,,,,,,,,,,,,,,,,,,,,,,,,,,,,,,,,,,,,,,,,,,,,,,,,,,,,,,,,,,,,,,,,,,,,,,,,,,,,,,,,,,,,,,,,,,,,,,,,,,,,,,,,,,,,,,,,,,,,,,,,,,,,,,,,,,,,,,,,,,,,,,,,,,,,,,,,,,,,,,,,,,,,,,,
hdp_kill_b@hqp,scored,2,hqp,hdp_kill_b_n3,hdp_kill_b,hqp,n3,hqp,default,F4,blocking,1,,262144,200,700,primary,4,3,0,4,255,0,5.8,device_error,,,,,117,remote process exited or there was a network error,117,,,,,,,,,,,,,,,,,,,,,remote process exited or there was a network error,,3515.0,,15244,,43.94,50.05,45.00,56.54,0,117,0,0,,0,0,0,0,0,,,0,0,0,0,0,0,peer judged dead: the peer's socket shows FIN,,0,0,,,no error,,974.0,,3516.4,,0,0,,2659457497.76,3513.16100025177,,,,,,,1.5979995727539062,,,,,,0,0,0,,1,2659457498.056,FIN,,2659457499.358,1,0,0,0,,,0,0,,,0,,,,0,0,0,,,,,,,,,,0,,,,0,0,0,,,,,,,,,,,,,,,,,,,,,,,,,,,FIN,dead,2659457498.056,1,FIN,2659457498.056,0,,,,,2659457499.358,,,,0,,,,,0,,,0,,,,,,0,0,0,0,0,,,,,0,,,,,,,1,FIN,2659457498.085,0,0,,0,,,0,0,0,0,,,0,,,,1,peer-dead,2659457499.352,0,0,0,,,,0,0,0,1,0,0,1,0,1,0,0,0,0,1,,,,,,,,,0,,,,,,,0,,,0,0,,0,,,0,0,0,0,,,0,,,,0,,,0,0,0,,,,0,0,0,,,,,,,,,,,,,,,,,,,,,,,,,,,,,,,,,,,,,,1.5979995727539062,,0,,,,,,0,,0,,0,,,,,,,,,,,,,,,,0,,0,,0,,,,,,,,,,,,,,,,0,,,0,,,,,,,,,0,1,1:peer-dead,1,peer-dead,,,0,,0,,0,,,0,,,0,,,,0,0,,peer judged dead: the peer's socket shows FIN,,,,0,verified,,0,0,0,,0,,,,0,,0,,0,,,0,,,0,,,,0,0,,,,,,0,verified,0,,0,,,30364,1,none,none,0,none,,,3,,,,,,,,,,,,,,,,,,,,,,,,,,,,,,,,,,,,,,,,,,,,,,,,,,,,,,,,,,,,,,,,,,,,,,,,,,,,,,,,,,,,,,,,,,,,,,,,,,,,,,,,,,,,,,,,,,,,,,,,,,,,,,,,,,,,,,,,,,,,,,,,,,,,,,,,,,,,,,,,,,,,,,,,,,,,,,,
hdp_kill_b@hqp,scored,2,hqp,hdp_kill_b_n4,hdp_kill_b,hqp,n4,hqp,default,F4,blocking,1,,262144,200,700,primary,4,3,0,4,255,0,5.8,device_error,,,,,124,remote process exited or there was a network error,124,,,,,,,,,,,,,,,,,,,,,remote process exited or there was a network error,,3706.5,,16085,,43.97,50.85,45.08,58.50,0,124,0,0,,0,0,0,0,0,,,0,0,0,0,0,0,peer judged dead: the peer's socket shows FIN,,0,0,,,no error,,763.0,,3726.7,,0,0,,2659465253.566,3704.790999889374,,,,,,,1.6090002059936523,,,,,,0,0,0,,1,2659465253.865,FIN,,2659465255.175,1,0,0,0,,,0,0,,,0,,,,0,0,0,,,,,,,,,,0,,,,0,0,0,,,,,,,,,,,,,,,,,,,,,,,,,,,FIN,dead,2659465253.865,1,FIN,2659465253.865,0,,,,,2659465255.175,,,,0,,,,,0,,,0,,,,,,0,0,0,0,0,,,,,0,,,,,,,1,FIN,2659465253.892,0,0,,0,,,0,0,0,0,,,0,,,,1,peer-dead,2659465255.169,0,0,0,,,,0,0,0,1,0,0,1,0,1,0,0,0,0,1,,,,,,,,,0,,,,,,,0,,,0,0,,0,,,0,0,0,0,,,0,,,,0,,,0,0,0,,,,0,0,0,,,,,,,,,,,,,,,,,,,,,,,,,,,,,,,,,,,,,,1.6090002059936523,,0,,,,,,0,,0,,0,,,,,,,,,,,,,,,,0,,0,,0,,,,,,,,,,,,,,,,0,,,0,,,,,,,,,0,1,1:peer-dead,1,peer-dead,,,0,,0,,0,,,0,,,0,,,,0,0,,peer judged dead: the peer's socket shows FIN,,,,0,verified,,0,0,0,,0,,,,0,,0,,0,,,0,,,0,,,,0,0,,,,,,0,verified,0,,0,,,30628,1,none,none,0,none,,,4,,,,,,,,,,,,,,,,,,,,,,,,,,,,,,,,,,,,,,,,,,,,,,,,,,,,,,,,,,,,,,,,,,,,,,,,,,,,,,,,,,,,,,,,,,,,,,,,,,,,,,,,,,,,,,,,,,,,,,,,,,,,,,,,,,,,,,,,,,,,,,,,,,,,,,,,,,,,,,,,,,,,,,,,,,,,,,,
hdp_kill_b@hqp,scored,2,hqp,hdp_kill_b_n5,hdp_kill_b,hqp,n5,hqp,default,F4,blocking,1,,262144,200,700,primary,4,3,0,4,255,0,5.3,device_error,,,,,102,remote process exited or there was a network error,102,,,,,,,,,,,,,,,,,,,,,remote process exited or there was a network error,,3049.6,,13437,,43.97,49.66,44.60,58.02,0,102,0,0,,0,0,0,0,0,,,0,0,0,0,0,0,peer judged dead: the peer's socket shows FIN,,0,0,,,no error,,932.7,,3065.6,,0,0,,2659472113.9370003,3047.94300031662,,,,,,,1.427999496459961,,,,,,0,0,0,,1,2659472114.216,FIN,,2659472115.365,1,0,0,0,,,0,0,,,0,,,,0,0,0,,,,,,,,,,0,,,,0,0,0,,,,,,,,,,,,,,,,,,,,,,,,,,,FIN,dead,2659472114.216,1,FIN,2659472114.216,0,,,,,2659472115.365,,,,0,,,,,0,,,0,,,,,,0,0,0,0,0,,,,,0,,,,,,,1,FIN,2659472114.241,0,0,,0,,,0,0,0,0,,,0,,,,1,peer-dead,2659472115.359,0,0,0,,,,0,0,0,1,0,0,1,0,1,0,0,0,0,1,,,,,,,,,0,,,,,,,0,,,0,0,,0,,,0,0,0,0,,,0,,,,0,,,0,0,0,,,,0,0,0,,,,,,,,,,,,,,,,,,,,,,,,,,,,,,,,,,,,,,1.427999496459961,,0,,,,,,0,,0,,0,,,,,,,,,,,,,,,,0,,0,,0,,,,,,,,,,,,,,,,0,,,0,,,,,,,,,0,1,1:peer-dead,1,peer-dead,,,0,,0,,0,,,0,,,0,,,,0,0,,peer judged dead: the peer's socket shows FIN,,,,0,verified,,0,0,0,,0,,,,0,,0,,0,,,0,,,0,,,,0,0,,,,,,0,verified,0,,0,,,30518,1,none,none,0,none,,,5,,,,,,,,,,,,,,,,,,,,,,,,,,,,,,,,,,,,,,,,,,,,,,,,,,,,,,,,,,,,,,,,,,,,,,,,,,,,,,,,,,,,,,,,,,,,,,,,,,,,,,,,,,,,,,,,,,,,,,,,,,,,,,,,,,,,,,,,,,,,,,,,,,,,,,,,,,,,,,,,,,,,,,,,,,,,,,,
lat_256k@hqp,scored,2,hqp,lat_256k_n1,lat_256k,hqp,n1,hqp,default,lat,blocking,1,,262144,3000,700,primary,4,3,0,0,0,0,2.3,ok,ok,,,,3000,no error,-1,,,3000,no error,0,0,0,0,1,0,0,0,1,,,,,,,,none,none,-1.0,-1.0,1703,1685,38.91,40.19,39.01,264.93,975,3000,0,0,,0,0,0,0,0,,,0,0,0,0,0,0,,,0,0,,,no error,no error,949.9,951.6,120.9,121.1,0,1,,,,,,,,,,,,,,,,0,0,0,,0,,,,,0,0,0,0,,,0,0,,,0,,,,0,0,0,,,,,,,,,,0,,,,0,0,0,,,,,,,,,,,,,,,,,,,,,,,,,,,,,,0,,,0,,,,,,,,,0,,,,,0,,,0,,,,,,0,0,0,0,0,,,,,0,,,,,,,0,,,0,0,,0,,,0,0,0,0,,,0,,,,0,,,0,0,0,,,,0,0,0,1,0,0,0,0,0,0,0,0,0,1,,,,,,,,,0,,,,,,,0,,,0,0,,0,,,0,0,0,0,,,0,,,,0,,,0,0,0,,,,0,0,0,1,0,0,0,0,0,0,0,0,0,1,0,,,,,,,,,,,,,,,,,,,,,,,,,,,,0,,,,,,0,,0,,0,,,,,,,,,,,,,,,,0,,0,,0,,,,,,,,,,,,,,,,0,,,0,,,,,,,,,0,0,,0,,,,0,,0,,0,,,0,,,0,,,,0,0,,,,,,0,verified,,0,0,0,,0,,,,0,,0,,0,,,0,,,0,,,,0,0,,,,,,0,verified,0,,0,,,30713,1,none,none,0,none,,,1,,,,,,,,,,,,,,,,,,,,,,,,,,,,,,,,,,,,,,,,,,,,,,,,,,,,,,,,,,,,,,,,,,,,,,,,,,,,,,,,,,,,,,,,,,,,,,,,,,,,,,,,,,,,,,,,,,,,,,,,,,,,,,,,,,,,,,,,,,,,,,,,,,,,,,,,,,,,,,,,,,,,,,,,,,,,,,,
lat_256k@hqp,scored,2,hqp,lat_256k_n2,lat_256k,hqp,n2,hqp,default,lat,blocking,1,,262144,3000,700,primary,4,3,0,0,0,0,2.3,ok,ok,,,,3000,no error,-1,,,3000,no error,0,0,0,0,1,0,0,0,1,,,,,,,,none,none,-1.0,-1.0,1696,1683,38.88,40.16,38.86,47.62,1257,3000,0,0,,0,0,0,0,0,,,0,0,0,0,0,0,,,0,0,,,no error,no error,943.7,945.9,120.4,120.4,0,1,,,,,,,,,,,,,,,,0,0,0,,0,,,,,0,0,0,0,,,0,0,,,0,,,,0,0,0,,,,,,,,,,0,,,,0,0,0,,,,,,,,,,,,,,,,,,,,,,,,,,,,,,0,,,0,,,,,,,,,0,,,,,0,,,0,,,,,,0,0,0,0,0,,,,,0,,,,,,,0,,,0,0,,0,,,0,0,0,0,,,0,,,,0,,,0,0,0,,,,0,0,0,1,0,0,0,0,0,0,0,0,0,1,,,,,,,,,0,,,,,,,0,,,0,0,,0,,,0,0,0,0,,,0,,,,0,,,0,0,0,,,,0,0,0,1,0,0,0,0,0,0,0,0,0,1,0,,,,,,,,,,,,,,,,,,,,,,,,,,,,0,,,,,,0,,0,,0,,,,,,,,,,,,,,,,0,,0,,0,,,,,,,,,,,,,,,,0,,,0,,,,,,,,,0,0,,0,,,,0,,0,,0,,,0,,,0,,,,0,0,,,,,,0,verified,,0,0,0,,0,,,,0,,0,,0,,,0,,,0,,,,0,0,,,,,,0,verified,0,,0,,,30630,1,none,none,0,none,,,2,,,,,,,,,,,,,,,,,,,,,,,,,,,,,,,,,,,,,,,,,,,,,,,,,,,,,,,,,,,,,,,,,,,,,,,,,,,,,,,,,,,,,,,,,,,,,,,,,,,,,,,,,,,,,,,,,,,,,,,,,,,,,,,,,,,,,,,,,,,,,,,,,,,,,,,,,,,,,,,,,,,,,,,,,,,,,,,
lat_256k@hqp,scored,2,hqp,lat_256k_n3,lat_256k,hqp,n3,hqp,default,lat,blocking,1,,262144,3000,700,primary,4,3,0,0,0,0,2.3,ok,ok,,,,3000,no error,-1,,,3000,no error,0,0,0,0,1,0,0,0,1,,,,,,,,none,none,-1.0,-1.0,1705,1685,38.88,40.22,38.92,48.64,39,3000,0,0,,0,0,0,0,0,,,0,0,0,0,0,0,,,0,0,,,no error,no error,939.2,941.0,121.0,120.9,0,1,,,,,,,,,,,,,,,,0,0,0,,0,,,,,0,0,0,0,,,0,0,,,0,,,,0,0,0,,,,,,,,,,0,,,,0,0,0,,,,,,,,,,,,,,,,,,,,,,,,,,,,,,0,,,0,,,,,,,,,0,,,,,0,,,0,,,,,,0,0,0,0,0,,,,,0,,,,,,,0,,,0,0,,0,,,0,0,0,0,,,0,,,,0,,,0,0,0,,,,0,0,0,1,0,0,0,0,0,0,0,0,0,1,,,,,,,,,0,,,,,,,0,,,0,0,,0,,,0,0,0,0,,,0,,,,0,,,0,0,0,,,,0,0,0,1,0,0,0,0,0,0,0,0,0,1,0,,,,,,,,,,,,,,,,,,,,,,,,,,,,0,,,,,,0,,0,,0,,,,,,,,,,,,,,,,0,,0,,0,,,,,,,,,,,,,,,,0,,,0,,,,,,,,,0,0,,0,,,,0,,0,,0,,,0,,,0,,,,0,0,,,,,,0,verified,,0,0,0,,0,,,,0,,0,,0,,,0,,,0,,,,0,0,,,,,,0,verified,0,,0,,,29883,1,none,none,0,none,,,3,,,,,,,,,,,,,,,,,,,,,,,,,,,,,,,,,,,,,,,,,,,,,,,,,,,,,,,,,,,,,,,,,,,,,,,,,,,,,,,,,,,,,,,,,,,,,,,,,,,,,,,,,,,,,,,,,,,,,,,,,,,,,,,,,,,,,,,,,,,,,,,,,,,,,,,,,,,,,,,,,,,,,,,,,,,,,,,
lat_256k@hqp,scored,2,hqp,lat_256k_n4,lat_256k,hqp,n4,hqp,default,lat,blocking,1,,262144,3000,700,primary,4,3,0,0,0,0,2.3,ok,ok,,,,3000,no error,-1,,,3000,no error,0,0,0,0,1,0,0,0,1,,,,,,,,none,none,-1.0,-1.0,1706,1687,38.91,43.01,39.21,53.02,204,3000,0,0,,0,0,0,0,0,,,0,0,0,0,0,0,,,0,0,,,no error,no error,931.8,934.3,121.5,121.6,0,1,,,,,,,,,,,,,,,,0,0,0,,0,,,,,0,0,0,0,,,0,0,,,0,,,,0,0,0,,,,,,,,,,0,,,,0,0,0,,,,,,,,,,,,,,,,,,,,,,,,,,,,,,0,,,0,,,,,,,,,0,,,,,0,,,0,,,,,,0,0,0,0,0,,,,,0,,,,,,,0,,,0,0,,0,,,0,0,0,0,,,0,,,,0,,,0,0,0,,,,0,0,0,1,0,0,0,0,0,0,0,0,0,1,,,,,,,,,0,,,,,,,0,,,0,0,,0,,,0,0,0,0,,,0,,,,0,,,0,0,0,,,,0,0,0,1,0,0,0,0,0,0,0,0,0,1,0,,,,,,,,,,,,,,,,,,,,,,,,,,,,0,,,,,,0,,0,,0,,,,,,,,,,,,,,,,0,,0,,0,,,,,,,,,,,,,,,,0,,,0,,,,,,,,,0,0,,0,,,,0,,0,,0,,,0,,,0,,,,0,0,,,,,,0,verified,,0,0,0,,0,,,,0,,0,,0,,,0,,,0,,,,0,0,,,,,,0,verified,0,,0,,,29265,1,none,none,0,none,,,4,,,,,,,,,,,,,,,,,,,,,,,,,,,,,,,,,,,,,,,,,,,,,,,,,,,,,,,,,,,,,,,,,,,,,,,,,,,,,,,,,,,,,,,,,,,,,,,,,,,,,,,,,,,,,,,,,,,,,,,,,,,,,,,,,,,,,,,,,,,,,,,,,,,,,,,,,,,,,,,,,,,,,,,,,,,,,,,
lat_256k@hqp,scored,2,hqp,lat_256k_n5,lat_256k,hqp,n5,hqp,default,lat,blocking,1,,262144,3000,700,primary,4,3,0,0,0,0,2.3,ok,ok,,,,3000,no error,-1,,,3000,no error,0,0,0,0,1,0,0,0,1,,,,,,,,none,none,-1.0,-1.0,1700,1681,38.88,40.16,38.71,48.35,696,3000,0,0,,0,0,0,0,0,,,0,0,0,0,0,0,,,0,0,,,no error,no error,945.3,947.8,120.4,119.9,0,1,,,,,,,,,,,,,,,,0,0,0,,0,,,,,0,0,0,0,,,0,0,,,0,,,,0,0,0,,,,,,,,,,0,,,,0,0,0,,,,,,,,,,,,,,,,,,,,,,,,,,,,,,0,,,0,,,,,,,,,0,,,,,0,,,0,,,,,,0,0,0,0,0,,,,,0,,,,,,,0,,,0,0,,0,,,0,0,0,0,,,0,,,,0,,,0,0,0,,,,0,0,0,1,0,0,0,0,0,0,0,0,0,1,,,,,,,,,0,,,,,,,0,,,0,0,,0,,,0,0,0,0,,,0,,,,0,,,0,0,0,,,,0,0,0,1,0,0,0,0,0,0,0,0,0,1,0,,,,,,,,,,,,,,,,,,,,,,,,,,,,0,,,,,,0,,0,,0,,,,,,,,,,,,,,,,0,,0,,0,,,,,,,,,,,,,,,,0,,,0,,,,,,,,,0,0,,0,,,,0,,0,,0,,,0,,,0,,,,0,0,,,,,,0,verified,,0,0,0,,0,,,,0,,0,,0,,,0,,,0,,,,0,0,,,,,,0,verified,0,,0,,,29184,1,none,none,0,none,,,5,,,,,,,,,,,,,,,,,,,,,,,,,,,,,,,,,,,,,,,,,,,,,,,,,,,,,,,,,,,,,,,,,,,,,,,,,,,,,,,,,,,,,,,,,,,,,,,,,,,,,,,,,,,,,,,,,,,,,,,,,,,,,,,,,,,,,,,,,,,,,,,,,,,,,,,,,,,,,,,,,,,,,,,,,,,,,,,
lat_4k@hqp,scored,2,hqp,lat_4k_n1,lat_4k,hqp,n1,hqp,default,lat,blocking,1,,4096,3000,700,primary,4,3,0,0,0,0,1.8,ok,ok,,,,3000,no error,-1,,,3000,no error,0,0,0,0,1,0,0,0,1,,,,,,,,none,none,-1.0,-1.0,1370,1346,10.75,11.90,10.80,20.48,797,3000,0,0,,0,0,0,0,0,,,0,0,0,0,0,0,,,0,0,,,no error,no error,527.0,528.8,36.7,36.5,0,1,,,,,,,,,,,,,,,,0,0,0,,0,,,,,0,0,0,0,,,0,0,,,0,,,,0,0,0,,,,,,,,,,0,,,,0,0,0,,,,,,,,,,,,,,,,,,,,,,,,,,,,,,0,,,0,,,,,,,,,0,,,,,0,,,0,,,,,,0,0,0,0,0,,,,,0,,,,,,,0,,,0,0,,0,,,0,0,0,0,,,0,,,,0,,,0,0,0,,,,0,0,0,1,0,0,0,0,0,0,0,0,0,1,,,,,,,,,0,,,,,,,0,,,0,0,,0,,,0,0,0,0,,,0,,,,0,,,0,0,0,,,,0,0,0,1,0,0,0,0,0,0,0,0,0,1,0,,,,,,,,,,,,,,,,,,,,,,,,,,,,0,,,,,,0,,0,,0,,,,,,,,,,,,,,,,0,,0,,0,,,,,,,,,,,,,,,,0,,,0,,,,,,,,,0,0,,0,,,,0,,0,,0,,,0,,,0,,,,0,0,,,,,,0,verified,,0,0,0,,0,,,,0,,0,,0,,,0,,,0,,,,0,0,,,,,,0,verified,0,,0,,,30772,1,none,none,0,none,,,1,,,,,,,,,,,,,,,,,,,,,,,,,,,,,,,,,,,,,,,,,,,,,,,,,,,,,,,,,,,,,,,,,,,,,,,,,,,,,,,,,,,,,,,,,,,,,,,,,,,,,,,,,,,,,,,,,,,,,,,,,,,,,,,,,,,,,,,,,,,,,,,,,,,,,,,,,,,,,,,,,,,,,,,,,,,,,,,
lat_4k@hqp,scored,2,hqp,lat_4k_n2,lat_4k,hqp,n2,hqp,default,lat,blocking,1,,4096,3000,700,primary,4,3,0,0,0,0,1.8,ok,ok,,,,3000,no error,-1,,,3000,no error,0,0,0,0,1,0,0,0,1,,,,,,,,none,none,-1.0,-1.0,1368,1348,10.75,11.87,10.80,16.35,0,3000,0,0,,0,0,0,0,0,,,0,0,0,0,0,0,,,0,0,,,no error,no error,525.6,527.6,36.5,36.7,0,1,,,,,,,,,,,,,,,,0,0,0,,0,,,,,0,0,0,0,,,0,0,,,0,,,,0,0,0,,,,,,,,,,0,,,,0,0,0,,,,,,,,,,,,,,,,,,,,,,,,,,,,,,0,,,0,,,,,,,,,0,,,,,0,,,0,,,,,,0,0,0,0,0,,,,,0,,,,,,,0,,,0,0,,0,,,0,0,0,0,,,0,,,,0,,,0,0,0,,,,0,0,0,1,0,0,0,0,0,0,0,0,0,1,,,,,,,,,0,,,,,,,0,,,0,0,,0,,,0,0,0,0,,,0,,,,0,,,0,0,0,,,,0,0,0,1,0,0,0,0,0,0,0,0,0,1,0,,,,,,,,,,,,,,,,,,,,,,,,,,,,0,,,,,,0,,0,,0,,,,,,,,,,,,,,,,0,,0,,0,,,,,,,,,,,,,,,,0,,,0,,,,,,,,,0,0,,0,,,,0,,0,,0,,,0,,,0,,,,0,0,,,,,,0,verified,,0,0,0,,0,,,,0,,0,,0,,,0,,,0,,,,0,0,,,,,,0,verified,0,,0,,,29666,1,none,none,0,none,,,2,,,,,,,,,,,,,,,,,,,,,,,,,,,,,,,,,,,,,,,,,,,,,,,,,,,,,,,,,,,,,,,,,,,,,,,,,,,,,,,,,,,,,,,,,,,,,,,,,,,,,,,,,,,,,,,,,,,,,,,,,,,,,,,,,,,,,,,,,,,,,,,,,,,,,,,,,,,,,,,,,,,,,,,,,,,,,,,
lat_4k@hqp,scored,2,hqp,lat_4k_n3,lat_4k,hqp,n3,hqp,default,lat,blocking,1,,4096,3000,700,primary,4,3,0,0,0,0,1.8,ok,ok,,,,3000,no error,-1,,,3000,no error,0,0,0,0,1,0,0,0,1,,,,,,,,none,none,-1.0,-1.0,1369,1346,10.75,11.97,10.81,18.37,1868,3000,0,0,,0,0,0,0,0,,,0,0,0,0,0,0,,,0,0,,,no error,no error,518.5,520.9,36.5,36.4,0,1,,,,,,,,,,,,,,,,0,0,0,,0,,,,,0,0,0,0,,,0,0,,,0,,,,0,0,0,,,,,,,,,,0,,,,0,0,0,,,,,,,,,,,,,,,,,,,,,,,,,,,,,,0,,,0,,,,,,,,,0,,,,,0,,,0,,,,,,0,0,0,0,0,,,,,0,,,,,,,0,,,0,0,,0,,,0,0,0,0,,,0,,,,0,,,0,0,0,,,,0,0,0,1,0,0,0,0,0,0,0,0,0,1,,,,,,,,,0,,,,,,,0,,,0,0,,0,,,0,0,0,0,,,0,,,,0,,,0,0,0,,,,0,0,0,1,0,0,0,0,0,0,0,0,0,1,0,,,,,,,,,,,,,,,,,,,,,,,,,,,,0,,,,,,0,,0,,0,,,,,,,,,,,,,,,,0,,0,,0,,,,,,,,,,,,,,,,0,,,0,,,,,,,,,0,0,,0,,,,0,,0,,0,,,0,,,0,,,,0,0,,,,,,0,verified,,0,0,0,,0,,,,0,,0,,0,,,0,,,0,,,,0,0,,,,,,0,verified,0,,0,,,29040,1,none,none,0,none,,,3,,,,,,,,,,,,,,,,,,,,,,,,,,,,,,,,,,,,,,,,,,,,,,,,,,,,,,,,,,,,,,,,,,,,,,,,,,,,,,,,,,,,,,,,,,,,,,,,,,,,,,,,,,,,,,,,,,,,,,,,,,,,,,,,,,,,,,,,,,,,,,,,,,,,,,,,,,,,,,,,,,,,,,,,,,,,,,,
lat_4k@hqp,scored,2,hqp,lat_4k_n4,lat_4k,hqp,n4,hqp,default,lat,blocking,1,,4096,3000,700,primary,4,3,0,0,0,0,1.8,ok,ok,,,,3000,no error,-1,,,3000,no error,0,0,0,0,1,0,0,0,1,,,,,,,,none,none,-1.0,-1.0,1368,1346,10.75,11.90,10.79,15.87,0,3000,0,0,,0,0,0,0,0,,,0,0,0,0,0,0,,,0,0,,,no error,no error,527.1,528.5,36.4,36.4,0,1,,,,,,,,,,,,,,,,0,0,0,,0,,,,,0,0,0,0,,,0,0,,,0,,,,0,0,0,,,,,,,,,,0,,,,0,0,0,,,,,,,,,,,,,,,,,,,,,,,,,,,,,,0,,,0,,,,,,,,,0,,,,,0,,,0,,,,,,0,0,0,0,0,,,,,0,,,,,,,0,,,0,0,,0,,,0,0,0,0,,,0,,,,0,,,0,0,0,,,,0,0,0,1,0,0,0,0,0,0,0,0,0,1,,,,,,,,,0,,,,,,,0,,,0,0,,0,,,0,0,0,0,,,0,,,,0,,,0,0,0,,,,0,0,0,1,0,0,0,0,0,0,0,0,0,1,0,,,,,,,,,,,,,,,,,,,,,,,,,,,,0,,,,,,0,,0,,0,,,,,,,,,,,,,,,,0,,0,,0,,,,,,,,,,,,,,,,0,,,0,,,,,,,,,0,0,,0,,,,0,,0,,0,,,0,,,0,,,,0,0,,,,,,0,verified,,0,0,0,,0,,,,0,,0,,0,,,0,,,0,,,,0,0,,,,,,0,verified,0,,0,,,30103,1,none,none,0,none,,,4,,,,,,,,,,,,,,,,,,,,,,,,,,,,,,,,,,,,,,,,,,,,,,,,,,,,,,,,,,,,,,,,,,,,,,,,,,,,,,,,,,,,,,,,,,,,,,,,,,,,,,,,,,,,,,,,,,,,,,,,,,,,,,,,,,,,,,,,,,,,,,,,,,,,,,,,,,,,,,,,,,,,,,,,,,,,,,,
lat_4k@hqp,scored,2,hqp,lat_4k_n5,lat_4k,hqp,n5,hqp,default,lat,blocking,1,,4096,3000,700,primary,4,3,0,0,0,0,1.8,ok,ok,,,,3000,no error,-1,,,3000,no error,0,0,0,0,1,0,0,0,1,,,,,,,,none,none,-1.0,-1.0,1360,1347,10.75,11.94,10.80,18.46,774,3000,0,0,,0,0,0,0,0,,,0,0,0,0,0,0,,,0,0,,,no error,no error,521.8,523.8,36.6,36.5,0,1,,,,,,,,,,,,,,,,0,0,0,,0,,,,,0,0,0,0,,,0,0,,,0,,,,0,0,0,,,,,,,,,,0,,,,0,0,0,,,,,,,,,,,,,,,,,,,,,,,,,,,,,,0,,,0,,,,,,,,,0,,,,,0,,,0,,,,,,0,0,0,0,0,,,,,0,,,,,,,0,,,0,0,,0,,,0,0,0,0,,,0,,,,0,,,0,0,0,,,,0,0,0,1,0,0,0,0,0,0,0,0,0,1,,,,,,,,,0,,,,,,,0,,,0,0,,0,,,0,0,0,0,,,0,,,,0,,,0,0,0,,,,0,0,0,1,0,0,0,0,0,0,0,0,0,1,0,,,,,,,,,,,,,,,,,,,,,,,,,,,,0,,,,,,0,,0,,0,,,,,,,,,,,,,,,,0,,0,,0,,,,,,,,,,,,,,,,0,,,0,,,,,,,,,0,0,,0,,,,0,,0,,0,,,0,,,0,,,,0,0,,,,,,0,verified,,0,0,0,,0,,,,0,,0,,0,,,0,,,0,,,,0,0,,,,,,0,verified,0,,0,,,29825,1,none,none,0,none,,,5,,,,,,,,,,,,,,,,,,,,,,,,,,,,,,,,,,,,,,,,,,,,,,,,,,,,,,,,,,,,,,,,,,,,,,,,,,,,,,,,,,,,,,,,,,,,,,,,,,,,,,,,,,,,,,,,,,,,,,,,,,,,,,,,,,,,,,,,,,,,,,,,,,,,,,,,,,,,,,,,,,,,,,,,,,,,,,,
mr4_kill3_peer@hf,scored,n,mr_hf,mr4_kill3_peer_n1,mr4_kill3_peer,hf,n1,,,,,,,,1000,,,,,,,,0,,,,,,,,,,,,,,,,,,,,,,,,,,,,,,,,,,,,,,,,,,,,,,,,,,,,,,,,,,,,,,,,,,,,,,0,0,,,,,,,,,,,,,,,,,,,,,,,,,1,,,,,,,,,,,,,,,,,,,,,,,,,,,,,,,,,,,,,,,,,,,,,,,,,,,,,,,,,,,,,,,,,,,,,,2660660921.144,,,,,,,,,,,,,,,,,2660660919.876,,,,,,,,,,,,,,,,,,,,,,,,,,,,,,,,,,,,,,,,,,,,,,,,,,,,,,,,,,,,,,,,,,,,,,,,,,,,,,,,,,,,,,,,,,,,,,,,,,,,,,,,,,,,,,,,,,,,,,,,,,,,,,,,,,,,,,,,,,,,,,7.881999969482422,,,,,,,,,,,,,,,,,,,,,,,,,,,,,,,,,,,,,,,,,,,,,,,,,,,,,,,,,,,,,,,,,,,,,,,,,,,,,,,,,,,,,,,,,,,,,,,,,,,,,,,,,,,,,,,,,,,,,,,,,,,,,,,30288,1,none,none,0,none,,,1,hf,hq,4,none,peer,"4,4,4,255",4,4,0,0,4,36,36,0,4,4,4,4,4,0,0,0,0,3,11.87,15.04,0,12.4,10.59,14.46,1,11.6,11.84,13.95,10.24,14.34,1,14.3,10.24,15.36,10.24,15.36,1,15.4,12.22,16.29,1,11.2,12.29,16.29,1,11.2,11.94,16.06,,,,,,,0>1;0>2;0>3;1>0;1>2;1>3;2>0;2>1;2>3;3>0;3>1;3>2,12,0,0>1;0>2;0>3;1>0;1>2;1>3;2>0;2>1;2>3;3>0;3>1;3>2,0:device_error;1:device_error;2:device_error;3:,0,"r0,r1,r2",3,11.855,10.59,16.29,0>3,4460.5,1>2,15.4,2>3,2664.4,,0,,,0,,0,,0,0-3;1-3;2-3,3,0-3=peer judged dead: the peer's socket shows FIN | 1-3=peer judged dead: the peer's socket shows FIN | 2-3=peer judged dead: the peer's socket shows FIN,,0,0,0,0,0-3-0=2;0-3-10=2;0-3-11=2;0-3-1=2;0-3-2=2;0-3-3=2;0-3-4=2;0-3-5=2;0-3-6=2;0-3-7=2;0-3-8=2;0-3-9=2;1-3-0=2;1-3-10=2;1-3-11=2;1-3-1=2;1-3-2=2;1-3-3=2;1-3-4=2;1-3-5=2;1-3-6=2;1-3-7=2;1-3-8=2;1-3-9=2;2-3-0=2;2-3-10=2;2-3-11=2;2-3-1=2;2-3-2=2;2-3-3=2;2-3-4=2;2-3-5=2;2-3-6=2;2-3-7=2;2-3-8=2;2-3-9=2,36,p3,0-3-0=6;0-3-10=6;0-3-11=6;0-3-1=6;0-3-2=6;0-3-3=6;0-3-4=6;0-3-5=6;0-3-6=6;0-3-7=6;0-3-8=6;0-3-9=6;1-3-0=6;1-3-10=6;1-3-11=6;1-3-1=6;1-3-2=6;1-3-3=6;1-3-4=6;1-3-5=6;1-3-6=6;1-3-7=6;1-3-8=6;1-3-9=6;2-3-0=6;2-3-10=6;2-3-11=6;2-3-1=6;2-3-2=6;2-3-3=6;2-3-4=6;2-3-5=6;2-3-6=6;2-3-7=6;2-3-8=6;2-3-9=6,36,p3,3,0:LOCAL_QP_ERR;2:LOCAL_QP_ERR,3,2660660913.262,1,,,6.613999843597412,,,2660660921.56,8.297999858856201,,,,,,,,0,,,,,,,,,6,0,0,6,,0,0,,3,,0,0,0,,0,0,0,4,0,3,0,0,0,,0,0,0,0,0,0,,4,0,,,,,,,,,,,,,,
mr4_kill3_peer@hf,scored,n,mr_hf,mr4_kill3_peer_n2,mr4_kill3_peer,hf,n2,,,,,,,,1000,,,,,,,,0,,,,,,,,,,,,,,,,,,,,,,,,,,,,,,,,,,,,,,,,,,,,,,,,,,,,,,,,,,,,,,,,,,,,,,0,0,,,,,,,,,,,,,,,,,,,,,,,,,1,,,,,,,,,,,,,,,,,,,,,,,,,,,,,,,,,,,,,,,,,,,,,,,,,,,,,,,,,,,,,,,,,,,,,,2660726177.17,,,,,,,,,,,,,,,,,2660726175.465,,,,,,,,,,,,,,,,,,,,,,,,,,,,,,,,,,,,,,,,,,,,,,,,,,,,,,,,,,,,,,,,,,,,,,,,,,,,,,,,,,,,,,,,,,,,,,,,,,,,,,,,,,,,,,,,,,,,,,,,,,,,,,,,,,,,,,,,,,,,,,8.34000015258789,,,,,,,,,,,,,,,,,,,,,,,,,,,,,,,,,,,,,,,,,,,,,,,,,,,,,,,,,,,,,,,,,,,,,,,,,,,,,,,,,,,,,,,,,,,,,,,,,,,,,,,,,,,,,,,,,,,,,,,,,,,,,,,29293,1,none,none,0,none,,,2,hf,hq,4,none,peer,"4,4,4,255",4,4,0,0,4,36,36,0,4,4,4,4,4,0,0,0,0,3,11.78,14.91,1,12.5,11.07,14.56,1,10.9,12.48,14.94,11.26,15.36,1,11.3,10.24,15.36,10.24,15.36,,,12.29,16.38,0,11.2,12.54,16.38,0,12.7,12.64,16.38,,,,,,,0>1;0>2;0>3;1>0;1>2;1>3;2>0;2>1;2>3;3>0;3>1;3>2,12,0,0>1;0>2;0>3;1>0;1>2;1>3;2>0;2>1;2>3;3>0;3>1;3>2,0:device_error;1:device_error;2:device_error;3:,0,"r0,r1,r2",3,12.129999999999999,11.07,16.38,0>3,4395.5,1>3,575.5,2>3,2724.4,,0,,,0,,0,,0,0-3;1-3;2-3,3,0-3=peer judged dead: the peer's socket shows FIN | 1-3=peer judged dead: the peer's socket shows FIN | 2-3=peer judged dead: the peer's socket shows FIN,,0,0,0,0,0-3-0=2;0-3-10=2;0-3-11=2;0-3-1=2;0-3-2=2;0-3-3=2;0-3-4=2;0-3-5=2;0-3-6=2;0-3-7=2;0-3-8=2;0-3-9=2;1-3-0=2;1-3-10=2;1-3-11=2;1-3-1=2;1-3-2=2;1-3-3=2;1-3-4=2;1-3-5=2;1-3-6=2;1-3-7=2;1-3-8=2;1-3-9=2;2-3-0=2;2-3-10=2;2-3-11=2;2-3-1=2;2-3-2=2;2-3-3=2;2-3-4=2;2-3-5=2;2-3-6=2;2-3-7=2;2-3-8=2;2-3-9=2,36,p3,0-3-0=6;0-3-10=6;0-3-11=6;0-3-1=6;0-3-2=6;0-3-3=6;0-3-4=6;0-3-5=6;0-3-6=6;0-3-7=6;0-3-8=6;0-3-9=6;1-3-0=6;1-3-10=6;1-3-11=6;1-3-1=6;1-3-2=6;1-3-3=6;1-3-4=6;1-3-5=6;1-3-6=6;1-3-7=6;1-3-8=6;1-3-9=6;2-3-0=6;2-3-10=6;2-3-11=6;2-3-1=6;2-3-2=6;2-3-3=6;2-3-4=6;2-3-5=6;2-3-6=6;2-3-7=6;2-3-8=6;2-3-9=6,36,p3,3,0:LOCAL_QP_ERR;2:LOCAL_QP_ERR,3,2660726168.83,1,,,6.635000228881836,,,2660726176.776,7.946000099182129,,,,,,,,0,,,,,,,,,6,0,0,6,,0,0,,3,,0,0,0,,0,0,0,4,0,3,0,0,0,,0,0,0,0,0,0,,4,0,1,10.2,,,,,,,,,,,,
mr4_kill3_peer@hf,scored,n,mr_hf,mr4_kill3_peer_n3,mr4_kill3_peer,hf,n3,,,,,,,,1000,,,,,,,,0,,,,,,,,,,,,,,,,,,,,,,,,,,,,,,,,,,,,,,,,,,,,,,,,,,,,,,,,,,,,,,,,,,,,,,0,0,,,,,,,,,,,,,,,,,,,,,,,,,1,,,,,,,,,,,,,,,,,,,,,,,,,,,,,,,,,,,,,,,,,,,,,,,,,,,,,,,,,,,,,,,,,,,,,,2660791421.459,,,,,,,,,,,,,,,,,2660791419.849,,,,,,,,,,,,,,,,,,,,,,,,,,,,,,,,,,,,,,,,,,,,,,,,,,,,,,,,,,,,,,,,,,,,,,,,,,,,,,,,,,,,,,,,,,,,,,,,,,,,,,,,,,,,,,,,,,,,,,,,,,,,,,,,,,,,,,,,,,,,,,8.122000217437744,,,,,,,,,,,,,,,,,,,,,,,,,,,,,,,,,,,,,,,,,,,,,,,,,,,,,,,,,,,,,,,,,,,,,,,,,,,,,,,,,,,,,,,,,,,,,,,,,,,,,,,,,,,,,,,,,,,,,,,,,,,,,,,29825,1,none,none,0,none,,,3,hf,hq,4,none,peer,"4,4,4,255",4,4,0,0,4,36,36,0,4,4,4,4,4,0,0,0,0,3,12.0,17.86,0,12.1,11.07,17.86,1,11.7,11.78,17.6,10.24,18.43,1,12.3,10.24,18.43,10.24,17.41,,,12.13,16.42,1,12.3,12.29,16.38,1,12.3,11.94,16.16,,,,,,,0>1;0>2;0>3;1>0;1>2;1>3;2>0;2>1;2>3;3>0;3>1;3>2,12,0,0>1;0>2;0>3;1>0;1>2;1>3;2>0;2>1;2>3;3>0;3>1;3>2,0:device_error;1:device_error;2:device_error;3:,0,"r0,r1,r2",3,11.86,11.07,18.43,0>3,1629.7,1>3,3838.0,2>3,1160.6,,0,,,0,,0,,0,0-3;1-3;2-3,3,0-3=peer judged dead: the peer's socket shows FIN | 1-3=peer judged dead: the peer's socket shows FIN | 2-3=peer judged dead: the peer's socket shows FIN,,0,0,0,0,0-3-0=2;0-3-10=2;0-3-11=2;0-3-1=2;0-3-2=2;0-3-3=2;0-3-4=2;0-3-5=2;0-3-6=2;0-3-7=2;0-3-8=2;0-3-9=2;1-3-0=2;1-3-10=2;1-3-11=2;1-3-1=2;1-3-2=2;1-3-3=2;1-3-4=2;1-3-5=2;1-3-6=2;1-3-7=2;1-3-8=2;1-3-9=2;2-3-0=2;2-3-10=2;2-3-11=2;2-3-1=2;2-3-2=2;2-3-3=2;2-3-4=2;2-3-5=2;2-3-6=2;2-3-7=2;2-3-8=2;2-3-9=2,36,p3,0-3-0=6;0-3-10=6;0-3-11=6;0-3-1=6;0-3-2=6;0-3-3=6;0-3-4=6;0-3-5=6;0-3-6=6;0-3-7=6;0-3-8=6;0-3-9=6;1-3-0=6;1-3-10=6;1-3-11=6;1-3-1=6;1-3-2=6;1-3-3=6;1-3-4=6;1-3-5=6;1-3-6=6;1-3-7=6;1-3-8=6;1-3-9=6;2-3-0=6;2-3-10=6;2-3-11=6;2-3-1=6;2-3-2=6;2-3-3=6;2-3-4=6;2-3-5=6;2-3-6=6;2-3-7=6;2-3-8=6;2-3-9=6,36,p3,3,0:LOCAL_QP_ERR;1:LOCAL_QP_ERR;2:LOCAL_QP_ERR,3,2660791413.337,1,,,6.51200008392334,,,2660791421.863,8.526000022888184,,,,,,,,0,,,,,,,,,6,0,0,6,,0,0,,3,,0,0,0,,0,0,0,4,0,3,0,0,0,,0,0,0,0,0,0,,4,0,1,11.3,,,,,,,,,,,,
mr4_kill3_peer@hf,scored,n,mr_hf,mr4_kill3_peer_n4,mr4_kill3_peer,hf,n4,,,,,,,,1000,,,,,,,,0,,,,,,,,,,,,,,,,,,,,,,,,,,,,,,,,,,,,,,,,,,,,,,,,,,,,,,,,,,,,,,,,,,,,,,0,0,,,,,,,,,,,,,,,,,,,,,,,,,1,,,,,,,,,,,,,,,,,,,,,,,,,,,,,,,,,,,,,,,,,,,,,,,,,,,,,,,,,,,,,,,,,,,,,,2660856700.762,,,,,,,,,,,,,,,,,2660856699.115,,,,,,,,,,,,,,,,,,,,,,,,,,,,,,,,,,,,,,,,,,,,,,,,,,,,,,,,,,,,,,,,,,,,,,,,,,,,,,,,,,,,,,,,,,,,,,,,,,,,,,,,,,,,,,,,,,,,,,,,,,,,,,,,,,,,,,,,,,,,,,8.395999908447266,,,,,,,,,,,,,,,,,,,,,,,,,,,,,,,,,,,,,,,,,,,,,,,,,,,,,,,,,,,,,,,,,,,,,,,,,,,,,,,,,,,,,,,,,,,,,,,,,,,,,,,,,,,,,,,,,,,,,,,,,,,,,,,30749,1,none,none,0,none,,,4,hf,hq,4,none,peer,"4,4,4,255",4,4,0,0,4,36,36,0,4,4,4,4,4,0,0,0,0,3,12.32,16.51,1,12.3,12.22,16.32,1,12.2,12.26,16.54,10.24,16.38,,,10.24,16.38,10.24,16.38,1,16.4,11.07,14.85,1,12.3,11.94,15.26,1,12.3,11.9,15.26,,,,,,,0>1;0>2;0>3;1>0;1>2;1>3;2>0;2>1;2>3;3>0;3>1;3>2,12,0,0>1;0>2;0>3;1>0;1>2;1>3;2>0;2>1;2>3;3>0;3>1;3>2,0:device_error;1:device_error;2:device_error;3:,0,"r0,r1,r2",3,11.92,11.07,16.54,0>3,1488.4,1>0,16.4,2>3,1562.0,,0,,,0,,0,,0,0-3;1-3;2-3,3,0-3=peer judged dead: the peer's socket shows FIN | 1-3=peer judged dead: the peer's socket shows FIN | 2-3=peer judged dead: the peer's socket shows FIN,,0,0,0,0,0-3-0=2;0-3-10=2;0-3-11=2;0-3-1=2;0-3-2=2;0-3-3=2;0-3-4=2;0-3-5=2;0-3-6=2;0-3-7=2;0-3-8=2;0-3-9=2;1-3-0=2;1-3-10=2;1-3-11=2;1-3-1=2;1-3-2=2;1-3-3=2;1-3-4=2;1-3-5=2;1-3-6=2;1-3-7=2;1-3-8=2;1-3-9=2;2-3-0=2;2-3-10=2;2-3-11=2;2-3-1=2;2-3-2=2;2-3-3=2;2-3-4=2;2-3-5=2;2-3-6=2;2-3-7=2;2-3-8=2;2-3-9=2,36,p3,0-3-0=6;0-3-10=6;0-3-11=6;0-3-1=6;0-3-2=6;0-3-3=6;0-3-4=6;0-3-5=6;0-3-6=6;0-3-7=6;0-3-8=6;0-3-9=6;1-3-0=6;1-3-10=6;1-3-11=6;1-3-1=6;1-3-2=6;1-3-3=6;1-3-4=6;1-3-5=6;1-3-6=6;1-3-7=6;1-3-8=6;1-3-9=6;2-3-0=6;2-3-10=6;2-3-11=6;2-3-1=6;2-3-2=6;2-3-3=6;2-3-4=6;2-3-5=6;2-3-6=6;2-3-7=6;2-3-8=6;2-3-9=6,36,p3,3,0:LOCAL_QP_ERR;2:LOCAL_QP_ERR,3,2660856692.366,1,,,6.74899959564209,,,2660856700.72,8.353999614715576,,,,,,,,0,,,,,,,,,6,0,0,6,,0,0,,3,,0,0,0,,0,0,0,4,0,3,0,0,0,,0,0,0,0,0,0,,4,0,1,16.4,,,,,,,,,,,,
mr4_kill3_peer@hf,scored,n,mr_hf,mr4_kill3_peer_n5,mr4_kill3_peer,hf,n5,,,,,,,,1000,,,,,,,,0,,,,,,,,,,,,,,,,,,,,,,,,,,,,,,,,,,,,,,,,,,,,,,,,,,,,,,,,,,,,,,,,,,,,,,0,0,,,,,,,,,,,,,,,,,,,,,,,,,1,,,,,,,,,,,,,,,,,,,,,,,,,,,,,,,,,,,,,,,,,,,,,,,,,,,,,,,,,,,,,,,,,,,,,,2660921939.937,,,,,,,,,,,,,,,,,2660921937.89,,,,,,,,,,,,,,,,,,,,,,,,,,,,,,,,,,,,,,,,,,,,,,,,,,,,,,,,,,,,,,,,,,,,,,,,,,,,,,,,,,,,,,,,,,,,,,,,,,,,,,,,,,,,,,,,,,,,,,,,,,,,,,,,,,,,,,,,,,,,,,8.926000118255615,,,,,,,,,,,,,,,,,,,,,,,,,,,,,,,,,,,,,,,,,,,,,,,,,,,,,,,,,,,,,,,,,,,,,,,,,,,,,,,,,,,,,,,,,,,,,,,,,,,,,,,,,,,,,,,,,,,,,,,,,,,,,,,30931,1,none,none,0,none,,,5,hf,hq,4,none,peer,"4,4,4,255",4,4,0,0,4,36,36,0,4,4,4,4,4,0,0,0,0,3,11.81,16.67,1,10.5,10.91,16.67,1,11.1,12.13,16.45,10.24,16.38,,,10.24,15.36,10.24,15.36,1,15.4,11.01,15.65,0,12.3,11.97,16.26,0,11.2,12.06,16.26,,,,,,,0>1;0>2;0>3;1>0;1>2;1>3;2>0;2>1;2>3;3>0;3>1;3>2,12,0,0>1;0>2;0>3;1>0;1>2;1>3;2>0;2>1;2>3;3>0;3>1;3>2,0:device_error;1:device_error;2:device_error;3:,0,"r0,r1,r2",3,11.89,10.91,16.67,0>3,7029.5,1>0,16.4,2>3,2728.3,,0,,,0,,0,,0,0-3;1-3;2-3,3,0-3=peer judged dead: the peer's socket shows FIN | 1-3=peer judged dead: the peer's socket shows FIN | 2-3=peer judged dead: the peer's socket shows FIN,,0,0,0,0,0-3-0=2;0-3-10=2;0-3-11=2;0-3-1=2;0-3-2=2;0-3-3=2;0-3-4=2;0-3-5=2;0-3-6=2;0-3-7=2;0-3-8=2;0-3-9=2;1-3-0=2;1-3-10=2;1-3-11=2;1-3-1=2;1-3-2=2;1-3-3=2;1-3-4=2;1-3-5=2;1-3-6=2;1-3-7=2;1-3-8=2;1-3-9=2;2-3-0=2;2-3-10=2;2-3-11=2;2-3-1=2;2-3-2=2;2-3-3=2;2-3-4=2;2-3-5=2;2-3-6=2;2-3-7=2;2-3-8=2;2-3-9=2,36,p3,0-3-0=6;0-3-10=6;0-3-11=6;0-3-1=6;0-3-2=6;0-3-3=6;0-3-4=6;0-3-5=6;0-3-6=6;0-3-7=6;0-3-8=6;0-3-9=6;1-3-0=6;1-3-10=6;1-3-11=6;1-3-1=6;1-3-2=6;1-3-3=6;1-3-4=6;1-3-5=6;1-3-6=6;1-3-7=6;1-3-8=6;1-3-9=6;2-3-0=6;2-3-10=6;2-3-11=6;2-3-1=6;2-3-2=6;2-3-3=6;2-3-4=6;2-3-5=6;2-3-6=6;2-3-7=6;2-3-8=6;2-3-9=6,36,p3,3,0:LOCAL_QP_ERR;2:LOCAL_QP_ERR,3,2660921931.0109997,1,,,6.879000186920166,,,2660921939.542,8.531000137329102,,,,,,,,0,,,,,,,,,6,0,0,6,,0,0,,3,,0,0,0,,0,0,0,4,0,3,0,0,0,,0,0,0,0,0,0,,4,0,1,15.4,,,,,,,,,,,,
pq4_fwslow@hf,scored,n,mr_hf,pq4_fwslow_n1,pq4_fwslow,hf,n1,,,,,,,,1000,,,,,,,,0,,,,,,,,,,,,,,,,,,,,,,,,,,,,,,,,,,,,,,,,,,,,,,,,,,,,,,,,,,,,,,,,,,,,,,0,0,,,,,,,,,,,,,,,,,,,,,,,,,0,,,,,,,,,,,,,,,,,,,,,,,,,,,,,,,,,,,,,,,,,,,,,,,,,,,,,,,,,,,,,,,,,,,,,,2661139330.685,,,,,,,,,,,,,,,,,2661139336.506,,,,,,,,,,,,,,,,,,,,,,,,,,,,,,,,,,,,,,,,,,,,,,,,,,,,,,,,,,,,,,,,,,,,,,,,,,,,,,,,,,,,,,,,,,,,,,,,,,,,,,,,,,,,,,,,,,,,,,,,,,,,,,,,,,,,,,,,,,,,,,,,,,,,,,,,,,,,,,,,,,,,,,,,,,,,,,,,,,,,,,,,,,,,,,,,,,,,,,,,,,,,,,,,,,,,,,,,,,,,,,,,,,,,,,,,,,,,,,,,,,,,,,,,,,,,,,,,,,,,,,,,,,,,,30890,1,none,none,0,none,,,1,hf,hq,4,none,peer,"4,4,4,0",4,4,0,0,4,36,36,0,4,4,4,4,4,0,1,0,0,0,12.99,17.79,,,12.35,16.35,198,13.7,12.26,17.79,11.26,16.38,,,11.26,16.38,10.24,15.36,0,10.2,12.64,16.99,,,12.48,16.99,1,12.3,12.19,16.99,11.26,16.38,11.26,15.36,10.24,15.36,0>1;0>2;0>3;1>0;1>2;1>3;2>0;2>1;2>3;3>0;3>1;3>2,12,3,0>1;0>2;1>0;1>2;2>0;2>1;3>0;3>1;3>2,0:device_error;1:device_error;2:device_error;3:ok,1,"r0,r1,r2",3,11.725,11.805,17.79,0>1,3026838.4,1>0,2575.4,2>0,13426.6,0:0;2:6,2,1,0>1:1:pair;2>0:1:pair,2,,0,,0,0-1;0-2;1-0;2-0,4,0-1=a firmware command phase exceeded NCCL_GIN_TS_FW_MS | 0-2=the watchdog surfaced a fault earlier | 1-0=peer FAIL before DONE | 2-0=peer NACK,,2,0,0,0,1-0-0=2;1-0-10=2;1-0-11=2;1-0-1=2;1-0-2=2;1-0-3=2;1-0-4=2;1-0-5=2;1-0-6=2;1-0-7=2;1-0-8=2;1-0-9=2;2-0-0=2;2-0-10=2;2-0-11=2;2-0-1=2;2-0-2=2;2-0-3=2;2-0-4=2;2-0-5=2;2-0-6=2;2-0-7=2;2-0-8=2;2-0-9=2,24,p0,1-0-0=6;1-0-10=6;1-0-11=6;1-0-1=6;1-0-2=6;1-0-3=6;1-0-4=6;1-0-5=6;1-0-6=6;1-0-7=6;1-0-8=6;1-0-9=6;2-0-0=6;2-0-10=6;2-0-11=6;2-0-1=6;2-0-2=6;2-0-3=6;2-0-4=6;2-0-5=6;2-0-6=6;2-0-7=6;2-0-8=6;2-0-9=6;2-1-6=6;2-3-6=6,26,"p0,p1,p3",4,0:LOCAL_QP_ERR;1:LOCAL_QP_ERR;2:LOCAL_QP_ERR,,,,2661135276.226,,,,,2661140799.285,,2661140787.656,,,,,,5511.430000305176,0,,,,,,,,,,,,,,0,0,,3,,0,0,0,,1,0,0,3,,,,0,0,,0,0,0,0,0,0,,4,0,0,11.3,197,13.7,1,12.0,1,15.4,1,15.4,3>0,16.4,,
pq4_fwslow@hf,scored,n,mr_hf,pq4_fwslow_n2,pq4_fwslow,hf,n2,,,,,,,,1000,,,,,,,,0,,,,,,,,,,,,,,,,,,,,,,,,,,,,,,,,,,,,,,,,,,,,,,,,,,,,,,,,,,,,,,,,,,,,,,0,0,,,,,,,,,,,,,,,,,,,,,,,,,0,,,,,,,,,,,,,,,,,,,,,,,,,,,,,,,,,,,,,,,,,,,,,,,,,,,,,,,,,,,,,,,,,,,,,,2661208448.892,,,,,,,,,,,,,,,,,2661208455.043,,,,,,,,,,,,,,,,,,,,,,,,,,,,,,,,,,,,,,,,,,,,,,,,,,,,,,,,,,,,,,,,,,,,,,,,,,,,,,,,,,,,,,,,,,,,,,,,,,,,,,,,,,,,,,,,,,,,,,,,,,,,,,,,,,,,,,,,,,,,,,,,,,,,,,,,,,,,,,,,,,,,,,,,,,,,,,,,,,,,,,,,,,,,,,,,,,,,,,,,,,,,,,,,,,,,,,,,,,,,,,,,,,,,,,,,,,,,,,,,,,,,,,,,,,,,,,,,,,,,,,,,,,,,,30576,1,none,none,0,none,,,2,hf,hq,4,none,peer,"4,4,4,0",4,4,0,0,4,36,36,0,4,4,4,4,4,0,1,0,0,0,12.74,16.38,,,12.29,16.38,198,13.8,11.84,16.38,12.29,17.41,,,11.26,17.41,10.24,16.38,1,11.3,12.83,14.85,,,12.67,15.58,1,12.7,12.29,14.62,11.26,16.38,11.26,15.36,10.24,16.38,0>1;0>2;0>3;1>0;1>2;1>3;2>0;2>1;2>3;3>0;3>1;3>2,12,3,0>1;0>2;1>0;1>2;2>0;2>1;3>0;3>1;3>2,0:device_error;1:device_error;2:device_error;3:ok,1,"r0,r1,r2",3,12.065,11.774999999999999,17.41,0>1,3032395.7,1>0,619.5,2>0,14040.9,0:0;2:6,2,1,0>1:1:pair;2>0:1:pair,2,,0,,0,0-1;0-2;1-0;2-0,4,0-1=a firmware command phase exceeded NCCL_GIN_TS_FW_MS | 0-2=the watchdog surfaced a fault earlier | 1-0=peer FAIL before DONE | 2-0=peer NACK,,2,0,0,0,1-0-0=2;1-0-10=2;1-0-11=2;1-0-1=2;1-0-2=2;1-0-3=2;1-0-4=2;1-0-5=2;1-0-6=2;1-0-7=2;1-0-8=2;1-0-9=2;2-0-0=2;2-0-10=2;2-0-11=2;2-0-1=2;2-0-2=2;2-0-3=2;2-0-4=2;2-0-5=2;2-0-6=2;2-0-7=2;2-0-8=2;2-0-9=2,24,p0,1-0-0=6;1-0-10=6;1-0-11=6;1-0-1=6;1-0-2=6;1-0-3=6;1-0-4=6;1-0-5=6;1-0-6=6;1-0-7=6;1-0-8=6;1-0-9=6;2-0-0=6;2-0-10=6;2-0-11=6;2-0-1=6;2-0-2=6;2-0-3=6;2-0-4=6;2-0-5=6;2-0-6=6;2-0-7=6;2-0-8=6;2-0-9=6;2-1-6=6;2-3-6=6,26,"p0,p1,p3",4,0:LOCAL_QP_ERR;1:LOCAL_QP_ERR;2:LOCAL_QP_ERR,,,,2661204391.553,,,,,2661209905.25,,2661209893.153,,,,,,5501.599999904633,0,,,,,,,,,,,,,,0,0,,3,,0,0,0,,1,0,0,3,,,,0,0,,0,0,0,0,0,0,,4,0,1,11.3,198,13.7,1,13.6,1,15.4,1,16.4,3>0,16.4,,
pq4_fwslow@hf,scored,n,mr_hf,pq4_fwslow_n3,pq4_fwslow,hf,n3,,,,,,,,1000,,,,,,,,0,,,,,,,,,,,,,,,,,,,,,,,,,,,,,,,,,,,,,,,,,,,,,,,,,,,,,,,,,,,,,,,,,,,,,,0,0,,,,,,,,,,,,,,,,,,,,,,,,,0,,,,,,,,,,,,,,,,,,,,,,,,,,,,,,,,,,,,,,,,,,,,,,,,,,,,,,,,,,,,,,,,,,,,,,2661277487.1,,,,,,,,,,,,,,,,,2661277492.895,,,,,,,,,,,,,,,,,,,,,,,,,,,,,,,,,,,,,,,,,,,,,,,,,,,,,,,,,,,,,,,,,,,,,,,,,,,,,,,,,,,,,,,,,,,,,,,,,,,,,,,,,,,,,,,,,,,,,,,,,,,,,,,,,,,,,,,,,,,,,,,,,,,,,,,,,,,,,,,,,,,,,,,,,,,,,,,,,,,,,,,,,,,,,,,,,,,,,,,,,,,,,,,,,,,,,,,,,,,,,,,,,,,,,,,,,,,,,,,,,,,,,,,,,,,,,,,,,,,,,,,,,,,,,30312,1,none,none,0,none,,,3,hf,hq,4,none,peer,"4,4,4,0",4,4,0,0,4,36,36,0,4,4,4,4,4,0,1,0,0,0,12.83,16.13,,,12.29,16.64,198,13.4,11.68,16.64,11.26,16.38,,,11.26,15.36,10.24,14.34,1,10.2,13.06,17.22,,,12.8,17.22,1,13.5,12.35,17.22,11.26,17.41,11.26,17.41,11.26,16.38,0>1;0>2;0>3;1>0;1>2;1>3;2>0;2>1;2>3;3>0;3>1;3>2,12,3,0>1;0>2;1>0;1>2;2>0;2>1;3>0;3>1;3>2,0:device_error;1:device_error;2:device_error;3:ok,1,"r0,r1,r2",3,11.469999999999999,11.774999999999999,17.41,0>1,3029968.8,1>0,4412.4,2>0,13887.3,0:0;2:6,2,1,0>1:1:pair;2>0:1:pair,2,,0,,0,0-1;0-2;1-0;2-0,4,0-1=a firmware command phase exceeded NCCL_GIN_TS_FW_MS | 0-2=the watchdog surfaced a fault earlier | 1-0=peer FAIL before DONE | 2-0=peer NACK,,2,0,0,0,1-0-0=2;1-0-10=2;1-0-11=2;1-0-1=2;1-0-2=2;1-0-3=2;1-0-4=2;1-0-5=2;1-0-6=2;1-0-7=2;1-0-8=2;1-0-9=2;2-0-0=2;2-0-10=2;2-0-11=2;2-0-1=2;2-0-2=2;2-0-3=2;2-0-4=2;2-0-5=2;2-0-6=2;2-0-7=2;2-0-8=2;2-0-9=2,24,p0,1-0-0=6;1-0-10=6;1-0-11=6;1-0-1=6;1-0-2=6;1-0-3=6;1-0-4=6;1-0-5=6;1-0-6=6;1-0-7=6;1-0-8=6;1-0-9=6;2-0-0=6;2-0-10=6;2-0-11=6;2-0-1=6;2-0-2=6;2-0-3=6;2-0-4=6;2-0-5=6;2-0-6=6;2-0-7=6;2-0-8=6;2-0-9=6;2-1-6=6;2-3-6=6,26,"p0,p1,p3",4,0:LOCAL_QP_ERR;1:LOCAL_QP_ERR;2:LOCAL_QP_ERR,,,,2661273428.757,,,,,2661278939.894,,2661278928.011,,,,,,5499.25400018692,0,,,,,,,,,,,,,,0,0,,3,,0,0,0,,1,0,0,3,,,,0,0,,0,0,0,0,0,0,,4,0,1,11.3,198,12.8,1,13.3,1,17.4,1,16.4,3>0,17.4,,
pq4_fwslow@hf,scored,n,mr_hf,pq4_fwslow_n4,pq4_fwslow,hf,n4,,,,,,,,1000,,,,,,,,0,,,,,,,,,,,,,,,,,,,,,,,,,,,,,,,,,,,,,,,,,,,,,,,,,,,,,,,,,,,,,,,,,,,,,,0,0,,,,,,,,,,,,,,,,,,,,,,,,,0,,,,,,,,,,,,,,,,,,,,,,,,,,,,,,,,,,,,,,,,,,,,,,,,,,,,,,,,,,,,,,,,,,,,,,2661346587.38,,,,,,,,,,,,,,,,,2661346593.7349997,,,,,,,,,,,,,,,,,,,,,,,,,,,,,,,,,,,,,,,,,,,,,,,,,,,,,,,,,,,,,,,,,,,,,,,,,,,,,,,,,,,,,,,,,,,,,,,,,,,,,,,,,,,,,,,,,,,,,,,,,,,,,,,,,,,,,,,,,,,,,,,,,,,,,,,,,,,,,,,,,,,,,,,,,,,,,,,,,,,,,,,,,,,,,,,,,,,,,,,,,,,,,,,,,,,,,,,,,,,,,,,,,,,,,,,,,,,,,,,,,,,,,,,,,,,,,,,,,,,,,,,,,,,,,29246,1,none,none,0,none,,,4,hf,hq,4,none,peer,"4,4,4,0",4,4,0,0,4,36,36,0,4,4,4,4,4,0,1,0,0,0,12.86,14.59,,,12.35,14.4,198,14.3,12.22,14.59,12.29,15.36,,,11.26,14.34,10.24,14.34,0,10.2,12.9,16.45,,,12.64,16.45,2,12.3,12.29,16.45,11.26,15.36,11.26,15.36,10.24,15.36,0>1;0>2;0>3;1>0;1>2;1>3;2>0;2>1;2>3;3>0;3>1;3>2,12,3,0>1;0>2;1>0;1>2;2>0;2>1;3>0;3>1;3>2,0:device_error;1:device_error;2:device_error;3:ok,1,"r0,r1,r2",3,12.254999999999999,11.805,16.45,0>1,3032695.7,1>0,6851.6,2>0,16557.0,0:0;2:6,2,1,0>1:1:pair;2>0:1:pair,2,,0,,0,0-1;0-2;1-0;2-0,4,0-1=a firmware command phase exceeded NCCL_GIN_TS_FW_MS | 0-2=the watchdog surfaced a fault earlier | 1-0=peer FAIL before DONE | 2-0=peer NACK,,2,0,0,0,1-0-0=2;1-0-10=2;1-0-11=2;1-0-1=2;1-0-2=2;1-0-3=2;1-0-4=2;1-0-5=2;1-0-6=2;1-0-7=2;1-0-8=2;1-0-9=2;2-0-0=2;2-0-10=2;2-0-11=2;2-0-1=2;2-0-2=2;2-0-3=2;2-0-4=2;2-0-5=2;2-0-6=2;2-0-7=2;2-0-8=2;2-0-9=2,24,p0,1-0-0=6;1-0-10=6;1-0-11=6;1-0-1=6;1-0-2=6;1-0-3=6;1-0-4=6;1-0-5=6;1-0-6=6;1-0-7=6;1-0-8=6;1-0-9=6;2-0-0=6;2-0-10=6;2-0-11=6;2-0-1=6;2-0-2=6;2-0-3=6;2-0-4=6;2-0-5=6;2-0-6=6;2-0-7=6;2-0-8=6;2-0-9=6;2-1-6=6;2-3-6=6,26,"p0,p1,p3",4,0:LOCAL_QP_ERR;1:LOCAL_QP_ERR;2:LOCAL_QP_ERR,,,,2661342530.102,,,,,2661348040.019,,2661348027.276,,,,,,5497.173999786377,0,,,,,,,,,,,,,,0,0,,3,,0,0,0,,1,0,0,3,,,,0,0,,0,0,0,0,0,0,,4,0,0,11.3,198,13.3,2,12.0,1,15.4,1,15.4,3>0,15.4,,
pq4_fwslow@hf,scored,n,mr_hf,pq4_fwslow_n5,pq4_fwslow,hf,n5,,,,,,,,1000,,,,,,,,0,,,,,,,,,,,,,,,,,,,,,,,,,,,,,,,,,,,,,,,,,,,,,,,,,,,,,,,,,,,,,,,,,,,,,,0,0,,,,,,,,,,,,,,,,,,,,,,,,,0,,,,,,,,,,,,,,,,,,,,,,,,,,,,,,,,,,,,,,,,,,,,,,,,,,,,,,,,,,,,,,,,,,,,,,2661415716.968,,,,,,,,,,,,,,,,,2661415723.469,,,,,,,,,,,,,,,,,,,,,,,,,,,,,,,,,,,,,,,,,,,,,,,,,,,,,,,,,,,,,,,,,,,,,,,,,,,,,,,,,,,,,,,,,,,,,,,,,,,,,,,,,,,,,,,,,,,,,,,,,,,,,,,,,,,,,,,,,,,,,,,,,,,,,,,,,,,,,,,,,,,,,,,,,,,,,,,,,,,,,,,,,,,,,,,,,,,,,,,,,,,,,,,,,,,,,,,,,,,,,,,,,,,,,,,,,,,,,,,,,,,,,,,,,,,,,,,,,,,,,,,,,,,,,30071,1,none,none,0,none,,,5,hf,hq,4,none,peer,"4,4,4,0",4,4,0,0,4,36,36,0,4,4,4,4,4,0,1,0,0,0,12.58,18.59,,,12.22,18.59,198,13.3,11.36,18.46,12.29,17.41,,,11.26,16.38,10.24,15.36,0,10.2,13.18,15.46,,,13.12,16.42,1,12.6,12.64,15.14,11.26,15.36,11.26,15.36,10.24,15.36,0>1;0>2;0>3;1>0;1>2;1>3;2>0;2>1;2>3;3>0;3>1;3>2,12,3,0>1;0>2;1>0;1>2;2>0;2>1;3>0;3>1;3>2,0:device_error;1:device_error;2:device_error;3:ok,1,"r0,r1,r2",3,11.825,11.74,18.59,0>1,3033078.7,1>0,4175.9,2>0,16089.6,0:0;2:6,2,1,0>1:1:pair;2>0:1:pair,2,,0,,0,0-1;0-2;1-0;2-0,4,0-1=a firmware command phase exceeded NCCL_GIN_TS_FW_MS | 0-2=the watchdog surfaced a fault earlier | 1-0=peer FAIL before DONE | 2-0=peer NACK,,2,0,0,0,1-0-0=2;1-0-10=2;1-0-11=2;1-0-1=2;1-0-2=2;1-0-3=2;1-0-4=2;1-0-5=2;1-0-6=2;1-0-7=2;1-0-8=2;1-0-9=2;2-0-0=2;2-0-10=2;2-0-11=2;2-0-1=2;2-0-2=2;2-0-3=2;2-0-4=2;2-0-5=2;2-0-6=2;2-0-7=2;2-0-8=2;2-0-9=2,24,p0,1-0-0=6;1-0-10=6;1-0-11=6;1-0-1=6;1-0-2=6;1-0-3=6;1-0-4=6;1-0-5=6;1-0-6=6;1-0-7=6;1-0-8=6;1-0-9=6;2-0-0=6;2-0-10=6;2-0-11=6;2-0-1=6;2-0-2=6;2-0-3=6;2-0-4=6;2-0-5=6;2-0-6=6;2-0-7=6;2-0-8=6;2-0-9=6;2-1-6=6;2-3-6=6,26,"p0,p1,p3",4,0:LOCAL_QP_ERR;1:LOCAL_QP_ERR;2:LOCAL_QP_ERR,,,,2661411659.591,,,,,2661417174.253,,2661417162.105,,,,,,5502.513999938965,0,,,,,,,,,,,,,,0,0,,3,,0,0,0,,1,0,0,3,,,,0,0,,0,0,0,0,0,0,,4,0,1,11.3,198,12.8,1,12.5,1,15.4,1,15.4,3>0,15.4,,
pq4_local_shrink@hf,scored,n,mr_hf,pq4_local_shrink_n1,pq4_local_shrink,hf,n1,,,,,,,,1000,,,,,,,,0,,,,,,,,,,,,,,,,,,,,,,,,,,,,,,,,,,,,,,,,,,,,,,,,,,,,,,,,,,,,,,,,,,,,,,0,0,,,,,,,,,,,,,,,,,,,,,,,,,0,,,,,,,,,,,,,,,,,,,,,,,,,,,,,,,,,,,,,,,,,,,,,,,,,,,,,,,,,,,,,,,,,,,,,,2661974430.54,,,,,,,,,,,,,,,,,2661974437.205,,,,,,,,,,,,,,,,,,,,,,,,,,,,,,,,,,,,,,,,,,,,,,,,,,,,,,,,,,,,,,,,,,,,,,,,,,,,,,,,,,,,,,,,,,,,,,,,,,,,,,,,,,,,,,,,,,,,,,,,,,,,,,,,,,,,,,,,,,,,,,,,,,,,,,,,,,,,,,,,,,,,,,,,,,,,,,,,,,,,,,,,,,,,,,,,,,,,,,,,,,,,,,,,,,,,,,,,,,,,,,,,,,,,,,,,,,,,,,,,,,,,,,,,,,,,,,,,,,,,,,,,,,,,,29170,1,none,none,0,none,,,1,hf,hq,4,none,peer,"4,4,0,0",4,4,0,0,4,36,36,0,4,4,4,4,4,0,0,1,0,0,12.54,16.38,,,11.55,16.38,131,13.8,11.17,16.38,11.26,16.38,,,11.26,16.38,10.24,16.38,0,10.2,12.54,16.26,,,12.54,16.26,1,16.3,12.19,16.03,11.26,16.38,11.26,16.38,10.24,16.38,0>1;0>2;0>3;1>0;1>2;1>3;2>0;2>1;2>3;3>0;3>1;3>2,12,6,0>1;1>0;2>0;2>1;3>0;3>1,0:device_error;1:device_error;2:ok;3:ok,2,"r0,r1",2,11.26,11.405000000000001,16.38,0>1,2013152.0,1>0,2573.3,2>0,16.3,0:0,1,1,0>1:1:pair,1,,0,,0,0-1;1-0,2,0-1=cannot write the gate | 1-0=the peer declined,,0,0,0,0,0-1-0=2;0-1-10=2;0-1-11=2;0-1-1=2;0-1-2=2;0-1-3=2;0-1-4=2;0-1-5=2;0-1-6=2;0-1-7=2;0-1-8=2;0-1-9=2;1-0-0=2;1-0-10=2;1-0-11=2;1-0-1=2;1-0-2=2;1-0-3=2;1-0-4=2;1-0-5=2;1-0-6=2;1-0-7=2;1-0-8=2;1-0-9=2,24,"p0,p1",0-1-0=6;0-1-10=6;0-1-11=6;0-1-1=6;0-1-2=6;0-1-3=6;0-1-4=6;0-1-5=6;0-1-6=6;0-1-7=6;0-1-8=6;0-1-9=6;0-2-0=6;0-3-0=6;1-0-0=6;1-0-10=6;1-0-11=6;1-0-1=6;1-0-2=6;1-0-3=6;1-0-4=6;1-0-5=6;1-0-6=6;1-0-7=6;1-0-8=6;1-0-9=6,26,"p0,p1,p2,p3",4,0:LOCAL_QP_ERR;1:LOCAL_QP_ERR,,,,2661972423.482,,,,,,,,,,,,,0.0,0,,,,,,,,,,,,,,0,0,,2,,0,0,0,,0,0,0,2,,,,1,0,,0,3,0,0,0,0,3,4,0,0,11.3,131,13.4,1,16.0,1,16.4,1,16.4,3>0,16.4,,
pq4_local_shrink@hf,scored,n,mr_hf,pq4_local_shrink_n2,pq4_local_shrink,hf,n2,,,,,,,,1000,,,,,,,,0,,,,,,,,,,,,,,,,,,,,,,,,,,,,,,,,,,,,,,,,,,,,,,,,,,,,,,,,,,,,,,,,,,,,,,0,0,,,,,,,,,,,,,,,,,,,,,,,,,0,,,,,,,,,,,,,,,,,,,,,,,,,,,,,,,,,,,,,,,,,,,,,,,,,,,,,,,,,,,,,,,,,,,,,,2662026668.175,,,,,,,,,,,,,,,,,2662026673.594,,,,,,,,,,,,,,,,,,,,,,,,,,,,,,,,,,,,,,,,,,,,,,,,,,,,,,,,,,,,,,,,,,,,,,,,,,,,,,,,,,,,,,,,,,,,,,,,,,,,,,,,,,,,,,,,,,,,,,,,,,,,,,,,,,,,,,,,,,,,,,,,,,,,,,,,,,,,,,,,,,,,,,,,,,,,,,,,,,,,,,,,,,,,,,,,,,,,,,,,,,,,,,,,,,,,,,,,,,,,,,,,,,,,,,,,,,,,,,,,,,,,,,,,,,,,,,,,,,,,,,,,,,,,,30779,1,none,none,0,none,,,2,hf,hq,4,none,peer,"4,4,0,0",4,4,0,0,4,36,36,0,4,4,4,4,4,0,0,1,0,0,12.61,16.35,,,11.84,16.35,131,13.6,11.81,15.78,11.26,16.38,,,11.26,15.36,10.24,15.36,0,11.3,12.51,16.45,1,16.4,12.8,16.45,1,16.4,12.29,16.48,11.26,17.41,11.26,17.41,10.24,16.38,0>1;0>2;0>3;1>0;1>2;1>3;2>0;2>1;2>3;3>0;3>1;3>2,12,6,0>1;1>0;2>0;2>1;3>0;3>1,0:device_error;1:device_error;2:ok;3:ok,2,"r0,r1",2,11.535,11.55,17.41,0>1,2012882.8,1>0,2576.4,2>3,16.5,0:0,1,1,0>1:1:pair,1,,0,,0,0-1;1-0,2,0-1=cannot write the gate | 1-0=the peer declined,,0,0,0,0,0-1-0=2;0-1-10=2;0-1-11=2;0-1-1=2;0-1-2=2;0-1-3=2;0-1-4=2;0-1-5=2;0-1-6=2;0-1-7=2;0-1-8=2;0-1-9=2;1-0-0=2;1-0-10=2;1-0-11=2;1-0-1=2;1-0-2=2;1-0-3=2;1-0-4=2;1-0-5=2;1-0-6=2;1-0-7=2;1-0-8=2;1-0-9=2,24,"p0,p1",0-1-0=6;0-1-10=6;0-1-11=6;0-1-1=6;0-1-2=6;0-1-3=6;0-1-4=6;0-1-5=6;0-1-6=6;0-1-7=6;0-1-8=6;0-1-9=6;0-2-0=6;0-3-0=6;1-0-0=6;1-0-10=6;1-0-11=6;1-0-1=6;1-0-2=6;1-0-3=6;1-0-4=6;1-0-5=6;1-0-6=6;1-0-7=6;1-0-8=6;1-0-9=6,26,"p0,p1,p2,p3",4,0:LOCAL_QP_ERR;1:LOCAL_QP_ERR,,,,2662024661.077,,,,,,,,,,,,,0.0,0,,,,,,,,,,,,,,0,0,,2,,0,0,0,,0,0,0,2,,,,1,0,,0,3,0,0,0,0,3,4,0,1,11.3,132,13.3,,,1,17.4,1,16.4,3>0,17.4,,
pq4_local_shrink@hf,scored,n,mr_hf,pq4_local_shrink_n3,pq4_local_shrink,hf,n3,,,,,,,,1000,,,,,,,,0,,,,,,,,,,,,,,,,,,,,,,,,,,,,,,,,,,,,,,,,,,,,,,,,,,,,,,,,,,,,,,,,,,,,,,0,0,,,,,,,,,,,,,,,,,,,,,,,,,0,,,,,,,,,,,,,,,,,,,,,,,,,,,,,,,,,,,,,,,,,,,,,,,,,,,,,,,,,,,,,,,,,,,,,,2662079035.975,,,,,,,,,,,,,,,,,2662079042.3339996,,,,,,,,,,,,,,,,,,,,,,,,,,,,,,,,,,,,,,,,,,,,,,,,,,,,,,,,,,,,,,,,,,,,,,,,,,,,,,,,,,,,,,,,,,,,,,,,,,,,,,,,,,,,,,,,,,,,,,,,,,,,,,,,,,,,,,,,,,,,,,,,,,,,,,,,,,,,,,,,,,,,,,,,,,,,,,,,,,,,,,,,,,,,,,,,,,,,,,,,,,,,,,,,,,,,,,,,,,,,,,,,,,,,,,,,,,,,,,,,,,,,,,,,,,,,,,,,,,,,,,,,,,,,,29558,1,none,none,0,none,,,3,hf,hq,4,none,peer,"4,4,0,0",4,4,0,0,4,36,36,0,4,4,4,4,4,0,0,1,0,0,12.7,16.9,,,12.1,14.85,130,13.4,11.58,16.38,11.26,16.38,,,11.26,16.38,10.24,16.38,0,10.2,12.29,16.7,,,12.32,16.7,1,16.7,11.2,16.7,11.26,15.36,11.26,15.36,10.24,15.36,0>1;0>2;0>3;1>0;1>2;1>3;2>0;2>1;2>3;3>0;3>1;3>2,12,6,0>1;1>0;2>0;2>1;3>0;3>1,0:device_error;1:device_error;2:ok;3:ok,2,"r0,r1",2,11.26,11.68,16.9,0>1,2008569.7,1>0,2579.5,2>0,16.7,0:0,1,1,0>1:1:pair,1,,0,,0,0-1;1-0,2,0-1=cannot write the gate | 1-0=the peer declined,,0,0,0,0,0-1-0=2;0-1-10=2;0-1-11=2;0-1-1=2;0-1-2=2;0-1-3=2;0-1-4=2;0-1-5=2;0-1-6=2;0-1-7=2;0-1-8=2;0-1-9=2;1-0-0=2;1-0-10=2;1-0-11=2;1-0-1=2;1-0-2=2;1-0-3=2;1-0-4=2;1-0-5=2;1-0-6=2;1-0-7=2;1-0-8=2;1-0-9=2,24,"p0,p1",0-1-0=6;0-1-10=6;0-1-11=6;0-1-1=6;0-1-2=6;0-1-3=6;0-1-4=6;0-1-5=6;0-1-6=6;0-1-7=6;0-1-8=6;0-1-9=6;0-2-0=6;0-3-0=6;1-0-0=6;1-0-10=6;1-0-11=6;1-0-1=6;1-0-2=6;1-0-3=6;1-0-4=6;1-0-5=6;1-0-6=6;1-0-7=6;1-0-8=6;1-0-9=6,26,"p0,p1,p2,p3",4,0:LOCAL_QP_ERR;1:LOCAL_QP_ERR,,,,2662077029.343,,,,,,,,,,,,,0.0,0,,,,,,,,,,,,,,0,0,,2,,0,0,0,,0,0,0,2,,,,1,0,,0,3,0,0,0,0,3,4,0,1,11.3,131,12.5,1,16.7,1,15.4,1,15.4,3>0,15.4,,
pq4_local_shrink@hf,scored,n,mr_hf,pq4_local_shrink_n4,pq4_local_shrink,hf,n4,,,,,,,,1000,,,,,,,,0,,,,,,,,,,,,,,,,,,,,,,,,,,,,,,,,,,,,,,,,,,,,,,,,,,,,,,,,,,,,,,,,,,,,,,0,0,,,,,,,,,,,,,,,,,,,,,,,,,0,,,,,,,,,,,,,,,,,,,,,,,,,,,,,,,,,,,,,,,,,,,,,,,,,,,,,,,,,,,,,,,,,,,,,,2662131384.875,,,,,,,,,,,,,,,,,2662131391.274,,,,,,,,,,,,,,,,,,,,,,,,,,,,,,,,,,,,,,,,,,,,,,,,,,,,,,,,,,,,,,,,,,,,,,,,,,,,,,,,,,,,,,,,,,,,,,,,,,,,,,,,,,,,,,,,,,,,,,,,,,,,,,,,,,,,,,,,,,,,,,,,,,,,,,,,,,,,,,,,,,,,,,,,,,,,,,,,,,,,,,,,,,,,,,,,,,,,,,,,,,,,,,,,,,,,,,,,,,,,,,,,,,,,,,,,,,,,,,,,,,,,,,,,,,,,,,,,,,,,,,,,,,,,,30670,1,none,none,0,none,,,4,hf,hq,4,none,peer,"4,4,0,0",4,4,0,0,4,36,36,0,4,4,4,4,4,0,0,1,0,0,12.51,14.34,,,11.71,14.34,132,13.8,11.33,14.34,11.26,15.36,,,11.26,17.41,10.24,15.36,0,10.2,12.96,16.22,1,16.2,13.22,16.26,,,12.8,15.01,11.26,15.36,11.26,14.34,10.24,14.34,0>1;0>2;0>3;1>0;1>2;1>3;2>0;2>1;2>3;3>0;3>1;3>2,12,6,0>1;1>0;2>0;2>1;3>0;3>1,0:device_error;1:device_error;2:ok;3:ok,2,"r0,r1",2,11.295,11.485,17.41,0>1,2013053.7,1>0,2581.5,2>1,16.3,0:0,1,1,0>1:1:pair,1,,0,,0,0-1;1-0,2,0-1=cannot write the gate | 1-0=the peer declined,,0,0,0,0,0-1-0=2;0-1-10=2;0-1-11=2;0-1-1=2;0-1-2=2;0-1-3=2;0-1-4=2;0-1-5=2;0-1-6=2;0-1-7=2;0-1-8=2;0-1-9=2;1-0-0=2;1-0-10=2;1-0-11=2;1-0-1=2;1-0-2=2;1-0-3=2;1-0-4=2;1-0-5=2;1-0-6=2;1-0-7=2;1-0-8=2;1-0-9=2,24,"p0,p1",0-1-0=6;0-1-10=6;0-1-11=6;0-1-1=6;0-1-2=6;0-1-3=6;0-1-4=6;0-1-5=6;0-1-6=6;0-1-7=6;0-1-8=6;0-1-9=6;0-2-0=6;0-3-0=6;1-0-0=6;1-0-10=6;1-0-11=6;1-0-1=6;1-0-2=6;1-0-3=6;1-0-4=6;1-0-5=6;1-0-6=6;1-0-7=6;1-0-8=6;1-0-9=6,26,"p0,p1,p2,p3",4,0:LOCAL_QP_ERR;1:LOCAL_QP_ERR,,,,2662129377.81,,,,,,,,,,,,,0.0,0,,,,,,,,,,,,,,0,0,,2,,0,0,0,,0,0,0,2,,,,1,0,,0,3,0,0,0,0,3,4,0,0,11.3,132,13.4,1,15.0,1,14.3,1,14.3,3>0,15.4,,
pq4_local_shrink@hf,scored,n,mr_hf,pq4_local_shrink_n5,pq4_local_shrink,hf,n5,,,,,,,,1000,,,,,,,,0,,,,,,,,,,,,,,,,,,,,,,,,,,,,,,,,,,,,,,,,,,,,,,,,,,,,,,,,,,,,,,,,,,,,,,0,0,,,,,,,,,,,,,,,,,,,,,,,,,0,,,,,,,,,,,,,,,,,,,,,,,,,,,,,,,,,,,,,,,,,,,,,,,,,,,,,,,,,,,,,,,,,,,,,,2662183700.894,,,,,,,,,,,,,,,,,2662183707.485,,,,,,,,,,,,,,,,,,,,,,,,,,,,,,,,,,,,,,,,,,,,,,,,,,,,,,,,,,,,,,,,,,,,,,,,,,,,,,,,,,,,,,,,,,,,,,,,,,,,,,,,,,,,,,,,,,,,,,,,,,,,,,,,,,,,,,,,,,,,,,,,,,,,,,,,,,,,,,,,,,,,,,,,,,,,,,,,,,,,,,,,,,,,,,,,,,,,,,,,,,,,,,,,,,,,,,,,,,,,,,,,,,,,,,,,,,,,,,,,,,,,,,,,,,,,,,,,,,,,,,,,,,,,,30464,1,none,none,0,none,,,5,hf,hq,4,none,peer,"4,4,0,0",4,4,0,0,4,36,36,0,4,4,4,4,4,0,0,1,0,0,12.86,16.42,,,12.29,16.42,131,13.8,12.22,16.42,11.26,14.34,,,11.26,14.34,10.24,12.29,0,10.2,12.51,15.81,1,15.8,12.83,16.38,,,12.29,16.38,11.26,16.38,11.26,16.38,10.24,18.43,0>1;0>2;0>3;1>0;1>2;1>3;2>0;2>1;2>3;3>0;3>1;3>2,12,6,0>1;1>0;2>0;2>1;3>0;3>1,0:device_error;1:device_error;2:ok;3:ok,2,"r0,r1",2,11.74,11.774999999999999,18.43,0>1,2012753.9,1>0,2578.4,2>1,16.4,0:0,1,1,0>1:1:pair,1,,0,,0,0-1;1-0,2,0-1=cannot write the gate | 1-0=the peer declined,,0,0,0,0,0-1-0=2;0-1-10=2;0-1-11=2;0-1-1=2;0-1-2=2;0-1-3=2;0-1-4=2;0-1-5=2;0-1-6=2;0-1-7=2;0-1-8=2;0-1-9=2;1-0-0=2;1-0-10=2;1-0-11=2;1-0-1=2;1-0-2=2;1-0-3=2;1-0-4=2;1-0-5=2;1-0-6=2;1-0-7=2;1-0-8=2;1-0-9=2,24,"p0,p1",0-1-0=6;0-1-10=6;0-1-11=6;0-1-1=6;0-1-2=6;0-1-3=6;0-1-4=6;0-1-5=6;0-1-6=6;0-1-7=6;0-1-8=6;0-1-9=6;0-2-0=6;0-3-0=6;1-0-0=6;1-0-10=6;1-0-11=6;1-0-1=6;1-0-2=6;1-0-3=6;1-0-4=6;1-0-5=6;1-0-6=6;1-0-7=6;1-0-8=6;1-0-9=6,26,"p0,p1,p2,p3",4,0:LOCAL_QP_ERR;1:LOCAL_QP_ERR,,,,2662181693.918,,,,,,,,,,,,,0.0,0,,,,,,,,,,,,,,0,0,,2,,0,0,0,,0,0,0,2,,,,1,0,,0,3,0,0,0,0,3,4,0,1,11.3,131,13.3,1,16.4,1,16.4,,,3>2,18.4,1,16.4
mr4_f1_01@hq,scored,n,mr_hq,mr4_f1_01_n1,mr4_f1_01,hq,n1,,,,,,,,1000,,,,,,,,0,,,,,,,,,,,,,,,,,,,,,,,,,,,,,,,,,,,,,,,,,,,,,,,,,,,,,,,,,,,,,,,,,,,,,,0,1,,,,,,,,,,,,,,,,,,,,,,,,,0,,,,,,,,,,,,,,,,,,,,,,,,,,,,,,,,,,,,,,,,,,,,,,,,,,,,,,,,,,,,,,,,,,,,,,,,,,,,,,,,,,,,,,,,,,,,,,,,,,,,,,,,,,,,,,,,,,,,,,,,,,,,,,,,,,,,,,,,,,,,,,,,,,,,,,,,,,,,,,,,,,,,,,,,,,,,,,,,,,,,,,,,,,,,,,,,,,,,,,,,,,,,,,,,,,,,,,,,,,,,,,,,,,,,,,,,,,,,,,,,,,,,,,,,,,,,,,,,,,,,,,,,,,,,,,,,,,,,,,,,,,,,,,,,,,,,,,,,,,,,,,,,,,,,,,,,,,,,,,,,,,,,,,,,,,,,,,,,,,,,,,,,,,,,,,,,,,,,30904,1,none,none,0,none,,,1,hq,hq,4,none,ctx,"0,0,0,0",4,4,0,0,4,36,36,0,4,4,4,4,4,0,0,0,0,0,13.12,94727.01,,,13.15,15.84,7,14.0,13.15,16.29,12.29,17.41,,,12.29,17.41,11.26,17.41,1,17.4,13.28,16.03,0,14.9,13.89,16.7,,,13.25,16.42,12.29,17.41,12.29,17.41,11.26,17.41,0>1;0>2;0>3;1>0;1>2;1>3;2>0;2>1;2>3;3>0;3>1;3>2,12,12,,0:ok;1:ok;2:ok;3:ok,4,,0,12.704999999999998,12.719999999999999,94727.01,0>1,94727.0,1>0,17.4,2>1,16.7,0:0,1,1,0>1:1:pair,1,0-1,1,1-0,1,,0,,,0,0,0,0,0-1-0=2;1-0-0=2,2,"p0,p1",0-2-0=6;0-3-0=6,2,"p2,p3",4,0:LOCAL_QP_ERR,,,,2661805350.118,,,,,,,,,,,,,0.0,0,,90.60900020599365,119.80800008773804,91.245,91.245,,,,,,,,,4,0,,0,,0,0,0,,0,0,0,0,,,,0,0,,0,0,0,0,0,0,,4,0,1,17.4,7,13.7,0,14.2,1,17.4,1,17.4,3>0,17.4,,
mr4_f1_01@hq,scored,n,mr_hq,mr4_f1_01_n2,mr4_f1_01,hq,n2,,,,,,,,1000,,,,,,,,0,,,,,,,,,,,,,,,,,,,,,,,,,,,,,,,,,,,,,,,,,,,,,,,,,,,,,,,,,,,,,,,,,,,,,,0,1,,,,,,,,,,,,,,,,,,,,,,,,,0,,,,,,,,,,,,,,,,,,,,,,,,,,,,,,,,,,,,,,,,,,,,,,,,,,,,,,,,,,,,,,,,,,,,,,,,,,,,,,,,,,,,,,,,,,,,,,,,,,,,,,,,,,,,,,,,,,,,,,,,,,,,,,,,,,,,,,,,,,,,,,,,,,,,,,,,,,,,,,,,,,,,,,,,,,,,,,,,,,,,,,,,,,,,,,,,,,,,,,,,,,,,,,,,,,,,,,,,,,,,,,,,,,,,,,,,,,,,,,,,,,,,,,,,,,,,,,,,,,,,,,,,,,,,,,,,,,,,,,,,,,,,,,,,,,,,,,,,,,,,,,,,,,,,,,,,,,,,,,,,,,,,,,,,,,,,,,,,,,,,,,,,,,,,,,,,,,,,30335,1,none,none,0,none,,,2,hq,hq,4,none,ctx,"0,0,0,0",4,4,0,0,4,36,36,0,4,4,4,4,4,0,0,0,0,0,14.34,85961.12,,,13.12,16.0,6,13.4,13.09,16.64,12.29,17.41,,,12.29,17.41,11.26,17.41,1,17.4,13.22,16.35,1,15.5,13.25,16.42,,,13.15,16.06,12.29,18.43,12.29,18.43,11.26,18.43,0>1;0>2;0>3;1>0;1>2;1>3;2>0;2>1;2>3;3>0;3>1;3>2,12,12,,0:ok;1:ok;2:ok;3:ok,4,,0,12.69,12.704999999999998,85961.12,0>1,85961.1,1>0,17.4,2>1,16.4,0:0,1,1,0>1:1:pair,1,0-1,1,1-0,1,,0,,,0,0,0,0,0-1-0=2;1-0-0=2,2,"p0,p1",0-2-0=6;0-3-0=6,2,"p2,p3",4,0:LOCAL_QP_ERR,,,,2661825646.966,,,,,,,,,,,,,0.0,0,,84.68499994277954,112.5149998664856,85.332,85.332,,,,,,,,,4,0,,0,,0,0,0,,0,0,0,0,,,,0,0,,0,0,0,0,0,0,,4,0,1,17.4,5,13.2,1,14.0,1,18.4,1,18.4,3>0,18.4,,
mr4_f1_01@hq,scored,n,mr_hq,mr4_f1_01_n3,mr4_f1_01,hq,n3,,,,,,,,1000,,,,,,,,0,,,,,,,,,,,,,,,,,,,,,,,,,,,,,,,,,,,,,,,,,,,,,,,,,,,,,,,,,,,,,,,,,,,,,,0,1,,,,,,,,,,,,,,,,,,,,,,,,,0,,,,,,,,,,,,,,,,,,,,,,,,,,,,,,,,,,,,,,,,,,,,,,,,,,,,,,,,,,,,,,,,,,,,,,,,,,,,,,,,,,,,,,,,,,,,,,,,,,,,,,,,,,,,,,,,,,,,,,,,,,,,,,,,,,,,,,,,,,,,,,,,,,,,,,,,,,,,,,,,,,,,,,,,,,,,,,,,,,,,,,,,,,,,,,,,,,,,,,,,,,,,,,,,,,,,,,,,,,,,,,,,,,,,,,,,,,,,,,,,,,,,,,,,,,,,,,,,,,,,,,,,,,,,,,,,,,,,,,,,,,,,,,,,,,,,,,,,,,,,,,,,,,,,,,,,,,,,,,,,,,,,,,,,,,,,,,,,,,,,,,,,,,,,,,,,,,,,30428,1,none,none,0,none,,,3,hq,hq,4,none,ctx,"0,0,0,0",4,4,0,0,4,36,36,0,4,4,4,4,4,0,0,0,0,0,13.12,94730.82,,,13.12,15.23,7,13.9,13.06,16.86,12.29,17.41,,,12.29,17.41,11.26,17.41,1,17.4,12.99,16.1,,,13.09,15.65,1,14.6,12.9,14.34,12.29,18.43,12.29,18.43,11.26,18.43,0>1;0>2;0>3;1>0;1>2;1>3;2>0;2>1;2>3;3>0;3>1;3>2,12,12,,0:ok;1:ok;2:ok;3:ok,4,,0,12.594999999999999,12.64,94730.82,0>1,94730.8,1>0,17.4,2>0,16.1,0:0,1,1,0>1:1:pair,1,0-1,1,1-0,1,,0,,,0,0,0,0,0-1-0=2;1-0-0=2,2,"p0,p1",0-2-0=6;0-3-0=6,2,"p2,p3",4,0:LOCAL_QP_ERR,,,,2661845940.283,,,,,,,,,,,,,0.0,0,,90.54099988937378,119.73799991607666,91.18,91.18,,,,,,,,,4,0,,0,,0,0,0,,0,0,0,0,,,,0,0,,0,0,0,0,0,0,,4,0,1,17.4,6,13.7,1,13.9,1,18.4,1,18.4,3>0,18.4,,
mr4_f1_01@hq,scored,n,mr_hq,mr4_f1_01_n4,mr4_f1_01,hq,n4,,,,,,,,1000,,,,,,,,0,,,,,,,,,,,,,,,,,,,,,,,,,,,,,,,,,,,,,,,,,,,,,,,,,,,,,,,,,,,,,,,,,,,,,,0,1,,,,,,,,,,,,,,,,,,,,,,,,,0,,,,,,,,,,,,,,,,,,,,,,,,,,,,,,,,,,,,,,,,,,,,,,,,,,,,,,,,,,,,,,,,,,,,,,,,,,,,,,,,,,,,,,,,,,,,,,,,,,,,,,,,,,,,,,,,,,,,,,,,,,,,,,,,,,,,,,,,,,,,,,,,,,,,,,,,,,,,,,,,,,,,,,,,,,,,,,,,,,,,,,,,,,,,,,,,,,,,,,,,,,,,,,,,,,,,,,,,,,,,,,,,,,,,,,,,,,,,,,,,,,,,,,,,,,,,,,,,,,,,,,,,,,,,,,,,,,,,,,,,,,,,,,,,,,,,,,,,,,,,,,,,,,,,,,,,,,,,,,,,,,,,,,,,,,,,,,,,,,,,,,,,,,,,,,,,,,,,29073,1,none,none,0,none,,,4,hq,hq,4,none,ctx,"0,0,0,0",4,4,0,0,4,36,36,0,4,4,4,4,4,0,0,0,0,0,13.15,87801.86,,,12.67,14.34,6,14.0,12.61,16.06,12.29,18.43,,,12.29,18.43,11.26,18.43,1,18.4,13.22,16.35,1,16.4,13.25,16.42,,,13.18,16.42,12.29,17.41,12.29,17.41,11.26,17.41,0>1;0>2;0>3;1>0;1>2;1>3;2>0;2>1;2>3;3>0;3>1;3>2,12,12,,0:ok;1:ok;2:ok;3:ok,4,,0,12.45,12.48,87801.86,0>1,87801.9,1>0,18.4,2>1,16.4,0:0,1,1,0>1:1:pair,1,0-1,1,1-0,1,,0,,,0,0,0,0,0-1-0=2;1-0-0=2,2,"p0,p1",0-2-0=6;0-3-0=6,2,"p2,p3",4,0:LOCAL_QP_ERR,,,,2661866240.766,,,,,,,,,,,,,0.0,0,,86.57100009918213,114.53700017929077,87.214,87.214,,,,,,,,,4,0,,0,,0,0,0,,0,0,0,0,,,,0,0,,0,0,0,0,0,0,,4,0,1,18.4,6,13.5,1,16.4,1,17.4,1,17.4,3>0,17.4,,
mr4_f1_01@hq,scored,n,mr_hq,mr4_f1_01_n5,mr4_f1_01,hq,n5,,,,,,,,1000,,,,,,,,0,,,,,,,,,,,,,,,,,,,,,,,,,,,,,,,,,,,,,,,,,,,,,,,,,,,,,,,,,,,,,,,,,,,,,,0,1,,,,,,,,,,,,,,,,,,,,,,,,,0,,,,,,,,,,,,,,,,,,,,,,,,,,,,,,,,,,,,,,,,,,,,,,,,,,,,,,,,,,,,,,,,,,,,,,,,,,,,,,,,,,,,,,,,,,,,,,,,,,,,,,,,,,,,,,,,,,,,,,,,,,,,,,,,,,,,,,,,,,,,,,,,,,,,,,,,,,,,,,,,,,,,,,,,,,,,,,,,,,,,,,,,,,,,,,,,,,,,,,,,,,,,,,,,,,,,,,,,,,,,,,,,,,,,,,,,,,,,,,,,,,,,,,,,,,,,,,,,,,,,,,,,,,,,,,,,,,,,,,,,,,,,,,,,,,,,,,,,,,,,,,,,,,,,,,,,,,,,,,,,,,,,,,,,,,,,,,,,,,,,,,,,,,,,,,,,,,,,30511,1,none,none,0,none,,,5,hq,hq,4,none,ctx,"0,0,0,0",4,4,0,0,4,36,36,0,4,4,4,4,4,0,0,0,0,0,14.24,87789.5,,,13.06,18.3,6,14.3,12.99,16.51,12.29,17.41,,,12.29,17.41,11.26,17.41,1,17.4,13.15,16.16,,,13.18,16.16,1,16.2,13.15,16.06,12.29,17.41,12.29,17.41,11.26,17.41,0>1;0>2;0>3;1>0;1>2;1>3;2>0;2>1;2>3;3>0;3>1;3>2,12,12,,0:ok;1:ok;2:ok;3:ok,4,,0,12.64,12.675,87789.5,0>1,87789.5,1>0,17.4,2>0,16.2,0:0,1,1,0>1:1:pair,1,0-1,1,1-0,1,,0,,,0,0,0,0,0-1-0=2;1-0-0=2,2,"p0,p1",0-2-0=6;0-3-0=6,2,"p2,p3",4,0:LOCAL_QP_ERR,,,,2661886551.046,,,,,,,,,,,,,0.0,0,,85.98899984359741,113.09600019454956,86.63,86.63,,,,,,,,,4,0,,0,,0,0,0,,0,0,0,0,,,,0,0,,0,0,0,0,0,0,,4,0,1,17.4,6,14.0,1,16.1,1,17.4,1,17.4,3>0,17.4,,
mr4_kill3@hq,scored,n,mr_hq,mr4_kill3_n1,mr4_kill3,hq,n1,,,,,,,,1000,,,,,,,,0,,,,,,,,,,,,,,,,,,,,,,,,,,,,,,,,,,,,,,,,,,,,,,,,,,,,,,,,,,,,,,,,,,,,,,0,0,,,,,,,,,,,,,,,,,,,,,,,,,1,,,,,,,,,,,,,,,,,,,,,,,,,,,,,,,,,,,,,,,,,,,,,,,,,,,,,,,,,,,,,,,,,,,,,,2660942375.819,,,,,,,,,,,,,,,,,2660942373.9370003,,,,,,,,,,,,,,,,,,,,,,,,,,,,,,,,,,,,,,,,,,,,,,,,,,,,,,,,,,,,,,,,,,,,,,,,,,,,,,,,,,,,,,,,,,,,,,,,,,,,,,,,,,,,,,,,,,,,,,,,,,,,,,,,,,,,,,,,,,,,,,8.299999713897705,,,,,,,,,,,,,,,,,,,,,,,,,,,,,,,,,,,,,,,,,,,,,,,,,,,,,,,,,,,,,,,,,,,,,,,,,,,,,,,,,,,,,,,,,,,,,,,,,,,,,,,,,,,,,,,,,,,,,,,,,,,,,,,29541,1,none,none,0,none,,,1,hq,hq,4,none,ctx,"4,4,4,255",4,4,0,0,4,36,36,0,4,4,4,4,4,0,0,0,0,3,13.15,15.74,1,12.3,13.12,16.26,1,12.3,13.02,16.45,12.29,17.41,,,12.29,17.41,11.26,17.41,1,17.4,13.7,16.29,0,13.2,14.14,16.54,1,12.8,13.6,16.38,,,,,,,0>1;0>2;0>3;1>0;1>2;1>3;2>0;2>1;2>3;3>0;3>1;3>2,12,0,0>1;0>2;0>3;1>0;1>2;1>3;2>0;2>1;2>3;3>0;3>1;3>2,0:device_error;1:device_error;2:device_error;3:,0,"r0,r1,r2",3,13.085,13.12,17.41,0>3,2737.1,1>0,17.4,2>3,2737.0,,0,,,0,,0,,0,0-3;1-3;2-3,3,0-3=peer judged dead: the peer's socket shows FIN | 1-3=peer judged dead: the peer's socket shows FIN | 2-3=peer judged dead: the peer's socket shows FIN,,0,0,0,0,0-3-0=2;0-3-10=2;0-3-11=2;0-3-1=2;0-3-2=2;0-3-3=2;0-3-4=2;0-3-5=2;0-3-6=2;0-3-7=2;0-3-8=2;0-3-9=2;1-3-0=2;1-3-10=2;1-3-11=2;1-3-1=2;1-3-2=2;1-3-3=2;1-3-4=2;1-3-5=2;1-3-6=2;1-3-7=2;1-3-8=2;1-3-9=2;2-3-0=2;2-3-10=2;2-3-11=2;2-3-1=2;2-3-2=2;2-3-3=2;2-3-4=2;2-3-5=2;2-3-6=2;2-3-7=2;2-3-8=2;2-3-9=2,36,p3,0-3-0=6;0-3-10=6;0-3-11=6;0-3-1=6;0-3-2=6;0-3-3=6;0-3-4=6;0-3-5=6;0-3-6=6;0-3-7=6;0-3-8=6;0-3-9=6;1-3-0=6;1-3-10=6;1-3-11=6;1-3-1=6;1-3-2=6;1-3-3=6;1-3-4=6;1-3-5=6;1-3-6=6;1-3-7=6;1-3-8=6;1-3-9=6;2-3-0=6;2-3-10=6;2-3-11=6;2-3-1=6;2-3-2=6;2-3-3=6;2-3-4=6;2-3-5=6;2-3-6=6;2-3-7=6;2-3-8=6;2-3-9=6,36,p3,3,0:LOCAL_QP_ERR;2:LOCAL_QP_ERR,3,2660942367.519,1,,,6.418000221252441,,,2660942376.219,8.699999809265137,,,,,,,,0,,,,,,,,,6,0,6,6,,4,3,0-3;1-3;2-3,0,0-3=peer-dead;1-3=peer-dead;2-3=peer-dead,3,0,0,,0,0,0,4,3,3,6,0,0,,0,0,0,0,0,0,,4,0,1,17.4,,,,,,,,,,,,
mr4_kill3@hq,scored,n,mr_hq,mr4_kill3_n2,mr4_kill3,hq,n2,,,,,,,,1000,,,,,,,,0,,,,,,,,,,,,,,,,,,,,,,,,,,,,,,,,,,,,,,,,,,,,,,,,,,,,,,,,,,,,,,,,,,,,,,0,0,,,,,,,,,,,,,,,,,,,,,,,,,1,,,,,,,,,,,,,,,,,,,,,,,,,,,,,,,,,,,,,,,,,,,,,,,,,,,,,,,,,,,,,,,,,,,,,,2660964760.241,,,,,,,,,,,,,,,,,2660964758.2209997,,,,,,,,,,,,,,,,,,,,,,,,,,,,,,,,,,,,,,,,,,,,,,,,,,,,,,,,,,,,,,,,,,,,,,,,,,,,,,,,,,,,,,,,,,,,,,,,,,,,,,,,,,,,,,,,,,,,,,,,,,,,,,,,,,,,,,,,,,,,,,8.700000286102295,,,,,,,,,,,,,,,,,,,,,,,,,,,,,,,,,,,,,,,,,,,,,,,,,,,,,,,,,,,,,,,,,,,,,,,,,,,,,,,,,,,,,,,,,,,,,,,,,,,,,,,,,,,,,,,,,,,,,,,,,,,,,,,29392,1,none,none,0,none,,,2,hq,hq,4,none,ctx,"4,4,4,255",4,4,0,0,4,36,36,0,4,4,4,4,4,0,0,0,0,3,12.9,16.16,1,13.8,12.86,16.38,1,13.7,12.67,16.38,12.29,18.43,,,12.29,18.43,11.26,17.41,1,17.4,13.12,16.45,1,14.3,13.22,16.38,1,14.3,13.06,14.75,,,,,,,0>1;0>2;0>3;1>0;1>2;1>3;2>0;2>1;2>3;3>0;3>1;3>2,12,0,0>1;0>2;0>3;1>0;1>2;1>3;2>0;2>1;2>3;3>0;3>1;3>2,0:device_error;1:device_error;2:device_error;3:,0,"r0,r1,r2",3,12.785,12.86,18.43,0>3,1191.4,1>0,18.4,2>3,1363.4,,0,,,0,,0,,0,0-3;1-3;2-3,3,0-3=peer judged dead: the peer's socket shows FIN | 1-3=peer judged dead: the peer's socket shows FIN | 2-3=peer judged dead: the peer's socket shows FIN,,0,0,0,0,0-3-0=2;0-3-10=2;0-3-11=2;0-3-1=2;0-3-2=2;0-3-3=2;0-3-4=2;0-3-5=2;0-3-6=2;0-3-7=2;0-3-8=2;0-3-9=2;1-3-0=2;1-3-10=2;1-3-11=2;1-3-1=2;1-3-2=2;1-3-3=2;1-3-4=2;1-3-5=2;1-3-6=2;1-3-7=2;1-3-8=2;1-3-9=2;2-3-0=2;2-3-10=2;2-3-11=2;2-3-1=2;2-3-2=2;2-3-3=2;2-3-4=2;2-3-5=2;2-3-6=2;2-3-7=2;2-3-8=2;2-3-9=2,36,p3,0-3-0=6;0-3-10=6;0-3-11=6;0-3-1=6;0-3-2=6;0-3-3=6;0-3-4=6;0-3-5=6;0-3-6=6;0-3-7=6;0-3-8=6;0-3-9=6;1-3-0=6;1-3-10=6;1-3-11=6;1-3-1=6;1-3-2=6;1-3-3=6;1-3-4=6;1-3-5=6;1-3-6=6;1-3-7=6;1-3-8=6;1-3-9=6;2-3-0=6;2-3-10=6;2-3-11=6;2-3-1=6;2-3-2=6;2-3-3=6;2-3-4=6;2-3-5=6;2-3-6=6;2-3-7=6;2-3-8=6;2-3-9=6,36,p3,3,0:LOCAL_QP_ERR;2:LOCAL_QP_ERR,3,2660964751.541,1,,,6.679999828338623,,,2660964760.233,8.691999912261963,,,,,,,,0,,,,,,,,,6,0,6,6,,4,3,0-3;1-3;2-3,0,0-3=peer-dead;1-3=peer-dead;2-3=peer-dead,3,0,0,,0,0,0,4,3,3,6,0,0,,0,0,0,0,0,0,,4,0,1,18.4,,,,,,,,,,,,
mr4_kill3@hq,scored,n,mr_hq,mr4_kill3_n3,mr4_kill3,hq,n3,,,,,,,,1000,,,,,,,,0,,,,,,,,,,,,,,,,,,,,,,,,,,,,,,,,,,,,,,,,,,,,,,,,,,,,,,,,,,,,,,,,,,,,,,0,0,,,,,,,,,,,,,,,,,,,,,,,,,1,,,,,,,,,,,,,,,,,,,,,,,,,,,,,,,,,,,,,,,,,,,,,,,,,,,,,,,,,,,,,,,,,,,,,,2660987180.417,,,,,,,,,,,,,,,,,2660987178.5550003,,,,,,,,,,,,,,,,,,,,,,,,,,,,,,,,,,,,,,,,,,,,,,,,,,,,,,,,,,,,,,,,,,,,,,,,,,,,,,,,,,,,,,,,,,,,,,,,,,,,,,,,,,,,,,,,,,,,,,,,,,,,,,,,,,,,,,,,,,,,,,8.810999870300293,,,,,,,,,,,,,,,,,,,,,,,,,,,,,,,,,,,,,,,,,,,,,,,,,,,,,,,,,,,,,,,,,,,,,,,,,,,,,,,,,,,,,,,,,,,,,,,,,,,,,,,,,,,,,,,,,,,,,,,,,,,,,,,30002,1,none,none,0,none,,,3,hq,hq,4,none,ctx,"4,4,4,255",4,4,0,0,4,36,36,0,4,4,4,4,4,0,0,0,0,3,13.18,17.79,1,13.7,13.12,18.3,1,13.4,13.06,18.5,12.29,17.41,,,12.29,17.41,11.26,17.41,1,17.4,13.09,18.46,1,13.8,13.18,18.05,1,13.8,12.93,18.46,,,,,,,0>1;0>2;0>3;1>0;1>2;1>3;2>0;2>1;2>3;3>0;3>1;3>2,12,0,0>1;0>2;0>3;1>0;1>2;1>3;2>0;2>1;2>3;3>0;3>1;3>2,0:device_error;1:device_error;2:device_error;3:,0,"r0,r1,r2",3,12.995000000000001,13.09,18.5,0>3,1449.5,1>0,17.4,2>3,1330.7,,0,,,0,,0,,0,0-3;1-3;2-3,3,0-3=peer judged dead: the peer's socket shows FIN | 1-3=peer judged dead: the peer's socket shows FIN | 2-3=peer judged dead: the peer's socket shows FIN,,0,0,0,0,0-3-0=2;0-3-10=2;0-3-11=2;0-3-1=2;0-3-2=2;0-3-3=2;0-3-4=2;0-3-5=2;0-3-6=2;0-3-7=2;0-3-8=2;0-3-9=2;1-3-0=2;1-3-10=2;1-3-11=2;1-3-1=2;1-3-2=2;1-3-3=2;1-3-4=2;1-3-5=2;1-3-6=2;1-3-7=2;1-3-8=2;1-3-9=2;2-3-0=2;2-3-10=2;2-3-11=2;2-3-1=2;2-3-2=2;2-3-3=2;2-3-4=2;2-3-5=2;2-3-6=2;2-3-7=2;2-3-8=2;2-3-9=2,36,p3,0-3-0=6;0-3-10=6;0-3-11=6;0-3-1=6;0-3-2=6;0-3-3=6;0-3-4=6;0-3-5=6;0-3-6=6;0-3-7=6;0-3-8=6;0-3-9=6;1-3-0=6;1-3-10=6;1-3-11=6;1-3-1=6;1-3-2=6;1-3-3=6;1-3-4=6;1-3-5=6;1-3-6=6;1-3-7=6;1-3-8=6;1-3-9=6;2-3-0=6;2-3-10=6;2-3-11=6;2-3-1=6;2-3-2=6;2-3-3=6;2-3-4=6;2-3-5=6;2-3-6=6;2-3-7=6;2-3-8=6;2-3-9=6,36,p3,3,0:LOCAL_QP_ERR;2:LOCAL_QP_ERR,3,2660987171.606,1,,,6.949000358581543,,,2660987180.452,8.84600019454956,,,,,,,,0,,,,,,,,,6,0,6,6,,4,3,0-3;1-3;2-3,0,0-3=peer-dead;1-3=peer-dead;2-3=peer-dead,3,0,0,,0,0,0,4,3,3,6,0,0,,0,0,0,0,0,0,,4,0,1,17.4,,,,,,,,,,,,
mr4_kill3@hq,scored,n,mr_hq,mr4_kill3_n4,mr4_kill3,hq,n4,,,,,,,,1000,,,,,,,,0,,,,,,,,,,,,,,,,,,,,,,,,,,,,,,,,,,,,,,,,,,,,,,,,,,,,,,,,,,,,,,,,,,,,,,0,0,,,,,,,,,,,,,,,,,,,,,,,,,1,,,,,,,,,,,,,,,,,,,,,,,,,,,,,,,,,,,,,,,,,,,,,,,,,,,,,,,,,,,,,,,,,,,,,,2661009586.608,,,,,,,,,,,,,,,,,2661009577.696,,,,,,,,,,,,,,,,,,,,,,,,,,,,,,,,,,,,,,,,,,,,,,,,,,,,,,,,,,,,,,,,,,,,,,,,,,,,,,,,,,,,,,,,,,,,,,,,,,,,,,,,,,,,,,,,,,,,,,,,,,,,,,,,,,,,,,,,,,,,,,15.16599988937378,,,,,,,,,,,,,,,,,,,,,,,,,,,,,,,,,,,,,,,,,,,,,,,,,,,,,,,,,,,,,,,,,,,,,,,,,,,,,,,,,,,,,,,,,,,,,,,,,,,,,,,,,,,,,,,,,,,,,,,,,,,,,,,30944,1,none,none,0,none,,,4,hq,hq,4,none,ctx,"4,4,4,255",4,4,0,0,4,36,36,0,4,4,4,4,4,0,0,0,0,3,13.15,16.38,1,13.3,13.12,16.38,1,13.3,12.96,16.38,12.29,18.43,,,12.29,17.41,11.26,17.41,1,17.4,13.15,16.38,1,14.3,13.18,16.38,1,14.3,13.12,16.38,,,,,,,0>1;0>2;0>3;1>0;1>2;1>3;2>0;2>1;2>3;3>0;3>1;3>2,12,0,0>1;0>2;0>3;1>0;1>2;1>3;2>0;2>1;2>3;3>0;3>1;3>2,0:device_error;1:device_error;2:device_error;3:,0,"r0,r1,r2",3,13.04,13.12,18.43,0>3,1876.4,1>0,18.4,2>3,1361.4,,0,,,0,,0,,0,0-3;1-3;2-3,3,0-3=peer judged dead: the peer's socket shows FIN | 1-3=peer judged dead: the peer's socket shows FIN | 2-3=peer judged dead: the peer's socket shows FIN,,0,0,0,0,0-3-0=2;0-3-10=2;0-3-11=2;0-3-1=2;0-3-2=2;0-3-3=2;0-3-4=2;0-3-5=2;0-3-6=2;0-3-7=2;0-3-8=2;0-3-9=2;1-3-0=2;1-3-10=2;1-3-11=2;1-3-1=2;1-3-2=2;1-3-3=2;1-3-4=2;1-3-5=2;1-3-6=2;1-3-7=2;1-3-8=2;1-3-9=2;2-3-0=2;2-3-10=2;2-3-11=2;2-3-1=2;2-3-2=2;2-3-3=2;2-3-4=2;2-3-5=2;2-3-6=2;2-3-7=2;2-3-8=2;2-3-9=2,36,p3,0-3-0=6;0-3-10=6;0-3-11=6;0-3-1=6;0-3-2=6;0-3-3=6;0-3-4=6;0-3-5=6;0-3-6=6;0-3-7=6;0-3-8=6;0-3-9=6;1-3-0=6;1-3-10=6;1-3-11=6;1-3-1=6;1-3-2=6;1-3-3=6;1-3-4=6;1-3-5=6;1-3-6=6;1-3-7=6;1-3-8=6;1-3-9=6;2-3-0=6;2-3-10=6;2-3-11=6;2-3-1=6;2-3-2=6;2-3-3=6;2-3-4=6;2-3-5=6;2-3-6=6;2-3-7=6;2-3-8=6;2-3-9=6,36,p3,3,0:LOCAL_QP_ERR;2:LOCAL_QP_ERR,3,2661009571.442,1,,,6.254000186920166,,,2661009586.2,14.757999897003174,,,,,,,,0,,,,,,,,,6,0,6,6,,4,3,0-3;1-3;2-3,0,0-3=peer-dead;1-3=peer-dead;2-3=peer-dead,3,0,0,,0,0,0,4,3,3,6,0,0,,0,0,0,0,0,0,,4,0,1,17.4,,,,,,,,,,,,
mr4_kill3@hq,scored,n,mr_hq,mr4_kill3_n5,mr4_kill3,hq,n5,,,,,,,,1000,,,,,,,,0,,,,,,,,,,,,,,,,,,,,,,,,,,,,,,,,,,,,,,,,,,,,,,,,,,,,,,,,,,,,,,,,,,,,,,0,0,,,,,,,,,,,,,,,,,,,,,,,,,1,,,,,,,,,,,,,,,,,,,,,,,,,,,,,,,,,,,,,,,,,,,,,,,,,,,,,,,,,,,,,,,,,,,,,,2661031961.376,,,,,,,,,,,,,,,,,2661031959.1470003,,,,,,,,,,,,,,,,,,,,,,,,,,,,,,,,,,,,,,,,,,,,,,,,,,,,,,,,,,,,,,,,,,,,,,,,,,,,,,,,,,,,,,,,,,,,,,,,,,,,,,,,,,,,,,,,,,,,,,,,,,,,,,,,,,,,,,,,,,,,,,8.63100004196167,,,,,,,,,,,,,,,,,,,,,,,,,,,,,,,,,,,,,,,,,,,,,,,,,,,,,,,,,,,,,,,,,,,,,,,,,,,,,,,,,,,,,,,,,,,,,,,,,,,,,,,,,,,,,,,,,,,,,,,,,,,,,,,30545,1,none,none,0,none,,,5,hq,hq,4,none,ctx,"4,4,4,255",4,4,0,0,4,36,36,0,4,4,4,4,4,0,0,0,0,3,13.15,16.38,1,13.2,13.09,16.38,1,13.2,13.12,16.06,12.29,17.41,,,12.29,17.41,11.26,17.41,1,17.4,13.44,17.76,1,14.3,14.05,16.64,1,14.3,13.22,16.16,,,,,,,0>1;0>2;0>3;1>0;1>2;1>3;2>0;2>1;2>3;3>0;3>1;3>2,12,0,0>1;0>2;0>3;1>0;1>2;1>3;2>0;2>1;2>3;3>0;3>1;3>2,0:device_error;1:device_error;2:device_error;3:,0,"r0,r1,r2",3,13.135,13.09,17.76,0>3,2730.9,1>0,17.4,2>3,1588.8,,0,,,0,,0,,0,0-3;1-3;2-3,3,0-3=peer judged dead: the peer's socket shows FIN | 1-3=peer judged dead: the peer's socket shows FIN | 2-3=peer judged dead: the peer's socket shows FIN,,0,0,0,0,0-3-0=2;0-3-10=2;0-3-11=2;0-3-1=2;0-3-2=2;0-3-3=2;0-3-4=2;0-3-5=2;0-3-6=2;0-3-7=2;0-3-8=2;0-3-9=2;1-3-0=2;1-3-10=2;1-3-11=2;1-3-1=2;1-3-2=2;1-3-3=2;1-3-4=2;1-3-5=2;1-3-6=2;1-3-7=2;1-3-8=2;1-3-9=2;2-3-0=2;2-3-10=2;2-3-11=2;2-3-1=2;2-3-2=2;2-3-3=2;2-3-4=2;2-3-5=2;2-3-6=2;2-3-7=2;2-3-8=2;2-3-9=2,36,p3,0-3-0=6;0-3-10=6;0-3-11=6;0-3-1=6;0-3-2=6;0-3-3=6;0-3-4=6;0-3-5=6;0-3-6=6;0-3-7=6;0-3-8=6;0-3-9=6;1-3-0=6;1-3-10=6;1-3-11=6;1-3-1=6;1-3-2=6;1-3-3=6;1-3-4=6;1-3-5=6;1-3-6=6;1-3-7=6;1-3-8=6;1-3-9=6;2-3-0=6;2-3-10=6;2-3-11=6;2-3-1=6;2-3-2=6;2-3-3=6;2-3-4=6;2-3-5=6;2-3-6=6;2-3-7=6;2-3-8=6;2-3-9=6,36,p3,3,0:LOCAL_QP_ERR;2:LOCAL_QP_ERR,3,2661031952.745,1,,,6.402000427246094,,,2661031961.358,8.61299991607666,,,,,,,,0,,,,,,,,,6,0,6,6,,4,3,0-3;1-3;2-3,0,0-3=peer-dead;1-3=peer-dead;2-3=peer-dead,3,0,0,,0,0,0,4,3,3,6,0,0,,0,0,0,0,0,0,,4,0,1,17.4,,,,,,,,,,,,
mr4_kill3_peer@hq,scored,n,mr_hq,mr4_kill3_peer_n1,mr4_kill3_peer,hq,n1,,,,,,,,1000,,,,,,,,0,,,,,,,,,,,,,,,,,,,,,,,,,,,,,,,,,,,,,,,,,,,,,,,,,,,,,,,,,,,,,,,,,,,,,,0,0,,,,,,,,,,,,,,,,,,,,,,,,,1,,,,,,,,,,,,,,,,,,,,,,,,,,,,,,,,,,,,,,,,,,,,,,,,,,,,,,,,,,,,,,,,,,,,,,2660616093.641,,,,,,,,,,,,,,,,,2660616092.5,,,,,,,,,,,,,,,,,,,,,,,,,,,,,,,,,,,,,,,,,,,,,,,,,,,,,,,,,,,,,,,,,,,,,,,,,,,,,,,,,,,,,,,,,,,,,,,,,,,,,,,,,,,,,,,,,,,,,,,,,,,,,,,,,,,,,,,,,,,,,,8.170000076293945,,,,,,,,,,,,,,,,,,,,,,,,,,,,,,,,,,,,,,,,,,,,,,,,,,,,,,,,,,,,,,,,,,,,,,,,,,,,,,,,,,,,,,,,,,,,,,,,,,,,,,,,,,,,,,,,,,,,,,,,,,,,,,,30859,1,none,none,0,none,,,1,hq,hq,4,none,peer,"4,4,4,255",4,4,0,0,4,36,36,0,4,4,4,4,4,0,0,0,0,3,12.29,18.24,1,11.2,11.58,18.24,0,11.2,12.16,16.38,11.26,15.36,1,11.3,10.24,14.34,10.24,14.34,,,12.19,16.26,1,10.5,12.29,16.9,1,11.7,11.2,16.9,,,,,,,0>1;0>2;0>3;1>0;1>2;1>3;2>0;2>1;2>3;3>0;3>1;3>2,12,6,0>3;1>3;2>3;3>0;3>1;3>2,0:device_error;1:device_error;2:device_error;3:,0,"r0,r1,r2",3,11.71,11.58,18.24,0>3,2597.8,1>3,1446.9,2>3,2675.1,,0,,,0,,0,,0,0-3;1-3;2-3,3,0-3=peer judged dead: the peer's socket shows FIN | 1-3=peer judged dead: the peer's socket shows FIN | 2-3=peer judged dead: the peer's socket shows FIN,,0,0,0,0,0-3-0=2;0-3-10=2;0-3-11=2;0-3-1=2;0-3-2=2;0-3-3=2;0-3-4=2;0-3-5=2;0-3-6=2;0-3-7=2;0-3-8=2;0-3-9=2;1-3-0=2;1-3-10=2;1-3-11=2;1-3-1=2;1-3-2=2;1-3-3=2;1-3-4=2;1-3-5=2;1-3-6=2;1-3-7=2;1-3-8=2;1-3-9=2;2-3-0=2;2-3-10=2;2-3-11=2;2-3-1=2;2-3-2=2;2-3-3=2;2-3-4=2;2-3-5=2;2-3-6=2;2-3-7=2;2-3-8=2;2-3-9=2,36,p3,0-3-0=6;0-3-10=6;0-3-11=6;0-3-1=6;0-3-2=6;0-3-3=6;0-3-4=6;0-3-5=6;0-3-6=6;0-3-7=6;0-3-8=6;0-3-9=6;1-3-0=6;1-3-10=6;1-3-11=6;1-3-1=6;1-3-2=6;1-3-3=6;1-3-4=6;1-3-5=6;1-3-6=6;1-3-7=6;1-3-8=6;1-3-9=6;2-3-0=6;2-3-10=6;2-3-11=6;2-3-1=6;2-3-2=6;2-3-3=6;2-3-4=6;2-3-5=6;2-3-6=6;2-3-7=6;2-3-8=6;2-3-9=6,36,p3,3,0:LOCAL_QP_ERR;1:LOCAL_QP_ERR;2:LOCAL_QP_ERR,3,2660616085.4709997,1,,,7.029000282287598,,,2660616093.673,8.202000141143799,,,,,,,,0,,,,,,,,,6,6,0,0,,4,3,0-3;1-3;2-3,0,0-3=peer-dead;1-3=peer-dead;2-3=peer-dead,3,0,0,,0,0,0,2,3,3,0,0,0,,0,0,0,0,0,0,,4,0,0,11.3,,,,,,,,,,,,
mr4_kill3_peer@hq,scored,n,mr_hq,mr4_kill3_peer_n2,mr4_kill3_peer,hq,n2,,,,,,,,1000,,,,,,,,0,,,,,,,,,,,,,,,,,,,,,,,,,,,,,,,,,,,,,,,,,,,,,,,,,,,,,,,,,,,,,,,,,,,,,,0,0,,,,,,,,,,,,,,,,,,,,,,,,,1,,,,,,,,,,,,,,,,,,,,,,,,,,,,,,,,,,,,,,,,,,,,,,,,,,,,,,,,,,,,,,,,,,,,,,2660638523.963,,,,,,,,,,,,,,,,,2660638522.355,,,,,,,,,,,,,,,,,,,,,,,,,,,,,,,,,,,,,,,,,,,,,,,,,,,,,,,,,,,,,,,,,,,,,,,,,,,,,,,,,,,,,,,,,,,,,,,,,,,,,,,,,,,,,,,,,,,,,,,,,,,,,,,,,,,,,,,,,,,,,,8.315999507904053,,,,,,,,,,,,,,,,,,,,,,,,,,,,,,,,,,,,,,,,,,,,,,,,,,,,,,,,,,,,,,,,,,,,,,,,,,,,,,,,,,,,,,,,,,,,,,,,,,,,,,,,,,,,,,,,,,,,,,,,,,,,,,,29300,1,none,none,0,none,,,2,hq,hq,4,none,peer,"4,4,4,255",4,4,0,0,4,36,36,0,4,4,4,4,4,0,0,0,0,3,12.32,17.89,1,11.1,12.22,17.89,1,10.2,12.16,17.63,10.24,17.41,,,10.24,17.41,10.24,16.38,1,16.4,12.29,16.74,1,10.3,12.26,14.82,1,11.8,11.71,14.82,,,,,,,0>1;0>2;0>3;1>0;1>2;1>3;2>0;2>1;2>3;3>0;3>1;3>2,12,6,0>3;1>3;2>3;3>0;3>1;3>2,0:device_error;1:device_error;2:device_error;3:,0,"r0,r1,r2",3,11.935,12.22,17.89,0>3,2675.6,1>0,17.4,2>3,2673.6,,0,,,0,,0,,0,0-3;1-3;2-3,3,0-3=peer judged dead: the peer's socket shows FIN | 1-3=peer judged dead: the peer's socket shows FIN | 2-3=peer judged dead: the peer's socket shows FIN,,0,0,0,0,0-3-0=2;0-3-10=2;0-3-11=2;0-3-1=2;0-3-2=2;0-3-3=2;0-3-4=2;0-3-5=2;0-3-6=2;0-3-7=2;0-3-8=2;0-3-9=2;1-3-0=2;1-3-10=2;1-3-11=2;1-3-1=2;1-3-2=2;1-3-3=2;1-3-4=2;1-3-5=2;1-3-6=2;1-3-7=2;1-3-8=2;1-3-9=2;2-3-0=2;2-3-10=2;2-3-11=2;2-3-1=2;2-3-2=2;2-3-3=2;2-3-4=2;2-3-5=2;2-3-6=2;2-3-7=2;2-3-8=2;2-3-9=2,36,p3,0-3-0=6;0-3-10=6;0-3-11=6;0-3-1=6;0-3-2=6;0-3-3=6;0-3-4=6;0-3-5=6;0-3-6=6;0-3-7=6;0-3-8=6;0-3-9=6;1-3-0=6;1-3-10=6;1-3-11=6;1-3-1=6;1-3-2=6;1-3-3=6;1-3-4=6;1-3-5=6;1-3-6=6;1-3-7=6;1-3-8=6;1-3-9=6;2-3-0=6;2-3-10=6;2-3-11=6;2-3-1=6;2-3-2=6;2-3-3=6;2-3-4=6;2-3-5=6;2-3-6=6;2-3-7=6;2-3-8=6;2-3-9=6,36,p3,3,0:LOCAL_QP_ERR;2:LOCAL_QP_ERR,3,2660638515.6470003,1,,,6.7079997062683105,,,2660638523.944,8.296999454498291,,,,,,,,0,,,,,,,,,6,6,0,0,,4,3,0-3;1-3;2-3,0,0-3=peer-dead;1-3=peer-dead;2-3=peer-dead,3,0,0,,0,0,0,2,3,3,0,0,0,,0,0,0,0,0,0,,4,0,1,17.4,,,,,,,,,,,,
mr4_kill3_peer@hq,scored,n,mr_hq,mr4_kill3_peer_n3,mr4_kill3_peer,hq,n3,,,,,,,,1000,,,,,,,,0,,,,,,,,,,,,,,,,,,,,,,,,,,,,,,,,,,,,,,,,,,,,,,,,,,,,,,,,,,,,,,,,,,,,,,0,0,,,,,,,,,,,,,,,,,,,,,,,,,1,,,,,,,,,,,,,,,,,,,,,,,,,,,,,,,,,,,,,,,,,,,,,,,,,,,,,,,,,,,,,,,,,,,,,,2660681324.271,,,,,,,,,,,,,,,,,2660681323.164,,,,,,,,,,,,,,,,,,,,,,,,,,,,,,,,,,,,,,,,,,,,,,,,,,,,,,,,,,,,,,,,,,,,,,,,,,,,,,,,,,,,,,,,,,,,,,,,,,,,,,,,,,,,,,,,,,,,,,,,,,,,,,,,,,,,,,,,,,,,,,7.892999649047852,,,,,,,,,,,,,,,,,,,,,,,,,,,,,,,,,,,,,,,,,,,,,,,,,,,,,,,,,,,,,,,,,,,,,,,,,,,,,,,,,,,,,,,,,,,,,,,,,,,,,,,,,,,,,,,,,,,,,,,,,,,,,,,29652,1,none,none,0,none,,,3,hq,hq,4,none,peer,"4,4,4,255",4,4,0,0,4,36,36,0,4,4,4,4,4,0,0,0,0,3,12.29,17.44,1,12.7,12.0,15.9,1,12.6,12.32,16.38,10.24,16.38,1,11.3,10.24,16.38,10.24,15.36,,,12.54,16.38,1,12.4,12.9,16.38,1,12.3,12.96,16.38,,,,,,,0>1;0>2;0>3;1>0;1>2;1>3;2>0;2>1;2>3;3>0;3>1;3>2,12,6,0>3;1>3;2>3;3>0;3>1;3>2,0:device_error;1:device_error;2:device_error;3:,0,"r0,r1,r2",3,12.305,12.0,17.44,0>3,5479.1,1>3,967.7,2>3,2728.6,,0,,,0,,0,,0,0-3;1-3;2-3,3,0-3=peer judged dead: the peer's socket shows FIN | 1-3=peer judged dead: the peer's socket shows FIN | 2-3=peer judged dead: the peer's socket shows FIN,,0,0,0,0,0-3-0=2;0-3-10=2;0-3-11=2;0-3-1=2;0-3-2=2;0-3-3=2;0-3-4=2;0-3-5=2;0-3-6=2;0-3-7=2;0-3-8=2;0-3-9=2;1-3-0=2;1-3-10=2;1-3-11=2;1-3-1=2;1-3-2=2;1-3-3=2;1-3-4=2;1-3-5=2;1-3-6=2;1-3-7=2;1-3-8=2;1-3-9=2;2-3-0=2;2-3-10=2;2-3-11=2;2-3-1=2;2-3-2=2;2-3-3=2;2-3-4=2;2-3-5=2;2-3-6=2;2-3-7=2;2-3-8=2;2-3-9=2,36,p3,0-3-0=6;0-3-10=6;0-3-11=6;0-3-1=6;0-3-2=6;0-3-3=6;0-3-4=6;0-3-5=6;0-3-6=6;0-3-7=6;0-3-8=6;0-3-9=6;1-3-0=6;1-3-10=6;1-3-11=6;1-3-1=6;1-3-2=6;1-3-3=6;1-3-4=6;1-3-5=6;1-3-6=6;1-3-7=6;1-3-8=6;1-3-9=6;2-3-0=6;2-3-10=6;2-3-11=6;2-3-1=6;2-3-2=6;2-3-3=6;2-3-4=6;2-3-5=6;2-3-6=6;2-3-7=6;2-3-8=6;2-3-9=6,36,p3,3,0:LOCAL_QP_ERR;1:LOCAL_QP_ERR;2:LOCAL_QP_ERR,3,2660681316.3780003,1,,,6.785999774932861,,,2660681324.666,8.287999629974365,,,,,,,,0,,,,,,,,,6,6,0,0,,4,3,0-3;1-3;2-3,0,0-3=peer-dead;1-3=peer-dead;2-3=peer-dead,3,0,0,,0,0,0,2,3,3,0,0,0,,0,0,0,0,0,0,,4,0,1,11.3,,,,,,,,,,,,
mr4_kill3_peer@hq,scored,n,mr_hq,mr4_kill3_peer_n4,mr4_kill3_peer,hq,n4,,,,,,,,1000,,,,,,,,0,,,,,,,,,,,,,,,,,,,,,,,,,,,,,,,,,,,,,,,,,,,,,,,,,,,,,,,,,,,,,,,,,,,,,,0,0,,,,,,,,,,,,,,,,,,,,,,,,,1,,,,,,,,,,,,,,,,,,,,,,,,,,,,,,,,,,,,,,,,,,,,,,,,,,,,,,,,,,,,,,,,,,,,,,2660703724.759,,,,,,,,,,,,,,,,,2660703723.4420004,,,,,,,,,,,,,,,,,,,,,,,,,,,,,,,,,,,,,,,,,,,,,,,,,,,,,,,,,,,,,,,,,,,,,,,,,,,,,,,,,,,,,,,,,,,,,,,,,,,,,,,,,,,,,,,,,,,,,,,,,,,,,,,,,,,,,,,,,,,,,,7.812999725341797,,,,,,,,,,,,,,,,,,,,,,,,,,,,,,,,,,,,,,,,,,,,,,,,,,,,,,,,,,,,,,,,,,,,,,,,,,,,,,,,,,,,,,,,,,,,,,,,,,,,,,,,,,,,,,,,,,,,,,,,,,,,,,,29131,1,none,none,0,none,,,4,hq,hq,4,none,peer,"4,4,4,255",4,4,0,0,4,36,36,0,4,4,4,4,4,0,0,0,0,3,12.38,17.98,1,11.2,12.19,17.98,1,10.3,12.26,17.73,10.24,15.36,,,10.24,15.36,10.24,15.36,1,15.4,12.29,16.35,1,10.9,12.29,16.35,1,11.1,11.52,16.35,,,,,,,0>1;0>2;0>3;1>0;1>2;1>3;2>0;2>1;2>3;3>0;3>1;3>2,12,6,0>3;1>3;2>3;3>0;3>1;3>2,0:device_error;1:device_error;2:device_error;3:,0,"r0,r1,r2",3,11.89,12.19,17.98,0>3,3644.3,1>0,15.4,2>3,2727.9,,0,,,0,,0,,0,0-3;1-3;2-3,3,0-3=peer judged dead: the peer's socket shows FIN | 1-3=peer judged dead: the peer's socket shows FIN | 2-3=peer judged dead: the peer's socket shows FIN,,0,0,0,0,0-3-0=2;0-3-10=2;0-3-11=2;0-3-1=2;0-3-2=2;0-3-3=2;0-3-4=2;0-3-5=2;0-3-6=2;0-3-7=2;0-3-8=2;0-3-9=2;1-3-0=2;1-3-10=2;1-3-11=2;1-3-1=2;1-3-2=2;1-3-3=2;1-3-4=2;1-3-5=2;1-3-6=2;1-3-7=2;1-3-8=2;1-3-9=2;2-3-0=2;2-3-10=2;2-3-11=2;2-3-1=2;2-3-2=2;2-3-3=2;2-3-4=2;2-3-5=2;2-3-6=2;2-3-7=2;2-3-8=2;2-3-9=2,36,p3,0-3-0=6;0-3-10=6;0-3-11=6;0-3-1=6;0-3-2=6;0-3-3=6;0-3-4=6;0-3-5=6;0-3-6=6;0-3-7=6;0-3-8=6;0-3-9=6;1-3-0=6;1-3-10=6;1-3-11=6;1-3-1=6;1-3-2=6;1-3-3=6;1-3-4=6;1-3-5=6;1-3-6=6;1-3-7=6;1-3-8=6;1-3-9=6;2-3-0=6;2-3-10=6;2-3-11=6;2-3-1=6;2-3-2=6;2-3-3=6;2-3-4=6;2-3-5=6;2-3-6=6;2-3-7=6;2-3-8=6;2-3-9=6,36,p3,3,0:LOCAL_QP_ERR;2:LOCAL_QP_ERR,3,2660703716.946,1,,,6.496000289916992,,,2660703725.162,8.216000080108643,,,,,,,,0,,,,,,,,,6,6,0,0,,4,3,0-3;1-3;2-3,0,0-3=peer-dead;1-3=peer-dead;2-3=peer-dead,3,0,0,,0,0,0,2,3,3,0,0,0,,0,0,0,0,0,0,,4,0,1,15.4,,,,,,,,,,,,
mr4_kill3_peer@hq,scored,n,mr_hq,mr4_kill3_peer_n5,mr4_kill3_peer,hq,n5,,,,,,,,1000,,,,,,,,0,,,,,,,,,,,,,,,,,,,,,,,,,,,,,,,,,,,,,,,,,,,,,,,,,,,,,,,,,,,,,,,,,,,,,,0,0,,,,,,,,,,,,,,,,,,,,,,,,,1,,,,,,,,,,,,,,,,,,,,,,,,,,,,,,,,,,,,,,,,,,,,,,,,,,,,,,,,,,,,,,,,,,,,,,2660746582.703,,,,,,,,,,,,,,,,,2660746571.014,,,,,,,,,,,,,,,,,,,,,,,,,,,,,,,,,,,,,,,,,,,,,,,,,,,,,,,,,,,,,,,,,,,,,,,,,,,,,,,,,,,,,,,,,,,,,,,,,,,,,,,,,,,,,,,,,,,,,,,,,,,,,,,,,,,,,,,,,,,,,,18.505000114440918,,,,,,,,,,,,,,,,,,,,,,,,,,,,,,,,,,,,,,,,,,,,,,,,,,,,,,,,,,,,,,,,,,,,,,,,,,,,,,,,,,,,,,,,,,,,,,,,,,,,,,,,,,,,,,,,,,,,,,,,,,,,,,,30368,1,none,none,0,none,,,5,hq,hq,4,none,peer,"4,4,4,255",4,4,0,0,4,36,36,0,4,4,4,4,4,0,0,0,0,3,12.29,16.38,1,10.4,11.74,16.38,1,10.6,12.26,15.23,10.24,16.38,1,11.3,10.24,14.34,10.24,14.34,,,12.29,14.34,0,12.3,12.29,14.34,1,12.4,11.94,14.34,,,,,,,0>1;0>2;0>3;1>0;1>2;1>3;2>0;2>1;2>3;3>0;3>1;3>2,12,6,0>3;1>3;2>3;3>0;3>1;3>2,0:device_error;1:device_error;2:device_error;3:,0,"r0,r1,r2",3,12.1,11.74,16.38,0>3,7007.1,1>3,1475.6,2>3,1585.6,,0,,,0,,0,,0,0-3;1-3;2-3,3,0-3=peer judged dead: the peer's socket shows FIN | 1-3=peer judged dead: the peer's socket shows FIN | 2-3=peer judged dead: the peer's socket shows FIN,,0,0,0,0,0-3-0=2;0-3-10=2;0-3-11=2;0-3-1=2;0-3-2=2;0-3-3=2;0-3-4=2;0-3-5=2;0-3-6=2;0-3-7=2;0-3-8=2;0-3-9=2;1-3-0=2;1-3-10=2;1-3-11=2;1-3-1=2;1-3-2=2;1-3-3=2;1-3-4=2;1-3-5=2;1-3-6=2;1-3-7=2;1-3-8=2;1-3-9=2;2-3-0=2;2-3-10=2;2-3-11=2;2-3-1=2;2-3-2=2;2-3-3=2;2-3-4=2;2-3-5=2;2-3-6=2;2-3-7=2;2-3-8=2;2-3-9=2,36,p3,0-3-0=6;0-3-10=6;0-3-11=6;0-3-1=6;0-3-2=6;0-3-3=6;0-3-4=6;0-3-5=6;0-3-6=6;0-3-7=6;0-3-8=6;0-3-9=6;1-3-0=6;1-3-10=6;1-3-11=6;1-3-1=6;1-3-2=6;1-3-3=6;1-3-4=6;1-3-5=6;1-3-6=6;1-3-7=6;1-3-8=6;1-3-9=6;2-3-0=6;2-3-10=6;2-3-11=6;2-3-1=6;2-3-2=6;2-3-3=6;2-3-4=6;2-3-5=6;2-3-6=6;2-3-7=6;2-3-8=6;2-3-9=6,36,p3,3,0:LOCAL_QP_ERR;1:LOCAL_QP_ERR;2:LOCAL_QP_ERR,3,2660746564.198,1,,,6.815999984741211,,,2660746582.293,18.09500026702881,,,,,,,,0,,,,,,,,,6,6,0,0,,4,3,0-3;1-3;2-3,0,0-3=peer-dead;1-3=peer-dead;2-3=peer-dead,3,0,0,,0,0,0,2,3,3,0,0,0,,0,0,0,0,0,0,,4,0,1,11.3,,,,,,,,,,,,
mr4_kill3_peer@hq,scored,n,mr_hq,mr4_kill3_peer_n6,mr4_kill3_peer,hq,n6,,,,,,,,1000,,,,,,,,0,,,,,,,,,,,,,,,,,,,,,,,,,,,,,,,,,,,,,,,,,,,,,,,,,,,,,,,,,,,,,,,,,,,,,,0,0,,,,,,,,,,,,,,,,,,,,,,,,,1,,,,,,,,,,,,,,,,,,,,,,,,,,,,,,,,,,,,,,,,,,,,,,,,,,,,,,,,,,,,,,,,,,,,,,2660768988.783,,,,,,,,,,,,,,,,,2660768986.543,,,,,,,,,,,,,,,,,,,,,,,,,,,,,,,,,,,,,,,,,,,,,,,,,,,,,,,,,,,,,,,,,,,,,,,,,,,,,,,,,,,,,,,,,,,,,,,,,,,,,,,,,,,,,,,,,,,,,,,,,,,,,,,,,,,,,,,,,,,,,,8.32800006866455,,,,,,,,,,,,,,,,,,,,,,,,,,,,,,,,,,,,,,,,,,,,,,,,,,,,,,,,,,,,,,,,,,,,,,,,,,,,,,,,,,,,,,,,,,,,,,,,,,,,,,,,,,,,,,,,,,,,,,,,,,,,,,,30067,1,none,none,0,none,,,6,hq,hq,4,none,peer,"4,4,4,255",4,4,0,0,4,36,36,0,4,4,4,4,4,0,0,0,0,3,12.38,17.73,1,12.3,12.29,17.73,1,12.3,12.45,17.47,10.24,16.38,1,11.3,10.24,16.38,10.24,15.36,,,12.51,14.91,0,12.6,12.83,15.49,0,12.8,12.58,14.91,,,,,,,0>1;0>2;0>3;1>0;1>2;1>3;2>0;2>1;2>3;3>0;3>1;3>2,12,6,0>3;1>3;2>3;3>0;3>1;3>2,0:device_error;1:device_error;2:device_error;3:,0,"r0,r1,r2",3,12.415,12.29,17.73,0>3,1351.7,1>3,3060.7,2>3,1483.1,,0,,,0,,0,,0,0-3;1-3;2-3,3,0-3=peer judged dead: the peer's socket shows FIN | 1-3=peer judged dead: the peer's socket shows FIN | 2-3=peer judged dead: the peer's socket shows FIN,,0,0,0,0,0-3-0=2;0-3-10=2;0-3-11=2;0-3-1=2;0-3-2=2;0-3-3=2;0-3-4=2;0-3-5=2;0-3-6=2;0-3-7=2;0-3-8=2;0-3-9=2;1-3-0=2;1-3-10=2;1-3-11=2;1-3-1=2;1-3-2=2;1-3-3=2;1-3-4=2;1-3-5=2;1-3-6=2;1-3-7=2;1-3-8=2;1-3-9=2;2-3-0=2;2-3-10=2;2-3-11=2;2-3-1=2;2-3-2=2;2-3-3=2;2-3-4=2;2-3-5=2;2-3-6=2;2-3-7=2;2-3-8=2;2-3-9=2,36,p3,0-3-0=6;0-3-10=6;0-3-11=6;0-3-1=6;0-3-2=6;0-3-3=6;0-3-4=6;0-3-5=6;0-3-6=6;0-3-7=6;0-3-8=6;0-3-9=6;1-3-0=6;1-3-10=6;1-3-11=6;1-3-1=6;1-3-2=6;1-3-3=6;1-3-4=6;1-3-5=6;1-3-6=6;1-3-7=6;1-3-8=6;1-3-9=6;2-3-0=6;2-3-10=6;2-3-11=6;2-3-1=6;2-3-2=6;2-3-3=6;2-3-4=6;2-3-5=6;2-3-6=6;2-3-7=6;2-3-8=6;2-3-9=6,36,p3,3,0:LOCAL_QP_ERR;1:LOCAL_QP_ERR;2:LOCAL_QP_ERR,3,2660768980.455,1,,,6.088000297546387,,,2660768988.385,7.930000305175781,,,,,,,,0,,,,,,,,,6,6,0,0,,4,3,0-3;1-3;2-3,0,0-3=peer-dead;1-3=peer-dead;2-3=peer-dead,3,0,0,,0,0,0,2,3,3,0,0,0,,0,0,0,0,0,0,,4,0,1,10.2,,,,,,,,,,,,
mr4_kill3_peer@hq,scored,n,mr_hq,mr4_kill3_peer_n7,mr4_kill3_peer,hq,n7,,,,,,,,1000,,,,,,,,0,,,,,,,,,,,,,,,,,,,,,,,,,,,,,,,,,,,,,,,,,,,,,,,,,,,,,,,,,,,,,,,,,,,,,,0,0,,,,,,,,,,,,,,,,,,,,,,,,,1,,,,,,,,,,,,,,,,,,,,,,,,,,,,,,,,,,,,,,,,,,,,,,,,,,,,,,,,,,,,,,,,,,,,,,2660811852.014,,,,,,,,,,,,,,,,,2660811850.4230003,,,,,,,,,,,,,,,,,,,,,,,,,,,,,,,,,,,,,,,,,,,,,,,,,,,,,,,,,,,,,,,,,,,,,,,,,,,,,,,,,,,,,,,,,,,,,,,,,,,,,,,,,,,,,,,,,,,,,,,,,,,,,,,,,,,,,,,,,,,,,,7.923999786376953,,,,,,,,,,,,,,,,,,,,,,,,,,,,,,,,,,,,,,,,,,,,,,,,,,,,,,,,,,,,,,,,,,,,,,,,,,,,,,,,,,,,,,,,,,,,,,,,,,,,,,,,,,,,,,,,,,,,,,,,,,,,,,,29019,1,none,none,0,none,,,7,hq,hq,4,none,peer,"4,4,4,255",4,4,0,0,4,36,36,0,4,4,4,4,4,0,0,0,0,3,11.94,17.25,1,11.1,11.17,17.25,1,10.7,11.81,17.25,11.26,15.36,,,10.24,15.36,10.24,15.36,1,15.4,12.48,16.35,1,10.5,12.45,15.71,1,11.5,12.03,16.42,,,,,,,0>1;0>2;0>3;1>0;1>2;1>3;2>0;2>1;2>3;3>0;3>1;3>2,12,6,0>3;1>3;2>3;3>0;3>1;3>2,0:device_error;1:device_error;2:device_error;3:,0,"r0,r1,r2",3,11.875,11.17,17.25,0>3,2730.9,1>0,15.4,2>3,2730.8,,0,,,0,,0,,0,0-3;1-3;2-3,3,0-3=peer judged dead: the peer's socket shows FIN | 1-3=peer judged dead: the peer's socket shows FIN | 2-3=peer judged dead: the peer's socket shows FIN,,0,0,0,0,0-3-0=2;0-3-10=2;0-3-11=2;0-3-1=2;0-3-2=2;0-3-3=2;0-3-4=2;0-3-5=2;0-3-6=2;0-3-7=2;0-3-8=2;0-3-9=2;1-3-0=2;1-3-10=2;1-3-11=2;1-3-1=2;1-3-2=2;1-3-3=2;1-3-4=2;1-3-5=2;1-3-6=2;1-3-7=2;1-3-8=2;1-3-9=2;2-3-0=2;2-3-10=2;2-3-11=2;2-3-1=2;2-3-2=2;2-3-3=2;2-3-4=2;2-3-5=2;2-3-6=2;2-3-7=2;2-3-8=2;2-3-9=2,36,p3,0-3-0=6;0-3-10=6;0-3-11=6;0-3-1=6;0-3-2=6;0-3-3=6;0-3-4=6;0-3-5=6;0-3-6=6;0-3-7=6;0-3-8=6;0-3-9=6;1-3-0=6;1-3-10=6;1-3-11=6;1-3-1=6;1-3-2=6;1-3-3=6;1-3-4=6;1-3-5=6;1-3-6=6;1-3-7=6;1-3-8=6;1-3-9=6;2-3-0=6;2-3-10=6;2-3-11=6;2-3-1=6;2-3-2=6;2-3-3=6;2-3-4=6;2-3-5=6;2-3-6=6;2-3-7=6;2-3-8=6;2-3-9=6,36,p3,3,0:LOCAL_QP_ERR;2:LOCAL_QP_ERR,3,2660811844.09,1,,,6.333000183105469,,,2660811852.405,8.315000057220459,,,,,,,,0,,,,,,,,,6,6,0,0,,4,3,0-3;1-3;2-3,0,0-3=peer-dead;1-3=peer-dead;2-3=peer-dead,3,0,0,,0,0,0,2,3,3,0,0,0,,0,0,0,0,0,0,,4,0,1,15.4,,,,,,,,,,,,
mr4_kill3_peer@hq,scored,n,mr_hq,mr4_kill3_peer_n8,mr4_kill3_peer,hq,n8,,,,,,,,1000,,,,,,,,0,,,,,,,,,,,,,,,,,,,,,,,,,,,,,,,,,,,,,,,,,,,,,,,,,,,,,,,,,,,,,,,,,,,,,,0,0,,,,,,,,,,,,,,,,,,,,,,,,,1,,,,,,,,,,,,,,,,,,,,,,,,,,,,,,,,,,,,,,,,,,,,,,,,,,,,,,,,,,,,,,,,,,,,,,2660834245.528,,,,,,,,,,,,,,,,,2660834243.858,,,,,,,,,,,,,,,,,,,,,,,,,,,,,,,,,,,,,,,,,,,,,,,,,,,,,,,,,,,,,,,,,,,,,,,,,,,,,,,,,,,,,,,,,,,,,,,,,,,,,,,,,,,,,,,,,,,,,,,,,,,,,,,,,,,,,,,,,,,,,,8.264999866485596,,,,,,,,,,,,,,,,,,,,,,,,,,,,,,,,,,,,,,,,,,,,,,,,,,,,,,,,,,,,,,,,,,,,,,,,,,,,,,,,,,,,,,,,,,,,,,,,,,,,,,,,,,,,,,,,,,,,,,,,,,,,,,,29628,1,none,none,0,none,,,8,hq,hq,4,none,peer,"4,4,4,255",4,4,0,0,4,36,36,0,4,4,4,4,4,0,0,0,0,3,12.29,15.26,1,12.0,11.62,15.26,1,10.7,12.19,15.26,10.24,17.41,,,11.26,15.36,10.24,14.34,1,14.3,12.29,16.38,1,12.4,12.29,15.97,1,12.6,11.39,15.78,,,,,,,0>1;0>2;0>3;1>0;1>2;1>3;2>0;2>1;2>3;3>0;3>1;3>2,12,6,0>3;1>3;2>3;3>0;3>1;3>2,0:device_error;1:device_error;2:device_error;3:,0,"r0,r1,r2",3,11.79,11.62,17.41,0>3,1415.6,1>0,17.4,2>3,1372.6,,0,,,0,,0,,0,0-3;1-3;2-3,3,0-3=peer judged dead: the peer's socket shows FIN | 1-3=peer judged dead: the peer's socket shows FIN | 2-3=peer judged dead: the peer's socket shows FIN,,0,0,0,0,0-3-0=2;0-3-10=2;0-3-11=2;0-3-1=2;0-3-2=2;0-3-3=2;0-3-4=2;0-3-5=2;0-3-6=2;0-3-7=2;0-3-8=2;0-3-9=2;1-3-0=2;1-3-10=2;1-3-11=2;1-3-1=2;1-3-2=2;1-3-3=2;1-3-4=2;1-3-5=2;1-3-6=2;1-3-7=2;1-3-8=2;1-3-9=2;2-3-0=2;2-3-10=2;2-3-11=2;2-3-1=2;2-3-2=2;2-3-3=2;2-3-4=2;2-3-5=2;2-3-6=2;2-3-7=2;2-3-8=2;2-3-9=2,36,p3,0-3-0=6;0-3-10=6;0-3-11=6;0-3-1=6;0-3-2=6;0-3-3=6;0-3-4=6;0-3-5=6;0-3-6=6;0-3-7=6;0-3-8=6;0-3-9=6;1-3-0=6;1-3-10=6;1-3-11=6;1-3-1=6;1-3-2=6;1-3-3=6;1-3-4=6;1-3-5=6;1-3-6=6;1-3-7=6;1-3-8=6;1-3-9=6;2-3-0=6;2-3-10=6;2-3-11=6;2-3-1=6;2-3-2=6;2-3-3=6;2-3-4=6;2-3-5=6;2-3-6=6;2-3-7=6;2-3-8=6;2-3-9=6,36,p3,3,0:LOCAL_QP_ERR;2:LOCAL_QP_ERR,3,2660834237.263,1,,,6.59499979019165,,,2660834245.133,7.869999885559082,,,,,,,,0,,,,,,,,,6,6,0,0,,4,3,0-3;1-3;2-3,0,0-3=peer-dead;1-3=peer-dead;2-3=peer-dead,3,0,0,,0,0,0,2,3,3,0,0,0,,0,0,0,0,0,0,,4,0,1,15.4,,,,,,,,,,,,
mr4_kill3_peer@hq,scored,n,mr_hq,mr4_kill3_peer_n9,mr4_kill3_peer,hq,n9,,,,,,,,1000,,,,,,,,0,,,,,,,,,,,,,,,,,,,,,,,,,,,,,,,,,,,,,,,,,,,,,,,,,,,,,,,,,,,,,,,,,,,,,,0,0,,,,,,,,,,,,,,,,,,,,,,,,,1,,,,,,,,,,,,,,,,,,,,,,,,,,,,,,,,,,,,,,,,,,,,,,,,,,,,,,,,,,,,,,,,,,,,,,2660877099.816,,,,,,,,,,,,,,,,,2660877097.7200003,,,,,,,,,,,,,,,,,,,,,,,,,,,,,,,,,,,,,,,,,,,,,,,,,,,,,,,,,,,,,,,,,,,,,,,,,,,,,,,,,,,,,,,,,,,,,,,,,,,,,,,,,,,,,,,,,,,,,,,,,,,,,,,,,,,,,,,,,,,,,,8.392999649047852,,,,,,,,,,,,,,,,,,,,,,,,,,,,,,,,,,,,,,,,,,,,,,,,,,,,,,,,,,,,,,,,,,,,,,,,,,,,,,,,,,,,,,,,,,,,,,,,,,,,,,,,,,,,,,,,,,,,,,,,,,,,,,,29792,1,none,none,0,none,,,9,hq,hq,4,none,peer,"4,4,4,255",4,4,0,0,4,36,36,0,4,4,4,4,4,0,0,0,0,3,12.06,14.72,1,10.4,11.17,14.72,1,10.5,11.17,14.72,10.24,16.38,,,10.24,15.36,10.24,16.38,1,16.4,11.17,16.42,1,12.3,12.1,16.42,1,11.2,11.17,16.42,,,,,,,0>1;0>2;0>3;1>0;1>2;1>3;2>0;2>1;2>3;3>0;3>1;3>2,12,6,0>3;1>3;2>3;3>0;3>1;3>2,0:device_error;1:device_error;2:device_error;3:,0,"r0,r1,r2",3,11.17,11.17,16.42,0>3,2722.7,1>0,16.4,2>3,2730.3,,0,,,0,,0,,0,0-3;1-3;2-3,3,0-3=peer judged dead: the peer's socket shows FIN | 1-3=peer judged dead: the peer's socket shows FIN | 2-3=peer judged dead: the peer's socket shows FIN,,0,0,0,0,0-3-0=2;0-3-10=2;0-3-11=2;0-3-1=2;0-3-2=2;0-3-3=2;0-3-4=2;0-3-5=2;0-3-6=2;0-3-7=2;0-3-8=2;0-3-9=2;1-3-0=2;1-3-10=2;1-3-11=2;1-3-1=2;1-3-2=2;1-3-3=2;1-3-4=2;1-3-5=2;1-3-6=2;1-3-7=2;1-3-8=2;1-3-9=2;2-3-0=2;2-3-10=2;2-3-11=2;2-3-1=2;2-3-2=2;2-3-3=2;2-3-4=2;2-3-5=2;2-3-6=2;2-3-7=2;2-3-8=2;2-3-9=2,36,p3,0-3-0=6;0-3-10=6;0-3-11=6;0-3-1=6;0-3-2=6;0-3-3=6;0-3-4=6;0-3-5=6;0-3-6=6;0-3-7=6;0-3-8=6;0-3-9=6;1-3-0=6;1-3-10=6;1-3-11=6;1-3-1=6;1-3-2=6;1-3-3=6;1-3-4=6;1-3-5=6;1-3-6=6;1-3-7=6;1-3-8=6;1-3-9=6;2-3-0=6;2-3-10=6;2-3-11=6;2-3-1=6;2-3-2=6;2-3-3=6;2-3-4=6;2-3-5=6;2-3-6=6;2-3-7=6;2-3-8=6;2-3-9=6,36,p3,3,0:LOCAL_QP_ERR;2:LOCAL_QP_ERR,3,2660877091.4230003,1,,,6.296999931335449,,,2660877099.431,8.007999897003174,,,,,,,,0,,,,,,,,,6,6,0,0,,4,3,0-3;1-3;2-3,0,0-3=peer-dead;1-3=peer-dead;2-3=peer-dead,3,0,0,,0,0,0,2,3,3,0,0,0,,0,0,0,0,0,0,,4,0,1,15.4,,,,,,,,,,,,
mr4_kill3_peer@hq,scored,n,mr_hq,mr4_kill3_peer_n10,mr4_kill3_peer,hq,n10,,,,,,,,1000,,,,,,,,0,,,,,,,,,,,,,,,,,,,,,,,,,,,,,,,,,,,,,,,,,,,,,,,,,,,,,,,,,,,,,,,,,,,,,,0,0,,,,,,,,,,,,,,,,,,,,,,,,,1,,,,,,,,,,,,,,,,,,,,,,,,,,,,,,,,,,,,,,,,,,,,,,,,,,,,,,,,,,,,,,,,,,,,,,2660899536.093,,,,,,,,,,,,,,,,,2660899533.5150003,,,,,,,,,,,,,,,,,,,,,,,,,,,,,,,,,,,,,,,,,,,,,,,,,,,,,,,,,,,,,,,,,,,,,,,,,,,,,,,,,,,,,,,,,,,,,,,,,,,,,,,,,,,,,,,,,,,,,,,,,,,,,,,,,,,,,,,,,,,,,,8.861999988555908,,,,,,,,,,,,,,,,,,,,,,,,,,,,,,,,,,,,,,,,,,,,,,,,,,,,,,,,,,,,,,,,,,,,,,,,,,,,,,,,,,,,,,,,,,,,,,,,,,,,,,,,,,,,,,,,,,,,,,,,,,,,,,,29104,1,none,none,0,none,,,10,hq,hq,4,none,peer,"4,4,4,255",4,4,0,0,4,36,36,0,4,4,4,4,4,0,0,0,0,3,12.45,15.14,1,12.3,12.29,16.7,1,12.3,12.48,16.7,10.24,16.38,,,11.26,16.38,10.24,16.38,1,16.4,12.38,16.42,1,12.5,12.67,16.42,1,12.5,12.42,16.42,,,,,,,0>1;0>2;0>3;1>0;1>2;1>3;2>0;2>1;2>3;3>0;3>1;3>2,12,6,0>3;1>3;2>3;3>0;3>1;3>2,0:device_error;1:device_error;2:device_error;3:,0,"r0,r1,r2",3,12.434999999999999,12.29,16.7,0>3,1191.9,1>0,16.4,2>3,4394.5,,0,,,0,,0,,0,0-3;1-3;2-3,3,0-3=peer judged dead: the peer's socket shows FIN | 1-3=peer judged dead: the peer's socket shows FIN | 2-3=peer judged dead: the peer's socket shows FIN,,0,0,0,0,0-3-0=2;0-3-10=2;0-3-11=2;0-3-1=2;0-3-2=2;0-3-3=2;0-3-4=2;0-3-5=2;0-3-6=2;0-3-7=2;0-3-8=2;0-3-9=2;1-3-0=2;1-3-10=2;1-3-11=2;1-3-1=2;1-3-2=2;1-3-3=2;1-3-4=2;1-3-5=2;1-3-6=2;1-3-7=2;1-3-8=2;1-3-9=2;2-3-0=2;2-3-10=2;2-3-11=2;2-3-1=2;2-3-2=2;2-3-3=2;2-3-4=2;2-3-5=2;2-3-6=2;2-3-7=2;2-3-8=2;2-3-9=2,36,p3,0-3-0=6;0-3-10=6;0-3-11=6;0-3-1=6;0-3-2=6;0-3-3=6;0-3-4=6;0-3-5=6;0-3-6=6;0-3-7=6;0-3-8=6;0-3-9=6;1-3-0=6;1-3-10=6;1-3-11=6;1-3-1=6;1-3-2=6;1-3-3=6;1-3-4=6;1-3-5=6;1-3-6=6;1-3-7=6;1-3-8=6;1-3-9=6;2-3-0=6;2-3-10=6;2-3-11=6;2-3-1=6;2-3-2=6;2-3-3=6;2-3-4=6;2-3-5=6;2-3-6=6;2-3-7=6;2-3-8=6;2-3-9=6,36,p3,3,0:LOCAL_QP_ERR;2:LOCAL_QP_ERR,3,2660899527.231,1,,,6.284000396728516,,,2660899535.703,8.472000122070312,,,,,,,,0,,,,,,,,,6,6,0,0,,4,3,0-3;1-3;2-3,0,0-3=peer-dead;1-3=peer-dead;2-3=peer-dead,3,0,0,,0,0,0,2,3,3,0,0,0,,0,0,0,0,0,0,,4,0,1,16.4,,,,,,,,,,,,
mr4_none@hq,scored,n,mr_hq,mr4_none_n1,mr4_none,hq,n1,,,,,,,,1000,,,,,,,,0,,,,,,,,,,,,,,,,,,,,,,,,,,,,,,,,,,,,,,,,,,,,,,,,,,,,,,,,,,,,,,,,,,,,,,0,1,,,,,,,,,,,,,,,,,,,,,,,,,0,,,,,,,,,,,,,,,,,,,,,,,,,,,,,,,,,,,,,,,,,,,,,,,,,,,,,,,,,,,,,,,,,,,,,,,,,,,,,,,,,,,,,,,,,,,,,,,,,,,,,,,,,,,,,,,,,,,,,,,,,,,,,,,,,,,,,,,,,,,,,,,,,,,,,,,,,,,,,,,,,,,,,,,,,,,,,,,,,,,,,,,,,,,,,,,,,,,,,,,,,,,,,,,,,,,,,,,,,,,,,,,,,,,,,,,,,,,,,,,,,,,,,,,,,,,,,,,,,,,,,,,,,,,,,,,,,,,,,,,,,,,,,,,,,,,,,,,,,,,,,,,,,,,,,,,,,,,,,,,,,,,,,,,,,,,,,,,,,,,,,,,,,,,,,,,,,,,,30794,1,none,none,0,none,,,1,hq,hq,4,none,ctx,"0,0,0,0",4,4,0,0,4,36,36,0,4,4,4,4,4,0,0,0,0,0,13.22,16.22,,,13.15,15.46,1,13.8,13.12,16.13,12.29,17.41,,,12.29,17.41,11.26,17.41,1,17.4,13.66,18.4,,,13.98,18.02,1,18.0,13.66,18.4,12.29,17.41,12.29,17.41,11.26,17.41,0>1;0>2;0>3;1>0;1>2;1>3;2>0;2>1;2>3;3>0;3>1;3>2,12,12,,0:ok;1:ok;2:ok;3:ok,4,,0,12.704999999999998,12.719999999999999,18.4,0>1,16.2,1>0,17.4,2>0,18.4,,0,,,0,,0,,0,,0,,,0,0,0,0,,0,,,0,,4,,,,,,,,,,,,,,,,,,,0,,,,,,,,,,,,,,4,0,,0,,0,0,0,,0,0,0,0,,,,0,0,,0,0,0,0,0,0,,4,0,1,17.4,1,14.3,1,18.4,1,17.4,1,17.4,3>0,17.4,,
mr4_none@hq,scored,n,mr_hq,mr4_none_n2,mr4_none,hq,n2,,,,,,,,1000,,,,,,,,0,,,,,,,,,,,,,,,,,,,,,,,,,,,,,,,,,,,,,,,,,,,,,,,,,,,,,,,,,,,,,,,,,,,,,,0,1,,,,,,,,,,,,,,,,,,,,,,,,,0,,,,,,,,,,,,,,,,,,,,,,,,,,,,,,,,,,,,,,,,,,,,,,,,,,,,,,,,,,,,,,,,,,,,,,,,,,,,,,,,,,,,,,,,,,,,,,,,,,,,,,,,,,,,,,,,,,,,,,,,,,,,,,,,,,,,,,,,,,,,,,,,,,,,,,,,,,,,,,,,,,,,,,,,,,,,,,,,,,,,,,,,,,,,,,,,,,,,,,,,,,,,,,,,,,,,,,,,,,,,,,,,,,,,,,,,,,,,,,,,,,,,,,,,,,,,,,,,,,,,,,,,,,,,,,,,,,,,,,,,,,,,,,,,,,,,,,,,,,,,,,,,,,,,,,,,,,,,,,,,,,,,,,,,,,,,,,,,,,,,,,,,,,,,,,,,,,,,30798,1,none,none,0,none,,,2,hq,hq,4,none,ctx,"0,0,0,0",4,4,0,0,4,36,36,0,4,4,4,4,4,0,0,0,0,0,13.18,16.38,1,16.4,13.15,16.38,1,16.4,13.06,17.63,12.29,18.43,,,12.29,18.43,11.26,18.43,1,18.4,13.66,18.4,,,13.98,16.64,1,16.4,13.57,16.42,12.29,18.43,12.29,18.43,11.26,18.43,0>1;0>2;0>3;1>0;1>2;1>3;2>0;2>1;2>3;3>0;3>1;3>2,12,12,,0:ok;1:ok;2:ok;3:ok,4,,0,12.675,12.719999999999999,18.43,0>3,17.6,1>0,18.4,2>0,18.4,,0,,,0,,0,,0,,0,,,0,0,0,0,,0,,,0,,4,,,,,,,,,,,,,,,,,,,0,,,,,,,,,,,,,,4,0,,0,,0,0,0,,0,0,0,0,,,,0,0,,0,0,0,0,0,0,,4,0,1,18.4,,,1,16.4,1,18.4,1,18.4,3>0,18.4,,
mr4_none@hq,scored,n,mr_hq,mr4_none_n3,mr4_none,hq,n3,,,,,,,,1000,,,,,,,,0,,,,,,,,,,,,,,,,,,,,,,,,,,,,,,,,,,,,,,,,,,,,,,,,,,,,,,,,,,,,,,,,,,,,,,0,1,,,,,,,,,,,,,,,,,,,,,,,,,0,,,,,,,,,,,,,,,,,,,,,,,,,,,,,,,,,,,,,,,,,,,,,,,,,,,,,,,,,,,,,,,,,,,,,,,,,,,,,,,,,,,,,,,,,,,,,,,,,,,,,,,,,,,,,,,,,,,,,,,,,,,,,,,,,,,,,,,,,,,,,,,,,,,,,,,,,,,,,,,,,,,,,,,,,,,,,,,,,,,,,,,,,,,,,,,,,,,,,,,,,,,,,,,,,,,,,,,,,,,,,,,,,,,,,,,,,,,,,,,,,,,,,,,,,,,,,,,,,,,,,,,,,,,,,,,,,,,,,,,,,,,,,,,,,,,,,,,,,,,,,,,,,,,,,,,,,,,,,,,,,,,,,,,,,,,,,,,,,,,,,,,,,,,,,,,,,,,,29765,1,none,none,0,none,,,3,hq,hq,4,none,ctx,"0,0,0,0",4,4,0,0,4,36,36,0,4,4,4,4,4,0,0,0,0,0,13.06,16.48,1,16.5,13.06,16.96,,,12.96,16.96,12.29,17.41,,,12.29,17.41,11.26,17.41,1,17.4,13.95,16.42,0,14.7,13.95,16.7,,,13.95,15.46,12.29,17.41,12.29,17.41,11.26,17.41,0>1;0>2;0>3;1>0;1>2;1>3;2>0;2>1;2>3;3>0;3>1;3>2,12,12,,0:ok;1:ok;2:ok;3:ok,4,,0,12.625,12.675,17.41,0>2,17.0,1>0,17.4,2>1,16.7,,0,,,0,,0,,0,,0,,,0,0,0,0,,0,,,0,,4,,,,,,,,,,,,,,,,,,,0,,,,,,,,,,,,,,4,0,,0,,0,0,0,,0,0,0,0,,,,0,0,,0,0,0,0,0,0,,4,0,1,17.4,1,17.0,0,14.6,1,17.4,1,17.4,3>0,17.4,,
mr4_none@hq,scored,n,mr_hq,mr4_none_n4,mr4_none,hq,n4,,,,,,,,1000,,,,,,,,0,,,,,,,,,,,,,,,,,,,,,,,,,,,,,,,,,,,,,,,,,,,,,,,,,,,,,,,,,,,,,,,,,,,,,,0,1,,,,,,,,,,,,,,,,,,,,,,,,,0,,,,,,,,,,,,,,,,,,,,,,,,,,,,,,,,,,,,,,,,,,,,,,,,,,,,,,,,,,,,,,,,,,,,,,,,,,,,,,,,,,,,,,,,,,,,,,,,,,,,,,,,,,,,,,,,,,,,,,,,,,,,,,,,,,,,,,,,,,,,,,,,,,,,,,,,,,,,,,,,,,,,,,,,,,,,,,,,,,,,,,,,,,,,,,,,,,,,,,,,,,,,,,,,,,,,,,,,,,,,,,,,,,,,,,,,,,,,,,,,,,,,,,,,,,,,,,,,,,,,,,,,,,,,,,,,,,,,,,,,,,,,,,,,,,,,,,,,,,,,,,,,,,,,,,,,,,,,,,,,,,,,,,,,,,,,,,,,,,,,,,,,,,,,,,,,,,,,30109,1,none,none,0,none,,,4,hq,hq,4,none,ctx,"0,0,0,0",4,4,0,0,4,36,36,0,4,4,4,4,4,0,0,0,0,0,13.15,16.42,1,16.4,13.12,16.42,1,16.4,12.99,17.66,12.29,17.41,,,12.29,17.41,11.26,17.41,1,17.4,14.18,16.38,1,16.4,14.21,16.42,1,16.4,14.14,17.54,12.29,17.41,12.29,17.41,11.26,17.41,0>1;0>2;0>3;1>0;1>2;1>3;2>0;2>1;2>3;3>0;3>1;3>2,12,12,,0:ok;1:ok;2:ok;3:ok,4,,0,12.64,12.704999999999998,17.66,0>3,17.7,1>0,17.4,2>3,17.5,,0,,,0,,0,,0,,0,,,0,0,0,0,,0,,,0,,4,,,,,,,,,,,,,,,,,,,0,,,,,,,,,,,,,,4,0,,0,,0,0,0,,0,0,0,0,,,,0,0,,0,0,0,0,0,0,,4,0,1,17.4,,,,,1,17.4,1,17.4,3>0,17.4,,
mr4_none@hq,scored,n,mr_hq,mr4_none_n5,mr4_none,hq,n5,,,,,,,,1000,,,,,,,,0,,,,,,,,,,,,,,,,,,,,,,,,,,,,,,,,,,,,,,,,,,,,,,,,,,,,,,,,,,,,,,,,,,,,,,0,1,,,,,,,,,,,,,,,,,,,,,,,,,0,,,,,,,,,,,,,,,,,,,,,,,,,,,,,,,,,,,,,,,,,,,,,,,,,,,,,,,,,,,,,,,,,,,,,,,,,,,,,,,,,,,,,,,,,,,,,,,,,,,,,,,,,,,,,,,,,,,,,,,,,,,,,,,,,,,,,,,,,,,,,,,,,,,,,,,,,,,,,,,,,,,,,,,,,,,,,,,,,,,,,,,,,,,,,,,,,,,,,,,,,,,,,,,,,,,,,,,,,,,,,,,,,,,,,,,,,,,,,,,,,,,,,,,,,,,,,,,,,,,,,,,,,,,,,,,,,,,,,,,,,,,,,,,,,,,,,,,,,,,,,,,,,,,,,,,,,,,,,,,,,,,,,,,,,,,,,,,,,,,,,,,,,,,,,,,,,,,,30564,1,none,none,0,none,,,5,hq,hq,4,none,ctx,"0,0,0,0",4,4,0,0,4,36,36,0,4,4,4,4,4,0,0,0,0,0,13.15,16.16,,,13.12,16.16,1,16.2,12.99,16.0,12.29,18.43,,,12.29,18.43,11.26,18.43,1,18.4,14.21,17.79,1,17.8,14.24,18.34,1,18.3,14.14,18.4,12.29,18.43,12.29,18.43,11.26,18.43,0>1;0>2;0>3;1>0;1>2;1>3;2>0;2>1;2>3;3>0;3>1;3>2,12,12,,0:ok;1:ok;2:ok;3:ok,4,,0,12.64,12.704999999999998,18.43,0>1,16.2,1>0,18.4,2>3,18.4,,0,,,0,,0,,0,,0,,,0,0,0,0,,0,,,0,,4,,,,,,,,,,,,,,,,,,,0,,,,,,,,,,,,,,4,0,,0,,0,0,0,,0,0,0,0,,,,0,0,,0,0,0,0,0,0,,4,0,1,18.4,1,16.0,,,1,18.4,1,18.4,3>0,18.4,,
pq4_fwslow@hq,scored,n,mr_hq,pq4_fwslow_n1,pq4_fwslow,hq,n1,,,,,,,,1000,,,,,,,,0,,,,,,,,,,,,,,,,,,,,,,,,,,,,,,,,,,,,,,,,,,,,,,,,,,,,,,,,,,,,,,,,,,,,,,0,0,,,,,,,,,,,,,,,,,,,,,,,,,0,,,,,,,,,,,,,,,,,,,,,,,,,,,,,,,,,,,,,,,,,,,,,,,,,,,,,,,,,,,,,,,,,,,,,,2661090647.921,,,,,,,,,,,,,,,,,2661090653.713,,,,,,,,,,,,,,,,,,,,,,,,,,,,,,,,,,,,,,,,,,,,,,,,,,,,,,,,,,,,,,,,,,,,,,,,,,,,,,,,,,,,,,,,,,,,,,,,,,,,,,,,,,,,,,,,,,,,,,,,,,,,,,,,,,,,,,,,,,,,,,,,,,,,,,,,,,,,,,,,,,,,,,,,,,,,,,,,,,,,,,,,,,,,,,,,,,,,,,,,,,,,,,,,,,,,,,,,,,,,,3000.0,,,,,,,,,,,,,,,,,,,,,,,,,,,,,,,,,,,,,,,,,,,,,,,,30699,1,none,none,0,none,,,1,hq,hq,4,none,peer,"4,4,0,0",4,4,0,0,4,36,36,0,4,4,4,4,4,0,1,0,0,0,12.29,14.82,,,11.62,1121477.98,198,12.6,11.14,14.82,11.26,16.38,,,11.26,16.38,10.24,15.36,0,10.2,12.29,919624.96,,,12.45,16.67,60,13.5,11.97,16.45,11.26,15.36,11.26,15.36,10.24,15.36,0>1;0>2;0>3;1>0;1>2;1>3;2>0;2>1;2>3;3>0;3>1;3>2,12,10,0>1;1>0,0:device_error;1:device_error;2:ok;3:ok,2,"r0,r1",2,11.26,11.44,1121477.98,0>1,3035308.3,1>0,7836.7,2>0,919625.0,0:0;2:6,2,1,0>1:1:pair;2>0:12:peer;2>0:1:pair,3,2-0,1,0-2,1,0-1;1-0,2,0-1=a firmware command phase exceeded NCCL_GIN_TS_FW_MS | 1-0=peer FAIL before DONE,,1,1,0,0,1-0-0=2;1-0-10=2;1-0-11=2;1-0-1=2;1-0-2=2;1-0-3=2;1-0-4=2;1-0-5=2;1-0-6=2;1-0-7=2;1-0-8=2;1-0-9=2;2-0-0=2;2-0-10=2;2-0-11=2;2-0-1=2;2-0-2=2;2-0-3=2;2-0-4=2;2-0-5=2;2-0-6=2;2-0-7=2;2-0-8=2;2-0-9=2,24,p0,1-0-0=6;1-0-10=6;1-0-11=6;1-0-1=6;1-0-2=6;1-0-3=6;1-0-4=6;1-0-5=6;1-0-6=6;1-0-7=6;1-0-8=6;1-0-9=6;2-1-6=6;2-3-6=6,14,"p0,p1,p3",4,0:LOCAL_QP_ERR;1:LOCAL_QP_ERR;2:LOCAL_QP_ERR,,,,2661086591.923,,,,,,,2661092088.445,,,,,,5496.522000312805,0,,6522.0380001068115,6897.156000137329,1020.491,1020.491,,,,,,,,,4,2,0-1;1-0,0,0-1=local;0-1=local;1-0=peer-reported,0,2,1,0-1:commit,0,1,1,0,,,,0,0,,0,0,0,0,0,0,,4,0,0,11.3,197,12.4,59,13.0,1,15.4,1,15.4,3>0,15.4,,
pq4_fwslow@hq,scored,n,mr_hq,pq4_fwslow_n2,pq4_fwslow,hq,n2,,,,,,,,1000,,,,,,,,0,,,,,,,,,,,,,,,,,,,,,,,,,,,,,,,,,,,,,,,,,,,,,,,,,,,,,,,,,,,,,,,,,,,,,,0,0,,,,,,,,,,,,,,,,,,,,,,,,,0,,,,,,,,,,,,,,,,,,,,,,,,,,,,,,,,,,,,,,,,,,,,,,,,,,,,,,,,,,,,,,,,,,,,,,2661115022.365,,,,,,,,,,,,,,,,,2661115028.52,,,,,,,,,,,,,,,,,,,,,,,,,,,,,,,,,,,,,,,,,,,,,,,,,,,,,,,,,,,,,,,,,,,,,,,,,,,,,,,,,,,,,,,,,,,,,,,,,,,,,,,,,,,,,,,,,,,,,,,,,,,,,,,,,,,,,,,,,,,,,,,,,,,,,,,,,,,,,,,,,,,,,,,,,,,,,,,,,,,,,,,,,,,,,,,,,,,,,,,,,,,,,,,,,,,,,,,,,,,,,3000.0,,,,,,,,,,,,,,,,,,,,,,,,,,,,,,,,,,,,,,,,,,,,,,,,29694,1,none,none,0,none,,,2,hq,hq,4,none,peer,"4,4,0,0",4,4,0,0,4,36,36,0,4,4,4,4,4,0,1,0,0,0,12.77,14.46,,,12.29,1121654.98,197,13.8,12.0,14.34,11.26,16.38,,,11.26,17.41,10.24,16.38,0,10.2,12.29,919702.43,,,12.35,14.66,60,13.8,11.87,14.66,11.26,16.38,11.26,15.36,11.26,16.38,0>1;0>2;0>3;1>0;1>2;1>3;2>0;2>1;2>3;3>0;3>1;3>2,12,10,0>1;1>0,0:device_error;1:device_error;2:ok;3:ok,2,"r0,r1",2,11.565,11.774999999999999,1121654.98,0>1,3031577.0,1>0,6844.4,2>0,919702.4,0:0;2:6,2,1,0>1:1:pair;2>0:12:peer;2>0:1:pair,3,2-0,1,0-2,1,0-1;1-0,2,0-1=a firmware command phase exceeded NCCL_GIN_TS_FW_MS | 1-0=peer FAIL before DONE,,1,1,0,0,1-0-0=2;1-0-10=2;1-0-11=2;1-0-1=2;1-0-2=2;1-0-3=2;1-0-4=2;1-0-5=2;1-0-6=2;1-0-7=2;1-0-8=2;1-0-9=2;2-0-0=2;2-0-10=2;2-0-11=2;2-0-1=2;2-0-2=2;2-0-3=2;2-0-4=2;2-0-5=2;2-0-6=2;2-0-7=2;2-0-8=2;2-0-9=2,24,p0,1-0-0=6;1-0-10=6;1-0-11=6;1-0-1=6;1-0-2=6;1-0-3=6;1-0-4=6;1-0-5=6;1-0-6=6;1-0-7=6;1-0-8=6;1-0-9=6;2-1-6=6;2-3-6=6,14,"p0,p1,p3",4,0:LOCAL_QP_ERR;1:LOCAL_QP_ERR;2:LOCAL_QP_ERR,,,,2661110965.281,,,,,,,2661116462.32,,,,,,5497.039000034332,0,,6522.469999790192,6897.732999801636,1020.519,1020.519,,,,,,,,,4,2,0-1;1-0,0,0-1=local;0-1=local;1-0=peer-reported,0,2,1,0-1:commit,0,1,1,0,,,,0,0,,0,0,0,0,0,0,,4,0,1,11.3,198,12.8,60,12.9,1,15.4,1,16.4,3>0,16.4,,
pq4_fwslow@hq,scored,n,mr_hq,pq4_fwslow_n3,pq4_fwslow,hq,n3,,,,,,,,1000,,,,,,,,0,,,,,,,,,,,,,,,,,,,,,,,,,,,,,,,,,,,,,,,,,,,,,,,,,,,,,,,,,,,,,,,,,,,,,,0,0,,,,,,,,,,,,,,,,,,,,,,,,,0,,,,,,,,,,,,,,,,,,,,,,,,,,,,,,,,,,,,,,,,,,,,,,,,,,,,,,,,,,,,,,,,,,,,,,2661159710.615,,,,,,,,,,,,,,,,,2661159716.943,,,,,,,,,,,,,,,,,,,,,,,,,,,,,,,,,,,,,,,,,,,,,,,,,,,,,,,,,,,,,,,,,,,,,,,,,,,,,,,,,,,,,,,,,,,,,,,,,,,,,,,,,,,,,,,,,,,,,,,,,,,,,,,,,,,,,,,,,,,,,,,,,,,,,,,,,,,,,,,,,,,,,,,,,,,,,,,,,,,,,,,,,,,,,,,,,,,,,,,,,,,,,,,,,,,,,,,,,,,,,3000.0,,,,,,,,,,,,,,,,,,,,,,,,,,,,,,,,,,,,,,,,,,,,,,,,29341,1,none,none,0,none,,,3,hq,hq,4,none,peer,"4,4,0,0",4,4,0,0,4,36,36,0,4,4,4,4,4,0,1,0,0,0,12.58,14.69,,,11.68,1123264.51,198,12.7,11.17,14.5,12.29,17.41,,,11.26,16.38,10.24,16.38,0,10.2,12.1,921413.63,,,12.29,15.26,60,12.3,11.17,15.26,11.26,15.36,11.26,15.36,10.24,14.34,0>1;0>2;0>3;1>0;1>2;1>3;2>0;2>1;2>3;3>0;3>1;3>2,12,10,0>1;1>0,0:device_error;1:device_error;2:ok;3:ok,2,"r0,r1",2,11.26,11.469999999999999,1123264.51,0>1,3034782.6,1>0,3910.7,2>0,921413.6,0:0;2:6,2,1,0>1:1:pair;2>0:12:peer;2>0:1:pair,3,2-0,1,0-2,1,0-1;1-0,2,0-1=a firmware command phase exceeded NCCL_GIN_TS_FW_MS | 1-0=peer FAIL before DONE,,1,1,0,0,1-0-0=2;1-0-10=2;1-0-11=2;1-0-1=2;1-0-2=2;1-0-3=2;1-0-4=2;1-0-5=2;1-0-6=2;1-0-7=2;1-0-8=2;1-0-9=2;2-0-0=2;2-0-10=2;2-0-11=2;2-0-1=2;2-0-2=2;2-0-3=2;2-0-4=2;2-0-5=2;2-0-6=2;2-0-7=2;2-0-8=2;2-0-9=2,24,p0,1-0-0=6;1-0-10=6;1-0-11=6;1-0-1=6;1-0-2=6;1-0-3=6;1-0-4=6;1-0-5=6;1-0-6=6;1-0-7=6;1-0-8=6;1-0-9=6;2-1-6=6;2-3-6=6,14,"p0,p1,p3",4,0:LOCAL_QP_ERR;1:LOCAL_QP_ERR;2:LOCAL_QP_ERR,,,,2661155654.621,,,,,,,2661161164.267,,,,,,5509.646000385284,0,,6538.988000392914,6914.253000259399,1024.765,1024.765,,,,,,,,,4,2,0-1;1-0,0,0-1=local;0-1=local;1-0=peer-reported,0,2,1,0-1:commit,0,1,1,0,,,,0,0,,0,0,0,0,0,0,,4,0,0,11.3,197,12.3,60,12.3,1,15.4,1,14.3,3>0,15.4,,
pq4_fwslow@hq,scored,n,mr_hq,pq4_fwslow_n4,pq4_fwslow,hq,n4,,,,,,,,1000,,,,,,,,0,,,,,,,,,,,,,,,,,,,,,,,,,,,,,,,,,,,,,,,,,,,,,,,,,,,,,,,,,,,,,,,,,,,,,,0,0,,,,,,,,,,,,,,,,,,,,,,,,,0,,,,,,,,,,,,,,,,,,,,,,,,,,,,,,,,,,,,,,,,,,,,,,,,,,,,,,,,,,,,,,,,,,,,,,2661184082.239,,,,,,,,,,,,,,,,,2661184087.919,,,,,,,,,,,,,,,,,,,,,,,,,,,,,,,,,,,,,,,,,,,,,,,,,,,,,,,,,,,,,,,,,,,,,,,,,,,,,,,,,,,,,,,,,,,,,,,,,,,,,,,,,,,,,,,,,,,,,,,,,,,,,,,,,,,,,,,,,,,,,,,,,,,,,,,,,,,,,,,,,,,,,,,,,,,,,,,,,,,,,,,,,,,,,,,,,,,,,,,,,,,,,,,,,,,,,,,,,,,,,3000.0,,,,,,,,,,,,,,,,,,,,,,,,,,,,,,,,,,,,,,,,,,,,,,,,29600,1,none,none,0,none,,,4,hq,hq,4,none,peer,"4,4,0,0",4,4,0,0,4,36,36,0,4,4,4,4,4,0,1,0,0,0,12.58,17.5,,,12.1,1121674.05,198,13.4,11.52,16.29,11.26,16.38,,,11.26,15.36,10.24,14.34,1,10.2,12.29,919776.1,,,12.38,17.15,60,13.6,11.9,17.15,11.26,16.38,11.26,16.38,11.26,16.38,0>1;0>2;0>3;1>0;1>2;1>3;2>0;2>1;2>3;3>0;3>1;3>2,12,10,0>1;1>0,0:device_error;1:device_error;2:ok;3:ok,2,"r0,r1",2,11.39,11.68,1121674.05,0>1,3032244.2,1>0,614.4,2>0,919776.1,0:0;2:6,2,1,0>1:1:pair;2>0:12:peer;2>0:1:pair,3,2-0,1,0-2,1,0-1;1-0,2,0-1=a firmware command phase exceeded NCCL_GIN_TS_FW_MS | 1-0=peer FAIL before DONE,,1,1,0,0,1-0-0=2;1-0-10=2;1-0-11=2;1-0-1=2;1-0-2=2;1-0-3=2;1-0-4=2;1-0-5=2;1-0-6=2;1-0-7=2;1-0-8=2;1-0-9=2;2-0-0=2;2-0-10=2;2-0-11=2;2-0-1=2;2-0-2=2;2-0-3=2;2-0-4=2;2-0-5=2;2-0-6=2;2-0-7=2;2-0-8=2;2-0-9=2,24,p0,1-0-0=6;1-0-10=6;1-0-11=6;1-0-1=6;1-0-2=6;1-0-3=6;1-0-4=6;1-0-5=6;1-0-6=6;1-0-7=6;1-0-8=6;1-0-9=6;2-1-6=6;2-3-6=6,14,"p0,p1,p3",4,0:LOCAL_QP_ERR;1:LOCAL_QP_ERR;2:LOCAL_QP_ERR,,,,2661180025.628,,,,,,,2661185539.708,,,,,,5514.080000400543,0,,6540.118000030518,6915.401000022888,1020.634,1020.634,,,,,,,,,4,2,0-1;1-0,0,0-1=local;0-1=local;1-0=peer-reported,0,2,1,0-1:commit,0,1,1,0,,,,0,0,,0,0,0,0,0,0,,4,0,1,11.3,198,13.4,59,12.5,1,16.4,1,16.4,3>0,16.4,,
pq4_fwslow@hq,scored,n,mr_hq,pq4_fwslow_n5,pq4_fwslow,hq,n5,,,,,,,,1000,,,,,,,,0,,,,,,,,,,,,,,,,,,,,,,,,,,,,,,,,,,,,,,,,,,,,,,,,,,,,,,,,,,,,,,,,,,,,,,0,0,,,,,,,,,,,,,,,,,,,,,,,,,0,,,,,,,,,,,,,,,,,,,,,,,,,,,,,,,,,,,,,,,,,,,,,,,,,,,,,,,,,,,,,,,,,,,,,,2661228820.881,,,,,,,,,,,,,,,,,2661228826.623,,,,,,,,,,,,,,,,,,,,,,,,,,,,,,,,,,,,,,,,,,,,,,,,,,,,,,,,,,,,,,,,,,,,,,,,,,,,,,,,,,,,,,,,,,,,,,,,,,,,,,,,,,,,,,,,,,,,,,,,,,,,,,,,,,,,,,,,,,,,,,,,,,,,,,,,,,,,,,,,,,,,,,,,,,,,,,,,,,,,,,,,,,,,,,,,,,,,,,,,,,,,,,,,,,,,,,,,,,,,,3000.0,,,,,,,,,,,,,,,,,,,,,,,,,,,,,,,,,,,,,,,,,,,,,,,,29910,1,none,none,0,none,,,5,hq,hq,4,none,peer,"4,4,0,0",4,4,0,0,4,36,36,0,4,4,4,4,4,0,1,0,0,0,12.54,16.16,,,11.65,1101409.02,197,12.6,11.52,15.01,12.29,15.36,,,11.26,14.34,10.24,15.36,0,10.2,11.97,919646.37,,,12.29,15.04,60,13.4,11.1,15.04,11.26,15.36,11.26,15.36,10.24,14.34,0>1;0>2;0>3;1>0;1>2;1>3;2>0;2>1;2>3;3>0;3>1;3>2,12,10,0>1;1>0,0:device_error;1:device_error;2:ok;3:ok,2,"r0,r1",2,11.39,11.455,1101409.02,0>1,3035093.8,1>0,2583.6,2>0,919646.4,0:0;2:6,2,1,0>1:1:pair;2>0:12:peer;2>0:1:pair,3,2-0,1,0-2,1,0-1;1-0,2,0-1=a firmware command phase exceeded NCCL_GIN_TS_FW_MS | 1-0=peer FAIL before DONE,,1,1,0,0,1-0-0=2;1-0-10=2;1-0-11=2;1-0-1=2;1-0-2=2;1-0-3=2;1-0-4=2;1-0-5=2;1-0-6=2;1-0-7=2;1-0-8=2;1-0-9=2;2-0-0=2;2-0-10=2;2-0-11=2;2-0-1=2;2-0-2=2;2-0-3=2;2-0-4=2;2-0-5=2;2-0-6=2;2-0-7=2;2-0-8=2;2-0-9=2,24,p0,1-0-0=6;1-0-10=6;1-0-11=6;1-0-1=6;1-0-2=6;1-0-3=6;1-0-4=6;1-0-5=6;1-0-6=6;1-0-7=6;1-0-8=6;1-0-9=6;2-1-6=6;2-3-6=6,14,"p0,p1,p3",4,0:LOCAL_QP_ERR;1:LOCAL_QP_ERR;2:LOCAL_QP_ERR,,,,2661224764.846,,,,,,,2661230265.146,,,,,,5500.299999713898,0,,6526.331999778748,6892.694999694824,1020.508,1020.508,,,,,,,,,4,2,0-1;1-0,0,0-1=local;0-1=local;1-0=peer-reported,0,2,1,0-1:commit,0,1,1,0,,,,0,0,,0,0,0,0,0,0,,4,0,0,11.3,197,13.8,60,12.4,1,15.4,1,14.3,3>0,15.4,,
pq4_fwslow@hq,scored,n,mr_hq,pq4_fwslow_n6,pq4_fwslow,hq,n6,,,,,,,,1000,,,,,,,,0,,,,,,,,,,,,,,,,,,,,,,,,,,,,,,,,,,,,,,,,,,,,,,,,,,,,,,,,,,,,,,,,,,,,,,0,0,,,,,,,,,,,,,,,,,,,,,,,,,0,,,,,,,,,,,,,,,,,,,,,,,,,,,,,,,,,,,,,,,,,,,,,,,,,,,,,,,,,,,,,,,,,,,,,,2661253146.265,,,,,,,,,,,,,,,,,2661253152.2869997,,,,,,,,,,,,,,,,,,,,,,,,,,,,,,,,,,,,,,,,,,,,,,,,,,,,,,,,,,,,,,,,,,,,,,,,,,,,,,,,,,,,,,,,,,,,,,,,,,,,,,,,,,,,,,,,,,,,,,,,,,,,,,,,,,,,,,,,,,,,,,,,,,,,,,,,,,,,,,,,,,,,,,,,,,,,,,,,,,,,,,,,,,,,,,,,,,,,,,,,,,,,,,,,,,,,,,,,,,,,,3000.0,,,,,,,,,,,,,,,,,,,,,,,,,,,,,,,,,,,,,,,,,,,,,,,,30340,1,none,none,0,none,,,6,hq,hq,4,none,peer,"4,4,0,0",4,4,0,0,4,36,36,0,4,4,4,4,4,0,1,0,0,0,12.74,14.88,,,12.13,1121481.54,198,13.7,12.13,14.88,11.26,17.41,,,11.26,17.41,10.24,16.38,0,10.2,12.54,919626.56,,,12.9,17.54,59,14.1,12.32,16.38,11.26,15.36,11.26,16.38,11.26,14.34,0>1;0>2;0>3;1>0;1>2;1>3;2>0;2>1;2>3;3>0;3>1;3>2,12,10,0>1;1>0,0:device_error;1:device_error;2:ok;3:ok,2,"r0,r1",2,11.695,11.695,1121481.54,0>1,3030569.9,1>0,2578.4,2>0,919626.6,0:0;2:6,2,1,0>1:1:pair;2>0:12:peer;2>0:1:pair,3,2-0,1,0-2,1,0-1;1-0,2,0-1=a firmware command phase exceeded NCCL_GIN_TS_FW_MS | 1-0=peer FAIL before DONE,,1,1,0,0,1-0-0=2;1-0-10=2;1-0-11=2;1-0-1=2;1-0-2=2;1-0-3=2;1-0-4=2;1-0-5=2;1-0-6=2;1-0-7=2;1-0-8=2;1-0-9=2;2-0-0=2;2-0-10=2;2-0-11=2;2-0-1=2;2-0-2=2;2-0-3=2;2-0-4=2;2-0-5=2;2-0-6=2;2-0-7=2;2-0-8=2;2-0-9=2,24,p0,1-0-0=6;1-0-10=6;1-0-11=6;1-0-1=6;1-0-2=6;1-0-3=6;1-0-4=6;1-0-5=6;1-0-6=6;1-0-7=6;1-0-8=6;1-0-9=6;2-1-6=6;2-3-6=6,14,"p0,p1,p3",4,0:LOCAL_QP_ERR;1:LOCAL_QP_ERR;2:LOCAL_QP_ERR,,,,2661249091.648,,,,,,,2661254590.487,,,,,,5498.839000225067,0,,6524.662000179291,6899.945000171661,1020.433,1020.433,,,,,,,,,4,2,0-1;1-0,0,0-1=local;0-1=local;1-0=peer-reported,0,2,1,0-1:commit,0,1,1,0,,,,0,0,,0,0,0,0,0,0,,4,0,0,11.3,198,13.5,59,13.5,,,1,14.3,3>1,16.4,1,15.4
pq4_fwslow@hq,scored,n,mr_hq,pq4_fwslow_n7,pq4_fwslow,hq,n7,,,,,,,,1000,,,,,,,,0,,,,,,,,,,,,,,,,,,,,,,,,,,,,,,,,,,,,,,,,,,,,,,,,,,,,,,,,,,,,,,,,,,,,,,0,0,,,,,,,,,,,,,,,,,,,,,,,,,0,,,,,,,,,,,,,,,,,,,,,,,,,,,,,,,,,,,,,,,,,,,,,,,,,,,,,,,,,,,,,,,,,,,,,,2661297875.834,,,,,,,,,,,,,,,,,2661297881.755,,,,,,,,,,,,,,,,,,,,,,,,,,,,,,,,,,,,,,,,,,,,,,,,,,,,,,,,,,,,,,,,,,,,,,,,,,,,,,,,,,,,,,,,,,,,,,,,,,,,,,,,,,,,,,,,,,,,,,,,,,,,,,,,,,,,,,,,,,,,,,,,,,,,,,,,,,,,,,,,,,,,,,,,,,,,,,,,,,,,,,,,,,,,,,,,,,,,,,,,,,,,,,,,,,,,,,,,,,,,,3000.0,,,,,,,,,,,,,,,,,,,,,,,,,,,,,,,,,,,,,,,,,,,,,,,,29916,1,none,none,0,none,,,7,hq,hq,4,none,peer,"4,4,0,0",4,4,0,0,4,36,36,0,4,4,4,4,4,0,1,0,0,0,12.67,16.38,,,12.19,1101896.42,197,13.5,11.78,16.38,12.29,17.41,,,11.26,17.41,10.24,17.41,1,10.2,12.26,920042.3,,,12.32,16.1,59,14.2,11.55,15.9,11.26,16.38,11.26,16.38,10.24,16.38,0>1;0>2;0>3;1>0;1>2;1>3;2>0;2>1;2>3;3>0;3>1;3>2,12,10,0>1;1>0,0:device_error;1:device_error;2:ok;3:ok,2,"r0,r1",2,11.665,11.725,1101896.42,0>1,3027609.9,1>0,2583.6,2>0,920042.3,0:0;2:6,2,1,0>1:1:pair;2>0:12:peer;2>0:1:pair,3,2-0,1,0-2,1,0-1;1-0,2,0-1=a firmware command phase exceeded NCCL_GIN_TS_FW_MS | 1-0=peer FAIL before DONE,,1,1,0,0,1-0-0=2;1-0-10=2;1-0-11=2;1-0-1=2;1-0-2=2;1-0-3=2;1-0-4=2;1-0-5=2;1-0-6=2;1-0-7=2;1-0-8=2;1-0-9=2;2-0-0=2;2-0-10=2;2-0-11=2;2-0-1=2;2-0-2=2;2-0-3=2;2-0-4=2;2-0-5=2;2-0-6=2;2-0-7=2;2-0-8=2;2-0-9=2,24,p0,1-0-0=6;1-0-10=6;1-0-11=6;1-0-1=6;1-0-2=6;1-0-3=6;1-0-4=6;1-0-5=6;1-0-6=6;1-0-7=6;1-0-8=6;1-0-9=6;2-1-6=6;2-3-6=6,14,"p0,p1,p3",4,0:LOCAL_QP_ERR;1:LOCAL_QP_ERR;2:LOCAL_QP_ERR,,,,2661293824.535,,,,,,,2661299329.841,,,,,,5505.3060002326965,0,,6531.724000453949,6898.236999988556,1021.001,1021.001,,,,,,,,,4,2,0-1;1-0,0,0-1=local;0-1=local;1-0=peer-reported,0,2,1,0-1:commit,0,1,1,0,,,,0,0,,0,0,0,0,0,0,,4,0,1,11.3,198,13.3,59,13.3,1,16.4,1,16.4,3>0,16.4,,
pq4_fwslow@hq,scored,n,mr_hq,pq4_fwslow_n8,pq4_fwslow,hq,n8,,,,,,,,1000,,,,,,,,0,,,,,,,,,,,,,,,,,,,,,,,,,,,,,,,,,,,,,,,,,,,,,,,,,,,,,,,,,,,,,,,,,,,,,,0,0,,,,,,,,,,,,,,,,,,,,,,,,,0,,,,,,,,,,,,,,,,,,,,,,,,,,,,,,,,,,,,,,,,,,,,,,,,,,,,,,,,,,,,,,,,,,,,,,2661322241.273,,,,,,,,,,,,,,,,,2661322247.401,,,,,,,,,,,,,,,,,,,,,,,,,,,,,,,,,,,,,,,,,,,,,,,,,,,,,,,,,,,,,,,,,,,,,,,,,,,,,,,,,,,,,,,,,,,,,,,,,,,,,,,,,,,,,,,,,,,,,,,,,,,,,,,,,,,,,,,,,,,,,,,,,,,,,,,,,,,,,,,,,,,,,,,,,,,,,,,,,,,,,,,,,,,,,,,,,,,,,,,,,,,,,,,,,,,,,,,,,,,,,3000.0,,,,,,,,,,,,,,,,,,,,,,,,,,,,,,,,,,,,,,,,,,,,,,,,29364,1,none,none,0,none,,,8,hq,hq,4,none,peer,"4,4,0,0",4,4,0,0,4,36,36,0,4,4,4,4,4,0,1,0,0,0,12.7,18.08,,,12.26,1106111.71,198,13.4,11.94,16.8,11.26,15.36,,,11.26,15.36,10.24,15.36,0,10.2,12.77,924287.94,,,13.12,16.35,61,14.3,12.7,16.1,11.26,15.36,11.26,15.36,11.26,15.36,0>1;0>2;0>3;1>0;1>2;1>3;2>0;2>1;2>3;3>0;3>1;3>2,12,10,0>1;1>0,0:device_error;1:device_error;2:ok;3:ok,2,"r0,r1",2,11.6,11.76,1106111.71,0>1,3035874.2,1>0,3912.7,2>0,924287.9,0:0;2:6,2,1,0>1:1:pair;2>0:12:peer;2>0:1:pair,3,2-0,1,0-2,1,0-1;1-0,2,0-1=a firmware command phase exceeded NCCL_GIN_TS_FW_MS | 1-0=peer FAIL before DONE,,1,1,0,0,1-0-0=2;1-0-10=2;1-0-11=2;1-0-1=2;1-0-2=2;1-0-3=2;1-0-4=2;1-0-5=2;1-0-6=2;1-0-7=2;1-0-8=2;1-0-9=2;2-0-0=2;2-0-10=2;2-0-11=2;2-0-1=2;2-0-2=2;2-0-3=2;2-0-4=2;2-0-5=2;2-0-6=2;2-0-7=2;2-0-8=2;2-0-9=2,24,p0,1-0-0=6;1-0-10=6;1-0-11=6;1-0-1=6;1-0-2=6;1-0-3=6;1-0-4=6;1-0-5=6;1-0-6=6;1-0-7=6;1-0-8=6;1-0-9=6;2-1-6=6;2-3-6=6,14,"p0,p1,p3",4,0:LOCAL_QP_ERR;1:LOCAL_QP_ERR;2:LOCAL_QP_ERR,,,,2661318183.274,,,,,,,2661323685.537,,,,,,5502.263000011444,0,,6532.730999946594,6899.290999889374,1025.172,1025.172,,,,,,,,,4,2,0-1;1-0,0,0-1=local;0-1=local;1-0=peer-reported,0,2,1,0-1:commit,0,1,1,0,,,,0,0,,0,0,0,0,0,0,,4,0,1,11.3,197,12.6,61,14.2,1,15.4,1,15.4,3>0,15.4,,
pq4_fwslow@hq,scored,n,mr_hq,pq4_fwslow_n9,pq4_fwslow,hq,n9,,,,,,,,1000,,,,,,,,0,,,,,,,,,,,,,,,,,,,,,,,,,,,,,,,,,,,,,,,,,,,,,,,,,,,,,,,,,,,,,,,,,,,,,,0,0,,,,,,,,,,,,,,,,,,,,,,,,,0,,,,,,,,,,,,,,,,,,,,,,,,,,,,,,,,,,,,,,,,,,,,,,,,,,,,,,,,,,,,,,,,,,,,,,2661366970.521,,,,,,,,,,,,,,,,,2661366976.73,,,,,,,,,,,,,,,,,,,,,,,,,,,,,,,,,,,,,,,,,,,,,,,,,,,,,,,,,,,,,,,,,,,,,,,,,,,,,,,,,,,,,,,,,,,,,,,,,,,,,,,,,,,,,,,,,,,,,,,,,,,,,,,,,,,,,,,,,,,,,,,,,,,,,,,,,,,,,,,,,,,,,,,,,,,,,,,,,,,,,,,,,,,,,,,,,,,,,,,,,,,,,,,,,,,,,,,,,,,,,3000.0,,,,,,,,,,,,,,,,,,,,,,,,,,,,,,,,,,,,,,,,,,,,,,,,30481,1,none,none,0,none,,,9,hq,hq,4,none,peer,"4,4,0,0",4,4,0,0,4,36,36,0,4,4,4,4,4,0,1,0,0,0,12.67,17.06,,,11.68,1128210.56,198,12.6,11.58,16.8,11.26,17.41,,,11.26,17.41,10.24,15.36,1,10.2,12.29,921884.13,,,12.42,16.32,60,13.5,11.58,16.06,11.26,17.41,11.26,17.41,10.24,17.41,0>1;0>2;0>3;1>0;1>2;1>3;2>0;2>1;2>3;3>0;3>1;3>2,12,10,0>1;1>0,0:device_error;1:device_error;2:ok;3:ok,2,"r0,r1",2,11.42,11.469999999999999,1128210.56,0>1,3033477.0,1>0,1470.5,2>0,921884.1,0:0;2:6,2,1,0>1:1:pair;2>0:12:peer;2>0:1:pair,3,2-0,1,0-2,1,0-1;1-0,2,0-1=a firmware command phase exceeded NCCL_GIN_TS_FW_MS | 1-0=peer FAIL before DONE,,1,1,0,0,1-0-0=2;1-0-10=2;1-0-11=2;1-0-1=2;1-0-2=2;1-0-3=2;1-0-4=2;1-0-5=2;1-0-6=2;1-0-7=2;1-0-8=2;1-0-9=2;2-0-0=2;2-0-10=2;2-0-11=2;2-0-1=2;2-0-2=2;2-0-3=2;2-0-4=2;2-0-5=2;2-0-6=2;2-0-7=2;2-0-8=2;2-0-9=2,24,p0,1-0-0=6;1-0-10=6;1-0-11=6;1-0-1=6;1-0-2=6;1-0-3=6;1-0-4=6;1-0-5=6;1-0-6=6;1-0-7=6;1-0-8=6;1-0-9=6;2-1-6=6;2-3-6=6,14,"p0,p1,p3",4,0:LOCAL_QP_ERR;1:LOCAL_QP_ERR;2:LOCAL_QP_ERR,,,,2661362912.855,,,,,,,2661368416.238,,,,,,5503.382999897003,0,,6532.7880001068115,6908.172999858856,1025.316,1025.316,,,,,,,,,4,2,0-1;1-0,0,0-1=local;0-1=local;1-0=peer-reported,0,2,1,0-1:commit,0,1,1,0,,,,0,0,,0,0,0,0,0,0,,4,0,0,11.3,198,12.7,59,12.3,1,17.4,1,17.4,3>0,17.4,,
pq4_fwslow@hq,scored,n,mr_hq,pq4_fwslow_n10,pq4_fwslow,hq,n10,,,,,,,,1000,,,,,,,,0,,,,,,,,,,,,,,,,,,,,,,,,,,,,,,,,,,,,,,,,,,,,,,,,,,,,,,,,,,,,,,,,,,,,,,0,0,,,,,,,,,,,,,,,,,,,,,,,,,0,,,,,,,,,,,,,,,,,,,,,,,,,,,,,,,,,,,,,,,,,,,,,,,,,,,,,,,,,,,,,,,,,,,,,,2661391370.956,,,,,,,,,,,,,,,,,2661391376.451,,,,,,,,,,,,,,,,,,,,,,,,,,,,,,,,,,,,,,,,,,,,,,,,,,,,,,,,,,,,,,,,,,,,,,,,,,,,,,,,,,,,,,,,,,,,,,,,,,,,,,,,,,,,,,,,,,,,,,,,,,,,,,,,,,,,,,,,,,,,,,,,,,,,,,,,,,,,,,,,,,,,,,,,,,,,,,,,,,,,,,,,,,,,,,,,,,,,,,,,,,,,,,,,,,,,,,,,,,,,,3000.0,,,,,,,,,,,,,,,,,,,,,,,,,,,,,,,,,,,,,,,,,,,,,,,,29217,1,none,none,0,none,,,10,hq,hq,4,none,peer,"4,4,0,0",4,4,0,0,4,36,36,0,4,4,4,4,4,0,1,0,0,0,13.06,16.61,,,12.29,1101861.76,198,13.5,12.22,16.38,11.26,15.36,,,11.26,15.36,10.24,15.36,0,10.2,12.32,920027.3,,,12.42,15.55,60,13.6,12.06,15.36,11.26,15.36,11.26,15.36,10.24,14.34,0>1;0>2;0>3;1>0;1>2;1>3;2>0;2>1;2>3;3>0;3>1;3>2,12,10,0>1;1>0,0:device_error;1:device_error;2:ok;3:ok,2,"r0,r1",2,11.66,11.774999999999999,1101861.76,0>1,3033111.4,1>0,4245.5,2>0,920027.3,0:0;2:6,2,1,0>1:1:pair;2>0:12:peer;2>0:1:pair,3,2-0,1,0-2,1,0-1;1-0,2,0-1=a firmware command phase exceeded NCCL_GIN_TS_FW_MS | 1-0=peer FAIL before DONE,,1,1,0,0,1-0-0=2;1-0-10=2;1-0-11=2;1-0-1=2;1-0-2=2;1-0-3=2;1-0-4=2;1-0-5=2;1-0-6=2;1-0-7=2;1-0-8=2;1-0-9=2;2-0-0=2;2-0-10=2;2-0-11=2;2-0-1=2;2-0-2=2;2-0-3=2;2-0-4=2;2-0-5=2;2-0-6=2;2-0-7=2;2-0-8=2;2-0-9=2,24,p0,1-0-0=6;1-0-10=6;1-0-11=6;1-0-1=6;1-0-2=6;1-0-3=6;1-0-4=6;1-0-5=6;1-0-6=6;1-0-7=6;1-0-8=6;1-0-9=6;2-1-6=6;2-3-6=6,14,"p0,p1,p3",4,0:LOCAL_QP_ERR;1:LOCAL_QP_ERR;2:LOCAL_QP_ERR,,,,2661387312.492,,,,,,,2661392815.354,,,,,,5502.861999988556,0,,6529.154999732971,6895.7699999809265,1020.898,1020.898,,,,,,,,,4,2,0-1;1-0,0,0-1=local;0-1=local;1-0=peer-reported,0,2,1,0-1:commit,0,1,1,0,,,,0,0,,0,0,0,0,0,0,,4,0,0,11.3,197,13.3,59,13.6,1,15.4,1,14.3,3>0,15.4,,
pq4_kill3_shrink@hq,scored,n,mr_hq,pq4_kill3_shrink_n1,pq4_kill3_shrink,hq,n1,,,,,,,,1000,,,,,,,,0,,,,,,,,,,,,,,,,,,,,,,,,,,,,,,,,,,,,,,,,,,,,,,,,,,,,,,,,,,,,,,,,,,,,,,0,0,,,,,,,,,,,,,,,,,,,,,,,,,1,,,,,,,,,,,,,,,,,,,,,,,,,,,,,,,,,,,,,,,,,,,,,,,,,,,,,,,,,,,,,,,,,,,,,,2661468224.349,,,,,,,,,,,,,,,,,2661468222.2679996,,,,,,,,,,,,,,,,,,,,,,,,,,,,,,,,,,,,,,,,,,,,,,,,,,,,,,,,,,,,,,,,,,,,,,,,,,,,,,,,,,,,,,,,,,,,,,,,,,,,,,,,,,,,,,,,,,,,,,,,,,,,,,,,,,,,,,,,,,,,,,8.485000133514404,,,,,,,,,,,,,,,,,,,,,,,,,,,,,,,,,,,,,,,,,,,,,,,,,,,,,,,,,,,,,,,,,,,,,,,,,,,,,,,,,,,,,,,,,,,,,,,,,,,,,,,,,,,,,,,,,,,,,,,,,,,,,,,29840,1,none,none,0,none,,,1,hq,hq,4,none,peer,"4,4,4,255",4,4,0,0,7,12,36,0,7,7,7,7,7,0,0,0,0,3,11.78,16.38,1,11.2,10.78,16.38,0,11.4,11.62,16.38,10.24,15.36,1,15.4,10.24,16.38,10.24,15.36,1,15.4,12.51,14.56,1,12.5,12.48,15.81,1,11.2,12.22,14.34,,,,,,,0>1;0>2;0>3;1>0;1>2;1>3;2>0;2>1;2>3;3>0;3>1;3>2,12,6,0>3;1>3;2>3;3>0;3>1;3>2,0:device_error;1:device_error;2:device_error;3:,0,"r0,r1,r2",3,11.7,10.78,16.38,0>3,2728.9,1>2,16.4,2>3,2726.8,,0,,,0,,0,,0,0-3;1-3;2-3,3,0-3=peer judged dead: the peer's socket shows FIN | 1-3=peer judged dead: the peer's socket shows FIN | 2-3=peer judged dead: the peer's socket shows FIN,,0,0,0,0,0-3-0=2;0-3-10=2;0-3-11=2;0-3-1=2;0-3-2=2;0-3-3=2;0-3-4=2;0-3-5=2;0-3-6=2;0-3-7=2;0-3-8=2;0-3-9=2;1-3-0=2;1-3-10=2;1-3-11=2;1-3-1=2;1-3-2=2;1-3-3=2;1-3-4=2;1-3-5=2;1-3-6=2;1-3-7=2;1-3-8=2;1-3-9=2;2-3-0=2;2-3-10=2;2-3-11=2;2-3-1=2;2-3-2=2;2-3-3=2;2-3-4=2;2-3-5=2;2-3-6=2;2-3-7=2;2-3-8=2;2-3-9=2,36,p3,0-3-0=6;0-3-10=6;0-3-11=6;0-3-1=6;0-3-2=6;0-3-3=6;0-3-4=6;0-3-5=6;0-3-6=6;0-3-7=6;0-3-8=6;0-3-9=6;1-3-0=6;1-3-10=6;1-3-11=6;1-3-1=6;1-3-2=6;1-3-3=6;1-3-4=6;1-3-5=6;1-3-6=6;1-3-7=6;1-3-8=6;1-3-9=6;2-3-0=6;2-3-10=6;2-3-11=6;2-3-1=6;2-3-2=6;2-3-3=6;2-3-4=6;2-3-5=6;2-3-6=6;2-3-7=6;2-3-8=6;2-3-9=6,36,p3,3,0:LOCAL_QP_ERR;2:LOCAL_QP_ERR,3,2661468215.864,1,,,6.4039998054504395,,,2661468224.747,8.883000373840332,,,,,,,,0,,,,,,,,,6,6,0,0,,4,3,0-3;1-3;2-3,0,0-3=peer-dead;1-3=peer-dead;2-3=peer-dead,3,0,0,,0,0,0,2,3,3,0,3,0,,3,3,0,0,6,6,3,4,0,,,,,,,,,,,,,,
pq4_kill3_shrink@hq,scored,n,mr_hq,pq4_kill3_shrink_n2,pq4_kill3_shrink,hq,n2,,,,,,,,1000,,,,,,,,0,,,,,,,,,,,,,,,,,,,,,,,,,,,,,,,,,,,,,,,,,,,,,,,,,,,,,,,,,,,,,,,,,,,,,,0,0,,,,,,,,,,,,,,,,,,,,,,,,,1,,,,,,,,,,,,,,,,,,,,,,,,,,,,,,,,,,,,,,,,,,,,,,,,,,,,,,,,,,,,,,,,,,,,,,2661491632.319,,,,,,,,,,,,,,,,,2661491629.876,,,,,,,,,,,,,,,,,,,,,,,,,,,,,,,,,,,,,,,,,,,,,,,,,,,,,,,,,,,,,,,,,,,,,,,,,,,,,,,,,,,,,,,,,,,,,,,,,,,,,,,,,,,,,,,,,,,,,,,,,,,,,,,,,,,,,,,,,,,,,,8.209999561309814,,,,,,,,,,,,,,,,,,,,,,,,,,,,,,,,,,,,,,,,,,,,,,,,,,,,,,,,,,,,,,,,,,,,,,,,,,,,,,,,,,,,,,,,,,,,,,,,,,,,,,,,,,,,,,,,,,,,,,,,,,,,,,,30371,1,none,none,0,none,,,2,hq,hq,4,none,peer,"4,4,4,255",4,4,0,0,7,12,36,0,7,7,7,7,7,0,0,0,0,3,12.29,16.42,1,11.1,12.0,15.52,1,10.2,12.29,15.74,10.24,16.38,1,16.4,10.24,17.41,10.24,16.38,1,16.4,12.38,17.02,1,12.3,12.42,18.72,1,13.2,11.97,17.02,,,,,,,0>1;0>2;0>3;1>0;1>2;1>3;2>0;2>1;2>3;3>0;3>1;3>2,12,6,0>3;1>3;2>3;3>0;3>1;3>2,0:device_error;1:device_error;2:device_error;3:,0,"r0,r1,r2",3,12.129999999999999,12.0,18.72,0>3,2724.7,1>2,17.4,2>3,2724.8,,0,,,0,,0,,0,0-3;1-3;2-3,3,0-3=peer judged dead: the peer's socket shows FIN | 1-3=peer judged dead: the peer's socket shows FIN | 2-3=peer judged dead: the peer's socket shows FIN,,0,0,0,0,0-3-0=2;0-3-10=2;0-3-11=2;0-3-1=2;0-3-2=2;0-3-3=2;0-3-4=2;0-3-5=2;0-3-6=2;0-3-7=2;0-3-8=2;0-3-9=2;1-3-0=2;1-3-10=2;1-3-11=2;1-3-1=2;1-3-2=2;1-3-3=2;1-3-4=2;1-3-5=2;1-3-6=2;1-3-7=2;1-3-8=2;1-3-9=2;2-3-0=2;2-3-10=2;2-3-11=2;2-3-1=2;2-3-2=2;2-3-3=2;2-3-4=2;2-3-5=2;2-3-6=2;2-3-7=2;2-3-8=2;2-3-9=2,36,p3,0-3-0=6;0-3-10=6;0-3-11=6;0-3-1=6;0-3-2=6;0-3-3=6;0-3-4=6;0-3-5=6;0-3-6=6;0-3-7=6;0-3-8=6;0-3-9=6;1-3-0=6;1-3-10=6;1-3-11=6;1-3-1=6;1-3-2=6;1-3-3=6;1-3-4=6;1-3-5=6;1-3-6=6;1-3-7=6;1-3-8=6;1-3-9=6;2-3-0=6;2-3-10=6;2-3-11=6;2-3-1=6;2-3-2=6;2-3-3=6;2-3-4=6;2-3-5=6;2-3-6=6;2-3-7=6;2-3-8=6;2-3-9=6,36,p3,3,0:LOCAL_QP_ERR;2:LOCAL_QP_ERR,3,2661491624.109,1,,,5.7669997215271,,,2661491632.747,8.638000011444092,,,,,,,,0,,,,,,,,,6,6,0,0,,4,3,0-3;1-3;2-3,0,0-3=peer-dead;1-3=peer-dead;2-3=peer-dead,3,0,0,,0,0,0,2,3,3,0,3,0,,3,3,0,0,6,6,3,4,0,,,,,,,,,,,,,,
pq4_kill3_shrink@hq,scored,n,mr_hq,pq4_kill3_shrink_n3,pq4_kill3_shrink,hq,n3,,,,,,,,1000,,,,,,,,0,,,,,,,,,,,,,,,,,,,,,,,,,,,,,,,,,,,,,,,,,,,,,,,,,,,,,,,,,,,,,,,,,,,,,,0,0,,,,,,,,,,,,,,,,,,,,,,,,,1,,,,,,,,,,,,,,,,,,,,,,,,,,,,,,,,,,,,,,,,,,,,,,,,,,,,,,,,,,,,,,,,,,,,,,2661515566.774,,,,,,,,,,,,,,,,,2661515565.041,,,,,,,,,,,,,,,,,,,,,,,,,,,,,,,,,,,,,,,,,,,,,,,,,,,,,,,,,,,,,,,,,,,,,,,,,,,,,,,,,,,,,,,,,,,,,,,,,,,,,,,,,,,,,,,,,,,,,,,,,,,,,,,,,,,,,,,,,,,,,,8.276999950408936,,,,,,,,,,,,,,,,,,,,,,,,,,,,,,,,,,,,,,,,,,,,,,,,,,,,,,,,,,,,,,,,,,,,,,,,,,,,,,,,,,,,,,,,,,,,,,,,,,,,,,,,,,,,,,,,,,,,,,,,,,,,,,,29711,1,none,none,0,none,,,3,hq,hq,4,none,peer,"4,4,4,255",4,4,0,0,7,12,36,0,7,7,7,7,7,0,0,0,0,3,11.97,15.23,0,11.2,11.2,15.23,0,11.2,12.29,15.23,10.24,17.41,,,10.24,17.41,10.24,17.41,1,17.4,12.51,14.34,1,12.3,12.48,14.88,1,12.3,12.22,14.88,,,,,,,0>1;0>2;0>3;1>0;1>2;1>3;2>0;2>1;2>3;3>0;3>1;3>2,12,6,0>3;1>3;2>3;3>0;3>1;3>2,0:device_error;1:device_error;2:device_error;3:,0,"r0,r1,r2",3,12.095,11.2,17.41,0>3,6998.9,1>0,17.4,2>3,1269.8,,0,,,0,,0,,0,0-3;1-3;2-3,3,0-3=peer judged dead: the peer's socket shows FIN | 1-3=peer judged dead: the peer's socket shows FIN | 2-3=peer judged dead: the peer's socket shows FIN,,0,0,0,0,0-3-0=2;0-3-10=2;0-3-11=2;0-3-1=2;0-3-2=2;0-3-3=2;0-3-4=2;0-3-5=2;0-3-6=2;0-3-7=2;0-3-8=2;0-3-9=2;1-3-0=2;1-3-10=2;1-3-11=2;1-3-1=2;1-3-2=2;1-3-3=2;1-3-4=2;1-3-5=2;1-3-6=2;1-3-7=2;1-3-8=2;1-3-9=2;2-3-0=2;2-3-10=2;2-3-11=2;2-3-1=2;2-3-2=2;2-3-3=2;2-3-4=2;2-3-5=2;2-3-6=2;2-3-7=2;2-3-8=2;2-3-9=2,36,p3,0-3-0=6;0-3-10=6;0-3-11=6;0-3-1=6;0-3-2=6;0-3-3=6;0-3-4=6;0-3-5=6;0-3-6=6;0-3-7=6;0-3-8=6;0-3-9=6;1-3-0=6;1-3-10=6;1-3-11=6;1-3-1=6;1-3-2=6;1-3-3=6;1-3-4=6;1-3-5=6;1-3-6=6;1-3-7=6;1-3-8=6;1-3-9=6;2-3-0=6;2-3-10=6;2-3-11=6;2-3-1=6;2-3-2=6;2-3-3=6;2-3-4=6;2-3-5=6;2-3-6=6;2-3-7=6;2-3-8=6;2-3-9=6,36,p3,3,0:LOCAL_QP_ERR;2:LOCAL_QP_ERR,3,2661515558.497,1,,,6.543999671936035,,,2661515567.183,8.685999870300293,,,,,,,,0,,,,,,,,,6,6,0,0,,4,3,0-3;1-3;2-3,0,0-3=peer-dead;1-3=peer-dead;2-3=peer-dead,3,0,0,,0,0,0,2,3,3,0,3,0,,3,3,0,0,6,6,3,4,0,1,17.4,,,,,,,,,,,,
pq4_kill3_shrink@hq,scored,n,mr_hq,pq4_kill3_shrink_n4,pq4_kill3_shrink,hq,n4,,,,,,,,1000,,,,,,,,0,,,,,,,,,,,,,,,,,,,,,,,,,,,,,,,,,,,,,,,,,,,,,,,,,,,,,,,,,,,,,,,,,,,,,,0,0,,,,,,,,,,,,,,,,,,,,,,,,,1,,,,,,,,,,,,,,,,,,,,,,,,,,,,,,,,,,,,,,,,,,,,,,,,,,,,,,,,,,,,,,,,,,,,,,2661538989.143,,,,,,,,,,,,,,,,,2661538986.946,,,,,,,,,,,,,,,,,,,,,,,,,,,,,,,,,,,,,,,,,,,,,,,,,,,,,,,,,,,,,,,,,,,,,,,,,,,,,,,,,,,,,,,,,,,,,,,,,,,,,,,,,,,,,,,,,,,,,,,,,,,,,,,,,,,,,,,,,,,,,,8.610000133514404,,,,,,,,,,,,,,,,,,,,,,,,,,,,,,,,,,,,,,,,,,,,,,,,,,,,,,,,,,,,,,,,,,,,,,,,,,,,,,,,,,,,,,,,,,,,,,,,,,,,,,,,,,,,,,,,,,,,,,,,,,,,,,,29584,1,none,none,0,none,,,4,hq,hq,4,none,peer,"4,4,4,255",4,4,0,0,7,12,36,0,7,7,7,7,7,0,0,0,0,3,12.48,16.61,1,11.1,12.29,16.61,1,11.1,12.29,15.04,10.24,15.36,1,15.4,10.24,16.38,10.24,15.36,1,15.4,12.29,18.34,1,12.3,12.29,18.08,1,12.3,11.68,18.34,,,,,,,0>1;0>2;0>3;1>0;1>2;1>3;2>0;2>1;2>3;3>0;3>1;3>2,12,6,0>3;1>3;2>3;3>0;3>1;3>2,0:device_error;1:device_error;2:device_error;3:,0,"r0,r1,r2",3,11.985,12.29,18.34,0>3,2993.1,1>2,16.4,2>3,1407.0,,0,,,0,,0,,0,0-3;1-3;2-3,3,0-3=peer judged dead: the peer's socket shows FIN | 1-3=peer judged dead: the peer's socket shows FIN | 2-3=peer judged dead: the peer's socket shows FIN,,0,0,0,0,0-3-0=2;0-3-10=2;0-3-11=2;0-3-1=2;0-3-2=2;0-3-3=2;0-3-4=2;0-3-5=2;0-3-6=2;0-3-7=2;0-3-8=2;0-3-9=2;1-3-0=2;1-3-10=2;1-3-11=2;1-3-1=2;1-3-2=2;1-3-3=2;1-3-4=2;1-3-5=2;1-3-6=2;1-3-7=2;1-3-8=2;1-3-9=2;2-3-0=2;2-3-10=2;2-3-11=2;2-3-1=2;2-3-2=2;2-3-3=2;2-3-4=2;2-3-5=2;2-3-6=2;2-3-7=2;2-3-8=2;2-3-9=2,36,p3,0-3-0=6;0-3-10=6;0-3-11=6;0-3-1=6;0-3-2=6;0-3-3=6;0-3-4=6;0-3-5=6;0-3-6=6;0-3-7=6;0-3-8=6;0-3-9=6;1-3-0=6;1-3-10=6;1-3-11=6;1-3-1=6;1-3-2=6;1-3-3=6;1-3-4=6;1-3-5=6;1-3-6=6;1-3-7=6;1-3-8=6;1-3-9=6;2-3-0=6;2-3-10=6;2-3-11=6;2-3-1=6;2-3-2=6;2-3-3=6;2-3-4=6;2-3-5=6;2-3-6=6;2-3-7=6;2-3-8=6;2-3-9=6,36,p3,3,0:LOCAL_QP_ERR;2:LOCAL_QP_ERR,3,2661538980.533,1,,,6.413000106811523,,,2661538989.11,8.577000141143799,,,,,,,,0,,,,,,,,,6,6,0,0,,4,3,0-3;1-3;2-3,0,0-3=peer-dead;1-3=peer-dead;2-3=peer-dead,3,0,0,,0,0,0,2,3,3,0,3,0,,3,3,0,0,6,6,3,4,0,,,,,,,,,,,,,,
pq4_kill3_shrink@hq,scored,n,mr_hq,pq4_kill3_shrink_n5,pq4_kill3_shrink,hq,n5,,,,,,,,1000,,,,,,,,0,,,,,,,,,,,,,,,,,,,,,,,,,,,,,,,,,,,,,,,,,,,,,,,,,,,,,,,,,,,,,,,,,,,,,,0,0,,,,,,,,,,,,,,,,,,,,,,,,,1,,,,,,,,,,,,,,,,,,,,,,,,,,,,,,,,,,,,,,,,,,,,,,,,,,,,,,,,,,,,,,,,,,,,,,2661562895.525,,,,,,,,,,,,,,,,,2661562893.523,,,,,,,,,,,,,,,,,,,,,,,,,,,,,,,,,,,,,,,,,,,,,,,,,,,,,,,,,,,,,,,,,,,,,,,,,,,,,,,,,,,,,,,,,,,,,,,,,,,,,,,,,,,,,,,,,,,,,,,,,,,,,,,,,,,,,,,,,,,,,,8.589000225067139,,,,,,,,,,,,,,,,,,,,,,,,,,,,,,,,,,,,,,,,,,,,,,,,,,,,,,,,,,,,,,,,,,,,,,,,,,,,,,,,,,,,,,,,,,,,,,,,,,,,,,,,,,,,,,,,,,,,,,,,,,,,,,,30726,1,none,none,0,none,,,5,hq,hq,4,none,peer,"4,4,4,255",4,4,0,0,7,12,36,0,7,7,7,7,7,0,0,0,0,3,12.1,16.38,1,11.1,11.33,16.38,1,11.2,12.29,16.38,11.26,17.41,,,10.24,16.38,10.24,15.36,1,15.4,12.67,14.53,1,12.1,13.06,15.07,0,13.0,12.9,14.69,,,,,,,0>1;0>2;0>3;1>0;1>2;1>3;2>0;2>1;2>3;3>0;3>1;3>2,12,6,0>3;1>3;2>3;3>0;3>1;3>2,0:device_error;1:device_error;2:device_error;3:,0,"r0,r1,r2",3,12.195,11.33,17.41,0>3,6970.3,1>0,17.4,2>3,2730.3,,0,,,0,,0,,0,0-3;1-3;2-3,3,0-3=peer judged dead: the peer's socket shows FIN | 1-3=peer judged dead: the peer's socket shows FIN | 2-3=peer judged dead: the peer's socket shows FIN,,0,0,0,0,0-3-0=2;0-3-10=2;0-3-11=2;0-3-1=2;0-3-2=2;0-3-3=2;0-3-4=2;0-3-5=2;0-3-6=2;0-3-7=2;0-3-8=2;0-3-9=2;1-3-0=2;1-3-10=2;1-3-11=2;1-3-1=2;1-3-2=2;1-3-3=2;1-3-4=2;1-3-5=2;1-3-6=2;1-3-7=2;1-3-8=2;1-3-9=2;2-3-0=2;2-3-10=2;2-3-11=2;2-3-1=2;2-3-2=2;2-3-3=2;2-3-4=2;2-3-5=2;2-3-6=2;2-3-7=2;2-3-8=2;2-3-9=2,36,p3,0-3-0=6;0-3-10=6;0-3-11=6;0-3-1=6;0-3-2=6;0-3-3=6;0-3-4=6;0-3-5=6;0-3-6=6;0-3-7=6;0-3-8=6;0-3-9=6;1-3-0=6;1-3-10=6;1-3-11=6;1-3-1=6;1-3-2=6;1-3-3=6;1-3-4=6;1-3-5=6;1-3-6=6;1-3-7=6;1-3-8=6;1-3-9=6;2-3-0=6;2-3-10=6;2-3-11=6;2-3-1=6;2-3-2=6;2-3-3=6;2-3-4=6;2-3-5=6;2-3-6=6;2-3-7=6;2-3-8=6;2-3-9=6,36,p3,3,0:LOCAL_QP_ERR;2:LOCAL_QP_ERR,3,2661562886.936,1,,,6.586999893188477,,,2661562895.557,8.621000289916992,,,,,,,,0,,,,,,,,,6,6,0,0,,4,3,0-3;1-3;2-3,0,0-3=peer-dead;1-3=peer-dead;2-3=peer-dead,3,0,0,,0,0,0,2,3,3,0,3,0,,3,3,0,0,6,6,3,4,0,1,16.4,,,,,,,,,,,,
pq4_kill3_shrink@hq,scored,n,mr_hq,pq4_kill3_shrink_n6,pq4_kill3_shrink,hq,n6,,,,,,,,1000,,,,,,,,0,,,,,,,,,,,,,,,,,,,,,,,,,,,,,,,,,,,,,,,,,,,,,,,,,,,,,,,,,,,,,,,,,,,,,,0,0,,,,,,,,,,,,,,,,,,,,,,,,,1,,,,,,,,,,,,,,,,,,,,,,,,,,,,,,,,,,,,,,,,,,,,,,,,,,,,,,,,,,,,,,,,,,,,,,2661586271.751,,,,,,,,,,,,,,,,,2661586270.2939997,,,,,,,,,,,,,,,,,,,,,,,,,,,,,,,,,,,,,,,,,,,,,,,,,,,,,,,,,,,,,,,,,,,,,,,,,,,,,,,,,,,,,,,,,,,,,,,,,,,,,,,,,,,,,,,,,,,,,,,,,,,,,,,,,,,,,,,,,,,,,,8.480000019073486,,,,,,,,,,,,,,,,,,,,,,,,,,,,,,,,,,,,,,,,,,,,,,,,,,,,,,,,,,,,,,,,,,,,,,,,,,,,,,,,,,,,,,,,,,,,,,,,,,,,,,,,,,,,,,,,,,,,,,,,,,,,,,,30126,1,none,none,0,none,,,6,hq,hq,4,none,peer,"4,4,4,255",4,4,0,0,7,12,36,0,7,7,7,7,7,0,0,0,0,3,12.16,15.97,0,11.2,11.55,14.34,0,12.2,12.29,14.34,11.26,15.36,,,10.24,15.36,10.24,14.34,1,14.3,12.74,16.35,1,12.7,12.99,16.35,1,12.8,12.96,16.35,,,,,,,0>1;0>2;0>3;1>0;1>2;1>3;2>0;2>1;2>3;3>0;3>1;3>2,12,6,0>3;1>3;2>3;3>0;3>1;3>2,0:device_error;1:device_error;2:device_error;3:,0,"r0,r1,r2",3,12.225,11.55,16.35,0>3,2728.8,1>0,15.4,2>3,2724.8,,0,,,0,,0,,0,0-3;1-3;2-3,3,0-3=peer judged dead: the peer's socket shows FIN | 1-3=peer judged dead: the peer's socket shows FIN | 2-3=peer judged dead: the peer's socket shows FIN,,0,0,0,0,0-3-0=2;0-3-10=2;0-3-11=2;0-3-1=2;0-3-2=2;0-3-3=2;0-3-4=2;0-3-5=2;0-3-6=2;0-3-7=2;0-3-8=2;0-3-9=2;1-3-0=2;1-3-10=2;1-3-11=2;1-3-1=2;1-3-2=2;1-3-3=2;1-3-4=2;1-3-5=2;1-3-6=2;1-3-7=2;1-3-8=2;1-3-9=2;2-3-0=2;2-3-10=2;2-3-11=2;2-3-1=2;2-3-2=2;2-3-3=2;2-3-4=2;2-3-5=2;2-3-6=2;2-3-7=2;2-3-8=2;2-3-9=2,36,p3,0-3-0=6;0-3-10=6;0-3-11=6;0-3-1=6;0-3-2=6;0-3-3=6;0-3-4=6;0-3-5=6;0-3-6=6;0-3-7=6;0-3-8=6;0-3-9=6;1-3-0=6;1-3-10=6;1-3-11=6;1-3-1=6;1-3-2=6;1-3-3=6;1-3-4=6;1-3-5=6;1-3-6=6;1-3-7=6;1-3-8=6;1-3-9=6;2-3-0=6;2-3-10=6;2-3-11=6;2-3-1=6;2-3-2=6;2-3-3=6;2-3-4=6;2-3-5=6;2-3-6=6;2-3-7=6;2-3-8=6;2-3-9=6,36,p3,3,0:LOCAL_QP_ERR;2:LOCAL_QP_ERR,3,2661586263.271,1,,,7.0229997634887695,,,2661586272.156,8.885000228881836,,,,,,,,0,,,,,,,,,6,6,0,0,,4,3,0-3;1-3;2-3,0,0-3=peer-dead;1-3=peer-dead;2-3=peer-dead,3,0,0,,0,0,0,2,3,3,0,3,0,,3,3,0,0,6,6,3,4,0,1,15.4,,,,,,,,,,,,
pq4_kill3_shrink@hq,scored,n,mr_hq,pq4_kill3_shrink_n7,pq4_kill3_shrink,hq,n7,,,,,,,,1000,,,,,,,,0,,,,,,,,,,,,,,,,,,,,,,,,,,,,,,,,,,,,,,,,,,,,,,,,,,,,,,,,,,,,,,,,,,,,,,0,0,,,,,,,,,,,,,,,,,,,,,,,,,1,,,,,,,,,,,,,,,,,,,,,,,,,,,,,,,,,,,,,,,,,,,,,,,,,,,,,,,,,,,,,,,,,,,,,,2661610180.303,,,,,,,,,,,,,,,,,2661610178.5559998,,,,,,,,,,,,,,,,,,,,,,,,,,,,,,,,,,,,,,,,,,,,,,,,,,,,,,,,,,,,,,,,,,,,,,,,,,,,,,,,,,,,,,,,,,,,,,,,,,,,,,,,,,,,,,,,,,,,,,,,,,,,,,,,,,,,,,,,,,,,,,8.191999912261963,,,,,,,,,,,,,,,,,,,,,,,,,,,,,,,,,,,,,,,,,,,,,,,,,,,,,,,,,,,,,,,,,,,,,,,,,,,,,,,,,,,,,,,,,,,,,,,,,,,,,,,,,,,,,,,,,,,,,,,,,,,,,,,30441,1,none,none,0,none,,,7,hq,hq,4,none,peer,"4,4,4,255",4,4,0,0,7,12,36,0,7,7,7,7,7,0,0,0,0,3,12.45,17.63,1,12.3,12.29,16.35,1,11.8,12.48,17.63,10.24,18.43,,,10.24,16.38,10.24,16.38,1,16.4,12.29,18.46,0,12.4,12.51,18.46,0,12.4,12.64,18.46,,,,,,,0>1;0>2;0>3;1>0;1>2;1>3;2>0;2>1;2>3;3>0;3>1;3>2,12,6,0>3;1>3;2>3;3>0;3>1;3>2,0:device_error;1:device_error;2:device_error;3:,0,"r0,r1,r2",3,12.465,12.29,18.46,0>3,1480.7,1>0,18.4,2>3,1179.6,,0,,,0,,0,,0,0-3;1-3;2-3,3,0-3=peer judged dead: the peer's socket shows FIN | 1-3=peer judged dead: the peer's socket shows FIN | 2-3=peer judged dead: the peer's socket shows FIN,,0,0,0,0,0-3-0=2;0-3-10=2;0-3-11=2;0-3-1=2;0-3-2=2;0-3-3=2;0-3-4=2;0-3-5=2;0-3-6=2;0-3-7=2;0-3-8=2;0-3-9=2;1-3-0=2;1-3-10=2;1-3-11=2;1-3-1=2;1-3-2=2;1-3-3=2;1-3-4=2;1-3-5=2;1-3-6=2;1-3-7=2;1-3-8=2;1-3-9=2;2-3-0=2;2-3-10=2;2-3-11=2;2-3-1=2;2-3-2=2;2-3-3=2;2-3-4=2;2-3-5=2;2-3-6=2;2-3-7=2;2-3-8=2;2-3-9=2,36,p3,0-3-0=6;0-3-10=6;0-3-11=6;0-3-1=6;0-3-2=6;0-3-3=6;0-3-4=6;0-3-5=6;0-3-6=6;0-3-7=6;0-3-8=6;0-3-9=6;1-3-0=6;1-3-10=6;1-3-11=6;1-3-1=6;1-3-2=6;1-3-3=6;1-3-4=6;1-3-5=6;1-3-6=6;1-3-7=6;1-3-8=6;1-3-9=6;2-3-0=6;2-3-10=6;2-3-11=6;2-3-1=6;2-3-2=6;2-3-3=6;2-3-4=6;2-3-5=6;2-3-6=6;2-3-7=6;2-3-8=6;2-3-9=6,36,p3,3,0:LOCAL_QP_ERR;2:LOCAL_QP_ERR,3,2661610172.111,1,,,6.444999694824219,,,2661610180.728,8.617000102996826,,,,,,,,0,,,,,,,,,6,6,0,0,,4,3,0-3;1-3;2-3,0,0-3=peer-dead;1-3=peer-dead;2-3=peer-dead,3,0,0,,0,0,0,2,3,3,0,3,0,,3,3,0,0,6,6,3,4,0,1,16.4,,,,,,,,,,,,
pq4_kill3_shrink@hq,scored,n,mr_hq,pq4_kill3_shrink_n8,pq4_kill3_shrink,hq,n8,,,,,,,,1000,,,,,,,,0,,,,,,,,,,,,,,,,,,,,,,,,,,,,,,,,,,,,,,,,,,,,,,,,,,,,,,,,,,,,,,,,,,,,,,0,0,,,,,,,,,,,,,,,,,,,,,,,,,1,,,,,,,,,,,,,,,,,,,,,,,,,,,,,,,,,,,,,,,,,,,,,,,,,,,,,,,,,,,,,,,,,,,,,,2661634092.441,,,,,,,,,,,,,,,,,2661634090.256,,,,,,,,,,,,,,,,,,,,,,,,,,,,,,,,,,,,,,,,,,,,,,,,,,,,,,,,,,,,,,,,,,,,,,,,,,,,,,,,,,,,,,,,,,,,,,,,,,,,,,,,,,,,,,,,,,,,,,,,,,,,,,,,,,,,,,,,,,,,,,8.470999717712402,,,,,,,,,,,,,,,,,,,,,,,,,,,,,,,,,,,,,,,,,,,,,,,,,,,,,,,,,,,,,,,,,,,,,,,,,,,,,,,,,,,,,,,,,,,,,,,,,,,,,,,,,,,,,,,,,,,,,,,,,,,,,,,29696,1,none,none,0,none,,,8,hq,hq,4,none,peer,"4,4,4,255",4,4,0,0,7,12,36,0,7,7,7,7,7,0,0,0,0,3,12.26,14.69,1,12.5,11.42,14.69,1,11.1,12.06,14.69,10.24,15.36,,,10.24,14.34,10.24,14.34,1,14.3,12.42,16.35,1,12.9,12.83,16.35,1,13.1,12.74,16.13,,,,,,,0>1;0>2;0>3;1>0;1>2;1>3;2>0;2>1;2>3;3>0;3>1;3>2,12,6,0>3;1>3;2>3;3>0;3>1;3>2,0:device_error;1:device_error;2:device_error;3:,0,"r0,r1,r2",3,12.16,11.42,16.35,0>3,7011.1,1>0,15.4,2>3,1596.4,,0,,,0,,0,,0,0-3;1-3;2-3,3,0-3=peer judged dead: the peer's socket shows FIN | 1-3=peer judged dead: the peer's socket shows FIN | 2-3=peer judged dead: the peer's socket shows FIN,,0,0,0,0,0-3-0=2;0-3-10=2;0-3-11=2;0-3-1=2;0-3-2=2;0-3-3=2;0-3-4=2;0-3-5=2;0-3-6=2;0-3-7=2;0-3-8=2;0-3-9=2;1-3-0=2;1-3-10=2;1-3-11=2;1-3-1=2;1-3-2=2;1-3-3=2;1-3-4=2;1-3-5=2;1-3-6=2;1-3-7=2;1-3-8=2;1-3-9=2;2-3-0=2;2-3-10=2;2-3-11=2;2-3-1=2;2-3-2=2;2-3-3=2;2-3-4=2;2-3-5=2;2-3-6=2;2-3-7=2;2-3-8=2;2-3-9=2,36,p3,0-3-0=6;0-3-10=6;0-3-11=6;0-3-1=6;0-3-2=6;0-3-3=6;0-3-4=6;0-3-5=6;0-3-6=6;0-3-7=6;0-3-8=6;0-3-9=6;1-3-0=6;1-3-10=6;1-3-11=6;1-3-1=6;1-3-2=6;1-3-3=6;1-3-4=6;1-3-5=6;1-3-6=6;1-3-7=6;1-3-8=6;1-3-9=6;2-3-0=6;2-3-10=6;2-3-11=6;2-3-1=6;2-3-2=6;2-3-3=6;2-3-4=6;2-3-5=6;2-3-6=6;2-3-7=6;2-3-8=6;2-3-9=6,36,p3,3,0:LOCAL_QP_ERR;2:LOCAL_QP_ERR,3,2661634083.9700003,1,,,6.285999774932861,,,2661634092.459,8.488999843597412,,,,,,,,0,,,,,,,,,6,6,0,0,,4,3,0-3;1-3;2-3,0,0-3=peer-dead;1-3=peer-dead;2-3=peer-dead,3,0,0,,0,0,0,2,3,3,0,3,0,,3,3,0,0,6,6,3,4,0,1,14.3,,,,,,,,,,,,
pq4_kill3_shrink@hq,scored,n,mr_hq,pq4_kill3_shrink_n9,pq4_kill3_shrink,hq,n9,,,,,,,,1000,,,,,,,,0,,,,,,,,,,,,,,,,,,,,,,,,,,,,,,,,,,,,,,,,,,,,,,,,,,,,,,,,,,,,,,,,,,,,,,0,0,,,,,,,,,,,,,,,,,,,,,,,,,1,,,,,,,,,,,,,,,,,,,,,,,,,,,,,,,,,,,,,,,,,,,,,,,,,,,,,,,,,,,,,,,,,,,,,,2661658001.317,,,,,,,,,,,,,,,,,2661657998.9110003,,,,,,,,,,,,,,,,,,,,,,,,,,,,,,,,,,,,,,,,,,,,,,,,,,,,,,,,,,,,,,,,,,,,,,,,,,,,,,,,,,,,,,,,,,,,,,,,,,,,,,,,,,,,,,,,,,,,,,,,,,,,,,,,,,,,,,,,,,,,,,8.735000133514404,,,,,,,,,,,,,,,,,,,,,,,,,,,,,,,,,,,,,,,,,,,,,,,,,,,,,,,,,,,,,,,,,,,,,,,,,,,,,,,,,,,,,,,,,,,,,,,,,,,,,,,,,,,,,,,,,,,,,,,,,,,,,,,30510,1,none,none,0,none,,,9,hq,hq,4,none,peer,"4,4,4,255",4,4,0,0,7,12,36,0,7,7,7,7,7,0,0,0,0,3,12.51,14.98,1,12.5,12.29,14.98,1,12.3,12.29,14.98,11.26,15.36,1,11.3,10.24,15.36,10.24,15.36,,,12.29,15.49,1,10.6,12.26,14.82,1,11.2,11.84,14.75,,,,,,,0>1;0>2;0>3;1>0;1>2;1>3;2>0;2>1;2>3;3>0;3>1;3>2,12,6,0>3;1>3;2>3;3>0;3>1;3>2,0:device_error;1:device_error;2:device_error;3:,0,"r0,r1,r2",3,12.05,12.29,15.49,0>3,2605.1,1>3,3661.8,2>3,2702.1,,0,,,0,,0,,0,0-3;1-3;2-3,3,0-3=peer judged dead: the peer's socket shows FIN | 1-3=peer judged dead: the peer's socket shows FIN | 2-3=peer judged dead: the peer's socket shows FIN,,0,0,0,0,0-3-0=2;0-3-10=2;0-3-11=2;0-3-1=2;0-3-2=2;0-3-3=2;0-3-4=2;0-3-5=2;0-3-6=2;0-3-7=2;0-3-8=2;0-3-9=2;1-3-0=2;1-3-10=2;1-3-11=2;1-3-1=2;1-3-2=2;1-3-3=2;1-3-4=2;1-3-5=2;1-3-6=2;1-3-7=2;1-3-8=2;1-3-9=2;2-3-0=2;2-3-10=2;2-3-11=2;2-3-1=2;2-3-2=2;2-3-3=2;2-3-4=2;2-3-5=2;2-3-6=2;2-3-7=2;2-3-8=2;2-3-9=2,36,p3,0-3-0=6;0-3-10=6;0-3-11=6;0-3-1=6;0-3-2=6;0-3-3=6;0-3-4=6;0-3-5=6;0-3-6=6;0-3-7=6;0-3-8=6;0-3-9=6;1-3-0=6;1-3-10=6;1-3-11=6;1-3-1=6;1-3-2=6;1-3-3=6;1-3-4=6;1-3-5=6;1-3-6=6;1-3-7=6;1-3-8=6;1-3-9=6;2-3-0=6;2-3-10=6;2-3-11=6;2-3-1=6;2-3-2=6;2-3-3=6;2-3-4=6;2-3-5=6;2-3-6=6;2-3-7=6;2-3-8=6;2-3-9=6,36,p3,3,0:LOCAL_QP_ERR;1:LOCAL_QP_ERR;2:LOCAL_QP_ERR,3,2661657992.582,1,,,6.329000473022461,,,2661658001.298,8.716000080108643,,,,,,,,0,,,,,,,,,6,6,0,0,,4,3,0-3;1-3;2-3,0,0-3=peer-dead;1-3=peer-dead;2-3=peer-dead,3,0,0,,0,0,0,2,3,3,0,3,0,,3,3,0,0,6,6,3,4,0,1,11.3,,,,,,,,,,,,
pq4_kill3_shrink@hq,scored,n,mr_hq,pq4_kill3_shrink_n10,pq4_kill3_shrink,hq,n10,,,,,,,,1000,,,,,,,,0,,,,,,,,,,,,,,,,,,,,,,,,,,,,,,,,,,,,,,,,,,,,,,,,,,,,,,,,,,,,,,,,,,,,,,0,0,,,,,,,,,,,,,,,,,,,,,,,,,1,,,,,,,,,,,,,,,,,,,,,,,,,,,,,,,,,,,,,,,,,,,,,,,,,,,,,,,,,,,,,,,,,,,,,,2661681904.514,,,,,,,,,,,,,,,,,2661681902.799,,,,,,,,,,,,,,,,,,,,,,,,,,,,,,,,,,,,,,,,,,,,,,,,,,,,,,,,,,,,,,,,,,,,,,,,,,,,,,,,,,,,,,,,,,,,,,,,,,,,,,,,,,,,,,,,,,,,,,,,,,,,,,,,,,,,,,,,,,,,,,8.236999988555908,,,,,,,,,,,,,,,,,,,,,,,,,,,,,,,,,,,,,,,,,,,,,,,,,,,,,,,,,,,,,,,,,,,,,,,,,,,,,,,,,,,,,,,,,,,,,,,,,,,,,,,,,,,,,,,,,,,,,,,,,,,,,,,30019,1,none,none,0,none,,,10,hq,hq,4,none,peer,"4,4,4,255",4,4,0,0,7,12,36,0,7,7,7,7,7,0,0,0,0,3,12.26,16.29,1,12.2,11.78,16.06,1,12.0,12.13,16.29,11.26,17.41,,,10.24,17.41,10.24,17.41,1,17.4,12.29,14.5,1,12.2,12.29,14.5,1,12.4,12.03,14.5,,,,,,,0>1;0>2;0>3;1>0;1>2;1>3;2>0;2>1;2>3;3>0;3>1;3>2,12,6,0>3;1>3;2>3;3>0;3>1;3>2,0:device_error;1:device_error;2:device_error;3:,0,"r0,r1,r2",3,12.08,11.78,17.41,0>3,1477.2,1>0,17.4,2>3,1149.2,,0,,,0,,0,,0,0-3;1-3;2-3,3,0-3=peer judged dead: the peer's socket shows FIN | 1-3=peer judged dead: the peer's socket shows FIN | 2-3=peer judged dead: the peer's socket shows FIN,,0,0,0,0,0-3-0=2;0-3-10=2;0-3-11=2;0-3-1=2;0-3-2=2;0-3-3=2;0-3-4=2;0-3-5=2;0-3-6=2;0-3-7=2;0-3-8=2;0-3-9=2;1-3-0=2;1-3-10=2;1-3-11=2;1-3-1=2;1-3-2=2;1-3-3=2;1-3-4=2;1-3-5=2;1-3-6=2;1-3-7=2;1-3-8=2;1-3-9=2;2-3-0=2;2-3-10=2;2-3-11=2;2-3-1=2;2-3-2=2;2-3-3=2;2-3-4=2;2-3-5=2;2-3-6=2;2-3-7=2;2-3-8=2;2-3-9=2,36,p3,0-3-0=6;0-3-10=6;0-3-11=6;0-3-1=6;0-3-2=6;0-3-3=6;0-3-4=6;0-3-5=6;0-3-6=6;0-3-7=6;0-3-8=6;0-3-9=6;1-3-0=6;1-3-10=6;1-3-11=6;1-3-1=6;1-3-2=6;1-3-3=6;1-3-4=6;1-3-5=6;1-3-6=6;1-3-7=6;1-3-8=6;1-3-9=6;2-3-0=6;2-3-10=6;2-3-11=6;2-3-1=6;2-3-2=6;2-3-3=6;2-3-4=6;2-3-5=6;2-3-6=6;2-3-7=6;2-3-8=6;2-3-9=6,36,p3,3,0:LOCAL_QP_ERR;2:LOCAL_QP_ERR,3,2661681896.277,1,,,6.521999835968018,,,2661681904.926,8.64900016784668,,,,,,,,0,,,,,,,,,6,6,0,0,,4,3,0-3;1-3;2-3,0,0-3=peer-dead;1-3=peer-dead;2-3=peer-dead,3,0,0,,0,0,0,2,3,3,0,3,0,,3,3,0,0,6,6,3,4,0,1,17.4,,,,,,,,,,,,
pq4_local_shrink@hq,scored,n,mr_hq,pq4_local_shrink_n1,pq4_local_shrink,hq,n1,,,,,,,,1000,,,,,,,,0,,,,,,,,,,,,,,,,,,,,,,,,,,,,,,,,,,,,,,,,,,,,,,,,,,,,,,,,,,,,,,,,,,,,,,0,0,,,,,,,,,,,,,,,,,,,,,,,,,0,,,,,,,,,,,,,,,,,,,,,,,,,,,,,,,,,,,,,,,,,,,,,,,,,,,,,,,,,,,,,,,,,,,,,,2661943012.53,,,,,,,,,,,,,,,,,2661943018.738,,,,,,,,,,,,,,,,,,,,,,,,,,,,,,,,,,,,,,,,,,,,,,,,,,,,,,,,,,,,,,,,,,,,,,,,,,,,,,,,,,,,,,,,,,,,,,,,,,,,,,,,,,,,,,,,,,,,,,,,,,,,,,,,,,,,,,,,,,,,,,,,,,,,,,,,,,,,,,,,,,,,,,,,,,,,,,,,,,,,,,,,,,,,,,,,,,,,,,,,,,,,,,,,,,,,,,,,,,,,,,,,,,,,,,,,,,,,,,,,,,,,,,,,,,,,,,,,,,,,,,,,,,,,,30741,1,none,none,0,none,,,1,hq,hq,4,none,peer,"4,4,8,8",4,4,0,0,4,36,36,0,4,4,4,4,4,0,0,1,0,1,12.96,16.26,,,12.35,15.65,132,13.8,12.29,16.29,11.26,16.38,,,11.26,16.38,10.24,16.38,0,10.2,12.83,18.08,,,13.12,18.08,1,18.1,12.48,17.82,11.26,15.36,11.26,15.36,10.24,14.34,0>1;0>2;0>3;1>0;1>2;1>3;2>0;2>1;2>3;3>0;3>1;3>2,12,10,0>1;1>0,0:device_error;1:device_error;2:ok;3:ok,2,"r0,r1",2,11.774999999999999,11.805,18.08,0>1,2012849.0,1>0,3310.6,2>0,18.1,0:0,1,1,0>1:1:pair,1,,0,,0,0-1;1-0,2,0-1=cannot write the gate | 1-0=the peer declined,,0,0,0,0,0-1-0=2;0-1-10=2;0-1-11=2;0-1-1=2;0-1-2=2;0-1-3=2;0-1-4=2;0-1-5=2;0-1-6=2;0-1-7=2;0-1-8=2;0-1-9=2;1-0-0=2;1-0-10=2;1-0-11=2;1-0-1=2;1-0-2=2;1-0-3=2;1-0-4=2;1-0-5=2;1-0-6=2;1-0-7=2;1-0-8=2;1-0-9=2,24,"p0,p1",0-1-0=6;0-1-10=6;0-1-11=6;0-1-1=6;0-1-2=6;0-1-3=6;0-1-4=6;0-1-5=6;0-1-6=6;0-1-7=6;0-1-8=6;0-1-9=6;0-2-0=6;0-3-0=6;1-0-0=6;1-0-10=6;1-0-11=6;1-0-1=6;1-0-2=6;1-0-3=6;1-0-4=6;1-0-5=6;1-0-6=6;1-0-7=6;1-0-8=6;1-0-9=6,26,"p0,p1,p2,p3",2,0:LOCAL_QP_ERR;1:LOCAL_QP_ERR,,,,2661941005.764,,,,,,,,,,,,,0.0,0,,,,,,,,,,,,,,4,2,0-1;1-0,0,0-1=local;1-0=peer-reported,0,1,0,,0,0,0,0,,,,0,1,it was raised for rank 1 (GIN rank 1) with a cause that is not the peer's (local),0,0,2,1,0,0,,4,0,1,11.3,132,12.7,1,17.8,1,15.4,1,14.3,3>0,15.4,,
pq4_local_shrink@hq,scored,n,mr_hq,pq4_local_shrink_n2,pq4_local_shrink,hq,n2,,,,,,,,1000,,,,,,,,0,,,,,,,,,,,,,,,,,,,,,,,,,,,,,,,,,,,,,,,,,,,,,,,,,,,,,,,,,,,,,,,,,,,,,,0,0,,,,,,,,,,,,,,,,,,,,,,,,,0,,,,,,,,,,,,,,,,,,,,,,,,,,,,,,,,,,,,,,,,,,,,,,,,,,,,,,,,,,,,,,,,,,,,,,2661995298.907,,,,,,,,,,,,,,,,,2661995304.938,,,,,,,,,,,,,,,,,,,,,,,,,,,,,,,,,,,,,,,,,,,,,,,,,,,,,,,,,,,,,,,,,,,,,,,,,,,,,,,,,,,,,,,,,,,,,,,,,,,,,,,,,,,,,,,,,,,,,,,,,,,,,,,,,,,,,,,,,,,,,,,,,,,,,,,,,,,,,,,,,,,,,,,,,,,,,,,,,,,,,,,,,,,,,,,,,,,,,,,,,,,,,,,,,,,,,,,,,,,,,,,,,,,,,,,,,,,,,,,,,,,,,,,,,,,,,,,,,,,,,,,,,,,,,29187,1,none,none,0,none,,,2,hq,hq,4,none,peer,"4,4,8,8",4,4,0,0,4,36,36,0,4,4,4,4,4,0,0,1,0,1,12.29,14.78,,,11.58,14.59,131,12.6,11.17,14.82,12.29,15.36,,,11.26,15.36,10.24,14.34,0,10.2,12.29,17.31,,,12.48,17.31,1,17.3,11.74,17.31,11.26,15.36,11.26,13.31,10.24,14.34,0>1;0>2;0>3;1>0;1>2;1>3;2>0;2>1;2>3;3>0;3>1;3>2,12,10,0>1;1>0,0:device_error;1:device_error;2:ok;3:ok,2,"r0,r1",2,11.5,11.42,17.31,0>1,2010356.5,1>0,2582.5,2>0,17.3,0:0,1,1,0>1:1:pair,1,,0,,0,0-1;1-0,2,0-1=cannot write the gate | 1-0=the peer declined,,0,0,0,0,0-1-0=2;0-1-10=2;0-1-11=2;0-1-1=2;0-1-2=2;0-1-3=2;0-1-4=2;0-1-5=2;0-1-6=2;0-1-7=2;0-1-8=2;0-1-9=2;1-0-0=2;1-0-10=2;1-0-11=2;1-0-1=2;1-0-2=2;1-0-3=2;1-0-4=2;1-0-5=2;1-0-6=2;1-0-7=2;1-0-8=2;1-0-9=2,24,"p0,p1",0-1-0=6;0-1-10=6;0-1-11=6;0-1-1=6;0-1-2=6;0-1-3=6;0-1-4=6;0-1-5=6;0-1-6=6;0-1-7=6;0-1-8=6;0-1-9=6;0-2-0=6;0-3-0=6;1-0-0=6;1-0-10=6;1-0-11=6;1-0-1=6;1-0-2=6;1-0-3=6;1-0-4=6;1-0-5=6;1-0-6=6;1-0-7=6;1-0-8=6;1-0-9=6,26,"p0,p1,p2,p3",2,0:LOCAL_QP_ERR;1:LOCAL_QP_ERR,,,,2661993292.101,,,,,,,,,,,,,0.0,0,,,,,,,,,,,,,,4,2,0-1;1-0,0,0-1=local;1-0=peer-reported,0,1,0,,0,0,0,0,,,,0,1,it was raised for rank 1 (GIN rank 1) with a cause that is not the peer's (local),0,0,2,1,0,0,,4,0,0,11.3,130,12.3,1,17.3,1,13.3,1,14.3,3>0,15.4,,
pq4_local_shrink@hq,scored,n,mr_hq,pq4_local_shrink_n3,pq4_local_shrink,hq,n3,,,,,,,,1000,,,,,,,,0,,,,,,,,,,,,,,,,,,,,,,,,,,,,,,,,,,,,,,,,,,,,,,,,,,,,,,,,,,,,,,,,,,,,,,0,0,,,,,,,,,,,,,,,,,,,,,,,,,0,,,,,,,,,,,,,,,,,,,,,,,,,,,,,,,,,,,,,,,,,,,,,,,,,,,,,,,,,,,,,,,,,,,,,,2662047560.314,,,,,,,,,,,,,,,,,2662047566.817,,,,,,,,,,,,,,,,,,,,,,,,,,,,,,,,,,,,,,,,,,,,,,,,,,,,,,,,,,,,,,,,,,,,,,,,,,,,,,,,,,,,,,,,,,,,,,,,,,,,,,,,,,,,,,,,,,,,,,,,,,,,,,,,,,,,,,,,,,,,,,,,,,,,,,,,,,,,,,,,,,,,,,,,,,,,,,,,,,,,,,,,,,,,,,,,,,,,,,,,,,,,,,,,,,,,,,,,,,,,,,,,,,,,,,,,,,,,,,,,,,,,,,,,,,,,,,,,,,,,,,,,,,,,,30533,1,none,none,0,none,,,3,hq,hq,4,none,peer,"4,4,8,8",4,4,0,0,4,36,36,0,4,4,4,4,4,0,0,1,0,1,12.67,17.38,,,12.29,17.38,131,13.8,11.84,17.38,11.26,15.36,,,11.26,15.36,10.24,14.34,0,10.2,13.12,16.32,,,13.22,16.32,1,16.3,12.77,16.1,11.26,15.36,11.26,15.36,11.26,15.36,0>1;0>2;0>3;1>0;1>2;1>3;2>0;2>1;2>3;3>0;3>1;3>2,12,10,0>1;1>0,0:device_error;1:device_error;2:ok;3:ok,2,"r0,r1",2,11.55,11.774999999999999,17.38,0>1,2012846.5,1>0,2581.5,2>0,16.3,0:0,1,1,0>1:1:pair,1,,0,,0,0-1;1-0,2,0-1=cannot write the gate | 1-0=the peer declined,,0,0,0,0,0-1-0=2;0-1-10=2;0-1-11=2;0-1-1=2;0-1-2=2;0-1-3=2;0-1-4=2;0-1-5=2;0-1-6=2;0-1-7=2;0-1-8=2;0-1-9=2;1-0-0=2;1-0-10=2;1-0-11=2;1-0-1=2;1-0-2=2;1-0-3=2;1-0-4=2;1-0-5=2;1-0-6=2;1-0-7=2;1-0-8=2;1-0-9=2,24,"p0,p1",0-1-0=6;0-1-10=6;0-1-11=6;0-1-1=6;0-1-2=6;0-1-3=6;0-1-4=6;0-1-5=6;0-1-6=6;0-1-7=6;0-1-8=6;0-1-9=6;0-2-0=6;0-3-0=6;1-0-0=6;1-0-10=6;1-0-11=6;1-0-1=6;1-0-2=6;1-0-3=6;1-0-4=6;1-0-5=6;1-0-6=6;1-0-7=6;1-0-8=6;1-0-9=6,26,"p0,p1,p2,p3",2,0:LOCAL_QP_ERR;1:LOCAL_QP_ERR,,,,2662045553.256,,,,,,,,,,,,,0.0,0,,,,,,,,,,,,,,4,2,0-1;1-0,0,0-1=local;1-0=peer-reported,0,1,0,,0,0,0,0,,,,0,1,it was raised for rank 1 (GIN rank 1) with a cause that is not the peer's (local),0,0,2,1,0,0,,4,0,1,11.3,131,12.6,1,16.1,1,15.4,1,15.4,3>0,15.4,,
pq4_local_shrink@hq,scored,n,mr_hq,pq4_local_shrink_n4,pq4_local_shrink,hq,n4,,,,,,,,1000,,,,,,,,0,,,,,,,,,,,,,,,,,,,,,,,,,,,,,,,,,,,,,,,,,,,,,,,,,,,,,,,,,,,,,,,,,,,,,,0,0,,,,,,,,,,,,,,,,,,,,,,,,,0,,,,,,,,,,,,,,,,,,,,,,,,,,,,,,,,,,,,,,,,,,,,,,,,,,,,,,,,,,,,,,,,,,,,,,2662099924.811,,,,,,,,,,,,,,,,,2662099930.976,,,,,,,,,,,,,,,,,,,,,,,,,,,,,,,,,,,,,,,,,,,,,,,,,,,,,,,,,,,,,,,,,,,,,,,,,,,,,,,,,,,,,,,,,,,,,,,,,,,,,,,,,,,,,,,,,,,,,,,,,,,,,,,,,,,,,,,,,,,,,,,,,,,,,,,,,,,,,,,,,,,,,,,,,,,,,,,,,,,,,,,,,,,,,,,,,,,,,,,,,,,,,,,,,,,,,,,,,,,,,,,,,,,,,,,,,,,,,,,,,,,,,,,,,,,,,,,,,,,,,,,,,,,,,30729,1,none,none,0,none,,,4,hq,hq,4,none,peer,"4,4,8,8",4,4,0,0,4,36,36,0,4,4,4,4,4,0,0,1,0,1,12.83,16.38,,,12.26,16.38,132,14.0,11.94,17.86,11.26,16.38,,,11.26,16.38,10.24,15.36,1,10.2,12.54,14.4,,,12.51,14.4,1,14.4,11.9,14.4,11.26,14.34,11.26,14.34,10.24,14.34,0>1;0>2;0>3;1>0;1>2;1>3;2>0;2>1;2>3;3>0;3>1;3>2,12,10,0>1;1>0,0:device_error;1:device_error;2:ok;3:ok,2,"r0,r1",2,11.58,11.76,17.86,0>1,2012844.5,1>0,2582.5,2>0,14.4,0:0,1,1,0>1:1:pair,1,,0,,0,0-1;1-0,2,0-1=cannot write the gate | 1-0=the peer declined,,0,0,0,0,0-1-0=2;0-1-10=2;0-1-11=2;0-1-1=2;0-1-2=2;0-1-3=2;0-1-4=2;0-1-5=2;0-1-6=2;0-1-7=2;0-1-8=2;0-1-9=2;1-0-0=2;1-0-10=2;1-0-11=2;1-0-1=2;1-0-2=2;1-0-3=2;1-0-4=2;1-0-5=2;1-0-6=2;1-0-7=2;1-0-8=2;1-0-9=2,24,"p0,p1",0-1-0=6;0-1-10=6;0-1-11=6;0-1-1=6;0-1-2=6;0-1-3=6;0-1-4=6;0-1-5=6;0-1-6=6;0-1-7=6;0-1-8=6;0-1-9=6;0-2-0=6;0-3-0=6;1-0-0=6;1-0-10=6;1-0-11=6;1-0-1=6;1-0-2=6;1-0-3=6;1-0-4=6;1-0-5=6;1-0-6=6;1-0-7=6;1-0-8=6;1-0-9=6,26,"p0,p1,p2,p3",2,0:LOCAL_QP_ERR;1:LOCAL_QP_ERR,,,,2662097917.824,,,,,,,,,,,,,0.0,0,,,,,,,,,,,,,,4,2,0-1;1-0,0,0-1=local;1-0=peer-reported,0,1,0,,0,0,0,0,,,,0,1,it was raised for rank 1 (GIN rank 1) with a cause that is not the peer's (local),0,0,2,1,0,0,,4,0,0,10.2,131,13.4,1,14.4,1,14.3,1,14.3,3>0,14.3,,
pq4_local_shrink@hq,scored,n,mr_hq,pq4_local_shrink_n5,pq4_local_shrink,hq,n5,,,,,,,,1000,,,,,,,,0,,,,,,,,,,,,,,,,,,,,,,,,,,,,,,,,,,,,,,,,,,,,,,,,,,,,,,,,,,,,,,,,,,,,,,0,0,,,,,,,,,,,,,,,,,,,,,,,,,0,,,,,,,,,,,,,,,,,,,,,,,,,,,,,,,,,,,,,,,,,,,,,,,,,,,,,,,,,,,,,,,,,,,,,,2662152254.25,,,,,,,,,,,,,,,,,2662152260.51,,,,,,,,,,,,,,,,,,,,,,,,,,,,,,,,,,,,,,,,,,,,,,,,,,,,,,,,,,,,,,,,,,,,,,,,,,,,,,,,,,,,,,,,,,,,,,,,,,,,,,,,,,,,,,,,,,,,,,,,,,,,,,,,,,,,,,,,,,,,,,,,,,,,,,,,,,,,,,,,,,,,,,,,,,,,,,,,,,,,,,,,,,,,,,,,,,,,,,,,,,,,,,,,,,,,,,,,,,,,,,,,,,,,,,,,,,,,,,,,,,,,,,,,,,,,,,,,,,,,,,,,,,,,,29300,1,none,none,0,none,,,5,hq,hq,4,none,peer,"4,4,8,8",4,4,0,0,4,36,36,0,4,4,4,4,4,0,0,1,0,1,12.83,17.57,,,12.29,17.57,130,13.6,12.06,16.35,12.29,17.41,,,11.26,16.38,10.24,16.38,0,10.2,12.45,16.38,,,12.42,15.55,1,15.6,11.71,16.38,11.26,16.38,11.26,15.36,10.24,15.36,0>1;0>2;0>3;1>0;1>2;1>3;2>0;2>1;2>3;3>0;3>1;3>2,12,10,0>1;1>0,0:device_error;1:device_error;2:ok;3:ok,2,"r0,r1",2,11.885000000000002,11.774999999999999,17.57,0>1,2012696.6,1>0,2579.5,2>0,16.4,0:0,1,1,0>1:1:pair,1,,0,,0,0-1;1-0,2,0-1=cannot write the gate | 1-0=the peer declined,,0,0,0,0,0-1-0=2;0-1-10=2;0-1-11=2;0-1-1=2;0-1-2=2;0-1-3=2;0-1-4=2;0-1-5=2;0-1-6=2;0-1-7=2;0-1-8=2;0-1-9=2;1-0-0=2;1-0-10=2;1-0-11=2;1-0-1=2;1-0-2=2;1-0-3=2;1-0-4=2;1-0-5=2;1-0-6=2;1-0-7=2;1-0-8=2;1-0-9=2,24,"p0,p1",0-1-0=6;0-1-10=6;0-1-11=6;0-1-1=6;0-1-2=6;0-1-3=6;0-1-4=6;0-1-5=6;0-1-6=6;0-1-7=6;0-1-8=6;0-1-9=6;0-2-0=6;0-3-0=6;1-0-0=6;1-0-10=6;1-0-11=6;1-0-1=6;1-0-2=6;1-0-3=6;1-0-4=6;1-0-5=6;1-0-6=6;1-0-7=6;1-0-8=6;1-0-9=6,26,"p0,p1,p2,p3",2,0:LOCAL_QP_ERR;1:LOCAL_QP_ERR,,,,2662150247.434,,,,,,,,,,,,,0.0,0,,,,,,,,,,,,,,4,2,0-1;1-0,0,0-1=local;1-0=peer-reported,0,1,0,,0,0,0,0,,,,0,1,it was raised for rank 1 (GIN rank 1) with a cause that is not the peer's (local),0,0,2,1,0,0,,4,0,0,11.3,130,12.6,1,16.4,1,15.4,1,15.4,3>0,16.4,,
pq4_rdv@hq,scored,n,mr_hq,pq4_rdv_n1,pq4_rdv,hq,n1,,,,,,,,1000,,,,,,,,0,,,,,,,,,,,,,,,,,,,,,,,,,,,,,,,,,,,,,,,,,,,,,,,,,,,,,,,,,,,,,,,,,,,,,,0,1,,,,,,,,,,,,,,,,,,,,,,,,,0,,,,,,,,,,,,,,,,,,,,,,,,,,,,,,,,,,,,,,,,,,,,,,,,,,,,,,,,,,,,,,,,,,,,,,,,,,,,,,,,,,,,,,,,,,,,,,,,,,,,,,,,,,,,,,,,,,,,,,,,,,,,,,,,,,,,,,,,,,,,,,,,,,,,,,,,,,,,,,,,,,,,,,,,,,,,,,,,,,,,,,,,,,,,,,,,,,,,,,,,,,,,,,,,,,,,,,,,,,,,,,,,,,,,,,,,,,,,,,,,,,,,,,,,,,,,,,,,,,,,,,,,,,,,,,,,,,,,,,,,,,,,,,,,,,,,,,,,,,,,,,,,,,,,,,,,,,,,,,,,,,,,,,,,,,,,,,,,,,,,,,,,,,,,,,,,,,,,30332,2,30331,30331,1,30333,3,0,1,hq,hq,4,none,ctx,"0,0,0,0",4,4,0,0,4,36,36,0,4,4,4,4,4,0,0,0,0,0,13.15,15.84,1,15.2,13.12,15.23,1,15.2,13.15,16.9,12.29,18.43,,,12.29,18.43,11.26,18.43,1,18.4,13.73,18.43,,,13.95,17.7,1,17.7,13.7,18.18,12.29,19.46,12.29,19.46,11.26,19.46,0>1;0>2;0>3;1>0;1>2;1>3;2>0;2>1;2>3;3>0;3>1;3>2,12,12,,0:ok;1:ok;2:ok;3:ok,4,,0,12.719999999999999,12.704999999999998,19.46,0>3,16.9,1>0,18.4,2>0,18.4,,0,,,0,,0,,0,,0,,,0,0,0,0,,0,,,0,,4,,,,,,,,,,,,,,,,,,,0,,,,,,,,,,,,,,4,0,,0,,0,0,0,,0,0,0,0,,,,0,0,,0,0,0,0,0,0,,4,3,1,18.4,,,1,18.2,1,19.5,1,19.5,3>0,19.5,,
pq4_rdv@hq,scored,n,mr_hq,pq4_rdv_n2,pq4_rdv,hq,n2,,,,,,,,1000,,,,,,,,0,,,,,,,,,,,,,,,,,,,,,,,,,,,,,,,,,,,,,,,,,,,,,,,,,,,,,,,,,,,,,,,,,,,,,,0,1,,,,,,,,,,,,,,,,,,,,,,,,,0,,,,,,,,,,,,,,,,,,,,,,,,,,,,,,,,,,,,,,,,,,,,,,,,,,,,,,,,,,,,,,,,,,,,,,,,,,,,,,,,,,,,,,,,,,,,,,,,,,,,,,,,,,,,,,,,,,,,,,,,,,,,,,,,,,,,,,,,,,,,,,,,,,,,,,,,,,,,,,,,,,,,,,,,,,,,,,,,,,,,,,,,,,,,,,,,,,,,,,,,,,,,,,,,,,,,,,,,,,,,,,,,,,,,,,,,,,,,,,,,,,,,,,,,,,,,,,,,,,,,,,,,,,,,,,,,,,,,,,,,,,,,,,,,,,,,,,,,,,,,,,,,,,,,,,,,,,,,,,,,,,,,,,,,,,,,,,,,,,,,,,,,,,,,,,,,,,,,30088,2,30087,30087,1,30089,3,0,2,hq,hq,4,none,ctx,"0,0,0,0",4,4,0,0,4,36,36,0,4,4,4,4,4,0,0,0,0,0,13.15,16.35,,,13.09,16.35,1,16.4,12.9,16.35,12.29,17.41,,,12.29,17.41,11.26,17.41,1,17.4,13.06,16.35,1,15.6,13.15,16.38,,,12.99,16.35,12.29,18.43,12.29,18.43,11.26,17.41,0>1;0>2;0>3;1>0;1>2;1>3;2>0;2>1;2>3;3>0;3>1;3>2,12,12,,0:ok;1:ok;2:ok;3:ok,4,,0,12.594999999999999,12.675,18.43,0>1,16.4,1>0,17.4,2>1,16.4,,0,,,0,,0,,0,,0,,,0,0,0,0,,0,,,0,,4,,,,,,,,,,,,,,,,,,,0,,,,,,,,,,,,,,4,0,,0,,0,0,0,,0,0,0,0,,,,0,0,,0,0,0,0,0,0,,4,3,1,17.4,1,16.4,1,13.2,1,18.4,1,17.4,3>0,18.4,,
pq4_rdv@hq,scored,n,mr_hq,pq4_rdv_n3,pq4_rdv,hq,n3,,,,,,,,1000,,,,,,,,0,,,,,,,,,,,,,,,,,,,,,,,,,,,,,,,,,,,,,,,,,,,,,,,,,,,,,,,,,,,,,,,,,,,,,,0,1,,,,,,,,,,,,,,,,,,,,,,,,,0,,,,,,,,,,,,,,,,,,,,,,,,,,,,,,,,,,,,,,,,,,,,,,,,,,,,,,,,,,,,,,,,,,,,,,,,,,,,,,,,,,,,,,,,,,,,,,,,,,,,,,,,,,,,,,,,,,,,,,,,,,,,,,,,,,,,,,,,,,,,,,,,,,,,,,,,,,,,,,,,,,,,,,,,,,,,,,,,,,,,,,,,,,,,,,,,,,,,,,,,,,,,,,,,,,,,,,,,,,,,,,,,,,,,,,,,,,,,,,,,,,,,,,,,,,,,,,,,,,,,,,,,,,,,,,,,,,,,,,,,,,,,,,,,,,,,,,,,,,,,,,,,,,,,,,,,,,,,,,,,,,,,,,,,,,,,,,,,,,,,,,,,,,,,,,,,,,,,29686,2,29685,29685,1,29687,3,0,3,hq,hq,4,none,ctx,"0,0,0,0",4,4,0,0,4,36,36,0,4,4,4,4,4,0,0,0,0,0,13.18,16.35,1,15.9,13.15,16.42,,,13.18,16.42,12.29,17.41,,,12.29,17.41,11.26,17.41,1,17.4,13.28,16.06,1,14.8,13.86,16.58,,,13.28,16.48,12.29,18.43,12.29,18.43,11.26,18.43,0>1;0>2;0>3;1>0;1>2;1>3;2>0;2>1;2>3;3>0;3>1;3>2,12,12,,0:ok;1:ok;2:ok;3:ok,4,,0,12.735,12.719999999999999,18.43,0>2,16.4,1>0,17.4,2>1,16.6,,0,,,0,,0,,0,,0,,,0,0,0,0,,0,,,0,,4,,,,,,,,,,,,,,,,,,,0,,,,,,,,,,,,,,4,0,,0,,0,0,0,,0,0,0,0,,,,0,0,,0,0,0,0,0,0,,4,3,1,17.4,1,16.4,0,14.0,1,18.4,1,18.4,3>0,18.4,,
