key,status,sub,stem,cell,build,trial,dir,app,fault,wait,ts,diag,bytes,iters,inject,gidsel,gid0,gid1,cut_s,r0rc,r1rc,left,wall_s,r0_outcome,r1_outcome,burst_P,burst_K,burst_agg,tx_done,tx_rc,tx_rc_it,tx_err_threads,tx_max_iter_us,rx_done,rx_rc,dev_bad_slots,host_bad_slots,host_missing_slots,host_slots,signals,signals_bad,signals_high,signals_low,signal_exact,tx_done_r1,tx_rc_r1,rx_done_r0,rx_rc_r0,dev_bad_slots_r0,host_bad_slots_r0,signal_exact_r0,r0_async,r1_async,r0_async_ms,r1_async_ms,async_samples_r0,async_samples_r1,lat_p50_us,lat_p99_us,lat_mean_us,lat_max_us,lat_max_it,lat_n,ts_on_r0,ts_on_r1,ts_off,n_fires_r0,n_fires_r1,trigger_miss,q4_r0,q4_r1,q4_class_r0,q4_class_r1,rec_init_r0,rec_init_r1,rec_resp_r0,rec_resp_r1,tie_kept,yielded,decl_r0,decl_r1,quiesce_stuck,watchdog,gid_moved_r0,gid_moved_r1,teardown_r0,teardown_r1,teardown_ms_r0,teardown_ms_r1,kernel_ms_r0,kernel_ms_r1,bind_fail,transparent_ok,fire_dt_r1_minus_r0_ms,fault_mono_r0,fault_after_launch_ms,cut_start_after_launch_ms,cut_len_ms,gids_after_cut,first_q4_class,fault_to_mbx_ms,cut_end_to_mbx_ms,fault_to_resumed_ms,cut_end_to_resumed_ms,S/U/n_first,get_n,get_bad,ua_r0,ua_r1,n_mute_on_r0,mute_on_ms_r0,n_sock_close_r0,sock_close_ms_r0,sock_close_cause_r0,sock_close_cause_r1,decl_mono_r0,killed,async_before_fault,r1_alive_at_decline,silent_bad,tnum,fault_to_decline_ms
lat_base_256k@base,scored,lat,lat_base_256k_n1,lat_base_256k,base,n1,lat,default,lat,blocking,1,,262144,3000,700,primary,4,3,0,0,0,0,2.3,ok,ok,,,,3000,no error,-1,,,3000,no error,0,0,0,0,1,0,0,0,1,,,,,,,,none,none,-1.0,-1.0,1683,1676,38.37,38.94,38.32,47.10,1235,3000,0,0,,0,0,0,0,0,,,0,0,0,0,0,0,,,0,0,,,no error,no error,933.9,938.6,118.8,118.8,0,1,,,,,,,,,,,,,,,0,0,0,,0,,,,,0,0,0,0,1,
lat_base_256k@base,scored,lat,lat_base_256k_n2,lat_base_256k,base,n2,lat,default,lat,blocking,1,,262144,3000,700,primary,4,3,0,0,0,0,2.3,ok,ok,,,,3000,no error,-1,,,3000,no error,0,0,0,0,1,0,0,0,1,,,,,,,,none,none,-1.0,-1.0,1695,1685,38.56,46.14,39.12,52.70,284,3000,0,0,,0,0,0,0,0,,,0,0,0,0,0,0,,,0,0,,,no error,no error,928.5,930.7,121.4,121.6,0,1,,,,,,,,,,,,,,,0,0,0,,0,,,,,0,0,0,0,2,
lat_base_256k@base,scored,lat,lat_base_256k_n3,lat_base_256k,base,n3,lat,default,lat,blocking,1,,262144,3000,700,primary,4,3,0,0,0,0,2.3,ok,ok,,,,3000,no error,-1,,,3000,no error,0,0,0,0,1,0,0,0,1,,,,,,,,none,none,-1.0,-1.0,1685,1676,38.37,38.94,38.35,47.07,584,3000,0,0,,0,0,0,0,0,,,0,0,0,0,0,0,,,0,0,,,no error,no error,931.5,933.7,119.3,118.8,0,1,,,,,,,,,,,,,,,0,0,0,,0,,,,,0,0,0,0,3,
lat_base_256k@base,scored,lat,lat_base_256k_n4,lat_base_256k,base,n4,lat,default,lat,blocking,1,,262144,3000,700,primary,4,3,0,0,0,0,2.3,ok,ok,,,,3000,no error,-1,,,3000,no error,0,0,0,0,1,0,0,0,1,,,,,,,,none,none,-1.0,-1.0,1687,1678,38.37,38.94,38.36,47.49,2852,3000,0,0,,0,0,0,0,0,,,0,0,0,0,0,0,,,0,0,,,no error,no error,927.8,929.0,119.3,119.3,0,1,,,,,,,,,,,,,,,0,0,0,,0,,,,,0,0,0,0,4,
lat_base_256k@base,scored,lat,lat_base_256k_n5,lat_base_256k,base,n5,lat,default,lat,blocking,1,,262144,3000,700,primary,4,3,0,0,0,0,2.3,ok,ok,,,,3000,no error,-1,,,3000,no error,0,0,0,0,1,0,0,0,1,,,,,,,,none,none,-1.0,-1.0,1686,1676,38.37,38.94,38.33,47.39,18,3000,0,0,,0,0,0,0,0,,,0,0,0,0,0,0,,,0,0,,,no error,no error,922.2,924.9,119.0,118.7,0,1,,,,,,,,,,,,,,,0,0,0,,0,,,,,0,0,0,0,5,
lat_base_4k@base,scored,lat,lat_base_4k_n1,lat_base_4k,base,n1,lat,default,lat,blocking,1,,4096,3000,700,primary,4,3,0,0,0,0,1.8,ok,ok,,,,3000,no error,-1,,,3000,no error,0,0,0,0,1,0,0,0,1,,,,,,,,none,none,-1.0,-1.0,1348,1339,10.14,10.72,10.10,18.46,2674,3000,0,0,,0,0,0,0,0,,,0,0,0,0,0,0,,,0,0,,,no error,no error,508.9,510.3,34.4,34.4,0,1,,,,,,,,,,,,,,,0,0,0,,0,,,,,0,0,0,0,1,
lat_base_4k@base,scored,lat,lat_base_4k_n2,lat_base_4k,base,n2,lat,default,lat,blocking,1,,4096,3000,700,primary,4,3,0,0,0,0,1.8,ok,ok,,,,3000,no error,-1,,,3000,no error,0,0,0,0,1,0,0,0,1,,,,,,,,none,none,-1.0,-1.0,1348,1338,10.14,11.26,10.10,17.98,1385,3000,0,0,,0,0,0,0,0,,,0,0,0,0,0,0,,,0,0,,,no error,no error,515.9,518.2,34.3,34.3,0,1,,,,,,,,,,,,,,,0,0,0,,0,,,,,0,0,0,0,2,
lat_base_4k@base,scored,lat,lat_base_4k_n3,lat_base_4k,base,n3,lat,default,lat,blocking,1,,4096,3000,700,primary,4,3,0,0,0,0,1.8,ok,ok,,,,3000,no error,-1,,,3000,no error,0,0,0,0,1,0,0,0,1,,,,,,,,none,none,-1.0,-1.0,1347,1338,10.14,10.69,10.11,18.11,2940,3000,0,0,,0,0,0,0,0,,,0,0,0,0,0,0,,,0,0,,,no error,no error,521.0,522.4,34.3,34.3,0,1,,,,,,,,,,,,,,,0,0,0,,0,,,,,0,0,0,0,3,
lat_base_4k@base,scored,lat,lat_base_4k_n4,lat_base_4k,base,n4,lat,default,lat,blocking,1,,4096,3000,700,primary,4,3,0,0,0,0,1.8,ok,ok,,,,3000,no error,-1,,,3000,no error,0,0,0,0,1,0,0,0,1,,,,,,,,none,none,-1.0,-1.0,1348,1339,10.21,11.36,10.14,18.66,512,3000,0,0,,0,0,0,0,0,,,0,0,0,0,0,0,,,0,0,,,no error,no error,518.3,519.1,34.4,34.3,0,1,,,,,,,,,,,,,,,0,0,0,,0,,,,,0,0,0,0,4,
lat_base_4k@base,scored,lat,lat_base_4k_n5,lat_base_4k,base,n5,lat,default,lat,blocking,1,,4096,3000,700,primary,4,3,0,0,0,0,2.3,ok,ok,,,,3000,no error,-1,,,3000,no error,0,0,0,0,1,0,0,0,1,,,,,,,,none,none,-1.0,-1.0,1344,1337,10.14,11.26,10.10,18.46,2447,3000,0,0,,0,0,0,0,0,,,0,0,0,0,0,0,,,0,0,,,no error,no error,1003.2,1004.2,34.3,34.0,0,1,,,,,,,,,,,,,,,0,0,0,,0,,,,,0,0,0,0,5,
lat_s1off_256k@s1,scored,lat,lat_s1off_256k_n1,lat_s1off_256k,s1,n1,lat,default,lat,blocking,0,,262144,3000,700,primary,4,3,0,0,0,0,2.3,ok,ok,,,,3000,no error,-1,,,3000,no error,0,0,0,0,1,0,0,0,1,,,,,,,,none,none,-1.0,-1.0,1685,1679,38.43,38.94,38.35,57.86,0,3000,0,0,,0,0,0,0,0,,,0,0,0,0,0,0,,,0,0,,,no error,no error,919.1,920.6,119.4,119.4,0,1,,,,,,,,,,,,,,,0,0,0,,0,,,,,0,0,0,0,1,
lat_s1off_256k@s1,scored,lat,lat_s1off_256k_n2,lat_s1off_256k,s1,n2,lat,default,lat,blocking,0,,262144,3000,700,primary,4,3,0,0,0,0,2.3,ok,ok,,,,3000,no error,-1,,,3000,no error,0,0,0,0,1,0,0,0,1,,,,,,,,none,none,-1.0,-1.0,1691,1679,38.40,38.94,38.34,57.41,0,3000,0,0,,0,0,0,0,0,,,0,0,0,0,0,0,,,0,0,,,no error,no error,930.2,930.9,119.5,119.3,0,1,,,,,,,,,,,,,,,0,0,0,,0,,,,,0,0,0,0,2,
lat_s1off_256k@s1,scored,lat,lat_s1off_256k_n3,lat_s1off_256k,s1,n3,lat,default,lat,blocking,0,,262144,3000,700,primary,4,3,0,0,0,0,2.3,ok,ok,,,,3000,no error,-1,,,3000,no error,0,0,0,0,1,0,0,0,1,,,,,,,,none,none,-1.0,-1.0,1690,1679,38.43,39.01,38.37,59.36,0,3000,0,0,,0,0,0,0,0,,,0,0,0,0,0,0,,,0,0,,,no error,no error,930.6,932.0,119.5,119.4,0,1,,,,,,,,,,,,,,,0,0,0,,0,,,,,0,0,0,0,3,
lat_s1off_256k@s1,scored,lat,lat_s1off_256k_n4,lat_s1off_256k,s1,n4,lat,default,lat,blocking,0,,262144,3000,700,primary,4,3,0,0,0,0,2.3,ok,ok,,,,3000,no error,-1,,,3000,no error,0,0,0,0,1,0,0,0,1,,,,,,,,none,none,-1.0,-1.0,1687,1678,38.34,38.94,38.13,59.26,0,3000,0,0,,0,0,0,0,0,,,0,0,0,0,0,0,,,0,0,,,no error,no error,923.5,925.6,119.4,119.3,0,1,,,,,,,,,,,,,,,0,0,0,,0,,,,,0,0,0,0,4,
lat_s1off_256k@s1,scored,lat,lat_s1off_256k_n5,lat_s1off_256k,s1,n5,lat,default,lat,blocking,0,,262144,3000,700,primary,4,3,0,0,0,0,2.3,ok,ok,,,,3000,no error,-1,,,3000,no error,0,0,0,0,1,0,0,0,1,,,,,,,,none,none,-1.0,-1.0,1690,1679,38.40,38.94,38.35,57.44,0,3000,0,0,,0,0,0,0,0,,,0,0,0,0,0,0,,,0,0,,,no error,no error,924.3,925.7,119.6,119.4,0,1,,,,,,,,,,,,,,,0,0,0,,0,,,,,0,0,0,0,5,
lat_s1off_4k@s1,scored,lat,lat_s1off_4k_n1,lat_s1off_4k,s1,n1,lat,default,lat,blocking,0,,4096,3000,700,primary,4,3,0,0,0,0,2.3,ok,ok,,,,3000,no error,-1,,,3000,no error,0,0,0,0,1,0,0,0,1,,,,,,,,none,none,-1.0,-1.0,1351,1343,10.24,11.58,10.32,18.53,0,3000,0,0,,0,0,0,0,0,,,0,0,0,0,0,0,,,0,0,,,no error,no error,984.7,986.8,35.0,35.4,0,1,,,,,,,,,,,,,,,0,0,0,,0,,,,,0,0,0,0,1,
lat_s1off_4k@s1,scored,lat,lat_s1off_4k_n2,lat_s1off_4k,s1,n2,lat,default,lat,blocking,0,,4096,3000,700,primary,4,3,0,0,0,0,1.8,ok,ok,,,,3000,no error,-1,,,3000,no error,0,0,0,0,1,0,0,0,1,,,,,,,,none,none,-1.0,-1.0,1355,1342,10.24,11.58,10.32,18.40,0,3000,0,0,,0,0,0,0,0,,,0,0,0,0,0,0,,,0,0,,,no error,no error,517.4,519.5,35.6,35.2,0,1,,,,,,,,,,,,,,,0,0,0,,0,,,,,0,0,0,0,2,
lat_s1off_4k@s1,scored,lat,lat_s1off_4k_n3,lat_s1off_4k,s1,n3,lat,default,lat,blocking,0,,4096,3000,700,primary,4,3,0,0,0,0,1.8,ok,ok,,,,3000,no error,-1,,,3000,no error,0,0,0,0,1,0,0,0,1,,,,,,,,none,none,-1.0,-1.0,1357,1343,10.24,11.65,10.36,18.40,0,3000,0,0,,0,0,0,0,0,,,0,0,0,0,0,0,,,0,0,,,no error,no error,516.3,518.0,35.6,35.3,0,1,,,,,,,,,,,,,,,0,0,0,,0,,,,,0,0,0,0,3,
lat_s1off_4k@s1,scored,lat,lat_s1off_4k_n4,lat_s1off_4k,s1,n4,lat,default,lat,blocking,0,,4096,3000,700,primary,4,3,0,0,0,0,1.8,ok,ok,,,,3000,no error,-1,,,3000,no error,0,0,0,0,1,0,0,0,1,,,,,,,,none,none,-1.0,-1.0,1356,1342,10.24,11.62,10.32,18.91,0,3000,0,0,,0,0,0,0,0,,,0,0,0,0,0,0,,,0,0,,,no error,no error,513.9,516.3,35.6,35.5,0,1,,,,,,,,,,,,,,,0,0,0,,0,,,,,0,0,0,0,4,
lat_s1off_4k@s1,scored,lat,lat_s1off_4k_n5,lat_s1off_4k,s1,n5,lat,default,lat,blocking,0,,4096,3000,700,primary,4,3,0,0,0,0,1.8,ok,ok,,,,3000,no error,-1,,,3000,no error,0,0,0,0,1,0,0,0,1,,,,,,,,none,none,-1.0,-1.0,1355,1343,10.24,11.62,10.32,18.46,0,3000,0,0,,0,0,0,0,0,,,0,0,0,0,0,0,,,0,0,,,no error,no error,513.0,515.2,35.6,35.4,0,1,,,,,,,,,,,,,,,0,0,0,,0,,,,,0,0,0,0,5,
lat_s1on_256k@s1,scored,lat,lat_s1on_256k_n1,lat_s1on_256k,s1,n1,lat,default,lat,blocking,1,,262144,3000,700,primary,4,3,0,0,0,0,2.3,ok,ok,,,,3000,no error,-1,,,3000,no error,0,0,0,0,1,0,0,0,1,,,,,,,,none,none,-1.0,-1.0,1732,1721,41.57,43.04,41.74,63.42,0,3000,1,1,,0,0,0,0,0,,,0,0,0,0,0,0,,,0,0,,,no error,no error,919.3,919.6,129.5,130.0,0,1,,,,,,,,,,,,,,,0,0,0,,0,,,,,0,0,0,0,1,
lat_s1on_256k@s1,scored,lat,lat_s1on_256k_n2,lat_s1on_256k,s1,n2,lat,default,lat,blocking,1,,262144,3000,700,primary,4,3,0,0,0,0,2.3,ok,ok,,,,3000,no error,-1,,,3000,no error,0,0,0,0,1,0,0,0,1,,,,,,,,none,none,-1.0,-1.0,1729,1724,41.66,42.98,41.80,61.41,0,3000,1,1,,0,0,0,0,0,,,0,0,0,0,0,0,,,0,0,,,no error,no error,913.7,914.8,130.4,130.6,0,1,,,,,,,,,,,,,,,0,0,0,,0,,,,,0,0,0,0,2,
lat_s1on_256k@s1,scored,lat,lat_s1on_256k_n3,lat_s1on_256k,s1,n3,lat,default,lat,blocking,1,,262144,3000,700,primary,4,3,0,0,0,0,2.3,ok,ok,,,,3000,no error,-1,,,3000,no error,0,0,0,0,1,0,0,0,1,,,,,,,,none,none,-1.0,-1.0,1731,1717,41.57,42.98,41.75,63.49,0,3000,1,1,,0,0,0,0,0,,,0,0,0,0,0,0,,,0,0,,,no error,no error,919.4,921.1,129.4,129.5,0,1,,,,,,,,,,,,,,,0,0,0,,0,,,,,0,0,0,0,3,
lat_s1on_256k@s1,scored,lat,lat_s1on_256k_n4,lat_s1on_256k,s1,n4,lat,default,lat,blocking,1,,262144,3000,700,primary,4,3,0,0,0,0,2.3,ok,ok,,,,3000,no error,-1,,,3000,no error,0,0,0,0,1,0,0,0,1,,,,,,,,none,none,-1.0,-1.0,1735,1721,41.60,43.01,41.80,61.44,0,3000,1,1,,0,0,0,0,0,,,0,0,0,0,0,0,,,0,0,,,no error,no error,913.6,913.5,130.3,130.6,0,1,,,,,,,,,,,,,,,0,0,0,,0,,,,,0,0,0,0,4,
lat_s1on_256k@s1,scored,lat,lat_s1on_256k_n5,lat_s1on_256k,s1,n5,lat,default,lat,blocking,1,,262144,3000,700,primary,4,3,0,0,0,0,2.3,ok,ok,,,,3000,no error,-1,,,3000,no error,0,0,0,0,1,0,0,0,1,,,,,,,,none,none,-1.0,-1.0,1734,1722,41.60,42.98,41.75,61.57,0,3000,1,1,,0,0,0,0,0,,,0,0,0,0,0,0,,,0,0,,,no error,no error,924.2,925.1,130.5,130.4,0,1,,,,,,,,,,,,,,,0,0,0,,0,,,,,0,0,0,0,5,
lat_s1on_4k@s1,scored,lat,lat_s1on_4k_n1,lat_s1on_4k,s1,n1,lat,default,lat,blocking,1,,4096,3000,700,primary,4,3,0,0,0,0,2.3,ok,ok,,,,3000,no error,-1,,,3000,no error,0,0,0,0,1,0,0,0,1,,,,,,,,none,none,-1.0,-1.0,1432,1422,16.77,18.11,16.87,26.94,0,3000,1,1,,0,0,0,0,0,,,0,0,0,0,0,0,,,0,0,,,no error,no error,1000.6,1002.0,54.9,55.0,0,1,,,,,,,,,,,,,,,0,0,0,,0,,,,,0,0,0,0,1,
lat_s1on_4k@s1,scored,lat,lat_s1on_4k_n2,lat_s1on_4k,s1,n2,lat,default,lat,blocking,1,,4096,3000,700,primary,4,3,0,0,0,0,2.3,ok,ok,,,,3000,no error,-1,,,3000,no error,0,0,0,0,1,0,0,0,1,,,,,,,,none,none,-1.0,-1.0,1437,1425,16.77,17.95,16.85,26.66,0,3000,1,1,,0,0,0,0,0,,,0,0,0,0,0,0,,,0,0,,,no error,no error,985.7,987.6,56.1,56.1,0,1,,,,,,,,,,,,,,,0,0,0,,0,,,,,0,0,0,0,2,
lat_s1on_4k@s1,scored,lat,lat_s1on_4k_n3,lat_s1on_4k,s1,n3,lat,default,lat,blocking,1,,4096,3000,700,primary,4,3,0,0,0,0,2.3,ok,ok,,,,3000,no error,-1,,,3000,no error,0,0,0,0,1,0,0,0,1,,,,,,,,none,none,-1.0,-1.0,1438,1425,16.77,18.21,16.88,27.14,0,3000,1,1,,0,0,0,0,0,,,0,0,0,0,0,0,,,0,0,,,no error,no error,1002.2,1004.4,56.5,56.0,0,1,,,,,,,,,,,,,,,0,0,0,,0,,,,,0,0,0,0,3,
lat_s1on_4k@s1,scored,lat,lat_s1on_4k_n4,lat_s1on_4k,s1,n4,lat,default,lat,blocking,1,,4096,3000,700,primary,4,3,0,0,0,0,2.4,ok,ok,,,,3000,no error,-1,,,3000,no error,0,0,0,0,1,0,0,0,1,,,,,,,,none,none,-1.0,-1.0,1439,1425,16.77,17.95,16.84,26.59,0,3000,1,1,,0,0,0,0,0,,,0,0,0,0,0,0,,,0,0,,,no error,no error,987.1,989.4,56.5,56.1,0,1,,,,,,,,,,,,,,,0,0,0,,0,,,,,0,0,0,0,4,
lat_s1on_4k@s1,scored,lat,lat_s1on_4k_n5,lat_s1on_4k,s1,n5,lat,default,lat,blocking,1,,4096,3000,700,primary,4,3,0,0,0,0,2.3,ok,ok,,,,3000,no error,-1,,,3000,no error,0,0,0,0,1,0,0,0,1,,,,,,,,none,none,-1.0,-1.0,1426,1423,16.77,17.98,16.84,26.66,0,3000,1,1,,0,0,0,0,0,,,0,0,0,0,0,0,,,0,0,,,no error,no error,979.6,980.7,55.0,55.4,0,1,,,,,,,,,,,,,,,0,0,0,,0,,,,,0,0,0,0,5,
lat_s2off_256k@s2,scored,lat,lat_s2off_256k_n1,lat_s2off_256k,s2,n1,lat,default,lat,blocking,0,,262144,3000,700,primary,4,3,0,0,0,0,2.3,ok,ok,,,,3000,no error,-1,,,3000,no error,0,0,0,0,1,0,0,0,1,,,,,,,,none,none,-1.0,-1.0,1695,1681,38.69,42.72,38.73,49.60,414,3000,0,0,,0,0,0,0,0,,,0,0,0,0,0,0,,,0,0,,,no error,no error,916.9,918.7,120.4,120.0,0,1,,,,,,,,,,,,,,,0,0,0,,0,,,,,0,0,0,0,1,
lat_s2off_256k@s2,scored,lat,lat_s2off_256k_n2,lat_s2off_256k,s2,n2,lat,default,lat,blocking,0,,262144,3000,700,primary,4,3,0,0,0,0,2.3,ok,ok,,,,3000,no error,-1,,,3000,no error,0,0,0,0,1,0,0,0,1,,,,,,,,none,none,-1.0,-1.0,1689,1678,38.46,38.94,38.34,47.46,105,3000,0,0,,0,0,0,0,0,,,0,0,0,0,0,0,,,0,0,,,no error,no error,930.4,931.8,119.2,119.1,0,1,,,,,,,,,,,,,,,0,0,0,,0,,,,,0,0,0,0,2,
lat_s2off_256k@s2,scored,lat,lat_s2off_256k_n3,lat_s2off_256k,s2,n3,lat,default,lat,blocking,0,,262144,3000,700,primary,4,3,0,0,0,0,2.3,ok,ok,,,,3000,no error,-1,,,3000,no error,0,0,0,0,1,0,0,0,1,,,,,,,,none,none,-1.0,-1.0,1705,1692,38.82,46.34,39.47,53.28,276,3000,0,0,,0,0,0,0,0,,,0,0,0,0,0,0,,,0,0,,,no error,no error,908.8,910.6,122.6,122.7,0,1,,,,,,,,,,,,,,,0,0,0,,0,,,,,0,0,0,0,3,
lat_s2off_256k@s2,scored,lat,lat_s2off_256k_n4,lat_s2off_256k,s2,n4,lat,default,lat,blocking,0,,262144,3000,700,primary,4,3,0,0,0,0,2.3,ok,ok,,,,3000,no error,-1,,,3000,no error,0,0,0,0,1,0,0,0,1,,,,,,,,none,none,-1.0,-1.0,1689,1678,38.56,38.94,38.44,47.10,989,3000,0,0,,0,0,0,0,0,,,0,0,0,0,0,0,,,0,0,,,no error,no error,938.8,939.4,119.2,119.4,0,1,,,,,,,,,,,,,,,0,0,0,,0,,,,,0,0,0,0,4,
lat_s2off_256k@s2,scored,lat,lat_s2off_256k_n5,lat_s2off_256k,s2,n5,lat,default,lat,blocking,0,,262144,3000,700,primary,4,3,0,0,0,0,2.3,ok,ok,,,,3000,no error,-1,,,3000,no error,0,0,0,0,1,0,0,0,1,,,,,,,,none,none,-1.0,-1.0,1692,1681,38.66,42.66,38.71,51.26,165,3000,0,0,,0,0,0,0,0,,,0,0,0,0,0,0,,,0,0,,,no error,no error,922.9,925.2,120.3,120.0,0,1,,,,,,,,,,,,,,,0,0,0,,0,,,,,0,0,0,0,5,
lat_s2off_4k@s2,scored,lat,lat_s2off_4k_n1,lat_s2off_4k,s2,n1,lat,default,lat,blocking,0,,4096,3000,700,primary,4,3,0,0,0,0,1.8,ok,ok,,,,3000,no error,-1,,,3000,no error,0,0,0,0,1,0,0,0,1,,,,,,,,none,none,-1.0,-1.0,1354,1343,10.27,11.71,10.49,14.30,0,3000,0,0,,0,0,0,0,0,,,0,0,0,0,0,0,,,0,0,,,no error,no error,519.1,520.9,35.4,35.3,0,1,,,,,,,,,,,,,,,0,0,0,,0,,,,,0,0,0,0,1,
lat_s2off_4k@s2,scored,lat,lat_s2off_4k_n2,lat_s2off_4k,s2,n2,lat,default,lat,blocking,0,,4096,3000,700,primary,4,3,0,0,0,0,2.3,ok,ok,,,,3000,no error,-1,,,3000,no error,0,0,0,0,1,0,0,0,1,,,,,,,,none,none,-1.0,-1.0,1352,1342,10.24,11.30,10.30,14.30,0,3000,0,0,,0,0,0,0,0,,,0,0,0,0,0,0,,,0,0,,,no error,no error,1001.2,1002.1,35.5,35.2,0,1,,,,,,,,,,,,,,,0,0,0,,0,,,,,0,0,0,0,2,
lat_s2off_4k@s2,scored,lat,lat_s2off_4k_n3,lat_s2off_4k,s2,n3,lat,default,lat,blocking,0,,4096,3000,700,primary,4,3,0,0,0,0,1.8,ok,ok,,,,3000,no error,-1,,,3000,no error,0,0,0,0,1,0,0,0,1,,,,,,,,none,none,-1.0,-1.0,1354,1342,10.27,11.68,10.44,20.48,1066,3000,0,0,,0,0,0,0,0,,,0,0,0,0,0,0,,,0,0,,,no error,no error,519.9,520.9,35.4,35.4,0,1,,,,,,,,,,,,,,,0,0,0,,0,,,,,0,0,0,0,3,
lat_s2off_4k@s2,scored,lat,lat_s2off_4k_n4,lat_s2off_4k,s2,n4,lat,default,lat,blocking,0,,4096,3000,700,primary,4,3,0,0,0,0,1.8,ok,ok,,,,3000,no error,-1,,,3000,no error,0,0,0,0,1,0,0,0,1,,,,,,,,none,none,-1.0,-1.0,1356,1343,10.27,11.68,10.50,18.46,2795,3000,0,0,,0,0,0,0,0,,,0,0,0,0,0,0,,,0,0,,,no error,no error,519.1,520.9,35.4,35.2,0,1,,,,,,,,,,,,,,,0,0,0,,0,,,,,0,0,0,0,4,
lat_s2off_4k@s2,scored,lat,lat_s2off_4k_n5,lat_s2off_4k,s2,n5,lat,default,lat,blocking,0,,4096,3000,700,primary,4,3,0,0,0,0,1.8,ok,ok,,,,3000,no error,-1,,,3000,no error,0,0,0,0,1,0,0,0,1,,,,,,,,none,none,-1.0,-1.0,1356,1342,10.27,11.68,10.44,18.43,935,3000,0,0,,0,0,0,0,0,,,0,0,0,0,0,0,,,0,0,,,no error,no error,523.3,525.8,35.5,35.3,0,1,,,,,,,,,,,,,,,0,0,0,,0,,,,,0,0,0,0,5,
lat_s2on_256k@s2,scored,lat,lat_s2on_256k_n1,lat_s2on_256k,s2,n1,lat,default,lat,blocking,1,,262144,3000,700,primary,4,3,0,0,0,0,2.3,ok,ok,,,,3000,no error,-1,,,3000,no error,0,0,0,0,1,0,0,0,1,,,,,,,,none,none,-1.0,-1.0,1695,1682,38.88,40.64,38.73,47.97,1773,3000,1,1,,0,0,0,0,0,,,0,0,0,0,0,0,,,0,0,,,no error,no error,932.3,932.5,120.4,120.0,0,1,,,,,,,,,,,,,,,0,0,0,,0,,,,,0,0,0,0,1,
lat_s2on_256k@s2,scored,lat,lat_s2on_256k_n2,lat_s2on_256k,s2,n2,lat,default,lat,blocking,1,,262144,3000,700,primary,4,3,0,0,0,0,2.3,ok,ok,,,,3000,no error,-1,,,3000,no error,0,0,0,0,1,0,0,0,1,,,,,,,,none,none,-1.0,-1.0,1701,1688,38.91,43.01,39.40,48.70,575,3000,1,1,,0,0,0,0,0,,,0,0,0,0,0,0,,,0,0,,,no error,no error,922.2,924.2,122.1,122.4,0,1,,,,,,,,,,,,,,,0,0,0,,0,,,,,0,0,0,0,2,
lat_s2on_256k@s2,scored,lat,lat_s2on_256k_n3,lat_s2on_256k,s2,n3,lat,default,lat,blocking,1,,262144,3000,700,primary,4,3,0,0,0,0,2.3,ok,ok,,,,3000,no error,-1,,,3000,no error,0,0,0,0,1,0,0,0,1,,,,,,,,none,none,-1.0,-1.0,1700,1685,38.91,40.13,38.91,47.10,641,3000,1,1,,0,0,0,0,0,,,0,0,0,0,0,0,,,0,0,,,no error,no error,918.1,920.3,121.0,121.0,0,1,,,,,,,,,,,,,,,0,0,0,,0,,,,,0,0,0,0,3,
lat_s2on_256k@s2,scored,lat,lat_s2on_256k_n4,lat_s2on_256k,s2,n4,lat,default,lat,blocking,1,,262144,3000,700,primary,4,3,0,0,0,0,2.3,ok,ok,,,,3000,no error,-1,,,3000,no error,0,0,0,0,1,0,0,0,1,,,,,,,,none,none,-1.0,-1.0,1695,1684,38.88,40.00,38.88,43.04,0,3000,1,1,,0,0,0,0,0,,,0,0,0,0,0,0,,,0,0,,,no error,no error,905.3,906.2,120.5,120.9,0,1,,,,,,,,,,,,,,,0,0,0,,0,,,,,0,0,0,0,4,
lat_s2on_256k@s2,scored,lat,lat_s2on_256k_n5,lat_s2on_256k,s2,n5,lat,default,lat,blocking,1,,262144,3000,700,primary,4,3,0,0,0,0,2.3,ok,ok,,,,3000,no error,-1,,,3000,no error,0,0,0,0,1,0,0,0,1,,,,,,,,none,none,-1.0,-1.0,1700,1687,38.91,42.69,39.09,50.69,60,3000,1,1,,0,0,0,0,0,,,0,0,0,0,0,0,,,0,0,,,no error,no error,925.8,927.0,121.5,121.4,0,1,,,,,,,,,,,,,,,0,0,0,,0,,,,,0,0,0,0,5,
lat_s2on_4k@s2,scored,lat,lat_s2on_4k_n1,lat_s2on_4k,s2,n1,lat,default,lat,blocking,1,,4096,3000,700,primary,4,3,0,0,0,0,1.8,ok,ok,,,,3000,no error,-1,,,3000,no error,0,0,0,0,1,0,0,0,1,,,,,,,,none,none,-1.0,-1.0,1358,1345,10.56,11.84,10.64,19.62,1795,3000,1,1,,0,0,0,0,0,,,0,0,0,0,0,0,,,0,0,,,no error,no error,511.9,513.8,35.9,35.9,0,1,,,,,,,,,,,,,,,0,0,0,,0,,,,,0,0,0,0,1,
lat_s2on_4k@s2,scored,lat,lat_s2on_4k_n2,lat_s2on_4k,s2,n2,lat,default,lat,blocking,1,,4096,3000,700,primary,4,3,0,0,0,0,2.3,ok,ok,,,,3000,no error,-1,,,3000,no error,0,0,0,0,1,0,0,0,1,,,,,,,,none,none,-1.0,-1.0,1355,1345,10.56,11.71,10.63,14.66,973,3000,1,1,,0,0,0,0,0,,,0,0,0,0,0,0,,,0,0,,,no error,no error,1001.2,1002.3,35.9,35.9,0,1,,,,,,,,,,,,,,,0,0,0,,0,,,,,0,0,0,0,2,
lat_s2on_4k@s2,scored,lat,lat_s2on_4k_n3,lat_s2on_4k,s2,n3,lat,default,lat,blocking,1,,4096,3000,700,primary,4,3,0,0,0,0,2.3,ok,ok,,,,3000,no error,-1,,,3000,no error,0,0,0,0,1,0,0,0,1,,,,,,,,none,none,-1.0,-1.0,1360,1345,10.59,12.10,10.76,21.92,1831,3000,1,1,,0,0,0,0,0,,,0,0,0,0,0,0,,,0,0,,,no error,no error,1005.2,1006.9,36.5,36.0,0,1,,,,,,,,,,,,,,,0,0,0,,0,,,,,0,0,0,0,3,
lat_s2on_4k@s2,bind,lat,lat_s2on_4k_n4,lat_s2on_4k,s2,n4,lat,default,lat,blocking,1,,4096,3000,700,primary,4,3,0,1,7,0,0.0,,,,,,,,,,,,,,,,,,,,,,,,,,,,,,,,,,,,,,,,,0,0,,0,0,0,0,0,,,0,0,0,0,0,0,,,0,0,,,,,,,,,1,0,,,,,,,,,,,,,,,0,0,0,,0,,,,,0,0,0,0,4,
lat_s2on_4k@s2,scored,lat,lat_s2on_4k_n5,lat_s2on_4k,s2,n5,lat,default,lat,blocking,1,,4096,3000,700,primary,4,3,0,0,0,0,1.8,ok,ok,,,,3000,no error,-1,,,3000,no error,0,0,0,0,1,0,0,0,1,,,,,,,,none,none,-1.0,-1.0,1355,1347,10.59,12.16,10.81,21.73,2787,3000,1,1,,0,0,0,0,0,,,0,0,0,0,0,0,,,0,0,,,no error,no error,520.5,521.5,36.5,36.4,0,1,,,,,,,,,,,,,,,0,0,0,,0,,,,,0,0,0,0,5,
lat_s2on_4k@s2,scored,lat,lat_s2on_4k_n6,lat_s2on_4k,s2,n6,lat,default,lat,blocking,1,,4096,3000,700,primary,4,3,0,0,0,0,1.8,ok,ok,,,,3000,no error,-1,,,3000,no error,0,0,0,0,1,0,0,0,1,,,,,,,,none,none,-1.0,-1.0,1357,1345,10.56,11.71,10.63,20.06,2437,3000,1,1,,0,0,0,0,0,,,0,0,0,0,0,0,,,0,0,,,no error,no error,513.8,515.4,36.0,36.0,0,1,,,,,,,,,,,,,,,0,0,0,,0,,,,,0,0,0,0,6,
lat_s2r_on_256k@s2r,scored,lat,lat_s2r_on_256k_n1,lat_s2r_on_256k,s2r,n1,lat,default,lat,blocking,1,,262144,3000,700,primary,4,3,0,0,0,0,2.3,ok,ok,,,,3000,no error,-1,,,3000,no error,0,0,0,0,1,0,0,0,1,,,,,,,,none,none,-1.0,-1.0,1697,1684,38.91,40.16,38.99,271.65,1772,3000,1,1,,0,0,0,0,0,,,0,0,0,0,0,0,,,0,0,,,no error,no error,922.1,924.4,120.8,120.8,0,1,,,,,,,,,,,,,,,1,1,0,,1,2523320206.699,FIN,,,0,0,0,0,1,
lat_s2r_on_256k@s2r,scored,lat,lat_s2r_on_256k_n2,lat_s2r_on_256k,s2r,n2,lat,default,lat,blocking,1,,262144,3000,700,primary,4,3,0,0,0,0,2.3,ok,ok,,,,3000,no error,-1,,,3000,no error,0,0,0,0,1,0,0,0,1,,,,,,,,none,none,-1.0,-1.0,1696,1683,38.91,40.10,38.91,47.52,525,3000,1,1,,0,0,0,0,0,,,0,0,0,0,0,0,,,0,0,,,no error,no error,919.2,921.0,121.0,120.8,0,1,,,,,,,,,,,,,,,1,1,0,,0,,,,,0,0,0,0,2,
lat_s2r_on_256k@s2r,scored,lat,lat_s2r_on_256k_n3,lat_s2r_on_256k,s2r,n3,lat,default,lat,blocking,1,,262144,3000,700,primary,4,3,0,0,0,0,2.3,ok,ok,,,,3000,no error,-1,,,3000,no error,0,0,0,0,1,0,0,0,1,,,,,,,,none,none,-1.0,-1.0,1697,1685,38.91,40.16,38.92,48.86,1335,3000,1,1,,0,0,0,0,0,,,0,0,0,0,0,0,,,0,0,,,no error,no error,929.4,930.8,120.9,121.0,0,1,,,,,,,,,,,,,,,1,1,0,,1,2523465081.897,FIN,,,0,0,0,0,3,
lat_s2r_on_256k@s2r,scored,lat,lat_s2r_on_256k_n4,lat_s2r_on_256k,s2r,n4,lat,default,lat,blocking,1,,262144,3000,700,primary,4,3,0,0,0,0,2.3,ok,ok,,,,3000,no error,-1,,,3000,no error,0,0,0,0,1,0,0,0,1,,,,,,,,none,none,-1.0,-1.0,1706,1692,38.91,46.59,39.51,56.29,97,3000,1,1,,0,0,0,0,0,,,0,0,0,0,0,0,,,0,0,,,no error,no error,912.0,914.0,122.5,122.7,0,1,,,,,,,,,,,,,,,1,1,0,,0,,,FIN,,0,0,0,0,4,
lat_s2r_on_256k@s2r,scored,lat,lat_s2r_on_256k_n5,lat_s2r_on_256k,s2r,n5,lat,default,lat,blocking,1,,262144,3000,700,primary,4,3,0,0,0,0,2.3,ok,ok,,,,3000,no error,-1,,,3000,no error,0,0,0,0,1,0,0,0,1,,,,,,,,none,none,-1.0,-1.0,1696,1683,38.91,40.06,38.89,47.10,161,3000,1,1,,0,0,0,0,0,,,0,0,0,0,0,0,,,0,0,,,no error,no error,915.4,917.8,120.9,120.4,0,1,,,,,,,,,,,,,,,1,1,0,,1,2523609866.096,FIN,,,0,0,0,0,5,
lat_s2r_on_4k@s2r,scored,lat,lat_s2r_on_4k_n1,lat_s2r_on_4k,s2r,n1,lat,default,lat,blocking,1,,4096,3000,700,primary,4,3,0,0,0,0,1.8,ok,ok,,,,3000,no error,-1,,,3000,no error,0,0,0,0,1,0,0,0,1,,,,,,,,none,none,-1.0,-1.0,1357,1343,10.56,11.84,10.64,16.42,2606,3000,1,1,,0,0,0,0,0,,,0,0,0,0,0,0,,,0,0,,,no error,no error,520.5,523.1,35.9,35.9,0,1,,,,,,,,,,,,,,,1,1,0,,1,2523316863.198,FIN,,,0,0,0,0,1,
lat_s2r_on_4k@s2r,bind,lat,lat_s2r_on_4k_n2,lat_s2r_on_4k,s2r,n2,lat,default,lat,blocking,1,,4096,3000,700,primary,4,3,0,1,7,0,0.0,,,,,,,,,,,,,,,,,,,,,,,,,,,,,,,,,,,,,,,,,0,0,,0,0,0,0,0,,,0,0,0,0,0,0,,,0,0,,,,,,,,,1,0,,,,,,,,,,,,,,,0,0,0,,0,,,,,0,0,0,0,2,
lat_s2r_on_4k@s2r,scored,lat,lat_s2r_on_4k_n3,lat_s2r_on_4k,s2r,n3,lat,default,lat,blocking,1,,4096,3000,700,primary,4,3,0,0,0,0,1.8,ok,ok,,,,3000,no error,-1,,,3000,no error,0,0,0,0,1,0,0,0,1,,,,,,,,none,none,-1.0,-1.0,1358,1345,10.56,11.68,10.63,18.40,164,3000,1,1,,0,0,0,0,0,,,0,0,0,0,0,0,,,0,0,,,no error,no error,514.4,516.5,36.0,35.8,0,1,,,,,,,,,,,,,,,1,1,0,,0,,,,,0,0,0,0,3,
lat_s2r_on_4k@s2r,scored,lat,lat_s2r_on_4k_n4,lat_s2r_on_4k,s2r,n4,lat,default,lat,blocking,1,,4096,3000,700,primary,4,3,0,0,0,0,2.3,ok,ok,,,,3000,no error,-1,,,3000,no error,0,0,0,0,1,0,0,0,1,,,,,,,,none,none,-1.0,-1.0,1357,1344,10.59,11.78,10.63,14.30,0,3000,1,1,,0,0,0,0,0,,,0,0,0,0,0,0,,,0,0,,,no error,no error,1004.8,1006.8,36.0,35.9,0,1,,,,,,,,,,,,,,,1,1,0,,1,2523555379.347,FIN,,,0,0,0,0,4,
lat_s2r_on_4k@s2r,scored,lat,lat_s2r_on_4k_n5,lat_s2r_on_4k,s2r,n5,lat,default,lat,blocking,1,,4096,3000,700,primary,4,3,0,0,0,0,1.8,ok,ok,,,,3000,no error,-1,,,3000,no error,0,0,0,0,1,0,0,0,1,,,,,,,,none,none,-1.0,-1.0,1357,1345,10.56,11.74,10.64,18.66,2601,3000,1,1,,0,0,0,0,0,,,0,0,0,0,0,0,,,0,0,,,no error,no error,512.0,513.0,35.9,35.9,0,1,,,,,,,,,,,,,,,1,1,0,,1,2523606519.466,FIN,,,0,0,0,0,5,
lat_s2r_on_4k@s2r,scored,lat,lat_s2r_on_4k_n6,lat_s2r_on_4k,s2r,n6,lat,default,lat,blocking,1,,4096,3000,700,primary,4,3,0,0,0,0,2.3,ok,ok,,,,3000,no error,-1,,,3000,no error,0,0,0,0,1,0,0,0,1,,,,,,,,none,none,-1.0,-1.0,1358,1344,10.56,11.71,10.63,18.91,310,3000,1,1,,0,0,0,0,0,,,0,0,0,0,0,0,,,0,0,,,no error,no error,1007.2,1009.2,36.0,35.8,0,1,,,,,,,,,,,,,,,1,1,0,,1,2528667301.001,FIN,,,0,0,0,0,6,
lat_s2sys_256k@var_sys,scored,lat,lat_s2sys_256k_n1,lat_s2sys_256k,var_sys,n1,lat,default,lat,blocking,1,,262144,3000,700,primary,4,3,0,0,0,0,2.3,ok,ok,,,,3000,no error,-1,,,3000,no error,0,0,0,0,1,0,0,0,1,,,,,,,,none,none,-1.0,-1.0,1712,1696,39.90,41.15,39.95,50.72,228,3000,1,1,,0,0,0,0,0,,,0,0,0,0,0,0,,,0,0,,,no error,no error,914.2,916.5,124.2,123.9,0,1,,,,,,,,,,,,,,,0,0,0,,0,,,,,0,0,0,0,1,
lat_s2sys_256k@var_sys,scored,lat,lat_s2sys_256k_n2,lat_s2sys_256k,var_sys,n2,lat,default,lat,blocking,1,,262144,3000,700,primary,4,3,0,0,0,0,2.3,ok,ok,,,,3000,no error,-1,,,3000,no error,0,0,0,0,1,0,0,0,1,,,,,,,,none,none,-1.0,-1.0,1710,1692,39.74,40.99,39.86,49.18,1429,3000,1,1,,0,0,0,0,0,,,0,0,0,0,0,0,,,0,0,,,no error,no error,926.3,928.8,123.7,123.8,0,1,,,,,,,,,,,,,,,0,0,0,,0,,,,,0,0,0,0,2,
lat_s2sys_256k@var_sys,scored,lat,lat_s2sys_256k_n3,lat_s2sys_256k,var_sys,n3,lat,default,lat,blocking,1,,262144,3000,700,primary,4,3,0,0,0,0,2.3,ok,ok,,,,3000,no error,-1,,,3000,no error,0,0,0,0,1,0,0,0,1,,,,,,,,none,none,-1.0,-1.0,1708,1691,39.46,40.99,39.57,49.57,1054,3000,1,1,,0,0,0,0,0,,,0,0,0,0,0,0,,,0,0,,,no error,no error,930.8,931.6,123.1,122.7,0,1,,,,,,,,,,,,,,,0,0,0,,0,,,,,0,0,0,0,3,
lat_s2sys_256k@var_sys,scored,lat,lat_s2sys_256k_n4,lat_s2sys_256k,var_sys,n4,lat,default,lat,blocking,1,,262144,3000,700,primary,4,3,0,0,0,0,2.3,ok,ok,,,,3000,no error,-1,,,3000,no error,0,0,0,0,1,0,0,0,1,,,,,,,,none,none,-1.0,-1.0,1707,1692,39.71,40.99,39.74,48.99,2042,3000,1,1,,0,0,0,0,0,,,0,0,0,0,0,0,,,0,0,,,no error,no error,924.4,927.2,123.3,123.1,0,1,,,,,,,,,,,,,,,0,0,0,,0,,,,,0,0,0,0,4,
lat_s2sys_256k@var_sys,scored,lat,lat_s2sys_256k_n5,lat_s2sys_256k,var_sys,n5,lat,default,lat,blocking,1,,262144,3000,700,primary,4,3,0,0,0,0,2.3,ok,ok,,,,3000,no error,-1,,,3000,no error,0,0,0,0,1,0,0,0,1,,,,,,,,none,none,-1.0,-1.0,1709,1696,39.71,40.99,39.85,49.18,596,3000,1,1,,0,0,0,0,0,,,0,0,0,0,0,0,,,0,0,,,no error,no error,929.4,931.1,123.7,123.8,0,1,,,,,,,,,,,,,,,0,0,0,,0,,,,,0,0,0,0,5,
lat_s2sys_4k@var_sys,scored,lat,lat_s2sys_4k_n1,lat_s2sys_4k,var_sys,n1,lat,default,lat,blocking,1,,4096,3000,700,primary,4,3,0,0,0,0,2.3,ok,ok,,,,3000,no error,-1,,,3000,no error,0,0,0,0,1,0,0,0,1,,,,,,,,none,none,-1.0,-1.0,1380,1367,12.32,13.44,12.40,18.46,2528,3000,1,1,,0,0,0,0,0,,,0,0,0,0,0,0,,,0,0,,,no error,no error,992.0,993.7,41.5,41.4,0,1,,,,,,,,,,,,,,,0,0,0,,0,,,,,0,0,0,0,1,
lat_s2sys_4k@var_sys,scored,lat,lat_s2sys_4k_n2,lat_s2sys_4k,var_sys,n2,lat,default,lat,blocking,1,,4096,3000,700,primary,4,3,0,0,0,0,2.3,ok,ok,,,,3000,no error,-1,,,3000,no error,0,0,0,0,1,0,0,0,1,,,,,,,,none,none,-1.0,-1.0,1380,1366,12.32,13.44,12.39,18.62,1481,3000,1,1,,0,0,0,0,0,,,0,0,0,0,0,0,,,0,0,,,no error,no error,1004.1,1006.2,41.5,41.5,0,1,,,,,,,,,,,,,,,0,0,0,,0,,,,,0,0,0,0,2,
lat_s2sys_4k@var_sys,scored,lat,lat_s2sys_4k_n3,lat_s2sys_4k,var_sys,n3,lat,default,lat,blocking,1,,4096,3000,700,primary,4,3,0,0,0,0,2.3,ok,ok,,,,3000,no error,-1,,,3000,no error,0,0,0,0,1,0,0,0,1,,,,,,,,none,none,-1.0,-1.0,1379,1366,12.32,13.57,12.44,19.23,2108,3000,1,1,,0,0,0,0,0,,,0,0,0,0,0,0,,,0,0,,,no error,no error,1002.3,1003.0,41.5,41.5,0,1,,,,,,,,,,,,,,,0,0,0,,0,,,,,0,0,0,0,3,
lat_s2sys_4k@var_sys,scored,lat,lat_s2sys_4k_n4,lat_s2sys_4k,var_sys,n4,lat,default,lat,blocking,1,,4096,3000,700,primary,4,3,0,0,0,0,2.3,ok,ok,,,,3000,no error,-1,,,3000,no error,0,0,0,0,1,0,0,0,1,,,,,,,,none,none,-1.0,-1.0,1380,1367,12.35,13.50,12.41,19.94,1672,3000,1,1,,0,0,0,0,0,,,0,0,0,0,0,0,,,0,0,,,no error,no error,999.9,1001.3,41.4,41.5,0,1,,,,,,,,,,,,,,,0,0,0,,0,,,,,0,0,0,0,4,
lat_s2sys_4k@var_sys,scored,lat,lat_s2sys_4k_n5,lat_s2sys_4k,var_sys,n5,lat,default,lat,blocking,1,,4096,3000,700,primary,4,3,0,0,0,0,2.3,ok,ok,,,,3000,no error,-1,,,3000,no error,0,0,0,0,1,0,0,0,1,,,,,,,,none,none,-1.0,-1.0,1379,1367,12.32,13.50,12.41,18.78,624,3000,1,1,,0,0,0,0,0,,,0,0,0,0,0,0,,,0,0,,,no error,no error,984.3,985.8,41.5,41.5,0,1,,,,,,,,,,,,,,,0,0,0,,0,,,,,0,0,0,0,5,
mute1_f1_b@s2r,scored,mute,mute1_f1_b_n1,mute1_f1_b,s2r,n1,mute,default,F1,blocking,1,,16384,300,3000,primary,4,3,0,0,0,0,6.3,ok,ok,,,,300,no error,-1,,,300,no error,0,0,0,300,1,0,0,0,1,,,,,,,,none,none,-1.0,-1.0,19275,19268,12.48,14.02,51.29,11617.15,200,300,1,1,,1,0,0,1,0,LOCAL_QP_ERR,,1,0,0,1,0,0,,,0,0,,,no error,no error,535.1,535.9,4516.1,4501.1,0,1,,2528584973.613,2988.843999862671,,,,LOCAL_QP_ERR,14.389999866485596,,25.695000171661377,,"[402/400/2,0/0/0,0/0/0,0/0/0]",,,1,1,1,2528582474.507,0,,,FIN,,0,0,0,0,1,
mute1_f1_b@s2r,scored,mute,mute1_f1_b_n2,mute1_f1_b,s2r,n2,mute,default,F1,blocking,1,,16384,300,3000,primary,4,3,0,0,0,0,6.3,ok,ok,,,,300,no error,-1,,,300,no error,0,0,0,300,1,0,0,0,1,,,,,,,,none,none,-1.0,-1.0,19267,19265,12.48,14.18,46.94,10314.66,200,300,1,1,,1,0,0,1,0,LOCAL_QP_ERR,,1,0,0,1,0,0,,,0,0,,,no error,no error,537.8,538.5,4514.7,4499.5,0,1,,2528592713.569,2988.348999977112,,,,LOCAL_QP_ERR,14.722000122070312,,24.879000186920166,,"[402/400/2,0/0/0,0/0/0,0/0/0]",,,1,1,1,2528590213.451,0,,,FIN,,0,0,0,0,2,
mute1_f1_b@s2r,scored,mute,mute1_f1_b_n3,mute1_f1_b,s2r,n3,mute,default,F1,blocking,1,,16384,300,3000,primary,4,3,0,0,0,0,6.3,ok,ok,,,,300,no error,-1,,,300,no error,0,0,0,300,1,0,0,0,1,,,,,,,,none,none,-1.0,-1.0,19273,19270,12.48,13.98,51.39,11645.82,200,300,1,1,,1,0,0,1,0,LOCAL_QP_ERR,,1,0,0,1,0,0,,,0,0,,,no error,no error,528.8,528.4,4516.2,4501.0,0,1,,2528600442.094,2988.8559999465942,,,,LOCAL_QP_ERR,14.342000007629395,,25.70900011062622,,"[402/400/2,0/0/0,0/0/0,0/0/0]",,,1,1,1,2528597941.976,0,,,FIN,,0,0,0,0,3,
mute1_f1_b@s2r,scored,mute,mute1_f1_b_n4,mute1_f1_b,s2r,n4,mute,default,F1,blocking,1,,16384,300,3000,primary,4,3,0,0,0,0,6.3,ok,ok,,,,300,no error,-1,,,300,no error,0,0,0,300,1,0,0,0,1,,,,,,,,none,none,-1.0,-1.0,19265,19271,12.48,13.82,51.95,11819.94,200,300,1,1,,1,0,0,1,0,LOCAL_QP_ERR,,1,0,0,1,0,0,,,0,0,,,no error,no error,525.2,524.7,4516.1,4501.3,0,1,,2528608198.076,2991.4180002212524,,,,LOCAL_QP_ERR,11.80299997329712,,23.31999969482422,,"[402/400/2,0/0/0,0/0/0,0/0/0]",,,1,1,1,2528605698.925,0,,,FIN,,0,0,0,0,4,
mute1_f1_b@s2r,scored,mute,mute1_f1_b_n5,mute1_f1_b,s2r,n5,mute,default,F1,blocking,1,,16384,300,3000,primary,4,3,0,0,0,0,6.3,ok,ok,,,,300,no error,-1,,,300,no error,0,0,0,300,1,0,0,0,1,,,,,,,,none,none,-1.0,-1.0,19274,19271,12.48,13.95,48.82,10875.74,200,300,1,1,,1,0,0,1,0,LOCAL_QP_ERR,,1,0,0,1,0,0,,,0,0,,,no error,no error,530.6,529.7,4515.7,4500.5,0,1,,2528615928.995,2988.227999687195,,,,LOCAL_QP_ERR,14.89900016784668,,25.56599998474121,,"[402/400/2,0/0/0,0/0/0,0/0/0]",,,1,1,1,2528613429.014,0,,,FIN,,0,0,0,0,5,
mute8_f1_b@s2r,scored,mute,mute8_f1_b_n1,mute8_f1_b,s2r,n1,mute,default,F1,blocking,1,,16384,1000,12000,primary,4,3,0,4,4,0,13.8,device_error,device_error,,,,798,remote process exited or there was a network error,798,,,798,timeout,0,202,202,1000,1,1,0,1,0,,,,,,,,remote process exited or there was a network error,none,11981.8,-1.0,49106,82025,12.67,13.25,12.73,20.48,0,798,1,1,,1,0,0,1,0,LOCAL_QP_ERR,,0,0,0,0,0,0,no helper socket to the peer,,0,0,,,no error,no error,573.4,863.9,11981.7,20159.3,0,0,,2528178770.506,11980.0,,,,LOCAL_QP_ERR,1.4619998931884766,,,,,,,1,1,1,2528167271.342,1,2528171856.019,ETIMEDOUT,ETIMEDOUT,2528178772.152,0,0,1,0,1,1.6459999084472656
mute8_f1_b@s2r,scored,mute,mute8_f1_b_n2,mute8_f1_b,s2r,n2,mute,default,F1,blocking,1,,16384,1000,12000,primary,4,3,0,4,4,0,13.8,device_error,device_error,,,,798,remote process exited or there was a network error,798,,,798,timeout,0,202,202,1000,1,1,0,1,0,,,,,,,,remote process exited or there was a network error,none,11982.9,-1.0,49109,82215,12.67,13.25,12.75,19.23,0,798,1,1,,1,0,0,1,0,LOCAL_QP_ERR,,0,0,0,0,0,0,no helper socket to the peer,,0,0,,,no error,no error,561.0,796.2,11982.8,20212.4,0,0,,2528202525.489,11979.53299999237,,,,LOCAL_QP_ERR,2.0440001487731934,,,,,,,1,1,1,2528191025.506,1,2528195600.014,ETIMEDOUT,ETIMEDOUT,2528202528.562,0,0,1,0,2,3.072999954223633
mute8_f1_b@s2r,scored,mute,mute8_f1_b_n3,mute8_f1_b,s2r,n3,mute,default,F1,blocking,1,,16384,1000,12000,primary,4,3,0,4,4,0,13.8,device_error,device_error,,,,798,remote process exited or there was a network error,798,,,798,timeout,0,202,202,1000,1,1,0,1,0,,,,,,,,remote process exited or there was a network error,none,11982.5,-1.0,49106,82239,12.70,13.54,12.78,20.29,0,798,1,1,,1,0,0,1,0,LOCAL_QP_ERR,,0,0,0,0,0,0,no helper socket to the peer,,0,0,,,no error,no error,560.8,791.1,11982.5,20224.7,0,0,,2528226276.276,11979.173999786377,,,,LOCAL_QP_ERR,2.3940000534057617,,,,,,,1,1,1,2528214776.213,1,2528219376.012,ETIMEDOUT,ETIMEDOUT,2528226279.286,0,0,1,0,3,3.0099997520446777
mute8_f1_b@s2r,scored,mute,mute8_f1_b_n4,mute8_f1_b,s2r,n4,mute,default,F1,blocking,1,,16384,1000,12000,primary,4,3,0,4,4,0,13.8,device_error,device_error,,,,798,remote process exited or there was a network error,798,,,798,timeout,0,202,202,1000,1,1,0,1,0,,,,,,,,remote process exited or there was a network error,none,11982.5,-1.0,49094,82373,12.64,13.25,12.72,20.22,0,798,1,1,,1,0,0,1,0,LOCAL_QP_ERR,,0,0,0,0,0,0,no helper socket to the peer,,0,0,,,no error,no error,566.6,764.1,11982.8,20255.9,0,0,,2528250020.867,11980.06800031662,,,,LOCAL_QP_ERR,1.5859999656677246,,,,,,,1,1,1,2528238520.802,1,2528243120.013,ETIMEDOUT,ETIMEDOUT,2528250023.225,0,0,1,0,4,2.357999801635742
mute8_f1_b@s2r,scored,mute,mute8_f1_b_n5,mute8_f1_b,s2r,n5,mute,default,F1,blocking,1,,16384,1000,12000,primary,4,3,0,4,4,0,13.8,device_error,device_error,,,,798,remote process exited or there was a network error,798,,,798,timeout,0,202,202,1000,1,1,0,1,0,,,,,,,,remote process exited or there was a network error,none,11982.0,-1.0,49100,82364,12.67,13.25,12.74,19.39,0,798,1,1,,1,0,0,1,0,LOCAL_QP_ERR,,0,0,0,0,0,0,no helper socket to the peer,,0,0,,,no error,no error,568.1,767.1,11982.1,20254.1,0,0,,2528273778.891,11979.577999591827,,,,LOCAL_QP_ERR,1.9770002365112305,,,,,,,1,1,1,2528262279.763,1,2528266864.013,ETIMEDOUT,ETIMEDOUT,2528273781.227,0,0,1,0,5,2.336000442504883
mute8_f1_b@s2r,scored,mute,mute8_f1_b_n6,mute8_f1_b,s2r,n6,mute,default,F1,blocking,1,,16384,1000,12000,primary,4,3,0,4,4,0,13.8,device_error,device_error,,,,798,remote process exited or there was a network error,798,,,798,timeout,0,202,202,1000,1,1,0,1,0,,,,,,,,remote process exited or there was a network error,none,11982.4,-1.0,49103,82366,12.67,13.60,12.78,20.16,0,798,1,1,,1,0,0,1,0,LOCAL_QP_ERR,,0,0,0,0,0,0,no helper socket to the peer,,0,0,,,no error,no error,566.0,764.5,11982.5,20255.4,0,0,,2528297581.866,11979.206000328064,,,,LOCAL_QP_ERR,2.425999641418457,,,,,,,1,1,1,2528286082.722,1,2528290672.013,ETIMEDOUT,ETIMEDOUT,2528297584.847,0,0,1,0,6,2.9809999465942383
mute8_f1_b@s2r,scored,mute,mute8_f1_b_n7,mute8_f1_b,s2r,n7,mute,default,F1,blocking,1,,16384,1000,12000,primary,4,3,0,4,4,0,13.8,device_error,device_error,,,,798,remote process exited or there was a network error,798,,,798,timeout,0,202,202,1000,1,1,0,1,0,,,,,,,,remote process exited or there was a network error,none,11982.8,-1.0,49094,82363,12.64,13.22,12.73,20.26,0,798,1,1,,1,0,0,1,0,LOCAL_QP_ERR,,0,0,0,0,0,0,no helper socket to the peer,,0,0,,,no error,no error,543.1,742.3,11983.1,20257.0,0,0,,2528321402.173,11979.415999889374,,,,LOCAL_QP_ERR,2.118000030517578,,,,,,,1,1,1,2528309903.094,1,2528314480.017,ETIMEDOUT,ETIMEDOUT,2528321405.458,0,0,1,0,7,3.2850003242492676
mute8_f1_b@s2r,scored,mute,mute8_f1_b_n8,mute8_f1_b,s2r,n8,mute,default,F1,blocking,1,,16384,1000,12000,primary,4,3,0,4,4,0,13.8,device_error,device_error,,,,798,remote process exited or there was a network error,798,,,798,timeout,0,202,202,1000,1,1,0,1,0,,,,,,,,remote process exited or there was a network error,none,11981.9,-1.0,49101,82383,12.67,13.54,12.74,20.48,0,798,1,1,,1,0,0,1,0,LOCAL_QP_ERR,,0,0,0,0,0,0,no helper socket to the peer,,0,0,,,no error,no error,566.0,759.9,11982.2,20257.6,0,0,,2528345140.371,11979.480000019073,,,,LOCAL_QP_ERR,2.0900001525878906,,,,,,,1,1,1,2528333641.194,1,2528338224.014,ETIMEDOUT,ETIMEDOUT,2528345142.744,0,0,1,0,8,2.373000144958496
mute8_f1_b@s2r,scored,mute,mute8_f1_b_n9,mute8_f1_b,s2r,n9,mute,default,F1,blocking,1,,16384,1000,12000,primary,4,3,0,4,4,0,13.8,device_error,device_error,,,,798,remote process exited or there was a network error,798,,,798,timeout,0,202,202,1000,1,1,0,1,0,,,,,,,,remote process exited or there was a network error,none,11982.8,-1.0,49105,82384,12.70,13.57,12.78,19.90,0,798,1,1,,1,0,0,1,0,LOCAL_QP_ERR,,0,0,0,0,0,0,no helper socket to the peer,,0,0,,,no error,no error,567.4,765.2,11982.8,20259.3,0,0,,2528368882.722,11979.447000026703,,,,LOCAL_QP_ERR,2.1459999084472656,,,,,,,1,1,1,2528357383.546,1,2528361968.018,ETIMEDOUT,ETIMEDOUT,2528368885.809,0,0,1,0,9,3.0869998931884766
mute8_f1_b@s2r,scored,mute,mute8_f1_b_n10,mute8_f1_b,s2r,n10,mute,default,F1,blocking,1,,16384,1000,12000,primary,4,3,0,4,4,0,13.8,device_error,device_error,,,,798,remote process exited or there was a network error,798,,,798,timeout,0,202,202,1000,1,1,0,1,0,,,,,,,,remote process exited or there was a network error,none,11982.9,-1.0,49080,82426,12.67,13.57,12.73,20.10,0,798,1,1,,1,0,0,1,0,LOCAL_QP_ERR,,0,0,0,0,0,0,no helper socket to the peer,,0,0,,,no error,no error,552.5,740.1,11983.1,20258.6,0,0,,2528392674.309,11980.418000221252,,,,LOCAL_QP_ERR,1.2249999046325684,,,,,,,1,1,1,2528381160.403,1,2528385744.014,ETIMEDOUT,ETIMEDOUT,2528392676.673,0,0,1,0,10,2.363999843597412
mute_f3_b@s2r,scored,mute,mute_f3_b_n1,mute_f3_b,s2r,n1,mute,default,F3,blocking,1,,16384,1000,6000,primary,4,3,0,4,4,0,11.8,device_error,device_error,,,,399,remote process exited or there was a network error,399,,,399,timeout,0,601,601,1000,1,1,0,1,0,,,,,,,,remote process exited or there was a network error,none,9702.5,-1.0,39986,58467,12.64,13.66,12.72,20.35,0,399,1,1,,0,1,0,1,0,RETRY_EXC,,0,0,0,0,0,0,RETRY_EXC and the peer's socket shows FIN/RST,,0,0,,,no error,no error,850.9,743.8,9702.4,14280.7,0,0,,2528410406.998,5980.151000022888,,,,RETRY_EXC,3720.6089997291565,,,,,,,1,1,1,2528404707.039,1,2528409488.023,ETIMEDOUT,ETIMEDOUT,2528414129.161,0,0,1,0,1,3722.1629996299744
mute_f3_b@s2r,scored,mute,mute_f3_b_n2,mute_f3_b,s2r,n2,mute,default,F3,blocking,1,,16384,1000,6000,primary,4,3,0,4,4,0,11.8,device_error,device_error,,,,399,remote process exited or there was a network error,399,,,399,timeout,0,601,601,1000,1,1,0,1,0,,,,,,,,remote process exited or there was a network error,none,9637.8,-1.0,39731,58470,12.70,13.60,12.78,19.90,0,399,1,1,,0,1,0,1,0,RETRY_EXC,,0,0,0,0,0,0,RETRY_EXC and the peer's socket shows FIN/RST,,0,0,,,no error,no error,896.4,725.8,9637.8,14278.5,0,0,,2528428189.5880003,5980.759000301361,,,,RETRY_EXC,3654.775999546051,,,,,,,1,1,1,2528422490.078,1,2528427280.026,ETIMEDOUT,ETIMEDOUT,2528431846.336,0,0,1,0,2,3656.7479996681213
mute_f3_b@s2r,scored,mute,mute_f3_b_n3,mute_f3_b,s2r,n3,mute,default,F3,blocking,1,,16384,1000,6000,primary,4,3,0,4,4,0,11.8,device_error,device_error,,,,399,remote process exited or there was a network error,399,,,399,timeout,0,601,601,1000,1,1,0,1,0,,,,,,,,remote process exited or there was a network error,none,9651.9,-1.0,39782,58493,12.64,13.70,12.72,20.38,0,399,1,1,,0,1,0,1,0,RETRY_EXC,,0,0,0,0,0,0,RETRY_EXC and the peer's socket shows FIN/RST,,0,0,,,no error,no error,887.1,724.4,9651.8,14279.5,0,0,,2528445890.7130003,5980.107000350952,,,,RETRY_EXC,3670.373999595642,,,,,,,1,1,1,2528440190.716,1,2528444976.019,ETIMEDOUT,ETIMEDOUT,2528449562.334,0,0,1,0,3,3671.62099981308
mute_f3_b@s2r,scored,mute,mute_f3_b_n4,mute_f3_b,s2r,n4,mute,default,F3,blocking,1,,16384,1000,6000,primary,4,3,0,4,4,0,11.8,device_error,device_error,,,,399,remote process exited or there was a network error,399,,,399,timeout,0,601,601,1000,1,1,0,1,0,,,,,,,,remote process exited or there was a network error,none,9576.0,-1.0,39479,58495,12.67,13.63,12.79,19.78,0,399,1,1,,0,1,0,1,0,RETRY_EXC,,0,0,0,0,0,0,RETRY_EXC and the peer's socket shows FIN/RST,,0,0,,,no error,no error,961.8,719.7,9576.2,14279.4,0,0,,2528463684.269,5980.214000225067,,,,RETRY_EXC,3593.6079998016357,,,,,,,1,1,1,2528457983.342,1,2528462768.015,ETIMEDOUT,ETIMEDOUT,2528467279.815,0,0,1,0,4,3595.5460000038147
mute_f3_b@s2r,scored,mute,mute_f3_b_n5,mute_f3_b,s2r,n5,mute,default,F3,blocking,1,,16384,1000,6000,primary,4,3,0,4,4,0,11.8,device_error,device_error,,,,399,remote process exited or there was a network error,399,,,399,timeout,0,601,601,1000,1,1,0,1,0,,,,,,,,remote process exited or there was a network error,none,9541.3,-1.0,39337,58448,12.64,13.63,12.71,20.42,0,399,1,1,,0,1,0,1,0,RETRY_EXC,,0,0,0,0,0,0,RETRY_EXC and the peer's socket shows FIN/RST,,0,0,,,no error,no error,1002.2,738.5,9541.4,14278.9,0,0,,2528481433.764,5978.766999721527,,,,RETRY_EXC,3560.906000137329,,,,,,,1,1,1,2528475733.449,1,2528480528.018,ETIMEDOUT,ETIMEDOUT,2528484996.011,0,0,1,0,5,3562.2470002174377
mute_f3_b@s2r,scored,mute,mute_f3_b_n6,mute_f3_b,s2r,n6,mute,default,F3,blocking,1,,16384,1000,6000,primary,4,3,0,4,4,0,11.8,device_error,device_error,,,,399,remote process exited or there was a network error,399,,,399,timeout,0,601,601,1000,1,1,0,1,0,,,,,,,,remote process exited or there was a network error,none,9753.4,-1.0,40080,58454,12.67,13.57,12.79,19.87,0,399,1,1,,0,1,0,1,0,RETRY_EXC,,0,0,0,0,0,0,RETRY_EXC and the peer's socket shows FIN/RST,,0,0,,,no error,no error,796.8,743.2,9753.4,14279.7,0,0,,2528499207.957,5980.25,,,,RETRY_EXC,3771.938000202179,,,,,,,1,1,1,2528493507.976,1,2528498288.017,ETIMEDOUT,ETIMEDOUT,2528502980.981,0,0,1,0,6,3773.0240001678467
mute_f3_b@s2r,scored,mute,mute_f3_b_n7,mute_f3_b,s2r,n7,mute,default,F3,blocking,1,,16384,1000,6000,primary,4,3,0,4,4,0,11.8,device_error,device_error,,,,399,remote process exited or there was a network error,399,,,399,timeout,0,601,601,1000,1,1,0,1,0,,,,,,,,remote process exited or there was a network error,none,9692.9,-1.0,39949,58458,12.64,13.66,12.71,20.26,0,399,1,1,,0,1,0,1,0,RETRY_EXC,,0,0,0,0,0,0,RETRY_EXC and the peer's socket shows FIN/RST,,0,0,,,no error,no error,844.6,730.4,9693.0,14277.0,0,0,,2528516984.946,5979.772000312805,,,,RETRY_EXC,3711.704999923706,,,,,,,1,1,1,2528511285.028,1,2528516080.014,ETIMEDOUT,ETIMEDOUT,2528520697.94,0,0,1,0,7,3712.9939999580383
mute_f3_b@s2r,scored,mute,mute_f3_b_n8,mute_f3_b,s2r,n8,mute,default,F3,blocking,1,,16384,1000,6000,primary,4,3,0,4,4,0,11.8,device_error,device_error,,,,399,remote process exited or there was a network error,399,,,399,timeout,0,601,601,1000,1,1,0,1,0,,,,,,,,remote process exited or there was a network error,none,9658.3,-1.0,39822,58479,12.67,13.57,12.79,20.48,0,399,1,1,,0,1,0,1,0,RETRY_EXC,,0,0,0,0,0,0,RETRY_EXC and the peer's socket shows FIN/RST,,0,0,,,no error,no error,884.6,728.6,9658.3,14279.2,0,0,,2528534735.0369997,5977.765999794006,,,,RETRY_EXC,3678.335000514984,,,,,,,1,1,1,2528529034.063,1,2528533808.015,ETIMEDOUT,ETIMEDOUT,2528538415.342,0,0,1,0,8,3680.305000305176
mute_f3_b@s2r,scored,mute,mute_f3_b_n9,mute_f3_b,s2r,n9,mute,default,F3,blocking,1,,16384,1000,6000,primary,4,3,0,4,4,0,11.8,device_error,device_error,,,,399,remote process exited or there was a network error,399,,,399,timeout,0,601,601,1000,1,1,0,1,0,,,,,,,,remote process exited or there was a network error,none,9614.0,-1.0,39575,58463,12.64,13.63,12.69,20.51,0,399,1,1,,0,1,0,1,0,RETRY_EXC,,0,0,0,0,0,0,RETRY_EXC and the peer's socket shows FIN/RST,,0,0,,,no error,no error,911.3,714.1,9614.0,14278.4,0,0,,2528552497.932,5980.054000377655,,,,RETRY_EXC,3632.2329998016357,,,,,,,1,1,1,2528546797.029,1,2528551600.019,ETIMEDOUT,ETIMEDOUT,2528556131.579,0,0,1,0,9,3633.646999835968
mute_f3_b@s2r,scored,mute,mute_f3_b_n10,mute_f3_b,s2r,n10,mute,default,F3,blocking,1,,16384,1000,6000,primary,4,3,0,4,4,0,11.8,device_error,device_error,,,,399,remote process exited or there was a network error,399,,,399,timeout,0,601,601,1000,1,1,0,1,0,,,,,,,,remote process exited or there was a network error,none,9597.1,-1.0,39568,58485,12.70,13.66,12.79,19.07,0,399,1,1,,0,1,0,1,0,RETRY_EXC,,0,0,0,0,0,0,RETRY_EXC and the peer's socket shows FIN/RST,,0,0,,,no error,no error,948.2,730.5,9597.3,14277.9,0,0,,2528570231.688,5980.233000278473,,,,RETRY_EXC,3615.284999847412,,,,,,,1,1,1,2528564531.757,1,2528569328.014,ETIMEDOUT,ETIMEDOUT,2528573848.431,0,0,1,0,10,3616.7430000305176
get_f1_b@s2rget,scored,nonmsg,get_f1_b_n1,get_f1_b,s2rget,n1,nonmsg,default,F1,blocking,1,,262144,120,637,primary,4,3,0,4,3,0,2.8,device_error,async_error_kernel_stuck,,,,33,remote process exited or there was a network error,33,,,,,,,,,,,,,,,,,,,,,remote process exited or there was a network error,remote process exited or there was a network error,600.9,602.3,3633,10862,57.57,67.17,58.83,67.17,0,33,1,1,,1,0,0,1,0,LOCAL_QP_ERR,,0,0,0,0,0,0,epoch posted a WQE the recovery cannot count or re-post (mask 0x6),the peer declined,0,0,,,no error,no error,877.5,878.9,600.9,2602.9,0,0,,2527121780.445,587.5199999809265,,,,LOCAL_QP_ERR,11.448999881744385,,,,,33,0,1,1,0,,0,,,FIN,2527121793.541,0,0,1,0,1,13.095999717712402
get_f1_b@s2rget,scored,nonmsg,get_f1_b_n2,get_f1_b,s2rget,n2,nonmsg,default,F1,blocking,1,,262144,120,774,primary,4,3,0,4,3,0,2.8,device_error,async_error_kernel_stuck,,,,41,remote process exited or there was a network error,41,,,,,,,,,,,,,,,,,,,,,remote process exited or there was a network error,remote process exited or there was a network error,743.3,744.8,4152,11446,57.47,67.20,58.26,67.20,0,41,1,1,,1,0,0,1,0,LOCAL_QP_ERR,,0,0,0,0,0,0,epoch posted a WQE the recovery cannot count or re-post (mask 0x6),the peer declined,0,0,,,no error,no error,760.3,761.7,743.3,2745.9,0,0,,2527128146.516,724.021999835968,,,,LOCAL_QP_ERR,18.20900011062622,,,,,41,0,1,1,0,,0,,,FIN,2527128165.754,0,0,1,0,2,19.23800039291382
get_f1_b@s2rget,scored,nonmsg,get_f1_b_n3,get_f1_b,s2rget,n3,nonmsg,default,F1,blocking,1,,262144,120,911,primary,4,3,0,4,3,0,2.8,device_error,async_error_kernel_stuck,,,,48,remote process exited or there was a network error,48,,,,,,,,,,,,,,,,,,,,,remote process exited or there was a network error,remote process exited or there was a network error,869.2,870.6,4710,11956,57.34,69.60,57.84,69.60,0,48,1,1,,1,0,0,1,0,LOCAL_QP_ERR,,0,0,0,0,0,0,epoch posted a WQE the recovery cannot count or re-post (mask 0x6),the peer declined,0,0,,,no error,no error,633.7,634.0,868.9,2871.7,0,0,,2527134556.869,860.478000164032,,,,LOCAL_QP_ERR,7.566999912261963,,,,,48,0,1,1,0,,0,,,FIN,2527134565.312,0,0,1,0,3,8.442999839782715
get_f1_b@s2rget,scored,nonmsg,get_f1_b_n4,get_f1_b,s2rget,n4,nonmsg,default,F1,blocking,1,,262144,120,1048,primary,4,3,0,4,3,0,3.3,device_error,async_error_kernel_stuck,,,,56,remote process exited or there was a network error,56,,,,,,,,,,,,,,,,,,,,,remote process exited or there was a network error,remote process exited or there was a network error,1012.8,1014.2,5287,12475,57.82,62.30,58.30,66.69,0,56,1,1,,1,0,0,1,0,LOCAL_QP_ERR,,0,0,0,0,0,0,epoch posted a WQE the recovery cannot count or re-post (mask 0x6),the peer declined,0,0,,,no error,no error,1005.2,1005.6,1012.7,3015.5,0,0,,2527140918.391,997.8239998817444,,,,LOCAL_QP_ERR,13.973000049591064,,,,,56,0,1,1,0,,0,,,FIN,2527140933.084,0,0,1,0,4,14.693000316619873
get_f1_b@s2rget,scored,nonmsg,get_f1_b_n5,get_f1_b,s2rget,n5,nonmsg,default,F1,blocking,1,,262144,120,1185,primary,4,3,0,4,3,0,3.3,device_error,async_error_kernel_stuck,,,,63,remote process exited or there was a network error,63,,,,,,,,,,,,,,,,,,,,,remote process exited or there was a network error,remote process exited or there was a network error,1138.5,1140.0,5840,13019,57.57,63.94,58.07,67.62,0,63,1,1,,1,0,0,1,0,LOCAL_QP_ERR,,0,0,0,0,0,0,epoch posted a WQE the recovery cannot count or re-post (mask 0x6),the peer declined,0,0,,,no error,no error,852.4,854.0,1138.8,3140.6,0,0,,2527147826.656,1121.8670001029968,,,,LOCAL_QP_ERR,15.07699966430664,,,,,63,0,1,1,0,,0,,,FIN,2527147843.216,0,0,1,0,5,16.55999994277954
get_f1_b@s2rget,scored,nonmsg,get_f1_b_n6,get_f1_b,s2rget,n6,nonmsg,default,F1,blocking,1,,262144,120,622,primary,4,3,0,4,3,0,2.8,device_error,async_error_kernel_stuck,,,,32,remote process exited or there was a network error,32,,,,,,,,,,,,,,,,,,,,,remote process exited or there was a network error,remote process exited or there was a network error,583.5,584.9,3600,10804,57.38,66.14,58.58,66.14,0,32,1,1,,1,0,0,1,0,LOCAL_QP_ERR,,0,0,0,0,0,0,epoch posted a WQE the recovery cannot count or re-post (mask 0x6),the peer declined,0,0,,,no error,no error,914.9,916.2,583.7,2586.0,0,0,,2527154019.457,563.8399996757507,,,,LOCAL_QP_ERR,18.34600019454956,,,,,32,0,1,1,0,,0,,,FIN,2527154038.95,0,0,1,0,6,19.493000030517578
get_f1_b@s2rget,scored,nonmsg,get_f1_b_n7,get_f1_b,s2rget,n7,nonmsg,default,F1,blocking,1,,262144,120,759,primary,4,3,0,4,3,0,2.8,device_error,async_error_kernel_stuck,,,,39,remote process exited or there was a network error,39,,,,,,,,,,,,,,,,,,,,,remote process exited or there was a network error,remote process exited or there was a network error,707.6,709.1,4133,11253,57.54,67.20,58.36,67.20,0,39,1,1,,1,0,0,1,0,LOCAL_QP_ERR,,0,0,0,0,0,0,epoch posted a WQE the recovery cannot count or re-post (mask 0x6),the peer declined,0,0,,,no error,no error,776.2,777.8,707.9,2709.9,0,0,,2527160422.678,692.2090001106262,,,,LOCAL_QP_ERR,14.045000076293945,,,,,39,0,1,1,0,,0,,,FIN,2527160437.875,0,0,1,0,7,15.19700002670288
get_f1_b@s2rget,scored,nonmsg,get_f1_b_n8,get_f1_b,s2rget,n8,nonmsg,default,F1,blocking,1,,262144,120,896,primary,4,3,0,4,3,0,2.8,device_error,async_error_kernel_stuck,,,,47,remote process exited or there was a network error,47,,,,,,,,,,,,,,,,,,,,,remote process exited or there was a network error,remote process exited or there was a network error,850.8,852.2,4689,11826,57.38,66.24,57.92,66.24,0,47,1,1,,1,0,0,1,0,LOCAL_QP_ERR,,0,0,0,0,0,0,epoch posted a WQE the recovery cannot count or re-post (mask 0x6),the peer declined,0,0,,,no error,no error,644.1,645.8,850.9,2853.0,0,0,,2527166812.265,832.1970000267029,,,,LOCAL_QP_ERR,17.10599994659424,,,,,47,0,1,1,0,,0,,,FIN,2527166830.694,0,0,1,0,8,18.42899990081787
get_f1_b@s2rget,scored,nonmsg,get_f1_b_n9,get_f1_b,s2rget,n9,nonmsg,default,F1,blocking,1,,262144,120,1033,primary,4,3,0,4,3,0,2.8,device_error,async_error_kernel_stuck,,,,55,remote process exited or there was a network error,55,,,,,,,,,,,,,,,,,,,,,remote process exited or there was a network error,remote process exited or there was a network error,998.8,1000.3,5173,12478,57.63,64.35,58.05,66.46,0,55,1,1,,1,0,0,1,0,LOCAL_QP_ERR,,0,0,0,0,0,0,epoch posted a WQE the recovery cannot count or re-post (mask 0x6),the peer declined,0,0,,,no error,no error,512.8,514.1,998.5,3000.5,0,0,,2527173254.754,983.1740002632141,,,,LOCAL_QP_ERR,13.89799976348877,,,,,55,0,1,1,0,,0,,,FIN,2527173270.053,0,0,1,0,9,15.298999786376953
get_f1_b@s2rget,scored,nonmsg,get_f1_b_n10,get_f1_b,s2rget,n10,nonmsg,default,F1,blocking,1,,262144,120,1170,primary,4,3,0,4,3,0,3.3,device_error,async_error_kernel_stuck,,,,63,remote process exited or there was a network error,63,,,,,,,,,,,,,,,,,,,,,remote process exited or there was a network error,remote process exited or there was a network error,1139.7,1141.2,5787,13025,57.34,65.06,57.89,67.90,0,63,1,1,,1,0,0,1,0,LOCAL_QP_ERR,,0,0,0,0,0,0,epoch posted a WQE the recovery cannot count or re-post (mask 0x6),the peer declined,0,0,,,no error,no error,860.8,861.7,1140.1,3141.7,0,0,,2527179684.437,1120.5729999542236,,,,LOCAL_QP_ERR,18.08900022506714,,,,,63,0,1,1,0,,0,,,FIN,2527179703.496,0,0,1,0,10,19.05900001525879
get_none_b@s2rget,scored,nonmsg,get_none_b_n1,get_none_b,s2rget,n1,nonmsg,default,none,blocking,1,,262144,120,700,primary,4,3,0,0,0,0,4.3,ok,ok,,,,120,no error,-1,,,120,no error,0,0,0,120,1,0,0,0,1,,,,,,,,none,none,-1.0,-1.0,9909,10160,57.15,66.14,57.62,67.94,0,120,1,1,,0,0,0,0,0,,,0,0,0,0,0,0,,,0,0,,,no error,no error,821.4,746.4,2163.9,2145.9,0,1,,,,,,,,,,,,,120,0,1,1,0,,0,,,FIN,,0,0,0,0,1,
get_none_b@s2rget,scored,nonmsg,get_none_b_n2,get_none_b,s2rget,n2,nonmsg,default,none,blocking,1,,262144,120,700,primary,4,3,0,0,0,0,4.3,ok,ok,,,,120,no error,-1,,,120,no error,0,0,0,120,1,0,0,0,1,,,,,,,,none,none,-1.0,-1.0,9891,10023,57.15,62.30,57.36,66.94,0,120,1,1,,0,0,0,0,0,,,0,0,0,0,0,0,,,0,0,,,no error,no error,845.0,802.4,2160.5,2142.2,0,1,,,,,,,,,,,,,120,0,1,1,0,,0,,,FIN,,0,0,0,0,2,
get_none_b@s2rget,scored,nonmsg,get_none_b_n3,get_none_b,s2rget,n3,nonmsg,default,none,blocking,1,,262144,120,700,primary,4,3,0,0,0,0,4.3,ok,ok,,,,120,no error,-1,,,120,no error,0,0,0,120,1,0,0,0,1,,,,,,,,none,none,-1.0,-1.0,9973,10022,57.34,64.38,57.62,67.14,0,120,1,1,,0,0,0,0,0,,,0,0,0,0,0,0,,,0,0,,,no error,no error,834.3,791.8,2162.2,2144.2,0,1,,,,,,,,,,,,,120,0,1,1,0,,0,,,FIN,,0,0,0,0,3,
get_none_b@s2rget,scored,nonmsg,get_none_b_n4,get_none_b,s2rget,n4,nonmsg,default,none,blocking,1,,262144,120,700,primary,4,3,0,0,0,0,4.3,ok,ok,,,,120,no error,-1,,,120,no error,0,0,0,120,1,0,0,0,1,,,,,,,,none,none,-1.0,-1.0,9925,10041,57.41,64.38,57.66,66.62,0,120,1,1,,0,0,0,0,0,,,0,0,0,0,0,0,,,0,0,,,no error,no error,836.6,791.2,2164.5,2146.5,0,1,,,,,,,,,,,,,120,0,1,1,0,,0,,,FIN,,0,0,0,0,4,
get_none_b@s2rget,scored,nonmsg,get_none_b_n5,get_none_b,s2rget,n5,nonmsg,default,none,blocking,1,,262144,120,700,primary,4,3,0,0,0,0,4.3,ok,ok,,,,120,no error,-1,,,120,no error,0,0,0,120,1,0,0,0,1,,,,,,,,none,none,-1.0,-1.0,9897,10090,57.22,64.42,57.46,67.62,0,120,1,1,,0,0,0,0,0,,,0,0,0,0,0,0,,,0,0,,,no error,no error,834.8,775.1,2161.3,2143.2,0,1,,,,,,,,,,,,,120,0,1,1,0,,0,,,FIN,,0,0,0,0,5,
mt1024_norescue_b@s2r,scored,nonmsg,mt1024_norescue_b_n1,mt1024_norescue_b,s2r,n1,nonmsg,burst,F1,blocking,1,,256,100,20000,primary,4,3,0,4,3,0,2.3,device_error,async_error_kernel_stuck,1024,1,0,32,remote process exited or there was a network error,32,1024,21443.3,,,,,,,,,,,,,,,,,,,remote process exited or there was a network error,remote process exited or there was a network error,95.0,96.4,1587,8854,2385.95,2713.60,2305.97,2713.60,0,32,1,1,,1,0,0,1,0,LOCAL_QP_ERR,,0,0,0,0,0,0,executed count out of range,peer FAIL before DONE,0,0,,,no error,no error,931.6,932.7,95.1,2097.2,0,0,,2527214145.688,75.9370002746582,,,,LOCAL_QP_ERR,0.619999885559082,,,,,,,1,1,0,,0,,,FIN,2527214164.602,0,0,1,0,1,18.914000034332275
mt1024_norescue_b@s2r,scored,nonmsg,mt1024_norescue_b_n2,mt1024_norescue_b,s2r,n2,nonmsg,burst,F1,blocking,1,,256,100,20000,primary,4,3,0,4,3,0,2.3,device_error,async_error_kernel_stuck,1024,1,0,45,remote process exited or there was a network error,45,1024,21682.2,,,,,,,,,,,,,,,,,,,remote process exited or there was a network error,remote process exited or there was a network error,136.6,137.7,1742,9009,2623.68,2952.74,2562.55,2952.74,35,45,1,1,,1,0,0,1,0,LOCAL_QP_ERR,,0,0,0,0,0,0,executed count out of range,peer FAIL before DONE,0,0,,,no error,no error,885.1,887.4,136.6,2138.1,0,0,,2527219969.377,117.41899967193604,,,,LOCAL_QP_ERR,0.9330000877380371,,,,,,,1,1,0,,0,,,FIN,2527219988.326,0,0,1,0,2,18.949000358581543
mt1024_norescue_b@s2r,scored,nonmsg,mt1024_norescue_b_n3,mt1024_norescue_b,s2r,n3,nonmsg,burst,F1,blocking,1,,256,100,20000,primary,4,3,0,4,3,0,2.3,device_error,async_error_kernel_stuck,1024,1,0,58,remote process exited or there was a network error,58,1024,21666.7,,,,,,,,,,,,,,,,,,,remote process exited or there was a network error,remote process exited or there was a network error,174.8,175.9,1901,9105,2701.12,3047.42,2632.67,3084.19,56,58,1,1,,1,0,0,1,0,LOCAL_QP_ERR,,0,0,0,0,0,0,executed count out of range,peer FAIL before DONE,0,0,,,no error,no error,844.9,847.5,175.1,2176.6,0,0,,2527225818.375,155.8730001449585,,,,LOCAL_QP_ERR,0.945000171661377,,,,,,,1,1,0,,0,,,FIN,2527225837.126,0,0,1,0,3,18.750999927520752
mt1024_norescue_b@s2r,scored,nonmsg,mt1024_norescue_b_n4,mt1024_norescue_b,s2r,n4,nonmsg,burst,F1,blocking,1,,256,100,20000,primary,4,3,0,4,3,0,2.3,device_error,async_error_kernel_stuck,1024,1,0,71,remote process exited or there was a network error,71,1024,22330.6,,,,,,,,,,,,,,,,,,,remote process exited or there was a network error,remote process exited or there was a network error,233.4,234.8,2146,9349,3018.37,3441.95,2980.28,3506.18,69,71,1,1,,1,0,0,1,0,LOCAL_QP_ERR,,0,0,0,0,0,0,executed count out of range,peer FAIL before DONE,0,0,,,no error,no error,788.2,790.0,233.3,2235.4,0,0,,2527231680.881,214.20800018310547,,,,LOCAL_QP_ERR,0.9239997863769531,,,,,,,1,1,0,,0,,,FIN,2527231699.9,0,0,1,0,4,19.01900005340576
mt1024_norescue_b@s2r,scored,nonmsg,mt1024_norescue_b_n5,mt1024_norescue_b,s2r,n5,nonmsg,burst,F1,blocking,1,,256,100,20000,primary,4,3,0,4,3,0,2.3,device_error,async_error_kernel_stuck,1024,1,0,83,remote process exited or there was a network error,84,1024,22808.5,,,,,,,,,,,,,,,,,,,remote process exited or there was a network error,remote process exited or there was a network error,259.5,260.8,2250,9519,2846.30,3266.46,2815.91,3270.62,43,84,1,1,,1,0,0,1,0,LOCAL_QP_ERR,,0,0,0,0,0,0,executed count out of range,peer FAIL before DONE,0,0,,,no error,no error,768.4,768.5,259.5,2261.8,0,0,,2527237452.754,239.2530002593994,,,,LOCAL_QP_ERR,0.619999885559082,,,,,,,1,1,0,,0,,,FIN,2527237472.808,0,0,1,0,5,20.05399990081787
f2rel_b@s2r,scored,rel,f2rel_b_n1,f2rel_b,s2r,n1,rel,default,F2,blocking,1,,262144,120,700,primary,4,3,0,4,3,0,2.3,device_error,async_error_kernel_stuck,,,,10,remote process exited or there was a network error,10,,,,,,,,,,,,,,,,,,,,,remote process exited or there was a network error,remote process exited or there was a network error,157.6,158.8,1810,9122,47.36,57.54,48.36,57.54,0,10,1,1,,0,0,0,1,0,REM_ACCESS,,0,0,0,0,0,0,class REM_ACCESS is not recoverable,the peer declined,0,0,,,no error,no error,866.8,869.2,158.0,2159.4,0,0,,,,,,,REM_ACCESS,,,,,,,,1,1,0,,0,,,FIN,2524952779.108,0,0,1,0,1,
f2rel_b@s2r,scored,rel,f2rel_b_n2,f2rel_b,s2r,n2,rel,default,F2,blocking,1,,262144,120,700,primary,4,3,0,4,3,0,2.3,device_error,async_error_kernel_stuck,,,,10,remote process exited or there was a network error,10,,,,,,,,,,,,,,,,,,,,,remote process exited or there was a network error,remote process exited or there was a network error,155.2,156.3,1800,9115,47.01,53.25,47.25,53.25,0,10,1,1,,0,0,0,1,0,REM_ACCESS,,0,0,0,0,0,0,class REM_ACCESS is not recoverable,the peer declined,0,0,,,no error,no error,870.9,871.3,155.3,2157.4,0,0,,,,,,,REM_ACCESS,,,,,,,,1,1,0,,0,,,FIN,2524958575.576,0,0,1,0,2,
f2rel_b@s2r,scored,rel,f2rel_b_n3,f2rel_b,s2r,n3,rel,default,F2,blocking,1,,262144,120,700,primary,4,3,0,4,3,0,2.3,device_error,async_error_kernel_stuck,,,,10,remote process exited or there was a network error,10,,,,,,,,,,,,,,,,,,,,,remote process exited or there was a network error,remote process exited or there was a network error,155.0,156.4,1799,9102,45.98,53.25,46.25,53.25,0,10,1,1,,0,0,0,1,0,REM_ACCESS,,0,0,0,0,0,0,class REM_ACCESS is not recoverable,the peer declined,0,0,,,no error,no error,864.3,864.9,155.1,2157.6,0,0,,,,,,,REM_ACCESS,,,,,,,,1,1,0,,0,,,FIN,2524964341.681,0,0,1,0,3,
f2rel_b@s2r,scored,rel,f2rel_b_n4,f2rel_b,s2r,n4,rel,default,F2,blocking,1,,262144,120,700,primary,4,3,0,4,3,0,2.3,device_error,async_error_kernel_stuck,,,,10,remote process exited or there was a network error,10,,,,,,,,,,,,,,,,,,,,,remote process exited or there was a network error,remote process exited or there was a network error,154.6,155.9,1800,9107,47.01,53.25,47.15,53.25,0,10,1,1,,0,0,0,1,0,REM_ACCESS,,0,0,0,0,0,0,class REM_ACCESS is not recoverable,the peer declined,0,0,,,no error,no error,866.1,864.7,154.6,2157.0,0,0,,,,,,,REM_ACCESS,,,,,,,,1,1,0,,0,,,FIN,2524970096.472,0,0,1,0,4,
f2rel_b@s2r,scored,rel,f2rel_b_n5,f2rel_b,s2r,n5,rel,default,F2,blocking,1,,262144,120,700,primary,4,3,0,4,3,0,2.3,device_error,async_error_kernel_stuck,,,,10,remote process exited or there was a network error,10,,,,,,,,,,,,,,,,,,,,,remote process exited or there was a network error,remote process exited or there was a network error,154.9,156.3,1745,9079,45.95,53.25,46.90,53.25,0,10,1,1,,0,0,0,1,0,REM_ACCESS,,0,0,0,0,0,0,class REM_ACCESS is not recoverable,the peer declined,0,0,,,no error,no error,867.0,867.8,155.1,2157.4,0,0,,,,,,,REM_ACCESS,,,,,,,,1,1,0,,0,,,FIN,2524975859.439,0,0,1,0,5,
f2rel_b@s2r,scored,rel,f2rel_b_n6,f2rel_b,s2r,n6,rel,default,F2,blocking,1,,262144,120,700,primary,4,3,0,4,3,0,2.3,device_error,async_error_kernel_stuck,,,,10,remote process exited or there was a network error,10,,,,,,,,,,,,,,,,,,,,,remote process exited or there was a network error,remote process exited or there was a network error,155.0,156.3,1802,9151,45.98,52.22,47.04,52.22,0,10,1,1,,0,0,0,1,0,REM_ACCESS,,0,0,0,0,0,0,class REM_ACCESS is not recoverable,the peer declined,0,0,,,no error,no error,867.3,868.2,155.2,2157.1,0,0,,,,,,,REM_ACCESS,,,,,,,,1,1,0,,0,,,FIN,2524981614.695,0,0,1,0,6,
f2rel_b@s2r,scored,rel,f2rel_b_n7,f2rel_b,s2r,n7,rel,default,F2,blocking,1,,262144,120,700,primary,4,3,0,4,3,0,2.3,device_error,async_error_kernel_stuck,,,,10,remote process exited or there was a network error,10,,,,,,,,,,,,,,,,,,,,,remote process exited or there was a network error,remote process exited or there was a network error,154.4,155.6,1797,9112,46.69,53.28,47.20,53.28,0,10,1,1,,0,0,0,1,0,REM_ACCESS,,0,0,0,0,0,0,class REM_ACCESS is not recoverable,the peer declined,0,0,,,no error,no error,860.5,862.3,154.6,2155.9,0,0,,,,,,,REM_ACCESS,,,,,,,,1,1,0,,0,,,FIN,2524987377.548,0,0,1,0,7,
f2rel_b@s2r,scored,rel,f2rel_b_n8,f2rel_b,s2r,n8,rel,default,F2,blocking,1,,262144,120,700,primary,4,3,0,4,3,0,2.3,device_error,async_error_kernel_stuck,,,,10,remote process exited or there was a network error,10,,,,,,,,,,,,,,,,,,,,,remote process exited or there was a network error,remote process exited or there was a network error,155.0,156.3,1799,9126,47.01,53.22,47.28,53.22,0,10,1,1,,0,0,0,1,0,REM_ACCESS,,0,0,0,0,0,0,class REM_ACCESS is not recoverable,the peer declined,0,0,,,no error,no error,867.1,868.1,155.2,2157.6,0,0,,,,,,,REM_ACCESS,,,,,,,,1,1,0,,0,,,FIN,2524993152.011,0,0,1,0,8,
f2rel_b@s2r,scored,rel,f2rel_b_n9,f2rel_b,s2r,n9,rel,default,F2,blocking,1,,262144,120,700,primary,4,3,0,4,3,0,2.3,device_error,async_error_kernel_stuck,,,,10,remote process exited or there was a network error,10,,,,,,,,,,,,,,,,,,,,,remote process exited or there was a network error,remote process exited or there was a network error,154.9,156.2,1798,9098,47.04,53.22,47.24,53.22,0,10,1,1,,0,0,0,1,0,REM_ACCESS,,0,0,0,0,0,0,class REM_ACCESS is not recoverable,the peer declined,0,0,,,no error,no error,875.3,876.1,154.8,2157.3,0,0,,,,,,,REM_ACCESS,,,,,,,,1,1,0,,0,,,FIN,2524998923.536,0,0,1,0,9,
f2rel_b@s2r,scored,rel,f2rel_b_n10,f2rel_b,s2r,n10,rel,default,F2,blocking,1,,262144,120,700,primary,4,3,0,4,3,0,2.3,device_error,async_error_kernel_stuck,,,,10,remote process exited or there was a network error,10,,,,,,,,,,,,,,,,,,,,,remote process exited or there was a network error,remote process exited or there was a network error,154.8,156.1,1795,9100,45.98,51.84,46.33,51.84,0,10,1,1,,0,0,0,1,0,REM_ACCESS,,0,0,0,0,0,0,class REM_ACCESS is not recoverable,the peer declined,0,0,,,no error,no error,872.0,871.9,154.6,2157.5,0,0,,,,,,,REM_ACCESS,,,,,,,,1,1,0,,0,,,FIN,2525004691.134,0,0,1,0,10,
f2rel_off_b@s2r,scored,rel,f2rel_off_b_n1,f2rel_off_b,s2r,n1,rel,default,F2,blocking,1,,262144,120,700,primary,4,3,0,4,3,0,2.3,device_error,async_error_kernel_stuck,,,,10,remote process exited or there was a network error,10,,,,,,,,,,,,,,,,,,,,,remote process exited or there was a network error,remote process exited or there was a network error,154.9,156.2,1799,9085,47.20,52.86,47.32,52.86,0,10,1,1,,0,0,0,1,0,REM_ACCESS,,0,0,0,0,0,0,class REM_ACCESS is not recoverable,the peer declined,0,0,,,no error,no error,865.4,14274.7,155.2,2156.8,0,0,,,,,,,REM_ACCESS,,,,,,,,0,0,0,,0,,,FIN,2525068236.426,0,0,1,0,1,
f2rel_off_b@s2r,scored,rel,f2rel_off_b_n2,f2rel_off_b,s2r,n2,rel,default,F2,blocking,1,,262144,120,700,primary,4,3,0,4,3,0,2.3,device_error,async_error_kernel_stuck,,,,10,remote process exited or there was a network error,10,,,,,,,,,,,,,,,,,,,,,remote process exited or there was a network error,remote process exited or there was a network error,155.0,156.1,1798,9145,47.07,60.45,48.07,60.45,0,10,1,1,,0,0,0,1,0,REM_ACCESS,,0,0,0,0,0,0,class REM_ACCESS is not recoverable,the peer declined,0,0,,,no error,no error,855.2,14323.4,155.2,2156.7,0,0,,,,,,,REM_ACCESS,,,,,,,,0,0,0,,0,,,FIN,2525087430.148,0,0,1,0,2,
f2rel_off_b@s2r,scored,rel,f2rel_off_b_n3,f2rel_off_b,s2r,n3,rel,default,F2,blocking,1,,262144,120,700,primary,4,3,0,4,3,0,2.3,device_error,async_error_kernel_stuck,,,,10,remote process exited or there was a network error,10,,,,,,,,,,,,,,,,,,,,,remote process exited or there was a network error,remote process exited or there was a network error,154.9,156.2,1802,9050,45.98,53.25,46.66,53.25,0,10,1,1,,0,0,0,1,0,REM_ACCESS,,0,0,0,0,0,0,class REM_ACCESS is not recoverable,the peer declined,0,0,,,no error,no error,866.5,14318.2,155.3,2157.0,0,0,,,,,,,REM_ACCESS,,,,,,,,0,0,0,,0,,,FIN,2525106686.98,0,0,1,0,3,
f2rel_off_b@s2r,scored,rel,f2rel_off_b_n4,f2rel_off_b,s2r,n4,rel,default,F2,blocking,1,,262144,120,700,primary,4,3,0,4,3,0,2.3,device_error,async_error_kernel_stuck,,,,10,remote process exited or there was a network error,10,,,,,,,,,,,,,,,,,,,,,remote process exited or there was a network error,remote process exited or there was a network error,154.4,155.7,1743,9058,47.01,53.28,47.13,53.28,0,10,1,1,,0,0,0,1,0,REM_ACCESS,,0,0,0,0,0,0,class REM_ACCESS is not recoverable,the peer declined,0,0,,,no error,no error,866.0,14334.6,154.6,2156.3,0,0,,,,,,,REM_ACCESS,,,,,,,,0,0,0,,0,,,FIN,2525125915.169,0,0,1,0,4,
f2rel_off_b@s2r,scored,rel,f2rel_off_b_n5,f2rel_off_b,s2r,n5,rel,default,F2,blocking,1,,262144,120,700,primary,4,3,0,4,3,0,2.3,device_error,async_error_kernel_stuck,,,,10,remote process exited or there was a network error,10,,,,,,,,,,,,,,,,,,,,,remote process exited or there was a network error,remote process exited or there was a network error,154.9,156.2,1799,9099,47.01,51.84,47.00,51.84,0,10,1,1,,0,0,0,1,0,REM_ACCESS,,0,0,0,0,0,0,class REM_ACCESS is not recoverable,the peer declined,0,0,,,no error,no error,876.2,14339.1,155.1,2157.2,0,0,,,,,,,REM_ACCESS,,,,,,,,0,0,0,,0,,,FIN,2525145145.92,0,0,1,0,5,
off_f1_b@s2r,scored,rel,off_f1_b_n1,off_f1_b,s2r,n1,rel,default,F1,blocking,0,,262144,120,637,primary,4,3,0,4,4,0,2.8,device_error,device_error,,,,40,remote process exited or there was a network error,40,,,40,timeout,0,80,80,120,1,1,0,1,0,,,,,,,,remote process exited or there was a network error,none,602.4,-1.0,3590,103333,43.94,53.18,44.50,53.18,0,40,0,0,,1,0,0,1,0,LOCAL_QP_ERR,,0,0,0,0,0,0,,,0,0,,,no error,no error,903.1,1005.7,602.7,25479.2,0,0,,2525164817.429,599.9779996871948,,,,LOCAL_QP_ERR,2.249000072479248,,,,,,,0,0,0,,0,,,,,0,0,0,0,1,
off_f1_b@s2r,scored,rel,off_f1_b_n2,off_f1_b,s2r,n2,rel,default,F1,blocking,0,,262144,120,774,primary,4,3,0,4,4,0,2.8,device_error,device_error,,,,49,remote process exited or there was a network error,49,,,49,timeout,0,71,71,120,1,1,0,1,0,,,,,,,,remote process exited or there was a network error,none,737.7,-1.0,4127,103900,43.90,51.65,44.52,51.65,0,49,0,0,,1,0,0,1,0,LOCAL_QP_ERR,,0,0,0,0,0,0,,,0,0,,,no error,no error,789.3,878.1,737.6,25621.7,0,0,,2525194233.023,736.6149997711182,,,,LOCAL_QP_ERR,0.9270000457763672,,,,,,,0,0,0,,0,,,,,0,0,0,0,2,
off_f1_b@s2r,scored,rel,off_f1_b_n3,off_f1_b,s2r,n3,rel,default,F1,blocking,0,,262144,120,911,primary,4,3,0,4,4,0,2.8,device_error,device_error,,,,59,remote process exited or there was a network error,59,,,59,timeout,0,61,61,120,1,1,0,1,0,,,,,,,,remote process exited or there was a network error,none,888.3,-1.0,4733,104535,43.81,46.24,44.16,53.25,0,59,0,0,,1,0,0,1,0,LOCAL_QP_ERR,,0,0,0,0,0,0,,,0,0,,,no error,no error,634.0,718.7,888.6,25766.5,0,0,,2525223627.968,874.4479999542236,,,,LOCAL_QP_ERR,13.691999912261963,,,,,,,0,0,0,,0,,,,,0,0,0,0,3,
off_f1_b@s2r,scored,rel,off_f1_b_n4,off_f1_b,s2r,n4,rel,default,F1,blocking,0,,262144,120,1048,primary,4,3,0,4,4,0,3.3,device_error,device_error,,,,68,remote process exited or there was a network error,68,,,68,timeout,0,52,52,120,1,1,0,1,0,,,,,,,,remote process exited or there was a network error,none,1023.7,-1.0,5273,105016,43.74,53.25,44.42,53.38,4,68,0,0,,1,0,0,1,0,LOCAL_QP_ERR,,0,0,0,0,0,0,,,0,0,,,no error,no error,1004.8,604.1,1023.5,25896.9,0,0,,2525253045.234,1011.3400001525879,,,,LOCAL_QP_ERR,12.210999965667725,,,,,,,0,0,0,,0,,,,,0,0,0,0,4,
off_f1_b@s2r,scored,rel,off_f1_b_n5,off_f1_b,s2r,n5,rel,default,F1,blocking,0,,262144,120,1185,primary,4,3,0,4,4,0,3.3,device_error,device_error,,,,77,remote process exited or there was a network error,77,,,77,timeout,0,43,43,120,1,1,0,1,0,,,,,,,,remote process exited or there was a network error,none,1158.9,-1.0,5813,105577,43.74,47.55,44.38,55.26,0,77,0,0,,1,0,0,1,0,LOCAL_QP_ERR,,0,0,0,0,0,0,,,0,0,,,no error,no error,862.7,948.0,1158.9,26030.1,0,0,,2525282488.219,1149.8610000610352,,,,LOCAL_QP_ERR,9.009000301361084,,,,,,,0,0,0,,0,,,,,0,0,0,0,5,
ringf2rel_b@s2r,scored,rel,ringf2rel_b_n1,ringf2rel_b,s2r,n1,rel,burst,F2,blocking,1,,1024,200,700,primary,4,3,0,4,3,0,2.3,device_error,async_error_kernel_stuck,1,128,1,10,remote process exited or there was a network error,10,1,9760.8,,,,,,,,,,,,,,,,,,,remote process exited or there was a network error,remote process exited or there was a network error,220.8,221.8,2102,9284,6420.99,6548.19,6094.49,6548.19,1,10,1,1,,0,0,0,1,0,REM_ACCESS,,0,0,0,0,0,0,class REM_ACCESS is not recoverable,the peer declined,0,0,,,no error,no error,799.1,800.2,220.8,2222.8,0,0,,,,,,,REM_ACCESS,,,,,,,,1,1,0,,0,,,FIN,2525010542.397,0,0,1,0,1,
ringf2rel_b@s2r,scored,rel,ringf2rel_b_n2,ringf2rel_b,s2r,n2,rel,burst,F2,blocking,1,,1024,200,700,primary,4,3,0,4,3,0,2.3,device_error,async_error_kernel_stuck,1,128,1,10,remote process exited or there was a network error,10,1,9795.5,,,,,,,,,,,,,,,,,,,remote process exited or there was a network error,remote process exited or there was a network error,222.9,224.0,2108,9291,6425.15,6551.97,6295.90,6551.97,3,10,1,1,,0,0,0,1,0,REM_ACCESS,,0,0,0,0,0,0,class REM_ACCESS is not recoverable,the peer declined,0,0,,,no error,no error,797.1,798.5,223.0,2224.9,0,0,,,,,,,REM_ACCESS,,,,,,,,1,1,0,,0,,,FIN,2525016322.352,0,0,1,0,2,
ringf2rel_b@s2r,scored,rel,ringf2rel_b_n3,ringf2rel_b,s2r,n3,rel,burst,F2,blocking,1,,1024,200,700,primary,4,3,0,4,3,0,2.3,device_error,async_error_kernel_stuck,1,128,1,10,remote process exited or there was a network error,10,1,10775.4,,,,,,,,,,,,,,,,,,,remote process exited or there was a network error,remote process exited or there was a network error,225.8,226.9,2120,9342,6548.32,6551.68,6496.75,6551.68,1,10,1,1,,0,0,0,1,0,REM_ACCESS,,0,0,0,0,0,0,class REM_ACCESS is not recoverable,the peer declined,0,0,,,no error,no error,807.7,808.4,226.4,2227.8,0,0,,,,,,,REM_ACCESS,,,,,,,,1,1,0,,0,,,FIN,2525022075.135,0,0,1,0,3,
ringf2rel_b@s2r,scored,rel,ringf2rel_b_n4,ringf2rel_b,s2r,n4,rel,burst,F2,blocking,1,,1024,200,700,primary,4,3,0,4,3,0,2.3,device_error,async_error_kernel_stuck,1,128,1,10,remote process exited or there was a network error,10,1,10781.6,,,,,,,,,,,,,,,,,,,remote process exited or there was a network error,remote process exited or there was a network error,224.1,225.3,2094,9369,6278.02,6551.71,6337.45,6551.71,1,10,1,1,,0,0,0,1,0,REM_ACCESS,,0,0,0,0,0,0,class REM_ACCESS is not recoverable,the peer declined,0,0,,,no error,no error,804.5,805.5,224.3,2226.3,0,0,,,,,,,REM_ACCESS,,,,,,,,1,1,0,,0,,,FIN,2525027845.368,0,0,1,0,4,
ringf2rel_b@s2r,scored,rel,ringf2rel_b_n5,ringf2rel_b,s2r,n5,rel,burst,F2,blocking,1,,1024,200,700,primary,4,3,0,4,3,0,2.3,device_error,async_error_kernel_stuck,1,128,1,10,remote process exited or there was a network error,10,1,9734.7,,,,,,,,,,,,,,,,,,,remote process exited or there was a network error,remote process exited or there was a network error,222.0,223.3,2085,9346,6421.38,6550.98,6195.85,6550.98,1,10,1,1,,0,0,0,1,0,REM_ACCESS,,0,0,0,0,0,0,class REM_ACCESS is not recoverable,the peer declined,0,0,,,no error,no error,809.7,811.0,222.1,2223.8,0,0,,,,,,,REM_ACCESS,,,,,,,,1,1,0,,0,,,FIN,2525033617.089,0,0,1,0,5,
ringf2rel_b@s2r,scored,rel,ringf2rel_b_n6,ringf2rel_b,s2r,n6,rel,burst,F2,blocking,1,,1024,200,700,primary,4,3,0,4,3,0,2.3,device_error,async_error_kernel_stuck,1,128,1,10,remote process exited or there was a network error,10,1,9728.3,,,,,,,,,,,,,,,,,,,remote process exited or there was a network error,remote process exited or there was a network error,223.8,225.1,2077,9353,6529.02,6550.40,6395.78,6550.40,1,10,1,1,,0,0,0,1,0,REM_ACCESS,,0,0,0,0,0,0,class REM_ACCESS is not recoverable,the peer declined,0,0,,,no error,no error,803.5,804.6,224.2,2225.5,0,0,,,,,,,REM_ACCESS,,,,,,,,1,1,0,,0,,,FIN,2525039383.19,0,0,1,0,6,
ringf2rel_b@s2r,scored,rel,ringf2rel_b_n7,ringf2rel_b,s2r,n7,rel,burst,F2,blocking,1,,1024,200,700,primary,4,3,0,4,3,0,2.3,device_error,async_error_kernel_stuck,1,128,1,10,remote process exited or there was a network error,10,1,10869.6,,,,,,,,,,,,,,,,,,,remote process exited or there was a network error,remote process exited or there was a network error,225.8,227.1,2120,9299,6545.54,6547.55,6494.15,6547.55,9,10,1,1,,0,0,0,1,0,REM_ACCESS,,0,0,0,0,0,0,class REM_ACCESS is not recoverable,the peer declined,0,0,,,no error,no error,798.6,800.2,226.3,2227.4,0,0,,,,,,,REM_ACCESS,,,,,,,,1,1,0,,0,,,FIN,2525045167.696,0,0,1,0,7,
ringf2rel_b@s2r,scored,rel,ringf2rel_b_n8,ringf2rel_b,s2r,n8,rel,burst,F2,blocking,1,,1024,200,700,primary,4,3,0,4,3,0,2.3,device_error,async_error_kernel_stuck,1,128,1,10,remote process exited or there was a network error,10,1,10752.5,,,,,,,,,,,,,,,,,,,remote process exited or there was a network error,remote process exited or there was a network error,227.7,227.0,2121,9328,6547.87,6549.89,6496.66,6549.89,8,10,1,1,,0,0,0,1,0,REM_ACCESS,,0,0,0,0,0,0,class REM_ACCESS is not recoverable,the peer declined,0,0,,,no error,no error,792.7,795.5,226.0,2228.1,0,0,,,,,,,REM_ACCESS,,,,,,,,1,1,0,,0,,,FIN,2525050947.044,0,0,1,0,8,
ringf2rel_b@s2r,scored,rel,ringf2rel_b_n9,ringf2rel_b,s2r,n9,rel,burst,F2,blocking,1,,1024,200,700,primary,4,3,0,4,3,0,2.3,device_error,async_error_kernel_stuck,1,128,1,10,remote process exited or there was a network error,10,1,10767.2,,,,,,,,,,,,,,,,,,,remote process exited or there was a network error,remote process exited or there was a network error,225.9,227.0,2102,9317,6547.87,6550.24,6496.66,6550.24,9,10,1,1,,0,0,0,1,0,REM_ACCESS,,0,0,0,0,0,0,class REM_ACCESS is not recoverable,the peer declined,0,0,,,no error,no error,797.8,799.2,226.3,2227.8,0,0,,,,,,,REM_ACCESS,,,,,,,,1,1,0,,0,,,FIN,2525056760.33,0,0,1,0,9,
ringf2rel_b@s2r,scored,rel,ringf2rel_b_n10,ringf2rel_b,s2r,n10,rel,burst,F2,blocking,1,,1024,200,700,primary,4,3,0,4,3,0,2.3,device_error,async_error_kernel_stuck,1,128,1,10,remote process exited or there was a network error,10,1,9743.2,,,,,,,,,,,,,,,,,,,remote process exited or there was a network error,remote process exited or there was a network error,220.9,222.0,2078,9335,6419.33,6547.74,6089.83,6547.74,1,10,1,1,,0,0,0,1,0,REM_ACCESS,,0,0,0,0,0,0,class REM_ACCESS is not recoverable,the peer declined,0,0,,,no error,no error,808.4,810.4,220.9,2222.3,0,0,,,,,,,REM_ACCESS,,,,,,,,1,1,0,,0,,,FIN,2525062528.813,0,0,1,0,10,
bidirf_sym_b@s2,scored,rep_s2,bidirf_sym_b_n1,bidirf_sym_b,s2,n1,rep_s2,bidir,F1both,blocking,1,,4096,8000,67,primary,4,3,0,0,0,0,2.3,ok,ok,,,,8000,no error,-1,,,8000,no error,0,0,0,8000,1,0,0,0,1,8000,no error,8000,no error,0,0,1,none,none,-1.0,-1.0,1924,1966,10.91,13.57,12.53,10745.76,777,8000,1,1,,1,1,0,1,1,LOCAL_QP_ERR,LOCAL_QP_ERR,1,0,0,1,1,1,,,0,0,,,no error,no error,830.4,802.2,121.8,122.2,0,1,-1.2039995193481445,2524183953.1730003,10.29200029373169,,,,LOCAL_QP_ERR,1.0679998397827148,,10.889999866485596,,"[1556/1554/2,0/0/0,0/0/0,0/0/0]",,,0,0,0,,0,,,,,0,0,0,0,1,
bidirf_sym_b@s2,scored,rep_s2,bidirf_sym_b_n2,bidirf_sym_b,s2,n2,rep_s2,bidir,F1both,blocking,1,,4096,8000,74,primary,4,3,0,0,0,0,2.3,ok,ok,,,,8000,no error,-1,,,8000,no error,0,0,0,8000,1,0,0,0,1,8000,no error,8000,no error,0,0,1,none,none,-1.0,-1.0,1924,1918,10.98,13.60,12.57,10332.19,1504,8000,1,1,,1,1,0,1,1,LOCAL_QP_ERR,LOCAL_QP_ERR,1,0,0,1,1,1,,,0,0,,,no error,no error,843.7,829.8,121.8,121.6,0,1,-0.007999897003173828,2524187737.67,19.48099994659424,,,,LOCAL_QP_ERR,0.49499988555908203,,10.49399995803833,,"[3010/3008/2,0/0/0,0/0/0,0/0/0]",,,0,0,0,,0,,,,,0,0,0,0,2,
bidirf_sym_b@s2,scored,rep_s2,bidirf_sym_b_n3,bidirf_sym_b,s2,n3,rep_s2,bidir,F1both,blocking,1,,4096,8000,81,primary,4,3,0,0,0,0,2.3,ok,ok,,,,8000,no error,-1,,,8000,no error,0,0,0,8000,1,0,0,0,1,8000,no error,8000,no error,0,0,1,none,none,-1.0,-1.0,1980,1972,10.88,13.60,12.53,10760.64,824,8000,1,1,,1,1,0,1,1,LOCAL_QP_ERR,LOCAL_QP_ERR,1,0,0,1,1,1,,,0,0,,,no error,no error,817.4,789.1,122.0,121.8,0,1,-1.1520004272460938,2524191492.016,10.921000003814697,,,,LOCAL_QP_ERR,0.8210000991821289,,10.942000389099121,,"[1650/1648/2,0/0/0,0/0/0,0/0/0]",,,0,0,0,,0,,,,,0,0,0,0,3,
bidirf_sym_b@s2,scored,rep_s2,bidirf_sym_b_n4,bidirf_sym_b,s2,n4,rep_s2,bidir,F1both,blocking,1,,4096,8000,88,primary,4,3,0,0,0,0,2.3,ok,ok,,,,8000,no error,-1,,,8000,no error,0,0,0,8000,1,0,0,0,1,8000,no error,8000,no error,0,0,1,none,none,-1.0,-1.0,1978,1988,10.91,13.63,12.55,10457.06,1547,8000,1,1,,1,1,0,1,1,LOCAL_QP_ERR,LOCAL_QP_ERR,1,0,0,1,1,1,,,0,0,,,no error,no error,818.9,787.5,122.5,122.4,0,1,-0.20100021362304688,2524195234.752,19.75600004196167,,,,LOCAL_QP_ERR,0.6370000839233398,,10.623000144958496,,"[3096/3094/2,0/0/0,0/0/0,0/0/0]",,,0,0,0,,0,,,,,0,0,0,0,4,
bidirf_sym_b@s2,scored,rep_s2,bidirf_sym_b_n5,bidirf_sym_b,s2,n5,rep_s2,bidir,F1both,blocking,1,,4096,8000,95,primary,4,3,0,0,0,0,2.3,ok,ok,,,,8000,no error,-1,,,8000,no error,0,0,0,8000,1,0,0,0,1,8000,no error,8000,no error,0,0,1,none,none,-1.0,-1.0,1918,2005,10.98,13.60,12.63,10792.96,3090,8000,1,1,,1,1,0,1,1,LOCAL_QP_ERR,LOCAL_QP_ERR,1,0,0,1,1,1,,,0,0,,,no error,no error,838.9,801.6,122.0,122.0,0,1,-1.1389999389648438,2524199012.251,39.5770001411438,,,,LOCAL_QP_ERR,0.7880001068115234,,10.960000038146973,,"[6182/6180/2,0/0/0,0/0/0,0/0/0]",,,0,0,0,,0,,,,,0,0,0,0,5,
bidirf_sym_notie_b@s2,scored,rep_s2,bidirf_sym_notie_b_n1,bidirf_sym_notie_b,s2,n1,rep_s2,bidir,F1both,blocking,1,,4096,8000,67,primary,4,3,0,0,0,0,2.3,ok,ok,,,,8000,no error,-1,,,8000,no error,0,0,0,8000,1,0,0,0,1,8000,no error,8000,no error,0,0,1,none,none,-1.0,-1.0,1966,2004,10.85,13.57,12.35,9515.81,0,8000,1,1,,1,1,0,1,1,LOCAL_QP_ERR,LOCAL_QP_ERR,1,0,0,1,0,0,,,0,0,,,no error,no error,818.8,779.4,120.1,120.1,0,1,-1.120999813079834,2524202751.619,-2.4679999351501465,,,,LOCAL_QP_ERR,3.3359999656677246,,12.508999824523926,,"[2/0/2,0/0/0,0/0/0,0/0/0]",,,0,0,0,,0,,,,,0,0,0,0,1,
bidirf_sym_notie_b@s2,scored,rep_s2,bidirf_sym_notie_b_n2,bidirf_sym_notie_b,s2,n2,rep_s2,bidir,F1both,blocking,1,,4096,8000,74,primary,4,3,0,7,7,0,8.3,async_error_kernel_stuck,async_error_kernel_stuck,,,,,,,,,,,,,,,,,,,,,,,,,,,remote process exited or there was a network error,remote process exited or there was a network error,24.4,24.4,9214,8488,,,,,,,1,1,,1,1,0,1,1,LOCAL_QP_ERR,LOCAL_QP_ERR,0,0,0,0,0,0,simultaneous recovery from both ends (tie-break off),simultaneous recovery from both ends (tie-break off),0,0,,,,,,,2025.9,2025.3,0,0,-0.1510000228881836,2524206495.737,21.173999786376953,,,,LOCAL_QP_ERR,0.6269998550415039,,,,,,,0,0,0,,0,,,,2524206498.957,0,0,1,0,2,3.2199997901916504
bidirf_sym_notie_b@s2,scored,rep_s2,bidirf_sym_notie_b_n3,bidirf_sym_notie_b,s2,n3,rep_s2,bidir,F1both,blocking,1,,4096,8000,81,primary,4,3,0,7,7,0,8.3,async_error_kernel_stuck,async_error_kernel_stuck,,,,,,,,,,,,,,,,,,,,,,,,,,,remote process exited or there was a network error,remote process exited or there was a network error,30.1,30.3,9212,8522,,,,,,,1,1,,1,1,0,1,1,LOCAL_QP_ERR,LOCAL_QP_ERR,0,0,0,0,0,0,simultaneous recovery from both ends (tie-break off),simultaneous recovery from both ends (tie-break off),0,0,,,,,,,2030.5,2030.5,0,0,-1.309000015258789,2524216272.469,26.30999994277954,,,,LOCAL_QP_ERR,0.6700000762939453,,,,,,,0,0,0,,0,,,,2524216276.007,0,0,1,0,3,3.5380001068115234
bidirf_sym_notie_b@s2,scored,rep_s2,bidirf_sym_notie_b_n4,bidirf_sym_notie_b,s2,n4,rep_s2,bidir,F1both,blocking,1,,4096,8000,88,primary,4,3,0,7,7,0,8.4,async_error_kernel_stuck,async_error_kernel_stuck,,,,,,,,,,,,,,,,,,,,,,,,,,,remote process exited or there was a network error,remote process exited or there was a network error,10.2,10.0,9279,8430,,,,,,,1,1,,1,1,0,1,1,LOCAL_QP_ERR,LOCAL_QP_ERR,0,0,0,0,0,0,simultaneous recovery from both ends (tie-break off),simultaneous recovery from both ends (tie-break off),0,0,,,,,,,2011.5,2011.0,0,0,-0.0540003776550293,2524226099.667,7.548999786376953,,,,LOCAL_QP_ERR,0.5520000457763672,,,,,,,0,0,0,,0,,,,2524226102.214,0,0,1,0,4,2.5470004081726074
bidirf_sym_notie_b@s2,scored,rep_s2,bidirf_sym_notie_b_n5,bidirf_sym_notie_b,s2,n5,rep_s2,bidir,F1both,blocking,1,,4096,8000,95,primary,4,3,0,7,7,0,8.4,async_error_kernel_stuck,async_error_kernel_stuck,,,,,,,,,,,,,,,,,,,,,,,,,,,remote process exited or there was a network error,remote process exited or there was a network error,45.5,45.4,9287,8619,,,,,,,1,1,,1,1,0,1,1,LOCAL_QP_ERR,LOCAL_QP_ERR,0,0,0,0,0,0,simultaneous recovery from both ends (tie-break off),simultaneous recovery from both ends (tie-break off),0,0,,,,,,,2046.8,2046.5,0,0,-1.1649999618530273,2524235908.083,41.807000160217285,,,,LOCAL_QP_ERR,0.7019996643066406,,,,,,,0,0,0,,0,,,,2524235911.551,0,0,1,0,5,3.4679999351501465
mt16_f1_b@s2,scored,rep_s2,mt16_f1_b_n1,mt16_f1_b,s2,n1,rep_s2,burst,F1,blocking,1,,256,300,20000,primary,4,3,0,0,0,0,2.3,ok,ok,16,1,0,300,no error,-1,0,11989.0,300,no error,0,0,0,4800,16,0,0,0,1,,,,,,,,none,none,-1.0,-1.0,1401,1401,67.94,121.38,101.41,11714.62,57,300,1,1,,1,0,0,1,0,LOCAL_QP_ERR,,1,0,0,1,0,0,,,0,0,,,no error,no error,993.0,991.1,47.0,47.2,0,1,,2524146276.323,3.86299991607666,,,,LOCAL_QP_ERR,0.7620000839233398,,11.881999969482422,,"[1112/1092/20,0/0/0,0/0/0,0/0/0]",,,0,0,0,,0,,,,,0,0,0,0,1,
mt16_f1_b@s2,scored,rep_s2,mt16_f1_b_n2,mt16_f1_b,s2,n2,rep_s2,burst,F1,blocking,1,,256,300,20000,primary,4,3,0,0,0,0,1.8,ok,ok,16,1,0,300,no error,-1,0,11565.2,300,no error,0,0,0,4800,16,0,0,0,1,,,,,,,,none,none,-1.0,-1.0,1399,1396,68.38,112.64,99.19,11317.57,76,300,1,1,,1,0,0,1,0,LOCAL_QP_ERR,,1,0,0,1,0,0,,,0,0,,,no error,no error,509.4,1009.0,46.5,46.0,0,1,,2524150052.569,5.394999980926514,,,,LOCAL_QP_ERR,0.6590003967285156,,11.427000045776367,,"[1524/1508/16,0/0/0,0/0/0,0/0/0]",,,0,0,0,,0,,,,,0,0,0,0,2,
mt16_f1_b@s2,scored,rep_s2,mt16_f1_b_n3,mt16_f1_b,s2,n3,rep_s2,burst,F1,blocking,1,,256,300,20000,primary,4,3,0,0,0,0,2.3,ok,ok,16,1,0,300,no error,-1,0,11713.6,300,no error,0,0,0,4800,16,0,0,0,1,,,,,,,,none,none,-1.0,-1.0,1397,1396,67.52,112.67,98.70,11545.70,101,300,1,1,,1,0,0,1,0,LOCAL_QP_ERR,,1,0,0,1,0,0,,,0,0,,,no error,no error,1007.5,1006.0,46.5,46.1,0,1,,2524153809.626,6.728000164031982,,,,LOCAL_QP_ERR,0.7569999694824219,,11.662000179290771,,"[1948/1930/18,0/0/0,0/0/0,0/0/0]",,,0,0,0,,0,,,,,0,0,0,0,3,
mt16_f1_b@s2,scored,rep_s2,mt16_f1_b_n4,mt16_f1_b,s2,n4,rep_s2,burst,F1,blocking,1,,256,300,20000,primary,4,3,0,0,0,0,2.3,ok,ok,16,1,0,300,no error,-1,0,11884.8,300,no error,0,0,0,4800,16,0,0,0,1,,,,,,,,none,none,-1.0,-1.0,1399,1399,61.82,86.82,96.47,11636.77,123,300,1,1,,1,0,0,1,0,LOCAL_QP_ERR,,1,0,0,1,0,0,,,0,0,,,no error,no error,1003.8,1002.0,46.5,46.5,0,1,,2524157586.612,8.254000186920166,,,,LOCAL_QP_ERR,0.6339998245239258,,11.751999855041504,,"[2376/2359/17,0/0/0,0/0/0,0/0/0]",,,0,0,0,,0,,,,,0,0,0,0,4,
mt16_f1_b@s2,scored,rep_s2,mt16_f1_b_n5,mt16_f1_b,s2,n5,rep_s2,burst,F1,blocking,1,,256,300,20000,primary,4,3,0,0,0,0,2.3,ok,ok,16,1,0,300,no error,-1,0,11450.6,300,no error,0,0,0,4800,16,0,0,0,1,,,,,,,,none,none,-1.0,-1.0,1394,1397,67.97,122.53,100.20,11354.11,141,300,1,1,,1,0,0,1,0,LOCAL_QP_ERR,,1,0,0,1,0,0,,,0,0,,,no error,no error,995.2,993.4,46.6,46.5,0,1,,2524161352.758,10.04099988937378,,,,LOCAL_QP_ERR,0.6870002746582031,,11.5,,"[2784/2766/18,0/0/0,0/0/0,0/0/0]",,,0,0,0,,0,,,,,0,0,0,0,5,
mt64_f1_b@s2,scored,rep_s2,mt64_f1_b_n1,mt64_f1_b,s2,n1,rep_s2,burst,F1,blocking,1,,256,300,20000,primary,4,3,0,0,0,0,2.3,ok,ok,64,1,0,300,no error,-1,0,21050.7,300,no error,0,0,0,19200,64,0,0,0,1,,,,,,,,none,none,-1.0,-1.0,1615,1645,63.14,278.53,122.04,11565.12,108,300,1,1,,1,0,0,1,0,LOCAL_QP_ERR,,1,0,0,1,0,0,,,0,0,,,no error,no error,927.5,918.9,101.0,100.8,0,1,,2524165111.737,9.441999912261963,,,,LOCAL_QP_ERR,0.9149999618530273,,11.704999923706055,,"[4320/4274/46,0/0/0,0/0/0,0/0/0]",,,0,0,0,,0,,,,,0,0,0,0,1,
mt64_f1_b@s2,scored,rep_s2,mt64_f1_b_n2,mt64_f1_b,s2,n2,rep_s2,burst,F1,blocking,1,,256,300,20000,primary,4,3,0,0,0,0,2.4,ok,ok,64,1,0,300,no error,-1,0,24090.7,300,no error,0,0,0,19200,64,0,0,0,1,,,,,,,,none,none,-1.0,-1.0,1615,1638,61.70,259.42,109.13,11210.78,175,300,1,1,,1,0,0,1,0,LOCAL_QP_ERR,,1,0,0,1,0,0,,,0,0,,,no error,no error,954.5,945.1,99.4,99.2,0,1,,2524168895.11,12.813000202178955,,,,LOCAL_QP_ERR,0.8569998741149902,,11.38100004196167,,"[6010/5967/43,0/0/0,0/0/0,0/0/0]",,,0,0,0,,0,,,,,0,0,0,0,2,
mt64_f1_b@s2,scored,rep_s2,mt64_f1_b_n3,mt64_f1_b,s2,n3,rep_s2,burst,F1,blocking,1,,256,300,20000,primary,4,3,0,0,0,0,2.3,ok,ok,64,1,0,300,no error,-1,0,16204.5,300,no error,0,0,0,19200,64,0,0,0,1,,,,,,,,none,none,-1.0,-1.0,1622,1650,69.63,273.47,128.82,11861.98,159,300,1,1,,1,0,0,1,0,LOCAL_QP_ERR,,1,0,0,1,0,0,,,0,0,,,no error,no error,943.3,933.4,101.1,100.7,0,1,,2524172661.435,17.271999835968018,,,,LOCAL_QP_ERR,0.875,,12.016000270843506,,"[7666/7617/49,0/0/0,0/0/0,0/0/0]",,,0,0,0,,0,,,,,0,0,0,0,3,
mt64_f1_b@s2,scored,rep_s2,mt64_f1_b_n4,mt64_f1_b,s2,n4,rep_s2,burst,F1,blocking,1,,256,300,20000,primary,4,3,0,0,0,0,2.3,ok,ok,64,1,0,300,no error,-1,0,16668.7,300,no error,0,0,0,19200,64,0,0,0,1,,,,,,,,none,none,-1.0,-1.0,1617,1644,64.77,288.90,117.35,11536.96,245,300,1,1,,1,0,0,1,0,LOCAL_QP_ERR,,1,0,0,1,0,0,,,0,0,,,no error,no error,941.2,931.8,100.0,100.3,0,1,,2524176450.922,20.736000061035156,,,,LOCAL_QP_ERR,0.7569999694824219,,11.700000286102295,,"[9306/9276/30,0/0/0,0/0/0,0/0/0]",,,0,0,0,,0,,,,,0,0,0,0,4,
mt64_f1_b@s2,scored,rep_s2,mt64_f1_b_n5,mt64_f1_b,s2,n5,rep_s2,burst,F1,blocking,1,,256,300,20000,primary,4,3,0,0,0,0,2.3,ok,ok,64,1,0,300,no error,-1,0,20107.9,300,no error,0,0,0,19200,64,0,0,0,1,,,,,,,,none,none,-1.0,-1.0,1610,1639,60.10,231.04,71.90,257.70,75,300,1,1,,1,0,0,1,0,LOCAL_QP_ERR,,1,0,0,1,0,0,,,0,0,,,no error,no error,953.5,944.3,99.0,99.4,0,1,,2524180169.325,24.490999698638916,,,,LOCAL_QP_ERR,0.7690000534057617,,11.562000274658203,,"[10990/10952/38,0/0/0,0/0/0,0/0/0]",,,0,0,0,,0,,,,,0,0,0,0,5,
bidirf_f1both_b@s2r,scored,rep_s2r,bidirf_f1both_b_n1,bidirf_f1both_b,s2r,n1,rep_s2r,bidir,F1both,blocking,1,,262144,120,637,primary,4,3,0,0,0,0,3.8,ok,ok,,,,120,no error,-1,,,120,no error,0,0,0,120,1,0,0,0,1,120,no error,120,no error,0,0,1,none,none,-1.0,-1.0,8681,8683,44.00,54.43,128.32,10082.46,39,120,1,1,,1,1,0,1,0,LOCAL_QP_ERR,,1,0,0,1,0,0,,,0,0,,,no error,no error,640.5,626.1,1816.4,1816.9,0,1,0.61199951171875,2525783003.781,584.8550000190735,,,,LOCAL_QP_ERR,2.816999912261963,,12.57699966430664,,"[80/78/2,0/0/0,0/0/0,0/0/0]",,,1,1,0,,0,,,FIN,,0,0,0,0,1,
bidirf_f1both_b@s2r,scored,rep_s2r,bidirf_f1both_b_n2,bidirf_f1both_b,s2r,n2,rep_s2r,bidir,F1both,blocking,1,,262144,120,774,primary,4,3,0,0,0,0,3.8,ok,ok,,,,120,no error,-1,,,120,no error,0,0,0,120,1,0,0,0,1,120,no error,120,no error,0,0,1,none,none,-1.0,-1.0,8636,8817,44.00,49.79,44.65,53.31,0,120,1,1,,1,1,0,0,1,,LOCAL_QP_ERR,0,1,1,0,0,0,,,0,0,,,no error,no error,661.0,603.2,1806.4,1818.9,0,1,0.818000316619873,2525788367.02,723.2069997787476,,,,LOCAL_QP_ERR,1.5329999923706055,,11.674999713897705,,"[0/0/0,98/96/2,0/0/0,0/0/0]",,,1,1,0,,0,,,FIN,,0,0,0,0,2,
bidirf_f1both_b@s2r,scored,rep_s2r,bidirf_f1both_b_n3,bidirf_f1both_b,s2r,n3,rep_s2r,bidir,F1both,blocking,1,,262144,120,911,primary,4,3,0,0,0,0,3.8,ok,ok,,,,120,no error,-1,,,120,no error,0,0,0,120,1,0,0,0,1,120,no error,120,no error,0,0,1,none,none,-1.0,-1.0,8680,8685,44.00,55.30,124.39,9609.31,58,120,1,1,,1,1,0,1,0,LOCAL_QP_ERR,,1,0,0,1,0,0,,,0,0,,,no error,no error,662.5,645.8,1816.0,1816.5,0,1,0.7970004081726074,2525793767.956,859.3579998016357,,,,LOCAL_QP_ERR,14.065000057220459,,23.47600030899048,,"[118/116/2,0/0/0,0/0/0,0/0/0]",,,1,1,0,,0,,,FIN,,0,0,0,0,3,
bidirf_f1both_b@s2r,scored,rep_s2r,bidirf_f1both_b_n4,bidirf_f1both_b,s2r,n4,rep_s2r,bidir,F1both,blocking,1,,262144,120,1048,primary,4,3,0,0,0,0,3.8,ok,ok,,,,120,no error,-1,,,120,no error,0,0,0,120,1,0,0,0,1,120,no error,120,no error,0,0,1,none,none,-1.0,-1.0,8600,8711,44.00,50.11,44.65,53.25,0,120,1,1,,1,1,0,0,1,,LOCAL_QP_ERR,0,1,1,0,0,0,,,0,0,,,no error,no error,669.7,637.9,1806.4,1818.0,0,1,0.3580002784729004,2525799138.447,1008.5520000457764,,,,LOCAL_QP_ERR,1.809999942779541,,11.627000331878662,,"[0/0/0,136/134/2,0/0/0,0/0/0]",,,1,1,0,,0,,,FIN,,0,0,0,0,4,
bidirf_f1both_b@s2r,scored,rep_s2r,bidirf_f1both_b_n5,bidirf_f1both_b,s2r,n5,rep_s2r,bidir,F1both,blocking,1,,262144,120,1185,primary,4,3,0,0,0,0,3.8,ok,ok,,,,120,no error,-1,,,120,no error,0,0,0,120,1,0,0,0,1,120,no error,120,no error,0,0,1,none,none,-1.0,-1.0,8666,8687,44.00,55.30,132.71,10619.84,76,120,1,1,,1,1,0,1,0,LOCAL_QP_ERR,,1,0,0,1,0,0,,,0,0,,,no error,no error,637.1,619.7,1817.0,1817.4,0,1,0.6279997825622559,2525804519.362,1137.8239998817444,,,,LOCAL_QP_ERR,6.5879998207092285,,16.847000122070312,,"[154/152/2,0/0/0,0/0/0,0/0/0]",,,1,1,0,,0,,,FIN,,0,0,0,0,5,
f1_b@s2r,scored,rep_s2r,f1_b_n1,f1_b,s2r,n1,rep_s2r,default,F1,blocking,1,,262144,120,637,primary,4,3,0,0,0,0,3.8,ok,ok,,,,120,no error,-1,,,120,no error,0,0,0,120,1,0,0,0,1,,,,,,,,none,none,-1.0,-1.0,8467,8696,44.35,55.04,134.41,10794.94,40,120,1,1,,1,0,0,1,0,LOCAL_QP_ERR,,1,0,0,1,0,0,,,0,0,,,no error,no error,696.2,648.5,1816.9,1801.9,0,1,,2525614944.902,600.6539998054504,,,,LOCAL_QP_ERR,1.7660002708435059,,12.136000156402588,,"[82/80/2,0/0/0,0/0/0,0/0/0]",,,1,1,0,,0,,,FIN,,0,0,0,0,1,
f1_b@s2r,scored,rep_s2r,f1_b_n2,f1_b,s2r,n2,rep_s2r,default,F1,blocking,1,,262144,120,774,primary,4,3,0,0,0,0,3.8,ok,ok,,,,120,no error,-1,,,120,no error,0,0,0,120,1,0,0,0,1,,,,,,,,none,none,-1.0,-1.0,8490,8683,44.29,53.28,135.71,10942.75,50,120,1,1,,1,0,0,1,0,LOCAL_QP_ERR,,1,0,0,1,0,0,,,0,0,,,no error,no error,696.2,662.6,1817.1,1802.2,0,1,,2525620309.208,738.9470000267029,,,,LOCAL_QP_ERR,13.75,,24.437999725341797,,"[102/100/2,0/0/0,0/0/0,0/0/0]",,,1,1,0,,0,,,FIN,,0,0,0,0,2,
f1_b@s2r,scored,rep_s2r,f1_b_n3,f1_b,s2r,n3,rep_s2r,default,F1,blocking,1,,262144,120,911,primary,4,3,0,0,0,0,3.8,ok,ok,,,,120,no error,-1,,,120,no error,0,0,0,120,1,0,0,0,1,,,,,,,,none,none,-1.0,-1.0,8466,8746,43.97,53.47,136.08,11027.17,59,120,1,1,,1,0,0,1,0,LOCAL_QP_ERR,,1,0,0,1,0,0,,,0,0,,,no error,no error,711.3,649.7,1816.7,1801.8,0,1,,2525625696.038,875.2839999198914,,,,LOCAL_QP_ERR,12.829999923706055,,23.598999977111816,,"[120/118/2,0/0/0,0/0/0,0/0/0]",,,1,1,0,,0,,,FIN,,0,0,0,0,3,
f1_b@s2r,scored,rep_s2r,f1_b_n4,f1_b,s2r,n4,rep_s2r,default,F1,blocking,1,,262144,120,1048,primary,4,3,0,0,0,0,3.8,ok,ok,,,,120,no error,-1,,,120,no error,0,0,0,120,1,0,0,0,1,,,,,,,,none,none,-1.0,-1.0,8469,8705,43.97,53.57,139.09,11396.22,68,120,1,1,,1,0,0,1,0,LOCAL_QP_ERR,,1,0,0,1,0,0,,,0,0,,,no error,no error,711.9,657.3,1817.2,1802.1,0,1,,2525631092.218,1012.5549998283386,,,,LOCAL_QP_ERR,11.027999877929688,,22.0939998626709,,"[138/136/2,0/0/0,0/0/0,0/0/0]",,,1,1,0,,0,,,FIN,,0,0,0,0,4,
f1_b@s2r,scored,rep_s2r,f1_b_n5,f1_b,s2r,n5,rep_s2r,default,F1,blocking,1,,262144,120,1185,primary,4,3,0,0,0,0,3.8,ok,ok,,,,120,no error,-1,,,120,no error,0,0,0,120,1,0,0,0,1,,,,,,,,none,none,-1.0,-1.0,8470,8594,43.97,53.25,140.66,11591.90,77,120,1,1,,1,0,0,1,0,LOCAL_QP_ERR,,1,0,0,1,0,0,,,0,0,,,no error,no error,703.1,681.2,1817.1,1802.5,0,1,,2525636494.03,1149.5070004463196,,,,LOCAL_QP_ERR,9.503999710083008,,20.740999698638916,,"[156/154/2,0/0/0,0/0/0,0/0/0]",,,1,1,0,,0,,,FIN,,0,0,0,0,5,
f1g0_b@s2r,scored,rep_s2r,f1g0_b_n1,f1g0_b,s2r,n1,rep_s2r,default,F1,blocking,1,,4096,8000,67,primary,4,3,0,0,0,0,2.3,ok,ok,,,,8000,no error,-1,,,8000,no error,0,0,0,8000,1,0,0,0,1,,,,,,,,none,none,-1.0,-1.0,1645,1947,10.98,12.22,12.51,11559.97,2369,8000,1,1,,1,0,0,1,0,LOCAL_QP_ERR,,1,0,0,1,0,0,,,0,0,,,no error,no error,902.8,838.0,110.6,110.4,0,1,,2525686932.417,29.061999797821045,,,,LOCAL_QP_ERR,0.4510002136230469,,11.723999977111816,,"[4740/4740/0,0/0/0,0/0/0,0/0/0]",,,1,1,0,,0,,,FIN,,0,0,0,0,1,
f1g0_b@s2r,scored,rep_s2r,f1g0_b_n2,f1g0_b,s2r,n2,rep_s2r,default,F1,blocking,1,,4096,8000,74,primary,4,3,0,0,0,0,2.3,ok,ok,,,,8000,no error,-1,,,8000,no error,0,0,0,8000,1,0,0,0,1,,,,,,,,none,none,-1.0,-1.0,1642,1907,10.94,12.19,12.47,11569.79,3026,8000,1,1,,1,0,0,1,0,LOCAL_QP_ERR,,1,0,0,1,0,0,,,0,0,,,no error,no error,904.2,848.6,110.0,110.2,0,1,,2525690694.218,37.11800003051758,,,,LOCAL_QP_ERR,0.4500002861022949,,11.741000175476074,,"[6054/6052/2,0/0/0,0/0/0,0/0/0]",,,1,1,0,,0,,,FIN,,0,0,0,0,2,
f1g0_b@s2r,scored,rep_s2r,f1g0_b_n3,f1g0_b,s2r,n3,rep_s2r,default,F1,blocking,1,,4096,8000,81,primary,4,3,0,0,0,0,2.3,ok,ok,,,,8000,no error,-1,,,8000,no error,0,0,0,8000,1,0,0,0,1,,,,,,,,none,none,-1.0,-1.0,1645,1912,10.98,12.22,12.49,11731.97,3571,8000,1,1,,1,0,0,1,0,LOCAL_QP_ERR,,1,0,0,1,0,0,,,0,0,,,no error,no error,915.3,858.8,110.5,110.7,0,1,,2525694452.287,43.8289999961853,,,,LOCAL_QP_ERR,0.4369997978210449,,11.901000022888184,,"[7144/7144/0,0/0/0,0/0/0,0/0/0]",,,1,1,0,,0,,,FIN,,0,0,0,0,3,
f1g0_b@s2r,scored,rep_s2r,f1g0_b_n4,f1g0_b,s2r,n4,rep_s2r,default,F1,blocking,1,,4096,8000,88,primary,4,3,0,0,0,0,2.3,ok,ok,,,,8000,no error,-1,,,8000,no error,0,0,0,8000,1,0,0,0,1,,,,,,,,none,none,-1.0,-1.0,1639,1961,10.78,12.16,12.35,11478.91,4131,8000,1,1,,1,0,0,1,0,LOCAL_QP_ERR,,1,0,0,1,0,0,,,0,0,,,no error,no error,901.5,831.4,109.3,108.9,0,1,,2525698224.493,50.71000003814697,,,,LOCAL_QP_ERR,0.4460000991821289,,11.64799976348877,,"[8264/8262/2,0/0/0,0/0/0,0/0/0]",,,1,1,0,,0,,,FIN,,0,0,0,0,4,
f1g0_b@s2r,scored,rep_s2r,f1g0_b_n5,f1g0_b,s2r,n5,rep_s2r,default,F1,blocking,1,,4096,8000,95,primary,4,3,0,0,0,0,2.3,ok,ok,,,,8000,no error,-1,,,8000,no error,0,0,0,8000,1,0,0,0,1,,,,,,,,none,none,-1.0,-1.0,1642,1906,10.94,12.22,12.46,11501.06,4731,8000,1,1,,1,0,0,1,0,LOCAL_QP_ERR,,1,0,0,1,0,0,,,0,0,,,no error,no error,912.4,855.8,109.9,110.2,0,1,,2525701976.736,58.079999923706055,,,,LOCAL_QP_ERR,0.3489999771118164,,11.661999702453613,,"[9464/9464/0,0/0/0,0/0/0,0/0/0]",,,1,1,0,,0,,,FIN,,0,0,0,0,5,
f3_b@s2r,scored,rep_s2r,f3_b_n1,f3_b,s2r,n1,rep_s2r,default,F3,blocking,1,,262144,120,637,primary,4,3,0,0,0,0,7.8,ok,ok,,,,120,no error,-1,,,120,no error,0,0,0,120,1,0,0,0,1,,,,,,,,none,none,-1.0,-1.0,23440,23619,44.35,53.22,31327.68,3753999.26,41,120,1,1,,0,1,0,1,0,RETRY_EXC,,1,0,0,1,0,0,,,0,0,,,no error,no error,962.4,926.4,5559.8,5544.7,0,1,,2525641180.84,601.8830003738403,,,,RETRY_EXC,3757.973999977112,,3769.1279997825623,,"[84/82/2,0/0/0,0/0/0,0/0/0]",,,1,1,0,,0,,,FIN,,0,0,0,0,1,
f3_b@s2r,scored,rep_s2r,f3_b_n2,f3_b,s2r,n2,rep_s2r,default,F3,blocking,1,,262144,120,774,primary,4,3,0,0,0,0,7.8,ok,ok,,,,120,no error,-1,,,120,no error,0,0,0,120,1,0,0,0,1,,,,,,,,none,none,-1.0,-1.0,23304,23495,43.97,55.01,31044.18,3719990.18,50,120,1,1,,0,1,0,1,0,RETRY_EXC,,1,0,0,1,0,0,,,0,0,,,no error,no error,988.2,952.9,5525.7,5510.8,0,1,,2525650610.079,738.3810000419617,,,,RETRY_EXC,3723.9439997673035,,3734.0679998397827,,"[102/100/2,0/0/0,0/0/0,0/0/0]",,,1,1,0,,0,,,FIN,,0,0,0,0,2,
f3_b@s2r,scored,rep_s2r,f3_b_n3,f3_b,s2r,n3,rep_s2r,default,F3,blocking,1,,262144,120,911,primary,4,3,0,0,0,0,7.8,ok,ok,,,,120,no error,-1,,,120,no error,0,0,0,120,1,0,0,0,1,,,,,,,,none,none,-1.0,-1.0,23297,23631,44.26,53.25,31028.90,3718132.90,59,120,1,1,,0,1,0,1,0,RETRY_EXC,,1,0,0,1,0,0,,,0,0,,,no error,no error,999.1,926.0,5524.2,5509.3,0,1,,2525660010.458,876.0690002441406,,,,RETRY_EXC,3718.758999824524,,3729.9249997138977,,"[120/118/2,0/0/0,0/0/0,0/0/0]",,,1,1,0,,0,,,FIN,,0,0,0,0,3,
f3_b@s2r,scored,rep_s2r,f3_b_n4,f3_b,s2r,n4,rep_s2r,default,F3,blocking,1,,262144,120,1048,primary,4,3,0,0,0,0,7.3,ok,ok,,,,120,no error,-1,,,120,no error,0,0,0,120,1,0,0,0,1,,,,,,,,none,none,-1.0,-1.0,23252,23450,44.26,53.47,30937.82,3707212.32,68,120,1,1,,0,1,0,1,0,RETRY_EXC,,1,0,0,1,0,0,,,0,0,,,no error,no error,512.0,974.2,5512.9,5498.0,0,1,,2525669417.635,1013.1160001754761,,,,RETRY_EXC,3706.8719997406006,,3717.3629999160767,,"[138/136/2,0/0/0,0/0/0,0/0/0]",,,1,1,0,,0,,,FIN,,0,0,0,0,4,
f3_b@s2r,scored,rep_s2r,f3_b_n5,f3_b,s2r,n5,rep_s2r,default,F3,blocking,1,,262144,120,1185,primary,4,3,0,0,0,0,7.8,ok,ok,,,,120,no error,-1,,,120,no error,0,0,0,120,1,0,0,0,1,,,,,,,,none,none,-1.0,-1.0,23280,23468,43.97,53.25,30994.93,3714061.25,77,120,1,1,,0,1,0,1,0,RETRY_EXC,,1,0,0,1,0,0,,,0,0,,,no error,no error,1003.2,967.5,5519.8,5504.8,0,1,,2525678807.949,1149.9049997329712,,,,RETRY_EXC,3711.8020000457764,,3722.8870000839233,,"[156/154/2,0/0/0,0/0/0,0/0/0]",,,1,1,0,,0,,,FIN,,0,0,0,0,5,
f4_b@s2r,scored,rep_s2r,f4_b_n1,f4_b,s2r,n1,rep_s2r,default,F4,blocking,1,,262144,200,700,primary,4,3,0,4,255,0,8.8,device_error,,,,,106,remote process exited or there was a network error,106,,,,,,,,,,,,,,,,,,,,,remote process exited or there was a network error,,6767.2,,28247,,47.04,51.17,46.76,54.59,0,106,1,1,,0,0,0,1,0,RETRY_EXC,,0,0,0,0,0,0,RETRY_EXC and the peer's socket shows FIN/RST,,0,0,,,no error,,734.4,,6767.2,,0,0,,2525811732.883,3101.2929997444153,,,,RETRY_EXC,3663.6240000724792,,,,,,,1,1,0,,1,2525811733.191,FIN,,2525815398.565,1,0,0,0,1,3665.6820001602173
f4_b@s2r,scored,rep_s2r,f4_b_n2,f4_b,s2r,n2,rep_s2r,default,F4,blocking,1,,262144,200,700,primary,4,3,0,4,255,0,8.8,device_error,,,,,113,remote process exited or there was a network error,113,,,,,,,,,,,,,,,,,,,,,remote process exited or there was a network error,,6960.7,,29018,,45.82,52.13,45.91,53.09,0,113,1,1,,0,0,0,1,0,RETRY_EXC,,0,0,0,0,0,0,RETRY_EXC and the peer's socket shows FIN/RST,,0,0,,,no error,,537.8,,6960.8,,0,0,,2525822227.257,3320.864999771118,,,,RETRY_EXC,3638.258999824524,,,,,,,1,1,0,,1,2525822227.573,FIN,,2525825866.882,1,0,0,0,2,3639.625
f4_b@s2r,scored,rep_s2r,f4_b_n3,f4_b,s2r,n3,rep_s2r,default,F4,blocking,1,,262144,200,700,primary,4,3,0,4,255,0,9.3,device_error,,,,,120,remote process exited or there was a network error,120,,,,,,,,,,,,,,,,,,,,,remote process exited or there was a network error,,7202.9,,29934,,43.97,48.03,44.92,53.25,0,120,1,1,,0,0,0,1,0,RETRY_EXC,,0,0,0,0,0,0,RETRY_EXC and the peer's socket shows FIN/RST,,0,0,,,no error,,810.5,,7202.8,,0,0,,2525832678.88,3545.680000305176,,,,RETRY_EXC,3655.6449999809265,,,,,,,1,1,0,,1,2525832679.17,FIN,,2525836335.955,1,0,0,0,3,3657.074999809265
f4_b@s2r,scored,rep_s2r,f4_b_n4,f4_b,s2r,n4,rep_s2r,default,F4,blocking,1,,262144,200,700,primary,4,3,0,4,255,0,9.3,device_error,,,,,127,remote process exited or there was a network error,127,,,,,,,,,,,,,,,,,,,,,remote process exited or there was a network error,,7451.2,,30984,,45.28,50.08,45.46,54.66,0,127,1,1,,0,0,0,1,0,RETRY_EXC,,0,0,0,0,0,0,RETRY_EXC and the peer's socket shows FIN/RST,,0,0,,,no error,,559.7,,7451.5,,0,0,,2525843615.299,3724.455999851227,,,,RETRY_EXC,3725.1360001564026,,,,,,,1,1,0,,1,2525843615.583,FIN,,2525847341.873,1,0,0,0,4,3726.5740003585815
f4_b@s2r,scored,rep_s2r,f4_b_n5,f4_b,s2r,n5,rep_s2r,default,F4,blocking,1,,262144,200,700,primary,4,3,0,4,255,0,8.8,device_error,,,,,104,remote process exited or there was a network error,104,,,,,,,,,,,,,,,,,,,,,remote process exited or there was a network error,,6869.8,,28658,,43.97,48.03,44.75,54.85,0,104,1,1,,0,0,0,1,0,RETRY_EXC,,0,0,0,0,0,0,RETRY_EXC and the peer's socket shows FIN/RST,,0,0,,,no error,,634.1,,6869.8,,0,0,,2525853710.649,3037.6620001792908,,,,RETRY_EXC,3830.3629999160767,,,,,,,1,1,0,,1,2525853710.948,FIN,,2525857542.639,1,0,0,0,5,3831.989999771118
mt256_f1_b@s2r,scored,rep_s2r,mt256_f1_b_n1,mt256_f1_b,s2r,n1,rep_s2r,burst,F1,blocking,1,,256,300,20000,primary,4,3,0,0,0,0,2.3,ok,ok,256,1,0,300,no error,-1,0,14753.5,300,no error,0,0,0,76800,256,0,0,0,1,,,,,,,,none,none,-1.0,-1.0,2429,2547,966.43,1099.90,984.48,14483.46,33,300,1,1,,1,0,0,1,0,LOCAL_QP_ERR,,1,0,0,1,0,0,,,0,0,,,no error,no error,740.7,708.0,303.1,303.2,0,1,,2525705683.107,34.223999977111816,,,,LOCAL_QP_ERR,1.4010000228881836,,13.874000072479248,,"[17042/16788/254,0/0/0,0/0/0,0/0/0]",,,1,1,0,,0,,,FIN,,0,0,0,0,1,
mt256_f1_b@s2r,scored,rep_s2r,mt256_f1_b_n2,mt256_f1_b,s2r,n2,rep_s2r,burst,F1,blocking,1,,256,300,20000,primary,4,3,0,0,0,0,2.3,ok,ok,256,1,0,300,no error,-1,0,15214.6,300,no error,0,0,0,76800,256,0,0,0,1,,,,,,,,none,none,-1.0,-1.0,2370,2484,851.97,1139.07,933.01,14870.53,46,300,1,1,,1,0,0,1,0,LOCAL_QP_ERR,,1,0,0,1,0,0,,,0,0,,,no error,no error,746.6,715.3,288.8,288.7,0,1,,2525709411.174,48.973999977111816,,,,LOCAL_QP_ERR,0.9010000228881836,,14.259000301361084,,"[23709/23453/256,0/0/0,0/0/0,0/0/0]",,,1,1,0,,0,,,FIN,,0,0,0,0,2,
mt256_f1_b@s2r,scored,rep_s2r,mt256_f1_b_n3,mt256_f1_b,s2r,n3,rep_s2r,burst,F1,blocking,1,,256,300,20000,primary,4,3,0,0,0,0,2.3,ok,ok,256,1,0,300,no error,-1,0,15132.7,300,no error,0,0,0,76800,256,0,0,0,1,,,,,,,,none,none,-1.0,-1.0,2420,2465,949.50,1126.50,975.04,14947.10,59,300,1,1,,1,0,0,1,0,LOCAL_QP_ERR,,1,0,0,1,0,0,,,0,0,,,no error,no error,739.6,726.5,301.4,301.1,0,1,,2525713160.201,62.67400026321411,,,,LOCAL_QP_ERR,0.740999698638916,,14.221999645233154,,"[30368/30113/255,0/0/0,0/0/0,0/0/0]",,,1,1,0,,0,,,FIN,,0,0,0,0,3,
mt256_f1_b@s2r,scored,rep_s2r,mt256_f1_b_n4,mt256_f1_b,s2r,n4,rep_s2r,burst,F1,blocking,1,,256,300,20000,primary,4,3,0,0,0,0,2.3,ok,ok,256,1,0,300,no error,-1,0,15449.6,300,no error,0,0,0,76800,256,0,0,0,1,,,,,,,,none,none,-1.0,-1.0,2444,2555,978.18,1116.16,1003.56,14971.39,73,300,1,1,,1,0,0,1,0,LOCAL_QP_ERR,,1,0,0,1,0,0,,,0,0,,,no error,no error,713.4,683.7,308.0,308.4,0,1,,2525716943.978,73.84800004959106,,,,LOCAL_QP_ERR,1.250999927520752,,14.549999713897705,,"[37056/36810/246,0/0/0,0/0/0,0/0/0]",,,1,1,0,,0,,,FIN,,0,0,0,0,4,
mt256_f1_b@s2r,bind,rep_s2r,mt256_f1_b_n5,mt256_f1_b,s2r,n5,rep_s2r,burst,F1,blocking,1,,256,300,20000,primary,4,3,0,1,7,0,0.0,,,256,1,0,,,,,,,,,,,,,,,,,,,,,,,,,,,,,,,,,,,,0,0,,0,0,0,0,0,,,0,0,0,0,0,0,,,0,0,,,,,,,,,1,0,,,,,,,,,,,,,,,0,0,0,,0,,,,,0,0,0,0,5,
mt256_f1_b@s2r,scored,rep_s2r,mt256_f1_b_n6,mt256_f1_b,s2r,n6,rep_s2r,burst,F1,blocking,1,,256,300,20000,primary,4,3,0,0,0,0,2.3,ok,ok,256,1,0,300,no error,-1,0,15716.4,300,no error,0,0,0,76800,256,0,0,0,1,,,,,,,,none,none,-1.0,-1.0,2370,2474,872.35,1101.63,931.36,14964.64,100,300,1,1,,1,0,0,1,0,LOCAL_QP_ERR,,1,0,0,1,0,0,,,0,0,,,no error,no error,752.0,722.5,287.2,287.3,0,1,,2528670841.562,99.44999980926514,,,,LOCAL_QP_ERR,2.4050002098083496,,14.841000080108643,,"[50358/50105/253,0/0/0,0/0/0,0/0/0]",,,1,1,0,,0,,,FIN,,0,0,0,0,6,
