run_id,fault,wqe_bytes,n_wqe,signaling,bad_pos,bad_idx,trial,trial_uid,seq,wqe_idx,wqe_kind,wqe_signaled,wr_id,status,status_name,vendor_err,opcode,byte_len,qp_num,t_ns,late,foreign
main,rnr,4096,1,all,first,0,0,0,0,0,send,1,0xc5e0000000000000,13,RNR retry counter exceeded,0x87,255,0,0x1246,12635854,0,0
main,rnr,4096,1,all,first,0,1,1,0,0,send,1,0xc5e0000000010000,13,RNR retry counter exceeded,0x87,255,0,0x1246,12627621,0,0
main,rnr,4096,1,all,first,0,2,2,0,0,send,1,0xc5e0000000020000,13,RNR retry counter exceeded,0x87,255,0,0x1246,12662191,0,0
main,rnr,4096,1,all,first,0,3,3,0,0,send,1,0xc5e0000000030000,13,RNR retry counter exceeded,0x87,255,0,0x1246,12673722,0,0
main,rnr,4096,1,all,first,0,4,4,0,0,send,1,0xc5e0000000040000,13,RNR retry counter exceeded,0x87,255,0,0x1246,12688950,0,0
main,rnr,4096,1,last,first,0,0,5,0,0,send,1,0xc5e0000000050000,13,RNR retry counter exceeded,0x87,255,0,0x1246,12647340,0,0
main,rnr,4096,1,last,first,0,1,6,0,0,send,1,0xc5e0000000060000,13,RNR retry counter exceeded,0x87,255,0,0x1246,12649597,0,0
main,rnr,4096,1,last,first,0,2,7,0,0,send,1,0xc5e0000000070000,13,RNR retry counter exceeded,0x87,255,0,0x1246,12689958,0,0
main,rnr,4096,1,last,first,0,3,8,0,0,send,1,0xc5e0000000080000,13,RNR retry counter exceeded,0x87,255,0,0x1246,12651758,0,0
main,rnr,4096,1,last,first,0,4,9,0,0,send,1,0xc5e0000000090000,13,RNR retry counter exceeded,0x87,255,0,0x1246,12680715,0,0
main,rnr,4096,4,all,first,0,0,10,0,0,send,1,0xc5e00000000a0000,13,RNR retry counter exceeded,0x87,255,0,0x1246,12680928,0,0
main,rnr,4096,4,all,first,0,0,10,1,1,write,1,0xc5e00000000a0001,5,Work Request Flushed Error,0xf9,255,0,0x1246,12739693,0,0
main,rnr,4096,4,all,first,0,0,10,2,2,write,1,0xc5e00000000a0002,5,Work Request Flushed Error,0xf9,255,0,0x1246,12749169,0,0
main,rnr,4096,4,all,first,0,0,10,3,3,write,1,0xc5e00000000a0003,5,Work Request Flushed Error,0xf9,255,0,0x1246,12758508,0,0
main,rnr,4096,4,all,first,0,1,11,0,0,send,1,0xc5e00000000b0000,13,RNR retry counter exceeded,0x87,255,0,0x1246,12606939,0,0
main,rnr,4096,4,all,first,0,1,11,1,1,write,1,0xc5e00000000b0001,5,Work Request Flushed Error,0xf9,255,0,0x1246,12666457,0,0
main,rnr,4096,4,all,first,0,1,11,2,2,write,1,0xc5e00000000b0002,5,Work Request Flushed Error,0xf9,255,0,0x1246,12676082,0,0
main,rnr,4096,4,all,first,0,1,11,3,3,write,1,0xc5e00000000b0003,5,Work Request Flushed Error,0xf9,255,0,0x1246,12685448,0,0
main,rnr,4096,4,all,first,0,2,12,0,0,send,1,0xc5e00000000c0000,13,RNR retry counter exceeded,0x87,255,0,0x1246,12594156,0,0
main,rnr,4096,4,all,first,0,2,12,1,1,write,1,0xc5e00000000c0001,5,Work Request Flushed Error,0xf9,255,0,0x1246,12652817,0,0
main,rnr,4096,4,all,first,0,2,12,2,2,write,1,0xc5e00000000c0002,5,Work Request Flushed Error,0xf9,255,0,0x1246,12662207,0,0
main,rnr,4096,4,all,first,0,2,12,3,3,write,1,0xc5e00000000c0003,5,Work Request Flushed Error,0xf9,255,0,0x1246,12671936,0,0
main,rnr,4096,4,all,first,0,3,13,0,0,send,1,0xc5e00000000d0000,13,RNR retry counter exceeded,0x87,255,0,0x1246,12597239,0,0
main,rnr,4096,4,all,first,0,3,13,1,1,write,1,0xc5e00000000d0001,5,Work Request Flushed Error,0xf9,255,0,0x1246,12655792,0,0
main,rnr,4096,4,all,first,0,3,13,2,2,write,1,0xc5e00000000d0002,5,Work Request Flushed Error,0xf9,255,0,0x1246,12665311,0,0
main,rnr,4096,4,all,first,0,3,13,3,3,write,1,0xc5e00000000d0003,5,Work Request Flushed Error,0xf9,255,0,0x1246,12674642,0,0
main,rnr,4096,4,all,first,0,4,14,0,0,send,1,0xc5e00000000e0000,13,RNR retry counter exceeded,0x87,255,0,0x1246,12596752,0,0
main,rnr,4096,4,all,first,0,4,14,1,1,write,1,0xc5e00000000e0001,5,Work Request Flushed Error,0xf9,255,0,0x1246,12655560,0,0
main,rnr,4096,4,all,first,0,4,14,2,2,write,1,0xc5e00000000e0002,5,Work Request Flushed Error,0xf9,255,0,0x1246,12665073,0,0
main,rnr,4096,4,all,first,0,4,14,3,3,write,1,0xc5e00000000e0003,5,Work Request Flushed Error,0xf9,255,0,0x1246,12674477,0,0
main,rnr,4096,4,all,middle,2,0,15,0,0,write,1,0xc5e00000000f0000,0,success,0x0,1,0,0x1246,3377,0,0
main,rnr,4096,4,all,middle,2,0,15,1,1,write,1,0xc5e00000000f0001,0,success,0x0,1,0,0x1246,3714,0,0
main,rnr,4096,4,all,middle,2,0,15,2,2,send,1,0xc5e00000000f0002,13,RNR retry counter exceeded,0x87,255,0,0x1246,12591117,0,0
main,rnr,4096,4,all,middle,2,0,15,3,3,write,1,0xc5e00000000f0003,5,Work Request Flushed Error,0xf9,255,0,0x1246,12650311,0,0
main,rnr,4096,4,all,middle,2,1,16,0,0,write,1,0xc5e0000000100000,0,success,0x0,1,0,0x1246,3487,0,0
main,rnr,4096,4,all,middle,2,1,16,1,1,write,1,0xc5e0000000100001,0,success,0x0,1,0,0x1246,3809,0,0
main,rnr,4096,4,all,middle,2,1,16,2,2,send,1,0xc5e0000000100002,13,RNR retry counter exceeded,0x87,255,0,0x1246,12582426,0,0
main,rnr,4096,4,all,middle,2,1,16,3,3,write,1,0xc5e0000000100003,5,Work Request Flushed Error,0xf9,255,0,0x1246,12641156,0,0
main,rnr,4096,4,all,middle,2,2,17,0,0,write,1,0xc5e0000000110000,0,success,0x0,1,0,0x1246,3368,0,0
main,rnr,4096,4,all,middle,2,2,17,1,1,write,1,0xc5e0000000110001,0,success,0x0,1,0,0x1246,3682,0,0
main,rnr,4096,4,all,middle,2,2,17,2,2,send,1,0xc5e0000000110002,13,RNR retry counter exceeded,0x87,255,0,0x1246,12581254,0,0
main,rnr,4096,4,all,middle,2,2,17,3,3,write,1,0xc5e0000000110003,5,Work Request Flushed Error,0xf9,255,0,0x1246,12640002,0,0
main,rnr,4096,4,all,middle,2,3,18,0,0,write,1,0xc5e0000000120000,0,success,0x0,1,0,0x1246,3450,0,0
main,rnr,4096,4,all,middle,2,3,18,1,1,write,1,0xc5e0000000120001,0,success,0x0,1,0,0x1246,3742,0,0
main,rnr,4096,4,all,middle,2,3,18,2,2,send,1,0xc5e0000000120002,13,RNR retry counter exceeded,0x87,255,0,0x1246,12610160,0,0
main,rnr,4096,4,all,middle,2,3,18,3,3,write,1,0xc5e0000000120003,5,Work Request Flushed Error,0xf9,255,0,0x1246,12669119,0,0
main,rnr,4096,4,all,middle,2,4,19,0,0,write,1,0xc5e0000000130000,0,success,0x0,1,0,0x1246,3379,0,0
main,rnr,4096,4,all,middle,2,4,19,1,1,write,1,0xc5e0000000130001,0,success,0x0,1,0,0x1246,3706,0,0
main,rnr,4096,4,all,middle,2,4,19,2,2,send,1,0xc5e0000000130002,13,RNR retry counter exceeded,0x87,255,0,0x1246,12578071,0,0
main,rnr,4096,4,all,middle,2,4,19,3,3,write,1,0xc5e0000000130003,5,Work Request Flushed Error,0xf9,255,0,0x1246,12638181,0,0
main,rnr,4096,4,last,first,0,0,20,0,0,send,0,0xc5e0000000140000,13,RNR retry counter exceeded,0x87,255,0,0x1246,12590024,0,0
main,rnr,4096,4,last,first,0,0,20,1,1,write,0,0xc5e0000000140001,5,Work Request Flushed Error,0xf9,255,0,0x1246,12649990,0,0
main,rnr,4096,4,last,first,0,0,20,2,2,write,0,0xc5e0000000140002,5,Work Request Flushed Error,0xf9,255,0,0x1246,12659682,0,0
main,rnr,4096,4,last,first,0,0,20,3,3,write,1,0xc5e0000000140003,5,Work Request Flushed Error,0xf9,255,0,0x1246,12669186,0,0
main,rnr,4096,4,last,first,0,1,21,0,0,send,0,0xc5e0000000150000,13,RNR retry counter exceeded,0x87,255,0,0x1246,12574842,0,0
main,rnr,4096,4,last,first,0,1,21,1,1,write,0,0xc5e0000000150001,5,Work Request Flushed Error,0xf9,255,0,0x1246,12635327,0,0
main,rnr,4096,4,last,first,0,1,21,2,2,write,0,0xc5e0000000150002,5,Work Request Flushed Error,0xf9,255,0,0x1246,12643492,0,0
main,rnr,4096,4,last,first,0,1,21,3,3,write,1,0xc5e0000000150003,5,Work Request Flushed Error,0xf9,255,0,0x1246,12652979,0,0
main,rnr,4096,4,last,first,0,2,22,0,0,send,0,0xc5e0000000160000,13,RNR retry counter exceeded,0x87,255,0,0x1246,12543502,0,0
main,rnr,4096,4,last,first,0,2,22,1,1,write,0,0xc5e0000000160001,5,Work Request Flushed Error,0xf9,255,0,0x1246,12602504,0,0
main,rnr,4096,4,last,first,0,2,22,2,2,write,0,0xc5e0000000160002,5,Work Request Flushed Error,0xf9,255,0,0x1246,12612058,0,0
main,rnr,4096,4,last,first,0,2,22,3,3,write,1,0xc5e0000000160003,5,Work Request Flushed Error,0xf9,255,0,0x1246,12621475,0,0
main,rnr,4096,4,last,first,0,3,23,0,0,send,0,0xc5e0000000170000,13,RNR retry counter exceeded,0x87,255,0,0x1246,12584109,0,0
main,rnr,4096,4,last,first,0,3,23,1,1,write,0,0xc5e0000000170001,5,Work Request Flushed Error,0xf9,255,0,0x1246,12642889,0,0
main,rnr,4096,4,last,first,0,3,23,2,2,write,0,0xc5e0000000170002,5,Work Request Flushed Error,0xf9,255,0,0x1246,12652597,0,0
main,rnr,4096,4,last,first,0,3,23,3,3,write,1,0xc5e0000000170003,5,Work Request Flushed Error,0xf9,255,0,0x1246,12662074,0,0
main,rnr,4096,4,last,first,0,4,24,0,0,send,0,0xc5e0000000180000,13,RNR retry counter exceeded,0x87,255,0,0x1246,12568476,0,0
main,rnr,4096,4,last,first,0,4,24,1,1,write,0,0xc5e0000000180001,5,Work Request Flushed Error,0xf9,255,0,0x1246,12627436,0,0
main,rnr,4096,4,last,first,0,4,24,2,2,write,0,0xc5e0000000180002,5,Work Request Flushed Error,0xf9,255,0,0x1246,12636910,0,0
main,rnr,4096,4,last,first,0,4,24,3,3,write,1,0xc5e0000000180003,5,Work Request Flushed Error,0xf9,255,0,0x1246,12646235,0,0
main,rnr,4096,4,last,middle,2,0,25,0,2,send,0,0xc5e0000000190002,13,RNR retry counter exceeded,0x87,255,0,0x1246,12580444,0,0
main,rnr,4096,4,last,middle,2,0,25,1,3,write,1,0xc5e0000000190003,5,Work Request Flushed Error,0xf9,255,0,0x1246,12639652,0,0
main,rnr,4096,4,last,middle,2,1,26,0,2,send,0,0xc5e00000001a0002,13,RNR retry counter exceeded,0x87,255,0,0x1246,12610919,0,0
main,rnr,4096,4,last,middle,2,1,26,1,3,write,1,0xc5e00000001a0003,5,Work Request Flushed Error,0xf9,255,0,0x1246,12669928,0,0
main,rnr,4096,4,last,middle,2,2,27,0,2,send,0,0xc5e00000001b0002,13,RNR retry counter exceeded,0x87,255,0,0x1246,12614351,0,0
main,rnr,4096,4,last,middle,2,2,27,1,3,write,1,0xc5e00000001b0003,5,Work Request Flushed Error,0xf9,255,0,0x1246,12673112,0,0
main,rnr,4096,4,last,middle,2,3,28,0,2,send,0,0xc5e00000001c0002,13,RNR retry counter exceeded,0x87,255,0,0x1246,12596818,0,0
main,rnr,4096,4,last,middle,2,3,28,1,3,write,1,0xc5e00000001c0003,5,Work Request Flushed Error,0xf9,255,0,0x1246,12655800,0,0
main,rnr,4096,4,last,middle,2,4,29,0,2,send,0,0xc5e00000001d0002,13,RNR retry counter exceeded,0x87,255,0,0x1246,12590082,0,0
main,rnr,4096,4,last,middle,2,4,29,1,3,write,1,0xc5e00000001d0003,5,Work Request Flushed Error,0xf9,255,0,0x1246,12648956,0,0
main,rnr,4096,16,all,first,0,0,30,0,0,send,1,0xc5e00000001e0000,13,RNR retry counter exceeded,0x87,255,0,0x1246,12603768,0,0
main,rnr,4096,16,all,first,0,0,30,1,1,write,1,0xc5e00000001e0001,5,Work Request Flushed Error,0xf9,255,0,0x1246,12662579,0,0
main,rnr,4096,16,all,first,0,0,30,2,2,write,1,0xc5e00000001e0002,5,Work Request Flushed Error,0xf9,255,0,0x1246,12672184,0,0
main,rnr,4096,16,all,first,0,0,30,3,3,write,1,0xc5e00000001e0003,5,Work Request Flushed Error,0xf9,255,0,0x1246,12681626,0,0
main,rnr,4096,16,all,first,0,0,30,4,4,write,1,0xc5e00000001e0004,5,Work Request Flushed Error,0xf9,255,0,0x1246,12690987,0,0
main,rnr,4096,16,all,first,0,0,30,5,5,write,1,0xc5e00000001e0005,5,Work Request Flushed Error,0xf9,255,0,0x1246,12700379,0,0
main,rnr,4096,16,all,first,0,0,30,6,6,write,1,0xc5e00000001e0006,5,Work Request Flushed Error,0xf9,255,0,0x1246,12709693,0,0
main,rnr,4096,16,all,first,0,0,30,7,7,write,1,0xc5e00000001e0007,5,Work Request Flushed Error,0xf9,255,0,0x1246,12718981,0,0
main,rnr,4096,16,all,first,0,0,30,8,8,write,1,0xc5e00000001e0008,5,Work Request Flushed Error,0xf9,255,0,0x1246,12728317,0,0
main,rnr,4096,16,all,first,0,0,30,9,9,write,1,0xc5e00000001e0009,5,Work Request Flushed Error,0xf9,255,0,0x1246,12737664,0,0
main,rnr,4096,16,all,first,0,0,30,10,10,write,1,0xc5e00000001e000a,5,Work Request Flushed Error,0xf9,255,0,0x1246,12747092,0,0
main,rnr,4096,16,all,first,0,0,30,11,11,write,1,0xc5e00000001e000b,5,Work Request Flushed Error,0xf9,255,0,0x1246,12756379,0,0
main,rnr,4096,16,all,first,0,0,30,12,12,write,1,0xc5e00000001e000c,5,Work Request Flushed Error,0xf9,255,0,0x1246,12765678,0,0
main,rnr,4096,16,all,first,0,0,30,13,13,write,1,0xc5e00000001e000d,5,Work Request Flushed Error,0xf9,255,0,0x1246,12775018,0,0
main,rnr,4096,16,all,first,0,0,30,14,14,write,1,0xc5e00000001e000e,5,Work Request Flushed Error,0xf9,255,0,0x1246,12784344,0,0
main,rnr,4096,16,all,first,0,0,30,15,15,write,1,0xc5e00000001e000f,5,Work Request Flushed Error,0xf9,255,0,0x1246,12793666,0,0
main,rnr,4096,16,all,first,0,1,31,0,0,send,1,0xc5e00000001f0000,13,RNR retry counter exceeded,0x87,255,0,0x1246,12430363,0,0
main,rnr,4096,16,all,first,0,1,31,1,1,write,1,0xc5e00000001f0001,5,Work Request Flushed Error,0xf9,255,0,0x1246,12489549,0,0
main,rnr,4096,16,all,first,0,1,31,2,2,write,1,0xc5e00000001f0002,5,Work Request Flushed Error,0xf9,255,0,0x1246,12499222,0,0
main,rnr,4096,16,all,first,0,1,31,3,3,write,1,0xc5e00000001f0003,5,Work Request Flushed Error,0xf9,255,0,0x1246,12508586,0,0
main,rnr,4096,16,all,first,0,1,31,4,4,write,1,0xc5e00000001f0004,5,Work Request Flushed Error,0xf9,255,0,0x1246,12517923,0,0
main,rnr,4096,16,all,first,0,1,31,5,5,write,1,0xc5e00000001f0005,5,Work Request Flushed Error,0xf9,255,0,0x1246,12527230,0,0
main,rnr,4096,16,all,first,0,1,31,6,6,write,1,0xc5e00000001f0006,5,Work Request Flushed Error,0xf9,255,0,0x1246,12536506,0,0
main,rnr,4096,16,all,first,0,1,31,7,7,write,1,0xc5e00000001f0007,5,Work Request Flushed Error,0xf9,255,0,0x1246,12546051,0,0
main,rnr,4096,16,all,first,0,1,31,8,8,write,1,0xc5e00000001f0008,5,Work Request Flushed Error,0xf9,255,0,0x1246,12555353,0,0
main,rnr,4096,16,all,first,0,1,31,9,9,write,1,0xc5e00000001f0009,5,Work Request Flushed Error,0xf9,255,0,0x1246,12564682,0,0
main,rnr,4096,16,all,first,0,1,31,10,10,write,1,0xc5e00000001f000a,5,Work Request Flushed Error,0xf9,255,0,0x1246,12574000,0,0
main,rnr,4096,16,all,first,0,1,31,11,11,write,1,0xc5e00000001f000b,5,Work Request Flushed Error,0xf9,255,0,0x1246,12583328,0,0
main,rnr,4096,16,all,first,0,1,31,12,12,write,1,0xc5e00000001f000c,5,Work Request Flushed Error,0xf9,255,0,0x1246,12592657,0,0
main,rnr,4096,16,all,first,0,1,31,13,13,write,1,0xc5e00000001f000d,5,Work Request Flushed Error,0xf9,255,0,0x1246,12601999,0,0
main,rnr,4096,16,all,first,0,1,31,14,14,write,1,0xc5e00000001f000e,5,Work Request Flushed Error,0xf9,255,0,0x1246,12611348,0,0
main,rnr,4096,16,all,first,0,1,31,15,15,write,1,0xc5e00000001f000f,5,Work Request Flushed Error,0xf9,255,0,0x1246,12620673,0,0
main,rnr,4096,16,all,first,0,2,32,0,0,send,1,0xc5e0000000200000,13,RNR retry counter exceeded,0x87,255,0,0x1246,12407876,0,0
main,rnr,4096,16,all,first,0,2,32,1,1,write,1,0xc5e0000000200001,5,Work Request Flushed Error,0xf9,255,0,0x1246,12473356,0,0
main,rnr,4096,16,all,first,0,2,32,2,2,write,1,0xc5e0000000200002,5,Work Request Flushed Error,0xf9,255,0,0x1246,12483061,0,0
main,rnr,4096,16,all,first,0,2,32,3,3,write,1,0xc5e0000000200003,5,Work Request Flushed Error,0xf9,255,0,0x1246,12492643,0,0
main,rnr,4096,16,all,first,0,2,32,4,4,write,1,0xc5e0000000200004,5,Work Request Flushed Error,0xf9,255,0,0x1246,12502104,0,0
main,rnr,4096,16,all,first,0,2,32,5,5,write,1,0xc5e0000000200005,5,Work Request Flushed Error,0xf9,255,0,0x1246,12511436,0,0
main,rnr,4096,16,all,first,0,2,32,6,6,write,1,0xc5e0000000200006,5,Work Request Flushed Error,0xf9,255,0,0x1246,12520856,0,0
main,rnr,4096,16,all,first,0,2,32,7,7,write,1,0xc5e0000000200007,5,Work Request Flushed Error,0xf9,255,0,0x1246,12530276,0,0
main,rnr,4096,16,all,first,0,2,32,8,8,write,1,0xc5e0000000200008,5,Work Request Flushed Error,0xf9,255,0,0x1246,12539890,0,0
main,rnr,4096,16,all,first,0,2,32,9,9,write,1,0xc5e0000000200009,5,Work Request Flushed Error,0xf9,255,0,0x1246,12549221,0,0
main,rnr,4096,16,all,first,0,2,32,10,10,write,1,0xc5e000000020000a,5,Work Request Flushed Error,0xf9,255,0,0x1246,12558646,0,0
main,rnr,4096,16,all,first,0,2,32,11,11,write,1,0xc5e000000020000b,5,Work Request Flushed Error,0xf9,255,0,0x1246,12568102,0,0
main,rnr,4096,16,all,first,0,2,32,12,12,write,1,0xc5e000000020000c,5,Work Request Flushed Error,0xf9,255,0,0x1246,12577532,0,0
main,rnr,4096,16,all,first,0,2,32,13,13,write,1,0xc5e000000020000d,5,Work Request Flushed Error,0xf9,255,0,0x1246,12587019,0,0
main,rnr,4096,16,all,first,0,2,32,14,14,write,1,0xc5e000000020000e,5,Work Request Flushed Error,0xf9,255,0,0x1246,12596439,0,0
main,rnr,4096,16,all,first,0,2,32,15,15,write,1,0xc5e000000020000f,5,Work Request Flushed Error,0xf9,255,0,0x1246,12605863,0,0
main,rnr,4096,16,all,first,0,3,33,0,0,send,1,0xc5e0000000210000,13,RNR retry counter exceeded,0x87,255,0,0x1246,12421492,0,0
main,rnr,4096,16,all,first,0,3,33,1,1,write,1,0xc5e0000000210001,5,Work Request Flushed Error,0xf9,255,0,0x1246,12481485,0,0
main,rnr,4096,16,all,first,0,3,33,2,2,write,1,0xc5e0000000210002,5,Work Request Flushed Error,0xf9,255,0,0x1246,12491072,0,0
main,rnr,4096,16,all,first,0,3,33,3,3,write,1,0xc5e0000000210003,5,Work Request Flushed Error,0xf9,255,0,0x1246,12500614,0,0
main,rnr,4096,16,all,first,0,3,33,4,4,write,1,0xc5e0000000210004,5,Work Request Flushed Error,0xf9,255,0,0x1246,12510096,0,0
main,rnr,4096,16,all,first,0,3,33,5,5,write,1,0xc5e0000000210005,5,Work Request Flushed Error,0xf9,255,0,0x1246,12519852,0,0
main,rnr,4096,16,all,first,0,3,33,6,6,write,1,0xc5e0000000210006,5,Work Request Flushed Error,0xf9,255,0,0x1246,12529188,0,0
main,rnr,4096,16,all,first,0,3,33,7,7,write,1,0xc5e0000000210007,5,Work Request Flushed Error,0xf9,255,0,0x1246,12538591,0,0
main,rnr,4096,16,all,first,0,3,33,8,8,write,1,0xc5e0000000210008,5,Work Request Flushed Error,0xf9,255,0,0x1246,12547960,0,0
main,rnr,4096,16,all,first,0,3,33,9,9,write,1,0xc5e0000000210009,5,Work Request Flushed Error,0xf9,255,0,0x1246,12557389,0,0
main,rnr,4096,16,all,first,0,3,33,10,10,write,1,0xc5e000000021000a,5,Work Request Flushed Error,0xf9,255,0,0x1246,12566877,0,0
main,rnr,4096,16,all,first,0,3,33,11,11,write,1,0xc5e000000021000b,5,Work Request Flushed Error,0xf9,255,0,0x1246,12576298,0,0
main,rnr,4096,16,all,first,0,3,33,12,12,write,1,0xc5e000000021000c,5,Work Request Flushed Error,0xf9,255,0,0x1246,12585725,0,0
main,rnr,4096,16,all,first,0,3,33,13,13,write,1,0xc5e000000021000d,5,Work Request Flushed Error,0xf9,255,0,0x1246,12595160,0,0
main,rnr,4096,16,all,first,0,3,33,14,14,write,1,0xc5e000000021000e,5,Work Request Flushed Error,0xf9,255,0,0x1246,12604489,0,0
main,rnr,4096,16,all,first,0,3,33,15,15,write,1,0xc5e000000021000f,5,Work Request Flushed Error,0xf9,255,0,0x1246,12613949,0,0
main,rnr,4096,16,all,first,0,4,34,0,0,send,1,0xc5e0000000220000,13,RNR retry counter exceeded,0x87,255,0,0x1246,12448598,0,0
main,rnr,4096,16,all,first,0,4,34,1,1,write,1,0xc5e0000000220001,5,Work Request Flushed Error,0xf9,255,0,0x1246,12507561,0,0
main,rnr,4096,16,all,first,0,4,34,2,2,write,1,0xc5e0000000220002,5,Work Request Flushed Error,0xf9,255,0,0x1246,12517594,0,0
main,rnr,4096,16,all,first,0,4,34,3,3,write,1,0xc5e0000000220003,5,Work Request Flushed Error,0xf9,255,0,0x1246,12527027,0,0
main,rnr,4096,16,all,first,0,4,34,4,4,write,1,0xc5e0000000220004,5,Work Request Flushed Error,0xf9,255,0,0x1246,12536391,0,0
main,rnr,4096,16,all,first,0,4,34,5,5,write,1,0xc5e0000000220005,5,Work Request Flushed Error,0xf9,255,0,0x1246,12545719,0,0
main,rnr,4096,16,all,first,0,4,34,6,6,write,1,0xc5e0000000220006,5,Work Request Flushed Error,0xf9,255,0,0x1246,12555046,0,0
main,rnr,4096,16,all,first,0,4,34,7,7,write,1,0xc5e0000000220007,5,Work Request Flushed Error,0xf9,255,0,0x1246,12564478,0,0
main,rnr,4096,16,all,first,0,4,34,8,8,write,1,0xc5e0000000220008,5,Work Request Flushed Error,0xf9,255,0,0x1246,12573772,0,0
main,rnr,4096,16,all,first,0,4,34,9,9,write,1,0xc5e0000000220009,5,Work Request Flushed Error,0xf9,255,0,0x1246,12583065,0,0
main,rnr,4096,16,all,first,0,4,34,10,10,write,1,0xc5e000000022000a,5,Work Request Flushed Error,0xf9,255,0,0x1246,12592354,0,0
main,rnr,4096,16,all,first,0,4,34,11,11,write,1,0xc5e000000022000b,5,Work Request Flushed Error,0xf9,255,0,0x1246,12601663,0,0
main,rnr,4096,16,all,first,0,4,34,12,12,write,1,0xc5e000000022000c,5,Work Request Flushed Error,0xf9,255,0,0x1246,12611045,0,0
main,rnr,4096,16,all,first,0,4,34,13,13,write,1,0xc5e000000022000d,5,Work Request Flushed Error,0xf9,255,0,0x1246,12620370,0,0
main,rnr,4096,16,all,first,0,4,34,14,14,write,1,0xc5e000000022000e,5,Work Request Flushed Error,0xf9,255,0,0x1246,12629653,0,0
main,rnr,4096,16,all,first,0,4,34,15,15,write,1,0xc5e000000022000f,5,Work Request Flushed Error,0xf9,255,0,0x1246,12638965,0,0
main,rnr,4096,16,all,middle,8,0,35,0,0,write,1,0xc5e0000000230000,0,success,0x0,1,0,0x1246,5075,0,0
main,rnr,4096,16,all,middle,8,0,35,1,1,write,1,0xc5e0000000230001,0,success,0x0,1,0,0x1246,5410,0,0
main,rnr,4096,16,all,middle,8,0,35,2,2,write,1,0xc5e0000000230002,0,success,0x0,1,0,0x1246,5745,0,0
main,rnr,4096,16,all,middle,8,0,35,3,3,write,1,0xc5e0000000230003,0,success,0x0,1,0,0x1246,6078,0,0
main,rnr,4096,16,all,middle,8,0,35,4,4,write,1,0xc5e0000000230004,0,success,0x0,1,0,0x1246,6411,0,0
main,rnr,4096,16,all,middle,8,0,35,5,5,write,1,0xc5e0000000230005,0,success,0x0,1,0,0x1246,6754,0,0
main,rnr,4096,16,all,middle,8,0,35,6,6,write,1,0xc5e0000000230006,0,success,0x0,1,0,0x1246,7091,0,0
main,rnr,4096,16,all,middle,8,0,35,7,7,write,1,0xc5e0000000230007,0,success,0x0,1,0,0x1246,7425,0,0
main,rnr,4096,16,all,middle,8,0,35,8,8,send,1,0xc5e0000000230008,13,RNR retry counter exceeded,0x87,255,0,0x1246,12456598,0,0
main,rnr,4096,16,all,middle,8,0,35,9,9,write,1,0xc5e0000000230009,5,Work Request Flushed Error,0xf9,255,0,0x1246,12515446,0,0
main,rnr,4096,16,all,middle,8,0,35,10,10,write,1,0xc5e000000023000a,5,Work Request Flushed Error,0xf9,255,0,0x1246,12524980,0,0
main,rnr,4096,16,all,middle,8,0,35,11,11,write,1,0xc5e000000023000b,5,Work Request Flushed Error,0xf9,255,0,0x1246,12534423,0,0
main,rnr,4096,16,all,middle,8,0,35,12,12,write,1,0xc5e000000023000c,5,Work Request Flushed Error,0xf9,255,0,0x1246,12544036,0,0
main,rnr,4096,16,all,middle,8,0,35,13,13,write,1,0xc5e000000023000d,5,Work Request Flushed Error,0xf9,255,0,0x1246,12553352,0,0
main,rnr,4096,16,all,middle,8,0,35,14,14,write,1,0xc5e000000023000e,5,Work Request Flushed Error,0xf9,255,0,0x1246,12562647,0,0
main,rnr,4096,16,all,middle,8,0,35,15,15,write,1,0xc5e000000023000f,5,Work Request Flushed Error,0xf9,255,0,0x1246,12572041,0,0
main,rnr,4096,16,all,middle,8,1,36,0,0,write,1,0xc5e0000000240000,0,success,0x0,1,0,0x1246,5120,0,0
main,rnr,4096,16,all,middle,8,1,36,1,1,write,1,0xc5e0000000240001,0,success,0x0,1,0,0x1246,5412,0,0
main,rnr,4096,16,all,middle,8,1,36,2,2,write,1,0xc5e0000000240002,0,success,0x0,1,0,0x1246,5776,0,0
main,rnr,4096,16,all,middle,8,1,36,3,3,write,1,0xc5e0000000240003,0,success,0x0,1,0,0x1246,6083,0,0
main,rnr,4096,16,all,middle,8,1,36,4,4,write,1,0xc5e0000000240004,0,success,0x0,1,0,0x1246,6421,0,0
main,rnr,4096,16,all,middle,8,1,36,5,5,write,1,0xc5e0000000240005,0,success,0x0,1,0,0x1246,6762,0,0
main,rnr,4096,16,all,middle,8,1,36,6,6,write,1,0xc5e0000000240006,0,success,0x0,1,0,0x1246,7102,0,0
main,rnr,4096,16,all,middle,8,1,36,7,7,write,1,0xc5e0000000240007,0,success,0x0,1,0,0x1246,7420,0,0
main,rnr,4096,16,all,middle,8,1,36,8,8,send,1,0xc5e0000000240008,13,RNR retry counter exceeded,0x87,255,0,0x1246,12514363,0,0
main,rnr,4096,16,all,middle,8,1,36,9,9,write,1,0xc5e0000000240009,5,Work Request Flushed Error,0xf9,255,0,0x1246,12573782,0,0
main,rnr,4096,16,all,middle,8,1,36,10,10,write,1,0xc5e000000024000a,5,Work Request Flushed Error,0xf9,255,0,0x1246,12583245,0,0
main,rnr,4096,16,all,middle,8,1,36,11,11,write,1,0xc5e000000024000b,5,Work Request Flushed Error,0xf9,255,0,0x1246,12592677,0,0
main,rnr,4096,16,all,middle,8,1,36,12,12,write,1,0xc5e000000024000c,5,Work Request Flushed Error,0xf9,255,0,0x1246,12602037,0,0
main,rnr,4096,16,all,middle,8,1,36,13,13,write,1,0xc5e000000024000d,5,Work Request Flushed Error,0xf9,255,0,0x1246,12611502,0,0
main,rnr,4096,16,all,middle,8,1,36,14,14,write,1,0xc5e000000024000e,5,Work Request Flushed Error,0xf9,255,0,0x1246,12620882,0,0
main,rnr,4096,16,all,middle,8,1,36,15,15,write,1,0xc5e000000024000f,5,Work Request Flushed Error,0xf9,255,0,0x1246,12630164,0,0
main,rnr,4096,16,all,middle,8,2,37,0,0,write,1,0xc5e0000000250000,0,success,0x0,1,0,0x1246,4957,0,0
main,rnr,4096,16,all,middle,8,2,37,1,1,write,1,0xc5e0000000250001,0,success,0x0,1,0,0x1246,5266,0,0
main,rnr,4096,16,all,middle,8,2,37,2,2,write,1,0xc5e0000000250002,0,success,0x0,1,0,0x1246,5609,0,0
main,rnr,4096,16,all,middle,8,2,37,3,3,write,1,0xc5e0000000250003,0,success,0x0,1,0,0x1246,5945,0,0
main,rnr,4096,16,all,middle,8,2,37,4,4,write,1,0xc5e0000000250004,0,success,0x0,1,0,0x1246,6284,0,0
main,rnr,4096,16,all,middle,8,2,37,5,5,write,1,0xc5e0000000250005,0,success,0x0,1,0,0x1246,6621,0,0
main,rnr,4096,16,all,middle,8,2,37,6,6,write,1,0xc5e0000000250006,0,success,0x0,1,0,0x1246,6955,0,0
main,rnr,4096,16,all,middle,8,2,37,7,7,write,1,0xc5e0000000250007,0,success,0x0,1,0,0x1246,7286,0,0
main,rnr,4096,16,all,middle,8,2,37,8,8,send,1,0xc5e0000000250008,13,RNR retry counter exceeded,0x87,255,0,0x1246,12499149,0,0
main,rnr,4096,16,all,middle,8,2,37,9,9,write,1,0xc5e0000000250009,5,Work Request Flushed Error,0xf9,255,0,0x1246,12557771,0,0
main,rnr,4096,16,all,middle,8,2,37,10,10,write,1,0xc5e000000025000a,5,Work Request Flushed Error,0xf9,255,0,0x1246,12567378,0,0
main,rnr,4096,16,all,middle,8,2,37,11,11,write,1,0xc5e000000025000b,5,Work Request Flushed Error,0xf9,255,0,0x1246,12576765,0,0
main,rnr,4096,16,all,middle,8,2,37,12,12,write,1,0xc5e000000025000c,5,Work Request Flushed Error,0xf9,255,0,0x1246,12586120,0,0
main,rnr,4096,16,all,middle,8,2,37,13,13,write,1,0xc5e000000025000d,5,Work Request Flushed Error,0xf9,255,0,0x1246,12595403,0,0
main,rnr,4096,16,all,middle,8,2,37,14,14,write,1,0xc5e000000025000e,5,Work Request Flushed Error,0xf9,255,0,0x1246,12604759,0,0
main,rnr,4096,16,all,middle,8,2,37,15,15,write,1,0xc5e000000025000f,5,Work Request Flushed Error,0xf9,255,0,0x1246,12614231,0,0
main,rnr,4096,16,all,middle,8,3,38,0,0,write,1,0xc5e0000000260000,0,success,0x0,1,0,0x1246,5104,0,0
main,rnr,4096,16,all,middle,8,3,38,1,1,write,1,0xc5e0000000260001,0,success,0x0,1,0,0x1246,5397,0,0
main,rnr,4096,16,all,middle,8,3,38,2,2,write,1,0xc5e0000000260002,0,success,0x0,1,0,0x1246,5722,0,0
main,rnr,4096,16,all,middle,8,3,38,3,3,write,1,0xc5e0000000260003,0,success,0x0,1,0,0x1246,6047,0,0
main,rnr,4096,16,all,middle,8,3,38,4,4,write,1,0xc5e0000000260004,0,success,0x0,1,0,0x1246,6774,0,0
main,rnr,4096,16,all,middle,8,3,38,5,5,write,1,0xc5e0000000260005,0,success,0x0,1,0,0x1246,6834,0,0
main,rnr,4096,16,all,middle,8,3,38,6,6,write,1,0xc5e0000000260006,0,success,0x0,1,0,0x1246,7065,0,0
main,rnr,4096,16,all,middle,8,3,38,7,7,write,1,0xc5e0000000260007,0,success,0x0,1,0,0x1246,7419,0,0
main,rnr,4096,16,all,middle,8,3,38,8,8,send,1,0xc5e0000000260008,13,RNR retry counter exceeded,0x87,255,0,0x1246,12531228,0,0
main,rnr,4096,16,all,middle,8,3,38,9,9,write,1,0xc5e0000000260009,5,Work Request Flushed Error,0xf9,255,0,0x1246,12589800,0,0
main,rnr,4096,16,all,middle,8,3,38,10,10,write,1,0xc5e000000026000a,5,Work Request Flushed Error,0xf9,255,0,0x1246,12599221,0,0
main,rnr,4096,16,all,middle,8,3,38,11,11,write,1,0xc5e000000026000b,5,Work Request Flushed Error,0xf9,255,0,0x1246,12608639,0,0
main,rnr,4096,16,all,middle,8,3,38,12,12,write,1,0xc5e000000026000c,5,Work Request Flushed Error,0xf9,255,0,0x1246,12618175,0,0
main,rnr,4096,16,all,middle,8,3,38,13,13,write,1,0xc5e000000026000d,5,Work Request Flushed Error,0xf9,255,0,0x1246,12627476,0,0
main,rnr,4096,16,all,middle,8,3,38,14,14,write,1,0xc5e000000026000e,5,Work Request Flushed Error,0xf9,255,0,0x1246,12636743,0,0
main,rnr,4096,16,all,middle,8,3,38,15,15,write,1,0xc5e000000026000f,5,Work Request Flushed Error,0xf9,255,0,0x1246,12646045,0,0
main,rnr,4096,16,all,middle,8,4,39,0,0,write,1,0xc5e0000000270000,0,success,0x0,1,0,0x1246,5139,0,0
main,rnr,4096,16,all,middle,8,4,39,1,1,write,1,0xc5e0000000270001,0,success,0x0,1,0,0x1246,5461,0,0
main,rnr,4096,16,all,middle,8,4,39,2,2,write,1,0xc5e0000000270002,0,success,0x0,1,0,0x1246,5786,0,0
main,rnr,4096,16,all,middle,8,4,39,3,3,write,1,0xc5e0000000270003,0,success,0x0,1,0,0x1246,6117,0,0
main,rnr,4096,16,all,middle,8,4,39,4,4,write,1,0xc5e0000000270004,0,success,0x0,1,0,0x1246,6451,0,0
main,rnr,4096,16,all,middle,8,4,39,5,5,write,1,0xc5e0000000270005,0,success,0x0,1,0,0x1246,6793,0,0
main,rnr,4096,16,all,middle,8,4,39,6,6,write,1,0xc5e0000000270006,0,success,0x0,1,0,0x1246,7125,0,0
main,rnr,4096,16,all,middle,8,4,39,7,7,write,1,0xc5e0000000270007,0,success,0x0,1,0,0x1246,7462,0,0
main,rnr,4096,16,all,middle,8,4,39,8,8,send,1,0xc5e0000000270008,13,RNR retry counter exceeded,0x87,255,0,0x1246,12505864,0,0
main,rnr,4096,16,all,middle,8,4,39,9,9,write,1,0xc5e0000000270009,5,Work Request Flushed Error,0xf9,255,0,0x1246,12565155,0,0
main,rnr,4096,16,all,middle,8,4,39,10,10,write,1,0xc5e000000027000a,5,Work Request Flushed Error,0xf9,255,0,0x1246,12574550,0,0
main,rnr,4096,16,all,middle,8,4,39,11,11,write,1,0xc5e000000027000b,5,Work Request Flushed Error,0xf9,255,0,0x1246,12583957,0,0
main,rnr,4096,16,all,middle,8,4,39,12,12,write,1,0xc5e000000027000c,5,Work Request Flushed Error,0xf9,255,0,0x1246,12593290,0,0
main,rnr,4096,16,all,middle,8,4,39,13,13,write,1,0xc5e000000027000d,5,Work Request Flushed Error,0xf9,255,0,0x1246,12602622,0,0
main,rnr,4096,16,all,middle,8,4,39,14,14,write,1,0xc5e000000027000e,5,Work Request Flushed Error,0xf9,255,0,0x1246,12611995,0,0
main,rnr,4096,16,all,middle,8,4,39,15,15,write,1,0xc5e000000027000f,5,Work Request Flushed Error,0xf9,255,0,0x1246,12621301,0,0
main,rnr,4096,16,last,first,0,0,40,0,0,send,0,0xc5e0000000280000,13,RNR retry counter exceeded,0x87,255,0,0x1246,12527264,0,0
main,rnr,4096,16,last,first,0,0,40,1,1,write,0,0xc5e0000000280001,5,Work Request Flushed Error,0xf9,255,0,0x1246,12586509,0,0
main,rnr,4096,16,last,first,0,0,40,2,2,write,0,0xc5e0000000280002,5,Work Request Flushed Error,0xf9,255,0,0x1246,12596141,0,0
main,rnr,4096,16,last,first,0,0,40,3,3,write,0,0xc5e0000000280003,5,Work Request Flushed Error,0xf9,255,0,0x1246,12605597,0,0
main,rnr,4096,16,last,first,0,0,40,4,4,write,0,0xc5e0000000280004,5,Work Request Flushed Error,0xf9,255,0,0x1246,12614936,0,0
main,rnr,4096,16,last,first,0,0,40,5,5,write,0,0xc5e0000000280005,5,Work Request Flushed Error,0xf9,255,0,0x1246,12624282,0,0
main,rnr,4096,16,last,first,0,0,40,6,6,write,0,0xc5e0000000280006,5,Work Request Flushed Error,0xf9,255,0,0x1246,12633652,0,0
main,rnr,4096,16,last,first,0,0,40,7,7,write,0,0xc5e0000000280007,5,Work Request Flushed Error,0xf9,255,0,0x1246,12642930,0,0
main,rnr,4096,16,last,first,0,0,40,8,8,write,0,0xc5e0000000280008,5,Work Request Flushed Error,0xf9,255,0,0x1246,12652469,0,0
main,rnr,4096,16,last,first,0,0,40,9,9,write,0,0xc5e0000000280009,5,Work Request Flushed Error,0xf9,255,0,0x1246,12661805,0,0
main,rnr,4096,16,last,first,0,0,40,10,10,write,0,0xc5e000000028000a,5,Work Request Flushed Error,0xf9,255,0,0x1246,12671146,0,0
main,rnr,4096,16,last,first,0,0,40,11,11,write,0,0xc5e000000028000b,5,Work Request Flushed Error,0xf9,255,0,0x1246,12680457,0,0
main,rnr,4096,16,last,first,0,0,40,12,12,write,0,0xc5e000000028000c,5,Work Request Flushed Error,0xf9,255,0,0x1246,12689776,0,0
main,rnr,4096,16,last,first,0,0,40,13,13,write,0,0xc5e000000028000d,5,Work Request Flushed Error,0xf9,255,0,0x1246,12699194,0,0
main,rnr,4096,16,last,first,0,0,40,14,14,write,0,0xc5e000000028000e,5,Work Request Flushed Error,0xf9,255,0,0x1246,12708467,0,0
main,rnr,4096,16,last,first,0,0,40,15,15,write,1,0xc5e000000028000f,5,Work Request Flushed Error,0xf9,255,0,0x1246,12717711,0,0
main,rnr,4096,16,last,first,0,1,41,0,0,send,0,0xc5e0000000290000,13,RNR retry counter exceeded,0x87,255,0,0x1246,12446484,0,0
main,rnr,4096,16,last,first,0,1,41,1,1,write,0,0xc5e0000000290001,5,Work Request Flushed Error,0xf9,255,0,0x1246,12505411,0,0
main,rnr,4096,16,last,first,0,1,41,2,2,write,0,0xc5e0000000290002,5,Work Request Flushed Error,0xf9,255,0,0x1246,12514988,0,0
main,rnr,4096,16,last,first,0,1,41,3,3,write,0,0xc5e0000000290003,5,Work Request Flushed Error,0xf9,255,0,0x1246,12524408,0,0
main,rnr,4096,16,last,first,0,1,41,4,4,write,0,0xc5e0000000290004,5,Work Request Flushed Error,0xf9,255,0,0x1246,12533776,0,0
main,rnr,4096,16,last,first,0,1,41,5,5,write,0,0xc5e0000000290005,5,Work Request Flushed Error,0xf9,255,0,0x1246,12543434,0,0
main,rnr,4096,16,last,first,0,1,41,6,6,write,0,0xc5e0000000290006,5,Work Request Flushed Error,0xf9,255,0,0x1246,12552687,0,0
main,rnr,4096,16,last,first,0,1,41,7,7,write,0,0xc5e0000000290007,5,Work Request Flushed Error,0xf9,255,0,0x1246,12561990,0,0
main,rnr,4096,16,last,first,0,1,41,8,8,write,0,0xc5e0000000290008,5,Work Request Flushed Error,0xf9,255,0,0x1246,12571304,0,0
main,rnr,4096,16,last,first,0,1,41,9,9,write,0,0xc5e0000000290009,5,Work Request Flushed Error,0xf9,255,0,0x1246,12580556,0,0
main,rnr,4096,16,last,first,0,1,41,10,10,write,0,0xc5e000000029000a,5,Work Request Flushed Error,0xf9,255,0,0x1246,12589921,0,0
main,rnr,4096,16,last,first,0,1,41,11,11,write,0,0xc5e000000029000b,5,Work Request Flushed Error,0xf9,255,0,0x1246,12599226,0,0
main,rnr,4096,16,last,first,0,1,41,12,12,write,0,0xc5e000000029000c,5,Work Request Flushed Error,0xf9,255,0,0x1246,12608476,0,0
main,rnr,4096,16,last,first,0,1,41,13,13,write,0,0xc5e000000029000d,5,Work Request Flushed Error,0xf9,255,0,0x1246,12617798,0,0
main,rnr,4096,16,last,first,0,1,41,14,14,write,0,0xc5e000000029000e,5,Work Request Flushed Error,0xf9,255,0,0x1246,12627079,0,0
main,rnr,4096,16,last,first,0,1,41,15,15,write,1,0xc5e000000029000f,5,Work Request Flushed Error,0xf9,255,0,0x1246,12636447,0,0
main,rnr,4096,16,last,first,0,2,42,0,0,send,0,0xc5e00000002a0000,13,RNR retry counter exceeded,0x87,255,0,0x1246,12410378,0,0
main,rnr,4096,16,last,first,0,2,42,1,1,write,0,0xc5e00000002a0001,5,Work Request Flushed Error,0xf9,255,0,0x1246,12469249,0,0
main,rnr,4096,16,last,first,0,2,42,2,2,write,0,0xc5e00000002a0002,5,Work Request Flushed Error,0xf9,255,0,0x1246,12478815,0,0
main,rnr,4096,16,last,first,0,2,42,3,3,write,0,0xc5e00000002a0003,5,Work Request Flushed Error,0xf9,255,0,0x1246,12488262,0,0
main,rnr,4096,16,last,first,0,2,42,4,4,write,0,0xc5e00000002a0004,5,Work Request Flushed Error,0xf9,255,0,0x1246,12497689,0,0
main,rnr,4096,16,last,first,0,2,42,5,5,write,0,0xc5e00000002a0005,5,Work Request Flushed Error,0xf9,255,0,0x1246,12506992,0,0
main,rnr,4096,16,last,first,0,2,42,6,6,write,0,0xc5e00000002a0006,5,Work Request Flushed Error,0xf9,255,0,0x1246,12516421,0,0
main,rnr,4096,16,last,first,0,2,42,7,7,write,0,0xc5e00000002a0007,5,Work Request Flushed Error,0xf9,255,0,0x1246,12525800,0,0
main,rnr,4096,16,last,first,0,2,42,8,8,write,0,0xc5e00000002a0008,5,Work Request Flushed Error,0xf9,255,0,0x1246,12535112,0,0
main,rnr,4096,16,last,first,0,2,42,9,9,write,0,0xc5e00000002a0009,5,Work Request Flushed Error,0xf9,255,0,0x1246,12544470,0,0
main,rnr,4096,16,last,first,0,2,42,10,10,write,0,0xc5e00000002a000a,5,Work Request Flushed Error,0xf9,255,0,0x1246,12553773,0,0
main,rnr,4096,16,last,first,0,2,42,11,11,write,0,0xc5e00000002a000b,5,Work Request Flushed Error,0xf9,255,0,0x1246,12563057,0,0
main,rnr,4096,16,last,first,0,2,42,12,12,write,0,0xc5e00000002a000c,5,Work Request Flushed Error,0xf9,255,0,0x1246,12572540,0,0
main,rnr,4096,16,last,first,0,2,42,13,13,write,0,0xc5e00000002a000d,5,Work Request Flushed Error,0xf9,255,0,0x1246,12581863,0,0
main,rnr,4096,16,last,first,0,2,42,14,14,write,0,0xc5e00000002a000e,5,Work Request Flushed Error,0xf9,255,0,0x1246,12591172,0,0
main,rnr,4096,16,last,first,0,2,42,15,15,write,1,0xc5e00000002a000f,5,Work Request Flushed Error,0xf9,255,0,0x1246,12600506,0,0
main,rnr,4096,16,last,first,0,3,43,0,0,send,0,0xc5e00000002b0000,13,RNR retry counter exceeded,0x87,255,0,0x1246,12411097,0,0
main,rnr,4096,16,last,first,0,3,43,1,1,write,0,0xc5e00000002b0001,5,Work Request Flushed Error,0xf9,255,0,0x1246,12470469,0,0
main,rnr,4096,16,last,first,0,3,43,2,2,write,0,0xc5e00000002b0002,5,Work Request Flushed Error,0xf9,255,0,0x1246,12480022,0,0
main,rnr,4096,16,last,first,0,3,43,3,3,write,0,0xc5e00000002b0003,5,Work Request Flushed Error,0xf9,255,0,0x1246,12489621,0,0
main,rnr,4096,16,last,first,0,3,43,4,4,write,0,0xc5e00000002b0004,5,Work Request Flushed Error,0xf9,255,0,0x1246,12498988,0,0
main,rnr,4096,16,last,first,0,3,43,5,5,write,0,0xc5e00000002b0005,5,Work Request Flushed Error,0xf9,255,0,0x1246,12508279,0,0
main,rnr,4096,16,last,first,0,3,43,6,6,write,0,0xc5e00000002b0006,5,Work Request Flushed Error,0xf9,255,0,0x1246,12517551,0,0
main,rnr,4096,16,last,first,0,3,43,7,7,write,0,0xc5e00000002b0007,5,Work Request Flushed Error,0xf9,255,0,0x1246,12526829,0,0
main,rnr,4096,16,last,first,0,3,43,8,8,write,0,0xc5e00000002b0008,5,Work Request Flushed Error,0xf9,255,0,0x1246,12536163,0,0
main,rnr,4096,16,last,first,0,3,43,9,9,write,0,0xc5e00000002b0009,5,Work Request Flushed Error,0xf9,255,0,0x1246,12545508,0,0
main,rnr,4096,16,last,first,0,3,43,10,10,write,0,0xc5e00000002b000a,5,Work Request Flushed Error,0xf9,255,0,0x1246,12554831,0,0
main,rnr,4096,16,last,first,0,3,43,11,11,write,0,0xc5e00000002b000b,5,Work Request Flushed Error,0xf9,255,0,0x1246,12564188,0,0
main,rnr,4096,16,last,first,0,3,43,12,12,write,0,0xc5e00000002b000c,5,Work Request Flushed Error,0xf9,255,0,0x1246,12573709,0,0
main,rnr,4096,16,last,first,0,3,43,13,13,write,0,0xc5e00000002b000d,5,Work Request Flushed Error,0xf9,255,0,0x1246,12583911,0,0
main,rnr,4096,16,last,first,0,3,43,14,14,write,0,0xc5e00000002b000e,5,Work Request Flushed Error,0xf9,255,0,0x1246,12594128,0,0
main,rnr,4096,16,last,first,0,3,43,15,15,write,1,0xc5e00000002b000f,5,Work Request Flushed Error,0xf9,255,0,0x1246,12603790,0,0
main,rnr,4096,16,last,first,0,4,44,0,0,send,0,0xc5e00000002c0000,13,RNR retry counter exceeded,0x87,255,0,0x1246,12449789,0,0
main,rnr,4096,16,last,first,0,4,44,1,1,write,0,0xc5e00000002c0001,5,Work Request Flushed Error,0xf9,255,0,0x1246,12508620,0,0
main,rnr,4096,16,last,first,0,4,44,2,2,write,0,0xc5e00000002c0002,5,Work Request Flushed Error,0xf9,255,0,0x1246,12518094,0,0
main,rnr,4096,16,last,first,0,4,44,3,3,write,0,0xc5e00000002c0003,5,Work Request Flushed Error,0xf9,255,0,0x1246,12527510,0,0
main,rnr,4096,16,last,first,0,4,44,4,4,write,0,0xc5e00000002c0004,5,Work Request Flushed Error,0xf9,255,0,0x1246,12536895,0,0
main,rnr,4096,16,last,first,0,4,44,5,5,write,0,0xc5e00000002c0005,5,Work Request Flushed Error,0xf9,255,0,0x1246,12546451,0,0
main,rnr,4096,16,last,first,0,4,44,6,6,write,0,0xc5e00000002c0006,5,Work Request Flushed Error,0xf9,255,0,0x1246,12555771,0,0
main,rnr,4096,16,last,first,0,4,44,7,7,write,0,0xc5e00000002c0007,5,Work Request Flushed Error,0xf9,255,0,0x1246,12565034,0,0
main,rnr,4096,16,last,first,0,4,44,8,8,write,0,0xc5e00000002c0008,5,Work Request Flushed Error,0xf9,255,0,0x1246,12574364,0,0
main,rnr,4096,16,last,first,0,4,44,9,9,write,0,0xc5e00000002c0009,5,Work Request Flushed Error,0xf9,255,0,0x1246,12583704,0,0
main,rnr,4096,16,last,first,0,4,44,10,10,write,0,0xc5e00000002c000a,5,Work Request Flushed Error,0xf9,255,0,0x1246,12593114,0,0
main,rnr,4096,16,last,first,0,4,44,11,11,write,0,0xc5e00000002c000b,5,Work Request Flushed Error,0xf9,255,0,0x1246,12602438,0,0
main,rnr,4096,16,last,first,0,4,44,12,12,write,0,0xc5e00000002c000c,5,Work Request Flushed Error,0xf9,255,0,0x1246,12611660,0,0
main,rnr,4096,16,last,first,0,4,44,13,13,write,0,0xc5e00000002c000d,5,Work Request Flushed Error,0xf9,255,0,0x1246,12620966,0,0
main,rnr,4096,16,last,first,0,4,44,14,14,write,0,0xc5e00000002c000e,5,Work Request Flushed Error,0xf9,255,0,0x1246,12630249,0,0
main,rnr,4096,16,last,first,0,4,44,15,15,write,1,0xc5e00000002c000f,5,Work Request Flushed Error,0xf9,255,0,0x1246,12639755,0,0
main,rnr,4096,16,last,middle,8,0,45,0,8,send,0,0xc5e00000002d0008,13,RNR retry counter exceeded,0x87,255,0,0x1246,12457291,0,0
main,rnr,4096,16,last,middle,8,0,45,1,9,write,0,0xc5e00000002d0009,5,Work Request Flushed Error,0xf9,255,0,0x1246,12516176,0,0
main,rnr,4096,16,last,middle,8,0,45,2,10,write,0,0xc5e00000002d000a,5,Work Request Flushed Error,0xf9,255,0,0x1246,12525700,0,0
main,rnr,4096,16,last,middle,8,0,45,3,11,write,0,0xc5e00000002d000b,5,Work Request Flushed Error,0xf9,255,0,0x1246,12535186,0,0
main,rnr,4096,16,last,middle,8,0,45,4,12,write,0,0xc5e00000002d000c,5,Work Request Flushed Error,0xf9,255,0,0x1246,12544571,0,0
main,rnr,4096,16,last,middle,8,0,45,5,13,write,0,0xc5e00000002d000d,5,Work Request Flushed Error,0xf9,255,0,0x1246,12553842,0,0
main,rnr,4096,16,last,middle,8,0,45,6,14,write,0,0xc5e00000002d000e,5,Work Request Flushed Error,0xf9,255,0,0x1246,12563186,0,0
main,rnr,4096,16,last,middle,8,0,45,7,15,write,1,0xc5e00000002d000f,5,Work Request Flushed Error,0xf9,255,0,0x1246,12572623,0,0
main,rnr,4096,16,last,middle,8,1,46,0,8,send,0,0xc5e00000002e0008,13,RNR retry counter exceeded,0x87,255,0,0x1246,12539778,0,0
main,rnr,4096,16,last,middle,8,1,46,1,9,write,0,0xc5e00000002e0009,5,Work Request Flushed Error,0xf9,255,0,0x1246,12599664,0,0
main,rnr,4096,16,last,middle,8,1,46,2,10,write,0,0xc5e00000002e000a,5,Work Request Flushed Error,0xf9,255,0,0x1246,12609247,0,0
main,rnr,4096,16,last,middle,8,1,46,3,11,write,0,0xc5e00000002e000b,5,Work Request Flushed Error,0xf9,255,0,0x1246,12619163,0,0
main,rnr,4096,16,last,middle,8,1,46,4,12,write,0,0xc5e00000002e000c,5,Work Request Flushed Error,0xf9,255,0,0x1246,12628605,0,0
main,rnr,4096,16,last,middle,8,1,46,5,13,write,0,0xc5e00000002e000d,5,Work Request Flushed Error,0xf9,255,0,0x1246,12638053,0,0
main,rnr,4096,16,last,middle,8,1,46,6,14,write,0,0xc5e00000002e000e,5,Work Request Flushed Error,0xf9,255,0,0x1246,12647436,0,0
main,rnr,4096,16,last,middle,8,1,46,7,15,write,1,0xc5e00000002e000f,5,Work Request Flushed Error,0xf9,255,0,0x1246,12656835,0,0
main,rnr,4096,16,last,middle,8,2,47,0,8,send,0,0xc5e00000002f0008,13,RNR retry counter exceeded,0x87,255,0,0x1246,12522168,0,0
main,rnr,4096,16,last,middle,8,2,47,1,9,write,0,0xc5e00000002f0009,5,Work Request Flushed Error,0xf9,255,0,0x1246,12582438,0,0
main,rnr,4096,16,last,middle,8,2,47,2,10,write,0,0xc5e00000002f000a,5,Work Request Flushed Error,0xf9,255,0,0x1246,12592005,0,0
main,rnr,4096,16,last,middle,8,2,47,3,11,write,0,0xc5e00000002f000b,5,Work Request Flushed Error,0xf9,255,0,0x1246,12601524,0,0
main,rnr,4096,16,last,middle,8,2,47,4,12,write,0,0xc5e00000002f000c,5,Work Request Flushed Error,0xf9,255,0,0x1246,12611123,0,0
main,rnr,4096,16,last,middle,8,2,47,5,13,write,0,0xc5e00000002f000d,5,Work Request Flushed Error,0xf9,255,0,0x1246,12620542,0,0
main,rnr,4096,16,last,middle,8,2,47,6,14,write,0,0xc5e00000002f000e,5,Work Request Flushed Error,0xf9,255,0,0x1246,12630155,0,0
main,rnr,4096,16,last,middle,8,2,47,7,15,write,1,0xc5e00000002f000f,5,Work Request Flushed Error,0xf9,255,0,0x1246,12639616,0,0
main,rnr,4096,16,last,middle,8,3,48,0,8,send,0,0xc5e0000000300008,13,RNR retry counter exceeded,0x87,255,0,0x1246,12503533,0,0
main,rnr,4096,16,last,middle,8,3,48,1,9,write,0,0xc5e0000000300009,5,Work Request Flushed Error,0xf9,255,0,0x1246,12562225,0,0
main,rnr,4096,16,last,middle,8,3,48,2,10,write,0,0xc5e000000030000a,5,Work Request Flushed Error,0xf9,255,0,0x1246,12572115,0,0
main,rnr,4096,16,last,middle,8,3,48,3,11,write,0,0xc5e000000030000b,5,Work Request Flushed Error,0xf9,255,0,0x1246,12581523,0,0
main,rnr,4096,16,last,middle,8,3,48,4,12,write,0,0xc5e000000030000c,5,Work Request Flushed Error,0xf9,255,0,0x1246,12590889,0,0
main,rnr,4096,16,last,middle,8,3,48,5,13,write,0,0xc5e000000030000d,5,Work Request Flushed Error,0xf9,255,0,0x1246,12600202,0,0
main,rnr,4096,16,last,middle,8,3,48,6,14,write,0,0xc5e000000030000e,5,Work Request Flushed Error,0xf9,255,0,0x1246,12609465,0,0
main,rnr,4096,16,last,middle,8,3,48,7,15,write,1,0xc5e000000030000f,5,Work Request Flushed Error,0xf9,255,0,0x1246,12618830,0,0
main,rnr,4096,16,last,middle,8,4,49,0,8,send,0,0xc5e0000000310008,13,RNR retry counter exceeded,0x87,255,0,0x1246,12533197,0,0
main,rnr,4096,16,last,middle,8,4,49,1,9,write,0,0xc5e0000000310009,5,Work Request Flushed Error,0xf9,255,0,0x1246,12592164,0,0
main,rnr,4096,16,last,middle,8,4,49,2,10,write,0,0xc5e000000031000a,5,Work Request Flushed Error,0xf9,255,0,0x1246,12601692,0,0
main,rnr,4096,16,last,middle,8,4,49,3,11,write,0,0xc5e000000031000b,5,Work Request Flushed Error,0xf9,255,0,0x1246,12611269,0,0
main,rnr,4096,16,last,middle,8,4,49,4,12,write,0,0xc5e000000031000c,5,Work Request Flushed Error,0xf9,255,0,0x1246,12620846,0,0
main,rnr,4096,16,last,middle,8,4,49,5,13,write,0,0xc5e000000031000d,5,Work Request Flushed Error,0xf9,255,0,0x1246,12630233,0,0
main,rnr,4096,16,last,middle,8,4,49,6,14,write,0,0xc5e000000031000e,5,Work Request Flushed Error,0xf9,255,0,0x1246,12639561,0,0
main,rnr,4096,16,last,middle,8,4,49,7,15,write,1,0xc5e000000031000f,5,Work Request Flushed Error,0xf9,255,0,0x1246,12648886,0,0
main,rnr,4096,64,all,first,0,0,50,0,0,send,1,0xc5e0000000320000,13,RNR retry counter exceeded,0x87,255,0,0x1246,12549130,0,0
main,rnr,4096,64,all,first,0,0,50,1,1,write,1,0xc5e0000000320001,5,Work Request Flushed Error,0xf9,255,0,0x1246,12608167,0,0
main,rnr,4096,64,all,first,0,0,50,2,2,write,1,0xc5e0000000320002,5,Work Request Flushed Error,0xf9,255,0,0x1246,12617660,0,0
main,rnr,4096,64,all,first,0,0,50,3,3,write,1,0xc5e0000000320003,5,Work Request Flushed Error,0xf9,255,0,0x1246,12627054,0,0
main,rnr,4096,64,all,first,0,0,50,4,4,write,1,0xc5e0000000320004,5,Work Request Flushed Error,0xf9,255,0,0x1246,12636413,0,0
main,rnr,4096,64,all,first,0,0,50,5,5,write,1,0xc5e0000000320005,5,Work Request Flushed Error,0xf9,255,0,0x1246,12645798,0,0
main,rnr,4096,64,all,first,0,0,50,6,6,write,1,0xc5e0000000320006,5,Work Request Flushed Error,0xf9,255,0,0x1246,12655190,0,0
main,rnr,4096,64,all,first,0,0,50,7,7,write,1,0xc5e0000000320007,5,Work Request Flushed Error,0xf9,255,0,0x1246,12664515,0,0
main,rnr,4096,64,all,first,0,0,50,8,8,write,1,0xc5e0000000320008,5,Work Request Flushed Error,0xf9,255,0,0x1246,12673831,0,0
main,rnr,4096,64,all,first,0,0,50,9,9,write,1,0xc5e0000000320009,5,Work Request Flushed Error,0xf9,255,0,0x1246,12683179,0,0
main,rnr,4096,64,all,first,0,0,50,10,10,write,1,0xc5e000000032000a,5,Work Request Flushed Error,0xf9,255,0,0x1246,12692492,0,0
main,rnr,4096,64,all,first,0,0,50,11,11,write,1,0xc5e000000032000b,5,Work Request Flushed Error,0xf9,255,0,0x1246,12701976,0,0
main,rnr,4096,64,all,first,0,0,50,12,12,write,1,0xc5e000000032000c,5,Work Request Flushed Error,0xf9,255,0,0x1246,12711314,0,0
main,rnr,4096,64,all,first,0,0,50,13,13,write,1,0xc5e000000032000d,5,Work Request Flushed Error,0xf9,255,0,0x1246,12720638,0,0
main,rnr,4096,64,all,first,0,0,50,14,14,write,1,0xc5e000000032000e,5,Work Request Flushed Error,0xf9,255,0,0x1246,12729943,0,0
main,rnr,4096,64,all,first,0,0,50,15,15,write,1,0xc5e000000032000f,5,Work Request Flushed Error,0xf9,255,0,0x1246,12739291,0,0
main,rnr,4096,64,all,first,0,0,50,16,16,write,1,0xc5e0000000320010,5,Work Request Flushed Error,0xf9,255,0,0x1246,12748683,0,0
main,rnr,4096,64,all,first,0,0,50,17,17,write,1,0xc5e0000000320011,5,Work Request Flushed Error,0xf9,255,0,0x1246,12758046,0,0
main,rnr,4096,64,all,first,0,0,50,18,18,write,1,0xc5e0000000320012,5,Work Request Flushed Error,0xf9,255,0,0x1246,12767425,0,0
main,rnr,4096,64,all,first,0,0,50,19,19,write,1,0xc5e0000000320013,5,Work Request Flushed Error,0xf9,255,0,0x1246,12776758,0,0
main,rnr,4096,64,all,first,0,0,50,20,20,write,1,0xc5e0000000320014,5,Work Request Flushed Error,0xf9,255,0,0x1246,12786078,0,0
main,rnr,4096,64,all,first,0,0,50,21,21,write,1,0xc5e0000000320015,5,Work Request Flushed Error,0xf9,255,0,0x1246,12795523,0,0
main,rnr,4096,64,all,first,0,0,50,22,22,write,1,0xc5e0000000320016,5,Work Request Flushed Error,0xf9,255,0,0x1246,12804847,0,0
main,rnr,4096,64,all,first,0,0,50,23,23,write,1,0xc5e0000000320017,5,Work Request Flushed Error,0xf9,255,0,0x1246,12814149,0,0
main,rnr,4096,64,all,first,0,0,50,24,24,write,1,0xc5e0000000320018,5,Work Request Flushed Error,0xf9,255,0,0x1246,12823514,0,0
main,rnr,4096,64,all,first,0,0,50,25,25,write,1,0xc5e0000000320019,5,Work Request Flushed Error,0xf9,255,0,0x1246,12832835,0,0
main,rnr,4096,64,all,first,0,0,50,26,26,write,1,0xc5e000000032001a,5,Work Request Flushed Error,0xf9,255,0,0x1246,12842101,0,0
main,rnr,4096,64,all,first,0,0,50,27,27,write,1,0xc5e000000032001b,5,Work Request Flushed Error,0xf9,255,0,0x1246,12851513,0,0
main,rnr,4096,64,all,first,0,0,50,28,28,write,1,0xc5e000000032001c,5,Work Request Flushed Error,0xf9,255,0,0x1246,12860895,0,0
main,rnr,4096,64,all,first,0,0,50,29,29,write,1,0xc5e000000032001d,5,Work Request Flushed Error,0xf9,255,0,0x1246,12870199,0,0
main,rnr,4096,64,all,first,0,0,50,30,30,write,1,0xc5e000000032001e,5,Work Request Flushed Error,0xf9,255,0,0x1246,12879515,0,0
main,rnr,4096,64,all,first,0,0,50,31,31,write,1,0xc5e000000032001f,5,Work Request Flushed Error,0xf9,255,0,0x1246,12888849,0,0
main,rnr,4096,64,all,first,0,0,50,32,32,write,1,0xc5e0000000320020,5,Work Request Flushed Error,0xf9,255,0,0x1246,12898242,0,0
main,rnr,4096,64,all,first,0,0,50,33,33,write,1,0xc5e0000000320021,5,Work Request Flushed Error,0xf9,255,0,0x1246,12907615,0,0
main,rnr,4096,64,all,first,0,0,50,34,34,write,1,0xc5e0000000320022,5,Work Request Flushed Error,0xf9,255,0,0x1246,12916925,0,0
main,rnr,4096,64,all,first,0,0,50,35,35,write,1,0xc5e0000000320023,5,Work Request Flushed Error,0xf9,255,0,0x1246,12926252,0,0
main,rnr,4096,64,all,first,0,0,50,36,36,write,1,0xc5e0000000320024,5,Work Request Flushed Error,0xf9,255,0,0x1246,12935572,0,0
main,rnr,4096,64,all,first,0,0,50,37,37,write,1,0xc5e0000000320025,5,Work Request Flushed Error,0xf9,255,0,0x1246,12944955,0,0
main,rnr,4096,64,all,first,0,0,50,38,38,write,1,0xc5e0000000320026,5,Work Request Flushed Error,0xf9,255,0,0x1246,12954304,0,0
main,rnr,4096,64,all,first,0,0,50,39,39,write,1,0xc5e0000000320027,5,Work Request Flushed Error,0xf9,255,0,0x1246,12963648,0,0
main,rnr,4096,64,all,first,0,0,50,40,40,write,1,0xc5e0000000320028,5,Work Request Flushed Error,0xf9,255,0,0x1246,12973050,0,0
main,rnr,4096,64,all,first,0,0,50,41,41,write,1,0xc5e0000000320029,5,Work Request Flushed Error,0xf9,255,0,0x1246,12982375,0,0
main,rnr,4096,64,all,first,0,0,50,42,42,write,1,0xc5e000000032002a,5,Work Request Flushed Error,0xf9,255,0,0x1246,12991693,0,0
main,rnr,4096,64,all,first,0,0,50,43,43,write,1,0xc5e000000032002b,5,Work Request Flushed Error,0xf9,255,0,0x1246,13001090,0,0
main,rnr,4096,64,all,first,0,0,50,44,44,write,1,0xc5e000000032002c,5,Work Request Flushed Error,0xf9,255,0,0x1246,13010444,0,0
main,rnr,4096,64,all,first,0,0,50,45,45,write,1,0xc5e000000032002d,5,Work Request Flushed Error,0xf9,255,0,0x1246,13019746,0,0
main,rnr,4096,64,all,first,0,0,50,46,46,write,1,0xc5e000000032002e,5,Work Request Flushed Error,0xf9,255,0,0x1246,13029029,0,0
main,rnr,4096,64,all,first,0,0,50,47,47,write,1,0xc5e000000032002f,5,Work Request Flushed Error,0xf9,255,0,0x1246,13038379,0,0
main,rnr,4096,64,all,first,0,0,50,48,48,write,1,0xc5e0000000320030,5,Work Request Flushed Error,0xf9,255,0,0x1246,13047738,0,0
main,rnr,4096,64,all,first,0,0,50,49,49,write,1,0xc5e0000000320031,5,Work Request Flushed Error,0xf9,255,0,0x1246,13057068,0,0
main,rnr,4096,64,all,first,0,0,50,50,50,write,1,0xc5e0000000320032,5,Work Request Flushed Error,0xf9,255,0,0x1246,13066334,0,0
main,rnr,4096,64,all,first,0,0,50,51,51,write,1,0xc5e0000000320033,5,Work Request Flushed Error,0xf9,255,0,0x1246,13075682,0,0
main,rnr,4096,64,all,first,0,0,50,52,52,write,1,0xc5e0000000320034,5,Work Request Flushed Error,0xf9,255,0,0x1246,13085025,0,0
main,rnr,4096,64,all,first,0,0,50,53,53,write,1,0xc5e0000000320035,5,Work Request Flushed Error,0xf9,255,0,0x1246,13094307,0,0
main,rnr,4096,64,all,first,0,0,50,54,54,write,1,0xc5e0000000320036,5,Work Request Flushed Error,0xf9,255,0,0x1246,13103797,0,0
main,rnr,4096,64,all,first,0,0,50,55,55,write,1,0xc5e0000000320037,5,Work Request Flushed Error,0xf9,255,0,0x1246,13113120,0,0
main,rnr,4096,64,all,first,0,0,50,56,56,write,1,0xc5e0000000320038,5,Work Request Flushed Error,0xf9,255,0,0x1246,13122469,0,0
main,rnr,4096,64,all,first,0,0,50,57,57,write,1,0xc5e0000000320039,5,Work Request Flushed Error,0xf9,255,0,0x1246,13131784,0,0
main,rnr,4096,64,all,first,0,0,50,58,58,write,1,0xc5e000000032003a,5,Work Request Flushed Error,0xf9,255,0,0x1246,13141053,0,0
main,rnr,4096,64,all,first,0,0,50,59,59,write,1,0xc5e000000032003b,5,Work Request Flushed Error,0xf9,255,0,0x1246,13150486,0,0
main,rnr,4096,64,all,first,0,0,50,60,60,write,1,0xc5e000000032003c,5,Work Request Flushed Error,0xf9,255,0,0x1246,13159795,0,0
main,rnr,4096,64,all,first,0,0,50,61,61,write,1,0xc5e000000032003d,5,Work Request Flushed Error,0xf9,255,0,0x1246,13169137,0,0
main,rnr,4096,64,all,first,0,0,50,62,62,write,1,0xc5e000000032003e,5,Work Request Flushed Error,0xf9,255,0,0x1246,13178449,0,0
main,rnr,4096,64,all,first,0,0,50,63,63,write,1,0xc5e000000032003f,5,Work Request Flushed Error,0xf9,255,0,0x1246,13187784,0,0
main,rnr,4096,64,all,first,0,1,51,0,0,send,1,0xc5e0000000330000,13,RNR retry counter exceeded,0x87,255,0,0x1246,12956872,0,0
main,rnr,4096,64,all,first,0,1,51,1,1,write,1,0xc5e0000000330001,5,Work Request Flushed Error,0xf9,255,0,0x1246,13015900,0,0
main,rnr,4096,64,all,first,0,1,51,2,2,write,1,0xc5e0000000330002,5,Work Request Flushed Error,0xf9,255,0,0x1246,13025500,0,0
main,rnr,4096,64,all,first,0,1,51,3,3,write,1,0xc5e0000000330003,5,Work Request Flushed Error,0xf9,255,0,0x1246,13034941,0,0
main,rnr,4096,64,all,first,0,1,51,4,4,write,1,0xc5e0000000330004,5,Work Request Flushed Error,0xf9,255,0,0x1246,13044311,0,0
main,rnr,4096,64,all,first,0,1,51,5,5,write,1,0xc5e0000000330005,5,Work Request Flushed Error,0xf9,255,0,0x1246,13053600,0,0
main,rnr,4096,64,all,first,0,1,51,6,6,write,1,0xc5e0000000330006,5,Work Request Flushed Error,0xf9,255,0,0x1246,13062862,0,0
main,rnr,4096,64,all,first,0,1,51,7,7,write,1,0xc5e0000000330007,5,Work Request Flushed Error,0xf9,255,0,0x1246,13072340,0,0
main,rnr,4096,64,all,first,0,1,51,8,8,write,1,0xc5e0000000330008,5,Work Request Flushed Error,0xf9,255,0,0x1246,13081716,0,0
main,rnr,4096,64,all,first,0,1,51,9,9,write,1,0xc5e0000000330009,5,Work Request Flushed Error,0xf9,255,0,0x1246,13090990,0,0
main,rnr,4096,64,all,first,0,1,51,10,10,write,1,0xc5e000000033000a,5,Work Request Flushed Error,0xf9,255,0,0x1246,13100305,0,0
main,rnr,4096,64,all,first,0,1,51,11,11,write,1,0xc5e000000033000b,5,Work Request Flushed Error,0xf9,255,0,0x1246,13109658,0,0
main,rnr,4096,64,all,first,0,1,51,12,12,write,1,0xc5e000000033000c,5,Work Request Flushed Error,0xf9,255,0,0x1246,13119002,0,0
main,rnr,4096,64,all,first,0,1,51,13,13,write,1,0xc5e000000033000d,5,Work Request Flushed Error,0xf9,255,0,0x1246,13128430,0,0
main,rnr,4096,64,all,first,0,1,51,14,14,write,1,0xc5e000000033000e,5,Work Request Flushed Error,0xf9,255,0,0x1246,13137754,0,0
main,rnr,4096,64,all,first,0,1,51,15,15,write,1,0xc5e000000033000f,5,Work Request Flushed Error,0xf9,255,0,0x1246,13147061,0,0
main,rnr,4096,64,all,first,0,1,51,16,16,write,1,0xc5e0000000330010,5,Work Request Flushed Error,0xf9,255,0,0x1246,13156385,0,0
main,rnr,4096,64,all,first,0,1,51,17,17,write,1,0xc5e0000000330011,5,Work Request Flushed Error,0xf9,255,0,0x1246,13165676,0,0
main,rnr,4096,64,all,first,0,1,51,18,18,write,1,0xc5e0000000330012,5,Work Request Flushed Error,0xf9,255,0,0x1246,13174984,0,0
main,rnr,4096,64,all,first,0,1,51,19,19,write,1,0xc5e0000000330013,5,Work Request Flushed Error,0xf9,255,0,0x1246,13184347,0,0
main,rnr,4096,64,all,first,0,1,51,20,20,write,1,0xc5e0000000330014,5,Work Request Flushed Error,0xf9,255,0,0x1246,13193620,0,0
main,rnr,4096,64,all,first,0,1,51,21,21,write,1,0xc5e0000000330015,5,Work Request Flushed Error,0xf9,255,0,0x1246,13202972,0,0
main,rnr,4096,64,all,first,0,1,51,22,22,write,1,0xc5e0000000330016,5,Work Request Flushed Error,0xf9,255,0,0x1246,13212282,0,0
main,rnr,4096,64,all,first,0,1,51,23,23,write,1,0xc5e0000000330017,5,Work Request Flushed Error,0xf9,255,0,0x1246,13221610,0,0
main,rnr,4096,64,all,first,0,1,51,24,24,write,1,0xc5e0000000330018,5,Work Request Flushed Error,0xf9,255,0,0x1246,13231022,0,0
main,rnr,4096,64,all,first,0,1,51,25,25,write,1,0xc5e0000000330019,5,Work Request Flushed Error,0xf9,255,0,0x1246,13240336,0,0
main,rnr,4096,64,all,first,0,1,51,26,26,write,1,0xc5e000000033001a,5,Work Request Flushed Error,0xf9,255,0,0x1246,13249618,0,0
main,rnr,4096,64,all,first,0,1,51,27,27,write,1,0xc5e000000033001b,5,Work Request Flushed Error,0xf9,255,0,0x1246,13258937,0,0
main,rnr,4096,64,all,first,0,1,51,28,28,write,1,0xc5e000000033001c,5,Work Request Flushed Error,0xf9,255,0,0x1246,13268193,0,0
main,rnr,4096,64,all,first,0,1,51,29,29,write,1,0xc5e000000033001d,5,Work Request Flushed Error,0xf9,255,0,0x1246,13277762,0,0
main,rnr,4096,64,all,first,0,1,51,30,30,write,1,0xc5e000000033001e,5,Work Request Flushed Error,0xf9,255,0,0x1246,13287084,0,0
main,rnr,4096,64,all,first,0,1,51,31,31,write,1,0xc5e000000033001f,5,Work Request Flushed Error,0xf9,255,0,0x1246,13296346,0,0
main,rnr,4096,64,all,first,0,1,51,32,32,write,1,0xc5e0000000330020,5,Work Request Flushed Error,0xf9,255,0,0x1246,13305661,0,0
main,rnr,4096,64,all,first,0,1,51,33,33,write,1,0xc5e0000000330021,5,Work Request Flushed Error,0xf9,255,0,0x1246,13314959,0,0
main,rnr,4096,64,all,first,0,1,51,34,34,write,1,0xc5e0000000330022,5,Work Request Flushed Error,0xf9,255,0,0x1246,13324252,0,0
main,rnr,4096,64,all,first,0,1,51,35,35,write,1,0xc5e0000000330023,5,Work Request Flushed Error,0xf9,255,0,0x1246,13333625,0,0
main,rnr,4096,64,all,first,0,1,51,36,36,write,1,0xc5e0000000330024,5,Work Request Flushed Error,0xf9,255,0,0x1246,13342889,0,0
main,rnr,4096,64,all,first,0,1,51,37,37,write,1,0xc5e0000000330025,5,Work Request Flushed Error,0xf9,255,0,0x1246,13352208,0,0
main,rnr,4096,64,all,first,0,1,51,38,38,write,1,0xc5e0000000330026,5,Work Request Flushed Error,0xf9,255,0,0x1246,13361546,0,0
main,rnr,4096,64,all,first,0,1,51,39,39,write,1,0xc5e0000000330027,5,Work Request Flushed Error,0xf9,255,0,0x1246,13370868,0,0
main,rnr,4096,64,all,first,0,1,51,40,40,write,1,0xc5e0000000330028,5,Work Request Flushed Error,0xf9,255,0,0x1246,13380201,0,0
main,rnr,4096,64,all,first,0,1,51,41,41,write,1,0xc5e0000000330029,5,Work Request Flushed Error,0xf9,255,0,0x1246,13389524,0,0
main,rnr,4096,64,all,first,0,1,51,42,42,write,1,0xc5e000000033002a,5,Work Request Flushed Error,0xf9,255,0,0x1246,13398862,0,0
main,rnr,4096,64,all,first,0,1,51,43,43,write,1,0xc5e000000033002b,5,Work Request Flushed Error,0xf9,255,0,0x1246,13408194,0,0
main,rnr,4096,64,all,first,0,1,51,44,44,write,1,0xc5e000000033002c,5,Work Request Flushed Error,0xf9,255,0,0x1246,13417469,0,0
main,rnr,4096,64,all,first,0,1,51,45,45,write,1,0xc5e000000033002d,5,Work Request Flushed Error,0xf9,255,0,0x1246,13426882,0,0
main,rnr,4096,64,all,first,0,1,51,46,46,write,1,0xc5e000000033002e,5,Work Request Flushed Error,0xf9,255,0,0x1246,13436198,0,0
main,rnr,4096,64,all,first,0,1,51,47,47,write,1,0xc5e000000033002f,5,Work Request Flushed Error,0xf9,255,0,0x1246,13445487,0,0
main,rnr,4096,64,all,first,0,1,51,48,48,write,1,0xc5e0000000330030,5,Work Request Flushed Error,0xf9,255,0,0x1246,13454776,0,0
main,rnr,4096,64,all,first,0,1,51,49,49,write,1,0xc5e0000000330031,5,Work Request Flushed Error,0xf9,255,0,0x1246,13464137,0,0
main,rnr,4096,64,all,first,0,1,51,50,50,write,1,0xc5e0000000330032,5,Work Request Flushed Error,0xf9,255,0,0x1246,13473610,0,0
main,rnr,4096,64,all,first,0,1,51,51,51,write,1,0xc5e0000000330033,5,Work Request Flushed Error,0xf9,255,0,0x1246,13483008,0,0
main,rnr,4096,64,all,first,0,1,51,52,52,write,1,0xc5e0000000330034,5,Work Request Flushed Error,0xf9,255,0,0x1246,13492320,0,0
main,rnr,4096,64,all,first,0,1,51,53,53,write,1,0xc5e0000000330035,5,Work Request Flushed Error,0xf9,255,0,0x1246,13501641,0,0
main,rnr,4096,64,all,first,0,1,51,54,54,write,1,0xc5e0000000330036,5,Work Request Flushed Error,0xf9,255,0,0x1246,13510947,0,0
main,rnr,4096,64,all,first,0,1,51,55,55,write,1,0xc5e0000000330037,5,Work Request Flushed Error,0xf9,255,0,0x1246,13520260,0,0
main,rnr,4096,64,all,first,0,1,51,56,56,write,1,0xc5e0000000330038,5,Work Request Flushed Error,0xf9,255,0,0x1246,13529789,0,0
main,rnr,4096,64,all,first,0,1,51,57,57,write,1,0xc5e0000000330039,5,Work Request Flushed Error,0xf9,255,0,0x1246,13539073,0,0
main,rnr,4096,64,all,first,0,1,51,58,58,write,1,0xc5e000000033003a,5,Work Request Flushed Error,0xf9,255,0,0x1246,13548410,0,0
main,rnr,4096,64,all,first,0,1,51,59,59,write,1,0xc5e000000033003b,5,Work Request Flushed Error,0xf9,255,0,0x1246,13557672,0,0
main,rnr,4096,64,all,first,0,1,51,60,60,write,1,0xc5e000000033003c,5,Work Request Flushed Error,0xf9,255,0,0x1246,13566996,0,0
main,rnr,4096,64,all,first,0,1,51,61,61,write,1,0xc5e000000033003d,5,Work Request Flushed Error,0xf9,255,0,0x1246,13576354,0,0
main,rnr,4096,64,all,first,0,1,51,62,62,write,1,0xc5e000000033003e,5,Work Request Flushed Error,0xf9,255,0,0x1246,13585653,0,0
main,rnr,4096,64,all,first,0,1,51,63,63,write,1,0xc5e000000033003f,5,Work Request Flushed Error,0xf9,255,0,0x1246,13594893,0,0
main,rnr,4096,64,all,first,0,2,52,0,0,send,1,0xc5e0000000340000,13,RNR retry counter exceeded,0x87,255,0,0x1246,12993257,0,0
main,rnr,4096,64,all,first,0,2,52,1,1,write,1,0xc5e0000000340001,5,Work Request Flushed Error,0xf9,255,0,0x1246,13052114,0,0
main,rnr,4096,64,all,first,0,2,52,2,2,write,1,0xc5e0000000340002,5,Work Request Flushed Error,0xf9,255,0,0x1246,13061684,0,0
main,rnr,4096,64,all,first,0,2,52,3,3,write,1,0xc5e0000000340003,5,Work Request Flushed Error,0xf9,255,0,0x1246,13071031,0,0
main,rnr,4096,64,all,first,0,2,52,4,4,write,1,0xc5e0000000340004,5,Work Request Flushed Error,0xf9,255,0,0x1246,13080452,0,0
main,rnr,4096,64,all,first,0,2,52,5,5,write,1,0xc5e0000000340005,5,Work Request Flushed Error,0xf9,255,0,0x1246,13089792,0,0
main,rnr,4096,64,all,first,0,2,52,6,6,write,1,0xc5e0000000340006,5,Work Request Flushed Error,0xf9,255,0,0x1246,13099124,0,0
main,rnr,4096,64,all,first,0,2,52,7,7,write,1,0xc5e0000000340007,5,Work Request Flushed Error,0xf9,255,0,0x1246,13108487,0,0
main,rnr,4096,64,all,first,0,2,52,8,8,write,1,0xc5e0000000340008,5,Work Request Flushed Error,0xf9,255,0,0x1246,13117736,0,0
main,rnr,4096,64,all,first,0,2,52,9,9,write,1,0xc5e0000000340009,5,Work Request Flushed Error,0xf9,255,0,0x1246,13126986,0,0
main,rnr,4096,64,all,first,0,2,52,10,10,write,1,0xc5e000000034000a,5,Work Request Flushed Error,0xf9,255,0,0x1246,13136417,0,0
main,rnr,4096,64,all,first,0,2,52,11,11,write,1,0xc5e000000034000b,5,Work Request Flushed Error,0xf9,255,0,0x1246,13145762,0,0
main,rnr,4096,64,all,first,0,2,52,12,12,write,1,0xc5e000000034000c,5,Work Request Flushed Error,0xf9,255,0,0x1246,13155070,0,0
main,rnr,4096,64,all,first,0,2,52,13,13,write,1,0xc5e000000034000d,5,Work Request Flushed Error,0xf9,255,0,0x1246,13164396,0,0
main,rnr,4096,64,all,first,0,2,52,14,14,write,1,0xc5e000000034000e,5,Work Request Flushed Error,0xf9,255,0,0x1246,13173676,0,0
main,rnr,4096,64,all,first,0,2,52,15,15,write,1,0xc5e000000034000f,5,Work Request Flushed Error,0xf9,255,0,0x1246,13183016,0,0
main,rnr,4096,64,all,first,0,2,52,16,16,write,1,0xc5e0000000340010,5,Work Request Flushed Error,0xf9,255,0,0x1246,13192299,0,0
main,rnr,4096,64,all,first,0,2,52,17,17,write,1,0xc5e0000000340011,5,Work Request Flushed Error,0xf9,255,0,0x1246,13201605,0,0
main,rnr,4096,64,all,first,0,2,52,18,18,write,1,0xc5e0000000340012,5,Work Request Flushed Error,0xf9,255,0,0x1246,13210945,0,0
main,rnr,4096,64,all,first,0,2,52,19,19,write,1,0xc5e0000000340013,5,Work Request Flushed Error,0xf9,255,0,0x1246,13220284,0,0
main,rnr,4096,64,all,first,0,2,52,20,20,write,1,0xc5e0000000340014,5,Work Request Flushed Error,0xf9,255,0,0x1246,13229677,0,0
main,rnr,4096,64,all,first,0,2,52,21,21,write,1,0xc5e0000000340015,5,Work Request Flushed Error,0xf9,255,0,0x1246,13239017,0,0
main,rnr,4096,64,all,first,0,2,52,22,22,write,1,0xc5e0000000340016,5,Work Request Flushed Error,0xf9,255,0,0x1246,13248364,0,0
main,rnr,4096,64,all,first,0,2,52,23,23,write,1,0xc5e0000000340017,5,Work Request Flushed Error,0xf9,255,0,0x1246,13257634,0,0
main,rnr,4096,64,all,first,0,2,52,24,24,write,1,0xc5e0000000340018,5,Work Request Flushed Error,0xf9,255,0,0x1246,13266954,0,0
main,rnr,4096,64,all,first,0,2,52,25,25,write,1,0xc5e0000000340019,5,Work Request Flushed Error,0xf9,255,0,0x1246,13276219,0,0
main,rnr,4096,64,all,first,0,2,52,26,26,write,1,0xc5e000000034001a,5,Work Request Flushed Error,0xf9,255,0,0x1246,13285622,0,0
main,rnr,4096,64,all,first,0,2,52,27,27,write,1,0xc5e000000034001b,5,Work Request Flushed Error,0xf9,255,0,0x1246,13294947,0,0
main,rnr,4096,64,all,first,0,2,52,28,28,write,1,0xc5e000000034001c,5,Work Request Flushed Error,0xf9,255,0,0x1246,13304281,0,0
main,rnr,4096,64,all,first,0,2,52,29,29,write,1,0xc5e000000034001d,5,Work Request Flushed Error,0xf9,255,0,0x1246,13313588,0,0
main,rnr,4096,64,all,first,0,2,52,30,30,write,1,0xc5e000000034001e,5,Work Request Flushed Error,0xf9,255,0,0x1246,13322908,0,0
main,rnr,4096,64,all,first,0,2,52,31,31,write,1,0xc5e000000034001f,5,Work Request Flushed Error,0xf9,255,0,0x1246,13332261,0,0
main,rnr,4096,64,all,first,0,2,52,32,32,write,1,0xc5e0000000340020,5,Work Request Flushed Error,0xf9,255,0,0x1246,13341582,0,0
main,rnr,4096,64,all,first,0,2,52,33,33,write,1,0xc5e0000000340021,5,Work Request Flushed Error,0xf9,255,0,0x1246,13350873,0,0
main,rnr,4096,64,all,first,0,2,52,34,34,write,1,0xc5e0000000340022,5,Work Request Flushed Error,0xf9,255,0,0x1246,13360185,0,0
main,rnr,4096,64,all,first,0,2,52,35,35,write,1,0xc5e0000000340023,5,Work Request Flushed Error,0xf9,255,0,0x1246,13369529,0,0
main,rnr,4096,64,all,first,0,2,52,36,36,write,1,0xc5e0000000340024,5,Work Request Flushed Error,0xf9,255,0,0x1246,13378822,0,0
main,rnr,4096,64,all,first,0,2,52,37,37,write,1,0xc5e0000000340025,5,Work Request Flushed Error,0xf9,255,0,0x1246,13388221,0,0
main,rnr,4096,64,all,first,0,2,52,38,38,write,1,0xc5e0000000340026,5,Work Request Flushed Error,0xf9,255,0,0x1246,13397494,0,0
main,rnr,4096,64,all,first,0,2,52,39,39,write,1,0xc5e0000000340027,5,Work Request Flushed Error,0xf9,255,0,0x1246,13406815,0,0
main,rnr,4096,64,all,first,0,2,52,40,40,write,1,0xc5e0000000340028,5,Work Request Flushed Error,0xf9,255,0,0x1246,13416150,0,0
main,rnr,4096,64,all,first,0,2,52,41,41,write,1,0xc5e0000000340029,5,Work Request Flushed Error,0xf9,255,0,0x1246,13425460,0,0
main,rnr,4096,64,all,first,0,2,52,42,42,write,1,0xc5e000000034002a,5,Work Request Flushed Error,0xf9,255,0,0x1246,13434849,0,0
main,rnr,4096,64,all,first,0,2,52,43,43,write,1,0xc5e000000034002b,5,Work Request Flushed Error,0xf9,255,0,0x1246,13444142,0,0
main,rnr,4096,64,all,first,0,2,52,44,44,write,1,0xc5e000000034002c,5,Work Request Flushed Error,0xf9,255,0,0x1246,13454966,0,0
main,rnr,4096,64,all,first,0,2,52,45,45,write,1,0xc5e000000034002d,5,Work Request Flushed Error,0xf9,255,0,0x1246,13462742,0,0
main,rnr,4096,64,all,first,0,2,52,46,46,write,1,0xc5e000000034002e,5,Work Request Flushed Error,0xf9,255,0,0x1246,13472058,0,0
main,rnr,4096,64,all,first,0,2,52,47,47,write,1,0xc5e000000034002f,5,Work Request Flushed Error,0xf9,255,0,0x1246,13481429,0,0
main,rnr,4096,64,all,first,0,2,52,48,48,write,1,0xc5e0000000340030,5,Work Request Flushed Error,0xf9,255,0,0x1246,13490769,0,0
main,rnr,4096,64,all,first,0,2,52,49,49,write,1,0xc5e0000000340031,5,Work Request Flushed Error,0xf9,255,0,0x1246,13500054,0,0
main,rnr,4096,64,all,first,0,2,52,50,50,write,1,0xc5e0000000340032,5,Work Request Flushed Error,0xf9,255,0,0x1246,13509390,0,0
main,rnr,4096,64,all,first,0,2,52,51,51,write,1,0xc5e0000000340033,5,Work Request Flushed Error,0xf9,255,0,0x1246,13518687,0,0
main,rnr,4096,64,all,first,0,2,52,52,52,write,1,0xc5e0000000340034,5,Work Request Flushed Error,0xf9,255,0,0x1246,13528016,0,0
main,rnr,4096,64,all,first,0,2,52,53,53,write,1,0xc5e0000000340035,5,Work Request Flushed Error,0xf9,255,0,0x1246,13537521,0,0
main,rnr,4096,64,all,first,0,2,52,54,54,write,1,0xc5e0000000340036,5,Work Request Flushed Error,0xf9,255,0,0x1246,13546830,0,0
main,rnr,4096,64,all,first,0,2,52,55,55,write,1,0xc5e0000000340037,5,Work Request Flushed Error,0xf9,255,0,0x1246,13556152,0,0
main,rnr,4096,64,all,first,0,2,52,56,56,write,1,0xc5e0000000340038,5,Work Request Flushed Error,0xf9,255,0,0x1246,13565463,0,0
main,rnr,4096,64,all,first,0,2,52,57,57,write,1,0xc5e0000000340039,5,Work Request Flushed Error,0xf9,255,0,0x1246,13574796,0,0
main,rnr,4096,64,all,first,0,2,52,58,58,write,1,0xc5e000000034003a,5,Work Request Flushed Error,0xf9,255,0,0x1246,13584154,0,0
main,rnr,4096,64,all,first,0,2,52,59,59,write,1,0xc5e000000034003b,5,Work Request Flushed Error,0xf9,255,0,0x1246,13593465,0,0
main,rnr,4096,64,all,first,0,2,52,60,60,write,1,0xc5e000000034003c,5,Work Request Flushed Error,0xf9,255,0,0x1246,13602756,0,0
main,rnr,4096,64,all,first,0,2,52,61,61,write,1,0xc5e000000034003d,5,Work Request Flushed Error,0xf9,255,0,0x1246,13612046,0,0
main,rnr,4096,64,all,first,0,2,52,62,62,write,1,0xc5e000000034003e,5,Work Request Flushed Error,0xf9,255,0,0x1246,13621379,0,0
main,rnr,4096,64,all,first,0,2,52,63,63,write,1,0xc5e000000034003f,5,Work Request Flushed Error,0xf9,255,0,0x1246,13630754,0,0
main,rnr,4096,64,all,first,0,3,53,0,0,send,1,0xc5e0000000350000,13,RNR retry counter exceeded,0x87,255,0,0x1246,12987403,0,0
main,rnr,4096,64,all,first,0,3,53,1,1,write,1,0xc5e0000000350001,5,Work Request Flushed Error,0xf9,255,0,0x1246,13046597,0,0
main,rnr,4096,64,all,first,0,3,53,2,2,write,1,0xc5e0000000350002,5,Work Request Flushed Error,0xf9,255,0,0x1246,13056339,0,0
main,rnr,4096,64,all,first,0,3,53,3,3,write,1,0xc5e0000000350003,5,Work Request Flushed Error,0xf9,255,0,0x1246,13065765,0,0
main,rnr,4096,64,all,first,0,3,53,4,4,write,1,0xc5e0000000350004,5,Work Request Flushed Error,0xf9,255,0,0x1246,13075100,0,0
main,rnr,4096,64,all,first,0,3,53,5,5,write,1,0xc5e0000000350005,5,Work Request Flushed Error,0xf9,255,0,0x1246,13084419,0,0
main,rnr,4096,64,all,first,0,3,53,6,6,write,1,0xc5e0000000350006,5,Work Request Flushed Error,0xf9,255,0,0x1246,13093775,0,0
main,rnr,4096,64,all,first,0,3,53,7,7,write,1,0xc5e0000000350007,5,Work Request Flushed Error,0xf9,255,0,0x1246,13103133,0,0
main,rnr,4096,64,all,first,0,3,53,8,8,write,1,0xc5e0000000350008,5,Work Request Flushed Error,0xf9,255,0,0x1246,13112470,0,0
main,rnr,4096,64,all,first,0,3,53,9,9,write,1,0xc5e0000000350009,5,Work Request Flushed Error,0xf9,255,0,0x1246,13121802,0,0
main,rnr,4096,64,all,first,0,3,53,10,10,write,1,0xc5e000000035000a,5,Work Request Flushed Error,0xf9,255,0,0x1246,13131085,0,0
main,rnr,4096,64,all,first,0,3,53,11,11,write,1,0xc5e000000035000b,5,Work Request Flushed Error,0xf9,255,0,0x1246,13140423,0,0
main,rnr,4096,64,all,first,0,3,53,12,12,write,1,0xc5e000000035000c,5,Work Request Flushed Error,0xf9,255,0,0x1246,13149911,0,0
main,rnr,4096,64,all,first,0,3,53,13,13,write,1,0xc5e000000035000d,5,Work Request Flushed Error,0xf9,255,0,0x1246,13159221,0,0
main,rnr,4096,64,all,first,0,3,53,14,14,write,1,0xc5e000000035000e,5,Work Request Flushed Error,0xf9,255,0,0x1246,13168517,0,0
main,rnr,4096,64,all,first,0,3,53,15,15,write,1,0xc5e000000035000f,5,Work Request Flushed Error,0xf9,255,0,0x1246,13177836,0,0
main,rnr,4096,64,all,first,0,3,53,16,16,write,1,0xc5e0000000350010,5,Work Request Flushed Error,0xf9,255,0,0x1246,13187185,0,0
main,rnr,4096,64,all,first,0,3,53,17,17,write,1,0xc5e0000000350011,5,Work Request Flushed Error,0xf9,255,0,0x1246,13196473,0,0
main,rnr,4096,64,all,first,0,3,53,18,18,write,1,0xc5e0000000350012,5,Work Request Flushed Error,0xf9,255,0,0x1246,13205831,0,0
main,rnr,4096,64,all,first,0,3,53,19,19,write,1,0xc5e0000000350013,5,Work Request Flushed Error,0xf9,255,0,0x1246,13215151,0,0
main,rnr,4096,64,all,first,0,3,53,20,20,write,1,0xc5e0000000350014,5,Work Request Flushed Error,0xf9,255,0,0x1246,13224494,0,0
main,rnr,4096,64,all,first,0,3,53,21,21,write,1,0xc5e0000000350015,5,Work Request Flushed Error,0xf9,255,0,0x1246,13233749,0,0
main,rnr,4096,64,all,first,0,3,53,22,22,write,1,0xc5e0000000350016,5,Work Request Flushed Error,0xf9,255,0,0x1246,13243055,0,0
main,rnr,4096,64,all,first,0,3,53,23,23,write,1,0xc5e0000000350017,5,Work Request Flushed Error,0xf9,255,0,0x1246,13252552,0,0
main,rnr,4096,64,all,first,0,3,53,24,24,write,1,0xc5e0000000350018,5,Work Request Flushed Error,0xf9,255,0,0x1246,13261890,0,0
main,rnr,4096,64,all,first,0,3,53,25,25,write,1,0xc5e0000000350019,5,Work Request Flushed Error,0xf9,255,0,0x1246,13271239,0,0
main,rnr,4096,64,all,first,0,3,53,26,26,write,1,0xc5e000000035001a,5,Work Request Flushed Error,0xf9,255,0,0x1246,13280564,0,0
main,rnr,4096,64,all,first,0,3,53,27,27,write,1,0xc5e000000035001b,5,Work Request Flushed Error,0xf9,255,0,0x1246,13289860,0,0
main,rnr,4096,64,all,first,0,3,53,28,28,write,1,0xc5e000000035001c,5,Work Request Flushed Error,0xf9,255,0,0x1246,13299263,0,0
main,rnr,4096,64,all,first,0,3,53,29,29,write,1,0xc5e000000035001d,5,Work Request Flushed Error,0xf9,255,0,0x1246,13308610,0,0
main,rnr,4096,64,all,first,0,3,53,30,30,write,1,0xc5e000000035001e,5,Work Request Flushed Error,0xf9,255,0,0x1246,13317953,0,0
main,rnr,4096,64,all,first,0,3,53,31,31,write,1,0xc5e000000035001f,5,Work Request Flushed Error,0xf9,255,0,0x1246,13327263,0,0
main,rnr,4096,64,all,first,0,3,53,32,32,write,1,0xc5e0000000350020,5,Work Request Flushed Error,0xf9,255,0,0x1246,13336565,0,0
main,rnr,4096,64,all,first,0,3,53,33,33,write,1,0xc5e0000000350021,5,Work Request Flushed Error,0xf9,255,0,0x1246,13345872,0,0
main,rnr,4096,64,all,first,0,3,53,34,34,write,1,0xc5e0000000350022,5,Work Request Flushed Error,0xf9,255,0,0x1246,13355394,0,0
main,rnr,4096,64,all,first,0,3,53,35,35,write,1,0xc5e0000000350023,5,Work Request Flushed Error,0xf9,255,0,0x1246,13364771,0,0
main,rnr,4096,64,all,first,0,3,53,36,36,write,1,0xc5e0000000350024,5,Work Request Flushed Error,0xf9,255,0,0x1246,13374045,0,0
main,rnr,4096,64,all,first,0,3,53,37,37,write,1,0xc5e0000000350025,5,Work Request Flushed Error,0xf9,255,0,0x1246,13383278,0,0
main,rnr,4096,64,all,first,0,3,53,38,38,write,1,0xc5e0000000350026,5,Work Request Flushed Error,0xf9,255,0,0x1246,13392625,0,0
main,rnr,4096,64,all,first,0,3,53,39,39,write,1,0xc5e0000000350027,5,Work Request Flushed Error,0xf9,255,0,0x1246,13402073,0,0
main,rnr,4096,64,all,first,0,3,53,40,40,write,1,0xc5e0000000350028,5,Work Request Flushed Error,0xf9,255,0,0x1246,13411432,0,0
main,rnr,4096,64,all,first,0,3,53,41,41,write,1,0xc5e0000000350029,5,Work Request Flushed Error,0xf9,255,0,0x1246,13420741,0,0
main,rnr,4096,64,all,first,0,3,53,42,42,write,1,0xc5e000000035002a,5,Work Request Flushed Error,0xf9,255,0,0x1246,13430066,0,0
main,rnr,4096,64,all,first,0,3,53,43,43,write,1,0xc5e000000035002b,5,Work Request Flushed Error,0xf9,255,0,0x1246,13439379,0,0
main,rnr,4096,64,all,first,0,3,53,44,44,write,1,0xc5e000000035002c,5,Work Request Flushed Error,0xf9,255,0,0x1246,13448744,0,0
main,rnr,4096,64,all,first,0,3,53,45,45,write,1,0xc5e000000035002d,5,Work Request Flushed Error,0xf9,255,0,0x1246,13458068,0,0
main,rnr,4096,64,all,first,0,3,53,46,46,write,1,0xc5e000000035002e,5,Work Request Flushed Error,0xf9,255,0,0x1246,13467390,0,0
main,rnr,4096,64,all,first,0,3,53,47,47,write,1,0xc5e000000035002f,5,Work Request Flushed Error,0xf9,255,0,0x1246,13476713,0,0
main,rnr,4096,64,all,first,0,3,53,48,48,write,1,0xc5e0000000350030,5,Work Request Flushed Error,0xf9,255,0,0x1246,13486012,0,0
main,rnr,4096,64,all,first,0,3,53,49,49,write,1,0xc5e0000000350031,5,Work Request Flushed Error,0xf9,255,0,0x1246,13495379,0,0
main,rnr,4096,64,all,first,0,3,53,50,50,write,1,0xc5e0000000350032,5,Work Request Flushed Error,0xf9,255,0,0x1246,13504731,0,0
main,rnr,4096,64,all,first,0,3,53,51,51,write,1,0xc5e0000000350033,5,Work Request Flushed Error,0xf9,255,0,0x1246,13514101,0,0
main,rnr,4096,64,all,first,0,3,53,52,52,write,1,0xc5e0000000350034,5,Work Request Flushed Error,0xf9,255,0,0x1246,13523387,0,0
main,rnr,4096,64,all,first,0,3,53,53,53,write,1,0xc5e0000000350035,5,Work Request Flushed Error,0xf9,255,0,0x1246,13532679,0,0
main,rnr,4096,64,all,first,0,3,53,54,54,write,1,0xc5e0000000350036,5,Work Request Flushed Error,0xf9,255,0,0x1246,13541978,0,0
main,rnr,4096,64,all,first,0,3,53,55,55,write,1,0xc5e0000000350037,5,Work Request Flushed Error,0xf9,255,0,0x1246,13551379,0,0
main,rnr,4096,64,all,first,0,3,53,56,56,write,1,0xc5e0000000350038,5,Work Request Flushed Error,0xf9,255,0,0x1246,13560639,0,0
main,rnr,4096,64,all,first,0,3,53,57,57,write,1,0xc5e0000000350039,5,Work Request Flushed Error,0xf9,255,0,0x1246,13569892,0,0
main,rnr,4096,64,all,first,0,3,53,58,58,write,1,0xc5e000000035003a,5,Work Request Flushed Error,0xf9,255,0,0x1246,13579217,0,0
main,rnr,4096,64,all,first,0,3,53,59,59,write,1,0xc5e000000035003b,5,Work Request Flushed Error,0xf9,255,0,0x1246,13588564,0,0
main,rnr,4096,64,all,first,0,3,53,60,60,write,1,0xc5e000000035003c,5,Work Request Flushed Error,0xf9,255,0,0x1246,13598001,0,0
main,rnr,4096,64,all,first,0,3,53,61,61,write,1,0xc5e000000035003d,5,Work Request Flushed Error,0xf9,255,0,0x1246,13607340,0,0
main,rnr,4096,64,all,first,0,3,53,62,62,write,1,0xc5e000000035003e,5,Work Request Flushed Error,0xf9,255,0,0x1246,13616688,0,0
main,rnr,4096,64,all,first,0,3,53,63,63,write,1,0xc5e000000035003f,5,Work Request Flushed Error,0xf9,255,0,0x1246,13625932,0,0
main,rnr,4096,64,all,first,0,4,54,0,0,send,1,0xc5e0000000360000,13,RNR retry counter exceeded,0x87,255,0,0x1246,12977433,0,0
main,rnr,4096,64,all,first,0,4,54,1,1,write,1,0xc5e0000000360001,5,Work Request Flushed Error,0xf9,255,0,0x1246,13036763,0,0
main,rnr,4096,64,all,first,0,4,54,2,2,write,1,0xc5e0000000360002,5,Work Request Flushed Error,0xf9,255,0,0x1246,13046356,0,0
main,rnr,4096,64,all,first,0,4,54,3,3,write,1,0xc5e0000000360003,5,Work Request Flushed Error,0xf9,255,0,0x1246,13055924,0,0
main,rnr,4096,64,all,first,0,4,54,4,4,write,1,0xc5e0000000360004,5,Work Request Flushed Error,0xf9,255,0,0x1246,13065379,0,0
main,rnr,4096,64,all,first,0,4,54,5,5,write,1,0xc5e0000000360005,5,Work Request Flushed Error,0xf9,255,0,0x1246,13074662,0,0
main,rnr,4096,64,all,first,0,4,54,6,6,write,1,0xc5e0000000360006,5,Work Request Flushed Error,0xf9,255,0,0x1246,13083963,0,0
main,rnr,4096,64,all,first,0,4,54,7,7,write,1,0xc5e0000000360007,5,Work Request Flushed Error,0xf9,255,0,0x1246,13093265,0,0
main,rnr,4096,64,all,first,0,4,54,8,8,write,1,0xc5e0000000360008,5,Work Request Flushed Error,0xf9,255,0,0x1246,13102576,0,0
main,rnr,4096,64,all,first,0,4,54,9,9,write,1,0xc5e0000000360009,5,Work Request Flushed Error,0xf9,255,0,0x1246,13112099,0,0
main,rnr,4096,64,all,first,0,4,54,10,10,write,1,0xc5e000000036000a,5,Work Request Flushed Error,0xf9,255,0,0x1246,13121369,0,0
main,rnr,4096,64,all,first,0,4,54,11,11,write,1,0xc5e000000036000b,5,Work Request Flushed Error,0xf9,255,0,0x1246,13130681,0,0
main,rnr,4096,64,all,first,0,4,54,12,12,write,1,0xc5e000000036000c,5,Work Request Flushed Error,0xf9,255,0,0x1246,13139963,0,0
main,rnr,4096,64,all,first,0,4,54,13,13,write,1,0xc5e000000036000d,5,Work Request Flushed Error,0xf9,255,0,0x1246,13149273,0,0
main,rnr,4096,64,all,first,0,4,54,14,14,write,1,0xc5e000000036000e,5,Work Request Flushed Error,0xf9,255,0,0x1246,13158695,0,0
main,rnr,4096,64,all,first,0,4,54,15,15,write,1,0xc5e000000036000f,5,Work Request Flushed Error,0xf9,255,0,0x1246,13167997,0,0
main,rnr,4096,64,all,first,0,4,54,16,16,write,1,0xc5e0000000360010,5,Work Request Flushed Error,0xf9,255,0,0x1246,13177310,0,0
main,rnr,4096,64,all,first,0,4,54,17,17,write,1,0xc5e0000000360011,5,Work Request Flushed Error,0xf9,255,0,0x1246,13186594,0,0
main,rnr,4096,64,all,first,0,4,54,18,18,write,1,0xc5e0000000360012,5,Work Request Flushed Error,0xf9,255,0,0x1246,13195912,0,0
main,rnr,4096,64,all,first,0,4,54,19,19,write,1,0xc5e0000000360013,5,Work Request Flushed Error,0xf9,255,0,0x1246,13205359,0,0
main,rnr,4096,64,all,first,0,4,54,20,20,write,1,0xc5e0000000360014,5,Work Request Flushed Error,0xf9,255,0,0x1246,13214688,0,0
main,rnr,4096,64,all,first,0,4,54,21,21,write,1,0xc5e0000000360015,5,Work Request Flushed Error,0xf9,255,0,0x1246,13223963,0,0
main,rnr,4096,64,all,first,0,4,54,22,22,write,1,0xc5e0000000360016,5,Work Request Flushed Error,0xf9,255,0,0x1246,13233272,0,0
main,rnr,4096,64,all,first,0,4,54,23,23,write,1,0xc5e0000000360017,5,Work Request Flushed Error,0xf9,255,0,0x1246,13242593,0,0
main,rnr,4096,64,all,first,0,4,54,24,24,write,1,0xc5e0000000360018,5,Work Request Flushed Error,0xf9,255,0,0x1246,13251861,0,0
main,rnr,4096,64,all,first,0,4,54,25,25,write,1,0xc5e0000000360019,5,Work Request Flushed Error,0xf9,255,0,0x1246,13261373,0,0
main,rnr,4096,64,all,first,0,4,54,26,26,write,1,0xc5e000000036001a,5,Work Request Flushed Error,0xf9,255,0,0x1246,13270708,0,0
main,rnr,4096,64,all,first,0,4,54,27,27,write,1,0xc5e000000036001b,5,Work Request Flushed Error,0xf9,255,0,0x1246,13279984,0,0
main,rnr,4096,64,all,first,0,4,54,28,28,write,1,0xc5e000000036001c,5,Work Request Flushed Error,0xf9,255,0,0x1246,13289325,0,0
main,rnr,4096,64,all,first,0,4,54,29,29,write,1,0xc5e000000036001d,5,Work Request Flushed Error,0xf9,255,0,0x1246,13298617,0,0
main,rnr,4096,64,all,first,0,4,54,30,30,write,1,0xc5e000000036001e,5,Work Request Flushed Error,0xf9,255,0,0x1246,13308076,0,0
main,rnr,4096,64,all,first,0,4,54,31,31,write,1,0xc5e000000036001f,5,Work Request Flushed Error,0xf9,255,0,0x1246,13317385,0,0
main,rnr,4096,64,all,first,0,4,54,32,32,write,1,0xc5e0000000360020,5,Work Request Flushed Error,0xf9,255,0,0x1246,13326679,0,0
main,rnr,4096,64,all,first,0,4,54,33,33,write,1,0xc5e0000000360021,5,Work Request Flushed Error,0xf9,255,0,0x1246,13335986,0,0
main,rnr,4096,64,all,first,0,4,54,34,34,write,1,0xc5e0000000360022,5,Work Request Flushed Error,0xf9,255,0,0x1246,13345304,0,0
main,rnr,4096,64,all,first,0,4,54,35,35,write,1,0xc5e0000000360023,5,Work Request Flushed Error,0xf9,255,0,0x1246,13354693,0,0
main,rnr,4096,64,all,first,0,4,54,36,36,write,1,0xc5e0000000360024,5,Work Request Flushed Error,0xf9,255,0,0x1246,13364036,0,0
main,rnr,4096,64,all,first,0,4,54,37,37,write,1,0xc5e0000000360025,5,Work Request Flushed Error,0xf9,255,0,0x1246,13373283,0,0
main,rnr,4096,64,all,first,0,4,54,38,38,write,1,0xc5e0000000360026,5,Work Request Flushed Error,0xf9,255,0,0x1246,13382599,0,0
main,rnr,4096,64,all,first,0,4,54,39,39,write,1,0xc5e0000000360027,5,Work Request Flushed Error,0xf9,255,0,0x1246,13391943,0,0
main,rnr,4096,64,all,first,0,4,54,40,40,write,1,0xc5e0000000360028,5,Work Request Flushed Error,0xf9,255,0,0x1246,13401267,0,0
main,rnr,4096,64,all,first,0,4,54,41,41,write,1,0xc5e0000000360029,5,Work Request Flushed Error,0xf9,255,0,0x1246,13410711,0,0
main,rnr,4096,64,all,first,0,4,54,42,42,write,1,0xc5e000000036002a,5,Work Request Flushed Error,0xf9,255,0,0x1246,13419998,0,0
main,rnr,4096,64,all,first,0,4,54,43,43,write,1,0xc5e000000036002b,5,Work Request Flushed Error,0xf9,255,0,0x1246,13429305,0,0
main,rnr,4096,64,all,first,0,4,54,44,44,write,1,0xc5e000000036002c,5,Work Request Flushed Error,0xf9,255,0,0x1246,13438615,0,0
main,rnr,4096,64,all,first,0,4,54,45,45,write,1,0xc5e000000036002d,5,Work Request Flushed Error,0xf9,255,0,0x1246,13447935,0,0
main,rnr,4096,64,all,first,0,4,54,46,46,write,1,0xc5e000000036002e,5,Work Request Flushed Error,0xf9,255,0,0x1246,13457358,0,0
main,rnr,4096,64,all,first,0,4,54,47,47,write,1,0xc5e000000036002f,5,Work Request Flushed Error,0xf9,255,0,0x1246,13466688,0,0
main,rnr,4096,64,all,first,0,4,54,48,48,write,1,0xc5e0000000360030,5,Work Request Flushed Error,0xf9,255,0,0x1246,13476030,0,0
main,rnr,4096,64,all,first,0,4,54,49,49,write,1,0xc5e0000000360031,5,Work Request Flushed Error,0xf9,255,0,0x1246,13485362,0,0
main,rnr,4096,64,all,first,0,4,54,50,50,write,1,0xc5e0000000360032,5,Work Request Flushed Error,0xf9,255,0,0x1246,13494653,0,0
main,rnr,4096,64,all,first,0,4,54,51,51,write,1,0xc5e0000000360033,5,Work Request Flushed Error,0xf9,255,0,0x1246,13504072,0,0
main,rnr,4096,64,all,first,0,4,54,52,52,write,1,0xc5e0000000360034,5,Work Request Flushed Error,0xf9,255,0,0x1246,13513406,0,0
main,rnr,4096,64,all,first,0,4,54,53,53,write,1,0xc5e0000000360035,5,Work Request Flushed Error,0xf9,255,0,0x1246,13522654,0,0
main,rnr,4096,64,all,first,0,4,54,54,54,write,1,0xc5e0000000360036,5,Work Request Flushed Error,0xf9,255,0,0x1246,13531992,0,0
main,rnr,4096,64,all,first,0,4,54,55,55,write,1,0xc5e0000000360037,5,Work Request Flushed Error,0xf9,255,0,0x1246,13541317,0,0
main,rnr,4096,64,all,first,0,4,54,56,56,write,1,0xc5e0000000360038,5,Work Request Flushed Error,0xf9,255,0,0x1246,13550582,0,0
main,rnr,4096,64,all,first,0,4,54,57,57,write,1,0xc5e0000000360039,5,Work Request Flushed Error,0xf9,255,0,0x1246,13560032,0,0
main,rnr,4096,64,all,first,0,4,54,58,58,write,1,0xc5e000000036003a,5,Work Request Flushed Error,0xf9,255,0,0x1246,13569337,0,0
main,rnr,4096,64,all,first,0,4,54,59,59,write,1,0xc5e000000036003b,5,Work Request Flushed Error,0xf9,255,0,0x1246,13578641,0,0
main,rnr,4096,64,all,first,0,4,54,60,60,write,1,0xc5e000000036003c,5,Work Request Flushed Error,0xf9,255,0,0x1246,13587945,0,0
main,rnr,4096,64,all,first,0,4,54,61,61,write,1,0xc5e000000036003d,5,Work Request Flushed Error,0xf9,255,0,0x1246,13597294,0,0
main,rnr,4096,64,all,first,0,4,54,62,62,write,1,0xc5e000000036003e,5,Work Request Flushed Error,0xf9,255,0,0x1246,13606636,0,0
main,rnr,4096,64,all,first,0,4,54,63,63,write,1,0xc5e000000036003f,5,Work Request Flushed Error,0xf9,255,0,0x1246,13615921,0,0
main,rnr,4096,64,all,middle,32,0,55,0,0,write,1,0xc5e0000000370000,0,success,0x0,1,0,0x1246,6298,0,0
main,rnr,4096,64,all,middle,32,0,55,1,1,write,1,0xc5e0000000370001,0,success,0x0,1,0,0x1246,6746,0,0
main,rnr,4096,64,all,middle,32,0,55,2,2,write,1,0xc5e0000000370002,0,success,0x0,1,0,0x1246,6997,0,0
main,rnr,4096,64,all,middle,32,0,55,3,3,write,1,0xc5e0000000370003,0,success,0x0,1,0,0x1246,7246,0,0
main,rnr,4096,64,all,middle,32,0,55,4,4,write,1,0xc5e0000000370004,0,success,0x0,1,0,0x1246,7591,0,0
main,rnr,4096,64,all,middle,32,0,55,5,5,write,1,0xc5e0000000370005,0,success,0x0,1,0,0x1246,7949,0,0
main,rnr,4096,64,all,middle,32,0,55,6,6,write,1,0xc5e0000000370006,0,success,0x0,1,0,0x1246,8267,0,0
main,rnr,4096,64,all,middle,32,0,55,7,7,write,1,0xc5e0000000370007,0,success,0x0,1,0,0x1246,8593,0,0
main,rnr,4096,64,all,middle,32,0,55,8,8,write,1,0xc5e0000000370008,0,success,0x0,1,0,0x1246,8981,0,0
main,rnr,4096,64,all,middle,32,0,55,9,9,write,1,0xc5e0000000370009,0,success,0x0,1,0,0x1246,9264,0,0
main,rnr,4096,64,all,middle,32,0,55,10,10,write,1,0xc5e000000037000a,0,success,0x0,1,0,0x1246,9592,0,0
main,rnr,4096,64,all,middle,32,0,55,11,11,write,1,0xc5e000000037000b,0,success,0x0,1,0,0x1246,9952,0,0
main,rnr,4096,64,all,middle,32,0,55,12,12,write,1,0xc5e000000037000c,0,success,0x0,1,0,0x1246,10269,0,0
main,rnr,4096,64,all,middle,32,0,55,13,13,write,1,0xc5e000000037000d,0,success,0x0,1,0,0x1246,10613,0,0
main,rnr,4096,64,all,middle,32,0,55,14,14,write,1,0xc5e000000037000e,0,success,0x0,1,0,0x1246,10966,0,0
main,rnr,4096,64,all,middle,32,0,55,15,15,write,1,0xc5e000000037000f,0,success,0x0,1,0,0x1246,11300,0,0
main,rnr,4096,64,all,middle,32,0,55,16,16,write,1,0xc5e0000000370010,0,success,0x0,1,0,0x1246,11648,0,0
main,rnr,4096,64,all,middle,32,0,55,17,17,write,1,0xc5e0000000370011,0,success,0x0,1,0,0x1246,11986,0,0
main,rnr,4096,64,all,middle,32,0,55,18,18,write,1,0xc5e0000000370012,0,success,0x0,1,0,0x1246,12304,0,0
main,rnr,4096,64,all,middle,32,0,55,19,19,write,1,0xc5e0000000370013,0,success,0x0,1,0,0x1246,12629,0,0
main,rnr,4096,64,all,middle,32,0,55,20,20,write,1,0xc5e0000000370014,0,success,0x0,1,0,0x1246,12974,0,0
main,rnr,4096,64,all,middle,32,0,55,21,21,write,1,0xc5e0000000370015,0,success,0x0,1,0,0x1246,13303,0,0
main,rnr,4096,64,all,middle,32,0,55,22,22,write,1,0xc5e0000000370016,0,success,0x0,1,0,0x1246,13635,0,0
main,rnr,4096,64,all,middle,32,0,55,23,23,write,1,0xc5e0000000370017,0,success,0x0,1,0,0x1246,13958,0,0
main,rnr,4096,64,all,middle,32,0,55,24,24,write,1,0xc5e0000000370018,0,success,0x0,1,0,0x1246,14347,0,0
main,rnr,4096,64,all,middle,32,0,55,25,25,write,1,0xc5e0000000370019,0,success,0x0,1,0,0x1246,14622,0,0
main,rnr,4096,64,all,middle,32,0,55,26,26,write,1,0xc5e000000037001a,0,success,0x0,1,0,0x1246,14955,0,0
main,rnr,4096,64,all,middle,32,0,55,27,27,write,1,0xc5e000000037001b,0,success,0x0,1,0,0x1246,15299,0,0
main,rnr,4096,64,all,middle,32,0,55,28,28,write,1,0xc5e000000037001c,0,success,0x0,1,0,0x1246,15644,0,0
main,rnr,4096,64,all,middle,32,0,55,29,29,write,1,0xc5e000000037001d,0,success,0x0,1,0,0x1246,15990,0,0
main,rnr,4096,64,all,middle,32,0,55,30,30,write,1,0xc5e000000037001e,0,success,0x0,1,0,0x1246,16309,0,0
main,rnr,4096,64,all,middle,32,0,55,31,31,write,1,0xc5e000000037001f,0,success,0x0,1,0,0x1246,16632,0,0
main,rnr,4096,64,all,middle,32,0,55,32,32,send,1,0xc5e0000000370020,13,RNR retry counter exceeded,0x87,255,0,0x1246,12985416,0,0
main,rnr,4096,64,all,middle,32,0,55,33,33,write,1,0xc5e0000000370021,5,Work Request Flushed Error,0xf9,255,0,0x1246,13044163,0,0
main,rnr,4096,64,all,middle,32,0,55,34,34,write,1,0xc5e0000000370022,5,Work Request Flushed Error,0xf9,255,0,0x1246,13053564,0,0
main,rnr,4096,64,all,middle,32,0,55,35,35,write,1,0xc5e0000000370023,5,Work Request Flushed Error,0xf9,255,0,0x1246,13062967,0,0
main,rnr,4096,64,all,middle,32,0,55,36,36,write,1,0xc5e0000000370024,5,Work Request Flushed Error,0xf9,255,0,0x1246,13072383,0,0
main,rnr,4096,64,all,middle,32,0,55,37,37,write,1,0xc5e0000000370025,5,Work Request Flushed Error,0xf9,255,0,0x1246,13081724,0,0
main,rnr,4096,64,all,middle,32,0,55,38,38,write,1,0xc5e0000000370026,5,Work Request Flushed Error,0xf9,255,0,0x1246,13091314,0,0
main,rnr,4096,64,all,middle,32,0,55,39,39,write,1,0xc5e0000000370027,5,Work Request Flushed Error,0xf9,255,0,0x1246,13100619,0,0
main,rnr,4096,64,all,middle,32,0,55,40,40,write,1,0xc5e0000000370028,5,Work Request Flushed Error,0xf9,255,0,0x1246,13109937,0,0
main,rnr,4096,64,all,middle,32,0,55,41,41,write,1,0xc5e0000000370029,5,Work Request Flushed Error,0xf9,255,0,0x1246,13119180,0,0
main,rnr,4096,64,all,middle,32,0,55,42,42,write,1,0xc5e000000037002a,5,Work Request Flushed Error,0xf9,255,0,0x1246,13128521,0,0
main,rnr,4096,64,all,middle,32,0,55,43,43,write,1,0xc5e000000037002b,5,Work Request Flushed Error,0xf9,255,0,0x1246,13137935,0,0
main,rnr,4096,64,all,middle,32,0,55,44,44,write,1,0xc5e000000037002c,5,Work Request Flushed Error,0xf9,255,0,0x1246,13147269,0,0
main,rnr,4096,64,all,middle,32,0,55,45,45,write,1,0xc5e000000037002d,5,Work Request Flushed Error,0xf9,255,0,0x1246,13156582,0,0
main,rnr,4096,64,all,middle,32,0,55,46,46,write,1,0xc5e000000037002e,5,Work Request Flushed Error,0xf9,255,0,0x1246,13165882,0,0
main,rnr,4096,64,all,middle,32,0,55,47,47,write,1,0xc5e000000037002f,5,Work Request Flushed Error,0xf9,255,0,0x1246,13175240,0,0
main,rnr,4096,64,all,middle,32,0,55,48,48,write,1,0xc5e0000000370030,5,Work Request Flushed Error,0xf9,255,0,0x1246,13184656,0,0
main,rnr,4096,64,all,middle,32,0,55,49,49,write,1,0xc5e0000000370031,5,Work Request Flushed Error,0xf9,255,0,0x1246,13194016,0,0
main,rnr,4096,64,all,middle,32,0,55,50,50,write,1,0xc5e0000000370032,5,Work Request Flushed Error,0xf9,255,0,0x1246,13203355,0,0
main,rnr,4096,64,all,middle,32,0,55,51,51,write,1,0xc5e0000000370033,5,Work Request Flushed Error,0xf9,255,0,0x1246,13212713,0,0
main,rnr,4096,64,all,middle,32,0,55,52,52,write,1,0xc5e0000000370034,5,Work Request Flushed Error,0xf9,255,0,0x1246,13221986,0,0
main,rnr,4096,64,all,middle,32,0,55,53,53,write,1,0xc5e0000000370035,5,Work Request Flushed Error,0xf9,255,0,0x1246,13231363,0,0
main,rnr,4096,64,all,middle,32,0,55,54,54,write,1,0xc5e0000000370036,5,Work Request Flushed Error,0xf9,255,0,0x1246,13240873,0,0
main,rnr,4096,64,all,middle,32,0,55,55,55,write,1,0xc5e0000000370037,5,Work Request Flushed Error,0xf9,255,0,0x1246,13250131,0,0
main,rnr,4096,64,all,middle,32,0,55,56,56,write,1,0xc5e0000000370038,5,Work Request Flushed Error,0xf9,255,0,0x1246,13259408,0,0
main,rnr,4096,64,all,middle,32,0,55,57,57,write,1,0xc5e0000000370039,5,Work Request Flushed Error,0xf9,255,0,0x1246,13268685,0,0
main,rnr,4096,64,all,middle,32,0,55,58,58,write,1,0xc5e000000037003a,5,Work Request Flushed Error,0xf9,255,0,0x1246,13278001,0,0
main,rnr,4096,64,all,middle,32,0,55,59,59,write,1,0xc5e000000037003b,5,Work Request Flushed Error,0xf9,255,0,0x1246,13287369,0,0
main,rnr,4096,64,all,middle,32,0,55,60,60,write,1,0xc5e000000037003c,5,Work Request Flushed Error,0xf9,255,0,0x1246,13296710,0,0
main,rnr,4096,64,all,middle,32,0,55,61,61,write,1,0xc5e000000037003d,5,Work Request Flushed Error,0xf9,255,0,0x1246,13306049,0,0
main,rnr,4096,64,all,middle,32,0,55,62,62,write,1,0xc5e000000037003e,5,Work Request Flushed Error,0xf9,255,0,0x1246,13315319,0,0
main,rnr,4096,64,all,middle,32,0,55,63,63,write,1,0xc5e000000037003f,5,Work Request Flushed Error,0xf9,255,0,0x1246,13324628,0,0
main,rnr,4096,64,all,middle,32,1,56,0,0,write,1,0xc5e0000000380000,0,success,0x0,1,0,0x1246,6100,0,0
main,rnr,4096,64,all,middle,32,1,56,1,1,write,1,0xc5e0000000380001,0,success,0x0,1,0,0x1246,6430,0,0
main,rnr,4096,64,all,middle,32,1,56,2,2,write,1,0xc5e0000000380002,0,success,0x0,1,0,0x1246,6756,0,0
main,rnr,4096,64,all,middle,32,1,56,3,3,write,1,0xc5e0000000380003,0,success,0x0,1,0,0x1246,7092,0,0
main,rnr,4096,64,all,middle,32,1,56,4,4,write,1,0xc5e0000000380004,0,success,0x0,1,0,0x1246,7430,0,0
main,rnr,4096,64,all,middle,32,1,56,5,5,write,1,0xc5e0000000380005,0,success,0x0,1,0,0x1246,7780,0,0
main,rnr,4096,64,all,middle,32,1,56,6,6,write,1,0xc5e0000000380006,0,success,0x0,1,0,0x1246,8106,0,0
main,rnr,4096,64,all,middle,32,1,56,7,7,write,1,0xc5e0000000380007,0,success,0x0,1,0,0x1246,8444,0,0
main,rnr,4096,64,all,middle,32,1,56,8,8,write,1,0xc5e0000000380008,0,success,0x0,1,0,0x1246,8791,0,0
main,rnr,4096,64,all,middle,32,1,56,9,9,write,1,0xc5e0000000380009,0,success,0x0,1,0,0x1246,9094,0,0
main,rnr,4096,64,all,middle,32,1,56,10,10,write,1,0xc5e000000038000a,0,success,0x0,1,0,0x1246,9435,0,0
main,rnr,4096,64,all,middle,32,1,56,11,11,write,1,0xc5e000000038000b,0,success,0x0,1,0,0x1246,9764,0,0
main,rnr,4096,64,all,middle,32,1,56,12,12,write,1,0xc5e000000038000c,0,success,0x0,1,0,0x1246,10106,0,0
main,rnr,4096,64,all,middle,32,1,56,13,13,write,1,0xc5e000000038000d,0,success,0x0,1,0,0x1246,10437,0,0
main,rnr,4096,64,all,middle,32,1,56,14,14,write,1,0xc5e000000038000e,0,success,0x0,1,0,0x1246,10775,0,0
main,rnr,4096,64,all,middle,32,1,56,15,15,write,1,0xc5e000000038000f,0,success,0x0,1,0,0x1246,11115,0,0
main,rnr,4096,64,all,middle,32,1,56,16,16,write,1,0xc5e0000000380010,0,success,0x0,1,0,0x1246,11454,0,0
main,rnr,4096,64,all,middle,32,1,56,17,17,write,1,0xc5e0000000380011,0,success,0x0,1,0,0x1246,11784,0,0
main,rnr,4096,64,all,middle,32,1,56,18,18,write,1,0xc5e0000000380012,0,success,0x0,1,0,0x1246,12377,0,0
main,rnr,4096,64,all,middle,32,1,56,19,19,write,1,0xc5e0000000380013,0,success,0x0,1,0,0x1246,12473,0,0
main,rnr,4096,64,all,middle,32,1,56,20,20,write,1,0xc5e0000000380014,0,success,0x0,1,0,0x1246,12792,0,0
main,rnr,4096,64,all,middle,32,1,56,21,21,write,1,0xc5e0000000380015,0,success,0x0,1,0,0x1246,13106,0,0
main,rnr,4096,64,all,middle,32,1,56,22,22,write,1,0xc5e0000000380016,0,success,0x0,1,0,0x1246,13442,0,0
main,rnr,4096,64,all,middle,32,1,56,23,23,write,1,0xc5e0000000380017,0,success,0x0,1,0,0x1246,13773,0,0
main,rnr,4096,64,all,middle,32,1,56,24,24,write,1,0xc5e0000000380018,0,success,0x0,1,0,0x1246,14127,0,0
main,rnr,4096,64,all,middle,32,1,56,25,25,write,1,0xc5e0000000380019,0,success,0x0,1,0,0x1246,14451,0,0
main,rnr,4096,64,all,middle,32,1,56,26,26,write,1,0xc5e000000038001a,0,success,0x0,1,0,0x1246,14786,0,0
main,rnr,4096,64,all,middle,32,1,56,27,27,write,1,0xc5e000000038001b,0,success,0x0,1,0,0x1246,15128,0,0
main,rnr,4096,64,all,middle,32,1,56,28,28,write,1,0xc5e000000038001c,0,success,0x0,1,0,0x1246,15453,0,0
main,rnr,4096,64,all,middle,32,1,56,29,29,write,1,0xc5e000000038001d,0,success,0x0,1,0,0x1246,15782,0,0
main,rnr,4096,64,all,middle,32,1,56,30,30,write,1,0xc5e000000038001e,0,success,0x0,1,0,0x1246,16133,0,0
main,rnr,4096,64,all,middle,32,1,56,31,31,write,1,0xc5e000000038001f,0,success,0x0,1,0,0x1246,16477,0,0
main,rnr,4096,64,all,middle,32,1,56,32,32,send,1,0xc5e0000000380020,13,RNR retry counter exceeded,0x87,255,0,0x1246,12228743,0,0
main,rnr,4096,64,all,middle,32,1,56,33,33,write,1,0xc5e0000000380021,5,Work Request Flushed Error,0xf9,255,0,0x1246,12287732,0,0
main,rnr,4096,64,all,middle,32,1,56,34,34,write,1,0xc5e0000000380022,5,Work Request Flushed Error,0xf9,255,0,0x1246,12297473,0,0
main,rnr,4096,64,all,middle,32,1,56,35,35,write,1,0xc5e0000000380023,5,Work Request Flushed Error,0xf9,255,0,0x1246,12306939,0,0
main,rnr,4096,64,all,middle,32,1,56,36,36,write,1,0xc5e0000000380024,5,Work Request Flushed Error,0xf9,255,0,0x1246,12316306,0,0
main,rnr,4096,64,all,middle,32,1,56,37,37,write,1,0xc5e0000000380025,5,Work Request Flushed Error,0xf9,255,0,0x1246,12325581,0,0
main,rnr,4096,64,all,middle,32,1,56,38,38,write,1,0xc5e0000000380026,5,Work Request Flushed Error,0xf9,255,0,0x1246,12334871,0,0
main,rnr,4096,64,all,middle,32,1,56,39,39,write,1,0xc5e0000000380027,5,Work Request Flushed Error,0xf9,255,0,0x1246,12344255,0,0
main,rnr,4096,64,all,middle,32,1,56,40,40,write,1,0xc5e0000000380028,5,Work Request Flushed Error,0xf9,255,0,0x1246,12353579,0,0
main,rnr,4096,64,all,middle,32,1,56,41,41,write,1,0xc5e0000000380029,5,Work Request Flushed Error,0xf9,255,0,0x1246,12362839,0,0
main,rnr,4096,64,all,middle,32,1,56,42,42,write,1,0xc5e000000038002a,5,Work Request Flushed Error,0xf9,255,0,0x1246,12372091,0,0
main,rnr,4096,64,all,middle,32,1,56,43,43,write,1,0xc5e000000038002b,5,Work Request Flushed Error,0xf9,255,0,0x1246,12381347,0,0
main,rnr,4096,64,all,middle,32,1,56,44,44,write,1,0xc5e000000038002c,5,Work Request Flushed Error,0xf9,255,0,0x1246,12390673,0,0
main,rnr,4096,64,all,middle,32,1,56,45,45,write,1,0xc5e000000038002d,5,Work Request Flushed Error,0xf9,255,0,0x1246,12400141,0,0
main,rnr,4096,64,all,middle,32,1,56,46,46,write,1,0xc5e000000038002e,5,Work Request Flushed Error,0xf9,255,0,0x1246,12409509,0,0
main,rnr,4096,64,all,middle,32,1,56,47,47,write,1,0xc5e000000038002f,5,Work Request Flushed Error,0xf9,255,0,0x1246,12418813,0,0
main,rnr,4096,64,all,middle,32,1,56,48,48,write,1,0xc5e0000000380030,5,Work Request Flushed Error,0xf9,255,0,0x1246,12428126,0,0
main,rnr,4096,64,all,middle,32,1,56,49,49,write,1,0xc5e0000000380031,5,Work Request Flushed Error,0xf9,255,0,0x1246,12437540,0,0
main,rnr,4096,64,all,middle,32,1,56,50,50,write,1,0xc5e0000000380032,5,Work Request Flushed Error,0xf9,255,0,0x1246,12446865,0,0
main,rnr,4096,64,all,middle,32,1,56,51,51,write,1,0xc5e0000000380033,5,Work Request Flushed Error,0xf9,255,0,0x1246,12456253,0,0
main,rnr,4096,64,all,middle,32,1,56,52,52,write,1,0xc5e0000000380034,5,Work Request Flushed Error,0xf9,255,0,0x1246,12465511,0,0
main,rnr,4096,64,all,middle,32,1,56,53,53,write,1,0xc5e0000000380035,5,Work Request Flushed Error,0xf9,255,0,0x1246,12474831,0,0
main,rnr,4096,64,all,middle,32,1,56,54,54,write,1,0xc5e0000000380036,5,Work Request Flushed Error,0xf9,255,0,0x1246,12484144,0,0
main,rnr,4096,64,all,middle,32,1,56,55,55,write,1,0xc5e0000000380037,5,Work Request Flushed Error,0xf9,255,0,0x1246,12493511,0,0
main,rnr,4096,64,all,middle,32,1,56,56,56,write,1,0xc5e0000000380038,5,Work Request Flushed Error,0xf9,255,0,0x1246,12502943,0,0
main,rnr,4096,64,all,middle,32,1,56,57,57,write,1,0xc5e0000000380039,5,Work Request Flushed Error,0xf9,255,0,0x1246,12512303,0,0
main,rnr,4096,64,all,middle,32,1,56,58,58,write,1,0xc5e000000038003a,5,Work Request Flushed Error,0xf9,255,0,0x1246,12521549,0,0
main,rnr,4096,64,all,middle,32,1,56,59,59,write,1,0xc5e000000038003b,5,Work Request Flushed Error,0xf9,255,0,0x1246,12530822,0,0
main,rnr,4096,64,all,middle,32,1,56,60,60,write,1,0xc5e000000038003c,5,Work Request Flushed Error,0xf9,255,0,0x1246,12540098,0,0
main,rnr,4096,64,all,middle,32,1,56,61,61,write,1,0xc5e000000038003d,5,Work Request Flushed Error,0xf9,255,0,0x1246,12549418,0,0
main,rnr,4096,64,all,middle,32,1,56,62,62,write,1,0xc5e000000038003e,5,Work Request Flushed Error,0xf9,255,0,0x1246,12558771,0,0
main,rnr,4096,64,all,middle,32,1,56,63,63,write,1,0xc5e000000038003f,5,Work Request Flushed Error,0xf9,255,0,0x1246,12568089,0,0
main,rnr,4096,64,all,middle,32,2,57,0,0,write,1,0xc5e0000000390000,0,success,0x0,1,0,0x1246,6030,0,0
main,rnr,4096,64,all,middle,32,2,57,1,1,write,1,0xc5e0000000390001,0,success,0x0,1,0,0x1246,6312,0,0
main,rnr,4096,64,all,middle,32,2,57,2,2,write,1,0xc5e0000000390002,0,success,0x0,1,0,0x1246,6677,0,0
main,rnr,4096,64,all,middle,32,2,57,3,3,write,1,0xc5e0000000390003,0,success,0x0,1,0,0x1246,7001,0,0
main,rnr,4096,64,all,middle,32,2,57,4,4,write,1,0xc5e0000000390004,0,success,0x0,1,0,0x1246,7334,0,0
main,rnr,4096,64,all,middle,32,2,57,5,5,write,1,0xc5e0000000390005,0,success,0x0,1,0,0x1246,7666,0,0
main,rnr,4096,64,all,middle,32,2,57,6,6,write,1,0xc5e0000000390006,0,success,0x0,1,0,0x1246,8008,0,0
main,rnr,4096,64,all,middle,32,2,57,7,7,write,1,0xc5e0000000390007,0,success,0x0,1,0,0x1246,8344,0,0
main,rnr,4096,64,all,middle,32,2,57,8,8,write,1,0xc5e0000000390008,0,success,0x0,1,0,0x1246,8718,0,0
main,rnr,4096,64,all,middle,32,2,57,9,9,write,1,0xc5e0000000390009,0,success,0x0,1,0,0x1246,9021,0,0
main,rnr,4096,64,all,middle,32,2,57,10,10,write,1,0xc5e000000039000a,0,success,0x0,1,0,0x1246,9340,0,0
main,rnr,4096,64,all,middle,32,2,57,11,11,write,1,0xc5e000000039000b,0,success,0x0,1,0,0x1246,9676,0,0
main,rnr,4096,64,all,middle,32,2,57,12,12,write,1,0xc5e000000039000c,0,success,0x0,1,0,0x1246,10018,0,0
main,rnr,4096,64,all,middle,32,2,57,13,13,write,1,0xc5e000000039000d,0,success,0x0,1,0,0x1246,10348,0,0
main,rnr,4096,64,all,middle,32,2,57,14,14,write,1,0xc5e000000039000e,0,success,0x0,1,0,0x1246,10691,0,0
main,rnr,4096,64,all,middle,32,2,57,15,15,write,1,0xc5e000000039000f,0,success,0x0,1,0,0x1246,11012,0,0
main,rnr,4096,64,all,middle,32,2,57,16,16,write,1,0xc5e0000000390010,0,success,0x0,1,0,0x1246,11350,0,0
main,rnr,4096,64,all,middle,32,2,57,17,17,write,1,0xc5e0000000390011,0,success,0x0,1,0,0x1246,11691,0,0
main,rnr,4096,64,all,middle,32,2,57,18,18,write,1,0xc5e0000000390012,0,success,0x0,1,0,0x1246,12025,0,0
main,rnr,4096,64,all,middle,32,2,57,19,19,write,1,0xc5e0000000390013,0,success,0x0,1,0,0x1246,12360,0,0
main,rnr,4096,64,all,middle,32,2,57,20,20,write,1,0xc5e0000000390014,0,success,0x0,1,0,0x1246,12685,0,0
main,rnr,4096,64,all,middle,32,2,57,21,21,write,1,0xc5e0000000390015,0,success,0x0,1,0,0x1246,13016,0,0
main,rnr,4096,64,all,middle,32,2,57,22,22,write,1,0xc5e0000000390016,0,success,0x0,1,0,0x1246,13356,0,0
main,rnr,4096,64,all,middle,32,2,57,23,23,write,1,0xc5e0000000390017,0,success,0x0,1,0,0x1246,13689,0,0
main,rnr,4096,64,all,middle,32,2,57,24,24,write,1,0xc5e0000000390018,0,success,0x0,1,0,0x1246,14029,0,0
main,rnr,4096,64,all,middle,32,2,57,25,25,write,1,0xc5e0000000390019,0,success,0x0,1,0,0x1246,14359,0,0
main,rnr,4096,64,all,middle,32,2,57,26,26,write,1,0xc5e000000039001a,0,success,0x0,1,0,0x1246,14699,0,0
main,rnr,4096,64,all,middle,32,2,57,27,27,write,1,0xc5e000000039001b,0,success,0x0,1,0,0x1246,15046,0,0
main,rnr,4096,64,all,middle,32,2,57,28,28,write,1,0xc5e000000039001c,0,success,0x0,1,0,0x1246,15386,0,0
main,rnr,4096,64,all,middle,32,2,57,29,29,write,1,0xc5e000000039001d,0,success,0x0,1,0,0x1246,15699,0,0
main,rnr,4096,64,all,middle,32,2,57,30,30,write,1,0xc5e000000039001e,0,success,0x0,1,0,0x1246,16044,0,0
main,rnr,4096,64,all,middle,32,2,57,31,31,write,1,0xc5e000000039001f,0,success,0x0,1,0,0x1246,16379,0,0
main,rnr,4096,64,all,middle,32,2,57,32,32,send,1,0xc5e0000000390020,13,RNR retry counter exceeded,0x87,255,0,0x1246,12252516,0,0
main,rnr,4096,64,all,middle,32,2,57,33,33,write,1,0xc5e0000000390021,5,Work Request Flushed Error,0xf9,255,0,0x1246,12311445,0,0
main,rnr,4096,64,all,middle,32,2,57,34,34,write,1,0xc5e0000000390022,5,Work Request Flushed Error,0xf9,255,0,0x1246,12320946,0,0
main,rnr,4096,64,all,middle,32,2,57,35,35,write,1,0xc5e0000000390023,5,Work Request Flushed Error,0xf9,255,0,0x1246,12330414,0,0
main,rnr,4096,64,all,middle,32,2,57,36,36,write,1,0xc5e0000000390024,5,Work Request Flushed Error,0xf9,255,0,0x1246,12339882,0,0
main,rnr,4096,64,all,middle,32,2,57,37,37,write,1,0xc5e0000000390025,5,Work Request Flushed Error,0xf9,255,0,0x1246,12349207,0,0
main,rnr,4096,64,all,middle,32,2,57,38,38,write,1,0xc5e0000000390026,5,Work Request Flushed Error,0xf9,255,0,0x1246,12358490,0,0
main,rnr,4096,64,all,middle,32,2,57,39,39,write,1,0xc5e0000000390027,5,Work Request Flushed Error,0xf9,255,0,0x1246,12367792,0,0
main,rnr,4096,64,all,middle,32,2,57,40,40,write,1,0xc5e0000000390028,5,Work Request Flushed Error,0xf9,255,0,0x1246,12377096,0,0
main,rnr,4096,64,all,middle,32,2,57,41,41,write,1,0xc5e0000000390029,5,Work Request Flushed Error,0xf9,255,0,0x1246,12386468,0,0
main,rnr,4096,64,all,middle,32,2,57,42,42,write,1,0xc5e000000039002a,5,Work Request Flushed Error,0xf9,255,0,0x1246,12395898,0,0
main,rnr,4096,64,all,middle,32,2,57,43,43,write,1,0xc5e000000039002b,5,Work Request Flushed Error,0xf9,255,0,0x1246,12405210,0,0
main,rnr,4096,64,all,middle,32,2,57,44,44,write,1,0xc5e000000039002c,5,Work Request Flushed Error,0xf9,255,0,0x1246,12414462,0,0
main,rnr,4096,64,all,middle,32,2,57,45,45,write,1,0xc5e000000039002d,5,Work Request Flushed Error,0xf9,255,0,0x1246,12423794,0,0
main,rnr,4096,64,all,middle,32,2,57,46,46,write,1,0xc5e000000039002e,5,Work Request Flushed Error,0xf9,255,0,0x1246,12433132,0,0
main,rnr,4096,64,all,middle,32,2,57,47,47,write,1,0xc5e000000039002f,5,Work Request Flushed Error,0xf9,255,0,0x1246,12442575,0,0
main,rnr,4096,64,all,middle,32,2,57,48,48,write,1,0xc5e0000000390030,5,Work Request Flushed Error,0xf9,255,0,0x1246,12451843,0,0
main,rnr,4096,64,all,middle,32,2,57,49,49,write,1,0xc5e0000000390031,5,Work Request Flushed Error,0xf9,255,0,0x1246,12461134,0,0
main,rnr,4096,64,all,middle,32,2,57,50,50,write,1,0xc5e0000000390032,5,Work Request Flushed Error,0xf9,255,0,0x1246,12470484,0,0
main,rnr,4096,64,all,middle,32,2,57,51,51,write,1,0xc5e0000000390033,5,Work Request Flushed Error,0xf9,255,0,0x1246,12479752,0,0
main,rnr,4096,64,all,middle,32,2,57,52,52,write,1,0xc5e0000000390034,5,Work Request Flushed Error,0xf9,255,0,0x1246,12489179,0,0
main,rnr,4096,64,all,middle,32,2,57,53,53,write,1,0xc5e0000000390035,5,Work Request Flushed Error,0xf9,255,0,0x1246,12498503,0,0
main,rnr,4096,64,all,middle,32,2,57,54,54,write,1,0xc5e0000000390036,5,Work Request Flushed Error,0xf9,255,0,0x1246,12507833,0,0
main,rnr,4096,64,all,middle,32,2,57,55,55,write,1,0xc5e0000000390037,5,Work Request Flushed Error,0xf9,255,0,0x1246,12517114,0,0
main,rnr,4096,64,all,middle,32,2,57,56,56,write,1,0xc5e0000000390038,5,Work Request Flushed Error,0xf9,255,0,0x1246,12526458,0,0
main,rnr,4096,64,all,middle,32,2,57,57,57,write,1,0xc5e0000000390039,5,Work Request Flushed Error,0xf9,255,0,0x1246,12535809,0,0
main,rnr,4096,64,all,middle,32,2,57,58,58,write,1,0xc5e000000039003a,5,Work Request Flushed Error,0xf9,255,0,0x1246,12545204,0,0
main,rnr,4096,64,all,middle,32,2,57,59,59,write,1,0xc5e000000039003b,5,Work Request Flushed Error,0xf9,255,0,0x1246,12554492,0,0
main,rnr,4096,64,all,middle,32,2,57,60,60,write,1,0xc5e000000039003c,5,Work Request Flushed Error,0xf9,255,0,0x1246,12563790,0,0
main,rnr,4096,64,all,middle,32,2,57,61,61,write,1,0xc5e000000039003d,5,Work Request Flushed Error,0xf9,255,0,0x1246,12573131,0,0
main,rnr,4096,64,all,middle,32,2,57,62,62,write,1,0xc5e000000039003e,5,Work Request Flushed Error,0xf9,255,0,0x1246,12582418,0,0
main,rnr,4096,64,all,middle,32,2,57,63,63,write,1,0xc5e000000039003f,5,Work Request Flushed Error,0xf9,255,0,0x1246,12591831,0,0
main,rnr,4096,64,all,middle,32,3,58,0,0,write,1,0xc5e00000003a0000,0,success,0x0,1,0,0x1246,6014,0,0
main,rnr,4096,64,all,middle,32,3,58,1,1,write,1,0xc5e00000003a0001,0,success,0x0,1,0,0x1246,6309,0,0
main,rnr,4096,64,all,middle,32,3,58,2,2,write,1,0xc5e00000003a0002,0,success,0x0,1,0,0x1246,6664,0,0
main,rnr,4096,64,all,middle,32,3,58,3,3,write,1,0xc5e00000003a0003,0,success,0x0,1,0,0x1246,6988,0,0
main,rnr,4096,64,all,middle,32,3,58,4,4,write,1,0xc5e00000003a0004,0,success,0x0,1,0,0x1246,7316,0,0
main,rnr,4096,64,all,middle,32,3,58,5,5,write,1,0xc5e00000003a0005,0,success,0x0,1,0,0x1246,7656,0,0
main,rnr,4096,64,all,middle,32,3,58,6,6,write,1,0xc5e00000003a0006,0,success,0x0,1,0,0x1246,7989,0,0
main,rnr,4096,64,all,middle,32,3,58,7,7,write,1,0xc5e00000003a0007,0,success,0x0,1,0,0x1246,8370,0,0
main,rnr,4096,64,all,middle,32,3,58,8,8,write,1,0xc5e00000003a0008,0,success,0x0,1,0,0x1246,8680,0,0
main,rnr,4096,64,all,middle,32,3,58,9,9,write,1,0xc5e00000003a0009,0,success,0x0,1,0,0x1246,8999,0,0
main,rnr,4096,64,all,middle,32,3,58,10,10,write,1,0xc5e00000003a000a,0,success,0x0,1,0,0x1246,9346,0,0
main,rnr,4096,64,all,middle,32,3,58,11,11,write,1,0xc5e00000003a000b,0,success,0x0,1,0,0x1246,9676,0,0
main,rnr,4096,64,all,middle,32,3,58,12,12,write,1,0xc5e00000003a000c,0,success,0x0,1,0,0x1246,10019,0,0
main,rnr,4096,64,all,middle,32,3,58,13,13,write,1,0xc5e00000003a000d,0,success,0x0,1,0,0x1246,10352,0,0
main,rnr,4096,64,all,middle,32,3,58,14,14,write,1,0xc5e00000003a000e,0,success,0x0,1,0,0x1246,10673,0,0
main,rnr,4096,64,all,middle,32,3,58,15,15,write,1,0xc5e00000003a000f,0,success,0x0,1,0,0x1246,11022,0,0
main,rnr,4096,64,all,middle,32,3,58,16,16,write,1,0xc5e00000003a0010,0,success,0x0,1,0,0x1246,11344,0,0
main,rnr,4096,64,all,middle,32,3,58,17,17,write,1,0xc5e00000003a0011,0,success,0x0,1,0,0x1246,11680,0,0
main,rnr,4096,64,all,middle,32,3,58,18,18,write,1,0xc5e00000003a0012,0,success,0x0,1,0,0x1246,12033,0,0
main,rnr,4096,64,all,middle,32,3,58,19,19,write,1,0xc5e00000003a0013,0,success,0x0,1,0,0x1246,12338,0,0
main,rnr,4096,64,all,middle,32,3,58,20,20,write,1,0xc5e00000003a0014,0,success,0x0,1,0,0x1246,12676,0,0
main,rnr,4096,64,all,middle,32,3,58,21,21,write,1,0xc5e00000003a0015,0,success,0x0,1,0,0x1246,13009,0,0
main,rnr,4096,64,all,middle,32,3,58,22,22,write,1,0xc5e00000003a0016,0,success,0x0,1,0,0x1246,13339,0,0
main,rnr,4096,64,all,middle,32,3,58,23,23,write,1,0xc5e00000003a0017,0,success,0x0,1,0,0x1246,13690,0,0
main,rnr,4096,64,all,middle,32,3,58,24,24,write,1,0xc5e00000003a0018,0,success,0x0,1,0,0x1246,14023,0,0
main,rnr,4096,64,all,middle,32,3,58,25,25,write,1,0xc5e00000003a0019,0,success,0x0,1,0,0x1246,14338,0,0
main,rnr,4096,64,all,middle,32,3,58,26,26,write,1,0xc5e00000003a001a,0,success,0x0,1,0,0x1246,14687,0,0
main,rnr,4096,64,all,middle,32,3,58,27,27,write,1,0xc5e00000003a001b,0,success,0x0,1,0,0x1246,15027,0,0
main,rnr,4096,64,all,middle,32,3,58,28,28,write,1,0xc5e00000003a001c,0,success,0x0,1,0,0x1246,15366,0,0
main,rnr,4096,64,all,middle,32,3,58,29,29,write,1,0xc5e00000003a001d,0,success,0x0,1,0,0x1246,15698,0,0
main,rnr,4096,64,all,middle,32,3,58,30,30,write,1,0xc5e00000003a001e,0,success,0x0,1,0,0x1246,16036,0,0
main,rnr,4096,64,all,middle,32,3,58,31,31,write,1,0xc5e00000003a001f,0,success,0x0,1,0,0x1246,16369,0,0
main,rnr,4096,64,all,middle,32,3,58,32,32,send,1,0xc5e00000003a0020,13,RNR retry counter exceeded,0x87,255,0,0x1246,12224756,0,0
main,rnr,4096,64,all,middle,32,3,58,33,33,write,1,0xc5e00000003a0021,5,Work Request Flushed Error,0xf9,255,0,0x1246,12284240,0,0
main,rnr,4096,64,all,middle,32,3,58,34,34,write,1,0xc5e00000003a0022,5,Work Request Flushed Error,0xf9,255,0,0x1246,12293701,0,0
main,rnr,4096,64,all,middle,32,3,58,35,35,write,1,0xc5e00000003a0023,5,Work Request Flushed Error,0xf9,255,0,0x1246,12303097,0,0
main,rnr,4096,64,all,middle,32,3,58,36,36,write,1,0xc5e00000003a0024,5,Work Request Flushed Error,0xf9,255,0,0x1246,12312459,0,0
main,rnr,4096,64,all,middle,32,3,58,37,37,write,1,0xc5e00000003a0025,5,Work Request Flushed Error,0xf9,255,0,0x1246,12321705,0,0
main,rnr,4096,64,all,middle,32,3,58,38,38,write,1,0xc5e00000003a0026,5,Work Request Flushed Error,0xf9,255,0,0x1246,12331124,0,0
main,rnr,4096,64,all,middle,32,3,58,39,39,write,1,0xc5e00000003a0027,5,Work Request Flushed Error,0xf9,255,0,0x1246,12340481,0,0
main,rnr,4096,64,all,middle,32,3,58,40,40,write,1,0xc5e00000003a0028,5,Work Request Flushed Error,0xf9,255,0,0x1246,12349773,0,0
main,rnr,4096,64,all,middle,32,3,58,41,41,write,1,0xc5e00000003a0029,5,Work Request Flushed Error,0xf9,255,0,0x1246,12359090,0,0
main,rnr,4096,64,all,middle,32,3,58,42,42,write,1,0xc5e00000003a002a,5,Work Request Flushed Error,0xf9,255,0,0x1246,12368340,0,0
main,rnr,4096,64,all,middle,32,3,58,43,43,write,1,0xc5e00000003a002b,5,Work Request Flushed Error,0xf9,255,0,0x1246,12377656,0,0
main,rnr,4096,64,all,middle,32,3,58,44,44,write,1,0xc5e00000003a002c,5,Work Request Flushed Error,0xf9,255,0,0x1246,12387013,0,0
main,rnr,4096,64,all,middle,32,3,58,45,45,write,1,0xc5e00000003a002d,5,Work Request Flushed Error,0xf9,255,0,0x1246,12396359,0,0
main,rnr,4096,64,all,middle,32,3,58,46,46,write,1,0xc5e00000003a002e,5,Work Request Flushed Error,0xf9,255,0,0x1246,12405629,0,0
main,rnr,4096,64,all,middle,32,3,58,47,47,write,1,0xc5e00000003a002f,5,Work Request Flushed Error,0xf9,255,0,0x1246,12414913,0,0
main,rnr,4096,64,all,middle,32,3,58,48,48,write,1,0xc5e00000003a0030,5,Work Request Flushed Error,0xf9,255,0,0x1246,12424210,0,0
main,rnr,4096,64,all,middle,32,3,58,49,49,write,1,0xc5e00000003a0031,5,Work Request Flushed Error,0xf9,255,0,0x1246,12433693,0,0
main,rnr,4096,64,all,middle,32,3,58,50,50,write,1,0xc5e00000003a0032,5,Work Request Flushed Error,0xf9,255,0,0x1246,12443029,0,0
main,rnr,4096,64,all,middle,32,3,58,51,51,write,1,0xc5e00000003a0033,5,Work Request Flushed Error,0xf9,255,0,0x1246,12452368,0,0
main,rnr,4096,64,all,middle,32,3,58,52,52,write,1,0xc5e00000003a0034,5,Work Request Flushed Error,0xf9,255,0,0x1246,12461701,0,0
main,rnr,4096,64,all,middle,32,3,58,53,53,write,1,0xc5e00000003a0035,5,Work Request Flushed Error,0xf9,255,0,0x1246,12471047,0,0
main,rnr,4096,64,all,middle,32,3,58,54,54,write,1,0xc5e00000003a0036,5,Work Request Flushed Error,0xf9,255,0,0x1246,12480486,0,0
main,rnr,4096,64,all,middle,32,3,58,55,55,write,1,0xc5e00000003a0037,5,Work Request Flushed Error,0xf9,255,0,0x1246,12489755,0,0
main,rnr,4096,64,all,middle,32,3,58,56,56,write,1,0xc5e00000003a0038,5,Work Request Flushed Error,0xf9,255,0,0x1246,12498984,0,0
main,rnr,4096,64,all,middle,32,3,58,57,57,write,1,0xc5e00000003a0039,5,Work Request Flushed Error,0xf9,255,0,0x1246,12508311,0,0
main,rnr,4096,64,all,middle,32,3,58,58,58,write,1,0xc5e00000003a003a,5,Work Request Flushed Error,0xf9,255,0,0x1246,12517672,0,0
main,rnr,4096,64,all,middle,32,3,58,59,59,write,1,0xc5e00000003a003b,5,Work Request Flushed Error,0xf9,255,0,0x1246,12527176,0,0
main,rnr,4096,64,all,middle,32,3,58,60,60,write,1,0xc5e00000003a003c,5,Work Request Flushed Error,0xf9,255,0,0x1246,12536480,0,0
main,rnr,4096,64,all,middle,32,3,58,61,61,write,1,0xc5e00000003a003d,5,Work Request Flushed Error,0xf9,255,0,0x1246,12545760,0,0
main,rnr,4096,64,all,middle,32,3,58,62,62,write,1,0xc5e00000003a003e,5,Work Request Flushed Error,0xf9,255,0,0x1246,12555063,0,0
main,rnr,4096,64,all,middle,32,3,58,63,63,write,1,0xc5e00000003a003f,5,Work Request Flushed Error,0xf9,255,0,0x1246,12564394,0,0
main,rnr,4096,64,all,middle,32,4,59,0,0,write,1,0xc5e00000003b0000,0,success,0x0,1,0,0x1246,6220,0,0
main,rnr,4096,64,all,middle,32,4,59,1,1,write,1,0xc5e00000003b0001,0,success,0x0,1,0,0x1246,6503,0,0
main,rnr,4096,64,all,middle,32,4,59,2,2,write,1,0xc5e00000003b0002,0,success,0x0,1,0,0x1246,6867,0,0
main,rnr,4096,64,all,middle,32,4,59,3,3,write,1,0xc5e00000003b0003,0,success,0x0,1,0,0x1246,7183,0,0
main,rnr,4096,64,all,middle,32,4,59,4,4,write,1,0xc5e00000003b0004,0,success,0x0,1,0,0x1246,7504,0,0
main,rnr,4096,64,all,middle,32,4,59,5,5,write,1,0xc5e00000003b0005,0,success,0x0,1,0,0x1246,7855,0,0
main,rnr,4096,64,all,middle,32,4,59,6,6,write,1,0xc5e00000003b0006,0,success,0x0,1,0,0x1246,8199,0,0
main,rnr,4096,64,all,middle,32,4,59,7,7,write,1,0xc5e00000003b0007,0,success,0x0,1,0,0x1246,8519,0,0
main,rnr,4096,64,all,middle,32,4,59,8,8,write,1,0xc5e00000003b0008,0,success,0x0,1,0,0x1246,8866,0,0
main,rnr,4096,64,all,middle,32,4,59,9,9,write,1,0xc5e00000003b0009,0,success,0x0,1,0,0x1246,9191,0,0
main,rnr,4096,64,all,middle,32,4,59,10,10,write,1,0xc5e00000003b000a,0,success,0x0,1,0,0x1246,9521,0,0
main,rnr,4096,64,all,middle,32,4,59,11,11,write,1,0xc5e00000003b000b,0,success,0x0,1,0,0x1246,9877,0,0
main,rnr,4096,64,all,middle,32,4,59,12,12,write,1,0xc5e00000003b000c,0,success,0x0,1,0,0x1246,10196,0,0
main,rnr,4096,64,all,middle,32,4,59,13,13,write,1,0xc5e00000003b000d,0,success,0x0,1,0,0x1246,10534,0,0
main,rnr,4096,64,all,middle,32,4,59,14,14,write,1,0xc5e00000003b000e,0,success,0x0,1,0,0x1246,10871,0,0
main,rnr,4096,64,all,middle,32,4,59,15,15,write,1,0xc5e00000003b000f,0,success,0x0,1,0,0x1246,11198,0,0
main,rnr,4096,64,all,middle,32,4,59,16,16,write,1,0xc5e00000003b0010,0,success,0x0,1,0,0x1246,11537,0,0
main,rnr,4096,64,all,middle,32,4,59,17,17,write,1,0xc5e00000003b0011,0,success,0x0,1,0,0x1246,11888,0,0
main,rnr,4096,64,all,middle,32,4,59,18,18,write,1,0xc5e00000003b0012,0,success,0x0,1,0,0x1246,12200,0,0
main,rnr,4096,64,all,middle,32,4,59,19,19,write,1,0xc5e00000003b0013,0,success,0x0,1,0,0x1246,12542,0,0
main,rnr,4096,64,all,middle,32,4,59,20,20,write,1,0xc5e00000003b0014,0,success,0x0,1,0,0x1246,12863,0,0
main,rnr,4096,64,all,middle,32,4,59,21,21,write,1,0xc5e00000003b0015,0,success,0x0,1,0,0x1246,13193,0,0
main,rnr,4096,64,all,middle,32,4,59,22,22,write,1,0xc5e00000003b0016,0,success,0x0,1,0,0x1246,13533,0,0
main,rnr,4096,64,all,middle,32,4,59,23,23,write,1,0xc5e00000003b0017,0,success,0x0,1,0,0x1246,13875,0,0
main,rnr,4096,64,all,middle,32,4,59,24,24,write,1,0xc5e00000003b0018,0,success,0x0,1,0,0x1246,14211,0,0
main,rnr,4096,64,all,middle,32,4,59,25,25,write,1,0xc5e00000003b0019,0,success,0x0,1,0,0x1246,14535,0,0
main,rnr,4096,64,all,middle,32,4,59,26,26,write,1,0xc5e00000003b001a,0,success,0x0,1,0,0x1246,14873,0,0
main,rnr,4096,64,all,middle,32,4,59,27,27,write,1,0xc5e00000003b001b,0,success,0x0,1,0,0x1246,15211,0,0
main,rnr,4096,64,all,middle,32,4,59,28,28,write,1,0xc5e00000003b001c,0,success,0x0,1,0,0x1246,15551,0,0
main,rnr,4096,64,all,middle,32,4,59,29,29,write,1,0xc5e00000003b001d,0,success,0x0,1,0,0x1246,15879,0,0
main,rnr,4096,64,all,middle,32,4,59,30,30,write,1,0xc5e00000003b001e,0,success,0x0,1,0,0x1246,16215,0,0
main,rnr,4096,64,all,middle,32,4,59,31,31,write,1,0xc5e00000003b001f,0,success,0x0,1,0,0x1246,16558,0,0
main,rnr,4096,64,all,middle,32,4,59,32,32,send,1,0xc5e00000003b0020,13,RNR retry counter exceeded,0x87,255,0,0x1246,12236514,0,0
main,rnr,4096,64,all,middle,32,4,59,33,33,write,1,0xc5e00000003b0021,5,Work Request Flushed Error,0xf9,255,0,0x1246,12296479,0,0
main,rnr,4096,64,all,middle,32,4,59,34,34,write,1,0xc5e00000003b0022,5,Work Request Flushed Error,0xf9,255,0,0x1246,12306179,0,0
main,rnr,4096,64,all,middle,32,4,59,35,35,write,1,0xc5e00000003b0023,5,Work Request Flushed Error,0xf9,255,0,0x1246,12315856,0,0
main,rnr,4096,64,all,middle,32,4,59,36,36,write,1,0xc5e00000003b0024,5,Work Request Flushed Error,0xf9,255,0,0x1246,12325319,0,0
main,rnr,4096,64,all,middle,32,4,59,37,37,write,1,0xc5e00000003b0025,5,Work Request Flushed Error,0xf9,255,0,0x1246,12334655,0,0
main,rnr,4096,64,all,middle,32,4,59,38,38,write,1,0xc5e00000003b0026,5,Work Request Flushed Error,0xf9,255,0,0x1246,12344039,0,0
main,rnr,4096,64,all,middle,32,4,59,39,39,write,1,0xc5e00000003b0027,5,Work Request Flushed Error,0xf9,255,0,0x1246,12353540,0,0
main,rnr,4096,64,all,middle,32,4,59,40,40,write,1,0xc5e00000003b0028,5,Work Request Flushed Error,0xf9,255,0,0x1246,12362991,0,0
main,rnr,4096,64,all,middle,32,4,59,41,41,write,1,0xc5e00000003b0029,5,Work Request Flushed Error,0xf9,255,0,0x1246,12372403,0,0
main,rnr,4096,64,all,middle,32,4,59,42,42,write,1,0xc5e00000003b002a,5,Work Request Flushed Error,0xf9,255,0,0x1246,12381811,0,0
main,rnr,4096,64,all,middle,32,4,59,43,43,write,1,0xc5e00000003b002b,5,Work Request Flushed Error,0xf9,255,0,0x1246,12391284,0,0
main,rnr,4096,64,all,middle,32,4,59,44,44,write,1,0xc5e00000003b002c,5,Work Request Flushed Error,0xf9,255,0,0x1246,12400726,0,0
main,rnr,4096,64,all,middle,32,4,59,45,45,write,1,0xc5e00000003b002d,5,Work Request Flushed Error,0xf9,255,0,0x1246,12410365,0,0
main,rnr,4096,64,all,middle,32,4,59,46,46,write,1,0xc5e00000003b002e,5,Work Request Flushed Error,0xf9,255,0,0x1246,12419766,0,0
main,rnr,4096,64,all,middle,32,4,59,47,47,write,1,0xc5e00000003b002f,5,Work Request Flushed Error,0xf9,255,0,0x1246,12429133,0,0
main,rnr,4096,64,all,middle,32,4,59,48,48,write,1,0xc5e00000003b0030,5,Work Request Flushed Error,0xf9,255,0,0x1246,12438509,0,0
main,rnr,4096,64,all,middle,32,4,59,49,49,write,1,0xc5e00000003b0031,5,Work Request Flushed Error,0xf9,255,0,0x1246,12447842,0,0
main,rnr,4096,64,all,middle,32,4,59,50,50,write,1,0xc5e00000003b0032,5,Work Request Flushed Error,0xf9,255,0,0x1246,12457385,0,0
main,rnr,4096,64,all,middle,32,4,59,51,51,write,1,0xc5e00000003b0033,5,Work Request Flushed Error,0xf9,255,0,0x1246,12466754,0,0
main,rnr,4096,64,all,middle,32,4,59,52,52,write,1,0xc5e00000003b0034,5,Work Request Flushed Error,0xf9,255,0,0x1246,12476156,0,0
main,rnr,4096,64,all,middle,32,4,59,53,53,write,1,0xc5e00000003b0035,5,Work Request Flushed Error,0xf9,255,0,0x1246,12485574,0,0
main,rnr,4096,64,all,middle,32,4,59,54,54,write,1,0xc5e00000003b0036,5,Work Request Flushed Error,0xf9,255,0,0x1246,12494943,0,0
main,rnr,4096,64,all,middle,32,4,59,55,55,write,1,0xc5e00000003b0037,5,Work Request Flushed Error,0xf9,255,0,0x1246,12504400,0,0
main,rnr,4096,64,all,middle,32,4,59,56,56,write,1,0xc5e00000003b0038,5,Work Request Flushed Error,0xf9,255,0,0x1246,12513793,0,0
main,rnr,4096,64,all,middle,32,4,59,57,57,write,1,0xc5e00000003b0039,5,Work Request Flushed Error,0xf9,255,0,0x1246,12523207,0,0
main,rnr,4096,64,all,middle,32,4,59,58,58,write,1,0xc5e00000003b003a,5,Work Request Flushed Error,0xf9,255,0,0x1246,12532655,0,0
main,rnr,4096,64,all,middle,32,4,59,59,59,write,1,0xc5e00000003b003b,5,Work Request Flushed Error,0xf9,255,0,0x1246,12542070,0,0
main,rnr,4096,64,all,middle,32,4,59,60,60,write,1,0xc5e00000003b003c,5,Work Request Flushed Error,0xf9,255,0,0x1246,12551446,0,0
main,rnr,4096,64,all,middle,32,4,59,61,61,write,1,0xc5e00000003b003d,5,Work Request Flushed Error,0xf9,255,0,0x1246,12561072,0,0
main,rnr,4096,64,all,middle,32,4,59,62,62,write,1,0xc5e00000003b003e,5,Work Request Flushed Error,0xf9,255,0,0x1246,12570471,0,0
main,rnr,4096,64,all,middle,32,4,59,63,63,write,1,0xc5e00000003b003f,5,Work Request Flushed Error,0xf9,255,0,0x1246,12579908,0,0
main,rnr,4096,64,last,first,0,0,60,0,0,send,0,0xc5e00000003c0000,13,RNR retry counter exceeded,0x87,255,0,0x1246,12219472,0,0
main,rnr,4096,64,last,first,0,0,60,1,1,write,0,0xc5e00000003c0001,5,Work Request Flushed Error,0xf9,255,0,0x1246,12279462,0,0
main,rnr,4096,64,last,first,0,0,60,2,2,write,0,0xc5e00000003c0002,5,Work Request Flushed Error,0xf9,255,0,0x1246,12289119,0,0
main,rnr,4096,64,last,first,0,0,60,3,3,write,0,0xc5e00000003c0003,5,Work Request Flushed Error,0xf9,255,0,0x1246,12298631,0,0
main,rnr,4096,64,last,first,0,0,60,4,4,write,0,0xc5e00000003c0004,5,Work Request Flushed Error,0xf9,255,0,0x1246,12308133,0,0
main,rnr,4096,64,last,first,0,0,60,5,5,write,0,0xc5e00000003c0005,5,Work Request Flushed Error,0xf9,255,0,0x1246,12317558,0,0
main,rnr,4096,64,last,first,0,0,60,6,6,write,0,0xc5e00000003c0006,5,Work Request Flushed Error,0xf9,255,0,0x1246,12327007,0,0
main,rnr,4096,64,last,first,0,0,60,7,7,write,0,0xc5e00000003c0007,5,Work Request Flushed Error,0xf9,255,0,0x1246,12337145,0,0
main,rnr,4096,64,last,first,0,0,60,8,8,write,0,0xc5e00000003c0008,5,Work Request Flushed Error,0xf9,255,0,0x1246,12345852,0,0
main,rnr,4096,64,last,first,0,0,60,9,9,write,0,0xc5e00000003c0009,5,Work Request Flushed Error,0xf9,255,0,0x1246,12355347,0,0
main,rnr,4096,64,last,first,0,0,60,10,10,write,0,0xc5e00000003c000a,5,Work Request Flushed Error,0xf9,255,0,0x1246,12364791,0,0
main,rnr,4096,64,last,first,0,0,60,11,11,write,0,0xc5e00000003c000b,5,Work Request Flushed Error,0xf9,255,0,0x1246,12374208,0,0
main,rnr,4096,64,last,first,0,0,60,12,12,write,0,0xc5e00000003c000c,5,Work Request Flushed Error,0xf9,255,0,0x1246,12383566,0,0
main,rnr,4096,64,last,first,0,0,60,13,13,write,0,0xc5e00000003c000d,5,Work Request Flushed Error,0xf9,255,0,0x1246,12392984,0,0
main,rnr,4096,64,last,first,0,0,60,14,14,write,0,0xc5e00000003c000e,5,Work Request Flushed Error,0xf9,255,0,0x1246,12402343,0,0
main,rnr,4096,64,last,first,0,0,60,15,15,write,0,0xc5e00000003c000f,5,Work Request Flushed Error,0xf9,255,0,0x1246,12411883,0,0
main,rnr,4096,64,last,first,0,0,60,16,16,write,0,0xc5e00000003c0010,5,Work Request Flushed Error,0xf9,255,0,0x1246,12421241,0,0
main,rnr,4096,64,last,first,0,0,60,17,17,write,0,0xc5e00000003c0011,5,Work Request Flushed Error,0xf9,255,0,0x1246,12430575,0,0
main,rnr,4096,64,last,first,0,0,60,18,18,write,0,0xc5e00000003c0012,5,Work Request Flushed Error,0xf9,255,0,0x1246,12439976,0,0
main,rnr,4096,64,last,first,0,0,60,19,19,write,0,0xc5e00000003c0013,5,Work Request Flushed Error,0xf9,255,0,0x1246,12449379,0,0
main,rnr,4096,64,last,first,0,0,60,20,20,write,0,0xc5e00000003c0014,5,Work Request Flushed Error,0xf9,255,0,0x1246,12458855,0,0
main,rnr,4096,64,last,first,0,0,60,21,21,write,0,0xc5e00000003c0015,5,Work Request Flushed Error,0xf9,255,0,0x1246,12468338,0,0
main,rnr,4096,64,last,first,0,0,60,22,22,write,0,0xc5e00000003c0016,5,Work Request Flushed Error,0xf9,255,0,0x1246,12477784,0,0
main,rnr,4096,64,last,first,0,0,60,23,23,write,0,0xc5e00000003c0017,5,Work Request Flushed Error,0xf9,255,0,0x1246,12487191,0,0
main,rnr,4096,64,last,first,0,0,60,24,24,write,0,0xc5e00000003c0018,5,Work Request Flushed Error,0xf9,255,0,0x1246,12496607,0,0
main,rnr,4096,64,last,first,0,0,60,25,25,write,0,0xc5e00000003c0019,5,Work Request Flushed Error,0xf9,255,0,0x1246,12506042,0,0
main,rnr,4096,64,last,first,0,0,60,26,26,write,0,0xc5e00000003c001a,5,Work Request Flushed Error,0xf9,255,0,0x1246,12515460,0,0
main,rnr,4096,64,last,first,0,0,60,27,27,write,0,0xc5e00000003c001b,5,Work Request Flushed Error,0xf9,255,0,0x1246,12524797,0,0
main,rnr,4096,64,last,first,0,0,60,28,28,write,0,0xc5e00000003c001c,5,Work Request Flushed Error,0xf9,255,0,0x1246,12534200,0,0
main,rnr,4096,64,last,first,0,0,60,29,29,write,0,0xc5e00000003c001d,5,Work Request Flushed Error,0xf9,255,0,0x1246,12543567,0,0
main,rnr,4096,64,last,first,0,0,60,30,30,write,0,0xc5e00000003c001e,5,Work Request Flushed Error,0xf9,255,0,0x1246,12552983,0,0
main,rnr,4096,64,last,first,0,0,60,31,31,write,0,0xc5e00000003c001f,5,Work Request Flushed Error,0xf9,255,0,0x1246,12562751,0,0
main,rnr,4096,64,last,first,0,0,60,32,32,write,0,0xc5e00000003c0020,5,Work Request Flushed Error,0xf9,255,0,0x1246,12572114,0,0
main,rnr,4096,64,last,first,0,0,60,33,33,write,0,0xc5e00000003c0021,5,Work Request Flushed Error,0xf9,255,0,0x1246,12581505,0,0
main,rnr,4096,64,last,first,0,0,60,34,34,write,0,0xc5e00000003c0022,5,Work Request Flushed Error,0xf9,255,0,0x1246,12590917,0,0
main,rnr,4096,64,last,first,0,0,60,35,35,write,0,0xc5e00000003c0023,5,Work Request Flushed Error,0xf9,255,0,0x1246,12600357,0,0
main,rnr,4096,64,last,first,0,0,60,36,36,write,0,0xc5e00000003c0024,5,Work Request Flushed Error,0xf9,255,0,0x1246,12609884,0,0
main,rnr,4096,64,last,first,0,0,60,37,37,write,0,0xc5e00000003c0025,5,Work Request Flushed Error,0xf9,255,0,0x1246,12619271,0,0
main,rnr,4096,64,last,first,0,0,60,38,38,write,0,0xc5e00000003c0026,5,Work Request Flushed Error,0xf9,255,0,0x1246,12628612,0,0
main,rnr,4096,64,last,first,0,0,60,39,39,write,0,0xc5e00000003c0027,5,Work Request Flushed Error,0xf9,255,0,0x1246,12638043,0,0
main,rnr,4096,64,last,first,0,0,60,40,40,write,0,0xc5e00000003c0028,5,Work Request Flushed Error,0xf9,255,0,0x1246,12647452,0,0
main,rnr,4096,64,last,first,0,0,60,41,41,write,0,0xc5e00000003c0029,5,Work Request Flushed Error,0xf9,255,0,0x1246,12656909,0,0
main,rnr,4096,64,last,first,0,0,60,42,42,write,0,0xc5e00000003c002a,5,Work Request Flushed Error,0xf9,255,0,0x1246,12666499,0,0
main,rnr,4096,64,last,first,0,0,60,43,43,write,0,0xc5e00000003c002b,5,Work Request Flushed Error,0xf9,255,0,0x1246,12676022,0,0
main,rnr,4096,64,last,first,0,0,60,44,44,write,0,0xc5e00000003c002c,5,Work Request Flushed Error,0xf9,255,0,0x1246,12685429,0,0
main,rnr,4096,64,last,first,0,0,60,45,45,write,0,0xc5e00000003c002d,5,Work Request Flushed Error,0xf9,255,0,0x1246,12694818,0,0
main,rnr,4096,64,last,first,0,0,60,46,46,write,0,0xc5e00000003c002e,5,Work Request Flushed Error,0xf9,255,0,0x1246,12704223,0,0
main,rnr,4096,64,last,first,0,0,60,47,47,write,0,0xc5e00000003c002f,5,Work Request Flushed Error,0xf9,255,0,0x1246,12713817,0,0
main,rnr,4096,64,last,first,0,0,60,48,48,write,0,0xc5e00000003c0030,5,Work Request Flushed Error,0xf9,255,0,0x1246,12723254,0,0
main,rnr,4096,64,last,first,0,0,60,49,49,write,0,0xc5e00000003c0031,5,Work Request Flushed Error,0xf9,255,0,0x1246,12732675,0,0
main,rnr,4096,64,last,first,0,0,60,50,50,write,0,0xc5e00000003c0032,5,Work Request Flushed Error,0xf9,255,0,0x1246,12742075,0,0
main,rnr,4096,64,last,first,0,0,60,51,51,write,0,0xc5e00000003c0033,5,Work Request Flushed Error,0xf9,255,0,0x1246,12751504,0,0
main,rnr,4096,64,last,first,0,0,60,52,52,write,0,0xc5e00000003c0034,5,Work Request Flushed Error,0xf9,255,0,0x1246,12760980,0,0
main,rnr,4096,64,last,first,0,0,60,53,53,write,0,0xc5e00000003c0035,5,Work Request Flushed Error,0xf9,255,0,0x1246,12770337,0,0
main,rnr,4096,64,last,first,0,0,60,54,54,write,0,0xc5e00000003c0036,5,Work Request Flushed Error,0xf9,255,0,0x1246,12779767,0,0
main,rnr,4096,64,last,first,0,0,60,55,55,write,0,0xc5e00000003c0037,5,Work Request Flushed Error,0xf9,255,0,0x1246,12789158,0,0
main,rnr,4096,64,last,first,0,0,60,56,56,write,0,0xc5e00000003c0038,5,Work Request Flushed Error,0xf9,255,0,0x1246,12798529,0,0
main,rnr,4096,64,last,first,0,0,60,57,57,write,0,0xc5e00000003c0039,5,Work Request Flushed Error,0xf9,255,0,0x1246,12807925,0,0
main,rnr,4096,64,last,first,0,0,60,58,58,write,0,0xc5e00000003c003a,5,Work Request Flushed Error,0xf9,255,0,0x1246,12817250,0,0
main,rnr,4096,64,last,first,0,0,60,59,59,write,0,0xc5e00000003c003b,5,Work Request Flushed Error,0xf9,255,0,0x1246,12826616,0,0
main,rnr,4096,64,last,first,0,0,60,60,60,write,0,0xc5e00000003c003c,5,Work Request Flushed Error,0xf9,255,0,0x1246,12836001,0,0
main,rnr,4096,64,last,first,0,0,60,61,61,write,0,0xc5e00000003c003d,5,Work Request Flushed Error,0xf9,255,0,0x1246,12845508,0,0
main,rnr,4096,64,last,first,0,0,60,62,62,write,0,0xc5e00000003c003e,5,Work Request Flushed Error,0xf9,255,0,0x1246,12855023,0,0
main,rnr,4096,64,last,first,0,0,60,63,63,write,1,0xc5e00000003c003f,5,Work Request Flushed Error,0xf9,255,0,0x1246,12864730,0,0
main,rnr,4096,64,last,first,0,1,61,0,0,send,0,0xc5e00000003d0000,13,RNR retry counter exceeded,0x87,255,0,0x1246,12985903,0,0
main,rnr,4096,64,last,first,0,1,61,1,1,write,0,0xc5e00000003d0001,5,Work Request Flushed Error,0xf9,255,0,0x1246,13044885,0,0
main,rnr,4096,64,last,first,0,1,61,2,2,write,0,0xc5e00000003d0002,5,Work Request Flushed Error,0xf9,255,0,0x1246,13054349,0,0
main,rnr,4096,64,last,first,0,1,61,3,3,write,0,0xc5e00000003d0003,5,Work Request Flushed Error,0xf9,255,0,0x1246,13063689,0,0
main,rnr,4096,64,last,first,0,1,61,4,4,write,0,0xc5e00000003d0004,5,Work Request Flushed Error,0xf9,255,0,0x1246,13073015,0,0
main,rnr,4096,64,last,first,0,1,61,5,5,write,0,0xc5e00000003d0005,5,Work Request Flushed Error,0xf9,255,0,0x1246,13082328,0,0
main,rnr,4096,64,last,first,0,1,61,6,6,write,0,0xc5e00000003d0006,5,Work Request Flushed Error,0xf9,255,0,0x1246,13091724,0,0
main,rnr,4096,64,last,first,0,1,61,7,7,write,0,0xc5e00000003d0007,5,Work Request Flushed Error,0xf9,255,0,0x1246,13101148,0,0
main,rnr,4096,64,last,first,0,1,61,8,8,write,0,0xc5e00000003d0008,5,Work Request Flushed Error,0xf9,255,0,0x1246,13110430,0,0
main,rnr,4096,64,last,first,0,1,61,9,9,write,0,0xc5e00000003d0009,5,Work Request Flushed Error,0xf9,255,0,0x1246,13119771,0,0
main,rnr,4096,64,last,first,0,1,61,10,10,write,0,0xc5e00000003d000a,5,Work Request Flushed Error,0xf9,255,0,0x1246,13129078,0,0
main,rnr,4096,64,last,first,0,1,61,11,11,write,0,0xc5e00000003d000b,5,Work Request Flushed Error,0xf9,255,0,0x1246,13138411,0,0
main,rnr,4096,64,last,first,0,1,61,12,12,write,0,0xc5e00000003d000c,5,Work Request Flushed Error,0xf9,255,0,0x1246,13147906,0,0
main,rnr,4096,64,last,first,0,1,61,13,13,write,0,0xc5e00000003d000d,5,Work Request Flushed Error,0xf9,255,0,0x1246,13157242,0,0
main,rnr,4096,64,last,first,0,1,61,14,14,write,0,0xc5e00000003d000e,5,Work Request Flushed Error,0xf9,255,0,0x1246,13166545,0,0
main,rnr,4096,64,last,first,0,1,61,15,15,write,0,0xc5e00000003d000f,5,Work Request Flushed Error,0xf9,255,0,0x1246,13175853,0,0
main,rnr,4096,64,last,first,0,1,61,16,16,write,0,0xc5e00000003d0010,5,Work Request Flushed Error,0xf9,255,0,0x1246,13185164,0,0
main,rnr,4096,64,last,first,0,1,61,17,17,write,0,0xc5e00000003d0011,5,Work Request Flushed Error,0xf9,255,0,0x1246,13194555,0,0
main,rnr,4096,64,last,first,0,1,61,18,18,write,0,0xc5e00000003d0012,5,Work Request Flushed Error,0xf9,255,0,0x1246,13203811,0,0
main,rnr,4096,64,last,first,0,1,61,19,19,write,0,0xc5e00000003d0013,5,Work Request Flushed Error,0xf9,255,0,0x1246,13213104,0,0
main,rnr,4096,64,last,first,0,1,61,20,20,write,0,0xc5e00000003d0014,5,Work Request Flushed Error,0xf9,255,0,0x1246,13222365,0,0
main,rnr,4096,64,last,first,0,1,61,21,21,write,0,0xc5e00000003d0015,5,Work Request Flushed Error,0xf9,255,0,0x1246,13231717,0,0
main,rnr,4096,64,last,first,0,1,61,22,22,write,0,0xc5e00000003d0016,5,Work Request Flushed Error,0xf9,255,0,0x1246,13241053,0,0
main,rnr,4096,64,last,first,0,1,61,23,23,write,0,0xc5e00000003d0017,5,Work Request Flushed Error,0xf9,255,0,0x1246,13250443,0,0
main,rnr,4096,64,last,first,0,1,61,24,24,write,0,0xc5e00000003d0018,5,Work Request Flushed Error,0xf9,255,0,0x1246,13259803,0,0
main,rnr,4096,64,last,first,0,1,61,25,25,write,0,0xc5e00000003d0019,5,Work Request Flushed Error,0xf9,255,0,0x1246,13269081,0,0
main,rnr,4096,64,last,first,0,1,61,26,26,write,0,0xc5e00000003d001a,5,Work Request Flushed Error,0xf9,255,0,0x1246,13278362,0,0
main,rnr,4096,64,last,first,0,1,61,27,27,write,0,0xc5e00000003d001b,5,Work Request Flushed Error,0xf9,255,0,0x1246,13287685,0,0
main,rnr,4096,64,last,first,0,1,61,28,28,write,0,0xc5e00000003d001c,5,Work Request Flushed Error,0xf9,255,0,0x1246,13297081,0,0
main,rnr,4096,64,last,first,0,1,61,29,29,write,0,0xc5e00000003d001d,5,Work Request Flushed Error,0xf9,255,0,0x1246,13306399,0,0
main,rnr,4096,64,last,first,0,1,61,30,30,write,0,0xc5e00000003d001e,5,Work Request Flushed Error,0xf9,255,0,0x1246,13315717,0,0
main,rnr,4096,64,last,first,0,1,61,31,31,write,0,0xc5e00000003d001f,5,Work Request Flushed Error,0xf9,255,0,0x1246,13325039,0,0
main,rnr,4096,64,last,first,0,1,61,32,32,write,0,0xc5e00000003d0020,5,Work Request Flushed Error,0xf9,255,0,0x1246,13334322,0,0
main,rnr,4096,64,last,first,0,1,61,33,33,write,0,0xc5e00000003d0021,5,Work Request Flushed Error,0xf9,255,0,0x1246,13343835,0,0
main,rnr,4096,64,last,first,0,1,61,34,34,write,0,0xc5e00000003d0022,5,Work Request Flushed Error,0xf9,255,0,0x1246,13353173,0,0
main,rnr,4096,64,last,first,0,1,61,35,35,write,0,0xc5e00000003d0023,5,Work Request Flushed Error,0xf9,255,0,0x1246,13362435,0,0
main,rnr,4096,64,last,first,0,1,61,36,36,write,0,0xc5e00000003d0024,5,Work Request Flushed Error,0xf9,255,0,0x1246,13371755,0,0
main,rnr,4096,64,last,first,0,1,61,37,37,write,0,0xc5e00000003d0025,5,Work Request Flushed Error,0xf9,255,0,0x1246,13381062,0,0
main,rnr,4096,64,last,first,0,1,61,38,38,write,0,0xc5e00000003d0026,5,Work Request Flushed Error,0xf9,255,0,0x1246,13390363,0,0
main,rnr,4096,64,last,first,0,1,61,39,39,write,0,0xc5e00000003d0027,5,Work Request Flushed Error,0xf9,255,0,0x1246,13399888,0,0
main,rnr,4096,64,last,first,0,1,61,40,40,write,0,0xc5e00000003d0028,5,Work Request Flushed Error,0xf9,255,0,0x1246,13409213,0,0
main,rnr,4096,64,last,first,0,1,61,41,41,write,0,0xc5e00000003d0029,5,Work Request Flushed Error,0xf9,255,0,0x1246,13418512,0,0
main,rnr,4096,64,last,first,0,1,61,42,42,write,0,0xc5e00000003d002a,5,Work Request Flushed Error,0xf9,255,0,0x1246,13427840,0,0
main,rnr,4096,64,last,first,0,1,61,43,43,write,0,0xc5e00000003d002b,5,Work Request Flushed Error,0xf9,255,0,0x1246,13437154,0,0
main,rnr,4096,64,last,first,0,1,61,44,44,write,0,0xc5e00000003d002c,5,Work Request Flushed Error,0xf9,255,0,0x1246,13446523,0,0
main,rnr,4096,64,last,first,0,1,61,45,45,write,0,0xc5e00000003d002d,5,Work Request Flushed Error,0xf9,255,0,0x1246,13455863,0,0
main,rnr,4096,64,last,first,0,1,61,46,46,write,0,0xc5e00000003d002e,5,Work Request Flushed Error,0xf9,255,0,0x1246,13465168,0,0
main,rnr,4096,64,last,first,0,1,61,47,47,write,0,0xc5e00000003d002f,5,Work Request Flushed Error,0xf9,255,0,0x1246,13474432,0,0
main,rnr,4096,64,last,first,0,1,61,48,48,write,0,0xc5e00000003d0030,5,Work Request Flushed Error,0xf9,255,0,0x1246,13483734,0,0
main,rnr,4096,64,last,first,0,1,61,49,49,write,0,0xc5e00000003d0031,5,Work Request Flushed Error,0xf9,255,0,0x1246,13493082,0,0
main,rnr,4096,64,last,first,0,1,61,50,50,write,0,0xc5e00000003d0032,5,Work Request Flushed Error,0xf9,255,0,0x1246,13502426,0,0
main,rnr,4096,64,last,first,0,1,61,51,51,write,0,0xc5e00000003d0033,5,Work Request Flushed Error,0xf9,255,0,0x1246,13511682,0,0
main,rnr,4096,64,last,first,0,1,61,52,52,write,0,0xc5e00000003d0034,5,Work Request Flushed Error,0xf9,255,0,0x1246,13520987,0,0
main,rnr,4096,64,last,first,0,1,61,53,53,write,0,0xc5e00000003d0035,5,Work Request Flushed Error,0xf9,255,0,0x1246,13530323,0,0
main,rnr,4096,64,last,first,0,1,61,54,54,write,0,0xc5e00000003d0036,5,Work Request Flushed Error,0xf9,255,0,0x1246,13539649,0,0
main,rnr,4096,64,last,first,0,1,61,55,55,write,0,0xc5e00000003d0037,5,Work Request Flushed Error,0xf9,255,0,0x1246,13549097,0,0
main,rnr,4096,64,last,first,0,1,61,56,56,write,0,0xc5e00000003d0038,5,Work Request Flushed Error,0xf9,255,0,0x1246,13558403,0,0
main,rnr,4096,64,last,first,0,1,61,57,57,write,0,0xc5e00000003d0039,5,Work Request Flushed Error,0xf9,255,0,0x1246,13567694,0,0
main,rnr,4096,64,last,first,0,1,61,58,58,write,0,0xc5e00000003d003a,5,Work Request Flushed Error,0xf9,255,0,0x1246,13577023,0,0
main,rnr,4096,64,last,first,0,1,61,59,59,write,0,0xc5e00000003d003b,5,Work Request Flushed Error,0xf9,255,0,0x1246,13586266,0,0
main,rnr,4096,64,last,first,0,1,61,60,60,write,0,0xc5e00000003d003c,5,Work Request Flushed Error,0xf9,255,0,0x1246,13595620,0,0
main,rnr,4096,64,last,first,0,1,61,61,61,write,0,0xc5e00000003d003d,5,Work Request Flushed Error,0xf9,255,0,0x1246,13604895,0,0
main,rnr,4096,64,last,first,0,1,61,62,62,write,0,0xc5e00000003d003e,5,Work Request Flushed Error,0xf9,255,0,0x1246,13614247,0,0
main,rnr,4096,64,last,first,0,1,61,63,63,write,1,0xc5e00000003d003f,5,Work Request Flushed Error,0xf9,255,0,0x1246,13623542,0,0
main,rnr,4096,64,last,first,0,2,62,0,0,send,0,0xc5e00000003e0000,13,RNR retry counter exceeded,0x87,255,0,0x1246,12976457,0,0
main,rnr,4096,64,last,first,0,2,62,1,1,write,0,0xc5e00000003e0001,5,Work Request Flushed Error,0xf9,255,0,0x1246,13035132,0,0
main,rnr,4096,64,last,first,0,2,62,2,2,write,0,0xc5e00000003e0002,5,Work Request Flushed Error,0xf9,255,0,0x1246,13044680,0,0
main,rnr,4096,64,last,first,0,2,62,3,3,write,0,0xc5e00000003e0003,5,Work Request Flushed Error,0xf9,255,0,0x1246,13054337,0,0
main,rnr,4096,64,last,first,0,2,62,4,4,write,0,0xc5e00000003e0004,5,Work Request Flushed Error,0xf9,255,0,0x1246,13063769,0,0
main,rnr,4096,64,last,first,0,2,62,5,5,write,0,0xc5e00000003e0005,5,Work Request Flushed Error,0xf9,255,0,0x1246,13073087,0,0
main,rnr,4096,64,last,first,0,2,62,6,6,write,0,0xc5e00000003e0006,5,Work Request Flushed Error,0xf9,255,0,0x1246,13082387,0,0
main,rnr,4096,64,last,first,0,2,62,7,7,write,0,0xc5e00000003e0007,5,Work Request Flushed Error,0xf9,255,0,0x1246,13091671,0,0
main,rnr,4096,64,last,first,0,2,62,8,8,write,0,0xc5e00000003e0008,5,Work Request Flushed Error,0xf9,255,0,0x1246,13100975,0,0
main,rnr,4096,64,last,first,0,2,62,9,9,write,0,0xc5e00000003e0009,5,Work Request Flushed Error,0xf9,255,0,0x1246,13110348,0,0
main,rnr,4096,64,last,first,0,2,62,10,10,write,0,0xc5e00000003e000a,5,Work Request Flushed Error,0xf9,255,0,0x1246,13119653,0,0
main,rnr,4096,64,last,first,0,2,62,11,11,write,0,0xc5e00000003e000b,5,Work Request Flushed Error,0xf9,255,0,0x1246,13129009,0,0
main,rnr,4096,64,last,first,0,2,62,12,12,write,0,0xc5e00000003e000c,5,Work Request Flushed Error,0xf9,255,0,0x1246,13138340,0,0
main,rnr,4096,64,last,first,0,2,62,13,13,write,0,0xc5e00000003e000d,5,Work Request Flushed Error,0xf9,255,0,0x1246,13147652,0,0
main,rnr,4096,64,last,first,0,2,62,14,14,write,0,0xc5e00000003e000e,5,Work Request Flushed Error,0xf9,255,0,0x1246,13157007,0,0
main,rnr,4096,64,last,first,0,2,62,15,15,write,0,0xc5e00000003e000f,5,Work Request Flushed Error,0xf9,255,0,0x1246,13166367,0,0
main,rnr,4096,64,last,first,0,2,62,16,16,write,0,0xc5e00000003e0010,5,Work Request Flushed Error,0xf9,255,0,0x1246,13175656,0,0
main,rnr,4096,64,last,first,0,2,62,17,17,write,0,0xc5e00000003e0011,5,Work Request Flushed Error,0xf9,255,0,0x1246,13184987,0,0
main,rnr,4096,64,last,first,0,2,62,18,18,write,0,0xc5e00000003e0012,5,Work Request Flushed Error,0xf9,255,0,0x1246,13194289,0,0
main,rnr,4096,64,last,first,0,2,62,19,19,write,0,0xc5e00000003e0013,5,Work Request Flushed Error,0xf9,255,0,0x1246,13203660,0,0
main,rnr,4096,64,last,first,0,2,62,20,20,write,0,0xc5e00000003e0014,5,Work Request Flushed Error,0xf9,255,0,0x1246,13213050,0,0
main,rnr,4096,64,last,first,0,2,62,21,21,write,0,0xc5e00000003e0015,5,Work Request Flushed Error,0xf9,255,0,0x1246,13222343,0,0
main,rnr,4096,64,last,first,0,2,62,22,22,write,0,0xc5e00000003e0016,5,Work Request Flushed Error,0xf9,255,0,0x1246,13231707,0,0
main,rnr,4096,64,last,first,0,2,62,23,23,write,0,0xc5e00000003e0017,5,Work Request Flushed Error,0xf9,255,0,0x1246,13240985,0,0
main,rnr,4096,64,last,first,0,2,62,24,24,write,0,0xc5e00000003e0018,5,Work Request Flushed Error,0xf9,255,0,0x1246,13250329,0,0
main,rnr,4096,64,last,first,0,2,62,25,25,write,0,0xc5e00000003e0019,5,Work Request Flushed Error,0xf9,255,0,0x1246,13259822,0,0
main,rnr,4096,64,last,first,0,2,62,26,26,write,0,0xc5e00000003e001a,5,Work Request Flushed Error,0xf9,255,0,0x1246,13269166,0,0
main,rnr,4096,64,last,first,0,2,62,27,27,write,0,0xc5e00000003e001b,5,Work Request Flushed Error,0xf9,255,0,0x1246,13278413,0,0
main,rnr,4096,64,last,first,0,2,62,28,28,write,0,0xc5e00000003e001c,5,Work Request Flushed Error,0xf9,255,0,0x1246,13287729,0,0
main,rnr,4096,64,last,first,0,2,62,29,29,write,0,0xc5e00000003e001d,5,Work Request Flushed Error,0xf9,255,0,0x1246,13297022,0,0
main,rnr,4096,64,last,first,0,2,62,30,30,write,0,0xc5e00000003e001e,5,Work Request Flushed Error,0xf9,255,0,0x1246,13306312,0,0
main,rnr,4096,64,last,first,0,2,62,31,31,write,0,0xc5e00000003e001f,5,Work Request Flushed Error,0xf9,255,0,0x1246,13315664,0,0
main,rnr,4096,64,last,first,0,2,62,32,32,write,0,0xc5e00000003e0020,5,Work Request Flushed Error,0xf9,255,0,0x1246,13324996,0,0
main,rnr,4096,64,last,first,0,2,62,33,33,write,0,0xc5e00000003e0021,5,Work Request Flushed Error,0xf9,255,0,0x1246,13334281,0,0
main,rnr,4096,64,last,first,0,2,62,34,34,write,0,0xc5e00000003e0022,5,Work Request Flushed Error,0xf9,255,0,0x1246,13343551,0,0
main,rnr,4096,64,last,first,0,2,62,35,35,write,0,0xc5e00000003e0023,5,Work Request Flushed Error,0xf9,255,0,0x1246,13352930,0,0
main,rnr,4096,64,last,first,0,2,62,36,36,write,0,0xc5e00000003e0024,5,Work Request Flushed Error,0xf9,255,0,0x1246,13362411,0,0
main,rnr,4096,64,last,first,0,2,62,37,37,write,0,0xc5e00000003e0025,5,Work Request Flushed Error,0xf9,255,0,0x1246,13371736,0,0
main,rnr,4096,64,last,first,0,2,62,38,38,write,0,0xc5e00000003e0026,5,Work Request Flushed Error,0xf9,255,0,0x1246,13381066,0,0
main,rnr,4096,64,last,first,0,2,62,39,39,write,0,0xc5e00000003e0027,5,Work Request Flushed Error,0xf9,255,0,0x1246,13390396,0,0
main,rnr,4096,64,last,first,0,2,62,40,40,write,0,0xc5e00000003e0028,5,Work Request Flushed Error,0xf9,255,0,0x1246,13399653,0,0
main,rnr,4096,64,last,first,0,2,62,41,41,write,0,0xc5e00000003e0029,5,Work Request Flushed Error,0xf9,255,0,0x1246,13409046,0,0
main,rnr,4096,64,last,first,0,2,62,42,42,write,0,0xc5e00000003e002a,5,Work Request Flushed Error,0xf9,255,0,0x1246,13418370,0,0
main,rnr,4096,64,last,first,0,2,62,43,43,write,0,0xc5e00000003e002b,5,Work Request Flushed Error,0xf9,255,0,0x1246,13427689,0,0
main,rnr,4096,64,last,first,0,2,62,44,44,write,0,0xc5e00000003e002c,5,Work Request Flushed Error,0xf9,255,0,0x1246,13437026,0,0
main,rnr,4096,64,last,first,0,2,62,45,45,write,0,0xc5e00000003e002d,5,Work Request Flushed Error,0xf9,255,0,0x1246,13446299,0,0
main,rnr,4096,64,last,first,0,2,62,46,46,write,0,0xc5e00000003e002e,5,Work Request Flushed Error,0xf9,255,0,0x1246,13455817,0,0
main,rnr,4096,64,last,first,0,2,62,47,47,write,0,0xc5e00000003e002f,5,Work Request Flushed Error,0xf9,255,0,0x1246,13465145,0,0
main,rnr,4096,64,last,first,0,2,62,48,48,write,0,0xc5e00000003e0030,5,Work Request Flushed Error,0xf9,255,0,0x1246,13474404,0,0
main,rnr,4096,64,last,first,0,2,62,49,49,write,0,0xc5e00000003e0031,5,Work Request Flushed Error,0xf9,255,0,0x1246,13483713,0,0
main,rnr,4096,64,last,first,0,2,62,50,50,write,0,0xc5e00000003e0032,5,Work Request Flushed Error,0xf9,255,0,0x1246,13493003,0,0
main,rnr,4096,64,last,first,0,2,62,51,51,write,0,0xc5e00000003e0033,5,Work Request Flushed Error,0xf9,255,0,0x1246,13502292,0,0
main,rnr,4096,64,last,first,0,2,62,52,52,write,0,0xc5e00000003e0034,5,Work Request Flushed Error,0xf9,255,0,0x1246,13511826,0,0
main,rnr,4096,64,last,first,0,2,62,53,53,write,0,0xc5e00000003e0035,5,Work Request Flushed Error,0xf9,255,0,0x1246,13521140,0,0
main,rnr,4096,64,last,first,0,2,62,54,54,write,0,0xc5e00000003e0036,5,Work Request Flushed Error,0xf9,255,0,0x1246,13530450,0,0
main,rnr,4096,64,last,first,0,2,62,55,55,write,0,0xc5e00000003e0037,5,Work Request Flushed Error,0xf9,255,0,0x1246,13539756,0,0
main,rnr,4096,64,last,first,0,2,62,56,56,write,0,0xc5e00000003e0038,5,Work Request Flushed Error,0xf9,255,0,0x1246,13549067,0,0
main,rnr,4096,64,last,first,0,2,62,57,57,write,0,0xc5e00000003e0039,5,Work Request Flushed Error,0xf9,255,0,0x1246,13558418,0,0
main,rnr,4096,64,last,first,0,2,62,58,58,write,0,0xc5e00000003e003a,5,Work Request Flushed Error,0xf9,255,0,0x1246,13567737,0,0
main,rnr,4096,64,last,first,0,2,62,59,59,write,0,0xc5e00000003e003b,5,Work Request Flushed Error,0xf9,255,0,0x1246,13576973,0,0
main,rnr,4096,64,last,first,0,2,62,60,60,write,0,0xc5e00000003e003c,5,Work Request Flushed Error,0xf9,255,0,0x1246,13586252,0,0
main,rnr,4096,64,last,first,0,2,62,61,61,write,0,0xc5e00000003e003d,5,Work Request Flushed Error,0xf9,255,0,0x1246,13595543,0,0
main,rnr,4096,64,last,first,0,2,62,62,62,write,0,0xc5e00000003e003e,5,Work Request Flushed Error,0xf9,255,0,0x1246,13604976,0,0
main,rnr,4096,64,last,first,0,2,62,63,63,write,1,0xc5e00000003e003f,5,Work Request Flushed Error,0xf9,255,0,0x1246,13614300,0,0
main,rnr,4096,64,last,first,0,3,63,0,0,send,0,0xc5e00000003f0000,13,RNR retry counter exceeded,0x87,255,0,0x1246,12977914,0,0
main,rnr,4096,64,last,first,0,3,63,1,1,write,0,0xc5e00000003f0001,5,Work Request Flushed Error,0xf9,255,0,0x1246,13036512,0,0
main,rnr,4096,64,last,first,0,3,63,2,2,write,0,0xc5e00000003f0002,5,Work Request Flushed Error,0xf9,255,0,0x1246,13046005,0,0
main,rnr,4096,64,last,first,0,3,63,3,3,write,0,0xc5e00000003f0003,5,Work Request Flushed Error,0xf9,255,0,0x1246,13055486,0,0
main,rnr,4096,64,last,first,0,3,63,4,4,write,0,0xc5e00000003f0004,5,Work Request Flushed Error,0xf9,255,0,0x1246,13064838,0,0
main,rnr,4096,64,last,first,0,3,63,5,5,write,0,0xc5e00000003f0005,5,Work Request Flushed Error,0xf9,255,0,0x1246,13074175,0,0
main,rnr,4096,64,last,first,0,3,63,6,6,write,0,0xc5e00000003f0006,5,Work Request Flushed Error,0xf9,255,0,0x1246,13083762,0,0
main,rnr,4096,64,last,first,0,3,63,7,7,write,0,0xc5e00000003f0007,5,Work Request Flushed Error,0xf9,255,0,0x1246,13093077,0,0
main,rnr,4096,64,last,first,0,3,63,8,8,write,0,0xc5e00000003f0008,5,Work Request Flushed Error,0xf9,255,0,0x1246,13102339,0,0
main,rnr,4096,64,last,first,0,3,63,9,9,write,0,0xc5e00000003f0009,5,Work Request Flushed Error,0xf9,255,0,0x1246,13111666,0,0
main,rnr,4096,64,last,first,0,3,63,10,10,write,0,0xc5e00000003f000a,5,Work Request Flushed Error,0xf9,255,0,0x1246,13121013,0,0
main,rnr,4096,64,last,first,0,3,63,11,11,write,0,0xc5e00000003f000b,5,Work Request Flushed Error,0xf9,255,0,0x1246,13130476,0,0
main,rnr,4096,64,last,first,0,3,63,12,12,write,0,0xc5e00000003f000c,5,Work Request Flushed Error,0xf9,255,0,0x1246,13139831,0,0
main,rnr,4096,64,last,first,0,3,63,13,13,write,0,0xc5e00000003f000d,5,Work Request Flushed Error,0xf9,255,0,0x1246,13149117,0,0
main,rnr,4096,64,last,first,0,3,63,14,14,write,0,0xc5e00000003f000e,5,Work Request Flushed Error,0xf9,255,0,0x1246,13158432,0,0
main,rnr,4096,64,last,first,0,3,63,15,15,write,0,0xc5e00000003f000f,5,Work Request Flushed Error,0xf9,255,0,0x1246,13167748,0,0
main,rnr,4096,64,last,first,0,3,63,16,16,write,0,0xc5e00000003f0010,5,Work Request Flushed Error,0xf9,255,0,0x1246,13177188,0,0
main,rnr,4096,64,last,first,0,3,63,17,17,write,0,0xc5e00000003f0011,5,Work Request Flushed Error,0xf9,255,0,0x1246,13186483,0,0
main,rnr,4096,64,last,first,0,3,63,18,18,write,0,0xc5e00000003f0012,5,Work Request Flushed Error,0xf9,255,0,0x1246,13195843,0,0
main,rnr,4096,64,last,first,0,3,63,19,19,write,0,0xc5e00000003f0013,5,Work Request Flushed Error,0xf9,255,0,0x1246,13205132,0,0
main,rnr,4096,64,last,first,0,3,63,20,20,write,0,0xc5e00000003f0014,5,Work Request Flushed Error,0xf9,255,0,0x1246,13214423,0,0
main,rnr,4096,64,last,first,0,3,63,21,21,write,0,0xc5e00000003f0015,5,Work Request Flushed Error,0xf9,255,0,0x1246,13223740,0,0
main,rnr,4096,64,last,first,0,3,63,22,22,write,0,0xc5e00000003f0016,5,Work Request Flushed Error,0xf9,255,0,0x1246,13233259,0,0
main,rnr,4096,64,last,first,0,3,63,23,23,write,0,0xc5e00000003f0017,5,Work Request Flushed Error,0xf9,255,0,0x1246,13242576,0,0
main,rnr,4096,64,last,first,0,3,63,24,24,write,0,0xc5e00000003f0018,5,Work Request Flushed Error,0xf9,255,0,0x1246,13251906,0,0
main,rnr,4096,64,last,first,0,3,63,25,25,write,0,0xc5e00000003f0019,5,Work Request Flushed Error,0xf9,255,0,0x1246,13261261,0,0
main,rnr,4096,64,last,first,0,3,63,26,26,write,0,0xc5e00000003f001a,5,Work Request Flushed Error,0xf9,255,0,0x1246,13270572,0,0
main,rnr,4096,64,last,first,0,3,63,27,27,write,0,0xc5e00000003f001b,5,Work Request Flushed Error,0xf9,255,0,0x1246,13279970,0,0
main,rnr,4096,64,last,first,0,3,63,28,28,write,0,0xc5e00000003f001c,5,Work Request Flushed Error,0xf9,255,0,0x1246,13289233,0,0
main,rnr,4096,64,last,first,0,3,63,29,29,write,0,0xc5e00000003f001d,5,Work Request Flushed Error,0xf9,255,0,0x1246,13298572,0,0
main,rnr,4096,64,last,first,0,3,63,30,30,write,0,0xc5e00000003f001e,5,Work Request Flushed Error,0xf9,255,0,0x1246,13307845,0,0
main,rnr,4096,64,last,first,0,3,63,31,31,write,0,0xc5e00000003f001f,5,Work Request Flushed Error,0xf9,255,0,0x1246,13317140,0,0
main,rnr,4096,64,last,first,0,3,63,32,32,write,0,0xc5e00000003f0020,5,Work Request Flushed Error,0xf9,255,0,0x1246,13326456,0,0
main,rnr,4096,64,last,first,0,3,63,33,33,write,0,0xc5e00000003f0021,5,Work Request Flushed Error,0xf9,255,0,0x1246,13335929,0,0
main,rnr,4096,64,last,first,0,3,63,34,34,write,0,0xc5e00000003f0022,5,Work Request Flushed Error,0xf9,255,0,0x1246,13345277,0,0
main,rnr,4096,64,last,first,0,3,63,35,35,write,0,0xc5e00000003f0023,5,Work Request Flushed Error,0xf9,255,0,0x1246,13354577,0,0
main,rnr,4096,64,last,first,0,3,63,36,36,write,0,0xc5e00000003f0024,5,Work Request Flushed Error,0xf9,255,0,0x1246,13363839,0,0
main,rnr,4096,64,last,first,0,3,63,37,37,write,0,0xc5e00000003f0025,5,Work Request Flushed Error,0xf9,255,0,0x1246,13373082,0,0
main,rnr,4096,64,last,first,0,3,63,38,38,write,0,0xc5e00000003f0026,5,Work Request Flushed Error,0xf9,255,0,0x1246,13382629,0,0
main,rnr,4096,64,last,first,0,3,63,39,39,write,0,0xc5e00000003f0027,5,Work Request Flushed Error,0xf9,255,0,0x1246,13391953,0,0
main,rnr,4096,64,last,first,0,3,63,40,40,write,0,0xc5e00000003f0028,5,Work Request Flushed Error,0xf9,255,0,0x1246,13401270,0,0
main,rnr,4096,64,last,first,0,3,63,41,41,write,0,0xc5e00000003f0029,5,Work Request Flushed Error,0xf9,255,0,0x1246,13410634,0,0
main,rnr,4096,64,last,first,0,3,63,42,42,write,0,0xc5e00000003f002a,5,Work Request Flushed Error,0xf9,255,0,0x1246,13419923,0,0
main,rnr,4096,64,last,first,0,3,63,43,43,write,0,0xc5e00000003f002b,5,Work Request Flushed Error,0xf9,255,0,0x1246,13429326,0,0
main,rnr,4096,64,last,first,0,3,63,44,44,write,0,0xc5e00000003f002c,5,Work Request Flushed Error,0xf9,255,0,0x1246,13438648,0,0
main,rnr,4096,64,last,first,0,3,63,45,45,write,0,0xc5e00000003f002d,5,Work Request Flushed Error,0xf9,255,0,0x1246,13447943,0,0
main,rnr,4096,64,last,first,0,3,63,46,46,write,0,0xc5e00000003f002e,5,Work Request Flushed Error,0xf9,255,0,0x1246,13457351,0,0
main,rnr,4096,64,last,first,0,3,63,47,47,write,0,0xc5e00000003f002f,5,Work Request Flushed Error,0xf9,255,0,0x1246,13466665,0,0
main,rnr,4096,64,last,first,0,3,63,48,48,write,0,0xc5e00000003f0030,5,Work Request Flushed Error,0xf9,255,0,0x1246,13476094,0,0
main,rnr,4096,64,last,first,0,3,63,49,49,write,0,0xc5e00000003f0031,5,Work Request Flushed Error,0xf9,255,0,0x1246,13485422,0,0
main,rnr,4096,64,last,first,0,3,63,50,50,write,0,0xc5e00000003f0032,5,Work Request Flushed Error,0xf9,255,0,0x1246,13494785,0,0
main,rnr,4096,64,last,first,0,3,63,51,51,write,0,0xc5e00000003f0033,5,Work Request Flushed Error,0xf9,255,0,0x1246,13504046,0,0
main,rnr,4096,64,last,first,0,3,63,52,52,write,0,0xc5e00000003f0034,5,Work Request Flushed Error,0xf9,255,0,0x1246,13513406,0,0
main,rnr,4096,64,last,first,0,3,63,53,53,write,0,0xc5e00000003f0035,5,Work Request Flushed Error,0xf9,255,0,0x1246,13522689,0,0
main,rnr,4096,64,last,first,0,3,63,54,54,write,0,0xc5e00000003f0036,5,Work Request Flushed Error,0xf9,255,0,0x1246,13532119,0,0
main,rnr,4096,64,last,first,0,3,63,55,55,write,0,0xc5e00000003f0037,5,Work Request Flushed Error,0xf9,255,0,0x1246,13541423,0,0
main,rnr,4096,64,last,first,0,3,63,56,56,write,0,0xc5e00000003f0038,5,Work Request Flushed Error,0xf9,255,0,0x1246,13550739,0,0
main,rnr,4096,64,last,first,0,3,63,57,57,write,0,0xc5e00000003f0039,5,Work Request Flushed Error,0xf9,255,0,0x1246,13560042,0,0
main,rnr,4096,64,last,first,0,3,63,58,58,write,0,0xc5e00000003f003a,5,Work Request Flushed Error,0xf9,255,0,0x1246,13569380,0,0
main,rnr,4096,64,last,first,0,3,63,59,59,write,0,0xc5e00000003f003b,5,Work Request Flushed Error,0xf9,255,0,0x1246,13578756,0,0
main,rnr,4096,64,last,first,0,3,63,60,60,write,0,0xc5e00000003f003c,5,Work Request Flushed Error,0xf9,255,0,0x1246,13588068,0,0
main,rnr,4096,64,last,first,0,3,63,61,61,write,0,0xc5e00000003f003d,5,Work Request Flushed Error,0xf9,255,0,0x1246,13597360,0,0
main,rnr,4096,64,last,first,0,3,63,62,62,write,0,0xc5e00000003f003e,5,Work Request Flushed Error,0xf9,255,0,0x1246,13606645,0,0
main,rnr,4096,64,last,first,0,3,63,63,63,write,1,0xc5e00000003f003f,5,Work Request Flushed Error,0xf9,255,0,0x1246,13615916,0,0
main,rnr,4096,64,last,first,0,4,64,0,0,send,0,0xc5e0000000400000,13,RNR retry counter exceeded,0x87,255,0,0x1246,12980556,0,0
main,rnr,4096,64,last,first,0,4,64,1,1,write,0,0xc5e0000000400001,5,Work Request Flushed Error,0xf9,255,0,0x1246,13039494,0,0
main,rnr,4096,64,last,first,0,4,64,2,2,write,0,0xc5e0000000400002,5,Work Request Flushed Error,0xf9,255,0,0x1246,13049062,0,0
main,rnr,4096,64,last,first,0,4,64,3,3,write,0,0xc5e0000000400003,5,Work Request Flushed Error,0xf9,255,0,0x1246,13058651,0,0
main,rnr,4096,64,last,first,0,4,64,4,4,write,0,0xc5e0000000400004,5,Work Request Flushed Error,0xf9,255,0,0x1246,13067987,0,0
main,rnr,4096,64,last,first,0,4,64,5,5,write,0,0xc5e0000000400005,5,Work Request Flushed Error,0xf9,255,0,0x1246,13077361,0,0
main,rnr,4096,64,last,first,0,4,64,6,6,write,0,0xc5e0000000400006,5,Work Request Flushed Error,0xf9,255,0,0x1246,13086693,0,0
main,rnr,4096,64,last,first,0,4,64,7,7,write,0,0xc5e0000000400007,5,Work Request Flushed Error,0xf9,255,0,0x1246,13096011,0,0
main,rnr,4096,64,last,first,0,4,64,8,8,write,0,0xc5e0000000400008,5,Work Request Flushed Error,0xf9,255,0,0x1246,13105426,0,0
main,rnr,4096,64,last,first,0,4,64,9,9,write,0,0xc5e0000000400009,5,Work Request Flushed Error,0xf9,255,0,0x1246,13114819,0,0
main,rnr,4096,64,last,first,0,4,64,10,10,write,0,0xc5e000000040000a,5,Work Request Flushed Error,0xf9,255,0,0x1246,13124168,0,0
main,rnr,4096,64,last,first,0,4,64,11,11,write,0,0xc5e000000040000b,5,Work Request Flushed Error,0xf9,255,0,0x1246,13133506,0,0
main,rnr,4096,64,last,first,0,4,64,12,12,write,0,0xc5e000000040000c,5,Work Request Flushed Error,0xf9,255,0,0x1246,13142853,0,0
main,rnr,4096,64,last,first,0,4,64,13,13,write,0,0xc5e000000040000d,5,Work Request Flushed Error,0xf9,255,0,0x1246,13152221,0,0
main,rnr,4096,64,last,first,0,4,64,14,14,write,0,0xc5e000000040000e,5,Work Request Flushed Error,0xf9,255,0,0x1246,13161531,0,0
main,rnr,4096,64,last,first,0,4,64,15,15,write,0,0xc5e000000040000f,5,Work Request Flushed Error,0xf9,255,0,0x1246,13170835,0,0
main,rnr,4096,64,last,first,0,4,64,16,16,write,0,0xc5e0000000400010,5,Work Request Flushed Error,0xf9,255,0,0x1246,13180135,0,0
main,rnr,4096,64,last,first,0,4,64,17,17,write,0,0xc5e0000000400011,5,Work Request Flushed Error,0xf9,255,0,0x1246,13189416,0,0
main,rnr,4096,64,last,first,0,4,64,18,18,write,0,0xc5e0000000400012,5,Work Request Flushed Error,0xf9,255,0,0x1246,13198791,0,0
main,rnr,4096,64,last,first,0,4,64,19,19,write,0,0xc5e0000000400013,5,Work Request Flushed Error,0xf9,255,0,0x1246,13208355,0,0
main,rnr,4096,64,last,first,0,4,64,20,20,write,0,0xc5e0000000400014,5,Work Request Flushed Error,0xf9,255,0,0x1246,13217664,0,0
main,rnr,4096,64,last,first,0,4,64,21,21,write,0,0xc5e0000000400015,5,Work Request Flushed Error,0xf9,255,0,0x1246,13226976,0,0
main,rnr,4096,64,last,first,0,4,64,22,22,write,0,0xc5e0000000400016,5,Work Request Flushed Error,0xf9,255,0,0x1246,13236309,0,0
main,rnr,4096,64,last,first,0,4,64,23,23,write,0,0xc5e0000000400017,5,Work Request Flushed Error,0xf9,255,0,0x1246,13245599,0,0
main,rnr,4096,64,last,first,0,4,64,24,24,write,0,0xc5e0000000400018,5,Work Request Flushed Error,0xf9,255,0,0x1246,13255046,0,0
main,rnr,4096,64,last,first,0,4,64,25,25,write,0,0xc5e0000000400019,5,Work Request Flushed Error,0xf9,255,0,0x1246,13264364,0,0
main,rnr,4096,64,last,first,0,4,64,26,26,write,0,0xc5e000000040001a,5,Work Request Flushed Error,0xf9,255,0,0x1246,13273671,0,0
main,rnr,4096,64,last,first,0,4,64,27,27,write,0,0xc5e000000040001b,5,Work Request Flushed Error,0xf9,255,0,0x1246,13282944,0,0
main,rnr,4096,64,last,first,0,4,64,28,28,write,0,0xc5e000000040001c,5,Work Request Flushed Error,0xf9,255,0,0x1246,13292281,0,0
main,rnr,4096,64,last,first,0,4,64,29,29,write,0,0xc5e000000040001d,5,Work Request Flushed Error,0xf9,255,0,0x1246,13301670,0,0
main,rnr,4096,64,last,first,0,4,64,30,30,write,0,0xc5e000000040001e,5,Work Request Flushed Error,0xf9,255,0,0x1246,13311191,0,0
main,rnr,4096,64,last,first,0,4,64,31,31,write,0,0xc5e000000040001f,5,Work Request Flushed Error,0xf9,255,0,0x1246,13320522,0,0
main,rnr,4096,64,last,first,0,4,64,32,32,write,0,0xc5e0000000400020,5,Work Request Flushed Error,0xf9,255,0,0x1246,13329853,0,0
main,rnr,4096,64,last,first,0,4,64,33,33,write,0,0xc5e0000000400021,5,Work Request Flushed Error,0xf9,255,0,0x1246,13339191,0,0
main,rnr,4096,64,last,first,0,4,64,34,34,write,0,0xc5e0000000400022,5,Work Request Flushed Error,0xf9,255,0,0x1246,13348452,0,0
main,rnr,4096,64,last,first,0,4,64,35,35,write,0,0xc5e0000000400023,5,Work Request Flushed Error,0xf9,255,0,0x1246,13357972,0,0
main,rnr,4096,64,last,first,0,4,64,36,36,write,0,0xc5e0000000400024,5,Work Request Flushed Error,0xf9,255,0,0x1246,13367252,0,0
main,rnr,4096,64,last,first,0,4,64,37,37,write,0,0xc5e0000000400025,5,Work Request Flushed Error,0xf9,255,0,0x1246,13376580,0,0
main,rnr,4096,64,last,first,0,4,64,38,38,write,0,0xc5e0000000400026,5,Work Request Flushed Error,0xf9,255,0,0x1246,13385849,0,0
main,rnr,4096,64,last,first,0,4,64,39,39,write,0,0xc5e0000000400027,5,Work Request Flushed Error,0xf9,255,0,0x1246,13395152,0,0
main,rnr,4096,64,last,first,0,4,64,40,40,write,0,0xc5e0000000400028,5,Work Request Flushed Error,0xf9,255,0,0x1246,13404621,0,0
main,rnr,4096,64,last,first,0,4,64,41,41,write,0,0xc5e0000000400029,5,Work Request Flushed Error,0xf9,255,0,0x1246,13413923,0,0
main,rnr,4096,64,last,first,0,4,64,42,42,write,0,0xc5e000000040002a,5,Work Request Flushed Error,0xf9,255,0,0x1246,13423246,0,0
main,rnr,4096,64,last,first,0,4,64,43,43,write,0,0xc5e000000040002b,5,Work Request Flushed Error,0xf9,255,0,0x1246,13432541,0,0
main,rnr,4096,64,last,first,0,4,64,44,44,write,0,0xc5e000000040002c,5,Work Request Flushed Error,0xf9,255,0,0x1246,13441918,0,0
main,rnr,4096,64,last,first,0,4,64,45,45,write,0,0xc5e000000040002d,5,Work Request Flushed Error,0xf9,255,0,0x1246,13451356,0,0
main,rnr,4096,64,last,first,0,4,64,46,46,write,0,0xc5e000000040002e,5,Work Request Flushed Error,0xf9,255,0,0x1246,13460642,0,0
main,rnr,4096,64,last,first,0,4,64,47,47,write,0,0xc5e000000040002f,5,Work Request Flushed Error,0xf9,255,0,0x1246,13469939,0,0
main,rnr,4096,64,last,first,0,4,64,48,48,write,0,0xc5e0000000400030,5,Work Request Flushed Error,0xf9,255,0,0x1246,13479214,0,0
main,rnr,4096,64,last,first,0,4,64,49,49,write,0,0xc5e0000000400031,5,Work Request Flushed Error,0xf9,255,0,0x1246,13488531,0,0
main,rnr,4096,64,last,first,0,4,64,50,50,write,0,0xc5e0000000400032,5,Work Request Flushed Error,0xf9,255,0,0x1246,13497894,0,0
main,rnr,4096,64,last,first,0,4,64,51,51,write,0,0xc5e0000000400033,5,Work Request Flushed Error,0xf9,255,0,0x1246,13507349,0,0
main,rnr,4096,64,last,first,0,4,64,52,52,write,0,0xc5e0000000400034,5,Work Request Flushed Error,0xf9,255,0,0x1246,13516686,0,0
main,rnr,4096,64,last,first,0,4,64,53,53,write,0,0xc5e0000000400035,5,Work Request Flushed Error,0xf9,255,0,0x1246,13525990,0,0
main,rnr,4096,64,last,first,0,4,64,54,54,write,0,0xc5e0000000400036,5,Work Request Flushed Error,0xf9,255,0,0x1246,13535309,0,0
main,rnr,4096,64,last,first,0,4,64,55,55,write,0,0xc5e0000000400037,5,Work Request Flushed Error,0xf9,255,0,0x1246,13544649,0,0
main,rnr,4096,64,last,first,0,4,64,56,56,write,0,0xc5e0000000400038,5,Work Request Flushed Error,0xf9,255,0,0x1246,13554079,0,0
main,rnr,4096,64,last,first,0,4,64,57,57,write,0,0xc5e0000000400039,5,Work Request Flushed Error,0xf9,255,0,0x1246,13563368,0,0
main,rnr,4096,64,last,first,0,4,64,58,58,write,0,0xc5e000000040003a,5,Work Request Flushed Error,0xf9,255,0,0x1246,13572695,0,0
main,rnr,4096,64,last,first,0,4,64,59,59,write,0,0xc5e000000040003b,5,Work Request Flushed Error,0xf9,255,0,0x1246,13581992,0,0
main,rnr,4096,64,last,first,0,4,64,60,60,write,0,0xc5e000000040003c,5,Work Request Flushed Error,0xf9,255,0,0x1246,13591353,0,0
main,rnr,4096,64,last,first,0,4,64,61,61,write,0,0xc5e000000040003d,5,Work Request Flushed Error,0xf9,255,0,0x1246,13600823,0,0
main,rnr,4096,64,last,first,0,4,64,62,62,write,0,0xc5e000000040003e,5,Work Request Flushed Error,0xf9,255,0,0x1246,13610233,0,0
main,rnr,4096,64,last,first,0,4,64,63,63,write,1,0xc5e000000040003f,5,Work Request Flushed Error,0xf9,255,0,0x1246,13619521,0,0
main,rnr,4096,64,last,middle,32,0,65,0,32,send,0,0xc5e0000000410020,13,RNR retry counter exceeded,0x87,255,0,0x1246,12998994,0,0
main,rnr,4096,64,last,middle,32,0,65,1,33,write,0,0xc5e0000000410021,5,Work Request Flushed Error,0xf9,255,0,0x1246,13057764,0,0
main,rnr,4096,64,last,middle,32,0,65,2,34,write,0,0xc5e0000000410022,5,Work Request Flushed Error,0xf9,255,0,0x1246,13067258,0,0
main,rnr,4096,64,last,middle,32,0,65,3,35,write,0,0xc5e0000000410023,5,Work Request Flushed Error,0xf9,255,0,0x1246,13076647,0,0
main,rnr,4096,64,last,middle,32,0,65,4,36,write,0,0xc5e0000000410024,5,Work Request Flushed Error,0xf9,255,0,0x1246,13086018,0,0
main,rnr,4096,64,last,middle,32,0,65,5,37,write,0,0xc5e0000000410025,5,Work Request Flushed Error,0xf9,255,0,0x1246,13095572,0,0
main,rnr,4096,64,last,middle,32,0,65,6,38,write,0,0xc5e0000000410026,5,Work Request Flushed Error,0xf9,255,0,0x1246,13104890,0,0
main,rnr,4096,64,last,middle,32,0,65,7,39,write,0,0xc5e0000000410027,5,Work Request Flushed Error,0xf9,255,0,0x1246,13114227,0,0
main,rnr,4096,64,last,middle,32,0,65,8,40,write,0,0xc5e0000000410028,5,Work Request Flushed Error,0xf9,255,0,0x1246,13123508,0,0
main,rnr,4096,64,last,middle,32,0,65,9,41,write,0,0xc5e0000000410029,5,Work Request Flushed Error,0xf9,255,0,0x1246,13132819,0,0
main,rnr,4096,64,last,middle,32,0,65,10,42,write,0,0xc5e000000041002a,5,Work Request Flushed Error,0xf9,255,0,0x1246,13142198,0,0
main,rnr,4096,64,last,middle,32,0,65,11,43,write,0,0xc5e000000041002b,5,Work Request Flushed Error,0xf9,255,0,0x1246,13151527,0,0
main,rnr,4096,64,last,middle,32,0,65,12,44,write,0,0xc5e000000041002c,5,Work Request Flushed Error,0xf9,255,0,0x1246,13160796,0,0
main,rnr,4096,64,last,middle,32,0,65,13,45,write,0,0xc5e000000041002d,5,Work Request Flushed Error,0xf9,255,0,0x1246,13170127,0,0
main,rnr,4096,64,last,middle,32,0,65,14,46,write,0,0xc5e000000041002e,5,Work Request Flushed Error,0xf9,255,0,0x1246,13179440,0,0
main,rnr,4096,64,last,middle,32,0,65,15,47,write,0,0xc5e000000041002f,5,Work Request Flushed Error,0xf9,255,0,0x1246,13188800,0,0
main,rnr,4096,64,last,middle,32,0,65,16,48,write,0,0xc5e0000000410030,5,Work Request Flushed Error,0xf9,255,0,0x1246,13198104,0,0
main,rnr,4096,64,last,middle,32,0,65,17,49,write,0,0xc5e0000000410031,5,Work Request Flushed Error,0xf9,255,0,0x1246,13207425,0,0
main,rnr,4096,64,last,middle,32,0,65,18,50,write,0,0xc5e0000000410032,5,Work Request Flushed Error,0xf9,255,0,0x1246,13216736,0,0
main,rnr,4096,64,last,middle,32,0,65,19,51,write,0,0xc5e0000000410033,5,Work Request Flushed Error,0xf9,255,0,0x1246,13226063,0,0
main,rnr,4096,64,last,middle,32,0,65,20,52,write,0,0xc5e0000000410034,5,Work Request Flushed Error,0xf9,255,0,0x1246,13235367,0,0
main,rnr,4096,64,last,middle,32,0,65,21,53,write,0,0xc5e0000000410035,5,Work Request Flushed Error,0xf9,255,0,0x1246,13244890,0,0
main,rnr,4096,64,last,middle,32,0,65,22,54,write,0,0xc5e0000000410036,5,Work Request Flushed Error,0xf9,255,0,0x1246,13254210,0,0
main,rnr,4096,64,last,middle,32,0,65,23,55,write,0,0xc5e0000000410037,5,Work Request Flushed Error,0xf9,255,0,0x1246,13263518,0,0
main,rnr,4096,64,last,middle,32,0,65,24,56,write,0,0xc5e0000000410038,5,Work Request Flushed Error,0xf9,255,0,0x1246,13272816,0,0
main,rnr,4096,64,last,middle,32,0,65,25,57,write,0,0xc5e0000000410039,5,Work Request Flushed Error,0xf9,255,0,0x1246,13282164,0,0
main,rnr,4096,64,last,middle,32,0,65,26,58,write,0,0xc5e000000041003a,5,Work Request Flushed Error,0xf9,255,0,0x1246,13291576,0,0
main,rnr,4096,64,last,middle,32,0,65,27,59,write,0,0xc5e000000041003b,5,Work Request Flushed Error,0xf9,255,0,0x1246,13300945,0,0
main,rnr,4096,64,last,middle,32,0,65,28,60,write,0,0xc5e000000041003c,5,Work Request Flushed Error,0xf9,255,0,0x1246,13310186,0,0
main,rnr,4096,64,last,middle,32,0,65,29,61,write,0,0xc5e000000041003d,5,Work Request Flushed Error,0xf9,255,0,0x1246,13319484,0,0
main,rnr,4096,64,last,middle,32,0,65,30,62,write,0,0xc5e000000041003e,5,Work Request Flushed Error,0xf9,255,0,0x1246,13328785,0,0
main,rnr,4096,64,last,middle,32,0,65,31,63,write,1,0xc5e000000041003f,5,Work Request Flushed Error,0xf9,255,0,0x1246,13338185,0,0
main,rnr,4096,64,last,middle,32,1,66,0,32,send,0,0xc5e0000000420020,13,RNR retry counter exceeded,0x87,255,0,0x1246,12254685,0,0
main,rnr,4096,64,last,middle,32,1,66,1,33,write,0,0xc5e0000000420021,5,Work Request Flushed Error,0xf9,255,0,0x1246,12312873,0,0
main,rnr,4096,64,last,middle,32,1,66,2,34,write,0,0xc5e0000000420022,5,Work Request Flushed Error,0xf9,255,0,0x1246,12322286,0,0
main,rnr,4096,64,last,middle,32,1,66,3,35,write,0,0xc5e0000000420023,5,Work Request Flushed Error,0xf9,255,0,0x1246,12331666,0,0
main,rnr,4096,64,last,middle,32,1,66,4,36,write,0,0xc5e0000000420024,5,Work Request Flushed Error,0xf9,255,0,0x1246,12341107,0,0
main,rnr,4096,64,last,middle,32,1,66,5,37,write,0,0xc5e0000000420025,5,Work Request Flushed Error,0xf9,255,0,0x1246,12350458,0,0
main,rnr,4096,64,last,middle,32,1,66,6,38,write,0,0xc5e0000000420026,5,Work Request Flushed Error,0xf9,255,0,0x1246,12359874,0,0
main,rnr,4096,64,last,middle,32,1,66,7,39,write,0,0xc5e0000000420027,5,Work Request Flushed Error,0xf9,255,0,0x1246,12369339,0,0
main,rnr,4096,64,last,middle,32,1,66,8,40,write,0,0xc5e0000000420028,5,Work Request Flushed Error,0xf9,255,0,0x1246,12378612,0,0
main,rnr,4096,64,last,middle,32,1,66,9,41,write,0,0xc5e0000000420029,5,Work Request Flushed Error,0xf9,255,0,0x1246,12387943,0,0
main,rnr,4096,64,last,middle,32,1,66,10,42,write,0,0xc5e000000042002a,5,Work Request Flushed Error,0xf9,255,0,0x1246,12397269,0,0
main,rnr,4096,64,last,middle,32,1,66,11,43,write,0,0xc5e000000042002b,5,Work Request Flushed Error,0xf9,255,0,0x1246,12406539,0,0
main,rnr,4096,64,last,middle,32,1,66,12,44,write,0,0xc5e000000042002c,5,Work Request Flushed Error,0xf9,255,0,0x1246,12415890,0,0
main,rnr,4096,64,last,middle,32,1,66,13,45,write,0,0xc5e000000042002d,5,Work Request Flushed Error,0xf9,255,0,0x1246,12425136,0,0
main,rnr,4096,64,last,middle,32,1,66,14,46,write,0,0xc5e000000042002e,5,Work Request Flushed Error,0xf9,255,0,0x1246,12434406,0,0
main,rnr,4096,64,last,middle,32,1,66,15,47,write,0,0xc5e000000042002f,5,Work Request Flushed Error,0xf9,255,0,0x1246,12443678,0,0
main,rnr,4096,64,last,middle,32,1,66,16,48,write,0,0xc5e0000000420030,5,Work Request Flushed Error,0xf9,255,0,0x1246,12452945,0,0
main,rnr,4096,64,last,middle,32,1,66,17,49,write,0,0xc5e0000000420031,5,Work Request Flushed Error,0xf9,255,0,0x1246,12462249,0,0
main,rnr,4096,64,last,middle,32,1,66,18,50,write,0,0xc5e0000000420032,5,Work Request Flushed Error,0xf9,255,0,0x1246,12471611,0,0
main,rnr,4096,64,last,middle,32,1,66,19,51,write,0,0xc5e0000000420033,5,Work Request Flushed Error,0xf9,255,0,0x1246,12480915,0,0
main,rnr,4096,64,last,middle,32,1,66,20,52,write,0,0xc5e0000000420034,5,Work Request Flushed Error,0xf9,255,0,0x1246,12490252,0,0
main,rnr,4096,64,last,middle,32,1,66,21,53,write,0,0xc5e0000000420035,5,Work Request Flushed Error,0xf9,255,0,0x1246,12499574,0,0
main,rnr,4096,64,last,middle,32,1,66,22,54,write,0,0xc5e0000000420036,5,Work Request Flushed Error,0xf9,255,0,0x1246,12508841,0,0
main,rnr,4096,64,last,middle,32,1,66,23,55,write,0,0xc5e0000000420037,5,Work Request Flushed Error,0xf9,255,0,0x1246,12518244,0,0
main,rnr,4096,64,last,middle,32,1,66,24,56,write,0,0xc5e0000000420038,5,Work Request Flushed Error,0xf9,255,0,0x1246,12527574,0,0
main,rnr,4096,64,last,middle,32,1,66,25,57,write,0,0xc5e0000000420039,5,Work Request Flushed Error,0xf9,255,0,0x1246,12536902,0,0
main,rnr,4096,64,last,middle,32,1,66,26,58,write,0,0xc5e000000042003a,5,Work Request Flushed Error,0xf9,255,0,0x1246,12546251,0,0
main,rnr,4096,64,last,middle,32,1,66,27,59,write,0,0xc5e000000042003b,5,Work Request Flushed Error,0xf9,255,0,0x1246,12555638,0,0
main,rnr,4096,64,last,middle,32,1,66,28,60,write,0,0xc5e000000042003c,5,Work Request Flushed Error,0xf9,255,0,0x1246,12564990,0,0
main,rnr,4096,64,last,middle,32,1,66,29,61,write,0,0xc5e000000042003d,5,Work Request Flushed Error,0xf9,255,0,0x1246,12574296,0,0
main,rnr,4096,64,last,middle,32,1,66,30,62,write,0,0xc5e000000042003e,5,Work Request Flushed Error,0xf9,255,0,0x1246,12583612,0,0
main,rnr,4096,64,last,middle,32,1,66,31,63,write,1,0xc5e000000042003f,5,Work Request Flushed Error,0xf9,255,0,0x1246,12592864,0,0
main,rnr,4096,64,last,middle,32,2,67,0,32,send,0,0xc5e0000000430020,13,RNR retry counter exceeded,0x87,255,0,0x1246,12295629,0,0
main,rnr,4096,64,last,middle,32,2,67,1,33,write,0,0xc5e0000000430021,5,Work Request Flushed Error,0xf9,255,0,0x1246,12354592,0,0
main,rnr,4096,64,last,middle,32,2,67,2,34,write,0,0xc5e0000000430022,5,Work Request Flushed Error,0xf9,255,0,0x1246,12364080,0,0
main,rnr,4096,64,last,middle,32,2,67,3,35,write,0,0xc5e0000000430023,5,Work Request Flushed Error,0xf9,255,0,0x1246,12373636,0,0
main,rnr,4096,64,last,middle,32,2,67,4,36,write,0,0xc5e0000000430024,5,Work Request Flushed Error,0xf9,255,0,0x1246,12382979,0,0
main,rnr,4096,64,last,middle,32,2,67,5,37,write,0,0xc5e0000000430025,5,Work Request Flushed Error,0xf9,255,0,0x1246,12392283,0,0
main,rnr,4096,64,last,middle,32,2,67,6,38,write,0,0xc5e0000000430026,5,Work Request Flushed Error,0xf9,255,0,0x1246,12401609,0,0
main,rnr,4096,64,last,middle,32,2,67,7,39,write,0,0xc5e0000000430027,5,Work Request Flushed Error,0xf9,255,0,0x1246,12410978,0,0
main,rnr,4096,64,last,middle,32,2,67,8,40,write,0,0xc5e0000000430028,5,Work Request Flushed Error,0xf9,255,0,0x1246,12420263,0,0
main,rnr,4096,64,last,middle,32,2,67,9,41,write,0,0xc5e0000000430029,5,Work Request Flushed Error,0xf9,255,0,0x1246,12429826,0,0
main,rnr,4096,64,last,middle,32,2,67,10,42,write,0,0xc5e000000043002a,5,Work Request Flushed Error,0xf9,255,0,0x1246,12439089,0,0
main,rnr,4096,64,last,middle,32,2,67,11,43,write,0,0xc5e000000043002b,5,Work Request Flushed Error,0xf9,255,0,0x1246,12448414,0,0
main,rnr,4096,64,last,middle,32,2,67,12,44,write,0,0xc5e000000043002c,5,Work Request Flushed Error,0xf9,255,0,0x1246,12457757,0,0
main,rnr,4096,64,last,middle,32,2,67,13,45,write,0,0xc5e000000043002d,5,Work Request Flushed Error,0xf9,255,0,0x1246,12467057,0,0
main,rnr,4096,64,last,middle,32,2,67,14,46,write,0,0xc5e000000043002e,5,Work Request Flushed Error,0xf9,255,0,0x1246,12476523,0,0
main,rnr,4096,64,last,middle,32,2,67,15,47,write,0,0xc5e000000043002f,5,Work Request Flushed Error,0xf9,255,0,0x1246,12485800,0,0
main,rnr,4096,64,last,middle,32,2,67,16,48,write,0,0xc5e0000000430030,5,Work Request Flushed Error,0xf9,255,0,0x1246,12495082,0,0
main,rnr,4096,64,last,middle,32,2,67,17,49,write,0,0xc5e0000000430031,5,Work Request Flushed Error,0xf9,255,0,0x1246,12504400,0,0
main,rnr,4096,64,last,middle,32,2,67,18,50,write,0,0xc5e0000000430032,5,Work Request Flushed Error,0xf9,255,0,0x1246,12513715,0,0
main,rnr,4096,64,last,middle,32,2,67,19,51,write,0,0xc5e0000000430033,5,Work Request Flushed Error,0xf9,255,0,0x1246,12523087,0,0
main,rnr,4096,64,last,middle,32,2,67,20,52,write,0,0xc5e0000000430034,5,Work Request Flushed Error,0xf9,255,0,0x1246,12532404,0,0
main,rnr,4096,64,last,middle,32,2,67,21,53,write,0,0xc5e0000000430035,5,Work Request Flushed Error,0xf9,255,0,0x1246,12541730,0,0
main,rnr,4096,64,last,middle,32,2,67,22,54,write,0,0xc5e0000000430036,5,Work Request Flushed Error,0xf9,255,0,0x1246,12551109,0,0
main,rnr,4096,64,last,middle,32,2,67,23,55,write,0,0xc5e0000000430037,5,Work Request Flushed Error,0xf9,255,0,0x1246,12560445,0,0
main,rnr,4096,64,last,middle,32,2,67,24,56,write,0,0xc5e0000000430038,5,Work Request Flushed Error,0xf9,255,0,0x1246,12569734,0,0
main,rnr,4096,64,last,middle,32,2,67,25,57,write,0,0xc5e0000000430039,5,Work Request Flushed Error,0xf9,255,0,0x1246,12579161,0,0
main,rnr,4096,64,last,middle,32,2,67,26,58,write,0,0xc5e000000043003a,5,Work Request Flushed Error,0xf9,255,0,0x1246,12588465,0,0
main,rnr,4096,64,last,middle,32,2,67,27,59,write,0,0xc5e000000043003b,5,Work Request Flushed Error,0xf9,255,0,0x1246,12597783,0,0
main,rnr,4096,64,last,middle,32,2,67,28,60,write,0,0xc5e000000043003c,5,Work Request Flushed Error,0xf9,255,0,0x1246,12607111,0,0
main,rnr,4096,64,last,middle,32,2,67,29,61,write,0,0xc5e000000043003d,5,Work Request Flushed Error,0xf9,255,0,0x1246,12616388,0,0
main,rnr,4096,64,last,middle,32,2,67,30,62,write,0,0xc5e000000043003e,5,Work Request Flushed Error,0xf9,255,0,0x1246,12625752,0,0
main,rnr,4096,64,last,middle,32,2,67,31,63,write,1,0xc5e000000043003f,5,Work Request Flushed Error,0xf9,255,0,0x1246,12635088,0,0
main,rnr,4096,64,last,middle,32,3,68,0,32,send,0,0xc5e0000000440020,13,RNR retry counter exceeded,0x87,255,0,0x1246,12254141,0,0
main,rnr,4096,64,last,middle,32,3,68,1,33,write,0,0xc5e0000000440021,5,Work Request Flushed Error,0xf9,255,0,0x1246,12313339,0,0
main,rnr,4096,64,last,middle,32,3,68,2,34,write,0,0xc5e0000000440022,5,Work Request Flushed Error,0xf9,255,0,0x1246,12322790,0,0
main,rnr,4096,64,last,middle,32,3,68,3,35,write,0,0xc5e0000000440023,5,Work Request Flushed Error,0xf9,255,0,0x1246,12335455,0,0
main,rnr,4096,64,last,middle,32,3,68,4,36,write,0,0xc5e0000000440024,5,Work Request Flushed Error,0xf9,255,0,0x1246,12341756,0,0
main,rnr,4096,64,last,middle,32,3,68,5,37,write,0,0xc5e0000000440025,5,Work Request Flushed Error,0xf9,255,0,0x1246,12351357,0,0
main,rnr,4096,64,last,middle,32,3,68,6,38,write,0,0xc5e0000000440026,5,Work Request Flushed Error,0xf9,255,0,0x1246,12360679,0,0
main,rnr,4096,64,last,middle,32,3,68,7,39,write,0,0xc5e0000000440027,5,Work Request Flushed Error,0xf9,255,0,0x1246,12369943,0,0
main,rnr,4096,64,last,middle,32,3,68,8,40,write,0,0xc5e0000000440028,5,Work Request Flushed Error,0xf9,255,0,0x1246,12379263,0,0
main,rnr,4096,64,last,middle,32,3,68,9,41,write,0,0xc5e0000000440029,5,Work Request Flushed Error,0xf9,255,0,0x1246,12388630,0,0
main,rnr,4096,64,last,middle,32,3,68,10,42,write,0,0xc5e000000044002a,5,Work Request Flushed Error,0xf9,255,0,0x1246,12398046,0,0
main,rnr,4096,64,last,middle,32,3,68,11,43,write,0,0xc5e000000044002b,5,Work Request Flushed Error,0xf9,255,0,0x1246,12407381,0,0
main,rnr,4096,64,last,middle,32,3,68,12,44,write,0,0xc5e000000044002c,5,Work Request Flushed Error,0xf9,255,0,0x1246,12416663,0,0
main,rnr,4096,64,last,middle,32,3,68,13,45,write,0,0xc5e000000044002d,5,Work Request Flushed Error,0xf9,255,0,0x1246,12425927,0,0
main,rnr,4096,64,last,middle,32,3,68,14,46,write,0,0xc5e000000044002e,5,Work Request Flushed Error,0xf9,255,0,0x1246,12435280,0,0
main,rnr,4096,64,last,middle,32,3,68,15,47,write,0,0xc5e000000044002f,5,Work Request Flushed Error,0xf9,255,0,0x1246,12444613,0,0
main,rnr,4096,64,last,middle,32,3,68,16,48,write,0,0xc5e0000000440030,5,Work Request Flushed Error,0xf9,255,0,0x1246,12454148,0,0
main,rnr,4096,64,last,middle,32,3,68,17,49,write,0,0xc5e0000000440031,5,Work Request Flushed Error,0xf9,255,0,0x1246,12463465,0,0
main,rnr,4096,64,last,middle,32,3,68,18,50,write,0,0xc5e0000000440032,5,Work Request Flushed Error,0xf9,255,0,0x1246,12472765,0,0
main,rnr,4096,64,last,middle,32,3,68,19,51,write,0,0xc5e0000000440033,5,Work Request Flushed Error,0xf9,255,0,0x1246,12482091,0,0
main,rnr,4096,64,last,middle,32,3,68,20,52,write,0,0xc5e0000000440034,5,Work Request Flushed Error,0xf9,255,0,0x1246,12491424,0,0
main,rnr,4096,64,last,middle,32,3,68,21,53,write,0,0xc5e0000000440035,5,Work Request Flushed Error,0xf9,255,0,0x1246,12500782,0,0
main,rnr,4096,64,last,middle,32,3,68,22,54,write,0,0xc5e0000000440036,5,Work Request Flushed Error,0xf9,255,0,0x1246,12510070,0,0
main,rnr,4096,64,last,middle,32,3,68,23,55,write,0,0xc5e0000000440037,5,Work Request Flushed Error,0xf9,255,0,0x1246,12519331,0,0
main,rnr,4096,64,last,middle,32,3,68,24,56,write,0,0xc5e0000000440038,5,Work Request Flushed Error,0xf9,255,0,0x1246,12528622,0,0
main,rnr,4096,64,last,middle,32,3,68,25,57,write,0,0xc5e0000000440039,5,Work Request Flushed Error,0xf9,255,0,0x1246,12537918,0,0
main,rnr,4096,64,last,middle,32,3,68,26,58,write,0,0xc5e000000044003a,5,Work Request Flushed Error,0xf9,255,0,0x1246,12547350,0,0
main,rnr,4096,64,last,middle,32,3,68,27,59,write,0,0xc5e000000044003b,5,Work Request Flushed Error,0xf9,255,0,0x1246,12556685,0,0
main,rnr,4096,64,last,middle,32,3,68,28,60,write,0,0xc5e000000044003c,5,Work Request Flushed Error,0xf9,255,0,0x1246,12566017,0,0
main,rnr,4096,64,last,middle,32,3,68,29,61,write,0,0xc5e000000044003d,5,Work Request Flushed Error,0xf9,255,0,0x1246,12575312,0,0
main,rnr,4096,64,last,middle,32,3,68,30,62,write,0,0xc5e000000044003e,5,Work Request Flushed Error,0xf9,255,0,0x1246,12584622,0,0
main,rnr,4096,64,last,middle,32,3,68,31,63,write,1,0xc5e000000044003f,5,Work Request Flushed Error,0xf9,255,0,0x1246,12593954,0,0
main,rnr,4096,64,last,middle,32,4,69,0,32,send,0,0xc5e0000000450020,13,RNR retry counter exceeded,0x87,255,0,0x1246,12270806,0,0
main,rnr,4096,64,last,middle,32,4,69,1,33,write,0,0xc5e0000000450021,5,Work Request Flushed Error,0xf9,255,0,0x1246,12329077,0,0
main,rnr,4096,64,last,middle,32,4,69,2,34,write,0,0xc5e0000000450022,5,Work Request Flushed Error,0xf9,255,0,0x1246,12339106,0,0
main,rnr,4096,64,last,middle,32,4,69,3,35,write,0,0xc5e0000000450023,5,Work Request Flushed Error,0xf9,255,0,0x1246,12348673,0,0
main,rnr,4096,64,last,middle,32,4,69,4,36,write,0,0xc5e0000000450024,5,Work Request Flushed Error,0xf9,255,0,0x1246,12358071,0,0
main,rnr,4096,64,last,middle,32,4,69,5,37,write,0,0xc5e0000000450025,5,Work Request Flushed Error,0xf9,255,0,0x1246,12367419,0,0
main,rnr,4096,64,last,middle,32,4,69,6,38,write,0,0xc5e0000000450026,5,Work Request Flushed Error,0xf9,255,0,0x1246,12376780,0,0
main,rnr,4096,64,last,middle,32,4,69,7,39,write,0,0xc5e0000000450027,5,Work Request Flushed Error,0xf9,255,0,0x1246,12386224,0,0
main,rnr,4096,64,last,middle,32,4,69,8,40,write,0,0xc5e0000000450028,5,Work Request Flushed Error,0xf9,255,0,0x1246,12395567,0,0
main,rnr,4096,64,last,middle,32,4,69,9,41,write,0,0xc5e0000000450029,5,Work Request Flushed Error,0xf9,255,0,0x1246,12404913,0,0
main,rnr,4096,64,last,middle,32,4,69,10,42,write,0,0xc5e000000045002a,5,Work Request Flushed Error,0xf9,255,0,0x1246,12414196,0,0
main,rnr,4096,64,last,middle,32,4,69,11,43,write,0,0xc5e000000045002b,5,Work Request Flushed Error,0xf9,255,0,0x1246,12423455,0,0
main,rnr,4096,64,last,middle,32,4,69,12,44,write,0,0xc5e000000045002c,5,Work Request Flushed Error,0xf9,255,0,0x1246,12432769,0,0
main,rnr,4096,64,last,middle,32,4,69,13,45,write,0,0xc5e000000045002d,5,Work Request Flushed Error,0xf9,255,0,0x1246,12442422,0,0
main,rnr,4096,64,last,middle,32,4,69,14,46,write,0,0xc5e000000045002e,5,Work Request Flushed Error,0xf9,255,0,0x1246,12451783,0,0
main,rnr,4096,64,last,middle,32,4,69,15,47,write,0,0xc5e000000045002f,5,Work Request Flushed Error,0xf9,255,0,0x1246,12461116,0,0
main,rnr,4096,64,last,middle,32,4,69,16,48,write,0,0xc5e0000000450030,5,Work Request Flushed Error,0xf9,255,0,0x1246,12470366,0,0
main,rnr,4096,64,last,middle,32,4,69,17,49,write,0,0xc5e0000000450031,5,Work Request Flushed Error,0xf9,255,0,0x1246,12479701,0,0
main,rnr,4096,64,last,middle,32,4,69,18,50,write,0,0xc5e0000000450032,5,Work Request Flushed Error,0xf9,255,0,0x1246,12489269,0,0
main,rnr,4096,64,last,middle,32,4,69,19,51,write,0,0xc5e0000000450033,5,Work Request Flushed Error,0xf9,255,0,0x1246,12498618,0,0
main,rnr,4096,64,last,middle,32,4,69,20,52,write,0,0xc5e0000000450034,5,Work Request Flushed Error,0xf9,255,0,0x1246,12507931,0,0
main,rnr,4096,64,last,middle,32,4,69,21,53,write,0,0xc5e0000000450035,5,Work Request Flushed Error,0xf9,255,0,0x1246,12517286,0,0
main,rnr,4096,64,last,middle,32,4,69,22,54,write,0,0xc5e0000000450036,5,Work Request Flushed Error,0xf9,255,0,0x1246,12526600,0,0
main,rnr,4096,64,last,middle,32,4,69,23,55,write,0,0xc5e0000000450037,5,Work Request Flushed Error,0xf9,255,0,0x1246,12536019,0,0
main,rnr,4096,64,last,middle,32,4,69,24,56,write,0,0xc5e0000000450038,5,Work Request Flushed Error,0xf9,255,0,0x1246,12545396,0,0
main,rnr,4096,64,last,middle,32,4,69,25,57,write,0,0xc5e0000000450039,5,Work Request Flushed Error,0xf9,255,0,0x1246,12554754,0,0
main,rnr,4096,64,last,middle,32,4,69,26,58,write,0,0xc5e000000045003a,5,Work Request Flushed Error,0xf9,255,0,0x1246,12564081,0,0
main,rnr,4096,64,last,middle,32,4,69,27,59,write,0,0xc5e000000045003b,5,Work Request Flushed Error,0xf9,255,0,0x1246,12573421,0,0
main,rnr,4096,64,last,middle,32,4,69,28,60,write,0,0xc5e000000045003c,5,Work Request Flushed Error,0xf9,255,0,0x1246,12583140,0,0
main,rnr,4096,64,last,middle,32,4,69,29,61,write,0,0xc5e000000045003d,5,Work Request Flushed Error,0xf9,255,0,0x1246,12592486,0,0
main,rnr,4096,64,last,middle,32,4,69,30,62,write,0,0xc5e000000045003e,5,Work Request Flushed Error,0xf9,255,0,0x1246,12601809,0,0
main,rnr,4096,64,last,middle,32,4,69,31,63,write,1,0xc5e000000045003f,5,Work Request Flushed Error,0xf9,255,0,0x1246,12611166,0,0
