run_id,fault,wqe_bytes,n_wqe,signaling,bad_pos,bad_idx,trial,trial_uid,seq,wqe_idx,wqe_kind,wqe_signaled,wr_id,status,status_name,vendor_err,opcode,byte_len,qp_num,t_ns,late,foreign
main,rem_access,4096,1,all,first,0,0,0,0,0,oob_write,1,0xc5e0000000000000,10,remote access error,0x88,255,0,0x1244,2961688,0,0
main,rem_access,4096,1,all,first,0,1,1,0,0,oob_write,1,0xc5e0000000010000,10,remote access error,0x88,255,0,0x1244,2961322,0,0
main,rem_access,4096,1,all,first,0,2,2,0,0,oob_write,1,0xc5e0000000020000,10,remote access error,0x88,255,0,0x1244,2941246,0,0
main,rem_access,4096,1,all,first,0,3,3,0,0,oob_write,1,0xc5e0000000030000,10,remote access error,0x88,255,0,0x1244,2942431,0,0
main,rem_access,4096,1,all,first,0,4,4,0,0,oob_write,1,0xc5e0000000040000,10,remote access error,0x88,255,0,0x1244,2943545,0,0
main,rem_access,4096,1,last,first,0,0,5,0,0,oob_write,1,0xc5e0000000050000,10,remote access error,0x88,255,0,0x1244,2941810,0,0
main,rem_access,4096,1,last,first,0,1,6,0,0,oob_write,1,0xc5e0000000060000,10,remote access error,0x88,255,0,0x1244,2948063,0,0
main,rem_access,4096,1,last,first,0,2,7,0,0,oob_write,1,0xc5e0000000070000,10,remote access error,0x88,255,0,0x1244,2942315,0,0
main,rem_access,4096,1,last,first,0,3,8,0,0,oob_write,1,0xc5e0000000080000,10,remote access error,0x88,255,0,0x1244,2950987,0,0
main,rem_access,4096,1,last,first,0,4,9,0,0,oob_write,1,0xc5e0000000090000,10,remote access error,0x88,255,0,0x1244,2949563,0,0
main,rem_access,4096,4,all,first,0,0,10,0,0,oob_write,1,0xc5e00000000a0000,10,remote access error,0x88,255,0,0x1244,3003804,0,0
main,rem_access,4096,4,all,first,0,0,10,1,1,write,1,0xc5e00000000a0001,5,Work Request Flushed Error,0xf9,255,0,0x1244,3064165,0,0
main,rem_access,4096,4,all,first,0,0,10,2,2,write,1,0xc5e00000000a0002,5,Work Request Flushed Error,0xf9,255,0,0x1244,3073809,0,0
main,rem_access,4096,4,all,first,0,0,10,3,3,write,1,0xc5e00000000a0003,5,Work Request Flushed Error,0xf9,255,0,0x1244,3083327,0,0
main,rem_access,4096,4,all,first,0,1,11,0,0,oob_write,1,0xc5e00000000b0000,10,remote access error,0x88,255,0,0x1244,2998124,0,0
main,rem_access,4096,4,all,first,0,1,11,1,1,write,1,0xc5e00000000b0001,5,Work Request Flushed Error,0xf9,255,0,0x1244,3058220,0,0
main,rem_access,4096,4,all,first,0,1,11,2,2,write,1,0xc5e00000000b0002,5,Work Request Flushed Error,0xf9,255,0,0x1244,3067814,0,0
main,rem_access,4096,4,all,first,0,1,11,3,3,write,1,0xc5e00000000b0003,5,Work Request Flushed Error,0xf9,255,0,0x1244,3077476,0,0
main,rem_access,4096,4,all,first,0,2,12,0,0,oob_write,1,0xc5e00000000c0000,10,remote access error,0x88,255,0,0x1244,2971246,0,0
main,rem_access,4096,4,all,first,0,2,12,1,1,write,1,0xc5e00000000c0001,5,Work Request Flushed Error,0xf9,255,0,0x1244,3030326,0,0
main,rem_access,4096,4,all,first,0,2,12,2,2,write,1,0xc5e00000000c0002,5,Work Request Flushed Error,0xf9,255,0,0x1244,3040057,0,0
main,rem_access,4096,4,all,first,0,2,12,3,3,write,1,0xc5e00000000c0003,5,Work Request Flushed Error,0xf9,255,0,0x1244,3049457,0,0
main,rem_access,4096,4,all,first,0,3,13,0,0,oob_write,1,0xc5e00000000d0000,10,remote access error,0x88,255,0,0x1244,2975639,0,0
main,rem_access,4096,4,all,first,0,3,13,1,1,write,1,0xc5e00000000d0001,5,Work Request Flushed Error,0xf9,255,0,0x1244,3035338,0,0
main,rem_access,4096,4,all,first,0,3,13,2,2,write,1,0xc5e00000000d0002,5,Work Request Flushed Error,0xf9,255,0,0x1244,3044673,0,0
main,rem_access,4096,4,all,first,0,3,13,3,3,write,1,0xc5e00000000d0003,5,Work Request Flushed Error,0xf9,255,0,0x1244,3054202,0,0
main,rem_access,4096,4,all,first,0,4,14,0,0,oob_write,1,0xc5e00000000e0000,10,remote access error,0x88,255,0,0x1244,2968584,0,0
main,rem_access,4096,4,all,first,0,4,14,1,1,write,1,0xc5e00000000e0001,5,Work Request Flushed Error,0xf9,255,0,0x1244,3028119,0,0
main,rem_access,4096,4,all,first,0,4,14,2,2,write,1,0xc5e00000000e0002,5,Work Request Flushed Error,0xf9,255,0,0x1244,3037551,0,0
main,rem_access,4096,4,all,first,0,4,14,3,3,write,1,0xc5e00000000e0003,5,Work Request Flushed Error,0xf9,255,0,0x1244,3046984,0,0
main,rem_access,4096,4,all,middle,2,0,15,0,0,write,1,0xc5e00000000f0000,0,success,0x0,1,0,0x1244,4138,0,0
main,rem_access,4096,4,all,middle,2,0,15,1,1,write,1,0xc5e00000000f0001,0,success,0x0,1,0,0x1244,4446,0,0
main,rem_access,4096,4,all,middle,2,0,15,2,2,oob_write,1,0xc5e00000000f0002,10,remote access error,0x88,255,0,0x1244,2956048,0,0
main,rem_access,4096,4,all,middle,2,0,15,3,3,write,1,0xc5e00000000f0003,5,Work Request Flushed Error,0xf9,255,0,0x1244,3015384,0,0
main,rem_access,4096,4,all,middle,2,1,16,0,0,write,1,0xc5e0000000100000,0,success,0x0,1,0,0x1244,4125,0,0
main,rem_access,4096,4,all,middle,2,1,16,1,1,write,1,0xc5e0000000100001,0,success,0x0,1,0,0x1244,4410,0,0
main,rem_access,4096,4,all,middle,2,1,16,2,2,oob_write,1,0xc5e0000000100002,10,remote access error,0x88,255,0,0x1244,2956032,0,0
main,rem_access,4096,4,all,middle,2,1,16,3,3,write,1,0xc5e0000000100003,5,Work Request Flushed Error,0xf9,255,0,0x1244,3015025,0,0
main,rem_access,4096,4,all,middle,2,2,17,0,0,write,1,0xc5e0000000110000,0,success,0x0,1,0,0x1244,4295,0,0
main,rem_access,4096,4,all,middle,2,2,17,1,1,write,1,0xc5e0000000110001,0,success,0x0,1,0,0x1244,4596,0,0
main,rem_access,4096,4,all,middle,2,2,17,2,2,oob_write,1,0xc5e0000000110002,10,remote access error,0x88,255,0,0x1244,2958005,0,0
main,rem_access,4096,4,all,middle,2,2,17,3,3,write,1,0xc5e0000000110003,5,Work Request Flushed Error,0xf9,255,0,0x1244,3017717,0,0
main,rem_access,4096,4,all,middle,2,3,18,0,0,write,1,0xc5e0000000120000,0,success,0x0,1,0,0x1244,4376,0,0
main,rem_access,4096,4,all,middle,2,3,18,1,1,write,1,0xc5e0000000120001,0,success,0x0,1,0,0x1244,4943,0,0
main,rem_access,4096,4,all,middle,2,3,18,2,2,oob_write,1,0xc5e0000000120002,10,remote access error,0x88,255,0,0x1244,2955953,0,0
main,rem_access,4096,4,all,middle,2,3,18,3,3,write,1,0xc5e0000000120003,5,Work Request Flushed Error,0xf9,255,0,0x1244,3016133,0,0
main,rem_access,4096,4,all,middle,2,4,19,0,0,write,1,0xc5e0000000130000,0,success,0x0,1,0,0x1244,4306,0,0
main,rem_access,4096,4,all,middle,2,4,19,1,1,write,1,0xc5e0000000130001,0,success,0x0,1,0,0x1244,4586,0,0
main,rem_access,4096,4,all,middle,2,4,19,2,2,oob_write,1,0xc5e0000000130002,10,remote access error,0x88,255,0,0x1244,2958663,0,0
main,rem_access,4096,4,all,middle,2,4,19,3,3,write,1,0xc5e0000000130003,5,Work Request Flushed Error,0xf9,255,0,0x1244,3017441,0,0
main,rem_access,4096,4,last,first,0,0,20,0,0,oob_write,0,0xc5e0000000140000,10,remote access error,0x88,255,0,0x1244,2972829,0,0
main,rem_access,4096,4,last,first,0,0,20,1,1,write,0,0xc5e0000000140001,5,Work Request Flushed Error,0xf9,255,0,0x1244,3032681,0,0
main,rem_access,4096,4,last,first,0,0,20,2,2,write,0,0xc5e0000000140002,5,Work Request Flushed Error,0xf9,255,0,0x1244,3042228,0,0
main,rem_access,4096,4,last,first,0,0,20,3,3,write,1,0xc5e0000000140003,5,Work Request Flushed Error,0xf9,255,0,0x1244,3051752,0,0
main,rem_access,4096,4,last,first,0,1,21,0,0,oob_write,0,0xc5e0000000150000,10,remote access error,0x88,255,0,0x1244,2972599,0,0
main,rem_access,4096,4,last,first,0,1,21,1,1,write,0,0xc5e0000000150001,5,Work Request Flushed Error,0xf9,255,0,0x1244,3031720,0,0
main,rem_access,4096,4,last,first,0,1,21,2,2,write,0,0xc5e0000000150002,5,Work Request Flushed Error,0xf9,255,0,0x1244,3041330,0,0
main,rem_access,4096,4,last,first,0,1,21,3,3,write,1,0xc5e0000000150003,5,Work Request Flushed Error,0xf9,255,0,0x1244,3050756,0,0
main,rem_access,4096,4,last,first,0,2,22,0,0,oob_write,0,0xc5e0000000160000,10,remote access error,0x88,255,0,0x1244,2970751,0,0
main,rem_access,4096,4,last,first,0,2,22,1,1,write,0,0xc5e0000000160001,5,Work Request Flushed Error,0xf9,255,0,0x1244,3030264,0,0
main,rem_access,4096,4,last,first,0,2,22,2,2,write,0,0xc5e0000000160002,5,Work Request Flushed Error,0xf9,255,0,0x1244,3039919,0,0
main,rem_access,4096,4,last,first,0,2,22,3,3,write,1,0xc5e0000000160003,5,Work Request Flushed Error,0xf9,255,0,0x1244,3049542,0,0
main,rem_access,4096,4,last,first,0,3,23,0,0,oob_write,0,0xc5e0000000170000,10,remote access error,0x88,255,0,0x1244,2971155,0,0
main,rem_access,4096,4,last,first,0,3,23,1,1,write,0,0xc5e0000000170001,5,Work Request Flushed Error,0xf9,255,0,0x1244,3030401,0,0
main,rem_access,4096,4,last,first,0,3,23,2,2,write,0,0xc5e0000000170002,5,Work Request Flushed Error,0xf9,255,0,0x1244,3039803,0,0
main,rem_access,4096,4,last,first,0,3,23,3,3,write,1,0xc5e0000000170003,5,Work Request Flushed Error,0xf9,255,0,0x1244,3049239,0,0
main,rem_access,4096,4,last,first,0,4,24,0,0,oob_write,0,0xc5e0000000180000,10,remote access error,0x88,255,0,0x1244,3000978,0,0
main,rem_access,4096,4,last,first,0,4,24,1,1,write,0,0xc5e0000000180001,5,Work Request Flushed Error,0xf9,255,0,0x1244,3060527,0,0
main,rem_access,4096,4,last,first,0,4,24,2,2,write,0,0xc5e0000000180002,5,Work Request Flushed Error,0xf9,255,0,0x1244,3070342,0,0
main,rem_access,4096,4,last,first,0,4,24,3,3,write,1,0xc5e0000000180003,5,Work Request Flushed Error,0xf9,255,0,0x1244,3079834,0,0
main,rem_access,4096,4,last,middle,2,0,25,0,2,oob_write,0,0xc5e0000000190002,10,remote access error,0x88,255,0,0x1244,2992896,0,0
main,rem_access,4096,4,last,middle,2,0,25,1,3,write,1,0xc5e0000000190003,5,Work Request Flushed Error,0xf9,255,0,0x1244,3051956,0,0
main,rem_access,4096,4,last,middle,2,1,26,0,2,oob_write,0,0xc5e00000001a0002,10,remote access error,0x88,255,0,0x1244,2958634,0,0
main,rem_access,4096,4,last,middle,2,1,26,1,3,write,1,0xc5e00000001a0003,5,Work Request Flushed Error,0xf9,255,0,0x1244,3018298,0,0
main,rem_access,4096,4,last,middle,2,2,27,0,2,oob_write,0,0xc5e00000001b0002,10,remote access error,0x88,255,0,0x1244,2958593,0,0
main,rem_access,4096,4,last,middle,2,2,27,1,3,write,1,0xc5e00000001b0003,5,Work Request Flushed Error,0xf9,255,0,0x1244,3017816,0,0
main,rem_access,4096,4,last,middle,2,3,28,0,2,oob_write,0,0xc5e00000001c0002,10,remote access error,0x88,255,0,0x1244,2962524,0,0
main,rem_access,4096,4,last,middle,2,3,28,1,3,write,1,0xc5e00000001c0003,5,Work Request Flushed Error,0xf9,255,0,0x1244,3021381,0,0
main,rem_access,4096,4,last,middle,2,4,29,0,2,oob_write,0,0xc5e00000001d0002,10,remote access error,0x88,255,0,0x1244,2956232,0,0
main,rem_access,4096,4,last,middle,2,4,29,1,3,write,1,0xc5e00000001d0003,5,Work Request Flushed Error,0xf9,255,0,0x1244,3015442,0,0
main,rem_access,4096,16,all,first,0,0,30,0,0,oob_write,1,0xc5e00000001e0000,10,remote access error,0x88,255,0,0x1244,3034336,0,0
main,rem_access,4096,16,all,first,0,0,30,1,1,write,1,0xc5e00000001e0001,5,Work Request Flushed Error,0xf9,255,0,0x1244,3093778,0,0
main,rem_access,4096,16,all,first,0,0,30,2,2,write,1,0xc5e00000001e0002,5,Work Request Flushed Error,0xf9,255,0,0x1244,3103239,0,0
main,rem_access,4096,16,all,first,0,0,30,3,3,write,1,0xc5e00000001e0003,5,Work Request Flushed Error,0xf9,255,0,0x1244,3112850,0,0
main,rem_access,4096,16,all,first,0,0,30,4,4,write,1,0xc5e00000001e0004,5,Work Request Flushed Error,0xf9,255,0,0x1244,3122366,0,0
main,rem_access,4096,16,all,first,0,0,30,5,5,write,1,0xc5e00000001e0005,5,Work Request Flushed Error,0xf9,255,0,0x1244,3131672,0,0
main,rem_access,4096,16,all,first,0,0,30,6,6,write,1,0xc5e00000001e0006,5,Work Request Flushed Error,0xf9,255,0,0x1244,3140964,0,0
main,rem_access,4096,16,all,first,0,0,30,7,7,write,1,0xc5e00000001e0007,5,Work Request Flushed Error,0xf9,255,0,0x1244,3150334,0,0
main,rem_access,4096,16,all,first,0,0,30,8,8,write,1,0xc5e00000001e0008,5,Work Request Flushed Error,0xf9,255,0,0x1244,3159637,0,0
main,rem_access,4096,16,all,first,0,0,30,9,9,write,1,0xc5e00000001e0009,5,Work Request Flushed Error,0xf9,255,0,0x1244,3169129,0,0
main,rem_access,4096,16,all,first,0,0,30,10,10,write,1,0xc5e00000001e000a,5,Work Request Flushed Error,0xf9,255,0,0x1244,3178403,0,0
main,rem_access,4096,16,all,first,0,0,30,11,11,write,1,0xc5e00000001e000b,5,Work Request Flushed Error,0xf9,255,0,0x1244,3187712,0,0
main,rem_access,4096,16,all,first,0,0,30,12,12,write,1,0xc5e00000001e000c,5,Work Request Flushed Error,0xf9,255,0,0x1244,3197054,0,0
main,rem_access,4096,16,all,first,0,0,30,13,13,write,1,0xc5e00000001e000d,5,Work Request Flushed Error,0xf9,255,0,0x1244,3206340,0,0
main,rem_access,4096,16,all,first,0,0,30,14,14,write,1,0xc5e00000001e000e,5,Work Request Flushed Error,0xf9,255,0,0x1244,3215744,0,0
main,rem_access,4096,16,all,first,0,0,30,15,15,write,1,0xc5e00000001e000f,5,Work Request Flushed Error,0xf9,255,0,0x1244,3225147,0,0
main,rem_access,4096,16,all,first,0,1,31,0,0,oob_write,1,0xc5e00000001f0000,10,remote access error,0x88,255,0,0x1244,3036574,0,0
main,rem_access,4096,16,all,first,0,1,31,1,1,write,1,0xc5e00000001f0001,5,Work Request Flushed Error,0xf9,255,0,0x1244,3095636,0,0
main,rem_access,4096,16,all,first,0,1,31,2,2,write,1,0xc5e00000001f0002,5,Work Request Flushed Error,0xf9,255,0,0x1244,3105141,0,0
main,rem_access,4096,16,all,first,0,1,31,3,3,write,1,0xc5e00000001f0003,5,Work Request Flushed Error,0xf9,255,0,0x1244,3114531,0,0
main,rem_access,4096,16,all,first,0,1,31,4,4,write,1,0xc5e00000001f0004,5,Work Request Flushed Error,0xf9,255,0,0x1244,3123899,0,0
main,rem_access,4096,16,all,first,0,1,31,5,5,write,1,0xc5e00000001f0005,5,Work Request Flushed Error,0xf9,255,0,0x1244,3133267,0,0
main,rem_access,4096,16,all,first,0,1,31,6,6,write,1,0xc5e00000001f0006,5,Work Request Flushed Error,0xf9,255,0,0x1244,3142552,0,0
main,rem_access,4096,16,all,first,0,1,31,7,7,write,1,0xc5e00000001f0007,5,Work Request Flushed Error,0xf9,255,0,0x1244,3151783,0,0
main,rem_access,4096,16,all,first,0,1,31,8,8,write,1,0xc5e00000001f0008,5,Work Request Flushed Error,0xf9,255,0,0x1244,3161042,0,0
main,rem_access,4096,16,all,first,0,1,31,9,9,write,1,0xc5e00000001f0009,5,Work Request Flushed Error,0xf9,255,0,0x1244,3170366,0,0
main,rem_access,4096,16,all,first,0,1,31,10,10,write,1,0xc5e00000001f000a,5,Work Request Flushed Error,0xf9,255,0,0x1244,3179635,0,0
main,rem_access,4096,16,all,first,0,1,31,11,11,write,1,0xc5e00000001f000b,5,Work Request Flushed Error,0xf9,255,0,0x1244,3189231,0,0
main,rem_access,4096,16,all,first,0,1,31,12,12,write,1,0xc5e00000001f000c,5,Work Request Flushed Error,0xf9,255,0,0x1244,3198524,0,0
main,rem_access,4096,16,all,first,0,1,31,13,13,write,1,0xc5e00000001f000d,5,Work Request Flushed Error,0xf9,255,0,0x1244,3207803,0,0
main,rem_access,4096,16,all,first,0,1,31,14,14,write,1,0xc5e00000001f000e,5,Work Request Flushed Error,0xf9,255,0,0x1244,3217128,0,0
main,rem_access,4096,16,all,first,0,1,31,15,15,write,1,0xc5e00000001f000f,5,Work Request Flushed Error,0xf9,255,0,0x1244,3226476,0,0
main,rem_access,4096,16,all,first,0,2,32,0,0,oob_write,1,0xc5e0000000200000,10,remote access error,0x88,255,0,0x1244,3036444,0,0
main,rem_access,4096,16,all,first,0,2,32,1,1,write,1,0xc5e0000000200001,5,Work Request Flushed Error,0xf9,255,0,0x1244,3095580,0,0
main,rem_access,4096,16,all,first,0,2,32,2,2,write,1,0xc5e0000000200002,5,Work Request Flushed Error,0xf9,255,0,0x1244,3105089,0,0
main,rem_access,4096,16,all,first,0,2,32,3,3,write,1,0xc5e0000000200003,5,Work Request Flushed Error,0xf9,255,0,0x1244,3114681,0,0
main,rem_access,4096,16,all,first,0,2,32,4,4,write,1,0xc5e0000000200004,5,Work Request Flushed Error,0xf9,255,0,0x1244,3124075,0,0
main,rem_access,4096,16,all,first,0,2,32,5,5,write,1,0xc5e0000000200005,5,Work Request Flushed Error,0xf9,255,0,0x1244,3133441,0,0
main,rem_access,4096,16,all,first,0,2,32,6,6,write,1,0xc5e0000000200006,5,Work Request Flushed Error,0xf9,255,0,0x1244,3142811,0,0
main,rem_access,4096,16,all,first,0,2,32,7,7,write,1,0xc5e0000000200007,5,Work Request Flushed Error,0xf9,255,0,0x1244,3152076,0,0
main,rem_access,4096,16,all,first,0,2,32,8,8,write,1,0xc5e0000000200008,5,Work Request Flushed Error,0xf9,255,0,0x1244,3161439,0,0
main,rem_access,4096,16,all,first,0,2,32,9,9,write,1,0xc5e0000000200009,5,Work Request Flushed Error,0xf9,255,0,0x1244,3170837,0,0
main,rem_access,4096,16,all,first,0,2,32,10,10,write,1,0xc5e000000020000a,5,Work Request Flushed Error,0xf9,255,0,0x1244,3180115,0,0
main,rem_access,4096,16,all,first,0,2,32,11,11,write,1,0xc5e000000020000b,5,Work Request Flushed Error,0xf9,255,0,0x1244,3189422,0,0
main,rem_access,4096,16,all,first,0,2,32,12,12,write,1,0xc5e000000020000c,5,Work Request Flushed Error,0xf9,255,0,0x1244,3198704,0,0
main,rem_access,4096,16,all,first,0,2,32,13,13,write,1,0xc5e000000020000d,5,Work Request Flushed Error,0xf9,255,0,0x1244,3208023,0,0
main,rem_access,4096,16,all,first,0,2,32,14,14,write,1,0xc5e000000020000e,5,Work Request Flushed Error,0xf9,255,0,0x1244,3217511,0,0
main,rem_access,4096,16,all,first,0,2,32,15,15,write,1,0xc5e000000020000f,5,Work Request Flushed Error,0xf9,255,0,0x1244,3226884,0,0
main,rem_access,4096,16,all,first,0,3,33,0,0,oob_write,1,0xc5e0000000210000,10,remote access error,0x88,255,0,0x1244,3039747,0,0
main,rem_access,4096,16,all,first,0,3,33,1,1,write,1,0xc5e0000000210001,5,Work Request Flushed Error,0xf9,255,0,0x1244,3098739,0,0
main,rem_access,4096,16,all,first,0,3,33,2,2,write,1,0xc5e0000000210002,5,Work Request Flushed Error,0xf9,255,0,0x1244,3108218,0,0
main,rem_access,4096,16,all,first,0,3,33,3,3,write,1,0xc5e0000000210003,5,Work Request Flushed Error,0xf9,255,0,0x1244,3117664,0,0
main,rem_access,4096,16,all,first,0,3,33,4,4,write,1,0xc5e0000000210004,5,Work Request Flushed Error,0xf9,255,0,0x1244,3127172,0,0
main,rem_access,4096,16,all,first,0,3,33,5,5,write,1,0xc5e0000000210005,5,Work Request Flushed Error,0xf9,255,0,0x1244,3136651,0,0
main,rem_access,4096,16,all,first,0,3,33,6,6,write,1,0xc5e0000000210006,5,Work Request Flushed Error,0xf9,255,0,0x1244,3145971,0,0
main,rem_access,4096,16,all,first,0,3,33,7,7,write,1,0xc5e0000000210007,5,Work Request Flushed Error,0xf9,255,0,0x1244,3155556,0,0
main,rem_access,4096,16,all,first,0,3,33,8,8,write,1,0xc5e0000000210008,5,Work Request Flushed Error,0xf9,255,0,0x1244,3164860,0,0
main,rem_access,4096,16,all,first,0,3,33,9,9,write,1,0xc5e0000000210009,5,Work Request Flushed Error,0xf9,255,0,0x1244,3174155,0,0
main,rem_access,4096,16,all,first,0,3,33,10,10,write,1,0xc5e000000021000a,5,Work Request Flushed Error,0xf9,255,0,0x1244,3183528,0,0
main,rem_access,4096,16,all,first,0,3,33,11,11,write,1,0xc5e000000021000b,5,Work Request Flushed Error,0xf9,255,0,0x1244,3192849,0,0
main,rem_access,4096,16,all,first,0,3,33,12,12,write,1,0xc5e000000021000c,5,Work Request Flushed Error,0xf9,255,0,0x1244,3202186,0,0
main,rem_access,4096,16,all,first,0,3,33,13,13,write,1,0xc5e000000021000d,5,Work Request Flushed Error,0xf9,255,0,0x1244,3211493,0,0
main,rem_access,4096,16,all,first,0,3,33,14,14,write,1,0xc5e000000021000e,5,Work Request Flushed Error,0xf9,255,0,0x1244,3220777,0,0
main,rem_access,4096,16,all,first,0,3,33,15,15,write,1,0xc5e000000021000f,5,Work Request Flushed Error,0xf9,255,0,0x1244,3230266,0,0
main,rem_access,4096,16,all,first,0,4,34,0,0,oob_write,1,0xc5e0000000220000,10,remote access error,0x88,255,0,0x1244,3062649,0,0
main,rem_access,4096,16,all,first,0,4,34,1,1,write,1,0xc5e0000000220001,5,Work Request Flushed Error,0xf9,255,0,0x1244,3121993,0,0
main,rem_access,4096,16,all,first,0,4,34,2,2,write,1,0xc5e0000000220002,5,Work Request Flushed Error,0xf9,255,0,0x1244,3131483,0,0
main,rem_access,4096,16,all,first,0,4,34,3,3,write,1,0xc5e0000000220003,5,Work Request Flushed Error,0xf9,255,0,0x1244,3141029,0,0
main,rem_access,4096,16,all,first,0,4,34,4,4,write,1,0xc5e0000000220004,5,Work Request Flushed Error,0xf9,255,0,0x1244,3150430,0,0
main,rem_access,4096,16,all,first,0,4,34,5,5,write,1,0xc5e0000000220005,5,Work Request Flushed Error,0xf9,255,0,0x1244,3159770,0,0
main,rem_access,4096,16,all,first,0,4,34,6,6,write,1,0xc5e0000000220006,5,Work Request Flushed Error,0xf9,255,0,0x1244,3169096,0,0
main,rem_access,4096,16,all,first,0,4,34,7,7,write,1,0xc5e0000000220007,5,Work Request Flushed Error,0xf9,255,0,0x1244,3178370,0,0
main,rem_access,4096,16,all,first,0,4,34,8,8,write,1,0xc5e0000000220008,5,Work Request Flushed Error,0xf9,255,0,0x1244,3187741,0,0
main,rem_access,4096,16,all,first,0,4,34,9,9,write,1,0xc5e0000000220009,5,Work Request Flushed Error,0xf9,255,0,0x1244,3197251,0,0
main,rem_access,4096,16,all,first,0,4,34,10,10,write,1,0xc5e000000022000a,5,Work Request Flushed Error,0xf9,255,0,0x1244,3206533,0,0
main,rem_access,4096,16,all,first,0,4,34,11,11,write,1,0xc5e000000022000b,5,Work Request Flushed Error,0xf9,255,0,0x1244,3215870,0,0
main,rem_access,4096,16,all,first,0,4,34,12,12,write,1,0xc5e000000022000c,5,Work Request Flushed Error,0xf9,255,0,0x1244,3225175,0,0
main,rem_access,4096,16,all,first,0,4,34,13,13,write,1,0xc5e000000022000d,5,Work Request Flushed Error,0xf9,255,0,0x1244,3234529,0,0
main,rem_access,4096,16,all,first,0,4,34,14,14,write,1,0xc5e000000022000e,5,Work Request Flushed Error,0xf9,255,0,0x1244,3244009,0,0
main,rem_access,4096,16,all,first,0,4,34,15,15,write,1,0xc5e000000022000f,5,Work Request Flushed Error,0xf9,255,0,0x1244,3253335,0,0
main,rem_access,4096,16,all,middle,8,0,35,0,0,write,1,0xc5e0000000230000,0,success,0x0,1,0,0x1244,5136,0,0
main,rem_access,4096,16,all,middle,8,0,35,1,1,write,1,0xc5e0000000230001,0,success,0x0,1,0,0x1244,5426,0,0
main,rem_access,4096,16,all,middle,8,0,35,2,2,write,1,0xc5e0000000230002,0,success,0x0,1,0,0x1244,5776,0,0
main,rem_access,4096,16,all,middle,8,0,35,3,3,write,1,0xc5e0000000230003,0,success,0x0,1,0,0x1244,6115,0,0
main,rem_access,4096,16,all,middle,8,0,35,4,4,write,1,0xc5e0000000230004,0,success,0x0,1,0,0x1244,6449,0,0
main,rem_access,4096,16,all,middle,8,0,35,5,5,write,1,0xc5e0000000230005,0,success,0x0,1,0,0x1244,6767,0,0
main,rem_access,4096,16,all,middle,8,0,35,6,6,write,1,0xc5e0000000230006,0,success,0x0,1,0,0x1244,7120,0,0
main,rem_access,4096,16,all,middle,8,0,35,7,7,write,1,0xc5e0000000230007,0,success,0x0,1,0,0x1244,7445,0,0
main,rem_access,4096,16,all,middle,8,0,35,8,8,oob_write,1,0xc5e0000000230008,10,remote access error,0x88,255,0,0x1244,3004286,0,0
main,rem_access,4096,16,all,middle,8,0,35,9,9,write,1,0xc5e0000000230009,5,Work Request Flushed Error,0xf9,255,0,0x1244,3063505,0,0
main,rem_access,4096,16,all,middle,8,0,35,10,10,write,1,0xc5e000000023000a,5,Work Request Flushed Error,0xf9,255,0,0x1244,3073016,0,0
main,rem_access,4096,16,all,middle,8,0,35,11,11,write,1,0xc5e000000023000b,5,Work Request Flushed Error,0xf9,255,0,0x1244,3082444,0,0
main,rem_access,4096,16,all,middle,8,0,35,12,12,write,1,0xc5e000000023000c,5,Work Request Flushed Error,0xf9,255,0,0x1244,3091786,0,0
main,rem_access,4096,16,all,middle,8,0,35,13,13,write,1,0xc5e000000023000d,5,Work Request Flushed Error,0xf9,255,0,0x1244,3101121,0,0
main,rem_access,4096,16,all,middle,8,0,35,14,14,write,1,0xc5e000000023000e,5,Work Request Flushed Error,0xf9,255,0,0x1244,3110693,0,0
main,rem_access,4096,16,all,middle,8,0,35,15,15,write,1,0xc5e000000023000f,5,Work Request Flushed Error,0xf9,255,0,0x1244,3120017,0,0
main,rem_access,4096,16,all,middle,8,1,36,0,0,write,1,0xc5e0000000240000,0,success,0x0,1,0,0x1244,4981,0,0
main,rem_access,4096,16,all,middle,8,1,36,1,1,write,1,0xc5e0000000240001,0,success,0x0,1,0,0x1244,5272,0,0
main,rem_access,4096,16,all,middle,8,1,36,2,2,write,1,0xc5e0000000240002,0,success,0x0,1,0,0x1244,5625,0,0
main,rem_access,4096,16,all,middle,8,1,36,3,3,write,1,0xc5e0000000240003,0,success,0x0,1,0,0x1244,5944,0,0
main,rem_access,4096,16,all,middle,8,1,36,4,4,write,1,0xc5e0000000240004,0,success,0x0,1,0,0x1244,6296,0,0
main,rem_access,4096,16,all,middle,8,1,36,5,5,write,1,0xc5e0000000240005,0,success,0x0,1,0,0x1244,6603,0,0
main,rem_access,4096,16,all,middle,8,1,36,6,6,write,1,0xc5e0000000240006,0,success,0x0,1,0,0x1244,6952,0,0
main,rem_access,4096,16,all,middle,8,1,36,7,7,write,1,0xc5e0000000240007,0,success,0x0,1,0,0x1244,7297,0,0
main,rem_access,4096,16,all,middle,8,1,36,8,8,oob_write,1,0xc5e0000000240008,10,remote access error,0x88,255,0,0x1244,3001999,0,0
main,rem_access,4096,16,all,middle,8,1,36,9,9,write,1,0xc5e0000000240009,5,Work Request Flushed Error,0xf9,255,0,0x1244,3061969,0,0
main,rem_access,4096,16,all,middle,8,1,36,10,10,write,1,0xc5e000000024000a,5,Work Request Flushed Error,0xf9,255,0,0x1244,3071422,0,0
main,rem_access,4096,16,all,middle,8,1,36,11,11,write,1,0xc5e000000024000b,5,Work Request Flushed Error,0xf9,255,0,0x1244,3080828,0,0
main,rem_access,4096,16,all,middle,8,1,36,12,12,write,1,0xc5e000000024000c,5,Work Request Flushed Error,0xf9,255,0,0x1244,3090192,0,0
main,rem_access,4096,16,all,middle,8,1,36,13,13,write,1,0xc5e000000024000d,5,Work Request Flushed Error,0xf9,255,0,0x1244,3099568,0,0
main,rem_access,4096,16,all,middle,8,1,36,14,14,write,1,0xc5e000000024000e,5,Work Request Flushed Error,0xf9,255,0,0x1244,3109011,0,0
main,rem_access,4096,16,all,middle,8,1,36,15,15,write,1,0xc5e000000024000f,5,Work Request Flushed Error,0xf9,255,0,0x1244,3118374,0,0
main,rem_access,4096,16,all,middle,8,2,37,0,0,write,1,0xc5e0000000250000,0,success,0x0,1,0,0x1244,5228,0,0
main,rem_access,4096,16,all,middle,8,2,37,1,1,write,1,0xc5e0000000250001,0,success,0x0,1,0,0x1244,5518,0,0
main,rem_access,4096,16,all,middle,8,2,37,2,2,write,1,0xc5e0000000250002,0,success,0x0,1,0,0x1244,5876,0,0
main,rem_access,4096,16,all,middle,8,2,37,3,3,write,1,0xc5e0000000250003,0,success,0x0,1,0,0x1244,6186,0,0
main,rem_access,4096,16,all,middle,8,2,37,4,4,write,1,0xc5e0000000250004,0,success,0x0,1,0,0x1244,6524,0,0
main,rem_access,4096,16,all,middle,8,2,37,5,5,write,1,0xc5e0000000250005,0,success,0x0,1,0,0x1244,6863,0,0
main,rem_access,4096,16,all,middle,8,2,37,6,6,write,1,0xc5e0000000250006,0,success,0x0,1,0,0x1244,7189,0,0
main,rem_access,4096,16,all,middle,8,2,37,7,7,write,1,0xc5e0000000250007,0,success,0x0,1,0,0x1244,7522,0,0
main,rem_access,4096,16,all,middle,8,2,37,8,8,oob_write,1,0xc5e0000000250008,10,remote access error,0x88,255,0,0x1244,3001465,0,0
main,rem_access,4096,16,all,middle,8,2,37,9,9,write,1,0xc5e0000000250009,5,Work Request Flushed Error,0xf9,255,0,0x1244,3060832,0,0
main,rem_access,4096,16,all,middle,8,2,37,10,10,write,1,0xc5e000000025000a,5,Work Request Flushed Error,0xf9,255,0,0x1244,3070297,0,0
main,rem_access,4096,16,all,middle,8,2,37,11,11,write,1,0xc5e000000025000b,5,Work Request Flushed Error,0xf9,255,0,0x1244,3079695,0,0
main,rem_access,4096,16,all,middle,8,2,37,12,12,write,1,0xc5e000000025000c,5,Work Request Flushed Error,0xf9,255,0,0x1244,3089134,0,0
main,rem_access,4096,16,all,middle,8,2,37,13,13,write,1,0xc5e000000025000d,5,Work Request Flushed Error,0xf9,255,0,0x1244,3098625,0,0
main,rem_access,4096,16,all,middle,8,2,37,14,14,write,1,0xc5e000000025000e,5,Work Request Flushed Error,0xf9,255,0,0x1244,3108008,0,0
main,rem_access,4096,16,all,middle,8,2,37,15,15,write,1,0xc5e000000025000f,5,Work Request Flushed Error,0xf9,255,0,0x1244,3117297,0,0
main,rem_access,4096,16,all,middle,8,3,38,0,0,write,1,0xc5e0000000260000,0,success,0x0,1,0,0x1244,5032,0,0
main,rem_access,4096,16,all,middle,8,3,38,1,1,write,1,0xc5e0000000260001,0,success,0x0,1,0,0x1244,5346,0,0
main,rem_access,4096,16,all,middle,8,3,38,2,2,write,1,0xc5e0000000260002,0,success,0x0,1,0,0x1244,5679,0,0
main,rem_access,4096,16,all,middle,8,3,38,3,3,write,1,0xc5e0000000260003,0,success,0x0,1,0,0x1244,6010,0,0
main,rem_access,4096,16,all,middle,8,3,38,4,4,write,1,0xc5e0000000260004,0,success,0x0,1,0,0x1244,6355,0,0
main,rem_access,4096,16,all,middle,8,3,38,5,5,write,1,0xc5e0000000260005,0,success,0x0,1,0,0x1244,6673,0,0
main,rem_access,4096,16,all,middle,8,3,38,6,6,write,1,0xc5e0000000260006,0,success,0x0,1,0,0x1244,7018,0,0
main,rem_access,4096,16,all,middle,8,3,38,7,7,write,1,0xc5e0000000260007,0,success,0x0,1,0,0x1244,7343,0,0
main,rem_access,4096,16,all,middle,8,3,38,8,8,oob_write,1,0xc5e0000000260008,10,remote access error,0x88,255,0,0x1244,3029635,0,0
main,rem_access,4096,16,all,middle,8,3,38,9,9,write,1,0xc5e0000000260009,5,Work Request Flushed Error,0xf9,255,0,0x1244,3090008,0,0
main,rem_access,4096,16,all,middle,8,3,38,10,10,write,1,0xc5e000000026000a,5,Work Request Flushed Error,0xf9,255,0,0x1244,3099730,0,0
main,rem_access,4096,16,all,middle,8,3,38,11,11,write,1,0xc5e000000026000b,5,Work Request Flushed Error,0xf9,255,0,0x1244,3109409,0,0
main,rem_access,4096,16,all,middle,8,3,38,12,12,write,1,0xc5e000000026000c,5,Work Request Flushed Error,0xf9,255,0,0x1244,3118976,0,0
main,rem_access,4096,16,all,middle,8,3,38,13,13,write,1,0xc5e000000026000d,5,Work Request Flushed Error,0xf9,255,0,0x1244,3128468,0,0
main,rem_access,4096,16,all,middle,8,3,38,14,14,write,1,0xc5e000000026000e,5,Work Request Flushed Error,0xf9,255,0,0x1244,3137907,0,0
main,rem_access,4096,16,all,middle,8,3,38,15,15,write,1,0xc5e000000026000f,5,Work Request Flushed Error,0xf9,255,0,0x1244,3147290,0,0
main,rem_access,4096,16,all,middle,8,4,39,0,0,write,1,0xc5e0000000270000,0,success,0x0,1,0,0x1244,5060,0,0
main,rem_access,4096,16,all,middle,8,4,39,1,1,write,1,0xc5e0000000270001,0,success,0x0,1,0,0x1244,5377,0,0
main,rem_access,4096,16,all,middle,8,4,39,2,2,write,1,0xc5e0000000270002,0,success,0x0,1,0,0x1244,5705,0,0
main,rem_access,4096,16,all,middle,8,4,39,3,3,write,1,0xc5e0000000270003,0,success,0x0,1,0,0x1244,6058,0,0
main,rem_access,4096,16,all,middle,8,4,39,4,4,write,1,0xc5e0000000270004,0,success,0x0,1,0,0x1244,6838,0,0
main,rem_access,4096,16,all,middle,8,4,39,5,5,write,1,0xc5e0000000270005,0,success,0x0,1,0,0x1244,6917,0,0
main,rem_access,4096,16,all,middle,8,4,39,6,6,write,1,0xc5e0000000270006,0,success,0x0,1,0,0x1244,7115,0,0
main,rem_access,4096,16,all,middle,8,4,39,7,7,write,1,0xc5e0000000270007,0,success,0x0,1,0,0x1244,7368,0,0
main,rem_access,4096,16,all,middle,8,4,39,8,8,oob_write,1,0xc5e0000000270008,10,remote access error,0x88,255,0,0x1244,3034120,0,0
main,rem_access,4096,16,all,middle,8,4,39,9,9,write,1,0xc5e0000000270009,5,Work Request Flushed Error,0xf9,255,0,0x1244,3094663,0,0
main,rem_access,4096,16,all,middle,8,4,39,10,10,write,1,0xc5e000000027000a,5,Work Request Flushed Error,0xf9,255,0,0x1244,3104358,0,0
main,rem_access,4096,16,all,middle,8,4,39,11,11,write,1,0xc5e000000027000b,5,Work Request Flushed Error,0xf9,255,0,0x1244,3114038,0,0
main,rem_access,4096,16,all,middle,8,4,39,12,12,write,1,0xc5e000000027000c,5,Work Request Flushed Error,0xf9,255,0,0x1244,3123564,0,0
main,rem_access,4096,16,all,middle,8,4,39,13,13,write,1,0xc5e000000027000d,5,Work Request Flushed Error,0xf9,255,0,0x1244,3133092,0,0
main,rem_access,4096,16,all,middle,8,4,39,14,14,write,1,0xc5e000000027000e,5,Work Request Flushed Error,0xf9,255,0,0x1244,3142444,0,0
main,rem_access,4096,16,all,middle,8,4,39,15,15,write,1,0xc5e000000027000f,5,Work Request Flushed Error,0xf9,255,0,0x1244,3151848,0,0
main,rem_access,4096,16,last,first,0,0,40,0,0,oob_write,0,0xc5e0000000280000,10,remote access error,0x88,255,0,0x1244,3035417,0,0
main,rem_access,4096,16,last,first,0,0,40,1,1,write,0,0xc5e0000000280001,5,Work Request Flushed Error,0xf9,255,0,0x1244,3094421,0,0
main,rem_access,4096,16,last,first,0,0,40,2,2,write,0,0xc5e0000000280002,5,Work Request Flushed Error,0xf9,255,0,0x1244,3103939,0,0
main,rem_access,4096,16,last,first,0,0,40,3,3,write,0,0xc5e0000000280003,5,Work Request Flushed Error,0xf9,255,0,0x1244,3113456,0,0
main,rem_access,4096,16,last,first,0,0,40,4,4,write,0,0xc5e0000000280004,5,Work Request Flushed Error,0xf9,255,0,0x1244,3122945,0,0
main,rem_access,4096,16,last,first,0,0,40,5,5,write,0,0xc5e0000000280005,5,Work Request Flushed Error,0xf9,255,0,0x1244,3132318,0,0
main,rem_access,4096,16,last,first,0,0,40,6,6,write,0,0xc5e0000000280006,5,Work Request Flushed Error,0xf9,255,0,0x1244,3141599,0,0
main,rem_access,4096,16,last,first,0,0,40,7,7,write,0,0xc5e0000000280007,5,Work Request Flushed Error,0xf9,255,0,0x1244,3150883,0,0
main,rem_access,4096,16,last,first,0,0,40,8,8,write,0,0xc5e0000000280008,5,Work Request Flushed Error,0xf9,255,0,0x1244,3160220,0,0
main,rem_access,4096,16,last,first,0,0,40,9,9,write,0,0xc5e0000000280009,5,Work Request Flushed Error,0xf9,255,0,0x1244,3169525,0,0
main,rem_access,4096,16,last,first,0,0,40,10,10,write,0,0xc5e000000028000a,5,Work Request Flushed Error,0xf9,255,0,0x1244,3178812,0,0
main,rem_access,4096,16,last,first,0,0,40,11,11,write,0,0xc5e000000028000b,5,Work Request Flushed Error,0xf9,255,0,0x1244,3188170,0,0
main,rem_access,4096,16,last,first,0,0,40,12,12,write,0,0xc5e000000028000c,5,Work Request Flushed Error,0xf9,255,0,0x1244,3197507,0,0
main,rem_access,4096,16,last,first,0,0,40,13,13,write,0,0xc5e000000028000d,5,Work Request Flushed Error,0xf9,255,0,0x1244,3206821,0,0
main,rem_access,4096,16,last,first,0,0,40,14,14,write,0,0xc5e000000028000e,5,Work Request Flushed Error,0xf9,255,0,0x1244,3216304,0,0
main,rem_access,4096,16,last,first,0,0,40,15,15,write,1,0xc5e000000028000f,5,Work Request Flushed Error,0xf9,255,0,0x1244,3225587,0,0
main,rem_access,4096,16,last,first,0,1,41,0,0,oob_write,0,0xc5e0000000290000,10,remote access error,0x88,255,0,0x1244,3036072,0,0
main,rem_access,4096,16,last,first,0,1,41,1,1,write,0,0xc5e0000000290001,5,Work Request Flushed Error,0xf9,255,0,0x1244,3095170,0,0
main,rem_access,4096,16,last,first,0,1,41,2,2,write,0,0xc5e0000000290002,5,Work Request Flushed Error,0xf9,255,0,0x1244,3104861,0,0
main,rem_access,4096,16,last,first,0,1,41,3,3,write,0,0xc5e0000000290003,5,Work Request Flushed Error,0xf9,255,0,0x1244,3114299,0,0
main,rem_access,4096,16,last,first,0,1,41,4,4,write,0,0xc5e0000000290004,5,Work Request Flushed Error,0xf9,255,0,0x1244,3123649,0,0
main,rem_access,4096,16,last,first,0,1,41,5,5,write,0,0xc5e0000000290005,5,Work Request Flushed Error,0xf9,255,0,0x1244,3132960,0,0
main,rem_access,4096,16,last,first,0,1,41,6,6,write,0,0xc5e0000000290006,5,Work Request Flushed Error,0xf9,255,0,0x1244,3142273,0,0
main,rem_access,4096,16,last,first,0,1,41,7,7,write,0,0xc5e0000000290007,5,Work Request Flushed Error,0xf9,255,0,0x1244,3151674,0,0
main,rem_access,4096,16,last,first,0,1,41,8,8,write,0,0xc5e0000000290008,5,Work Request Flushed Error,0xf9,255,0,0x1244,3161035,0,0
main,rem_access,4096,16,last,first,0,1,41,9,9,write,0,0xc5e0000000290009,5,Work Request Flushed Error,0xf9,255,0,0x1244,3170374,0,0
main,rem_access,4096,16,last,first,0,1,41,10,10,write,0,0xc5e000000029000a,5,Work Request Flushed Error,0xf9,255,0,0x1244,3179639,0,0
main,rem_access,4096,16,last,first,0,1,41,11,11,write,0,0xc5e000000029000b,5,Work Request Flushed Error,0xf9,255,0,0x1244,3188945,0,0
main,rem_access,4096,16,last,first,0,1,41,12,12,write,0,0xc5e000000029000c,5,Work Request Flushed Error,0xf9,255,0,0x1244,3198250,0,0
main,rem_access,4096,16,last,first,0,1,41,13,13,write,0,0xc5e000000029000d,5,Work Request Flushed Error,0xf9,255,0,0x1244,3207672,0,0
main,rem_access,4096,16,last,first,0,1,41,14,14,write,0,0xc5e000000029000e,5,Work Request Flushed Error,0xf9,255,0,0x1244,3217025,0,0
main,rem_access,4096,16,last,first,0,1,41,15,15,write,1,0xc5e000000029000f,5,Work Request Flushed Error,0xf9,255,0,0x1244,3226269,0,0
main,rem_access,4096,16,last,first,0,2,42,0,0,oob_write,0,0xc5e00000002a0000,10,remote access error,0x88,255,0,0x1244,3036573,0,0
main,rem_access,4096,16,last,first,0,2,42,1,1,write,0,0xc5e00000002a0001,5,Work Request Flushed Error,0xf9,255,0,0x1244,3095940,0,0
main,rem_access,4096,16,last,first,0,2,42,2,2,write,0,0xc5e00000002a0002,5,Work Request Flushed Error,0xf9,255,0,0x1244,3105428,0,0
main,rem_access,4096,16,last,first,0,2,42,3,3,write,0,0xc5e00000002a0003,5,Work Request Flushed Error,0xf9,255,0,0x1244,3114772,0,0
main,rem_access,4096,16,last,first,0,2,42,4,4,write,0,0xc5e00000002a0004,5,Work Request Flushed Error,0xf9,255,0,0x1244,3124476,0,0
main,rem_access,4096,16,last,first,0,2,42,5,5,write,0,0xc5e00000002a0005,5,Work Request Flushed Error,0xf9,255,0,0x1244,3133823,0,0
main,rem_access,4096,16,last,first,0,2,42,6,6,write,0,0xc5e00000002a0006,5,Work Request Flushed Error,0xf9,255,0,0x1244,3143106,0,0
main,rem_access,4096,16,last,first,0,2,42,7,7,write,0,0xc5e00000002a0007,5,Work Request Flushed Error,0xf9,255,0,0x1244,3152436,0,0
main,rem_access,4096,16,last,first,0,2,42,8,8,write,0,0xc5e00000002a0008,5,Work Request Flushed Error,0xf9,255,0,0x1244,3161738,0,0
main,rem_access,4096,16,last,first,0,2,42,9,9,write,0,0xc5e00000002a0009,5,Work Request Flushed Error,0xf9,255,0,0x1244,3171174,0,0
main,rem_access,4096,16,last,first,0,2,42,10,10,write,0,0xc5e00000002a000a,5,Work Request Flushed Error,0xf9,255,0,0x1244,3180378,0,0
main,rem_access,4096,16,last,first,0,2,42,11,11,write,0,0xc5e00000002a000b,5,Work Request Flushed Error,0xf9,255,0,0x1244,3189623,0,0
main,rem_access,4096,16,last,first,0,2,42,12,12,write,0,0xc5e00000002a000c,5,Work Request Flushed Error,0xf9,255,0,0x1244,3198922,0,0
main,rem_access,4096,16,last,first,0,2,42,13,13,write,0,0xc5e00000002a000d,5,Work Request Flushed Error,0xf9,255,0,0x1244,3208256,0,0
main,rem_access,4096,16,last,first,0,2,42,14,14,write,0,0xc5e00000002a000e,5,Work Request Flushed Error,0xf9,255,0,0x1244,3217682,0,0
main,rem_access,4096,16,last,first,0,2,42,15,15,write,1,0xc5e00000002a000f,5,Work Request Flushed Error,0xf9,255,0,0x1244,3226981,0,0
main,rem_access,4096,16,last,first,0,3,43,0,0,oob_write,0,0xc5e00000002b0000,10,remote access error,0x88,255,0,0x1244,3036171,0,0
main,rem_access,4096,16,last,first,0,3,43,1,1,write,0,0xc5e00000002b0001,5,Work Request Flushed Error,0xf9,255,0,0x1244,3095568,0,0
main,rem_access,4096,16,last,first,0,3,43,2,2,write,0,0xc5e00000002b0002,5,Work Request Flushed Error,0xf9,255,0,0x1244,3105122,0,0
main,rem_access,4096,16,last,first,0,3,43,3,3,write,0,0xc5e00000002b0003,5,Work Request Flushed Error,0xf9,255,0,0x1244,3114573,0,0
main,rem_access,4096,16,last,first,0,3,43,4,4,write,0,0xc5e00000002b0004,5,Work Request Flushed Error,0xf9,255,0,0x1244,3123957,0,0
main,rem_access,4096,16,last,first,0,3,43,5,5,write,0,0xc5e00000002b0005,5,Work Request Flushed Error,0xf9,255,0,0x1244,3133308,0,0
main,rem_access,4096,16,last,first,0,3,43,6,6,write,0,0xc5e00000002b0006,5,Work Request Flushed Error,0xf9,255,0,0x1244,3142561,0,0
main,rem_access,4096,16,last,first,0,3,43,7,7,write,0,0xc5e00000002b0007,5,Work Request Flushed Error,0xf9,255,0,0x1244,3151934,0,0
main,rem_access,4096,16,last,first,0,3,43,8,8,write,0,0xc5e00000002b0008,5,Work Request Flushed Error,0xf9,255,0,0x1244,3161227,0,0
main,rem_access,4096,16,last,first,0,3,43,9,9,write,0,0xc5e00000002b0009,5,Work Request Flushed Error,0xf9,255,0,0x1244,3170548,0,0
main,rem_access,4096,16,last,first,0,3,43,10,10,write,0,0xc5e00000002b000a,5,Work Request Flushed Error,0xf9,255,0,0x1244,3179837,0,0
main,rem_access,4096,16,last,first,0,3,43,11,11,write,0,0xc5e00000002b000b,5,Work Request Flushed Error,0xf9,255,0,0x1244,3189144,0,0
main,rem_access,4096,16,last,first,0,3,43,12,12,write,0,0xc5e00000002b000c,5,Work Request Flushed Error,0xf9,255,0,0x1244,3198497,0,0
main,rem_access,4096,16,last,first,0,3,43,13,13,write,0,0xc5e00000002b000d,5,Work Request Flushed Error,0xf9,255,0,0x1244,3207777,0,0
main,rem_access,4096,16,last,first,0,3,43,14,14,write,0,0xc5e00000002b000e,5,Work Request Flushed Error,0xf9,255,0,0x1244,3217055,0,0
main,rem_access,4096,16,last,first,0,3,43,15,15,write,1,0xc5e00000002b000f,5,Work Request Flushed Error,0xf9,255,0,0x1244,3226375,0,0
main,rem_access,4096,16,last,first,0,4,44,0,0,oob_write,0,0xc5e00000002c0000,10,remote access error,0x88,255,0,0x1244,3039770,0,0
main,rem_access,4096,16,last,first,0,4,44,1,1,write,0,0xc5e00000002c0001,5,Work Request Flushed Error,0xf9,255,0,0x1244,3099035,0,0
main,rem_access,4096,16,last,first,0,4,44,2,2,write,0,0xc5e00000002c0002,5,Work Request Flushed Error,0xf9,255,0,0x1244,3108493,0,0
main,rem_access,4096,16,last,first,0,4,44,3,3,write,0,0xc5e00000002c0003,5,Work Request Flushed Error,0xf9,255,0,0x1244,3117955,0,0
main,rem_access,4096,16,last,first,0,4,44,4,4,write,0,0xc5e00000002c0004,5,Work Request Flushed Error,0xf9,255,0,0x1244,3127431,0,0
main,rem_access,4096,16,last,first,0,4,44,5,5,write,0,0xc5e00000002c0005,5,Work Request Flushed Error,0xf9,255,0,0x1244,3137072,0,0
main,rem_access,4096,16,last,first,0,4,44,6,6,write,0,0xc5e00000002c0006,5,Work Request Flushed Error,0xf9,255,0,0x1244,3146332,0,0
main,rem_access,4096,16,last,first,0,4,44,7,7,write,0,0xc5e00000002c0007,5,Work Request Flushed Error,0xf9,255,0,0x1244,3155644,0,0
main,rem_access,4096,16,last,first,0,4,44,8,8,write,0,0xc5e00000002c0008,5,Work Request Flushed Error,0xf9,255,0,0x1244,3165004,0,0
main,rem_access,4096,16,last,first,0,4,44,9,9,write,0,0xc5e00000002c0009,5,Work Request Flushed Error,0xf9,255,0,0x1244,3174338,0,0
main,rem_access,4096,16,last,first,0,4,44,10,10,write,0,0xc5e00000002c000a,5,Work Request Flushed Error,0xf9,255,0,0x1244,3183646,0,0
main,rem_access,4096,16,last,first,0,4,44,11,11,write,0,0xc5e00000002c000b,5,Work Request Flushed Error,0xf9,255,0,0x1244,3192921,0,0
main,rem_access,4096,16,last,first,0,4,44,12,12,write,0,0xc5e00000002c000c,5,Work Request Flushed Error,0xf9,255,0,0x1244,3202210,0,0
main,rem_access,4096,16,last,first,0,4,44,13,13,write,0,0xc5e00000002c000d,5,Work Request Flushed Error,0xf9,255,0,0x1244,3211538,0,0
main,rem_access,4096,16,last,first,0,4,44,14,14,write,0,0xc5e00000002c000e,5,Work Request Flushed Error,0xf9,255,0,0x1244,3220851,0,0
main,rem_access,4096,16,last,first,0,4,44,15,15,write,1,0xc5e00000002c000f,5,Work Request Flushed Error,0xf9,255,0,0x1244,3230185,0,0
main,rem_access,4096,16,last,middle,8,0,45,0,8,oob_write,0,0xc5e00000002d0008,10,remote access error,0x88,255,0,0x1244,3003452,0,0
main,rem_access,4096,16,last,middle,8,0,45,1,9,write,0,0xc5e00000002d0009,5,Work Request Flushed Error,0xf9,255,0,0x1244,3062261,0,0
main,rem_access,4096,16,last,middle,8,0,45,2,10,write,0,0xc5e00000002d000a,5,Work Request Flushed Error,0xf9,255,0,0x1244,3071867,0,0
main,rem_access,4096,16,last,middle,8,0,45,3,11,write,0,0xc5e00000002d000b,5,Work Request Flushed Error,0xf9,255,0,0x1244,3081425,0,0
main,rem_access,4096,16,last,middle,8,0,45,4,12,write,0,0xc5e00000002d000c,5,Work Request Flushed Error,0xf9,255,0,0x1244,3090861,0,0
main,rem_access,4096,16,last,middle,8,0,45,5,13,write,0,0xc5e00000002d000d,5,Work Request Flushed Error,0xf9,255,0,0x1244,3100174,0,0
main,rem_access,4096,16,last,middle,8,0,45,6,14,write,0,0xc5e00000002d000e,5,Work Request Flushed Error,0xf9,255,0,0x1244,3109478,0,0
main,rem_access,4096,16,last,middle,8,0,45,7,15,write,1,0xc5e00000002d000f,5,Work Request Flushed Error,0xf9,255,0,0x1244,3118745,0,0
main,rem_access,4096,16,last,middle,8,1,46,0,8,oob_write,0,0xc5e00000002e0008,10,remote access error,0x88,255,0,0x1244,3005296,0,0
main,rem_access,4096,16,last,middle,8,1,46,1,9,write,0,0xc5e00000002e0009,5,Work Request Flushed Error,0xf9,255,0,0x1244,3064614,0,0
main,rem_access,4096,16,last,middle,8,1,46,2,10,write,0,0xc5e00000002e000a,5,Work Request Flushed Error,0xf9,255,0,0x1244,3074204,0,0
main,rem_access,4096,16,last,middle,8,1,46,3,11,write,0,0xc5e00000002e000b,5,Work Request Flushed Error,0xf9,255,0,0x1244,3083648,0,0
main,rem_access,4096,16,last,middle,8,1,46,4,12,write,0,0xc5e00000002e000c,5,Work Request Flushed Error,0xf9,255,0,0x1244,3093021,0,0
main,rem_access,4096,16,last,middle,8,1,46,5,13,write,0,0xc5e00000002e000d,5,Work Request Flushed Error,0xf9,255,0,0x1244,3102621,0,0
main,rem_access,4096,16,last,middle,8,1,46,6,14,write,0,0xc5e00000002e000e,5,Work Request Flushed Error,0xf9,255,0,0x1244,3111931,0,0
main,rem_access,4096,16,last,middle,8,1,46,7,15,write,1,0xc5e00000002e000f,5,Work Request Flushed Error,0xf9,255,0,0x1244,3121266,0,0
main,rem_access,4096,16,last,middle,8,2,47,0,8,oob_write,0,0xc5e00000002f0008,10,remote access error,0x88,255,0,0x1244,2998542,0,0
main,rem_access,4096,16,last,middle,8,2,47,1,9,write,0,0xc5e00000002f0009,5,Work Request Flushed Error,0xf9,255,0,0x1244,3057938,0,0
main,rem_access,4096,16,last,middle,8,2,47,2,10,write,0,0xc5e00000002f000a,5,Work Request Flushed Error,0xf9,255,0,0x1244,3067456,0,0
main,rem_access,4096,16,last,middle,8,2,47,3,11,write,0,0xc5e00000002f000b,5,Work Request Flushed Error,0xf9,255,0,0x1244,3076825,0,0
main,rem_access,4096,16,last,middle,8,2,47,4,12,write,0,0xc5e00000002f000c,5,Work Request Flushed Error,0xf9,255,0,0x1244,3086313,0,0
main,rem_access,4096,16,last,middle,8,2,47,5,13,write,0,0xc5e00000002f000d,5,Work Request Flushed Error,0xf9,255,0,0x1244,3095697,0,0
main,rem_access,4096,16,last,middle,8,2,47,6,14,write,0,0xc5e00000002f000e,5,Work Request Flushed Error,0xf9,255,0,0x1244,3105054,0,0
main,rem_access,4096,16,last,middle,8,2,47,7,15,write,1,0xc5e00000002f000f,5,Work Request Flushed Error,0xf9,255,0,0x1244,3114322,0,0
main,rem_access,4096,16,last,middle,8,3,48,0,8,oob_write,0,0xc5e0000000300008,10,remote access error,0x88,255,0,0x1244,3009772,0,0
main,rem_access,4096,16,last,middle,8,3,48,1,9,write,0,0xc5e0000000300009,5,Work Request Flushed Error,0xf9,255,0,0x1244,3071061,0,0
main,rem_access,4096,16,last,middle,8,3,48,2,10,write,0,0xc5e000000030000a,5,Work Request Flushed Error,0xf9,255,0,0x1244,3084491,0,0
main,rem_access,4096,16,last,middle,8,3,48,3,11,write,0,0xc5e000000030000b,5,Work Request Flushed Error,0xf9,255,0,0x1244,3094106,0,0
main,rem_access,4096,16,last,middle,8,3,48,4,12,write,0,0xc5e000000030000c,5,Work Request Flushed Error,0xf9,255,0,0x1244,3103641,0,0
main,rem_access,4096,16,last,middle,8,3,48,5,13,write,0,0xc5e000000030000d,5,Work Request Flushed Error,0xf9,255,0,0x1244,3112983,0,0
main,rem_access,4096,16,last,middle,8,3,48,6,14,write,0,0xc5e000000030000e,5,Work Request Flushed Error,0xf9,255,0,0x1244,3122295,0,0
main,rem_access,4096,16,last,middle,8,3,48,7,15,write,1,0xc5e000000030000f,5,Work Request Flushed Error,0xf9,255,0,0x1244,3131614,0,0
main,rem_access,4096,16,last,middle,8,4,49,0,8,oob_write,0,0xc5e0000000310008,10,remote access error,0x88,255,0,0x1244,3003811,0,0
main,rem_access,4096,16,last,middle,8,4,49,1,9,write,0,0xc5e0000000310009,5,Work Request Flushed Error,0xf9,255,0,0x1244,3063050,0,0
main,rem_access,4096,16,last,middle,8,4,49,2,10,write,0,0xc5e000000031000a,5,Work Request Flushed Error,0xf9,255,0,0x1244,3072935,0,0
main,rem_access,4096,16,last,middle,8,4,49,3,11,write,0,0xc5e000000031000b,5,Work Request Flushed Error,0xf9,255,0,0x1244,3082345,0,0
main,rem_access,4096,16,last,middle,8,4,49,4,12,write,0,0xc5e000000031000c,5,Work Request Flushed Error,0xf9,255,0,0x1244,3091738,0,0
main,rem_access,4096,16,last,middle,8,4,49,5,13,write,0,0xc5e000000031000d,5,Work Request Flushed Error,0xf9,255,0,0x1244,3101043,0,0
main,rem_access,4096,16,last,middle,8,4,49,6,14,write,0,0xc5e000000031000e,5,Work Request Flushed Error,0xf9,255,0,0x1244,3110331,0,0
main,rem_access,4096,16,last,middle,8,4,49,7,15,write,1,0xc5e000000031000f,5,Work Request Flushed Error,0xf9,255,0,0x1244,3119730,0,0
main,rem_access,4096,64,all,first,0,0,50,0,0,oob_write,1,0xc5e0000000320000,10,remote access error,0x88,255,0,0x1244,1771488,0,0
main,rem_access,4096,64,all,first,0,0,50,1,1,write,1,0xc5e0000000320001,5,Work Request Flushed Error,0xf9,255,0,0x1244,1830417,0,0
main,rem_access,4096,64,all,first,0,0,50,2,2,write,1,0xc5e0000000320002,5,Work Request Flushed Error,0xf9,255,0,0x1244,1839951,0,0
main,rem_access,4096,64,all,first,0,0,50,3,3,write,1,0xc5e0000000320003,5,Work Request Flushed Error,0xf9,255,0,0x1244,1849843,0,0
main,rem_access,4096,64,all,first,0,0,50,4,4,write,1,0xc5e0000000320004,5,Work Request Flushed Error,0xf9,255,0,0x1244,1859293,0,0
main,rem_access,4096,64,all,first,0,0,50,5,5,write,1,0xc5e0000000320005,5,Work Request Flushed Error,0xf9,255,0,0x1244,1868614,0,0
main,rem_access,4096,64,all,first,0,0,50,6,6,write,1,0xc5e0000000320006,5,Work Request Flushed Error,0xf9,255,0,0x1244,1877921,0,0
main,rem_access,4096,64,all,first,0,0,50,7,7,write,1,0xc5e0000000320007,5,Work Request Flushed Error,0xf9,255,0,0x1244,1887200,0,0
main,rem_access,4096,64,all,first,0,0,50,8,8,write,1,0xc5e0000000320008,5,Work Request Flushed Error,0xf9,255,0,0x1244,1896648,0,0
main,rem_access,4096,64,all,first,0,0,50,9,9,write,1,0xc5e0000000320009,5,Work Request Flushed Error,0xf9,255,0,0x1244,1906009,0,0
main,rem_access,4096,64,all,first,0,0,50,10,10,write,1,0xc5e000000032000a,5,Work Request Flushed Error,0xf9,255,0,0x1244,1915321,0,0
main,rem_access,4096,64,all,first,0,0,50,11,11,write,1,0xc5e000000032000b,5,Work Request Flushed Error,0xf9,255,0,0x1244,1924608,0,0
main,rem_access,4096,64,all,first,0,0,50,12,12,write,1,0xc5e000000032000c,5,Work Request Flushed Error,0xf9,255,0,0x1244,1933933,0,0
main,rem_access,4096,64,all,first,0,0,50,13,13,write,1,0xc5e000000032000d,5,Work Request Flushed Error,0xf9,255,0,0x1244,1943345,0,0
main,rem_access,4096,64,all,first,0,0,50,14,14,write,1,0xc5e000000032000e,5,Work Request Flushed Error,0xf9,255,0,0x1244,1952765,0,0
main,rem_access,4096,64,all,first,0,0,50,15,15,write,1,0xc5e000000032000f,5,Work Request Flushed Error,0xf9,255,0,0x1244,1961995,0,0
main,rem_access,4096,64,all,first,0,0,50,16,16,write,1,0xc5e0000000320010,5,Work Request Flushed Error,0xf9,255,0,0x1244,1971337,0,0
main,rem_access,4096,64,all,first,0,0,50,17,17,write,1,0xc5e0000000320011,5,Work Request Flushed Error,0xf9,255,0,0x1244,1980639,0,0
main,rem_access,4096,64,all,first,0,0,50,18,18,write,1,0xc5e0000000320012,5,Work Request Flushed Error,0xf9,255,0,0x1244,1989953,0,0
main,rem_access,4096,64,all,first,0,0,50,19,19,write,1,0xc5e0000000320013,5,Work Request Flushed Error,0xf9,255,0,0x1244,1999462,0,0
main,rem_access,4096,64,all,first,0,0,50,20,20,write,1,0xc5e0000000320014,5,Work Request Flushed Error,0xf9,255,0,0x1244,2008781,0,0
main,rem_access,4096,64,all,first,0,0,50,21,21,write,1,0xc5e0000000320015,5,Work Request Flushed Error,0xf9,255,0,0x1244,2018090,0,0
main,rem_access,4096,64,all,first,0,0,50,22,22,write,1,0xc5e0000000320016,5,Work Request Flushed Error,0xf9,255,0,0x1244,2027357,0,0
main,rem_access,4096,64,all,first,0,0,50,23,23,write,1,0xc5e0000000320017,5,Work Request Flushed Error,0xf9,255,0,0x1244,2036688,0,0
main,rem_access,4096,64,all,first,0,0,50,24,24,write,1,0xc5e0000000320018,5,Work Request Flushed Error,0xf9,255,0,0x1244,2046171,0,0
main,rem_access,4096,64,all,first,0,0,50,25,25,write,1,0xc5e0000000320019,5,Work Request Flushed Error,0xf9,255,0,0x1244,2055536,0,0
main,rem_access,4096,64,all,first,0,0,50,26,26,write,1,0xc5e000000032001a,5,Work Request Flushed Error,0xf9,255,0,0x1244,2064840,0,0
main,rem_access,4096,64,all,first,0,0,50,27,27,write,1,0xc5e000000032001b,5,Work Request Flushed Error,0xf9,255,0,0x1244,2074082,0,0
main,rem_access,4096,64,all,first,0,0,50,28,28,write,1,0xc5e000000032001c,5,Work Request Flushed Error,0xf9,255,0,0x1244,2083436,0,0
main,rem_access,4096,64,all,first,0,0,50,29,29,write,1,0xc5e000000032001d,5,Work Request Flushed Error,0xf9,255,0,0x1244,2092818,0,0
main,rem_access,4096,64,all,first,0,0,50,30,30,write,1,0xc5e000000032001e,5,Work Request Flushed Error,0xf9,255,0,0x1244,2102142,0,0
main,rem_access,4096,64,all,first,0,0,50,31,31,write,1,0xc5e000000032001f,5,Work Request Flushed Error,0xf9,255,0,0x1244,2111502,0,0
main,rem_access,4096,64,all,first,0,0,50,32,32,write,1,0xc5e0000000320020,5,Work Request Flushed Error,0xf9,255,0,0x1244,2120824,0,0
main,rem_access,4096,64,all,first,0,0,50,33,33,write,1,0xc5e0000000320021,5,Work Request Flushed Error,0xf9,255,0,0x1244,2130168,0,0
main,rem_access,4096,64,all,first,0,0,50,34,34,write,1,0xc5e0000000320022,5,Work Request Flushed Error,0xf9,255,0,0x1244,2139454,0,0
main,rem_access,4096,64,all,first,0,0,50,35,35,write,1,0xc5e0000000320023,5,Work Request Flushed Error,0xf9,255,0,0x1244,2148860,0,0
main,rem_access,4096,64,all,first,0,0,50,36,36,write,1,0xc5e0000000320024,5,Work Request Flushed Error,0xf9,255,0,0x1244,2158143,0,0
main,rem_access,4096,64,all,first,0,0,50,37,37,write,1,0xc5e0000000320025,5,Work Request Flushed Error,0xf9,255,0,0x1244,2167409,0,0
main,rem_access,4096,64,all,first,0,0,50,38,38,write,1,0xc5e0000000320026,5,Work Request Flushed Error,0xf9,255,0,0x1244,2176770,0,0
main,rem_access,4096,64,all,first,0,0,50,39,39,write,1,0xc5e0000000320027,5,Work Request Flushed Error,0xf9,255,0,0x1244,2186090,0,0
main,rem_access,4096,64,all,first,0,0,50,40,40,write,1,0xc5e0000000320028,5,Work Request Flushed Error,0xf9,255,0,0x1244,2195703,0,0
main,rem_access,4096,64,all,first,0,0,50,41,41,write,1,0xc5e0000000320029,5,Work Request Flushed Error,0xf9,255,0,0x1244,2205110,0,0
main,rem_access,4096,64,all,first,0,0,50,42,42,write,1,0xc5e000000032002a,5,Work Request Flushed Error,0xf9,255,0,0x1244,2214384,0,0
main,rem_access,4096,64,all,first,0,0,50,43,43,write,1,0xc5e000000032002b,5,Work Request Flushed Error,0xf9,255,0,0x1244,2223735,0,0
main,rem_access,4096,64,all,first,0,0,50,44,44,write,1,0xc5e000000032002c,5,Work Request Flushed Error,0xf9,255,0,0x1244,2233017,0,0
main,rem_access,4096,64,all,first,0,0,50,45,45,write,1,0xc5e000000032002d,5,Work Request Flushed Error,0xf9,255,0,0x1244,2242331,0,0
main,rem_access,4096,64,all,first,0,0,50,46,46,write,1,0xc5e000000032002e,5,Work Request Flushed Error,0xf9,255,0,0x1244,2251816,0,0
main,rem_access,4096,64,all,first,0,0,50,47,47,write,1,0xc5e000000032002f,5,Work Request Flushed Error,0xf9,255,0,0x1244,2261139,0,0
main,rem_access,4096,64,all,first,0,0,50,48,48,write,1,0xc5e0000000320030,5,Work Request Flushed Error,0xf9,255,0,0x1244,2270465,0,0
main,rem_access,4096,64,all,first,0,0,50,49,49,write,1,0xc5e0000000320031,5,Work Request Flushed Error,0xf9,255,0,0x1244,2279686,0,0
main,rem_access,4096,64,all,first,0,0,50,50,50,write,1,0xc5e0000000320032,5,Work Request Flushed Error,0xf9,255,0,0x1244,2289040,0,0
main,rem_access,4096,64,all,first,0,0,50,51,51,write,1,0xc5e0000000320033,5,Work Request Flushed Error,0xf9,255,0,0x1244,2298444,0,0
main,rem_access,4096,64,all,first,0,0,50,52,52,write,1,0xc5e0000000320034,5,Work Request Flushed Error,0xf9,255,0,0x1244,2307740,0,0
main,rem_access,4096,64,all,first,0,0,50,53,53,write,1,0xc5e0000000320035,5,Work Request Flushed Error,0xf9,255,0,0x1244,2317074,0,0
main,rem_access,4096,64,all,first,0,0,50,54,54,write,1,0xc5e0000000320036,5,Work Request Flushed Error,0xf9,255,0,0x1244,2326318,0,0
main,rem_access,4096,64,all,first,0,0,50,55,55,write,1,0xc5e0000000320037,5,Work Request Flushed Error,0xf9,255,0,0x1244,2335592,0,0
main,rem_access,4096,64,all,first,0,0,50,56,56,write,1,0xc5e0000000320038,5,Work Request Flushed Error,0xf9,255,0,0x1244,2344952,0,0
main,rem_access,4096,64,all,first,0,0,50,57,57,write,1,0xc5e0000000320039,5,Work Request Flushed Error,0xf9,255,0,0x1244,2354333,0,0
main,rem_access,4096,64,all,first,0,0,50,58,58,write,1,0xc5e000000032003a,5,Work Request Flushed Error,0xf9,255,0,0x1244,2363664,0,0
main,rem_access,4096,64,all,first,0,0,50,59,59,write,1,0xc5e000000032003b,5,Work Request Flushed Error,0xf9,255,0,0x1244,2372954,0,0
main,rem_access,4096,64,all,first,0,0,50,60,60,write,1,0xc5e000000032003c,5,Work Request Flushed Error,0xf9,255,0,0x1244,2382346,0,0
main,rem_access,4096,64,all,first,0,0,50,61,61,write,1,0xc5e000000032003d,5,Work Request Flushed Error,0xf9,255,0,0x1244,2391667,0,0
main,rem_access,4096,64,all,first,0,0,50,62,62,write,1,0xc5e000000032003e,5,Work Request Flushed Error,0xf9,255,0,0x1244,2401111,0,0
main,rem_access,4096,64,all,first,0,0,50,63,63,write,1,0xc5e000000032003f,5,Work Request Flushed Error,0xf9,255,0,0x1244,2410454,0,0
main,rem_access,4096,64,all,first,0,1,51,0,0,oob_write,1,0xc5e0000000330000,10,remote access error,0x88,255,0,0x1244,1777296,0,0
main,rem_access,4096,64,all,first,0,1,51,1,1,write,1,0xc5e0000000330001,5,Work Request Flushed Error,0xf9,255,0,0x1244,1836332,0,0
main,rem_access,4096,64,all,first,0,1,51,2,2,write,1,0xc5e0000000330002,5,Work Request Flushed Error,0xf9,255,0,0x1244,1845848,0,0
main,rem_access,4096,64,all,first,0,1,51,3,3,write,1,0xc5e0000000330003,5,Work Request Flushed Error,0xf9,255,0,0x1244,1855322,0,0
main,rem_access,4096,64,all,first,0,1,51,4,4,write,1,0xc5e0000000330004,5,Work Request Flushed Error,0xf9,255,0,0x1244,1864720,0,0
main,rem_access,4096,64,all,first,0,1,51,5,5,write,1,0xc5e0000000330005,5,Work Request Flushed Error,0xf9,255,0,0x1244,1874110,0,0
main,rem_access,4096,64,all,first,0,1,51,6,6,write,1,0xc5e0000000330006,5,Work Request Flushed Error,0xf9,255,0,0x1244,1883450,0,0
main,rem_access,4096,64,all,first,0,1,51,7,7,write,1,0xc5e0000000330007,5,Work Request Flushed Error,0xf9,255,0,0x1244,1892741,0,0
main,rem_access,4096,64,all,first,0,1,51,8,8,write,1,0xc5e0000000330008,5,Work Request Flushed Error,0xf9,255,0,0x1244,1902087,0,0
main,rem_access,4096,64,all,first,0,1,51,9,9,write,1,0xc5e0000000330009,5,Work Request Flushed Error,0xf9,255,0,0x1244,1911507,0,0
main,rem_access,4096,64,all,first,0,1,51,10,10,write,1,0xc5e000000033000a,5,Work Request Flushed Error,0xf9,255,0,0x1244,1920786,0,0
main,rem_access,4096,64,all,first,0,1,51,11,11,write,1,0xc5e000000033000b,5,Work Request Flushed Error,0xf9,255,0,0x1244,1930104,0,0
main,rem_access,4096,64,all,first,0,1,51,12,12,write,1,0xc5e000000033000c,5,Work Request Flushed Error,0xf9,255,0,0x1244,1939360,0,0
main,rem_access,4096,64,all,first,0,1,51,13,13,write,1,0xc5e000000033000d,5,Work Request Flushed Error,0xf9,255,0,0x1244,1948708,0,0
main,rem_access,4096,64,all,first,0,1,51,14,14,write,1,0xc5e000000033000e,5,Work Request Flushed Error,0xf9,255,0,0x1244,1958171,0,0
main,rem_access,4096,64,all,first,0,1,51,15,15,write,1,0xc5e000000033000f,5,Work Request Flushed Error,0xf9,255,0,0x1244,1967514,0,0
main,rem_access,4096,64,all,first,0,1,51,16,16,write,1,0xc5e0000000330010,5,Work Request Flushed Error,0xf9,255,0,0x1244,1976859,0,0
main,rem_access,4096,64,all,first,0,1,51,17,17,write,1,0xc5e0000000330011,5,Work Request Flushed Error,0xf9,255,0,0x1244,1986149,0,0
main,rem_access,4096,64,all,first,0,1,51,18,18,write,1,0xc5e0000000330012,5,Work Request Flushed Error,0xf9,255,0,0x1244,1995431,0,0
main,rem_access,4096,64,all,first,0,1,51,19,19,write,1,0xc5e0000000330013,5,Work Request Flushed Error,0xf9,255,0,0x1244,2004828,0,0
main,rem_access,4096,64,all,first,0,1,51,20,20,write,1,0xc5e0000000330014,5,Work Request Flushed Error,0xf9,255,0,0x1244,2014155,0,0
main,rem_access,4096,64,all,first,0,1,51,21,21,write,1,0xc5e0000000330015,5,Work Request Flushed Error,0xf9,255,0,0x1244,2023450,0,0
main,rem_access,4096,64,all,first,0,1,51,22,22,write,1,0xc5e0000000330016,5,Work Request Flushed Error,0xf9,255,0,0x1244,2032737,0,0
main,rem_access,4096,64,all,first,0,1,51,23,23,write,1,0xc5e0000000330017,5,Work Request Flushed Error,0xf9,255,0,0x1244,2042011,0,0
main,rem_access,4096,64,all,first,0,1,51,24,24,write,1,0xc5e0000000330018,5,Work Request Flushed Error,0xf9,255,0,0x1244,2051318,0,0
main,rem_access,4096,64,all,first,0,1,51,25,25,write,1,0xc5e0000000330019,5,Work Request Flushed Error,0xf9,255,0,0x1244,2060890,0,0
main,rem_access,4096,64,all,first,0,1,51,26,26,write,1,0xc5e000000033001a,5,Work Request Flushed Error,0xf9,255,0,0x1244,2070179,0,0
main,rem_access,4096,64,all,first,0,1,51,27,27,write,1,0xc5e000000033001b,5,Work Request Flushed Error,0xf9,255,0,0x1244,2079479,0,0
main,rem_access,4096,64,all,first,0,1,51,28,28,write,1,0xc5e000000033001c,5,Work Request Flushed Error,0xf9,255,0,0x1244,2088833,0,0
main,rem_access,4096,64,all,first,0,1,51,29,29,write,1,0xc5e000000033001d,5,Work Request Flushed Error,0xf9,255,0,0x1244,2098147,0,0
main,rem_access,4096,64,all,first,0,1,51,30,30,write,1,0xc5e000000033001e,5,Work Request Flushed Error,0xf9,255,0,0x1244,2107583,0,0
main,rem_access,4096,64,all,first,0,1,51,31,31,write,1,0xc5e000000033001f,5,Work Request Flushed Error,0xf9,255,0,0x1244,2116872,0,0
main,rem_access,4096,64,all,first,0,1,51,32,32,write,1,0xc5e0000000330020,5,Work Request Flushed Error,0xf9,255,0,0x1244,2126166,0,0
main,rem_access,4096,64,all,first,0,1,51,33,33,write,1,0xc5e0000000330021,5,Work Request Flushed Error,0xf9,255,0,0x1244,2135494,0,0
main,rem_access,4096,64,all,first,0,1,51,34,34,write,1,0xc5e0000000330022,5,Work Request Flushed Error,0xf9,255,0,0x1244,2144788,0,0
main,rem_access,4096,64,all,first,0,1,51,35,35,write,1,0xc5e0000000330023,5,Work Request Flushed Error,0xf9,255,0,0x1244,2154274,0,0
main,rem_access,4096,64,all,first,0,1,51,36,36,write,1,0xc5e0000000330024,5,Work Request Flushed Error,0xf9,255,0,0x1244,2163627,0,0
main,rem_access,4096,64,all,first,0,1,51,37,37,write,1,0xc5e0000000330025,5,Work Request Flushed Error,0xf9,255,0,0x1244,2172927,0,0
main,rem_access,4096,64,all,first,0,1,51,38,38,write,1,0xc5e0000000330026,5,Work Request Flushed Error,0xf9,255,0,0x1244,2182235,0,0
main,rem_access,4096,64,all,first,0,1,51,39,39,write,1,0xc5e0000000330027,5,Work Request Flushed Error,0xf9,255,0,0x1244,2191509,0,0
main,rem_access,4096,64,all,first,0,1,51,40,40,write,1,0xc5e0000000330028,5,Work Request Flushed Error,0xf9,255,0,0x1244,2200820,0,0
main,rem_access,4096,64,all,first,0,1,51,41,41,write,1,0xc5e0000000330029,5,Work Request Flushed Error,0xf9,255,0,0x1244,2210381,0,0
main,rem_access,4096,64,all,first,0,1,51,42,42,write,1,0xc5e000000033002a,5,Work Request Flushed Error,0xf9,255,0,0x1244,2219666,0,0
main,rem_access,4096,64,all,first,0,1,51,43,43,write,1,0xc5e000000033002b,5,Work Request Flushed Error,0xf9,255,0,0x1244,2228993,0,0
main,rem_access,4096,64,all,first,0,1,51,44,44,write,1,0xc5e000000033002c,5,Work Request Flushed Error,0xf9,255,0,0x1244,2238301,0,0
main,rem_access,4096,64,all,first,0,1,51,45,45,write,1,0xc5e000000033002d,5,Work Request Flushed Error,0xf9,255,0,0x1244,2247612,0,0
main,rem_access,4096,64,all,first,0,1,51,46,46,write,1,0xc5e000000033002e,5,Work Request Flushed Error,0xf9,255,0,0x1244,2256954,0,0
main,rem_access,4096,64,all,first,0,1,51,47,47,write,1,0xc5e000000033002f,5,Work Request Flushed Error,0xf9,255,0,0x1244,2266207,0,0
main,rem_access,4096,64,all,first,0,1,51,48,48,write,1,0xc5e0000000330030,5,Work Request Flushed Error,0xf9,255,0,0x1244,2275553,0,0
main,rem_access,4096,64,all,first,0,1,51,49,49,write,1,0xc5e0000000330031,5,Work Request Flushed Error,0xf9,255,0,0x1244,2284855,0,0
main,rem_access,4096,64,all,first,0,1,51,50,50,write,1,0xc5e0000000330032,5,Work Request Flushed Error,0xf9,255,0,0x1244,2294181,0,0
main,rem_access,4096,64,all,first,0,1,51,51,51,write,1,0xc5e0000000330033,5,Work Request Flushed Error,0xf9,255,0,0x1244,2303519,0,0
main,rem_access,4096,64,all,first,0,1,51,52,52,write,1,0xc5e0000000330034,5,Work Request Flushed Error,0xf9,255,0,0x1244,2312829,0,0
main,rem_access,4096,64,all,first,0,1,51,53,53,write,1,0xc5e0000000330035,5,Work Request Flushed Error,0xf9,255,0,0x1244,2322106,0,0
main,rem_access,4096,64,all,first,0,1,51,54,54,write,1,0xc5e0000000330036,5,Work Request Flushed Error,0xf9,255,0,0x1244,2331386,0,0
main,rem_access,4096,64,all,first,0,1,51,55,55,write,1,0xc5e0000000330037,5,Work Request Flushed Error,0xf9,255,0,0x1244,2340763,0,0
main,rem_access,4096,64,all,first,0,1,51,56,56,write,1,0xc5e0000000330038,5,Work Request Flushed Error,0xf9,255,0,0x1244,2350073,0,0
main,rem_access,4096,64,all,first,0,1,51,57,57,write,1,0xc5e0000000330039,5,Work Request Flushed Error,0xf9,255,0,0x1244,2359506,0,0
main,rem_access,4096,64,all,first,0,1,51,58,58,write,1,0xc5e000000033003a,5,Work Request Flushed Error,0xf9,255,0,0x1244,2368821,0,0
main,rem_access,4096,64,all,first,0,1,51,59,59,write,1,0xc5e000000033003b,5,Work Request Flushed Error,0xf9,255,0,0x1244,2378099,0,0
main,rem_access,4096,64,all,first,0,1,51,60,60,write,1,0xc5e000000033003c,5,Work Request Flushed Error,0xf9,255,0,0x1244,2387406,0,0
main,rem_access,4096,64,all,first,0,1,51,61,61,write,1,0xc5e000000033003d,5,Work Request Flushed Error,0xf9,255,0,0x1244,2396752,0,0
main,rem_access,4096,64,all,first,0,1,51,62,62,write,1,0xc5e000000033003e,5,Work Request Flushed Error,0xf9,255,0,0x1244,2406131,0,0
main,rem_access,4096,64,all,first,0,1,51,63,63,write,1,0xc5e000000033003f,5,Work Request Flushed Error,0xf9,255,0,0x1244,2415524,0,0
main,rem_access,4096,64,all,first,0,2,52,0,0,oob_write,1,0xc5e0000000340000,10,remote access error,0x88,255,0,0x1244,1790562,0,0
main,rem_access,4096,64,all,first,0,2,52,1,1,write,1,0xc5e0000000340001,5,Work Request Flushed Error,0xf9,255,0,0x1244,1850859,0,0
main,rem_access,4096,64,all,first,0,2,52,2,2,write,1,0xc5e0000000340002,5,Work Request Flushed Error,0xf9,255,0,0x1244,1860630,0,0
main,rem_access,4096,64,all,first,0,2,52,3,3,write,1,0xc5e0000000340003,5,Work Request Flushed Error,0xf9,255,0,0x1244,1870021,0,0
main,rem_access,4096,64,all,first,0,2,52,4,4,write,1,0xc5e0000000340004,5,Work Request Flushed Error,0xf9,255,0,0x1244,1879548,0,0
main,rem_access,4096,64,all,first,0,2,52,5,5,write,1,0xc5e0000000340005,5,Work Request Flushed Error,0xf9,255,0,0x1244,1889075,0,0
main,rem_access,4096,64,all,first,0,2,52,6,6,write,1,0xc5e0000000340006,5,Work Request Flushed Error,0xf9,255,0,0x1244,1898554,0,0
main,rem_access,4096,64,all,first,0,2,52,7,7,write,1,0xc5e0000000340007,5,Work Request Flushed Error,0xf9,255,0,0x1244,1907938,0,0
main,rem_access,4096,64,all,first,0,2,52,8,8,write,1,0xc5e0000000340008,5,Work Request Flushed Error,0xf9,255,0,0x1244,1917343,0,0
main,rem_access,4096,64,all,first,0,2,52,9,9,write,1,0xc5e0000000340009,5,Work Request Flushed Error,0xf9,255,0,0x1244,1926731,0,0
main,rem_access,4096,64,all,first,0,2,52,10,10,write,1,0xc5e000000034000a,5,Work Request Flushed Error,0xf9,255,0,0x1244,1936130,0,0
main,rem_access,4096,64,all,first,0,2,52,11,11,write,1,0xc5e000000034000b,5,Work Request Flushed Error,0xf9,255,0,0x1244,1945542,0,0
main,rem_access,4096,64,all,first,0,2,52,12,12,write,1,0xc5e000000034000c,5,Work Request Flushed Error,0xf9,255,0,0x1244,1955068,0,0
main,rem_access,4096,64,all,first,0,2,52,13,13,write,1,0xc5e000000034000d,5,Work Request Flushed Error,0xf9,255,0,0x1244,1964484,0,0
main,rem_access,4096,64,all,first,0,2,52,14,14,write,1,0xc5e000000034000e,5,Work Request Flushed Error,0xf9,255,0,0x1244,1973798,0,0
main,rem_access,4096,64,all,first,0,2,52,15,15,write,1,0xc5e000000034000f,5,Work Request Flushed Error,0xf9,255,0,0x1244,1983182,0,0
main,rem_access,4096,64,all,first,0,2,52,16,16,write,1,0xc5e0000000340010,5,Work Request Flushed Error,0xf9,255,0,0x1244,1992526,0,0
main,rem_access,4096,64,all,first,0,2,52,17,17,write,1,0xc5e0000000340011,5,Work Request Flushed Error,0xf9,255,0,0x1244,2002101,0,0
main,rem_access,4096,64,all,first,0,2,52,18,18,write,1,0xc5e0000000340012,5,Work Request Flushed Error,0xf9,255,0,0x1244,2011430,0,0
main,rem_access,4096,64,all,first,0,2,52,19,19,write,1,0xc5e0000000340013,5,Work Request Flushed Error,0xf9,255,0,0x1244,2020845,0,0
main,rem_access,4096,64,all,first,0,2,52,20,20,write,1,0xc5e0000000340014,5,Work Request Flushed Error,0xf9,255,0,0x1244,2030256,0,0
main,rem_access,4096,64,all,first,0,2,52,21,21,write,1,0xc5e0000000340015,5,Work Request Flushed Error,0xf9,255,0,0x1244,2039655,0,0
main,rem_access,4096,64,all,first,0,2,52,22,22,write,1,0xc5e0000000340016,5,Work Request Flushed Error,0xf9,255,0,0x1244,2049198,0,0
main,rem_access,4096,64,all,first,0,2,52,23,23,write,1,0xc5e0000000340017,5,Work Request Flushed Error,0xf9,255,0,0x1244,2058703,0,0
main,rem_access,4096,64,all,first,0,2,52,24,24,write,1,0xc5e0000000340018,5,Work Request Flushed Error,0xf9,255,0,0x1244,2068055,0,0
main,rem_access,4096,64,all,first,0,2,52,25,25,write,1,0xc5e0000000340019,5,Work Request Flushed Error,0xf9,255,0,0x1244,2077410,0,0
main,rem_access,4096,64,all,first,0,2,52,26,26,write,1,0xc5e000000034001a,5,Work Request Flushed Error,0xf9,255,0,0x1244,2086871,0,0
main,rem_access,4096,64,all,first,0,2,52,27,27,write,1,0xc5e000000034001b,5,Work Request Flushed Error,0xf9,255,0,0x1244,2096260,0,0
main,rem_access,4096,64,all,first,0,2,52,28,28,write,1,0xc5e000000034001c,5,Work Request Flushed Error,0xf9,255,0,0x1244,2105885,0,0
main,rem_access,4096,64,all,first,0,2,52,29,29,write,1,0xc5e000000034001d,5,Work Request Flushed Error,0xf9,255,0,0x1244,2115332,0,0
main,rem_access,4096,64,all,first,0,2,52,30,30,write,1,0xc5e000000034001e,5,Work Request Flushed Error,0xf9,255,0,0x1244,2124678,0,0
main,rem_access,4096,64,all,first,0,2,52,31,31,write,1,0xc5e000000034001f,5,Work Request Flushed Error,0xf9,255,0,0x1244,2134006,0,0
main,rem_access,4096,64,all,first,0,2,52,32,32,write,1,0xc5e0000000340020,5,Work Request Flushed Error,0xf9,255,0,0x1244,2143307,0,0
main,rem_access,4096,64,all,first,0,2,52,33,33,write,1,0xc5e0000000340021,5,Work Request Flushed Error,0xf9,255,0,0x1244,2152770,0,0
main,rem_access,4096,64,all,first,0,2,52,34,34,write,1,0xc5e0000000340022,5,Work Request Flushed Error,0xf9,255,0,0x1244,2162189,0,0
main,rem_access,4096,64,all,first,0,2,52,35,35,write,1,0xc5e0000000340023,5,Work Request Flushed Error,0xf9,255,0,0x1244,2171628,0,0
main,rem_access,4096,64,all,first,0,2,52,36,36,write,1,0xc5e0000000340024,5,Work Request Flushed Error,0xf9,255,0,0x1244,2180997,0,0
main,rem_access,4096,64,all,first,0,2,52,37,37,write,1,0xc5e0000000340025,5,Work Request Flushed Error,0xf9,255,0,0x1244,2190401,0,0
main,rem_access,4096,64,all,first,0,2,52,38,38,write,1,0xc5e0000000340026,5,Work Request Flushed Error,0xf9,255,0,0x1244,2199835,0,0
main,rem_access,4096,64,all,first,0,2,52,39,39,write,1,0xc5e0000000340027,5,Work Request Flushed Error,0xf9,255,0,0x1244,2209438,0,0
main,rem_access,4096,64,all,first,0,2,52,40,40,write,1,0xc5e0000000340028,5,Work Request Flushed Error,0xf9,255,0,0x1244,2218814,0,0
main,rem_access,4096,64,all,first,0,2,52,41,41,write,1,0xc5e0000000340029,5,Work Request Flushed Error,0xf9,255,0,0x1244,2228249,0,0
main,rem_access,4096,64,all,first,0,2,52,42,42,write,1,0xc5e000000034002a,5,Work Request Flushed Error,0xf9,255,0,0x1244,2237640,0,0
main,rem_access,4096,64,all,first,0,2,52,43,43,write,1,0xc5e000000034002b,5,Work Request Flushed Error,0xf9,255,0,0x1244,2246985,0,0
main,rem_access,4096,64,all,first,0,2,52,44,44,write,1,0xc5e000000034002c,5,Work Request Flushed Error,0xf9,255,0,0x1244,2256673,0,0
main,rem_access,4096,64,all,first,0,2,52,45,45,write,1,0xc5e000000034002d,5,Work Request Flushed Error,0xf9,255,0,0x1244,2266046,0,0
main,rem_access,4096,64,all,first,0,2,52,46,46,write,1,0xc5e000000034002e,5,Work Request Flushed Error,0xf9,255,0,0x1244,2275522,0,0
main,rem_access,4096,64,all,first,0,2,52,47,47,write,1,0xc5e000000034002f,5,Work Request Flushed Error,0xf9,255,0,0x1244,2284950,0,0
main,rem_access,4096,64,all,first,0,2,52,48,48,write,1,0xc5e0000000340030,5,Work Request Flushed Error,0xf9,255,0,0x1244,2294366,0,0
main,rem_access,4096,64,all,first,0,2,52,49,49,write,1,0xc5e0000000340031,5,Work Request Flushed Error,0xf9,255,0,0x1244,2303887,0,0
main,rem_access,4096,64,all,first,0,2,52,50,50,write,1,0xc5e0000000340032,5,Work Request Flushed Error,0xf9,255,0,0x1244,2313229,0,0
main,rem_access,4096,64,all,first,0,2,52,51,51,write,1,0xc5e0000000340033,5,Work Request Flushed Error,0xf9,255,0,0x1244,2322661,0,0
main,rem_access,4096,64,all,first,0,2,52,52,52,write,1,0xc5e0000000340034,5,Work Request Flushed Error,0xf9,255,0,0x1244,2332087,0,0
main,rem_access,4096,64,all,first,0,2,52,53,53,write,1,0xc5e0000000340035,5,Work Request Flushed Error,0xf9,255,0,0x1244,2341376,0,0
main,rem_access,4096,64,all,first,0,2,52,54,54,write,1,0xc5e0000000340036,5,Work Request Flushed Error,0xf9,255,0,0x1244,2350837,0,0
main,rem_access,4096,64,all,first,0,2,52,55,55,write,1,0xc5e0000000340037,5,Work Request Flushed Error,0xf9,255,0,0x1244,2360306,0,0
main,rem_access,4096,64,all,first,0,2,52,56,56,write,1,0xc5e0000000340038,5,Work Request Flushed Error,0xf9,255,0,0x1244,2369702,0,0
main,rem_access,4096,64,all,first,0,2,52,57,57,write,1,0xc5e0000000340039,5,Work Request Flushed Error,0xf9,255,0,0x1244,2379058,0,0
main,rem_access,4096,64,all,first,0,2,52,58,58,write,1,0xc5e000000034003a,5,Work Request Flushed Error,0xf9,255,0,0x1244,2388439,0,0
main,rem_access,4096,64,all,first,0,2,52,59,59,write,1,0xc5e000000034003b,5,Work Request Flushed Error,0xf9,255,0,0x1244,2397878,0,0
main,rem_access,4096,64,all,first,0,2,52,60,60,write,1,0xc5e000000034003c,5,Work Request Flushed Error,0xf9,255,0,0x1244,2407439,0,0
main,rem_access,4096,64,all,first,0,2,52,61,61,write,1,0xc5e000000034003d,5,Work Request Flushed Error,0xf9,255,0,0x1244,2416843,0,0
main,rem_access,4096,64,all,first,0,2,52,62,62,write,1,0xc5e000000034003e,5,Work Request Flushed Error,0xf9,255,0,0x1244,2426233,0,0
main,rem_access,4096,64,all,first,0,2,52,63,63,write,1,0xc5e000000034003f,5,Work Request Flushed Error,0xf9,255,0,0x1244,2435698,0,0
main,rem_access,4096,64,all,first,0,3,53,0,0,oob_write,1,0xc5e0000000350000,10,remote access error,0x88,255,0,0x1244,1790650,0,0
main,rem_access,4096,64,all,first,0,3,53,1,1,write,1,0xc5e0000000350001,5,Work Request Flushed Error,0xf9,255,0,0x1244,1850807,0,0
main,rem_access,4096,64,all,first,0,3,53,2,2,write,1,0xc5e0000000350002,5,Work Request Flushed Error,0xf9,255,0,0x1244,1860603,0,0
main,rem_access,4096,64,all,first,0,3,53,3,3,write,1,0xc5e0000000350003,5,Work Request Flushed Error,0xf9,255,0,0x1244,1870215,0,0
main,rem_access,4096,64,all,first,0,3,53,4,4,write,1,0xc5e0000000350004,5,Work Request Flushed Error,0xf9,255,0,0x1244,1879645,0,0
main,rem_access,4096,64,all,first,0,3,53,5,5,write,1,0xc5e0000000350005,5,Work Request Flushed Error,0xf9,255,0,0x1244,1889195,0,0
main,rem_access,4096,64,all,first,0,3,53,6,6,write,1,0xc5e0000000350006,5,Work Request Flushed Error,0xf9,255,0,0x1244,1898659,0,0
main,rem_access,4096,64,all,first,0,3,53,7,7,write,1,0xc5e0000000350007,5,Work Request Flushed Error,0xf9,255,0,0x1244,1908162,0,0
main,rem_access,4096,64,all,first,0,3,53,8,8,write,1,0xc5e0000000350008,5,Work Request Flushed Error,0xf9,255,0,0x1244,1917600,0,0
main,rem_access,4096,64,all,first,0,3,53,9,9,write,1,0xc5e0000000350009,5,Work Request Flushed Error,0xf9,255,0,0x1244,1927121,0,0
main,rem_access,4096,64,all,first,0,3,53,10,10,write,1,0xc5e000000035000a,5,Work Request Flushed Error,0xf9,255,0,0x1244,1936494,0,0
main,rem_access,4096,64,all,first,0,3,53,11,11,write,1,0xc5e000000035000b,5,Work Request Flushed Error,0xf9,255,0,0x1244,1945873,0,0
main,rem_access,4096,64,all,first,0,3,53,12,12,write,1,0xc5e000000035000c,5,Work Request Flushed Error,0xf9,255,0,0x1244,1955328,0,0
main,rem_access,4096,64,all,first,0,3,53,13,13,write,1,0xc5e000000035000d,5,Work Request Flushed Error,0xf9,255,0,0x1244,1964752,0,0
main,rem_access,4096,64,all,first,0,3,53,14,14,write,1,0xc5e000000035000e,5,Work Request Flushed Error,0xf9,255,0,0x1244,1974213,0,0
main,rem_access,4096,64,all,first,0,3,53,15,15,write,1,0xc5e000000035000f,5,Work Request Flushed Error,0xf9,255,0,0x1244,1983560,0,0
main,rem_access,4096,64,all,first,0,3,53,16,16,write,1,0xc5e0000000350010,5,Work Request Flushed Error,0xf9,255,0,0x1244,1992924,0,0
main,rem_access,4096,64,all,first,0,3,53,17,17,write,1,0xc5e0000000350011,5,Work Request Flushed Error,0xf9,255,0,0x1244,2002347,0,0
main,rem_access,4096,64,all,first,0,3,53,18,18,write,1,0xc5e0000000350012,5,Work Request Flushed Error,0xf9,255,0,0x1244,2011692,0,0
main,rem_access,4096,64,all,first,0,3,53,19,19,write,1,0xc5e0000000350013,5,Work Request Flushed Error,0xf9,255,0,0x1244,2021070,0,0
main,rem_access,4096,64,all,first,0,3,53,20,20,write,1,0xc5e0000000350014,5,Work Request Flushed Error,0xf9,255,0,0x1244,2030451,0,0
main,rem_access,4096,64,all,first,0,3,53,21,21,write,1,0xc5e0000000350015,5,Work Request Flushed Error,0xf9,255,0,0x1244,2039880,0,0
main,rem_access,4096,64,all,first,0,3,53,22,22,write,1,0xc5e0000000350016,5,Work Request Flushed Error,0xf9,255,0,0x1244,2049275,0,0
main,rem_access,4096,64,all,first,0,3,53,23,23,write,1,0xc5e0000000350017,5,Work Request Flushed Error,0xf9,255,0,0x1244,2058833,0,0
main,rem_access,4096,64,all,first,0,3,53,24,24,write,1,0xc5e0000000350018,5,Work Request Flushed Error,0xf9,255,0,0x1244,2068226,0,0
main,rem_access,4096,64,all,first,0,3,53,25,25,write,1,0xc5e0000000350019,5,Work Request Flushed Error,0xf9,255,0,0x1244,2077617,0,0
main,rem_access,4096,64,all,first,0,3,53,26,26,write,1,0xc5e000000035001a,5,Work Request Flushed Error,0xf9,255,0,0x1244,2086963,0,0
main,rem_access,4096,64,all,first,0,3,53,27,27,write,1,0xc5e000000035001b,5,Work Request Flushed Error,0xf9,255,0,0x1244,2096335,0,0
main,rem_access,4096,64,all,first,0,3,53,28,28,write,1,0xc5e000000035001c,5,Work Request Flushed Error,0xf9,255,0,0x1244,2105857,0,0
main,rem_access,4096,64,all,first,0,3,53,29,29,write,1,0xc5e000000035001d,5,Work Request Flushed Error,0xf9,255,0,0x1244,2115240,0,0
main,rem_access,4096,64,all,first,0,3,53,30,30,write,1,0xc5e000000035001e,5,Work Request Flushed Error,0xf9,255,0,0x1244,2124650,0,0
main,rem_access,4096,64,all,first,0,3,53,31,31,write,1,0xc5e000000035001f,5,Work Request Flushed Error,0xf9,255,0,0x1244,2134043,0,0
main,rem_access,4096,64,all,first,0,3,53,32,32,write,1,0xc5e0000000350020,5,Work Request Flushed Error,0xf9,255,0,0x1244,2143402,0,0
main,rem_access,4096,64,all,first,0,3,53,33,33,write,1,0xc5e0000000350021,5,Work Request Flushed Error,0xf9,255,0,0x1244,2152892,0,0
main,rem_access,4096,64,all,first,0,3,53,34,34,write,1,0xc5e0000000350022,5,Work Request Flushed Error,0xf9,255,0,0x1244,2162269,0,0
main,rem_access,4096,64,all,first,0,3,53,35,35,write,1,0xc5e0000000350023,5,Work Request Flushed Error,0xf9,255,0,0x1244,2171641,0,0
main,rem_access,4096,64,all,first,0,3,53,36,36,write,1,0xc5e0000000350024,5,Work Request Flushed Error,0xf9,255,0,0x1244,2181023,0,0
main,rem_access,4096,64,all,first,0,3,53,37,37,write,1,0xc5e0000000350025,5,Work Request Flushed Error,0xf9,255,0,0x1244,2190427,0,0
main,rem_access,4096,64,all,first,0,3,53,38,38,write,1,0xc5e0000000350026,5,Work Request Flushed Error,0xf9,255,0,0x1244,2199920,0,0
main,rem_access,4096,64,all,first,0,3,53,39,39,write,1,0xc5e0000000350027,5,Work Request Flushed Error,0xf9,255,0,0x1244,2209421,0,0
main,rem_access,4096,64,all,first,0,3,53,40,40,write,1,0xc5e0000000350028,5,Work Request Flushed Error,0xf9,255,0,0x1244,2218815,0,0
main,rem_access,4096,64,all,first,0,3,53,41,41,write,1,0xc5e0000000350029,5,Work Request Flushed Error,0xf9,255,0,0x1244,2228183,0,0
main,rem_access,4096,64,all,first,0,3,53,42,42,write,1,0xc5e000000035002a,5,Work Request Flushed Error,0xf9,255,0,0x1244,2237540,0,0
main,rem_access,4096,64,all,first,0,3,53,43,43,write,1,0xc5e000000035002b,5,Work Request Flushed Error,0xf9,255,0,0x1244,2246915,0,0
main,rem_access,4096,64,all,first,0,3,53,44,44,write,1,0xc5e000000035002c,5,Work Request Flushed Error,0xf9,255,0,0x1244,2256364,0,0
main,rem_access,4096,64,all,first,0,3,53,45,45,write,1,0xc5e000000035002d,5,Work Request Flushed Error,0xf9,255,0,0x1244,2265744,0,0
main,rem_access,4096,64,all,first,0,3,53,46,46,write,1,0xc5e000000035002e,5,Work Request Flushed Error,0xf9,255,0,0x1244,2275156,0,0
main,rem_access,4096,64,all,first,0,3,53,47,47,write,1,0xc5e000000035002f,5,Work Request Flushed Error,0xf9,255,0,0x1244,2284555,0,0
main,rem_access,4096,64,all,first,0,3,53,48,48,write,1,0xc5e0000000350030,5,Work Request Flushed Error,0xf9,255,0,0x1244,2293941,0,0
main,rem_access,4096,64,all,first,0,3,53,49,49,write,1,0xc5e0000000350031,5,Work Request Flushed Error,0xf9,255,0,0x1244,2303411,0,0
main,rem_access,4096,64,all,first,0,3,53,50,50,write,1,0xc5e0000000350032,5,Work Request Flushed Error,0xf9,255,0,0x1244,2312891,0,0
main,rem_access,4096,64,all,first,0,3,53,51,51,write,1,0xc5e0000000350033,5,Work Request Flushed Error,0xf9,255,0,0x1244,2322303,0,0
main,rem_access,4096,64,all,first,0,3,53,52,52,write,1,0xc5e0000000350034,5,Work Request Flushed Error,0xf9,255,0,0x1244,2331703,0,0
main,rem_access,4096,64,all,first,0,3,53,53,53,write,1,0xc5e0000000350035,5,Work Request Flushed Error,0xf9,255,0,0x1244,2341167,0,0
main,rem_access,4096,64,all,first,0,3,53,54,54,write,1,0xc5e0000000350036,5,Work Request Flushed Error,0xf9,255,0,0x1244,2350534,0,0
main,rem_access,4096,64,all,first,0,3,53,55,55,write,1,0xc5e0000000350037,5,Work Request Flushed Error,0xf9,255,0,0x1244,2360062,0,0
main,rem_access,4096,64,all,first,0,3,53,56,56,write,1,0xc5e0000000350038,5,Work Request Flushed Error,0xf9,255,0,0x1244,2369416,0,0
main,rem_access,4096,64,all,first,0,3,53,57,57,write,1,0xc5e0000000350039,5,Work Request Flushed Error,0xf9,255,0,0x1244,2378800,0,0
main,rem_access,4096,64,all,first,0,3,53,58,58,write,1,0xc5e000000035003a,5,Work Request Flushed Error,0xf9,255,0,0x1244,2388211,0,0
main,rem_access,4096,64,all,first,0,3,53,59,59,write,1,0xc5e000000035003b,5,Work Request Flushed Error,0xf9,255,0,0x1244,2397603,0,0
main,rem_access,4096,64,all,first,0,3,53,60,60,write,1,0xc5e000000035003c,5,Work Request Flushed Error,0xf9,255,0,0x1244,2407187,0,0
main,rem_access,4096,64,all,first,0,3,53,61,61,write,1,0xc5e000000035003d,5,Work Request Flushed Error,0xf9,255,0,0x1244,2416646,0,0
main,rem_access,4096,64,all,first,0,3,53,62,62,write,1,0xc5e000000035003e,5,Work Request Flushed Error,0xf9,255,0,0x1244,2426063,0,0
main,rem_access,4096,64,all,first,0,3,53,63,63,write,1,0xc5e000000035003f,5,Work Request Flushed Error,0xf9,255,0,0x1244,2435467,0,0
main,rem_access,4096,64,all,first,0,4,54,0,0,oob_write,1,0xc5e0000000360000,10,remote access error,0x88,255,0,0x1244,1773966,0,0
main,rem_access,4096,64,all,first,0,4,54,1,1,write,1,0xc5e0000000360001,5,Work Request Flushed Error,0xf9,255,0,0x1244,1833258,0,0
main,rem_access,4096,64,all,first,0,4,54,2,2,write,1,0xc5e0000000360002,5,Work Request Flushed Error,0xf9,255,0,0x1244,1842695,0,0
main,rem_access,4096,64,all,first,0,4,54,3,3,write,1,0xc5e0000000360003,5,Work Request Flushed Error,0xf9,255,0,0x1244,1852197,0,0
main,rem_access,4096,64,all,first,0,4,54,4,4,write,1,0xc5e0000000360004,5,Work Request Flushed Error,0xf9,255,0,0x1244,1861567,0,0
main,rem_access,4096,64,all,first,0,4,54,5,5,write,1,0xc5e0000000360005,5,Work Request Flushed Error,0xf9,255,0,0x1244,1870925,0,0
main,rem_access,4096,64,all,first,0,4,54,6,6,write,1,0xc5e0000000360006,5,Work Request Flushed Error,0xf9,255,0,0x1244,1880251,0,0
main,rem_access,4096,64,all,first,0,4,54,7,7,write,1,0xc5e0000000360007,5,Work Request Flushed Error,0xf9,255,0,0x1244,1889543,0,0
main,rem_access,4096,64,all,first,0,4,54,8,8,write,1,0xc5e0000000360008,5,Work Request Flushed Error,0xf9,255,0,0x1244,1898900,0,0
main,rem_access,4096,64,all,first,0,4,54,9,9,write,1,0xc5e0000000360009,5,Work Request Flushed Error,0xf9,255,0,0x1244,1908269,0,0
main,rem_access,4096,64,all,first,0,4,54,10,10,write,1,0xc5e000000036000a,5,Work Request Flushed Error,0xf9,255,0,0x1244,1917595,0,0
main,rem_access,4096,64,all,first,0,4,54,11,11,write,1,0xc5e000000036000b,5,Work Request Flushed Error,0xf9,255,0,0x1244,1926930,0,0
main,rem_access,4096,64,all,first,0,4,54,12,12,write,1,0xc5e000000036000c,5,Work Request Flushed Error,0xf9,255,0,0x1244,1936224,0,0
main,rem_access,4096,64,all,first,0,4,54,13,13,write,1,0xc5e000000036000d,5,Work Request Flushed Error,0xf9,255,0,0x1244,1945580,0,0
main,rem_access,4096,64,all,first,0,4,54,14,14,write,1,0xc5e000000036000e,5,Work Request Flushed Error,0xf9,255,0,0x1244,1955120,0,0
main,rem_access,4096,64,all,first,0,4,54,15,15,write,1,0xc5e000000036000f,5,Work Request Flushed Error,0xf9,255,0,0x1244,1964414,0,0
main,rem_access,4096,64,all,first,0,4,54,16,16,write,1,0xc5e0000000360010,5,Work Request Flushed Error,0xf9,255,0,0x1244,1973732,0,0
main,rem_access,4096,64,all,first,0,4,54,17,17,write,1,0xc5e0000000360011,5,Work Request Flushed Error,0xf9,255,0,0x1244,1983008,0,0
main,rem_access,4096,64,all,first,0,4,54,18,18,write,1,0xc5e0000000360012,5,Work Request Flushed Error,0xf9,255,0,0x1244,1992312,0,0
main,rem_access,4096,64,all,first,0,4,54,19,19,write,1,0xc5e0000000360013,5,Work Request Flushed Error,0xf9,255,0,0x1244,2001728,0,0
main,rem_access,4096,64,all,first,0,4,54,20,20,write,1,0xc5e0000000360014,5,Work Request Flushed Error,0xf9,255,0,0x1244,2011023,0,0
main,rem_access,4096,64,all,first,0,4,54,21,21,write,1,0xc5e0000000360015,5,Work Request Flushed Error,0xf9,255,0,0x1244,2020287,0,0
main,rem_access,4096,64,all,first,0,4,54,22,22,write,1,0xc5e0000000360016,5,Work Request Flushed Error,0xf9,255,0,0x1244,2029611,0,0
main,rem_access,4096,64,all,first,0,4,54,23,23,write,1,0xc5e0000000360017,5,Work Request Flushed Error,0xf9,255,0,0x1244,2038945,0,0
main,rem_access,4096,64,all,first,0,4,54,24,24,write,1,0xc5e0000000360018,5,Work Request Flushed Error,0xf9,255,0,0x1244,2048449,0,0
main,rem_access,4096,64,all,first,0,4,54,25,25,write,1,0xc5e0000000360019,5,Work Request Flushed Error,0xf9,255,0,0x1244,2057953,0,0
main,rem_access,4096,64,all,first,0,4,54,26,26,write,1,0xc5e000000036001a,5,Work Request Flushed Error,0xf9,255,0,0x1244,2067238,0,0
main,rem_access,4096,64,all,first,0,4,54,27,27,write,1,0xc5e000000036001b,5,Work Request Flushed Error,0xf9,255,0,0x1244,2076553,0,0
main,rem_access,4096,64,all,first,0,4,54,28,28,write,1,0xc5e000000036001c,5,Work Request Flushed Error,0xf9,255,0,0x1244,2085861,0,0
main,rem_access,4096,64,all,first,0,4,54,29,29,write,1,0xc5e000000036001d,5,Work Request Flushed Error,0xf9,255,0,0x1244,2095258,0,0
main,rem_access,4096,64,all,first,0,4,54,30,30,write,1,0xc5e000000036001e,5,Work Request Flushed Error,0xf9,255,0,0x1244,2104715,0,0
main,rem_access,4096,64,all,first,0,4,54,31,31,write,1,0xc5e000000036001f,5,Work Request Flushed Error,0xf9,255,0,0x1244,2113999,0,0
main,rem_access,4096,64,all,first,0,4,54,32,32,write,1,0xc5e0000000360020,5,Work Request Flushed Error,0xf9,255,0,0x1244,2123262,0,0
main,rem_access,4096,64,all,first,0,4,54,33,33,write,1,0xc5e0000000360021,5,Work Request Flushed Error,0xf9,255,0,0x1244,2132537,0,0
main,rem_access,4096,64,all,first,0,4,54,34,34,write,1,0xc5e0000000360022,5,Work Request Flushed Error,0xf9,255,0,0x1244,2141854,0,0
main,rem_access,4096,64,all,first,0,4,54,35,35,write,1,0xc5e0000000360023,5,Work Request Flushed Error,0xf9,255,0,0x1244,2151175,0,0
main,rem_access,4096,64,all,first,0,4,54,36,36,write,1,0xc5e0000000360024,5,Work Request Flushed Error,0xf9,255,0,0x1244,2160523,0,0
main,rem_access,4096,64,all,first,0,4,54,37,37,write,1,0xc5e0000000360025,5,Work Request Flushed Error,0xf9,255,0,0x1244,2169848,0,0
main,rem_access,4096,64,all,first,0,4,54,38,38,write,1,0xc5e0000000360026,5,Work Request Flushed Error,0xf9,255,0,0x1244,2179178,0,0
main,rem_access,4096,64,all,first,0,4,54,39,39,write,1,0xc5e0000000360027,5,Work Request Flushed Error,0xf9,255,0,0x1244,2188451,0,0
main,rem_access,4096,64,all,first,0,4,54,40,40,write,1,0xc5e0000000360028,5,Work Request Flushed Error,0xf9,255,0,0x1244,2197811,0,0
main,rem_access,4096,64,all,first,0,4,54,41,41,write,1,0xc5e0000000360029,5,Work Request Flushed Error,0xf9,255,0,0x1244,2207162,0,0
main,rem_access,4096,64,all,first,0,4,54,42,42,write,1,0xc5e000000036002a,5,Work Request Flushed Error,0xf9,255,0,0x1244,2216447,0,0
main,rem_access,4096,64,all,first,0,4,54,43,43,write,1,0xc5e000000036002b,5,Work Request Flushed Error,0xf9,255,0,0x1244,2225751,0,0
main,rem_access,4096,64,all,first,0,4,54,44,44,write,1,0xc5e000000036002c,5,Work Request Flushed Error,0xf9,255,0,0x1244,2235086,0,0
main,rem_access,4096,64,all,first,0,4,54,45,45,write,1,0xc5e000000036002d,5,Work Request Flushed Error,0xf9,255,0,0x1244,2244421,0,0
main,rem_access,4096,64,all,first,0,4,54,46,46,write,1,0xc5e000000036002e,5,Work Request Flushed Error,0xf9,255,0,0x1244,2253793,0,0
main,rem_access,4096,64,all,first,0,4,54,47,47,write,1,0xc5e000000036002f,5,Work Request Flushed Error,0xf9,255,0,0x1244,2263072,0,0
main,rem_access,4096,64,all,first,0,4,54,48,48,write,1,0xc5e0000000360030,5,Work Request Flushed Error,0xf9,255,0,0x1244,2272364,0,0
main,rem_access,4096,64,all,first,0,4,54,49,49,write,1,0xc5e0000000360031,5,Work Request Flushed Error,0xf9,255,0,0x1244,2281602,0,0
main,rem_access,4096,64,all,first,0,4,54,50,50,write,1,0xc5e0000000360032,5,Work Request Flushed Error,0xf9,255,0,0x1244,2290904,0,0
main,rem_access,4096,64,all,first,0,4,54,51,51,write,1,0xc5e0000000360033,5,Work Request Flushed Error,0xf9,255,0,0x1244,2300259,0,0
main,rem_access,4096,64,all,first,0,4,54,52,52,write,1,0xc5e0000000360034,5,Work Request Flushed Error,0xf9,255,0,0x1244,2309565,0,0
main,rem_access,4096,64,all,first,0,4,54,53,53,write,1,0xc5e0000000360035,5,Work Request Flushed Error,0xf9,255,0,0x1244,2318868,0,0
main,rem_access,4096,64,all,first,0,4,54,54,54,write,1,0xc5e0000000360036,5,Work Request Flushed Error,0xf9,255,0,0x1244,2328129,0,0
main,rem_access,4096,64,all,first,0,4,54,55,55,write,1,0xc5e0000000360037,5,Work Request Flushed Error,0xf9,255,0,0x1244,2337461,0,0
main,rem_access,4096,64,all,first,0,4,54,56,56,write,1,0xc5e0000000360038,5,Work Request Flushed Error,0xf9,255,0,0x1244,2346828,0,0
main,rem_access,4096,64,all,first,0,4,54,57,57,write,1,0xc5e0000000360039,5,Work Request Flushed Error,0xf9,255,0,0x1244,2356240,0,0
main,rem_access,4096,64,all,first,0,4,54,58,58,write,1,0xc5e000000036003a,5,Work Request Flushed Error,0xf9,255,0,0x1244,2365541,0,0
main,rem_access,4096,64,all,first,0,4,54,59,59,write,1,0xc5e000000036003b,5,Work Request Flushed Error,0xf9,255,0,0x1244,2374824,0,0
main,rem_access,4096,64,all,first,0,4,54,60,60,write,1,0xc5e000000036003c,5,Work Request Flushed Error,0xf9,255,0,0x1244,2384133,0,0
main,rem_access,4096,64,all,first,0,4,54,61,61,write,1,0xc5e000000036003d,5,Work Request Flushed Error,0xf9,255,0,0x1244,2393422,0,0
main,rem_access,4096,64,all,first,0,4,54,62,62,write,1,0xc5e000000036003e,5,Work Request Flushed Error,0xf9,255,0,0x1244,2402793,0,0
main,rem_access,4096,64,all,first,0,4,54,63,63,write,1,0xc5e000000036003f,5,Work Request Flushed Error,0xf9,255,0,0x1244,2412162,0,0
main,rem_access,4096,64,all,middle,32,0,55,0,0,write,1,0xc5e0000000370000,0,success,0x0,1,0,0x1244,5946,0,0
main,rem_access,4096,64,all,middle,32,0,55,1,1,write,1,0xc5e0000000370001,0,success,0x0,1,0,0x1244,6250,0,0
main,rem_access,4096,64,all,middle,32,0,55,2,2,write,1,0xc5e0000000370002,0,success,0x0,1,0,0x1244,7053,0,0
main,rem_access,4096,64,all,middle,32,0,55,3,3,write,1,0xc5e0000000370003,0,success,0x0,1,0,0x1244,7121,0,0
main,rem_access,4096,64,all,middle,32,0,55,4,4,write,1,0xc5e0000000370004,0,success,0x0,1,0,0x1244,7254,0,0
main,rem_access,4096,64,all,middle,32,0,55,5,5,write,1,0xc5e0000000370005,0,success,0x0,1,0,0x1244,7590,0,0
main,rem_access,4096,64,all,middle,32,0,55,6,6,write,1,0xc5e0000000370006,0,success,0x0,1,0,0x1244,7918,0,0
main,rem_access,4096,64,all,middle,32,0,55,7,7,write,1,0xc5e0000000370007,0,success,0x0,1,0,0x1244,8247,0,0
main,rem_access,4096,64,all,middle,32,0,55,8,8,write,1,0xc5e0000000370008,0,success,0x0,1,0,0x1244,8604,0,0
main,rem_access,4096,64,all,middle,32,0,55,9,9,write,1,0xc5e0000000370009,0,success,0x0,1,0,0x1244,8920,0,0
main,rem_access,4096,64,all,middle,32,0,55,10,10,write,1,0xc5e000000037000a,0,success,0x0,1,0,0x1244,9254,0,0
main,rem_access,4096,64,all,middle,32,0,55,11,11,write,1,0xc5e000000037000b,0,success,0x0,1,0,0x1244,9605,0,0
main,rem_access,4096,64,all,middle,32,0,55,12,12,write,1,0xc5e000000037000c,0,success,0x0,1,0,0x1244,9935,0,0
main,rem_access,4096,64,all,middle,32,0,55,13,13,write,1,0xc5e000000037000d,0,success,0x0,1,0,0x1244,10260,0,0
main,rem_access,4096,64,all,middle,32,0,55,14,14,write,1,0xc5e000000037000e,0,success,0x0,1,0,0x1244,10602,0,0
main,rem_access,4096,64,all,middle,32,0,55,15,15,write,1,0xc5e000000037000f,0,success,0x0,1,0,0x1244,10926,0,0
main,rem_access,4096,64,all,middle,32,0,55,16,16,write,1,0xc5e0000000370010,0,success,0x0,1,0,0x1244,11297,0,0
main,rem_access,4096,64,all,middle,32,0,55,17,17,write,1,0xc5e0000000370011,0,success,0x0,1,0,0x1244,11600,0,0
main,rem_access,4096,64,all,middle,32,0,55,18,18,write,1,0xc5e0000000370012,0,success,0x0,1,0,0x1244,11930,0,0
main,rem_access,4096,64,all,middle,32,0,55,19,19,write,1,0xc5e0000000370013,0,success,0x0,1,0,0x1244,12270,0,0
main,rem_access,4096,64,all,middle,32,0,55,20,20,write,1,0xc5e0000000370014,0,success,0x0,1,0,0x1244,12622,0,0
main,rem_access,4096,64,all,middle,32,0,55,21,21,write,1,0xc5e0000000370015,0,success,0x0,1,0,0x1244,12939,0,0
main,rem_access,4096,64,all,middle,32,0,55,22,22,write,1,0xc5e0000000370016,0,success,0x0,1,0,0x1244,13270,0,0
main,rem_access,4096,64,all,middle,32,0,55,23,23,write,1,0xc5e0000000370017,0,success,0x0,1,0,0x1244,13602,0,0
main,rem_access,4096,64,all,middle,32,0,55,24,24,write,1,0xc5e0000000370018,0,success,0x0,1,0,0x1244,13962,0,0
main,rem_access,4096,64,all,middle,32,0,55,25,25,write,1,0xc5e0000000370019,0,success,0x0,1,0,0x1244,14284,0,0
main,rem_access,4096,64,all,middle,32,0,55,26,26,write,1,0xc5e000000037001a,0,success,0x0,1,0,0x1244,14625,0,0
main,rem_access,4096,64,all,middle,32,0,55,27,27,write,1,0xc5e000000037001b,0,success,0x0,1,0,0x1244,14962,0,0
main,rem_access,4096,64,all,middle,32,0,55,28,28,write,1,0xc5e000000037001c,0,success,0x0,1,0,0x1244,15285,0,0
main,rem_access,4096,64,all,middle,32,0,55,29,29,write,1,0xc5e000000037001d,0,success,0x0,1,0,0x1244,15631,0,0
main,rem_access,4096,64,all,middle,32,0,55,30,30,write,1,0xc5e000000037001e,0,success,0x0,1,0,0x1244,16195,0,0
main,rem_access,4096,64,all,middle,32,0,55,31,31,write,1,0xc5e000000037001f,0,success,0x0,1,0,0x1244,16299,0,0
main,rem_access,4096,64,all,middle,32,0,55,32,32,oob_write,1,0xc5e0000000370020,10,remote access error,0x88,255,0,0x1244,1776779,0,0
main,rem_access,4096,64,all,middle,32,0,55,33,33,write,1,0xc5e0000000370021,5,Work Request Flushed Error,0xf9,255,0,0x1244,1835748,0,0
main,rem_access,4096,64,all,middle,32,0,55,34,34,write,1,0xc5e0000000370022,5,Work Request Flushed Error,0xf9,255,0,0x1244,1845236,0,0
main,rem_access,4096,64,all,middle,32,0,55,35,35,write,1,0xc5e0000000370023,5,Work Request Flushed Error,0xf9,255,0,0x1244,1854686,0,0
main,rem_access,4096,64,all,middle,32,0,55,36,36,write,1,0xc5e0000000370024,5,Work Request Flushed Error,0xf9,255,0,0x1244,1864046,0,0
main,rem_access,4096,64,all,middle,32,0,55,37,37,write,1,0xc5e0000000370025,5,Work Request Flushed Error,0xf9,255,0,0x1244,1873511,0,0
main,rem_access,4096,64,all,middle,32,0,55,38,38,write,1,0xc5e0000000370026,5,Work Request Flushed Error,0xf9,255,0,0x1244,1882836,0,0
main,rem_access,4096,64,all,middle,32,0,55,39,39,write,1,0xc5e0000000370027,5,Work Request Flushed Error,0xf9,255,0,0x1244,1892120,0,0
main,rem_access,4096,64,all,middle,32,0,55,40,40,write,1,0xc5e0000000370028,5,Work Request Flushed Error,0xf9,255,0,0x1244,1901449,0,0
main,rem_access,4096,64,all,middle,32,0,55,41,41,write,1,0xc5e0000000370029,5,Work Request Flushed Error,0xf9,255,0,0x1244,1910745,0,0
main,rem_access,4096,64,all,middle,32,0,55,42,42,write,1,0xc5e000000037002a,5,Work Request Flushed Error,0xf9,255,0,0x1244,1920177,0,0
main,rem_access,4096,64,all,middle,32,0,55,43,43,write,1,0xc5e000000037002b,5,Work Request Flushed Error,0xf9,255,0,0x1244,1929473,0,0
main,rem_access,4096,64,all,middle,32,0,55,44,44,write,1,0xc5e000000037002c,5,Work Request Flushed Error,0xf9,255,0,0x1244,1938779,0,0
main,rem_access,4096,64,all,middle,32,0,55,45,45,write,1,0xc5e000000037002d,5,Work Request Flushed Error,0xf9,255,0,0x1244,1948046,0,0
main,rem_access,4096,64,all,middle,32,0,55,46,46,write,1,0xc5e000000037002e,5,Work Request Flushed Error,0xf9,255,0,0x1244,1957366,0,0
main,rem_access,4096,64,all,middle,32,0,55,47,47,write,1,0xc5e000000037002f,5,Work Request Flushed Error,0xf9,255,0,0x1244,1966693,0,0
main,rem_access,4096,64,all,middle,32,0,55,48,48,write,1,0xc5e0000000370030,5,Work Request Flushed Error,0xf9,255,0,0x1244,1976103,0,0
main,rem_access,4096,64,all,middle,32,0,55,49,49,write,1,0xc5e0000000370031,5,Work Request Flushed Error,0xf9,255,0,0x1244,1985385,0,0
main,rem_access,4096,64,all,middle,32,0,55,50,50,write,1,0xc5e0000000370032,5,Work Request Flushed Error,0xf9,255,0,0x1244,1994660,0,0
main,rem_access,4096,64,all,middle,32,0,55,51,51,write,1,0xc5e0000000370033,5,Work Request Flushed Error,0xf9,255,0,0x1244,2003941,0,0
main,rem_access,4096,64,all,middle,32,0,55,52,52,write,1,0xc5e0000000370034,5,Work Request Flushed Error,0xf9,255,0,0x1244,2013210,0,0
main,rem_access,4096,64,all,middle,32,0,55,53,53,write,1,0xc5e0000000370035,5,Work Request Flushed Error,0xf9,255,0,0x1244,2022621,0,0
main,rem_access,4096,64,all,middle,32,0,55,54,54,write,1,0xc5e0000000370036,5,Work Request Flushed Error,0xf9,255,0,0x1244,2031938,0,0
main,rem_access,4096,64,all,middle,32,0,55,55,55,write,1,0xc5e0000000370037,5,Work Request Flushed Error,0xf9,255,0,0x1244,2041191,0,0
main,rem_access,4096,64,all,middle,32,0,55,56,56,write,1,0xc5e0000000370038,5,Work Request Flushed Error,0xf9,255,0,0x1244,2050510,0,0
main,rem_access,4096,64,all,middle,32,0,55,57,57,write,1,0xc5e0000000370039,5,Work Request Flushed Error,0xf9,255,0,0x1244,2059820,0,0
main,rem_access,4096,64,all,middle,32,0,55,58,58,write,1,0xc5e000000037003a,5,Work Request Flushed Error,0xf9,255,0,0x1244,2069254,0,0
main,rem_access,4096,64,all,middle,32,0,55,59,59,write,1,0xc5e000000037003b,5,Work Request Flushed Error,0xf9,255,0,0x1244,2078604,0,0
main,rem_access,4096,64,all,middle,32,0,55,60,60,write,1,0xc5e000000037003c,5,Work Request Flushed Error,0xf9,255,0,0x1244,2087929,0,0
main,rem_access,4096,64,all,middle,32,0,55,61,61,write,1,0xc5e000000037003d,5,Work Request Flushed Error,0xf9,255,0,0x1244,2097241,0,0
main,rem_access,4096,64,all,middle,32,0,55,62,62,write,1,0xc5e000000037003e,5,Work Request Flushed Error,0xf9,255,0,0x1244,2106524,0,0
main,rem_access,4096,64,all,middle,32,0,55,63,63,write,1,0xc5e000000037003f,5,Work Request Flushed Error,0xf9,255,0,0x1244,2115791,0,0
main,rem_access,4096,64,all,middle,32,1,56,0,0,write,1,0xc5e0000000380000,0,success,0x0,1,0,0x1244,5965,0,0
main,rem_access,4096,64,all,middle,32,1,56,1,1,write,1,0xc5e0000000380001,0,success,0x0,1,0,0x1244,6282,0,0
main,rem_access,4096,64,all,middle,32,1,56,2,2,write,1,0xc5e0000000380002,0,success,0x0,1,0,0x1244,6535,0,0
main,rem_access,4096,64,all,middle,32,1,56,3,3,write,1,0xc5e0000000380003,0,success,0x0,1,0,0x1244,6893,0,0
main,rem_access,4096,64,all,middle,32,1,56,4,4,write,1,0xc5e0000000380004,0,success,0x0,1,0,0x1244,7340,0,0
main,rem_access,4096,64,all,middle,32,1,56,5,5,write,1,0xc5e0000000380005,0,success,0x0,1,0,0x1244,7550,0,0
main,rem_access,4096,64,all,middle,32,1,56,6,6,write,1,0xc5e0000000380006,0,success,0x0,1,0,0x1244,7901,0,0
main,rem_access,4096,64,all,middle,32,1,56,7,7,write,1,0xc5e0000000380007,0,success,0x0,1,0,0x1244,8221,0,0
main,rem_access,4096,64,all,middle,32,1,56,8,8,write,1,0xc5e0000000380008,0,success,0x0,1,0,0x1244,8576,0,0
main,rem_access,4096,64,all,middle,32,1,56,9,9,write,1,0xc5e0000000380009,0,success,0x0,1,0,0x1244,8910,0,0
main,rem_access,4096,64,all,middle,32,1,56,10,10,write,1,0xc5e000000038000a,0,success,0x0,1,0,0x1244,9240,0,0
main,rem_access,4096,64,all,middle,32,1,56,11,11,write,1,0xc5e000000038000b,0,success,0x0,1,0,0x1244,9556,0,0
main,rem_access,4096,64,all,middle,32,1,56,12,12,write,1,0xc5e000000038000c,0,success,0x0,1,0,0x1244,9888,0,0
main,rem_access,4096,64,all,middle,32,1,56,13,13,write,1,0xc5e000000038000d,0,success,0x0,1,0,0x1244,10238,0,0
main,rem_access,4096,64,all,middle,32,1,56,14,14,write,1,0xc5e000000038000e,0,success,0x0,1,0,0x1244,10589,0,0
main,rem_access,4096,64,all,middle,32,1,56,15,15,write,1,0xc5e000000038000f,0,success,0x0,1,0,0x1244,10904,0,0
main,rem_access,4096,64,all,middle,32,1,56,16,16,write,1,0xc5e0000000380010,0,success,0x0,1,0,0x1244,11260,0,0
main,rem_access,4096,64,all,middle,32,1,56,17,17,write,1,0xc5e0000000380011,0,success,0x0,1,0,0x1244,11569,0,0
main,rem_access,4096,64,all,middle,32,1,56,18,18,write,1,0xc5e0000000380012,0,success,0x0,1,0,0x1244,11903,0,0
main,rem_access,4096,64,all,middle,32,1,56,19,19,write,1,0xc5e0000000380013,0,success,0x0,1,0,0x1244,12236,0,0
main,rem_access,4096,64,all,middle,32,1,56,20,20,write,1,0xc5e0000000380014,0,success,0x0,1,0,0x1244,12582,0,0
main,rem_access,4096,64,all,middle,32,1,56,21,21,write,1,0xc5e0000000380015,0,success,0x0,1,0,0x1244,12919,0,0
main,rem_access,4096,64,all,middle,32,1,56,22,22,write,1,0xc5e0000000380016,0,success,0x0,1,0,0x1244,13231,0,0
main,rem_access,4096,64,all,middle,32,1,56,23,23,write,1,0xc5e0000000380017,0,success,0x0,1,0,0x1244,13569,0,0
main,rem_access,4096,64,all,middle,32,1,56,24,24,write,1,0xc5e0000000380018,0,success,0x0,1,0,0x1244,13910,0,0
main,rem_access,4096,64,all,middle,32,1,56,25,25,write,1,0xc5e0000000380019,0,success,0x0,1,0,0x1244,14244,0,0
main,rem_access,4096,64,all,middle,32,1,56,26,26,write,1,0xc5e000000038001a,0,success,0x0,1,0,0x1244,14591,0,0
main,rem_access,4096,64,all,middle,32,1,56,27,27,write,1,0xc5e000000038001b,0,success,0x0,1,0,0x1244,14943,0,0
main,rem_access,4096,64,all,middle,32,1,56,28,28,write,1,0xc5e000000038001c,0,success,0x0,1,0,0x1244,15250,0,0
main,rem_access,4096,64,all,middle,32,1,56,29,29,write,1,0xc5e000000038001d,0,success,0x0,1,0,0x1244,15586,0,0
main,rem_access,4096,64,all,middle,32,1,56,30,30,write,1,0xc5e000000038001e,0,success,0x0,1,0,0x1244,15929,0,0
main,rem_access,4096,64,all,middle,32,1,56,31,31,write,1,0xc5e000000038001f,0,success,0x0,1,0,0x1244,16262,0,0
main,rem_access,4096,64,all,middle,32,1,56,32,32,oob_write,1,0xc5e0000000380020,10,remote access error,0x88,255,0,0x1244,1781382,0,0
main,rem_access,4096,64,all,middle,32,1,56,33,33,write,1,0xc5e0000000380021,5,Work Request Flushed Error,0xf9,255,0,0x1244,1840543,0,0
main,rem_access,4096,64,all,middle,32,1,56,34,34,write,1,0xc5e0000000380022,5,Work Request Flushed Error,0xf9,255,0,0x1244,1849990,0,0
main,rem_access,4096,64,all,middle,32,1,56,35,35,write,1,0xc5e0000000380023,5,Work Request Flushed Error,0xf9,255,0,0x1244,1859451,0,0
main,rem_access,4096,64,all,middle,32,1,56,36,36,write,1,0xc5e0000000380024,5,Work Request Flushed Error,0xf9,255,0,0x1244,1868798,0,0
main,rem_access,4096,64,all,middle,32,1,56,37,37,write,1,0xc5e0000000380025,5,Work Request Flushed Error,0xf9,255,0,0x1244,1878248,0,0
main,rem_access,4096,64,all,middle,32,1,56,38,38,write,1,0xc5e0000000380026,5,Work Request Flushed Error,0xf9,255,0,0x1244,1887541,0,0
main,rem_access,4096,64,all,middle,32,1,56,39,39,write,1,0xc5e0000000380027,5,Work Request Flushed Error,0xf9,255,0,0x1244,1896851,0,0
main,rem_access,4096,64,all,middle,32,1,56,40,40,write,1,0xc5e0000000380028,5,Work Request Flushed Error,0xf9,255,0,0x1244,1906174,0,0
main,rem_access,4096,64,all,middle,32,1,56,41,41,write,1,0xc5e0000000380029,5,Work Request Flushed Error,0xf9,255,0,0x1244,1915544,0,0
main,rem_access,4096,64,all,middle,32,1,56,42,42,write,1,0xc5e000000038002a,5,Work Request Flushed Error,0xf9,255,0,0x1244,1924966,0,0
main,rem_access,4096,64,all,middle,32,1,56,43,43,write,1,0xc5e000000038002b,5,Work Request Flushed Error,0xf9,255,0,0x1244,1934389,0,0
main,rem_access,4096,64,all,middle,32,1,56,44,44,write,1,0xc5e000000038002c,5,Work Request Flushed Error,0xf9,255,0,0x1244,1943729,0,0
main,rem_access,4096,64,all,middle,32,1,56,45,45,write,1,0xc5e000000038002d,5,Work Request Flushed Error,0xf9,255,0,0x1244,1953012,0,0
main,rem_access,4096,64,all,middle,32,1,56,46,46,write,1,0xc5e000000038002e,5,Work Request Flushed Error,0xf9,255,0,0x1244,1962333,0,0
main,rem_access,4096,64,all,middle,32,1,56,47,47,write,1,0xc5e000000038002f,5,Work Request Flushed Error,0xf9,255,0,0x1244,1971584,0,0
main,rem_access,4096,64,all,middle,32,1,56,48,48,write,1,0xc5e0000000380030,5,Work Request Flushed Error,0xf9,255,0,0x1244,1980963,0,0
main,rem_access,4096,64,all,middle,32,1,56,49,49,write,1,0xc5e0000000380031,5,Work Request Flushed Error,0xf9,255,0,0x1244,1990230,0,0
main,rem_access,4096,64,all,middle,32,1,56,50,50,write,1,0xc5e0000000380032,5,Work Request Flushed Error,0xf9,255,0,0x1244,1999547,0,0
main,rem_access,4096,64,all,middle,32,1,56,51,51,write,1,0xc5e0000000380033,5,Work Request Flushed Error,0xf9,255,0,0x1244,2008863,0,0
main,rem_access,4096,64,all,middle,32,1,56,52,52,write,1,0xc5e0000000380034,5,Work Request Flushed Error,0xf9,255,0,0x1244,2018156,0,0
main,rem_access,4096,64,all,middle,32,1,56,53,53,write,1,0xc5e0000000380035,5,Work Request Flushed Error,0xf9,255,0,0x1244,2027494,0,0
main,rem_access,4096,64,all,middle,32,1,56,54,54,write,1,0xc5e0000000380036,5,Work Request Flushed Error,0xf9,255,0,0x1244,2036909,0,0
main,rem_access,4096,64,all,middle,32,1,56,55,55,write,1,0xc5e0000000380037,5,Work Request Flushed Error,0xf9,255,0,0x1244,2046245,0,0
main,rem_access,4096,64,all,middle,32,1,56,56,56,write,1,0xc5e0000000380038,5,Work Request Flushed Error,0xf9,255,0,0x1244,2055515,0,0
main,rem_access,4096,64,all,middle,32,1,56,57,57,write,1,0xc5e0000000380039,5,Work Request Flushed Error,0xf9,255,0,0x1244,2064817,0,0
main,rem_access,4096,64,all,middle,32,1,56,58,58,write,1,0xc5e000000038003a,5,Work Request Flushed Error,0xf9,255,0,0x1244,2074086,0,0
main,rem_access,4096,64,all,middle,32,1,56,59,59,write,1,0xc5e000000038003b,5,Work Request Flushed Error,0xf9,255,0,0x1244,2083506,0,0
main,rem_access,4096,64,all,middle,32,1,56,60,60,write,1,0xc5e000000038003c,5,Work Request Flushed Error,0xf9,255,0,0x1244,2092784,0,0
main,rem_access,4096,64,all,middle,32,1,56,61,61,write,1,0xc5e000000038003d,5,Work Request Flushed Error,0xf9,255,0,0x1244,2102095,0,0
main,rem_access,4096,64,all,middle,32,1,56,62,62,write,1,0xc5e000000038003e,5,Work Request Flushed Error,0xf9,255,0,0x1244,2111415,0,0
main,rem_access,4096,64,all,middle,32,1,56,63,63,write,1,0xc5e000000038003f,5,Work Request Flushed Error,0xf9,255,0,0x1244,2120788,0,0
main,rem_access,4096,64,all,middle,32,2,57,0,0,write,1,0xc5e0000000390000,0,success,0x0,1,0,0x1244,6030,0,0
main,rem_access,4096,64,all,middle,32,2,57,1,1,write,1,0xc5e0000000390001,0,success,0x0,1,0,0x1244,6328,0,0
main,rem_access,4096,64,all,middle,32,2,57,2,2,write,1,0xc5e0000000390002,0,success,0x0,1,0,0x1244,6640,0,0
main,rem_access,4096,64,all,middle,32,2,57,3,3,write,1,0xc5e0000000390003,0,success,0x0,1,0,0x1244,7003,0,0
main,rem_access,4096,64,all,middle,32,2,57,4,4,write,1,0xc5e0000000390004,0,success,0x0,1,0,0x1244,7322,0,0
main,rem_access,4096,64,all,middle,32,2,57,5,5,write,1,0xc5e0000000390005,0,success,0x0,1,0,0x1244,7670,0,0
main,rem_access,4096,64,all,middle,32,2,57,6,6,write,1,0xc5e0000000390006,0,success,0x0,1,0,0x1244,7990,0,0
main,rem_access,4096,64,all,middle,32,2,57,7,7,write,1,0xc5e0000000390007,0,success,0x0,1,0,0x1244,8336,0,0
main,rem_access,4096,64,all,middle,32,2,57,8,8,write,1,0xc5e0000000390008,0,success,0x0,1,0,0x1244,8674,0,0
main,rem_access,4096,64,all,middle,32,2,57,9,9,write,1,0xc5e0000000390009,0,success,0x0,1,0,0x1244,9018,0,0
main,rem_access,4096,64,all,middle,32,2,57,10,10,write,1,0xc5e000000039000a,0,success,0x0,1,0,0x1244,9338,0,0
main,rem_access,4096,64,all,middle,32,2,57,11,11,write,1,0xc5e000000039000b,0,success,0x0,1,0,0x1244,9678,0,0
main,rem_access,4096,64,all,middle,32,2,57,12,12,write,1,0xc5e000000039000c,0,success,0x0,1,0,0x1244,10010,0,0
main,rem_access,4096,64,all,middle,32,2,57,13,13,write,1,0xc5e000000039000d,0,success,0x0,1,0,0x1244,10345,0,0
main,rem_access,4096,64,all,middle,32,2,57,14,14,write,1,0xc5e000000039000e,0,success,0x0,1,0,0x1244,10682,0,0
main,rem_access,4096,64,all,middle,32,2,57,15,15,write,1,0xc5e000000039000f,0,success,0x0,1,0,0x1244,11014,0,0
main,rem_access,4096,64,all,middle,32,2,57,16,16,write,1,0xc5e0000000390010,0,success,0x0,1,0,0x1244,11346,0,0
main,rem_access,4096,64,all,middle,32,2,57,17,17,write,1,0xc5e0000000390011,0,success,0x0,1,0,0x1244,11683,0,0
main,rem_access,4096,64,all,middle,32,2,57,18,18,write,1,0xc5e0000000390012,0,success,0x0,1,0,0x1244,12014,0,0
main,rem_access,4096,64,all,middle,32,2,57,19,19,write,1,0xc5e0000000390013,0,success,0x0,1,0,0x1244,12361,0,0
main,rem_access,4096,64,all,middle,32,2,57,20,20,write,1,0xc5e0000000390014,0,success,0x0,1,0,0x1244,12685,0,0
main,rem_access,4096,64,all,middle,32,2,57,21,21,write,1,0xc5e0000000390015,0,success,0x0,1,0,0x1244,13028,0,0
main,rem_access,4096,64,all,middle,32,2,57,22,22,write,1,0xc5e0000000390016,0,success,0x0,1,0,0x1244,13348,0,0
main,rem_access,4096,64,all,middle,32,2,57,23,23,write,1,0xc5e0000000390017,0,success,0x0,1,0,0x1244,13687,0,0
main,rem_access,4096,64,all,middle,32,2,57,24,24,write,1,0xc5e0000000390018,0,success,0x0,1,0,0x1244,14026,0,0
main,rem_access,4096,64,all,middle,32,2,57,25,25,write,1,0xc5e0000000390019,0,success,0x0,1,0,0x1244,14371,0,0
main,rem_access,4096,64,all,middle,32,2,57,26,26,write,1,0xc5e000000039001a,0,success,0x0,1,0,0x1244,14713,0,0
main,rem_access,4096,64,all,middle,32,2,57,27,27,write,1,0xc5e000000039001b,0,success,0x0,1,0,0x1244,15031,0,0
main,rem_access,4096,64,all,middle,32,2,57,28,28,write,1,0xc5e000000039001c,0,success,0x0,1,0,0x1244,15375,0,0
main,rem_access,4096,64,all,middle,32,2,57,29,29,write,1,0xc5e000000039001d,0,success,0x0,1,0,0x1244,15697,0,0
main,rem_access,4096,64,all,middle,32,2,57,30,30,write,1,0xc5e000000039001e,0,success,0x0,1,0,0x1244,16036,0,0
main,rem_access,4096,64,all,middle,32,2,57,31,31,write,1,0xc5e000000039001f,0,success,0x0,1,0,0x1244,16382,0,0
main,rem_access,4096,64,all,middle,32,2,57,32,32,oob_write,1,0xc5e0000000390020,10,remote access error,0x88,255,0,0x1244,1778385,0,0
main,rem_access,4096,64,all,middle,32,2,57,33,33,write,1,0xc5e0000000390021,5,Work Request Flushed Error,0xf9,255,0,0x1244,1837287,0,0
main,rem_access,4096,64,all,middle,32,2,57,34,34,write,1,0xc5e0000000390022,5,Work Request Flushed Error,0xf9,255,0,0x1244,1846630,0,0
main,rem_access,4096,64,all,middle,32,2,57,35,35,write,1,0xc5e0000000390023,5,Work Request Flushed Error,0xf9,255,0,0x1244,1856037,0,0
main,rem_access,4096,64,all,middle,32,2,57,36,36,write,1,0xc5e0000000390024,5,Work Request Flushed Error,0xf9,255,0,0x1244,1865586,0,0
main,rem_access,4096,64,all,middle,32,2,57,37,37,write,1,0xc5e0000000390025,5,Work Request Flushed Error,0xf9,255,0,0x1244,1875027,0,0
main,rem_access,4096,64,all,middle,32,2,57,38,38,write,1,0xc5e0000000390026,5,Work Request Flushed Error,0xf9,255,0,0x1244,1884402,0,0
main,rem_access,4096,64,all,middle,32,2,57,39,39,write,1,0xc5e0000000390027,5,Work Request Flushed Error,0xf9,255,0,0x1244,1893691,0,0
main,rem_access,4096,64,all,middle,32,2,57,40,40,write,1,0xc5e0000000390028,5,Work Request Flushed Error,0xf9,255,0,0x1244,1903008,0,0
main,rem_access,4096,64,all,middle,32,2,57,41,41,write,1,0xc5e0000000390029,5,Work Request Flushed Error,0xf9,255,0,0x1244,1912297,0,0
main,rem_access,4096,64,all,middle,32,2,57,42,42,write,1,0xc5e000000039002a,5,Work Request Flushed Error,0xf9,255,0,0x1244,1921717,0,0
main,rem_access,4096,64,all,middle,32,2,57,43,43,write,1,0xc5e000000039002b,5,Work Request Flushed Error,0xf9,255,0,0x1244,1931070,0,0
main,rem_access,4096,64,all,middle,32,2,57,44,44,write,1,0xc5e000000039002c,5,Work Request Flushed Error,0xf9,255,0,0x1244,1947029,0,0
main,rem_access,4096,64,all,middle,32,2,57,45,45,write,1,0xc5e000000039002d,5,Work Request Flushed Error,0xf9,255,0,0x1244,1949746,0,0
main,rem_access,4096,64,all,middle,32,2,57,46,46,write,1,0xc5e000000039002e,5,Work Request Flushed Error,0xf9,255,0,0x1244,1959011,0,0
main,rem_access,4096,64,all,middle,32,2,57,47,47,write,1,0xc5e000000039002f,5,Work Request Flushed Error,0xf9,255,0,0x1244,1968394,0,0
main,rem_access,4096,64,all,middle,32,2,57,48,48,write,1,0xc5e0000000390030,5,Work Request Flushed Error,0xf9,255,0,0x1244,1977740,0,0
main,rem_access,4096,64,all,middle,32,2,57,49,49,write,1,0xc5e0000000390031,5,Work Request Flushed Error,0xf9,255,0,0x1244,1987008,0,0
main,rem_access,4096,64,all,middle,32,2,57,50,50,write,1,0xc5e0000000390032,5,Work Request Flushed Error,0xf9,255,0,0x1244,1996330,0,0
main,rem_access,4096,64,all,middle,32,2,57,51,51,write,1,0xc5e0000000390033,5,Work Request Flushed Error,0xf9,255,0,0x1244,2005591,0,0
main,rem_access,4096,64,all,middle,32,2,57,52,52,write,1,0xc5e0000000390034,5,Work Request Flushed Error,0xf9,255,0,0x1244,2014998,0,0
main,rem_access,4096,64,all,middle,32,2,57,53,53,write,1,0xc5e0000000390035,5,Work Request Flushed Error,0xf9,255,0,0x1244,2024414,0,0
main,rem_access,4096,64,all,middle,32,2,57,54,54,write,1,0xc5e0000000390036,5,Work Request Flushed Error,0xf9,255,0,0x1244,2033713,0,0
main,rem_access,4096,64,all,middle,32,2,57,55,55,write,1,0xc5e0000000390037,5,Work Request Flushed Error,0xf9,255,0,0x1244,2043008,0,0
main,rem_access,4096,64,all,middle,32,2,57,56,56,write,1,0xc5e0000000390038,5,Work Request Flushed Error,0xf9,255,0,0x1244,2052289,0,0
main,rem_access,4096,64,all,middle,32,2,57,57,57,write,1,0xc5e0000000390039,5,Work Request Flushed Error,0xf9,255,0,0x1244,2061556,0,0
main,rem_access,4096,64,all,middle,32,2,57,58,58,write,1,0xc5e000000039003a,5,Work Request Flushed Error,0xf9,255,0,0x1244,2070926,0,0
main,rem_access,4096,64,all,middle,32,2,57,59,59,write,1,0xc5e000000039003b,5,Work Request Flushed Error,0xf9,255,0,0x1244,2080240,0,0
main,rem_access,4096,64,all,middle,32,2,57,60,60,write,1,0xc5e000000039003c,5,Work Request Flushed Error,0xf9,255,0,0x1244,2089543,0,0
main,rem_access,4096,64,all,middle,32,2,57,61,61,write,1,0xc5e000000039003d,5,Work Request Flushed Error,0xf9,255,0,0x1244,2098822,0,0
main,rem_access,4096,64,all,middle,32,2,57,62,62,write,1,0xc5e000000039003e,5,Work Request Flushed Error,0xf9,255,0,0x1244,2108115,0,0
main,rem_access,4096,64,all,middle,32,2,57,63,63,write,1,0xc5e000000039003f,5,Work Request Flushed Error,0xf9,255,0,0x1244,2117465,0,0
main,rem_access,4096,64,all,middle,32,3,58,0,0,write,1,0xc5e00000003a0000,0,success,0x0,1,0,0x1244,5869,0,0
main,rem_access,4096,64,all,middle,32,3,58,1,1,write,1,0xc5e00000003a0001,0,success,0x0,1,0,0x1244,6161,0,0
main,rem_access,4096,64,all,middle,32,3,58,2,2,write,1,0xc5e00000003a0002,0,success,0x0,1,0,0x1244,6519,0,0
main,rem_access,4096,64,all,middle,32,3,58,3,3,write,1,0xc5e00000003a0003,0,success,0x0,1,0,0x1244,6834,0,0
main,rem_access,4096,64,all,middle,32,3,58,4,4,write,1,0xc5e00000003a0004,0,success,0x0,1,0,0x1244,7172,0,0
main,rem_access,4096,64,all,middle,32,3,58,5,5,write,1,0xc5e00000003a0005,0,success,0x0,1,0,0x1244,7505,0,0
main,rem_access,4096,64,all,middle,32,3,58,6,6,write,1,0xc5e00000003a0006,0,success,0x0,1,0,0x1244,7855,0,0
main,rem_access,4096,64,all,middle,32,3,58,7,7,write,1,0xc5e00000003a0007,0,success,0x0,1,0,0x1244,8169,0,0
main,rem_access,4096,64,all,middle,32,3,58,8,8,write,1,0xc5e00000003a0008,0,success,0x0,1,0,0x1244,8519,0,0
main,rem_access,4096,64,all,middle,32,3,58,9,9,write,1,0xc5e00000003a0009,0,success,0x0,1,0,0x1244,8863,0,0
main,rem_access,4096,64,all,middle,32,3,58,10,10,write,1,0xc5e00000003a000a,0,success,0x0,1,0,0x1244,9185,0,0
main,rem_access,4096,64,all,middle,32,3,58,11,11,write,1,0xc5e00000003a000b,0,success,0x0,1,0,0x1244,9543,0,0
main,rem_access,4096,64,all,middle,32,3,58,12,12,write,1,0xc5e00000003a000c,0,success,0x0,1,0,0x1244,9863,0,0
main,rem_access,4096,64,all,middle,32,3,58,13,13,write,1,0xc5e00000003a000d,0,success,0x0,1,0,0x1244,10179,0,0
main,rem_access,4096,64,all,middle,32,3,58,14,14,write,1,0xc5e00000003a000e,0,success,0x0,1,0,0x1244,10521,0,0
main,rem_access,4096,64,all,middle,32,3,58,15,15,write,1,0xc5e00000003a000f,0,success,0x0,1,0,0x1244,10860,0,0
main,rem_access,4096,64,all,middle,32,3,58,16,16,write,1,0xc5e00000003a0010,0,success,0x0,1,0,0x1244,11198,0,0
main,rem_access,4096,64,all,middle,32,3,58,17,17,write,1,0xc5e00000003a0011,0,success,0x0,1,0,0x1244,11536,0,0
main,rem_access,4096,64,all,middle,32,3,58,18,18,write,1,0xc5e00000003a0012,0,success,0x0,1,0,0x1244,11858,0,0
main,rem_access,4096,64,all,middle,32,3,58,19,19,write,1,0xc5e00000003a0013,0,success,0x0,1,0,0x1244,12207,0,0
main,rem_access,4096,64,all,middle,32,3,58,20,20,write,1,0xc5e00000003a0014,0,success,0x0,1,0,0x1244,12547,0,0
main,rem_access,4096,64,all,middle,32,3,58,21,21,write,1,0xc5e00000003a0015,0,success,0x0,1,0,0x1244,12861,0,0
main,rem_access,4096,64,all,middle,32,3,58,22,22,write,1,0xc5e00000003a0016,0,success,0x0,1,0,0x1244,13198,0,0
main,rem_access,4096,64,all,middle,32,3,58,23,23,write,1,0xc5e00000003a0017,0,success,0x0,1,0,0x1244,13529,0,0
main,rem_access,4096,64,all,middle,32,3,58,24,24,write,1,0xc5e00000003a0018,0,success,0x0,1,0,0x1244,13862,0,0
main,rem_access,4096,64,all,middle,32,3,58,25,25,write,1,0xc5e00000003a0019,0,success,0x0,1,0,0x1244,14205,0,0
main,rem_access,4096,64,all,middle,32,3,58,26,26,write,1,0xc5e00000003a001a,0,success,0x0,1,0,0x1244,14541,0,0
main,rem_access,4096,64,all,middle,32,3,58,27,27,write,1,0xc5e00000003a001b,0,success,0x0,1,0,0x1244,14887,0,0
main,rem_access,4096,64,all,middle,32,3,58,28,28,write,1,0xc5e00000003a001c,0,success,0x0,1,0,0x1244,15204,0,0
main,rem_access,4096,64,all,middle,32,3,58,29,29,write,1,0xc5e00000003a001d,0,success,0x0,1,0,0x1244,15551,0,0
main,rem_access,4096,64,all,middle,32,3,58,30,30,write,1,0xc5e00000003a001e,0,success,0x0,1,0,0x1244,15883,0,0
main,rem_access,4096,64,all,middle,32,3,58,31,31,write,1,0xc5e00000003a001f,0,success,0x0,1,0,0x1244,16220,0,0
main,rem_access,4096,64,all,middle,32,3,58,32,32,oob_write,1,0xc5e00000003a0020,10,remote access error,0x88,255,0,0x1244,1781250,0,0
main,rem_access,4096,64,all,middle,32,3,58,33,33,write,1,0xc5e00000003a0021,5,Work Request Flushed Error,0xf9,255,0,0x1244,1840593,0,0
main,rem_access,4096,64,all,middle,32,3,58,34,34,write,1,0xc5e00000003a0022,5,Work Request Flushed Error,0xf9,255,0,0x1244,1850037,0,0
main,rem_access,4096,64,all,middle,32,3,58,35,35,write,1,0xc5e00000003a0023,5,Work Request Flushed Error,0xf9,255,0,0x1244,1859434,0,0
main,rem_access,4096,64,all,middle,32,3,58,36,36,write,1,0xc5e00000003a0024,5,Work Request Flushed Error,0xf9,255,0,0x1244,1868795,0,0
main,rem_access,4096,64,all,middle,32,3,58,37,37,write,1,0xc5e00000003a0025,5,Work Request Flushed Error,0xf9,255,0,0x1244,1878111,0,0
main,rem_access,4096,64,all,middle,32,3,58,38,38,write,1,0xc5e00000003a0026,5,Work Request Flushed Error,0xf9,255,0,0x1244,1887488,0,0
main,rem_access,4096,64,all,middle,32,3,58,39,39,write,1,0xc5e00000003a0027,5,Work Request Flushed Error,0xf9,255,0,0x1244,1896756,0,0
main,rem_access,4096,64,all,middle,32,3,58,40,40,write,1,0xc5e00000003a0028,5,Work Request Flushed Error,0xf9,255,0,0x1244,1906033,0,0
main,rem_access,4096,64,all,middle,32,3,58,41,41,write,1,0xc5e00000003a0029,5,Work Request Flushed Error,0xf9,255,0,0x1244,1915374,0,0
main,rem_access,4096,64,all,middle,32,3,58,42,42,write,1,0xc5e00000003a002a,5,Work Request Flushed Error,0xf9,255,0,0x1244,1924716,0,0
main,rem_access,4096,64,all,middle,32,3,58,43,43,write,1,0xc5e00000003a002b,5,Work Request Flushed Error,0xf9,255,0,0x1244,1934317,0,0
main,rem_access,4096,64,all,middle,32,3,58,44,44,write,1,0xc5e00000003a002c,5,Work Request Flushed Error,0xf9,255,0,0x1244,1943603,0,0
main,rem_access,4096,64,all,middle,32,3,58,45,45,write,1,0xc5e00000003a002d,5,Work Request Flushed Error,0xf9,255,0,0x1244,1952979,0,0
main,rem_access,4096,64,all,middle,32,3,58,46,46,write,1,0xc5e00000003a002e,5,Work Request Flushed Error,0xf9,255,0,0x1244,1962288,0,0
main,rem_access,4096,64,all,middle,32,3,58,47,47,write,1,0xc5e00000003a002f,5,Work Request Flushed Error,0xf9,255,0,0x1244,1971571,0,0
main,rem_access,4096,64,all,middle,32,3,58,48,48,write,1,0xc5e00000003a0030,5,Work Request Flushed Error,0xf9,255,0,0x1244,1980891,0,0
main,rem_access,4096,64,all,middle,32,3,58,49,49,write,1,0xc5e00000003a0031,5,Work Request Flushed Error,0xf9,255,0,0x1244,1990242,0,0
main,rem_access,4096,64,all,middle,32,3,58,50,50,write,1,0xc5e00000003a0032,5,Work Request Flushed Error,0xf9,255,0,0x1244,1999498,0,0
main,rem_access,4096,64,all,middle,32,3,58,51,51,write,1,0xc5e00000003a0033,5,Work Request Flushed Error,0xf9,255,0,0x1244,2008763,0,0
main,rem_access,4096,64,all,middle,32,3,58,52,52,write,1,0xc5e00000003a0034,5,Work Request Flushed Error,0xf9,255,0,0x1244,2018062,0,0
main,rem_access,4096,64,all,middle,32,3,58,53,53,write,1,0xc5e00000003a0035,5,Work Request Flushed Error,0xf9,255,0,0x1244,2027507,0,0
main,rem_access,4096,64,all,middle,32,3,58,54,54,write,1,0xc5e00000003a0036,5,Work Request Flushed Error,0xf9,255,0,0x1244,2036779,0,0
main,rem_access,4096,64,all,middle,32,3,58,55,55,write,1,0xc5e00000003a0037,5,Work Request Flushed Error,0xf9,255,0,0x1244,2046096,0,0
main,rem_access,4096,64,all,middle,32,3,58,56,56,write,1,0xc5e00000003a0038,5,Work Request Flushed Error,0xf9,255,0,0x1244,2055420,0,0
main,rem_access,4096,64,all,middle,32,3,58,57,57,write,1,0xc5e00000003a0039,5,Work Request Flushed Error,0xf9,255,0,0x1244,2064670,0,0
main,rem_access,4096,64,all,middle,32,3,58,58,58,write,1,0xc5e00000003a003a,5,Work Request Flushed Error,0xf9,255,0,0x1244,2073991,0,0
main,rem_access,4096,64,all,middle,32,3,58,59,59,write,1,0xc5e00000003a003b,5,Work Request Flushed Error,0xf9,255,0,0x1244,2083357,0,0
main,rem_access,4096,64,all,middle,32,3,58,60,60,write,1,0xc5e00000003a003c,5,Work Request Flushed Error,0xf9,255,0,0x1244,2092627,0,0
main,rem_access,4096,64,all,middle,32,3,58,61,61,write,1,0xc5e00000003a003d,5,Work Request Flushed Error,0xf9,255,0,0x1244,2101918,0,0
main,rem_access,4096,64,all,middle,32,3,58,62,62,write,1,0xc5e00000003a003e,5,Work Request Flushed Error,0xf9,255,0,0x1244,2111235,0,0
main,rem_access,4096,64,all,middle,32,3,58,63,63,write,1,0xc5e00000003a003f,5,Work Request Flushed Error,0xf9,255,0,0x1244,2120588,0,0
main,rem_access,4096,64,all,middle,32,4,59,0,0,write,1,0xc5e00000003b0000,0,success,0x0,1,0,0x1244,6293,0,0
main,rem_access,4096,64,all,middle,32,4,59,1,1,write,1,0xc5e00000003b0001,0,success,0x0,1,0,0x1244,6603,0,0
main,rem_access,4096,64,all,middle,32,4,59,2,2,write,1,0xc5e00000003b0002,0,success,0x0,1,0,0x1244,6932,0,0
main,rem_access,4096,64,all,middle,32,4,59,3,3,write,1,0xc5e00000003b0003,0,success,0x0,1,0,0x1244,7278,0,0
main,rem_access,4096,64,all,middle,32,4,59,4,4,write,1,0xc5e00000003b0004,0,success,0x0,1,0,0x1244,7596,0,0
main,rem_access,4096,64,all,middle,32,4,59,5,5,write,1,0xc5e00000003b0005,0,success,0x0,1,0,0x1244,7937,0,0
main,rem_access,4096,64,all,middle,32,4,59,6,6,write,1,0xc5e00000003b0006,0,success,0x0,1,0,0x1244,8273,0,0
main,rem_access,4096,64,all,middle,32,4,59,7,7,write,1,0xc5e00000003b0007,0,success,0x0,1,0,0x1244,8605,0,0
main,rem_access,4096,64,all,middle,32,4,59,8,8,write,1,0xc5e00000003b0008,0,success,0x0,1,0,0x1244,8941,0,0
main,rem_access,4096,64,all,middle,32,4,59,9,9,write,1,0xc5e00000003b0009,0,success,0x0,1,0,0x1244,9270,0,0
main,rem_access,4096,64,all,middle,32,4,59,10,10,write,1,0xc5e00000003b000a,0,success,0x0,1,0,0x1244,9609,0,0
main,rem_access,4096,64,all,middle,32,4,59,11,11,write,1,0xc5e00000003b000b,0,success,0x0,1,0,0x1244,9932,0,0
main,rem_access,4096,64,all,middle,32,4,59,12,12,write,1,0xc5e00000003b000c,0,success,0x0,1,0,0x1244,10275,0,0
main,rem_access,4096,64,all,middle,32,4,59,13,13,write,1,0xc5e00000003b000d,0,success,0x0,1,0,0x1244,10666,0,0
main,rem_access,4096,64,all,middle,32,4,59,14,14,write,1,0xc5e00000003b000e,0,success,0x0,1,0,0x1244,10946,0,0
main,rem_access,4096,64,all,middle,32,4,59,15,15,write,1,0xc5e00000003b000f,0,success,0x0,1,0,0x1244,11287,0,0
main,rem_access,4096,64,all,middle,32,4,59,16,16,write,1,0xc5e00000003b0010,0,success,0x0,1,0,0x1244,11625,0,0
main,rem_access,4096,64,all,middle,32,4,59,17,17,write,1,0xc5e00000003b0011,0,success,0x0,1,0,0x1244,11967,0,0
main,rem_access,4096,64,all,middle,32,4,59,18,18,write,1,0xc5e00000003b0012,0,success,0x0,1,0,0x1244,12283,0,0
main,rem_access,4096,64,all,middle,32,4,59,19,19,write,1,0xc5e00000003b0013,0,success,0x0,1,0,0x1244,12623,0,0
main,rem_access,4096,64,all,middle,32,4,59,20,20,write,1,0xc5e00000003b0014,0,success,0x0,1,0,0x1244,12961,0,0
main,rem_access,4096,64,all,middle,32,4,59,21,21,write,1,0xc5e00000003b0015,0,success,0x0,1,0,0x1244,13304,0,0
main,rem_access,4096,64,all,middle,32,4,59,22,22,write,1,0xc5e00000003b0016,0,success,0x0,1,0,0x1244,13618,0,0
main,rem_access,4096,64,all,middle,32,4,59,23,23,write,1,0xc5e00000003b0017,0,success,0x0,1,0,0x1244,13940,0,0
main,rem_access,4096,64,all,middle,32,4,59,24,24,write,1,0xc5e00000003b0018,0,success,0x0,1,0,0x1244,14291,0,0
main,rem_access,4096,64,all,middle,32,4,59,25,25,write,1,0xc5e00000003b0019,0,success,0x0,1,0,0x1244,14629,0,0
main,rem_access,4096,64,all,middle,32,4,59,26,26,write,1,0xc5e00000003b001a,0,success,0x0,1,0,0x1244,14984,0,0
main,rem_access,4096,64,all,middle,32,4,59,27,27,write,1,0xc5e00000003b001b,0,success,0x0,1,0,0x1244,15309,0,0
main,rem_access,4096,64,all,middle,32,4,59,28,28,write,1,0xc5e00000003b001c,0,success,0x0,1,0,0x1244,15651,0,0
main,rem_access,4096,64,all,middle,32,4,59,29,29,write,1,0xc5e00000003b001d,0,success,0x0,1,0,0x1244,15989,0,0
main,rem_access,4096,64,all,middle,32,4,59,30,30,write,1,0xc5e00000003b001e,0,success,0x0,1,0,0x1244,16322,0,0
main,rem_access,4096,64,all,middle,32,4,59,31,31,write,1,0xc5e00000003b001f,0,success,0x0,1,0,0x1244,16776,0,0
main,rem_access,4096,64,all,middle,32,4,59,32,32,oob_write,1,0xc5e00000003b0020,10,remote access error,0x88,255,0,0x1244,1777441,0,0
main,rem_access,4096,64,all,middle,32,4,59,33,33,write,1,0xc5e00000003b0021,5,Work Request Flushed Error,0xf9,255,0,0x1244,1836405,0,0
main,rem_access,4096,64,all,middle,32,4,59,34,34,write,1,0xc5e00000003b0022,5,Work Request Flushed Error,0xf9,255,0,0x1244,1846154,0,0
main,rem_access,4096,64,all,middle,32,4,59,35,35,write,1,0xc5e00000003b0023,5,Work Request Flushed Error,0xf9,255,0,0x1244,1855647,0,0
main,rem_access,4096,64,all,middle,32,4,59,36,36,write,1,0xc5e00000003b0024,5,Work Request Flushed Error,0xf9,255,0,0x1244,1864990,0,0
main,rem_access,4096,64,all,middle,32,4,59,37,37,write,1,0xc5e00000003b0025,5,Work Request Flushed Error,0xf9,255,0,0x1244,1874315,0,0
main,rem_access,4096,64,all,middle,32,4,59,38,38,write,1,0xc5e00000003b0026,5,Work Request Flushed Error,0xf9,255,0,0x1244,1883598,0,0
main,rem_access,4096,64,all,middle,32,4,59,39,39,write,1,0xc5e00000003b0027,5,Work Request Flushed Error,0xf9,255,0,0x1244,1892930,0,0
main,rem_access,4096,64,all,middle,32,4,59,40,40,write,1,0xc5e00000003b0028,5,Work Request Flushed Error,0xf9,255,0,0x1244,1902463,0,0
main,rem_access,4096,64,all,middle,32,4,59,41,41,write,1,0xc5e00000003b0029,5,Work Request Flushed Error,0xf9,255,0,0x1244,1911818,0,0
main,rem_access,4096,64,all,middle,32,4,59,42,42,write,1,0xc5e00000003b002a,5,Work Request Flushed Error,0xf9,255,0,0x1244,1921146,0,0
main,rem_access,4096,64,all,middle,32,4,59,43,43,write,1,0xc5e00000003b002b,5,Work Request Flushed Error,0xf9,255,0,0x1244,1930464,0,0
main,rem_access,4096,64,all,middle,32,4,59,44,44,write,1,0xc5e00000003b002c,5,Work Request Flushed Error,0xf9,255,0,0x1244,1939775,0,0
main,rem_access,4096,64,all,middle,32,4,59,45,45,write,1,0xc5e00000003b002d,5,Work Request Flushed Error,0xf9,255,0,0x1244,1949233,0,0
main,rem_access,4096,64,all,middle,32,4,59,46,46,write,1,0xc5e00000003b002e,5,Work Request Flushed Error,0xf9,255,0,0x1244,1958553,0,0
main,rem_access,4096,64,all,middle,32,4,59,47,47,write,1,0xc5e00000003b002f,5,Work Request Flushed Error,0xf9,255,0,0x1244,1967834,0,0
main,rem_access,4096,64,all,middle,32,4,59,48,48,write,1,0xc5e00000003b0030,5,Work Request Flushed Error,0xf9,255,0,0x1244,1977174,0,0
main,rem_access,4096,64,all,middle,32,4,59,49,49,write,1,0xc5e00000003b0031,5,Work Request Flushed Error,0xf9,255,0,0x1244,1986392,0,0
main,rem_access,4096,64,all,middle,32,4,59,50,50,write,1,0xc5e00000003b0032,5,Work Request Flushed Error,0xf9,255,0,0x1244,1995773,0,0
main,rem_access,4096,64,all,middle,32,4,59,51,51,write,1,0xc5e00000003b0033,5,Work Request Flushed Error,0xf9,255,0,0x1244,2005082,0,0
main,rem_access,4096,64,all,middle,32,4,59,52,52,write,1,0xc5e00000003b0034,5,Work Request Flushed Error,0xf9,255,0,0x1244,2014339,0,0
main,rem_access,4096,64,all,middle,32,4,59,53,53,write,1,0xc5e00000003b0035,5,Work Request Flushed Error,0xf9,255,0,0x1244,2023639,0,0
main,rem_access,4096,64,all,middle,32,4,59,54,54,write,1,0xc5e00000003b0036,5,Work Request Flushed Error,0xf9,255,0,0x1244,2032891,0,0
main,rem_access,4096,64,all,middle,32,4,59,55,55,write,1,0xc5e00000003b0037,5,Work Request Flushed Error,0xf9,255,0,0x1244,2042200,0,0
main,rem_access,4096,64,all,middle,32,4,59,56,56,write,1,0xc5e00000003b0038,5,Work Request Flushed Error,0xf9,255,0,0x1244,2051700,0,0
main,rem_access,4096,64,all,middle,32,4,59,57,57,write,1,0xc5e00000003b0039,5,Work Request Flushed Error,0xf9,255,0,0x1244,2061024,0,0
main,rem_access,4096,64,all,middle,32,4,59,58,58,write,1,0xc5e00000003b003a,5,Work Request Flushed Error,0xf9,255,0,0x1244,2070337,0,0
main,rem_access,4096,64,all,middle,32,4,59,59,59,write,1,0xc5e00000003b003b,5,Work Request Flushed Error,0xf9,255,0,0x1244,2079649,0,0
main,rem_access,4096,64,all,middle,32,4,59,60,60,write,1,0xc5e00000003b003c,5,Work Request Flushed Error,0xf9,255,0,0x1244,2088961,0,0
main,rem_access,4096,64,all,middle,32,4,59,61,61,write,1,0xc5e00000003b003d,5,Work Request Flushed Error,0xf9,255,0,0x1244,2098349,0,0
main,rem_access,4096,64,all,middle,32,4,59,62,62,write,1,0xc5e00000003b003e,5,Work Request Flushed Error,0xf9,255,0,0x1244,2107666,0,0
main,rem_access,4096,64,all,middle,32,4,59,63,63,write,1,0xc5e00000003b003f,5,Work Request Flushed Error,0xf9,255,0,0x1244,2117020,0,0
main,rem_access,4096,64,last,first,0,0,60,0,0,oob_write,0,0xc5e00000003c0000,10,remote access error,0x88,255,0,0x1244,1772004,0,0
main,rem_access,4096,64,last,first,0,0,60,1,1,write,0,0xc5e00000003c0001,5,Work Request Flushed Error,0xf9,255,0,0x1244,1831099,0,0
main,rem_access,4096,64,last,first,0,0,60,2,2,write,0,0xc5e00000003c0002,5,Work Request Flushed Error,0xf9,255,0,0x1244,1840605,0,0
main,rem_access,4096,64,last,first,0,0,60,3,3,write,0,0xc5e00000003c0003,5,Work Request Flushed Error,0xf9,255,0,0x1244,1850057,0,0
main,rem_access,4096,64,last,first,0,0,60,4,4,write,0,0xc5e00000003c0004,5,Work Request Flushed Error,0xf9,255,0,0x1244,1859429,0,0
main,rem_access,4096,64,last,first,0,0,60,5,5,write,0,0xc5e00000003c0005,5,Work Request Flushed Error,0xf9,255,0,0x1244,1869101,0,0
main,rem_access,4096,64,last,first,0,0,60,6,6,write,0,0xc5e00000003c0006,5,Work Request Flushed Error,0xf9,255,0,0x1244,1878383,0,0
main,rem_access,4096,64,last,first,0,0,60,7,7,write,0,0xc5e00000003c0007,5,Work Request Flushed Error,0xf9,255,0,0x1244,1887720,0,0
main,rem_access,4096,64,last,first,0,0,60,8,8,write,0,0xc5e00000003c0008,5,Work Request Flushed Error,0xf9,255,0,0x1244,1897040,0,0
main,rem_access,4096,64,last,first,0,0,60,9,9,write,0,0xc5e00000003c0009,5,Work Request Flushed Error,0xf9,255,0,0x1244,1906357,0,0
main,rem_access,4096,64,last,first,0,0,60,10,10,write,0,0xc5e00000003c000a,5,Work Request Flushed Error,0xf9,255,0,0x1244,1915729,0,0
main,rem_access,4096,64,last,first,0,0,60,11,11,write,0,0xc5e00000003c000b,5,Work Request Flushed Error,0xf9,255,0,0x1244,1925053,0,0
main,rem_access,4096,64,last,first,0,0,60,12,12,write,0,0xc5e00000003c000c,5,Work Request Flushed Error,0xf9,255,0,0x1244,1934331,0,0
main,rem_access,4096,64,last,first,0,0,60,13,13,write,0,0xc5e00000003c000d,5,Work Request Flushed Error,0xf9,255,0,0x1244,1950760,0,0
main,rem_access,4096,64,last,first,0,0,60,14,14,write,0,0xc5e00000003c000e,5,Work Request Flushed Error,0xf9,255,0,0x1244,1953053,0,0
main,rem_access,4096,64,last,first,0,0,60,15,15,write,0,0xc5e00000003c000f,5,Work Request Flushed Error,0xf9,255,0,0x1244,1962462,0,0
main,rem_access,4096,64,last,first,0,0,60,16,16,write,0,0xc5e00000003c0010,5,Work Request Flushed Error,0xf9,255,0,0x1244,1971778,0,0
main,rem_access,4096,64,last,first,0,0,60,17,17,write,0,0xc5e00000003c0011,5,Work Request Flushed Error,0xf9,255,0,0x1244,1981134,0,0
main,rem_access,4096,64,last,first,0,0,60,18,18,write,0,0xc5e00000003c0012,5,Work Request Flushed Error,0xf9,255,0,0x1244,1990498,0,0
main,rem_access,4096,64,last,first,0,0,60,19,19,write,0,0xc5e00000003c0013,5,Work Request Flushed Error,0xf9,255,0,0x1244,1999799,0,0
main,rem_access,4096,64,last,first,0,0,60,20,20,write,0,0xc5e00000003c0014,5,Work Request Flushed Error,0xf9,255,0,0x1244,2009121,0,0
main,rem_access,4096,64,last,first,0,0,60,21,21,write,0,0xc5e00000003c0015,5,Work Request Flushed Error,0xf9,255,0,0x1244,2018614,0,0
main,rem_access,4096,64,last,first,0,0,60,22,22,write,0,0xc5e00000003c0016,5,Work Request Flushed Error,0xf9,255,0,0x1244,2027892,0,0
main,rem_access,4096,64,last,first,0,0,60,23,23,write,0,0xc5e00000003c0017,5,Work Request Flushed Error,0xf9,255,0,0x1244,2037173,0,0
main,rem_access,4096,64,last,first,0,0,60,24,24,write,0,0xc5e00000003c0018,5,Work Request Flushed Error,0xf9,255,0,0x1244,2046467,0,0
main,rem_access,4096,64,last,first,0,0,60,25,25,write,0,0xc5e00000003c0019,5,Work Request Flushed Error,0xf9,255,0,0x1244,2055799,0,0
main,rem_access,4096,64,last,first,0,0,60,26,26,write,0,0xc5e00000003c001a,5,Work Request Flushed Error,0xf9,255,0,0x1244,2065235,0,0
main,rem_access,4096,64,last,first,0,0,60,27,27,write,0,0xc5e00000003c001b,5,Work Request Flushed Error,0xf9,255,0,0x1244,2074522,0,0
main,rem_access,4096,64,last,first,0,0,60,28,28,write,0,0xc5e00000003c001c,5,Work Request Flushed Error,0xf9,255,0,0x1244,2083878,0,0
main,rem_access,4096,64,last,first,0,0,60,29,29,write,0,0xc5e00000003c001d,5,Work Request Flushed Error,0xf9,255,0,0x1244,2093138,0,0
main,rem_access,4096,64,last,first,0,0,60,30,30,write,0,0xc5e00000003c001e,5,Work Request Flushed Error,0xf9,255,0,0x1244,2102435,0,0
main,rem_access,4096,64,last,first,0,0,60,31,31,write,0,0xc5e00000003c001f,5,Work Request Flushed Error,0xf9,255,0,0x1244,2111819,0,0
main,rem_access,4096,64,last,first,0,0,60,32,32,write,0,0xc5e00000003c0020,5,Work Request Flushed Error,0xf9,255,0,0x1244,2121127,0,0
main,rem_access,4096,64,last,first,0,0,60,33,33,write,0,0xc5e00000003c0021,5,Work Request Flushed Error,0xf9,255,0,0x1244,2130436,0,0
main,rem_access,4096,64,last,first,0,0,60,34,34,write,0,0xc5e00000003c0022,5,Work Request Flushed Error,0xf9,255,0,0x1244,2139764,0,0
main,rem_access,4096,64,last,first,0,0,60,35,35,write,0,0xc5e00000003c0023,5,Work Request Flushed Error,0xf9,255,0,0x1244,2149161,0,0
main,rem_access,4096,64,last,first,0,0,60,36,36,write,0,0xc5e00000003c0024,5,Work Request Flushed Error,0xf9,255,0,0x1244,2158451,0,0
main,rem_access,4096,64,last,first,0,0,60,37,37,write,0,0xc5e00000003c0025,5,Work Request Flushed Error,0xf9,255,0,0x1244,2167898,0,0
main,rem_access,4096,64,last,first,0,0,60,38,38,write,0,0xc5e00000003c0026,5,Work Request Flushed Error,0xf9,255,0,0x1244,2177266,0,0
main,rem_access,4096,64,last,first,0,0,60,39,39,write,0,0xc5e00000003c0027,5,Work Request Flushed Error,0xf9,255,0,0x1244,2186583,0,0
main,rem_access,4096,64,last,first,0,0,60,40,40,write,0,0xc5e00000003c0028,5,Work Request Flushed Error,0xf9,255,0,0x1244,2195915,0,0
main,rem_access,4096,64,last,first,0,0,60,41,41,write,0,0xc5e00000003c0029,5,Work Request Flushed Error,0xf9,255,0,0x1244,2205244,0,0
main,rem_access,4096,64,last,first,0,0,60,42,42,write,0,0xc5e00000003c002a,5,Work Request Flushed Error,0xf9,255,0,0x1244,2214610,0,0
main,rem_access,4096,64,last,first,0,0,60,43,43,write,0,0xc5e00000003c002b,5,Work Request Flushed Error,0xf9,255,0,0x1244,2223974,0,0
main,rem_access,4096,64,last,first,0,0,60,44,44,write,0,0xc5e00000003c002c,5,Work Request Flushed Error,0xf9,255,0,0x1244,2233332,0,0
main,rem_access,4096,64,last,first,0,0,60,45,45,write,0,0xc5e00000003c002d,5,Work Request Flushed Error,0xf9,255,0,0x1244,2242618,0,0
main,rem_access,4096,64,last,first,0,0,60,46,46,write,0,0xc5e00000003c002e,5,Work Request Flushed Error,0xf9,255,0,0x1244,2251877,0,0
main,rem_access,4096,64,last,first,0,0,60,47,47,write,0,0xc5e00000003c002f,5,Work Request Flushed Error,0xf9,255,0,0x1244,2261178,0,0
main,rem_access,4096,64,last,first,0,0,60,48,48,write,0,0xc5e00000003c0030,5,Work Request Flushed Error,0xf9,255,0,0x1244,2270735,0,0
main,rem_access,4096,64,last,first,0,0,60,49,49,write,0,0xc5e00000003c0031,5,Work Request Flushed Error,0xf9,255,0,0x1244,2280048,0,0
main,rem_access,4096,64,last,first,0,0,60,50,50,write,0,0xc5e00000003c0032,5,Work Request Flushed Error,0xf9,255,0,0x1244,2289372,0,0
main,rem_access,4096,64,last,first,0,0,60,51,51,write,0,0xc5e00000003c0033,5,Work Request Flushed Error,0xf9,255,0,0x1244,2298663,0,0
main,rem_access,4096,64,last,first,0,0,60,52,52,write,0,0xc5e00000003c0034,5,Work Request Flushed Error,0xf9,255,0,0x1244,2307899,0,0
main,rem_access,4096,64,last,first,0,0,60,53,53,write,0,0xc5e00000003c0035,5,Work Request Flushed Error,0xf9,255,0,0x1244,2317337,0,0
main,rem_access,4096,64,last,first,0,0,60,54,54,write,0,0xc5e00000003c0036,5,Work Request Flushed Error,0xf9,255,0,0x1244,2326641,0,0
main,rem_access,4096,64,last,first,0,0,60,55,55,write,0,0xc5e00000003c0037,5,Work Request Flushed Error,0xf9,255,0,0x1244,2335965,0,0
main,rem_access,4096,64,last,first,0,0,60,56,56,write,0,0xc5e00000003c0038,5,Work Request Flushed Error,0xf9,255,0,0x1244,2345264,0,0
main,rem_access,4096,64,last,first,0,0,60,57,57,write,0,0xc5e00000003c0039,5,Work Request Flushed Error,0xf9,255,0,0x1244,2354635,0,0
main,rem_access,4096,64,last,first,0,0,60,58,58,write,0,0xc5e00000003c003a,5,Work Request Flushed Error,0xf9,255,0,0x1244,2363972,0,0
main,rem_access,4096,64,last,first,0,0,60,59,59,write,0,0xc5e00000003c003b,5,Work Request Flushed Error,0xf9,255,0,0x1244,2373227,0,0
main,rem_access,4096,64,last,first,0,0,60,60,60,write,0,0xc5e00000003c003c,5,Work Request Flushed Error,0xf9,255,0,0x1244,2382519,0,0
main,rem_access,4096,64,last,first,0,0,60,61,61,write,0,0xc5e00000003c003d,5,Work Request Flushed Error,0xf9,255,0,0x1244,2391803,0,0
main,rem_access,4096,64,last,first,0,0,60,62,62,write,0,0xc5e00000003c003e,5,Work Request Flushed Error,0xf9,255,0,0x1244,2401051,0,0
main,rem_access,4096,64,last,first,0,0,60,63,63,write,1,0xc5e00000003c003f,5,Work Request Flushed Error,0xf9,255,0,0x1244,2410323,0,0
main,rem_access,4096,64,last,first,0,1,61,0,0,oob_write,0,0xc5e00000003d0000,10,remote access error,0x88,255,0,0x1244,1773144,0,0
main,rem_access,4096,64,last,first,0,1,61,1,1,write,0,0xc5e00000003d0001,5,Work Request Flushed Error,0xf9,255,0,0x1244,1832703,0,0
main,rem_access,4096,64,last,first,0,1,61,2,2,write,0,0xc5e00000003d0002,5,Work Request Flushed Error,0xf9,255,0,0x1244,1842269,0,0
main,rem_access,4096,64,last,first,0,1,61,3,3,write,0,0xc5e00000003d0003,5,Work Request Flushed Error,0xf9,255,0,0x1244,1851904,0,0
main,rem_access,4096,64,last,first,0,1,61,4,4,write,0,0xc5e00000003d0004,5,Work Request Flushed Error,0xf9,255,0,0x1244,1861260,0,0
main,rem_access,4096,64,last,first,0,1,61,5,5,write,0,0xc5e00000003d0005,5,Work Request Flushed Error,0xf9,255,0,0x1244,1870666,0,0
main,rem_access,4096,64,last,first,0,1,61,6,6,write,0,0xc5e00000003d0006,5,Work Request Flushed Error,0xf9,255,0,0x1244,1880017,0,0
main,rem_access,4096,64,last,first,0,1,61,7,7,write,0,0xc5e00000003d0007,5,Work Request Flushed Error,0xf9,255,0,0x1244,1889355,0,0
main,rem_access,4096,64,last,first,0,1,61,8,8,write,0,0xc5e00000003d0008,5,Work Request Flushed Error,0xf9,255,0,0x1244,1898746,0,0
main,rem_access,4096,64,last,first,0,1,61,9,9,write,0,0xc5e00000003d0009,5,Work Request Flushed Error,0xf9,255,0,0x1244,1908103,0,0
main,rem_access,4096,64,last,first,0,1,61,10,10,write,0,0xc5e00000003d000a,5,Work Request Flushed Error,0xf9,255,0,0x1244,1917387,0,0
main,rem_access,4096,64,last,first,0,1,61,11,11,write,0,0xc5e00000003d000b,5,Work Request Flushed Error,0xf9,255,0,0x1244,1926721,0,0
main,rem_access,4096,64,last,first,0,1,61,12,12,write,0,0xc5e00000003d000c,5,Work Request Flushed Error,0xf9,255,0,0x1244,1936037,0,0
main,rem_access,4096,64,last,first,0,1,61,13,13,write,0,0xc5e00000003d000d,5,Work Request Flushed Error,0xf9,255,0,0x1244,1945397,0,0
main,rem_access,4096,64,last,first,0,1,61,14,14,write,0,0xc5e00000003d000e,5,Work Request Flushed Error,0xf9,255,0,0x1244,1954748,0,0
main,rem_access,4096,64,last,first,0,1,61,15,15,write,0,0xc5e00000003d000f,5,Work Request Flushed Error,0xf9,255,0,0x1244,1964041,0,0
main,rem_access,4096,64,last,first,0,1,61,16,16,write,0,0xc5e00000003d0010,5,Work Request Flushed Error,0xf9,255,0,0x1244,1973326,0,0
main,rem_access,4096,64,last,first,0,1,61,17,17,write,0,0xc5e00000003d0011,5,Work Request Flushed Error,0xf9,255,0,0x1244,1982584,0,0
main,rem_access,4096,64,last,first,0,1,61,18,18,write,0,0xc5e00000003d0012,5,Work Request Flushed Error,0xf9,255,0,0x1244,1991928,0,0
main,rem_access,4096,64,last,first,0,1,61,19,19,write,0,0xc5e00000003d0013,5,Work Request Flushed Error,0xf9,255,0,0x1244,2001548,0,0
main,rem_access,4096,64,last,first,0,1,61,20,20,write,0,0xc5e00000003d0014,5,Work Request Flushed Error,0xf9,255,0,0x1244,2010875,0,0
main,rem_access,4096,64,last,first,0,1,61,21,21,write,0,0xc5e00000003d0015,5,Work Request Flushed Error,0xf9,255,0,0x1244,2020164,0,0
main,rem_access,4096,64,last,first,0,1,61,22,22,write,0,0xc5e00000003d0016,5,Work Request Flushed Error,0xf9,255,0,0x1244,2029467,0,0
main,rem_access,4096,64,last,first,0,1,61,23,23,write,0,0xc5e00000003d0017,5,Work Request Flushed Error,0xf9,255,0,0x1244,2038729,0,0
main,rem_access,4096,64,last,first,0,1,61,24,24,write,0,0xc5e00000003d0018,5,Work Request Flushed Error,0xf9,255,0,0x1244,2048135,0,0
main,rem_access,4096,64,last,first,0,1,61,25,25,write,0,0xc5e00000003d0019,5,Work Request Flushed Error,0xf9,255,0,0x1244,2057496,0,0
main,rem_access,4096,64,last,first,0,1,61,26,26,write,0,0xc5e00000003d001a,5,Work Request Flushed Error,0xf9,255,0,0x1244,2066820,0,0
main,rem_access,4096,64,last,first,0,1,61,27,27,write,0,0xc5e00000003d001b,5,Work Request Flushed Error,0xf9,255,0,0x1244,2076180,0,0
main,rem_access,4096,64,last,first,0,1,61,28,28,write,0,0xc5e00000003d001c,5,Work Request Flushed Error,0xf9,255,0,0x1244,2085513,0,0
main,rem_access,4096,64,last,first,0,1,61,29,29,write,0,0xc5e00000003d001d,5,Work Request Flushed Error,0xf9,255,0,0x1244,2094881,0,0
main,rem_access,4096,64,last,first,0,1,61,30,30,write,0,0xc5e00000003d001e,5,Work Request Flushed Error,0xf9,255,0,0x1244,2104210,0,0
main,rem_access,4096,64,last,first,0,1,61,31,31,write,0,0xc5e00000003d001f,5,Work Request Flushed Error,0xf9,255,0,0x1244,2113541,0,0
main,rem_access,4096,64,last,first,0,1,61,32,32,write,0,0xc5e00000003d0020,5,Work Request Flushed Error,0xf9,255,0,0x1244,2122802,0,0
main,rem_access,4096,64,last,first,0,1,61,33,33,write,0,0xc5e00000003d0021,5,Work Request Flushed Error,0xf9,255,0,0x1244,2132094,0,0
main,rem_access,4096,64,last,first,0,1,61,34,34,write,0,0xc5e00000003d0022,5,Work Request Flushed Error,0xf9,255,0,0x1244,2141399,0,0
main,rem_access,4096,64,last,first,0,1,61,35,35,write,0,0xc5e00000003d0023,5,Work Request Flushed Error,0xf9,255,0,0x1244,2150956,0,0
main,rem_access,4096,64,last,first,0,1,61,36,36,write,0,0xc5e00000003d0024,5,Work Request Flushed Error,0xf9,255,0,0x1244,2160249,0,0
main,rem_access,4096,64,last,first,0,1,61,37,37,write,0,0xc5e00000003d0025,5,Work Request Flushed Error,0xf9,255,0,0x1244,2169556,0,0
main,rem_access,4096,64,last,first,0,1,61,38,38,write,0,0xc5e00000003d0026,5,Work Request Flushed Error,0xf9,255,0,0x1244,2178864,0,0
main,rem_access,4096,64,last,first,0,1,61,39,39,write,0,0xc5e00000003d0027,5,Work Request Flushed Error,0xf9,255,0,0x1244,2188194,0,0
main,rem_access,4096,64,last,first,0,1,61,40,40,write,0,0xc5e00000003d0028,5,Work Request Flushed Error,0xf9,255,0,0x1244,2197604,0,0
main,rem_access,4096,64,last,first,0,1,61,41,41,write,0,0xc5e00000003d0029,5,Work Request Flushed Error,0xf9,255,0,0x1244,2206874,0,0
main,rem_access,4096,64,last,first,0,1,61,42,42,write,0,0xc5e00000003d002a,5,Work Request Flushed Error,0xf9,255,0,0x1244,2216190,0,0
main,rem_access,4096,64,last,first,0,1,61,43,43,write,0,0xc5e00000003d002b,5,Work Request Flushed Error,0xf9,255,0,0x1244,2225495,0,0
main,rem_access,4096,64,last,first,0,1,61,44,44,write,0,0xc5e00000003d002c,5,Work Request Flushed Error,0xf9,255,0,0x1244,2234824,0,0
main,rem_access,4096,64,last,first,0,1,61,45,45,write,0,0xc5e00000003d002d,5,Work Request Flushed Error,0xf9,255,0,0x1244,2244315,0,0
main,rem_access,4096,64,last,first,0,1,61,46,46,write,0,0xc5e00000003d002e,5,Work Request Flushed Error,0xf9,255,0,0x1244,2253624,0,0
main,rem_access,4096,64,last,first,0,1,61,47,47,write,0,0xc5e00000003d002f,5,Work Request Flushed Error,0xf9,255,0,0x1244,2262906,0,0
main,rem_access,4096,64,last,first,0,1,61,48,48,write,0,0xc5e00000003d0030,5,Work Request Flushed Error,0xf9,255,0,0x1244,2272247,0,0
main,rem_access,4096,64,last,first,0,1,61,49,49,write,0,0xc5e00000003d0031,5,Work Request Flushed Error,0xf9,255,0,0x1244,2281583,0,0
main,rem_access,4096,64,last,first,0,1,61,50,50,write,0,0xc5e00000003d0032,5,Work Request Flushed Error,0xf9,255,0,0x1244,2290884,0,0
main,rem_access,4096,64,last,first,0,1,61,51,51,write,0,0xc5e00000003d0033,5,Work Request Flushed Error,0xf9,255,0,0x1244,2300413,0,0
main,rem_access,4096,64,last,first,0,1,61,52,52,write,0,0xc5e00000003d0034,5,Work Request Flushed Error,0xf9,255,0,0x1244,2309714,0,0
main,rem_access,4096,64,last,first,0,1,61,53,53,write,0,0xc5e00000003d0035,5,Work Request Flushed Error,0xf9,255,0,0x1244,2318962,0,0
main,rem_access,4096,64,last,first,0,1,61,54,54,write,0,0xc5e00000003d0036,5,Work Request Flushed Error,0xf9,255,0,0x1244,2328242,0,0
main,rem_access,4096,64,last,first,0,1,61,55,55,write,0,0xc5e00000003d0037,5,Work Request Flushed Error,0xf9,255,0,0x1244,2337557,0,0
main,rem_access,4096,64,last,first,0,1,61,56,56,write,0,0xc5e00000003d0038,5,Work Request Flushed Error,0xf9,255,0,0x1244,2346884,0,0
main,rem_access,4096,64,last,first,0,1,61,57,57,write,0,0xc5e00000003d0039,5,Work Request Flushed Error,0xf9,255,0,0x1244,2356202,0,0
main,rem_access,4096,64,last,first,0,1,61,58,58,write,0,0xc5e00000003d003a,5,Work Request Flushed Error,0xf9,255,0,0x1244,2365523,0,0
main,rem_access,4096,64,last,first,0,1,61,59,59,write,0,0xc5e00000003d003b,5,Work Request Flushed Error,0xf9,255,0,0x1244,2374865,0,0
main,rem_access,4096,64,last,first,0,1,61,60,60,write,0,0xc5e00000003d003c,5,Work Request Flushed Error,0xf9,255,0,0x1244,2384141,0,0
main,rem_access,4096,64,last,first,0,1,61,61,61,write,0,0xc5e00000003d003d,5,Work Request Flushed Error,0xf9,255,0,0x1244,2393566,0,0
main,rem_access,4096,64,last,first,0,1,61,62,62,write,0,0xc5e00000003d003e,5,Work Request Flushed Error,0xf9,255,0,0x1244,2402884,0,0
main,rem_access,4096,64,last,first,0,1,61,63,63,write,1,0xc5e00000003d003f,5,Work Request Flushed Error,0xf9,255,0,0x1244,2412177,0,0
main,rem_access,4096,64,last,first,0,2,62,0,0,oob_write,0,0xc5e00000003e0000,10,remote access error,0x88,255,0,0x1244,1777642,0,0
main,rem_access,4096,64,last,first,0,2,62,1,1,write,0,0xc5e00000003e0001,5,Work Request Flushed Error,0xf9,255,0,0x1244,1836925,0,0
main,rem_access,4096,64,last,first,0,2,62,2,2,write,0,0xc5e00000003e0002,5,Work Request Flushed Error,0xf9,255,0,0x1244,1846441,0,0
main,rem_access,4096,64,last,first,0,2,62,3,3,write,0,0xc5e00000003e0003,5,Work Request Flushed Error,0xf9,255,0,0x1244,1855882,0,0
main,rem_access,4096,64,last,first,0,2,62,4,4,write,0,0xc5e00000003e0004,5,Work Request Flushed Error,0xf9,255,0,0x1244,1865263,0,0
main,rem_access,4096,64,last,first,0,2,62,5,5,write,0,0xc5e00000003e0005,5,Work Request Flushed Error,0xf9,255,0,0x1244,1874753,0,0
main,rem_access,4096,64,last,first,0,2,62,6,6,write,0,0xc5e00000003e0006,5,Work Request Flushed Error,0xf9,255,0,0x1244,1884006,0,0
main,rem_access,4096,64,last,first,0,2,62,7,7,write,0,0xc5e00000003e0007,5,Work Request Flushed Error,0xf9,255,0,0x1244,1893257,0,0
main,rem_access,4096,64,last,first,0,2,62,8,8,write,0,0xc5e00000003e0008,5,Work Request Flushed Error,0xf9,255,0,0x1244,1902591,0,0
main,rem_access,4096,64,last,first,0,2,62,9,9,write,0,0xc5e00000003e0009,5,Work Request Flushed Error,0xf9,255,0,0x1244,1911894,0,0
main,rem_access,4096,64,last,first,0,2,62,10,10,write,0,0xc5e00000003e000a,5,Work Request Flushed Error,0xf9,255,0,0x1244,1921173,0,0
main,rem_access,4096,64,last,first,0,2,62,11,11,write,0,0xc5e00000003e000b,5,Work Request Flushed Error,0xf9,255,0,0x1244,1930605,0,0
main,rem_access,4096,64,last,first,0,2,62,12,12,write,0,0xc5e00000003e000c,5,Work Request Flushed Error,0xf9,255,0,0x1244,1939908,0,0
main,rem_access,4096,64,last,first,0,2,62,13,13,write,0,0xc5e00000003e000d,5,Work Request Flushed Error,0xf9,255,0,0x1244,1949233,0,0
main,rem_access,4096,64,last,first,0,2,62,14,14,write,0,0xc5e00000003e000e,5,Work Request Flushed Error,0xf9,255,0,0x1244,1958567,0,0
main,rem_access,4096,64,last,first,0,2,62,15,15,write,0,0xc5e00000003e000f,5,Work Request Flushed Error,0xf9,255,0,0x1244,1967871,0,0
main,rem_access,4096,64,last,first,0,2,62,16,16,write,0,0xc5e00000003e0010,5,Work Request Flushed Error,0xf9,255,0,0x1244,1977236,0,0
main,rem_access,4096,64,last,first,0,2,62,17,17,write,0,0xc5e00000003e0011,5,Work Request Flushed Error,0xf9,255,0,0x1244,1986498,0,0
main,rem_access,4096,64,last,first,0,2,62,18,18,write,0,0xc5e00000003e0012,5,Work Request Flushed Error,0xf9,255,0,0x1244,1995808,0,0
main,rem_access,4096,64,last,first,0,2,62,19,19,write,0,0xc5e00000003e0013,5,Work Request Flushed Error,0xf9,255,0,0x1244,2005128,0,0
main,rem_access,4096,64,last,first,0,2,62,20,20,write,0,0xc5e00000003e0014,5,Work Request Flushed Error,0xf9,255,0,0x1244,2014476,0,0
main,rem_access,4096,64,last,first,0,2,62,21,21,write,0,0xc5e00000003e0015,5,Work Request Flushed Error,0xf9,255,0,0x1244,2023843,0,0
main,rem_access,4096,64,last,first,0,2,62,22,22,write,0,0xc5e00000003e0016,5,Work Request Flushed Error,0xf9,255,0,0x1244,2033152,0,0
main,rem_access,4096,64,last,first,0,2,62,23,23,write,0,0xc5e00000003e0017,5,Work Request Flushed Error,0xf9,255,0,0x1244,2042405,0,0
main,rem_access,4096,64,last,first,0,2,62,24,24,write,0,0xc5e00000003e0018,5,Work Request Flushed Error,0xf9,255,0,0x1244,2051736,0,0
main,rem_access,4096,64,last,first,0,2,62,25,25,write,0,0xc5e00000003e0019,5,Work Request Flushed Error,0xf9,255,0,0x1244,2061102,0,0
main,rem_access,4096,64,last,first,0,2,62,26,26,write,0,0xc5e00000003e001a,5,Work Request Flushed Error,0xf9,255,0,0x1244,2070342,0,0
main,rem_access,4096,64,last,first,0,2,62,27,27,write,0,0xc5e00000003e001b,5,Work Request Flushed Error,0xf9,255,0,0x1244,2079757,0,0
main,rem_access,4096,64,last,first,0,2,62,28,28,write,0,0xc5e00000003e001c,5,Work Request Flushed Error,0xf9,255,0,0x1244,2089081,0,0
main,rem_access,4096,64,last,first,0,2,62,29,29,write,0,0xc5e00000003e001d,5,Work Request Flushed Error,0xf9,255,0,0x1244,2098394,0,0
main,rem_access,4096,64,last,first,0,2,62,30,30,write,0,0xc5e00000003e001e,5,Work Request Flushed Error,0xf9,255,0,0x1244,2107681,0,0
main,rem_access,4096,64,last,first,0,2,62,31,31,write,0,0xc5e00000003e001f,5,Work Request Flushed Error,0xf9,255,0,0x1244,2116957,0,0
main,rem_access,4096,64,last,first,0,2,62,32,32,write,0,0xc5e00000003e0020,5,Work Request Flushed Error,0xf9,255,0,0x1244,2126316,0,0
main,rem_access,4096,64,last,first,0,2,62,33,33,write,0,0xc5e00000003e0021,5,Work Request Flushed Error,0xf9,255,0,0x1244,2135642,0,0
main,rem_access,4096,64,last,first,0,2,62,34,34,write,0,0xc5e00000003e0022,5,Work Request Flushed Error,0xf9,255,0,0x1244,2144972,0,0
main,rem_access,4096,64,last,first,0,2,62,35,35,write,0,0xc5e00000003e0023,5,Work Request Flushed Error,0xf9,255,0,0x1244,2154279,0,0
main,rem_access,4096,64,last,first,0,2,62,36,36,write,0,0xc5e00000003e0024,5,Work Request Flushed Error,0xf9,255,0,0x1244,2163605,0,0
main,rem_access,4096,64,last,first,0,2,62,37,37,write,0,0xc5e00000003e0025,5,Work Request Flushed Error,0xf9,255,0,0x1244,2172915,0,0
main,rem_access,4096,64,last,first,0,2,62,38,38,write,0,0xc5e00000003e0026,5,Work Request Flushed Error,0xf9,255,0,0x1244,2182467,0,0
main,rem_access,4096,64,last,first,0,2,62,39,39,write,0,0xc5e00000003e0027,5,Work Request Flushed Error,0xf9,255,0,0x1244,2191751,0,0
main,rem_access,4096,64,last,first,0,2,62,40,40,write,0,0xc5e00000003e0028,5,Work Request Flushed Error,0xf9,255,0,0x1244,2201035,0,0
main,rem_access,4096,64,last,first,0,2,62,41,41,write,0,0xc5e00000003e0029,5,Work Request Flushed Error,0xf9,255,0,0x1244,2210322,0,0
main,rem_access,4096,64,last,first,0,2,62,42,42,write,0,0xc5e00000003e002a,5,Work Request Flushed Error,0xf9,255,0,0x1244,2219679,0,0
main,rem_access,4096,64,last,first,0,2,62,43,43,write,0,0xc5e00000003e002b,5,Work Request Flushed Error,0xf9,255,0,0x1244,2229116,0,0
main,rem_access,4096,64,last,first,0,2,62,44,44,write,0,0xc5e00000003e002c,5,Work Request Flushed Error,0xf9,255,0,0x1244,2238439,0,0
main,rem_access,4096,64,last,first,0,2,62,45,45,write,0,0xc5e00000003e002d,5,Work Request Flushed Error,0xf9,255,0,0x1244,2247898,0,0
main,rem_access,4096,64,last,first,0,2,62,46,46,write,0,0xc5e00000003e002e,5,Work Request Flushed Error,0xf9,255,0,0x1244,2258289,0,0
main,rem_access,4096,64,last,first,0,2,62,47,47,write,0,0xc5e00000003e002f,5,Work Request Flushed Error,0xf9,255,0,0x1244,2267755,0,0
main,rem_access,4096,64,last,first,0,2,62,48,48,write,0,0xc5e00000003e0030,5,Work Request Flushed Error,0xf9,255,0,0x1244,2277396,0,0
main,rem_access,4096,64,last,first,0,2,62,49,49,write,0,0xc5e00000003e0031,5,Work Request Flushed Error,0xf9,255,0,0x1244,2286886,0,0
main,rem_access,4096,64,last,first,0,2,62,50,50,write,0,0xc5e00000003e0032,5,Work Request Flushed Error,0xf9,255,0,0x1244,2296322,0,0
main,rem_access,4096,64,last,first,0,2,62,51,51,write,0,0xc5e00000003e0033,5,Work Request Flushed Error,0xf9,255,0,0x1244,2307654,0,0
main,rem_access,4096,64,last,first,0,2,62,52,52,write,0,0xc5e00000003e0034,5,Work Request Flushed Error,0xf9,255,0,0x1244,2317043,0,0
main,rem_access,4096,64,last,first,0,2,62,53,53,write,0,0xc5e00000003e0035,5,Work Request Flushed Error,0xf9,255,0,0x1244,2326513,0,0
main,rem_access,4096,64,last,first,0,2,62,54,54,write,0,0xc5e00000003e0036,5,Work Request Flushed Error,0xf9,255,0,0x1244,2335995,0,0
main,rem_access,4096,64,last,first,0,2,62,55,55,write,0,0xc5e00000003e0037,5,Work Request Flushed Error,0xf9,255,0,0x1244,2345309,0,0
main,rem_access,4096,64,last,first,0,2,62,56,56,write,0,0xc5e00000003e0038,5,Work Request Flushed Error,0xf9,255,0,0x1244,2354627,0,0
main,rem_access,4096,64,last,first,0,2,62,57,57,write,0,0xc5e00000003e0039,5,Work Request Flushed Error,0xf9,255,0,0x1244,2363953,0,0
main,rem_access,4096,64,last,first,0,2,62,58,58,write,0,0xc5e00000003e003a,5,Work Request Flushed Error,0xf9,255,0,0x1244,2373294,0,0
main,rem_access,4096,64,last,first,0,2,62,59,59,write,0,0xc5e00000003e003b,5,Work Request Flushed Error,0xf9,255,0,0x1244,2382806,0,0
main,rem_access,4096,64,last,first,0,2,62,60,60,write,0,0xc5e00000003e003c,5,Work Request Flushed Error,0xf9,255,0,0x1244,2392119,0,0
main,rem_access,4096,64,last,first,0,2,62,61,61,write,0,0xc5e00000003e003d,5,Work Request Flushed Error,0xf9,255,0,0x1244,2401446,0,0
main,rem_access,4096,64,last,first,0,2,62,62,62,write,0,0xc5e00000003e003e,5,Work Request Flushed Error,0xf9,255,0,0x1244,2410691,0,0
main,rem_access,4096,64,last,first,0,2,62,63,63,write,1,0xc5e00000003e003f,5,Work Request Flushed Error,0xf9,255,0,0x1244,2419983,0,0
main,rem_access,4096,64,last,first,0,3,63,0,0,oob_write,0,0xc5e00000003f0000,10,remote access error,0x88,255,0,0x1244,1768152,0,0
main,rem_access,4096,64,last,first,0,3,63,1,1,write,0,0xc5e00000003f0001,5,Work Request Flushed Error,0xf9,255,0,0x1244,1827432,0,0
main,rem_access,4096,64,last,first,0,3,63,2,2,write,0,0xc5e00000003f0002,5,Work Request Flushed Error,0xf9,255,0,0x1244,1836956,0,0
main,rem_access,4096,64,last,first,0,3,63,3,3,write,0,0xc5e00000003f0003,5,Work Request Flushed Error,0xf9,255,0,0x1244,1846962,0,0
main,rem_access,4096,64,last,first,0,3,63,4,4,write,0,0xc5e00000003f0004,5,Work Request Flushed Error,0xf9,255,0,0x1244,1856434,0,0
main,rem_access,4096,64,last,first,0,3,63,5,5,write,0,0xc5e00000003f0005,5,Work Request Flushed Error,0xf9,255,0,0x1244,1865820,0,0
main,rem_access,4096,64,last,first,0,3,63,6,6,write,0,0xc5e00000003f0006,5,Work Request Flushed Error,0xf9,255,0,0x1244,1875310,0,0
main,rem_access,4096,64,last,first,0,3,63,7,7,write,0,0xc5e00000003f0007,5,Work Request Flushed Error,0xf9,255,0,0x1244,1884697,0,0
main,rem_access,4096,64,last,first,0,3,63,8,8,write,0,0xc5e00000003f0008,5,Work Request Flushed Error,0xf9,255,0,0x1244,1894240,0,0
main,rem_access,4096,64,last,first,0,3,63,9,9,write,0,0xc5e00000003f0009,5,Work Request Flushed Error,0xf9,255,0,0x1244,1903557,0,0
main,rem_access,4096,64,last,first,0,3,63,10,10,write,0,0xc5e00000003f000a,5,Work Request Flushed Error,0xf9,255,0,0x1244,1912825,0,0
main,rem_access,4096,64,last,first,0,3,63,11,11,write,0,0xc5e00000003f000b,5,Work Request Flushed Error,0xf9,255,0,0x1244,1922099,0,0
main,rem_access,4096,64,last,first,0,3,63,12,12,write,0,0xc5e00000003f000c,5,Work Request Flushed Error,0xf9,255,0,0x1244,1931474,0,0
main,rem_access,4096,64,last,first,0,3,63,13,13,write,0,0xc5e00000003f000d,5,Work Request Flushed Error,0xf9,255,0,0x1244,1940816,0,0
main,rem_access,4096,64,last,first,0,3,63,14,14,write,0,0xc5e00000003f000e,5,Work Request Flushed Error,0xf9,255,0,0x1244,1950194,0,0
main,rem_access,4096,64,last,first,0,3,63,15,15,write,0,0xc5e00000003f000f,5,Work Request Flushed Error,0xf9,255,0,0x1244,1959477,0,0
main,rem_access,4096,64,last,first,0,3,63,16,16,write,0,0xc5e00000003f0010,5,Work Request Flushed Error,0xf9,255,0,0x1244,1968785,0,0
main,rem_access,4096,64,last,first,0,3,63,17,17,write,0,0xc5e00000003f0011,5,Work Request Flushed Error,0xf9,255,0,0x1244,1978103,0,0
main,rem_access,4096,64,last,first,0,3,63,18,18,write,0,0xc5e00000003f0012,5,Work Request Flushed Error,0xf9,255,0,0x1244,1987392,0,0
main,rem_access,4096,64,last,first,0,3,63,19,19,write,0,0xc5e00000003f0013,5,Work Request Flushed Error,0xf9,255,0,0x1244,1996844,0,0
main,rem_access,4096,64,last,first,0,3,63,20,20,write,0,0xc5e00000003f0014,5,Work Request Flushed Error,0xf9,255,0,0x1244,2006136,0,0
main,rem_access,4096,64,last,first,0,3,63,21,21,write,0,0xc5e00000003f0015,5,Work Request Flushed Error,0xf9,255,0,0x1244,2015426,0,0
main,rem_access,4096,64,last,first,0,3,63,22,22,write,0,0xc5e00000003f0016,5,Work Request Flushed Error,0xf9,255,0,0x1244,2024799,0,0
main,rem_access,4096,64,last,first,0,3,63,23,23,write,0,0xc5e00000003f0017,5,Work Request Flushed Error,0xf9,255,0,0x1244,2034148,0,0
main,rem_access,4096,64,last,first,0,3,63,24,24,write,0,0xc5e00000003f0018,5,Work Request Flushed Error,0xf9,255,0,0x1244,2043558,0,0
main,rem_access,4096,64,last,first,0,3,63,25,25,write,0,0xc5e00000003f0019,5,Work Request Flushed Error,0xf9,255,0,0x1244,2052828,0,0
main,rem_access,4096,64,last,first,0,3,63,26,26,write,0,0xc5e00000003f001a,5,Work Request Flushed Error,0xf9,255,0,0x1244,2062195,0,0
main,rem_access,4096,64,last,first,0,3,63,27,27,write,0,0xc5e00000003f001b,5,Work Request Flushed Error,0xf9,255,0,0x1244,2071511,0,0
main,rem_access,4096,64,last,first,0,3,63,28,28,write,0,0xc5e00000003f001c,5,Work Request Flushed Error,0xf9,255,0,0x1244,2080856,0,0
main,rem_access,4096,64,last,first,0,3,63,29,29,write,0,0xc5e00000003f001d,5,Work Request Flushed Error,0xf9,255,0,0x1244,2090398,0,0
main,rem_access,4096,64,last,first,0,3,63,30,30,write,0,0xc5e00000003f001e,5,Work Request Flushed Error,0xf9,255,0,0x1244,2099753,0,0
main,rem_access,4096,64,last,first,0,3,63,31,31,write,0,0xc5e00000003f001f,5,Work Request Flushed Error,0xf9,255,0,0x1244,2109111,0,0
main,rem_access,4096,64,last,first,0,3,63,32,32,write,0,0xc5e00000003f0020,5,Work Request Flushed Error,0xf9,255,0,0x1244,2118383,0,0
main,rem_access,4096,64,last,first,0,3,63,33,33,write,0,0xc5e00000003f0021,5,Work Request Flushed Error,0xf9,255,0,0x1244,2127675,0,0
main,rem_access,4096,64,last,first,0,3,63,34,34,write,0,0xc5e00000003f0022,5,Work Request Flushed Error,0xf9,255,0,0x1244,2136983,0,0
main,rem_access,4096,64,last,first,0,3,63,35,35,write,0,0xc5e00000003f0023,5,Work Request Flushed Error,0xf9,255,0,0x1244,2146521,0,0
main,rem_access,4096,64,last,first,0,3,63,36,36,write,0,0xc5e00000003f0024,5,Work Request Flushed Error,0xf9,255,0,0x1244,2155878,0,0
main,rem_access,4096,64,last,first,0,3,63,37,37,write,0,0xc5e00000003f0025,5,Work Request Flushed Error,0xf9,255,0,0x1244,2165154,0,0
main,rem_access,4096,64,last,first,0,3,63,38,38,write,0,0xc5e00000003f0026,5,Work Request Flushed Error,0xf9,255,0,0x1244,2174507,0,0
main,rem_access,4096,64,last,first,0,3,63,39,39,write,0,0xc5e00000003f0027,5,Work Request Flushed Error,0xf9,255,0,0x1244,2183831,0,0
main,rem_access,4096,64,last,first,0,3,63,40,40,write,0,0xc5e00000003f0028,5,Work Request Flushed Error,0xf9,255,0,0x1244,2193212,0,0
main,rem_access,4096,64,last,first,0,3,63,41,41,write,0,0xc5e00000003f0029,5,Work Request Flushed Error,0xf9,255,0,0x1244,2202476,0,0
main,rem_access,4096,64,last,first,0,3,63,42,42,write,0,0xc5e00000003f002a,5,Work Request Flushed Error,0xf9,255,0,0x1244,2211793,0,0
main,rem_access,4096,64,last,first,0,3,63,43,43,write,0,0xc5e00000003f002b,5,Work Request Flushed Error,0xf9,255,0,0x1244,2221133,0,0
main,rem_access,4096,64,last,first,0,3,63,44,44,write,0,0xc5e00000003f002c,5,Work Request Flushed Error,0xf9,255,0,0x1244,2230462,0,0
main,rem_access,4096,64,last,first,0,3,63,45,45,write,0,0xc5e00000003f002d,5,Work Request Flushed Error,0xf9,255,0,0x1244,2239775,0,0
main,rem_access,4096,64,last,first,0,3,63,46,46,write,0,0xc5e00000003f002e,5,Work Request Flushed Error,0xf9,255,0,0x1244,2249253,0,0
main,rem_access,4096,64,last,first,0,3,63,47,47,write,0,0xc5e00000003f002f,5,Work Request Flushed Error,0xf9,255,0,0x1244,2258586,0,0
main,rem_access,4096,64,last,first,0,3,63,48,48,write,0,0xc5e00000003f0030,5,Work Request Flushed Error,0xf9,255,0,0x1244,2267893,0,0
main,rem_access,4096,64,last,first,0,3,63,49,49,write,0,0xc5e00000003f0031,5,Work Request Flushed Error,0xf9,255,0,0x1244,2277166,0,0
main,rem_access,4096,64,last,first,0,3,63,50,50,write,0,0xc5e00000003f0032,5,Work Request Flushed Error,0xf9,255,0,0x1244,2286505,0,0
main,rem_access,4096,64,last,first,0,3,63,51,51,write,0,0xc5e00000003f0033,5,Work Request Flushed Error,0xf9,255,0,0x1244,2295976,0,0
main,rem_access,4096,64,last,first,0,3,63,52,52,write,0,0xc5e00000003f0034,5,Work Request Flushed Error,0xf9,255,0,0x1244,2305314,0,0
main,rem_access,4096,64,last,first,0,3,63,53,53,write,0,0xc5e00000003f0035,5,Work Request Flushed Error,0xf9,255,0,0x1244,2314646,0,0
main,rem_access,4096,64,last,first,0,3,63,54,54,write,0,0xc5e00000003f0036,5,Work Request Flushed Error,0xf9,255,0,0x1244,2323948,0,0
main,rem_access,4096,64,last,first,0,3,63,55,55,write,0,0xc5e00000003f0037,5,Work Request Flushed Error,0xf9,255,0,0x1244,2333257,0,0
main,rem_access,4096,64,last,first,0,3,63,56,56,write,0,0xc5e00000003f0038,5,Work Request Flushed Error,0xf9,255,0,0x1244,2342652,0,0
main,rem_access,4096,64,last,first,0,3,63,57,57,write,0,0xc5e00000003f0039,5,Work Request Flushed Error,0xf9,255,0,0x1244,2352011,0,0
main,rem_access,4096,64,last,first,0,3,63,58,58,write,0,0xc5e00000003f003a,5,Work Request Flushed Error,0xf9,255,0,0x1244,2361340,0,0
main,rem_access,4096,64,last,first,0,3,63,59,59,write,0,0xc5e00000003f003b,5,Work Request Flushed Error,0xf9,255,0,0x1244,2370660,0,0
main,rem_access,4096,64,last,first,0,3,63,60,60,write,0,0xc5e00000003f003c,5,Work Request Flushed Error,0xf9,255,0,0x1244,2379998,0,0
main,rem_access,4096,64,last,first,0,3,63,61,61,write,0,0xc5e00000003f003d,5,Work Request Flushed Error,0xf9,255,0,0x1244,2389330,0,0
main,rem_access,4096,64,last,first,0,3,63,62,62,write,0,0xc5e00000003f003e,5,Work Request Flushed Error,0xf9,255,0,0x1244,2398599,0,0
main,rem_access,4096,64,last,first,0,3,63,63,63,write,1,0xc5e00000003f003f,5,Work Request Flushed Error,0xf9,255,0,0x1244,2407898,0,0
main,rem_access,4096,64,last,first,0,4,64,0,0,oob_write,0,0xc5e0000000400000,10,remote access error,0x88,255,0,0x1244,1773061,0,0
main,rem_access,4096,64,last,first,0,4,64,1,1,write,0,0xc5e0000000400001,5,Work Request Flushed Error,0xf9,255,0,0x1244,1832450,0,0
main,rem_access,4096,64,last,first,0,4,64,2,2,write,0,0xc5e0000000400002,5,Work Request Flushed Error,0xf9,255,0,0x1244,1841944,0,0
main,rem_access,4096,64,last,first,0,4,64,3,3,write,0,0xc5e0000000400003,5,Work Request Flushed Error,0xf9,255,0,0x1244,1851325,0,0
main,rem_access,4096,64,last,first,0,4,64,4,4,write,0,0xc5e0000000400004,5,Work Request Flushed Error,0xf9,255,0,0x1244,1860826,0,0
main,rem_access,4096,64,last,first,0,4,64,5,5,write,0,0xc5e0000000400005,5,Work Request Flushed Error,0xf9,255,0,0x1244,1870455,0,0
main,rem_access,4096,64,last,first,0,4,64,6,6,write,0,0xc5e0000000400006,5,Work Request Flushed Error,0xf9,255,0,0x1244,1879775,0,0
main,rem_access,4096,64,last,first,0,4,64,7,7,write,0,0xc5e0000000400007,5,Work Request Flushed Error,0xf9,255,0,0x1244,1889035,0,0
main,rem_access,4096,64,last,first,0,4,64,8,8,write,0,0xc5e0000000400008,5,Work Request Flushed Error,0xf9,255,0,0x1244,1898346,0,0
main,rem_access,4096,64,last,first,0,4,64,9,9,write,0,0xc5e0000000400009,5,Work Request Flushed Error,0xf9,255,0,0x1244,1907727,0,0
main,rem_access,4096,64,last,first,0,4,64,10,10,write,0,0xc5e000000040000a,5,Work Request Flushed Error,0xf9,255,0,0x1244,1917061,0,0
main,rem_access,4096,64,last,first,0,4,64,11,11,write,0,0xc5e000000040000b,5,Work Request Flushed Error,0xf9,255,0,0x1244,1926381,0,0
main,rem_access,4096,64,last,first,0,4,64,12,12,write,0,0xc5e000000040000c,5,Work Request Flushed Error,0xf9,255,0,0x1244,1935688,0,0
main,rem_access,4096,64,last,first,0,4,64,13,13,write,0,0xc5e000000040000d,5,Work Request Flushed Error,0xf9,255,0,0x1244,1945006,0,0
main,rem_access,4096,64,last,first,0,4,64,14,14,write,0,0xc5e000000040000e,5,Work Request Flushed Error,0xf9,255,0,0x1244,1954280,0,0
main,rem_access,4096,64,last,first,0,4,64,15,15,write,0,0xc5e000000040000f,5,Work Request Flushed Error,0xf9,255,0,0x1244,1963675,0,0
main,rem_access,4096,64,last,first,0,4,64,16,16,write,0,0xc5e0000000400010,5,Work Request Flushed Error,0xf9,255,0,0x1244,1972992,0,0
main,rem_access,4096,64,last,first,0,4,64,17,17,write,0,0xc5e0000000400011,5,Work Request Flushed Error,0xf9,255,0,0x1244,1982290,0,0
main,rem_access,4096,64,last,first,0,4,64,18,18,write,0,0xc5e0000000400012,5,Work Request Flushed Error,0xf9,255,0,0x1244,1991629,0,0
main,rem_access,4096,64,last,first,0,4,64,19,19,write,0,0xc5e0000000400013,5,Work Request Flushed Error,0xf9,255,0,0x1244,2000948,0,0
main,rem_access,4096,64,last,first,0,4,64,20,20,write,0,0xc5e0000000400014,5,Work Request Flushed Error,0xf9,255,0,0x1244,2010260,0,0
main,rem_access,4096,64,last,first,0,4,64,21,21,write,0,0xc5e0000000400015,5,Work Request Flushed Error,0xf9,255,0,0x1244,2019536,0,0
main,rem_access,4096,64,last,first,0,4,64,22,22,write,0,0xc5e0000000400016,5,Work Request Flushed Error,0xf9,255,0,0x1244,2028794,0,0
main,rem_access,4096,64,last,first,0,4,64,23,23,write,0,0xc5e0000000400017,5,Work Request Flushed Error,0xf9,255,0,0x1244,2038119,0,0
main,rem_access,4096,64,last,first,0,4,64,24,24,write,0,0xc5e0000000400018,5,Work Request Flushed Error,0xf9,255,0,0x1244,2047434,0,0
main,rem_access,4096,64,last,first,0,4,64,25,25,write,0,0xc5e0000000400019,5,Work Request Flushed Error,0xf9,255,0,0x1244,2056714,0,0
main,rem_access,4096,64,last,first,0,4,64,26,26,write,0,0xc5e000000040001a,5,Work Request Flushed Error,0xf9,255,0,0x1244,2066137,0,0
main,rem_access,4096,64,last,first,0,4,64,27,27,write,0,0xc5e000000040001b,5,Work Request Flushed Error,0xf9,255,0,0x1244,2075418,0,0
main,rem_access,4096,64,last,first,0,4,64,28,28,write,0,0xc5e000000040001c,5,Work Request Flushed Error,0xf9,255,0,0x1244,2084763,0,0
main,rem_access,4096,64,last,first,0,4,64,29,29,write,0,0xc5e000000040001d,5,Work Request Flushed Error,0xf9,255,0,0x1244,2094008,0,0
main,rem_access,4096,64,last,first,0,4,64,30,30,write,0,0xc5e000000040001e,5,Work Request Flushed Error,0xf9,255,0,0x1244,2103273,0,0
main,rem_access,4096,64,last,first,0,4,64,31,31,write,0,0xc5e000000040001f,5,Work Request Flushed Error,0xf9,255,0,0x1244,2112659,0,0
main,rem_access,4096,64,last,first,0,4,64,32,32,write,0,0xc5e0000000400020,5,Work Request Flushed Error,0xf9,255,0,0x1244,2121975,0,0
main,rem_access,4096,64,last,first,0,4,64,33,33,write,0,0xc5e0000000400021,5,Work Request Flushed Error,0xf9,255,0,0x1244,2131289,0,0
main,rem_access,4096,64,last,first,0,4,64,34,34,write,0,0xc5e0000000400022,5,Work Request Flushed Error,0xf9,255,0,0x1244,2140539,0,0
main,rem_access,4096,64,last,first,0,4,64,35,35,write,0,0xc5e0000000400023,5,Work Request Flushed Error,0xf9,255,0,0x1244,2149851,0,0
main,rem_access,4096,64,last,first,0,4,64,36,36,write,0,0xc5e0000000400024,5,Work Request Flushed Error,0xf9,255,0,0x1244,2159299,0,0
main,rem_access,4096,64,last,first,0,4,64,37,37,write,0,0xc5e0000000400025,5,Work Request Flushed Error,0xf9,255,0,0x1244,2168608,0,0
main,rem_access,4096,64,last,first,0,4,64,38,38,write,0,0xc5e0000000400026,5,Work Request Flushed Error,0xf9,255,0,0x1244,2177864,0,0
main,rem_access,4096,64,last,first,0,4,64,39,39,write,0,0xc5e0000000400027,5,Work Request Flushed Error,0xf9,255,0,0x1244,2187182,0,0
main,rem_access,4096,64,last,first,0,4,64,40,40,write,0,0xc5e0000000400028,5,Work Request Flushed Error,0xf9,255,0,0x1244,2196519,0,0
main,rem_access,4096,64,last,first,0,4,64,41,41,write,0,0xc5e0000000400029,5,Work Request Flushed Error,0xf9,255,0,0x1244,2205892,0,0
main,rem_access,4096,64,last,first,0,4,64,42,42,write,0,0xc5e000000040002a,5,Work Request Flushed Error,0xf9,255,0,0x1244,2215379,0,0
main,rem_access,4096,64,last,first,0,4,64,43,43,write,0,0xc5e000000040002b,5,Work Request Flushed Error,0xf9,255,0,0x1244,2224650,0,0
main,rem_access,4096,64,last,first,0,4,64,44,44,write,0,0xc5e000000040002c,5,Work Request Flushed Error,0xf9,255,0,0x1244,2233944,0,0
main,rem_access,4096,64,last,first,0,4,64,45,45,write,0,0xc5e000000040002d,5,Work Request Flushed Error,0xf9,255,0,0x1244,2243267,0,0
main,rem_access,4096,64,last,first,0,4,64,46,46,write,0,0xc5e000000040002e,5,Work Request Flushed Error,0xf9,255,0,0x1244,2252552,0,0
main,rem_access,4096,64,last,first,0,4,64,47,47,write,0,0xc5e000000040002f,5,Work Request Flushed Error,0xf9,255,0,0x1244,2261905,0,0
main,rem_access,4096,64,last,first,0,4,64,48,48,write,0,0xc5e0000000400030,5,Work Request Flushed Error,0xf9,255,0,0x1244,2271199,0,0
main,rem_access,4096,64,last,first,0,4,64,49,49,write,0,0xc5e0000000400031,5,Work Request Flushed Error,0xf9,255,0,0x1244,2280489,0,0
main,rem_access,4096,64,last,first,0,4,64,50,50,write,0,0xc5e0000000400032,5,Work Request Flushed Error,0xf9,255,0,0x1244,2289851,0,0
main,rem_access,4096,64,last,first,0,4,64,51,51,write,0,0xc5e0000000400033,5,Work Request Flushed Error,0xf9,255,0,0x1244,2299161,0,0
main,rem_access,4096,64,last,first,0,4,64,52,52,write,0,0xc5e0000000400034,5,Work Request Flushed Error,0xf9,255,0,0x1244,2308588,0,0
main,rem_access,4096,64,last,first,0,4,64,53,53,write,0,0xc5e0000000400035,5,Work Request Flushed Error,0xf9,255,0,0x1244,2317869,0,0
main,rem_access,4096,64,last,first,0,4,64,54,54,write,0,0xc5e0000000400036,5,Work Request Flushed Error,0xf9,255,0,0x1244,2327155,0,0
main,rem_access,4096,64,last,first,0,4,64,55,55,write,0,0xc5e0000000400037,5,Work Request Flushed Error,0xf9,255,0,0x1244,2336485,0,0
main,rem_access,4096,64,last,first,0,4,64,56,56,write,0,0xc5e0000000400038,5,Work Request Flushed Error,0xf9,255,0,0x1244,2345810,0,0
main,rem_access,4096,64,last,first,0,4,64,57,57,write,0,0xc5e0000000400039,5,Work Request Flushed Error,0xf9,255,0,0x1244,2355069,0,0
main,rem_access,4096,64,last,first,0,4,64,58,58,write,0,0xc5e000000040003a,5,Work Request Flushed Error,0xf9,255,0,0x1244,2364513,0,0
main,rem_access,4096,64,last,first,0,4,64,59,59,write,0,0xc5e000000040003b,5,Work Request Flushed Error,0xf9,255,0,0x1244,2373821,0,0
main,rem_access,4096,64,last,first,0,4,64,60,60,write,0,0xc5e000000040003c,5,Work Request Flushed Error,0xf9,255,0,0x1244,2383117,0,0
main,rem_access,4096,64,last,first,0,4,64,61,61,write,0,0xc5e000000040003d,5,Work Request Flushed Error,0xf9,255,0,0x1244,2392410,0,0
main,rem_access,4096,64,last,first,0,4,64,62,62,write,0,0xc5e000000040003e,5,Work Request Flushed Error,0xf9,255,0,0x1244,2401744,0,0
main,rem_access,4096,64,last,first,0,4,64,63,63,write,1,0xc5e000000040003f,5,Work Request Flushed Error,0xf9,255,0,0x1244,2411075,0,0
main,rem_access,4096,64,last,middle,32,0,65,0,32,oob_write,0,0xc5e0000000410020,10,remote access error,0x88,255,0,0x1244,1782134,0,0
main,rem_access,4096,64,last,middle,32,0,65,1,33,write,0,0xc5e0000000410021,5,Work Request Flushed Error,0xf9,255,0,0x1244,1841603,0,0
main,rem_access,4096,64,last,middle,32,0,65,2,34,write,0,0xc5e0000000410022,5,Work Request Flushed Error,0xf9,255,0,0x1244,1851151,0,0
main,rem_access,4096,64,last,middle,32,0,65,3,35,write,0,0xc5e0000000410023,5,Work Request Flushed Error,0xf9,255,0,0x1244,1860559,0,0
main,rem_access,4096,64,last,middle,32,0,65,4,36,write,0,0xc5e0000000410024,5,Work Request Flushed Error,0xf9,255,0,0x1244,1869975,0,0
main,rem_access,4096,64,last,middle,32,0,65,5,37,write,0,0xc5e0000000410025,5,Work Request Flushed Error,0xf9,255,0,0x1244,1879288,0,0
main,rem_access,4096,64,last,middle,32,0,65,6,38,write,0,0xc5e0000000410026,5,Work Request Flushed Error,0xf9,255,0,0x1244,1888623,0,0
main,rem_access,4096,64,last,middle,32,0,65,7,39,write,0,0xc5e0000000410027,5,Work Request Flushed Error,0xf9,255,0,0x1244,1898185,0,0
main,rem_access,4096,64,last,middle,32,0,65,8,40,write,0,0xc5e0000000410028,5,Work Request Flushed Error,0xf9,255,0,0x1244,1907495,0,0
main,rem_access,4096,64,last,middle,32,0,65,9,41,write,0,0xc5e0000000410029,5,Work Request Flushed Error,0xf9,255,0,0x1244,1916795,0,0
main,rem_access,4096,64,last,middle,32,0,65,10,42,write,0,0xc5e000000041002a,5,Work Request Flushed Error,0xf9,255,0,0x1244,1926120,0,0
main,rem_access,4096,64,last,middle,32,0,65,11,43,write,0,0xc5e000000041002b,5,Work Request Flushed Error,0xf9,255,0,0x1244,1935407,0,0
main,rem_access,4096,64,last,middle,32,0,65,12,44,write,0,0xc5e000000041002c,5,Work Request Flushed Error,0xf9,255,0,0x1244,1944803,0,0
main,rem_access,4096,64,last,middle,32,0,65,13,45,write,0,0xc5e000000041002d,5,Work Request Flushed Error,0xf9,255,0,0x1244,1954148,0,0
main,rem_access,4096,64,last,middle,32,0,65,14,46,write,0,0xc5e000000041002e,5,Work Request Flushed Error,0xf9,255,0,0x1244,1963396,0,0
main,rem_access,4096,64,last,middle,32,0,65,15,47,write,0,0xc5e000000041002f,5,Work Request Flushed Error,0xf9,255,0,0x1244,1972767,0,0
main,rem_access,4096,64,last,middle,32,0,65,16,48,write,0,0xc5e0000000410030,5,Work Request Flushed Error,0xf9,255,0,0x1244,1982144,0,0
main,rem_access,4096,64,last,middle,32,0,65,17,49,write,0,0xc5e0000000410031,5,Work Request Flushed Error,0xf9,255,0,0x1244,1991523,0,0
main,rem_access,4096,64,last,middle,32,0,65,18,50,write,0,0xc5e0000000410032,5,Work Request Flushed Error,0xf9,255,0,0x1244,2000841,0,0
main,rem_access,4096,64,last,middle,32,0,65,19,51,write,0,0xc5e0000000410033,5,Work Request Flushed Error,0xf9,255,0,0x1244,2010138,0,0
main,rem_access,4096,64,last,middle,32,0,65,20,52,write,0,0xc5e0000000410034,5,Work Request Flushed Error,0xf9,255,0,0x1244,2019459,0,0
main,rem_access,4096,64,last,middle,32,0,65,21,53,write,0,0xc5e0000000410035,5,Work Request Flushed Error,0xf9,255,0,0x1244,2028753,0,0
main,rem_access,4096,64,last,middle,32,0,65,22,54,write,0,0xc5e0000000410036,5,Work Request Flushed Error,0xf9,255,0,0x1244,2038076,0,0
main,rem_access,4096,64,last,middle,32,0,65,23,55,write,0,0xc5e0000000410037,5,Work Request Flushed Error,0xf9,255,0,0x1244,2047457,0,0
main,rem_access,4096,64,last,middle,32,0,65,24,56,write,0,0xc5e0000000410038,5,Work Request Flushed Error,0xf9,255,0,0x1244,2056740,0,0
main,rem_access,4096,64,last,middle,32,0,65,25,57,write,0,0xc5e0000000410039,5,Work Request Flushed Error,0xf9,255,0,0x1244,2066115,0,0
main,rem_access,4096,64,last,middle,32,0,65,26,58,write,0,0xc5e000000041003a,5,Work Request Flushed Error,0xf9,255,0,0x1244,2075429,0,0
main,rem_access,4096,64,last,middle,32,0,65,27,59,write,0,0xc5e000000041003b,5,Work Request Flushed Error,0xf9,255,0,0x1244,2084709,0,0
main,rem_access,4096,64,last,middle,32,0,65,28,60,write,0,0xc5e000000041003c,5,Work Request Flushed Error,0xf9,255,0,0x1244,2094073,0,0
main,rem_access,4096,64,last,middle,32,0,65,29,61,write,0,0xc5e000000041003d,5,Work Request Flushed Error,0xf9,255,0,0x1244,2103368,0,0
main,rem_access,4096,64,last,middle,32,0,65,30,62,write,0,0xc5e000000041003e,5,Work Request Flushed Error,0xf9,255,0,0x1244,2112698,0,0
main,rem_access,4096,64,last,middle,32,0,65,31,63,write,1,0xc5e000000041003f,5,Work Request Flushed Error,0xf9,255,0,0x1244,2122048,0,0
main,rem_access,4096,64,last,middle,32,1,66,0,32,oob_write,0,0xc5e0000000420020,10,remote access error,0x88,255,0,0x1244,1799410,0,0
main,rem_access,4096,64,last,middle,32,1,66,1,33,write,0,0xc5e0000000420021,5,Work Request Flushed Error,0xf9,255,0,0x1244,1859532,0,0
main,rem_access,4096,64,last,middle,32,1,66,2,34,write,0,0xc5e0000000420022,5,Work Request Flushed Error,0xf9,255,0,0x1244,1869303,0,0
main,rem_access,4096,64,last,middle,32,1,66,3,35,write,0,0xc5e0000000420023,5,Work Request Flushed Error,0xf9,255,0,0x1244,1878848,0,0
main,rem_access,4096,64,last,middle,32,1,66,4,36,write,0,0xc5e0000000420024,5,Work Request Flushed Error,0xf9,255,0,0x1244,1888322,0,0
main,rem_access,4096,64,last,middle,32,1,66,5,37,write,0,0xc5e0000000420025,5,Work Request Flushed Error,0xf9,255,0,0x1244,1897878,0,0
main,rem_access,4096,64,last,middle,32,1,66,6,38,write,0,0xc5e0000000420026,5,Work Request Flushed Error,0xf9,255,0,0x1244,1907281,0,0
main,rem_access,4096,64,last,middle,32,1,66,7,39,write,0,0xc5e0000000420027,5,Work Request Flushed Error,0xf9,255,0,0x1244,1916680,0,0
main,rem_access,4096,64,last,middle,32,1,66,8,40,write,0,0xc5e0000000420028,5,Work Request Flushed Error,0xf9,255,0,0x1244,1926096,0,0
main,rem_access,4096,64,last,middle,32,1,66,9,41,write,0,0xc5e0000000420029,5,Work Request Flushed Error,0xf9,255,0,0x1244,1935498,0,0
main,rem_access,4096,64,last,middle,32,1,66,10,42,write,0,0xc5e000000042002a,5,Work Request Flushed Error,0xf9,255,0,0x1244,1944975,0,0
main,rem_access,4096,64,last,middle,32,1,66,11,43,write,0,0xc5e000000042002b,5,Work Request Flushed Error,0xf9,255,0,0x1244,1954619,0,0
main,rem_access,4096,64,last,middle,32,1,66,12,44,write,0,0xc5e000000042002c,5,Work Request Flushed Error,0xf9,255,0,0x1244,1964122,0,0
main,rem_access,4096,64,last,middle,32,1,66,13,45,write,0,0xc5e000000042002d,5,Work Request Flushed Error,0xf9,255,0,0x1244,1973593,0,0
main,rem_access,4096,64,last,middle,32,1,66,14,46,write,0,0xc5e000000042002e,5,Work Request Flushed Error,0xf9,255,0,0x1244,1983041,0,0
main,rem_access,4096,64,last,middle,32,1,66,15,47,write,0,0xc5e000000042002f,5,Work Request Flushed Error,0xf9,255,0,0x1244,1992411,0,0
main,rem_access,4096,64,last,middle,32,1,66,16,48,write,0,0xc5e0000000420030,5,Work Request Flushed Error,0xf9,255,0,0x1244,2001957,0,0
main,rem_access,4096,64,last,middle,32,1,66,17,49,write,0,0xc5e0000000420031,5,Work Request Flushed Error,0xf9,255,0,0x1244,2011427,0,0
main,rem_access,4096,64,last,middle,32,1,66,18,50,write,0,0xc5e0000000420032,5,Work Request Flushed Error,0xf9,255,0,0x1244,2020861,0,0
main,rem_access,4096,64,last,middle,32,1,66,19,51,write,0,0xc5e0000000420033,5,Work Request Flushed Error,0xf9,255,0,0x1244,2030237,0,0
main,rem_access,4096,64,last,middle,32,1,66,20,52,write,0,0xc5e0000000420034,5,Work Request Flushed Error,0xf9,255,0,0x1244,2039617,0,0
main,rem_access,4096,64,last,middle,32,1,66,21,53,write,0,0xc5e0000000420035,5,Work Request Flushed Error,0xf9,255,0,0x1244,2049090,0,0
main,rem_access,4096,64,last,middle,32,1,66,22,54,write,0,0xc5e0000000420036,5,Work Request Flushed Error,0xf9,255,0,0x1244,2058494,0,0
main,rem_access,4096,64,last,middle,32,1,66,23,55,write,0,0xc5e0000000420037,5,Work Request Flushed Error,0xf9,255,0,0x1244,2067910,0,0
main,rem_access,4096,64,last,middle,32,1,66,24,56,write,0,0xc5e0000000420038,5,Work Request Flushed Error,0xf9,255,0,0x1244,2077291,0,0
main,rem_access,4096,64,last,middle,32,1,66,25,57,write,0,0xc5e0000000420039,5,Work Request Flushed Error,0xf9,255,0,0x1244,2086727,0,0
main,rem_access,4096,64,last,middle,32,1,66,26,58,write,0,0xc5e000000042003a,5,Work Request Flushed Error,0xf9,255,0,0x1244,2096271,0,0
main,rem_access,4096,64,last,middle,32,1,66,27,59,write,0,0xc5e000000042003b,5,Work Request Flushed Error,0xf9,255,0,0x1244,2105664,0,0
main,rem_access,4096,64,last,middle,32,1,66,28,60,write,0,0xc5e000000042003c,5,Work Request Flushed Error,0xf9,255,0,0x1244,2114994,0,0
main,rem_access,4096,64,last,middle,32,1,66,29,61,write,0,0xc5e000000042003d,5,Work Request Flushed Error,0xf9,255,0,0x1244,2124395,0,0
main,rem_access,4096,64,last,middle,32,1,66,30,62,write,0,0xc5e000000042003e,5,Work Request Flushed Error,0xf9,255,0,0x1244,2133697,0,0
main,rem_access,4096,64,last,middle,32,1,66,31,63,write,1,0xc5e000000042003f,5,Work Request Flushed Error,0xf9,255,0,0x1244,2143151,0,0
main,rem_access,4096,64,last,middle,32,2,67,0,32,oob_write,0,0xc5e0000000430020,10,remote access error,0x88,255,0,0x1244,1801017,0,0
main,rem_access,4096,64,last,middle,32,2,67,1,33,write,0,0xc5e0000000430021,5,Work Request Flushed Error,0xf9,255,0,0x1244,1861201,0,0
main,rem_access,4096,64,last,middle,32,2,67,2,34,write,0,0xc5e0000000430022,5,Work Request Flushed Error,0xf9,255,0,0x1244,1870997,0,0
main,rem_access,4096,64,last,middle,32,2,67,3,35,write,0,0xc5e0000000430023,5,Work Request Flushed Error,0xf9,255,0,0x1244,1880453,0,0
main,rem_access,4096,64,last,middle,32,2,67,4,36,write,0,0xc5e0000000430024,5,Work Request Flushed Error,0xf9,255,0,0x1244,1889847,0,0
main,rem_access,4096,64,last,middle,32,2,67,5,37,write,0,0xc5e0000000430025,5,Work Request Flushed Error,0xf9,255,0,0x1244,1899400,0,0
main,rem_access,4096,64,last,middle,32,2,67,6,38,write,0,0xc5e0000000430026,5,Work Request Flushed Error,0xf9,255,0,0x1244,1908789,0,0
main,rem_access,4096,64,last,middle,32,2,67,7,39,write,0,0xc5e0000000430027,5,Work Request Flushed Error,0xf9,255,0,0x1244,1918381,0,0
main,rem_access,4096,64,last,middle,32,2,67,8,40,write,0,0xc5e0000000430028,5,Work Request Flushed Error,0xf9,255,0,0x1244,1927833,0,0
main,rem_access,4096,64,last,middle,32,2,67,9,41,write,0,0xc5e0000000430029,5,Work Request Flushed Error,0xf9,255,0,0x1244,1937277,0,0
main,rem_access,4096,64,last,middle,32,2,67,10,42,write,0,0xc5e000000043002a,5,Work Request Flushed Error,0xf9,255,0,0x1244,1946715,0,0
main,rem_access,4096,64,last,middle,32,2,67,11,43,write,0,0xc5e000000043002b,5,Work Request Flushed Error,0xf9,255,0,0x1244,1956033,0,0
main,rem_access,4096,64,last,middle,32,2,67,12,44,write,0,0xc5e000000043002c,5,Work Request Flushed Error,0xf9,255,0,0x1244,1965512,0,0
main,rem_access,4096,64,last,middle,32,2,67,13,45,write,0,0xc5e000000043002d,5,Work Request Flushed Error,0xf9,255,0,0x1244,1974947,0,0
main,rem_access,4096,64,last,middle,32,2,67,14,46,write,0,0xc5e000000043002e,5,Work Request Flushed Error,0xf9,255,0,0x1244,1984293,0,0
main,rem_access,4096,64,last,middle,32,2,67,15,47,write,0,0xc5e000000043002f,5,Work Request Flushed Error,0xf9,255,0,0x1244,1993663,0,0
main,rem_access,4096,64,last,middle,32,2,67,16,48,write,0,0xc5e0000000430030,5,Work Request Flushed Error,0xf9,255,0,0x1244,2003059,0,0
main,rem_access,4096,64,last,middle,32,2,67,17,49,write,0,0xc5e0000000430031,5,Work Request Flushed Error,0xf9,255,0,0x1244,2012590,0,0
main,rem_access,4096,64,last,middle,32,2,67,18,50,write,0,0xc5e0000000430032,5,Work Request Flushed Error,0xf9,255,0,0x1244,2022104,0,0
main,rem_access,4096,64,last,middle,32,2,67,19,51,write,0,0xc5e0000000430033,5,Work Request Flushed Error,0xf9,255,0,0x1244,2031504,0,0
main,rem_access,4096,64,last,middle,32,2,67,20,52,write,0,0xc5e0000000430034,5,Work Request Flushed Error,0xf9,255,0,0x1244,2040854,0,0
main,rem_access,4096,64,last,middle,32,2,67,21,53,write,0,0xc5e0000000430035,5,Work Request Flushed Error,0xf9,255,0,0x1244,2050213,0,0
main,rem_access,4096,64,last,middle,32,2,67,22,54,write,0,0xc5e0000000430036,5,Work Request Flushed Error,0xf9,255,0,0x1244,2059609,0,0
main,rem_access,4096,64,last,middle,32,2,67,23,55,write,0,0xc5e0000000430037,5,Work Request Flushed Error,0xf9,255,0,0x1244,2069141,0,0
main,rem_access,4096,64,last,middle,32,2,67,24,56,write,0,0xc5e0000000430038,5,Work Request Flushed Error,0xf9,255,0,0x1244,2078553,0,0
main,rem_access,4096,64,last,middle,32,2,67,25,57,write,0,0xc5e0000000430039,5,Work Request Flushed Error,0xf9,255,0,0x1244,2088030,0,0
main,rem_access,4096,64,last,middle,32,2,67,26,58,write,0,0xc5e000000043003a,5,Work Request Flushed Error,0xf9,255,0,0x1244,2097447,0,0
main,rem_access,4096,64,last,middle,32,2,67,27,59,write,0,0xc5e000000043003b,5,Work Request Flushed Error,0xf9,255,0,0x1244,2106817,0,0
main,rem_access,4096,64,last,middle,32,2,67,28,60,write,0,0xc5e000000043003c,5,Work Request Flushed Error,0xf9,255,0,0x1244,2116329,0,0
main,rem_access,4096,64,last,middle,32,2,67,29,61,write,0,0xc5e000000043003d,5,Work Request Flushed Error,0xf9,255,0,0x1244,2125709,0,0
main,rem_access,4096,64,last,middle,32,2,67,30,62,write,0,0xc5e000000043003e,5,Work Request Flushed Error,0xf9,255,0,0x1244,2135123,0,0
main,rem_access,4096,64,last,middle,32,2,67,31,63,write,1,0xc5e000000043003f,5,Work Request Flushed Error,0xf9,255,0,0x1244,2144419,0,0
main,rem_access,4096,64,last,middle,32,3,68,0,32,oob_write,0,0xc5e0000000440020,10,remote access error,0x88,255,0,0x1244,1779906,0,0
main,rem_access,4096,64,last,middle,32,3,68,1,33,write,0,0xc5e0000000440021,5,Work Request Flushed Error,0xf9,255,0,0x1244,1839716,0,0
main,rem_access,4096,64,last,middle,32,3,68,2,34,write,0,0xc5e0000000440022,5,Work Request Flushed Error,0xf9,255,0,0x1244,1849136,0,0
main,rem_access,4096,64,last,middle,32,3,68,3,35,write,0,0xc5e0000000440023,5,Work Request Flushed Error,0xf9,255,0,0x1244,1858595,0,0
main,rem_access,4096,64,last,middle,32,3,68,4,36,write,0,0xc5e0000000440024,5,Work Request Flushed Error,0xf9,255,0,0x1244,1867979,0,0
main,rem_access,4096,64,last,middle,32,3,68,5,37,write,0,0xc5e0000000440025,5,Work Request Flushed Error,0xf9,255,0,0x1244,1877419,0,0
main,rem_access,4096,64,last,middle,32,3,68,6,38,write,0,0xc5e0000000440026,5,Work Request Flushed Error,0xf9,255,0,0x1244,1886779,0,0
main,rem_access,4096,64,last,middle,32,3,68,7,39,write,0,0xc5e0000000440027,5,Work Request Flushed Error,0xf9,255,0,0x1244,1896092,0,0
main,rem_access,4096,64,last,middle,32,3,68,8,40,write,0,0xc5e0000000440028,5,Work Request Flushed Error,0xf9,255,0,0x1244,1905401,0,0
main,rem_access,4096,64,last,middle,32,3,68,9,41,write,0,0xc5e0000000440029,5,Work Request Flushed Error,0xf9,255,0,0x1244,1914646,0,0
main,rem_access,4096,64,last,middle,32,3,68,10,42,write,0,0xc5e000000044002a,5,Work Request Flushed Error,0xf9,255,0,0x1244,1923928,0,0
main,rem_access,4096,64,last,middle,32,3,68,11,43,write,0,0xc5e000000044002b,5,Work Request Flushed Error,0xf9,255,0,0x1244,1933316,0,0
main,rem_access,4096,64,last,middle,32,3,68,12,44,write,0,0xc5e000000044002c,5,Work Request Flushed Error,0xf9,255,0,0x1244,1942705,0,0
main,rem_access,4096,64,last,middle,32,3,68,13,45,write,0,0xc5e000000044002d,5,Work Request Flushed Error,0xf9,255,0,0x1244,1951982,0,0
main,rem_access,4096,64,last,middle,32,3,68,14,46,write,0,0xc5e000000044002e,5,Work Request Flushed Error,0xf9,255,0,0x1244,1961329,0,0
main,rem_access,4096,64,last,middle,32,3,68,15,47,write,0,0xc5e000000044002f,5,Work Request Flushed Error,0xf9,255,0,0x1244,1970633,0,0
main,rem_access,4096,64,last,middle,32,3,68,16,48,write,0,0xc5e0000000440030,5,Work Request Flushed Error,0xf9,255,0,0x1244,1979901,0,0
main,rem_access,4096,64,last,middle,32,3,68,17,49,write,0,0xc5e0000000440031,5,Work Request Flushed Error,0xf9,255,0,0x1244,1989351,0,0
main,rem_access,4096,64,last,middle,32,3,68,18,50,write,0,0xc5e0000000440032,5,Work Request Flushed Error,0xf9,255,0,0x1244,1998685,0,0
main,rem_access,4096,64,last,middle,32,3,68,19,51,write,0,0xc5e0000000440033,5,Work Request Flushed Error,0xf9,255,0,0x1244,2007953,0,0
main,rem_access,4096,64,last,middle,32,3,68,20,52,write,0,0xc5e0000000440034,5,Work Request Flushed Error,0xf9,255,0,0x1244,2017309,0,0
main,rem_access,4096,64,last,middle,32,3,68,21,53,write,0,0xc5e0000000440035,5,Work Request Flushed Error,0xf9,255,0,0x1244,2026606,0,0
main,rem_access,4096,64,last,middle,32,3,68,22,54,write,0,0xc5e0000000440036,5,Work Request Flushed Error,0xf9,255,0,0x1244,2036092,0,0
main,rem_access,4096,64,last,middle,32,3,68,23,55,write,0,0xc5e0000000440037,5,Work Request Flushed Error,0xf9,255,0,0x1244,2045439,0,0
main,rem_access,4096,64,last,middle,32,3,68,24,56,write,0,0xc5e0000000440038,5,Work Request Flushed Error,0xf9,255,0,0x1244,2054781,0,0
main,rem_access,4096,64,last,middle,32,3,68,25,57,write,0,0xc5e0000000440039,5,Work Request Flushed Error,0xf9,255,0,0x1244,2064094,0,0
main,rem_access,4096,64,last,middle,32,3,68,26,58,write,0,0xc5e000000044003a,5,Work Request Flushed Error,0xf9,255,0,0x1244,2073372,0,0
main,rem_access,4096,64,last,middle,32,3,68,27,59,write,0,0xc5e000000044003b,5,Work Request Flushed Error,0xf9,255,0,0x1244,2082717,0,0
main,rem_access,4096,64,last,middle,32,3,68,28,60,write,0,0xc5e000000044003c,5,Work Request Flushed Error,0xf9,255,0,0x1244,2092058,0,0
main,rem_access,4096,64,last,middle,32,3,68,29,61,write,0,0xc5e000000044003d,5,Work Request Flushed Error,0xf9,255,0,0x1244,2101347,0,0
main,rem_access,4096,64,last,middle,32,3,68,30,62,write,0,0xc5e000000044003e,5,Work Request Flushed Error,0xf9,255,0,0x1244,2110619,0,0
main,rem_access,4096,64,last,middle,32,3,68,31,63,write,1,0xc5e000000044003f,5,Work Request Flushed Error,0xf9,255,0,0x1244,2119930,0,0
main,rem_access,4096,64,last,middle,32,4,69,0,32,oob_write,0,0xc5e0000000450020,10,remote access error,0x88,255,0,0x1244,1779269,0,0
main,rem_access,4096,64,last,middle,32,4,69,1,33,write,0,0xc5e0000000450021,5,Work Request Flushed Error,0xf9,255,0,0x1244,1838714,0,0
main,rem_access,4096,64,last,middle,32,4,69,2,34,write,0,0xc5e0000000450022,5,Work Request Flushed Error,0xf9,255,0,0x1244,1848406,0,0
main,rem_access,4096,64,last,middle,32,4,69,3,35,write,0,0xc5e0000000450023,5,Work Request Flushed Error,0xf9,255,0,0x1244,1857853,0,0
main,rem_access,4096,64,last,middle,32,4,69,4,36,write,0,0xc5e0000000450024,5,Work Request Flushed Error,0xf9,255,0,0x1244,1867230,0,0
main,rem_access,4096,64,last,middle,32,4,69,5,37,write,0,0xc5e0000000450025,5,Work Request Flushed Error,0xf9,255,0,0x1244,1876583,0,0
main,rem_access,4096,64,last,middle,32,4,69,6,38,write,0,0xc5e0000000450026,5,Work Request Flushed Error,0xf9,255,0,0x1244,1885888,0,0
main,rem_access,4096,64,last,middle,32,4,69,7,39,write,0,0xc5e0000000450027,5,Work Request Flushed Error,0xf9,255,0,0x1244,1895288,0,0
main,rem_access,4096,64,last,middle,32,4,69,8,40,write,0,0xc5e0000000450028,5,Work Request Flushed Error,0xf9,255,0,0x1244,1904624,0,0
main,rem_access,4096,64,last,middle,32,4,69,9,41,write,0,0xc5e0000000450029,5,Work Request Flushed Error,0xf9,255,0,0x1244,1913968,0,0
main,rem_access,4096,64,last,middle,32,4,69,10,42,write,0,0xc5e000000045002a,5,Work Request Flushed Error,0xf9,255,0,0x1244,1923269,0,0
main,rem_access,4096,64,last,middle,32,4,69,11,43,write,0,0xc5e000000045002b,5,Work Request Flushed Error,0xf9,255,0,0x1244,1932575,0,0
main,rem_access,4096,64,last,middle,32,4,69,12,44,write,0,0xc5e000000045002c,5,Work Request Flushed Error,0xf9,255,0,0x1244,1941839,0,0
main,rem_access,4096,64,last,middle,32,4,69,13,45,write,0,0xc5e000000045002d,5,Work Request Flushed Error,0xf9,255,0,0x1244,1951301,0,0
main,rem_access,4096,64,last,middle,32,4,69,14,46,write,0,0xc5e000000045002e,5,Work Request Flushed Error,0xf9,255,0,0x1244,1960634,0,0
main,rem_access,4096,64,last,middle,32,4,69,15,47,write,0,0xc5e000000045002f,5,Work Request Flushed Error,0xf9,255,0,0x1244,1969931,0,0
main,rem_access,4096,64,last,middle,32,4,69,16,48,write,0,0xc5e0000000450030,5,Work Request Flushed Error,0xf9,255,0,0x1244,1979251,0,0
main,rem_access,4096,64,last,middle,32,4,69,17,49,write,0,0xc5e0000000450031,5,Work Request Flushed Error,0xf9,255,0,0x1244,1988620,0,0
main,rem_access,4096,64,last,middle,32,4,69,18,50,write,0,0xc5e0000000450032,5,Work Request Flushed Error,0xf9,255,0,0x1244,1997952,0,0
main,rem_access,4096,64,last,middle,32,4,69,19,51,write,0,0xc5e0000000450033,5,Work Request Flushed Error,0xf9,255,0,0x1244,2007243,0,0
main,rem_access,4096,64,last,middle,32,4,69,20,52,write,0,0xc5e0000000450034,5,Work Request Flushed Error,0xf9,255,0,0x1244,2016536,0,0
main,rem_access,4096,64,last,middle,32,4,69,21,53,write,0,0xc5e0000000450035,5,Work Request Flushed Error,0xf9,255,0,0x1244,2025902,0,0
main,rem_access,4096,64,last,middle,32,4,69,22,54,write,0,0xc5e0000000450036,5,Work Request Flushed Error,0xf9,255,0,0x1244,2035168,0,0
main,rem_access,4096,64,last,middle,32,4,69,23,55,write,0,0xc5e0000000450037,5,Work Request Flushed Error,0xf9,255,0,0x1244,2044628,0,0
main,rem_access,4096,64,last,middle,32,4,69,24,56,write,0,0xc5e0000000450038,5,Work Request Flushed Error,0xf9,255,0,0x1244,2053892,0,0
main,rem_access,4096,64,last,middle,32,4,69,25,57,write,0,0xc5e0000000450039,5,Work Request Flushed Error,0xf9,255,0,0x1244,2063144,0,0
main,rem_access,4096,64,last,middle,32,4,69,26,58,write,0,0xc5e000000045003a,5,Work Request Flushed Error,0xf9,255,0,0x1244,2072501,0,0
main,rem_access,4096,64,last,middle,32,4,69,27,59,write,0,0xc5e000000045003b,5,Work Request Flushed Error,0xf9,255,0,0x1244,2081785,0,0
main,rem_access,4096,64,last,middle,32,4,69,28,60,write,0,0xc5e000000045003c,5,Work Request Flushed Error,0xf9,255,0,0x1244,2091128,0,0
main,rem_access,4096,64,last,middle,32,4,69,29,61,write,0,0xc5e000000045003d,5,Work Request Flushed Error,0xf9,255,0,0x1244,2100559,0,0
main,rem_access,4096,64,last,middle,32,4,69,30,62,write,0,0xc5e000000045003e,5,Work Request Flushed Error,0xf9,255,0,0x1244,2109894,0,0
main,rem_access,4096,64,last,middle,32,4,69,31,63,write,1,0xc5e000000045003f,5,Work Request Flushed Error,0xf9,255,0,0x1244,2119219,0,0
