run_id,fault,wqe_bytes,n_wqe,signaling,bad_pos,bad_idx,trial,trial_uid,seq,wqe_idx,wqe_kind,wqe_signaled,wr_id,status,status_name,vendor_err,opcode,byte_len,qp_num,t_ns,late,foreign
main,retry_server_qp_err,4096,1,all,none,-1,0,0,0,0,write,1,0xc5e0000000000000,12,transport retry counter exceeded,0x81,255,0,0x1247,3614328616,0,0
main,retry_server_qp_err,4096,1,all,none,-1,1,1,0,0,write,1,0xc5e0000000010000,12,transport retry counter exceeded,0x81,255,0,0x1247,3525204074,0,0
main,retry_server_qp_err,4096,1,all,none,-1,2,2,0,0,write,1,0xc5e0000000020000,12,transport retry counter exceeded,0x81,255,0,0x1247,3525217245,0,0
main,retry_server_qp_err,4096,1,all,none,-1,3,3,0,0,write,1,0xc5e0000000030000,12,transport retry counter exceeded,0x81,255,0,0x1247,3525233808,0,0
main,retry_server_qp_err,4096,1,all,none,-1,4,4,0,0,write,1,0xc5e0000000040000,12,transport retry counter exceeded,0x81,255,0,0x1247,3525017117,0,0
main,retry_server_qp_err,4096,1,last,none,-1,0,5,0,0,write,1,0xc5e0000000050000,12,transport retry counter exceeded,0x81,255,0,0x1247,3525183596,0,0
main,retry_server_qp_err,4096,1,last,none,-1,1,6,0,0,write,1,0xc5e0000000060000,12,transport retry counter exceeded,0x81,255,0,0x1247,3525145851,0,0
main,retry_server_qp_err,4096,1,last,none,-1,2,7,0,0,write,1,0xc5e0000000070000,12,transport retry counter exceeded,0x81,255,0,0x1247,3525201245,0,0
main,retry_server_qp_err,4096,1,last,none,-1,3,8,0,0,write,1,0xc5e0000000080000,12,transport retry counter exceeded,0x81,255,0,0x1247,3525112723,0,0
main,retry_server_qp_err,4096,1,last,none,-1,4,9,0,0,write,1,0xc5e0000000090000,12,transport retry counter exceeded,0x81,255,0,0x1247,3525204905,0,0
main,retry_server_qp_err,4096,4,all,none,-1,0,10,0,0,write,1,0xc5e00000000a0000,12,transport retry counter exceeded,0x81,255,0,0x1247,3525185864,0,0
main,retry_server_qp_err,4096,4,all,none,-1,0,10,1,1,write,1,0xc5e00000000a0001,5,Work Request Flushed Error,0xf9,255,0,0x1247,3525246327,0,0
main,retry_server_qp_err,4096,4,all,none,-1,0,10,2,2,write,1,0xc5e00000000a0002,5,Work Request Flushed Error,0xf9,255,0,0x1247,3525255882,0,0
main,retry_server_qp_err,4096,4,all,none,-1,0,10,3,3,write,1,0xc5e00000000a0003,5,Work Request Flushed Error,0xf9,255,0,0x1247,3525265388,0,0
main,retry_server_qp_err,4096,4,all,none,-1,1,11,0,0,write,1,0xc5e00000000b0000,12,transport retry counter exceeded,0x81,255,0,0x1247,3525069809,0,0
main,retry_server_qp_err,4096,4,all,none,-1,1,11,1,1,write,1,0xc5e00000000b0001,5,Work Request Flushed Error,0xf9,255,0,0x1247,3525130990,0,0
main,retry_server_qp_err,4096,4,all,none,-1,1,11,2,2,write,1,0xc5e00000000b0002,5,Work Request Flushed Error,0xf9,255,0,0x1247,3525140525,0,0
main,retry_server_qp_err,4096,4,all,none,-1,1,11,3,3,write,1,0xc5e00000000b0003,5,Work Request Flushed Error,0xf9,255,0,0x1247,3525150002,0,0
main,retry_server_qp_err,4096,4,all,none,-1,2,12,0,0,write,1,0xc5e00000000c0000,12,transport retry counter exceeded,0x81,255,0,0x1247,3525135008,0,0
main,retry_server_qp_err,4096,4,all,none,-1,2,12,1,1,write,1,0xc5e00000000c0001,5,Work Request Flushed Error,0xf9,255,0,0x1247,3525196224,0,0
main,retry_server_qp_err,4096,4,all,none,-1,2,12,2,2,write,1,0xc5e00000000c0002,5,Work Request Flushed Error,0xf9,255,0,0x1247,3525205965,0,0
main,retry_server_qp_err,4096,4,all,none,-1,2,12,3,3,write,1,0xc5e00000000c0003,5,Work Request Flushed Error,0xf9,255,0,0x1247,3525216032,0,0
main,retry_server_qp_err,4096,4,all,none,-1,3,13,0,0,write,1,0xc5e00000000d0000,12,transport retry counter exceeded,0x81,255,0,0x1247,3525121976,0,0
main,retry_server_qp_err,4096,4,all,none,-1,3,13,1,1,write,1,0xc5e00000000d0001,5,Work Request Flushed Error,0xf9,255,0,0x1247,3525183180,0,0
main,retry_server_qp_err,4096,4,all,none,-1,3,13,2,2,write,1,0xc5e00000000d0002,5,Work Request Flushed Error,0xf9,255,0,0x1247,3525192892,0,0
main,retry_server_qp_err,4096,4,all,none,-1,3,13,3,3,write,1,0xc5e00000000d0003,5,Work Request Flushed Error,0xf9,255,0,0x1247,3525202333,0,0
main,retry_server_qp_err,4096,4,all,none,-1,4,14,0,0,write,1,0xc5e00000000e0000,12,transport retry counter exceeded,0x81,255,0,0x1247,3525167436,0,0
main,retry_server_qp_err,4096,4,all,none,-1,4,14,1,1,write,1,0xc5e00000000e0001,5,Work Request Flushed Error,0xf9,255,0,0x1247,3525228045,0,0
main,retry_server_qp_err,4096,4,all,none,-1,4,14,2,2,write,1,0xc5e00000000e0002,5,Work Request Flushed Error,0xf9,255,0,0x1247,3525237500,0,0
main,retry_server_qp_err,4096,4,all,none,-1,4,14,3,3,write,1,0xc5e00000000e0003,5,Work Request Flushed Error,0xf9,255,0,0x1247,3525246943,0,0
main,retry_server_qp_err,4096,4,last,none,-1,0,15,0,0,write,0,0xc5e00000000f0000,12,transport retry counter exceeded,0x81,255,0,0x1247,3525092197,0,0
main,retry_server_qp_err,4096,4,last,none,-1,0,15,1,1,write,0,0xc5e00000000f0001,5,Work Request Flushed Error,0xf9,255,0,0x1247,3525153314,0,0
main,retry_server_qp_err,4096,4,last,none,-1,0,15,2,2,write,0,0xc5e00000000f0002,5,Work Request Flushed Error,0xf9,255,0,0x1247,3525162971,0,0
main,retry_server_qp_err,4096,4,last,none,-1,0,15,3,3,write,1,0xc5e00000000f0003,5,Work Request Flushed Error,0xf9,255,0,0x1247,3525172404,0,0
main,retry_server_qp_err,4096,4,last,none,-1,1,16,0,0,write,0,0xc5e0000000100000,12,transport retry counter exceeded,0x81,255,0,0x1247,3525145146,0,0
main,retry_server_qp_err,4096,4,last,none,-1,1,16,1,1,write,0,0xc5e0000000100001,5,Work Request Flushed Error,0xf9,255,0,0x1247,3525206161,0,0
main,retry_server_qp_err,4096,4,last,none,-1,1,16,2,2,write,0,0xc5e0000000100002,5,Work Request Flushed Error,0xf9,255,0,0x1247,3525215661,0,0
main,retry_server_qp_err,4096,4,last,none,-1,1,16,3,3,write,1,0xc5e0000000100003,5,Work Request Flushed Error,0xf9,255,0,0x1247,3525225185,0,0
main,retry_server_qp_err,4096,4,last,none,-1,2,17,0,0,write,0,0xc5e0000000110000,12,transport retry counter exceeded,0x81,255,0,0x1247,3525082564,0,0
main,retry_server_qp_err,4096,4,last,none,-1,2,17,1,1,write,0,0xc5e0000000110001,5,Work Request Flushed Error,0xf9,255,0,0x1247,3525143454,0,0
main,retry_server_qp_err,4096,4,last,none,-1,2,17,2,2,write,0,0xc5e0000000110002,5,Work Request Flushed Error,0xf9,255,0,0x1247,3525153713,0,0
main,retry_server_qp_err,4096,4,last,none,-1,2,17,3,3,write,1,0xc5e0000000110003,5,Work Request Flushed Error,0xf9,255,0,0x1247,3525163155,0,0
main,retry_server_qp_err,4096,4,last,none,-1,3,18,0,0,write,0,0xc5e0000000120000,12,transport retry counter exceeded,0x81,255,0,0x1247,3525115892,0,0
main,retry_server_qp_err,4096,4,last,none,-1,3,18,1,1,write,0,0xc5e0000000120001,5,Work Request Flushed Error,0xf9,255,0,0x1247,3525176493,0,0
main,retry_server_qp_err,4096,4,last,none,-1,3,18,2,2,write,0,0xc5e0000000120002,5,Work Request Flushed Error,0xf9,255,0,0x1247,3525186027,0,0
main,retry_server_qp_err,4096,4,last,none,-1,3,18,3,3,write,1,0xc5e0000000120003,5,Work Request Flushed Error,0xf9,255,0,0x1247,3525195446,0,0
main,retry_server_qp_err,4096,4,last,none,-1,4,19,0,0,write,0,0xc5e0000000130000,12,transport retry counter exceeded,0x81,255,0,0x1247,3525115342,0,0
main,retry_server_qp_err,4096,4,last,none,-1,4,19,1,1,write,0,0xc5e0000000130001,5,Work Request Flushed Error,0xf9,255,0,0x1247,3525177176,0,0
main,retry_server_qp_err,4096,4,last,none,-1,4,19,2,2,write,0,0xc5e0000000130002,5,Work Request Flushed Error,0xf9,255,0,0x1247,3525186926,0,0
main,retry_server_qp_err,4096,4,last,none,-1,4,19,3,3,write,1,0xc5e0000000130003,5,Work Request Flushed Error,0xf9,255,0,0x1247,3525196519,0,0
main,retry_server_qp_err,4096,16,all,none,-1,0,20,0,0,write,1,0xc5e0000000140000,12,transport retry counter exceeded,0x81,255,0,0x1247,3525118303,0,0
main,retry_server_qp_err,4096,16,all,none,-1,0,20,1,1,write,1,0xc5e0000000140001,5,Work Request Flushed Error,0xf9,255,0,0x1247,3525179767,0,0
main,retry_server_qp_err,4096,16,all,none,-1,0,20,2,2,write,1,0xc5e0000000140002,5,Work Request Flushed Error,0xf9,255,0,0x1247,3525189414,0,0
main,retry_server_qp_err,4096,16,all,none,-1,0,20,3,3,write,1,0xc5e0000000140003,5,Work Request Flushed Error,0xf9,255,0,0x1247,3525199056,0,0
main,retry_server_qp_err,4096,16,all,none,-1,0,20,4,4,write,1,0xc5e0000000140004,5,Work Request Flushed Error,0xf9,255,0,0x1247,3525208550,0,0
main,retry_server_qp_err,4096,16,all,none,-1,0,20,5,5,write,1,0xc5e0000000140005,5,Work Request Flushed Error,0xf9,255,0,0x1247,3525217959,0,0
main,retry_server_qp_err,4096,16,all,none,-1,0,20,6,6,write,1,0xc5e0000000140006,5,Work Request Flushed Error,0xf9,255,0,0x1247,3525227309,0,0
main,retry_server_qp_err,4096,16,all,none,-1,0,20,7,7,write,1,0xc5e0000000140007,5,Work Request Flushed Error,0xf9,255,0,0x1247,3525236668,0,0
main,retry_server_qp_err,4096,16,all,none,-1,0,20,8,8,write,1,0xc5e0000000140008,5,Work Request Flushed Error,0xf9,255,0,0x1247,3525245997,0,0
main,retry_server_qp_err,4096,16,all,none,-1,0,20,9,9,write,1,0xc5e0000000140009,5,Work Request Flushed Error,0xf9,255,0,0x1247,3525255542,0,0
main,retry_server_qp_err,4096,16,all,none,-1,0,20,10,10,write,1,0xc5e000000014000a,5,Work Request Flushed Error,0xf9,255,0,0x1247,3525264879,0,0
main,retry_server_qp_err,4096,16,all,none,-1,0,20,11,11,write,1,0xc5e000000014000b,5,Work Request Flushed Error,0xf9,255,0,0x1247,3525274239,0,0
main,retry_server_qp_err,4096,16,all,none,-1,0,20,12,12,write,1,0xc5e000000014000c,5,Work Request Flushed Error,0xf9,255,0,0x1247,3525283585,0,0
main,retry_server_qp_err,4096,16,all,none,-1,0,20,13,13,write,1,0xc5e000000014000d,5,Work Request Flushed Error,0xf9,255,0,0x1247,3525292894,0,0
main,retry_server_qp_err,4096,16,all,none,-1,0,20,14,14,write,1,0xc5e000000014000e,5,Work Request Flushed Error,0xf9,255,0,0x1247,3525302304,0,0
main,retry_server_qp_err,4096,16,all,none,-1,0,20,15,15,write,1,0xc5e000000014000f,5,Work Request Flushed Error,0xf9,255,0,0x1247,3525311724,0,0
main,retry_server_qp_err,4096,16,all,none,-1,1,21,0,0,write,1,0xc5e0000000150000,12,transport retry counter exceeded,0x81,255,0,0x1247,3525026078,0,0
main,retry_server_qp_err,4096,16,all,none,-1,1,21,1,1,write,1,0xc5e0000000150001,5,Work Request Flushed Error,0xf9,255,0,0x1247,3525086524,0,0
main,retry_server_qp_err,4096,16,all,none,-1,1,21,2,2,write,1,0xc5e0000000150002,5,Work Request Flushed Error,0xf9,255,0,0x1247,3525096182,0,0
main,retry_server_qp_err,4096,16,all,none,-1,1,21,3,3,write,1,0xc5e0000000150003,5,Work Request Flushed Error,0xf9,255,0,0x1247,3525105815,0,0
main,retry_server_qp_err,4096,16,all,none,-1,1,21,4,4,write,1,0xc5e0000000150004,5,Work Request Flushed Error,0xf9,255,0,0x1247,3525115261,0,0
main,retry_server_qp_err,4096,16,all,none,-1,1,21,5,5,write,1,0xc5e0000000150005,5,Work Request Flushed Error,0xf9,255,0,0x1247,3525124614,0,0
main,retry_server_qp_err,4096,16,all,none,-1,1,21,6,6,write,1,0xc5e0000000150006,5,Work Request Flushed Error,0xf9,255,0,0x1247,3525134053,0,0
main,retry_server_qp_err,4096,16,all,none,-1,1,21,7,7,write,1,0xc5e0000000150007,5,Work Request Flushed Error,0xf9,255,0,0x1247,3525143418,0,0
main,retry_server_qp_err,4096,16,all,none,-1,1,21,8,8,write,1,0xc5e0000000150008,5,Work Request Flushed Error,0xf9,255,0,0x1247,3525152889,0,0
main,retry_server_qp_err,4096,16,all,none,-1,1,21,9,9,write,1,0xc5e0000000150009,5,Work Request Flushed Error,0xf9,255,0,0x1247,3525162291,0,0
main,retry_server_qp_err,4096,16,all,none,-1,1,21,10,10,write,1,0xc5e000000015000a,5,Work Request Flushed Error,0xf9,255,0,0x1247,3525171661,0,0
main,retry_server_qp_err,4096,16,all,none,-1,1,21,11,11,write,1,0xc5e000000015000b,5,Work Request Flushed Error,0xf9,255,0,0x1247,3525181061,0,0
main,retry_server_qp_err,4096,16,all,none,-1,1,21,12,12,write,1,0xc5e000000015000c,5,Work Request Flushed Error,0xf9,255,0,0x1247,3525190370,0,0
main,retry_server_qp_err,4096,16,all,none,-1,1,21,13,13,write,1,0xc5e000000015000d,5,Work Request Flushed Error,0xf9,255,0,0x1247,3525199813,0,0
main,retry_server_qp_err,4096,16,all,none,-1,1,21,14,14,write,1,0xc5e000000015000e,5,Work Request Flushed Error,0xf9,255,0,0x1247,3525209191,0,0
main,retry_server_qp_err,4096,16,all,none,-1,1,21,15,15,write,1,0xc5e000000015000f,5,Work Request Flushed Error,0xf9,255,0,0x1247,3525218536,0,0
main,retry_server_qp_err,4096,16,all,none,-1,2,22,0,0,write,1,0xc5e0000000160000,12,transport retry counter exceeded,0x81,255,0,0x1247,3525009102,0,0
main,retry_server_qp_err,4096,16,all,none,-1,2,22,1,1,write,1,0xc5e0000000160001,5,Work Request Flushed Error,0xf9,255,0,0x1247,3525069168,0,0
main,retry_server_qp_err,4096,16,all,none,-1,2,22,2,2,write,1,0xc5e0000000160002,5,Work Request Flushed Error,0xf9,255,0,0x1247,3525079063,0,0
main,retry_server_qp_err,4096,16,all,none,-1,2,22,3,3,write,1,0xc5e0000000160003,5,Work Request Flushed Error,0xf9,255,0,0x1247,3525088435,0,0
main,retry_server_qp_err,4096,16,all,none,-1,2,22,4,4,write,1,0xc5e0000000160004,5,Work Request Flushed Error,0xf9,255,0,0x1247,3525097836,0,0
main,retry_server_qp_err,4096,16,all,none,-1,2,22,5,5,write,1,0xc5e0000000160005,5,Work Request Flushed Error,0xf9,255,0,0x1247,3525107161,0,0
main,retry_server_qp_err,4096,16,all,none,-1,2,22,6,6,write,1,0xc5e0000000160006,5,Work Request Flushed Error,0xf9,255,0,0x1247,3525117043,0,0
main,retry_server_qp_err,4096,16,all,none,-1,2,22,7,7,write,1,0xc5e0000000160007,5,Work Request Flushed Error,0xf9,255,0,0x1247,3525126181,0,0
main,retry_server_qp_err,4096,16,all,none,-1,2,22,8,8,write,1,0xc5e0000000160008,5,Work Request Flushed Error,0xf9,255,0,0x1247,3525135572,0,0
main,retry_server_qp_err,4096,16,all,none,-1,2,22,9,9,write,1,0xc5e0000000160009,5,Work Request Flushed Error,0xf9,255,0,0x1247,3525144885,0,0
main,retry_server_qp_err,4096,16,all,none,-1,2,22,10,10,write,1,0xc5e000000016000a,5,Work Request Flushed Error,0xf9,255,0,0x1247,3525154222,0,0
main,retry_server_qp_err,4096,16,all,none,-1,2,22,11,11,write,1,0xc5e000000016000b,5,Work Request Flushed Error,0xf9,255,0,0x1247,3525163554,0,0
main,retry_server_qp_err,4096,16,all,none,-1,2,22,12,12,write,1,0xc5e000000016000c,5,Work Request Flushed Error,0xf9,255,0,0x1247,3525173051,0,0
main,retry_server_qp_err,4096,16,all,none,-1,2,22,13,13,write,1,0xc5e000000016000d,5,Work Request Flushed Error,0xf9,255,0,0x1247,3525182413,0,0
main,retry_server_qp_err,4096,16,all,none,-1,2,22,14,14,write,1,0xc5e000000016000e,5,Work Request Flushed Error,0xf9,255,0,0x1247,3525191892,0,0
main,retry_server_qp_err,4096,16,all,none,-1,2,22,15,15,write,1,0xc5e000000016000f,5,Work Request Flushed Error,0xf9,255,0,0x1247,3525201174,0,0
main,retry_server_qp_err,4096,16,all,none,-1,3,23,0,0,write,1,0xc5e0000000170000,12,transport retry counter exceeded,0x81,255,0,0x1247,3525019211,0,0
main,retry_server_qp_err,4096,16,all,none,-1,3,23,1,1,write,1,0xc5e0000000170001,5,Work Request Flushed Error,0xf9,255,0,0x1247,3525079694,0,0
main,retry_server_qp_err,4096,16,all,none,-1,3,23,2,2,write,1,0xc5e0000000170002,5,Work Request Flushed Error,0xf9,255,0,0x1247,3525089315,0,0
main,retry_server_qp_err,4096,16,all,none,-1,3,23,3,3,write,1,0xc5e0000000170003,5,Work Request Flushed Error,0xf9,255,0,0x1247,3525098808,0,0
main,retry_server_qp_err,4096,16,all,none,-1,3,23,4,4,write,1,0xc5e0000000170004,5,Work Request Flushed Error,0xf9,255,0,0x1247,3525108252,0,0
main,retry_server_qp_err,4096,16,all,none,-1,3,23,5,5,write,1,0xc5e0000000170005,5,Work Request Flushed Error,0xf9,255,0,0x1247,3525117594,0,0
main,retry_server_qp_err,4096,16,all,none,-1,3,23,6,6,write,1,0xc5e0000000170006,5,Work Request Flushed Error,0xf9,255,0,0x1247,3525127345,0,0
main,retry_server_qp_err,4096,16,all,none,-1,3,23,7,7,write,1,0xc5e0000000170007,5,Work Request Flushed Error,0xf9,255,0,0x1247,3525136613,0,0
main,retry_server_qp_err,4096,16,all,none,-1,3,23,8,8,write,1,0xc5e0000000170008,5,Work Request Flushed Error,0xf9,255,0,0x1247,3525145906,0,0
main,retry_server_qp_err,4096,16,all,none,-1,3,23,9,9,write,1,0xc5e0000000170009,5,Work Request Flushed Error,0xf9,255,0,0x1247,3525155252,0,0
main,retry_server_qp_err,4096,16,all,none,-1,3,23,10,10,write,1,0xc5e000000017000a,5,Work Request Flushed Error,0xf9,255,0,0x1247,3525164590,0,0
main,retry_server_qp_err,4096,16,all,none,-1,3,23,11,11,write,1,0xc5e000000017000b,5,Work Request Flushed Error,0xf9,255,0,0x1247,3525174072,0,0
main,retry_server_qp_err,4096,16,all,none,-1,3,23,12,12,write,1,0xc5e000000017000c,5,Work Request Flushed Error,0xf9,255,0,0x1247,3525183436,0,0
main,retry_server_qp_err,4096,16,all,none,-1,3,23,13,13,write,1,0xc5e000000017000d,5,Work Request Flushed Error,0xf9,255,0,0x1247,3525192785,0,0
main,retry_server_qp_err,4096,16,all,none,-1,3,23,14,14,write,1,0xc5e000000017000e,5,Work Request Flushed Error,0xf9,255,0,0x1247,3525202213,0,0
main,retry_server_qp_err,4096,16,all,none,-1,3,23,15,15,write,1,0xc5e000000017000f,5,Work Request Flushed Error,0xf9,255,0,0x1247,3525211558,0,0
main,retry_server_qp_err,4096,16,all,none,-1,4,24,0,0,write,1,0xc5e0000000180000,12,transport retry counter exceeded,0x81,255,0,0x1247,3524941409,0,0
main,retry_server_qp_err,4096,16,all,none,-1,4,24,1,1,write,1,0xc5e0000000180001,5,Work Request Flushed Error,0xf9,255,0,0x1247,3525001436,0,0
main,retry_server_qp_err,4096,16,all,none,-1,4,24,2,2,write,1,0xc5e0000000180002,5,Work Request Flushed Error,0xf9,255,0,0x1247,3525011180,0,0
main,retry_server_qp_err,4096,16,all,none,-1,4,24,3,3,write,1,0xc5e0000000180003,5,Work Request Flushed Error,0xf9,255,0,0x1247,3525020687,0,0
main,retry_server_qp_err,4096,16,all,none,-1,4,24,4,4,write,1,0xc5e0000000180004,5,Work Request Flushed Error,0xf9,255,0,0x1247,3525030168,0,0
main,retry_server_qp_err,4096,16,all,none,-1,4,24,5,5,write,1,0xc5e0000000180005,5,Work Request Flushed Error,0xf9,255,0,0x1247,3525039703,0,0
main,retry_server_qp_err,4096,16,all,none,-1,4,24,6,6,write,1,0xc5e0000000180006,5,Work Request Flushed Error,0xf9,255,0,0x1247,3525049050,0,0
main,retry_server_qp_err,4096,16,all,none,-1,4,24,7,7,write,1,0xc5e0000000180007,5,Work Request Flushed Error,0xf9,255,0,0x1247,3525058367,0,0
main,retry_server_qp_err,4096,16,all,none,-1,4,24,8,8,write,1,0xc5e0000000180008,5,Work Request Flushed Error,0xf9,255,0,0x1247,3525067721,0,0
main,retry_server_qp_err,4096,16,all,none,-1,4,24,9,9,write,1,0xc5e0000000180009,5,Work Request Flushed Error,0xf9,255,0,0x1247,3525077091,0,0
main,retry_server_qp_err,4096,16,all,none,-1,4,24,10,10,write,1,0xc5e000000018000a,5,Work Request Flushed Error,0xf9,255,0,0x1247,3525086518,0,0
main,retry_server_qp_err,4096,16,all,none,-1,4,24,11,11,write,1,0xc5e000000018000b,5,Work Request Flushed Error,0xf9,255,0,0x1247,3525095911,0,0
main,retry_server_qp_err,4096,16,all,none,-1,4,24,12,12,write,1,0xc5e000000018000c,5,Work Request Flushed Error,0xf9,255,0,0x1247,3525105258,0,0
main,retry_server_qp_err,4096,16,all,none,-1,4,24,13,13,write,1,0xc5e000000018000d,5,Work Request Flushed Error,0xf9,255,0,0x1247,3525114600,0,0
main,retry_server_qp_err,4096,16,all,none,-1,4,24,14,14,write,1,0xc5e000000018000e,5,Work Request Flushed Error,0xf9,255,0,0x1247,3525123928,0,0
main,retry_server_qp_err,4096,16,all,none,-1,4,24,15,15,write,1,0xc5e000000018000f,5,Work Request Flushed Error,0xf9,255,0,0x1247,3525133362,0,0
main,retry_server_qp_err,4096,16,last,none,-1,0,25,0,0,write,0,0xc5e0000000190000,12,transport retry counter exceeded,0x81,255,0,0x1247,3524984798,0,0
main,retry_server_qp_err,4096,16,last,none,-1,0,25,1,1,write,0,0xc5e0000000190001,5,Work Request Flushed Error,0xf9,255,0,0x1247,3525044345,0,0
main,retry_server_qp_err,4096,16,last,none,-1,0,25,2,2,write,0,0xc5e0000000190002,5,Work Request Flushed Error,0xf9,255,0,0x1247,3525053991,0,0
main,retry_server_qp_err,4096,16,last,none,-1,0,25,3,3,write,0,0xc5e0000000190003,5,Work Request Flushed Error,0xf9,255,0,0x1247,3525063562,0,0
main,retry_server_qp_err,4096,16,last,none,-1,0,25,4,4,write,0,0xc5e0000000190004,5,Work Request Flushed Error,0xf9,255,0,0x1247,3525073086,0,0
main,retry_server_qp_err,4096,16,last,none,-1,0,25,5,5,write,0,0xc5e0000000190005,5,Work Request Flushed Error,0xf9,255,0,0x1247,3525082462,0,0
main,retry_server_qp_err,4096,16,last,none,-1,0,25,6,6,write,0,0xc5e0000000190006,5,Work Request Flushed Error,0xf9,255,0,0x1247,3525091874,0,0
main,retry_server_qp_err,4096,16,last,none,-1,0,25,7,7,write,0,0xc5e0000000190007,5,Work Request Flushed Error,0xf9,255,0,0x1247,3525101200,0,0
main,retry_server_qp_err,4096,16,last,none,-1,0,25,8,8,write,0,0xc5e0000000190008,5,Work Request Flushed Error,0xf9,255,0,0x1247,3525110580,0,0
main,retry_server_qp_err,4096,16,last,none,-1,0,25,9,9,write,0,0xc5e0000000190009,5,Work Request Flushed Error,0xf9,255,0,0x1247,3525120025,0,0
main,retry_server_qp_err,4096,16,last,none,-1,0,25,10,10,write,0,0xc5e000000019000a,5,Work Request Flushed Error,0xf9,255,0,0x1247,3525129374,0,0
main,retry_server_qp_err,4096,16,last,none,-1,0,25,11,11,write,0,0xc5e000000019000b,5,Work Request Flushed Error,0xf9,255,0,0x1247,3525138927,0,0
main,retry_server_qp_err,4096,16,last,none,-1,0,25,12,12,write,0,0xc5e000000019000c,5,Work Request Flushed Error,0xf9,255,0,0x1247,3525148316,0,0
main,retry_server_qp_err,4096,16,last,none,-1,0,25,13,13,write,0,0xc5e000000019000d,5,Work Request Flushed Error,0xf9,255,0,0x1247,3525157675,0,0
main,retry_server_qp_err,4096,16,last,none,-1,0,25,14,14,write,0,0xc5e000000019000e,5,Work Request Flushed Error,0xf9,255,0,0x1247,3525167197,0,0
main,retry_server_qp_err,4096,16,last,none,-1,0,25,15,15,write,1,0xc5e000000019000f,5,Work Request Flushed Error,0xf9,255,0,0x1247,3525176669,0,0
main,retry_server_qp_err,4096,16,last,none,-1,1,26,0,0,write,0,0xc5e00000001a0000,12,transport retry counter exceeded,0x81,255,0,0x1247,3524994585,0,0
main,retry_server_qp_err,4096,16,last,none,-1,1,26,1,1,write,0,0xc5e00000001a0001,5,Work Request Flushed Error,0xf9,255,0,0x1247,3525055936,0,0
main,retry_server_qp_err,4096,16,last,none,-1,1,26,2,2,write,0,0xc5e00000001a0002,5,Work Request Flushed Error,0xf9,255,0,0x1247,3525065955,0,0
main,retry_server_qp_err,4096,16,last,none,-1,1,26,3,3,write,0,0xc5e00000001a0003,5,Work Request Flushed Error,0xf9,255,0,0x1247,3525075558,0,0
main,retry_server_qp_err,4096,16,last,none,-1,1,26,4,4,write,0,0xc5e00000001a0004,5,Work Request Flushed Error,0xf9,255,0,0x1247,3525085058,0,0
main,retry_server_qp_err,4096,16,last,none,-1,1,26,5,5,write,0,0xc5e00000001a0005,5,Work Request Flushed Error,0xf9,255,0,0x1247,3525094465,0,0
main,retry_server_qp_err,4096,16,last,none,-1,1,26,6,6,write,0,0xc5e00000001a0006,5,Work Request Flushed Error,0xf9,255,0,0x1247,3525103976,0,0
main,retry_server_qp_err,4096,16,last,none,-1,1,26,7,7,write,0,0xc5e00000001a0007,5,Work Request Flushed Error,0xf9,255,0,0x1247,3525113408,0,0
main,retry_server_qp_err,4096,16,last,none,-1,1,26,8,8,write,0,0xc5e00000001a0008,5,Work Request Flushed Error,0xf9,255,0,0x1247,3525122837,0,0
main,retry_server_qp_err,4096,16,last,none,-1,1,26,9,9,write,0,0xc5e00000001a0009,5,Work Request Flushed Error,0xf9,255,0,0x1247,3525132267,0,0
main,retry_server_qp_err,4096,16,last,none,-1,1,26,10,10,write,0,0xc5e00000001a000a,5,Work Request Flushed Error,0xf9,255,0,0x1247,3525141651,0,0
main,retry_server_qp_err,4096,16,last,none,-1,1,26,11,11,write,0,0xc5e00000001a000b,5,Work Request Flushed Error,0xf9,255,0,0x1247,3525151080,0,0
main,retry_server_qp_err,4096,16,last,none,-1,1,26,12,12,write,0,0xc5e00000001a000c,5,Work Request Flushed Error,0xf9,255,0,0x1247,3525160611,0,0
main,retry_server_qp_err,4096,16,last,none,-1,1,26,13,13,write,0,0xc5e00000001a000d,5,Work Request Flushed Error,0xf9,255,0,0x1247,3525170022,0,0
main,retry_server_qp_err,4096,16,last,none,-1,1,26,14,14,write,0,0xc5e00000001a000e,5,Work Request Flushed Error,0xf9,255,0,0x1247,3525179411,0,0
main,retry_server_qp_err,4096,16,last,none,-1,1,26,15,15,write,1,0xc5e00000001a000f,5,Work Request Flushed Error,0xf9,255,0,0x1247,3525188833,0,0
main,retry_server_qp_err,4096,16,last,none,-1,2,27,0,0,write,0,0xc5e00000001b0000,12,transport retry counter exceeded,0x81,255,0,0x1247,3524969660,0,0
main,retry_server_qp_err,4096,16,last,none,-1,2,27,1,1,write,0,0xc5e00000001b0001,5,Work Request Flushed Error,0xf9,255,0,0x1247,3525030646,0,0
main,retry_server_qp_err,4096,16,last,none,-1,2,27,2,2,write,0,0xc5e00000001b0002,5,Work Request Flushed Error,0xf9,255,0,0x1247,3525040394,0,0
main,retry_server_qp_err,4096,16,last,none,-1,2,27,3,3,write,0,0xc5e00000001b0003,5,Work Request Flushed Error,0xf9,255,0,0x1247,3525049884,0,0
main,retry_server_qp_err,4096,16,last,none,-1,2,27,4,4,write,0,0xc5e00000001b0004,5,Work Request Flushed Error,0xf9,255,0,0x1247,3525059383,0,0
main,retry_server_qp_err,4096,16,last,none,-1,2,27,5,5,write,0,0xc5e00000001b0005,5,Work Request Flushed Error,0xf9,255,0,0x1247,3525068779,0,0
main,retry_server_qp_err,4096,16,last,none,-1,2,27,6,6,write,0,0xc5e00000001b0006,5,Work Request Flushed Error,0xf9,255,0,0x1247,3525078260,0,0
main,retry_server_qp_err,4096,16,last,none,-1,2,27,7,7,write,0,0xc5e00000001b0007,5,Work Request Flushed Error,0xf9,255,0,0x1247,3525087586,0,0
main,retry_server_qp_err,4096,16,last,none,-1,2,27,8,8,write,0,0xc5e00000001b0008,5,Work Request Flushed Error,0xf9,255,0,0x1247,3525096898,0,0
main,retry_server_qp_err,4096,16,last,none,-1,2,27,9,9,write,0,0xc5e00000001b0009,5,Work Request Flushed Error,0xf9,255,0,0x1247,3525106259,0,0
main,retry_server_qp_err,4096,16,last,none,-1,2,27,10,10,write,0,0xc5e00000001b000a,5,Work Request Flushed Error,0xf9,255,0,0x1247,3525115607,0,0
main,retry_server_qp_err,4096,16,last,none,-1,2,27,11,11,write,0,0xc5e00000001b000b,5,Work Request Flushed Error,0xf9,255,0,0x1247,3525124952,0,0
main,retry_server_qp_err,4096,16,last,none,-1,2,27,12,12,write,0,0xc5e00000001b000c,5,Work Request Flushed Error,0xf9,255,0,0x1247,3525134567,0,0
main,retry_server_qp_err,4096,16,last,none,-1,2,27,13,13,write,0,0xc5e00000001b000d,5,Work Request Flushed Error,0xf9,255,0,0x1247,3525143953,0,0
main,retry_server_qp_err,4096,16,last,none,-1,2,27,14,14,write,0,0xc5e00000001b000e,5,Work Request Flushed Error,0xf9,255,0,0x1247,3525153338,0,0
main,retry_server_qp_err,4096,16,last,none,-1,2,27,15,15,write,1,0xc5e00000001b000f,5,Work Request Flushed Error,0xf9,255,0,0x1247,3525162725,0,0
main,retry_server_qp_err,4096,16,last,none,-1,3,28,0,0,write,0,0xc5e00000001c0000,12,transport retry counter exceeded,0x81,255,0,0x1247,3525007657,0,0
main,retry_server_qp_err,4096,16,last,none,-1,3,28,1,1,write,0,0xc5e00000001c0001,5,Work Request Flushed Error,0xf9,255,0,0x1247,3525069091,0,0
main,retry_server_qp_err,4096,16,last,none,-1,3,28,2,2,write,0,0xc5e00000001c0002,5,Work Request Flushed Error,0xf9,255,0,0x1247,3525078697,0,0
main,retry_server_qp_err,4096,16,last,none,-1,3,28,3,3,write,0,0xc5e00000001c0003,5,Work Request Flushed Error,0xf9,255,0,0x1247,3525088170,0,0
main,retry_server_qp_err,4096,16,last,none,-1,3,28,4,4,write,0,0xc5e00000001c0004,5,Work Request Flushed Error,0xf9,255,0,0x1247,3525097643,0,0
main,retry_server_qp_err,4096,16,last,none,-1,3,28,5,5,write,0,0xc5e00000001c0005,5,Work Request Flushed Error,0xf9,255,0,0x1247,3525107008,0,0
main,retry_server_qp_err,4096,16,last,none,-1,3,28,6,6,write,0,0xc5e00000001c0006,5,Work Request Flushed Error,0xf9,255,0,0x1247,3525116545,0,0
main,retry_server_qp_err,4096,16,last,none,-1,3,28,7,7,write,0,0xc5e00000001c0007,5,Work Request Flushed Error,0xf9,255,0,0x1247,3525125887,0,0
main,retry_server_qp_err,4096,16,last,none,-1,3,28,8,8,write,0,0xc5e00000001c0008,5,Work Request Flushed Error,0xf9,255,0,0x1247,3525135239,0,0
main,retry_server_qp_err,4096,16,last,none,-1,3,28,9,9,write,0,0xc5e00000001c0009,5,Work Request Flushed Error,0xf9,255,0,0x1247,3525144615,0,0
main,retry_server_qp_err,4096,16,last,none,-1,3,28,10,10,write,0,0xc5e00000001c000a,5,Work Request Flushed Error,0xf9,255,0,0x1247,3525153934,0,0
main,retry_server_qp_err,4096,16,last,none,-1,3,28,11,11,write,0,0xc5e00000001c000b,5,Work Request Flushed Error,0xf9,255,0,0x1247,3525163458,0,0
main,retry_server_qp_err,4096,16,last,none,-1,3,28,12,12,write,0,0xc5e00000001c000c,5,Work Request Flushed Error,0xf9,255,0,0x1247,3525172751,0,0
main,retry_server_qp_err,4096,16,last,none,-1,3,28,13,13,write,0,0xc5e00000001c000d,5,Work Request Flushed Error,0xf9,255,0,0x1247,3525182076,0,0
main,retry_server_qp_err,4096,16,last,none,-1,3,28,14,14,write,0,0xc5e00000001c000e,5,Work Request Flushed Error,0xf9,255,0,0x1247,3525191513,0,0
main,retry_server_qp_err,4096,16,last,none,-1,3,28,15,15,write,1,0xc5e00000001c000f,5,Work Request Flushed Error,0xf9,255,0,0x1247,3525200874,0,0
main,retry_server_qp_err,4096,16,last,none,-1,4,29,0,0,write,0,0xc5e00000001d0000,12,transport retry counter exceeded,0x81,255,0,0x1247,3524951952,0,0
main,retry_server_qp_err,4096,16,last,none,-1,4,29,1,1,write,0,0xc5e00000001d0001,5,Work Request Flushed Error,0xf9,255,0,0x1247,3525012736,0,0
main,retry_server_qp_err,4096,16,last,none,-1,4,29,2,2,write,0,0xc5e00000001d0002,5,Work Request Flushed Error,0xf9,255,0,0x1247,3525022357,0,0
main,retry_server_qp_err,4096,16,last,none,-1,4,29,3,3,write,0,0xc5e00000001d0003,5,Work Request Flushed Error,0xf9,255,0,0x1247,3525031799,0,0
main,retry_server_qp_err,4096,16,last,none,-1,4,29,4,4,write,0,0xc5e00000001d0004,5,Work Request Flushed Error,0xf9,255,0,0x1247,3525041427,0,0
main,retry_server_qp_err,4096,16,last,none,-1,4,29,5,5,write,0,0xc5e00000001d0005,5,Work Request Flushed Error,0xf9,255,0,0x1247,3525050812,0,0
main,retry_server_qp_err,4096,16,last,none,-1,4,29,6,6,write,0,0xc5e00000001d0006,5,Work Request Flushed Error,0xf9,255,0,0x1247,3525060121,0,0
main,retry_server_qp_err,4096,16,last,none,-1,4,29,7,7,write,0,0xc5e00000001d0007,5,Work Request Flushed Error,0xf9,255,0,0x1247,3525069500,0,0
main,retry_server_qp_err,4096,16,last,none,-1,4,29,8,8,write,0,0xc5e00000001d0008,5,Work Request Flushed Error,0xf9,255,0,0x1247,3525078885,0,0
main,retry_server_qp_err,4096,16,last,none,-1,4,29,9,9,write,0,0xc5e00000001d0009,5,Work Request Flushed Error,0xf9,255,0,0x1247,3525088213,0,0
main,retry_server_qp_err,4096,16,last,none,-1,4,29,10,10,write,0,0xc5e00000001d000a,5,Work Request Flushed Error,0xf9,255,0,0x1247,3525097652,0,0
main,retry_server_qp_err,4096,16,last,none,-1,4,29,11,11,write,0,0xc5e00000001d000b,5,Work Request Flushed Error,0xf9,255,0,0x1247,3525107038,0,0
main,retry_server_qp_err,4096,16,last,none,-1,4,29,12,12,write,0,0xc5e00000001d000c,5,Work Request Flushed Error,0xf9,255,0,0x1247,3525116434,0,0
main,retry_server_qp_err,4096,16,last,none,-1,4,29,13,13,write,0,0xc5e00000001d000d,5,Work Request Flushed Error,0xf9,255,0,0x1247,3525125817,0,0
main,retry_server_qp_err,4096,16,last,none,-1,4,29,14,14,write,0,0xc5e00000001d000e,5,Work Request Flushed Error,0xf9,255,0,0x1247,3525135194,0,0
main,retry_server_qp_err,4096,16,last,none,-1,4,29,15,15,write,1,0xc5e00000001d000f,5,Work Request Flushed Error,0xf9,255,0,0x1247,3525144648,0,0
main,retry_server_qp_err,4096,64,all,none,-1,0,30,0,0,write,1,0xc5e00000001e0000,12,transport retry counter exceeded,0x81,255,0,0x1247,3525016221,0,0
main,retry_server_qp_err,4096,64,all,none,-1,0,30,1,1,write,1,0xc5e00000001e0001,5,Work Request Flushed Error,0xf9,255,0,0x1247,3525076691,0,0
main,retry_server_qp_err,4096,64,all,none,-1,0,30,2,2,write,1,0xc5e00000001e0002,5,Work Request Flushed Error,0xf9,255,0,0x1247,3525086259,0,0
main,retry_server_qp_err,4096,64,all,none,-1,0,30,3,3,write,1,0xc5e00000001e0003,5,Work Request Flushed Error,0xf9,255,0,0x1247,3525095920,0,0
main,retry_server_qp_err,4096,64,all,none,-1,0,30,4,4,write,1,0xc5e00000001e0004,5,Work Request Flushed Error,0xf9,255,0,0x1247,3525105381,0,0
main,retry_server_qp_err,4096,64,all,none,-1,0,30,5,5,write,1,0xc5e00000001e0005,5,Work Request Flushed Error,0xf9,255,0,0x1247,3525114741,0,0
main,retry_server_qp_err,4096,64,all,none,-1,0,30,6,6,write,1,0xc5e00000001e0006,5,Work Request Flushed Error,0xf9,255,0,0x1247,3525124170,0,0
main,retry_server_qp_err,4096,64,all,none,-1,0,30,7,7,write,1,0xc5e00000001e0007,5,Work Request Flushed Error,0xf9,255,0,0x1247,3525133622,0,0
main,retry_server_qp_err,4096,64,all,none,-1,0,30,8,8,write,1,0xc5e00000001e0008,5,Work Request Flushed Error,0xf9,255,0,0x1247,3525142981,0,0
main,retry_server_qp_err,4096,64,all,none,-1,0,30,9,9,write,1,0xc5e00000001e0009,5,Work Request Flushed Error,0xf9,255,0,0x1247,3525152457,0,0
main,retry_server_qp_err,4096,64,all,none,-1,0,30,10,10,write,1,0xc5e00000001e000a,5,Work Request Flushed Error,0xf9,255,0,0x1247,3525161812,0,0
main,retry_server_qp_err,4096,64,all,none,-1,0,30,11,11,write,1,0xc5e00000001e000b,5,Work Request Flushed Error,0xf9,255,0,0x1247,3525171176,0,0
main,retry_server_qp_err,4096,64,all,none,-1,0,30,12,12,write,1,0xc5e00000001e000c,5,Work Request Flushed Error,0xf9,255,0,0x1247,3525180491,0,0
main,retry_server_qp_err,4096,64,all,none,-1,0,30,13,13,write,1,0xc5e00000001e000d,5,Work Request Flushed Error,0xf9,255,0,0x1247,3525189820,0,0
main,retry_server_qp_err,4096,64,all,none,-1,0,30,14,14,write,1,0xc5e00000001e000e,5,Work Request Flushed Error,0xf9,255,0,0x1247,3525199301,0,0
main,retry_server_qp_err,4096,64,all,none,-1,0,30,15,15,write,1,0xc5e00000001e000f,5,Work Request Flushed Error,0xf9,255,0,0x1247,3525208670,0,0
main,retry_server_qp_err,4096,64,all,none,-1,0,30,16,16,write,1,0xc5e00000001e0010,5,Work Request Flushed Error,0xf9,255,0,0x1247,3525218044,0,0
main,retry_server_qp_err,4096,64,all,none,-1,0,30,17,17,write,1,0xc5e00000001e0011,5,Work Request Flushed Error,0xf9,255,0,0x1247,3525227380,0,0
main,retry_server_qp_err,4096,64,all,none,-1,0,30,18,18,write,1,0xc5e00000001e0012,5,Work Request Flushed Error,0xf9,255,0,0x1247,3525236789,0,0
main,retry_server_qp_err,4096,64,all,none,-1,0,30,19,19,write,1,0xc5e00000001e0013,5,Work Request Flushed Error,0xf9,255,0,0x1247,3525246153,0,0
main,retry_server_qp_err,4096,64,all,none,-1,0,30,20,20,write,1,0xc5e00000001e0014,5,Work Request Flushed Error,0xf9,255,0,0x1247,3525255580,0,0
main,retry_server_qp_err,4096,64,all,none,-1,0,30,21,21,write,1,0xc5e00000001e0015,5,Work Request Flushed Error,0xf9,255,0,0x1247,3525264974,0,0
main,retry_server_qp_err,4096,64,all,none,-1,0,30,22,22,write,1,0xc5e00000001e0016,5,Work Request Flushed Error,0xf9,255,0,0x1247,3525274317,0,0
main,retry_server_qp_err,4096,64,all,none,-1,0,30,23,23,write,1,0xc5e00000001e0017,5,Work Request Flushed Error,0xf9,255,0,0x1247,3525283640,0,0
main,retry_server_qp_err,4096,64,all,none,-1,0,30,24,24,write,1,0xc5e00000001e0018,5,Work Request Flushed Error,0xf9,255,0,0x1247,3525292949,0,0
main,retry_server_qp_err,4096,64,all,none,-1,0,30,25,25,write,1,0xc5e00000001e0019,5,Work Request Flushed Error,0xf9,255,0,0x1247,3525302513,0,0
main,retry_server_qp_err,4096,64,all,none,-1,0,30,26,26,write,1,0xc5e00000001e001a,5,Work Request Flushed Error,0xf9,255,0,0x1247,3525311887,0,0
main,retry_server_qp_err,4096,64,all,none,-1,0,30,27,27,write,1,0xc5e00000001e001b,5,Work Request Flushed Error,0xf9,255,0,0x1247,3525321254,0,0
main,retry_server_qp_err,4096,64,all,none,-1,0,30,28,28,write,1,0xc5e00000001e001c,5,Work Request Flushed Error,0xf9,255,0,0x1247,3525330616,0,0
main,retry_server_qp_err,4096,64,all,none,-1,0,30,29,29,write,1,0xc5e00000001e001d,5,Work Request Flushed Error,0xf9,255,0,0x1247,3525339965,0,0
main,retry_server_qp_err,4096,64,all,none,-1,0,30,30,30,write,1,0xc5e00000001e001e,5,Work Request Flushed Error,0xf9,255,0,0x1247,3525349336,0,0
main,retry_server_qp_err,4096,64,all,none,-1,0,30,31,31,write,1,0xc5e00000001e001f,5,Work Request Flushed Error,0xf9,255,0,0x1247,3525358648,0,0
main,retry_server_qp_err,4096,64,all,none,-1,0,30,32,32,write,1,0xc5e00000001e0020,5,Work Request Flushed Error,0xf9,255,0,0x1247,3525368006,0,0
main,retry_server_qp_err,4096,64,all,none,-1,0,30,33,33,write,1,0xc5e00000001e0021,5,Work Request Flushed Error,0xf9,255,0,0x1247,3525377351,0,0
main,retry_server_qp_err,4096,64,all,none,-1,0,30,34,34,write,1,0xc5e00000001e0022,5,Work Request Flushed Error,0xf9,255,0,0x1247,3525386703,0,0
main,retry_server_qp_err,4096,64,all,none,-1,0,30,35,35,write,1,0xc5e00000001e0023,5,Work Request Flushed Error,0xf9,255,0,0x1247,3525396215,0,0
main,retry_server_qp_err,4096,64,all,none,-1,0,30,36,36,write,1,0xc5e00000001e0024,5,Work Request Flushed Error,0xf9,255,0,0x1247,3525405582,0,0
main,retry_server_qp_err,4096,64,all,none,-1,0,30,37,37,write,1,0xc5e00000001e0025,5,Work Request Flushed Error,0xf9,255,0,0x1247,3525414961,0,0
main,retry_server_qp_err,4096,64,all,none,-1,0,30,38,38,write,1,0xc5e00000001e0026,5,Work Request Flushed Error,0xf9,255,0,0x1247,3525424301,0,0
main,retry_server_qp_err,4096,64,all,none,-1,0,30,39,39,write,1,0xc5e00000001e0027,5,Work Request Flushed Error,0xf9,255,0,0x1247,3525433680,0,0
main,retry_server_qp_err,4096,64,all,none,-1,0,30,40,40,write,1,0xc5e00000001e0028,5,Work Request Flushed Error,0xf9,255,0,0x1247,3525443006,0,0
main,retry_server_qp_err,4096,64,all,none,-1,0,30,41,41,write,1,0xc5e00000001e0029,5,Work Request Flushed Error,0xf9,255,0,0x1247,3525452503,0,0
main,retry_server_qp_err,4096,64,all,none,-1,0,30,42,42,write,1,0xc5e00000001e002a,5,Work Request Flushed Error,0xf9,255,0,0x1247,3525461803,0,0
main,retry_server_qp_err,4096,64,all,none,-1,0,30,43,43,write,1,0xc5e00000001e002b,5,Work Request Flushed Error,0xf9,255,0,0x1247,3525471171,0,0
main,retry_server_qp_err,4096,64,all,none,-1,0,30,44,44,write,1,0xc5e00000001e002c,5,Work Request Flushed Error,0xf9,255,0,0x1247,3525480518,0,0
main,retry_server_qp_err,4096,64,all,none,-1,0,30,45,45,write,1,0xc5e00000001e002d,5,Work Request Flushed Error,0xf9,255,0,0x1247,3525489887,0,0
main,retry_server_qp_err,4096,64,all,none,-1,0,30,46,46,write,1,0xc5e00000001e002e,5,Work Request Flushed Error,0xf9,255,0,0x1247,3525499349,0,0
main,retry_server_qp_err,4096,64,all,none,-1,0,30,47,47,write,1,0xc5e00000001e002f,5,Work Request Flushed Error,0xf9,255,0,0x1247,3525508736,0,0
main,retry_server_qp_err,4096,64,all,none,-1,0,30,48,48,write,1,0xc5e00000001e0030,5,Work Request Flushed Error,0xf9,255,0,0x1247,3525518053,0,0
main,retry_server_qp_err,4096,64,all,none,-1,0,30,49,49,write,1,0xc5e00000001e0031,5,Work Request Flushed Error,0xf9,255,0,0x1247,3525527445,0,0
main,retry_server_qp_err,4096,64,all,none,-1,0,30,50,50,write,1,0xc5e00000001e0032,5,Work Request Flushed Error,0xf9,255,0,0x1247,3525536791,0,0
main,retry_server_qp_err,4096,64,all,none,-1,0,30,51,51,write,1,0xc5e00000001e0033,5,Work Request Flushed Error,0xf9,255,0,0x1247,3525546235,0,0
main,retry_server_qp_err,4096,64,all,none,-1,0,30,52,52,write,1,0xc5e00000001e0034,5,Work Request Flushed Error,0xf9,255,0,0x1247,3525555619,0,0
main,retry_server_qp_err,4096,64,all,none,-1,0,30,53,53,write,1,0xc5e00000001e0035,5,Work Request Flushed Error,0xf9,255,0,0x1247,3525564956,0,0
main,retry_server_qp_err,4096,64,all,none,-1,0,30,54,54,write,1,0xc5e00000001e0036,5,Work Request Flushed Error,0xf9,255,0,0x1247,3525574304,0,0
main,retry_server_qp_err,4096,64,all,none,-1,0,30,55,55,write,1,0xc5e00000001e0037,5,Work Request Flushed Error,0xf9,255,0,0x1247,3525583705,0,0
main,retry_server_qp_err,4096,64,all,none,-1,0,30,56,56,write,1,0xc5e00000001e0038,5,Work Request Flushed Error,0xf9,255,0,0x1247,3525593143,0,0
main,retry_server_qp_err,4096,64,all,none,-1,0,30,57,57,write,1,0xc5e00000001e0039,5,Work Request Flushed Error,0xf9,255,0,0x1247,3525602610,0,0
main,retry_server_qp_err,4096,64,all,none,-1,0,30,58,58,write,1,0xc5e00000001e003a,5,Work Request Flushed Error,0xf9,255,0,0x1247,3525611991,0,0
main,retry_server_qp_err,4096,64,all,none,-1,0,30,59,59,write,1,0xc5e00000001e003b,5,Work Request Flushed Error,0xf9,255,0,0x1247,3525621347,0,0
main,retry_server_qp_err,4096,64,all,none,-1,0,30,60,60,write,1,0xc5e00000001e003c,5,Work Request Flushed Error,0xf9,255,0,0x1247,3525630700,0,0
main,retry_server_qp_err,4096,64,all,none,-1,0,30,61,61,write,1,0xc5e00000001e003d,5,Work Request Flushed Error,0xf9,255,0,0x1247,3525640077,0,0
main,retry_server_qp_err,4096,64,all,none,-1,0,30,62,62,write,1,0xc5e00000001e003e,5,Work Request Flushed Error,0xf9,255,0,0x1247,3525649518,0,0
main,retry_server_qp_err,4096,64,all,none,-1,0,30,63,63,write,1,0xc5e00000001e003f,5,Work Request Flushed Error,0xf9,255,0,0x1247,3525658868,0,0
main,retry_server_qp_err,4096,64,all,none,-1,1,31,0,0,write,1,0xc5e00000001f0000,12,transport retry counter exceeded,0x81,255,0,0x1247,3524525490,0,0
main,retry_server_qp_err,4096,64,all,none,-1,1,31,1,1,write,1,0xc5e00000001f0001,5,Work Request Flushed Error,0xf9,255,0,0x1247,3524586830,0,0
main,retry_server_qp_err,4096,64,all,none,-1,1,31,2,2,write,1,0xc5e00000001f0002,5,Work Request Flushed Error,0xf9,255,0,0x1247,3524596694,0,0
main,retry_server_qp_err,4096,64,all,none,-1,1,31,3,3,write,1,0xc5e00000001f0003,5,Work Request Flushed Error,0xf9,255,0,0x1247,3524606220,0,0
main,retry_server_qp_err,4096,64,all,none,-1,1,31,4,4,write,1,0xc5e00000001f0004,5,Work Request Flushed Error,0xf9,255,0,0x1247,3524615738,0,0
main,retry_server_qp_err,4096,64,all,none,-1,1,31,5,5,write,1,0xc5e00000001f0005,5,Work Request Flushed Error,0xf9,255,0,0x1247,3524625848,0,0
main,retry_server_qp_err,4096,64,all,none,-1,1,31,6,6,write,1,0xc5e00000001f0006,5,Work Request Flushed Error,0xf9,255,0,0x1247,3524635254,0,0
main,retry_server_qp_err,4096,64,all,none,-1,1,31,7,7,write,1,0xc5e00000001f0007,5,Work Request Flushed Error,0xf9,255,0,0x1247,3524645024,0,0
main,retry_server_qp_err,4096,64,all,none,-1,1,31,8,8,write,1,0xc5e00000001f0008,5,Work Request Flushed Error,0xf9,255,0,0x1247,3524654454,0,0
main,retry_server_qp_err,4096,64,all,none,-1,1,31,9,9,write,1,0xc5e00000001f0009,5,Work Request Flushed Error,0xf9,255,0,0x1247,3524663903,0,0
main,retry_server_qp_err,4096,64,all,none,-1,1,31,10,10,write,1,0xc5e00000001f000a,5,Work Request Flushed Error,0xf9,255,0,0x1247,3524673313,0,0
main,retry_server_qp_err,4096,64,all,none,-1,1,31,11,11,write,1,0xc5e00000001f000b,5,Work Request Flushed Error,0xf9,255,0,0x1247,3524682741,0,0
main,retry_server_qp_err,4096,64,all,none,-1,1,31,12,12,write,1,0xc5e00000001f000c,5,Work Request Flushed Error,0xf9,255,0,0x1247,3524692312,0,0
main,retry_server_qp_err,4096,64,all,none,-1,1,31,13,13,write,1,0xc5e00000001f000d,5,Work Request Flushed Error,0xf9,255,0,0x1247,3524701758,0,0
main,retry_server_qp_err,4096,64,all,none,-1,1,31,14,14,write,1,0xc5e00000001f000e,5,Work Request Flushed Error,0xf9,255,0,0x1247,3524711186,0,0
main,retry_server_qp_err,4096,64,all,none,-1,1,31,15,15,write,1,0xc5e00000001f000f,5,Work Request Flushed Error,0xf9,255,0,0x1247,3524720669,0,0
main,retry_server_qp_err,4096,64,all,none,-1,1,31,16,16,write,1,0xc5e00000001f0010,5,Work Request Flushed Error,0xf9,255,0,0x1247,3524730103,0,0
main,retry_server_qp_err,4096,64,all,none,-1,1,31,17,17,write,1,0xc5e00000001f0011,5,Work Request Flushed Error,0xf9,255,0,0x1247,3524739600,0,0
main,retry_server_qp_err,4096,64,all,none,-1,1,31,18,18,write,1,0xc5e00000001f0012,5,Work Request Flushed Error,0xf9,255,0,0x1247,3524749043,0,0
main,retry_server_qp_err,4096,64,all,none,-1,1,31,19,19,write,1,0xc5e00000001f0013,5,Work Request Flushed Error,0xf9,255,0,0x1247,3524758690,0,0
main,retry_server_qp_err,4096,64,all,none,-1,1,31,20,20,write,1,0xc5e00000001f0014,5,Work Request Flushed Error,0xf9,255,0,0x1247,3524768097,0,0
main,retry_server_qp_err,4096,64,all,none,-1,1,31,21,21,write,1,0xc5e00000001f0015,5,Work Request Flushed Error,0xf9,255,0,0x1247,3524777487,0,0
main,retry_server_qp_err,4096,64,all,none,-1,1,31,22,22,write,1,0xc5e00000001f0016,5,Work Request Flushed Error,0xf9,255,0,0x1247,3524786991,0,0
main,retry_server_qp_err,4096,64,all,none,-1,1,31,23,23,write,1,0xc5e00000001f0017,5,Work Request Flushed Error,0xf9,255,0,0x1247,3524796458,0,0
main,retry_server_qp_err,4096,64,all,none,-1,1,31,24,24,write,1,0xc5e00000001f0018,5,Work Request Flushed Error,0xf9,255,0,0x1247,3524805908,0,0
main,retry_server_qp_err,4096,64,all,none,-1,1,31,25,25,write,1,0xc5e00000001f0019,5,Work Request Flushed Error,0xf9,255,0,0x1247,3524815376,0,0
main,retry_server_qp_err,4096,64,all,none,-1,1,31,26,26,write,1,0xc5e00000001f001a,5,Work Request Flushed Error,0xf9,255,0,0x1247,3524824878,0,0
main,retry_server_qp_err,4096,64,all,none,-1,1,31,27,27,write,1,0xc5e00000001f001b,5,Work Request Flushed Error,0xf9,255,0,0x1247,3524834449,0,0
main,retry_server_qp_err,4096,64,all,none,-1,1,31,28,28,write,1,0xc5e00000001f001c,5,Work Request Flushed Error,0xf9,255,0,0x1247,3524843975,0,0
main,retry_server_qp_err,4096,64,all,none,-1,1,31,29,29,write,1,0xc5e00000001f001d,5,Work Request Flushed Error,0xf9,255,0,0x1247,3524853400,0,0
main,retry_server_qp_err,4096,64,all,none,-1,1,31,30,30,write,1,0xc5e00000001f001e,5,Work Request Flushed Error,0xf9,255,0,0x1247,3524862841,0,0
main,retry_server_qp_err,4096,64,all,none,-1,1,31,31,31,write,1,0xc5e00000001f001f,5,Work Request Flushed Error,0xf9,255,0,0x1247,3524872350,0,0
main,retry_server_qp_err,4096,64,all,none,-1,1,31,32,32,write,1,0xc5e00000001f0020,5,Work Request Flushed Error,0xf9,255,0,0x1247,3524881835,0,0
main,retry_server_qp_err,4096,64,all,none,-1,1,31,33,33,write,1,0xc5e00000001f0021,5,Work Request Flushed Error,0xf9,255,0,0x1247,3524891295,0,0
main,retry_server_qp_err,4096,64,all,none,-1,1,31,34,34,write,1,0xc5e00000001f0022,5,Work Request Flushed Error,0xf9,255,0,0x1247,3524900901,0,0
main,retry_server_qp_err,4096,64,all,none,-1,1,31,35,35,write,1,0xc5e00000001f0023,5,Work Request Flushed Error,0xf9,255,0,0x1247,3524910305,0,0
main,retry_server_qp_err,4096,64,all,none,-1,1,31,36,36,write,1,0xc5e00000001f0024,5,Work Request Flushed Error,0xf9,255,0,0x1247,3524919768,0,0
main,retry_server_qp_err,4096,64,all,none,-1,1,31,37,37,write,1,0xc5e00000001f0025,5,Work Request Flushed Error,0xf9,255,0,0x1247,3524929219,0,0
main,retry_server_qp_err,4096,64,all,none,-1,1,31,38,38,write,1,0xc5e00000001f0026,5,Work Request Flushed Error,0xf9,255,0,0x1247,3524938753,0,0
main,retry_server_qp_err,4096,64,all,none,-1,1,31,39,39,write,1,0xc5e00000001f0027,5,Work Request Flushed Error,0xf9,255,0,0x1247,3524948214,0,0
main,retry_server_qp_err,4096,64,all,none,-1,1,31,40,40,write,1,0xc5e00000001f0028,5,Work Request Flushed Error,0xf9,255,0,0x1247,3524957624,0,0
main,retry_server_qp_err,4096,64,all,none,-1,1,31,41,41,write,1,0xc5e00000001f0029,5,Work Request Flushed Error,0xf9,255,0,0x1247,3524967082,0,0
main,retry_server_qp_err,4096,64,all,none,-1,1,31,42,42,write,1,0xc5e00000001f002a,5,Work Request Flushed Error,0xf9,255,0,0x1247,3524976494,0,0
main,retry_server_qp_err,4096,64,all,none,-1,1,31,43,43,write,1,0xc5e00000001f002b,5,Work Request Flushed Error,0xf9,255,0,0x1247,3524985937,0,0
main,retry_server_qp_err,4096,64,all,none,-1,1,31,44,44,write,1,0xc5e00000001f002c,5,Work Request Flushed Error,0xf9,255,0,0x1247,3524995635,0,0
main,retry_server_qp_err,4096,64,all,none,-1,1,31,45,45,write,1,0xc5e00000001f002d,5,Work Request Flushed Error,0xf9,255,0,0x1247,3525005101,0,0
main,retry_server_qp_err,4096,64,all,none,-1,1,31,46,46,write,1,0xc5e00000001f002e,5,Work Request Flushed Error,0xf9,255,0,0x1247,3525014578,0,0
main,retry_server_qp_err,4096,64,all,none,-1,1,31,47,47,write,1,0xc5e00000001f002f,5,Work Request Flushed Error,0xf9,255,0,0x1247,3525024022,0,0
main,retry_server_qp_err,4096,64,all,none,-1,1,31,48,48,write,1,0xc5e00000001f0030,5,Work Request Flushed Error,0xf9,255,0,0x1247,3525033427,0,0
main,retry_server_qp_err,4096,64,all,none,-1,1,31,49,49,write,1,0xc5e00000001f0031,5,Work Request Flushed Error,0xf9,255,0,0x1247,3525042989,0,0
main,retry_server_qp_err,4096,64,all,none,-1,1,31,50,50,write,1,0xc5e00000001f0032,5,Work Request Flushed Error,0xf9,255,0,0x1247,3525052468,0,0
main,retry_server_qp_err,4096,64,all,none,-1,1,31,51,51,write,1,0xc5e00000001f0033,5,Work Request Flushed Error,0xf9,255,0,0x1247,3525061861,0,0
main,retry_server_qp_err,4096,64,all,none,-1,1,31,52,52,write,1,0xc5e00000001f0034,5,Work Request Flushed Error,0xf9,255,0,0x1247,3525071404,0,0
main,retry_server_qp_err,4096,64,all,none,-1,1,31,53,53,write,1,0xc5e00000001f0035,5,Work Request Flushed Error,0xf9,255,0,0x1247,3525080824,0,0
main,retry_server_qp_err,4096,64,all,none,-1,1,31,54,54,write,1,0xc5e00000001f0036,5,Work Request Flushed Error,0xf9,255,0,0x1247,3525090329,0,0
main,retry_server_qp_err,4096,64,all,none,-1,1,31,55,55,write,1,0xc5e00000001f0037,5,Work Request Flushed Error,0xf9,255,0,0x1247,3525099773,0,0
main,retry_server_qp_err,4096,64,all,none,-1,1,31,56,56,write,1,0xc5e00000001f0038,5,Work Request Flushed Error,0xf9,255,0,0x1247,3525109201,0,0
main,retry_server_qp_err,4096,64,all,none,-1,1,31,57,57,write,1,0xc5e00000001f0039,5,Work Request Flushed Error,0xf9,255,0,0x1247,3525118592,0,0
main,retry_server_qp_err,4096,64,all,none,-1,1,31,58,58,write,1,0xc5e00000001f003a,5,Work Request Flushed Error,0xf9,255,0,0x1247,3525128044,0,0
main,retry_server_qp_err,4096,64,all,none,-1,1,31,59,59,write,1,0xc5e00000001f003b,5,Work Request Flushed Error,0xf9,255,0,0x1247,3525137585,0,0
main,retry_server_qp_err,4096,64,all,none,-1,1,31,60,60,write,1,0xc5e00000001f003c,5,Work Request Flushed Error,0xf9,255,0,0x1247,3525147171,0,0
main,retry_server_qp_err,4096,64,all,none,-1,1,31,61,61,write,1,0xc5e00000001f003d,5,Work Request Flushed Error,0xf9,255,0,0x1247,3525156569,0,0
main,retry_server_qp_err,4096,64,all,none,-1,1,31,62,62,write,1,0xc5e00000001f003e,5,Work Request Flushed Error,0xf9,255,0,0x1247,3525166062,0,0
main,retry_server_qp_err,4096,64,all,none,-1,1,31,63,63,write,1,0xc5e00000001f003f,5,Work Request Flushed Error,0xf9,255,0,0x1247,3525175685,0,0
main,retry_server_qp_err,4096,64,all,none,-1,2,32,0,0,write,1,0xc5e0000000200000,12,transport retry counter exceeded,0x81,255,0,0x1247,3524465018,0,0
main,retry_server_qp_err,4096,64,all,none,-1,2,32,1,1,write,1,0xc5e0000000200001,5,Work Request Flushed Error,0xf9,255,0,0x1247,3524526467,0,0
main,retry_server_qp_err,4096,64,all,none,-1,2,32,2,2,write,1,0xc5e0000000200002,5,Work Request Flushed Error,0xf9,255,0,0x1247,3524536114,0,0
main,retry_server_qp_err,4096,64,all,none,-1,2,32,3,3,write,1,0xc5e0000000200003,5,Work Request Flushed Error,0xf9,255,0,0x1247,3524545568,0,0
main,retry_server_qp_err,4096,64,all,none,-1,2,32,4,4,write,1,0xc5e0000000200004,5,Work Request Flushed Error,0xf9,255,0,0x1247,3524554992,0,0
main,retry_server_qp_err,4096,64,all,none,-1,2,32,5,5,write,1,0xc5e0000000200005,5,Work Request Flushed Error,0xf9,255,0,0x1247,3524564357,0,0
main,retry_server_qp_err,4096,64,all,none,-1,2,32,6,6,write,1,0xc5e0000000200006,5,Work Request Flushed Error,0xf9,255,0,0x1247,3524573856,0,0
main,retry_server_qp_err,4096,64,all,none,-1,2,32,7,7,write,1,0xc5e0000000200007,5,Work Request Flushed Error,0xf9,255,0,0x1247,3524583226,0,0
main,retry_server_qp_err,4096,64,all,none,-1,2,32,8,8,write,1,0xc5e0000000200008,5,Work Request Flushed Error,0xf9,255,0,0x1247,3524592615,0,0
main,retry_server_qp_err,4096,64,all,none,-1,2,32,9,9,write,1,0xc5e0000000200009,5,Work Request Flushed Error,0xf9,255,0,0x1247,3524601963,0,0
main,retry_server_qp_err,4096,64,all,none,-1,2,32,10,10,write,1,0xc5e000000020000a,5,Work Request Flushed Error,0xf9,255,0,0x1247,3524611283,0,0
main,retry_server_qp_err,4096,64,all,none,-1,2,32,11,11,write,1,0xc5e000000020000b,5,Work Request Flushed Error,0xf9,255,0,0x1247,3524620802,0,0
main,retry_server_qp_err,4096,64,all,none,-1,2,32,12,12,write,1,0xc5e000000020000c,5,Work Request Flushed Error,0xf9,255,0,0x1247,3524630121,0,0
main,retry_server_qp_err,4096,64,all,none,-1,2,32,13,13,write,1,0xc5e000000020000d,5,Work Request Flushed Error,0xf9,255,0,0x1247,3524639450,0,0
main,retry_server_qp_err,4096,64,all,none,-1,2,32,14,14,write,1,0xc5e000000020000e,5,Work Request Flushed Error,0xf9,255,0,0x1247,3524648801,0,0
main,retry_server_qp_err,4096,64,all,none,-1,2,32,15,15,write,1,0xc5e000000020000f,5,Work Request Flushed Error,0xf9,255,0,0x1247,3524658164,0,0
main,retry_server_qp_err,4096,64,all,none,-1,2,32,16,16,write,1,0xc5e0000000200010,5,Work Request Flushed Error,0xf9,255,0,0x1247,3524667544,0,0
main,retry_server_qp_err,4096,64,all,none,-1,2,32,17,17,write,1,0xc5e0000000200011,5,Work Request Flushed Error,0xf9,255,0,0x1247,3524677005,0,0
main,retry_server_qp_err,4096,64,all,none,-1,2,32,18,18,write,1,0xc5e0000000200012,5,Work Request Flushed Error,0xf9,255,0,0x1247,3524686365,0,0
main,retry_server_qp_err,4096,64,all,none,-1,2,32,19,19,write,1,0xc5e0000000200013,5,Work Request Flushed Error,0xf9,255,0,0x1247,3524695719,0,0
main,retry_server_qp_err,4096,64,all,none,-1,2,32,20,20,write,1,0xc5e0000000200014,5,Work Request Flushed Error,0xf9,255,0,0x1247,3524705131,0,0
main,retry_server_qp_err,4096,64,all,none,-1,2,32,21,21,write,1,0xc5e0000000200015,5,Work Request Flushed Error,0xf9,255,0,0x1247,3524714469,0,0
main,retry_server_qp_err,4096,64,all,none,-1,2,32,22,22,write,1,0xc5e0000000200016,5,Work Request Flushed Error,0xf9,255,0,0x1247,3524723929,0,0
main,retry_server_qp_err,4096,64,all,none,-1,2,32,23,23,write,1,0xc5e0000000200017,5,Work Request Flushed Error,0xf9,255,0,0x1247,3524733250,0,0
main,retry_server_qp_err,4096,64,all,none,-1,2,32,24,24,write,1,0xc5e0000000200018,5,Work Request Flushed Error,0xf9,255,0,0x1247,3524742617,0,0
main,retry_server_qp_err,4096,64,all,none,-1,2,32,25,25,write,1,0xc5e0000000200019,5,Work Request Flushed Error,0xf9,255,0,0x1247,3524752011,0,0
main,retry_server_qp_err,4096,64,all,none,-1,2,32,26,26,write,1,0xc5e000000020001a,5,Work Request Flushed Error,0xf9,255,0,0x1247,3524761323,0,0
main,retry_server_qp_err,4096,64,all,none,-1,2,32,27,27,write,1,0xc5e000000020001b,5,Work Request Flushed Error,0xf9,255,0,0x1247,3524770834,0,0
main,retry_server_qp_err,4096,64,all,none,-1,2,32,28,28,write,1,0xc5e000000020001c,5,Work Request Flushed Error,0xf9,255,0,0x1247,3524780142,0,0
main,retry_server_qp_err,4096,64,all,none,-1,2,32,29,29,write,1,0xc5e000000020001d,5,Work Request Flushed Error,0xf9,255,0,0x1247,3524789516,0,0
main,retry_server_qp_err,4096,64,all,none,-1,2,32,30,30,write,1,0xc5e000000020001e,5,Work Request Flushed Error,0xf9,255,0,0x1247,3524798863,0,0
main,retry_server_qp_err,4096,64,all,none,-1,2,32,31,31,write,1,0xc5e000000020001f,5,Work Request Flushed Error,0xf9,255,0,0x1247,3524808207,0,0
main,retry_server_qp_err,4096,64,all,none,-1,2,32,32,32,write,1,0xc5e0000000200020,5,Work Request Flushed Error,0xf9,255,0,0x1247,3524817595,0,0
main,retry_server_qp_err,4096,64,all,none,-1,2,32,33,33,write,1,0xc5e0000000200021,5,Work Request Flushed Error,0xf9,255,0,0x1247,3524827200,0,0
main,retry_server_qp_err,4096,64,all,none,-1,2,32,34,34,write,1,0xc5e0000000200022,5,Work Request Flushed Error,0xf9,255,0,0x1247,3524836548,0,0
main,retry_server_qp_err,4096,64,all,none,-1,2,32,35,35,write,1,0xc5e0000000200023,5,Work Request Flushed Error,0xf9,255,0,0x1247,3524845917,0,0
main,retry_server_qp_err,4096,64,all,none,-1,2,32,36,36,write,1,0xc5e0000000200024,5,Work Request Flushed Error,0xf9,255,0,0x1247,3524855309,0,0
main,retry_server_qp_err,4096,64,all,none,-1,2,32,37,37,write,1,0xc5e0000000200025,5,Work Request Flushed Error,0xf9,255,0,0x1247,3524864745,0,0
main,retry_server_qp_err,4096,64,all,none,-1,2,32,38,38,write,1,0xc5e0000000200026,5,Work Request Flushed Error,0xf9,255,0,0x1247,3524874159,0,0
main,retry_server_qp_err,4096,64,all,none,-1,2,32,39,39,write,1,0xc5e0000000200027,5,Work Request Flushed Error,0xf9,255,0,0x1247,3524883532,0,0
main,retry_server_qp_err,4096,64,all,none,-1,2,32,40,40,write,1,0xc5e0000000200028,5,Work Request Flushed Error,0xf9,255,0,0x1247,3524892838,0,0
main,retry_server_qp_err,4096,64,all,none,-1,2,32,41,41,write,1,0xc5e0000000200029,5,Work Request Flushed Error,0xf9,255,0,0x1247,3524902211,0,0
main,retry_server_qp_err,4096,64,all,none,-1,2,32,42,42,write,1,0xc5e000000020002a,5,Work Request Flushed Error,0xf9,255,0,0x1247,3524911561,0,0
main,retry_server_qp_err,4096,64,all,none,-1,2,32,43,43,write,1,0xc5e000000020002b,5,Work Request Flushed Error,0xf9,255,0,0x1247,3524921035,0,0
main,retry_server_qp_err,4096,64,all,none,-1,2,32,44,44,write,1,0xc5e000000020002c,5,Work Request Flushed Error,0xf9,255,0,0x1247,3524930474,0,0
main,retry_server_qp_err,4096,64,all,none,-1,2,32,45,45,write,1,0xc5e000000020002d,5,Work Request Flushed Error,0xf9,255,0,0x1247,3524939810,0,0
main,retry_server_qp_err,4096,64,all,none,-1,2,32,46,46,write,1,0xc5e000000020002e,5,Work Request Flushed Error,0xf9,255,0,0x1247,3524949171,0,0
main,retry_server_qp_err,4096,64,all,none,-1,2,32,47,47,write,1,0xc5e000000020002f,5,Work Request Flushed Error,0xf9,255,0,0x1247,3524958581,0,0
main,retry_server_qp_err,4096,64,all,none,-1,2,32,48,48,write,1,0xc5e0000000200030,5,Work Request Flushed Error,0xf9,255,0,0x1247,3524967922,0,0
main,retry_server_qp_err,4096,64,all,none,-1,2,32,49,49,write,1,0xc5e0000000200031,5,Work Request Flushed Error,0xf9,255,0,0x1247,3524977465,0,0
main,retry_server_qp_err,4096,64,all,none,-1,2,32,50,50,write,1,0xc5e0000000200032,5,Work Request Flushed Error,0xf9,255,0,0x1247,3524986831,0,0
main,retry_server_qp_err,4096,64,all,none,-1,2,32,51,51,write,1,0xc5e0000000200033,5,Work Request Flushed Error,0xf9,255,0,0x1247,3524996638,0,0
main,retry_server_qp_err,4096,64,all,none,-1,2,32,52,52,write,1,0xc5e0000000200034,5,Work Request Flushed Error,0xf9,255,0,0x1247,3525006008,0,0
main,retry_server_qp_err,4096,64,all,none,-1,2,32,53,53,write,1,0xc5e0000000200035,5,Work Request Flushed Error,0xf9,255,0,0x1247,3525015392,0,0
main,retry_server_qp_err,4096,64,all,none,-1,2,32,54,54,write,1,0xc5e0000000200036,5,Work Request Flushed Error,0xf9,255,0,0x1247,3525026431,0,0
main,retry_server_qp_err,4096,64,all,none,-1,2,32,55,55,write,1,0xc5e0000000200037,5,Work Request Flushed Error,0xf9,255,0,0x1247,3525034407,0,0
main,retry_server_qp_err,4096,64,all,none,-1,2,32,56,56,write,1,0xc5e0000000200038,5,Work Request Flushed Error,0xf9,255,0,0x1247,3525043743,0,0
main,retry_server_qp_err,4096,64,all,none,-1,2,32,57,57,write,1,0xc5e0000000200039,5,Work Request Flushed Error,0xf9,255,0,0x1247,3525053110,0,0
main,retry_server_qp_err,4096,64,all,none,-1,2,32,58,58,write,1,0xc5e000000020003a,5,Work Request Flushed Error,0xf9,255,0,0x1247,3525062495,0,0
main,retry_server_qp_err,4096,64,all,none,-1,2,32,59,59,write,1,0xc5e000000020003b,5,Work Request Flushed Error,0xf9,255,0,0x1247,3525071921,0,0
main,retry_server_qp_err,4096,64,all,none,-1,2,32,60,60,write,1,0xc5e000000020003c,5,Work Request Flushed Error,0xf9,255,0,0x1247,3525081306,0,0
main,retry_server_qp_err,4096,64,all,none,-1,2,32,61,61,write,1,0xc5e000000020003d,5,Work Request Flushed Error,0xf9,255,0,0x1247,3525090629,0,0
main,retry_server_qp_err,4096,64,all,none,-1,2,32,62,62,write,1,0xc5e000000020003e,5,Work Request Flushed Error,0xf9,255,0,0x1247,3525100551,0,0
main,retry_server_qp_err,4096,64,all,none,-1,2,32,63,63,write,1,0xc5e000000020003f,5,Work Request Flushed Error,0xf9,255,0,0x1247,3525109288,0,0
main,retry_server_qp_err,4096,64,all,none,-1,3,33,0,0,write,1,0xc5e0000000210000,12,transport retry counter exceeded,0x81,255,0,0x1247,3524413523,0,0
main,retry_server_qp_err,4096,64,all,none,-1,3,33,1,1,write,1,0xc5e0000000210001,5,Work Request Flushed Error,0xf9,255,0,0x1247,3524473654,0,0
main,retry_server_qp_err,4096,64,all,none,-1,3,33,2,2,write,1,0xc5e0000000210002,5,Work Request Flushed Error,0xf9,255,0,0x1247,3524483233,0,0
main,retry_server_qp_err,4096,64,all,none,-1,3,33,3,3,write,1,0xc5e0000000210003,5,Work Request Flushed Error,0xf9,255,0,0x1247,3524492705,0,0
main,retry_server_qp_err,4096,64,all,none,-1,3,33,4,4,write,1,0xc5e0000000210004,5,Work Request Flushed Error,0xf9,255,0,0x1247,3524502477,0,0
main,retry_server_qp_err,4096,64,all,none,-1,3,33,5,5,write,1,0xc5e0000000210005,5,Work Request Flushed Error,0xf9,255,0,0x1247,3524512162,0,0
main,retry_server_qp_err,4096,64,all,none,-1,3,33,6,6,write,1,0xc5e0000000210006,5,Work Request Flushed Error,0xf9,255,0,0x1247,3524521655,0,0
main,retry_server_qp_err,4096,64,all,none,-1,3,33,7,7,write,1,0xc5e0000000210007,5,Work Request Flushed Error,0xf9,255,0,0x1247,3524530869,0,0
main,retry_server_qp_err,4096,64,all,none,-1,3,33,8,8,write,1,0xc5e0000000210008,5,Work Request Flushed Error,0xf9,255,0,0x1247,3524540256,0,0
main,retry_server_qp_err,4096,64,all,none,-1,3,33,9,9,write,1,0xc5e0000000210009,5,Work Request Flushed Error,0xf9,255,0,0x1247,3524549643,0,0
main,retry_server_qp_err,4096,64,all,none,-1,3,33,10,10,write,1,0xc5e000000021000a,5,Work Request Flushed Error,0xf9,255,0,0x1247,3524559043,0,0
main,retry_server_qp_err,4096,64,all,none,-1,3,33,11,11,write,1,0xc5e000000021000b,5,Work Request Flushed Error,0xf9,255,0,0x1247,3524568391,0,0
main,retry_server_qp_err,4096,64,all,none,-1,3,33,12,12,write,1,0xc5e000000021000c,5,Work Request Flushed Error,0xf9,255,0,0x1247,3524577661,0,0
main,retry_server_qp_err,4096,64,all,none,-1,3,33,13,13,write,1,0xc5e000000021000d,5,Work Request Flushed Error,0xf9,255,0,0x1247,3524587029,0,0
main,retry_server_qp_err,4096,64,all,none,-1,3,33,14,14,write,1,0xc5e000000021000e,5,Work Request Flushed Error,0xf9,255,0,0x1247,3524596357,0,0
main,retry_server_qp_err,4096,64,all,none,-1,3,33,15,15,write,1,0xc5e000000021000f,5,Work Request Flushed Error,0xf9,255,0,0x1247,3524605879,0,0
main,retry_server_qp_err,4096,64,all,none,-1,3,33,16,16,write,1,0xc5e0000000210010,5,Work Request Flushed Error,0xf9,255,0,0x1247,3524615281,0,0
main,retry_server_qp_err,4096,64,all,none,-1,3,33,17,17,write,1,0xc5e0000000210011,5,Work Request Flushed Error,0xf9,255,0,0x1247,3524624625,0,0
main,retry_server_qp_err,4096,64,all,none,-1,3,33,18,18,write,1,0xc5e0000000210012,5,Work Request Flushed Error,0xf9,255,0,0x1247,3524633985,0,0
main,retry_server_qp_err,4096,64,all,none,-1,3,33,19,19,write,1,0xc5e0000000210013,5,Work Request Flushed Error,0xf9,255,0,0x1247,3524643404,0,0
main,retry_server_qp_err,4096,64,all,none,-1,3,33,20,20,write,1,0xc5e0000000210014,5,Work Request Flushed Error,0xf9,255,0,0x1247,3524652791,0,0
main,retry_server_qp_err,4096,64,all,none,-1,3,33,21,21,write,1,0xc5e0000000210015,5,Work Request Flushed Error,0xf9,255,0,0x1247,3524662334,0,0
main,retry_server_qp_err,4096,64,all,none,-1,3,33,22,22,write,1,0xc5e0000000210016,5,Work Request Flushed Error,0xf9,255,0,0x1247,3524671687,0,0
main,retry_server_qp_err,4096,64,all,none,-1,3,33,23,23,write,1,0xc5e0000000210017,5,Work Request Flushed Error,0xf9,255,0,0x1247,3524681044,0,0
main,retry_server_qp_err,4096,64,all,none,-1,3,33,24,24,write,1,0xc5e0000000210018,5,Work Request Flushed Error,0xf9,255,0,0x1247,3524690436,0,0
main,retry_server_qp_err,4096,64,all,none,-1,3,33,25,25,write,1,0xc5e0000000210019,5,Work Request Flushed Error,0xf9,255,0,0x1247,3524699788,0,0
main,retry_server_qp_err,4096,64,all,none,-1,3,33,26,26,write,1,0xc5e000000021001a,5,Work Request Flushed Error,0xf9,255,0,0x1247,3524709204,0,0
main,retry_server_qp_err,4096,64,all,none,-1,3,33,27,27,write,1,0xc5e000000021001b,5,Work Request Flushed Error,0xf9,255,0,0x1247,3524718544,0,0
main,retry_server_qp_err,4096,64,all,none,-1,3,33,28,28,write,1,0xc5e000000021001c,5,Work Request Flushed Error,0xf9,255,0,0x1247,3524727858,0,0
main,retry_server_qp_err,4096,64,all,none,-1,3,33,29,29,write,1,0xc5e000000021001d,5,Work Request Flushed Error,0xf9,255,0,0x1247,3524737243,0,0
main,retry_server_qp_err,4096,64,all,none,-1,3,33,30,30,write,1,0xc5e000000021001e,5,Work Request Flushed Error,0xf9,255,0,0x1247,3524746644,0,0
main,retry_server_qp_err,4096,64,all,none,-1,3,33,31,31,write,1,0xc5e000000021001f,5,Work Request Flushed Error,0xf9,255,0,0x1247,3524756110,0,0
main,retry_server_qp_err,4096,64,all,none,-1,3,33,32,32,write,1,0xc5e0000000210020,5,Work Request Flushed Error,0xf9,255,0,0x1247,3524765489,0,0
main,retry_server_qp_err,4096,64,all,none,-1,3,33,33,33,write,1,0xc5e0000000210021,5,Work Request Flushed Error,0xf9,255,0,0x1247,3524774866,0,0
main,retry_server_qp_err,4096,64,all,none,-1,3,33,34,34,write,1,0xc5e0000000210022,5,Work Request Flushed Error,0xf9,255,0,0x1247,3524784218,0,0
main,retry_server_qp_err,4096,64,all,none,-1,3,33,35,35,write,1,0xc5e0000000210023,5,Work Request Flushed Error,0xf9,255,0,0x1247,3524793571,0,0
main,retry_server_qp_err,4096,64,all,none,-1,3,33,36,36,write,1,0xc5e0000000210024,5,Work Request Flushed Error,0xf9,255,0,0x1247,3524802934,0,0
main,retry_server_qp_err,4096,64,all,none,-1,3,33,37,37,write,1,0xc5e0000000210025,5,Work Request Flushed Error,0xf9,255,0,0x1247,3524812534,0,0
main,retry_server_qp_err,4096,64,all,none,-1,3,33,38,38,write,1,0xc5e0000000210026,5,Work Request Flushed Error,0xf9,255,0,0x1247,3524822021,0,0
main,retry_server_qp_err,4096,64,all,none,-1,3,33,39,39,write,1,0xc5e0000000210027,5,Work Request Flushed Error,0xf9,255,0,0x1247,3524831189,0,0
main,retry_server_qp_err,4096,64,all,none,-1,3,33,40,40,write,1,0xc5e0000000210028,5,Work Request Flushed Error,0xf9,255,0,0x1247,3524840529,0,0
main,retry_server_qp_err,4096,64,all,none,-1,3,33,41,41,write,1,0xc5e0000000210029,5,Work Request Flushed Error,0xf9,255,0,0x1247,3524849943,0,0
main,retry_server_qp_err,4096,64,all,none,-1,3,33,42,42,write,1,0xc5e000000021002a,5,Work Request Flushed Error,0xf9,255,0,0x1247,3524859382,0,0
main,retry_server_qp_err,4096,64,all,none,-1,3,33,43,43,write,1,0xc5e000000021002b,5,Work Request Flushed Error,0xf9,255,0,0x1247,3524868709,0,0
main,retry_server_qp_err,4096,64,all,none,-1,3,33,44,44,write,1,0xc5e000000021002c,5,Work Request Flushed Error,0xf9,255,0,0x1247,3524878099,0,0
main,retry_server_qp_err,4096,64,all,none,-1,3,33,45,45,write,1,0xc5e000000021002d,5,Work Request Flushed Error,0xf9,255,0,0x1247,3524887459,0,0
main,retry_server_qp_err,4096,64,all,none,-1,3,33,46,46,write,1,0xc5e000000021002e,5,Work Request Flushed Error,0xf9,255,0,0x1247,3524896890,0,0
main,retry_server_qp_err,4096,64,all,none,-1,3,33,47,47,write,1,0xc5e000000021002f,5,Work Request Flushed Error,0xf9,255,0,0x1247,3524906323,0,0
main,retry_server_qp_err,4096,64,all,none,-1,3,33,48,48,write,1,0xc5e0000000210030,5,Work Request Flushed Error,0xf9,255,0,0x1247,3524915672,0,0
main,retry_server_qp_err,4096,64,all,none,-1,3,33,49,49,write,1,0xc5e0000000210031,5,Work Request Flushed Error,0xf9,255,0,0x1247,3524925007,0,0
main,retry_server_qp_err,4096,64,all,none,-1,3,33,50,50,write,1,0xc5e0000000210032,5,Work Request Flushed Error,0xf9,255,0,0x1247,3524934351,0,0
main,retry_server_qp_err,4096,64,all,none,-1,3,33,51,51,write,1,0xc5e0000000210033,5,Work Request Flushed Error,0xf9,255,0,0x1247,3524943636,0,0
main,retry_server_qp_err,4096,64,all,none,-1,3,33,52,52,write,1,0xc5e0000000210034,5,Work Request Flushed Error,0xf9,255,0,0x1247,3524953025,0,0
main,retry_server_qp_err,4096,64,all,none,-1,3,33,53,53,write,1,0xc5e0000000210035,5,Work Request Flushed Error,0xf9,255,0,0x1247,3524962509,0,0
main,retry_server_qp_err,4096,64,all,none,-1,3,33,54,54,write,1,0xc5e0000000210036,5,Work Request Flushed Error,0xf9,255,0,0x1247,3524971966,0,0
main,retry_server_qp_err,4096,64,all,none,-1,3,33,55,55,write,1,0xc5e0000000210037,5,Work Request Flushed Error,0xf9,255,0,0x1247,3524981193,0,0
main,retry_server_qp_err,4096,64,all,none,-1,3,33,56,56,write,1,0xc5e0000000210038,5,Work Request Flushed Error,0xf9,255,0,0x1247,3524990561,0,0
main,retry_server_qp_err,4096,64,all,none,-1,3,33,57,57,write,1,0xc5e0000000210039,5,Work Request Flushed Error,0xf9,255,0,0x1247,3524999903,0,0
main,retry_server_qp_err,4096,64,all,none,-1,3,33,58,58,write,1,0xc5e000000021003a,5,Work Request Flushed Error,0xf9,255,0,0x1247,3525009384,0,0
main,retry_server_qp_err,4096,64,all,none,-1,3,33,59,59,write,1,0xc5e000000021003b,5,Work Request Flushed Error,0xf9,255,0,0x1247,3525018730,0,0
main,retry_server_qp_err,4096,64,all,none,-1,3,33,60,60,write,1,0xc5e000000021003c,5,Work Request Flushed Error,0xf9,255,0,0x1247,3525028070,0,0
main,retry_server_qp_err,4096,64,all,none,-1,3,33,61,61,write,1,0xc5e000000021003d,5,Work Request Flushed Error,0xf9,255,0,0x1247,3525037403,0,0
main,retry_server_qp_err,4096,64,all,none,-1,3,33,62,62,write,1,0xc5e000000021003e,5,Work Request Flushed Error,0xf9,255,0,0x1247,3525046874,0,0
main,retry_server_qp_err,4096,64,all,none,-1,3,33,63,63,write,1,0xc5e000000021003f,5,Work Request Flushed Error,0xf9,255,0,0x1247,3525056254,0,0
main,retry_server_qp_err,4096,64,all,none,-1,4,34,0,0,write,1,0xc5e0000000220000,12,transport retry counter exceeded,0x81,255,0,0x1247,3524423094,0,0
main,retry_server_qp_err,4096,64,all,none,-1,4,34,1,1,write,1,0xc5e0000000220001,5,Work Request Flushed Error,0xf9,255,0,0x1247,3524483419,0,0
main,retry_server_qp_err,4096,64,all,none,-1,4,34,2,2,write,1,0xc5e0000000220002,5,Work Request Flushed Error,0xf9,255,0,0x1247,3524493045,0,0
main,retry_server_qp_err,4096,64,all,none,-1,4,34,3,3,write,1,0xc5e0000000220003,5,Work Request Flushed Error,0xf9,255,0,0x1247,3524502502,0,0
main,retry_server_qp_err,4096,64,all,none,-1,4,34,4,4,write,1,0xc5e0000000220004,5,Work Request Flushed Error,0xf9,255,0,0x1247,3524512086,0,0
main,retry_server_qp_err,4096,64,all,none,-1,4,34,5,5,write,1,0xc5e0000000220005,5,Work Request Flushed Error,0xf9,255,0,0x1247,3524521469,0,0
main,retry_server_qp_err,4096,64,all,none,-1,4,34,6,6,write,1,0xc5e0000000220006,5,Work Request Flushed Error,0xf9,255,0,0x1247,3524530896,0,0
main,retry_server_qp_err,4096,64,all,none,-1,4,34,7,7,write,1,0xc5e0000000220007,5,Work Request Flushed Error,0xf9,255,0,0x1247,3524540214,0,0
main,retry_server_qp_err,4096,64,all,none,-1,4,34,8,8,write,1,0xc5e0000000220008,5,Work Request Flushed Error,0xf9,255,0,0x1247,3524549560,0,0
main,retry_server_qp_err,4096,64,all,none,-1,4,34,9,9,write,1,0xc5e0000000220009,5,Work Request Flushed Error,0xf9,255,0,0x1247,3524559072,0,0
main,retry_server_qp_err,4096,64,all,none,-1,4,34,10,10,write,1,0xc5e000000022000a,5,Work Request Flushed Error,0xf9,255,0,0x1247,3524568400,0,0
main,retry_server_qp_err,4096,64,all,none,-1,4,34,11,11,write,1,0xc5e000000022000b,5,Work Request Flushed Error,0xf9,255,0,0x1247,3524577771,0,0
main,retry_server_qp_err,4096,64,all,none,-1,4,34,12,12,write,1,0xc5e000000022000c,5,Work Request Flushed Error,0xf9,255,0,0x1247,3524587125,0,0
main,retry_server_qp_err,4096,64,all,none,-1,4,34,13,13,write,1,0xc5e000000022000d,5,Work Request Flushed Error,0xf9,255,0,0x1247,3524596451,0,0
main,retry_server_qp_err,4096,64,all,none,-1,4,34,14,14,write,1,0xc5e000000022000e,5,Work Request Flushed Error,0xf9,255,0,0x1247,3524605907,0,0
main,retry_server_qp_err,4096,64,all,none,-1,4,34,15,15,write,1,0xc5e000000022000f,5,Work Request Flushed Error,0xf9,255,0,0x1247,3524615187,0,0
main,retry_server_qp_err,4096,64,all,none,-1,4,34,16,16,write,1,0xc5e0000000220010,5,Work Request Flushed Error,0xf9,255,0,0x1247,3524624507,0,0
main,retry_server_qp_err,4096,64,all,none,-1,4,34,17,17,write,1,0xc5e0000000220011,5,Work Request Flushed Error,0xf9,255,0,0x1247,3524633882,0,0
main,retry_server_qp_err,4096,64,all,none,-1,4,34,18,18,write,1,0xc5e0000000220012,5,Work Request Flushed Error,0xf9,255,0,0x1247,3524643236,0,0
main,retry_server_qp_err,4096,64,all,none,-1,4,34,19,19,write,1,0xc5e0000000220013,5,Work Request Flushed Error,0xf9,255,0,0x1247,3524652603,0,0
main,retry_server_qp_err,4096,64,all,none,-1,4,34,20,20,write,1,0xc5e0000000220014,5,Work Request Flushed Error,0xf9,255,0,0x1247,3524662154,0,0
main,retry_server_qp_err,4096,64,all,none,-1,4,34,21,21,write,1,0xc5e0000000220015,5,Work Request Flushed Error,0xf9,255,0,0x1247,3524671476,0,0
main,retry_server_qp_err,4096,64,all,none,-1,4,34,22,22,write,1,0xc5e0000000220016,5,Work Request Flushed Error,0xf9,255,0,0x1247,3524680882,0,0
main,retry_server_qp_err,4096,64,all,none,-1,4,34,23,23,write,1,0xc5e0000000220017,5,Work Request Flushed Error,0xf9,255,0,0x1247,3524690208,0,0
main,retry_server_qp_err,4096,64,all,none,-1,4,34,24,24,write,1,0xc5e0000000220018,5,Work Request Flushed Error,0xf9,255,0,0x1247,3524699592,0,0
main,retry_server_qp_err,4096,64,all,none,-1,4,34,25,25,write,1,0xc5e0000000220019,5,Work Request Flushed Error,0xf9,255,0,0x1247,3524709032,0,0
main,retry_server_qp_err,4096,64,all,none,-1,4,34,26,26,write,1,0xc5e000000022001a,5,Work Request Flushed Error,0xf9,255,0,0x1247,3524718432,0,0
main,retry_server_qp_err,4096,64,all,none,-1,4,34,27,27,write,1,0xc5e000000022001b,5,Work Request Flushed Error,0xf9,255,0,0x1247,3524727769,0,0
main,retry_server_qp_err,4096,64,all,none,-1,4,34,28,28,write,1,0xc5e000000022001c,5,Work Request Flushed Error,0xf9,255,0,0x1247,3524737124,0,0
main,retry_server_qp_err,4096,64,all,none,-1,4,34,29,29,write,1,0xc5e000000022001d,5,Work Request Flushed Error,0xf9,255,0,0x1247,3524746464,0,0
main,retry_server_qp_err,4096,64,all,none,-1,4,34,30,30,write,1,0xc5e000000022001e,5,Work Request Flushed Error,0xf9,255,0,0x1247,3524755953,0,0
main,retry_server_qp_err,4096,64,all,none,-1,4,34,31,31,write,1,0xc5e000000022001f,5,Work Request Flushed Error,0xf9,255,0,0x1247,3524765203,0,0
main,retry_server_qp_err,4096,64,all,none,-1,4,34,32,32,write,1,0xc5e0000000220020,5,Work Request Flushed Error,0xf9,255,0,0x1247,3524774537,0,0
main,retry_server_qp_err,4096,64,all,none,-1,4,34,33,33,write,1,0xc5e0000000220021,5,Work Request Flushed Error,0xf9,255,0,0x1247,3524783933,0,0
main,retry_server_qp_err,4096,64,all,none,-1,4,34,34,34,write,1,0xc5e0000000220022,5,Work Request Flushed Error,0xf9,255,0,0x1247,3524793259,0,0
main,retry_server_qp_err,4096,64,all,none,-1,4,34,35,35,write,1,0xc5e0000000220023,5,Work Request Flushed Error,0xf9,255,0,0x1247,3524802576,0,0
main,retry_server_qp_err,4096,64,all,none,-1,4,34,36,36,write,1,0xc5e0000000220024,5,Work Request Flushed Error,0xf9,255,0,0x1247,3524812044,0,0
main,retry_server_qp_err,4096,64,all,none,-1,4,34,37,37,write,1,0xc5e0000000220025,5,Work Request Flushed Error,0xf9,255,0,0x1247,3524821385,0,0
main,retry_server_qp_err,4096,64,all,none,-1,4,34,38,38,write,1,0xc5e0000000220026,5,Work Request Flushed Error,0xf9,255,0,0x1247,3524830812,0,0
main,retry_server_qp_err,4096,64,all,none,-1,4,34,39,39,write,1,0xc5e0000000220027,5,Work Request Flushed Error,0xf9,255,0,0x1247,3524840070,0,0
main,retry_server_qp_err,4096,64,all,none,-1,4,34,40,40,write,1,0xc5e0000000220028,5,Work Request Flushed Error,0xf9,255,0,0x1247,3524849436,0,0
main,retry_server_qp_err,4096,64,all,none,-1,4,34,41,41,write,1,0xc5e0000000220029,5,Work Request Flushed Error,0xf9,255,0,0x1247,3524858813,0,0
main,retry_server_qp_err,4096,64,all,none,-1,4,34,42,42,write,1,0xc5e000000022002a,5,Work Request Flushed Error,0xf9,255,0,0x1247,3524868183,0,0
main,retry_server_qp_err,4096,64,all,none,-1,4,34,43,43,write,1,0xc5e000000022002b,5,Work Request Flushed Error,0xf9,255,0,0x1247,3524877459,0,0
main,retry_server_qp_err,4096,64,all,none,-1,4,34,44,44,write,1,0xc5e000000022002c,5,Work Request Flushed Error,0xf9,255,0,0x1247,3524886833,0,0
main,retry_server_qp_err,4096,64,all,none,-1,4,34,45,45,write,1,0xc5e000000022002d,5,Work Request Flushed Error,0xf9,255,0,0x1247,3524896264,0,0
main,retry_server_qp_err,4096,64,all,none,-1,4,34,46,46,write,1,0xc5e000000022002e,5,Work Request Flushed Error,0xf9,255,0,0x1247,3524905871,0,0
main,retry_server_qp_err,4096,64,all,none,-1,4,34,47,47,write,1,0xc5e000000022002f,5,Work Request Flushed Error,0xf9,255,0,0x1247,3524915171,0,0
main,retry_server_qp_err,4096,64,all,none,-1,4,34,48,48,write,1,0xc5e0000000220030,5,Work Request Flushed Error,0xf9,255,0,0x1247,3524924492,0,0
main,retry_server_qp_err,4096,64,all,none,-1,4,34,49,49,write,1,0xc5e0000000220031,5,Work Request Flushed Error,0xf9,255,0,0x1247,3524933854,0,0
main,retry_server_qp_err,4096,64,all,none,-1,4,34,50,50,write,1,0xc5e0000000220032,5,Work Request Flushed Error,0xf9,255,0,0x1247,3524943154,0,0
main,retry_server_qp_err,4096,64,all,none,-1,4,34,51,51,write,1,0xc5e0000000220033,5,Work Request Flushed Error,0xf9,255,0,0x1247,3524952476,0,0
main,retry_server_qp_err,4096,64,all,none,-1,4,34,52,52,write,1,0xc5e0000000220034,5,Work Request Flushed Error,0xf9,255,0,0x1247,3524962129,0,0
main,retry_server_qp_err,4096,64,all,none,-1,4,34,53,53,write,1,0xc5e0000000220035,5,Work Request Flushed Error,0xf9,255,0,0x1247,3524971526,0,0
main,retry_server_qp_err,4096,64,all,none,-1,4,34,54,54,write,1,0xc5e0000000220036,5,Work Request Flushed Error,0xf9,255,0,0x1247,3524981037,0,0
main,retry_server_qp_err,4096,64,all,none,-1,4,34,55,55,write,1,0xc5e0000000220037,5,Work Request Flushed Error,0xf9,255,0,0x1247,3524990130,0,0
main,retry_server_qp_err,4096,64,all,none,-1,4,34,56,56,write,1,0xc5e0000000220038,5,Work Request Flushed Error,0xf9,255,0,0x1247,3524999445,0,0
main,retry_server_qp_err,4096,64,all,none,-1,4,34,57,57,write,1,0xc5e0000000220039,5,Work Request Flushed Error,0xf9,255,0,0x1247,3525008844,0,0
main,retry_server_qp_err,4096,64,all,none,-1,4,34,58,58,write,1,0xc5e000000022003a,5,Work Request Flushed Error,0xf9,255,0,0x1247,3525018164,0,0
main,retry_server_qp_err,4096,64,all,none,-1,4,34,59,59,write,1,0xc5e000000022003b,5,Work Request Flushed Error,0xf9,255,0,0x1247,3525027487,0,0
main,retry_server_qp_err,4096,64,all,none,-1,4,34,60,60,write,1,0xc5e000000022003c,5,Work Request Flushed Error,0xf9,255,0,0x1247,3525036882,0,0
main,retry_server_qp_err,4096,64,all,none,-1,4,34,61,61,write,1,0xc5e000000022003d,5,Work Request Flushed Error,0xf9,255,0,0x1247,3525046243,0,0
main,retry_server_qp_err,4096,64,all,none,-1,4,34,62,62,write,1,0xc5e000000022003e,5,Work Request Flushed Error,0xf9,255,0,0x1247,3525055732,0,0
main,retry_server_qp_err,4096,64,all,none,-1,4,34,63,63,write,1,0xc5e000000022003f,5,Work Request Flushed Error,0xf9,255,0,0x1247,3525065087,0,0
main,retry_server_qp_err,4096,64,last,none,-1,0,35,0,0,write,0,0xc5e0000000230000,12,transport retry counter exceeded,0x81,255,0,0x1247,3524412556,0,0
main,retry_server_qp_err,4096,64,last,none,-1,0,35,1,1,write,0,0xc5e0000000230001,5,Work Request Flushed Error,0xf9,255,0,0x1247,3524473131,0,0
main,retry_server_qp_err,4096,64,last,none,-1,0,35,2,2,write,0,0xc5e0000000230002,5,Work Request Flushed Error,0xf9,255,0,0x1247,3524482692,0,0
main,retry_server_qp_err,4096,64,last,none,-1,0,35,3,3,write,0,0xc5e0000000230003,5,Work Request Flushed Error,0xf9,255,0,0x1247,3524492540,0,0
main,retry_server_qp_err,4096,64,last,none,-1,0,35,4,4,write,0,0xc5e0000000230004,5,Work Request Flushed Error,0xf9,255,0,0x1247,3524501971,0,0
main,retry_server_qp_err,4096,64,last,none,-1,0,35,5,5,write,0,0xc5e0000000230005,5,Work Request Flushed Error,0xf9,255,0,0x1247,3524511319,0,0
main,retry_server_qp_err,4096,64,last,none,-1,0,35,6,6,write,0,0xc5e0000000230006,5,Work Request Flushed Error,0xf9,255,0,0x1247,3524520734,0,0
main,retry_server_qp_err,4096,64,last,none,-1,0,35,7,7,write,0,0xc5e0000000230007,5,Work Request Flushed Error,0xf9,255,0,0x1247,3524530124,0,0
main,retry_server_qp_err,4096,64,last,none,-1,0,35,8,8,write,0,0xc5e0000000230008,5,Work Request Flushed Error,0xf9,255,0,0x1247,3524539586,0,0
main,retry_server_qp_err,4096,64,last,none,-1,0,35,9,9,write,0,0xc5e0000000230009,5,Work Request Flushed Error,0xf9,255,0,0x1247,3524548962,0,0
main,retry_server_qp_err,4096,64,last,none,-1,0,35,10,10,write,0,0xc5e000000023000a,5,Work Request Flushed Error,0xf9,255,0,0x1247,3524558301,0,0
main,retry_server_qp_err,4096,64,last,none,-1,0,35,11,11,write,0,0xc5e000000023000b,5,Work Request Flushed Error,0xf9,255,0,0x1247,3524567652,0,0
main,retry_server_qp_err,4096,64,last,none,-1,0,35,12,12,write,0,0xc5e000000023000c,5,Work Request Flushed Error,0xf9,255,0,0x1247,3524577011,0,0
main,retry_server_qp_err,4096,64,last,none,-1,0,35,13,13,write,0,0xc5e000000023000d,5,Work Request Flushed Error,0xf9,255,0,0x1247,3524586418,0,0
main,retry_server_qp_err,4096,64,last,none,-1,0,35,14,14,write,0,0xc5e000000023000e,5,Work Request Flushed Error,0xf9,255,0,0x1247,3524595954,0,0
main,retry_server_qp_err,4096,64,last,none,-1,0,35,15,15,write,0,0xc5e000000023000f,5,Work Request Flushed Error,0xf9,255,0,0x1247,3524605316,0,0
main,retry_server_qp_err,4096,64,last,none,-1,0,35,16,16,write,0,0xc5e0000000230010,5,Work Request Flushed Error,0xf9,255,0,0x1247,3524614663,0,0
main,retry_server_qp_err,4096,64,last,none,-1,0,35,17,17,write,0,0xc5e0000000230011,5,Work Request Flushed Error,0xf9,255,0,0x1247,3524624009,0,0
main,retry_server_qp_err,4096,64,last,none,-1,0,35,18,18,write,0,0xc5e0000000230012,5,Work Request Flushed Error,0xf9,255,0,0x1247,3524633419,0,0
main,retry_server_qp_err,4096,64,last,none,-1,0,35,19,19,write,0,0xc5e0000000230013,5,Work Request Flushed Error,0xf9,255,0,0x1247,3524642819,0,0
main,retry_server_qp_err,4096,64,last,none,-1,0,35,20,20,write,0,0xc5e0000000230014,5,Work Request Flushed Error,0xf9,255,0,0x1247,3524652172,0,0
main,retry_server_qp_err,4096,64,last,none,-1,0,35,21,21,write,0,0xc5e0000000230015,5,Work Request Flushed Error,0xf9,255,0,0x1247,3524661538,0,0
main,retry_server_qp_err,4096,64,last,none,-1,0,35,22,22,write,0,0xc5e0000000230016,5,Work Request Flushed Error,0xf9,255,0,0x1247,3524670870,0,0
main,retry_server_qp_err,4096,64,last,none,-1,0,35,23,23,write,0,0xc5e0000000230017,5,Work Request Flushed Error,0xf9,255,0,0x1247,3524680280,0,0
main,retry_server_qp_err,4096,64,last,none,-1,0,35,24,24,write,0,0xc5e0000000230018,5,Work Request Flushed Error,0xf9,255,0,0x1247,3524689808,0,0
main,retry_server_qp_err,4096,64,last,none,-1,0,35,25,25,write,0,0xc5e0000000230019,5,Work Request Flushed Error,0xf9,255,0,0x1247,3524699131,0,0
main,retry_server_qp_err,4096,64,last,none,-1,0,35,26,26,write,0,0xc5e000000023001a,5,Work Request Flushed Error,0xf9,255,0,0x1247,3524708468,0,0
main,retry_server_qp_err,4096,64,last,none,-1,0,35,27,27,write,0,0xc5e000000023001b,5,Work Request Flushed Error,0xf9,255,0,0x1247,3524717819,0,0
main,retry_server_qp_err,4096,64,last,none,-1,0,35,28,28,write,0,0xc5e000000023001c,5,Work Request Flushed Error,0xf9,255,0,0x1247,3524727217,0,0
main,retry_server_qp_err,4096,64,last,none,-1,0,35,29,29,write,0,0xc5e000000023001d,5,Work Request Flushed Error,0xf9,255,0,0x1247,3524736690,0,0
main,retry_server_qp_err,4096,64,last,none,-1,0,35,30,30,write,0,0xc5e000000023001e,5,Work Request Flushed Error,0xf9,255,0,0x1247,3524746061,0,0
main,retry_server_qp_err,4096,64,last,none,-1,0,35,31,31,write,0,0xc5e000000023001f,5,Work Request Flushed Error,0xf9,255,0,0x1247,3524755410,0,0
main,retry_server_qp_err,4096,64,last,none,-1,0,35,32,32,write,0,0xc5e0000000230020,5,Work Request Flushed Error,0xf9,255,0,0x1247,3524764777,0,0
main,retry_server_qp_err,4096,64,last,none,-1,0,35,33,33,write,0,0xc5e0000000230021,5,Work Request Flushed Error,0xf9,255,0,0x1247,3524774132,0,0
main,retry_server_qp_err,4096,64,last,none,-1,0,35,34,34,write,0,0xc5e0000000230022,5,Work Request Flushed Error,0xf9,255,0,0x1247,3524783533,0,0
main,retry_server_qp_err,4096,64,last,none,-1,0,35,35,35,write,0,0xc5e0000000230023,5,Work Request Flushed Error,0xf9,255,0,0x1247,3524793065,0,0
main,retry_server_qp_err,4096,64,last,none,-1,0,35,36,36,write,0,0xc5e0000000230024,5,Work Request Flushed Error,0xf9,255,0,0x1247,3524802440,0,0
main,retry_server_qp_err,4096,64,last,none,-1,0,35,37,37,write,0,0xc5e0000000230025,5,Work Request Flushed Error,0xf9,255,0,0x1247,3524811791,0,0
main,retry_server_qp_err,4096,64,last,none,-1,0,35,38,38,write,0,0xc5e0000000230026,5,Work Request Flushed Error,0xf9,255,0,0x1247,3524821123,0,0
main,retry_server_qp_err,4096,64,last,none,-1,0,35,39,39,write,0,0xc5e0000000230027,5,Work Request Flushed Error,0xf9,255,0,0x1247,3524830516,0,0
main,retry_server_qp_err,4096,64,last,none,-1,0,35,40,40,write,0,0xc5e0000000230028,5,Work Request Flushed Error,0xf9,255,0,0x1247,3524839952,0,0
main,retry_server_qp_err,4096,64,last,none,-1,0,35,41,41,write,0,0xc5e0000000230029,5,Work Request Flushed Error,0xf9,255,0,0x1247,3524849335,0,0
main,retry_server_qp_err,4096,64,last,none,-1,0,35,42,42,write,0,0xc5e000000023002a,5,Work Request Flushed Error,0xf9,255,0,0x1247,3524858727,0,0
main,retry_server_qp_err,4096,64,last,none,-1,0,35,43,43,write,0,0xc5e000000023002b,5,Work Request Flushed Error,0xf9,255,0,0x1247,3524868052,0,0
main,retry_server_qp_err,4096,64,last,none,-1,0,35,44,44,write,0,0xc5e000000023002c,5,Work Request Flushed Error,0xf9,255,0,0x1247,3524877391,0,0
main,retry_server_qp_err,4096,64,last,none,-1,0,35,45,45,write,0,0xc5e000000023002d,5,Work Request Flushed Error,0xf9,255,0,0x1247,3524886787,0,0
main,retry_server_qp_err,4096,64,last,none,-1,0,35,46,46,write,0,0xc5e000000023002e,5,Work Request Flushed Error,0xf9,255,0,0x1247,3524896129,0,0
main,retry_server_qp_err,4096,64,last,none,-1,0,35,47,47,write,0,0xc5e000000023002f,5,Work Request Flushed Error,0xf9,255,0,0x1247,3524905533,0,0
main,retry_server_qp_err,4096,64,last,none,-1,0,35,48,48,write,0,0xc5e0000000230030,5,Work Request Flushed Error,0xf9,255,0,0x1247,3524914915,0,0
main,retry_server_qp_err,4096,64,last,none,-1,0,35,49,49,write,0,0xc5e0000000230031,5,Work Request Flushed Error,0xf9,255,0,0x1247,3524924285,0,0
main,retry_server_qp_err,4096,64,last,none,-1,0,35,50,50,write,0,0xc5e0000000230032,5,Work Request Flushed Error,0xf9,255,0,0x1247,3524933678,0,0
main,retry_server_qp_err,4096,64,last,none,-1,0,35,51,51,write,0,0xc5e0000000230033,5,Work Request Flushed Error,0xf9,255,0,0x1247,3524943143,0,0
main,retry_server_qp_err,4096,64,last,none,-1,0,35,52,52,write,0,0xc5e0000000230034,5,Work Request Flushed Error,0xf9,255,0,0x1247,3524952535,0,0
main,retry_server_qp_err,4096,64,last,none,-1,0,35,53,53,write,0,0xc5e0000000230035,5,Work Request Flushed Error,0xf9,255,0,0x1247,3524961845,0,0
main,retry_server_qp_err,4096,64,last,none,-1,0,35,54,54,write,0,0xc5e0000000230036,5,Work Request Flushed Error,0xf9,255,0,0x1247,3524971209,0,0
main,retry_server_qp_err,4096,64,last,none,-1,0,35,55,55,write,0,0xc5e0000000230037,5,Work Request Flushed Error,0xf9,255,0,0x1247,3524980561,0,0
main,retry_server_qp_err,4096,64,last,none,-1,0,35,56,56,write,0,0xc5e0000000230038,5,Work Request Flushed Error,0xf9,255,0,0x1247,3524990071,0,0
main,retry_server_qp_err,4096,64,last,none,-1,0,35,57,57,write,0,0xc5e0000000230039,5,Work Request Flushed Error,0xf9,255,0,0x1247,3524999436,0,0
main,retry_server_qp_err,4096,64,last,none,-1,0,35,58,58,write,0,0xc5e000000023003a,5,Work Request Flushed Error,0xf9,255,0,0x1247,3525008805,0,0
main,retry_server_qp_err,4096,64,last,none,-1,0,35,59,59,write,0,0xc5e000000023003b,5,Work Request Flushed Error,0xf9,255,0,0x1247,3525018156,0,0
main,retry_server_qp_err,4096,64,last,none,-1,0,35,60,60,write,0,0xc5e000000023003c,5,Work Request Flushed Error,0xf9,255,0,0x1247,3525027535,0,0
main,retry_server_qp_err,4096,64,last,none,-1,0,35,61,61,write,0,0xc5e000000023003d,5,Work Request Flushed Error,0xf9,255,0,0x1247,3525036885,0,0
main,retry_server_qp_err,4096,64,last,none,-1,0,35,62,62,write,0,0xc5e000000023003e,5,Work Request Flushed Error,0xf9,255,0,0x1247,3525046225,0,0
main,retry_server_qp_err,4096,64,last,none,-1,0,35,63,63,write,1,0xc5e000000023003f,5,Work Request Flushed Error,0xf9,255,0,0x1247,3525055599,0,0
main,retry_server_qp_err,4096,64,last,none,-1,1,36,0,0,write,0,0xc5e0000000240000,12,transport retry counter exceeded,0x81,255,0,0x1247,3524448541,0,0
main,retry_server_qp_err,4096,64,last,none,-1,1,36,1,1,write,0,0xc5e0000000240001,5,Work Request Flushed Error,0xf9,255,0,0x1247,3524509162,0,0
main,retry_server_qp_err,4096,64,last,none,-1,1,36,2,2,write,0,0xc5e0000000240002,5,Work Request Flushed Error,0xf9,255,0,0x1247,3524518943,0,0
main,retry_server_qp_err,4096,64,last,none,-1,1,36,3,3,write,0,0xc5e0000000240003,5,Work Request Flushed Error,0xf9,255,0,0x1247,3524528417,0,0
main,retry_server_qp_err,4096,64,last,none,-1,1,36,4,4,write,0,0xc5e0000000240004,5,Work Request Flushed Error,0xf9,255,0,0x1247,3524538040,0,0
main,retry_server_qp_err,4096,64,last,none,-1,1,36,5,5,write,0,0xc5e0000000240005,5,Work Request Flushed Error,0xf9,255,0,0x1247,3524547404,0,0
main,retry_server_qp_err,4096,64,last,none,-1,1,36,6,6,write,0,0xc5e0000000240006,5,Work Request Flushed Error,0xf9,255,0,0x1247,3524556792,0,0
main,retry_server_qp_err,4096,64,last,none,-1,1,36,7,7,write,0,0xc5e0000000240007,5,Work Request Flushed Error,0xf9,255,0,0x1247,3524566166,0,0
main,retry_server_qp_err,4096,64,last,none,-1,1,36,8,8,write,0,0xc5e0000000240008,5,Work Request Flushed Error,0xf9,255,0,0x1247,3524575758,0,0
main,retry_server_qp_err,4096,64,last,none,-1,1,36,9,9,write,0,0xc5e0000000240009,5,Work Request Flushed Error,0xf9,255,0,0x1247,3524585119,0,0
main,retry_server_qp_err,4096,64,last,none,-1,1,36,10,10,write,0,0xc5e000000024000a,5,Work Request Flushed Error,0xf9,255,0,0x1247,3524594484,0,0
main,retry_server_qp_err,4096,64,last,none,-1,1,36,11,11,write,0,0xc5e000000024000b,5,Work Request Flushed Error,0xf9,255,0,0x1247,3524603929,0,0
main,retry_server_qp_err,4096,64,last,none,-1,1,36,12,12,write,0,0xc5e000000024000c,5,Work Request Flushed Error,0xf9,255,0,0x1247,3524613367,0,0
main,retry_server_qp_err,4096,64,last,none,-1,1,36,13,13,write,0,0xc5e000000024000d,5,Work Request Flushed Error,0xf9,255,0,0x1247,3524622777,0,0
main,retry_server_qp_err,4096,64,last,none,-1,1,36,14,14,write,0,0xc5e000000024000e,5,Work Request Flushed Error,0xf9,255,0,0x1247,3524632116,0,0
main,retry_server_qp_err,4096,64,last,none,-1,1,36,15,15,write,0,0xc5e000000024000f,5,Work Request Flushed Error,0xf9,255,0,0x1247,3524641419,0,0
main,retry_server_qp_err,4096,64,last,none,-1,1,36,16,16,write,0,0xc5e0000000240010,5,Work Request Flushed Error,0xf9,255,0,0x1247,3524650789,0,0
main,retry_server_qp_err,4096,64,last,none,-1,1,36,17,17,write,0,0xc5e0000000240011,5,Work Request Flushed Error,0xf9,255,0,0x1247,3524660215,0,0
main,retry_server_qp_err,4096,64,last,none,-1,1,36,18,18,write,0,0xc5e0000000240012,5,Work Request Flushed Error,0xf9,255,0,0x1247,3524669579,0,0
main,retry_server_qp_err,4096,64,last,none,-1,1,36,19,19,write,0,0xc5e0000000240013,5,Work Request Flushed Error,0xf9,255,0,0x1247,3524678930,0,0
main,retry_server_qp_err,4096,64,last,none,-1,1,36,20,20,write,0,0xc5e0000000240014,5,Work Request Flushed Error,0xf9,255,0,0x1247,3524688296,0,0
main,retry_server_qp_err,4096,64,last,none,-1,1,36,21,21,write,0,0xc5e0000000240015,5,Work Request Flushed Error,0xf9,255,0,0x1247,3524697584,0,0
main,retry_server_qp_err,4096,64,last,none,-1,1,36,22,22,write,0,0xc5e0000000240016,5,Work Request Flushed Error,0xf9,255,0,0x1247,3524706986,0,0
main,retry_server_qp_err,4096,64,last,none,-1,1,36,23,23,write,0,0xc5e0000000240017,5,Work Request Flushed Error,0xf9,255,0,0x1247,3524716511,0,0
main,retry_server_qp_err,4096,64,last,none,-1,1,36,24,24,write,0,0xc5e0000000240018,5,Work Request Flushed Error,0xf9,255,0,0x1247,3524725884,0,0
main,retry_server_qp_err,4096,64,last,none,-1,1,36,25,25,write,0,0xc5e0000000240019,5,Work Request Flushed Error,0xf9,255,0,0x1247,3524735230,0,0
main,retry_server_qp_err,4096,64,last,none,-1,1,36,26,26,write,0,0xc5e000000024001a,5,Work Request Flushed Error,0xf9,255,0,0x1247,3524744577,0,0
main,retry_server_qp_err,4096,64,last,none,-1,1,36,27,27,write,0,0xc5e000000024001b,5,Work Request Flushed Error,0xf9,255,0,0x1247,3524753925,0,0
main,retry_server_qp_err,4096,64,last,none,-1,1,36,28,28,write,0,0xc5e000000024001c,5,Work Request Flushed Error,0xf9,255,0,0x1247,3524763353,0,0
main,retry_server_qp_err,4096,64,last,none,-1,1,36,29,29,write,0,0xc5e000000024001d,5,Work Request Flushed Error,0xf9,255,0,0x1247,3524772784,0,0
main,retry_server_qp_err,4096,64,last,none,-1,1,36,30,30,write,0,0xc5e000000024001e,5,Work Request Flushed Error,0xf9,255,0,0x1247,3524782138,0,0
main,retry_server_qp_err,4096,64,last,none,-1,1,36,31,31,write,0,0xc5e000000024001f,5,Work Request Flushed Error,0xf9,255,0,0x1247,3524791507,0,0
main,retry_server_qp_err,4096,64,last,none,-1,1,36,32,32,write,0,0xc5e0000000240020,5,Work Request Flushed Error,0xf9,255,0,0x1247,3524800897,0,0
main,retry_server_qp_err,4096,64,last,none,-1,1,36,33,33,write,0,0xc5e0000000240021,5,Work Request Flushed Error,0xf9,255,0,0x1247,3524810400,0,0
main,retry_server_qp_err,4096,64,last,none,-1,1,36,34,34,write,0,0xc5e0000000240022,5,Work Request Flushed Error,0xf9,255,0,0x1247,3524819736,0,0
main,retry_server_qp_err,4096,64,last,none,-1,1,36,35,35,write,0,0xc5e0000000240023,5,Work Request Flushed Error,0xf9,255,0,0x1247,3524829098,0,0
main,retry_server_qp_err,4096,64,last,none,-1,1,36,36,36,write,0,0xc5e0000000240024,5,Work Request Flushed Error,0xf9,255,0,0x1247,3524838417,0,0
main,retry_server_qp_err,4096,64,last,none,-1,1,36,37,37,write,0,0xc5e0000000240025,5,Work Request Flushed Error,0xf9,255,0,0x1247,3524847767,0,0
main,retry_server_qp_err,4096,64,last,none,-1,1,36,38,38,write,0,0xc5e0000000240026,5,Work Request Flushed Error,0xf9,255,0,0x1247,3524857206,0,0
main,retry_server_qp_err,4096,64,last,none,-1,1,36,39,39,write,0,0xc5e0000000240027,5,Work Request Flushed Error,0xf9,255,0,0x1247,3524866663,0,0
main,retry_server_qp_err,4096,64,last,none,-1,1,36,40,40,write,0,0xc5e0000000240028,5,Work Request Flushed Error,0xf9,255,0,0x1247,3524875953,0,0
main,retry_server_qp_err,4096,64,last,none,-1,1,36,41,41,write,0,0xc5e0000000240029,5,Work Request Flushed Error,0xf9,255,0,0x1247,3524885331,0,0
main,retry_server_qp_err,4096,64,last,none,-1,1,36,42,42,write,0,0xc5e000000024002a,5,Work Request Flushed Error,0xf9,255,0,0x1247,3524894690,0,0
main,retry_server_qp_err,4096,64,last,none,-1,1,36,43,43,write,0,0xc5e000000024002b,5,Work Request Flushed Error,0xf9,255,0,0x1247,3524904069,0,0
main,retry_server_qp_err,4096,64,last,none,-1,1,36,44,44,write,0,0xc5e000000024002c,5,Work Request Flushed Error,0xf9,255,0,0x1247,3524913564,0,0
main,retry_server_qp_err,4096,64,last,none,-1,1,36,45,45,write,0,0xc5e000000024002d,5,Work Request Flushed Error,0xf9,255,0,0x1247,3524922923,0,0
main,retry_server_qp_err,4096,64,last,none,-1,1,36,46,46,write,0,0xc5e000000024002e,5,Work Request Flushed Error,0xf9,255,0,0x1247,3524932262,0,0
main,retry_server_qp_err,4096,64,last,none,-1,1,36,47,47,write,0,0xc5e000000024002f,5,Work Request Flushed Error,0xf9,255,0,0x1247,3524941623,0,0
main,retry_server_qp_err,4096,64,last,none,-1,1,36,48,48,write,0,0xc5e0000000240030,5,Work Request Flushed Error,0xf9,255,0,0x1247,3524951077,0,0
main,retry_server_qp_err,4096,64,last,none,-1,1,36,49,49,write,0,0xc5e0000000240031,5,Work Request Flushed Error,0xf9,255,0,0x1247,3524960521,0,0
main,retry_server_qp_err,4096,64,last,none,-1,1,36,50,50,write,0,0xc5e0000000240032,5,Work Request Flushed Error,0xf9,255,0,0x1247,3524969926,0,0
main,retry_server_qp_err,4096,64,last,none,-1,1,36,51,51,write,0,0xc5e0000000240033,5,Work Request Flushed Error,0xf9,255,0,0x1247,3524979282,0,0
main,retry_server_qp_err,4096,64,last,none,-1,1,36,52,52,write,0,0xc5e0000000240034,5,Work Request Flushed Error,0xf9,255,0,0x1247,3524988611,0,0
main,retry_server_qp_err,4096,64,last,none,-1,1,36,53,53,write,0,0xc5e0000000240035,5,Work Request Flushed Error,0xf9,255,0,0x1247,3524997980,0,0
main,retry_server_qp_err,4096,64,last,none,-1,1,36,54,54,write,0,0xc5e0000000240036,5,Work Request Flushed Error,0xf9,255,0,0x1247,3525007435,0,0
main,retry_server_qp_err,4096,64,last,none,-1,1,36,55,55,write,0,0xc5e0000000240037,5,Work Request Flushed Error,0xf9,255,0,0x1247,3525016794,0,0
main,retry_server_qp_err,4096,64,last,none,-1,1,36,56,56,write,0,0xc5e0000000240038,5,Work Request Flushed Error,0xf9,255,0,0x1247,3525026171,0,0
main,retry_server_qp_err,4096,64,last,none,-1,1,36,57,57,write,0,0xc5e0000000240039,5,Work Request Flushed Error,0xf9,255,0,0x1247,3525035510,0,0
main,retry_server_qp_err,4096,64,last,none,-1,1,36,58,58,write,0,0xc5e000000024003a,5,Work Request Flushed Error,0xf9,255,0,0x1247,3525044828,0,0
main,retry_server_qp_err,4096,64,last,none,-1,1,36,59,59,write,0,0xc5e000000024003b,5,Work Request Flushed Error,0xf9,255,0,0x1247,3525054237,0,0
main,retry_server_qp_err,4096,64,last,none,-1,1,36,60,60,write,0,0xc5e000000024003c,5,Work Request Flushed Error,0xf9,255,0,0x1247,3525063632,0,0
main,retry_server_qp_err,4096,64,last,none,-1,1,36,61,61,write,0,0xc5e000000024003d,5,Work Request Flushed Error,0xf9,255,0,0x1247,3525073001,0,0
main,retry_server_qp_err,4096,64,last,none,-1,1,36,62,62,write,0,0xc5e000000024003e,5,Work Request Flushed Error,0xf9,255,0,0x1247,3525082304,0,0
main,retry_server_qp_err,4096,64,last,none,-1,1,36,63,63,write,1,0xc5e000000024003f,5,Work Request Flushed Error,0xf9,255,0,0x1247,3525091681,0,0
main,retry_server_qp_err,4096,64,last,none,-1,2,37,0,0,write,0,0xc5e0000000250000,12,transport retry counter exceeded,0x81,255,0,0x1247,3524456058,0,0
main,retry_server_qp_err,4096,64,last,none,-1,2,37,1,1,write,0,0xc5e0000000250001,5,Work Request Flushed Error,0xf9,255,0,0x1247,3524517044,0,0
main,retry_server_qp_err,4096,64,last,none,-1,2,37,2,2,write,0,0xc5e0000000250002,5,Work Request Flushed Error,0xf9,255,0,0x1247,3524526673,0,0
main,retry_server_qp_err,4096,64,last,none,-1,2,37,3,3,write,0,0xc5e0000000250003,5,Work Request Flushed Error,0xf9,255,0,0x1247,3524536079,0,0
main,retry_server_qp_err,4096,64,last,none,-1,2,37,4,4,write,0,0xc5e0000000250004,5,Work Request Flushed Error,0xf9,255,0,0x1247,3524545573,0,0
main,retry_server_qp_err,4096,64,last,none,-1,2,37,5,5,write,0,0xc5e0000000250005,5,Work Request Flushed Error,0xf9,255,0,0x1247,3524554907,0,0
main,retry_server_qp_err,4096,64,last,none,-1,2,37,6,6,write,0,0xc5e0000000250006,5,Work Request Flushed Error,0xf9,255,0,0x1247,3524564394,0,0
main,retry_server_qp_err,4096,64,last,none,-1,2,37,7,7,write,0,0xc5e0000000250007,5,Work Request Flushed Error,0xf9,255,0,0x1247,3524573724,0,0
main,retry_server_qp_err,4096,64,last,none,-1,2,37,8,8,write,0,0xc5e0000000250008,5,Work Request Flushed Error,0xf9,255,0,0x1247,3524583144,0,0
main,retry_server_qp_err,4096,64,last,none,-1,2,37,9,9,write,0,0xc5e0000000250009,5,Work Request Flushed Error,0xf9,255,0,0x1247,3524592524,0,0
main,retry_server_qp_err,4096,64,last,none,-1,2,37,10,10,write,0,0xc5e000000025000a,5,Work Request Flushed Error,0xf9,255,0,0x1247,3524601839,0,0
main,retry_server_qp_err,4096,64,last,none,-1,2,37,11,11,write,0,0xc5e000000025000b,5,Work Request Flushed Error,0xf9,255,0,0x1247,3524611411,0,0
main,retry_server_qp_err,4096,64,last,none,-1,2,37,12,12,write,0,0xc5e000000025000c,5,Work Request Flushed Error,0xf9,255,0,0x1247,3524620761,0,0
main,retry_server_qp_err,4096,64,last,none,-1,2,37,13,13,write,0,0xc5e000000025000d,5,Work Request Flushed Error,0xf9,255,0,0x1247,3524630074,0,0
main,retry_server_qp_err,4096,64,last,none,-1,2,37,14,14,write,0,0xc5e000000025000e,5,Work Request Flushed Error,0xf9,255,0,0x1247,3524639423,0,0
main,retry_server_qp_err,4096,64,last,none,-1,2,37,15,15,write,0,0xc5e000000025000f,5,Work Request Flushed Error,0xf9,255,0,0x1247,3524648841,0,0
main,retry_server_qp_err,4096,64,last,none,-1,2,37,16,16,write,0,0xc5e0000000250010,5,Work Request Flushed Error,0xf9,255,0,0x1247,3524658234,0,0
main,retry_server_qp_err,4096,64,last,none,-1,2,37,17,17,write,0,0xc5e0000000250011,5,Work Request Flushed Error,0xf9,255,0,0x1247,3524667611,0,0
main,retry_server_qp_err,4096,64,last,none,-1,2,37,18,18,write,0,0xc5e0000000250012,5,Work Request Flushed Error,0xf9,255,0,0x1247,3524676934,0,0
main,retry_server_qp_err,4096,64,last,none,-1,2,37,19,19,write,0,0xc5e0000000250013,5,Work Request Flushed Error,0xf9,255,0,0x1247,3524686307,0,0
main,retry_server_qp_err,4096,64,last,none,-1,2,37,20,20,write,0,0xc5e0000000250014,5,Work Request Flushed Error,0xf9,255,0,0x1247,3524695643,0,0
main,retry_server_qp_err,4096,64,last,none,-1,2,37,21,21,write,0,0xc5e0000000250015,5,Work Request Flushed Error,0xf9,255,0,0x1247,3524704989,0,0
main,retry_server_qp_err,4096,64,last,none,-1,2,37,22,22,write,0,0xc5e0000000250016,5,Work Request Flushed Error,0xf9,255,0,0x1247,3524714767,0,0
main,retry_server_qp_err,4096,64,last,none,-1,2,37,23,23,write,0,0xc5e0000000250017,5,Work Request Flushed Error,0xf9,255,0,0x1247,3524724104,0,0
main,retry_server_qp_err,4096,64,last,none,-1,2,37,24,24,write,0,0xc5e0000000250018,5,Work Request Flushed Error,0xf9,255,0,0x1247,3524733460,0,0
main,retry_server_qp_err,4096,64,last,none,-1,2,37,25,25,write,0,0xc5e0000000250019,5,Work Request Flushed Error,0xf9,255,0,0x1247,3524742845,0,0
main,retry_server_qp_err,4096,64,last,none,-1,2,37,26,26,write,0,0xc5e000000025001a,5,Work Request Flushed Error,0xf9,255,0,0x1247,3524752863,0,0
main,retry_server_qp_err,4096,64,last,none,-1,2,37,27,27,write,0,0xc5e000000025001b,5,Work Request Flushed Error,0xf9,255,0,0x1247,3524762360,0,0
main,retry_server_qp_err,4096,64,last,none,-1,2,37,28,28,write,0,0xc5e000000025001c,5,Work Request Flushed Error,0xf9,255,0,0x1247,3524771727,0,0
main,retry_server_qp_err,4096,64,last,none,-1,2,37,29,29,write,0,0xc5e000000025001d,5,Work Request Flushed Error,0xf9,255,0,0x1247,3524781109,0,0
main,retry_server_qp_err,4096,64,last,none,-1,2,37,30,30,write,0,0xc5e000000025001e,5,Work Request Flushed Error,0xf9,255,0,0x1247,3524790609,0,0
main,retry_server_qp_err,4096,64,last,none,-1,2,37,31,31,write,0,0xc5e000000025001f,5,Work Request Flushed Error,0xf9,255,0,0x1247,3524799980,0,0
main,retry_server_qp_err,4096,64,last,none,-1,2,37,32,32,write,0,0xc5e0000000250020,5,Work Request Flushed Error,0xf9,255,0,0x1247,3524809369,0,0
main,retry_server_qp_err,4096,64,last,none,-1,2,37,33,33,write,0,0xc5e0000000250021,5,Work Request Flushed Error,0xf9,255,0,0x1247,3524818861,0,0
main,retry_server_qp_err,4096,64,last,none,-1,2,37,34,34,write,0,0xc5e0000000250022,5,Work Request Flushed Error,0xf9,255,0,0x1247,3524828251,0,0
main,retry_server_qp_err,4096,64,last,none,-1,2,37,35,35,write,0,0xc5e0000000250023,5,Work Request Flushed Error,0xf9,255,0,0x1247,3524837626,0,0
main,retry_server_qp_err,4096,64,last,none,-1,2,37,36,36,write,0,0xc5e0000000250024,5,Work Request Flushed Error,0xf9,255,0,0x1247,3524847024,0,0
main,retry_server_qp_err,4096,64,last,none,-1,2,37,37,37,write,0,0xc5e0000000250025,5,Work Request Flushed Error,0xf9,255,0,0x1247,3524856503,0,0
main,retry_server_qp_err,4096,64,last,none,-1,2,37,38,38,write,0,0xc5e0000000250026,5,Work Request Flushed Error,0xf9,255,0,0x1247,3524865883,0,0
main,retry_server_qp_err,4096,64,last,none,-1,2,37,39,39,write,0,0xc5e0000000250027,5,Work Request Flushed Error,0xf9,255,0,0x1247,3524875284,0,0
main,retry_server_qp_err,4096,64,last,none,-1,2,37,40,40,write,0,0xc5e0000000250028,5,Work Request Flushed Error,0xf9,255,0,0x1247,3524884631,0,0
main,retry_server_qp_err,4096,64,last,none,-1,2,37,41,41,write,0,0xc5e0000000250029,5,Work Request Flushed Error,0xf9,255,0,0x1247,3524893980,0,0
main,retry_server_qp_err,4096,64,last,none,-1,2,37,42,42,write,0,0xc5e000000025002a,5,Work Request Flushed Error,0xf9,255,0,0x1247,3524903321,0,0
main,retry_server_qp_err,4096,64,last,none,-1,2,37,43,43,write,0,0xc5e000000025002b,5,Work Request Flushed Error,0xf9,255,0,0x1247,3524912733,0,0
main,retry_server_qp_err,4096,64,last,none,-1,2,37,44,44,write,0,0xc5e000000025002c,5,Work Request Flushed Error,0xf9,255,0,0x1247,3524922088,0,0
main,retry_server_qp_err,4096,64,last,none,-1,2,37,45,45,write,0,0xc5e000000025002d,5,Work Request Flushed Error,0xf9,255,0,0x1247,3524931454,0,0
main,retry_server_qp_err,4096,64,last,none,-1,2,37,46,46,write,0,0xc5e000000025002e,5,Work Request Flushed Error,0xf9,255,0,0x1247,3524940890,0,0
main,retry_server_qp_err,4096,64,last,none,-1,2,37,47,47,write,0,0xc5e000000025002f,5,Work Request Flushed Error,0xf9,255,0,0x1247,3524950143,0,0
main,retry_server_qp_err,4096,64,last,none,-1,2,37,48,48,write,0,0xc5e0000000250030,5,Work Request Flushed Error,0xf9,255,0,0x1247,3524959551,0,0
main,retry_server_qp_err,4096,64,last,none,-1,2,37,49,49,write,0,0xc5e0000000250031,5,Work Request Flushed Error,0xf9,255,0,0x1247,3524968925,0,0
main,retry_server_qp_err,4096,64,last,none,-1,2,37,50,50,write,0,0xc5e0000000250032,5,Work Request Flushed Error,0xf9,255,0,0x1247,3524978292,0,0
main,retry_server_qp_err,4096,64,last,none,-1,2,37,51,51,write,0,0xc5e0000000250033,5,Work Request Flushed Error,0xf9,255,0,0x1247,3524987683,0,0
main,retry_server_qp_err,4096,64,last,none,-1,2,37,52,52,write,0,0xc5e0000000250034,5,Work Request Flushed Error,0xf9,255,0,0x1247,3524997049,0,0
main,retry_server_qp_err,4096,64,last,none,-1,2,37,53,53,write,0,0xc5e0000000250035,5,Work Request Flushed Error,0xf9,255,0,0x1247,3525006494,0,0
main,retry_server_qp_err,4096,64,last,none,-1,2,37,54,54,write,0,0xc5e0000000250036,5,Work Request Flushed Error,0xf9,255,0,0x1247,3525015922,0,0
main,retry_server_qp_err,4096,64,last,none,-1,2,37,55,55,write,0,0xc5e0000000250037,5,Work Request Flushed Error,0xf9,255,0,0x1247,3525025254,0,0
main,retry_server_qp_err,4096,64,last,none,-1,2,37,56,56,write,0,0xc5e0000000250038,5,Work Request Flushed Error,0xf9,255,0,0x1247,3525034599,0,0
main,retry_server_qp_err,4096,64,last,none,-1,2,37,57,57,write,0,0xc5e0000000250039,5,Work Request Flushed Error,0xf9,255,0,0x1247,3525043882,0,0
main,retry_server_qp_err,4096,64,last,none,-1,2,37,58,58,write,0,0xc5e000000025003a,5,Work Request Flushed Error,0xf9,255,0,0x1247,3525053214,0,0
main,retry_server_qp_err,4096,64,last,none,-1,2,37,59,59,write,0,0xc5e000000025003b,5,Work Request Flushed Error,0xf9,255,0,0x1247,3525062662,0,0
main,retry_server_qp_err,4096,64,last,none,-1,2,37,60,60,write,0,0xc5e000000025003c,5,Work Request Flushed Error,0xf9,255,0,0x1247,3525072010,0,0
main,retry_server_qp_err,4096,64,last,none,-1,2,37,61,61,write,0,0xc5e000000025003d,5,Work Request Flushed Error,0xf9,255,0,0x1247,3525081337,0,0
main,retry_server_qp_err,4096,64,last,none,-1,2,37,62,62,write,0,0xc5e000000025003e,5,Work Request Flushed Error,0xf9,255,0,0x1247,3525091298,0,0
main,retry_server_qp_err,4096,64,last,none,-1,2,37,63,63,write,1,0xc5e000000025003f,5,Work Request Flushed Error,0xf9,255,0,0x1247,3525099988,0,0
main,retry_server_qp_err,4096,64,last,none,-1,3,38,0,0,write,0,0xc5e0000000260000,12,transport retry counter exceeded,0x81,255,0,0x1247,3524404190,0,0
main,retry_server_qp_err,4096,64,last,none,-1,3,38,1,1,write,0,0xc5e0000000260001,5,Work Request Flushed Error,0xf9,255,0,0x1247,3524466207,0,0
main,retry_server_qp_err,4096,64,last,none,-1,3,38,2,2,write,0,0xc5e0000000260002,5,Work Request Flushed Error,0xf9,255,0,0x1247,3524475756,0,0
main,retry_server_qp_err,4096,64,last,none,-1,3,38,3,3,write,0,0xc5e0000000260003,5,Work Request Flushed Error,0xf9,255,0,0x1247,3524485309,0,0
main,retry_server_qp_err,4096,64,last,none,-1,3,38,4,4,write,0,0xc5e0000000260004,5,Work Request Flushed Error,0xf9,255,0,0x1247,3524494944,0,0
main,retry_server_qp_err,4096,64,last,none,-1,3,38,5,5,write,0,0xc5e0000000260005,5,Work Request Flushed Error,0xf9,255,0,0x1247,3524504424,0,0
main,retry_server_qp_err,4096,64,last,none,-1,3,38,6,6,write,0,0xc5e0000000260006,5,Work Request Flushed Error,0xf9,255,0,0x1247,3524513887,0,0
main,retry_server_qp_err,4096,64,last,none,-1,3,38,7,7,write,0,0xc5e0000000260007,5,Work Request Flushed Error,0xf9,255,0,0x1247,3524523225,0,0
main,retry_server_qp_err,4096,64,last,none,-1,3,38,8,8,write,0,0xc5e0000000260008,5,Work Request Flushed Error,0xf9,255,0,0x1247,3524532722,0,0
main,retry_server_qp_err,4096,64,last,none,-1,3,38,9,9,write,0,0xc5e0000000260009,5,Work Request Flushed Error,0xf9,255,0,0x1247,3524542325,0,0
main,retry_server_qp_err,4096,64,last,none,-1,3,38,10,10,write,0,0xc5e000000026000a,5,Work Request Flushed Error,0xf9,255,0,0x1247,3524551748,0,0
main,retry_server_qp_err,4096,64,last,none,-1,3,38,11,11,write,0,0xc5e000000026000b,5,Work Request Flushed Error,0xf9,255,0,0x1247,3524561285,0,0
main,retry_server_qp_err,4096,64,last,none,-1,3,38,12,12,write,0,0xc5e000000026000c,5,Work Request Flushed Error,0xf9,255,0,0x1247,3524570688,0,0
main,retry_server_qp_err,4096,64,last,none,-1,3,38,13,13,write,0,0xc5e000000026000d,5,Work Request Flushed Error,0xf9,255,0,0x1247,3524580085,0,0
main,retry_server_qp_err,4096,64,last,none,-1,3,38,14,14,write,0,0xc5e000000026000e,5,Work Request Flushed Error,0xf9,255,0,0x1247,3524589512,0,0
main,retry_server_qp_err,4096,64,last,none,-1,3,38,15,15,write,0,0xc5e000000026000f,5,Work Request Flushed Error,0xf9,255,0,0x1247,3524599283,0,0
main,retry_server_qp_err,4096,64,last,none,-1,3,38,16,16,write,0,0xc5e0000000260010,5,Work Request Flushed Error,0xf9,255,0,0x1247,3524608737,0,0
main,retry_server_qp_err,4096,64,last,none,-1,3,38,17,17,write,0,0xc5e0000000260011,5,Work Request Flushed Error,0xf9,255,0,0x1247,3524618196,0,0
main,retry_server_qp_err,4096,64,last,none,-1,3,38,18,18,write,0,0xc5e0000000260012,5,Work Request Flushed Error,0xf9,255,0,0x1247,3524627633,0,0
main,retry_server_qp_err,4096,64,last,none,-1,3,38,19,19,write,0,0xc5e0000000260013,5,Work Request Flushed Error,0xf9,255,0,0x1247,3524637230,0,0
main,retry_server_qp_err,4096,64,last,none,-1,3,38,20,20,write,0,0xc5e0000000260014,5,Work Request Flushed Error,0xf9,255,0,0x1247,3524647340,0,0
main,retry_server_qp_err,4096,64,last,none,-1,3,38,21,21,write,0,0xc5e0000000260015,5,Work Request Flushed Error,0xf9,255,0,0x1247,3524656779,0,0
main,retry_server_qp_err,4096,64,last,none,-1,3,38,22,22,write,0,0xc5e0000000260016,5,Work Request Flushed Error,0xf9,255,0,0x1247,3524666235,0,0
main,retry_server_qp_err,4096,64,last,none,-1,3,38,23,23,write,0,0xc5e0000000260017,5,Work Request Flushed Error,0xf9,255,0,0x1247,3524675688,0,0
main,retry_server_qp_err,4096,64,last,none,-1,3,38,24,24,write,0,0xc5e0000000260018,5,Work Request Flushed Error,0xf9,255,0,0x1247,3524685177,0,0
main,retry_server_qp_err,4096,64,last,none,-1,3,38,25,25,write,0,0xc5e0000000260019,5,Work Request Flushed Error,0xf9,255,0,0x1247,3524694649,0,0
main,retry_server_qp_err,4096,64,last,none,-1,3,38,26,26,write,0,0xc5e000000026001a,5,Work Request Flushed Error,0xf9,255,0,0x1247,3524704149,0,0
main,retry_server_qp_err,4096,64,last,none,-1,3,38,27,27,write,0,0xc5e000000026001b,5,Work Request Flushed Error,0xf9,255,0,0x1247,3524713635,0,0
main,retry_server_qp_err,4096,64,last,none,-1,3,38,28,28,write,0,0xc5e000000026001c,5,Work Request Flushed Error,0xf9,255,0,0x1247,3524723058,0,0
main,retry_server_qp_err,4096,64,last,none,-1,3,38,29,29,write,0,0xc5e000000026001d,5,Work Request Flushed Error,0xf9,255,0,0x1247,3524732549,0,0
main,retry_server_qp_err,4096,64,last,none,-1,3,38,30,30,write,0,0xc5e000000026001e,5,Work Request Flushed Error,0xf9,255,0,0x1247,3524742135,0,0
main,retry_server_qp_err,4096,64,last,none,-1,3,38,31,31,write,0,0xc5e000000026001f,5,Work Request Flushed Error,0xf9,255,0,0x1247,3524751567,0,0
main,retry_server_qp_err,4096,64,last,none,-1,3,38,32,32,write,0,0xc5e0000000260020,5,Work Request Flushed Error,0xf9,255,0,0x1247,3524761024,0,0
main,retry_server_qp_err,4096,64,last,none,-1,3,38,33,33,write,0,0xc5e0000000260021,5,Work Request Flushed Error,0xf9,255,0,0x1247,3524770494,0,0
main,retry_server_qp_err,4096,64,last,none,-1,3,38,34,34,write,0,0xc5e0000000260022,5,Work Request Flushed Error,0xf9,255,0,0x1247,3524780224,0,0
main,retry_server_qp_err,4096,64,last,none,-1,3,38,35,35,write,0,0xc5e0000000260023,5,Work Request Flushed Error,0xf9,255,0,0x1247,3524789757,0,0
main,retry_server_qp_err,4096,64,last,none,-1,3,38,36,36,write,0,0xc5e0000000260024,5,Work Request Flushed Error,0xf9,255,0,0x1247,3524799649,0,0
main,retry_server_qp_err,4096,64,last,none,-1,3,38,37,37,write,0,0xc5e0000000260025,5,Work Request Flushed Error,0xf9,255,0,0x1247,3524809081,0,0
main,retry_server_qp_err,4096,64,last,none,-1,3,38,38,38,write,0,0xc5e0000000260026,5,Work Request Flushed Error,0xf9,255,0,0x1247,3524818497,0,0
main,retry_server_qp_err,4096,64,last,none,-1,3,38,39,39,write,0,0xc5e0000000260027,5,Work Request Flushed Error,0xf9,255,0,0x1247,3524827997,0,0
main,retry_server_qp_err,4096,64,last,none,-1,3,38,40,40,write,0,0xc5e0000000260028,5,Work Request Flushed Error,0xf9,255,0,0x1247,3524837446,0,0
main,retry_server_qp_err,4096,64,last,none,-1,3,38,41,41,write,0,0xc5e0000000260029,5,Work Request Flushed Error,0xf9,255,0,0x1247,3524847027,0,0
main,retry_server_qp_err,4096,64,last,none,-1,3,38,42,42,write,0,0xc5e000000026002a,5,Work Request Flushed Error,0xf9,255,0,0x1247,3524856504,0,0
main,retry_server_qp_err,4096,64,last,none,-1,3,38,43,43,write,0,0xc5e000000026002b,5,Work Request Flushed Error,0xf9,255,0,0x1247,3524866211,0,0
main,retry_server_qp_err,4096,64,last,none,-1,3,38,44,44,write,0,0xc5e000000026002c,5,Work Request Flushed Error,0xf9,255,0,0x1247,3524875671,0,0
main,retry_server_qp_err,4096,64,last,none,-1,3,38,45,45,write,0,0xc5e000000026002d,5,Work Request Flushed Error,0xf9,255,0,0x1247,3524885162,0,0
main,retry_server_qp_err,4096,64,last,none,-1,3,38,46,46,write,0,0xc5e000000026002e,5,Work Request Flushed Error,0xf9,255,0,0x1247,3524894750,0,0
main,retry_server_qp_err,4096,64,last,none,-1,3,38,47,47,write,0,0xc5e000000026002f,5,Work Request Flushed Error,0xf9,255,0,0x1247,3524904181,0,0
main,retry_server_qp_err,4096,64,last,none,-1,3,38,48,48,write,0,0xc5e0000000260030,5,Work Request Flushed Error,0xf9,255,0,0x1247,3524913724,0,0
main,retry_server_qp_err,4096,64,last,none,-1,3,38,49,49,write,0,0xc5e0000000260031,5,Work Request Flushed Error,0xf9,255,0,0x1247,3524923024,0,0
main,retry_server_qp_err,4096,64,last,none,-1,3,38,50,50,write,0,0xc5e0000000260032,5,Work Request Flushed Error,0xf9,255,0,0x1247,3524932527,0,0
main,retry_server_qp_err,4096,64,last,none,-1,3,38,51,51,write,0,0xc5e0000000260033,5,Work Request Flushed Error,0xf9,255,0,0x1247,3524942101,0,0
main,retry_server_qp_err,4096,64,last,none,-1,3,38,52,52,write,0,0xc5e0000000260034,5,Work Request Flushed Error,0xf9,255,0,0x1247,3524951584,0,0
main,retry_server_qp_err,4096,64,last,none,-1,3,38,53,53,write,0,0xc5e0000000260035,5,Work Request Flushed Error,0xf9,255,0,0x1247,3524961029,0,0
main,retry_server_qp_err,4096,64,last,none,-1,3,38,54,54,write,0,0xc5e0000000260036,5,Work Request Flushed Error,0xf9,255,0,0x1247,3524970422,0,0
main,retry_server_qp_err,4096,64,last,none,-1,3,38,55,55,write,0,0xc5e0000000260037,5,Work Request Flushed Error,0xf9,255,0,0x1247,3524979774,0,0
main,retry_server_qp_err,4096,64,last,none,-1,3,38,56,56,write,0,0xc5e0000000260038,5,Work Request Flushed Error,0xf9,255,0,0x1247,3524989223,0,0
main,retry_server_qp_err,4096,64,last,none,-1,3,38,57,57,write,0,0xc5e0000000260039,5,Work Request Flushed Error,0xf9,255,0,0x1247,3524998954,0,0
main,retry_server_qp_err,4096,64,last,none,-1,3,38,58,58,write,0,0xc5e000000026003a,5,Work Request Flushed Error,0xf9,255,0,0x1247,3525008331,0,0
main,retry_server_qp_err,4096,64,last,none,-1,3,38,59,59,write,0,0xc5e000000026003b,5,Work Request Flushed Error,0xf9,255,0,0x1247,3525017852,0,0
main,retry_server_qp_err,4096,64,last,none,-1,3,38,60,60,write,0,0xc5e000000026003c,5,Work Request Flushed Error,0xf9,255,0,0x1247,3525027287,0,0
main,retry_server_qp_err,4096,64,last,none,-1,3,38,61,61,write,0,0xc5e000000026003d,5,Work Request Flushed Error,0xf9,255,0,0x1247,3525036743,0,0
main,retry_server_qp_err,4096,64,last,none,-1,3,38,62,62,write,0,0xc5e000000026003e,5,Work Request Flushed Error,0xf9,255,0,0x1247,3525046343,0,0
main,retry_server_qp_err,4096,64,last,none,-1,3,38,63,63,write,1,0xc5e000000026003f,5,Work Request Flushed Error,0xf9,255,0,0x1247,3525055757,0,0
main,retry_server_qp_err,4096,64,last,none,-1,4,39,0,0,write,0,0xc5e0000000270000,12,transport retry counter exceeded,0x81,255,0,0x1247,3524441198,0,0
main,retry_server_qp_err,4096,64,last,none,-1,4,39,1,1,write,0,0xc5e0000000270001,5,Work Request Flushed Error,0xf9,255,0,0x1247,3524501870,0,0
main,retry_server_qp_err,4096,64,last,none,-1,4,39,2,2,write,0,0xc5e0000000270002,5,Work Request Flushed Error,0xf9,255,0,0x1247,3524511569,0,0
main,retry_server_qp_err,4096,64,last,none,-1,4,39,3,3,write,0,0xc5e0000000270003,5,Work Request Flushed Error,0xf9,255,0,0x1247,3524521222,0,0
main,retry_server_qp_err,4096,64,last,none,-1,4,39,4,4,write,0,0xc5e0000000270004,5,Work Request Flushed Error,0xf9,255,0,0x1247,3524530707,0,0
main,retry_server_qp_err,4096,64,last,none,-1,4,39,5,5,write,0,0xc5e0000000270005,5,Work Request Flushed Error,0xf9,255,0,0x1247,3524540016,0,0
main,retry_server_qp_err,4096,64,last,none,-1,4,39,6,6,write,0,0xc5e0000000270006,5,Work Request Flushed Error,0xf9,255,0,0x1247,3524549405,0,0
main,retry_server_qp_err,4096,64,last,none,-1,4,39,7,7,write,0,0xc5e0000000270007,5,Work Request Flushed Error,0xf9,255,0,0x1247,3524558661,0,0
main,retry_server_qp_err,4096,64,last,none,-1,4,39,8,8,write,0,0xc5e0000000270008,5,Work Request Flushed Error,0xf9,255,0,0x1247,3524568056,0,0
main,retry_server_qp_err,4096,64,last,none,-1,4,39,9,9,write,0,0xc5e0000000270009,5,Work Request Flushed Error,0xf9,255,0,0x1247,3524577536,0,0
main,retry_server_qp_err,4096,64,last,none,-1,4,39,10,10,write,0,0xc5e000000027000a,5,Work Request Flushed Error,0xf9,255,0,0x1247,3524586973,0,0
main,retry_server_qp_err,4096,64,last,none,-1,4,39,11,11,write,0,0xc5e000000027000b,5,Work Request Flushed Error,0xf9,255,0,0x1247,3524596270,0,0
main,retry_server_qp_err,4096,64,last,none,-1,4,39,12,12,write,0,0xc5e000000027000c,5,Work Request Flushed Error,0xf9,255,0,0x1247,3524605631,0,0
main,retry_server_qp_err,4096,64,last,none,-1,4,39,13,13,write,0,0xc5e000000027000d,5,Work Request Flushed Error,0xf9,255,0,0x1247,3524614977,0,0
main,retry_server_qp_err,4096,64,last,none,-1,4,39,14,14,write,0,0xc5e000000027000e,5,Work Request Flushed Error,0xf9,255,0,0x1247,3524624381,0,0
main,retry_server_qp_err,4096,64,last,none,-1,4,39,15,15,write,0,0xc5e000000027000f,5,Work Request Flushed Error,0xf9,255,0,0x1247,3524633692,0,0
main,retry_server_qp_err,4096,64,last,none,-1,4,39,16,16,write,0,0xc5e0000000270010,5,Work Request Flushed Error,0xf9,255,0,0x1247,3524643067,0,0
main,retry_server_qp_err,4096,64,last,none,-1,4,39,17,17,write,0,0xc5e0000000270011,5,Work Request Flushed Error,0xf9,255,0,0x1247,3524652428,0,0
main,retry_server_qp_err,4096,64,last,none,-1,4,39,18,18,write,0,0xc5e0000000270012,5,Work Request Flushed Error,0xf9,255,0,0x1247,3524661772,0,0
main,retry_server_qp_err,4096,64,last,none,-1,4,39,19,19,write,0,0xc5e0000000270013,5,Work Request Flushed Error,0xf9,255,0,0x1247,3524676020,0,0
main,retry_server_qp_err,4096,64,last,none,-1,4,39,20,20,write,0,0xc5e0000000270014,5,Work Request Flushed Error,0xf9,255,0,0x1247,3524680657,0,0
main,retry_server_qp_err,4096,64,last,none,-1,4,39,21,21,write,0,0xc5e0000000270015,5,Work Request Flushed Error,0xf9,255,0,0x1247,3524690014,0,0
main,retry_server_qp_err,4096,64,last,none,-1,4,39,22,22,write,0,0xc5e0000000270016,5,Work Request Flushed Error,0xf9,255,0,0x1247,3524699352,0,0
main,retry_server_qp_err,4096,64,last,none,-1,4,39,23,23,write,0,0xc5e0000000270017,5,Work Request Flushed Error,0xf9,255,0,0x1247,3524708707,0,0
main,retry_server_qp_err,4096,64,last,none,-1,4,39,24,24,write,0,0xc5e0000000270018,5,Work Request Flushed Error,0xf9,255,0,0x1247,3524718115,0,0
main,retry_server_qp_err,4096,64,last,none,-1,4,39,25,25,write,0,0xc5e0000000270019,5,Work Request Flushed Error,0xf9,255,0,0x1247,3524727481,0,0
main,retry_server_qp_err,4096,64,last,none,-1,4,39,26,26,write,0,0xc5e000000027001a,5,Work Request Flushed Error,0xf9,255,0,0x1247,3524736841,0,0
main,retry_server_qp_err,4096,64,last,none,-1,4,39,27,27,write,0,0xc5e000000027001b,5,Work Request Flushed Error,0xf9,255,0,0x1247,3524746202,0,0
main,retry_server_qp_err,4096,64,last,none,-1,4,39,28,28,write,0,0xc5e000000027001c,5,Work Request Flushed Error,0xf9,255,0,0x1247,3524755483,0,0
main,retry_server_qp_err,4096,64,last,none,-1,4,39,29,29,write,0,0xc5e000000027001d,5,Work Request Flushed Error,0xf9,255,0,0x1247,3524764838,0,0
main,retry_server_qp_err,4096,64,last,none,-1,4,39,30,30,write,0,0xc5e000000027001e,5,Work Request Flushed Error,0xf9,255,0,0x1247,3524774315,0,0
main,retry_server_qp_err,4096,64,last,none,-1,4,39,31,31,write,0,0xc5e000000027001f,5,Work Request Flushed Error,0xf9,255,0,0x1247,3524783692,0,0
main,retry_server_qp_err,4096,64,last,none,-1,4,39,32,32,write,0,0xc5e0000000270020,5,Work Request Flushed Error,0xf9,255,0,0x1247,3524793051,0,0
main,retry_server_qp_err,4096,64,last,none,-1,4,39,33,33,write,0,0xc5e0000000270021,5,Work Request Flushed Error,0xf9,255,0,0x1247,3524802367,0,0
main,retry_server_qp_err,4096,64,last,none,-1,4,39,34,34,write,0,0xc5e0000000270022,5,Work Request Flushed Error,0xf9,255,0,0x1247,3524811727,0,0
main,retry_server_qp_err,4096,64,last,none,-1,4,39,35,35,write,0,0xc5e0000000270023,5,Work Request Flushed Error,0xf9,255,0,0x1247,3524821171,0,0
main,retry_server_qp_err,4096,64,last,none,-1,4,39,36,36,write,0,0xc5e0000000270024,5,Work Request Flushed Error,0xf9,255,0,0x1247,3524830557,0,0
main,retry_server_qp_err,4096,64,last,none,-1,4,39,37,37,write,0,0xc5e0000000270025,5,Work Request Flushed Error,0xf9,255,0,0x1247,3524839887,0,0
main,retry_server_qp_err,4096,64,last,none,-1,4,39,38,38,write,0,0xc5e0000000270026,5,Work Request Flushed Error,0xf9,255,0,0x1247,3524849200,0,0
main,retry_server_qp_err,4096,64,last,none,-1,4,39,39,39,write,0,0xc5e0000000270027,5,Work Request Flushed Error,0xf9,255,0,0x1247,3524858504,0,0
main,retry_server_qp_err,4096,64,last,none,-1,4,39,40,40,write,0,0xc5e0000000270028,5,Work Request Flushed Error,0xf9,255,0,0x1247,3524867916,0,0
main,retry_server_qp_err,4096,64,last,none,-1,4,39,41,41,write,0,0xc5e0000000270029,5,Work Request Flushed Error,0xf9,255,0,0x1247,3524877352,0,0
main,retry_server_qp_err,4096,64,last,none,-1,4,39,42,42,write,0,0xc5e000000027002a,5,Work Request Flushed Error,0xf9,255,0,0x1247,3524886670,0,0
main,retry_server_qp_err,4096,64,last,none,-1,4,39,43,43,write,0,0xc5e000000027002b,5,Work Request Flushed Error,0xf9,255,0,0x1247,3524896045,0,0
main,retry_server_qp_err,4096,64,last,none,-1,4,39,44,44,write,0,0xc5e000000027002c,5,Work Request Flushed Error,0xf9,255,0,0x1247,3524905429,0,0
main,retry_server_qp_err,4096,64,last,none,-1,4,39,45,45,write,0,0xc5e000000027002d,5,Work Request Flushed Error,0xf9,255,0,0x1247,3524914795,0,0
main,retry_server_qp_err,4096,64,last,none,-1,4,39,46,46,write,0,0xc5e000000027002e,5,Work Request Flushed Error,0xf9,255,0,0x1247,3524924278,0,0
main,retry_server_qp_err,4096,64,last,none,-1,4,39,47,47,write,0,0xc5e000000027002f,5,Work Request Flushed Error,0xf9,255,0,0x1247,3524933663,0,0
main,retry_server_qp_err,4096,64,last,none,-1,4,39,48,48,write,0,0xc5e0000000270030,5,Work Request Flushed Error,0xf9,255,0,0x1247,3524943037,0,0
main,retry_server_qp_err,4096,64,last,none,-1,4,39,49,49,write,0,0xc5e0000000270031,5,Work Request Flushed Error,0xf9,255,0,0x1247,3524952383,0,0
main,retry_server_qp_err,4096,64,last,none,-1,4,39,50,50,write,0,0xc5e0000000270032,5,Work Request Flushed Error,0xf9,255,0,0x1247,3524961778,0,0
main,retry_server_qp_err,4096,64,last,none,-1,4,39,51,51,write,0,0xc5e0000000270033,5,Work Request Flushed Error,0xf9,255,0,0x1247,3524971127,0,0
main,retry_server_qp_err,4096,64,last,none,-1,4,39,52,52,write,0,0xc5e0000000270034,5,Work Request Flushed Error,0xf9,255,0,0x1247,3524980654,0,0
main,retry_server_qp_err,4096,64,last,none,-1,4,39,53,53,write,0,0xc5e0000000270035,5,Work Request Flushed Error,0xf9,255,0,0x1247,3524989992,0,0
main,retry_server_qp_err,4096,64,last,none,-1,4,39,54,54,write,0,0xc5e0000000270036,5,Work Request Flushed Error,0xf9,255,0,0x1247,3524999315,0,0
main,retry_server_qp_err,4096,64,last,none,-1,4,39,55,55,write,0,0xc5e0000000270037,5,Work Request Flushed Error,0xf9,255,0,0x1247,3525008661,0,0
main,retry_server_qp_err,4096,64,last,none,-1,4,39,56,56,write,0,0xc5e0000000270038,5,Work Request Flushed Error,0xf9,255,0,0x1247,3525018014,0,0
main,retry_server_qp_err,4096,64,last,none,-1,4,39,57,57,write,0,0xc5e0000000270039,5,Work Request Flushed Error,0xf9,255,0,0x1247,3525027502,0,0
main,retry_server_qp_err,4096,64,last,none,-1,4,39,58,58,write,0,0xc5e000000027003a,5,Work Request Flushed Error,0xf9,255,0,0x1247,3525036874,0,0
main,retry_server_qp_err,4096,64,last,none,-1,4,39,59,59,write,0,0xc5e000000027003b,5,Work Request Flushed Error,0xf9,255,0,0x1247,3525046204,0,0
main,retry_server_qp_err,4096,64,last,none,-1,4,39,60,60,write,0,0xc5e000000027003c,5,Work Request Flushed Error,0xf9,255,0,0x1247,3525055592,0,0
main,retry_server_qp_err,4096,64,last,none,-1,4,39,61,61,write,0,0xc5e000000027003d,5,Work Request Flushed Error,0xf9,255,0,0x1247,3525064907,0,0
main,retry_server_qp_err,4096,64,last,none,-1,4,39,62,62,write,0,0xc5e000000027003e,5,Work Request Flushed Error,0xf9,255,0,0x1247,3525074309,0,0
main,retry_server_qp_err,4096,64,last,none,-1,4,39,63,63,write,1,0xc5e000000027003f,5,Work Request Flushed Error,0xf9,255,0,0x1247,3525083731,0,0
