key,status,kind,sub,stem,cell,build,trial,rc_rain,rc_sunny,name_rain,host_native_atomic_rain,lat_dev_atom_ns_rain,lat_host_atom_ns_rain,lat_host_atom_sys_ns_rain,lat_dev_ld_ns_rain,lat_host_ld_ns_rain,race_host_writes_rain,race_lost_host_writes_rain,race_dev_ops_rain,race_final_low_rain,race_rc_rain,exit_rain,name_sunny,host_native_atomic_sunny,lat_dev_atom_ns_sunny,lat_host_atom_ns_sunny,lat_host_atom_sys_ns_sunny,lat_dev_ld_ns_sunny,lat_host_ld_ns_sunny,race_host_writes_sunny,race_lost_host_writes_sunny,race_dev_ops_sunny,race_final_low_sunny,race_rc_sunny,exit_sunny,tnum,dir,app,fault,wait,ts,diag,bytes,iters,inject,gidsel,gid0,gid1,cut_s,r0rc,r1rc,left,wall_s,r0_outcome,r1_outcome,burst_P,burst_K,burst_agg,tx_done,tx_rc,tx_rc_it,tx_err_threads,tx_max_iter_us,rx_done,rx_rc,dev_bad_slots,host_bad_slots,host_missing_slots,host_slots,signals,signals_bad,signals_high,signals_low,signal_exact,tx_done_r1,tx_rc_r1,rx_done_r0,rx_rc_r0,dev_bad_slots_r0,host_bad_slots_r0,signal_exact_r0,r0_async,r1_async,r0_async_ms,r1_async_ms,async_samples_r0,async_samples_r1,lat_p50_us,lat_p99_us,lat_mean_us,lat_max_us,lat_max_it,lat_n,ts_on_r0,ts_on_r1,ts_off,n_fires_r0,n_fires_r1,trigger_miss,q4_r0,q4_r1,q4_class_r0,q4_class_r1,rec_init_r0,rec_init_r1,rec_resp_r0,rec_resp_r1,tie_kept,yielded,decl_r0,decl_r1,quiesce_stuck,watchdog,gid_moved_r0,gid_moved_r1,teardown_r0,teardown_r1,teardown_ms_r0,teardown_ms_r1,kernel_ms_r0,kernel_ms_r1,bind_fail,transparent_ok,fire_dt_r1_minus_r0_ms,fault_mono_r0,fault_after_launch_ms,cut_start_after_launch_ms,cut_len_ms,gids_after_cut,first_q4_class,fault_to_mbx_ms,cut_end_to_mbx_ms,fault_to_decline_ms,fault_to_resumed_ms,cut_end_to_resumed_ms,S/U/n_first,get_n,get_bad,ua_r0,ua_r1,n_mute_on_r0,mute_on_ms_r0,n_sock_close_r0,sock_close_ms_r0,sock_close_cause_r0,sock_close_cause_r1,decl_mono_r0,killed,async_before_fault,r1_alive_at_decline,silent_bad,scope_r0,scope_reason_r0,n_rerun_r0,conflict_r1,pr_mode_r0,pc_mode_r0,n_dec_r0,last_reason_r0,rec_scope_r0,rec_qps_r0,n_rec_r0,n_checked_r0,n_refused_r0,ep_c0_r0,ep_c1_r0,ep_c2_r0,ep_c3_r0,qpst_r0,n_notrts_r0,inj_ctx_r0,pr_mode_r1,pc_mode_r1,n_dec_r1,last_reason_r1,rec_scope_r1,rec_qps_r1,n_rec_r1,n_checked_r1,n_refused_r1,ep_c0_r1,ep_c1_r1,ep_c2_r1,ep_c3_r1,qpst_r1,n_notrts_r1,inj_ctx_r1,check_us_r1,refuse_reason_r1,not_rts_r1,init_qps_r1,commit_us_r0,total_us_r0,r1_q4_in_stall,r1_fire_before_dec,dual_r0,dual_r1,dual_c1_in_win,dual_c1_max_in_win_us,dual_c1_end_after_win,dual_c1_done,dual_c1_rc,ow_mode_r0,knob_uto_r0,knob_refuse_r0,mute_off_ms_r0,close1_cause_r0,close1_lv_r0,close1_ms_r0,n_dead_r0,dead_cause_r0,dead_ms_r0,n_reconn_r0,reconn_ms_r0,wait_end_r0,wait_ms_r0,q4_ms_r0,decl_ms_r0,ow_mode_r1,knob_uto_r1,knob_refuse_r1,n_mute_on_r1,mute_off_ms_r1,close1_cause_r1,close1_lv_r1,close1_ms_r1,n_dead_r1,dead_cause_r1,dead_ms_r1,n_reconn_r1,reconn_ms_r1,wait_end_r1,wait_ms_r1,q4_ms_r1,decl_ms_r1,n_notacc_r0,n_probe_ref_r1,n_probe_ans_r1,n_refuse_test_r1,r0_killed,unmute_ms,reconn_after_unmute_ms_r0,reconn_after_unmute_ms_r1,decl_after_q4_ms_r1,hd_on_r0,prod_r0,hk_gap_r0,hk_badnonce_r0,hk_fwdelay_r0,hk_copystall_r0,hk_badrepost_r0,n_judged_r0,judged_cause_r0,judged_ms_r0,n_left_r0,n_refused_dial_r0,refusal1_ms_r0,n_probe_refused_r0,probe_refusal1_ms_r0,refusal_span_ms_r0,n_nonce_ref_r0,n_badnonce_sent_r0,n_probe_noans_r0,n_cancel_r0,sock_retries_max_r0,rec_total_us_r0,n_fwdog_r0,fwdog_run_ms_r0,fwdog_ms_r0,fwdog_phase_r0,n_uarel_r0,uarel_why_r0,uarel_ms_r0,n_copyto_r0,n_esc_r0,n_plan_rej_r0,plan_rej_qp_r0,plan_rej_total_r0,plan_rej_ms_r0,n_init_round_r0,n_orphan_r0,n_dump_r0,rs_api_r0,rs_rounds_r0,rs_recovered_r0,rs_declined_r0,rs_reconnects_r0,rs_deaths_r0,rs_escalations_r0,rs_cancelled_r0,rs_fw_overruns_r0,rs_copy_timeouts_r0,rs_contexts_r0,rx_phantom_r0,post_abort_rx_phantom_r0,post_abort_rx_rc_r0,post_abort_read_r0,hog_blocks_r0,hog_sms_r0,hog_launch_err_r0,hog_launch_after_launch_ms_r0,hd_on_r1,prod_r1,hk_gap_r1,hk_badnonce_r1,hk_fwdelay_r1,hk_copystall_r1,hk_badrepost_r1,n_judged_r1,judged_cause_r1,judged_ms_r1,n_left_r1,n_refused_dial_r1,refusal1_ms_r1,n_probe_refused_r1,probe_refusal1_ms_r1,refusal_span_ms_r1,n_nonce_ref_r1,n_badnonce_sent_r1,n_probe_noans_r1,n_cancel_r1,sock_retries_max_r1,rec_total_us_r1,n_fwdog_r1,fwdog_run_ms_r1,fwdog_ms_r1,fwdog_phase_r1,n_uarel_r1,uarel_why_r1,uarel_ms_r1,n_copyto_r1,n_esc_r1,n_plan_rej_r1,plan_rej_qp_r1,plan_rej_total_r1,plan_rej_ms_r1,n_init_round_r1,n_orphan_r1,n_dump_r1,rs_api_r1,rs_rounds_r1,rs_recovered_r1,rs_declined_r1,rs_reconnects_r1,rs_deaths_r1,rs_escalations_r1,rs_cancelled_r1,rs_fw_overruns_r1,rs_copy_timeouts_r1,rs_contexts_r1,rx_phantom_r1,post_abort_rx_phantom_r1,post_abort_rx_rc_r1,post_abort_read_r1,hog_blocks_r1,hog_sms_r1,hog_launch_err_r1,hog_launch_after_launch_ms_r1,ho_kernel_done_before_shrink,ho_shrink_rc,ho_shrink_ms,ho_newcomm,ho_newcomm_nranks,ho_check_ok,ho_allreduce_rc,ho_old_kernel_done,plan_rej_init_r0,gap_on_ms_r1,gap_off_ms_r1,gap_listening_r1,fault_after_launch_r0_ms,q4_after_fault_ms_r0,decl_after_q4_ms_r0,kill_r1clock_ms,release_after_kill_ms_r1,async_after_kill_ms_r1,decl_after_kill_ms_r0,r1close_after_q4_ms,mute_applied,mute_on_ms,mute_rules_on,mute_rules_left,mute_skipped,left_rules,hf_on_r0,hf_switch_r0,n_surface_r0,surface_why_r0,n_late_copy_r0,hog_slack_r0,hog_prealloc_r0,hog_local_bytes_r0,hog_started_probe_r0,probe_n_r0,probe_done_200ms_r0,probe_stuck_r0,probe_max_ms_r0,probe_after_hog_ms_r0,hog_started_end_r0,hog_start_spread_ms_r0,hog_first_start_rel_ms_r0,hog_last_start_rel_ms_r0,probe_done_end_r0,hog_running_at_end_r0,hf_on_r1,hf_switch_r1,n_surface_r1,surface_why_r1,n_late_copy_r1,hog_slack_r1,hog_prealloc_r1,hog_local_bytes_r1,hog_started_probe_r1,probe_n_r1,probe_done_200ms_r1,probe_stuck_r1,probe_max_ms_r1,probe_after_hog_ms_r1,hog_started_end_r1,hog_start_spread_ms_r1,hog_first_start_rel_ms_r1,hog_last_start_rel_ms_r1,probe_done_end_r1,hog_running_at_end_r1,n_hoff_ok_r0,hoff_ranks_r0,hoff_ok_ms_r0,n_hoff_keep_r0,hoff_why_r0,ho_parent_async_after,ho_newcomm_async,ho_newcomm_destroy_rc,ho_check_ms,ho_allreduce_done,ho_devcomm_destroy_rc,ho_devcomm_destroy_ms,pq_on_r0,n_uapeer_r0,uapeer_r0,n_uaerr_r0,uaerr_why_r0,causes_r0,cause_r0,n_failans_r0,failans_r0,n_peerfail_r0,peerfail_r0,n_planok_r0,planok_role_r0,planok_ms_r0,n_planrej_r0,planrej_qp_r0,planrej_ms_r0,n_fwover_r0,fwover_phase_r0,fwover_ms_r0,fwover_peer_r0,n_fwold_r0,n_cancel_ack_r0,cancel_ms_r0,declwhy_r0,muteoff_ms_r0,decl_after_unmute_ms_r0,decl_after_cancel_ms_r0,n_forget_r0,rdv_r0,rdv_rejected_r0,rdv_foreign_r0,pq_on_r1,n_uapeer_r1,uapeer_r1,n_uaerr_r1,uaerr_why_r1,causes_r1,cause_r1,n_failans_r1,failans_r1,n_peerfail_r1,peerfail_r1,n_planok_r1,planok_role_r1,planok_ms_r1,n_planrej_r1,planrej_qp_r1,planrej_ms_r1,n_fwover_r1,fwover_phase_r1,fwover_ms_r1,fwover_peer_r1,n_fwold_r1,n_cancel_ack_r1,cancel_ms_r1,declwhy_r1,muteoff_ms_r1,decl_after_unmute_ms_r1,decl_after_cancel_ms_r1,n_forget_r1,rdv_r1,rdv_rejected_r1,rdv_decoy_r1,n_rec_any,end_wait_r0,end_wait_r1,port,port_tries,port_skipped,occupy_port,occupy_skipped,decoy_port,decoy_conns,decoy_bytes,drvkey,hr_on_r0,copy_path_r0,lb_mrs_r0,lb_on_r0,lb_off_r0,lb_off_why_r0,lb_gid_r0,td_path_r0,td_nic_ops_r0,td_nic_timeouts_r0,td_stream_copies_r0,td_fallbacks_r0,hog_calls_after_r0,hr_on_r1,copy_path_r1,lb_mrs_r1,lb_on_r1,lb_off_r1,lb_off_why_r1,lb_gid_r1,td_path_r1,td_nic_ops_r1,td_nic_timeouts_r1,td_stream_copies_r1,td_fallbacks_r1,hog_calls_after_r1,lib,mrkey,n,mode,flush,rc_all,n_devcomm,n_launch,init_fail,mrge_err,n_ts_on,gq_min,gq_max,n_ts_off,n_ua,n_ow,n_pr,n_pc,n_hd,n_esc,n_fw_over,n_copy_to,n_cancel,n_judged_dead,p50_01,max_01,p50_02,max_02,w_02_in,w_02_ovlmax_us,p50_03,max_03,w_03_in,w_03_ovlmax_us,p50_10,max_10,w_10_in,w_10_ovlmax_us,p50_12,max_12,p50_13,max_13,w_13_in,w_13_ovlmax_us,p50_20,max_20,p50_21,max_21,w_21_in,w_21_ovlmax_us,p50_23,max_23,w_23_in,w_23_ovlmax_us,p50_30,max_30,p50_31,max_31,w_31_in,w_31_ovlmax_us,p50_32,max_32,w_32_in,w_32_ovlmax_us,edges,n_edges,n_edges_ok,edges_bad,outcomes,n_outcome_ok,async_ranks,n_async,p50_inter_med,p50_intra_med,max_all,win_edge_r0,win_us_r0,win_edge_r1,win_us_r1,win_edge_r2,win_us_r2,win_edge_r3,win_us_r3,fires,n_fires,fire_in_traffic,rounds,n_rounds,rec_i,n_rec_i,rec_r,n_rec_r,decl,n_decl,decl_reasons,decl_hs,n_watchdog,n_refused,n_conflict,n_tie,ep_nz,n_ep_nz,ep_peers,notrts,n_notrts,notrts_peers,n_teardown,q4_first,kill_rank,kill_ms0,kill_in_traffic,round_ms_r0,decl_after_round_ms_r0,decl_after_kill_ms_r1,round_ms_r1,decl_after_round_ms_r1,decl_ms_r2,decl_after_kill_ms_r2,round_ms_r2,decl_after_round_ms_r2,decl_ms_r3,decl_after_kill_ms_r3,round_ms_r3,decl_after_round_ms_r3,cyc_spread_ms,n_hs,hs_first_after_round_ms,rec_first_after_round_ms,rec_last_after_round_ms,init_total_ms_min,init_total_ms_max,f3_detect_ms,resp_overlap_r0,init_overlap_r0,n_surv_edges,surv_edges_ok,surv_tx_failed,surv_rx_failed,knob_stall,n_pq_on,n_uapeer,uapeer,n_uaerr,causes,n_cause_peerdead,n_cause_local,n_fwover,fwover,n_fwold,rec_20,rec_02,n_bad_0_23,n_hoff_ok,n_hoff_keep,keep_why_r0,ch_ok_ranks,ch_created_ranks,ch_timeout_ranks,ch_shrink_fail_r0,ch_tx_ok_sum,ch_rx_ok_sum,ch_nranks_set,n_rdv_verified,n_decoy_rejected,n_hr_on,n_lb_on,n_lb_off,served_rec,n_served_rec,served,n_served,kept,n_kept,n_kept_answered,n_kept_dropped,td_stream_copies,n_td,n_degr_sched,n_degraded,degr_ranks,degr_after_dead_ms_r0,degr_after_dead_ms_r1,dead_ms_r2,degr_after_dead_ms_r2,dead_ms_r3,degr_after_dead_ms_r3,rx_untimed,n_rel_dead,n_rel_surv,surv_tx_ok,n_kdone_surv,n_stuck_surv,dead_rx_timeout,dead_tx_failed,surv_rx_timeout,rel_dead_r0,rel_after_dead_ms_r0,rel_dead_r1,rel_after_dead_ms_r1,rel_dead_r2,rel_after_dead_ms_r2,w_12_in,w_12_ovlmax_us,w_20_in,w_20_ovlmax_us,w_30_in,w_30_ovlmax_us,w_01_in,w_01_ovlmax_us,ng_rc_rain,ng_result_rain,ng_mr_rain,ng_gid_kind_rain,ng_name_rain,ng_rounds_rain,ng_lost_writes_rain,ng_lost_inc_rain,ng_dekker_rain,ng_inside_nonzero_rain,ng_quiesce_timeouts_rain,ng_idx_ok_rain,ng_q_max_ms_rain,ng_nic_errors_rain,ng_error_rain,ng_rc_sunny,ng_result_sunny,ng_mr_sunny,ng_gid_kind_sunny,ng_name_sunny,ng_rounds_sunny,ng_lost_writes_sunny,ng_lost_inc_sunny,ng_dekker_sunny,ng_inside_nonzero_sunny,ng_quiesce_timeouts_sunny,ng_idx_ok_sunny,ng_q_max_ms_sunny,ng_nic_errors_sunny,ng_error_sunny
hm_bench@hr,scored,b,bench,hm_bench_n1,hm_bench,hr,n1,0,0,Quadro_RTX_5000,0,178.3,594.9,604.0,172.5,635.6,26343,4214,94732288,0,cudaSuccess,0,NVIDIA_RTX_A4000,0,186.2,609.3,621.0,182.9,609.4,26001,4739,96141312,0,cudaSuccess,0,1,,,,,,,,,,,,,,,,,,,,,,,,,,,,,,,,,,,,,,,,,,,,,,,,,,,,,,,,,,,,,,,,,,,,,,,,,,,,,,,,,,,,,,,,,,,,,,,,,,,,,,,,,,,,,,,,,,,,,,,,,,,,,,,,,,,,,,,,,,,,,,,,,,,,,,,,,,,,,,,,,,,,,,,,,,,,,,,,,,,,,,,,,,,,,,,,,,,,,,,,,,,,,,,,,,,,,,,,,,,,,,,,,,,,,,,,,,,,,,,,,,,,,,,,,,,,,,,,,,,,,,,,,,,,,,,,,,,,,,,,,,,,,,,,,,,,,,,,,,,,,,,,,,,,,,,,,,,,,,,,,,,,,,,,,,,,,,,,,,,,,,,,,,,,,,,,,,,,,,,,,,,,,,,,,,,,,,,,,,,,,,,,,,,,,,,,,,,,,,,,,,,,,,,,,,,,,,,,,,,,,,,,,,,,,,,,,,,,,,,,,,,,,,,,,,,,,,,,,,,,,,,,,,,,,,,,,,,,,,,,,,,,,,,,,,,,,,,,,,,,,,,,,,,,,,,,,,,,,,,,,,,,,,,,,,,,,,,,,,,,,,,,,,,,,,,,,,,,,,,,,,,,,,,,,,,,,,,,,,,,,,,,,,,,,,,,,,,,,,,,,,,,,,,,,,,,,,,,,,,,,,,,,,,,,,,,,,,,,,,,,,,,,,,,,,,,,,,,,,,,,,,,,,,,,,,,,,,,,,,,,,,,,,,,,,,,,,,,,,,,,,,,,,,,,,,,,,,,,,,,,,,,,,,,,,,,,,,,,,,,,
hm_bench@hr,scored,b,bench,hm_bench_n2,hm_bench,hr,n2,0,0,Quadro_RTX_5000,0,178.3,592.4,601.6,172.5,587.6,26350,4224,91947008,0,cudaSuccess,0,NVIDIA_RTX_A4000,0,186.2,608.6,620.4,182.8,608.7,26002,4345,92274688,0,cudaSuccess,0,2,,,,,,,,,,,,,,,,,,,,,,,,,,,,,,,,,,,,,,,,,,,,,,,,,,,,,,,,,,,,,,,,,,,,,,,,,,,,,,,,,,,,,,,,,,,,,,,,,,,,,,,,,,,,,,,,,,,,,,,,,,,,,,,,,,,,,,,,,,,,,,,,,,,,,,,,,,,,,,,,,,,,,,,,,,,,,,,,,,,,,,,,,,,,,,,,,,,,,,,,,,,,,,,,,,,,,,,,,,,,,,,,,,,,,,,,,,,,,,,,,,,,,,,,,,,,,,,,,,,,,,,,,,,,,,,,,,,,,,,,,,,,,,,,,,,,,,,,,,,,,,,,,,,,,,,,,,,,,,,,,,,,,,,,,,,,,,,,,,,,,,,,,,,,,,,,,,,,,,,,,,,,,,,,,,,,,,,,,,,,,,,,,,,,,,,,,,,,,,,,,,,,,,,,,,,,,,,,,,,,,,,,,,,,,,,,,,,,,,,,,,,,,,,,,,,,,,,,,,,,,,,,,,,,,,,,,,,,,,,,,,,,,,,,,,,,,,,,,,,,,,,,,,,,,,,,,,,,,,,,,,,,,,,,,,,,,,,,,,,,,,,,,,,,,,,,,,,,,,,,,,,,,,,,,,,,,,,,,,,,,,,,,,,,,,,,,,,,,,,,,,,,,,,,,,,,,,,,,,,,,,,,,,,,,,,,,,,,,,,,,,,,,,,,,,,,,,,,,,,,,,,,,,,,,,,,,,,,,,,,,,,,,,,,,,,,,,,,,,,,,,,,,,,,,,,,,,,,,,,,,,,,,,,,,,,,,,,,,,,,,
hm_bench@hr,scored,b,bench,hm_bench_n3,hm_bench,hr,n3,0,0,Quadro_RTX_5000,0,178.2,586.1,594.9,172.5,581.6,26434,4498,103563264,0,cudaSuccess,0,NVIDIA_RTX_A4000,0,186.3,609.0,620.5,182.9,609.0,26002,4436,90685440,0,cudaSuccess,0,3,,,,,,,,,,,,,,,,,,,,,,,,,,,,,,,,,,,,,,,,,,,,,,,,,,,,,,,,,,,,,,,,,,,,,,,,,,,,,,,,,,,,,,,,,,,,,,,,,,,,,,,,,,,,,,,,,,,,,,,,,,,,,,,,,,,,,,,,,,,,,,,,,,,,,,,,,,,,,,,,,,,,,,,,,,,,,,,,,,,,,,,,,,,,,,,,,,,,,,,,,,,,,,,,,,,,,,,,,,,,,,,,,,,,,,,,,,,,,,,,,,,,,,,,,,,,,,,,,,,,,,,,,,,,,,,,,,,,,,,,,,,,,,,,,,,,,,,,,,,,,,,,,,,,,,,,,,,,,,,,,,,,,,,,,,,,,,,,,,,,,,,,,,,,,,,,,,,,,,,,,,,,,,,,,,,,,,,,,,,,,,,,,,,,,,,,,,,,,,,,,,,,,,,,,,,,,,,,,,,,,,,,,,,,,,,,,,,,,,,,,,,,,,,,,,,,,,,,,,,,,,,,,,,,,,,,,,,,,,,,,,,,,,,,,,,,,,,,,,,,,,,,,,,,,,,,,,,,,,,,,,,,,,,,,,,,,,,,,,,,,,,,,,,,,,,,,,,,,,,,,,,,,,,,,,,,,,,,,,,,,,,,,,,,,,,,,,,,,,,,,,,,,,,,,,,,,,,,,,,,,,,,,,,,,,,,,,,,,,,,,,,,,,,,,,,,,,,,,,,,,,,,,,,,,,,,,,,,,,,,,,,,,,,,,,,,,,,,,,,,,,,,,,,,,,,,,,,,,,,,,,,,,,,,,,,,,,,,,,,,,
hm_bench@hr,scored,b,bench,hm_bench_n4,hm_bench,hr,n4,0,0,Quadro_RTX_5000,0,178.4,594.4,603.3,172.6,589.9,26364,4442,95141888,0,cudaSuccess,0,NVIDIA_RTX_A4000,0,186.2,601.8,613.4,182.9,601.9,26002,4154,95666176,0,cudaSuccess,0,4,,,,,,,,,,,,,,,,,,,,,,,,,,,,,,,,,,,,,,,,,,,,,,,,,,,,,,,,,,,,,,,,,,,,,,,,,,,,,,,,,,,,,,,,,,,,,,,,,,,,,,,,,,,,,,,,,,,,,,,,,,,,,,,,,,,,,,,,,,,,,,,,,,,,,,,,,,,,,,,,,,,,,,,,,,,,,,,,,,,,,,,,,,,,,,,,,,,,,,,,,,,,,,,,,,,,,,,,,,,,,,,,,,,,,,,,,,,,,,,,,,,,,,,,,,,,,,,,,,,,,,,,,,,,,,,,,,,,,,,,,,,,,,,,,,,,,,,,,,,,,,,,,,,,,,,,,,,,,,,,,,,,,,,,,,,,,,,,,,,,,,,,,,,,,,,,,,,,,,,,,,,,,,,,,,,,,,,,,,,,,,,,,,,,,,,,,,,,,,,,,,,,,,,,,,,,,,,,,,,,,,,,,,,,,,,,,,,,,,,,,,,,,,,,,,,,,,,,,,,,,,,,,,,,,,,,,,,,,,,,,,,,,,,,,,,,,,,,,,,,,,,,,,,,,,,,,,,,,,,,,,,,,,,,,,,,,,,,,,,,,,,,,,,,,,,,,,,,,,,,,,,,,,,,,,,,,,,,,,,,,,,,,,,,,,,,,,,,,,,,,,,,,,,,,,,,,,,,,,,,,,,,,,,,,,,,,,,,,,,,,,,,,,,,,,,,,,,,,,,,,,,,,,,,,,,,,,,,,,,,,,,,,,,,,,,,,,,,,,,,,,,,,,,,,,,,,,,,,,,,,,,,,,,,,,,,,,,,,,,,,
hm_bench@hr,scored,b,bench,hm_bench_n5,hm_bench,hr,n5,0,0,Quadro_RTX_5000,0,178.4,602.3,611.4,172.6,598.1,26386,4132,96010240,0,cudaSuccess,0,NVIDIA_RTX_A4000,0,186.2,604.1,615.8,182.9,604.2,26002,4259,89112576,0,cudaSuccess,0,5,,,,,,,,,,,,,,,,,,,,,,,,,,,,,,,,,,,,,,,,,,,,,,,,,,,,,,,,,,,,,,,,,,,,,,,,,,,,,,,,,,,,,,,,,,,,,,,,,,,,,,,,,,,,,,,,,,,,,,,,,,,,,,,,,,,,,,,,,,,,,,,,,,,,,,,,,,,,,,,,,,,,,,,,,,,,,,,,,,,,,,,,,,,,,,,,,,,,,,,,,,,,,,,,,,,,,,,,,,,,,,,,,,,,,,,,,,,,,,,,,,,,,,,,,,,,,,,,,,,,,,,,,,,,,,,,,,,,,,,,,,,,,,,,,,,,,,,,,,,,,,,,,,,,,,,,,,,,,,,,,,,,,,,,,,,,,,,,,,,,,,,,,,,,,,,,,,,,,,,,,,,,,,,,,,,,,,,,,,,,,,,,,,,,,,,,,,,,,,,,,,,,,,,,,,,,,,,,,,,,,,,,,,,,,,,,,,,,,,,,,,,,,,,,,,,,,,,,,,,,,,,,,,,,,,,,,,,,,,,,,,,,,,,,,,,,,,,,,,,,,,,,,,,,,,,,,,,,,,,,,,,,,,,,,,,,,,,,,,,,,,,,,,,,,,,,,,,,,,,,,,,,,,,,,,,,,,,,,,,,,,,,,,,,,,,,,,,,,,,,,,,,,,,,,,,,,,,,,,,,,,,,,,,,,,,,,,,,,,,,,,,,,,,,,,,,,,,,,,,,,,,,,,,,,,,,,,,,,,,,,,,,,,,,,,,,,,,,,,,,,,,,,,,,,,,,,,,,,,,,,,,,,,,,,,,,,,,,,,,,,
rh_hog_f1_b@hq,scored,2,hq,rh_hog_f1_b_n1,rh_hog_f1_b,hq,n1,,,,,,,,,,,,,,,,,,,,,,,,,,,,,1,hq,default,F1,blocking,1,,262144,120,637,primary,4,3,0,4,4,0,6.1,device_error,device_error,,,,40,remote process exited or there was a network error,40,,,40,remote process exited or there was a network error,0,80,80,120,1,1,0,1,0,,,,,,,,remote process exited or there was a network error,remote process exited or there was a network error,1060.5,2064.4,9357,20466,45.06,55.36,45.41,55.36,0,40,1,1,,1,0,0,1,0,LOCAL_QP_ERR,,0,0,0,0,0,0,the watchdog surfaced a fault earlier,the peer declined,0,1,,,no error,no error,2721.7,941.1,2062.9,2091.4,0,0,,2680956145.14,598.543999671936,,,,LOCAL_QP_ERR,3.8000001907348633,,1464.206000328064,,,,,,1,1,0,,0,,,FIN,2680957609.346,0,0,1,0,,,0,0,1,1,0,,,,0,0,0,2,2,2,2,"6,6,6,6",4,,1,1,0,,,,0,0,0,2,2,2,2,"6,6,6,6",4,,,,,,,,,,,,,,,,,1,,,,,,,0,,,0,,,,2680956148.94,2680957609.346,1,,,0,,FIN,left,1549898800.117,0,,,0,,,,,1549898499.459,0,0,0,0,0,,,,,1,0,,,,,,0,,,0,0,,0,,,0,0,0,0,,,0,,,,1,declined,2680957609.314,1,0,0,,,,0,0,0,1,0,0,1,0,0,0,0,0,1,1,,,,,192,48,cudaSuccess,0.2,1,0,,,,,,0,,,1,0,,0,,,0,0,0,0,,,0,,,,1,declined,1549898499.411,1,0,0,,,,0,0,0,1,0,0,1,0,0,0,0,0,1,1,0,,,,288,48,cudaSuccess,0.2,,,,,,,,,,,,,598.543999671936,3.8000001907348633,1460.406000137329,,,,,1762.6370000839233,0,,,,,,1,1,1,fault records are queued and the recovery helper is not running,1,0,0,,0,8,0,"0,1,2,3,4,5,6,7",0.000,20.1,192,0.0,5460.6,5460.6,8,1,1,1,0,,1,0,0,,0,8,0,"0,1,2,3,4,5,6,7",0.000,20.1,288,0.0,5871.0,5871.0,8,0,0,,,0,,,,,,,,,1,1,1:declined,1,declined,1:local,local,0,,0,,0,,,0,,,0,,,,0,0,,the watchdog surfaced a fault earlier,,,,0,verified,,0,1,1,0:declined,1,declined,0:peer-reported,peer-reported,0,,0,,0,,,0,,,0,,,,0,0,,the peer declined,,,,0,verified,0,,0,,,29024,1,none,none,0,none,,,hr,0,,,0,0,,,,,,,,"load,malloc,stream",0,,,0,0,,,,,,,,"load,malloc,stream",,,,,,,,,,,,,,,,,,,,,,,,,,,,,,,,,,,,,,,,,,,,,,,,,,,,,,,,,,,,,,,,,,,,,,,,,,,,,,,,,,,,,,,,,,,,,,,,,,,,,,,,,,,,,,,,,,,,,,,,,,,,,,,,,,,,,,,,,,,,,,,,,,,,,,,,,,,,,,,,,,,,,,,,,,,,,,,,,,,,,,,,,,,,,,,,,,,,,,,,,,,,,,,,,,,,,,,,,,,,,,,,,,,,,,,,,,,,,,,
rh_hog_f1_b@hq,scored,2,hq,rh_hog_f1_b_n2,rh_hog_f1_b,hq,n2,,,,,,,,,,,,,,,,,,,,,,,,,,,,,2,hq,default,F1,blocking,1,,262144,120,774,primary,4,3,0,4,4,0,6.1,device_error,device_error,,,,49,remote process exited or there was a network error,49,,,49,remote process exited or there was a network error,0,71,71,120,1,1,0,1,0,,,,,,,,remote process exited or there was a network error,remote process exited or there was a network error,1060.8,2064.7,9353,20439,45.12,55.20,45.59,55.20,0,49,1,1,,1,0,0,1,0,LOCAL_QP_ERR,,0,0,0,0,0,0,the watchdog surfaced a fault earlier,the peer declined,0,1,,,no error,no error,2722.4,943.6,2063.1,2089.2,0,0,,2680982453.561,735.7479996681213,,,,LOCAL_QP_ERR,1.9780001640319824,,1327.2119998931885,,,,,,1,1,0,,0,,,FIN,2680983780.773,0,0,1,0,,,0,0,1,1,0,,,,0,0,0,2,2,2,2,"6,6,6,6",4,,1,1,0,,,,0,0,0,2,2,2,2,"6,6,6,6",4,,,,,,,,,,,,,,,,,1,,,,,,,0,,,0,,,,2680982455.539,2680983780.773,1,,,0,,FIN,left,1549924971.334,0,,,0,,,,,1549924670.833,0,0,0,0,0,,,,,1,0,,,,,,0,,,0,0,,0,,,0,0,0,0,,,0,,,,1,declined,2680983780.746,1,0,0,,,,0,0,0,1,0,0,1,0,0,0,0,0,1,1,,,,,192,48,cudaSuccess,0.2,1,0,,,,,,0,,,1,0,,0,,,0,0,0,0,,,0,,,,1,declined,1549924670.788,1,0,0,,,,0,0,0,1,0,0,1,0,0,0,0,0,1,1,0,,,,288,48,cudaSuccess,0.4,,,,,,,,,,,,,735.7479996681213,1.9780001640319824,1325.2339997291565,,,,,1627.2400002479553,0,,,,,,1,1,1,fault records are queued and the recovery helper is not running,1,0,0,,0,8,0,"0,1,2,3,4,5,6,7",0.000,20.1,192,0.0,5460.9,5460.9,8,1,1,1,0,,1,0,0,,0,8,0,"0,1,2,3,4,5,6,7",0.000,20.1,288,0.0,5869.2,5869.2,8,0,0,,,0,,,,,,,,,1,1,1:declined,1,declined,1:local,local,0,,0,,0,,,0,,,0,,,,0,0,,the watchdog surfaced a fault earlier,,,,0,verified,,0,1,1,0:declined,1,declined,0:peer-reported,peer-reported,0,,0,,0,,,0,,,0,,,,0,0,,the peer declined,,,,0,verified,0,,0,,,29633,1,none,none,0,none,,,hr,0,,,0,0,,,,,,,,"load,malloc,stream",0,,,0,0,,,,,,,,"load,malloc,stream",,,,,,,,,,,,,,,,,,,,,,,,,,,,,,,,,,,,,,,,,,,,,,,,,,,,,,,,,,,,,,,,,,,,,,,,,,,,,,,,,,,,,,,,,,,,,,,,,,,,,,,,,,,,,,,,,,,,,,,,,,,,,,,,,,,,,,,,,,,,,,,,,,,,,,,,,,,,,,,,,,,,,,,,,,,,,,,,,,,,,,,,,,,,,,,,,,,,,,,,,,,,,,,,,,,,,,,,,,,,,,,,,,,,,,,,,,,,,,,
rh_hog_f1_b@hq,scored,2,hq,rh_hog_f1_b_n3,rh_hog_f1_b,hq,n3,,,,,,,,,,,,,,,,,,,,,,,,,,,,,3,hq,default,F1,blocking,1,,262144,120,911,primary,4,3,0,4,4,0,6.1,device_error,device_error,,,,58,remote process exited or there was a network error,58,,,58,remote process exited or there was a network error,0,62,62,120,1,1,0,1,0,,,,,,,,remote process exited or there was a network error,remote process exited or there was a network error,1060.6,2064.5,9362,20468,45.12,50.05,45.53,54.82,0,58,1,1,,1,0,0,1,0,LOCAL_QP_ERR,,0,0,0,0,0,0,the watchdog surfaced a fault earlier,the peer declined,0,1,,,no error,no error,2721.1,943.3,2062.9,2085.8,0,0,,2681008781.058,872.603000164032,,,,LOCAL_QP_ERR,0.4590001106262207,,1190.1479997634888,,,,,,1,1,0,,0,,,FIN,2681009971.206,0,0,1,0,,,0,0,1,1,0,,,,0,0,0,2,2,2,2,"6,6,6,6",4,,1,1,0,,,,0,0,0,2,2,2,2,"6,6,6,6",4,,,,,,,,,,,,,,,,,1,,,,,,,0,,,0,,,,2681008781.517,2681009971.206,1,,,0,,FIN,left,1549951161.683,0,,,0,,,,,1549950861.3,0,0,0,0,0,,,,,1,0,,,,,,0,,,0,0,,0,,,0,0,0,0,,,0,,,,1,declined,2681009971.18,1,0,0,,,,0,0,0,1,0,0,1,0,0,0,0,0,1,1,,,,,192,48,cudaSuccess,0.2,1,0,,,,,,0,,,1,0,,0,,,0,0,0,0,,,0,,,,1,declined,1549950861.253,1,0,0,,,,0,0,0,1,0,0,1,0,0,0,0,0,1,1,0,,,,288,48,cudaSuccess,0.2,,,,,,,,,,,,,872.603000164032,0.4590001106262207,1189.6889996528625,,,,,1491.5959997177124,0,,,,,,1,1,1,fault records are queued and the recovery helper is not running,1,0,0,,0,8,0,"0,1,2,3,4,5,6,7",0.000,20.1,192,0.0,5460.6,5460.6,8,1,1,1,0,,1,0,0,,0,8,0,"0,1,2,3,4,5,6,7",0.000,20.1,288,0.0,5865.7,5865.7,8,0,0,,,0,,,,,,,,,1,1,1:declined,1,declined,1:local,local,0,,0,,0,,,0,,,0,,,,0,0,,the watchdog surfaced a fault earlier,,,,0,verified,,0,1,1,0:declined,1,declined,0:peer-reported,peer-reported,0,,0,,0,,,0,,,0,,,,0,0,,the peer declined,,,,0,verified,0,,0,,,29229,1,none,none,0,none,,,hr,0,,,0,0,,,,,,,,"load,malloc,stream",0,,,0,0,,,,,,,,"load,malloc,stream",,,,,,,,,,,,,,,,,,,,,,,,,,,,,,,,,,,,,,,,,,,,,,,,,,,,,,,,,,,,,,,,,,,,,,,,,,,,,,,,,,,,,,,,,,,,,,,,,,,,,,,,,,,,,,,,,,,,,,,,,,,,,,,,,,,,,,,,,,,,,,,,,,,,,,,,,,,,,,,,,,,,,,,,,,,,,,,,,,,,,,,,,,,,,,,,,,,,,,,,,,,,,,,,,,,,,,,,,,,,,,,,,,,,,,,,,,,,,,,
rh_hog_f1_b@hq,scored,2,hq,rh_hog_f1_b_n4,rh_hog_f1_b,hq,n4,,,,,,,,,,,,,,,,,,,,,,,,,,,,,4,hq,default,F1,blocking,1,,262144,120,1048,primary,4,3,0,4,4,0,6.1,device_error,device_error,,,,68,remote process exited or there was a network error,68,,,68,remote process exited or there was a network error,0,52,52,120,1,1,0,1,0,,,,,,,,remote process exited or there was a network error,remote process exited or there was a network error,1060.8,2064.7,9370,20455,44.86,48.00,45.14,54.85,0,68,1,1,,1,0,0,1,0,LOCAL_QP_ERR,,0,0,0,0,0,0,the watchdog surfaced a fault earlier,the peer declined,0,1,,,no error,no error,2721.7,948.2,2063.2,2081.9,0,0,,2681035032.177,1009.8889999389648,,,,LOCAL_QP_ERR,13.776000022888184,,1053.173999786377,,,,,,1,1,0,,0,,,FIN,2681036085.351,0,0,1,0,,,0,0,1,1,0,,,,0,0,0,2,2,2,2,"6,6,6,6",4,,1,1,0,,,,0,0,0,2,2,2,2,"6,6,6,6",4,,,,,,,,,,,,,,,,,1,,,,,,,0,,,0,,,,2681035045.953,2681036085.351,1,,,0,,FIN,left,1549977276.068,0,,,0,,,,,1549976975.49,0,0,0,0,0,,,,,1,0,,,,,,0,,,0,0,,0,,,0,0,0,0,,,0,,,,1,declined,2681036085.324,1,0,0,,,,0,0,0,1,0,0,1,0,0,0,0,0,1,1,,,,,192,48,cudaSuccess,0.2,1,0,,,,,,0,,,1,0,,0,,,0,0,0,0,,,0,,,,1,declined,1549976975.445,1,0,0,,,,0,0,0,1,0,0,1,0,0,0,0,0,1,1,0,,,,288,48,cudaSuccess,0.2,,,,,,,,,,,,,1009.8889999389648,13.776000022888184,1039.3979997634888,,,,,1341.541000366211,0,,,,,,1,1,1,fault records are queued and the recovery helper is not running,1,0,0,,0,8,0,"0,1,2,3,4,5,6,7",0.000,20.1,192,0.0,5461.0,5461.0,8,1,1,1,0,,1,0,0,,0,8,0,"0,1,2,3,4,5,6,7",0.000,20.1,288,0.0,5862.6,5862.6,8,0,0,,,0,,,,,,,,,1,1,1:declined,1,declined,1:local,local,0,,0,,0,,,0,,,0,,,,0,0,,the watchdog surfaced a fault earlier,,,,0,verified,,0,1,1,0:declined,1,declined,0:peer-reported,peer-reported,0,,0,,0,,,0,,,0,,,,0,0,,the peer declined,,,,0,verified,0,,0,,,29878,1,none,none,0,none,,,hr,0,,,0,0,,,,,,,,"load,malloc,stream",0,,,0,0,,,,,,,,"load,malloc,stream",,,,,,,,,,,,,,,,,,,,,,,,,,,,,,,,,,,,,,,,,,,,,,,,,,,,,,,,,,,,,,,,,,,,,,,,,,,,,,,,,,,,,,,,,,,,,,,,,,,,,,,,,,,,,,,,,,,,,,,,,,,,,,,,,,,,,,,,,,,,,,,,,,,,,,,,,,,,,,,,,,,,,,,,,,,,,,,,,,,,,,,,,,,,,,,,,,,,,,,,,,,,,,,,,,,,,,,,,,,,,,,,,,,,,,,,,,,,,,,
rh_hog_f1_b@hq,scored,2,hq,rh_hog_f1_b_n5,rh_hog_f1_b,hq,n5,,,,,,,,,,,,,,,,,,,,,,,,,,,,,5,hq,default,F1,blocking,1,,262144,120,1185,primary,4,3,0,4,4,0,6.1,device_error,device_error,,,,77,remote process exited or there was a network error,77,,,77,remote process exited or there was a network error,0,43,43,120,1,1,0,1,0,,,,,,,,remote process exited or there was a network error,remote process exited or there was a network error,1159.3,2064.7,9312,20434,45.02,48.03,45.13,53.25,0,77,1,1,,1,0,0,1,0,LOCAL_QP_ERR,,0,0,0,0,0,0,the watchdog surfaced a fault earlier,the peer declined,0,1,,,no error,no error,2721.0,948.8,2063.9,2079.0,0,0,,2681061413.892,1146.848000049591,,,,LOCAL_QP_ERR,12.128999710083008,,916.2369999885559,,,,,,1,1,0,,0,,,FIN,2681062330.129,0,0,1,0,,,0,0,1,1,0,,,,0,0,0,2,2,2,2,"6,6,6,6",4,,1,1,0,,,,0,0,0,2,2,2,2,"6,6,6,6",4,,,,,,,,,,,,,,,,,1,,,,,,,0,,,0,,,,2681061426.021,2681062330.129,1,,,0,,FIN,left,1550003521.561,0,,,0,,,,,1550003220.118,0,0,0,0,0,,,,,1,0,,,,,,0,,,0,0,,0,,,0,0,0,0,,,0,,,,1,declined,2681062330.101,1,0,0,,,,0,0,0,1,0,0,1,0,0,0,0,0,1,1,,,,,192,48,cudaSuccess,0.2,1,0,,,,,,0,,,1,0,,0,,,0,0,0,0,,,0,,,,1,declined,1550003220.075,1,0,0,,,,0,0,0,1,0,0,1,0,0,0,0,0,1,1,0,,,,288,48,cudaSuccess,0.2,,,,,,,,,,,,,1146.848000049591,12.128999710083008,904.1080002784729,,,,,1206.956000328064,0,,,,,,1,1,1,fault records are queued and the recovery helper is not running,1,0,0,,0,8,0,"0,1,2,3,4,5,6,7",0.000,20.1,192,0.0,5461.0,5461.0,8,1,1,1,0,,1,0,0,,0,8,0,"0,1,2,3,4,5,6,7",0.000,20.1,288,0.0,5859.8,5859.8,8,0,0,,,0,,,,,,,,,1,1,1:declined,1,declined,1:local,local,0,,0,,0,,,0,,,0,,,,0,0,,the watchdog surfaced a fault earlier,,,,0,verified,,0,1,1,0:declined,1,declined,0:peer-reported,peer-reported,0,,0,,0,,,0,,,0,,,,0,0,,the peer declined,,,,0,verified,0,,0,,,30126,1,none,none,0,none,,,hr,0,,,0,0,,,,,,,,"load,malloc,stream",0,,,0,0,,,,,,,,"load,malloc,stream",,,,,,,,,,,,,,,,,,,,,,,,,,,,,,,,,,,,,,,,,,,,,,,,,,,,,,,,,,,,,,,,,,,,,,,,,,,,,,,,,,,,,,,,,,,,,,,,,,,,,,,,,,,,,,,,,,,,,,,,,,,,,,,,,,,,,,,,,,,,,,,,,,,,,,,,,,,,,,,,,,,,,,,,,,,,,,,,,,,,,,,,,,,,,,,,,,,,,,,,,,,,,,,,,,,,,,,,,,,,,,,,,,,,,,,,,,,,,,,
rh_hogcall_load_f1_b@hq,scored,2,hq,rh_hogcall_load_f1_b_n1,rh_hogcall_load_f1_b,hq,n1,,,,,,,,,,,,,,,,,,,,,,,,,,,,,1,hq,default,F1,blocking,1,,262144,120,637,primary,4,3,0,4,4,0,6.1,device_error,device_error,,,,40,remote process exited or there was a network error,40,,,40,remote process exited or there was a network error,0,80,80,120,1,1,0,1,0,,,,,,,,remote process exited or there was a network error,remote process exited or there was a network error,1060.7,2064.4,9367,20510,45.09,55.30,45.56,55.30,0,40,1,1,,1,0,0,1,0,LOCAL_QP_ERR,,0,0,0,0,0,0,the watchdog surfaced a fault earlier,the peer declined,0,1,,,no error,no error,2721.7,940.6,2063.4,2091.4,0,0,,2681115165.933,598.5789999961853,,,,LOCAL_QP_ERR,3.6539998054504395,,1464.2480001449585,,,,,,1,1,0,,0,,,FIN,2681116630.181,0,0,1,0,,,0,0,1,1,0,,,,0,0,0,2,2,2,2,"6,6,6,6",4,,1,1,0,,,,0,0,0,2,2,2,2,"6,6,6,6",4,,,,,,,,,,,,,,,,,1,,,,,,,0,,,0,,,,2681115169.587,2681116630.181,1,,,0,,FIN,left,1550057821.258,0,,,0,,,,,1550057520.227,0,0,0,0,0,,,,,1,0,,,,,,0,,,0,0,,0,,,0,0,0,0,,,0,,,,1,declined,2681116630.157,1,0,0,,,,0,0,0,1,0,0,1,0,0,0,0,0,1,1,,,,,192,48,cudaSuccess,0.2,1,0,,,,,,0,,,1,0,,0,,,0,0,0,0,,,0,,,,1,declined,1550057520.183,1,0,0,,,,0,0,0,1,0,0,1,0,0,0,0,0,1,1,0,,,,288,48,cudaSuccess,0.3,,,,,,,,,,,,,598.5789999961853,3.6539998054504395,1460.594000339508,,,,,1763.0910000801086,0,,,,,,1,1,1,fault records are queued and the recovery helper is not running,1,0,0,,0,8,0,"0,1,2,3,4,5,6,7",0.000,20.1,192,0.0,5460.7,5460.7,8,1,1,1,0,,1,0,0,,0,8,0,"0,1,2,3,4,5,6,7",0.000,20.1,288,0.0,5871.7,5871.7,8,0,0,,,0,,,,,,,,,1,1,1:declined,1,declined,1:local,local,0,,0,,0,,,0,,,0,,,,0,0,,the watchdog surfaced a fault earlier,,,,0,verified,,0,1,1,0:declined,1,declined,0:peer-reported,peer-reported,0,,0,,0,,,0,,,0,,,,0,0,,the peer declined,,,,0,verified,0,,0,,,30134,1,none,none,0,none,,,hr,0,,,0,0,,,,,,,,load,0,,,0,0,,,,,,,,load,,,,,,,,,,,,,,,,,,,,,,,,,,,,,,,,,,,,,,,,,,,,,,,,,,,,,,,,,,,,,,,,,,,,,,,,,,,,,,,,,,,,,,,,,,,,,,,,,,,,,,,,,,,,,,,,,,,,,,,,,,,,,,,,,,,,,,,,,,,,,,,,,,,,,,,,,,,,,,,,,,,,,,,,,,,,,,,,,,,,,,,,,,,,,,,,,,,,,,,,,,,,,,,,,,,,,,,,,,,,,,,,,,,,,,,,,,,,,,,
rh_hogcall_load_f1_b@hq,scored,2,hq,rh_hogcall_load_f1_b_n2,rh_hogcall_load_f1_b,hq,n2,,,,,,,,,,,,,,,,,,,,,,,,,,,,,2,hq,default,F1,blocking,1,,262144,120,774,primary,4,3,0,4,4,0,6.1,device_error,device_error,,,,49,remote process exited or there was a network error,49,,,49,remote process exited or there was a network error,0,71,71,120,1,1,0,1,0,,,,,,,,remote process exited or there was a network error,remote process exited or there was a network error,1061.6,2065.5,9364,20468,45.06,54.78,45.57,54.78,0,49,1,1,,1,0,0,1,0,LOCAL_QP_ERR,,0,0,0,0,0,0,the watchdog surfaced a fault earlier,the peer declined,0,1,,,no error,no error,2722.1,938.0,2064.3,2088.9,0,0,,2681163261.912,735.6680002212524,,,,LOCAL_QP_ERR,2.059000015258789,,1328.236999988556,,,,,,1,1,0,,0,,,FIN,2681164590.149,0,0,1,0,,,0,0,1,1,0,,,,0,0,0,2,2,2,2,"6,6,6,6",4,,1,1,0,,,,0,0,0,2,2,2,2,"6,6,6,6",4,,,,,,,,,,,,,,,,,1,,,,,,,0,,,0,,,,2681163263.971,2681164590.149,1,,,0,,FIN,left,1550105780.978,0,,,0,,,,,1550105480.185,0,0,0,0,0,,,,,1,0,,,,,,0,,,0,0,,0,,,0,0,0,0,,,0,,,,1,declined,2681164590.113,1,0,0,,,,0,0,0,1,0,0,1,0,0,0,0,0,1,1,,,,,192,48,cudaSuccess,0.2,1,0,,,,,,0,,,1,0,,0,,,0,0,0,0,,,0,,,,1,declined,1550105480.141,1,0,0,,,,0,0,0,1,0,0,1,0,0,0,0,0,1,1,0,,,,288,48,cudaSuccess,0.2,,,,,,,,,,,,,735.6680002212524,2.059000015258789,1326.1779999732971,,,,,1628.4429998397827,0,,,,,,1,1,1,fault records are queued and the recovery helper is not running,1,0,0,,0,8,0,"0,1,2,3,4,5,6,7",0.000,20.1,192,0.0,5461.8,5461.8,8,1,1,1,0,,1,0,0,,0,8,0,"0,1,2,3,4,5,6,7",0.000,20.1,288,0.0,5870.2,5870.2,8,0,0,,,0,,,,,,,,,1,1,1:declined,1,declined,1:local,local,0,,0,,0,,,0,,,0,,,,0,0,,the watchdog surfaced a fault earlier,,,,0,verified,,0,1,1,0:declined,1,declined,0:peer-reported,peer-reported,0,,0,,0,,,0,,,0,,,,0,0,,the peer declined,,,,0,verified,0,,0,,,29712,1,none,none,0,none,,,hr,0,,,0,0,,,,,,,,load,0,,,0,0,,,,,,,,load,,,,,,,,,,,,,,,,,,,,,,,,,,,,,,,,,,,,,,,,,,,,,,,,,,,,,,,,,,,,,,,,,,,,,,,,,,,,,,,,,,,,,,,,,,,,,,,,,,,,,,,,,,,,,,,,,,,,,,,,,,,,,,,,,,,,,,,,,,,,,,,,,,,,,,,,,,,,,,,,,,,,,,,,,,,,,,,,,,,,,,,,,,,,,,,,,,,,,,,,,,,,,,,,,,,,,,,,,,,,,,,,,,,,,,,,,,,,,,,
rh_hogcall_load_f1_b@hq,scored,2,hq,rh_hogcall_load_f1_b_n3,rh_hogcall_load_f1_b,hq,n3,,,,,,,,,,,,,,,,,,,,,,,,,,,,,3,hq,default,F1,blocking,1,,262144,120,911,primary,4,3,0,4,4,0,6.1,device_error,device_error,,,,59,remote process exited or there was a network error,59,,,59,remote process exited or there was a network error,0,61,61,120,1,1,0,1,0,,,,,,,,remote process exited or there was a network error,remote process exited or there was a network error,1060.8,2064.7,9305,20480,43.97,47.97,44.88,53.95,0,59,1,1,,1,0,0,1,0,LOCAL_QP_ERR,,0,0,0,0,0,0,the watchdog surfaced a fault earlier,the peer declined,0,1,,,no error,no error,2722.3,938.3,2063.1,2085.1,0,0,,2681211358.119,872.798999786377,,,,LOCAL_QP_ERR,15.38700008392334,,1190.2170000076294,,,,,,1,1,0,,0,,,FIN,2681212548.336,0,0,1,0,,,0,0,1,1,0,,,,0,0,0,2,2,2,2,"6,6,6,6",4,,1,1,0,,,,0,0,0,2,2,2,2,"6,6,6,6",4,,,,,,,,,,,,,,,,,1,,,,,,,0,,,0,,,,2681211373.506,2681212548.336,1,,,0,,FIN,left,1550153739.054,0,,,0,,,,,1550153438.4,0,0,0,0,0,,,,,1,0,,,,,,0,,,0,0,,0,,,0,0,0,0,,,0,,,,1,declined,2681212548.309,1,0,0,,,,0,0,0,1,0,0,1,0,0,0,0,0,1,1,,,,,192,48,cudaSuccess,0.2,1,0,,,,,,0,,,1,0,,0,,,0,0,0,0,,,0,,,,1,declined,1550153438.355,1,0,0,,,,0,0,0,1,0,0,1,0,0,0,0,0,1,1,0,,,,288,48,cudaSuccess,0.4,,,,,,,,,,,,,872.798999786377,15.38700008392334,1174.829999923706,,,,,1477.0079998970032,0,,,,,,1,1,1,fault records are queued and the recovery helper is not running,1,0,0,,0,8,0,"0,1,2,3,4,5,6,7",0.000,20.1,192,0.0,5460.9,5460.9,8,1,1,1,0,,1,0,0,,0,8,0,"0,1,2,3,4,5,6,7",0.000,20.1,288,0.0,5866.6,5866.6,8,0,0,,,0,,,,,,,,,1,1,1:declined,1,declined,1:local,local,0,,0,,0,,,0,,,0,,,,0,0,,the watchdog surfaced a fault earlier,,,,0,verified,,0,1,1,0:declined,1,declined,0:peer-reported,peer-reported,0,,0,,0,,,0,,,0,,,,0,0,,the peer declined,,,,0,verified,0,,0,,,29744,1,none,none,0,none,,,hr,0,,,0,0,,,,,,,,load,0,,,0,0,,,,,,,,load,,,,,,,,,,,,,,,,,,,,,,,,,,,,,,,,,,,,,,,,,,,,,,,,,,,,,,,,,,,,,,,,,,,,,,,,,,,,,,,,,,,,,,,,,,,,,,,,,,,,,,,,,,,,,,,,,,,,,,,,,,,,,,,,,,,,,,,,,,,,,,,,,,,,,,,,,,,,,,,,,,,,,,,,,,,,,,,,,,,,,,,,,,,,,,,,,,,,,,,,,,,,,,,,,,,,,,,,,,,,,,,,,,,,,,,,,,,,,,,
rh_hogcall_load_f1_b@hq,scored,2,hq,rh_hogcall_load_f1_b_n4,rh_hogcall_load_f1_b,hq,n4,,,,,,,,,,,,,,,,,,,,,,,,,,,,,4,hq,default,F1,blocking,1,,262144,120,1048,primary,4,3,0,4,4,0,6.1,device_error,device_error,,,,68,remote process exited or there was a network error,68,,,68,remote process exited or there was a network error,0,52,52,120,1,1,0,1,0,,,,,,,,remote process exited or there was a network error,remote process exited or there was a network error,1060.7,2065.0,9361,20394,44.90,47.17,44.92,54.59,0,68,1,1,,1,0,0,1,0,LOCAL_QP_ERR,,0,0,0,0,0,0,the watchdog surfaced a fault earlier,the peer declined,0,1,,,no error,no error,2720.2,944.2,2063.4,2082.1,0,0,,2681259516.795,1009.6940002441406,,,,LOCAL_QP_ERR,13.946000099182129,,1053.191999912262,,,,,,1,1,0,,0,,,FIN,2681260569.987,0,0,1,0,,,0,0,1,1,0,,,,0,0,0,2,2,2,2,"6,6,6,6",4,,1,1,0,,,,0,0,0,2,2,2,2,"6,6,6,6",4,,,,,,,,,,,,,,,,,1,,,,,,,0,,,0,,,,2681259530.741,2681260569.987,1,,,0,,FIN,left,1550201761.045,0,,,0,,,,,1550201460.347,0,0,0,0,0,,,,,1,0,,,,,,0,,,0,0,,0,,,0,0,0,0,,,0,,,,1,declined,2681260569.953,1,0,0,,,,0,0,0,1,0,0,1,0,0,0,0,0,1,1,,,,,192,48,cudaSuccess,0.2,1,0,,,,,,0,,,1,0,,0,,,0,0,0,0,,,0,,,,1,declined,1550201460.3,1,0,0,,,,0,0,0,1,0,0,1,0,0,0,0,0,1,1,0,,,,288,48,cudaSuccess,0.2,,,,,,,,,,,,,1009.6940002441406,13.946000099182129,1039.2459998130798,,,,,1341.8009996414185,0,,,,,,1,1,1,fault records are queued and the recovery helper is not running,1,0,0,,0,8,0,"0,1,2,3,4,5,6,7",0.000,20.1,192,0.0,5460.7,5460.7,8,1,1,1,0,,1,0,0,,0,8,0,"0,1,2,3,4,5,6,7",0.000,20.1,288,0.0,5864.8,5864.8,8,0,0,,,0,,,,,,,,,1,1,1:declined,1,declined,1:local,local,0,,0,,0,,,0,,,0,,,,0,0,,the watchdog surfaced a fault earlier,,,,0,verified,,0,1,1,0:declined,1,declined,0:peer-reported,peer-reported,0,,0,,0,,,0,,,0,,,,0,0,,the peer declined,,,,0,verified,0,,0,,,30963,1,none,none,0,none,,,hr,0,,,0,0,,,,,,,,load,0,,,0,0,,,,,,,,load,,,,,,,,,,,,,,,,,,,,,,,,,,,,,,,,,,,,,,,,,,,,,,,,,,,,,,,,,,,,,,,,,,,,,,,,,,,,,,,,,,,,,,,,,,,,,,,,,,,,,,,,,,,,,,,,,,,,,,,,,,,,,,,,,,,,,,,,,,,,,,,,,,,,,,,,,,,,,,,,,,,,,,,,,,,,,,,,,,,,,,,,,,,,,,,,,,,,,,,,,,,,,,,,,,,,,,,,,,,,,,,,,,,,,,,,,,,,,,,
rh_hogcall_load_f1_b@hq,scored,2,hq,rh_hogcall_load_f1_b_n5,rh_hogcall_load_f1_b,hq,n5,,,,,,,,,,,,,,,,,,,,,,,,,,,,,5,hq,default,F1,blocking,1,,262144,120,1185,primary,4,3,0,4,4,0,6.1,device_error,device_error,,,,77,remote process exited or there was a network error,77,,,77,remote process exited or there was a network error,0,43,43,120,1,1,0,1,0,,,,,,,,remote process exited or there was a network error,remote process exited or there was a network error,1159.3,2064.6,9366,20461,44.99,47.20,44.87,53.82,0,77,1,1,,1,0,0,1,0,LOCAL_QP_ERR,,0,0,0,0,0,0,the watchdog surfaced a fault earlier,the peer declined,0,1,,,no error,no error,2721.4,949.3,2063.0,2079.9,0,0,,2681283978.47,1146.7349996566772,,,,LOCAL_QP_ERR,12.269999980926514,,916.2130002975464,,,,,,1,1,0,,0,,,FIN,2681284894.683,0,0,1,0,,,0,0,1,1,0,,,,0,0,0,2,2,2,2,"6,6,6,6",4,,1,1,0,,,,0,0,0,2,2,2,2,"6,6,6,6",4,,,,,,,,,,,,,,,,,1,,,,,,,0,,,0,,,,2681283990.74,2681284894.683,1,,,0,,FIN,left,1550226085.111,0,,,0,,,,,1550225784.753,0,0,0,0,0,,,,,1,0,,,,,,0,,,0,0,,0,,,0,0,0,0,,,0,,,,1,declined,2681284894.656,1,0,0,,,,0,0,0,1,0,0,1,0,0,0,0,0,1,1,,,,,192,48,cudaSuccess,0.2,1,0,,,,,,0,,,1,0,,0,,,0,0,0,0,,,0,,,,1,declined,1550225784.71,1,0,0,,,,0,0,0,1,0,0,1,0,0,0,0,0,1,1,0,,,,288,48,cudaSuccess,0.2,,,,,,,,,,,,,1146.7349996566772,12.269999980926514,903.9430003166199,,,,,1205.8880004882812,0,,,,,,1,1,1,fault records are queued and the recovery helper is not running,1,0,0,,0,8,0,"0,1,2,3,4,5,6,7",0.000,20.0,192,0.0,5460.7,5460.7,8,1,1,1,0,,1,0,0,,0,8,0,"0,1,2,3,4,5,6,7",0.000,20.1,288,0.0,5862.3,5862.3,8,0,0,,,0,,,,,,,,,1,1,1:declined,1,declined,1:local,local,0,,0,,0,,,0,,,0,,,,0,0,,the watchdog surfaced a fault earlier,,,,0,verified,,0,1,1,0:declined,1,declined,0:peer-reported,peer-reported,0,,0,,0,,,0,,,0,,,,0,0,,the peer declined,,,,0,verified,0,,0,,,29465,1,none,none,0,none,,,hr,0,,,0,0,,,,,,,,load,0,,,0,0,,,,,,,,load,,,,,,,,,,,,,,,,,,,,,,,,,,,,,,,,,,,,,,,,,,,,,,,,,,,,,,,,,,,,,,,,,,,,,,,,,,,,,,,,,,,,,,,,,,,,,,,,,,,,,,,,,,,,,,,,,,,,,,,,,,,,,,,,,,,,,,,,,,,,,,,,,,,,,,,,,,,,,,,,,,,,,,,,,,,,,,,,,,,,,,,,,,,,,,,,,,,,,,,,,,,,,,,,,,,,,,,,,,,,,,,,,,,,,,,,,,,,,,,
rh_hogcall_malloc_f1_b@hq,scored,2,hq,rh_hogcall_malloc_f1_b_n1,rh_hogcall_malloc_f1_b,hq,n1,,,,,,,,,,,,,,,,,,,,,,,,,,,,,1,hq,default,F1,blocking,1,,262144,120,637,primary,4,3,0,0,0,0,5.8,ok,ok,,,,120,no error,-1,,,120,no error,0,0,0,120,1,0,0,0,1,,,,,,,,none,none,-1.0,-1.0,8468,13240,45.22,55.62,139.74,11359.10,40,120,1,1,,1,0,0,1,0,LOCAL_QP_ERR,,1,0,0,1,0,0,,,0,0,,,no error,no error,2716.1,1518.5,1817.5,1802.4,0,1,,2681132787.173,598.4759998321533,,,,LOCAL_QP_ERR,3.7850003242492676,,,14.894999980926514,,"[82/80/2,0/0/0,0/0/0,0/0/0]",,,1,1,0,,0,,,FIN,,0,0,0,0,0xf,qp_state,0,0,1,1,1,qp_state,0xf,4,1,0,0,2,2,2,2,"3,3,3,3",0,,1,1,0,,0xf,4,1,0,0,2,2,2,2,"3,3,3,3",0,,,,,,3444,10701,,,,,,,,,,1,,,,,,,0,,,0,,,,2681132790.958,,1,,,0,,FIN,left,1550075196.817,0,,,0,,,,,,0,0,0,0,0,,,,,1,0,,,,,,0,,,0,0,,0,,,0,0,0,0,0.0,10701,0,,,,1,abort,2681134306.599,0,0,0,,,,1,0,0,1,1,1,0,0,0,0,0,0,0,1,,,,,192,48,cudaSuccess,0.2,1,0,,,,,,0,,,1,0,,0,,,0,0,0,0,,,0,,,,1,abort,1550076377.925,0,0,0,,,,0,0,0,1,1,1,0,0,0,0,0,0,0,1,0,,,,288,48,cudaSuccess,0.4,,,,,,,,,,,,,598.4759998321533,3.7850003242492676,,,,,,1517.2859997749329,0,,,,,,1,1,0,,0,0,0,0,191,8,8,none,0.047,20.1,192,1816.8,3398.1,5214.9,8,1,1,1,0,,0,0,0,0,287,8,8,none,0.070,20.1,288,1801.8,3781.7,5583.6,8,1,0,,,0,,,,,,,,,1,0,,0,,,,0,,0,,1,initiator,2681132798.437,0,,,0,,,,0,0,,,,,,0,verified,,0,1,0,,0,,,,0,,0,,1,responder,1550073683.03,0,,,0,,,,0,0,,,,,,0,verified,0,,2,,,29115,1,none,none,0,none,,,hr,0,,,0,0,,,,,,,,malloc,0,,,0,0,,,,,,,,malloc,,,,,,,,,,,,,,,,,,,,,,,,,,,,,,,,,,,,,,,,,,,,,,,,,,,,,,,,,,,,,,,,,,,,,,,,,,,,,,,,,,,,,,,,,,,,,,,,,,,,,,,,,,,,,,,,,,,,,,,,,,,,,,,,,,,,,,,,,,,,,,,,,,,,,,,,,,,,,,,,,,,,,,,,,,,,,,,,,,,,,,,,,,,,,,,,,,,,,,,,,,,,,,,,,,,,,,,,,,,,,,,,,,,,,,,,,,,,,,,
rh_hogcall_malloc_f1_b@hq,scored,2,hq,rh_hogcall_malloc_f1_b_n2,rh_hogcall_malloc_f1_b,hq,n2,,,,,,,,,,,,,,,,,,,,,,,,,,,,,2,hq,default,F1,blocking,1,,262144,120,774,primary,4,3,0,0,0,0,5.8,ok,ok,,,,120,no error,-1,,,120,no error,0,0,0,120,1,0,0,0,1,,,,,,,,none,none,-1.0,-1.0,8469,13234,45.31,53.25,136.48,10939.33,49,120,1,1,,1,0,0,1,0,LOCAL_QP_ERR,,1,0,0,1,0,0,,,0,0,,,no error,no error,2716.5,1519.2,1817.1,1801.8,0,1,,2681180807.262,730.5599999427795,,,,LOCAL_QP_ERR,7.191999912261963,,,17.808000087738037,,"[100/98/2,0/0/0,0/0/0,0/0/0]",,,1,1,0,,0,,,FIN,,0,0,0,0,0xf,qp_state,0,0,1,1,1,qp_state,0xf,4,1,0,0,2,2,2,2,"3,3,3,3",0,,1,1,0,,0xf,4,1,0,0,2,2,2,2,"3,3,3,3",0,,,,,,3258,10610,,,,,,,,,,1,,,,,,,0,,,0,,,,2681180814.454,,1,,,0,,FIN,left,1550123084.278,0,,,0,,,,,,0,0,0,0,0,,,,,1,0,,,,,,0,,,0,0,,0,,,0,0,0,0,0.0,10610,0,,,,1,abort,2681182194.114,0,0,0,,,,1,0,0,1,1,1,0,0,0,0,0,0,0,1,,,,,192,48,cudaSuccess,0.2,1,0,,,,,,0,,,1,0,,0,,,0,0,0,0,,,0,,,,1,abort,1550124265.955,0,0,0,,,,0,0,0,1,1,1,0,0,0,0,0,0,0,1,0,,,,288,48,cudaSuccess,0.3,,,,,,,,,,,,,730.5599999427795,7.191999912261963,,,,,,1381.2560000419617,0,,,,,,1,1,0,,0,0,0,0,191,8,8,none,0.034,20.1,192,1816.4,3398.1,5214.5,8,1,1,1,0,,0,0,0,0,287,8,8,none,0.090,20.1,288,1801.5,3782.2,5583.6,8,1,0,,,0,,,,,,,,,1,0,,0,,,,0,,0,,1,initiator,2681180821.626,0,,,0,,,,0,0,,,,,,0,verified,,0,1,0,,0,,,,0,,0,,1,responder,1550121706.171,0,,,0,,,,0,0,,,,,,0,verified,0,,2,,,30606,1,none,none,0,none,,,hr,0,,,0,0,,,,,,,,malloc,0,,,0,0,,,,,,,,malloc,,,,,,,,,,,,,,,,,,,,,,,,,,,,,,,,,,,,,,,,,,,,,,,,,,,,,,,,,,,,,,,,,,,,,,,,,,,,,,,,,,,,,,,,,,,,,,,,,,,,,,,,,,,,,,,,,,,,,,,,,,,,,,,,,,,,,,,,,,,,,,,,,,,,,,,,,,,,,,,,,,,,,,,,,,,,,,,,,,,,,,,,,,,,,,,,,,,,,,,,,,,,,,,,,,,,,,,,,,,,,,,,,,,,,,,,,,,,,,,
rh_hogcall_malloc_f1_b@hq,scored,2,hq,rh_hogcall_malloc_f1_b_n3,rh_hogcall_malloc_f1_b,hq,n3,,,,,,,,,,,,,,,,,,,,,,,,,,,,,3,hq,default,F1,blocking,1,,262144,120,911,primary,4,3,0,0,0,0,5.8,ok,ok,,,,120,no error,-1,,,120,no error,0,0,0,120,1,0,0,0,1,,,,,,,,none,none,-1.0,-1.0,8470,13238,45.15,55.20,140.70,11498.37,58,120,1,1,,1,0,0,1,0,LOCAL_QP_ERR,,1,0,0,1,0,0,,,0,0,,,no error,no error,2716.2,1518.2,1817.6,1802.7,0,1,,2681228993.943,872.521999835968,,,,LOCAL_QP_ERR,0.5110001564025879,,,11.817000389099121,,"[118/116/2,0/0/0,0/0/0,0/0/0]",,,1,1,0,,0,,,FIN,,0,0,0,0,0xf,qp_state,0,0,1,1,1,qp_state,0xf,4,1,0,0,2,2,2,2,"3,3,3,3",0,,1,1,0,,0xf,4,1,0,0,2,2,2,2,"3,3,3,3",0,,,,,,3377,10997,,,,,,,,,,1,,,,,,,0,,,0,,,,2681228994.454,,1,,,0,,FIN,left,1550171129.467,0,,,0,,,,,,0,0,0,0,0,,,,,1,0,,,,,,0,,,0,0,,0,,,0,0,0,0,0.0,10997,0,,,,1,abort,2681230239.337,0,0,0,,,,1,0,0,1,1,1,0,0,0,0,0,0,0,1,,,,,192,48,cudaSuccess,0.2,1,0,,,,,,0,,,1,0,,0,,,0,0,0,0,,,0,,,,1,abort,1550172310.691,0,0,0,,,,0,0,0,1,1,1,0,0,0,0,0,0,0,1,0,,,,288,48,cudaSuccess,0.3,,,,,,,,,,,,,872.521999835968,0.5110001564025879,,,,,,1246.4889998435974,0,,,,,,1,1,0,,0,0,0,0,191,8,8,none,0.037,20.1,192,1816.9,3398.1,5215.0,8,1,1,1,0,,0,0,0,0,287,8,8,none,0.068,20.1,288,1801.9,3782.6,5584.5,8,1,0,,,0,,,,,,,,,1,0,,0,,,,0,,0,,1,initiator,2681229002.189,0,,,0,,,,0,0,,,,,,0,verified,,0,1,0,,0,,,,0,,0,,1,responder,1550169886.636,0,,,0,,,,0,0,,,,,,0,verified,0,,2,,,30624,1,none,none,0,none,,,hr,0,,,0,0,,,,,,,,malloc,0,,,0,0,,,,,,,,malloc,,,,,,,,,,,,,,,,,,,,,,,,,,,,,,,,,,,,,,,,,,,,,,,,,,,,,,,,,,,,,,,,,,,,,,,,,,,,,,,,,,,,,,,,,,,,,,,,,,,,,,,,,,,,,,,,,,,,,,,,,,,,,,,,,,,,,,,,,,,,,,,,,,,,,,,,,,,,,,,,,,,,,,,,,,,,,,,,,,,,,,,,,,,,,,,,,,,,,,,,,,,,,,,,,,,,,,,,,,,,,,,,,,,,,,,,,,,,,,,
rh_hogcall_malloc_f1_b@hq,scored,2,hq,rh_hogcall_malloc_f1_b_n4,rh_hogcall_malloc_f1_b,hq,n4,,,,,,,,,,,,,,,,,,,,,,,,,,,,,4,hq,default,F1,blocking,1,,262144,120,1048,primary,4,3,0,0,0,0,5.9,ok,ok,,,,120,no error,-1,,,120,no error,0,0,0,120,1,0,0,0,1,,,,,,,,none,none,-1.0,-1.0,8466,13254,45.18,54.34,139.30,11333.86,68,120,1,1,,1,0,0,1,0,LOCAL_QP_ERR,,1,0,0,1,0,0,,,0,0,,,no error,no error,2716.6,1518.4,1817.5,1802.6,0,1,,2681268635.5,1009.941999912262,,,,LOCAL_QP_ERR,13.729000091552734,,,24.710999965667725,,"[138/136/2,0/0/0,0/0/0,0/0/0]",,,1,1,0,,0,,,FIN,,0,0,0,0,0xf,qp_state,0,0,1,1,1,qp_state,0xf,4,1,0,0,2,2,2,2,"3,3,3,3",0,,1,1,0,,0xf,4,1,0,0,2,2,2,2,"3,3,3,3",0,,,,,,3427,10740,,,,,,,,,,1,,,,,,,0,,,0,,,,2681268649.229,,1,,,0,,FIN,left,1550210633.43,0,,,0,,,,,,0,0,0,0,0,,,,,1,0,,,,,,0,,,0,0,,0,,,0,0,0,0,0.0,10740,0,,,,1,abort,2681269743.361,0,0,0,,,,1,0,0,1,1,1,0,0,0,0,0,0,0,1,,,,,192,48,cudaSuccess,0.2,1,0,,,,,,0,,,1,0,,0,,,0,0,0,0,,,0,,,,1,abort,1550211814.685,0,0,0,,,,0,0,0,1,1,1,0,0,0,0,0,0,0,1,0,,,,288,48,cudaSuccess,0.3,,,,,,,,,,,,,1009.941999912262,13.729000091552734,,,,,,1095.708999633789,0,,,,,,1,1,0,,0,0,0,0,191,8,8,none,0.038,20.1,192,1816.8,3398.0,5214.8,8,1,1,1,0,,0,0,0,0,287,8,8,none,0.059,20.1,288,1801.8,3783.0,5584.8,8,1,0,,,0,,,,,,,,,1,0,,0,,,,0,,0,,1,initiator,2681268656.594,0,,,0,,,,0,0,,,,,,0,verified,,0,1,0,,0,,,,0,,0,,1,responder,1550209541.077,0,,,0,,,,0,0,,,,,,0,verified,0,,2,,,30093,1,none,none,0,none,,,hr,0,,,0,0,,,,,,,,malloc,0,,,0,0,,,,,,,,malloc,,,,,,,,,,,,,,,,,,,,,,,,,,,,,,,,,,,,,,,,,,,,,,,,,,,,,,,,,,,,,,,,,,,,,,,,,,,,,,,,,,,,,,,,,,,,,,,,,,,,,,,,,,,,,,,,,,,,,,,,,,,,,,,,,,,,,,,,,,,,,,,,,,,,,,,,,,,,,,,,,,,,,,,,,,,,,,,,,,,,,,,,,,,,,,,,,,,,,,,,,,,,,,,,,,,,,,,,,,,,,,,,,,,,,,,,,,,,,,,
rh_hogcall_malloc_f1_b@hq,scored,2,hq,rh_hogcall_malloc_f1_b_n5,rh_hogcall_malloc_f1_b,hq,n5,,,,,,,,,,,,,,,,,,,,,,,,,,,,,5,hq,default,F1,blocking,1,,262144,120,1185,primary,4,3,0,0,0,0,5.8,ok,ok,,,,120,no error,-1,,,120,no error,0,0,0,120,1,0,0,0,1,,,,,,,,none,none,-1.0,-1.0,8469,13232,45.18,53.25,139.30,11327.81,77,120,1,1,,1,0,0,1,0,LOCAL_QP_ERR,,1,0,0,1,0,0,,,0,0,,,no error,no error,2716.0,1518.5,1817.3,1802.6,0,1,,2681293026.602,1146.6580004692078,,,,LOCAL_QP_ERR,12.354999542236328,,,23.389999866485596,,"[156/154/2,0/0/0,0/0/0,0/0/0]",,,1,1,0,,0,,,FIN,,0,0,0,0,0xf,qp_state,0,0,1,1,1,qp_state,0xf,4,1,0,0,2,2,2,2,"3,3,3,3",0,,1,1,0,,0xf,4,1,0,0,2,2,2,2,"3,3,3,3",0,,,,,,3333,10419,,,,,,,,,,1,,,,,,,0,,,0,,,,2681293038.957,,1,,,0,,FIN,left,1550234887.688,0,,,0,,,,,,0,0,0,0,0,,,,,1,0,,,,,,0,,,0,0,,0,,,0,0,0,0,0.0,10419,0,,,,1,abort,2681293997.586,0,0,0,,,,1,0,0,1,1,1,0,0,0,0,0,0,0,1,,,,,192,48,cudaSuccess,0.2,1,0,,,,,,0,,,1,0,,0,,,0,0,0,0,,,0,,,,1,abort,1550236069.16,0,0,0,,,,0,0,0,1,1,1,0,0,0,0,0,0,0,1,0,,,,288,48,cudaSuccess,0.4,,,,,,,,,,,,,1146.6580004692078,12.354999542236328,,,,,,960.2610001564026,0,,,,,,1,1,0,,0,0,0,0,191,8,8,none,0.037,20.1,192,1816.7,3398.0,5214.8,8,1,1,1,0,,0,0,0,0,287,8,8,none,0.071,20.1,288,1801.8,3783.2,5585.0,8,1,0,,,0,,,,,,,,,1,0,,0,,,,0,,0,,1,initiator,2681293046.468,0,,,0,,,,0,0,,,,,,0,verified,,0,1,0,,0,,,,0,,0,,1,responder,1550233931.069,0,,,0,,,,0,0,,,,,,0,verified,0,,2,,,30049,1,none,none,0,none,,,hr,0,,,0,0,,,,,,,,malloc,0,,,0,0,,,,,,,,malloc,,,,,,,,,,,,,,,,,,,,,,,,,,,,,,,,,,,,,,,,,,,,,,,,,,,,,,,,,,,,,,,,,,,,,,,,,,,,,,,,,,,,,,,,,,,,,,,,,,,,,,,,,,,,,,,,,,,,,,,,,,,,,,,,,,,,,,,,,,,,,,,,,,,,,,,,,,,,,,,,,,,,,,,,,,,,,,,,,,,,,,,,,,,,,,,,,,,,,,,,,,,,,,,,,,,,,,,,,,,,,,,,,,,,,,,,,,,,,,,
rh_hogcall_stream_f1_b@hq,scored,2,hq,rh_hogcall_stream_f1_b_n1,rh_hogcall_stream_f1_b,hq,n1,,,,,,,,,,,,,,,,,,,,,,,,,,,,,1,hq,default,F1,blocking,1,,262144,120,637,primary,4,3,0,0,0,0,5.9,ok,ok,,,,120,no error,-1,,,120,no error,0,0,0,120,1,0,0,0,1,,,,,,,,none,none,-1.0,-1.0,8469,13242,45.28,55.17,140.32,11432.19,40,120,1,1,,1,0,0,1,0,LOCAL_QP_ERR,,1,0,0,1,0,0,,,0,0,,,no error,no error,2716.9,1518.7,1817.4,1802.6,0,1,,2681147954.473,598.7379999160767,,,,LOCAL_QP_ERR,3.4759998321533203,,,14.693999767303467,,"[82/80/2,0/0/0,0/0/0,0/0/0]",,,1,1,0,,0,,,FIN,,0,0,0,0,0xf,qp_state,0,0,1,1,1,qp_state,0xf,4,1,0,0,2,2,2,2,"3,3,3,3",0,,1,1,0,,0xf,4,1,0,0,2,2,2,2,"3,3,3,3",0,,,,,,3306,10649,,,,,,,,,,1,,,,,,,0,,,0,,,,2681147957.949,,1,,,0,,FIN,left,1550090363.521,0,,,0,,,,,,0,0,0,0,0,,,,,1,0,,,,,,0,,,0,0,,0,,,0,0,0,0,0.0,10649,0,,,,1,abort,2681149473.34,0,0,0,,,,1,0,0,1,1,1,0,0,0,0,0,0,0,1,,,,,192,48,cudaSuccess,0.2,1,0,,,,,,0,,,1,0,,0,,,0,0,0,0,,,0,,,,1,abort,1550091544.929,0,0,0,,,,0,0,0,1,1,1,0,0,0,0,0,0,0,1,0,,,,288,48,cudaSuccess,0.3,,,,,,,,,,,,,598.7379999160767,3.4759998321533203,,,,,,1517.0020003318787,0,,,,,,1,1,0,,0,0,0,0,191,8,8,none,0.037,20.1,192,1816.9,3398.1,5215.0,8,1,1,1,0,,0,0,0,0,287,8,8,none,0.055,20.1,288,1801.9,3781.9,5583.7,8,1,0,,,0,,,,,,,,,1,0,,0,,,,0,,0,,1,initiator,2681147965.671,0,,,0,,,,0,0,,,,,,0,verified,,0,1,0,,0,,,,0,,0,,1,responder,1550088850.232,0,,,0,,,,0,0,,,,,,0,verified,0,,2,,,29775,1,none,none,0,none,,,hr,0,,,0,0,,,,,,,,stream,0,,,0,0,,,,,,,,stream,,,,,,,,,,,,,,,,,,,,,,,,,,,,,,,,,,,,,,,,,,,,,,,,,,,,,,,,,,,,,,,,,,,,,,,,,,,,,,,,,,,,,,,,,,,,,,,,,,,,,,,,,,,,,,,,,,,,,,,,,,,,,,,,,,,,,,,,,,,,,,,,,,,,,,,,,,,,,,,,,,,,,,,,,,,,,,,,,,,,,,,,,,,,,,,,,,,,,,,,,,,,,,,,,,,,,,,,,,,,,,,,,,,,,,,,,,,,,,,
rh_hogcall_stream_f1_b@hq,scored,2,hq,rh_hogcall_stream_f1_b_n2,rh_hogcall_stream_f1_b,hq,n2,,,,,,,,,,,,,,,,,,,,,,,,,,,,,2,hq,default,F1,blocking,1,,262144,120,774,primary,4,3,0,0,0,0,5.9,ok,ok,,,,120,no error,-1,,,120,no error,0,0,0,120,1,0,0,0,1,,,,,,,,none,none,-1.0,-1.0,8473,13210,45.09,54.91,145.25,12047.23,49,120,1,1,,1,0,0,1,0,LOCAL_QP_ERR,,1,0,0,1,0,0,,,0,0,,,no error,no error,2716.4,1520.0,1818.0,1802.8,0,1,,2681196058.344,735.8339996337891,,,,LOCAL_QP_ERR,1.875,,,13.638000011444092,,"[100/98/2,0/0/0,0/0/0,0/0/0]",,,1,1,0,,0,,,FIN,,0,0,0,0,0xf,qp_state,0,0,1,1,1,qp_state,0xf,4,1,0,0,2,2,2,2,"3,3,3,3",0,,1,1,0,,0xf,4,1,0,0,2,2,2,2,"3,3,3,3",0,,,,,,3317,10720,,,,,,,,,,1,,,,,,,0,,,0,,,,2681196060.219,,1,,,0,,FIN,left,1550138331.012,0,,,0,,,,,,0,0,0,0,0,,,,,1,0,,,,,,0,,,0,0,,0,,,0,0,0,0,0.0,10720,0,,,,1,abort,2681197440.84,0,0,0,,,,1,0,0,1,1,1,0,0,0,0,0,0,0,1,,,,,192,48,cudaSuccess,0.2,1,0,,,,,,0,,,1,0,,0,,,0,0,0,0,,,0,,,,1,abort,1550139511.932,0,0,0,,,,0,0,0,1,1,1,0,0,0,0,0,0,0,1,0,,,,288,48,cudaSuccess,0.3,,,,,,,,,,,,,735.8339996337891,1.875,,,,,,1382.244999885559,0,,,,,,1,1,0,,0,0,0,0,191,8,8,none,0.046,20.1,192,1817.5,3398.1,5215.6,8,1,1,1,0,,0,0,0,0,287,8,8,none,0.080,20.1,288,1802.5,3782.3,5584.8,8,1,0,,,0,,,,,,,,,1,0,,0,,,,0,,0,,1,initiator,2681196068.472,0,,,0,,,,0,0,,,,,,0,verified,,0,1,0,,0,,,,0,,0,,1,responder,1550136953.02,0,,,0,,,,0,0,,,,,,0,verified,0,,2,,,29818,1,none,none,0,none,,,hr,0,,,0,0,,,,,,,,stream,0,,,0,0,,,,,,,,stream,,,,,,,,,,,,,,,,,,,,,,,,,,,,,,,,,,,,,,,,,,,,,,,,,,,,,,,,,,,,,,,,,,,,,,,,,,,,,,,,,,,,,,,,,,,,,,,,,,,,,,,,,,,,,,,,,,,,,,,,,,,,,,,,,,,,,,,,,,,,,,,,,,,,,,,,,,,,,,,,,,,,,,,,,,,,,,,,,,,,,,,,,,,,,,,,,,,,,,,,,,,,,,,,,,,,,,,,,,,,,,,,,,,,,,,,,,,,,,,
rh_hogcall_stream_f1_b@hq,scored,2,hq,rh_hogcall_stream_f1_b_n3,rh_hogcall_stream_f1_b,hq,n3,,,,,,,,,,,,,,,,,,,,,,,,,,,,,3,hq,default,F1,blocking,1,,262144,120,911,primary,4,3,0,0,0,0,5.9,ok,ok,,,,120,no error,-1,,,120,no error,0,0,0,120,1,0,0,0,1,,,,,,,,none,none,-1.0,-1.0,8469,13225,45.25,53.28,140.36,11440.90,58,120,1,1,,1,0,0,1,0,LOCAL_QP_ERR,,1,0,0,1,0,0,,,0,0,,,no error,no error,2716.3,1519.4,1817.5,1802.7,0,1,,2681244200.951,872.3760004043579,,,,LOCAL_QP_ERR,0.7099995613098145,,,11.914999961853027,,"[118/116/2,0/0/0,0/0/0,0/0/0]",,,1,1,0,,0,,,FIN,,0,0,0,0,0xf,qp_state,0,0,1,1,1,qp_state,0xf,4,1,0,0,2,2,2,2,"3,3,3,3",0,,1,1,0,,0xf,4,1,0,0,2,2,2,2,"3,3,3,3",0,,,,,,3413,11136,,,,,,,,,,1,,,,,,,0,,,0,,,,2681244201.661,,1,,,0,,FIN,left,1550186336.439,0,,,0,,,,,,0,0,0,0,0,,,,,1,0,,,,,,0,,,0,0,,0,,,0,0,0,0,0.0,11136,0,,,,1,abort,2681245446.328,0,0,0,,,,1,0,0,1,1,1,0,0,0,0,0,0,0,1,,,,,192,48,cudaSuccess,0.2,1,0,,,,,,0,,,1,0,,0,,,0,0,0,0,,,0,,,,1,abort,1550187517.957,0,0,0,,,,0,0,0,1,1,1,0,0,0,0,0,0,0,1,0,,,,288,48,cudaSuccess,0.3,,,,,,,,,,,,,872.3760004043579,0.7099995613098145,,,,,,1246.2600002288818,0,,,,,,1,1,0,,0,0,0,0,191,8,8,none,0.034,20.1,192,1816.9,3398.1,5214.9,8,1,1,1,0,,0,0,0,0,287,8,8,none,0.084,20.1,288,1801.9,3782.7,5584.6,8,1,0,,,0,,,,,,,,,1,0,,0,,,,0,,0,,1,initiator,2681244209.262,0,,,0,,,,0,0,,,,,,0,verified,,0,1,0,,0,,,,0,,0,,1,responder,1550185093.799,0,,,0,,,,0,0,,,,,,0,verified,0,,2,,,29863,1,none,none,0,none,,,hr,0,,,0,0,,,,,,,,stream,0,,,0,0,,,,,,,,stream,,,,,,,,,,,,,,,,,,,,,,,,,,,,,,,,,,,,,,,,,,,,,,,,,,,,,,,,,,,,,,,,,,,,,,,,,,,,,,,,,,,,,,,,,,,,,,,,,,,,,,,,,,,,,,,,,,,,,,,,,,,,,,,,,,,,,,,,,,,,,,,,,,,,,,,,,,,,,,,,,,,,,,,,,,,,,,,,,,,,,,,,,,,,,,,,,,,,,,,,,,,,,,,,,,,,,,,,,,,,,,,,,,,,,,,,,,,,,,,
rh_hogcall_stream_f1_b@hq,scored,2,hq,rh_hogcall_stream_f1_b_n4,rh_hogcall_stream_f1_b,hq,n4,,,,,,,,,,,,,,,,,,,,,,,,,,,,,4,hq,default,F1,blocking,1,,262144,120,1048,primary,4,3,0,0,0,0,5.9,ok,ok,,,,120,no error,-1,,,120,no error,0,0,0,120,1,0,0,0,1,,,,,,,,none,none,-1.0,-1.0,8467,13238,45.22,53.76,136.52,10980.26,68,120,1,1,,1,0,0,1,0,LOCAL_QP_ERR,,1,0,0,1,0,0,,,0,0,,,no error,no error,2716.7,1518.8,1817.0,1801.9,0,1,,2681276260.626,1009.7189998626709,,,,LOCAL_QP_ERR,13.89900016784668,,,24.58400011062622,,"[138/136/2,0/0/0,0/0/0,0/0/0]",,,1,1,0,,0,,,FIN,,0,0,0,0,0xf,qp_state,0,0,1,1,1,qp_state,0xf,4,1,0,0,2,2,2,2,"3,3,3,3",0,,1,1,0,,0xf,4,1,0,0,2,2,2,2,"3,3,3,3",0,,,,,,3354,10478,,,,,,,,,,1,,,,,,,0,,,0,,,,2681276274.525,,1,,,0,,FIN,left,1550218258.177,0,,,0,,,,,,0,0,0,0,0,,,,,1,0,,,,,,0,,,0,0,,0,,,0,0,0,0,0.0,10478,0,,,,1,abort,2681277368.082,0,0,0,,,,1,0,0,1,1,1,0,0,0,0,0,0,0,1,,,,,192,48,cudaSuccess,0.2,1,0,,,,,,0,,,1,0,,0,,,0,0,0,0,,,0,,,,1,abort,1550219440.197,0,0,0,,,,0,0,0,1,1,1,0,0,0,0,0,0,0,1,0,,,,288,48,cudaSuccess,0.3,,,,,,,,,,,,,1009.7189998626709,13.89900016784668,,,,,,1095.1539998054504,0,,,,,,1,1,0,,0,0,0,0,191,8,8,none,0.034,20.1,192,1816.4,3398.0,5214.5,8,1,1,1,0,,0,0,0,0,287,8,8,none,0.054,20.1,288,1801.5,3783.1,5584.5,8,1,0,,,0,,,,,,,,,1,0,,0,,,,0,,0,,1,initiator,2681276281.666,0,,,0,,,,0,0,,,,,,0,verified,,0,1,0,,0,,,,0,,0,,1,responder,1550217166.157,0,,,0,,,,0,0,,,,,,0,verified,0,,2,,,30183,1,none,none,0,none,,,hr,0,,,0,0,,,,,,,,stream,0,,,0,0,,,,,,,,stream,,,,,,,,,,,,,,,,,,,,,,,,,,,,,,,,,,,,,,,,,,,,,,,,,,,,,,,,,,,,,,,,,,,,,,,,,,,,,,,,,,,,,,,,,,,,,,,,,,,,,,,,,,,,,,,,,,,,,,,,,,,,,,,,,,,,,,,,,,,,,,,,,,,,,,,,,,,,,,,,,,,,,,,,,,,,,,,,,,,,,,,,,,,,,,,,,,,,,,,,,,,,,,,,,,,,,,,,,,,,,,,,,,,,,,,,,,,,,,,
rh_hogcall_stream_f1_b@hq,scored,2,hq,rh_hogcall_stream_f1_b_n5,rh_hogcall_stream_f1_b,hq,n5,,,,,,,,,,,,,,,,,,,,,,,,,,,,,5,hq,default,F1,blocking,1,,262144,120,1185,primary,4,3,0,0,0,0,5.9,ok,ok,,,,120,no error,-1,,,120,no error,0,0,0,120,1,0,0,0,1,,,,,,,,none,none,-1.0,-1.0,8467,13230,45.18,53.86,138.20,11197.28,77,120,1,1,,1,0,0,1,0,LOCAL_QP_ERR,,1,0,0,1,0,0,,,0,0,,,no error,no error,2716.7,1518.0,1817.1,1802.0,0,1,,2681300642.333,1146.5960001945496,,,,LOCAL_QP_ERR,12.408999919891357,,,23.31999969482422,,"[156/154/2,0/0/0,0/0/0,0/0/0]",,,1,1,0,,0,,,FIN,,0,0,0,0,0xf,qp_state,0,0,1,1,1,qp_state,0xf,4,1,0,0,2,2,2,2,"3,3,3,3",0,,1,1,0,,0xf,4,1,0,0,2,2,2,2,"3,3,3,3",0,,,,,,3375,10496,,,,,,,,,,1,,,,,,,0,,,0,,,,2681300654.742,,1,,,0,,FIN,left,1550242503.182,0,,,0,,,,,,0,0,0,0,0,,,,,1,0,,,,,,0,,,0,0,,0,,,0,0,0,0,0.0,10496,0,,,,1,abort,2681301613.071,0,0,0,,,,1,0,0,1,1,1,0,0,0,0,0,0,0,1,,,,,192,48,cudaSuccess,0.2,1,0,,,,,,0,,,1,0,,0,,,0,0,0,0,,,0,,,,1,abort,1550243684.94,0,0,0,,,,0,0,0,1,1,1,0,0,0,0,0,0,0,1,0,,,,288,48,cudaSuccess,0.2,,,,,,,,,,,,,1146.5960001945496,12.408999919891357,,,,,,959.9739995002747,0,,,,,,1,1,0,,0,0,0,0,191,8,8,none,0.035,20.1,192,1816.6,3398.0,5214.6,8,1,1,1,0,,0,0,0,0,287,8,8,none,0.085,20.1,288,1801.7,3783.3,5585.1,8,1,0,,,0,,,,,,,,,1,0,,0,,,,0,,0,,1,initiator,2681300662.093,0,,,0,,,,0,0,,,,,,0,verified,,0,1,0,,0,,,,0,,0,,1,responder,1550241546.542,0,,,0,,,,0,0,,,,,,0,verified,0,,2,,,30067,1,none,none,0,none,,,hr,0,,,0,0,,,,,,,,stream,0,,,0,0,,,,,,,,stream,,,,,,,,,,,,,,,,,,,,,,,,,,,,,,,,,,,,,,,,,,,,,,,,,,,,,,,,,,,,,,,,,,,,,,,,,,,,,,,,,,,,,,,,,,,,,,,,,,,,,,,,,,,,,,,,,,,,,,,,,,,,,,,,,,,,,,,,,,,,,,,,,,,,,,,,,,,,,,,,,,,,,,,,,,,,,,,,,,,,,,,,,,,,,,,,,,,,,,,,,,,,,,,,,,,,,,,,,,,,,,,,,,,,,,,,,,,,,,,
lat_256k@hqp,scored,2,hqp,lat_256k_n1,lat_256k,hqp,n1,,,,,,,,,,,,,,,,,,,,,,,,,,,,,1,hqp,default,lat,blocking,1,,262144,3000,700,primary,4,3,0,0,0,0,2.3,ok,ok,,,,3000,no error,-1,,,3000,no error,0,0,0,0,1,0,0,0,1,,,,,,,,none,none,-1.0,-1.0,1697,1685,38.88,40.16,38.90,48.38,232,3000,0,0,,0,0,0,0,0,,,0,0,0,0,0,0,,,0,0,,,no error,no error,911.2,912.5,120.5,120.9,0,1,,,,,,,,,,,,,,,,0,0,0,,0,,,,,0,0,0,0,,,0,0,,,0,,,,0,0,0,,,,,,,,,,0,,,,0,0,0,,,,,,,,,,,,,,,,,,,,,,,,,,,,,,0,,,0,,,,,,,,,0,,,,,0,,,0,,,,,,0,0,0,0,0,,,,,0,,,,,,,0,,,0,0,,0,,,0,0,0,0,,,0,,,,0,,,0,0,0,,,,0,0,0,1,0,0,0,0,0,0,0,0,0,1,,,,,,,,,0,,,,,,,0,,,0,0,,0,,,0,0,0,0,,,0,,,,0,,,0,0,0,,,,0,0,0,1,0,0,0,0,0,0,0,0,0,1,0,,,,,,,,,,,,,,,,,,,,,,,,,,,,0,,,,,,0,,0,,0,,,,,,,,,,,,,,,,0,,0,,0,,,,,,,,,,,,,,,,0,,,0,,,,,,,,,0,0,,0,,,,0,,0,,0,,,0,,,0,,,,0,0,,,,,,0,verified,,0,0,0,,0,,,,0,,0,,0,,,0,,,0,,,,0,0,,,,,,0,verified,0,,0,,,29280,1,none,none,0,none,,,hqp,0,,,0,0,,,,,,,,,0,,,0,0,,,,,,,,,,,,,,,,,,,,,,,,,,,,,,,,,,,,,,,,,,,,,,,,,,,,,,,,,,,,,,,,,,,,,,,,,,,,,,,,,,,,,,,,,,,,,,,,,,,,,,,,,,,,,,,,,,,,,,,,,,,,,,,,,,,,,,,,,,,,,,,,,,,,,,,,,,,,,,,,,,,,,,,,,,,,,,,,,,,,,,,,,,,,,,,,,,,,,,,,,,,,,,,,,,,,,,,,,,,,,,,,,,,,,,,,,,,,,,,,,,,,,,,
lat_256k@hqp,scored,2,hqp,lat_256k_n2,lat_256k,hqp,n2,,,,,,,,,,,,,,,,,,,,,,,,,,,,,2,hqp,default,lat,blocking,1,,262144,3000,700,primary,4,3,0,0,0,0,2.3,ok,ok,,,,3000,no error,-1,,,3000,no error,0,0,0,0,1,0,0,0,1,,,,,,,,none,none,-1.0,-1.0,1702,1683,38.88,40.13,38.88,47.14,40,3000,0,0,,0,0,0,0,0,,,0,0,0,0,0,0,,,0,0,,,no error,no error,931.2,932.7,120.9,120.7,0,1,,,,,,,,,,,,,,,,0,0,0,,0,,,,,0,0,0,0,,,0,0,,,0,,,,0,0,0,,,,,,,,,,0,,,,0,0,0,,,,,,,,,,,,,,,,,,,,,,,,,,,,,,0,,,0,,,,,,,,,0,,,,,0,,,0,,,,,,0,0,0,0,0,,,,,0,,,,,,,0,,,0,0,,0,,,0,0,0,0,,,0,,,,0,,,0,0,0,,,,0,0,0,1,0,0,0,0,0,0,0,0,0,1,,,,,,,,,0,,,,,,,0,,,0,0,,0,,,0,0,0,0,,,0,,,,0,,,0,0,0,,,,0,0,0,1,0,0,0,0,0,0,0,0,0,1,0,,,,,,,,,,,,,,,,,,,,,,,,,,,,0,,,,,,0,,0,,0,,,,,,,,,,,,,,,,0,,0,,0,,,,,,,,,,,,,,,,0,,,0,,,,,,,,,0,0,,0,,,,0,,0,,0,,,0,,,0,,,,0,0,,,,,,0,verified,,0,0,0,,0,,,,0,,0,,0,,,0,,,0,,,,0,0,,,,,,0,verified,0,,0,,,29729,1,none,none,0,none,,,hqp,0,,,0,0,,,,,,,,,0,,,0,0,,,,,,,,,,,,,,,,,,,,,,,,,,,,,,,,,,,,,,,,,,,,,,,,,,,,,,,,,,,,,,,,,,,,,,,,,,,,,,,,,,,,,,,,,,,,,,,,,,,,,,,,,,,,,,,,,,,,,,,,,,,,,,,,,,,,,,,,,,,,,,,,,,,,,,,,,,,,,,,,,,,,,,,,,,,,,,,,,,,,,,,,,,,,,,,,,,,,,,,,,,,,,,,,,,,,,,,,,,,,,,,,,,,,,,,,,,,,,,,,,,,,,,,
lat_256k@hqp,scored,2,hqp,lat_256k_n3,lat_256k,hqp,n3,,,,,,,,,,,,,,,,,,,,,,,,,,,,,3,hqp,default,lat,blocking,1,,262144,3000,700,primary,4,3,0,0,0,0,2.3,ok,ok,,,,3000,no error,-1,,,3000,no error,0,0,0,0,1,0,0,0,1,,,,,,,,none,none,-1.0,-1.0,1704,1682,38.88,40.13,38.86,47.71,1611,3000,0,0,,0,0,0,0,0,,,0,0,0,0,0,0,,,0,0,,,no error,no error,923.0,925.3,120.9,120.7,0,1,,,,,,,,,,,,,,,,0,0,0,,0,,,,,0,0,0,0,,,0,0,,,0,,,,0,0,0,,,,,,,,,,0,,,,0,0,0,,,,,,,,,,,,,,,,,,,,,,,,,,,,,,0,,,0,,,,,,,,,0,,,,,0,,,0,,,,,,0,0,0,0,0,,,,,0,,,,,,,0,,,0,0,,0,,,0,0,0,0,,,0,,,,0,,,0,0,0,,,,0,0,0,1,0,0,0,0,0,0,0,0,0,1,,,,,,,,,0,,,,,,,0,,,0,0,,0,,,0,0,0,0,,,0,,,,0,,,0,0,0,,,,0,0,0,1,0,0,0,0,0,0,0,0,0,1,0,,,,,,,,,,,,,,,,,,,,,,,,,,,,0,,,,,,0,,0,,0,,,,,,,,,,,,,,,,0,,0,,0,,,,,,,,,,,,,,,,0,,,0,,,,,,,,,0,0,,0,,,,0,,0,,0,,,0,,,0,,,,0,0,,,,,,0,verified,,0,0,0,,0,,,,0,,0,,0,,,0,,,0,,,,0,0,,,,,,0,verified,0,,0,,,29471,1,none,none,0,none,,,hqp,0,,,0,0,,,,,,,,,0,,,0,0,,,,,,,,,,,,,,,,,,,,,,,,,,,,,,,,,,,,,,,,,,,,,,,,,,,,,,,,,,,,,,,,,,,,,,,,,,,,,,,,,,,,,,,,,,,,,,,,,,,,,,,,,,,,,,,,,,,,,,,,,,,,,,,,,,,,,,,,,,,,,,,,,,,,,,,,,,,,,,,,,,,,,,,,,,,,,,,,,,,,,,,,,,,,,,,,,,,,,,,,,,,,,,,,,,,,,,,,,,,,,,,,,,,,,,,,,,,,,,,,,,,,,,,
lat_256k@hqp,scored,2,hqp,lat_256k_n4,lat_256k,hqp,n4,,,,,,,,,,,,,,,,,,,,,,,,,,,,,4,hqp,default,lat,blocking,1,,262144,3000,700,primary,4,3,0,0,0,0,2.3,ok,ok,,,,3000,no error,-1,,,3000,no error,0,0,0,0,1,0,0,0,1,,,,,,,,none,none,-1.0,-1.0,1697,1684,38.88,40.16,38.89,47.68,1790,3000,0,0,,0,0,0,0,0,,,0,0,0,0,0,0,,,0,0,,,no error,no error,929.8,931.2,120.5,120.8,0,1,,,,,,,,,,,,,,,,0,0,0,,0,,,,,0,0,0,0,,,0,0,,,0,,,,0,0,0,,,,,,,,,,0,,,,0,0,0,,,,,,,,,,,,,,,,,,,,,,,,,,,,,,0,,,0,,,,,,,,,0,,,,,0,,,0,,,,,,0,0,0,0,0,,,,,0,,,,,,,0,,,0,0,,0,,,0,0,0,0,,,0,,,,0,,,0,0,0,,,,0,0,0,1,0,0,0,0,0,0,0,0,0,1,,,,,,,,,0,,,,,,,0,,,0,0,,0,,,0,0,0,0,,,0,,,,0,,,0,0,0,,,,0,0,0,1,0,0,0,0,0,0,0,0,0,1,0,,,,,,,,,,,,,,,,,,,,,,,,,,,,0,,,,,,0,,0,,0,,,,,,,,,,,,,,,,0,,0,,0,,,,,,,,,,,,,,,,0,,,0,,,,,,,,,0,0,,0,,,,0,,0,,0,,,0,,,0,,,,0,0,,,,,,0,verified,,0,0,0,,0,,,,0,,0,,0,,,0,,,0,,,,0,0,,,,,,0,verified,0,,0,,,30039,1,none,none,0,none,,,hqp,0,,,0,0,,,,,,,,,0,,,0,0,,,,,,,,,,,,,,,,,,,,,,,,,,,,,,,,,,,,,,,,,,,,,,,,,,,,,,,,,,,,,,,,,,,,,,,,,,,,,,,,,,,,,,,,,,,,,,,,,,,,,,,,,,,,,,,,,,,,,,,,,,,,,,,,,,,,,,,,,,,,,,,,,,,,,,,,,,,,,,,,,,,,,,,,,,,,,,,,,,,,,,,,,,,,,,,,,,,,,,,,,,,,,,,,,,,,,,,,,,,,,,,,,,,,,,,,,,,,,,,,,,,,,,,
lat_256k@hqp,scored,2,hqp,lat_256k_n5,lat_256k,hqp,n5,,,,,,,,,,,,,,,,,,,,,,,,,,,,,5,hqp,default,lat,blocking,1,,262144,3000,700,primary,4,3,0,0,0,0,2.3,ok,ok,,,,3000,no error,-1,,,3000,no error,0,0,0,0,1,0,0,0,1,,,,,,,,none,none,-1.0,-1.0,1703,1679,38.88,40.13,38.64,49.66,2007,3000,0,0,,0,0,0,0,0,,,0,0,0,0,0,0,,,0,0,,,no error,no error,928.8,930.3,119.8,119.9,0,1,,,,,,,,,,,,,,,,0,0,0,,0,,,,,0,0,0,0,,,0,0,,,0,,,,0,0,0,,,,,,,,,,0,,,,0,0,0,,,,,,,,,,,,,,,,,,,,,,,,,,,,,,0,,,0,,,,,,,,,0,,,,,0,,,0,,,,,,0,0,0,0,0,,,,,0,,,,,,,0,,,0,0,,0,,,0,0,0,0,,,0,,,,0,,,0,0,0,,,,0,0,0,1,0,0,0,0,0,0,0,0,0,1,,,,,,,,,0,,,,,,,0,,,0,0,,0,,,0,0,0,0,,,0,,,,0,,,0,0,0,,,,0,0,0,1,0,0,0,0,0,0,0,0,0,1,0,,,,,,,,,,,,,,,,,,,,,,,,,,,,0,,,,,,0,,0,,0,,,,,,,,,,,,,,,,0,,0,,0,,,,,,,,,,,,,,,,0,,,0,,,,,,,,,0,0,,0,,,,0,,0,,0,,,0,,,0,,,,0,0,,,,,,0,verified,,0,0,0,,0,,,,0,,0,,0,,,0,,,0,,,,0,0,,,,,,0,verified,0,,0,,,30382,1,none,none,0,none,,,hqp,0,,,0,0,,,,,,,,,0,,,0,0,,,,,,,,,,,,,,,,,,,,,,,,,,,,,,,,,,,,,,,,,,,,,,,,,,,,,,,,,,,,,,,,,,,,,,,,,,,,,,,,,,,,,,,,,,,,,,,,,,,,,,,,,,,,,,,,,,,,,,,,,,,,,,,,,,,,,,,,,,,,,,,,,,,,,,,,,,,,,,,,,,,,,,,,,,,,,,,,,,,,,,,,,,,,,,,,,,,,,,,,,,,,,,,,,,,,,,,,,,,,,,,,,,,,,,,,,,,,,,,,,,,,,,,
lat_4k@hqp,scored,2,hqp,lat_4k_n1,lat_4k,hqp,n1,,,,,,,,,,,,,,,,,,,,,,,,,,,,,1,hqp,default,lat,blocking,1,,4096,3000,700,primary,4,3,0,0,0,0,1.8,ok,ok,,,,3000,no error,-1,,,3000,no error,0,0,0,0,1,0,0,0,1,,,,,,,,none,none,-1.0,-1.0,1368,1348,10.75,11.90,10.81,20.61,833,3000,0,0,,0,0,0,0,0,,,0,0,0,0,0,0,,,0,0,,,no error,no error,511.6,513.3,36.6,36.6,0,1,,,,,,,,,,,,,,,,0,0,0,,0,,,,,0,0,0,0,,,0,0,,,0,,,,0,0,0,,,,,,,,,,0,,,,0,0,0,,,,,,,,,,,,,,,,,,,,,,,,,,,,,,0,,,0,,,,,,,,,0,,,,,0,,,0,,,,,,0,0,0,0,0,,,,,0,,,,,,,0,,,0,0,,0,,,0,0,0,0,,,0,,,,0,,,0,0,0,,,,0,0,0,1,0,0,0,0,0,0,0,0,0,1,,,,,,,,,0,,,,,,,0,,,0,0,,0,,,0,0,0,0,,,0,,,,0,,,0,0,0,,,,0,0,0,1,0,0,0,0,0,0,0,0,0,1,0,,,,,,,,,,,,,,,,,,,,,,,,,,,,0,,,,,,0,,0,,0,,,,,,,,,,,,,,,,0,,0,,0,,,,,,,,,,,,,,,,0,,,0,,,,,,,,,0,0,,0,,,,0,,0,,0,,,0,,,0,,,,0,0,,,,,,0,verified,,0,0,0,,0,,,,0,,0,,0,,,0,,,0,,,,0,0,,,,,,0,verified,0,,0,,,29408,1,none,none,0,none,,,hqp,0,,,0,0,,,,,,,,,0,,,0,0,,,,,,,,,,,,,,,,,,,,,,,,,,,,,,,,,,,,,,,,,,,,,,,,,,,,,,,,,,,,,,,,,,,,,,,,,,,,,,,,,,,,,,,,,,,,,,,,,,,,,,,,,,,,,,,,,,,,,,,,,,,,,,,,,,,,,,,,,,,,,,,,,,,,,,,,,,,,,,,,,,,,,,,,,,,,,,,,,,,,,,,,,,,,,,,,,,,,,,,,,,,,,,,,,,,,,,,,,,,,,,,,,,,,,,,,,,,,,,,,,,,,,,,
lat_4k@hqp,scored,2,hqp,lat_4k_n2,lat_4k,hqp,n2,,,,,,,,,,,,,,,,,,,,,,,,,,,,,2,hqp,default,lat,blocking,1,,4096,3000,700,primary,4,3,0,0,0,0,2.3,ok,ok,,,,3000,no error,-1,,,3000,no error,0,0,0,0,1,0,0,0,1,,,,,,,,none,none,-1.0,-1.0,1366,1347,10.75,11.94,10.80,18.85,829,3000,0,0,,0,0,0,0,0,,,0,0,0,0,0,0,,,0,0,,,no error,no error,1001.9,1003.6,36.6,36.4,0,1,,,,,,,,,,,,,,,,0,0,0,,0,,,,,0,0,0,0,,,0,0,,,0,,,,0,0,0,,,,,,,,,,0,,,,0,0,0,,,,,,,,,,,,,,,,,,,,,,,,,,,,,,0,,,0,,,,,,,,,0,,,,,0,,,0,,,,,,0,0,0,0,0,,,,,0,,,,,,,0,,,0,0,,0,,,0,0,0,0,,,0,,,,0,,,0,0,0,,,,0,0,0,1,0,0,0,0,0,0,0,0,0,1,,,,,,,,,0,,,,,,,0,,,0,0,,0,,,0,0,0,0,,,0,,,,0,,,0,0,0,,,,0,0,0,1,0,0,0,0,0,0,0,0,0,1,0,,,,,,,,,,,,,,,,,,,,,,,,,,,,0,,,,,,0,,0,,0,,,,,,,,,,,,,,,,0,,0,,0,,,,,,,,,,,,,,,,0,,,0,,,,,,,,,0,0,,0,,,,0,,0,,0,,,0,,,0,,,,0,0,,,,,,0,verified,,0,0,0,,0,,,,0,,0,,0,,,0,,,0,,,,0,0,,,,,,0,verified,0,,0,,,29272,1,none,none,0,none,,,hqp,0,,,0,0,,,,,,,,,0,,,0,0,,,,,,,,,,,,,,,,,,,,,,,,,,,,,,,,,,,,,,,,,,,,,,,,,,,,,,,,,,,,,,,,,,,,,,,,,,,,,,,,,,,,,,,,,,,,,,,,,,,,,,,,,,,,,,,,,,,,,,,,,,,,,,,,,,,,,,,,,,,,,,,,,,,,,,,,,,,,,,,,,,,,,,,,,,,,,,,,,,,,,,,,,,,,,,,,,,,,,,,,,,,,,,,,,,,,,,,,,,,,,,,,,,,,,,,,,,,,,,,,,,,,,,,
lat_4k@hqp,scored,2,hqp,lat_4k_n3,lat_4k,hqp,n3,,,,,,,,,,,,,,,,,,,,,,,,,,,,,3,hqp,default,lat,blocking,1,,4096,3000,700,primary,4,3,0,0,0,0,2.3,ok,ok,,,,3000,no error,-1,,,3000,no error,0,0,0,0,1,0,0,0,1,,,,,,,,none,none,-1.0,-1.0,1369,1348,10.75,11.97,10.82,20.48,2086,3000,0,0,,0,0,0,0,0,,,0,0,0,0,0,0,,,0,0,,,no error,no error,993.2,994.9,36.6,36.5,0,1,,,,,,,,,,,,,,,,0,0,0,,0,,,,,0,0,0,0,,,0,0,,,0,,,,0,0,0,,,,,,,,,,0,,,,0,0,0,,,,,,,,,,,,,,,,,,,,,,,,,,,,,,0,,,0,,,,,,,,,0,,,,,0,,,0,,,,,,0,0,0,0,0,,,,,0,,,,,,,0,,,0,0,,0,,,0,0,0,0,,,0,,,,0,,,0,0,0,,,,0,0,0,1,0,0,0,0,0,0,0,0,0,1,,,,,,,,,0,,,,,,,0,,,0,0,,0,,,0,0,0,0,,,0,,,,0,,,0,0,0,,,,0,0,0,1,0,0,0,0,0,0,0,0,0,1,0,,,,,,,,,,,,,,,,,,,,,,,,,,,,0,,,,,,0,,0,,0,,,,,,,,,,,,,,,,0,,0,,0,,,,,,,,,,,,,,,,0,,,0,,,,,,,,,0,0,,0,,,,0,,0,,0,,,0,,,0,,,,0,0,,,,,,0,verified,,0,0,0,,0,,,,0,,0,,0,,,0,,,0,,,,0,0,,,,,,0,verified,0,,0,,,30460,1,none,none,0,none,,,hqp,0,,,0,0,,,,,,,,,0,,,0,0,,,,,,,,,,,,,,,,,,,,,,,,,,,,,,,,,,,,,,,,,,,,,,,,,,,,,,,,,,,,,,,,,,,,,,,,,,,,,,,,,,,,,,,,,,,,,,,,,,,,,,,,,,,,,,,,,,,,,,,,,,,,,,,,,,,,,,,,,,,,,,,,,,,,,,,,,,,,,,,,,,,,,,,,,,,,,,,,,,,,,,,,,,,,,,,,,,,,,,,,,,,,,,,,,,,,,,,,,,,,,,,,,,,,,,,,,,,,,,,,,,,,,,,
lat_4k@hqp,scored,2,hqp,lat_4k_n4,lat_4k,hqp,n4,,,,,,,,,,,,,,,,,,,,,,,,,,,,,4,hqp,default,lat,blocking,1,,4096,3000,700,primary,4,3,0,0,0,0,2.3,ok,ok,,,,3000,no error,-1,,,3000,no error,0,0,0,0,1,0,0,0,1,,,,,,,,none,none,-1.0,-1.0,1413,1346,10.75,11.87,10.79,16.38,0,3000,0,0,,0,0,0,0,0,,,0,0,0,0,0,0,,,0,0,,,no error,no error,1000.1,1002.0,36.4,36.5,0,1,,,,,,,,,,,,,,,,0,0,0,,0,,,,,0,0,0,0,,,0,0,,,0,,,,0,0,0,,,,,,,,,,0,,,,0,0,0,,,,,,,,,,,,,,,,,,,,,,,,,,,,,,0,,,0,,,,,,,,,0,,,,,0,,,0,,,,,,0,0,0,0,0,,,,,0,,,,,,,0,,,0,0,,0,,,0,0,0,0,,,0,,,,0,,,0,0,0,,,,0,0,0,1,0,0,0,0,0,0,0,0,0,1,,,,,,,,,0,,,,,,,0,,,0,0,,0,,,0,0,0,0,,,0,,,,0,,,0,0,0,,,,0,0,0,1,0,0,0,0,0,0,0,0,0,1,0,,,,,,,,,,,,,,,,,,,,,,,,,,,,0,,,,,,0,,0,,0,,,,,,,,,,,,,,,,0,,0,,0,,,,,,,,,,,,,,,,0,,,0,,,,,,,,,0,0,,0,,,,0,,0,,0,,,0,,,0,,,,0,0,,,,,,0,verified,,0,0,0,,0,,,,0,,0,,0,,,0,,,0,,,,0,0,,,,,,0,verified,0,,0,,,30016,1,none,none,0,none,,,hqp,0,,,0,0,,,,,,,,,0,,,0,0,,,,,,,,,,,,,,,,,,,,,,,,,,,,,,,,,,,,,,,,,,,,,,,,,,,,,,,,,,,,,,,,,,,,,,,,,,,,,,,,,,,,,,,,,,,,,,,,,,,,,,,,,,,,,,,,,,,,,,,,,,,,,,,,,,,,,,,,,,,,,,,,,,,,,,,,,,,,,,,,,,,,,,,,,,,,,,,,,,,,,,,,,,,,,,,,,,,,,,,,,,,,,,,,,,,,,,,,,,,,,,,,,,,,,,,,,,,,,,,,,,,,,,,
lat_4k@hqp,scored,2,hqp,lat_4k_n5,lat_4k,hqp,n5,,,,,,,,,,,,,,,,,,,,,,,,,,,,,5,hqp,default,lat,blocking,1,,4096,3000,700,primary,4,3,0,0,0,0,1.8,ok,ok,,,,3000,no error,-1,,,3000,no error,0,0,0,0,1,0,0,0,1,,,,,,,,none,none,-1.0,-1.0,1367,1346,10.75,11.90,10.80,19.84,1257,3000,0,0,,0,0,0,0,0,,,0,0,0,0,0,0,,,0,0,,,no error,no error,508.4,509.9,36.5,36.4,0,1,,,,,,,,,,,,,,,,0,0,0,,0,,,,,0,0,0,0,,,0,0,,,0,,,,0,0,0,,,,,,,,,,0,,,,0,0,0,,,,,,,,,,,,,,,,,,,,,,,,,,,,,,0,,,0,,,,,,,,,0,,,,,0,,,0,,,,,,0,0,0,0,0,,,,,0,,,,,,,0,,,0,0,,0,,,0,0,0,0,,,0,,,,0,,,0,0,0,,,,0,0,0,1,0,0,0,0,0,0,0,0,0,1,,,,,,,,,0,,,,,,,0,,,0,0,,0,,,0,0,0,0,,,0,,,,0,,,0,0,0,,,,0,0,0,1,0,0,0,0,0,0,0,0,0,1,0,,,,,,,,,,,,,,,,,,,,,,,,,,,,0,,,,,,0,,0,,0,,,,,,,,,,,,,,,,0,,0,,0,,,,,,,,,,,,,,,,0,,,0,,,,,,,,,0,0,,0,,,,0,,0,,0,,,0,,,0,,,,0,0,,,,,,0,verified,,0,0,0,,0,,,,0,,0,,0,,,0,,,0,,,,0,0,,,,,,0,verified,0,,0,,,30486,1,none,none,0,none,,,hqp,0,,,0,0,,,,,,,,,0,,,0,0,,,,,,,,,,,,,,,,,,,,,,,,,,,,,,,,,,,,,,,,,,,,,,,,,,,,,,,,,,,,,,,,,,,,,,,,,,,,,,,,,,,,,,,,,,,,,,,,,,,,,,,,,,,,,,,,,,,,,,,,,,,,,,,,,,,,,,,,,,,,,,,,,,,,,,,,,,,,,,,,,,,,,,,,,,,,,,,,,,,,,,,,,,,,,,,,,,,,,,,,,,,,,,,,,,,,,,,,,,,,,,,,,,,,,,,,,,,,,,,,,,,,,,,
bidirf_sym_b@hr,scored,2,hr,bidirf_sym_b_n1,bidirf_sym_b,hr,n1,,,,,,,,,,,,,,,,,,,,,,,,,,,,,1,hr,bidir,F1both,blocking,1,,4096,8000,67,primary,4,3,0,0,0,0,2.3,ok,ok,,,,8000,no error,-1,,,8000,no error,0,0,0,8000,1,0,0,0,1,8000,no error,8000,no error,0,0,1,none,none,-1.0,-1.0,1934,1939,10.78,13.47,12.43,10238.62,806,8000,1,1,,1,1,0,1,1,LOCAL_QP_ERR,LOCAL_QP_ERR,1,0,0,1,1,1,,,0,0,,,no error,no error,827.6,812.5,118.6,118.1,0,1,-0.9060001373291016,2680448222.1689997,10.592999458312988,,,,LOCAL_QP_ERR,0.7160005569458008,,,10.36400032043457,,"[1614/1612/2,0/0/0,0/0/0,0/0/0]",,,1,1,0,,0,,,FIN,,0,0,0,0,0xf,qp_state,0,0,1,1,1,qp_state,0xf,4,1,0,0,2,2,2,2,"3,3,3,3",0,,1,1,1,qp_state,0xf,4,1,0,0,2,2,2,2,"3,3,3,3",0,,,,,,3371,8177,,1,,,,,,,,1,,,,,,,0,,,0,,,,2680448223.536,,1,,,0,,FIN,left,1549389569.42,0,,,0,,,,1549389111.391,,0,0,0,0,0,,,,,1,0,,,,,,0,,,0,0,,0,,,0,0,0,0,0.0,8177,0,,,,1,abort,2680448679.319,0,0,0,,,,1,0,0,1,1,1,0,0,0,0,0,0,0,1,0,,,,,,,,1,0,,,,,,0,,,1,0,,0,,,0,0,0,0,,,0,,,,1,abort,1549389585.1,0,0,0,,,,1,0,0,1,1,1,0,0,0,0,0,0,0,1,0,,,,,,,,,,,,,,,,,,,,11.49899959564209,1.3670001029968262,,,,,,457.3780002593994,0,,,,,,1,1,0,,0,,,,,,,,,,,,,,,,1,1,0,,0,,,,,,,,,,,,,,,,0,,,0,,,,,,,,,1,0,,0,,,,0,,0,,1,initiator,2680448229.041,0,,,0,,,,0,0,,,,,,0,verified,,0,1,0,,0,,,,0,,0,,1,responder,1549389113.763,0,,,0,,,,0,0,,,,,,0,verified,0,,2,,,30519,1,none,none,0,none,,,hr,1,nic,10,1,0,,link-local:1,nic,181,0,0,0,,1,nic,10,1,0,,link-local:1,nic,174,0,0,0,,,,,,,,,,,,,,,,,,,,,,,,,,,,,,,,,,,,,,,,,,,,,,,,,,,,,,,,,,,,,,,,,,,,,,,,,,,,,,,,,,,,,,,,,,,,,,,,,,,,,,,,,,,,,,,,,,,,,,,,,,,,,,,,,,,,,,,,,,,,,,,,,,,,,,,,,,,,,,,,,,,,,,,,,,,,,,,,,,,,,,,,,,,,,,,,,,,,,,,,,,,,,,,,,,,,,,,,,,,,,,,,,,,,,,,,,,,,,,,,
bidirf_sym_b@hr,scored,2,hr,bidirf_sym_b_n2,bidirf_sym_b,hr,n2,,,,,,,,,,,,,,,,,,,,,,,,,,,,,2,hr,bidir,F1both,blocking,1,,4096,8000,74,primary,4,3,0,0,0,0,2.3,ok,ok,,,,8000,no error,-1,,,8000,no error,0,0,0,8000,1,0,0,0,1,8000,no error,8000,no error,0,0,1,none,none,-1.0,-1.0,1930,1937,10.78,13.47,12.38,9762.59,1587,8000,1,1,,1,1,0,1,1,LOCAL_QP_ERR,LOCAL_QP_ERR,1,0,0,1,1,1,,,0,0,,,no error,no error,830.5,817.1,119.8,119.3,0,1,0.057000160217285156,2680452264.865,20.220999717712402,,,,LOCAL_QP_ERR,0.4370002746582031,,,9.90500020980835,,"[3176/3176/0,0/0/0,0/0/0,0/0/0]",,,1,1,0,,0,,,FIN,,0,0,0,0,0xf,qp_state,0,0,1,1,1,qp_state,0xf,4,1,0,0,2,2,2,2,"3,3,3,3",0,,1,1,1,qp_state,0xf,4,1,0,0,2,2,2,2,"3,3,3,3",0,,,,,,3227,9315,,1,,,,,,,,1,,,,,,,0,,,0,,,,2680452265.302,,1,,,0,,FIN,left,1549393603.626,0,,,0,,,,1549393154.162,,0,0,0,0,0,,,,,1,0,,,,,,0,,,0,0,,0,,,0,0,0,0,0.0,9315,0,,,,1,abort,2680452713.556,0,0,0,,,,1,0,0,1,1,1,0,0,0,0,0,0,0,1,0,,,,,,,,1,0,,,,,,0,,,1,0,,0,,,0,0,0,0,,,0,,,,1,abort,1549393617.605,0,0,0,,,,1,0,0,1,1,1,0,0,0,0,0,0,0,1,0,,,,,,,,,,,,,,,,,,,,20.220999717712402,0.4370002746582031,,,,,,449.8159999847412,0,,,,,,1,1,0,,0,,,,,,,,,,,,,,,,1,1,0,,0,,,,,,,,,,,,,,,,0,,,0,,,,,,,,,1,0,,0,,,,0,,0,,1,initiator,2680452271.427,0,,,0,,,,0,0,,,,,,0,verified,,0,1,0,,0,,,,0,,0,,1,responder,1549393156.047,0,,,0,,,,0,0,,,,,,0,verified,0,,2,,,30114,1,none,none,0,none,,,hr,1,nic,10,1,0,,link-local:1,nic,178,0,0,0,,1,nic,10,1,0,,link-local:1,nic,177,0,0,0,,,,,,,,,,,,,,,,,,,,,,,,,,,,,,,,,,,,,,,,,,,,,,,,,,,,,,,,,,,,,,,,,,,,,,,,,,,,,,,,,,,,,,,,,,,,,,,,,,,,,,,,,,,,,,,,,,,,,,,,,,,,,,,,,,,,,,,,,,,,,,,,,,,,,,,,,,,,,,,,,,,,,,,,,,,,,,,,,,,,,,,,,,,,,,,,,,,,,,,,,,,,,,,,,,,,,,,,,,,,,,,,,,,,,,,,,,,,,,,,
bidirf_sym_b@hr,scored,2,hr,bidirf_sym_b_n3,bidirf_sym_b,hr,n3,,,,,,,,,,,,,,,,,,,,,,,,,,,,,3,hr,bidir,F1both,blocking,1,,4096,8000,81,primary,4,3,0,0,0,0,2.3,ok,ok,,,,8000,no error,-1,,,8000,no error,0,0,0,8000,1,0,0,0,1,8000,no error,8000,no error,0,0,1,none,none,-1.0,-1.0,1970,2015,10.88,13.54,12.44,10247.62,1269,8000,1,1,,1,1,0,1,1,LOCAL_QP_ERR,LOCAL_QP_ERR,1,0,0,1,1,1,,,0,0,,,no error,no error,817.2,783.8,120.3,120.2,0,1,-0.8629999160766602,2680456308.711,16.267000198364258,,,,LOCAL_QP_ERR,0.7829999923706055,,,10.388999938964844,,"[2540/2538/2,0/0/0,0/0/0,0/0/0]",,,1,1,0,,0,,,FIN,,0,0,0,0,0xf,qp_state,0,0,1,1,1,qp_state,0xf,4,1,0,0,2,2,2,2,"3,3,3,3",0,,1,1,1,qp_state,0xf,4,1,0,0,2,2,2,2,"3,3,3,3",0,,,,,,3227,8573,,1,,,,,,,,1,,,,,,,0,,,0,,,,2680456310.02,,1,,,0,,FIN,left,1549397651.92,0,,,0,,,,1549397198.008,,0,0,0,0,0,,,,,1,0,,,,,,0,,,0,0,,0,,,0,0,0,0,0.0,8573,0,,,,1,abort,2680456761.811,0,0,0,,,,1,0,0,1,1,1,0,0,0,0,0,0,0,1,0,,,,,,,,1,0,,,,,,0,,,1,0,,0,,,0,0,0,0,,,0,,,,1,abort,1549397685.087,0,0,0,,,,1,0,0,1,1,1,0,0,0,0,0,0,0,1,0,,,,,,,,,,,,,,,,,,,,17.130000114440918,1.309000015258789,,,,,,453.3860001564026,0,,,,,,1,1,0,,0,,,,,,,,,,,,,,,,1,1,0,,0,,,,,,,,,,,,,,,,0,,,0,,,,,,,,,1,0,,0,,,,0,,0,,1,initiator,2680456315.751,0,,,0,,,,0,0,,,,,,0,verified,,0,1,0,,0,,,,0,,0,,1,responder,1549397200.445,0,,,0,,,,0,0,,,,,,0,verified,0,,2,,,30764,1,none,none,0,none,,,hr,1,nic,10,1,0,,link-local:1,nic,181,0,0,0,,1,nic,10,1,0,,link-local:1,nic,174,0,0,0,,,,,,,,,,,,,,,,,,,,,,,,,,,,,,,,,,,,,,,,,,,,,,,,,,,,,,,,,,,,,,,,,,,,,,,,,,,,,,,,,,,,,,,,,,,,,,,,,,,,,,,,,,,,,,,,,,,,,,,,,,,,,,,,,,,,,,,,,,,,,,,,,,,,,,,,,,,,,,,,,,,,,,,,,,,,,,,,,,,,,,,,,,,,,,,,,,,,,,,,,,,,,,,,,,,,,,,,,,,,,,,,,,,,,,,,,,,,,,,,
bidirf_sym_b@hr,scored,2,hr,bidirf_sym_b_n4,bidirf_sym_b,hr,n4,,,,,,,,,,,,,,,,,,,,,,,,,,,,,4,hr,bidir,F1both,blocking,1,,4096,8000,88,primary,4,3,0,0,0,0,2.3,ok,ok,,,,8000,no error,-1,,,8000,no error,0,0,0,8000,1,0,0,0,1,8000,no error,8000,no error,0,0,1,none,none,-1.0,-1.0,1946,1949,10.82,13.47,12.48,10301.41,2404,8000,1,1,,1,1,0,1,1,LOCAL_QP_ERR,LOCAL_QP_ERR,1,0,0,1,1,1,,,0,0,,,no error,no error,830.2,813.0,120.2,120.1,0,1,0.4120001792907715,2680460335.804,30.466000080108643,,,,LOCAL_QP_ERR,0.4869999885559082,,,10.447999954223633,,"[4810/4810/0,0/0/0,0/0/0,0/0/0]",,,1,1,0,,0,,,FIN,,0,0,0,0,0xf,qp_state,0,0,1,1,1,qp_state,0xf,4,1,0,0,2,2,2,2,"3,3,3,3",0,,1,1,1,qp_state,0xf,4,1,0,0,2,2,2,2,"3,3,3,3",0,,,,,,3300,9108,,1,,,,,,,,1,,,,,,,0,,,0,,,,2680460336.291,,1,,,0,,FIN,left,1549401664.938,0,,,0,,,,1549401225.553,,0,0,0,0,0,,,,,1,0,,,,,,0,,,0,0,,0,,,0,0,0,0,0.0,9108,0,,,,1,abort,2680460774.814,0,0,0,,,,1,0,0,1,1,1,0,0,0,0,0,0,0,1,0,,,,,,,,1,0,,,,,,0,,,1,0,,0,,,0,0,0,0,,,0,,,,1,abort,1549401681.347,0,0,0,,,,1,0,0,1,1,1,0,0,0,0,0,0,0,1,0,,,,,,,,,,,,,,,,,,,,30.466000080108643,0.4869999885559082,,,,,,440.12900018692017,0,,,,,,1,1,0,,0,,,,,,,,,,,,,,,,1,1,0,,0,,,,,,,,,,,,,,,,0,,,0,,,,,,,,,1,0,,0,,,,0,,0,,1,initiator,2680460342.838,0,,,0,,,,0,0,,,,,,0,verified,,0,1,0,,0,,,,0,,0,,1,responder,1549401227.56,0,,,0,,,,0,0,,,,,,0,verified,0,,2,,,30479,1,none,none,0,none,,,hr,1,nic,10,1,0,,link-local:1,nic,178,0,0,0,,1,nic,10,1,0,,link-local:1,nic,177,0,0,0,,,,,,,,,,,,,,,,,,,,,,,,,,,,,,,,,,,,,,,,,,,,,,,,,,,,,,,,,,,,,,,,,,,,,,,,,,,,,,,,,,,,,,,,,,,,,,,,,,,,,,,,,,,,,,,,,,,,,,,,,,,,,,,,,,,,,,,,,,,,,,,,,,,,,,,,,,,,,,,,,,,,,,,,,,,,,,,,,,,,,,,,,,,,,,,,,,,,,,,,,,,,,,,,,,,,,,,,,,,,,,,,,,,,,,,,,,,,,,,,
bidirf_sym_b@hr,scored,2,hr,bidirf_sym_b_n5,bidirf_sym_b,hr,n5,,,,,,,,,,,,,,,,,,,,,,,,,,,,,5,hr,bidir,F1both,blocking,1,,4096,8000,95,primary,4,3,0,0,0,0,2.3,ok,ok,,,,8000,no error,-1,,,8000,no error,0,0,0,8000,1,0,0,0,1,8000,no error,8000,no error,0,0,1,none,none,-1.0,-1.0,1946,1950,10.78,13.44,12.50,10597.76,3066,8000,1,1,,1,1,0,1,1,LOCAL_QP_ERR,LOCAL_QP_ERR,1,0,0,1,1,1,,,0,0,,,no error,no error,825.0,811.5,120.8,120.7,0,1,-1.1449995040893555,2680464394.3050003,38.426000118255615,,,,LOCAL_QP_ERR,0.7030000686645508,,,10.74899959564209,,"[6134/6132/2,0/0/0,0/0/0,0/0/0]",,,1,1,0,,0,,,FIN,,0,0,0,0,0xf,qp_state,0,0,1,1,1,qp_state,0xf,4,1,0,0,2,2,2,2,"3,3,3,3",0,,1,1,1,qp_state,0xf,4,1,0,0,2,2,2,2,"3,3,3,3",0,,,,,,3375,8962,,1,,,,,,,,1,,,,,,,0,,,0,,,,2680464395.896,,1,,,0,,FIN,left,1549405716.651,0,,,0,,,,1549405283.545,,0,0,0,0,0,,,,,1,0,,,,,,0,,,0,0,,0,,,0,0,0,0,0.0,8962,0,,,,1,abort,2680464826.565,0,0,0,,,,1,0,0,1,1,1,0,0,0,0,0,0,0,1,0,,,,,,,,1,0,,,,,,0,,,1,0,,0,,,0,0,0,0,,,0,,,,1,abort,1549405732.086,0,0,0,,,,1,0,0,1,1,1,0,0,0,0,0,0,0,1,0,,,,,,,,,,,,,,,,,,,,39.57099962234497,1.5909996032714844,,,,,,432.2180004119873,0,,,,,,1,1,0,,0,,,,,,,,,,,,,,,,1,1,0,,0,,,,,,,,,,,,,,,,0,,,0,,,,,,,,,1,0,,0,,,,0,,0,,1,initiator,2680464401.556,0,,,0,,,,0,0,,,,,,0,verified,,0,1,0,,0,,,,0,,0,,1,responder,1549405286.102,0,,,0,,,,0,0,,,,,,0,verified,0,,2,,,29469,1,none,none,0,none,,,hr,1,nic,10,1,0,,link-local:1,nic,181,0,0,0,,1,nic,10,1,0,,link-local:1,nic,174,0,0,0,,,,,,,,,,,,,,,,,,,,,,,,,,,,,,,,,,,,,,,,,,,,,,,,,,,,,,,,,,,,,,,,,,,,,,,,,,,,,,,,,,,,,,,,,,,,,,,,,,,,,,,,,,,,,,,,,,,,,,,,,,,,,,,,,,,,,,,,,,,,,,,,,,,,,,,,,,,,,,,,,,,,,,,,,,,,,,,,,,,,,,,,,,,,,,,,,,,,,,,,,,,,,,,,,,,,,,,,,,,,,,,,,,,,,,,,,,,,,,,,
f1_b@hr,scored,2,hr,f1_b_n1,f1_b,hr,n1,,,,,,,,,,,,,,,,,,,,,,,,,,,,,1,hr,default,F1,blocking,1,,262144,120,637,primary,4,3,0,0,0,0,3.8,ok,ok,,,,120,no error,-1,,,120,no error,0,0,0,120,1,0,0,0,1,,,,,,,,none,none,-1.0,-1.0,8463,8690,44.48,53.25,132.61,10578.85,40,120,1,1,,1,0,0,1,0,LOCAL_QP_ERR,,1,0,0,1,0,0,,,0,0,,,no error,no error,694.4,646.9,1816.3,1801.6,0,1,,2680373797.357,599.6040000915527,,,,LOCAL_QP_ERR,2.7899999618530273,,,12.949000358581543,,"[82/80/2,0/0/0,0/0/0,0/0/0]",,,1,1,0,,0,,,FIN,,0,0,0,0,0xf,qp_state,0,0,1,1,1,qp_state,0xf,4,1,0,0,2,2,2,2,"3,3,3,3",0,,1,1,0,,0xf,4,1,0,0,2,2,2,2,"3,3,3,3",0,,,,,,3217,10106,,,,,,,,,,1,,,,,,,0,,,0,,,,2680373800.147,,1,,,0,,FIN,left,1549316204.316,0,,,0,,,,,,0,0,0,0,0,,,,,1,0,,,,,,0,,,0,0,,0,,,0,0,0,0,0.0,10106,0,,,,1,abort,2680375314.334,0,0,0,,,,1,0,0,1,1,1,0,0,0,0,0,0,0,1,,,,,,,,,1,0,,,,,,0,,,1,0,,0,,,0,0,0,0,,,0,,,,1,abort,1549316251.675,0,0,0,,,,0,0,0,1,1,1,0,0,0,0,0,0,0,1,0,,,,,,,,,,,,,,,,,,,,599.6040000915527,2.7899999618530273,,,,,,1515.7699999809265,0,,,,,,1,1,0,,0,,,,,,,,,,,,,,,,1,1,0,,0,,,,,,,,,,,,,,,,0,,,0,,,,,,,,,1,0,,0,,,,0,,0,,1,initiator,2680373806.94,0,,,0,,,,0,0,,,,,,0,verified,,0,1,0,,0,,,,0,,0,,1,responder,1549314691.374,0,,,0,,,,0,0,,,,,,0,verified,0,,2,,,29156,1,none,none,0,none,,,hr,1,nic,10,1,0,,link-local:1,nic,373,0,0,0,,1,nic,10,1,0,,link-local:1,nic,364,0,0,0,,,,,,,,,,,,,,,,,,,,,,,,,,,,,,,,,,,,,,,,,,,,,,,,,,,,,,,,,,,,,,,,,,,,,,,,,,,,,,,,,,,,,,,,,,,,,,,,,,,,,,,,,,,,,,,,,,,,,,,,,,,,,,,,,,,,,,,,,,,,,,,,,,,,,,,,,,,,,,,,,,,,,,,,,,,,,,,,,,,,,,,,,,,,,,,,,,,,,,,,,,,,,,,,,,,,,,,,,,,,,,,,,,,,,,,,,,,,,,,,
f1_b@hr,scored,2,hr,f1_b_n2,f1_b,hr,n2,,,,,,,,,,,,,,,,,,,,,,,,,,,,,2,hr,default,F1,blocking,1,,262144,120,774,primary,4,3,0,0,0,0,3.8,ok,ok,,,,120,no error,-1,,,120,no error,0,0,0,120,1,0,0,0,1,,,,,,,,none,none,-1.0,-1.0,8467,8761,43.94,52.64,136.40,11056.00,49,120,1,1,,1,0,0,1,0,LOCAL_QP_ERR,,1,0,0,1,0,0,,,0,0,,,no error,no error,695.8,628.7,1816.7,1802.2,0,1,,2680379457.009,735.7349996566772,,,,LOCAL_QP_ERR,2.022000312805176,,,12.723000049591064,,"[100/98/2,0/0/0,0/0/0,0/0/0]",,,1,1,0,,0,,,FIN,,0,0,0,0,0xf,qp_state,0,0,1,1,1,qp_state,0xf,4,1,0,0,2,2,2,2,"3,3,3,3",0,,1,1,0,,0xf,4,1,0,0,2,2,2,2,"3,3,3,3",0,,,,,,3255,9933,,,,,,,,,,1,,,,,,,0,,,0,,,,2680379459.031,,1,,,0,,FIN,left,1549321728.335,0,,,0,,,,,,0,0,0,0,0,,,,,1,0,,,,,,0,,,0,0,,0,,,0,0,0,0,0.0,9933,0,,,,1,abort,2680380838.348,0,0,0,,,,1,0,0,1,1,1,0,0,0,0,0,0,0,1,,,,,,,,,1,0,,,,,,0,,,1,0,,0,,,0,0,0,0,,,0,,,,1,abort,1549321795.651,0,0,0,,,,0,0,0,1,1,1,0,0,0,0,0,0,0,1,0,,,,,,,,,,,,,,,,,,,,735.7349996566772,2.022000312805176,,,,,,1380.8929996490479,0,,,,,,1,1,0,,0,,,,,,,,,,,,,,,,1,1,0,,0,,,,,,,,,,,,,,,,0,,,0,,,,,,,,,1,0,,0,,,,0,,0,,1,initiator,2680379466.323,0,,,0,,,,0,0,,,,,,0,verified,,0,1,0,,0,,,,0,,0,,1,responder,1549320350.873,0,,,0,,,,0,0,,,,,,0,verified,0,,2,,,29868,1,none,none,0,none,,,hr,1,nic,10,1,0,,link-local:1,nic,373,0,0,0,,1,nic,10,1,0,,link-local:1,nic,376,0,0,0,,,,,,,,,,,,,,,,,,,,,,,,,,,,,,,,,,,,,,,,,,,,,,,,,,,,,,,,,,,,,,,,,,,,,,,,,,,,,,,,,,,,,,,,,,,,,,,,,,,,,,,,,,,,,,,,,,,,,,,,,,,,,,,,,,,,,,,,,,,,,,,,,,,,,,,,,,,,,,,,,,,,,,,,,,,,,,,,,,,,,,,,,,,,,,,,,,,,,,,,,,,,,,,,,,,,,,,,,,,,,,,,,,,,,,,,,,,,,,,,
f1_b@hr,scored,2,hr,f1_b_n3,f1_b,hr,n3,,,,,,,,,,,,,,,,,,,,,,,,,,,,,3,hr,default,F1,blocking,1,,262144,120,911,primary,4,3,0,0,0,0,3.8,ok,ok,,,,120,no error,-1,,,120,no error,0,0,0,120,1,0,0,0,1,,,,,,,,none,none,-1.0,-1.0,8463,8748,43.94,53.25,138.91,11342.72,59,120,1,1,,1,0,0,1,0,LOCAL_QP_ERR,,1,0,0,1,0,0,,,0,0,,,no error,no error,702.0,642.9,1817.0,1802.3,0,1,,2680385151.665,872.8740000724792,,,,LOCAL_QP_ERR,15.293000221252441,,,26.323999881744385,,"[120/118/2,0/0/0,0/0/0,0/0/0]",,,1,1,0,,0,,,FIN,,0,0,0,0,0xf,qp_state,0,0,1,1,1,qp_state,0xf,4,1,0,0,2,2,2,2,"3,3,3,3",0,,1,1,0,,0xf,4,1,0,0,2,2,2,2,"3,3,3,3",0,,,,,,3242,9989,,,,,,,,,,1,,,,,,,0,,,0,,,,2680385166.958,,1,,,0,,FIN,left,1549327286.05,0,,,0,,,,,,0,0,0,0,0,,,,,1,0,,,,,,0,,,0,0,,0,,,0,0,0,0,0.0,9989,0,,,,1,abort,2680386396.055,0,0,0,,,,1,0,0,1,1,1,0,0,0,0,0,0,0,1,,,,,,,,,1,0,,,,,,0,,,1,0,,0,,,0,0,0,0,,,0,,,,1,abort,1549327344.9,0,0,0,,,,0,0,0,1,1,1,0,0,0,0,0,0,0,1,0,,,,,,,,,,,,,,,,,,,,872.8740000724792,15.293000221252441,,,,,,1230.6709995269775,0,,,,,,1,1,0,,0,,,,,,,,,,,,,,,,1,1,0,,0,,,,,,,,,,,,,,,,0,,,0,,,,,,,,,1,0,,0,,,,0,,0,,1,initiator,2680385174.596,0,,,0,,,,0,0,,,,,,0,verified,,0,1,0,,0,,,,0,,0,,1,responder,1549326059.323,0,,,0,,,,0,0,,,,,,0,verified,0,,2,,,29463,1,none,none,0,none,,,hr,1,nic,10,1,0,,link-local:1,nic,373,0,0,0,,1,nic,10,1,0,,link-local:1,nic,364,0,0,0,,,,,,,,,,,,,,,,,,,,,,,,,,,,,,,,,,,,,,,,,,,,,,,,,,,,,,,,,,,,,,,,,,,,,,,,,,,,,,,,,,,,,,,,,,,,,,,,,,,,,,,,,,,,,,,,,,,,,,,,,,,,,,,,,,,,,,,,,,,,,,,,,,,,,,,,,,,,,,,,,,,,,,,,,,,,,,,,,,,,,,,,,,,,,,,,,,,,,,,,,,,,,,,,,,,,,,,,,,,,,,,,,,,,,,,,,,,,,,,,
f1_b@hr,scored,2,hr,f1_b_n4,f1_b,hr,n4,,,,,,,,,,,,,,,,,,,,,,,,,,,,,4,hr,default,F1,blocking,1,,262144,120,1048,primary,4,3,0,0,0,0,3.8,ok,ok,,,,120,no error,-1,,,120,no error,0,0,0,120,1,0,0,0,1,,,,,,,,none,none,-1.0,-1.0,8466,8734,43.94,53.34,131.61,10494.85,68,120,1,1,,1,0,0,1,0,LOCAL_QP_ERR,,1,0,0,1,0,0,,,0,0,,,no error,no error,698.4,642.0,1816.2,1801.5,0,1,,2680390824.75,1009.7069997787476,,,,LOCAL_QP_ERR,13.847000122070312,,,24.0479998588562,,"[138/136/2,0/0/0,0/0/0,0/0/0]",,,1,1,0,,0,,,FIN,,0,0,0,0,0xf,qp_state,0,0,1,1,1,qp_state,0xf,4,1,0,0,2,2,2,2,"3,3,3,3",0,,1,1,0,,0xf,4,1,0,0,2,2,2,2,"3,3,3,3",0,,,,,,3287,10063,,,,,,,,,,1,,,,,,,0,,,0,,,,2680390838.597,,1,,,0,,FIN,left,1549332821.633,0,,,0,,,,,,0,0,0,0,0,,,,,1,0,,,,,,0,,,0,0,,0,,,0,0,0,0,0.0,10063,0,,,,1,abort,2680391931.598,0,0,0,,,,1,0,0,1,1,1,0,0,0,0,0,0,0,1,,,,,,,,,1,0,,,,,,0,,,1,0,,0,,,0,0,0,0,,,0,,,,1,abort,1549332877.917,0,0,0,,,,0,0,0,1,1,1,0,0,0,0,0,0,0,1,0,,,,,,,,,,,,,,,,,,,,1009.7069997787476,13.847000122070312,,,,,,1094.6099996566772,0,,,,,,1,1,0,,0,,,,,,,,,,,,,,,,1,1,0,,0,,,,,,,,,,,,,,,,0,,,0,,,,,,,,,1,0,,0,,,,0,,0,,1,initiator,2680390845.363,0,,,0,,,,0,0,,,,,,0,verified,,0,1,0,,0,,,,0,,0,,1,responder,1549331729.831,0,,,0,,,,0,0,,,,,,0,verified,0,,2,,,30827,1,none,none,0,none,,,hr,1,nic,10,1,0,,link-local:1,nic,373,0,0,0,,1,nic,10,1,0,,link-local:1,nic,364,0,0,0,,,,,,,,,,,,,,,,,,,,,,,,,,,,,,,,,,,,,,,,,,,,,,,,,,,,,,,,,,,,,,,,,,,,,,,,,,,,,,,,,,,,,,,,,,,,,,,,,,,,,,,,,,,,,,,,,,,,,,,,,,,,,,,,,,,,,,,,,,,,,,,,,,,,,,,,,,,,,,,,,,,,,,,,,,,,,,,,,,,,,,,,,,,,,,,,,,,,,,,,,,,,,,,,,,,,,,,,,,,,,,,,,,,,,,,,,,,,,,,,
f1_b@hr,scored,2,hr,f1_b_n5,f1_b,hr,n5,,,,,,,,,,,,,,,,,,,,,,,,,,,,,5,hr,default,F1,blocking,1,,262144,120,1185,primary,4,3,0,0,0,0,3.8,ok,ok,,,,120,no error,-1,,,120,no error,0,0,0,120,1,0,0,0,1,,,,,,,,none,none,-1.0,-1.0,8465,8707,43.94,54.27,133.88,10741.76,77,120,1,1,,1,0,0,1,0,LOCAL_QP_ERR,,1,0,0,1,0,0,,,0,0,,,no error,no error,689.1,638.1,1816.3,1801.7,0,1,,2680396518.833,1146.880000114441,,,,LOCAL_QP_ERR,12.19599962234497,,,22.554999828338623,,"[156/154/2,0/0/0,0/0/0,0/0/0]",,,1,1,0,,0,,,FIN,,0,0,0,0,0xf,qp_state,0,0,1,1,1,qp_state,0xf,4,1,0,0,2,2,2,2,"3,3,3,3",0,,1,1,0,,0xf,4,1,0,0,2,2,2,2,"3,3,3,3",0,,,,,,3199,9833,,,,,,,,,,1,,,,,,,0,,,0,,,,2680396531.029,,1,,,0,,FIN,left,1549338378.644,0,,,0,,,,,,0,0,0,0,0,,,,,1,0,,,,,,0,,,0,0,,0,,,0,0,0,0,0.0,9833,0,,,,1,abort,2680397488.579,0,0,0,,,,1,0,0,1,1,1,0,0,0,0,0,0,0,1,,,,,,,,,1,0,,,,,,0,,,1,0,,0,,,0,0,0,0,,,0,,,,1,abort,1549338428.899,0,0,0,,,,0,0,0,1,1,1,0,0,0,0,0,0,0,1,0,,,,,,,,,,,,,,,,,,,,1146.880000114441,12.19599962234497,,,,,,959.1820001602173,0,,,,,,1,1,0,,0,,,,,,,,,,,,,,,,1,1,0,,0,,,,,,,,,,,,,,,,0,,,0,,,,,,,,,1,0,,0,,,,0,,0,,1,initiator,2680396538.042,0,,,0,,,,0,0,,,,,,0,verified,,0,1,0,,0,,,,0,,0,,1,responder,1549337422.772,0,,,0,,,,0,0,,,,,,0,verified,0,,2,,,29449,1,none,none,0,none,,,hr,1,nic,10,1,0,,link-local:1,nic,373,0,0,0,,1,nic,10,1,0,,link-local:1,nic,364,0,0,0,,,,,,,,,,,,,,,,,,,,,,,,,,,,,,,,,,,,,,,,,,,,,,,,,,,,,,,,,,,,,,,,,,,,,,,,,,,,,,,,,,,,,,,,,,,,,,,,,,,,,,,,,,,,,,,,,,,,,,,,,,,,,,,,,,,,,,,,,,,,,,,,,,,,,,,,,,,,,,,,,,,,,,,,,,,,,,,,,,,,,,,,,,,,,,,,,,,,,,,,,,,,,,,,,,,,,,,,,,,,,,,,,,,,,,,,,,,,,,,,
f2rel_b@hr,scored,2,hr,f2rel_b_n1,f2rel_b,hr,n1,,,,,,,,,,,,,,,,,,,,,,,,,,,,,1,hr,default,F2,blocking,1,,262144,120,700,primary,4,3,0,4,4,0,2.3,device_error,device_error,,,,10,remote process exited or there was a network error,10,,,10,remote process exited or there was a network error,0,110,110,120,1,1,0,1,0,,,,,,,,remote process exited or there was a network error,remote process exited or there was a network error,158.7,159.9,1759,2289,47.17,52.16,47.51,52.16,0,10,1,1,,0,0,0,1,0,REM_ACCESS,,0,0,0,0,0,0,class REM_ACCESS is not recoverable,the peer declined,0,0,,,no error,no error,838.4,697.2,159.1,197.4,0,0,,,,,,,REM_ACCESS,,,,,,,,,1,1,0,,0,,,FIN,2680504912.593,0,0,1,0,,,0,0,1,1,0,,,,0,0,0,2,2,2,2,"6,6,6,6",4,,1,1,0,,,,0,0,0,2,2,2,2,"6,6,6,6",4,,,,,,,,,,,,,,,,,1,,,,,,,0,,,0,,,,2680504910.742,2680504912.593,1,,,0,,FIN,left,1549446103.489,0,,,0,,,,,1549445802.41,0,0,0,0,0,,,,,1,0,,,,,,0,,,0,0,,0,,,0,0,0,0,,,0,,,,1,declined,2680504912.561,0,0,0,,,,0,0,0,1,0,0,1,0,0,0,0,0,0,1,,,,,,,,,1,0,,,,,,0,,,1,0,,0,,,0,0,0,0,,,0,,,,1,declined,1549445802.381,0,0,0,,,,0,0,0,1,0,0,1,0,0,0,0,0,0,1,0,,,,,,,,,,,,,,,,,,,,,,1.8509998321533203,,,,,304.18699979782104,0,,,,,,1,1,0,,0,,,,,,,,,,,,,,,,1,1,0,,0,,,,,,,,,,,,,,,,0,,,0,,,,,,,,,1,1,1:declined,1,declined,1:unknown,unknown,0,,0,,0,,,0,,,0,,,,0,0,,class REM_ACCESS is not recoverable,,,,0,verified,,0,1,1,0:declined,1,declined,0:unknown,unknown,0,,0,,0,,,0,,,0,,,,0,0,,the peer declined,,,,0,verified,0,,0,,,29915,1,none,none,0,none,,,hr,1,nic,10,1,0,,link-local:1,nic,40,0,0,0,,1,nic,10,1,0,,link-local:1,nic,40,0,0,0,,,,,,,,,,,,,,,,,,,,,,,,,,,,,,,,,,,,,,,,,,,,,,,,,,,,,,,,,,,,,,,,,,,,,,,,,,,,,,,,,,,,,,,,,,,,,,,,,,,,,,,,,,,,,,,,,,,,,,,,,,,,,,,,,,,,,,,,,,,,,,,,,,,,,,,,,,,,,,,,,,,,,,,,,,,,,,,,,,,,,,,,,,,,,,,,,,,,,,,,,,,,,,,,,,,,,,,,,,,,,,,,,,,,,,,,,,,,,,,,
f2rel_b@hr,scored,2,hr,f2rel_b_n2,f2rel_b,hr,n2,,,,,,,,,,,,,,,,,,,,,,,,,,,,,2,hr,default,F2,blocking,1,,262144,120,700,primary,4,3,0,4,4,0,2.3,device_error,device_error,,,,10,remote process exited or there was a network error,10,,,10,remote process exited or there was a network error,0,110,110,120,1,1,0,1,0,,,,,,,,remote process exited or there was a network error,remote process exited or there was a network error,156.3,157.8,1804,2225,45.98,53.28,47.07,53.28,0,10,1,1,,0,0,0,1,0,REM_ACCESS,,0,0,0,0,0,0,class REM_ACCESS is not recoverable,the peer declined,0,0,,,no error,no error,864.9,736.1,156.4,194.0,0,0,,,,,,,REM_ACCESS,,,,,,,,,1,1,0,,0,,,FIN,2680508945.747,0,0,1,0,,,0,0,1,1,0,,,,0,0,0,2,2,2,2,"6,6,6,6",4,,1,1,0,,,,0,0,0,2,2,2,2,"6,6,6,6",4,,,,,,,,,,,,,,,,,1,,,,,,,0,,,0,,,,2680508943.606,2680508945.747,1,,,0,,FIN,left,1549450136.263,0,,,0,,,,,1549449835.633,0,0,0,0,0,,,,,1,0,,,,,,0,,,0,0,,0,,,0,0,0,0,,,0,,,,1,declined,2680508945.716,0,0,0,,,,0,0,0,1,0,0,1,0,0,0,0,0,0,1,,,,,,,,,1,0,,,,,,0,,,1,0,,0,,,0,0,0,0,,,0,,,,1,declined,1549449835.604,0,0,0,,,,0,0,0,1,0,0,1,0,0,0,0,0,0,1,0,,,,,,,,,,,,,,,,,,,,,,2.141000270843506,,,,,304.0939998626709,0,,,,,,1,1,0,,0,,,,,,,,,,,,,,,,1,1,0,,0,,,,,,,,,,,,,,,,0,,,0,,,,,,,,,1,1,1:declined,1,declined,1:unknown,unknown,0,,0,,0,,,0,,,0,,,,0,0,,class REM_ACCESS is not recoverable,,,,0,verified,,0,1,1,0:declined,1,declined,0:unknown,unknown,0,,0,,0,,,0,,,0,,,,0,0,,the peer declined,,,,0,verified,0,,0,,,29589,1,none,none,0,none,,,hr,1,nic,10,1,0,,link-local:1,nic,40,0,0,0,,1,nic,10,1,0,,link-local:1,nic,40,0,0,0,,,,,,,,,,,,,,,,,,,,,,,,,,,,,,,,,,,,,,,,,,,,,,,,,,,,,,,,,,,,,,,,,,,,,,,,,,,,,,,,,,,,,,,,,,,,,,,,,,,,,,,,,,,,,,,,,,,,,,,,,,,,,,,,,,,,,,,,,,,,,,,,,,,,,,,,,,,,,,,,,,,,,,,,,,,,,,,,,,,,,,,,,,,,,,,,,,,,,,,,,,,,,,,,,,,,,,,,,,,,,,,,,,,,,,,,,,,,,,,,
f2rel_b@hr,scored,2,hr,f2rel_b_n3,f2rel_b,hr,n3,,,,,,,,,,,,,,,,,,,,,,,,,,,,,3,hr,default,F2,blocking,1,,262144,120,700,primary,4,3,0,4,4,0,2.3,device_error,device_error,,,,10,remote process exited or there was a network error,10,,,10,remote process exited or there was a network error,0,110,110,120,1,1,0,1,0,,,,,,,,remote process exited or there was a network error,remote process exited or there was a network error,156.3,157.7,1805,2153,47.14,54.43,47.56,54.43,0,10,1,1,,0,0,0,1,0,REM_ACCESS,,0,0,0,0,0,0,class REM_ACCESS is not recoverable,the peer declined,0,0,,,no error,no error,863.4,758.3,156.3,200.3,0,0,,,,,,,REM_ACCESS,,,,,,,,,1,1,0,,0,,,FIN,2680512995.262,0,0,1,0,,,0,0,1,1,0,,,,0,0,0,2,2,2,2,"6,6,6,6",4,,1,1,0,,,,0,0,0,2,2,2,2,"6,6,6,6",4,,,,,,,,,,,,,,,,,1,,,,,,,0,,,0,,,,2680512993.084,2680512995.262,1,,,0,,FIN,left,1549454185.864,0,,,0,,,,,1549453885.169,0,0,0,0,0,,,,,1,0,,,,,,0,,,0,0,,0,,,0,0,0,0,,,0,,,,1,declined,2680512995.23,0,0,0,,,,0,0,0,1,0,0,1,0,0,0,0,0,0,1,,,,,,,,,1,0,,,,,,0,,,1,0,,0,,,0,0,0,0,,,0,,,,1,declined,1549453885.14,0,0,0,,,,0,0,0,1,0,0,1,0,0,0,0,0,0,1,0,,,,,,,,,,,,,,,,,,,,,,2.177999973297119,,,,,304.21600008010864,0,,,,,,1,1,0,,0,,,,,,,,,,,,,,,,1,1,0,,0,,,,,,,,,,,,,,,,0,,,0,,,,,,,,,1,1,1:declined,1,declined,1:unknown,unknown,0,,0,,0,,,0,,,0,,,,0,0,,class REM_ACCESS is not recoverable,,,,0,verified,,0,1,1,0:declined,1,declined,0:unknown,unknown,0,,0,,0,,,0,,,0,,,,0,0,,the peer declined,,,,0,verified,0,,0,,,29850,1,none,none,0,none,,,hr,1,nic,10,1,0,,link-local:1,nic,40,0,0,0,,1,nic,10,1,0,,link-local:1,nic,40,0,0,0,,,,,,,,,,,,,,,,,,,,,,,,,,,,,,,,,,,,,,,,,,,,,,,,,,,,,,,,,,,,,,,,,,,,,,,,,,,,,,,,,,,,,,,,,,,,,,,,,,,,,,,,,,,,,,,,,,,,,,,,,,,,,,,,,,,,,,,,,,,,,,,,,,,,,,,,,,,,,,,,,,,,,,,,,,,,,,,,,,,,,,,,,,,,,,,,,,,,,,,,,,,,,,,,,,,,,,,,,,,,,,,,,,,,,,,,,,,,,,,,
f2rel_b@hr,scored,2,hr,f2rel_b_n4,f2rel_b,hr,n4,,,,,,,,,,,,,,,,,,,,,,,,,,,,,4,hr,default,F2,blocking,1,,262144,120,700,primary,4,3,0,4,4,0,2.3,device_error,device_error,,,,10,remote process exited or there was a network error,10,,,10,remote process exited or there was a network error,0,110,110,120,1,1,0,1,0,,,,,,,,remote process exited or there was a network error,remote process exited or there was a network error,155.5,156.7,1800,2210,45.95,53.25,46.86,53.25,0,10,1,1,,0,0,0,1,0,REM_ACCESS,,0,0,0,0,0,0,class REM_ACCESS is not recoverable,the peer declined,0,0,,,no error,no error,863.4,734.1,155.5,197.2,0,0,,,,,,,REM_ACCESS,,,,,,,,,1,1,0,,0,,,FIN,2680517053.937,0,0,1,0,,,0,0,1,1,0,,,,0,0,0,2,2,2,2,"6,6,6,6",4,,1,1,0,,,,0,0,0,2,2,2,2,"6,6,6,6",4,,,,,,,,,,,,,,,,,1,,,,,,,0,,,0,,,,2680517052.582,2680517053.937,1,,,0,,FIN,left,1549458244.418,0,,,0,,,,,1549457943.781,0,0,0,0,0,,,,,1,0,,,,,,0,,,0,0,,0,,,0,0,0,0,,,0,,,,1,declined,2680517053.906,0,0,0,,,,0,0,0,1,0,0,1,0,0,0,0,0,0,1,,,,,,,,,1,0,,,,,,0,,,1,0,,0,,,0,0,0,0,,,0,,,,1,declined,1549457943.751,0,0,0,,,,0,0,0,1,0,0,1,0,0,0,0,0,0,1,0,,,,,,,,,,,,,,,,,,,,,,1.3550000190734863,,,,,303.2700004577637,0,,,,,,1,1,0,,0,,,,,,,,,,,,,,,,1,1,0,,0,,,,,,,,,,,,,,,,0,,,0,,,,,,,,,1,1,1:declined,1,declined,1:unknown,unknown,0,,0,,0,,,0,,,0,,,,0,0,,class REM_ACCESS is not recoverable,,,,0,verified,,0,1,1,0:declined,1,declined,0:unknown,unknown,0,,0,,0,,,0,,,0,,,,0,0,,the peer declined,,,,0,verified,0,,0,,,30749,1,none,none,0,none,,,hr,1,nic,10,1,0,,link-local:1,nic,40,0,0,0,,1,nic,10,1,0,,link-local:1,nic,40,0,0,0,,,,,,,,,,,,,,,,,,,,,,,,,,,,,,,,,,,,,,,,,,,,,,,,,,,,,,,,,,,,,,,,,,,,,,,,,,,,,,,,,,,,,,,,,,,,,,,,,,,,,,,,,,,,,,,,,,,,,,,,,,,,,,,,,,,,,,,,,,,,,,,,,,,,,,,,,,,,,,,,,,,,,,,,,,,,,,,,,,,,,,,,,,,,,,,,,,,,,,,,,,,,,,,,,,,,,,,,,,,,,,,,,,,,,,,,,,,,,,,,
f2rel_b@hr,scored,2,hr,f2rel_b_n5,f2rel_b,hr,n5,,,,,,,,,,,,,,,,,,,,,,,,,,,,,5,hr,default,F2,blocking,1,,262144,120,700,primary,4,3,0,4,4,0,2.3,device_error,device_error,,,,10,remote process exited or there was a network error,10,,,10,remote process exited or there was a network error,0,110,110,120,1,1,0,1,0,,,,,,,,remote process exited or there was a network error,remote process exited or there was a network error,156.3,157.7,1805,2141,45.95,53.44,46.27,53.44,0,10,1,1,,0,0,0,1,0,REM_ACCESS,,0,0,0,0,0,0,class REM_ACCESS is not recoverable,the peer declined,0,0,,,no error,no error,859.6,758.8,156.3,193.9,0,0,,,,,,,REM_ACCESS,,,,,,,,,1,1,0,,0,,,FIN,2680521112.748,0,0,1,0,,,0,0,1,1,0,,,,0,0,0,2,2,2,2,"6,6,6,6",4,,1,1,0,,,,0,0,0,2,2,2,2,"6,6,6,6",4,,,,,,,,,,,,,,,,,1,,,,,,,0,,,0,,,,2680521110.525,2680521112.748,1,,,0,,FIN,left,1549462303.401,0,,,0,,,,,1549462002.622,0,0,0,0,0,,,,,1,0,,,,,,0,,,0,0,,0,,,0,0,0,0,,,0,,,,1,declined,2680521112.719,0,0,0,,,,0,0,0,1,0,0,1,0,0,0,0,0,0,1,,,,,,,,,1,0,,,,,,0,,,1,0,,0,,,0,0,0,0,,,0,,,,1,declined,1549462002.593,0,0,0,,,,0,0,0,1,0,0,1,0,0,0,0,0,0,1,0,,,,,,,,,,,,,,,,,,,,,,2.2230000495910645,,,,,304.3029999732971,0,,,,,,1,1,0,,0,,,,,,,,,,,,,,,,1,1,0,,0,,,,,,,,,,,,,,,,0,,,0,,,,,,,,,1,1,1:declined,1,declined,1:unknown,unknown,0,,0,,0,,,0,,,0,,,,0,0,,class REM_ACCESS is not recoverable,,,,0,verified,,0,1,1,0:declined,1,declined,0:unknown,unknown,0,,0,,0,,,0,,,0,,,,0,0,,the peer declined,,,,0,verified,0,,0,,,29760,1,none,none,0,none,,,hr,1,nic,10,1,0,,link-local:1,nic,40,0,0,0,,1,nic,10,1,0,,link-local:1,nic,40,0,0,0,,,,,,,,,,,,,,,,,,,,,,,,,,,,,,,,,,,,,,,,,,,,,,,,,,,,,,,,,,,,,,,,,,,,,,,,,,,,,,,,,,,,,,,,,,,,,,,,,,,,,,,,,,,,,,,,,,,,,,,,,,,,,,,,,,,,,,,,,,,,,,,,,,,,,,,,,,,,,,,,,,,,,,,,,,,,,,,,,,,,,,,,,,,,,,,,,,,,,,,,,,,,,,,,,,,,,,,,,,,,,,,,,,,,,,,,,,,,,,,,
f3_b@hr,scored,2,hr,f3_b_n1,f3_b,hr,n1,,,,,,,,,,,,,,,,,,,,,,,,,,,,,1,hr,default,F3,blocking,1,,262144,120,637,primary,4,3,0,0,0,0,7.3,ok,ok,,,,120,no error,-1,,,120,no error,0,0,0,120,1,0,0,0,1,,,,,,,,none,none,-1.0,-1.0,22767,23109,43.94,52.83,29933.33,3586714.50,40,120,1,1,,0,1,0,1,0,RETRY_EXC,,1,0,0,1,0,0,,,0,0,,,no error,no error,629.8,555.1,5392.2,5377.6,0,1,,2680401500.8339996,599.7799997329712,,,,RETRY_EXC,3576.974000453949,,,3588.881000518799,,"[82/80/2,0/0/0,0/0/0,0/0/0]",,,1,1,0,,0,,,FIN,,0,0,0,0,0x1,pair,1,0,1,1,2,peer,0xf,4,1,0,0,2,2,2,2,"3,3,3,3",0,,1,1,0,,0xf,4,1,0,1,2,2,2,2,"3,3,3,3",0,,,not_rts,3,,3263,9596,,1,,,,,,,,1,,,,,,,0,,,0,,,,2680405077.808,,1,,,0,,FIN,left,1549347483.691,0,,,0,,,,,,0,0,0,0,0,,,,,1,0,,,,,,0,,,0,0,,0,,,0,0,0,0,0.0,9596,0,,,,1,abort,2680406593.595,0,0,0,,,,2,0,0,1,2,1,0,0,0,0,0,0,0,1,,,,,,,,,1,0,,,,,,0,,,1,0,,0,,,0,0,0,0,,,0,,,,1,abort,1549347559.625,0,0,0,,,,0,0,0,1,1,1,0,0,0,0,0,0,0,1,0,,,,,,,,,,,,,,,,,,,,,3576.974000453949,,,,,,1517.436999797821,0,,,,,,1,1,0,,0,,,,,,,,,,,,,,,,1,1,0,,0,,,,,,,,,,,,,,,,0,,,0,,,,,,,,,1,0,,0,,,,0,,0,,1,initiator,2680405086.313,0,,,0,,,,0,0,,,,,,0,verified,,0,1,0,,0,,,,0,,0,,1,responder,1549345970.94,0,,,0,,,,0,0,,,,,,0,verified,0,,2,,,29558,1,none,none,0,none,,,hr,1,nic,10,1,0,,link-local:1,nic,802,0,0,0,,1,nic,10,1,0,,link-local:1,nic,796,0,0,0,,,,,,,,,,,,,,,,,,,,,,,,,,,,,,,,,,,,,,,,,,,,,,,,,,,,,,,,,,,,,,,,,,,,,,,,,,,,,,,,,,,,,,,,,,,,,,,,,,,,,,,,,,,,,,,,,,,,,,,,,,,,,,,,,,,,,,,,,,,,,,,,,,,,,,,,,,,,,,,,,,,,,,,,,,,,,,,,,,,,,,,,,,,,,,,,,,,,,,,,,,,,,,,,,,,,,,,,,,,,,,,,,,,,,,,,,,,,,,,,
f3_b@hr,scored,2,hr,f3_b_n2,f3_b,hr,n2,,,,,,,,,,,,,,,,,,,,,,,,,,,,,2,hr,default,F3,blocking,1,,262144,120,774,primary,4,3,0,0,0,0,7.8,ok,ok,,,,120,no error,-1,,,120,no error,0,0,0,120,1,0,0,0,1,,,,,,,,none,none,-1.0,-1.0,23461,23759,43.94,53.22,31378.64,3760106.98,49,120,1,1,,0,1,0,1,0,RETRY_EXC,,1,0,0,1,0,0,,,0,0,,,no error,no error,945.0,883.1,5566.2,5551.1,0,1,,2680410724.1899996,736.8509993553162,,,,RETRY_EXC,3748.750000476837,,,3760.612000465393,,"[100/98/2,0/0/0,0/0/0,0/0/0]",,,1,1,0,,0,,,FIN,,0,0,0,0,0x1,pair,1,0,1,1,2,peer,0xf,4,1,0,0,2,2,2,2,"3,3,3,3",0,,1,1,0,,0xf,4,1,0,1,2,2,2,2,"3,3,3,3",0,,,not_rts,3,,3402,9724,,1,,,,,,,,1,,,,,,,0,,,0,,,,2680414472.94,,1,,,0,,FIN,left,1549356743.867,0,,,0,,,,,,0,0,0,0,0,,,,,1,0,,,,,,0,,,0,0,,0,,,0,0,0,0,0.0,9724,0,,,,1,abort,2680415853.829,0,0,0,,,,2,0,0,1,2,1,0,0,0,0,0,0,0,1,,,,,,,,,1,0,,,,,,0,,,1,0,,0,,,0,0,0,0,,,0,,,,1,abort,1549356805.873,0,0,0,,,,0,0,0,1,1,1,0,0,0,0,0,0,0,1,0,,,,,,,,,,,,,,,,,,,,,3748.750000476837,,,,,,1382.4679999351501,0,,,,,,1,1,0,,0,,,,,,,,,,,,,,,,1,1,0,,0,,,,,,,,,,,,,,,,0,,,0,,,,,,,,,1,0,,0,,,,0,,0,,1,initiator,2680414481.257,0,,,0,,,,0,0,,,,,,0,verified,,0,1,0,,0,,,,0,,0,,1,responder,1549355365.954,0,,,0,,,,0,0,,,,,,0,verified,0,,2,,,29173,1,none,none,0,none,,,hr,1,nic,10,1,0,,link-local:1,nic,826,0,0,0,,1,nic,10,1,0,,link-local:1,nic,820,0,0,0,,,,,,,,,,,,,,,,,,,,,,,,,,,,,,,,,,,,,,,,,,,,,,,,,,,,,,,,,,,,,,,,,,,,,,,,,,,,,,,,,,,,,,,,,,,,,,,,,,,,,,,,,,,,,,,,,,,,,,,,,,,,,,,,,,,,,,,,,,,,,,,,,,,,,,,,,,,,,,,,,,,,,,,,,,,,,,,,,,,,,,,,,,,,,,,,,,,,,,,,,,,,,,,,,,,,,,,,,,,,,,,,,,,,,,,,,,,,,,,,
f3_b@hr,scored,2,hr,f3_b_n3,f3_b,hr,n3,,,,,,,,,,,,,,,,,,,,,,,,,,,,,3,hr,default,F3,blocking,1,,262144,120,911,primary,4,3,0,0,0,0,7.8,ok,ok,,,,120,no error,-1,,,120,no error,0,0,0,120,1,0,0,0,1,,,,,,,,none,none,-1.0,-1.0,23330,23550,43.94,52.64,31097.06,3726313.34,59,120,1,1,,0,1,0,1,0,RETRY_EXC,,1,0,0,1,0,0,,,0,0,,,no error,no error,991.3,941.4,5532.1,5517.2,0,1,,2680420407.6800003,873.4460000991821,,,,RETRY_EXC,3728.8999996185303,,,3740.6979994773865,,"[120/118/2,0/0/0,0/0/0,0/0/0]",,,1,1,0,,0,,,FIN,,0,0,0,0,0x1,pair,1,0,1,1,2,peer,0xf,4,1,0,0,2,2,2,2,"3,3,3,3",0,,1,1,0,,0xf,4,1,0,1,2,2,2,2,"3,3,3,3",0,,,not_rts,3,,3304,9575,,1,,,,,,,,1,,,,,,,0,,,0,,,,2680424136.58,,1,,,0,,FIN,left,1549366256.911,0,,,0,,,,,,0,0,0,0,0,,,,,1,0,,,,,,0,,,0,0,,0,,,0,0,0,0,0.0,9575,0,,,,1,abort,2680425366.839,0,0,0,,,,2,0,0,1,2,1,0,0,0,0,0,0,0,1,,,,,,,,,1,0,,,,,,0,,,1,0,,0,,,0,0,0,0,,,0,,,,1,abort,1549366307.105,0,0,0,,,,0,0,0,1,1,1,0,0,0,0,0,0,0,1,0,,,,,,,,,,,,,,,,,,,,,3728.8999996185303,,,,,,1231.8610000610352,0,,,,,,1,1,0,,0,,,,,,,,,,,,,,,,1,1,0,,0,,,,,,,,,,,,,,,,0,,,0,,,,,,,,,1,0,,0,,,,0,,0,,1,initiator,2680424144.934,0,,,0,,,,0,0,,,,,,0,verified,,0,1,0,,0,,,,0,,0,,1,responder,1549365029.631,0,,,0,,,,0,0,,,,,,0,verified,0,,2,,,29159,1,none,none,0,none,,,hr,1,nic,10,1,0,,link-local:1,nic,826,0,0,0,,1,nic,10,1,0,,link-local:1,nic,808,0,0,0,,,,,,,,,,,,,,,,,,,,,,,,,,,,,,,,,,,,,,,,,,,,,,,,,,,,,,,,,,,,,,,,,,,,,,,,,,,,,,,,,,,,,,,,,,,,,,,,,,,,,,,,,,,,,,,,,,,,,,,,,,,,,,,,,,,,,,,,,,,,,,,,,,,,,,,,,,,,,,,,,,,,,,,,,,,,,,,,,,,,,,,,,,,,,,,,,,,,,,,,,,,,,,,,,,,,,,,,,,,,,,,,,,,,,,,,,,,,,,,,
f3_b@hr,scored,2,hr,f3_b_n4,f3_b,hr,n4,,,,,,,,,,,,,,,,,,,,,,,,,,,,,4,hr,default,F3,blocking,1,,262144,120,1048,primary,4,3,0,0,0,0,7.3,ok,ok,,,,120,no error,-1,,,120,no error,0,0,0,120,1,0,0,0,1,,,,,,,,none,none,-1.0,-1.0,23216,23435,43.94,53.79,30862.01,3698135.94,68,120,1,1,,0,1,0,1,0,RETRY_EXC,,1,0,0,1,0,0,,,0,0,,,no error,no error,512.1,966.0,5503.8,5489.0,0,1,,2680430103.4040003,1012.1780004501343,,,,RETRY_EXC,3696.8149995803833,,,3709.2249999046326,,"[138/136/2,0/0/0,0/0/0,0/0/0]",,,1,1,0,,0,,,FIN,,0,0,0,0,0x1,pair,1,0,1,1,2,peer,0xf,4,1,0,0,2,2,2,2,"3,3,3,3",0,,1,1,0,,0xf,4,1,0,1,2,2,2,2,"3,3,3,3",0,,,not_rts,3,,3376,9915,,1,,,,,,,,1,,,,,,,0,,,0,,,,2680433800.219,,1,,,0,,FIN,left,1549375785.402,0,,,0,,,,,,0,0,0,0,0,,,,,1,0,,,,,,0,,,0,0,,0,,,0,0,0,0,0.0,9915,0,,,,1,abort,2680434895.347,0,0,0,,,,2,0,0,1,2,1,0,0,0,0,0,0,0,1,,,,,,,,,1,0,,,,,,0,,,1,0,,0,,,0,0,0,0,,,0,,,,1,abort,1549375831.106,0,0,0,,,,0,0,0,1,1,1,0,0,0,0,0,0,0,1,0,,,,,,,,,,,,,,,,,,,,,3696.8149995803833,,,,,,1096.6960000991821,0,,,,,,1,1,0,,0,,,,,,,,,,,,,,,,1,1,0,,0,,,,,,,,,,,,,,,,0,,,0,,,,,,,,,1,0,,0,,,,0,,0,,1,initiator,2680433809.114,0,,,0,,,,0,0,,,,,,0,verified,,0,1,0,,0,,,,0,,0,,1,responder,1549374693.659,0,,,0,,,,0,0,,,,,,0,verified,0,,2,,,29796,1,none,none,0,none,,,hr,1,nic,10,1,0,,link-local:1,nic,814,0,0,0,,1,nic,10,1,0,,link-local:1,nic,808,0,0,0,,,,,,,,,,,,,,,,,,,,,,,,,,,,,,,,,,,,,,,,,,,,,,,,,,,,,,,,,,,,,,,,,,,,,,,,,,,,,,,,,,,,,,,,,,,,,,,,,,,,,,,,,,,,,,,,,,,,,,,,,,,,,,,,,,,,,,,,,,,,,,,,,,,,,,,,,,,,,,,,,,,,,,,,,,,,,,,,,,,,,,,,,,,,,,,,,,,,,,,,,,,,,,,,,,,,,,,,,,,,,,,,,,,,,,,,,,,,,,,,
f3_b@hr,scored,2,hr,f3_b_n5,f3_b,hr,n5,,,,,,,,,,,,,,,,,,,,,,,,,,,,,5,hr,default,F3,blocking,1,,262144,120,1185,primary,4,3,0,0,0,0,7.3,ok,ok,,,,120,no error,-1,,,120,no error,0,0,0,120,1,0,0,0,1,,,,,,,,none,none,-1.0,-1.0,23126,23336,43.94,52.96,30675.99,3675794.88,77,120,1,1,,0,1,0,1,0,RETRY_EXC,,1,0,0,1,0,0,,,0,0,,,no error,no error,530.8,980.9,5481.5,5467.0,0,1,,2680439788.651,1147.356999874115,,,,RETRY_EXC,3675.170000076294,,,3687.085000038147,,"[156/154/2,0/0/0,0/0/0,0/0/0]",,,1,1,0,,0,,,FIN,,0,0,0,0,0x1,pair,1,0,1,1,2,peer,0xf,4,1,0,0,2,2,2,2,"3,3,3,3",0,,1,1,0,,0xf,4,1,0,1,2,2,2,2,"3,3,3,3",0,,,not_rts,3,,3185,9679,,1,,,,,,,,1,,,,,,,0,,,0,,,,2680443463.821,,1,,,0,,FIN,left,1549385313.226,0,,,0,,,,,,0,0,0,0,0,,,,,1,0,,,,,,0,,,0,0,,0,,,0,0,0,0,0.0,9679,0,,,,1,abort,2680444423.094,0,0,0,,,,2,0,0,1,2,1,0,0,0,0,0,0,0,1,,,,,,,,,1,0,,,,,,0,,,1,0,,0,,,0,0,0,0,,,0,,,,1,abort,1549385362.354,0,0,0,,,,0,0,0,1,1,1,0,0,0,0,0,0,0,1,0,,,,,,,,,,,,,,,,,,,,,3675.170000076294,,,,,,960.9070000648499,0,,,,,,1,1,0,,0,,,,,,,,,,,,,,,,1,1,0,,0,,,,,,,,,,,,,,,,0,,,0,,,,,,,,,1,0,,0,,,,0,,0,,1,initiator,2680443472.412,0,,,0,,,,0,0,,,,,,0,verified,,0,1,0,,0,,,,0,,0,,1,responder,1549384356.898,0,,,0,,,,0,0,,,,,,0,verified,0,,2,,,30500,1,none,none,0,none,,,hr,1,nic,10,1,0,,link-local:1,nic,814,0,0,0,,1,nic,10,1,0,,link-local:1,nic,808,0,0,0,,,,,,,,,,,,,,,,,,,,,,,,,,,,,,,,,,,,,,,,,,,,,,,,,,,,,,,,,,,,,,,,,,,,,,,,,,,,,,,,,,,,,,,,,,,,,,,,,,,,,,,,,,,,,,,,,,,,,,,,,,,,,,,,,,,,,,,,,,,,,,,,,,,,,,,,,,,,,,,,,,,,,,,,,,,,,,,,,,,,,,,,,,,,,,,,,,,,,,,,,,,,,,,,,,,,,,,,,,,,,,,,,,,,,,,,,,,,,,,,
f4_b@hr,scored,2,hr,f4_b_n1,f4_b,hr,n1,,,,,,,,,,,,,,,,,,,,,,,,,,,,,1,hr,default,F4,blocking,1,,262144,200,700,primary,4,3,0,4,255,0,5.3,device_error,,,,,103,remote process exited or there was a network error,103,,,,,,,,,,,,,,,,,,,,,remote process exited or there was a network error,,3073.0,,13559,,47.78,54.18,47.65,57.76,0,103,1,1,,0,0,0,0,0,,,0,0,0,0,0,0,peer judged dead: the peer's socket shows FIN,,0,0,,,no error,,885.8,,3095.4,,0,0,,2680471508.523,3071.0919995307922,,,,,,,1.7020001411437988,,,,,,1,1,0,,1,2680471508.804,FIN,,2680471510.225,1,0,0,0,,,0,0,1,1,0,,,,0,0,0,2,2,2,2,"6,6,6,6",4,,1,1,0,,,,0,0,0,,,,,,,,,,,,,,,,,,,,,,,1,,,,FIN,dead,2680471508.804,1,FIN,2680471508.804,0,,,,,2680471510.225,1,,,0,,,,,0,,,0,,,,,,0,0,0,0,0,,,,,1,0,,,,,,1,FIN,2680471508.838,0,0,,0,,,0,0,0,0,,,0,,,,1,peer-dead,2680471510.215,0,0,0,,,,0,0,0,1,0,0,1,0,1,0,0,0,0,1,,,,,,,,,1,0,,,,,,0,,,0,0,,0,,,0,0,0,0,,,0,,,,0,,,0,0,0,,,,0,0,0,,,,,,,,,,,,,,,,,,,,,,,,,,,,,,,,,,,,,,1.7020001411437988,,0,,,,,,1,1,0,,0,,,,,,,,,,,,,,,,1,1,0,,0,,,,,,,,,,,,,,,,0,,,0,,,,,,,,,1,1,1:peer-dead,1,peer-dead,1:peer-dead,peer-dead,0,,0,,0,,,0,,,0,,,,0,0,,peer judged dead: the peer's socket shows FIN,,,,0,verified,,0,1,0,,0,,,,0,,0,,0,,,0,,,0,,,,0,0,,,,,,0,verified,0,,0,,,29772,1,none,none,0,none,,,hr,1,nic,10,1,0,,link-local:1,nic,400,0,0,0,,1,nic,10,1,0,,link-local:1,,,,,,,,,,,,,,,,,,,,,,,,,,,,,,,,,,,,,,,,,,,,,,,,,,,,,,,,,,,,,,,,,,,,,,,,,,,,,,,,,,,,,,,,,,,,,,,,,,,,,,,,,,,,,,,,,,,,,,,,,,,,,,,,,,,,,,,,,,,,,,,,,,,,,,,,,,,,,,,,,,,,,,,,,,,,,,,,,,,,,,,,,,,,,,,,,,,,,,,,,,,,,,,,,,,,,,,,,,,,,,,,,,,,,,,,,,,,,,,,,,,,,
f4_b@hr,scored,2,hr,f4_b_n2,f4_b,hr,n2,,,,,,,,,,,,,,,,,,,,,,,,,,,,,2,hr,default,F4,blocking,1,,262144,200,700,primary,4,3,0,4,255,0,5.3,device_error,,,,,110,remote process exited or there was a network error,110,,,,,,,,,,,,,,,,,,,,,remote process exited or there was a network error,,3290.4,,14400,,45.95,52.13,46.17,55.87,0,110,1,1,,0,0,0,0,0,,,0,0,0,0,0,0,peer judged dead: the peer's socket shows FIN,,0,0,,,no error,,669.8,,3305.6,,0,0,,2680478794.731,3288.575999736786,,,,,,,1.6380000114440918,,,,,,1,1,0,,1,2680478794.981,FIN,,2680478796.369,1,0,0,0,,,0,0,1,1,0,,,,0,0,0,2,2,2,2,"6,6,6,6",4,,1,1,0,,,,0,0,0,,,,,,,,,,,,,,,,,,,,,,,1,,,,FIN,dead,2680478794.981,1,FIN,2680478794.981,0,,,,,2680478796.369,1,,,0,,,,,0,,,0,,,,,,0,0,0,0,0,,,,,1,0,,,,,,1,FIN,2680478795.01,0,0,,0,,,0,0,0,0,,,0,,,,1,peer-dead,2680478796.36,0,0,0,,,,0,0,0,1,0,0,1,0,1,0,0,0,0,1,,,,,,,,,1,0,,,,,,0,,,0,0,,0,,,0,0,0,0,,,0,,,,0,,,0,0,0,,,,0,0,0,,,,,,,,,,,,,,,,,,,,,,,,,,,,,,,,,,,,,,1.6380000114440918,,0,,,,,,1,1,0,,0,,,,,,,,,,,,,,,,1,1,0,,0,,,,,,,,,,,,,,,,0,,,0,,,,,,,,,1,1,1:peer-dead,1,peer-dead,1:peer-dead,peer-dead,0,,0,,0,,,0,,,0,,,,0,0,,peer judged dead: the peer's socket shows FIN,,,,0,verified,,0,1,0,,0,,,,0,,0,,0,,,0,,,0,,,,0,0,,,,,,0,verified,0,,0,,,29144,1,none,none,0,none,,,hr,1,nic,10,1,0,,link-local:1,nic,424,0,0,0,,1,nic,10,1,0,,link-local:1,,,,,,,,,,,,,,,,,,,,,,,,,,,,,,,,,,,,,,,,,,,,,,,,,,,,,,,,,,,,,,,,,,,,,,,,,,,,,,,,,,,,,,,,,,,,,,,,,,,,,,,,,,,,,,,,,,,,,,,,,,,,,,,,,,,,,,,,,,,,,,,,,,,,,,,,,,,,,,,,,,,,,,,,,,,,,,,,,,,,,,,,,,,,,,,,,,,,,,,,,,,,,,,,,,,,,,,,,,,,,,,,,,,,,,,,,,,,,,,,,,,,,
f4_b@hr,scored,2,hr,f4_b_n3,f4_b,hr,n3,,,,,,,,,,,,,,,,,,,,,,,,,,,,,3,hr,default,F4,blocking,1,,262144,200,700,primary,4,3,0,4,255,0,5.8,device_error,,,,,118,remote process exited or there was a network error,118,,,,,,,,,,,,,,,,,,,,,remote process exited or there was a network error,,3519.0,,15358,,45.63,51.71,45.87,57.02,0,118,1,1,,0,0,0,0,0,,,0,0,0,0,0,0,peer judged dead: the peer's socket shows FIN,,0,0,,,no error,,947.9,,3546.4,,0,0,,2680486064.326,3517.2450003623962,,,,,,,1.5849995613098145,,,,,,1,1,0,,1,2680486064.602,FIN,,2680486065.911,1,0,0,0,,,0,0,1,1,0,,,,0,0,0,2,2,2,2,"6,6,6,6",4,,1,1,0,,,,0,0,0,,,,,,,,,,,,,,,,,,,,,,,1,,,,FIN,dead,2680486064.602,1,FIN,2680486064.602,0,,,,,2680486065.911,1,,,0,,,,,0,,,0,,,,,,0,0,0,0,0,,,,,1,0,,,,,,1,FIN,2680486064.633,0,0,,0,,,0,0,0,0,,,0,,,,1,peer-dead,2680486065.902,0,0,0,,,,0,0,0,1,0,0,1,0,1,0,0,0,0,1,,,,,,,,,1,0,,,,,,0,,,0,0,,0,,,0,0,0,0,,,0,,,,0,,,0,0,0,,,,0,0,0,,,,,,,,,,,,,,,,,,,,,,,,,,,,,,,,,,,,,,1.5849995613098145,,0,,,,,,1,1,0,,0,,,,,,,,,,,,,,,,1,1,0,,0,,,,,,,,,,,,,,,,0,,,0,,,,,,,,,1,1,1:peer-dead,1,peer-dead,1:peer-dead,peer-dead,0,,0,,0,,,0,,,0,,,,0,0,,peer judged dead: the peer's socket shows FIN,,,,0,verified,,0,1,0,,0,,,,0,,0,,0,,,0,,,0,,,,0,0,,,,,,0,verified,0,,0,,,30766,1,none,none,0,none,,,hr,1,nic,10,1,0,,link-local:1,nic,448,0,0,0,,1,nic,10,1,0,,link-local:1,,,,,,,,,,,,,,,,,,,,,,,,,,,,,,,,,,,,,,,,,,,,,,,,,,,,,,,,,,,,,,,,,,,,,,,,,,,,,,,,,,,,,,,,,,,,,,,,,,,,,,,,,,,,,,,,,,,,,,,,,,,,,,,,,,,,,,,,,,,,,,,,,,,,,,,,,,,,,,,,,,,,,,,,,,,,,,,,,,,,,,,,,,,,,,,,,,,,,,,,,,,,,,,,,,,,,,,,,,,,,,,,,,,,,,,,,,,,,,,,,,,,,
f4_b@hr,scored,2,hr,f4_b_n4,f4_b,hr,n4,,,,,,,,,,,,,,,,,,,,,,,,,,,,,4,hr,default,F4,blocking,1,,262144,200,700,primary,4,3,0,4,255,0,5.8,device_error,,,,,125,remote process exited or there was a network error,125,,,,,,,,,,,,,,,,,,,,,remote process exited or there was a network error,,3736.0,,16200,,45.15,50.08,45.56,55.81,0,125,1,1,,0,0,0,0,0,,,0,0,0,0,0,0,peer judged dead: the peer's socket shows FIN,,0,0,,,no error,,751.2,,3756.3,,0,0,,2680493833.8710003,3734.3070001602173,,,,,,,1.6319994926452637,,,,,,1,1,0,,1,2680493834.183,FIN,,2680493835.503,1,0,0,0,,,0,0,1,1,0,,,,0,0,0,2,2,2,2,"6,6,6,6",4,,1,1,0,,,,0,0,0,,,,,,,,,,,,,,,,,,,,,,,1,,,,FIN,dead,2680493834.183,1,FIN,2680493834.183,0,,,,,2680493835.503,1,,,0,,,,,0,,,0,,,,,,0,0,0,0,0,,,,,1,0,,,,,,1,FIN,2680493834.214,0,0,,0,,,0,0,0,0,,,0,,,,1,peer-dead,2680493835.493,0,0,0,,,,0,0,0,1,0,0,1,0,1,0,0,0,0,1,,,,,,,,,1,0,,,,,,0,,,0,0,,0,,,0,0,0,0,,,0,,,,0,,,0,0,0,,,,0,0,0,,,,,,,,,,,,,,,,,,,,,,,,,,,,,,,,,,,,,,1.6319994926452637,,0,,,,,,1,1,0,,0,,,,,,,,,,,,,,,,1,1,0,,0,,,,,,,,,,,,,,,,0,,,0,,,,,,,,,1,1,1:peer-dead,1,peer-dead,1:peer-dead,peer-dead,0,,0,,0,,,0,,,0,,,,0,0,,peer judged dead: the peer's socket shows FIN,,,,0,verified,,0,1,0,,0,,,,0,,0,,0,,,0,,,0,,,,0,0,,,,,,0,verified,0,,0,,,29794,1,none,none,0,none,,,hr,1,nic,10,1,0,,link-local:1,nic,472,0,0,0,,1,nic,10,1,0,,link-local:1,,,,,,,,,,,,,,,,,,,,,,,,,,,,,,,,,,,,,,,,,,,,,,,,,,,,,,,,,,,,,,,,,,,,,,,,,,,,,,,,,,,,,,,,,,,,,,,,,,,,,,,,,,,,,,,,,,,,,,,,,,,,,,,,,,,,,,,,,,,,,,,,,,,,,,,,,,,,,,,,,,,,,,,,,,,,,,,,,,,,,,,,,,,,,,,,,,,,,,,,,,,,,,,,,,,,,,,,,,,,,,,,,,,,,,,,,,,,,,,,,,,,,
f4_b@hr,scored,2,hr,f4_b_n5,f4_b,hr,n5,,,,,,,,,,,,,,,,,,,,,,,,,,,,,5,hr,default,F4,blocking,1,,262144,200,700,primary,4,3,0,4,255,0,5.3,device_error,,,,,101,remote process exited or there was a network error,101,,,,,,,,,,,,,,,,,,,,,remote process exited or there was a network error,,3021.0,,13316,,43.94,49.89,45.18,53.28,0,101,1,1,,0,0,0,0,0,,,0,0,0,0,0,0,peer judged dead: the peer's socket shows FIN,,0,0,,,no error,,963.4,,3035.2,,0,0,,2680500689.8830004,3019.0480003356934,,,,,,,1.6979994773864746,,,,,,1,1,0,,1,2680500690.21,FIN,,2680500691.581,1,0,0,0,,,0,0,1,1,0,,,,0,0,0,2,2,2,2,"6,6,6,6",4,,1,1,0,,,,0,0,0,,,,,,,,,,,,,,,,,,,,,,,1,,,,FIN,dead,2680500690.21,1,FIN,2680500690.21,0,,,,,2680500691.581,1,,,0,,,,,0,,,0,,,,,,0,0,0,0,0,,,,,1,0,,,,,,1,FIN,2680500690.238,0,0,,0,,,0,0,0,0,,,0,,,,1,peer-dead,2680500691.572,0,0,0,,,,0,0,0,1,0,0,1,0,1,0,0,0,0,1,,,,,,,,,1,0,,,,,,0,,,0,0,,0,,,0,0,0,0,,,0,,,,0,,,0,0,0,,,,0,0,0,,,,,,,,,,,,,,,,,,,,,,,,,,,,,,,,,,,,,,1.6979994773864746,,0,,,,,,1,1,0,,0,,,,,,,,,,,,,,,,1,1,0,,0,,,,,,,,,,,,,,,,0,,,0,,,,,,,,,1,1,1:peer-dead,1,peer-dead,1:peer-dead,peer-dead,0,,0,,0,,,0,,,0,,,,0,0,,peer judged dead: the peer's socket shows FIN,,,,0,verified,,0,1,0,,0,,,,0,,0,,0,,,0,,,0,,,,0,0,,,,,,0,verified,0,,0,,,29005,1,none,none,0,none,,,hr,1,nic,10,1,0,,link-local:1,nic,388,0,0,0,,1,nic,10,1,0,,link-local:1,,,,,,,,,,,,,,,,,,,,,,,,,,,,,,,,,,,,,,,,,,,,,,,,,,,,,,,,,,,,,,,,,,,,,,,,,,,,,,,,,,,,,,,,,,,,,,,,,,,,,,,,,,,,,,,,,,,,,,,,,,,,,,,,,,,,,,,,,,,,,,,,,,,,,,,,,,,,,,,,,,,,,,,,,,,,,,,,,,,,,,,,,,,,,,,,,,,,,,,,,,,,,,,,,,,,,,,,,,,,,,,,,,,,,,,,,,,,,,,,,,,,,
hd_rxdeath_b@hr,scored,2,hr,hd_rxdeath_b_n1,hd_rxdeath_b,hr,n1,,,,,,,,,,,,,,,,,,,,,,,,,,,,,1,hr,default,none,blocking,1,,16384,1000,700,primary,4,3,0,137,4,0,3.1,,device_error,,,,,,,,,142,remote process exited or there was a network error,0,858,858,1000,1,1,0,1,0,,,,,,,,,remote process exited or there was a network error,,2127.5,,9874,,,,,,,1,1,,0,0,0,0,0,,,0,0,0,0,0,0,,peer judged dead: the peer's socket shows FIN,0,0,,,,no error,,810.8,,2147.0,0,0,,3811586236.7560005,1131061237.0000005,,,,,,,,,,,,,1,1,0,,0,,,FIN,,1,1,0,0,,,0,0,1,1,0,,,,0,0,0,,,,,,,,1,1,0,,,,0,0,0,2,2,2,2,"6,6,6,6",4,,,,,,,,,,,,,,,,,1,,,,,,,0,,,0,,,,,,1,,,0,,FIN,dead,1549468014.148,1,FIN,1549468014.148,0,,,,,1549468015.608,0,0,0,0,1,,,,,1,0,,,,,,0,,,0,0,,0,,,0,0,0,0,,,0,,,,0,,,0,0,0,,,,0,0,0,,,,,,,,,,,,,,,,,,,,1,0,,,,,,1,FIN,1549468014.213,0,0,,0,,,0,0,0,0,,,0,,,,1,peer-dead,1549468015.583,0,0,0,,,,0,0,0,1,0,0,1,0,1,0,0,0,0,1,0,,,,,,,,,,,,,,,,,,,,,,,1549468013.91,21.47499990463257,1.9749999046325684,,,0,,,,,,1,1,0,,0,,,,,,,,,,,,,,,,1,1,0,,0,,,,,,,,,,,,,,,,0,,,0,,,,,,,,,1,0,,0,,,,0,,0,,0,,,0,,,0,,,,0,0,,,,,,0,verified,,0,1,1,0:peer-dead,1,peer-dead,0:peer-dead,peer-dead,0,,0,,0,,,0,,,0,,,,0,0,,peer judged dead: the peer's socket shows FIN,,,,0,verified,0,,0,,,30506,1,none,none,0,none,,,hr,1,nic,10,1,0,,link-local:1,,,,,,,1,nic,10,1,0,,link-local:1,nic,280,0,0,0,,,,,,,,,,,,,,,,,,,,,,,,,,,,,,,,,,,,,,,,,,,,,,,,,,,,,,,,,,,,,,,,,,,,,,,,,,,,,,,,,,,,,,,,,,,,,,,,,,,,,,,,,,,,,,,,,,,,,,,,,,,,,,,,,,,,,,,,,,,,,,,,,,,,,,,,,,,,,,,,,,,,,,,,,,,,,,,,,,,,,,,,,,,,,,,,,,,,,,,,,,,,,,,,,,,,,,,,,,,,,,,,,,,,,,,,,,,,,,,,
hd_rxdeath_b@hr,scored,2,hr,hd_rxdeath_b_n2,hd_rxdeath_b,hr,n2,,,,,,,,,,,,,,,,,,,,,,,,,,,,,2,hr,default,none,blocking,1,,16384,1000,700,primary,4,3,0,137,4,0,3.1,,device_error,,,,,,,,,143,remote process exited or there was a network error,0,857,857,1000,1,1,0,1,0,,,,,,,,,remote process exited or there was a network error,,2146.8,,9912,,,,,,,1,1,,0,0,0,0,0,,,0,0,0,0,0,0,,peer judged dead: the peer's socket shows FIN,0,0,,,,no error,,820.3,,2166.0,0,0,,3811592285.2200003,1131061256.2410002,,,,,,,,,,,,,1,1,0,,0,,,FIN,,1,1,0,0,,,0,0,1,1,0,,,,0,0,0,,,,,,,,1,1,0,,,,0,0,0,2,2,2,2,"6,6,6,6",4,,,,,,,,,,,,,,,,,1,,,,,,,0,,,0,,,,,,1,,,0,,FIN,dead,1549474062.697,1,FIN,1549474062.697,0,,,,,1549474064.128,0,0,0,0,1,,,,,1,0,,,,,,0,,,0,0,,0,,,0,0,0,0,,,0,,,,0,,,0,0,0,,,,0,0,0,,,,,,,,,,,,,,,,,,,,1,0,,,,,,1,FIN,1549474062.767,0,0,,0,,,0,0,0,0,,,0,,,,1,peer-dead,1549474064.103,0,0,0,,,,0,0,0,1,0,0,1,0,1,0,0,0,0,1,0,,,,,,,,,,,,,,,,,,,,,,,1549474062.3820002,21.227999687194824,2.0279996395111084,,,0,,,,,,1,1,0,,0,,,,,,,,,,,,,,,,1,1,0,,0,,,,,,,,,,,,,,,,0,,,0,,,,,,,,,1,0,,0,,,,0,,0,,0,,,0,,,0,,,,0,0,,,,,,0,verified,,0,1,1,0:peer-dead,1,peer-dead,0:peer-dead,peer-dead,0,,0,,0,,,0,,,0,,,,0,0,,peer judged dead: the peer's socket shows FIN,,,,0,verified,0,,0,,,29071,1,none,none,0,none,,,hr,1,nic,10,1,0,,link-local:1,,,,,,,1,nic,10,1,0,,link-local:1,nic,280,0,0,0,,,,,,,,,,,,,,,,,,,,,,,,,,,,,,,,,,,,,,,,,,,,,,,,,,,,,,,,,,,,,,,,,,,,,,,,,,,,,,,,,,,,,,,,,,,,,,,,,,,,,,,,,,,,,,,,,,,,,,,,,,,,,,,,,,,,,,,,,,,,,,,,,,,,,,,,,,,,,,,,,,,,,,,,,,,,,,,,,,,,,,,,,,,,,,,,,,,,,,,,,,,,,,,,,,,,,,,,,,,,,,,,,,,,,,,,,,,,,,,,
hd_rxdeath_b@hr,scored,2,hr,hd_rxdeath_b_n3,hd_rxdeath_b,hr,n3,,,,,,,,,,,,,,,,,,,,,,,,,,,,,3,hr,default,none,blocking,1,,16384,1000,700,primary,4,3,0,137,4,0,3.1,,device_error,,,,,,,,,142,remote process exited or there was a network error,0,858,858,1000,1,1,0,1,0,,,,,,,,,remote process exited or there was a network error,,2126.0,,9877,,,,,,,1,1,,0,0,0,0,0,,,0,0,0,0,0,0,,peer judged dead: the peer's socket shows FIN,0,0,,,,no error,,833.3,,2144.4,0,0,,3811598324.8809996,1131061235.5929995,,,,,,,,,,,,,1,1,0,,0,,,FIN,,1,1,0,0,,,0,0,1,1,0,,,,0,0,0,,,,,,,,1,1,0,,,,0,0,0,2,2,2,2,"6,6,6,6",4,,,,,,,,,,,,,,,,,1,,,,,,,0,,,0,,,,,,1,,,0,,FIN,dead,1549480102.271,1,FIN,1549480102.271,0,,,,,1549480103.617,0,0,0,0,1,,,,,1,0,,,,,,0,,,0,0,,0,,,0,0,0,0,,,0,,,,0,,,0,0,0,,,,0,0,0,,,,,,,,,,,,,,,,,,,,1,0,,,,,,1,FIN,1549480102.335,0,0,,0,,,0,0,0,0,,,0,,,,1,peer-dead,1549480103.592,0,0,0,,,,0,0,0,1,0,0,1,0,1,0,0,0,0,1,0,,,,,,,,,,,,,,,,,,,,,,,1549480102.043,20.28000020980835,1.880000114440918,,,0,,,,,,1,1,0,,0,,,,,,,,,,,,,,,,1,1,0,,0,,,,,,,,,,,,,,,,0,,,0,,,,,,,,,1,0,,0,,,,0,,0,,0,,,0,,,0,,,,0,0,,,,,,0,verified,,0,1,1,0:peer-dead,1,peer-dead,0:peer-dead,peer-dead,0,,0,,0,,,0,,,0,,,,0,0,,peer judged dead: the peer's socket shows FIN,,,,0,verified,0,,0,,,30740,1,none,none,0,none,,,hr,1,nic,10,1,0,,link-local:1,,,,,,,1,nic,10,1,0,,link-local:1,nic,280,0,0,0,,,,,,,,,,,,,,,,,,,,,,,,,,,,,,,,,,,,,,,,,,,,,,,,,,,,,,,,,,,,,,,,,,,,,,,,,,,,,,,,,,,,,,,,,,,,,,,,,,,,,,,,,,,,,,,,,,,,,,,,,,,,,,,,,,,,,,,,,,,,,,,,,,,,,,,,,,,,,,,,,,,,,,,,,,,,,,,,,,,,,,,,,,,,,,,,,,,,,,,,,,,,,,,,,,,,,,,,,,,,,,,,,,,,,,,,,,,,,,,,
hd_rxdeath_b@hr,scored,2,hr,hd_rxdeath_b_n4,hd_rxdeath_b,hr,n4,,,,,,,,,,,,,,,,,,,,,,,,,,,,,4,hr,default,none,blocking,1,,16384,1000,700,primary,4,3,0,137,4,0,3.1,,device_error,,,,,,,,,144,remote process exited or there was a network error,0,856,856,1000,1,1,0,1,0,,,,,,,,,remote process exited or there was a network error,,2155.1,,9996,,,,,,,1,1,,0,0,0,0,0,,,0,0,0,0,0,0,,peer judged dead: the peer's socket shows FIN,0,0,,,,no error,,812.8,,2173.5,0,0,,3811604380.198,1131061264.801,,,,,,,,,,,,,1,1,0,,0,,,FIN,,1,1,0,0,,,0,0,1,1,0,,,,0,0,0,,,,,,,,1,1,0,,,,0,0,0,2,2,2,2,"6,6,6,6",4,,,,,,,,,,,,,,,,,1,,,,,,,0,,,0,,,,,,1,,,0,,FIN,dead,1549486157.612,1,FIN,1549486157.612,0,,,,,1549486158.981,0,0,0,0,1,,,,,1,0,,,,,,0,,,0,0,,0,,,0,0,0,0,,,0,,,,0,,,0,0,0,,,,0,0,0,,,,,,,,,,,,,,,,,,,,1,0,,,,,,1,FIN,1549486157.679,0,0,,0,,,0,0,0,0,,,0,,,,1,peer-dead,1549486158.955,0,0,0,,,,0,0,0,1,0,0,1,0,1,0,0,0,0,1,0,,,,,,,,,,,,,,,,,,,,,,,1549486157.3739998,20.16200017929077,1.7620000839233398,,,0,,,,,,1,1,0,,0,,,,,,,,,,,,,,,,1,1,0,,0,,,,,,,,,,,,,,,,0,,,0,,,,,,,,,1,0,,0,,,,0,,0,,0,,,0,,,0,,,,0,0,,,,,,0,verified,,0,1,1,0:peer-dead,1,peer-dead,0:peer-dead,peer-dead,0,,0,,0,,,0,,,0,,,,0,0,,peer judged dead: the peer's socket shows FIN,,,,0,verified,0,,0,,,29464,1,none,none,0,none,,,hr,1,nic,10,1,0,,link-local:1,,,,,,,1,nic,10,1,0,,link-local:1,nic,280,0,0,0,,,,,,,,,,,,,,,,,,,,,,,,,,,,,,,,,,,,,,,,,,,,,,,,,,,,,,,,,,,,,,,,,,,,,,,,,,,,,,,,,,,,,,,,,,,,,,,,,,,,,,,,,,,,,,,,,,,,,,,,,,,,,,,,,,,,,,,,,,,,,,,,,,,,,,,,,,,,,,,,,,,,,,,,,,,,,,,,,,,,,,,,,,,,,,,,,,,,,,,,,,,,,,,,,,,,,,,,,,,,,,,,,,,,,,,,,,,,,,,,
hd_rxdeath_b@hr,scored,2,hr,hd_rxdeath_b_n5,hd_rxdeath_b,hr,n5,,,,,,,,,,,,,,,,,,,,,,,,,,,,,5,hr,default,none,blocking,1,,16384,1000,700,primary,4,3,0,137,4,0,3.1,,device_error,,,,,,,,,143,remote process exited or there was a network error,0,857,857,1000,1,1,0,1,0,,,,,,,,,remote process exited or there was a network error,,2144.4,,9940,,,,,,,1,1,,0,0,0,0,0,,,0,0,0,0,0,0,,peer judged dead: the peer's socket shows FIN,0,0,,,,no error,,820.5,,2163.7,0,0,,3811610428.59,1131061253.7480001,,,,,,,,,,,,,1,1,0,,0,,,FIN,,1,1,0,0,,,0,0,1,1,0,,,,0,0,0,,,,,,,,1,1,0,,,,0,0,0,2,2,2,2,"6,6,6,6",4,,,,,,,,,,,,,,,,,1,,,,,,,0,,,0,,,,,,1,,,0,,FIN,dead,1549492206.055,1,FIN,1549492206.055,0,,,,,1549492207.575,0,0,0,0,1,,,,,1,0,,,,,,0,,,0,0,,0,,,0,0,0,0,,,0,,,,0,,,0,0,0,,,,0,0,0,,,,,,,,,,,,,,,,,,,,1,0,,,,,,1,FIN,1549492206.122,0,0,,0,,,0,0,0,0,,,0,,,,1,peer-dead,1549492207.539,0,0,0,,,,0,0,0,1,0,0,1,0,1,0,0,0,0,1,0,,,,,,,,,,,,,,,,,,,,,,,1549492205.766,21.414999961853027,2.115000009536743,,,0,,,,,,1,1,0,,0,,,,,,,,,,,,,,,,1,1,0,,0,,,,,,,,,,,,,,,,0,,,0,,,,,,,,,1,0,,0,,,,0,,0,,0,,,0,,,0,,,,0,0,,,,,,0,verified,,0,1,1,0:peer-dead,1,peer-dead,0:peer-dead,peer-dead,0,,0,,0,,,0,,,0,,,,0,0,,peer judged dead: the peer's socket shows FIN,,,,0,verified,0,,0,,,30455,1,none,none,0,none,,,hr,1,nic,10,1,0,,link-local:1,,,,,,,1,nic,10,1,0,,link-local:1,nic,280,0,0,0,,,,,,,,,,,,,,,,,,,,,,,,,,,,,,,,,,,,,,,,,,,,,,,,,,,,,,,,,,,,,,,,,,,,,,,,,,,,,,,,,,,,,,,,,,,,,,,,,,,,,,,,,,,,,,,,,,,,,,,,,,,,,,,,,,,,,,,,,,,,,,,,,,,,,,,,,,,,,,,,,,,,,,,,,,,,,,,,,,,,,,,,,,,,,,,,,,,,,,,,,,,,,,,,,,,,,,,,,,,,,,,,,,,,,,,,,,,,,,,,
rh_hog_copystream_f1_b@hr,scored,2,hr,rh_hog_copystream_f1_b_n1,rh_hog_copystream_f1_b,hr,n1,,,,,,,,,,,,,,,,,,,,,,,,,,,,,1,hr,default,F1,blocking,1,,262144,120,637,primary,4,3,0,4,4,0,6.1,device_error,device_error,,,,40,remote process exited or there was a network error,40,,,40,remote process exited or there was a network error,0,80,80,120,1,1,0,1,0,,,,,,,,remote process exited or there was a network error,remote process exited or there was a network error,1060.7,2064.6,9368,20499,45.25,54.43,45.80,54.43,0,40,1,1,,1,0,0,1,0,LOCAL_QP_ERR,,0,0,0,0,0,0,the watchdog surfaced a fault earlier,the peer declined,0,1,,,no error,no error,2721.2,926.2,2064.0,2093.3,0,0,,2681069934.578,598.7649998664856,,,,LOCAL_QP_ERR,3.5159997940063477,,1464.2389998435974,,,,,,1,1,0,,0,,,FIN,2681071398.817,0,0,1,0,,,0,0,1,1,0,,,,0,0,0,2,2,2,2,"6,6,6,6",4,,1,1,0,,,,0,0,0,2,2,2,2,"6,6,6,6",4,,,,,,,,,,,,,,,,,1,,,,,,,0,,,0,,,,2681069938.094,2681071398.817,1,,,0,,FIN,left,1550012590.284,0,,,0,,,,,1550012288.951,0,0,0,0,0,,,,,1,0,,,,,,0,,,0,0,,0,,,0,0,0,0,,,0,,,,1,declined,2681071398.792,1,0,0,,,,0,0,0,1,0,0,1,0,0,0,0,0,1,1,,,,,192,48,cudaSuccess,0.2,1,0,,,,,,0,,,1,0,,0,,,0,0,0,0,,,0,,,,1,declined,1550012288.924,1,0,0,,,,0,0,0,1,0,0,1,0,0,0,0,0,1,1,0,,,,288,48,cudaSuccess,0.2,,,,,,,,,,,,,598.7649998664856,3.5159997940063477,1460.723000049591,,,,,1763.6090002059937,0,,,,,,1,1,1,fault records are queued and the recovery helper is not running,1,0,0,,0,8,0,"0,1,2,3,4,5,6,7",0.000,20.1,192,0.0,5461.0,5461.0,8,1,1,1,0,,1,0,0,,0,8,0,"0,1,2,3,4,5,6,7",0.000,20.1,288,0.0,5873.5,5873.5,8,0,0,,,0,,,,,,,,,1,1,1:declined,1,declined,1:local,local,0,,0,,0,,,0,,,0,,,,0,0,,the watchdog surfaced a fault earlier,,,,0,verified,,0,1,1,0:declined,1,declined,0:peer-reported,peer-reported,0,,0,,0,,,0,,,0,,,,0,0,,the peer declined,,,,0,verified,0,,0,,,30354,1,none,none,0,none,,,hr,1,stream,0,0,0,,,stream,0,0,13,0,"load,malloc,stream",1,stream,0,0,0,,,stream,0,0,13,0,"load,malloc,stream",,,,,,,,,,,,,,,,,,,,,,,,,,,,,,,,,,,,,,,,,,,,,,,,,,,,,,,,,,,,,,,,,,,,,,,,,,,,,,,,,,,,,,,,,,,,,,,,,,,,,,,,,,,,,,,,,,,,,,,,,,,,,,,,,,,,,,,,,,,,,,,,,,,,,,,,,,,,,,,,,,,,,,,,,,,,,,,,,,,,,,,,,,,,,,,,,,,,,,,,,,,,,,,,,,,,,,,,,,,,,,,,,,,,,,,,,,,,,,,
rh_hog_copystream_f1_b@hr,scored,2,hr,rh_hog_copystream_f1_b_n2,rh_hog_copystream_f1_b,hr,n2,,,,,,,,,,,,,,,,,,,,,,,,,,,,,2,hr,default,F1,blocking,1,,262144,120,774,primary,4,3,0,4,4,0,6.1,device_error,device_error,,,,49,remote process exited or there was a network error,49,,,49,remote process exited or there was a network error,0,71,71,120,1,1,0,1,0,,,,,,,,remote process exited or there was a network error,remote process exited or there was a network error,1062.1,2065.8,9365,20444,45.02,53.25,45.46,53.25,0,49,1,1,,1,0,0,1,0,LOCAL_QP_ERR,,0,0,0,0,0,0,the watchdog surfaced a fault earlier,the peer declined,0,1,,,no error,no error,2721.2,925.7,2064.4,2090.5,0,0,,2681079126.334,736.1670002937317,,,,LOCAL_QP_ERR,1.559999942779541,,1328.0159997940063,,,,,,1,1,0,,0,,,FIN,2681080454.35,0,0,1,0,,,0,0,1,1,0,,,,0,0,0,2,2,2,2,"6,6,6,6",4,,1,1,0,,,,0,0,0,2,2,2,2,"6,6,6,6",4,,,,,,,,,,,,,,,,,1,,,,,,,0,,,0,,,,2681079127.894,2681080454.35,1,,,0,,FIN,left,1550021645.098,0,,,0,,,,,1550021344.33,0,0,0,0,0,,,,,1,0,,,,,,0,,,0,0,,0,,,0,0,0,0,,,0,,,,1,declined,2681080454.322,1,0,0,,,,0,0,0,1,0,0,1,0,0,0,0,0,1,1,,,,,192,48,cudaSuccess,0.2,1,0,,,,,,0,,,1,0,,0,,,0,0,0,0,,,0,,,,1,declined,1550021344.303,1,0,0,,,,0,0,0,1,0,0,1,0,0,0,0,0,1,1,0,,,,288,48,cudaSuccess,0.4,,,,,,,,,,,,,736.1670002937317,1.559999942779541,1326.4559998512268,,,,,1628.619999885559,0,,,,,,1,1,1,fault records are queued and the recovery helper is not running,1,0,0,,0,8,0,"0,1,2,3,4,5,6,7",0.000,20.1,192,0.0,5462.1,5462.1,8,1,1,1,0,,1,0,0,,0,8,0,"0,1,2,3,4,5,6,7",0.000,20.1,288,0.0,5870.7,5870.7,8,0,0,,,0,,,,,,,,,1,1,1:declined,1,declined,1:local,local,0,,0,,0,,,0,,,0,,,,0,0,,the watchdog surfaced a fault earlier,,,,0,verified,,0,1,1,0:declined,1,declined,0:peer-reported,peer-reported,0,,0,,0,,,0,,,0,,,,0,0,,the peer declined,,,,0,verified,0,,0,,,29810,1,none,none,0,none,,,hr,1,stream,0,0,0,,,stream,0,0,13,0,"load,malloc,stream",1,stream,0,0,0,,,stream,0,0,13,0,"load,malloc,stream",,,,,,,,,,,,,,,,,,,,,,,,,,,,,,,,,,,,,,,,,,,,,,,,,,,,,,,,,,,,,,,,,,,,,,,,,,,,,,,,,,,,,,,,,,,,,,,,,,,,,,,,,,,,,,,,,,,,,,,,,,,,,,,,,,,,,,,,,,,,,,,,,,,,,,,,,,,,,,,,,,,,,,,,,,,,,,,,,,,,,,,,,,,,,,,,,,,,,,,,,,,,,,,,,,,,,,,,,,,,,,,,,,,,,,,,,,,,,,,
rh_hog_copystream_f1_b@hr,scored,2,hr,rh_hog_copystream_f1_b_n3,rh_hog_copystream_f1_b,hr,n3,,,,,,,,,,,,,,,,,,,,,,,,,,,,,3,hr,default,F1,blocking,1,,262144,120,911,primary,4,3,0,4,4,0,6.1,device_error,device_error,,,,59,remote process exited or there was a network error,59,,,59,remote process exited or there was a network error,0,61,61,120,1,1,0,1,0,,,,,,,,remote process exited or there was a network error,remote process exited or there was a network error,1060.8,2064.7,9360,20480,44.99,52.10,45.83,54.37,0,59,1,1,,1,0,0,1,0,LOCAL_QP_ERR,,0,0,0,0,0,0,the watchdog surfaced a fault earlier,the peer declined,0,1,,,no error,no error,2721.9,942.1,2063.5,2086.1,0,0,,2681088298.61,872.8680000305176,,,,LOCAL_QP_ERR,15.33899974822998,,1190.2360000610352,,,,,,1,1,0,,0,,,FIN,2681089488.846,0,0,1,0,,,0,0,1,1,0,,,,0,0,0,2,2,2,2,"6,6,6,6",4,,1,1,0,,,,0,0,0,2,2,2,2,"6,6,6,6",4,,,,,,,,,,,,,,,,,1,,,,,,,0,,,0,,,,2681088313.949,2681089488.846,1,,,0,,FIN,left,1550030679.862,0,,,0,,,,,1550030378.831,0,0,0,0,0,,,,,1,0,,,,,,0,,,0,0,,0,,,0,0,0,0,,,0,,,,1,declined,2681089488.82,1,0,0,,,,0,0,0,1,0,0,1,0,0,0,0,0,1,1,,,,,192,48,cudaSuccess,0.2,1,0,,,,,,0,,,1,0,,0,,,0,0,0,0,,,0,,,,1,declined,1550030378.804,1,0,0,,,,0,0,0,1,0,0,1,0,0,0,0,0,1,1,0,,,,288,48,cudaSuccess,0.3,,,,,,,,,,,,,872.8680000305176,15.33899974822998,1174.8970003128052,,,,,1477.3370003700256,0,,,,,,1,1,1,fault records are queued and the recovery helper is not running,1,0,0,,0,8,0,"0,1,2,3,4,5,6,7",0.000,20.1,192,0.0,5461.0,5461.0,8,1,1,1,0,,1,0,0,,0,8,0,"0,1,2,3,4,5,6,7",0.000,20.1,288,0.0,5867.2,5867.2,8,0,0,,,0,,,,,,,,,1,1,1:declined,1,declined,1:local,local,0,,0,,0,,,0,,,0,,,,0,0,,the watchdog surfaced a fault earlier,,,,0,verified,,0,1,1,0:declined,1,declined,0:peer-reported,peer-reported,0,,0,,0,,,0,,,0,,,,0,0,,the peer declined,,,,0,verified,0,,0,,,30251,1,none,none,0,none,,,hr,1,stream,0,0,0,,,stream,0,0,13,0,"load,malloc,stream",1,stream,0,0,0,,,stream,0,0,13,0,"load,malloc,stream",,,,,,,,,,,,,,,,,,,,,,,,,,,,,,,,,,,,,,,,,,,,,,,,,,,,,,,,,,,,,,,,,,,,,,,,,,,,,,,,,,,,,,,,,,,,,,,,,,,,,,,,,,,,,,,,,,,,,,,,,,,,,,,,,,,,,,,,,,,,,,,,,,,,,,,,,,,,,,,,,,,,,,,,,,,,,,,,,,,,,,,,,,,,,,,,,,,,,,,,,,,,,,,,,,,,,,,,,,,,,,,,,,,,,,,,,,,,,,,
rh_hog_copystream_f1_b@hr,scored,2,hr,rh_hog_copystream_f1_b_n4,rh_hog_copystream_f1_b,hr,n4,,,,,,,,,,,,,,,,,,,,,,,,,,,,,4,hr,default,F1,blocking,1,,262144,120,1048,primary,4,3,0,4,4,0,6.1,device_error,device_error,,,,68,remote process exited or there was a network error,68,,,68,remote process exited or there was a network error,0,52,52,120,1,1,0,1,0,,,,,,,,remote process exited or there was a network error,remote process exited or there was a network error,1061.1,2064.9,9362,20391,43.94,54.14,45.13,54.53,0,68,1,1,,1,0,0,1,0,LOCAL_QP_ERR,,0,0,0,0,0,0,the watchdog surfaced a fault earlier,the peer declined,0,1,,,no error,no error,2721.1,937.5,2063.8,2084.5,0,0,,2681097480.467,1009.6760001182556,,,,LOCAL_QP_ERR,13.914999961853027,,1053.6209998130798,,,,,,1,1,0,,0,,,FIN,2681098534.088,0,0,1,0,,,0,0,1,1,0,,,,0,0,0,2,2,2,2,"6,6,6,6",4,,1,1,0,,,,0,0,0,2,2,2,2,"6,6,6,6",4,,,,,,,,,,,,,,,,,1,,,,,,,0,,,0,,,,2681097494.382,2681098534.088,1,,,0,,FIN,left,1550039725.038,0,,,0,,,,,1550039424.125,0,0,0,0,0,,,,,1,0,,,,,,0,,,0,0,,0,,,0,0,0,0,,,0,,,,1,declined,2681098534.06,1,0,0,,,,0,0,0,1,0,0,1,0,0,0,0,0,1,1,,,,,192,48,cudaSuccess,0.2,1,0,,,,,,0,,,1,0,,0,,,0,0,0,0,,,0,,,,1,declined,1550039424.098,1,0,0,,,,0,0,0,1,0,0,1,0,0,0,0,0,1,1,0,,,,288,48,cudaSuccess,0.3,,,,,,,,,,,,,1009.6760001182556,13.914999961853027,1039.7059998512268,,,,,1342.0749998092651,0,,,,,,1,1,1,fault records are queued and the recovery helper is not running,1,0,0,,0,8,0,"0,1,2,3,4,5,6,7",0.000,20.1,192,0.0,5461.2,5461.2,8,1,1,1,0,,1,0,0,,0,8,0,"0,1,2,3,4,5,6,7",0.000,20.1,288,0.0,5864.6,5864.6,8,0,0,,,0,,,,,,,,,1,1,1:declined,1,declined,1:local,local,0,,0,,0,,,0,,,0,,,,0,0,,the watchdog surfaced a fault earlier,,,,0,verified,,0,1,1,0:declined,1,declined,0:peer-reported,peer-reported,0,,0,,0,,,0,,,0,,,,0,0,,the peer declined,,,,0,verified,0,,0,,,29751,1,none,none,0,none,,,hr,1,stream,0,0,0,,,stream,0,0,13,0,"load,malloc,stream",1,stream,0,0,0,,,stream,0,0,13,0,"load,malloc,stream",,,,,,,,,,,,,,,,,,,,,,,,,,,,,,,,,,,,,,,,,,,,,,,,,,,,,,,,,,,,,,,,,,,,,,,,,,,,,,,,,,,,,,,,,,,,,,,,,,,,,,,,,,,,,,,,,,,,,,,,,,,,,,,,,,,,,,,,,,,,,,,,,,,,,,,,,,,,,,,,,,,,,,,,,,,,,,,,,,,,,,,,,,,,,,,,,,,,,,,,,,,,,,,,,,,,,,,,,,,,,,,,,,,,,,,,,,,,,,,
rh_hog_copystream_f1_b@hr,scored,2,hr,rh_hog_copystream_f1_b_n5,rh_hog_copystream_f1_b,hr,n5,,,,,,,,,,,,,,,,,,,,,,,,,,,,,5,hr,default,F1,blocking,1,,262144,120,1185,primary,4,3,0,4,4,0,6.1,device_error,device_error,,,,77,remote process exited or there was a network error,77,,,77,remote process exited or there was a network error,0,43,43,120,1,1,0,1,0,,,,,,,,remote process exited or there was a network error,remote process exited or there was a network error,1159.2,2064.8,9313,20403,45.02,48.00,45.06,53.54,0,77,1,1,,1,0,0,1,0,LOCAL_QP_ERR,,0,0,0,0,0,0,the watchdog surfaced a fault earlier,the peer declined,0,1,,,no error,no error,2720.8,949.8,2063.8,2079.8,0,0,,2681106677.967,1146.8179998397827,,,,LOCAL_QP_ERR,12.204999923706055,,916.1909999847412,,,,,,1,1,0,,0,,,FIN,2681107594.158,0,0,1,0,,,0,0,1,1,0,,,,0,0,0,2,2,2,2,"6,6,6,6",4,,1,1,0,,,,0,0,0,2,2,2,2,"6,6,6,6",4,,,,,,,,,,,,,,,,,1,,,,,,,0,,,0,,,,2681106690.172,2681107594.158,1,,,0,,FIN,left,1550048785.546,0,,,0,,,,,1550048484.438,0,0,0,0,0,,,,,1,0,,,,,,0,,,0,0,,0,,,0,0,0,0,,,0,,,,1,declined,2681107594.128,1,0,0,,,,0,0,0,1,0,0,1,0,0,0,0,0,1,1,,,,,192,48,cudaSuccess,0.2,1,0,,,,,,0,,,1,0,,0,,,0,0,0,0,,,0,,,,1,declined,1550048484.411,1,0,0,,,,0,0,0,1,0,0,1,0,0,0,0,0,1,1,0,,,,288,48,cudaSuccess,0.2,,,,,,,,,,,,,1146.8179998397827,12.204999923706055,903.9860000610352,,,,,1206.7930002212524,0,,,,,,1,1,1,fault records are queued and the recovery helper is not running,1,0,0,,0,8,0,"0,1,2,3,4,5,6,7",0.000,20.1,192,0.0,5460.9,5460.9,8,1,1,1,0,,1,0,0,,0,8,0,"0,1,2,3,4,5,6,7",0.000,20.1,288,0.0,5860.0,5860.0,8,0,0,,,0,,,,,,,,,1,1,1:declined,1,declined,1:local,local,0,,0,,0,,,0,,,0,,,,0,0,,the watchdog surfaced a fault earlier,,,,0,verified,,0,1,1,0:declined,1,declined,0:peer-reported,peer-reported,0,,0,,0,,,0,,,0,,,,0,0,,the peer declined,,,,0,verified,0,,0,,,30105,1,none,none,0,none,,,hr,1,stream,0,0,0,,,stream,0,0,13,0,"load,malloc,stream",1,stream,0,0,0,,,stream,0,0,13,0,"load,malloc,stream",,,,,,,,,,,,,,,,,,,,,,,,,,,,,,,,,,,,,,,,,,,,,,,,,,,,,,,,,,,,,,,,,,,,,,,,,,,,,,,,,,,,,,,,,,,,,,,,,,,,,,,,,,,,,,,,,,,,,,,,,,,,,,,,,,,,,,,,,,,,,,,,,,,,,,,,,,,,,,,,,,,,,,,,,,,,,,,,,,,,,,,,,,,,,,,,,,,,,,,,,,,,,,,,,,,,,,,,,,,,,,,,,,,,,,,,,,,,,,,
rh_hog_f1_b@hr,scored,2,hr,rh_hog_f1_b_n1,rh_hog_f1_b,hr,n1,,,,,,,,,,,,,,,,,,,,,,,,,,,,,1,hr,default,F1,blocking,1,,262144,120,637,primary,4,3,0,0,0,0,5.8,ok,ok,,,,120,no error,-1,,,120,no error,0,0,0,120,1,0,0,0,1,,,,,,,,none,none,-1.0,-1.0,8470,20438,44.70,55.42,139.47,11391.87,40,120,1,1,,1,0,0,1,0,LOCAL_QP_ERR,,1,0,0,1,0,0,,,0,0,,,no error,no error,2716.6,721.7,1817.3,1802.2,0,1,,2680939050.926,598.2350001335144,,,,LOCAL_QP_ERR,4.102999687194824,,,15.138999938964844,,"[82/80/2,0/0/0,0/0/0,0/0/0]",,,1,1,0,,0,,,FIN,,0,0,0,0,0xf,qp_state,0,0,1,1,1,qp_state,0xf,4,1,0,0,2,2,2,2,"3,3,3,3",0,,1,1,0,,0xf,4,1,0,0,2,2,2,2,"3,3,3,3",0,,,,,,3286,10114,,,,,,,,,,1,,,,,,,0,,,0,,,,2680939055.029,,1,,,0,,FIN,left,1549881460.447,0,,,0,,,,,,0,0,0,0,0,,,,,1,0,,,,,,0,,,0,0,,0,,,0,0,0,0,0.0,10114,0,,,,1,abort,2680940570.361,0,0,0,,,,1,0,0,1,1,1,0,0,0,0,0,0,0,1,,,,,192,48,cudaSuccess,0.2,1,0,,,,,,0,,,1,0,,0,,,0,0,0,0,,,0,,,,1,abort,1549884443.689,0,0,0,,,,0,0,0,1,1,1,0,0,0,0,0,0,0,1,0,,,,288,48,cudaSuccess,0.2,,,,,,,,,,,,,598.2350001335144,4.102999687194824,,,,,,1516.889000415802,0,,,,,,1,1,0,,0,0,0,,0,8,0,"0,1,2,3,4,5,6,7",0.000,20.1,192,0.0,5214.9,5214.9,8,1,1,1,0,,0,0,0,,0,8,0,"0,1,2,3,4,5,6,7",0.000,20.1,288,0.0,5582.3,5582.4,8,0,0,,,0,,,,,,,,,1,0,,0,,,,0,,0,,1,initiator,2680939062.632,0,,,0,,,,0,0,,,,,,0,verified,,0,1,0,,0,,,,0,,0,,1,responder,1549879947.318,0,,,0,,,,0,0,,,,,,0,verified,0,,2,,,29929,1,none,none,0,none,,,hr,1,nic,10,1,0,,link-local:1,nic,373,0,0,0,"load,malloc,stream",1,nic,10,1,0,,link-local:1,nic,724,0,0,0,"load,malloc,stream",,,,,,,,,,,,,,,,,,,,,,,,,,,,,,,,,,,,,,,,,,,,,,,,,,,,,,,,,,,,,,,,,,,,,,,,,,,,,,,,,,,,,,,,,,,,,,,,,,,,,,,,,,,,,,,,,,,,,,,,,,,,,,,,,,,,,,,,,,,,,,,,,,,,,,,,,,,,,,,,,,,,,,,,,,,,,,,,,,,,,,,,,,,,,,,,,,,,,,,,,,,,,,,,,,,,,,,,,,,,,,,,,,,,,,,,,,,,,,,
rh_hog_f1_b@hr,scored,2,hr,rh_hog_f1_b_n2,rh_hog_f1_b,hr,n2,,,,,,,,,,,,,,,,,,,,,,,,,,,,,2,hr,default,F1,blocking,1,,262144,120,774,primary,4,3,0,0,0,0,5.9,ok,ok,,,,120,no error,-1,,,120,no error,0,0,0,120,1,0,0,0,1,,,,,,,,none,none,-1.0,-1.0,8468,20449,43.94,53.28,136.64,11084.70,49,120,1,1,,1,0,0,1,0,LOCAL_QP_ERR,,1,0,0,1,0,0,,,0,0,,,no error,no error,2717.0,715.9,1816.8,1802.2,0,1,,2680947754.03,735.6160001754761,,,,LOCAL_QP_ERR,2.0460000038146973,,,12.86299991607666,,"[100/98/2,0/0/0,0/0/0,0/0/0]",,,1,1,0,,0,,,FIN,,0,0,0,0,0xf,qp_state,0,0,1,1,1,qp_state,0xf,4,1,0,0,2,2,2,2,"3,3,3,3",0,,1,1,0,,0xf,4,1,0,0,2,2,2,2,"3,3,3,3",0,,,,,,3282,10040,,,,,,,,,,1,,,,,,,0,,,0,,,,2680947756.076,,1,,,0,,FIN,left,1549890025.768,0,,,0,,,,,,0,0,0,0,0,,,,,1,0,,,,,,0,,,0,0,,0,,,0,0,0,0,0.0,10040,0,,,,1,abort,2680949135.615,0,0,0,,,,1,0,0,1,1,1,0,0,0,0,0,0,0,1,,,,,192,48,cudaSuccess,0.2,1,0,,,,,,0,,,1,0,,0,,,0,0,0,0,,,0,,,,1,abort,1549893009.19,0,0,0,,,,0,0,0,1,1,1,0,0,0,0,0,0,0,1,0,,,,288,48,cudaSuccess,0.2,,,,,,,,,,,,,735.6160001754761,2.0460000038146973,,,,,,1381.1569995880127,0,,,,,,1,1,0,,0,0,0,,0,8,0,"0,1,2,3,4,5,6,7",0.000,20.1,192,0.0,5214.6,5214.6,8,1,1,1,0,,0,0,0,,0,8,0,"0,1,2,3,4,5,6,7",0.000,20.1,288,0.0,5582.0,5582.1,8,0,0,,,0,,,,,,,,,1,0,,0,,,,0,,0,,1,initiator,2680947763.46,0,,,0,,,,0,0,,,,,,0,verified,,0,1,0,,0,,,,0,,0,,1,responder,1549888648.128,0,,,0,,,,0,0,,,,,,0,verified,0,,2,,,30974,1,none,none,0,none,,,hr,1,nic,10,1,0,,link-local:1,nic,373,0,0,0,"load,malloc,stream",1,nic,10,1,0,,link-local:1,nic,724,0,0,0,"load,malloc,stream",,,,,,,,,,,,,,,,,,,,,,,,,,,,,,,,,,,,,,,,,,,,,,,,,,,,,,,,,,,,,,,,,,,,,,,,,,,,,,,,,,,,,,,,,,,,,,,,,,,,,,,,,,,,,,,,,,,,,,,,,,,,,,,,,,,,,,,,,,,,,,,,,,,,,,,,,,,,,,,,,,,,,,,,,,,,,,,,,,,,,,,,,,,,,,,,,,,,,,,,,,,,,,,,,,,,,,,,,,,,,,,,,,,,,,,,,,,,,,,
rh_hog_f1_b@hr,scored,2,hr,rh_hog_f1_b_n3,rh_hog_f1_b,hr,n3,,,,,,,,,,,,,,,,,,,,,,,,,,,,,3,hr,default,F1,blocking,1,,262144,120,911,primary,4,3,0,0,0,0,5.9,ok,ok,,,,120,no error,-1,,,120,no error,0,0,0,120,1,0,0,0,1,,,,,,,,none,none,-1.0,-1.0,8469,20435,44.80,53.28,139.54,11373.44,58,120,1,1,,1,0,0,1,0,LOCAL_QP_ERR,,1,0,0,1,0,0,,,0,0,,,no error,no error,2716.9,708.8,1817.2,1802.1,0,1,,2680965510.543,870.7320003509521,,,,LOCAL_QP_ERR,2.3969998359680176,,,13.479999542236328,,"[118/116/2,0/0/0,0/0/0,0/0/0]",,,1,1,0,,0,,,FIN,,0,0,0,0,0xf,qp_state,0,0,1,1,1,qp_state,0xf,4,1,0,0,2,2,2,2,"3,3,3,3",0,,1,1,0,,0xf,4,1,0,0,2,2,2,2,"3,3,3,3",0,,,,,,3254,10123,,,,,,,,,,1,,,,,,,0,,,0,,,,2680965512.94,,1,,,0,,FIN,left,1549907647.526,0,,,0,,,,,,0,0,0,0,0,,,,,1,0,,,,,,0,,,0,0,,0,,,0,0,0,0,0.0,10123,0,,,,1,abort,2680966757.359,0,0,0,,,,1,0,0,1,1,1,0,0,0,0,0,0,0,1,,,,,192,48,cudaSuccess,0.2,1,0,,,,,,0,,,1,0,,0,,,0,0,0,0,,,0,,,,1,abort,1549910630.944,0,0,0,,,,0,0,0,1,1,1,0,0,0,0,0,0,0,1,0,,,,288,48,cudaSuccess,0.2,,,,,,,,,,,,,870.7320003509521,2.3969998359680176,,,,,,1246.0379996299744,0,,,,,,1,1,0,,0,0,0,,0,8,0,"0,1,2,3,4,5,6,7",0.000,20.1,192,0.0,5215.0,5215.0,8,1,1,1,0,,0,0,0,,0,8,0,"0,1,2,3,4,5,6,7",0.000,20.1,288,0.0,5582.4,5582.5,8,0,0,,,0,,,,,,,,,1,0,,0,,,,0,,0,,1,initiator,2680965520.619,0,,,0,,,,0,0,,,,,,0,verified,,0,1,0,,0,,,,0,,0,,1,responder,1549906405.215,0,,,0,,,,0,0,,,,,,0,verified,0,,2,,,29238,1,none,none,0,none,,,hr,1,nic,10,1,0,,link-local:1,nic,373,0,0,0,"load,malloc,stream",1,nic,10,1,0,,link-local:1,nic,724,0,0,0,"load,malloc,stream",,,,,,,,,,,,,,,,,,,,,,,,,,,,,,,,,,,,,,,,,,,,,,,,,,,,,,,,,,,,,,,,,,,,,,,,,,,,,,,,,,,,,,,,,,,,,,,,,,,,,,,,,,,,,,,,,,,,,,,,,,,,,,,,,,,,,,,,,,,,,,,,,,,,,,,,,,,,,,,,,,,,,,,,,,,,,,,,,,,,,,,,,,,,,,,,,,,,,,,,,,,,,,,,,,,,,,,,,,,,,,,,,,,,,,,,,,,,,,,
rh_hog_f1_b@hr,scored,2,hr,rh_hog_f1_b_n4,rh_hog_f1_b,hr,n4,,,,,,,,,,,,,,,,,,,,,,,,,,,,,4,hr,default,F1,blocking,1,,262144,120,1048,primary,4,3,0,0,0,0,5.8,ok,ok,,,,120,no error,-1,,,120,no error,0,0,0,120,1,0,0,0,1,,,,,,,,none,none,-1.0,-1.0,8467,20436,43.97,55.17,131.32,10433.47,68,120,1,1,,1,0,0,1,0,LOCAL_QP_ERR,,1,0,0,1,0,0,,,0,0,,,no error,no error,2716.6,727.3,1816.5,1801.3,0,1,,2680974182.663,1009.7530002593994,,,,LOCAL_QP_ERR,13.843999862670898,,,23.973999977111816,,"[138/136/2,0/0/0,0/0/0,0/0/0]",,,1,1,0,,0,,,FIN,,0,0,0,0,0xf,qp_state,0,0,1,1,1,qp_state,0xf,4,1,0,0,2,2,2,2,"3,3,3,3",0,,1,1,0,,0xf,4,1,0,0,2,2,2,2,"3,3,3,3",0,,,,,,3207,10114,,,,,,,,,,1,,,,,,,0,,,0,,,,2680974196.507,,1,,,0,,FIN,left,1549916179.952,0,,,0,,,,,,0,0,0,0,0,,,,,1,0,,,,,,0,,,0,0,,0,,,0,0,0,0,0.0,10114,0,,,,1,abort,2680975289.842,0,0,0,,,,1,0,0,1,1,1,0,0,0,0,0,0,0,1,,,,,192,48,cudaSuccess,0.2,1,0,,,,,,0,,,1,0,,0,,,0,0,0,0,,,0,,,,1,abort,1549919162.947,0,0,0,,,,0,0,0,1,1,1,0,0,0,0,0,0,0,1,0,,,,288,48,cudaSuccess,0.3,,,,,,,,,,,,,1009.7530002593994,13.843999862670898,,,,,,1094.8940000534058,0,,,,,,1,1,0,,0,0,0,,0,8,0,"0,1,2,3,4,5,6,7",0.000,20.1,192,0.0,5214.0,5214.0,8,1,1,1,0,,0,0,0,,0,8,0,"0,1,2,3,4,5,6,7",0.000,20.1,288,0.0,5581.5,5581.5,8,0,0,,,0,,,,,,,,,1,0,,0,,,,0,,0,,1,initiator,2680974203.282,0,,,0,,,,0,0,,,,,,0,verified,,0,1,0,,0,,,,0,,0,,1,responder,1549915087.92,0,,,0,,,,0,0,,,,,,0,verified,0,,2,,,30847,1,none,none,0,none,,,hr,1,nic,10,1,0,,link-local:1,nic,373,0,0,0,"load,malloc,stream",1,nic,10,1,0,,link-local:1,nic,724,0,0,0,"load,malloc,stream",,,,,,,,,,,,,,,,,,,,,,,,,,,,,,,,,,,,,,,,,,,,,,,,,,,,,,,,,,,,,,,,,,,,,,,,,,,,,,,,,,,,,,,,,,,,,,,,,,,,,,,,,,,,,,,,,,,,,,,,,,,,,,,,,,,,,,,,,,,,,,,,,,,,,,,,,,,,,,,,,,,,,,,,,,,,,,,,,,,,,,,,,,,,,,,,,,,,,,,,,,,,,,,,,,,,,,,,,,,,,,,,,,,,,,,,,,,,,,,
rh_hog_f1_b@hr,scored,2,hr,rh_hog_f1_b_n5,rh_hog_f1_b,hr,n5,,,,,,,,,,,,,,,,,,,,,,,,,,,,,5,hr,default,F1,blocking,1,,262144,120,1185,primary,4,3,0,0,0,0,5.8,ok,ok,,,,120,no error,-1,,,120,no error,0,0,0,120,1,0,0,0,1,,,,,,,,none,none,-1.0,-1.0,8468,20444,43.97,53.54,137.55,11172.77,77,120,1,1,,1,0,0,1,0,LOCAL_QP_ERR,,1,0,0,1,0,0,,,0,0,,,no error,no error,2716.9,716.3,1816.8,1802.1,0,1,,2680991942.859,1146.1530003547668,,,,LOCAL_QP_ERR,12.8919997215271,,,23.736999988555908,,"[156/154/2,0/0/0,0/0/0,0/0/0]",,,1,1,0,,0,,,FIN,,0,0,0,0,0xf,qp_state,0,0,1,1,1,qp_state,0xf,4,1,0,0,2,2,2,2,"3,3,3,3",0,,1,1,0,,0xf,4,1,0,0,2,2,2,2,"3,3,3,3",0,,,,,,3298,10056,,,,,,,,,,1,,,,,,,0,,,0,,,,2680991955.751,,1,,,0,,FIN,left,1549933803.986,0,,,0,,,,,,0,0,0,0,0,,,,,1,0,,,,,,0,,,0,0,,0,,,0,0,0,0,0.0,10056,0,,,,1,abort,2680992913.862,0,0,0,,,,1,0,0,1,1,1,0,0,0,0,0,0,0,1,,,,,192,48,cudaSuccess,0.2,1,0,,,,,,0,,,1,0,,0,,,0,0,0,0,,,0,,,,1,abort,1549936787.726,0,0,0,,,,0,0,0,1,1,1,0,0,0,0,0,0,0,1,0,,,,288,48,cudaSuccess,0.2,,,,,,,,,,,,,1146.1530003547668,12.8919997215271,,,,,,959.6760001182556,0,,,,,,1,1,0,,0,0,0,,0,8,0,"0,1,2,3,4,5,6,7",0.000,20.1,192,0.0,5214.7,5214.7,8,1,1,1,0,,0,0,0,,0,8,0,"0,1,2,3,4,5,6,7",0.000,20.1,288,0.0,5582.4,5582.4,8,0,0,,,0,,,,,,,,,1,0,,0,,,,0,,0,,1,initiator,2680991963.15,0,,,0,,,,0,0,,,,,,0,verified,,0,1,0,,0,,,,0,,0,,1,responder,1549932847.855,0,,,0,,,,0,0,,,,,,0,verified,0,,2,,,30261,1,none,none,0,none,,,hr,1,nic,10,1,0,,link-local:1,nic,373,0,0,0,"load,malloc,stream",1,nic,10,1,0,,link-local:1,nic,724,0,0,0,"load,malloc,stream",,,,,,,,,,,,,,,,,,,,,,,,,,,,,,,,,,,,,,,,,,,,,,,,,,,,,,,,,,,,,,,,,,,,,,,,,,,,,,,,,,,,,,,,,,,,,,,,,,,,,,,,,,,,,,,,,,,,,,,,,,,,,,,,,,,,,,,,,,,,,,,,,,,,,,,,,,,,,,,,,,,,,,,,,,,,,,,,,,,,,,,,,,,,,,,,,,,,,,,,,,,,,,,,,,,,,,,,,,,,,,,,,,,,,,,,,,,,,,,
rh_hog_f1_b@hr,scored,2,hr,rh_hog_f1_b_n6,rh_hog_f1_b,hr,n6,,,,,,,,,,,,,,,,,,,,,,,,,,,,,6,hr,default,F1,blocking,1,,262144,120,622,primary,4,3,0,0,0,0,5.9,ok,ok,,,,120,no error,-1,,,120,no error,0,0,0,120,1,0,0,0,1,,,,,,,,none,none,-1.0,-1.0,8469,20460,43.97,53.38,138.07,11260.83,39,120,1,1,,1,0,0,1,0,LOCAL_QP_ERR,,1,0,0,1,0,0,,,0,0,,,no error,no error,2716.4,723.4,1817.2,1802.4,0,1,,2680999954.489,582.8449997901917,,,,LOCAL_QP_ERR,4.398000240325928,,,15.342999935150146,,"[80/78/2,0/0/0,0/0/0,0/0/0]",,,1,1,0,,0,,,FIN,,0,0,0,0,0xf,qp_state,0,0,1,1,1,qp_state,0xf,4,1,0,0,2,2,2,2,"3,3,3,3",0,,1,1,0,,0xf,4,1,0,0,2,2,2,2,"3,3,3,3",0,,,,,,3283,10063,,,,,,,,,,1,,,,,,,0,,,0,,,,2680999958.887,,1,,,0,,FIN,left,1549942379.253,0,,,0,,,,,,0,0,0,0,0,,,,,1,0,,,,,,0,,,0,0,,0,,,0,0,0,0,0.0,10063,0,,,,1,abort,2681001489.096,0,0,0,,,,1,0,0,1,1,1,0,0,0,0,0,0,0,1,,,,,192,48,cudaSuccess,0.2,1,0,,,,,,0,,,1,0,,0,,,0,0,0,0,,,0,,,,1,abort,1549945362.699,0,0,0,,,,0,0,0,1,1,1,0,0,0,0,0,0,0,1,0,,,,288,48,cudaSuccess,0.2,,,,,,,,,,,,,582.8449997901917,4.398000240325928,,,,,,1531.8000001907349,0,,,,,,1,1,0,,0,0,0,,0,8,0,"0,1,2,3,4,5,6,7",0.000,20.1,192,0.0,5214.8,5214.8,8,1,1,1,0,,0,0,0,,0,8,0,"0,1,2,3,4,5,6,7",0.000,20.1,288,0.0,5582.5,5582.5,8,0,0,,,0,,,,,,,,,1,0,,0,,,,0,,0,,1,initiator,2680999966.401,0,,,0,,,,0,0,,,,,,0,verified,,0,1,0,,0,,,,0,,0,,1,responder,1549940851.081,0,,,0,,,,0,0,,,,,,0,verified,0,,2,,,29278,1,none,none,0,none,,,hr,1,nic,10,1,0,,link-local:1,nic,373,0,0,0,"load,malloc,stream",1,nic,10,1,0,,link-local:1,nic,724,0,0,0,"load,malloc,stream",,,,,,,,,,,,,,,,,,,,,,,,,,,,,,,,,,,,,,,,,,,,,,,,,,,,,,,,,,,,,,,,,,,,,,,,,,,,,,,,,,,,,,,,,,,,,,,,,,,,,,,,,,,,,,,,,,,,,,,,,,,,,,,,,,,,,,,,,,,,,,,,,,,,,,,,,,,,,,,,,,,,,,,,,,,,,,,,,,,,,,,,,,,,,,,,,,,,,,,,,,,,,,,,,,,,,,,,,,,,,,,,,,,,,,,,,,,,,,,
rh_hog_f1_b@hr,scored,2,hr,rh_hog_f1_b_n7,rh_hog_f1_b,hr,n7,,,,,,,,,,,,,,,,,,,,,,,,,,,,,7,hr,default,F1,blocking,1,,262144,120,759,primary,4,3,0,0,0,0,5.8,ok,ok,,,,120,no error,-1,,,120,no error,0,0,0,120,1,0,0,0,1,,,,,,,,none,none,-1.0,-1.0,8470,20425,43.94,53.18,137.61,11195.30,48,120,1,1,,1,0,0,1,0,LOCAL_QP_ERR,,1,0,0,1,0,0,,,0,0,,,no error,no error,2716.1,711.4,1817.2,1802.2,0,1,,2681017704.584,720.3850002288818,,,,LOCAL_QP_ERR,2.3010001182556152,,,13.170000076293945,,"[98/96/2,0/0/0,0/0/0,0/0/0]",,,1,1,0,,0,,,FIN,,0,0,0,0,0xf,qp_state,0,0,1,1,1,qp_state,0xf,4,1,0,0,2,2,2,2,"3,3,3,3",0,,1,1,0,,0xf,4,1,0,0,2,2,2,2,"3,3,3,3",0,,,,,,3253,10188,,,,,,,,,,1,,,,,,,0,,,0,,,,2681017706.885,,1,,,0,,FIN,left,1549959992.011,0,,,0,,,,,,0,0,0,0,0,,,,,1,0,,,,,,0,,,0,0,,0,,,0,0,0,0,0.0,10188,0,,,,1,abort,2681019101.851,0,0,0,,,,1,0,0,1,1,1,0,0,0,0,0,0,0,1,,,,,192,48,cudaSuccess,0.2,1,0,,,,,,0,,,1,0,,0,,,0,0,0,0,,,0,,,,1,abort,1549962975.182,0,0,0,,,,0,0,0,1,1,1,0,0,0,0,0,0,0,1,0,,,,288,48,cudaSuccess,0.3,,,,,,,,,,,,,720.3850002288818,2.3010001182556152,,,,,,1396.55299949646,0,,,,,,1,1,0,,0,0,0,,0,8,0,"0,1,2,3,4,5,6,7",0.000,20.1,192,0.0,5214.7,5214.7,8,1,1,1,0,,0,0,0,,0,8,0,"0,1,2,3,4,5,6,7",0.000,20.1,288,0.0,5582.4,5582.4,8,0,0,,,0,,,,,,,,,1,0,,0,,,,0,,0,,1,initiator,2681017714.352,0,,,0,,,,0,0,,,,,,0,verified,,0,1,0,,0,,,,0,,0,,1,responder,1549958599.089,0,,,0,,,,0,0,,,,,,0,verified,0,,2,,,29742,1,none,none,0,none,,,hr,1,nic,10,1,0,,link-local:1,nic,373,0,0,0,"load,malloc,stream",1,nic,10,1,0,,link-local:1,nic,724,0,0,0,"load,malloc,stream",,,,,,,,,,,,,,,,,,,,,,,,,,,,,,,,,,,,,,,,,,,,,,,,,,,,,,,,,,,,,,,,,,,,,,,,,,,,,,,,,,,,,,,,,,,,,,,,,,,,,,,,,,,,,,,,,,,,,,,,,,,,,,,,,,,,,,,,,,,,,,,,,,,,,,,,,,,,,,,,,,,,,,,,,,,,,,,,,,,,,,,,,,,,,,,,,,,,,,,,,,,,,,,,,,,,,,,,,,,,,,,,,,,,,,,,,,,,,,,
rh_hog_f1_b@hr,scored,2,hr,rh_hog_f1_b_n8,rh_hog_f1_b,hr,n8,,,,,,,,,,,,,,,,,,,,,,,,,,,,,8,hr,default,F1,blocking,1,,262144,120,896,primary,4,3,0,0,0,0,5.8,ok,ok,,,,120,no error,-1,,,120,no error,0,0,0,120,1,0,0,0,1,,,,,,,,none,none,-1.0,-1.0,8467,20441,44.54,54.37,137.54,11173.92,57,120,1,1,,1,0,0,1,0,LOCAL_QP_ERR,,1,0,0,1,0,0,,,0,0,,,no error,no error,2716.5,721.0,1817.3,1802.0,0,1,,2681026327.738,857.4049997329712,,,,LOCAL_QP_ERR,0.4809999465942383,,,11.539000034332275,,"[116/114/2,0/0/0,0/0/0,0/0/0]",,,1,1,0,,0,,,FIN,,0,0,0,0,0xf,qp_state,0,0,1,1,1,qp_state,0xf,4,1,0,0,2,2,2,2,"3,3,3,3",0,,1,1,0,,0xf,4,1,0,0,2,2,2,2,"3,3,3,3",0,,,,,,3297,10866,,,,,,,,,,1,,,,,,,0,,,0,,,,2681026328.219,,1,,,0,,FIN,left,1549968478.021,0,,,0,,,,,,0,0,0,0,0,,,,,1,0,,,,,,0,,,0,0,,0,,,0,0,0,0,0.0,10866,0,,,,1,abort,2681027587.856,0,0,0,,,,1,0,0,1,1,1,0,0,0,0,0,0,0,1,,,,,192,48,cudaSuccess,0.2,1,0,,,,,,0,,,1,0,,0,,,0,0,0,0,,,0,,,,1,abort,1549971461.188,0,0,0,,,,0,0,0,1,1,1,0,0,0,0,0,0,0,1,0,,,,288,48,cudaSuccess,0.2,,,,,,,,,,,,,857.4049997329712,0.4809999465942383,,,,,,1261.2270002365112,0,,,,,,1,1,0,,0,0,0,,0,8,0,"0,1,2,3,4,5,6,7",0.000,20.1,192,0.0,5214.7,5214.7,8,1,1,1,0,,0,0,0,,0,8,0,"0,1,2,3,4,5,6,7",0.000,20.1,288,0.0,5582.6,5582.6,8,0,0,,,0,,,,,,,,,1,0,,0,,,,0,,0,,1,initiator,2681026335.832,0,,,0,,,,0,0,,,,,,0,verified,,0,1,0,,0,,,,0,,0,,1,responder,1549967220.568,0,,,0,,,,0,0,,,,,,0,verified,0,,2,,,30928,1,none,none,0,none,,,hr,1,nic,10,1,0,,link-local:1,nic,373,0,0,0,"load,malloc,stream",1,nic,10,1,0,,link-local:1,nic,724,0,0,0,"load,malloc,stream",,,,,,,,,,,,,,,,,,,,,,,,,,,,,,,,,,,,,,,,,,,,,,,,,,,,,,,,,,,,,,,,,,,,,,,,,,,,,,,,,,,,,,,,,,,,,,,,,,,,,,,,,,,,,,,,,,,,,,,,,,,,,,,,,,,,,,,,,,,,,,,,,,,,,,,,,,,,,,,,,,,,,,,,,,,,,,,,,,,,,,,,,,,,,,,,,,,,,,,,,,,,,,,,,,,,,,,,,,,,,,,,,,,,,,,,,,,,,,,
rh_hog_f1_b@hr,scored,2,hr,rh_hog_f1_b_n9,rh_hog_f1_b,hr,n9,,,,,,,,,,,,,,,,,,,,,,,,,,,,,9,hr,default,F1,blocking,1,,262144,120,1033,primary,4,3,0,0,0,0,5.8,ok,ok,,,,120,no error,-1,,,120,no error,0,0,0,120,1,0,0,0,1,,,,,,,,none,none,-1.0,-1.0,8466,20419,44.58,53.34,134.87,10828.70,67,120,1,1,,1,0,0,1,0,LOCAL_QP_ERR,,1,0,0,1,0,0,,,0,0,,,no error,no error,2716.8,726.9,1816.7,1802.0,0,1,,2681044117.131,994.7470002174377,,,,LOCAL_QP_ERR,13.825999736785889,,,24.3270001411438,,"[136/134/2,0/0/0,0/0/0,0/0/0]",,,1,1,0,,0,,,FIN,,0,0,0,0,0xf,qp_state,0,0,1,1,1,qp_state,0xf,4,1,0,0,2,2,2,2,"3,3,3,3",0,,1,1,0,,0xf,4,1,0,0,2,2,2,2,"3,3,3,3",0,,,,,,3209,10092,,,,,,,,,,1,,,,,,,0,,,0,,,,2681044130.957,,1,,,0,,FIN,left,1549986129.512,0,,,0,,,,,,0,0,0,0,0,,,,,1,0,,,,,,0,,,0,0,,0,,,0,0,0,0,0.0,10092,0,,,,1,abort,2681045239.357,0,0,0,,,,1,0,0,1,1,1,0,0,0,0,0,0,0,1,,,,,192,48,cudaSuccess,0.2,1,0,,,,,,0,,,1,0,,0,,,0,0,0,0,,,0,,,,1,abort,1549989112.961,0,0,0,,,,0,0,0,1,1,1,0,0,0,0,0,0,0,1,0,,,,288,48,cudaSuccess,0.3,,,,,,,,,,,,,994.7470002174377,13.825999736785889,,,,,,1109.9780006408691,0,,,,,,1,1,0,,0,0,0,,0,8,0,"0,1,2,3,4,5,6,7",0.000,20.1,192,0.0,5214.4,5214.4,8,1,1,1,0,,0,0,0,,0,8,0,"0,1,2,3,4,5,6,7",0.000,20.1,288,0.0,5582.3,5582.3,8,0,0,,,0,,,,,,,,,1,0,,0,,,,0,,0,,1,initiator,2681044138.101,0,,,0,,,,0,0,,,,,,0,verified,,0,1,0,,0,,,,0,,0,,1,responder,1549985022.848,0,,,0,,,,0,0,,,,,,0,verified,0,,2,,,30459,1,none,none,0,none,,,hr,1,nic,10,1,0,,link-local:1,nic,373,0,0,0,"load,malloc,stream",1,nic,10,1,0,,link-local:1,nic,724,0,0,0,"load,malloc,stream",,,,,,,,,,,,,,,,,,,,,,,,,,,,,,,,,,,,,,,,,,,,,,,,,,,,,,,,,,,,,,,,,,,,,,,,,,,,,,,,,,,,,,,,,,,,,,,,,,,,,,,,,,,,,,,,,,,,,,,,,,,,,,,,,,,,,,,,,,,,,,,,,,,,,,,,,,,,,,,,,,,,,,,,,,,,,,,,,,,,,,,,,,,,,,,,,,,,,,,,,,,,,,,,,,,,,,,,,,,,,,,,,,,,,,,,,,,,,,,
rh_hog_f1_b@hr,scored,2,hr,rh_hog_f1_b_n10,rh_hog_f1_b,hr,n10,,,,,,,,,,,,,,,,,,,,,,,,,,,,,10,hr,default,F1,blocking,1,,262144,120,1170,primary,4,3,0,0,0,0,5.9,ok,ok,,,,120,no error,-1,,,120,no error,0,0,0,120,1,0,0,0,1,,,,,,,,none,none,-1.0,-1.0,8468,20425,44.90,55.30,138.76,11287.49,76,120,1,1,,1,0,0,1,0,LOCAL_QP_ERR,,1,0,0,1,0,0,,,0,0,,,no error,no error,2716.3,714.9,1817.3,1802.3,0,1,,2681052835.616,1130.7790002822876,,,,LOCAL_QP_ERR,13.251999855041504,,,24.202999591827393,,"[154/152/2,0/0/0,0/0/0,0/0/0]",,,1,1,0,,0,,,FIN,,0,0,0,0,0xf,qp_state,0,0,1,1,1,qp_state,0xf,4,1,0,0,2,2,2,2,"3,3,3,3",0,,1,1,0,,0xf,4,1,0,0,2,2,2,2,"3,3,3,3",0,,,,,,3414,10176,,,,,,,,,,1,,,,,,,0,,,0,,,,2681052848.868,,1,,,0,,FIN,left,1549994712.488,0,,,0,,,,,,0,0,0,0,0,,,,,1,0,,,,,,0,,,0,0,,0,,,0,0,0,0,0.0,10176,0,,,,1,abort,2681053822.354,0,0,0,,,,1,0,0,1,1,1,0,0,0,0,0,0,0,1,,,,,192,48,cudaSuccess,0.2,1,0,,,,,,0,,,1,0,,0,,,0,0,0,0,,,0,,,,1,abort,1549997695.957,0,0,0,,,,0,0,0,1,1,1,0,0,0,0,0,0,0,1,0,,,,288,48,cudaSuccess,0.3,,,,,,,,,,,,,1130.7790002822876,13.251999855041504,,,,,,975.0460000038147,0,,,,,,1,1,0,,0,0,0,,0,8,0,"0,1,2,3,4,5,6,7",0.000,20.1,192,0.0,5214.9,5214.9,8,1,1,1,0,,0,0,0,,0,8,0,"0,1,2,3,4,5,6,7",0.000,20.1,288,0.0,5582.9,5582.9,8,0,0,,,0,,,,,,,,,1,0,,0,,,,0,,0,,1,initiator,2681052856.257,0,,,0,,,,0,0,,,,,,0,verified,,0,1,0,,0,,,,0,,0,,1,responder,1549993740.853,0,,,0,,,,0,0,,,,,,0,verified,0,,2,,,29360,1,none,none,0,none,,,hr,1,nic,10,1,0,,link-local:1,nic,373,0,0,0,"load,malloc,stream",1,nic,10,1,0,,link-local:1,nic,724,0,0,0,"load,malloc,stream",,,,,,,,,,,,,,,,,,,,,,,,,,,,,,,,,,,,,,,,,,,,,,,,,,,,,,,,,,,,,,,,,,,,,,,,,,,,,,,,,,,,,,,,,,,,,,,,,,,,,,,,,,,,,,,,,,,,,,,,,,,,,,,,,,,,,,,,,,,,,,,,,,,,,,,,,,,,,,,,,,,,,,,,,,,,,,,,,,,,,,,,,,,,,,,,,,,,,,,,,,,,,,,,,,,,,,,,,,,,,,,,,,,,,,,,,,,,,,,
rh_hogcall_load_f1_b@hr,scored,2,hr,rh_hogcall_load_f1_b_n1,rh_hogcall_load_f1_b,hr,n1,,,,,,,,,,,,,,,,,,,,,,,,,,,,,1,hr,default,F1,blocking,1,,262144,120,637,primary,4,3,0,0,0,0,5.8,ok,ok,,,,120,no error,-1,,,120,no error,0,0,0,120,1,0,0,0,1,,,,,,,,none,none,-1.0,-1.0,8469,20423,44.54,53.22,138.80,11333.82,40,120,1,1,,1,0,0,1,0,LOCAL_QP_ERR,,1,0,0,1,0,0,,,0,0,,,no error,no error,2716.9,712.5,1817.3,1802.3,0,1,,2681124249.713,598.2069997787476,,,,LOCAL_QP_ERR,4.164000034332275,,,15.117000102996826,,"[82/80/2,0/0/0,0/0/0,0/0/0]",,,1,1,0,,0,,,FIN,,0,0,0,0,0xf,qp_state,0,0,1,1,1,qp_state,0xf,4,1,0,0,2,2,2,2,"3,3,3,3",0,,1,1,0,,0xf,4,1,0,0,2,2,2,2,"3,3,3,3",0,,,,,,3321,10092,,,,,,,,,,1,,,,,,,0,,,0,,,,2681124253.877,,1,,,0,,FIN,left,1550066659.253,0,,,0,,,,,,0,0,0,0,0,,,,,1,0,,,,,,0,,,0,0,,0,,,0,0,0,0,0.0,10092,0,,,,1,abort,2681125769.102,0,0,0,,,,1,0,0,1,1,1,0,0,0,0,0,0,0,1,,,,,192,48,cudaSuccess,0.2,1,0,,,,,,0,,,1,0,,0,,,0,0,0,0,,,0,,,,1,abort,1550069642.715,0,0,0,,,,0,0,0,1,1,1,0,0,0,0,0,0,0,1,0,,,,288,48,cudaSuccess,0.3,,,,,,,,,,,,,598.2069997787476,4.164000034332275,,,,,,1516.7980003356934,0,,,,,,1,1,0,,0,0,0,,0,8,0,"0,1,2,3,4,5,6,7",0.000,20.1,192,0.0,5214.9,5214.9,8,1,1,1,0,,0,0,0,,0,8,0,"0,1,2,3,4,5,6,7",0.000,20.1,288,0.0,5583.5,5583.5,8,0,0,,,0,,,,,,,,,1,0,,0,,,,0,,0,,1,initiator,2681124261.359,0,,,0,,,,0,0,,,,,,0,verified,,0,1,0,,0,,,,0,,0,,1,responder,1550065146.082,0,,,0,,,,0,0,,,,,,0,verified,0,,2,,,29300,1,none,none,0,none,,,hr,1,nic,10,1,0,,link-local:1,nic,373,0,0,0,load,1,nic,10,1,0,,link-local:1,nic,724,0,0,0,load,,,,,,,,,,,,,,,,,,,,,,,,,,,,,,,,,,,,,,,,,,,,,,,,,,,,,,,,,,,,,,,,,,,,,,,,,,,,,,,,,,,,,,,,,,,,,,,,,,,,,,,,,,,,,,,,,,,,,,,,,,,,,,,,,,,,,,,,,,,,,,,,,,,,,,,,,,,,,,,,,,,,,,,,,,,,,,,,,,,,,,,,,,,,,,,,,,,,,,,,,,,,,,,,,,,,,,,,,,,,,,,,,,,,,,,,,,,,,,,
rh_hogcall_load_f1_b@hr,scored,2,hr,rh_hogcall_load_f1_b_n2,rh_hogcall_load_f1_b,hr,n2,,,,,,,,,,,,,,,,,,,,,,,,,,,,,2,hr,default,F1,blocking,1,,262144,120,774,primary,4,3,0,0,0,0,5.8,ok,ok,,,,120,no error,-1,,,120,no error,0,0,0,120,1,0,0,0,1,,,,,,,,none,none,-1.0,-1.0,8468,20443,44.58,52.77,136.27,11010.98,49,120,1,1,,1,0,0,1,0,LOCAL_QP_ERR,,1,0,0,1,0,0,,,0,0,,,no error,no error,2716.2,721.8,1816.8,1801.9,0,1,,2681172293.778,734.7919998168945,,,,LOCAL_QP_ERR,3.0180001258850098,,,13.64300012588501,,"[100/98/2,0/0/0,0/0/0,0/0/0]",,,1,1,0,,0,,,FIN,,0,0,0,0,0xf,qp_state,0,0,1,1,1,qp_state,0xf,4,1,0,0,2,2,2,2,"3,3,3,3",0,,1,1,0,,0xf,4,1,0,0,2,2,2,2,"3,3,3,3",0,,,,,,3275,10018,,,,,,,,,,1,,,,,,,0,,,0,,,,2681172296.796,,1,,,0,,FIN,left,1550114566.251,0,,,0,,,,,,0,0,0,0,0,,,,,1,0,,,,,,0,,,0,0,,0,,,0,0,0,0,0.0,10018,0,,,,1,abort,2681173676.089,0,0,0,,,,1,0,0,1,1,1,0,0,0,0,0,0,0,1,,,,,192,48,cudaSuccess,0.2,1,0,,,,,,0,,,1,0,,0,,,0,0,0,0,,,0,,,,1,abort,1550117549.718,0,0,0,,,,0,0,0,1,1,1,0,0,0,0,0,0,0,1,0,,,,288,48,cudaSuccess,0.4,,,,,,,,,,,,,734.7919998168945,3.0180001258850098,,,,,,1380.9000000953674,0,,,,,,1,1,0,,0,0,0,,0,8,0,"0,1,2,3,4,5,6,7",0.000,20.1,192,0.0,5214.5,5214.5,8,1,1,1,0,,0,0,0,,0,8,0,"0,1,2,3,4,5,6,7",0.000,20.1,288,0.0,5583.5,5583.5,8,0,0,,,0,,,,,,,,,1,0,,0,,,,0,,0,,1,initiator,2681172303.989,0,,,0,,,,0,0,,,,,,0,verified,,0,1,0,,0,,,,0,,0,,1,responder,1550113188.709,0,,,0,,,,0,0,,,,,,0,verified,0,,2,,,29776,1,none,none,0,none,,,hr,1,nic,10,1,0,,link-local:1,nic,373,0,0,0,load,1,nic,10,1,0,,link-local:1,nic,724,0,0,0,load,,,,,,,,,,,,,,,,,,,,,,,,,,,,,,,,,,,,,,,,,,,,,,,,,,,,,,,,,,,,,,,,,,,,,,,,,,,,,,,,,,,,,,,,,,,,,,,,,,,,,,,,,,,,,,,,,,,,,,,,,,,,,,,,,,,,,,,,,,,,,,,,,,,,,,,,,,,,,,,,,,,,,,,,,,,,,,,,,,,,,,,,,,,,,,,,,,,,,,,,,,,,,,,,,,,,,,,,,,,,,,,,,,,,,,,,,,,,,,,
rh_hogcall_load_f1_b@hr,scored,2,hr,rh_hogcall_load_f1_b_n3,rh_hogcall_load_f1_b,hr,n3,,,,,,,,,,,,,,,,,,,,,,,,,,,,,3,hr,default,F1,blocking,1,,262144,120,911,primary,4,3,0,0,0,0,5.8,ok,ok,,,,120,no error,-1,,,120,no error,0,0,0,120,1,0,0,0,1,,,,,,,,none,none,-1.0,-1.0,8467,20451,43.97,53.31,135.71,10976.13,59,120,1,1,,1,0,0,1,0,LOCAL_QP_ERR,,1,0,0,1,0,0,,,0,0,,,no error,no error,2716.6,722.9,1816.6,1802.1,0,1,,2681220423.479,872.7400002479553,,,,LOCAL_QP_ERR,15.406000137329102,,,26.0939998626709,,"[120/118/2,0/0/0,0/0/0,0/0/0]",,,1,1,0,,0,,,FIN,,0,0,0,0,0xf,qp_state,0,0,1,1,1,qp_state,0xf,4,1,0,0,2,2,2,2,"3,3,3,3",0,,1,1,0,,0xf,4,1,0,0,2,2,2,2,"3,3,3,3",0,,,,,,3302,10202,,,,,,,,,,1,,,,,,,0,,,0,,,,2681220438.885,,1,,,0,,FIN,left,1550162557.74,0,,,0,,,,,,0,0,0,0,0,,,,,1,0,,,,,,0,,,0,0,,0,,,0,0,0,0,0.0,10202,0,,,,1,abort,2681221667.628,0,0,0,,,,1,0,0,1,1,1,0,0,0,0,0,0,0,1,,,,,192,48,cudaSuccess,0.2,1,0,,,,,,0,,,1,0,,0,,,0,0,0,0,,,0,,,,1,abort,1550165541.452,0,0,0,,,,0,0,0,1,1,1,0,0,0,0,0,0,0,1,0,,,,288,48,cudaSuccess,0.4,,,,,,,,,,,,,872.7400002479553,15.406000137329102,,,,,,1230.3269996643066,0,,,,,,1,1,0,,0,0,0,,0,8,0,"0,1,2,3,4,5,6,7",0.000,20.1,192,0.0,5214.4,5214.4,8,1,1,1,0,,0,0,0,,0,8,0,"0,1,2,3,4,5,6,7",0.000,20.1,288,0.0,5583.8,5583.9,8,0,0,,,0,,,,,,,,,1,0,,0,,,,0,,0,,1,initiator,2681220446.123,0,,,0,,,,0,0,,,,,,0,verified,,0,1,0,,0,,,,0,,0,,1,responder,1550161330.791,0,,,0,,,,0,0,,,,,,0,verified,0,,2,,,29091,1,none,none,0,none,,,hr,1,nic,10,1,0,,link-local:1,nic,373,0,0,0,load,1,nic,10,1,0,,link-local:1,nic,724,0,0,0,load,,,,,,,,,,,,,,,,,,,,,,,,,,,,,,,,,,,,,,,,,,,,,,,,,,,,,,,,,,,,,,,,,,,,,,,,,,,,,,,,,,,,,,,,,,,,,,,,,,,,,,,,,,,,,,,,,,,,,,,,,,,,,,,,,,,,,,,,,,,,,,,,,,,,,,,,,,,,,,,,,,,,,,,,,,,,,,,,,,,,,,,,,,,,,,,,,,,,,,,,,,,,,,,,,,,,,,,,,,,,,,,,,,,,,,,,,,,,,,,
rh_hogcall_malloc_f1_b@hr,scored,2,hr,rh_hogcall_malloc_f1_b_n1,rh_hogcall_malloc_f1_b,hr,n1,,,,,,,,,,,,,,,,,,,,,,,,,,,,,1,hr,default,F1,blocking,1,,262144,120,637,primary,4,3,0,0,0,0,5.8,ok,ok,,,,120,no error,-1,,,120,no error,0,0,0,120,1,0,0,0,1,,,,,,,,none,none,-1.0,-1.0,8466,13242,45.22,52.19,136.80,11031.46,40,120,1,1,,1,0,0,1,0,LOCAL_QP_ERR,,1,0,0,1,0,0,,,0,0,,,no error,no error,2716.7,1519.0,1817.0,1802.1,0,1,,2681140350.757,598.8660001754761,,,,LOCAL_QP_ERR,3.4809999465942383,,,14.150000095367432,,"[82/80/2,0/0/0,0/0/0,0/0/0]",,,1,1,0,,0,,,FIN,,0,0,0,0,0xf,qp_state,0,0,1,1,1,qp_state,0xf,4,1,0,0,2,2,2,2,"3,3,3,3",0,,1,1,0,,0xf,4,1,0,0,2,2,2,2,"3,3,3,3",0,,,,,,3385,10197,,,,,,,,,,1,,,,,,,0,,,0,,,,2681140354.238,,1,,,0,,FIN,left,1550082759.253,0,,,0,,,,,,0,0,0,0,0,,,,,1,0,,,,,,0,,,0,0,,0,,,0,0,0,0,0.0,10197,0,,,,1,abort,2681141869.089,0,0,0,,,,1,0,0,1,1,1,0,0,0,0,0,0,0,1,,,,,192,48,cudaSuccess,0.2,1,0,,,,,,0,,,1,0,,0,,,0,0,0,0,,,0,,,,1,abort,1550083941.162,0,0,0,,,,0,0,0,1,1,1,0,0,0,0,0,0,0,1,0,,,,288,48,cudaSuccess,0.3,,,,,,,,,,,,,598.8660001754761,3.4809999465942383,,,,,,1516.4420003890991,0,,,,,,1,1,0,,0,0,0,0,191,8,8,none,0.047,20.1,192,1816.4,3398.1,5214.6,8,1,1,1,0,,0,0,0,0,287,8,8,none,0.085,20.1,288,1801.5,3781.8,5583.3,8,1,0,,,0,,,,,,,,,1,0,,0,,,,0,,0,,1,initiator,2681140361.374,0,,,0,,,,0,0,,,,,,0,verified,,0,1,0,,0,,,,0,,0,,1,responder,1550081246.103,0,,,0,,,,0,0,,,,,,0,verified,0,,2,,,30504,1,none,none,0,none,,,hr,1,nic,10,1,0,,link-local:1,nic,373,0,0,0,malloc,1,nic,10,1,0,,link-local:1,nic,508,0,0,0,malloc,,,,,,,,,,,,,,,,,,,,,,,,,,,,,,,,,,,,,,,,,,,,,,,,,,,,,,,,,,,,,,,,,,,,,,,,,,,,,,,,,,,,,,,,,,,,,,,,,,,,,,,,,,,,,,,,,,,,,,,,,,,,,,,,,,,,,,,,,,,,,,,,,,,,,,,,,,,,,,,,,,,,,,,,,,,,,,,,,,,,,,,,,,,,,,,,,,,,,,,,,,,,,,,,,,,,,,,,,,,,,,,,,,,,,,,,,,,,,,,
rh_hogcall_malloc_f1_b@hr,scored,2,hr,rh_hogcall_malloc_f1_b_n2,rh_hogcall_malloc_f1_b,hr,n2,,,,,,,,,,,,,,,,,,,,,,,,,,,,,2,hr,default,F1,blocking,1,,262144,120,774,primary,4,3,0,0,0,0,5.8,ok,ok,,,,120,no error,-1,,,120,no error,0,0,0,120,1,0,0,0,1,,,,,,,,none,none,-1.0,-1.0,8468,13236,45.34,57.63,134.92,10740.61,49,120,1,1,,1,0,0,1,0,LOCAL_QP_ERR,,1,0,0,1,0,0,,,0,0,,,no error,no error,2716.0,1518.9,1816.9,1801.8,0,1,,2681188364.932,735.3110003471375,,,,LOCAL_QP_ERR,2.5299997329711914,,,12.894999980926514,,"[100/98/2,0/0/0,0/0/0,0/0/0]",,,1,1,0,,0,,,FIN,,0,0,0,0,0xf,qp_state,0,0,1,1,1,qp_state,0xf,4,1,0,0,2,2,2,2,"3,3,3,3",0,,1,1,0,,0xf,4,1,0,0,2,2,2,2,"3,3,3,3",0,,,,,,3356,10144,,,,,,,,,,1,,,,,,,0,,,0,,,,2681188367.462,,1,,,0,,FIN,left,1550130636.979,0,,,0,,,,,,0,0,0,0,0,,,,,1,0,,,,,,0,,,0,0,,0,,,0,0,0,0,0.0,10144,0,,,,1,abort,2681189746.866,0,0,0,,,,1,0,0,1,1,1,0,0,0,0,0,0,0,1,,,,,192,48,cudaSuccess,0.2,1,0,,,,,,0,,,1,0,,0,,,0,0,0,0,,,0,,,,1,abort,1550131818.925,0,0,0,,,,0,0,0,1,1,1,0,0,0,0,0,0,0,1,0,,,,288,48,cudaSuccess,0.2,,,,,,,,,,,,,735.3110003471375,2.5299997329711914,,,,,,1380.9640002250671,0,,,,,,1,1,0,,0,0,0,0,191,8,8,none,0.034,20.1,192,1816.2,3398.1,5214.3,8,1,1,1,0,,0,0,0,0,287,8,8,none,0.074,20.1,288,1801.4,3782.2,5583.6,8,1,0,,,0,,,,,,,,,1,0,,0,,,,0,,0,,1,initiator,2681188374.322,0,,,0,,,,0,0,,,,,,0,verified,,0,1,0,,0,,,,0,,0,,1,responder,1550129259.053,0,,,0,,,,0,0,,,,,,0,verified,0,,2,,,30322,1,none,none,0,none,,,hr,1,nic,10,1,0,,link-local:1,nic,373,0,0,0,malloc,1,nic,10,1,0,,link-local:1,nic,508,0,0,0,malloc,,,,,,,,,,,,,,,,,,,,,,,,,,,,,,,,,,,,,,,,,,,,,,,,,,,,,,,,,,,,,,,,,,,,,,,,,,,,,,,,,,,,,,,,,,,,,,,,,,,,,,,,,,,,,,,,,,,,,,,,,,,,,,,,,,,,,,,,,,,,,,,,,,,,,,,,,,,,,,,,,,,,,,,,,,,,,,,,,,,,,,,,,,,,,,,,,,,,,,,,,,,,,,,,,,,,,,,,,,,,,,,,,,,,,,,,,,,,,,,
rh_hogcall_malloc_f1_b@hr,scored,2,hr,rh_hogcall_malloc_f1_b_n3,rh_hogcall_malloc_f1_b,hr,n3,,,,,,,,,,,,,,,,,,,,,,,,,,,,,3,hr,default,F1,blocking,1,,262144,120,911,primary,4,3,0,0,0,0,5.8,ok,ok,,,,120,no error,-1,,,120,no error,0,0,0,120,1,0,0,0,1,,,,,,,,none,none,-1.0,-1.0,8469,13239,45.18,52.19,139.39,11324.29,58,120,1,1,,1,0,0,1,0,LOCAL_QP_ERR,,1,0,0,1,0,0,,,0,0,,,no error,no error,2716.3,1518.4,1817.5,1802.7,0,1,,2681236549.072,872.3480000495911,,,,LOCAL_QP_ERR,0.6609997749328613,,,11.821000099182129,,"[118/116/2,0/0/0,0/0/0,0/0/0]",,,1,1,0,,0,,,FIN,,0,0,0,0,0xf,qp_state,0,0,1,1,1,qp_state,0xf,4,1,0,0,2,2,2,2,"3,3,3,3",0,,1,1,0,,0xf,4,1,0,0,2,2,2,2,"3,3,3,3",0,,,,,,3399,10358,,,,,,,,,,1,,,,,,,0,,,0,,,,2681236549.733,,1,,,0,,FIN,left,1550178684.753,0,,,0,,,,,,0,0,0,0,0,,,,,1,0,,,,,,0,,,0,0,,0,,,0,0,0,0,0.0,10358,0,,,,1,abort,2681237794.587,0,0,0,,,,1,0,0,1,1,1,0,0,0,0,0,0,0,1,,,,,192,48,cudaSuccess,0.2,1,0,,,,,,0,,,1,0,,0,,,0,0,0,0,,,0,,,,1,abort,1550179865.935,0,0,0,,,,0,0,0,1,1,1,0,0,0,0,0,0,0,1,0,,,,288,48,cudaSuccess,0.3,,,,,,,,,,,,,872.3480000495911,0.6609997749328613,,,,,,1246.4970002174377,0,,,,,,1,1,0,,0,0,0,0,191,8,8,none,0.035,20.1,192,1816.8,3398.1,5214.8,8,1,1,1,0,,0,0,0,0,287,8,8,none,0.070,20.1,288,1801.8,3782.7,5584.5,8,1,0,,,0,,,,,,,,,1,0,,0,,,,0,,0,,1,initiator,2681236557.345,0,,,0,,,,0,0,,,,,,0,verified,,0,1,0,,0,,,,0,,0,,1,responder,1550177441.903,0,,,0,,,,0,0,,,,,,0,verified,0,,2,,,29736,1,none,none,0,none,,,hr,1,nic,10,1,0,,link-local:1,nic,373,0,0,0,malloc,1,nic,10,1,0,,link-local:1,nic,508,0,0,0,malloc,,,,,,,,,,,,,,,,,,,,,,,,,,,,,,,,,,,,,,,,,,,,,,,,,,,,,,,,,,,,,,,,,,,,,,,,,,,,,,,,,,,,,,,,,,,,,,,,,,,,,,,,,,,,,,,,,,,,,,,,,,,,,,,,,,,,,,,,,,,,,,,,,,,,,,,,,,,,,,,,,,,,,,,,,,,,,,,,,,,,,,,,,,,,,,,,,,,,,,,,,,,,,,,,,,,,,,,,,,,,,,,,,,,,,,,,,,,,,,,
rh_hogcall_stream_f1_b@hr,scored,2,hr,rh_hogcall_stream_f1_b_n1,rh_hogcall_stream_f1_b,hr,n1,,,,,,,,,,,,,,,,,,,,,,,,,,,,,1,hr,default,F1,blocking,1,,262144,120,637,primary,4,3,0,0,0,0,5.8,ok,ok,,,,120,no error,-1,,,120,no error,0,0,0,120,1,0,0,0,1,,,,,,,,none,none,-1.0,-1.0,8470,13230,45.22,53.28,138.85,11264.86,40,120,1,1,,1,0,0,1,0,LOCAL_QP_ERR,,1,0,0,1,0,0,,,0,0,,,no error,no error,2716.5,1518.2,1817.4,1802.0,0,1,,2681155530.612,598.2109999656677,,,,LOCAL_QP_ERR,4.057000160217285,,,15.051000118255615,,"[82/80/2,0/0/0,0/0/0,0/0/0]",,,1,1,0,,0,,,FIN,,0,0,0,0,0xf,qp_state,0,0,1,1,1,qp_state,0xf,4,1,0,0,2,2,2,2,"3,3,3,3",0,,1,1,0,,0xf,4,1,0,0,2,2,2,2,"3,3,3,3",0,,,,,,3222,10086,,,,,,,,,,1,,,,,,,0,,,0,,,,2681155534.669,,1,,,0,,FIN,left,1550097940.265,0,,,0,,,,,,0,0,0,0,0,,,,,1,0,,,,,,0,,,0,0,,0,,,0,0,0,0,0.0,10086,0,,,,1,abort,2681157050.106,0,0,0,,,,1,0,0,1,1,1,0,0,0,0,0,0,0,1,,,,,192,48,cudaSuccess,0.2,1,0,,,,,,0,,,1,0,,0,,,0,0,0,0,,,0,,,,1,abort,1550099121.672,0,0,0,,,,0,0,0,1,1,1,0,0,0,0,0,0,0,1,0,,,,288,48,cudaSuccess,0.2,,,,,,,,,,,,,598.2109999656677,4.057000160217285,,,,,,1517.0339999198914,0,,,,,,1,1,0,,0,0,0,0,191,8,8,none,0.047,20.1,192,1816.7,3398.1,5214.8,8,1,1,1,0,,0,0,0,0,287,8,8,none,0.080,20.1,288,1801.8,3781.9,5583.8,8,1,0,,,0,,,,,,,,,1,0,,0,,,,0,,0,,1,initiator,2681155542.292,0,,,0,,,,0,0,,,,,,0,verified,,0,1,0,,0,,,,0,,0,,1,responder,1550096426.917,0,,,0,,,,0,0,,,,,,0,verified,0,,2,,,29085,1,none,none,0,none,,,hr,1,nic,10,1,0,,link-local:1,nic,373,0,0,0,stream,1,nic,10,1,0,,link-local:1,nic,508,0,0,0,stream,,,,,,,,,,,,,,,,,,,,,,,,,,,,,,,,,,,,,,,,,,,,,,,,,,,,,,,,,,,,,,,,,,,,,,,,,,,,,,,,,,,,,,,,,,,,,,,,,,,,,,,,,,,,,,,,,,,,,,,,,,,,,,,,,,,,,,,,,,,,,,,,,,,,,,,,,,,,,,,,,,,,,,,,,,,,,,,,,,,,,,,,,,,,,,,,,,,,,,,,,,,,,,,,,,,,,,,,,,,,,,,,,,,,,,,,,,,,,,,
rh_hogcall_stream_f1_b@hr,scored,2,hr,rh_hogcall_stream_f1_b_n2,rh_hogcall_stream_f1_b,hr,n2,,,,,,,,,,,,,,,,,,,,,,,,,,,,,2,hr,default,F1,blocking,1,,262144,120,774,primary,4,3,0,0,0,0,5.8,ok,ok,,,,120,no error,-1,,,120,no error,0,0,0,120,1,0,0,0,1,,,,,,,,none,none,-1.0,-1.0,8468,13238,45.15,53.22,136.49,10978.18,49,120,1,1,,1,0,0,1,0,LOCAL_QP_ERR,,1,0,0,1,0,0,,,0,0,,,no error,no error,2716.7,1519.2,1816.7,1801.8,0,1,,2681203631.563,735.603000164032,,,,LOCAL_QP_ERR,2.0969996452331543,,,12.800999641418457,,"[100/98/2,0/0/0,0/0/0,0/0/0]",,,1,1,0,,0,,,FIN,,0,0,0,0,0xf,qp_state,0,0,1,1,1,qp_state,0xf,4,1,0,0,2,2,2,2,"3,3,3,3",0,,1,1,0,,0xf,4,1,0,0,2,2,2,2,"3,3,3,3",0,,,,,,3261,10068,,,,,,,,,,1,,,,,,,0,,,0,,,,2681203633.66,,1,,,0,,FIN,left,1550145903.26,0,,,0,,,,,,0,0,0,0,0,,,,,1,0,,,,,,0,,,0,0,,0,,,0,0,0,0,0.0,10068,0,,,,1,abort,2681205013.093,0,0,0,,,,1,0,0,1,1,1,0,0,0,0,0,0,0,1,,,,,192,48,cudaSuccess,0.2,1,0,,,,,,0,,,1,0,,0,,,0,0,0,0,,,0,,,,1,abort,1550147085.169,0,0,0,,,,0,0,0,1,1,1,0,0,0,0,0,0,0,1,0,,,,288,48,cudaSuccess,0.3,,,,,,,,,,,,,735.603000164032,2.0969996452331543,,,,,,1381.0560002326965,0,,,,,,1,1,0,,0,0,0,0,191,8,8,none,0.033,20.1,192,1816.4,3398.1,5214.5,8,1,1,1,0,,0,0,0,0,287,8,8,none,0.066,20.1,288,1801.4,3782.4,5583.8,8,1,0,,,0,,,,,,,,,1,0,,0,,,,0,,0,,1,initiator,2681203640.954,0,,,0,,,,0,0,,,,,,0,verified,,0,1,0,,0,,,,0,,0,,1,responder,1550144525.634,0,,,0,,,,0,0,,,,,,0,verified,0,,2,,,30242,1,none,none,0,none,,,hr,1,nic,10,1,0,,link-local:1,nic,373,0,0,0,stream,1,nic,10,1,0,,link-local:1,nic,508,0,0,0,stream,,,,,,,,,,,,,,,,,,,,,,,,,,,,,,,,,,,,,,,,,,,,,,,,,,,,,,,,,,,,,,,,,,,,,,,,,,,,,,,,,,,,,,,,,,,,,,,,,,,,,,,,,,,,,,,,,,,,,,,,,,,,,,,,,,,,,,,,,,,,,,,,,,,,,,,,,,,,,,,,,,,,,,,,,,,,,,,,,,,,,,,,,,,,,,,,,,,,,,,,,,,,,,,,,,,,,,,,,,,,,,,,,,,,,,,,,,,,,,,
rh_hogcall_stream_f1_b@hr,scored,2,hr,rh_hogcall_stream_f1_b_n3,rh_hogcall_stream_f1_b,hr,n3,,,,,,,,,,,,,,,,,,,,,,,,,,,,,3,hr,default,F1,blocking,1,,262144,120,911,primary,4,3,0,0,0,0,5.9,ok,ok,,,,120,no error,-1,,,120,no error,0,0,0,120,1,0,0,0,1,,,,,,,,none,none,-1.0,-1.0,8468,13230,45.25,53.22,137.62,11074.46,58,120,1,1,,1,0,0,1,0,LOCAL_QP_ERR,,1,0,0,1,0,0,,,0,0,,,no error,no error,2715.7,1518.0,1816.9,1802.4,0,1,,2681251792.426,872.3880000114441,,,,LOCAL_QP_ERR,0.6579999923706055,,,11.532999992370605,,"[118/116/2,0/0/0,0/0/0,0/0/0]",,,1,1,0,,0,,,FIN,,0,0,0,0,0xf,qp_state,0,0,1,1,1,qp_state,0xf,4,1,0,0,2,2,2,2,"3,3,3,3",0,,1,1,0,,0xf,4,1,0,0,2,2,2,2,"3,3,3,3",0,,,,,,3250,10056,,,,,,,,,,1,,,,,,,0,,,0,,,,2681251793.084,,1,,,0,,FIN,left,1550193927.423,0,,,0,,,,,,0,0,0,0,0,,,,,1,0,,,,,,0,,,0,0,,0,,,0,0,0,0,0.0,10056,0,,,,1,abort,2681253037.308,0,0,0,,,,1,0,0,1,1,1,0,0,0,0,0,0,0,1,,,,,192,48,cudaSuccess,0.2,1,0,,,,,,0,,,1,0,,0,,,0,0,0,0,,,0,,,,1,abort,1550195109.427,0,0,0,,,,0,0,0,1,1,1,0,0,0,0,0,0,0,1,0,,,,288,48,cudaSuccess,0.3,,,,,,,,,,,,,872.3880000114441,0.6579999923706055,,,,,,1245.8289999961853,0,,,,,,1,1,0,,0,0,0,0,191,8,8,none,0.043,20.1,192,1816.5,3398.1,5214.6,8,1,1,1,0,,0,0,0,0,287,8,8,none,0.082,20.1,288,1801.6,3782.8,5584.4,8,1,0,,,0,,,,,,,,,1,0,,0,,,,0,,0,,1,initiator,2681251800.562,0,,,0,,,,0,0,,,,,,0,verified,,0,1,0,,0,,,,0,,0,,1,responder,1550192685.189,0,,,0,,,,0,0,,,,,,0,verified,0,,2,,,29297,1,none,none,0,none,,,hr,1,nic,10,1,0,,link-local:1,nic,373,0,0,0,stream,1,nic,10,1,0,,link-local:1,nic,508,0,0,0,stream,,,,,,,,,,,,,,,,,,,,,,,,,,,,,,,,,,,,,,,,,,,,,,,,,,,,,,,,,,,,,,,,,,,,,,,,,,,,,,,,,,,,,,,,,,,,,,,,,,,,,,,,,,,,,,,,,,,,,,,,,,,,,,,,,,,,,,,,,,,,,,,,,,,,,,,,,,,,,,,,,,,,,,,,,,,,,,,,,,,,,,,,,,,,,,,,,,,,,,,,,,,,,,,,,,,,,,,,,,,,,,,,,,,,,,,,,,,,,,,
hdp_kill_b@hrp,scored,2,hrp,hdp_kill_b_n1,hdp_kill_b,hrp,n1,,,,,,,,,,,,,,,,,,,,,,,,,,,,,1,hrp,default,F4,blocking,1,,262144,200,700,primary,4,3,0,4,255,0,5.3,device_error,,,,,103,remote process exited or there was a network error,103,,,,,,,,,,,,,,,,,,,,,remote process exited or there was a network error,,3072.3,,13559,,45.95,54.18,46.35,57.38,0,103,0,0,,0,0,0,0,0,,,0,0,0,0,0,0,peer judged dead: the peer's socket shows FIN,,0,0,,,no error,,898.2,,3095.5,,0,0,,2680558350.5299997,3070.5879998207092,,,,,,,1.623000144958496,,,,,,0,0,0,,1,2680558350.809,FIN,,2680558352.153,1,0,0,0,,,0,0,,,0,,,,0,0,0,,,,,,,,,,0,,,,0,0,0,,,,,,,,,,,,,,,,,,,,,,,,,,,FIN,dead,2680558350.809,1,FIN,2680558350.809,0,,,,,2680558352.153,,,,0,,,,,0,,,0,,,,,,0,0,0,0,0,,,,,0,,,,,,,1,FIN,2680558350.834,0,0,,0,,,0,0,0,0,,,0,,,,1,peer-dead,2680558352.147,0,0,0,,,,0,0,0,1,0,0,1,0,1,0,0,0,0,1,,,,,,,,,0,,,,,,,0,,,0,0,,0,,,0,0,0,0,,,0,,,,0,,,0,0,0,,,,0,0,0,,,,,,,,,,,,,,,,,,,,,,,,,,,,,,,,,,,,,,1.623000144958496,,0,,,,,,0,,0,,0,,,,,,,,,,,,,,,,0,,0,,0,,,,,,,,,,,,,,,,0,,,0,,,,,,,,,0,1,1:peer-dead,1,peer-dead,,,0,,0,,0,,,0,,,0,,,,0,0,,peer judged dead: the peer's socket shows FIN,,,,0,verified,,0,0,0,,0,,,,0,,0,,0,,,0,,,0,,,,0,0,,,,,,0,verified,0,,0,,,30943,1,none,none,0,none,,,hrp,0,,,0,0,,,,,,,,,0,,,0,0,,,,,,,,,,,,,,,,,,,,,,,,,,,,,,,,,,,,,,,,,,,,,,,,,,,,,,,,,,,,,,,,,,,,,,,,,,,,,,,,,,,,,,,,,,,,,,,,,,,,,,,,,,,,,,,,,,,,,,,,,,,,,,,,,,,,,,,,,,,,,,,,,,,,,,,,,,,,,,,,,,,,,,,,,,,,,,,,,,,,,,,,,,,,,,,,,,,,,,,,,,,,,,,,,,,,,,,,,,,,,,,,,,,,,,,,,,,,,,,,,,,,,,,
hdp_kill_b@hrp,scored,2,hrp,hdp_kill_b_n2,hdp_kill_b,hrp,n2,,,,,,,,,,,,,,,,,,,,,,,,,,,,,2,hrp,default,F4,blocking,1,,262144,200,700,primary,4,3,0,4,255,0,5.3,device_error,,,,,111,remote process exited or there was a network error,111,,,,,,,,,,,,,,,,,,,,,remote process exited or there was a network error,,3306.7,,14519,,45.22,51.42,45.58,55.30,0,111,0,0,,0,0,0,0,0,,,0,0,0,0,0,0,peer judged dead: the peer's socket shows FIN,,0,0,,,no error,,665.5,,3335.6,,0,0,,2680565633.256,3304.8460001945496,,,,,,,1.6349997520446777,,,,,,0,0,0,,1,2680565633.562,FIN,,2680565634.891,1,0,0,0,,,0,0,,,0,,,,0,0,0,,,,,,,,,,0,,,,0,0,0,,,,,,,,,,,,,,,,,,,,,,,,,,,FIN,dead,2680565633.562,1,FIN,2680565633.562,0,,,,,2680565634.891,,,,0,,,,,0,,,0,,,,,,0,0,0,0,0,,,,,0,,,,,,,1,FIN,2680565633.591,0,0,,0,,,0,0,0,0,,,0,,,,1,peer-dead,2680565634.885,0,0,0,,,,0,0,0,1,0,0,1,0,1,0,0,0,0,1,,,,,,,,,0,,,,,,,0,,,0,0,,0,,,0,0,0,0,,,0,,,,0,,,0,0,0,,,,0,0,0,,,,,,,,,,,,,,,,,,,,,,,,,,,,,,,,,,,,,,1.6349997520446777,,0,,,,,,0,,0,,0,,,,,,,,,,,,,,,,0,,0,,0,,,,,,,,,,,,,,,,0,,,0,,,,,,,,,0,1,1:peer-dead,1,peer-dead,,,0,,0,,0,,,0,,,0,,,,0,0,,peer judged dead: the peer's socket shows FIN,,,,0,verified,,0,0,0,,0,,,,0,,0,,0,,,0,,,0,,,,0,0,,,,,,0,verified,0,,0,,,29429,1,none,none,0,none,,,hrp,0,,,0,0,,,,,,,,,0,,,0,0,,,,,,,,,,,,,,,,,,,,,,,,,,,,,,,,,,,,,,,,,,,,,,,,,,,,,,,,,,,,,,,,,,,,,,,,,,,,,,,,,,,,,,,,,,,,,,,,,,,,,,,,,,,,,,,,,,,,,,,,,,,,,,,,,,,,,,,,,,,,,,,,,,,,,,,,,,,,,,,,,,,,,,,,,,,,,,,,,,,,,,,,,,,,,,,,,,,,,,,,,,,,,,,,,,,,,,,,,,,,,,,,,,,,,,,,,,,,,,,,,,,,,,,
hdp_kill_b@hrp,scored,2,hrp,hdp_kill_b_n3,hdp_kill_b,hrp,n3,,,,,,,,,,,,,,,,,,,,,,,,,,,,,3,hrp,default,F4,blocking,1,,262144,200,700,primary,4,3,0,4,255,0,5.8,device_error,,,,,117,remote process exited or there was a network error,117,,,,,,,,,,,,,,,,,,,,,remote process exited or there was a network error,,3491.2,,15243,,45.18,50.05,45.45,55.94,0,117,0,0,,0,0,0,0,0,,,0,0,0,0,0,0,peer judged dead: the peer's socket shows FIN,,0,0,,,no error,,970.6,,3516.5,,0,0,,2680572905.957,3489.606999874115,,,,,,,1.5120000839233398,,,,,,0,0,0,,1,2680572906.245,FIN,,2680572907.469,1,0,0,0,,,0,0,,,0,,,,0,0,0,,,,,,,,,,0,,,,0,0,0,,,,,,,,,,,,,,,,,,,,,,,,,,,FIN,dead,2680572906.245,1,FIN,2680572906.245,0,,,,,2680572907.469,,,,0,,,,,0,,,0,,,,,,0,0,0,0,0,,,,,0,,,,,,,1,FIN,2680572906.274,0,0,,0,,,0,0,0,0,,,0,,,,1,peer-dead,2680572907.463,0,0,0,,,,0,0,0,1,0,0,1,0,1,0,0,0,0,1,,,,,,,,,0,,,,,,,0,,,0,0,,0,,,0,0,0,0,,,0,,,,0,,,0,0,0,,,,0,0,0,,,,,,,,,,,,,,,,,,,,,,,,,,,,,,,,,,,,,,1.5120000839233398,,0,,,,,,0,,0,,0,,,,,,,,,,,,,,,,0,,0,,0,,,,,,,,,,,,,,,,0,,,0,,,,,,,,,0,1,1:peer-dead,1,peer-dead,,,0,,0,,0,,,0,,,0,,,,0,0,,peer judged dead: the peer's socket shows FIN,,,,0,verified,,0,0,0,,0,,,,0,,0,,0,,,0,,,0,,,,0,0,,,,,,0,verified,0,,0,,,30054,1,none,none,0,none,,,hrp,0,,,0,0,,,,,,,,,0,,,0,0,,,,,,,,,,,,,,,,,,,,,,,,,,,,,,,,,,,,,,,,,,,,,,,,,,,,,,,,,,,,,,,,,,,,,,,,,,,,,,,,,,,,,,,,,,,,,,,,,,,,,,,,,,,,,,,,,,,,,,,,,,,,,,,,,,,,,,,,,,,,,,,,,,,,,,,,,,,,,,,,,,,,,,,,,,,,,,,,,,,,,,,,,,,,,,,,,,,,,,,,,,,,,,,,,,,,,,,,,,,,,,,,,,,,,,,,,,,,,,,,,,,,,,,
hdp_kill_b@hrp,scored,2,hrp,hdp_kill_b_n4,hdp_kill_b,hrp,n4,,,,,,,,,,,,,,,,,,,,,,,,,,,,,4,hrp,default,F4,blocking,1,,262144,200,700,primary,4,3,0,4,255,0,5.8,device_error,,,,,124,remote process exited or there was a network error,124,,,,,,,,,,,,,,,,,,,,,remote process exited or there was a network error,,3715.9,,16084,,44.96,50.08,45.25,57.34,0,124,0,0,,0,0,0,0,0,,,0,0,0,0,0,0,peer judged dead: the peer's socket shows FIN,,0,0,,,no error,,771.8,,3726.7,,0,0,,2680580706.693,3714.0729999542236,,,,,,,1.61899995803833,,,,,,0,0,0,,1,2680580706.966,FIN,,2680580708.312,1,0,0,0,,,0,0,,,0,,,,0,0,0,,,,,,,,,,0,,,,0,0,0,,,,,,,,,,,,,,,,,,,,,,,,,,,FIN,dead,2680580706.966,1,FIN,2680580706.966,0,,,,,2680580708.312,,,,0,,,,,0,,,0,,,,,,0,0,0,0,0,,,,,0,,,,,,,1,FIN,2680580706.996,0,0,,0,,,0,0,0,0,,,0,,,,1,peer-dead,2680580708.306,0,0,0,,,,0,0,0,1,0,0,1,0,1,0,0,0,0,1,,,,,,,,,0,,,,,,,0,,,0,0,,0,,,0,0,0,0,,,0,,,,0,,,0,0,0,,,,0,0,0,,,,,,,,,,,,,,,,,,,,,,,,,,,,,,,,,,,,,,1.61899995803833,,0,,,,,,0,,0,,0,,,,,,,,,,,,,,,,0,,0,,0,,,,,,,,,,,,,,,,0,,,0,,,,,,,,,0,1,1:peer-dead,1,peer-dead,,,0,,0,,0,,,0,,,0,,,,0,0,,peer judged dead: the peer's socket shows FIN,,,,0,verified,,0,0,0,,0,,,,0,,0,,0,,,0,,,0,,,,0,0,,,,,,0,verified,0,,0,,,30589,1,none,none,0,none,,,hrp,0,,,0,0,,,,,,,,,0,,,0,0,,,,,,,,,,,,,,,,,,,,,,,,,,,,,,,,,,,,,,,,,,,,,,,,,,,,,,,,,,,,,,,,,,,,,,,,,,,,,,,,,,,,,,,,,,,,,,,,,,,,,,,,,,,,,,,,,,,,,,,,,,,,,,,,,,,,,,,,,,,,,,,,,,,,,,,,,,,,,,,,,,,,,,,,,,,,,,,,,,,,,,,,,,,,,,,,,,,,,,,,,,,,,,,,,,,,,,,,,,,,,,,,,,,,,,,,,,,,,,,,,,,,,,,
hdp_kill_b@hrp,scored,2,hrp,hdp_kill_b_n5,hdp_kill_b,hrp,n5,,,,,,,,,,,,,,,,,,,,,,,,,,,,,5,hrp,default,F4,blocking,1,,262144,200,700,primary,4,3,0,4,255,0,5.3,device_error,,,,,102,remote process exited or there was a network error,102,,,,,,,,,,,,,,,,,,,,,remote process exited or there was a network error,,3036.5,,13439,,45.22,49.57,45.36,55.14,0,102,0,0,,0,0,0,0,0,,,0,0,0,0,0,0,peer judged dead: the peer's socket shows FIN,,0,0,,,no error,,938.7,,3064.9,,0,0,,2680587605.466,3034.632999897003,,,,,,,1.6100001335144043,,,,,,0,0,0,,1,2680587605.735,FIN,,2680587607.076,1,0,0,0,,,0,0,,,0,,,,0,0,0,,,,,,,,,,0,,,,0,0,0,,,,,,,,,,,,,,,,,,,,,,,,,,,FIN,dead,2680587605.735,1,FIN,2680587605.735,0,,,,,2680587607.076,,,,0,,,,,0,,,0,,,,,,0,0,0,0,0,,,,,0,,,,,,,1,FIN,2680587605.761,0,0,,0,,,0,0,0,0,,,0,,,,1,peer-dead,2680587607.07,0,0,0,,,,0,0,0,1,0,0,1,0,1,0,0,0,0,1,,,,,,,,,0,,,,,,,0,,,0,0,,0,,,0,0,0,0,,,0,,,,0,,,0,0,0,,,,0,0,0,,,,,,,,,,,,,,,,,,,,,,,,,,,,,,,,,,,,,,1.6100001335144043,,0,,,,,,0,,0,,0,,,,,,,,,,,,,,,,0,,0,,0,,,,,,,,,,,,,,,,0,,,0,,,,,,,,,0,1,1:peer-dead,1,peer-dead,,,0,,0,,0,,,0,,,0,,,,0,0,,peer judged dead: the peer's socket shows FIN,,,,0,verified,,0,0,0,,0,,,,0,,0,,0,,,0,,,0,,,,0,0,,,,,,0,verified,0,,0,,,29203,1,none,none,0,none,,,hrp,0,,,0,0,,,,,,,,,0,,,0,0,,,,,,,,,,,,,,,,,,,,,,,,,,,,,,,,,,,,,,,,,,,,,,,,,,,,,,,,,,,,,,,,,,,,,,,,,,,,,,,,,,,,,,,,,,,,,,,,,,,,,,,,,,,,,,,,,,,,,,,,,,,,,,,,,,,,,,,,,,,,,,,,,,,,,,,,,,,,,,,,,,,,,,,,,,,,,,,,,,,,,,,,,,,,,,,,,,,,,,,,,,,,,,,,,,,,,,,,,,,,,,,,,,,,,,,,,,,,,,,,,,,,,,,
lat_256k@hrp,scored,2,hrp,lat_256k_n1,lat_256k,hrp,n1,,,,,,,,,,,,,,,,,,,,,,,,,,,,,1,hrp,default,lat,blocking,1,,262144,3000,700,primary,4,3,0,0,0,0,2.3,ok,ok,,,,3000,no error,-1,,,3000,no error,0,0,0,0,1,0,0,0,1,,,,,,,,none,none,-1.0,-1.0,1701,1685,38.88,40.13,38.87,47.52,2004,3000,0,0,,0,0,0,0,0,,,0,0,0,0,0,0,,,0,0,,,no error,no error,930.3,933.2,120.9,121.0,0,1,,,,,,,,,,,,,,,,0,0,0,,0,,,,,0,0,0,0,,,0,0,,,0,,,,0,0,0,,,,,,,,,,0,,,,0,0,0,,,,,,,,,,,,,,,,,,,,,,,,,,,,,,0,,,0,,,,,,,,,0,,,,,0,,,0,,,,,,0,0,0,0,0,,,,,0,,,,,,,0,,,0,0,,0,,,0,0,0,0,,,0,,,,0,,,0,0,0,,,,0,0,0,1,0,0,0,0,0,0,0,0,0,1,,,,,,,,,0,,,,,,,0,,,0,0,,0,,,0,0,0,0,,,0,,,,0,,,0,0,0,,,,0,0,0,1,0,0,0,0,0,0,0,0,0,1,0,,,,,,,,,,,,,,,,,,,,,,,,,,,,0,,,,,,0,,0,,0,,,,,,,,,,,,,,,,0,,0,,0,,,,,,,,,,,,,,,,0,,,0,,,,,,,,,0,0,,0,,,,0,,0,,0,,,0,,,0,,,,0,0,,,,,,0,verified,,0,0,0,,0,,,,0,,0,,0,,,0,,,0,,,,0,0,,,,,,0,verified,0,,0,,,29910,1,none,none,0,none,,,hrp,0,,,0,0,,,,,,,,,0,,,0,0,,,,,,,,,,,,,,,,,,,,,,,,,,,,,,,,,,,,,,,,,,,,,,,,,,,,,,,,,,,,,,,,,,,,,,,,,,,,,,,,,,,,,,,,,,,,,,,,,,,,,,,,,,,,,,,,,,,,,,,,,,,,,,,,,,,,,,,,,,,,,,,,,,,,,,,,,,,,,,,,,,,,,,,,,,,,,,,,,,,,,,,,,,,,,,,,,,,,,,,,,,,,,,,,,,,,,,,,,,,,,,,,,,,,,,,,,,,,,,,,,,,,,,,
lat_256k@hrp,scored,2,hrp,lat_256k_n2,lat_256k,hrp,n2,,,,,,,,,,,,,,,,,,,,,,,,,,,,,2,hrp,default,lat,blocking,1,,262144,3000,700,primary,4,3,0,0,0,0,2.3,ok,ok,,,,3000,no error,-1,,,3000,no error,0,0,0,0,1,0,0,0,1,,,,,,,,none,none,-1.0,-1.0,1703,1684,38.88,40.06,38.87,48.67,363,3000,0,0,,0,0,0,0,0,,,0,0,0,0,0,0,,,0,0,,,no error,no error,917.8,919.2,120.9,120.9,0,1,,,,,,,,,,,,,,,,0,0,0,,0,,,,,0,0,0,0,,,0,0,,,0,,,,0,0,0,,,,,,,,,,0,,,,0,0,0,,,,,,,,,,,,,,,,,,,,,,,,,,,,,,0,,,0,,,,,,,,,0,,,,,0,,,0,,,,,,0,0,0,0,0,,,,,0,,,,,,,0,,,0,0,,0,,,0,0,0,0,,,0,,,,0,,,0,0,0,,,,0,0,0,1,0,0,0,0,0,0,0,0,0,1,,,,,,,,,0,,,,,,,0,,,0,0,,0,,,0,0,0,0,,,0,,,,0,,,0,0,0,,,,0,0,0,1,0,0,0,0,0,0,0,0,0,1,0,,,,,,,,,,,,,,,,,,,,,,,,,,,,0,,,,,,0,,0,,0,,,,,,,,,,,,,,,,0,,0,,0,,,,,,,,,,,,,,,,0,,,0,,,,,,,,,0,0,,0,,,,0,,0,,0,,,0,,,0,,,,0,0,,,,,,0,verified,,0,0,0,,0,,,,0,,0,,0,,,0,,,0,,,,0,0,,,,,,0,verified,0,,0,,,30419,1,none,none,0,none,,,hrp,0,,,0,0,,,,,,,,,0,,,0,0,,,,,,,,,,,,,,,,,,,,,,,,,,,,,,,,,,,,,,,,,,,,,,,,,,,,,,,,,,,,,,,,,,,,,,,,,,,,,,,,,,,,,,,,,,,,,,,,,,,,,,,,,,,,,,,,,,,,,,,,,,,,,,,,,,,,,,,,,,,,,,,,,,,,,,,,,,,,,,,,,,,,,,,,,,,,,,,,,,,,,,,,,,,,,,,,,,,,,,,,,,,,,,,,,,,,,,,,,,,,,,,,,,,,,,,,,,,,,,,,,,,,,,,
lat_256k@hrp,scored,2,hrp,lat_256k_n3,lat_256k,hrp,n3,,,,,,,,,,,,,,,,,,,,,,,,,,,,,3,hrp,default,lat,blocking,1,,262144,3000,700,primary,4,3,0,0,0,0,2.3,ok,ok,,,,3000,no error,-1,,,3000,no error,0,0,0,0,1,0,0,0,1,,,,,,,,none,none,-1.0,-1.0,1702,1686,38.88,40.10,38.88,47.42,178,3000,0,0,,0,0,0,0,0,,,0,0,0,0,0,0,,,0,0,,,no error,no error,915.5,915.3,120.6,121.0,0,1,,,,,,,,,,,,,,,,0,0,0,,0,,,,,0,0,0,0,,,0,0,,,0,,,,0,0,0,,,,,,,,,,0,,,,0,0,0,,,,,,,,,,,,,,,,,,,,,,,,,,,,,,0,,,0,,,,,,,,,0,,,,,0,,,0,,,,,,0,0,0,0,0,,,,,0,,,,,,,0,,,0,0,,0,,,0,0,0,0,,,0,,,,0,,,0,0,0,,,,0,0,0,1,0,0,0,0,0,0,0,0,0,1,,,,,,,,,0,,,,,,,0,,,0,0,,0,,,0,0,0,0,,,0,,,,0,,,0,0,0,,,,0,0,0,1,0,0,0,0,0,0,0,0,0,1,0,,,,,,,,,,,,,,,,,,,,,,,,,,,,0,,,,,,0,,0,,0,,,,,,,,,,,,,,,,0,,0,,0,,,,,,,,,,,,,,,,0,,,0,,,,,,,,,0,0,,0,,,,0,,0,,0,,,0,,,0,,,,0,0,,,,,,0,verified,,0,0,0,,0,,,,0,,0,,0,,,0,,,0,,,,0,0,,,,,,0,verified,0,,0,,,30198,1,none,none,0,none,,,hrp,0,,,0,0,,,,,,,,,0,,,0,0,,,,,,,,,,,,,,,,,,,,,,,,,,,,,,,,,,,,,,,,,,,,,,,,,,,,,,,,,,,,,,,,,,,,,,,,,,,,,,,,,,,,,,,,,,,,,,,,,,,,,,,,,,,,,,,,,,,,,,,,,,,,,,,,,,,,,,,,,,,,,,,,,,,,,,,,,,,,,,,,,,,,,,,,,,,,,,,,,,,,,,,,,,,,,,,,,,,,,,,,,,,,,,,,,,,,,,,,,,,,,,,,,,,,,,,,,,,,,,,,,,,,,,,
lat_256k@hrp,scored,2,hrp,lat_256k_n4,lat_256k,hrp,n4,,,,,,,,,,,,,,,,,,,,,,,,,,,,,4,hrp,default,lat,blocking,1,,262144,3000,700,primary,4,3,0,0,0,0,2.3,ok,ok,,,,3000,no error,-1,,,3000,no error,0,0,0,0,1,0,0,0,1,,,,,,,,none,none,-1.0,-1.0,1702,1683,38.88,40.16,38.88,46.82,1526,3000,0,0,,0,0,0,0,0,,,0,0,0,0,0,0,,,0,0,,,no error,no error,926.3,928.6,121.1,120.5,0,1,,,,,,,,,,,,,,,,0,0,0,,0,,,,,0,0,0,0,,,0,0,,,0,,,,0,0,0,,,,,,,,,,0,,,,0,0,0,,,,,,,,,,,,,,,,,,,,,,,,,,,,,,0,,,0,,,,,,,,,0,,,,,0,,,0,,,,,,0,0,0,0,0,,,,,0,,,,,,,0,,,0,0,,0,,,0,0,0,0,,,0,,,,0,,,0,0,0,,,,0,0,0,1,0,0,0,0,0,0,0,0,0,1,,,,,,,,,0,,,,,,,0,,,0,0,,0,,,0,0,0,0,,,0,,,,0,,,0,0,0,,,,0,0,0,1,0,0,0,0,0,0,0,0,0,1,0,,,,,,,,,,,,,,,,,,,,,,,,,,,,0,,,,,,0,,0,,0,,,,,,,,,,,,,,,,0,,0,,0,,,,,,,,,,,,,,,,0,,,0,,,,,,,,,0,0,,0,,,,0,,0,,0,,,0,,,0,,,,0,0,,,,,,0,verified,,0,0,0,,0,,,,0,,0,,0,,,0,,,0,,,,0,0,,,,,,0,verified,0,,0,,,29506,1,none,none,0,none,,,hrp,0,,,0,0,,,,,,,,,0,,,0,0,,,,,,,,,,,,,,,,,,,,,,,,,,,,,,,,,,,,,,,,,,,,,,,,,,,,,,,,,,,,,,,,,,,,,,,,,,,,,,,,,,,,,,,,,,,,,,,,,,,,,,,,,,,,,,,,,,,,,,,,,,,,,,,,,,,,,,,,,,,,,,,,,,,,,,,,,,,,,,,,,,,,,,,,,,,,,,,,,,,,,,,,,,,,,,,,,,,,,,,,,,,,,,,,,,,,,,,,,,,,,,,,,,,,,,,,,,,,,,,,,,,,,,,
lat_256k@hrp,scored,2,hrp,lat_256k_n5,lat_256k,hrp,n5,,,,,,,,,,,,,,,,,,,,,,,,,,,,,5,hrp,default,lat,blocking,1,,262144,3000,700,primary,4,3,0,0,0,0,2.3,ok,ok,,,,3000,no error,-1,,,3000,no error,0,0,0,0,1,0,0,0,1,,,,,,,,none,none,-1.0,-1.0,1693,1685,38.88,40.10,38.87,50.72,483,3000,0,0,,0,0,0,0,0,,,0,0,0,0,0,0,,,0,0,,,no error,no error,920.1,921.8,120.5,120.8,0,1,,,,,,,,,,,,,,,,0,0,0,,0,,,,,0,0,0,0,,,0,0,,,0,,,,0,0,0,,,,,,,,,,0,,,,0,0,0,,,,,,,,,,,,,,,,,,,,,,,,,,,,,,0,,,0,,,,,,,,,0,,,,,0,,,0,,,,,,0,0,0,0,0,,,,,0,,,,,,,0,,,0,0,,0,,,0,0,0,0,,,0,,,,0,,,0,0,0,,,,0,0,0,1,0,0,0,0,0,0,0,0,0,1,,,,,,,,,0,,,,,,,0,,,0,0,,0,,,0,0,0,0,,,0,,,,0,,,0,0,0,,,,0,0,0,1,0,0,0,0,0,0,0,0,0,1,0,,,,,,,,,,,,,,,,,,,,,,,,,,,,0,,,,,,0,,0,,0,,,,,,,,,,,,,,,,0,,0,,0,,,,,,,,,,,,,,,,0,,,0,,,,,,,,,0,0,,0,,,,0,,0,,0,,,0,,,0,,,,0,0,,,,,,0,verified,,0,0,0,,0,,,,0,,0,,0,,,0,,,0,,,,0,0,,,,,,0,verified,0,,0,,,30881,1,none,none,0,none,,,hrp,0,,,0,0,,,,,,,,,0,,,0,0,,,,,,,,,,,,,,,,,,,,,,,,,,,,,,,,,,,,,,,,,,,,,,,,,,,,,,,,,,,,,,,,,,,,,,,,,,,,,,,,,,,,,,,,,,,,,,,,,,,,,,,,,,,,,,,,,,,,,,,,,,,,,,,,,,,,,,,,,,,,,,,,,,,,,,,,,,,,,,,,,,,,,,,,,,,,,,,,,,,,,,,,,,,,,,,,,,,,,,,,,,,,,,,,,,,,,,,,,,,,,,,,,,,,,,,,,,,,,,,,,,,,,,,
lat_4k@hrp,scored,2,hrp,lat_4k_n1,lat_4k,hrp,n1,,,,,,,,,,,,,,,,,,,,,,,,,,,,,1,hrp,default,lat,blocking,1,,4096,3000,700,primary,4,3,0,0,0,0,2.3,ok,ok,,,,3000,no error,-1,,,3000,no error,0,0,0,0,1,0,0,0,1,,,,,,,,none,none,-1.0,-1.0,1361,1343,10.50,11.68,10.54,18.02,2302,3000,0,0,,0,0,0,0,0,,,0,0,0,0,0,0,,,0,0,,,no error,no error,1005.2,1007.7,35.5,35.9,0,1,,,,,,,,,,,,,,,,0,0,0,,0,,,,,0,0,0,0,,,0,0,,,0,,,,0,0,0,,,,,,,,,,0,,,,0,0,0,,,,,,,,,,,,,,,,,,,,,,,,,,,,,,0,,,0,,,,,,,,,0,,,,,0,,,0,,,,,,0,0,0,0,0,,,,,0,,,,,,,0,,,0,0,,0,,,0,0,0,0,,,0,,,,0,,,0,0,0,,,,0,0,0,1,0,0,0,0,0,0,0,0,0,1,,,,,,,,,0,,,,,,,0,,,0,0,,0,,,0,0,0,0,,,0,,,,0,,,0,0,0,,,,0,0,0,1,0,0,0,0,0,0,0,0,0,1,0,,,,,,,,,,,,,,,,,,,,,,,,,,,,0,,,,,,0,,0,,0,,,,,,,,,,,,,,,,0,,0,,0,,,,,,,,,,,,,,,,0,,,0,,,,,,,,,0,0,,0,,,,0,,0,,0,,,0,,,0,,,,0,0,,,,,,0,verified,,0,0,0,,0,,,,0,,0,,0,,,0,,,0,,,,0,0,,,,,,0,verified,0,,0,,,30071,1,none,none,0,none,,,hrp,0,,,0,0,,,,,,,,,0,,,0,0,,,,,,,,,,,,,,,,,,,,,,,,,,,,,,,,,,,,,,,,,,,,,,,,,,,,,,,,,,,,,,,,,,,,,,,,,,,,,,,,,,,,,,,,,,,,,,,,,,,,,,,,,,,,,,,,,,,,,,,,,,,,,,,,,,,,,,,,,,,,,,,,,,,,,,,,,,,,,,,,,,,,,,,,,,,,,,,,,,,,,,,,,,,,,,,,,,,,,,,,,,,,,,,,,,,,,,,,,,,,,,,,,,,,,,,,,,,,,,,,,,,,,,,
lat_4k@hrp,scored,2,hrp,lat_4k_n2,lat_4k,hrp,n2,,,,,,,,,,,,,,,,,,,,,,,,,,,,,2,hrp,default,lat,blocking,1,,4096,3000,700,primary,4,3,0,0,0,0,1.8,ok,ok,,,,3000,no error,-1,,,3000,no error,0,0,0,0,1,0,0,0,1,,,,,,,,none,none,-1.0,-1.0,1365,1343,10.50,11.68,10.54,18.88,2041,3000,0,0,,0,0,0,0,0,,,0,0,0,0,0,0,,,0,0,,,no error,no error,509.2,511.5,36.0,35.9,0,1,,,,,,,,,,,,,,,,0,0,0,,0,,,,,0,0,0,0,,,0,0,,,0,,,,0,0,0,,,,,,,,,,0,,,,0,0,0,,,,,,,,,,,,,,,,,,,,,,,,,,,,,,0,,,0,,,,,,,,,0,,,,,0,,,0,,,,,,0,0,0,0,0,,,,,0,,,,,,,0,,,0,0,,0,,,0,0,0,0,,,0,,,,0,,,0,0,0,,,,0,0,0,1,0,0,0,0,0,0,0,0,0,1,,,,,,,,,0,,,,,,,0,,,0,0,,0,,,0,0,0,0,,,0,,,,0,,,0,0,0,,,,0,0,0,1,0,0,0,0,0,0,0,0,0,1,0,,,,,,,,,,,,,,,,,,,,,,,,,,,,0,,,,,,0,,0,,0,,,,,,,,,,,,,,,,0,,0,,0,,,,,,,,,,,,,,,,0,,,0,,,,,,,,,0,0,,0,,,,0,,0,,0,,,0,,,0,,,,0,0,,,,,,0,verified,,0,0,0,,0,,,,0,,0,,0,,,0,,,0,,,,0,0,,,,,,0,verified,0,,0,,,30240,1,none,none,0,none,,,hrp,0,,,0,0,,,,,,,,,0,,,0,0,,,,,,,,,,,,,,,,,,,,,,,,,,,,,,,,,,,,,,,,,,,,,,,,,,,,,,,,,,,,,,,,,,,,,,,,,,,,,,,,,,,,,,,,,,,,,,,,,,,,,,,,,,,,,,,,,,,,,,,,,,,,,,,,,,,,,,,,,,,,,,,,,,,,,,,,,,,,,,,,,,,,,,,,,,,,,,,,,,,,,,,,,,,,,,,,,,,,,,,,,,,,,,,,,,,,,,,,,,,,,,,,,,,,,,,,,,,,,,,,,,,,,,,
lat_4k@hrp,scored,2,hrp,lat_4k_n3,lat_4k,hrp,n3,,,,,,,,,,,,,,,,,,,,,,,,,,,,,3,hrp,default,lat,blocking,1,,4096,3000,700,primary,4,3,0,0,0,0,2.3,ok,ok,,,,3000,no error,-1,,,3000,no error,0,0,0,0,1,0,0,0,1,,,,,,,,none,none,-1.0,-1.0,1364,1345,10.50,11.58,10.54,19.36,731,3000,0,0,,0,0,0,0,0,,,0,0,0,0,0,0,,,0,0,,,no error,no error,1006.1,1008.4,36.0,35.9,0,1,,,,,,,,,,,,,,,,0,0,0,,0,,,,,0,0,0,0,,,0,0,,,0,,,,0,0,0,,,,,,,,,,0,,,,0,0,0,,,,,,,,,,,,,,,,,,,,,,,,,,,,,,0,,,0,,,,,,,,,0,,,,,0,,,0,,,,,,0,0,0,0,0,,,,,0,,,,,,,0,,,0,0,,0,,,0,0,0,0,,,0,,,,0,,,0,0,0,,,,0,0,0,1,0,0,0,0,0,0,0,0,0,1,,,,,,,,,0,,,,,,,0,,,0,0,,0,,,0,0,0,0,,,0,,,,0,,,0,0,0,,,,0,0,0,1,0,0,0,0,0,0,0,0,0,1,0,,,,,,,,,,,,,,,,,,,,,,,,,,,,0,,,,,,0,,0,,0,,,,,,,,,,,,,,,,0,,0,,0,,,,,,,,,,,,,,,,0,,,0,,,,,,,,,0,0,,0,,,,0,,0,,0,,,0,,,0,,,,0,0,,,,,,0,verified,,0,0,0,,0,,,,0,,0,,0,,,0,,,0,,,,0,0,,,,,,0,verified,0,,0,,,30011,1,none,none,0,none,,,hrp,0,,,0,0,,,,,,,,,0,,,0,0,,,,,,,,,,,,,,,,,,,,,,,,,,,,,,,,,,,,,,,,,,,,,,,,,,,,,,,,,,,,,,,,,,,,,,,,,,,,,,,,,,,,,,,,,,,,,,,,,,,,,,,,,,,,,,,,,,,,,,,,,,,,,,,,,,,,,,,,,,,,,,,,,,,,,,,,,,,,,,,,,,,,,,,,,,,,,,,,,,,,,,,,,,,,,,,,,,,,,,,,,,,,,,,,,,,,,,,,,,,,,,,,,,,,,,,,,,,,,,,,,,,,,,,
lat_4k@hrp,scored,2,hrp,lat_4k_n4,lat_4k,hrp,n4,,,,,,,,,,,,,,,,,,,,,,,,,,,,,4,hrp,default,lat,blocking,1,,4096,3000,700,primary,4,3,0,0,0,0,1.8,ok,ok,,,,3000,no error,-1,,,3000,no error,0,0,0,0,1,0,0,0,1,,,,,,,,none,none,-1.0,-1.0,1367,1349,10.98,12.10,11.02,15.14,0,3000,0,0,,0,0,0,0,0,,,0,0,0,0,0,0,,,0,0,,,no error,no error,515.1,516.6,37.1,37.2,0,1,,,,,,,,,,,,,,,,0,0,0,,0,,,,,0,0,0,0,,,0,0,,,0,,,,0,0,0,,,,,,,,,,0,,,,0,0,0,,,,,,,,,,,,,,,,,,,,,,,,,,,,,,0,,,0,,,,,,,,,0,,,,,0,,,0,,,,,,0,0,0,0,0,,,,,0,,,,,,,0,,,0,0,,0,,,0,0,0,0,,,0,,,,0,,,0,0,0,,,,0,0,0,1,0,0,0,0,0,0,0,0,0,1,,,,,,,,,0,,,,,,,0,,,0,0,,0,,,0,0,0,0,,,0,,,,0,,,0,0,0,,,,0,0,0,1,0,0,0,0,0,0,0,0,0,1,0,,,,,,,,,,,,,,,,,,,,,,,,,,,,0,,,,,,0,,0,,0,,,,,,,,,,,,,,,,0,,0,,0,,,,,,,,,,,,,,,,0,,,0,,,,,,,,,0,0,,0,,,,0,,0,,0,,,0,,,0,,,,0,0,,,,,,0,verified,,0,0,0,,0,,,,0,,0,,0,,,0,,,0,,,,0,0,,,,,,0,verified,0,,0,,,30293,1,none,none,0,none,,,hrp,0,,,0,0,,,,,,,,,0,,,0,0,,,,,,,,,,,,,,,,,,,,,,,,,,,,,,,,,,,,,,,,,,,,,,,,,,,,,,,,,,,,,,,,,,,,,,,,,,,,,,,,,,,,,,,,,,,,,,,,,,,,,,,,,,,,,,,,,,,,,,,,,,,,,,,,,,,,,,,,,,,,,,,,,,,,,,,,,,,,,,,,,,,,,,,,,,,,,,,,,,,,,,,,,,,,,,,,,,,,,,,,,,,,,,,,,,,,,,,,,,,,,,,,,,,,,,,,,,,,,,,,,,,,,,,
lat_4k@hrp,scored,2,hrp,lat_4k_n5,lat_4k,hrp,n5,,,,,,,,,,,,,,,,,,,,,,,,,,,,,5,hrp,default,lat,blocking,1,,4096,3000,700,primary,4,3,0,0,0,0,2.3,ok,ok,,,,3000,no error,-1,,,3000,no error,0,0,0,0,1,0,0,0,1,,,,,,,,none,none,-1.0,-1.0,1357,1345,10.46,11.58,10.53,20.29,2050,3000,0,0,,0,0,0,0,0,,,0,0,0,0,0,0,,,0,0,,,no error,no error,990.4,993.2,35.5,35.8,0,1,,,,,,,,,,,,,,,,0,0,0,,0,,,,,0,0,0,0,,,0,0,,,0,,,,0,0,0,,,,,,,,,,0,,,,0,0,0,,,,,,,,,,,,,,,,,,,,,,,,,,,,,,0,,,0,,,,,,,,,0,,,,,0,,,0,,,,,,0,0,0,0,0,,,,,0,,,,,,,0,,,0,0,,0,,,0,0,0,0,,,0,,,,0,,,0,0,0,,,,0,0,0,1,0,0,0,0,0,0,0,0,0,1,,,,,,,,,0,,,,,,,0,,,0,0,,0,,,0,0,0,0,,,0,,,,0,,,0,0,0,,,,0,0,0,1,0,0,0,0,0,0,0,0,0,1,0,,,,,,,,,,,,,,,,,,,,,,,,,,,,0,,,,,,0,,0,,0,,,,,,,,,,,,,,,,0,,0,,0,,,,,,,,,,,,,,,,0,,,0,,,,,,,,,0,0,,0,,,,0,,0,,0,,,0,,,0,,,,0,0,,,,,,0,verified,,0,0,0,,0,,,,0,,0,,0,,,0,,,0,,,,0,0,,,,,,0,verified,0,,0,,,30944,1,none,none,0,none,,,hrp,0,,,0,0,,,,,,,,,0,,,0,0,,,,,,,,,,,,,,,,,,,,,,,,,,,,,,,,,,,,,,,,,,,,,,,,,,,,,,,,,,,,,,,,,,,,,,,,,,,,,,,,,,,,,,,,,,,,,,,,,,,,,,,,,,,,,,,,,,,,,,,,,,,,,,,,,,,,,,,,,,,,,,,,,,,,,,,,,,,,,,,,,,,,,,,,,,,,,,,,,,,,,,,,,,,,,,,,,,,,,,,,,,,,,,,,,,,,,,,,,,,,,,,,,,,,,,,,,,,,,,,,,,,,,,,
mr4_cyc_stall@hq,scored,n,mr_hq,mr4_cyc_stall_n1,mr4_cyc_stall,hq,n1,,,,,,,,,,,,,,,,,,,,,,,,,,,,,1,,,,,,,,1000,,,,,,,,0,,,,,,,,,,,,,,,,,,,,,,,,,,,,,,,,,,,,,,,,,,,,,,,,,,,,,,,,,,,,,,,,,,,,,,0,0,,,,,,,,,,,,,,,,,,,,,,,,,0,,,,,,,,,,,,,,,,,,,,,,,,,,,,,,,,,,,,,,,,,,,,,,,,,,,,,,,,,,,,,,,,,,,,,,2681480205.797,,,,,,,,,,,,,,,,,2681480206.75,,,,,,,,,,,,,,,,,,,,,,,,,,,,,,,,,,,,,,,,,,,,,,,,,,,,,,,,,,,,,,,,,,,,,,,,,,,,,,,,,,,,,,,,,,,,,,,,,,,,,,,,,,,,,,,,,,,,,,,,,,,,,,,,,,,,,,,,,,,,,,,,,,,,,,,,,,,,,,,,,,,,,,,,,,,,,,,,,,,,,,,,,,,,,,,,,,,,,,,,,,,,,,,,,,,,,,,,,,,,,,,,,,,,,,,,,,,,,,,,,,,,,,,,,,,,,,,,,,,,,,,,,,,,,29622,1,none,none,0,none,,,,,,,,,,,,,,,,,,,,,,,,,,,,,,hq,hr,4,none,ctx,"4,4,4,0",4,4,0,0,4,36,36,0,4,4,4,4,4,0,0,0,0,0,12.96,16.29,12.83,16.8,611,14.3,12.74,16.99,611,14.3,12.29,18.43,609,13.3,12.29,18.43,11.26,18.43,608,13.3,13.12,16.38,13.12,16.42,611,14.3,13.12,16.38,610,14.3,12.29,17.41,12.29,17.41,1,17.4,11.26,17.41,1,17.4,0>1;0>2;0>3;1>0;1>2;1>3;2>0;2>1;2>3;3>0;3>1;3>2,12,9,0>1;1>2;2>0,0:device_error;1:device_error;2:device_error;3:ok,1,"r0,r1,r2",3,12.515,12.559999999999999,18.43,0>1,24512138.0,1>2,24508762.1,2>0,24510169.3,3>0,17.4,0:0;1:4;2:6,3,1,0>1:1:pair;1>2:1:pair;2>0:1:pair,3,,0,,0,0-1;0-2;1-0;1-2;2-0;2-1,6,0-1=handshake timeout | 0-2=the peer declined | 1-0=the peer declined | 1-2=handshake timeout | 2-0=handshake timeout | 2-1=the peer declined,0-1;1-2;2-0,0,3,0,0,0-1-0=2;0-1-10=2;0-1-11=2;0-1-1=2;0-1-2=2;0-1-3=2;0-1-4=2;0-1-5=2;0-1-6=2;0-1-7=2;0-1-8=2;0-1-9=2;0-2-0=2;0-2-10=2;0-2-11=2;0-2-1=2;0-2-2=2;0-2-3=2;0-2-4=2;0-2-5=2;0-2-6=2;0-2-7=2;0-2-8=2;0-2-9=2;1-0-0=2;1-0-10=2;1-0-11=2;1-0-1=2;1-0-2=2;1-0-3=2;1-0-4=2;1-0-5=2;1-0-6=2;1-0-7=2;1-0-8=2;1-0-9=2;1-2-0=2;1-2-10=2;1-2-11=2;1-2-1=2;1-2-2=2;1-2-3=2;1-2-4=2;1-2-5=2;1-2-6=2;1-2-7=2;1-2-8=2;1-2-9=2;2-0-0=2;2-0-10=2;2-0-11=2;2-0-1=2;2-0-2=2;2-0-3=2;2-0-4=2;2-0-5=2;2-0-6=2;2-0-7=2;2-0-8=2;2-0-9=2;2-1-0=2;2-1-10=2;2-1-11=2;2-1-1=2;2-1-2=2;2-1-3=2;2-1-4=2;2-1-5=2;2-1-6=2;2-1-7=2;2-1-8=2;2-1-9=2,72,"p0,p1,p2",0-1-0=6;0-1-10=6;0-1-11=6;0-1-1=6;0-1-2=6;0-1-3=6;0-1-4=6;0-1-5=6;0-1-6=6;0-1-7=6;0-1-8=6;0-1-9=6;0-2-0=6;0-2-10=6;0-2-11=6;0-2-1=6;0-2-2=6;0-2-3=6;0-2-4=6;0-2-5=6;0-2-6=6;0-2-7=6;0-2-8=6;0-2-9=6;0-3-0=6;1-0-0=6;1-0-10=6;1-0-11=6;1-0-1=6;1-0-2=6;1-0-3=6;1-0-4=6;1-0-5=6;1-0-6=6;1-0-7=6;1-0-8=6;1-0-9=6;1-2-0=6;1-2-10=6;1-2-11=6;1-2-1=6;1-2-2=6;1-2-3=6;1-2-4=6;1-2-5=6;1-2-6=6;1-2-7=6;1-2-8=6;1-2-9=6;1-3-4=6;2-0-0=6;2-0-10=6;2-0-11=6;2-0-1=6;2-0-2=6;2-0-3=6;2-0-4=6;2-0-5=6;2-0-6=6;2-0-7=6;2-0-8=6;2-0-9=6;2-1-0=6;2-1-10=6;2-1-11=6;2-1-1=6;2-1-2=6;2-1-3=6;2-1-4=6;2-1-5=6;2-1-6=6;2-1-7=6;2-1-8=6;2-1-9=6;2-3-6=6,75,"p0,p1,p2,p3",4,0:LOCAL_QP_ERR;1:LOCAL_QP_ERR;2:LOCAL_QP_ERR,,,,2681455698.545,24507.25199985504,,2681455701.895,24504.855000019073,2681480207.767,,2681455700.511,24507.25600004196,,,,,3.3499999046325684,3,24507.25199985504,,,,,4.746000289916992,,,,,,,0:300;1:300;2:300,4,6,0-1;0-2;1-0;1-2;2-0;2-1,0,0-1=unknown;0-2=unknown;1-0=unknown;1-2=unknown;2-0=unknown;2-1=unknown,0,0,0,,0,0,0,1,0,0,,0,0,0,0,0,0,,4,0,0,0,0,,0,,0,,0,0,0,,0,0,0,,,,,,,,0,,,,,,,,,,,,,,,,,,,,,,,,,,,,,,,,,,,,,,,,,,,,,,,,,,,,
mr4_cyc_stall@hq,scored,n,mr_hq,mr4_cyc_stall_n2,mr4_cyc_stall,hq,n2,,,,,,,,,,,,,,,,,,,,,,,,,,,,,2,,,,,,,,1000,,,,,,,,0,,,,,,,,,,,,,,,,,,,,,,,,,,,,,,,,,,,,,,,,,,,,,,,,,,,,,,,,,,,,,,,,,,,,,,0,0,,,,,,,,,,,,,,,,,,,,,,,,,0,,,,,,,,,,,,,,,,,,,,,,,,,,,,,,,,,,,,,,,,,,,,,,,,,,,,,,,,,,,,,,,,,,,,,,2681557721.735,,,,,,,,,,,,,,,,,2681557717.242,,,,,,,,,,,,,,,,,,,,,,,,,,,,,,,,,,,,,,,,,,,,,,,,,,,,,,,,,,,,,,,,,,,,,,,,,,,,,,,,,,,,,,,,,,,,,,,,,,,,,,,,,,,,,,,,,,,,,,,,,,,,,,,,,,,,,,,,,,,,,,,,,,,,,,,,,,,,,,,,,,,,,,,,,,,,,,,,,,,,,,,,,,,,,,,,,,,,,,,,,,,,,,,,,,,,,,,,,,,,,,,,,,,,,,,,,,,,,,,,,,,,,,,,,,,,,,,,,,,,,,,,,,,,,30987,1,none,none,0,none,,,,,,,,,,,,,,,,,,,,,,,,,,,,,,hq,hr,4,none,ctx,"4,4,4,0",4,4,0,0,4,36,36,0,4,4,4,4,4,0,0,0,0,0,13.06,16.19,12.96,16.19,611,14.3,12.9,16.06,610,14.3,12.29,16.38,609,13.3,12.29,16.38,11.26,16.38,609,12.3,13.12,17.89,12.99,18.78,611,14.3,12.77,17.79,611,14.3,12.29,17.41,12.29,17.41,1,17.4,11.26,16.38,1,16.4,0>1;0>2;0>3;1>0;1>2;1>3;2>0;2>1;2>3;3>0;3>1;3>2,12,9,0>1;1>2;2>0,0:device_error;1:device_error;2:device_error;3:ok,1,"r0,r1,r2",3,12.53,12.625,18.78,0>1,24509242.2,1>2,24508741.6,2>0,24509750.1,3>0,17.4,0:0;1:4;2:6,3,1,0>1:1:pair;1>2:1:pair;2>0:1:pair,3,,0,,0,0-1;0-2;1-0;1-2;2-0;2-1,6,0-1=handshake timeout | 0-2=the peer declined | 1-0=the peer declined | 1-2=handshake timeout | 2-0=handshake timeout | 2-1=the peer declined,0-1;1-2;2-0,0,3,0,0,0-1-0=2;0-1-10=2;0-1-11=2;0-1-1=2;0-1-2=2;0-1-3=2;0-1-4=2;0-1-5=2;0-1-6=2;0-1-7=2;0-1-8=2;0-1-9=2;0-2-0=2;0-2-10=2;0-2-11=2;0-2-1=2;0-2-2=2;0-2-3=2;0-2-4=2;0-2-5=2;0-2-6=2;0-2-7=2;0-2-8=2;0-2-9=2;1-0-0=2;1-0-10=2;1-0-11=2;1-0-1=2;1-0-2=2;1-0-3=2;1-0-4=2;1-0-5=2;1-0-6=2;1-0-7=2;1-0-8=2;1-0-9=2;1-2-0=2;1-2-10=2;1-2-11=2;1-2-1=2;1-2-2=2;1-2-3=2;1-2-4=2;1-2-5=2;1-2-6=2;1-2-7=2;1-2-8=2;1-2-9=2;2-0-0=2;2-0-10=2;2-0-11=2;2-0-1=2;2-0-2=2;2-0-3=2;2-0-4=2;2-0-5=2;2-0-6=2;2-0-7=2;2-0-8=2;2-0-9=2;2-1-0=2;2-1-10=2;2-1-11=2;2-1-1=2;2-1-2=2;2-1-3=2;2-1-4=2;2-1-5=2;2-1-6=2;2-1-7=2;2-1-8=2;2-1-9=2,72,"p0,p1,p2",0-1-0=6;0-1-10=6;0-1-11=6;0-1-1=6;0-1-2=6;0-1-3=6;0-1-4=6;0-1-5=6;0-1-6=6;0-1-7=6;0-1-8=6;0-1-9=6;0-2-0=6;0-2-10=6;0-2-11=6;0-2-1=6;0-2-2=6;0-2-3=6;0-2-4=6;0-2-5=6;0-2-6=6;0-2-7=6;0-2-8=6;0-2-9=6;0-3-0=6;1-0-0=6;1-0-10=6;1-0-11=6;1-0-1=6;1-0-2=6;1-0-3=6;1-0-4=6;1-0-5=6;1-0-6=6;1-0-7=6;1-0-8=6;1-0-9=6;1-2-0=6;1-2-10=6;1-2-11=6;1-2-1=6;1-2-2=6;1-2-3=6;1-2-4=6;1-2-5=6;1-2-6=6;1-2-7=6;1-2-8=6;1-2-9=6;1-3-4=6;2-0-0=6;2-0-10=6;2-0-11=6;2-0-1=6;2-0-2=6;2-0-3=6;2-0-4=6;2-0-5=6;2-0-6=6;2-0-7=6;2-0-8=6;2-0-9=6;2-1-0=6;2-1-10=6;2-1-11=6;2-1-1=6;2-1-2=6;2-1-3=6;2-1-4=6;2-1-5=6;2-1-6=6;2-1-7=6;2-1-8=6;2-1-9=6;2-3-6=6,75,"p0,p1,p2,p3",4,0:LOCAL_QP_ERR;1:LOCAL_QP_ERR;2:LOCAL_QP_ERR,,,,2681533215.496,24506.239000320435,,2681533212.5410004,24504.700999975204,2681557720.057,,2681533213.122,24506.93499994278,,,,,2.9549994468688965,3,24504.700999975204,,,,,10.753999710083008,,,,,,,0:300;1:300;2:300,4,6,0-1;0-2;1-0;1-2;2-0;2-1,0,0-1=unknown;0-2=unknown;1-0=unknown;1-2=unknown;2-0=unknown;2-1=unknown,0,0,0,,0,0,0,1,0,0,,0,0,0,0,0,0,,4,0,0,0,0,,0,,0,,0,0,0,,0,0,0,,,,,,,,0,,,,,,,,,,,,,,,,,,,,,,,,,,,,,,,,,,,,,,,,,,,,,,,,,,,,
mr4_cyc_stall@hq,scored,n,mr_hq,mr4_cyc_stall_n3,mr4_cyc_stall,hq,n3,,,,,,,,,,,,,,,,,,,,,,,,,,,,,3,,,,,,,,1000,,,,,,,,0,,,,,,,,,,,,,,,,,,,,,,,,,,,,,,,,,,,,,,,,,,,,,,,,,,,,,,,,,,,,,,,,,,,,,,0,0,,,,,,,,,,,,,,,,,,,,,,,,,0,,,,,,,,,,,,,,,,,,,,,,,,,,,,,,,,,,,,,,,,,,,,,,,,,,,,,,,,,,,,,,,,,,,,,,2681634781.029,,,,,,,,,,,,,,,,,2681634776.0299997,,,,,,,,,,,,,,,,,,,,,,,,,,,,,,,,,,,,,,,,,,,,,,,,,,,,,,,,,,,,,,,,,,,,,,,,,,,,,,,,,,,,,,,,,,,,,,,,,,,,,,,,,,,,,,,,,,,,,,,,,,,,,,,,,,,,,,,,,,,,,,,,,,,,,,,,,,,,,,,,,,,,,,,,,,,,,,,,,,,,,,,,,,,,,,,,,,,,,,,,,,,,,,,,,,,,,,,,,,,,,,,,,,,,,,,,,,,,,,,,,,,,,,,,,,,,,,,,,,,,,,,,,,,,,30775,1,none,none,0,none,,,,,,,,,,,,,,,,,,,,,,,,,,,,,,hq,hr,4,none,ctx,"4,4,4,0",4,4,0,0,4,36,36,0,4,4,4,4,4,0,0,0,0,0,13.12,15.78,13.02,16.35,611,14.4,12.86,16.32,611,14.3,12.29,17.41,609,13.3,12.29,18.43,11.26,16.38,608,12.3,13.57,16.67,13.15,16.38,611,14.7,13.15,16.45,611,14.6,12.29,18.43,12.29,18.43,1,18.4,11.26,18.43,1,18.4,0>1;0>2;0>3;1>0;1>2;1>3;2>0;2>1;2>3;3>0;3>1;3>2,12,9,0>1;1>2;2>0,0:device_error;1:device_error;2:device_error;3:ok,1,"r0,r1,r2",3,12.575,12.655,18.43,0>1,24510690.1,1>2,24509738.0,2>0,24510192.3,3>0,18.4,0:0;1:4;2:6,3,1,0>1:1:pair;1>2:1:pair;2>0:1:pair,3,,0,,0,0-1;0-2;1-0;1-2;2-0;2-1,6,0-1=handshake timeout | 0-2=the peer declined | 1-0=the peer declined | 1-2=handshake timeout | 2-0=handshake timeout | 2-1=the peer declined,0-1;1-2;2-0,0,3,0,0,0-1-0=2;0-1-10=2;0-1-11=2;0-1-1=2;0-1-2=2;0-1-3=2;0-1-4=2;0-1-5=2;0-1-6=2;0-1-7=2;0-1-8=2;0-1-9=2;0-2-0=2;0-2-10=2;0-2-11=2;0-2-1=2;0-2-2=2;0-2-3=2;0-2-4=2;0-2-5=2;0-2-6=2;0-2-7=2;0-2-8=2;0-2-9=2;1-0-0=2;1-0-10=2;1-0-11=2;1-0-1=2;1-0-2=2;1-0-3=2;1-0-4=2;1-0-5=2;1-0-6=2;1-0-7=2;1-0-8=2;1-0-9=2;1-2-0=2;1-2-10=2;1-2-11=2;1-2-1=2;1-2-2=2;1-2-3=2;1-2-4=2;1-2-5=2;1-2-6=2;1-2-7=2;1-2-8=2;1-2-9=2;2-0-0=2;2-0-10=2;2-0-11=2;2-0-1=2;2-0-2=2;2-0-3=2;2-0-4=2;2-0-5=2;2-0-6=2;2-0-7=2;2-0-8=2;2-0-9=2;2-1-0=2;2-1-10=2;2-1-11=2;2-1-1=2;2-1-2=2;2-1-3=2;2-1-4=2;2-1-5=2;2-1-6=2;2-1-7=2;2-1-8=2;2-1-9=2,72,"p0,p1,p2",0-1-0=6;0-1-10=6;0-1-11=6;0-1-1=6;0-1-2=6;0-1-3=6;0-1-4=6;0-1-5=6;0-1-6=6;0-1-7=6;0-1-8=6;0-1-9=6;0-2-0=6;0-2-10=6;0-2-11=6;0-2-1=6;0-2-2=6;0-2-3=6;0-2-4=6;0-2-5=6;0-2-6=6;0-2-7=6;0-2-8=6;0-2-9=6;0-3-0=6;1-0-0=6;1-0-10=6;1-0-11=6;1-0-1=6;1-0-2=6;1-0-3=6;1-0-4=6;1-0-5=6;1-0-6=6;1-0-7=6;1-0-8=6;1-0-9=6;1-2-0=6;1-2-10=6;1-2-11=6;1-2-1=6;1-2-2=6;1-2-3=6;1-2-4=6;1-2-5=6;1-2-6=6;1-2-7=6;1-2-8=6;1-2-9=6;1-3-4=6;2-0-0=6;2-0-10=6;2-0-11=6;2-0-1=6;2-0-2=6;2-0-3=6;2-0-4=6;2-0-5=6;2-0-6=6;2-0-7=6;2-0-8=6;2-0-9=6;2-1-0=6;2-1-10=6;2-1-11=6;2-1-1=6;2-1-2=6;2-1-3=6;2-1-4=6;2-1-5=6;2-1-6=6;2-1-7=6;2-1-8=6;2-1-9=6;2-3-6=6,75,"p0,p1,p2,p3",4,0:LOCAL_QP_ERR;1:LOCAL_QP_ERR;2:LOCAL_QP_ERR,,,,2681610273.209,24507.819999694824,,2681610269.917,24506.112999916077,2681634778.374,,2681610271.234,24507.139999866486,,,,,3.2920002937316895,3,24506.112999916077,,,,,8.736999988555908,,,,,,,0:300;1:300;2:300,4,6,0-1;0-2;1-0;1-2;2-0;2-1,0,0-1=unknown;0-2=unknown;1-0=unknown;1-2=unknown;2-0=unknown;2-1=unknown,0,0,0,,0,0,0,1,0,0,,0,0,0,0,0,0,,4,0,0,0,0,,0,,0,,0,0,0,,0,0,0,,,,,,,,0,,,,,,,,,,,,,,,,,,,,,,,,,,,,,,,,,,,,,,,,,,,,,,,,,,,,
mr4_cyc_stall@hq,scored,n,mr_hq,mr4_cyc_stall_n4,mr4_cyc_stall,hq,n4,,,,,,,,,,,,,,,,,,,,,,,,,,,,,4,,,,,,,,1000,,,,,,,,0,,,,,,,,,,,,,,,,,,,,,,,,,,,,,,,,,,,,,,,,,,,,,,,,,,,,,,,,,,,,,,,,,,,,,,0,0,,,,,,,,,,,,,,,,,,,,,,,,,0,,,,,,,,,,,,,,,,,,,,,,,,,,,,,,,,,,,,,,,,,,,,,,,,,,,,,,,,,,,,,,,,,,,,,,2681711802.146,,,,,,,,,,,,,,,,,2681711799.483,,,,,,,,,,,,,,,,,,,,,,,,,,,,,,,,,,,,,,,,,,,,,,,,,,,,,,,,,,,,,,,,,,,,,,,,,,,,,,,,,,,,,,,,,,,,,,,,,,,,,,,,,,,,,,,,,,,,,,,,,,,,,,,,,,,,,,,,,,,,,,,,,,,,,,,,,,,,,,,,,,,,,,,,,,,,,,,,,,,,,,,,,,,,,,,,,,,,,,,,,,,,,,,,,,,,,,,,,,,,,,,,,,,,,,,,,,,,,,,,,,,,,,,,,,,,,,,,,,,,,,,,,,,,,29600,1,none,none,0,none,,,,,,,,,,,,,,,,,,,,,,,,,,,,,,hq,hr,4,none,ctx,"4,4,4,0",4,4,0,0,4,36,36,0,4,4,4,4,4,0,0,0,0,0,12.99,17.79,12.9,16.38,612,14.2,12.83,17.76,612,14.1,12.29,17.41,610,13.3,12.29,17.41,11.26,17.41,610,13.3,12.86,16.1,12.77,15.62,612,14.3,12.58,14.3,612,14.1,12.29,16.38,12.29,16.38,1,16.4,11.26,16.38,1,16.4,0>1;0>2;0>3;1>0;1>2;1>3;2>0;2>1;2>3;3>0;3>1;3>2,12,9,0>1;1>2;2>0,0:device_error;1:device_error;2:device_error;3:ok,1,"r0,r1,r2",3,12.434999999999999,12.575,17.79,0>1,24507648.8,1>2,24506230.8,2>0,24509298.7,3>0,16.4,0:0;1:4;2:6,3,1,0>1:1:pair;1>2:1:pair;2>0:1:pair,3,,0,,0,0-1;0-2;1-0;1-2;2-0;2-1,6,0-1=handshake timeout | 0-2=the peer declined | 1-0=the peer declined | 1-2=handshake timeout | 2-0=handshake timeout | 2-1=the peer declined,0-1;1-2;2-0,0,3,0,0,0-1-0=2;0-1-10=2;0-1-11=2;0-1-1=2;0-1-2=2;0-1-3=2;0-1-4=2;0-1-5=2;0-1-6=2;0-1-7=2;0-1-8=2;0-1-9=2;0-2-0=2;0-2-10=2;0-2-11=2;0-2-1=2;0-2-2=2;0-2-3=2;0-2-4=2;0-2-5=2;0-2-6=2;0-2-7=2;0-2-8=2;0-2-9=2;1-0-0=2;1-0-10=2;1-0-11=2;1-0-1=2;1-0-2=2;1-0-3=2;1-0-4=2;1-0-5=2;1-0-6=2;1-0-7=2;1-0-8=2;1-0-9=2;1-2-0=2;1-2-10=2;1-2-11=2;1-2-1=2;1-2-2=2;1-2-3=2;1-2-4=2;1-2-5=2;1-2-6=2;1-2-7=2;1-2-8=2;1-2-9=2;2-0-0=2;2-0-10=2;2-0-11=2;2-0-1=2;2-0-2=2;2-0-3=2;2-0-4=2;2-0-5=2;2-0-6=2;2-0-7=2;2-0-8=2;2-0-9=2;2-1-0=2;2-1-10=2;2-1-11=2;2-1-1=2;2-1-2=2;2-1-3=2;2-1-4=2;2-1-5=2;2-1-6=2;2-1-7=2;2-1-8=2;2-1-9=2,72,"p0,p1,p2",0-1-0=6;0-1-10=6;0-1-11=6;0-1-1=6;0-1-2=6;0-1-3=6;0-1-4=6;0-1-5=6;0-1-6=6;0-1-7=6;0-1-8=6;0-1-9=6;0-2-0=6;0-2-10=6;0-2-11=6;0-2-1=6;0-2-2=6;0-2-3=6;0-2-4=6;0-2-5=6;0-2-6=6;0-2-7=6;0-2-8=6;0-2-9=6;0-3-0=6;1-0-0=6;1-0-10=6;1-0-11=6;1-0-1=6;1-0-2=6;1-0-3=6;1-0-4=6;1-0-5=6;1-0-6=6;1-0-7=6;1-0-8=6;1-0-9=6;1-2-0=6;1-2-10=6;1-2-11=6;1-2-1=6;1-2-2=6;1-2-3=6;1-2-4=6;1-2-5=6;1-2-6=6;1-2-7=6;1-2-8=6;1-2-9=6;1-3-4=6;2-0-0=6;2-0-10=6;2-0-11=6;2-0-1=6;2-0-2=6;2-0-3=6;2-0-4=6;2-0-5=6;2-0-6=6;2-0-7=6;2-0-8=6;2-0-9=6;2-1-0=6;2-1-10=6;2-1-11=6;2-1-1=6;2-1-2=6;2-1-3=6;2-1-4=6;2-1-5=6;2-1-6=6;2-1-7=6;2-1-8=6;2-1-9=6;2-3-6=6,75,"p0,p1,p2,p3",4,0:LOCAL_QP_ERR;1:LOCAL_QP_ERR;2:LOCAL_QP_ERR,,,,2681687295.879,24506.266999721527,,2681687294.6289997,24504.854000091553,2681711806.352,,2681687298.525,24507.827000141144,,,,,3.896000385284424,3,24504.854000091553,,,,,7.095000267028809,,,,,,,0:300;1:300;2:300,4,6,0-1;0-2;1-0;1-2;2-0;2-1,0,0-1=unknown;0-2=unknown;1-0=unknown;1-2=unknown;2-0=unknown;2-1=unknown,0,0,0,,0,0,0,1,0,0,,0,0,0,0,0,0,,4,0,0,0,0,,0,,0,,0,0,0,,0,0,0,,,,,,,,0,,,,,,,,,,,,,,,,,,,,,,,,,,,,,,,,,,,,,,,,,,,,,,,,,,,,
mr4_cyc_stall@hq,scored,n,mr_hq,mr4_cyc_stall_n5,mr4_cyc_stall,hq,n5,,,,,,,,,,,,,,,,,,,,,,,,,,,,,5,,,,,,,,1000,,,,,,,,0,,,,,,,,,,,,,,,,,,,,,,,,,,,,,,,,,,,,,,,,,,,,,,,,,,,,,,,,,,,,,,,,,,,,,,0,0,,,,,,,,,,,,,,,,,,,,,,,,,0,,,,,,,,,,,,,,,,,,,,,,,,,,,,,,,,,,,,,,,,,,,,,,,,,,,,,,,,,,,,,,,,,,,,,,2681788943.646,,,,,,,,,,,,,,,,,2681788937.5030003,,,,,,,,,,,,,,,,,,,,,,,,,,,,,,,,,,,,,,,,,,,,,,,,,,,,,,,,,,,,,,,,,,,,,,,,,,,,,,,,,,,,,,,,,,,,,,,,,,,,,,,,,,,,,,,,,,,,,,,,,,,,,,,,,,,,,,,,,,,,,,,,,,,,,,,,,,,,,,,,,,,,,,,,,,,,,,,,,,,,,,,,,,,,,,,,,,,,,,,,,,,,,,,,,,,,,,,,,,,,,,,,,,,,,,,,,,,,,,,,,,,,,,,,,,,,,,,,,,,,,,,,,,,,,30234,1,none,none,0,none,,,,,,,,,,,,,,,,,,,,,,,,,,,,,,hq,hr,4,none,ctx,"4,4,4,0",4,4,0,0,4,36,36,0,4,4,4,4,4,0,0,0,0,0,13.12,16.38,12.83,18.46,611,14.4,12.7,15.71,610,14.3,12.29,17.41,609,13.3,12.29,17.41,11.26,17.41,608,12.3,13.44,16.35,13.18,19.1,611,15.6,13.15,16.86,611,14.4,13.31,18.43,12.29,18.43,1,18.4,11.26,18.43,1,18.4,0>1;0>2;0>3;1>0;1>2;1>3;2>0;2>1;2>3;3>0;3>1;3>2,12,9,0>1;1>2;2>0,0:device_error;1:device_error;2:device_error;3:ok,1,"r0,r1,r2",3,12.91,12.559999999999999,19.1,0>1,24511092.7,1>2,24510075.9,2>0,24510540.1,3>0,18.4,0:0;1:4;2:6,3,1,0>1:1:pair;1>2:1:pair;2>0:1:pair,3,,0,,0,0-1;0-2;1-0;1-2;2-0;2-1,6,0-1=handshake timeout | 0-2=the peer declined | 1-0=the peer declined | 1-2=handshake timeout | 2-0=handshake timeout | 2-1=the peer declined,0-1;1-2;2-0,0,3,0,0,0-1-0=2;0-1-10=2;0-1-11=2;0-1-1=2;0-1-2=2;0-1-3=2;0-1-4=2;0-1-5=2;0-1-6=2;0-1-7=2;0-1-8=2;0-1-9=2;0-2-0=2;0-2-10=2;0-2-11=2;0-2-1=2;0-2-2=2;0-2-3=2;0-2-4=2;0-2-5=2;0-2-6=2;0-2-7=2;0-2-8=2;0-2-9=2;1-0-0=2;1-0-10=2;1-0-11=2;1-0-1=2;1-0-2=2;1-0-3=2;1-0-4=2;1-0-5=2;1-0-6=2;1-0-7=2;1-0-8=2;1-0-9=2;1-2-0=2;1-2-10=2;1-2-11=2;1-2-1=2;1-2-2=2;1-2-3=2;1-2-4=2;1-2-5=2;1-2-6=2;1-2-7=2;1-2-8=2;1-2-9=2;2-0-0=2;2-0-10=2;2-0-11=2;2-0-1=2;2-0-2=2;2-0-3=2;2-0-4=2;2-0-5=2;2-0-6=2;2-0-7=2;2-0-8=2;2-0-9=2;2-1-0=2;2-1-10=2;2-1-11=2;2-1-1=2;2-1-2=2;2-1-3=2;2-1-4=2;2-1-5=2;2-1-6=2;2-1-7=2;2-1-8=2;2-1-9=2,72,"p0,p1,p2",0-1-0=6;0-1-10=6;0-1-11=6;0-1-1=6;0-1-2=6;0-1-3=6;0-1-4=6;0-1-5=6;0-1-6=6;0-1-7=6;0-1-8=6;0-1-9=6;0-2-0=6;0-2-10=6;0-2-11=6;0-2-1=6;0-2-2=6;0-2-3=6;0-2-4=6;0-2-5=6;0-2-6=6;0-2-7=6;0-2-8=6;0-2-9=6;0-3-0=6;1-0-0=6;1-0-10=6;1-0-11=6;1-0-1=6;1-0-2=6;1-0-3=6;1-0-4=6;1-0-5=6;1-0-6=6;1-0-7=6;1-0-8=6;1-0-9=6;1-2-0=6;1-2-10=6;1-2-11=6;1-2-1=6;1-2-2=6;1-2-3=6;1-2-4=6;1-2-5=6;1-2-6=6;1-2-7=6;1-2-8=6;1-2-9=6;1-3-4=6;2-0-0=6;2-0-10=6;2-0-11=6;2-0-1=6;2-0-2=6;2-0-3=6;2-0-4=6;2-0-5=6;2-0-6=6;2-0-7=6;2-0-8=6;2-0-9=6;2-1-0=6;2-1-10=6;2-1-11=6;2-1-1=6;2-1-2=6;2-1-3=6;2-1-4=6;2-1-5=6;2-1-6=6;2-1-7=6;2-1-8=6;2-1-9=6;2-3-6=6,75,"p0,p1,p2,p3",4,0:LOCAL_QP_ERR;1:LOCAL_QP_ERR;2:LOCAL_QP_ERR,,,,2681764435.677,24507.96899986267,,2681764431.952,24505.550999879837,2681788940.952,,2681764433.638,24507.3140001297,,,,,3.7249999046325684,3,24505.550999879837,,,,,9.527999877929688,,,,,,,0:300;1:300;2:300,4,6,0-1;0-2;1-0;1-2;2-0;2-1,0,0-1=unknown;0-2=unknown;1-0=unknown;1-2=unknown;2-0=unknown;2-1=unknown,0,0,0,,0,0,0,1,0,0,,0,0,0,0,0,0,,4,0,0,0,0,,0,,0,,0,0,0,,0,0,0,,,,,,,,0,,,,,,,,,,,,,,,,,,,,,,,,,,,,,,,,,,,,,,,,,,,,,,,,,,,,
rm4_kill3_untimed@hq,scored,n,mr_hq,rm4_kill3_untimed_n1,rm4_kill3_untimed,hq,n1,,,,,,,,,,,,,,,,,,,,,,,,,,,,,1,,,,,,,,1000,,,,,,,,0,,,,,,,,,,,,,,,,,,,,,,,,,,,,,,,,,,,,,,,,,,,,,,,,,,,,,,,,,,,,,,,,,,,,,,0,0,,,,,,,,,,,,,,,,,,,,,,,,,1,,,,,,,,,,,,,,,,,,,,,,,,,,,,,,,,,,,,,,,,,,,,,,,,,,,,,,,,,,,,,,,,2681980904.109,,,,,,2681980912.574,,,,,,,,,,,1550921776.024,,,,,,2681980910.019,,,,,,,,,,,,,,,,,,,,,,,,,,,,,,,,,,,,,,,,,,,,,,,,,,,,,,,,,,,,,,,,,,,,,,,,,,,,,,,,,,,,,,,,,,,,,,,,,,,,,,,,,,,,,,,,,,,,,,,,,,,,,,,,,,,,,,,,,,,,,,8.931999683380127,,,,,,,,,,,,,,,,,,,,,,,,,,,,,,,,,,,,,,,,,,,,,,,,,,,,,,,,,,,,,,,,,,,,,,,,,,,,,,,,,,,,,,,,,,,,,,,,,,,,,,,,,,,,,,,,,,,,,,,,,,,,,,,29389,1,none,none,0,none,,,,,,,,,,,,,,,,,,,,,,,,,,,,,,hq,hr,4,none,peer,"3,3,3,255",4,4,0,0,4,36,36,0,4,4,4,4,4,0,0,0,0,3,,,,,,,,,,,,,,,,,,,,,,,,,,,,,,,,,,,,,,,,,0>1;0>2;0>3;1>0;1>2;1>3;2>0;2>1;2>3;3>0;3>1;3>2,12,0,0>1;0>2;0>3;1>0;1>2;1>3;2>0;2>1;2>3;3>0;3>1;3>2,0:async_error_kernel_stuck;1:async_error_kernel_stuck;2:async_error_kernel_stuck;3:,0,"r0,r1,r2",3,,,,,,,,,,,,,0,,,0,,0,,0,0-3;1-3;2-3,3,0-3=peer judged dead: the peer's socket shows FIN | 1-3=peer judged dead: the peer's socket shows FIN | 2-3=peer judged dead: the peer's socket shows FIN,,0,0,0,0,0-3-0=2;0-3-10=2;0-3-11=2;0-3-1=2;0-3-2=2;0-3-3=2;0-3-4=2;0-3-5=2;0-3-6=2;0-3-7=2;0-3-8=2;0-3-9=2;1-3-0=2;1-3-10=2;1-3-11=2;1-3-1=2;1-3-2=2;1-3-3=2;1-3-4=2;1-3-5=2;1-3-6=2;1-3-7=2;1-3-8=2;1-3-9=2;2-3-0=2;2-3-10=2;2-3-11=2;2-3-1=2;2-3-2=2;2-3-3=2;2-3-4=2;2-3-5=2;2-3-6=2;2-3-7=2;2-3-8=2;2-3-9=2,36,p3,0-3-0=6;0-3-10=6;0-3-11=6;0-3-1=6;0-3-2=6;0-3-3=6;0-3-4=6;0-3-5=6;0-3-6=6;0-3-7=6;0-3-8=6;0-3-9=6;1-3-0=6;1-3-10=6;1-3-11=6;1-3-1=6;1-3-2=6;1-3-3=6;1-3-4=6;1-3-5=6;1-3-6=6;1-3-7=6;1-3-8=6;1-3-9=6;2-3-0=6;2-3-10=6;2-3-11=6;2-3-1=6;2-3-2=6;2-3-3=6;2-3-4=6;2-3-5=6;2-3-6=6;2-3-7=6;2-3-8=6;2-3-9=6,36,p3,3,0:LOCAL_QP_ERR;2:LOCAL_QP_ERR,3,2681980903.642,1,,,6.376999855041504,,,2681980912.137,8.494999885559082,,,,,,,,0,,,,,,,,,6,0,0,0,,4,3,0-3;1-3;2-3,0,0-3=peer-dead;1-3=peer-dead;2-3=peer-dead,3,0,0,,0,0,0,4,0,0,,0,0,0,0,0,0,,4,0,0,0,0,,0,,0,,0,0,0,,0,0,0,,,,2681980904.159,,,,1,0,0,0,0,3,0,0,0,0,,0,,0,,,,,,,,,,,,,,,,,,,,,,,,,,,,,,,,,,,,,,,
rm4_kill3_untimed@hq,scored,n,mr_hq,rm4_kill3_untimed_n2,rm4_kill3_untimed,hq,n2,,,,,,,,,,,,,,,,,,,,,,,,,,,,,2,,,,,,,,1000,,,,,,,,0,,,,,,,,,,,,,,,,,,,,,,,,,,,,,,,,,,,,,,,,,,,,,,,,,,,,,,,,,,,,,,,,,,,,,,0,0,,,,,,,,,,,,,,,,,,,,,,,,,1,,,,,,,,,,,,,,,,,,,,,,,,,,,,,,,,,,,,,,,,,,,,,,,,,,,,,,,,,,,,,,,,2682049707.445,,,,,,2682049715.562,,,,,,,,,,,1550990578.149,,,,,,2682049713.857,,,,,,,,,,,,,,,,,,,,,,,,,,,,,,,,,,,,,,,,,,,,,,,,,,,,,,,,,,,,,,,,,,,,,,,,,,,,,,,,,,,,,,,,,,,,,,,,,,,,,,,,,,,,,,,,,,,,,,,,,,,,,,,,,,,,,,,,,,,,,,8.583999633789062,,,,,,,,,,,,,,,,,,,,,,,,,,,,,,,,,,,,,,,,,,,,,,,,,,,,,,,,,,,,,,,,,,,,,,,,,,,,,,,,,,,,,,,,,,,,,,,,,,,,,,,,,,,,,,,,,,,,,,,,,,,,,,,29217,1,none,none,0,none,,,,,,,,,,,,,,,,,,,,,,,,,,,,,,hq,hr,4,none,peer,"3,3,3,255",4,4,0,0,4,36,36,0,4,4,4,4,4,0,0,0,0,3,,,,,,,,,,,,,,,,,,,,,,,,,,,,,,,,,,,,,,,,,0>1;0>2;0>3;1>0;1>2;1>3;2>0;2>1;2>3;3>0;3>1;3>2,12,0,0>1;0>2;0>3;1>0;1>2;1>3;2>0;2>1;2>3;3>0;3>1;3>2,0:async_error_kernel_stuck;1:async_error_kernel_stuck;2:async_error_kernel_stuck;3:,0,"r0,r1,r2",3,,,,,,,,,,,,,0,,,0,,0,,0,0-3;1-3;2-3,3,0-3=peer judged dead: the peer's socket shows FIN | 1-3=peer judged dead: the peer's socket shows FIN | 2-3=peer judged dead: the peer's socket shows FIN,,0,0,0,0,0-3-0=2;0-3-10=2;0-3-11=2;0-3-1=2;0-3-2=2;0-3-3=2;0-3-4=2;0-3-5=2;0-3-6=2;0-3-7=2;0-3-8=2;0-3-9=2;1-3-0=2;1-3-10=2;1-3-11=2;1-3-1=2;1-3-2=2;1-3-3=2;1-3-4=2;1-3-5=2;1-3-6=2;1-3-7=2;1-3-8=2;1-3-9=2;2-3-0=2;2-3-10=2;2-3-11=2;2-3-1=2;2-3-2=2;2-3-3=2;2-3-4=2;2-3-5=2;2-3-6=2;2-3-7=2;2-3-8=2;2-3-9=2,36,p3,0-3-0=6;0-3-10=6;0-3-11=6;0-3-1=6;0-3-2=6;0-3-3=6;0-3-4=6;0-3-5=6;0-3-6=6;0-3-7=6;0-3-8=6;0-3-9=6;1-3-0=6;1-3-10=6;1-3-11=6;1-3-1=6;1-3-2=6;1-3-3=6;1-3-4=6;1-3-5=6;1-3-6=6;1-3-7=6;1-3-8=6;1-3-9=6;2-3-0=6;2-3-10=6;2-3-11=6;2-3-1=6;2-3-2=6;2-3-3=6;2-3-4=6;2-3-5=6;2-3-6=6;2-3-7=6;2-3-8=6;2-3-9=6,36,p3,3,0:LOCAL_QP_ERR;2:LOCAL_QP_ERR,3,2682049706.978,1,,,6.878999710083008,,,2682049715.997,9.019000053405762,,,,,,,,0,,,,,,,,,6,0,0,0,,4,3,0-3;1-3;2-3,0,0-3=peer-dead;1-3=peer-dead;2-3=peer-dead,3,0,0,,0,0,0,4,0,0,,0,0,0,0,0,0,,4,0,0,0,0,,0,,0,,0,0,0,,0,0,0,,,,2682049707.496,,,,1,0,0,0,0,3,0,0,0,0,,0,,0,,,,,,,,,,,,,,,,,,,,,,,,,,,,,,,,,,,,,,,
rm4_kill3_untimed@hq,scored,n,mr_hq,rm4_kill3_untimed_n3,rm4_kill3_untimed,hq,n3,,,,,,,,,,,,,,,,,,,,,,,,,,,,,3,,,,,,,,1000,,,,,,,,0,,,,,,,,,,,,,,,,,,,,,,,,,,,,,,,,,,,,,,,,,,,,,,,,,,,,,,,,,,,,,,,,,,,,,,0,0,,,,,,,,,,,,,,,,,,,,,,,,,1,,,,,,,,,,,,,,,,,,,,,,,,,,,,,,,,,,,,,,,,,,,,,,,,,,,,,,,,,,,,,,,,2682118523.98,,,,,,2682118532.491,,,,,,,,,,,1551059393.488,,,,,,2682118530.35,,,,,,,,,,,,,,,,,,,,,,,,,,,,,,,,,,,,,,,,,,,,,,,,,,,,,,,,,,,,,,,,,,,,,,,,,,,,,,,,,,,,,,,,,,,,,,,,,,,,,,,,,,,,,,,,,,,,,,,,,,,,,,,,,,,,,,,,,,,,,,8.926000118255615,,,,,,,,,,,,,,,,,,,,,,,,,,,,,,,,,,,,,,,,,,,,,,,,,,,,,,,,,,,,,,,,,,,,,,,,,,,,,,,,,,,,,,,,,,,,,,,,,,,,,,,,,,,,,,,,,,,,,,,,,,,,,,,30418,1,none,none,0,none,,,,,,,,,,,,,,,,,,,,,,,,,,,,,,hq,hr,4,none,peer,"3,3,3,255",4,4,0,0,4,36,36,0,4,4,4,4,4,0,0,0,0,3,,,,,,,,,,,,,,,,,,,,,,,,,,,,,,,,,,,,,,,,,0>1;0>2;0>3;1>0;1>2;1>3;2>0;2>1;2>3;3>0;3>1;3>2,12,0,0>1;0>2;0>3;1>0;1>2;1>3;2>0;2>1;2>3;3>0;3>1;3>2,0:async_error_kernel_stuck;1:async_error_kernel_stuck;2:async_error_kernel_stuck;3:,0,"r0,r1,r2",3,,,,,,,,,,,,,0,,,0,,0,,0,0-3;1-3;2-3,3,0-3=peer judged dead: the peer's socket shows FIN | 1-3=peer judged dead: the peer's socket shows FIN | 2-3=peer judged dead: the peer's socket shows FIN,,0,0,0,0,0-3-0=2;0-3-10=2;0-3-11=2;0-3-1=2;0-3-2=2;0-3-3=2;0-3-4=2;0-3-5=2;0-3-6=2;0-3-7=2;0-3-8=2;0-3-9=2;1-3-0=2;1-3-10=2;1-3-11=2;1-3-1=2;1-3-2=2;1-3-3=2;1-3-4=2;1-3-5=2;1-3-6=2;1-3-7=2;1-3-8=2;1-3-9=2;2-3-0=2;2-3-10=2;2-3-11=2;2-3-1=2;2-3-2=2;2-3-3=2;2-3-4=2;2-3-5=2;2-3-6=2;2-3-7=2;2-3-8=2;2-3-9=2,36,p3,0-3-0=6;0-3-10=6;0-3-11=6;0-3-1=6;0-3-2=6;0-3-3=6;0-3-4=6;0-3-5=6;0-3-6=6;0-3-7=6;0-3-8=6;0-3-9=6;1-3-0=6;1-3-10=6;1-3-11=6;1-3-1=6;1-3-2=6;1-3-3=6;1-3-4=6;1-3-5=6;1-3-6=6;1-3-7=6;1-3-8=6;1-3-9=6;2-3-0=6;2-3-10=6;2-3-11=6;2-3-1=6;2-3-2=6;2-3-3=6;2-3-4=6;2-3-5=6;2-3-6=6;2-3-7=6;2-3-8=6;2-3-9=6,36,p3,3,0:LOCAL_QP_ERR;2:LOCAL_QP_ERR,3,2682118523.565,1,,,6.784999847412109,,,2682118532.059,8.49399995803833,,,,,,,,0,,,,,,,,,6,0,0,0,,4,3,0-3;1-3;2-3,0,0-3=peer-dead;1-3=peer-dead;2-3=peer-dead,3,0,0,,0,0,0,4,0,0,,0,0,0,0,0,0,,4,0,0,0,0,,0,,0,,0,0,0,,0,0,0,,,,2682118523.98,,,,1,0,0,0,0,3,0,0,0,0,,0,,0,,,,,,,,,,,,,,,,,,,,,,,,,,,,,,,,,,,,,,,
rm4_kill3_untimed@hq,scored,n,mr_hq,rm4_kill3_untimed_n4,rm4_kill3_untimed,hq,n4,,,,,,,,,,,,,,,,,,,,,,,,,,,,,4,,,,,,,,1000,,,,,,,,0,,,,,,,,,,,,,,,,,,,,,,,,,,,,,,,,,,,,,,,,,,,,,,,,,,,,,,,,,,,,,,,,,,,,,,0,0,,,,,,,,,,,,,,,,,,,,,,,,,1,,,,,,,,,,,,,,,,,,,,,,,,,,,,,,,,,,,,,,,,,,,,,,,,,,,,,,,,,,,,,,,,2682187348.894,,,,,,2682187357.101,,,,,,,,,,,1551128217.327,,,,,,2682187354.5410004,,,,,,,,,,,,,,,,,,,,,,,,,,,,,,,,,,,,,,,,,,,,,,,,,,,,,,,,,,,,,,,,,,,,,,,,,,,,,,,,,,,,,,,,,,,,,,,,,,,,,,,,,,,,,,,,,,,,,,,,,,,,,,,,,,,,,,,,,,,,,,8.602999687194824,,,,,,,,,,,,,,,,,,,,,,,,,,,,,,,,,,,,,,,,,,,,,,,,,,,,,,,,,,,,,,,,,,,,,,,,,,,,,,,,,,,,,,,,,,,,,,,,,,,,,,,,,,,,,,,,,,,,,,,,,,,,,,,30727,1,none,none,0,none,,,,,,,,,,,,,,,,,,,,,,,,,,,,,,hq,hr,4,none,peer,"3,3,3,255",4,4,0,0,4,36,36,0,4,4,4,4,4,0,0,0,0,3,,,,,,,,,,,,,,,,,,,,,,,,,,,,,,,,,,,,,,,,,0>1;0>2;0>3;1>0;1>2;1>3;2>0;2>1;2>3;3>0;3>1;3>2,12,0,0>1;0>2;0>3;1>0;1>2;1>3;2>0;2>1;2>3;3>0;3>1;3>2,0:async_error_kernel_stuck;1:async_error_kernel_stuck;2:async_error_kernel_stuck;3:,0,"r0,r1,r2",3,,,,,,,,,,,,,0,,,0,,0,,0,0-3;1-3;2-3,3,0-3=peer judged dead: the peer's socket shows FIN | 1-3=peer judged dead: the peer's socket shows FIN | 2-3=peer judged dead: the peer's socket shows FIN,,0,0,0,0,0-3-0=2;0-3-10=2;0-3-11=2;0-3-1=2;0-3-2=2;0-3-3=2;0-3-4=2;0-3-5=2;0-3-6=2;0-3-7=2;0-3-8=2;0-3-9=2;1-3-0=2;1-3-10=2;1-3-11=2;1-3-1=2;1-3-2=2;1-3-3=2;1-3-4=2;1-3-5=2;1-3-6=2;1-3-7=2;1-3-8=2;1-3-9=2;2-3-0=2;2-3-10=2;2-3-11=2;2-3-1=2;2-3-2=2;2-3-3=2;2-3-4=2;2-3-5=2;2-3-6=2;2-3-7=2;2-3-8=2;2-3-9=2,36,p3,0-3-0=6;0-3-10=6;0-3-11=6;0-3-1=6;0-3-2=6;0-3-3=6;0-3-4=6;0-3-5=6;0-3-6=6;0-3-7=6;0-3-8=6;0-3-9=6;1-3-0=6;1-3-10=6;1-3-11=6;1-3-1=6;1-3-2=6;1-3-3=6;1-3-4=6;1-3-5=6;1-3-6=6;1-3-7=6;1-3-8=6;1-3-9=6;2-3-0=6;2-3-10=6;2-3-11=6;2-3-1=6;2-3-2=6;2-3-3=6;2-3-4=6;2-3-5=6;2-3-6=6;2-3-7=6;2-3-8=6;2-3-9=6,36,p3,3,0:LOCAL_QP_ERR;2:LOCAL_QP_ERR,3,2682187348.498,1,,,6.043000221252441,,,2682187357.103,8.605000019073486,,,,,,,,0,,,,,,,,,6,0,0,0,,4,3,0-3;1-3;2-3,0,0-3=peer-dead;1-3=peer-dead;2-3=peer-dead,3,0,0,,0,0,0,4,0,0,,0,0,0,0,0,0,,4,0,0,0,0,,0,,0,,0,0,0,,0,0,0,,,,2682187348.895,,,,1,0,0,0,0,3,0,0,0,0,,0,,0,,,,,,,,,,,,,,,,,,,,,,,,,,,,,,,,,,,,,,,
rm4_kill3_untimed@hq,scored,n,mr_hq,rm4_kill3_untimed_n5,rm4_kill3_untimed,hq,n5,,,,,,,,,,,,,,,,,,,,,,,,,,,,,5,,,,,,,,1000,,,,,,,,0,,,,,,,,,,,,,,,,,,,,,,,,,,,,,,,,,,,,,,,,,,,,,,,,,,,,,,,,,,,,,,,,,,,,,,0,0,,,,,,,,,,,,,,,,,,,,,,,,,1,,,,,,,,,,,,,,,,,,,,,,,,,,,,,,,,,,,,,,,,,,,,,,,,,,,,,,,,,,,,,,,,2682256175.88,,,,,,2682256183.963,,,,,,,,,,,1551197043.37,,,,,,2682256181.94,,,,,,,,,,,,,,,,,,,,,,,,,,,,,,,,,,,,,,,,,,,,,,,,,,,,,,,,,,,,,,,,,,,,,,,,,,,,,,,,,,,,,,,,,,,,,,,,,,,,,,,,,,,,,,,,,,,,,,,,,,,,,,,,,,,,,,,,,,,,,,8.634999752044678,,,,,,,,,,,,,,,,,,,,,,,,,,,,,,,,,,,,,,,,,,,,,,,,,,,,,,,,,,,,,,,,,,,,,,,,,,,,,,,,,,,,,,,,,,,,,,,,,,,,,,,,,,,,,,,,,,,,,,,,,,,,,,,29107,1,none,none,0,none,,,,,,,,,,,,,,,,,,,,,,,,,,,,,,hq,hr,4,none,peer,"3,3,3,255",4,4,0,0,4,36,36,0,4,4,4,4,4,0,0,0,0,3,,,,,,,,,,,,,,,,,,,,,,,,,,,,,,,,,,,,,,,,,0>1;0>2;0>3;1>0;1>2;1>3;2>0;2>1;2>3;3>0;3>1;3>2,12,0,0>1;0>2;0>3;1>0;1>2;1>3;2>0;2>1;2>3;3>0;3>1;3>2,0:async_error_kernel_stuck;1:async_error_kernel_stuck;2:async_error_kernel_stuck;3:,0,"r0,r1,r2",3,,,,,,,,,,,,,0,,,0,,0,,0,0-3;1-3;2-3,3,0-3=peer judged dead: the peer's socket shows FIN | 1-3=peer judged dead: the peer's socket shows FIN | 2-3=peer judged dead: the peer's socket shows FIN,,0,0,0,0,0-3-0=2;0-3-10=2;0-3-11=2;0-3-1=2;0-3-2=2;0-3-3=2;0-3-4=2;0-3-5=2;0-3-6=2;0-3-7=2;0-3-8=2;0-3-9=2;1-3-0=2;1-3-10=2;1-3-11=2;1-3-1=2;1-3-2=2;1-3-3=2;1-3-4=2;1-3-5=2;1-3-6=2;1-3-7=2;1-3-8=2;1-3-9=2;2-3-0=2;2-3-10=2;2-3-11=2;2-3-1=2;2-3-2=2;2-3-3=2;2-3-4=2;2-3-5=2;2-3-6=2;2-3-7=2;2-3-8=2;2-3-9=2,36,p3,0-3-0=6;0-3-10=6;0-3-11=6;0-3-1=6;0-3-2=6;0-3-3=6;0-3-4=6;0-3-5=6;0-3-6=6;0-3-7=6;0-3-8=6;0-3-9=6;1-3-0=6;1-3-10=6;1-3-11=6;1-3-1=6;1-3-2=6;1-3-3=6;1-3-4=6;1-3-5=6;1-3-6=6;1-3-7=6;1-3-8=6;1-3-9=6;2-3-0=6;2-3-10=6;2-3-11=6;2-3-1=6;2-3-2=6;2-3-3=6;2-3-4=6;2-3-5=6;2-3-6=6;2-3-7=6;2-3-8=6;2-3-9=6,36,p3,3,0:LOCAL_QP_ERR;1:LOCAL_QP_ERR;2:LOCAL_QP_ERR,3,2682256175.328,1,,,6.611999988555908,,,2682256184.324,8.995999813079834,,,,,,,,0,,,,,,,,,6,0,0,0,,4,3,0-3;1-3;2-3,0,0-3=peer-dead;1-3=peer-dead;2-3=peer-dead,3,0,0,,0,0,0,4,0,0,,0,0,0,0,0,0,,4,0,0,0,0,,0,,0,,0,0,0,,0,0,0,,,,2682256175.943,,,,1,0,0,0,0,3,0,0,0,0,,0,,0,,,,,,,,,,,,,,,,,,,,,,,,,,,,,,,,,,,,,,,
mr4_chain_stall@hr,scored,n,mr_hr,mr4_chain_stall_n1,mr4_chain_stall,hr,n1,,,,,,,,,,,,,,,,,,,,,,,,,,,,,1,,,,,,,,1000,,,,,,,,0,,,,,,,,,,,,,,,,,,,,,,,,,,,,,,,,,,,,,,,,,,,,,,,,,,,,,,,,,,,,,,,,,,,,,,0,1,,,,,,,,,,,,,,,,,,,,,,,,,0,,,,,,,,,,,,,,,,,,,,,,,,,,,,,,,,,,,,,,,,,,,,,,,,,,,,,,,,,,,,,,,,,,,,,,,,,,,,,,,,,,,,,,,,,,,,,,,,,,,,,,,,,,,,,,,,,,,,,,,,,,,,,,,,,,,,,,,,,,,,,,,,,,,,,,,,,,,,,,,,,,,,,,,,,,,,,,,,,,,,,,,,,,,,,,,,,,,,,,,,,,,,,,,,,,,,,,,,,,,,,,,,,,,,,,,,,,,,,,,,,,,,,,,,,,,,,,,,,,,,,,,,,,,,,,,,,,,,,,,,,,,,,,,,,,,,,,,,,,,,,,,,,,,,,,,,,,,,,,,,,,,,,,,,,,,,,,,,,,,,,,,,,,,,,,,,,,,,29578,1,none,none,0,none,,,,,,,,,,,,,,,,,,,,,,,,,,,,,,hr,hr,4,none,ctx,"0,0,0,0",4,4,0,0,4,36,36,0,4,4,4,4,4,0,0,0,0,0,13.12,667621.34,13.12,329660.45,22,329660.4,13.02,329676.67,22,329676.7,12.29,331806.72,,,11.26,309515.26,11.26,26295.3,20,26295.3,13.15,16.35,13.7,16.93,,,13.18,16.38,1,14.0,12.29,17.41,12.29,17.41,1,17.4,11.26,18.43,,,0>1;0>2;0>3;1>0;1>2;1>3;2>0;2>1;2>3;3>0;3>1;3>2,12,12,,0:ok;1:ok;2:ok;3:ok,4,,0,12.655,12.704999999999998,667621.34,0>1,667621.3,1>0,331806.7,2>1,16.9,3>2,18.4,0:0;1:4,2,1,0>1:12:peer;0>1:1:pair;1>2:1:pair,3,0-1;1-2,2,1-0;2-1,2,,0,,,0,1,0,0,0-1-0=2;0-1-10=2;0-1-11=2;0-1-1=2;0-1-2=2;0-1-3=2;0-1-4=2;0-1-5=2;0-1-6=2;0-1-7=2;0-1-8=2;0-1-9=2;1-0-0=2;1-0-10=2;1-0-11=2;1-0-1=2;1-0-2=2;1-0-3=2;1-0-4=2;1-0-5=2;1-0-6=2;1-0-7=2;1-0-8=2;1-0-9=2;1-2-4=2;2-1-4=2,26,"p0,p1,p2",0-2-0=6;0-3-0=6;1-3-4=6,3,"p2,p3",4,0:LOCAL_QP_ERR;1:LOCAL_QP_ERR,,,,2681799788.635,,,2681799806.033,,,,,,,,,,17.39799976348877,0,,323.17099952697754,666.7360000610352,306.554,344.666,-0.13000059127807617,,,,,,,0:300;1:300,4,0,,0,,0,0,0,,0,0,0,0,0,0,,0,0,0,0,0,0,,4,0,4,4,0,,0,1-0,1,,0,0,0,0,4,0,0,,,,,,,,0,,,,,,,,,,,,,,,20,21911.6,1,14.9,1,17.4,,,,,,,,,,,,,,,,,,,,,,,,,,,,,,,,
mr4_chain_stall@hr,scored,n,mr_hr,mr4_chain_stall_n2,mr4_chain_stall,hr,n2,,,,,,,,,,,,,,,,,,,,,,,,,,,,,2,,,,,,,,1000,,,,,,,,0,,,,,,,,,,,,,,,,,,,,,,,,,,,,,,,,,,,,,,,,,,,,,,,,,,,,,,,,,,,,,,,,,,,,,,0,1,,,,,,,,,,,,,,,,,,,,,,,,,0,,,,,,,,,,,,,,,,,,,,,,,,,,,,,,,,,,,,,,,,,,,,,,,,,,,,,,,,,,,,,,,,,,,,,,,,,,,,,,,,,,,,,,,,,,,,,,,,,,,,,,,,,,,,,,,,,,,,,,,,,,,,,,,,,,,,,,,,,,,,,,,,,,,,,,,,,,,,,,,,,,,,,,,,,,,,,,,,,,,,,,,,,,,,,,,,,,,,,,,,,,,,,,,,,,,,,,,,,,,,,,,,,,,,,,,,,,,,,,,,,,,,,,,,,,,,,,,,,,,,,,,,,,,,,,,,,,,,,,,,,,,,,,,,,,,,,,,,,,,,,,,,,,,,,,,,,,,,,,,,,,,,,,,,,,,,,,,,,,,,,,,,,,,,,,,,,,,,29060,1,none,none,0,none,,,,,,,,,,,,,,,,,,,,,,,,,,,,,,hr,hr,4,none,ctx,"0,0,0,0",4,4,0,0,4,36,36,0,4,4,4,4,4,0,0,0,0,0,12.86,654032.9,12.86,346761.25,21,346761.2,12.8,346761.25,21,346761.2,12.29,334196.74,,,12.29,307202.05,11.26,28641.28,20,28641.3,13.06,16.86,13.15,16.42,0,16.4,12.9,16.86,0,16.9,12.29,17.41,11.26,17.41,1,17.4,11.26,17.41,1,17.4,0>1;0>2;0>3;1>0;1>2;1>3;2>0;2>1;2>3;3>0;3>1;3>2,12,12,,0:ok;1:ok;2:ok;3:ok,4,,0,12.545,12.059999999999999,654032.9,0>1,654032.9,1>0,334196.7,2>0,16.9,3>0,17.4,0:0;1:4,2,1,0>1:12:peer;0>1:1:pair;1>2:1:pair,3,0-1;1-2,2,1-0;2-1,2,,0,,,0,1,0,0,0-1-0=2;0-1-10=2;0-1-11=2;0-1-1=2;0-1-2=2;0-1-3=2;0-1-4=2;0-1-5=2;0-1-6=2;0-1-7=2;0-1-8=2;0-1-9=2;1-0-0=2;1-0-10=2;1-0-11=2;1-0-1=2;1-0-2=2;1-0-3=2;1-0-4=2;1-0-5=2;1-0-6=2;1-0-7=2;1-0-8=2;1-0-9=2;1-2-4=2;2-1-4=2,26,"p0,p1,p2",0-2-0=6;0-3-0=6;1-3-4=6,3,"p2,p3",4,0:LOCAL_QP_ERR;1:LOCAL_QP_ERR,,,,2681820609.795,,,2681820608.909,,,,,,,,,,0.8860001564025879,0,,305.8670001029968,652.3489999771118,306.648,347.342,5.992000102996826,,,,,,,0:300;1:300,4,0,,0,,0,0,0,,0,0,0,0,0,0,,0,0,0,0,0,0,,4,0,4,4,0,,0,1-0,1,,0,0,0,0,4,0,0,,,,,,,,0,,,,,,,,,,,,,,,21,26191.9,,,,,,,,,,,,,,,,,,,,,,,,,,,,,,,,,,,,
mr4_chain_stall@hr,scored,n,mr_hr,mr4_chain_stall_n3,mr4_chain_stall,hr,n3,,,,,,,,,,,,,,,,,,,,,,,,,,,,,3,,,,,,,,1000,,,,,,,,0,,,,,,,,,,,,,,,,,,,,,,,,,,,,,,,,,,,,,,,,,,,,,,,,,,,,,,,,,,,,,,,,,,,,,,0,1,,,,,,,,,,,,,,,,,,,,,,,,,0,,,,,,,,,,,,,,,,,,,,,,,,,,,,,,,,,,,,,,,,,,,,,,,,,,,,,,,,,,,,,,,,,,,,,,,,,,,,,,,,,,,,,,,,,,,,,,,,,,,,,,,,,,,,,,,,,,,,,,,,,,,,,,,,,,,,,,,,,,,,,,,,,,,,,,,,,,,,,,,,,,,,,,,,,,,,,,,,,,,,,,,,,,,,,,,,,,,,,,,,,,,,,,,,,,,,,,,,,,,,,,,,,,,,,,,,,,,,,,,,,,,,,,,,,,,,,,,,,,,,,,,,,,,,,,,,,,,,,,,,,,,,,,,,,,,,,,,,,,,,,,,,,,,,,,,,,,,,,,,,,,,,,,,,,,,,,,,,,,,,,,,,,,,,,,,,,,,,29794,1,none,none,0,none,,,,,,,,,,,,,,,,,,,,,,,,,,,,,,hr,hr,4,none,ctx,"0,0,0,0",4,4,0,0,4,36,36,0,4,4,4,4,4,0,0,0,0,0,12.96,654041.12,12.9,346759.78,21,346759.8,12.64,346759.74,21,346759.7,12.29,334203.9,,,11.26,307566.59,11.26,28644.35,21,28644.4,13.09,17.66,13.12,16.51,1,16.5,13.02,18.3,,,12.29,17.41,11.26,17.41,1,17.4,11.26,17.41,1,17.4,0>1;0>2;0>3;1>0;1>2;1>3;2>0;2>1;2>3;3>0;3>1;3>2,12,12,,0:ok;1:ok;2:ok;3:ok,4,,0,12.465,12.08,654041.12,0>1,654041.1,1>0,334203.9,2>3,18.3,3>0,17.4,0:0;1:4,2,1,0>1:12:peer;0>1:1:pair;1>2:1:pair,3,0-1;1-2,2,1-0;2-1,2,,0,,,0,1,0,0,0-1-0=2;0-1-10=2;0-1-11=2;0-1-1=2;0-1-2=2;0-1-3=2;0-1-4=2;0-1-5=2;0-1-6=2;0-1-7=2;0-1-8=2;0-1-9=2;1-0-0=2;1-0-10=2;1-0-11=2;1-0-1=2;1-0-2=2;1-0-3=2;1-0-4=2;1-0-5=2;1-0-6=2;1-0-7=2;1-0-8=2;1-0-9=2;1-2-4=2;2-1-4=2,26,"p0,p1,p2",0-2-0=6;0-3-0=6;1-3-4=6,3,"p2,p3",4,0:LOCAL_QP_ERR;1:LOCAL_QP_ERR,,,,2681841461.305,,,2681841460.0439997,,,,,,,,,,1.261000156402588,0,,305.7590003013611,652.0390005111694,306.534,346.542,10.687999725341797,,,,,,,0:300;1:300,4,0,,0,,0,0,0,,0,0,0,0,0,0,,0,0,0,0,0,0,,4,0,4,4,0,,0,1-0,1,,0,0,0,0,4,0,0,,,,,,,,0,,,,,,,,,,,,,,,21,26194.9,1,17.7,,,,,,,,,,,,,,,,,,,,,,,,,,,,,,,,,,
mr4_chain_stall@hr,scored,n,mr_hr,mr4_chain_stall_n4,mr4_chain_stall,hr,n4,,,,,,,,,,,,,,,,,,,,,,,,,,,,,4,,,,,,,,1000,,,,,,,,0,,,,,,,,,,,,,,,,,,,,,,,,,,,,,,,,,,,,,,,,,,,,,,,,,,,,,,,,,,,,,,,,,,,,,,0,1,,,,,,,,,,,,,,,,,,,,,,,,,0,,,,,,,,,,,,,,,,,,,,,,,,,,,,,,,,,,,,,,,,,,,,,,,,,,,,,,,,,,,,,,,,,,,,,,,,,,,,,,,,,,,,,,,,,,,,,,,,,,,,,,,,,,,,,,,,,,,,,,,,,,,,,,,,,,,,,,,,,,,,,,,,,,,,,,,,,,,,,,,,,,,,,,,,,,,,,,,,,,,,,,,,,,,,,,,,,,,,,,,,,,,,,,,,,,,,,,,,,,,,,,,,,,,,,,,,,,,,,,,,,,,,,,,,,,,,,,,,,,,,,,,,,,,,,,,,,,,,,,,,,,,,,,,,,,,,,,,,,,,,,,,,,,,,,,,,,,,,,,,,,,,,,,,,,,,,,,,,,,,,,,,,,,,,,,,,,,,,30403,1,none,none,0,none,,,,,,,,,,,,,,,,,,,,,,,,,,,,,,hr,hr,4,none,ctx,"0,0,0,0",4,4,0,0,4,36,36,0,4,4,4,4,4,0,0,0,0,0,13.12,669014.69,13.12,331014.11,22,331014.1,13.02,331028.48,21,331028.5,12.29,336101.38,,,12.29,312316.93,11.26,30561.28,21,30561.3,13.82,16.38,14.37,16.96,,,13.7,16.42,0,14.4,12.29,18.43,12.29,18.43,1,18.4,11.26,17.41,1,17.4,0>1;0>2;0>3;1>0;1>2;1>3;2>0;2>1;2>3;3>0;3>1;3>2,12,12,,0:ok;1:ok;2:ok;3:ok,4,,0,12.655,12.704999999999998,669014.69,0>1,669014.7,1>0,336101.4,2>1,17.0,3>0,18.4,0:0;1:4,2,1,0>1:12:peer;0>1:1:pair;1>2:1:pair,3,0-1;1-2,2,1-0;2-1,2,,0,,,0,1,0,0,0-1-0=2;0-1-10=2;0-1-11=2;0-1-1=2;0-1-2=2;0-1-3=2;0-1-4=2;0-1-5=2;0-1-6=2;0-1-7=2;0-1-8=2;0-1-9=2;1-0-0=2;1-0-10=2;1-0-11=2;1-0-1=2;1-0-2=2;1-0-3=2;1-0-4=2;1-0-5=2;1-0-6=2;1-0-7=2;1-0-8=2;1-0-9=2;1-2-4=2;2-1-4=2,26,"p0,p1,p2",0-2-0=6;0-3-0=6;1-3-4=6,3,"p2,p3",4,0:LOCAL_QP_ERR;1:LOCAL_QP_ERR,,,,2681862227.172,,,2681862244.1470003,,,,,,,,,,16.975000381469727,0,,322.9440002441406,668.1459999084473,306.755,346.35,-0.44499969482421875,,,,,,,0:300;1:300,4,0,,0,,0,0,0,,0,0,0,0,0,0,,0,0,0,0,0,0,,4,0,4,4,0,,0,1-0,1,,0,0,0,0,4,0,0,,,,,,,,0,,,,,,,,,,,,,,,21,24280.1,1,15.1,,,,,,,,,,,,,,,,,,,,,,,,,,,,,,,,,,
mr4_chain_stall@hr,scored,n,mr_hr,mr4_chain_stall_n5,mr4_chain_stall,hr,n5,,,,,,,,,,,,,,,,,,,,,,,,,,,,,5,,,,,,,,1000,,,,,,,,0,,,,,,,,,,,,,,,,,,,,,,,,,,,,,,,,,,,,,,,,,,,,,,,,,,,,,,,,,,,,,,,,,,,,,,0,1,,,,,,,,,,,,,,,,,,,,,,,,,0,,,,,,,,,,,,,,,,,,,,,,,,,,,,,,,,,,,,,,,,,,,,,,,,,,,,,,,,,,,,,,,,,,,,,,,,,,,,,,,,,,,,,,,,,,,,,,,,,,,,,,,,,,,,,,,,,,,,,,,,,,,,,,,,,,,,,,,,,,,,,,,,,,,,,,,,,,,,,,,,,,,,,,,,,,,,,,,,,,,,,,,,,,,,,,,,,,,,,,,,,,,,,,,,,,,,,,,,,,,,,,,,,,,,,,,,,,,,,,,,,,,,,,,,,,,,,,,,,,,,,,,,,,,,,,,,,,,,,,,,,,,,,,,,,,,,,,,,,,,,,,,,,,,,,,,,,,,,,,,,,,,,,,,,,,,,,,,,,,,,,,,,,,,,,,,,,,,,30588,1,none,none,0,none,,,,,,,,,,,,,,,,,,,,,,,,,,,,,,hr,hr,4,none,ctx,"0,0,0,0",4,4,0,0,4,36,36,0,4,4,4,4,4,0,0,0,0,0,13.12,654123.04,13.12,346768.7,21,346768.7,13.15,346768.61,21,346768.6,12.29,335204.35,,,12.29,309939.2,11.26,29679.62,19,29679.6,13.12,17.63,13.15,16.42,1,16.4,13.12,16.42,1,16.4,12.29,17.41,12.29,17.41,1,17.4,11.26,17.41,1,17.4,0>1;0>2;0>3;1>0;1>2;1>3;2>0;2>1;2>3;3>0;3>1;3>2,12,12,,0:ok;1:ok;2:ok;3:ok,4,,0,12.704999999999998,12.704999999999998,654123.04,0>1,654123.0,1>0,335204.4,2>0,17.6,3>0,17.4,0:0;1:4,2,1,0>1:12:peer;0>1:1:pair;1>2:1:pair,3,0-1;1-2,2,1-0;2-1,2,,0,,,0,1,0,0,0-1-0=2;0-1-10=2;0-1-11=2;0-1-1=2;0-1-2=2;0-1-3=2;0-1-4=2;0-1-5=2;0-1-6=2;0-1-7=2;0-1-8=2;0-1-9=2;1-0-0=2;1-0-10=2;1-0-11=2;1-0-1=2;1-0-2=2;1-0-3=2;1-0-4=2;1-0-5=2;1-0-6=2;1-0-7=2;1-0-8=2;1-0-9=2;1-2-4=2;2-1-4=2,26,"p0,p1,p2",0-2-0=6;0-3-0=6;1-3-4=6,3,"p2,p3",4,0:LOCAL_QP_ERR;1:LOCAL_QP_ERR,,,,2681883066.968,,,2681883064.5220003,,,,,,,,,,2.4459996223449707,0,,306.3309998512268,653.96399974823,307.139,347.151,13.724999904632568,,,,,,,0:300;1:300,4,0,,0,,0,0,0,,0,0,0,0,0,0,,0,0,0,0,0,0,,4,0,4,4,0,,0,1-0,1,,0,0,0,0,4,0,0,,,,,,,,0,,,,,,,,,,,,,,,20,25295.9,,,,,,,,,,,,,,,,,,,,,,,,,,,,,,,,,,,,
mr4_cyc_stall@hr,scored,n,mr_hr,mr4_cyc_stall_n1,mr4_cyc_stall,hr,n1,,,,,,,,,,,,,,,,,,,,,,,,,,,,,1,,,,,,,,1000,,,,,,,,0,,,,,,,,,,,,,,,,,,,,,,,,,,,,,,,,,,,,,,,,,,,,,,,,,,,,,,,,,,,,,,,,,,,,,,0,1,,,,,,,,,,,,,,,,,,,,,,,,,0,,,,,,,,,,,,,,,,,,,,,,,,,,,,,,,,,,,,,,,,,,,,,,,,,,,,,,,,,,,,,,,,,,,,,,,,,,,,,,,,,,,,,,,,,,,,,,,,,,,,,,,,,,,,,,,,,,,,,,,,,,,,,,,,,,,,,,,,,,,,,,,,,,,,,,,,,,,,,,,,,,,,,,,,,,,,,,,,,,,,,,,,,,,,,,,,,,,,,,,,,,,,,,,,,,,,,,,,,,,,,,,,,,,,,,,,,,,,,,,,,,,,,,,,,,,,,,,,,,,,,,,,,,,,,,,,,,,,,,,,,,,,,,,,,,,,,,,,,,,,,,,,,,,,,,,,,,,,,,,,,,,,,,,,,,,,,,,,,,,,,,,,,,,,,,,,,,,,29017,1,none,none,0,none,,,,,,,,,,,,,,,,,,,,,,,,,,,,,,hr,hr,4,none,ctx,"0,0,0,0",4,4,0,0,4,36,36,0,4,4,4,4,4,0,0,0,0,0,13.12,671867.49,13.09,385757.82,21,385757.8,12.9,349695.84,20,349695.8,12.29,357742.59,22,357742.6,12.29,678682.62,11.26,357742.59,22,357742.6,13.5,695921.47,13.76,373028.93,22,373028.9,13.28,373028.93,22,373028.9,12.29,17.41,11.26,17.41,1,17.4,11.26,16.38,1,16.4,0>1;0>2;0>3;1>0;1>2;1>3;2>0;2>1;2>3;3>0;3>1;3>2,12,12,,0:ok;1:ok;2:ok;3:ok,4,,0,12.594999999999999,12.175,695921.47,0>1,671867.5,1>2,678682.6,2>0,695921.5,3>0,17.4,0:0;1:4;2:6,3,1,0>1:12:peer;0>1:1:pair;1>2:12:peer;1>2:1:pair;2>0:12:peer;2>0:1:pair,6,0-1;1-2;2-0,3,0-2;1-0;2-1,3,,0,,,0,3,0,0,0-1-0=2;0-1-10=2;0-1-11=2;0-1-1=2;0-1-2=2;0-1-3=2;0-1-4=2;0-1-5=2;0-1-6=2;0-1-7=2;0-1-8=2;0-1-9=2;0-2-0=2;0-2-10=2;0-2-11=2;0-2-1=2;0-2-2=2;0-2-3=2;0-2-4=2;0-2-5=2;0-2-6=2;0-2-7=2;0-2-8=2;0-2-9=2;1-0-0=2;1-0-10=2;1-0-11=2;1-0-1=2;1-0-2=2;1-0-3=2;1-0-4=2;1-0-5=2;1-0-6=2;1-0-7=2;1-0-8=2;1-0-9=2;1-2-0=2;1-2-10=2;1-2-11=2;1-2-1=2;1-2-2=2;1-2-3=2;1-2-4=2;1-2-5=2;1-2-6=2;1-2-7=2;1-2-8=2;1-2-9=2;2-0-0=2;2-0-10=2;2-0-11=2;2-0-1=2;2-0-2=2;2-0-3=2;2-0-4=2;2-0-5=2;2-0-6=2;2-0-7=2;2-0-8=2;2-0-9=2;2-1-0=2;2-1-10=2;2-1-11=2;2-1-1=2;2-1-2=2;2-1-3=2;2-1-4=2;2-1-5=2;2-1-6=2;2-1-7=2;2-1-8=2;2-1-9=2,72,"p0,p1,p2",0-3-0=6;1-3-4=6;2-3-6=6,3,p3,4,0:LOCAL_QP_ERR;1:LOCAL_QP_ERR;2:LOCAL_QP_ERR,,,,2681413989.926,,,2681414002.952,,,,2681414004.845,,,,,,14.918999671936035,0,,670.2599997520447,706.33899974823,352.882,387.528,-0.11500024795532227,,,,,,,0:300;1:300;2:300,4,0,,0,,0,0,0,,0,1,1,0,0,0,,0,0,0,0,0,0,,4,0,4,4,0,1-0;2-1,2,1-0;1-0;2-1;2-1,4,0-2,1,1,0,0,4,0,0,,,,,,,,0,,,,,,,,,,,,,,,,,,,,,,,,,,,,,,,,,,,,,,,,,,,,,,,,,,,,
mr4_cyc_stall@hr,scored,n,mr_hr,mr4_cyc_stall_n2,mr4_cyc_stall,hr,n2,,,,,,,,,,,,,,,,,,,,,,,,,,,,,2,,,,,,,,1000,,,,,,,,0,,,,,,,,,,,,,,,,,,,,,,,,,,,,,,,,,,,,,,,,,,,,,,,,,,,,,,,,,,,,,,,,,,,,,,0,1,,,,,,,,,,,,,,,,,,,,,,,,,0,,,,,,,,,,,,,,,,,,,,,,,,,,,,,,,,,,,,,,,,,,,,,,,,,,,,,,,,,,,,,,,,,,,,,,,,,,,,,,,,,,,,,,,,,,,,,,,,,,,,,,,,,,,,,,,,,,,,,,,,,,,,,,,,,,,,,,,,,,,,,,,,,,,,,,,,,,,,,,,,,,,,,,,,,,,,,,,,,,,,,,,,,,,,,,,,,,,,,,,,,,,,,,,,,,,,,,,,,,,,,,,,,,,,,,,,,,,,,,,,,,,,,,,,,,,,,,,,,,,,,,,,,,,,,,,,,,,,,,,,,,,,,,,,,,,,,,,,,,,,,,,,,,,,,,,,,,,,,,,,,,,,,,,,,,,,,,,,,,,,,,,,,,,,,,,,,,,,30563,1,none,none,0,none,,,,,,,,,,,,,,,,,,,,,,,,,,,,,,hr,hr,4,none,ctx,"0,0,0,0",4,4,0,0,4,36,36,0,4,4,4,4,4,0,0,0,0,0,12.99,677302.37,13.02,377420.19,22,377420.2,12.9,339444.0,22,339444.0,12.29,357798.91,22,357798.9,11.26,678804.48,11.26,357798.91,21,357798.9,12.96,702055.23,13.12,379195.39,21,379195.4,12.93,379209.57,21,379209.6,12.29,18.43,11.26,18.43,1,18.4,11.26,18.43,1,18.4,0>1;0>2;0>3;1>0;1>2;1>3;2>0;2>1;2>3;3>0;3>1;3>2,12,12,,0:ok;1:ok;2:ok;3:ok,4,,0,12.594999999999999,12.11,702055.23,0>1,677302.4,1>2,678804.5,2>0,702055.2,3>0,18.4,0:0;1:4;2:6,3,1,0>1:12:peer;0>1:1:pair;1>2:12:peer;1>2:1:pair;2>0:12:peer;2>0:1:pair,6,0-1;1-2;2-0,3,0-2;1-0;2-1,3,,0,,,0,3,0,0,0-1-0=2;0-1-10=2;0-1-11=2;0-1-1=2;0-1-2=2;0-1-3=2;0-1-4=2;0-1-5=2;0-1-6=2;0-1-7=2;0-1-8=2;0-1-9=2;0-2-0=2;0-2-10=2;0-2-11=2;0-2-1=2;0-2-2=2;0-2-3=2;0-2-4=2;0-2-5=2;0-2-6=2;0-2-7=2;0-2-8=2;0-2-9=2;1-0-0=2;1-0-10=2;1-0-11=2;1-0-1=2;1-0-2=2;1-0-3=2;1-0-4=2;1-0-5=2;1-0-6=2;1-0-7=2;1-0-8=2;1-0-9=2;1-2-0=2;1-2-10=2;1-2-11=2;1-2-1=2;1-2-2=2;1-2-3=2;1-2-4=2;1-2-5=2;1-2-6=2;1-2-7=2;1-2-8=2;1-2-9=2;2-0-0=2;2-0-10=2;2-0-11=2;2-0-1=2;2-0-2=2;2-0-3=2;2-0-4=2;2-0-5=2;2-0-6=2;2-0-7=2;2-0-8=2;2-0-9=2;2-1-0=2;2-1-10=2;2-1-11=2;2-1-1=2;2-1-2=2;2-1-3=2;2-1-4=2;2-1-5=2;2-1-6=2;2-1-7=2;2-1-8=2;2-1-9=2,72,"p0,p1,p2",0-3-0=6;1-3-4=6;2-3-6=6,3,p3,4,0:LOCAL_QP_ERR;1:LOCAL_QP_ERR;2:LOCAL_QP_ERR,,,,2681434828.025,,,2681434845.009,,,,2681434842.957,,,,,,16.983999729156494,0,,676.268000125885,714.0729999542236,354.274,391.737,0.09499979019165039,,,,,,,0:300;1:300;2:300,4,0,,0,,0,0,0,,0,1,1,0,0,0,,0,0,0,0,0,0,,4,0,4,4,0,1-0;2-1,2,1-0;1-0;2-1;2-1,4,0-2;0-2,2,2,0,0,4,0,0,,,,,,,,0,,,,,,,,,,,,,,,,,,,,,,,,,,,,,,,,,,,,,,,,,,,,,,,,,,,,
mr4_cyc_stall@hr,scored,n,mr_hr,mr4_cyc_stall_n3,mr4_cyc_stall,hr,n3,,,,,,,,,,,,,,,,,,,,,,,,,,,,,3,,,,,,,,1000,,,,,,,,0,,,,,,,,,,,,,,,,,,,,,,,,,,,,,,,,,,,,,,,,,,,,,,,,,,,,,,,,,,,,,,,,,,,,,,0,1,,,,,,,,,,,,,,,,,,,,,,,,,0,,,,,,,,,,,,,,,,,,,,,,,,,,,,,,,,,,,,,,,,,,,,,,,,,,,,,,,,,,,,,,,,,,,,,,,,,,,,,,,,,,,,,,,,,,,,,,,,,,,,,,,,,,,,,,,,,,,,,,,,,,,,,,,,,,,,,,,,,,,,,,,,,,,,,,,,,,,,,,,,,,,,,,,,,,,,,,,,,,,,,,,,,,,,,,,,,,,,,,,,,,,,,,,,,,,,,,,,,,,,,,,,,,,,,,,,,,,,,,,,,,,,,,,,,,,,,,,,,,,,,,,,,,,,,,,,,,,,,,,,,,,,,,,,,,,,,,,,,,,,,,,,,,,,,,,,,,,,,,,,,,,,,,,,,,,,,,,,,,,,,,,,,,,,,,,,,,,,30792,1,none,none,0,none,,,,,,,,,,,,,,,,,,,,,,,,,,,,,,hr,hr,4,none,ctx,"0,0,0,0",4,4,0,0,4,36,36,0,4,4,4,4,4,0,0,0,0,0,12.93,967983.07,12.93,337914.11,42,337914.1,12.86,337914.11,41,337914.1,12.29,336075.78,22,336075.8,12.29,657146.88,11.26,336075.78,21,336075.8,12.93,1007480.67,13.12,334282.75,23,334282.8,12.9,333529.95,42,333530.0,12.29,17.41,11.26,17.41,1,17.4,11.26,17.41,1,17.4,0>1;0>2;0>3;1>0;1>2;1>3;2>0;2>1;2>3;3>0;3>1;3>2,12,12,,0:ok;1:ok;2:ok;3:ok,4,,0,12.575,12.094999999999999,1007480.67,0>1,967983.1,1>2,657146.9,2>0,1007480.7,3>0,17.4,0:0;1:4;2:6,3,1,0>1:12:peer;0>1:1:pair;1>2:12:peer;1>2:1:pair;2>0:12:peer;2>0:1:pair,6,0-1;1-2;2-0,3,0-2;1-0;2-1,3,,0,,,0,3,0,0,0-1-0=2;0-1-10=2;0-1-11=2;0-1-1=2;0-1-2=2;0-1-3=2;0-1-4=2;0-1-5=2;0-1-6=2;0-1-7=2;0-1-8=2;0-1-9=2;0-2-0=2;0-2-10=2;0-2-11=2;0-2-1=2;0-2-2=2;0-2-3=2;0-2-4=2;0-2-5=2;0-2-6=2;0-2-7=2;0-2-8=2;0-2-9=2;1-0-0=2;1-0-10=2;1-0-11=2;1-0-1=2;1-0-2=2;1-0-3=2;1-0-4=2;1-0-5=2;1-0-6=2;1-0-7=2;1-0-8=2;1-0-9=2;1-2-0=2;1-2-10=2;1-2-11=2;1-2-1=2;1-2-2=2;1-2-3=2;1-2-4=2;1-2-5=2;1-2-6=2;1-2-7=2;1-2-8=2;1-2-9=2;2-0-0=2;2-0-10=2;2-0-11=2;2-0-1=2;2-0-2=2;2-0-3=2;2-0-4=2;2-0-5=2;2-0-6=2;2-0-7=2;2-0-8=2;2-0-9=2;2-1-0=2;2-1-10=2;2-1-11=2;2-1-1=2;2-1-2=2;2-1-3=2;2-1-4=2;2-1-5=2;2-1-6=2;2-1-7=2;2-1-8=2;2-1-9=2,72,"p0,p1,p2",0-3-0=6;1-3-4=6;2-3-6=6,3,p3,4,0:LOCAL_QP_ERR;1:LOCAL_QP_ERR;2:LOCAL_QP_ERR,,,,2681491019.668,,,2681491017.13,,,,2681491017.3,,,,,,2.5380001068115234,0,,653.0620002746582,1002.8489999771118,347.694,349.497,16.382999897003174,,,,,,,0:300;1:300;2:300,4,0,,0,,0,0,0,,0,1,1,0,0,0,,0,0,0,0,0,0,,4,0,4,4,0,2-1,1,1-0;2-1;2-1,3,0-2,1,1,0,0,4,0,0,,,,,,,,0,,,,,,,,,,,,,,,,,,,,,,,,,,,,,,,,,,,,,,,,,,,,,,,,,,,,
mr4_cyc_stall@hr,scored,n,mr_hr,mr4_cyc_stall_n4,mr4_cyc_stall,hr,n4,,,,,,,,,,,,,,,,,,,,,,,,,,,,,4,,,,,,,,1000,,,,,,,,0,,,,,,,,,,,,,,,,,,,,,,,,,,,,,,,,,,,,,,,,,,,,,,,,,,,,,,,,,,,,,,,,,,,,,,0,1,,,,,,,,,,,,,,,,,,,,,,,,,0,,,,,,,,,,,,,,,,,,,,,,,,,,,,,,,,,,,,,,,,,,,,,,,,,,,,,,,,,,,,,,,,,,,,,,,,,,,,,,,,,,,,,,,,,,,,,,,,,,,,,,,,,,,,,,,,,,,,,,,,,,,,,,,,,,,,,,,,,,,,,,,,,,,,,,,,,,,,,,,,,,,,,,,,,,,,,,,,,,,,,,,,,,,,,,,,,,,,,,,,,,,,,,,,,,,,,,,,,,,,,,,,,,,,,,,,,,,,,,,,,,,,,,,,,,,,,,,,,,,,,,,,,,,,,,,,,,,,,,,,,,,,,,,,,,,,,,,,,,,,,,,,,,,,,,,,,,,,,,,,,,,,,,,,,,,,,,,,,,,,,,,,,,,,,,,,,,,,30785,1,none,none,0,none,,,,,,,,,,,,,,,,,,,,,,,,,,,,,,hr,hr,4,none,ctx,"0,0,0,0",4,4,0,0,4,36,36,0,4,4,4,4,4,0,0,0,0,0,13.09,662608.03,13.06,376570.3,21,376570.3,12.86,340407.04,22,340407.0,12.29,356043.78,22,356043.8,12.29,676668.42,11.26,356090.88,21,356090.9,12.83,702103.55,13.06,379899.9,22,379899.9,12.83,379900.77,22,379900.8,12.29,17.41,11.26,17.41,1,17.4,11.26,17.41,1,17.4,0>1;0>2;0>3;1>0;1>2;1>3;2>0;2>1;2>3;3>0;3>1;3>2,12,12,,0:ok;1:ok;2:ok;3:ok,4,,0,12.559999999999999,12.045,702103.55,0>1,662608.0,1>2,676668.4,2>0,702103.6,3>0,17.4,0:0;1:4;2:6,3,1,0>1:12:peer;0>1:1:pair;1>2:12:peer;1>2:1:pair;2>0:12:peer;2>0:1:pair,6,0-1;1-2;2-0,3,0-2;1-0;2-1,3,,0,,,0,3,0,0,0-1-0=2;0-1-10=2;0-1-11=2;0-1-1=2;0-1-2=2;0-1-3=2;0-1-4=2;0-1-5=2;0-1-6=2;0-1-7=2;0-1-8=2;0-1-9=2;0-2-0=2;0-2-10=2;0-2-11=2;0-2-1=2;0-2-2=2;0-2-3=2;0-2-4=2;0-2-5=2;0-2-6=2;0-2-7=2;0-2-8=2;0-2-9=2;1-0-0=2;1-0-10=2;1-0-11=2;1-0-1=2;1-0-2=2;1-0-3=2;1-0-4=2;1-0-5=2;1-0-6=2;1-0-7=2;1-0-8=2;1-0-9=2;1-2-0=2;1-2-10=2;1-2-11=2;1-2-1=2;1-2-2=2;1-2-3=2;1-2-4=2;1-2-5=2;1-2-6=2;1-2-7=2;1-2-8=2;1-2-9=2;2-0-0=2;2-0-10=2;2-0-11=2;2-0-1=2;2-0-2=2;2-0-3=2;2-0-4=2;2-0-5=2;2-0-6=2;2-0-7=2;2-0-8=2;2-0-9=2;2-1-0=2;2-1-10=2;2-1-11=2;2-1-1=2;2-1-2=2;2-1-3=2;2-1-4=2;2-1-5=2;2-1-6=2;2-1-7=2;2-1-8=2;2-1-9=2,72,"p0,p1,p2",0-3-0=6;1-3-4=6;2-3-6=6,3,p3,4,0:LOCAL_QP_ERR;1:LOCAL_QP_ERR;2:LOCAL_QP_ERR,,,,2681512360.814,,,2681512361.29,,,,2681512358.753,,,,,,2.5370001792907715,0,,662.2170000076294,699.2720003128052,354.47,391.177,5.656000137329102,,,,,,,0:300;1:300;2:300,4,0,,0,,0,0,0,,0,1,1,0,0,0,,0,0,0,0,0,0,,4,0,4,4,0,1-0;2-1,2,1-0;1-0;2-1;2-1,4,0-2;0-2,2,2,0,0,4,0,0,,,,,,,,0,,,,,,,,,,,,,,,,,,,,,,,,,,,,,,,,,,,,,,,,,,,,,,,,,,,,
mr4_cyc_stall@hr,scored,n,mr_hr,mr4_cyc_stall_n5,mr4_cyc_stall,hr,n5,,,,,,,,,,,,,,,,,,,,,,,,,,,,,5,,,,,,,,1000,,,,,,,,0,,,,,,,,,,,,,,,,,,,,,,,,,,,,,,,,,,,,,,,,,,,,,,,,,,,,,,,,,,,,,,,,,,,,,,0,1,,,,,,,,,,,,,,,,,,,,,,,,,0,,,,,,,,,,,,,,,,,,,,,,,,,,,,,,,,,,,,,,,,,,,,,,,,,,,,,,,,,,,,,,,,,,,,,,,,,,,,,,,,,,,,,,,,,,,,,,,,,,,,,,,,,,,,,,,,,,,,,,,,,,,,,,,,,,,,,,,,,,,,,,,,,,,,,,,,,,,,,,,,,,,,,,,,,,,,,,,,,,,,,,,,,,,,,,,,,,,,,,,,,,,,,,,,,,,,,,,,,,,,,,,,,,,,,,,,,,,,,,,,,,,,,,,,,,,,,,,,,,,,,,,,,,,,,,,,,,,,,,,,,,,,,,,,,,,,,,,,,,,,,,,,,,,,,,,,,,,,,,,,,,,,,,,,,,,,,,,,,,,,,,,,,,,,,,,,,,,,30851,1,none,none,0,none,,,,,,,,,,,,,,,,,,,,,,,,,,,,,,hr,hr,4,none,ctx,"0,0,0,0",4,4,0,0,4,36,36,0,4,4,4,4,4,0,0,0,0,0,13.12,675915.78,13.12,374409.34,22,374409.3,13.12,337953.18,23,337953.2,12.29,357923.84,22,357923.8,12.29,679008.26,11.26,357923.84,21,357923.8,13.18,711029.41,13.92,388774.18,22,388774.2,13.25,388774.72,22,388774.7,12.29,17.41,11.26,17.41,1,17.4,11.26,17.41,1,17.4,0>1;0>2;0>3;1>0;1>2;1>3;2>0;2>1;2>3;3>0;3>1;3>2,12,12,,0:ok;1:ok;2:ok;3:ok,4,,0,12.704999999999998,12.19,711029.41,0>1,675915.8,1>2,679008.3,2>0,711029.4,3>0,17.4,0:0;1:4;2:6,3,1,0>1:12:peer;0>1:1:pair;1>2:12:peer;1>2:1:pair;2>0:12:peer;2>0:1:pair,6,0-1;1-2;2-0,3,0-2;1-0;2-1,3,,0,,,0,3,0,0,0-1-0=2;0-1-10=2;0-1-11=2;0-1-1=2;0-1-2=2;0-1-3=2;0-1-4=2;0-1-5=2;0-1-6=2;0-1-7=2;0-1-8=2;0-1-9=2;0-2-0=2;0-2-10=2;0-2-11=2;0-2-1=2;0-2-2=2;0-2-3=2;0-2-4=2;0-2-5=2;0-2-6=2;0-2-7=2;0-2-8=2;0-2-9=2;1-0-0=2;1-0-10=2;1-0-11=2;1-0-1=2;1-0-2=2;1-0-3=2;1-0-4=2;1-0-5=2;1-0-6=2;1-0-7=2;1-0-8=2;1-0-9=2;1-2-0=2;1-2-10=2;1-2-11=2;1-2-1=2;1-2-2=2;1-2-3=2;1-2-4=2;1-2-5=2;1-2-6=2;1-2-7=2;1-2-8=2;1-2-9=2;2-0-0=2;2-0-10=2;2-0-11=2;2-0-1=2;2-0-2=2;2-0-3=2;2-0-4=2;2-0-5=2;2-0-6=2;2-0-7=2;2-0-8=2;2-0-9=2;2-1-0=2;2-1-10=2;2-1-11=2;2-1-1=2;2-1-2=2;2-1-3=2;2-1-4=2;2-1-5=2;2-1-6=2;2-1-7=2;2-1-8=2;2-1-9=2,72,"p0,p1,p2",0-3-0=6;1-3-4=6;2-3-6=6,3,p3,4,0:LOCAL_QP_ERR;1:LOCAL_QP_ERR;2:LOCAL_QP_ERR,,,,2681568585.387,,,2681568601.6029997,,,,2681568588.137,,,,,,16.215999603271484,0,,673.9779996871948,710.8540000915527,352.595,389.133,0.41500043869018555,,,,,,,0:300;1:300;2:300,4,0,,0,,0,0,0,,0,1,1,0,0,0,,0,0,0,0,0,0,,4,0,4,4,0,1-0;2-1,2,1-0;1-0;2-1;2-1,4,0-2;0-2,2,2,0,0,4,0,0,,,,,,,,0,,,,,,,,,,,,,,,,,,,,,,,,,,,,,,,,,,,,,,,,,,,,,,,,,,,,
mr4_cyc_stall@hr,scored,n,mr_hr,mr4_cyc_stall_n6,mr4_cyc_stall,hr,n6,,,,,,,,,,,,,,,,,,,,,,,,,,,,,6,,,,,,,,1000,,,,,,,,0,,,,,,,,,,,,,,,,,,,,,,,,,,,,,,,,,,,,,,,,,,,,,,,,,,,,,,,,,,,,,,,,,,,,,,0,1,,,,,,,,,,,,,,,,,,,,,,,,,0,,,,,,,,,,,,,,,,,,,,,,,,,,,,,,,,,,,,,,,,,,,,,,,,,,,,,,,,,,,,,,,,,,,,,,,,,,,,,,,,,,,,,,,,,,,,,,,,,,,,,,,,,,,,,,,,,,,,,,,,,,,,,,,,,,,,,,,,,,,,,,,,,,,,,,,,,,,,,,,,,,,,,,,,,,,,,,,,,,,,,,,,,,,,,,,,,,,,,,,,,,,,,,,,,,,,,,,,,,,,,,,,,,,,,,,,,,,,,,,,,,,,,,,,,,,,,,,,,,,,,,,,,,,,,,,,,,,,,,,,,,,,,,,,,,,,,,,,,,,,,,,,,,,,,,,,,,,,,,,,,,,,,,,,,,,,,,,,,,,,,,,,,,,,,,,,,,,,30534,1,none,none,0,none,,,,,,,,,,,,,,,,,,,,,,,,,,,,,,hr,hr,4,none,ctx,"0,0,0,0",4,4,0,0,4,36,36,0,4,4,4,4,4,0,0,0,0,0,13.06,658505.7,12.96,351198.88,21,351198.9,12.67,351198.78,21,351198.8,11.26,353651.71,22,353651.7,11.26,676483.07,11.26,355951.62,22,355951.6,12.99,693624.83,13.02,386317.7,21,386317.7,12.93,386317.6,21,386317.6,12.29,16.38,12.29,15.36,1,15.4,11.26,16.38,1,16.4,0>1;0>2;0>3;1>0;1>2;1>3;2>0;2>1;2>3;3>0;3>1;3>2,12,12,,0:ok;1:ok;2:ok;3:ok,4,,0,12.48,12.625,693624.83,0>1,658505.7,1>2,676483.1,2>0,693624.8,3>0,16.4,0:0;1:4;2:6,3,1,0>1:12:peer;0>1:1:pair;1>2:12:peer;1>2:1:pair;2>0:12:peer;2>0:1:pair,6,0-1;1-2;2-0,3,0-2;1-0;2-1,3,,0,,,0,3,0,0,0-1-0=2;0-1-10=2;0-1-11=2;0-1-1=2;0-1-2=2;0-1-3=2;0-1-4=2;0-1-5=2;0-1-6=2;0-1-7=2;0-1-8=2;0-1-9=2;0-2-0=2;0-2-10=2;0-2-11=2;0-2-1=2;0-2-2=2;0-2-3=2;0-2-4=2;0-2-5=2;0-2-6=2;0-2-7=2;0-2-8=2;0-2-9=2;1-0-0=2;1-0-10=2;1-0-11=2;1-0-1=2;1-0-2=2;1-0-3=2;1-0-4=2;1-0-5=2;1-0-6=2;1-0-7=2;1-0-8=2;1-0-9=2;1-2-0=2;1-2-10=2;1-2-11=2;1-2-1=2;1-2-2=2;1-2-3=2;1-2-4=2;1-2-5=2;1-2-6=2;1-2-7=2;1-2-8=2;1-2-9=2;2-0-0=2;2-0-10=2;2-0-11=2;2-0-1=2;2-0-2=2;2-0-3=2;2-0-4=2;2-0-5=2;2-0-6=2;2-0-7=2;2-0-8=2;2-0-9=2;2-1-0=2;2-1-10=2;2-1-11=2;2-1-1=2;2-1-2=2;2-1-3=2;2-1-4=2;2-1-5=2;2-1-6=2;2-1-7=2;2-1-8=2;2-1-9=2,72,"p0,p1,p2",0-3-0=6;1-3-4=6;2-3-6=6,3,p3,4,0:LOCAL_QP_ERR;1:LOCAL_QP_ERR;2:LOCAL_QP_ERR,,,,2681589389.225,,,2681589387.844,,,,2681589391.212,,,,,,3.368000030517578,0,,657.8889999389648,694.5950002670288,352.077,387.329,2.988999843597412,,,,,,,0:300;1:300;2:300,4,0,,0,,0,0,0,,0,1,1,0,0,0,,0,0,0,0,0,0,,4,0,4,4,0,1-0;2-1,2,1-0;1-0;2-1;2-1,4,0-2,1,1,0,0,4,0,0,,,,,,,,0,,,,,,,,,,,,,,,,,,,,,,,,,,,,,,,,,,,,,,,,,,,,,,,,,,,,
mr4_cyc_stall@hr,scored,n,mr_hr,mr4_cyc_stall_n7,mr4_cyc_stall,hr,n7,,,,,,,,,,,,,,,,,,,,,,,,,,,,,7,,,,,,,,1000,,,,,,,,0,,,,,,,,,,,,,,,,,,,,,,,,,,,,,,,,,,,,,,,,,,,,,,,,,,,,,,,,,,,,,,,,,,,,,,0,1,,,,,,,,,,,,,,,,,,,,,,,,,0,,,,,,,,,,,,,,,,,,,,,,,,,,,,,,,,,,,,,,,,,,,,,,,,,,,,,,,,,,,,,,,,,,,,,,,,,,,,,,,,,,,,,,,,,,,,,,,,,,,,,,,,,,,,,,,,,,,,,,,,,,,,,,,,,,,,,,,,,,,,,,,,,,,,,,,,,,,,,,,,,,,,,,,,,,,,,,,,,,,,,,,,,,,,,,,,,,,,,,,,,,,,,,,,,,,,,,,,,,,,,,,,,,,,,,,,,,,,,,,,,,,,,,,,,,,,,,,,,,,,,,,,,,,,,,,,,,,,,,,,,,,,,,,,,,,,,,,,,,,,,,,,,,,,,,,,,,,,,,,,,,,,,,,,,,,,,,,,,,,,,,,,,,,,,,,,,,,,30093,1,none,none,0,none,,,,,,,,,,,,,,,,,,,,,,,,,,,,,,hr,hr,4,none,ctx,"0,0,0,0",4,4,0,0,4,36,36,0,4,4,4,4,4,0,0,0,0,0,13.12,662828.99,13.12,375752.38,21,375752.4,13.12,340531.23,22,340531.2,12.29,370994.18,21,370994.2,11.26,676549.63,11.26,370993.15,21,370993.2,13.82,695607.49,13.82,388339.87,20,388339.9,13.15,390665.02,20,390665.0,12.29,17.41,11.26,17.41,1,17.4,11.26,16.38,1,16.4,0>1;0>2;0>3;1>0;1>2;1>3;2>0;2>1;2>3;3>0;3>1;3>2,12,12,,0:ok;1:ok;2:ok;3:ok,4,,0,12.704999999999998,12.19,695607.49,0>1,662829.0,1>2,676549.6,2>0,695607.5,3>0,17.4,0:0;1:4;2:6,3,1,0>1:12:peer;0>1:1:pair;1>2:12:peer;1>2:1:pair;2>0:12:peer;2>0:1:pair,6,0-1;1-2;2-0,3,0-2;1-0;2-1,3,,0,,,0,3,0,0,0-1-0=2;0-1-10=2;0-1-11=2;0-1-1=2;0-1-2=2;0-1-3=2;0-1-4=2;0-1-5=2;0-1-6=2;0-1-7=2;0-1-8=2;0-1-9=2;0-2-0=2;0-2-10=2;0-2-11=2;0-2-1=2;0-2-2=2;0-2-3=2;0-2-4=2;0-2-5=2;0-2-6=2;0-2-7=2;0-2-8=2;0-2-9=2;1-0-0=2;1-0-10=2;1-0-11=2;1-0-1=2;1-0-2=2;1-0-3=2;1-0-4=2;1-0-5=2;1-0-6=2;1-0-7=2;1-0-8=2;1-0-9=2;1-2-0=2;1-2-10=2;1-2-11=2;1-2-1=2;1-2-2=2;1-2-3=2;1-2-4=2;1-2-5=2;1-2-6=2;1-2-7=2;1-2-8=2;1-2-9=2;2-0-0=2;2-0-10=2;2-0-11=2;2-0-1=2;2-0-2=2;2-0-3=2;2-0-4=2;2-0-5=2;2-0-6=2;2-0-7=2;2-0-8=2;2-0-9=2;2-1-0=2;2-1-10=2;2-1-11=2;2-1-1=2;2-1-2=2;2-1-3=2;2-1-4=2;2-1-5=2;2-1-6=2;2-1-7=2;2-1-8=2;2-1-9=2,72,"p0,p1,p2",0-3-0=6;1-3-4=6;2-3-6=6,3,p3,4,0:LOCAL_QP_ERR;1:LOCAL_QP_ERR;2:LOCAL_QP_ERR,,,,2681645658.749,,,2681645659.989,,,,2681645660.179,,,,,,1.429999828338623,0,,659.4909996986389,696.3839998245239,353.207,389.76,3.3670005798339844,,,,,,,0:300;1:300;2:300,4,0,,0,,0,0,0,,0,1,1,0,0,0,,0,0,0,0,0,0,,4,0,4,4,0,1-0;2-1,2,1-0;1-0;2-1;2-1,4,0-2;0-2,2,2,0,0,4,0,0,,,,,,,,0,,,,,,,,,,,,,,,,,,,,,,,,,,,,,,,,,,,,,,,,,,,,,,,,,,,,
mr4_cyc_stall@hr,scored,n,mr_hr,mr4_cyc_stall_n8,mr4_cyc_stall,hr,n8,,,,,,,,,,,,,,,,,,,,,,,,,,,,,8,,,,,,,,1000,,,,,,,,0,,,,,,,,,,,,,,,,,,,,,,,,,,,,,,,,,,,,,,,,,,,,,,,,,,,,,,,,,,,,,,,,,,,,,,0,1,,,,,,,,,,,,,,,,,,,,,,,,,0,,,,,,,,,,,,,,,,,,,,,,,,,,,,,,,,,,,,,,,,,,,,,,,,,,,,,,,,,,,,,,,,,,,,,,,,,,,,,,,,,,,,,,,,,,,,,,,,,,,,,,,,,,,,,,,,,,,,,,,,,,,,,,,,,,,,,,,,,,,,,,,,,,,,,,,,,,,,,,,,,,,,,,,,,,,,,,,,,,,,,,,,,,,,,,,,,,,,,,,,,,,,,,,,,,,,,,,,,,,,,,,,,,,,,,,,,,,,,,,,,,,,,,,,,,,,,,,,,,,,,,,,,,,,,,,,,,,,,,,,,,,,,,,,,,,,,,,,,,,,,,,,,,,,,,,,,,,,,,,,,,,,,,,,,,,,,,,,,,,,,,,,,,,,,,,,,,,,30851,1,none,none,0,none,,,,,,,,,,,,,,,,,,,,,,,,,,,,,,hr,hr,4,none,ctx,"0,0,0,0",4,4,0,0,4,36,36,0,4,4,4,4,4,0,0,0,0,0,12.93,658479.2,12.93,386692.61,20,386692.6,12.77,351193.12,21,351193.1,12.29,355988.48,22,355988.5,11.26,676544.51,11.26,355988.48,22,355988.5,13.47,697988.42,14.3,375685.31,22,375685.3,13.18,375685.79,21,375685.8,12.29,17.41,12.29,17.41,1,17.4,11.26,17.41,1,17.4,0>1;0>2;0>3;1>0;1>2;1>3;2>0;2>1;2>3;3>0;3>1;3>2,12,12,,0:ok;1:ok;2:ok;3:ok,4,,0,12.53,12.61,697988.42,0>1,658479.2,1>2,676544.5,2>0,697988.4,3>0,17.4,0:0;1:4;2:6,3,1,0>1:12:peer;0>1:1:pair;1>2:12:peer;1>2:1:pair;2>0:12:peer;2>0:1:pair,6,0-1;1-2;2-0,3,0-2;1-0;2-1,3,,0,,,0,3,0,0,0-1-0=2;0-1-10=2;0-1-11=2;0-1-1=2;0-1-2=2;0-1-3=2;0-1-4=2;0-1-5=2;0-1-6=2;0-1-7=2;0-1-8=2;0-1-9=2;0-2-0=2;0-2-10=2;0-2-11=2;0-2-1=2;0-2-2=2;0-2-3=2;0-2-4=2;0-2-5=2;0-2-6=2;0-2-7=2;0-2-8=2;0-2-9=2;1-0-0=2;1-0-10=2;1-0-11=2;1-0-1=2;1-0-2=2;1-0-3=2;1-0-4=2;1-0-5=2;1-0-6=2;1-0-7=2;1-0-8=2;1-0-9=2;1-2-0=2;1-2-10=2;1-2-11=2;1-2-1=2;1-2-2=2;1-2-3=2;1-2-4=2;1-2-5=2;1-2-6=2;1-2-7=2;1-2-8=2;1-2-9=2;2-0-0=2;2-0-10=2;2-0-11=2;2-0-1=2;2-0-2=2;2-0-3=2;2-0-4=2;2-0-5=2;2-0-6=2;2-0-7=2;2-0-8=2;2-0-9=2;2-1-0=2;2-1-10=2;2-1-11=2;2-1-1=2;2-1-2=2;2-1-3=2;2-1-4=2;2-1-5=2;2-1-6=2;2-1-7=2;2-1-8=2;2-1-9=2,72,"p0,p1,p2",0-3-0=6;1-3-4=6;2-3-6=6,3,p3,4,0:LOCAL_QP_ERR;1:LOCAL_QP_ERR;2:LOCAL_QP_ERR,,,,2681666511.781,,,2681666509.782,,,,2681666510.304,,,,,,1.999000072479248,0,,657.5910000801086,695.0879998207092,351.059,388.21,6.322999954223633,,,,,,,0:300;1:300;2:300,4,0,,0,,0,0,0,,0,1,1,0,0,0,,0,0,0,0,0,0,,4,0,4,4,0,1-0;2-1,2,1-0;2-1;2-1,3,0-2;0-2,2,2,0,0,4,0,0,,,,,,,,0,,,,,,,,,,,,,,,,,,,,,,,,,,,,,,,,,,,,,,,,,,,,,,,,,,,,
mr4_cyc_stall@hr,scored,n,mr_hr,mr4_cyc_stall_n9,mr4_cyc_stall,hr,n9,,,,,,,,,,,,,,,,,,,,,,,,,,,,,9,,,,,,,,1000,,,,,,,,0,,,,,,,,,,,,,,,,,,,,,,,,,,,,,,,,,,,,,,,,,,,,,,,,,,,,,,,,,,,,,,,,,,,,,,0,1,,,,,,,,,,,,,,,,,,,,,,,,,0,,,,,,,,,,,,,,,,,,,,,,,,,,,,,,,,,,,,,,,,,,,,,,,,,,,,,,,,,,,,,,,,,,,,,,,,,,,,,,,,,,,,,,,,,,,,,,,,,,,,,,,,,,,,,,,,,,,,,,,,,,,,,,,,,,,,,,,,,,,,,,,,,,,,,,,,,,,,,,,,,,,,,,,,,,,,,,,,,,,,,,,,,,,,,,,,,,,,,,,,,,,,,,,,,,,,,,,,,,,,,,,,,,,,,,,,,,,,,,,,,,,,,,,,,,,,,,,,,,,,,,,,,,,,,,,,,,,,,,,,,,,,,,,,,,,,,,,,,,,,,,,,,,,,,,,,,,,,,,,,,,,,,,,,,,,,,,,,,,,,,,,,,,,,,,,,,,,,29454,1,none,none,0,none,,,,,,,,,,,,,,,,,,,,,,,,,,,,,,hr,hr,4,none,ctx,"0,0,0,0",4,4,0,0,4,36,36,0,4,4,4,4,4,0,0,0,0,0,13.09,676866.3,12.99,373958.37,22,373958.4,12.7,338825.22,22,338825.2,12.29,357881.86,22,357881.9,12.29,678955.01,11.26,357880.83,22,357880.8,12.93,711277.66,12.99,388921.34,22,388921.3,12.86,388921.89,22,388921.9,12.29,18.43,12.29,17.41,1,17.4,11.26,17.41,1,17.4,0>1;0>2;0>3;1>0;1>2;1>3;2>0;2>1;2>3;3>0;3>1;3>2,12,12,,0:ok;1:ok;2:ok;3:ok,4,,0,12.495,12.61,711277.66,0>1,676866.3,1>2,678955.0,2>0,711277.7,3>0,18.4,0:0;1:4;2:6,3,1,0>1:12:peer;0>1:1:pair;1>2:12:peer;1>2:1:pair;2>0:12:peer;2>0:1:pair,6,0-1;1-2;2-0,3,0-2;1-0;2-1,3,,0,,,0,3,0,0,0-1-0=2;0-1-10=2;0-1-11=2;0-1-1=2;0-1-2=2;0-1-3=2;0-1-4=2;0-1-5=2;0-1-6=2;0-1-7=2;0-1-8=2;0-1-9=2;0-2-0=2;0-2-10=2;0-2-11=2;0-2-1=2;0-2-2=2;0-2-3=2;0-2-4=2;0-2-5=2;0-2-6=2;0-2-7=2;0-2-8=2;0-2-9=2;1-0-0=2;1-0-10=2;1-0-11=2;1-0-1=2;1-0-2=2;1-0-3=2;1-0-4=2;1-0-5=2;1-0-6=2;1-0-7=2;1-0-8=2;1-0-9=2;1-2-0=2;1-2-10=2;1-2-11=2;1-2-1=2;1-2-2=2;1-2-3=2;1-2-4=2;1-2-5=2;1-2-6=2;1-2-7=2;1-2-8=2;1-2-9=2;2-0-0=2;2-0-10=2;2-0-11=2;2-0-1=2;2-0-2=2;2-0-3=2;2-0-4=2;2-0-5=2;2-0-6=2;2-0-7=2;2-0-8=2;2-0-9=2;2-1-0=2;2-1-10=2;2-1-11=2;2-1-1=2;2-1-2=2;2-1-3=2;2-1-4=2;2-1-5=2;2-1-6=2;2-1-7=2;2-1-8=2;2-1-9=2,72,"p0,p1,p2",0-3-0=6;1-3-4=6;2-3-6=6,3,p3,4,0:LOCAL_QP_ERR;1:LOCAL_QP_ERR;2:LOCAL_QP_ERR,,,,2681722730.135,,,2681722747.115,,,,2681722732.637,,,,,,16.979999542236328,0,,675.6989998817444,710.8479995727539,353.75,388.558,0.44899988174438477,,,,,,,0:300;1:300;2:300,4,0,,0,,0,0,0,,0,1,1,0,0,0,,0,0,0,0,0,0,,4,0,4,4,0,1-0;2-1,2,1-0;1-0;2-1;2-1,4,0-2;0-2,2,2,0,0,4,0,0,,,,,,,,0,,,,,,,,,,,,,,,,,,,,,,,,,,,,,,,,,,,,,,,,,,,,,,,,,,,,
mr4_cyc_stall@hr,scored,n,mr_hr,mr4_cyc_stall_n10,mr4_cyc_stall,hr,n10,,,,,,,,,,,,,,,,,,,,,,,,,,,,,10,,,,,,,,1000,,,,,,,,0,,,,,,,,,,,,,,,,,,,,,,,,,,,,,,,,,,,,,,,,,,,,,,,,,,,,,,,,,,,,,,,,,,,,,,0,1,,,,,,,,,,,,,,,,,,,,,,,,,0,,,,,,,,,,,,,,,,,,,,,,,,,,,,,,,,,,,,,,,,,,,,,,,,,,,,,,,,,,,,,,,,,,,,,,,,,,,,,,,,,,,,,,,,,,,,,,,,,,,,,,,,,,,,,,,,,,,,,,,,,,,,,,,,,,,,,,,,,,,,,,,,,,,,,,,,,,,,,,,,,,,,,,,,,,,,,,,,,,,,,,,,,,,,,,,,,,,,,,,,,,,,,,,,,,,,,,,,,,,,,,,,,,,,,,,,,,,,,,,,,,,,,,,,,,,,,,,,,,,,,,,,,,,,,,,,,,,,,,,,,,,,,,,,,,,,,,,,,,,,,,,,,,,,,,,,,,,,,,,,,,,,,,,,,,,,,,,,,,,,,,,,,,,,,,,,,,,,29025,1,none,none,0,none,,,,,,,,,,,,,,,,,,,,,,,,,,,,,,hr,hr,4,none,ctx,"0,0,0,0",4,4,0,0,4,36,36,0,4,4,4,4,4,0,0,0,0,0,12.99,675999.74,12.99,388821.25,21,388821.2,12.9,353705.95,22,353706.0,12.29,355483.65,22,355483.6,12.29,676611.07,11.26,355532.8,20,355532.8,12.7,708145.18,12.77,385863.9,21,385863.9,12.64,385878.85,21,385878.8,12.29,17.41,11.26,17.41,1,17.4,11.26,16.38,1,16.4,0>1;0>2;0>3;1>0;1>2;1>3;2>0;2>1;2>3;3>0;3>1;3>2,12,12,,0:ok;1:ok;2:ok;3:ok,4,,0,12.465,11.98,708145.18,0>1,675999.7,1>2,676611.1,2>0,708145.2,3>0,17.4,0:0;1:4;2:6,3,1,0>1:12:peer;0>1:1:pair;1>2:12:peer;1>2:1:pair;2>0:12:peer;2>0:1:pair,6,0-1;1-2;2-0,3,0-2;1-0;2-1,3,,0,,,0,3,0,0,0-1-0=2;0-1-10=2;0-1-11=2;0-1-1=2;0-1-2=2;0-1-3=2;0-1-4=2;0-1-5=2;0-1-6=2;0-1-7=2;0-1-8=2;0-1-9=2;0-2-0=2;0-2-10=2;0-2-11=2;0-2-1=2;0-2-2=2;0-2-3=2;0-2-4=2;0-2-5=2;0-2-6=2;0-2-7=2;0-2-8=2;0-2-9=2;1-0-0=2;1-0-10=2;1-0-11=2;1-0-1=2;1-0-2=2;1-0-3=2;1-0-4=2;1-0-5=2;1-0-6=2;1-0-7=2;1-0-8=2;1-0-9=2;1-2-0=2;1-2-10=2;1-2-11=2;1-2-1=2;1-2-2=2;1-2-3=2;1-2-4=2;1-2-5=2;1-2-6=2;1-2-7=2;1-2-8=2;1-2-9=2;2-0-0=2;2-0-10=2;2-0-11=2;2-0-1=2;2-0-2=2;2-0-3=2;2-0-4=2;2-0-5=2;2-0-6=2;2-0-7=2;2-0-8=2;2-0-9=2;2-1-0=2;2-1-10=2;2-1-11=2;2-1-1=2;2-1-2=2;2-1-3=2;2-1-4=2;2-1-5=2;2-1-6=2;2-1-7=2;2-1-8=2;2-1-9=2,72,"p0,p1,p2",0-3-0=6;1-3-4=6;2-3-6=6,3,p3,4,0:LOCAL_QP_ERR;1:LOCAL_QP_ERR;2:LOCAL_QP_ERR,,,,2681743564.872,,,2681743579.086,,,,2681743566.391,,,,,,14.21399974822998,0,,672.2829999923706,708.8559999465942,353.01,389.241,-1.488999843597412,,,,,,,0:300;1:300;2:300,4,0,,0,,0,0,0,,0,1,1,0,0,0,,0,0,0,0,0,0,,4,0,4,4,0,1-0;2-1,2,1-0;1-0;2-1;2-1,4,0-2;0-2,2,2,0,0,4,0,0,,,,,,,,0,,,,,,,,,,,,,,,,,,,,,,,,,,,,,,,,,,,,,,,,,,,,,,,,,,,,
mr4_f1_01@hr,scored,n,mr_hr,mr4_f1_01_n1,mr4_f1_01,hr,n1,,,,,,,,,,,,,,,,,,,,,,,,,,,,,1,,,,,,,,1000,,,,,,,,0,,,,,,,,,,,,,,,,,,,,,,,,,,,,,,,,,,,,,,,,,,,,,,,,,,,,,,,,,,,,,,,,,,,,,,0,1,,,,,,,,,,,,,,,,,,,,,,,,,0,,,,,,,,,,,,,,,,,,,,,,,,,,,,,,,,,,,,,,,,,,,,,,,,,,,,,,,,,,,,,,,,,,,,,,,,,,,,,,,,,,,,,,,,,,,,,,,,,,,,,,,,,,,,,,,,,,,,,,,,,,,,,,,,,,,,,,,,,,,,,,,,,,,,,,,,,,,,,,,,,,,,,,,,,,,,,,,,,,,,,,,,,,,,,,,,,,,,,,,,,,,,,,,,,,,,,,,,,,,,,,,,,,,,,,,,,,,,,,,,,,,,,,,,,,,,,,,,,,,,,,,,,,,,,,,,,,,,,,,,,,,,,,,,,,,,,,,,,,,,,,,,,,,,,,,,,,,,,,,,,,,,,,,,,,,,,,,,,,,,,,,,,,,,,,,,,,,,29849,1,none,none,0,none,,,,,,,,,,,,,,,,,,,,,,,,,,,,,,hr,hr,4,none,ctx,"0,0,0,0",4,4,0,0,4,36,36,0,4,4,4,4,4,0,0,0,0,0,13.12,7088.96,12.67,14.34,1,12.7,12.58,15.84,1,12.6,12.29,17.41,,,12.29,17.41,11.26,17.41,1,17.4,13.06,16.38,13.12,16.38,1,14.3,12.86,15.97,1,14.2,12.29,17.41,11.26,17.41,1,17.4,11.26,16.38,1,16.4,0>1;0>2;0>3;1>0;1>2;1>3;2>0;2>1;2>3;3>0;3>1;3>2,12,12,,0:ok;1:ok;2:ok;3:ok,4,,0,12.434999999999999,11.965,7088.96,0>1,7089.0,1>0,17.4,2>0,16.4,3>0,17.4,0:0,1,1,0>1:1:pair,1,0-1,1,1-0,1,,0,,,0,0,0,0,0-1-0=2;1-0-0=2,2,"p0,p1",0-2-0=6;0-3-0=6,2,"p2,p3",4,0:LOCAL_QP_ERR,,,,2682520138.335,,,,,,,,,,,,,0.0,0,,3.7849998474121094,3.8400001525878906,4.425,4.425,,,,,,,,,4,0,,0,,0,0,0,,0,0,0,0,0,0,,0,0,0,0,0,0,,4,0,4,4,0,,0,,0,,0,0,0,0,4,0,0,,,,,,,,0,,,,,,,,,,,,,,,1,17.4,,,,,,,,,,,,,,,,,,,,,,,,,,,,,,,,,,,,
mr4_f1_01@hr,scored,n,mr_hr,mr4_f1_01_n2,mr4_f1_01,hr,n2,,,,,,,,,,,,,,,,,,,,,,,,,,,,,2,,,,,,,,1000,,,,,,,,0,,,,,,,,,,,,,,,,,,,,,,,,,,,,,,,,,,,,,,,,,,,,,,,,,,,,,,,,,,,,,,,,,,,,,,0,1,,,,,,,,,,,,,,,,,,,,,,,,,0,,,,,,,,,,,,,,,,,,,,,,,,,,,,,,,,,,,,,,,,,,,,,,,,,,,,,,,,,,,,,,,,,,,,,,,,,,,,,,,,,,,,,,,,,,,,,,,,,,,,,,,,,,,,,,,,,,,,,,,,,,,,,,,,,,,,,,,,,,,,,,,,,,,,,,,,,,,,,,,,,,,,,,,,,,,,,,,,,,,,,,,,,,,,,,,,,,,,,,,,,,,,,,,,,,,,,,,,,,,,,,,,,,,,,,,,,,,,,,,,,,,,,,,,,,,,,,,,,,,,,,,,,,,,,,,,,,,,,,,,,,,,,,,,,,,,,,,,,,,,,,,,,,,,,,,,,,,,,,,,,,,,,,,,,,,,,,,,,,,,,,,,,,,,,,,,,,,,29174,1,none,none,0,none,,,,,,,,,,,,,,,,,,,,,,,,,,,,,,hr,hr,4,none,ctx,"0,0,0,0",4,4,0,0,4,36,36,0,4,4,4,4,4,0,0,0,0,0,13.12,4829.34,12.7,16.38,1,12.4,12.64,16.38,1,12.4,12.29,18.43,,,11.26,18.43,11.26,18.43,1,18.4,13.12,18.27,13.12,18.4,,,12.9,18.4,1,18.4,12.29,18.43,12.29,18.43,1,18.4,11.26,18.43,1,18.4,0>1;0>2;0>3;1>0;1>2;1>3;2>0;2>1;2>3;3>0;3>1;3>2,12,12,,0:ok;1:ok;2:ok;3:ok,4,,0,12.465,12.495,4829.34,0>1,4829.3,1>0,18.4,2>1,18.4,3>0,18.4,0:0,1,1,0>1:1:pair,1,0-1,1,1-0,1,,0,,,0,0,0,0,0-1-0=2;1-0-0=2,2,"p0,p1",0-2-0=6;0-3-0=6,2,"p2,p3",4,0:LOCAL_QP_ERR,,,,2682540458.144,,,,,,,,,,,,,0.0,0,,3.7870001792907715,3.8429999351501465,4.437,4.437,,,,,,,,,4,0,,0,,0,0,0,,0,0,0,0,0,0,,0,0,0,0,0,0,,4,0,4,4,0,,0,,0,,0,0,0,0,4,0,0,,,,,,,,0,,,,,,,,,,,,,,,1,18.4,1,18.3,,,,,,,,,,,,,,,,,,,,,,,,,,,,,,,,,,
mr4_f1_01@hr,scored,n,mr_hr,mr4_f1_01_n3,mr4_f1_01,hr,n3,,,,,,,,,,,,,,,,,,,,,,,,,,,,,3,,,,,,,,1000,,,,,,,,0,,,,,,,,,,,,,,,,,,,,,,,,,,,,,,,,,,,,,,,,,,,,,,,,,,,,,,,,,,,,,,,,,,,,,,0,1,,,,,,,,,,,,,,,,,,,,,,,,,0,,,,,,,,,,,,,,,,,,,,,,,,,,,,,,,,,,,,,,,,,,,,,,,,,,,,,,,,,,,,,,,,,,,,,,,,,,,,,,,,,,,,,,,,,,,,,,,,,,,,,,,,,,,,,,,,,,,,,,,,,,,,,,,,,,,,,,,,,,,,,,,,,,,,,,,,,,,,,,,,,,,,,,,,,,,,,,,,,,,,,,,,,,,,,,,,,,,,,,,,,,,,,,,,,,,,,,,,,,,,,,,,,,,,,,,,,,,,,,,,,,,,,,,,,,,,,,,,,,,,,,,,,,,,,,,,,,,,,,,,,,,,,,,,,,,,,,,,,,,,,,,,,,,,,,,,,,,,,,,,,,,,,,,,,,,,,,,,,,,,,,,,,,,,,,,,,,,,29337,1,none,none,0,none,,,,,,,,,,,,,,,,,,,,,,,,,,,,,,hr,hr,4,none,ctx,"0,0,0,0",4,4,0,0,4,36,36,0,4,4,4,4,4,0,0,0,0,0,13.15,5300.13,12.8,14.37,1,13.0,12.61,15.74,1,13.0,12.29,17.41,,,12.29,17.41,11.26,17.41,1,17.4,13.02,15.94,13.06,16.38,,,12.99,15.74,1,14.1,12.29,19.46,11.26,18.43,1,18.4,11.26,18.43,1,18.4,0>1;0>2;0>3;1>0;1>2;1>3;2>0;2>1;2>3;3>0;3>1;3>2,12,12,,0:ok;1:ok;2:ok;3:ok,4,,0,12.45,12.030000000000001,5300.13,0>1,5300.1,1>0,17.4,2>1,16.4,3>0,19.5,0:0,1,1,0>1:1:pair,1,0-1,1,1-0,1,,0,,,0,0,0,0,0-1-0=2;1-0-0=2,2,"p0,p1",0-2-0=6;0-3-0=6,2,"p2,p3",4,0:LOCAL_QP_ERR,,,,2682560777.493,,,,,,,,,,,,,0.0,0,,3.8369998931884766,3.886000156402588,4.474,4.474,,,,,,,,,4,0,,0,,0,0,0,,0,0,0,0,0,0,,0,0,0,0,0,0,,4,0,4,4,0,,0,,0,,0,0,0,0,4,0,0,,,,,,,,0,,,,,,,,,,,,,,,1,17.4,1,15.5,,,,,,,,,,,,,,,,,,,,,,,,,,,,,,,,,,
mr4_f1_01@hr,scored,n,mr_hr,mr4_f1_01_n4,mr4_f1_01,hr,n4,,,,,,,,,,,,,,,,,,,,,,,,,,,,,4,,,,,,,,1000,,,,,,,,0,,,,,,,,,,,,,,,,,,,,,,,,,,,,,,,,,,,,,,,,,,,,,,,,,,,,,,,,,,,,,,,,,,,,,,0,1,,,,,,,,,,,,,,,,,,,,,,,,,0,,,,,,,,,,,,,,,,,,,,,,,,,,,,,,,,,,,,,,,,,,,,,,,,,,,,,,,,,,,,,,,,,,,,,,,,,,,,,,,,,,,,,,,,,,,,,,,,,,,,,,,,,,,,,,,,,,,,,,,,,,,,,,,,,,,,,,,,,,,,,,,,,,,,,,,,,,,,,,,,,,,,,,,,,,,,,,,,,,,,,,,,,,,,,,,,,,,,,,,,,,,,,,,,,,,,,,,,,,,,,,,,,,,,,,,,,,,,,,,,,,,,,,,,,,,,,,,,,,,,,,,,,,,,,,,,,,,,,,,,,,,,,,,,,,,,,,,,,,,,,,,,,,,,,,,,,,,,,,,,,,,,,,,,,,,,,,,,,,,,,,,,,,,,,,,,,,,,29225,1,none,none,0,none,,,,,,,,,,,,,,,,,,,,,,,,,,,,,,hr,hr,4,none,ctx,"0,0,0,0",4,4,0,0,4,36,36,0,4,4,4,4,4,0,0,0,0,0,13.25,5911.2,13.02,16.42,0,13.0,12.96,16.42,0,13.0,12.29,16.38,,,12.29,16.38,11.26,16.38,1,16.4,13.25,16.48,13.89,16.38,1,15.9,13.5,16.35,1,14.2,12.29,17.41,12.29,17.41,1,17.4,11.26,16.38,1,16.4,0>1;0>2;0>3;1>0;1>2;1>3;2>0;2>1;2>3;3>0;3>1;3>2,12,12,,0:ok;1:ok;2:ok;3:ok,4,,0,12.625,12.655,5911.2,0>1,5911.2,1>0,16.4,2>0,16.5,3>0,17.4,0:0,1,1,0>1:1:pair,1,0-1,1,1-0,1,,0,,,0,0,0,0,0-1-0=2;1-0-0=2,2,"p0,p1",0-2-0=6;0-3-0=6,2,"p2,p3",4,0:LOCAL_QP_ERR,,,,2682581111.758,,,,,,,,,,,,,0.0,0,,3.9240002632141113,3.992000102996826,4.574,4.574,,,,,,,,,4,0,,0,,0,0,0,,0,0,0,0,0,0,,0,0,0,0,0,0,,4,0,4,4,0,,0,,0,,0,0,0,0,4,0,0,,,,,,,,0,,,,,,,,,,,,,,,1,16.4,,,,,,,,,,,,,,,,,,,,,,,,,,,,,,,,,,,,
mr4_f1_01@hr,scored,n,mr_hr,mr4_f1_01_n5,mr4_f1_01,hr,n5,,,,,,,,,,,,,,,,,,,,,,,,,,,,,5,,,,,,,,1000,,,,,,,,0,,,,,,,,,,,,,,,,,,,,,,,,,,,,,,,,,,,,,,,,,,,,,,,,,,,,,,,,,,,,,,,,,,,,,,0,1,,,,,,,,,,,,,,,,,,,,,,,,,0,,,,,,,,,,,,,,,,,,,,,,,,,,,,,,,,,,,,,,,,,,,,,,,,,,,,,,,,,,,,,,,,,,,,,,,,,,,,,,,,,,,,,,,,,,,,,,,,,,,,,,,,,,,,,,,,,,,,,,,,,,,,,,,,,,,,,,,,,,,,,,,,,,,,,,,,,,,,,,,,,,,,,,,,,,,,,,,,,,,,,,,,,,,,,,,,,,,,,,,,,,,,,,,,,,,,,,,,,,,,,,,,,,,,,,,,,,,,,,,,,,,,,,,,,,,,,,,,,,,,,,,,,,,,,,,,,,,,,,,,,,,,,,,,,,,,,,,,,,,,,,,,,,,,,,,,,,,,,,,,,,,,,,,,,,,,,,,,,,,,,,,,,,,,,,,,,,,,29383,1,none,none,0,none,,,,,,,,,,,,,,,,,,,,,,,,,,,,,,hr,hr,4,none,ctx,"0,0,0,0",4,4,0,0,4,36,36,0,4,4,4,4,4,0,0,0,0,0,13.15,5523.46,12.77,16.9,1,13.1,12.64,16.9,1,12.6,12.29,16.38,1,16.4,12.29,17.41,11.26,16.38,1,16.4,13.02,17.57,13.09,18.3,,,13.02,18.05,1,18.0,12.29,17.41,11.26,17.41,1,17.4,11.26,17.41,1,17.4,0>1;0>2;0>3;1>0;1>2;1>3;2>0;2>1;2>3;3>0;3>1;3>2,12,12,,0:ok;1:ok;2:ok;3:ok,4,,0,12.465,12.015,5523.46,0>1,5523.5,1>2,17.4,2>1,18.3,3>0,17.4,0:0,1,1,0>1:1:pair,1,0-1,1,1-0,1,,0,,,0,0,0,0,0-1-0=2;1-0-0=2,2,"p0,p1",0-2-0=6;0-3-0=6,2,"p2,p3",4,0:LOCAL_QP_ERR,,,,2682601412.241,,,,,,,,,,,,,0.0,0,,3.86299991607666,3.917999744415283,4.521,4.521,,,,,,,,,4,0,,0,,0,0,0,,0,0,0,0,0,0,,0,0,0,0,0,0,,4,0,4,4,0,,0,,0,,0,0,0,0,4,0,0,,,,,,,,0,,,,,,,,,,,,,,,,,1,17.6,,,,,,,,,,,,,,,,,,,,,,,,,,,,,,,,,,
mr4_kill3_peer@hr,scored,n,mr_hr,mr4_kill3_peer_n1,mr4_kill3_peer,hr,n1,,,,,,,,,,,,,,,,,,,,,,,,,,,,,1,,,,,,,,1000,,,,,,,,0,,,,,,,,,,,,,,,,,,,,,,,,,,,,,,,,,,,,,,,,,,,,,,,,,,,,,,,,,,,,,,,,,,,,,,0,0,,,,,,,,,,,,,,,,,,,,,,,,,1,,,,,,,,,,,,,,,,,,,,,,,,,,,,,,,,,,,,,,,,,,,,,,,,,,,,,,,,,,,,,,,,2682284127.785,,,,,,2682284135.976,,,,,,,,,,,1551224994.876,,,,,,2682284134.06,,,,,,,,,,,,,,,,,,,,,,,,,,,,,,,,,,,,,,,,,,,,,,,,,,,,,,,,,,,,,,,,,,,,,,,,,,,,,,,,,,,,,,,,,,,,,,,,,,,,,,,,,,,,,,,,,,,,,,,,,,,,,,,,,,,,,,,,,,,,,,8.618000030517578,,,,,,,,,,,,,,,,,,,,,,,,,,,,,,,,,,,,,,,,,,,,,,,,,,,,,,,,,,,,,,,,,,,,,,,,,,,,,,,,,,,,,,,,,,,,,,,,,,,,,,,,,,,,,,,,,,,,,,,,,,,,,,,30479,1,none,none,0,none,,,,,,,,,,,,,,,,,,,,,,,,,,,,,,hr,hr,4,none,peer,"4,4,4,255",4,4,0,0,4,36,36,0,4,4,4,4,4,0,0,0,0,3,11.46,15.07,10.82,15.1,,,11.42,15.1,1,15.1,11.26,16.38,,,11.26,16.38,10.24,15.36,1,15.4,10.88,14.37,11.74,15.42,,,11.07,15.42,1,15.4,,,,,,,,,,,0>1;0>2;0>3;1>0;1>2;1>3;2>0;2>1;2>3;3>0;3>1;3>2,12,0,0>1;0>2;0>3;1>0;1>2;1>3;2>0;2>1;2>3;3>0;3>1;3>2,0:device_error;1:device_error;2:device_error;3:,0,"r0,r1,r2",3,11.34,10.82,16.38,0>2,15.1,1>0,16.4,2>1,15.4,,,,0,,,0,,0,,0,0-3;1-3;2-3,3,0-3=peer judged dead: the peer's socket shows FIN | 1-3=peer judged dead: the peer's socket shows FIN | 2-3=peer judged dead: the peer's socket shows FIN,,0,0,0,0,0-3-0=2;0-3-10=2;0-3-11=2;0-3-1=2;0-3-2=2;0-3-3=2;0-3-4=2;0-3-5=2;0-3-6=2;0-3-7=2;0-3-8=2;0-3-9=2;1-3-0=2;1-3-10=2;1-3-11=2;1-3-1=2;1-3-2=2;1-3-3=2;1-3-4=2;1-3-5=2;1-3-6=2;1-3-7=2;1-3-8=2;1-3-9=2;2-3-0=2;2-3-10=2;2-3-11=2;2-3-1=2;2-3-2=2;2-3-3=2;2-3-4=2;2-3-5=2;2-3-6=2;2-3-7=2;2-3-8=2;2-3-9=2,36,p3,0-3-0=6;0-3-10=6;0-3-11=6;0-3-1=6;0-3-2=6;0-3-3=6;0-3-4=6;0-3-5=6;0-3-6=6;0-3-7=6;0-3-8=6;0-3-9=6;1-3-0=6;1-3-10=6;1-3-11=6;1-3-1=6;1-3-2=6;1-3-3=6;1-3-4=6;1-3-5=6;1-3-6=6;1-3-7=6;1-3-8=6;1-3-9=6;2-3-0=6;2-3-10=6;2-3-11=6;2-3-1=6;2-3-2=6;2-3-3=6;2-3-4=6;2-3-5=6;2-3-6=6;2-3-7=6;2-3-8=6;2-3-9=6,36,p3,3,,3,2682284127.358,1,,,6.702000141143799,,,2682284135.968,8.610000133514404,,,,,,,,0,,,,,,,,,6,0,0,6,,4,3,0-3;1-3;2-3,0,0-3=peer-dead;1-3=peer-dead;2-3=peer-dead,3,0,0,,0,0,0,4,0,0,,0,0,0,0,0,0,,4,0,4,4,0,,0,,0,,0,0,0,0,3,3,3,"r0,r1,r2",2008.2260003089905,2006.3780000209808,2682284127.833,2008.1759996414185,,,0,0,0,6,3,0,0,3,0,0,,0,,0,,1,16.4,1,14.4,,,1,15.1,,,,,,,,,,,,,,,,,,,,,,,,,,,,,,
mr4_kill3_peer@hr,scored,n,mr_hr,mr4_kill3_peer_n2,mr4_kill3_peer,hr,n2,,,,,,,,,,,,,,,,,,,,,,,,,,,,,2,,,,,,,,1000,,,,,,,,0,,,,,,,,,,,,,,,,,,,,,,,,,,,,,,,,,,,,,,,,,,,,,,,,,,,,,,,,,,,,,,,,,,,,,,0,0,,,,,,,,,,,,,,,,,,,,,,,,,1,,,,,,,,,,,,,,,,,,,,,,,,,,,,,,,,,,,,,,,,,,,,,,,,,,,,,,,,,,,,,,,,2682304544.425,,,,,,2682304552.52,,,,,,,,,,,1551245411.242,,,,,,2682304550.391,,,,,,,,,,,,,,,,,,,,,,,,,,,,,,,,,,,,,,,,,,,,,,,,,,,,,,,,,,,,,,,,,,,,,,,,,,,,,,,,,,,,,,,,,,,,,,,,,,,,,,,,,,,,,,,,,,,,,,,,,,,,,,,,,,,,,,,,,,,,,,8.51800012588501,,,,,,,,,,,,,,,,,,,,,,,,,,,,,,,,,,,,,,,,,,,,,,,,,,,,,,,,,,,,,,,,,,,,,,,,,,,,,,,,,,,,,,,,,,,,,,,,,,,,,,,,,,,,,,,,,,,,,,,,,,,,,,,30147,1,none,none,0,none,,,,,,,,,,,,,,,,,,,,,,,,,,,,,,hr,hr,4,none,peer,"4,4,4,255",4,4,0,0,4,36,36,0,4,4,4,4,4,0,0,0,0,3,12.29,15.33,12.26,15.07,1,15.1,12.45,15.33,1,15.3,11.26,19.46,,,11.26,16.38,10.24,16.38,0,0.0,11.9,18.4,12.29,18.4,1,18.4,12.51,18.18,1,18.2,,,,,,,,,,,0>1;0>2;0>3;1>0;1>2;1>3;2>0;2>1;2>3;3>0;3>1;3>2,12,0,0>1;0>2;0>3;1>0;1>2;1>3;2>0;2>1;2>3;3>0;3>1;3>2,0:device_error;1:device_error;2:device_error;3:,0,"r0,r1,r2",3,12.29,11.9,19.46,0>1,15.3,1>0,19.5,2>0,18.4,,,,0,,,0,,0,,0,0-3;1-3;2-3,3,0-3=peer judged dead: the peer's socket shows FIN | 1-3=peer judged dead: the peer's socket shows FIN | 2-3=peer judged dead: the peer's socket shows FIN,,0,0,0,0,0-3-0=2;0-3-10=2;0-3-11=2;0-3-1=2;0-3-2=2;0-3-3=2;0-3-4=2;0-3-5=2;0-3-6=2;0-3-7=2;0-3-8=2;0-3-9=2;1-3-0=2;1-3-10=2;1-3-11=2;1-3-1=2;1-3-2=2;1-3-3=2;1-3-4=2;1-3-5=2;1-3-6=2;1-3-7=2;1-3-8=2;1-3-9=2;2-3-0=2;2-3-10=2;2-3-11=2;2-3-1=2;2-3-2=2;2-3-3=2;2-3-4=2;2-3-5=2;2-3-6=2;2-3-7=2;2-3-8=2;2-3-9=2,36,p3,0-3-0=6;0-3-10=6;0-3-11=6;0-3-1=6;0-3-2=6;0-3-3=6;0-3-4=6;0-3-5=6;0-3-6=6;0-3-7=6;0-3-8=6;0-3-9=6;1-3-0=6;1-3-10=6;1-3-11=6;1-3-1=6;1-3-2=6;1-3-3=6;1-3-4=6;1-3-5=6;1-3-6=6;1-3-7=6;1-3-8=6;1-3-9=6;2-3-0=6;2-3-10=6;2-3-11=6;2-3-1=6;2-3-2=6;2-3-3=6;2-3-4=6;2-3-5=6;2-3-6=6;2-3-7=6;2-3-8=6;2-3-9=6,36,p3,3,,3,2682304544.002,1,,,6.388999938964844,,,2682304552.53,8.528000354766846,,,,,,,,0,,,,,,,,,6,0,0,6,,4,3,0-3;1-3;2-3,0,0-3=peer-dead;1-3=peer-dead;2-3=peer-dead,3,0,0,,0,0,0,4,0,0,,0,0,0,0,0,0,,4,0,4,4,0,,0,,0,,0,0,0,0,3,3,3,"r0,r1,r2",2008.1259999275208,2006.0169999599457,2682304544.48,2008.138000011444,,,0,0,0,6,3,0,0,3,0,0,,0,,0,,0,16.4,,,,,,,,,,,,,,,,,,,,,,,,,,,,,,,,,,,,
mr4_kill3_peer@hr,scored,n,mr_hr,mr4_kill3_peer_n3,mr4_kill3_peer,hr,n3,,,,,,,,,,,,,,,,,,,,,,,,,,,,,3,,,,,,,,1000,,,,,,,,0,,,,,,,,,,,,,,,,,,,,,,,,,,,,,,,,,,,,,,,,,,,,,,,,,,,,,,,,,,,,,,,,,,,,,,0,0,,,,,,,,,,,,,,,,,,,,,,,,,1,,,,,,,,,,,,,,,,,,,,,,,,,,,,,,,,,,,,,,,,,,,,,,,,,,,,,,,,,,,,,,,,2682324964.594,,,,,,2682324972.852,,,,,,,,,,,1551265831.152,,,,,,2682324970.686,,,,,,,,,,,,,,,,,,,,,,,,,,,,,,,,,,,,,,,,,,,,,,,,,,,,,,,,,,,,,,,,,,,,,,,,,,,,,,,,,,,,,,,,,,,,,,,,,,,,,,,,,,,,,,,,,,,,,,,,,,,,,,,,,,,,,,,,,,,,,,8.683000564575195,,,,,,,,,,,,,,,,,,,,,,,,,,,,,,,,,,,,,,,,,,,,,,,,,,,,,,,,,,,,,,,,,,,,,,,,,,,,,,,,,,,,,,,,,,,,,,,,,,,,,,,,,,,,,,,,,,,,,,,,,,,,,,,29934,1,none,none,0,none,,,,,,,,,,,,,,,,,,,,,,,,,,,,,,hr,hr,4,none,peer,"4,4,4,255",4,4,0,0,4,36,36,0,4,4,4,4,4,0,0,0,0,3,12.29,18.11,12.26,18.11,1,18.1,12.42,17.86,1,17.9,11.26,16.38,1,11.3,11.26,16.38,10.24,15.36,,,11.84,15.17,12.29,15.2,,,12.54,15.2,1,15.2,,,,,,,,,,,0>1;0>2;0>3;1>0;1>2;1>3;2>0;2>1;2>3;3>0;3>1;3>2,12,0,0>1;0>2;0>3;1>0;1>2;1>3;2>0;2>1;2>3;3>0;3>1;3>2,0:device_error;1:device_error;2:device_error;3:,0,"r0,r1,r2",3,12.29,11.84,18.11,0>1,18.1,1>3,4387.8,2>1,15.2,,,,0,,,0,,0,,0,0-3;1-3;2-3,3,0-3=peer judged dead: the peer's socket shows FIN | 1-3=peer judged dead: the peer's socket shows FIN | 2-3=peer judged dead: the peer's socket shows FIN,,0,0,0,0,0-3-0=2;0-3-10=2;0-3-11=2;0-3-1=2;0-3-2=2;0-3-3=2;0-3-4=2;0-3-5=2;0-3-6=2;0-3-7=2;0-3-8=2;0-3-9=2;1-3-0=2;1-3-10=2;1-3-11=2;1-3-1=2;1-3-2=2;1-3-3=2;1-3-4=2;1-3-5=2;1-3-6=2;1-3-7=2;1-3-8=2;1-3-9=2;2-3-0=2;2-3-10=2;2-3-11=2;2-3-1=2;2-3-2=2;2-3-3=2;2-3-4=2;2-3-5=2;2-3-6=2;2-3-7=2;2-3-8=2;2-3-9=2,36,p3,0-3-0=6;0-3-10=6;0-3-11=6;0-3-1=6;0-3-2=6;0-3-3=6;0-3-4=6;0-3-5=6;0-3-6=6;0-3-7=6;0-3-8=6;0-3-9=6;1-3-0=6;1-3-10=6;1-3-11=6;1-3-1=6;1-3-2=6;1-3-3=6;1-3-4=6;1-3-5=6;1-3-6=6;1-3-7=6;1-3-8=6;1-3-9=6;2-3-0=6;2-3-10=6;2-3-11=6;2-3-1=6;2-3-2=6;2-3-3=6;2-3-4=6;2-3-5=6;2-3-6=6;2-3-7=6;2-3-8=6;2-3-9=6,36,p3,3,1:LOCAL_QP_ERR,3,2682324964.1689997,1,,,6.517000198364258,,,2682324972.853,8.684000492095947,,,,,,,,0,,,,,,,,,6,0,0,6,,4,3,0-3;1-3;2-3,0,0-3=peer-dead;1-3=peer-dead;2-3=peer-dead,3,0,0,,0,0,0,4,0,0,,0,0,0,0,0,0,,4,0,4,4,0,,0,,0,,0,0,0,0,3,3,3,"r0,r1,r2",2008.3099999427795,2006.090000152588,2682324964.648,2008.2600002288818,,,0,0,0,6,3,0,0,3,0,0,,0,,0,,1,11.3,1,15.2,,,,,,,,,,,,,,,,,,,,,,,,,,,,,,,,,,
mr4_kill3_peer@hr,scored,n,mr_hr,mr4_kill3_peer_n4,mr4_kill3_peer,hr,n4,,,,,,,,,,,,,,,,,,,,,,,,,,,,,4,,,,,,,,1000,,,,,,,,0,,,,,,,,,,,,,,,,,,,,,,,,,,,,,,,,,,,,,,,,,,,,,,,,,,,,,,,,,,,,,,,,,,,,,,0,0,,,,,,,,,,,,,,,,,,,,,,,,,1,,,,,,,,,,,,,,,,,,,,,,,,,,,,,,,,,,,,,,,,,,,,,,,,,,,,,,,,,,,,,,,,2682345359.659,,,,,,2682345368.031,,,,,,,,,,,1551286225.917,,,,,,2682345365.44,,,,,,,,,,,,,,,,,,,,,,,,,,,,,,,,,,,,,,,,,,,,,,,,,,,,,,,,,,,,,,,,,,,,,,,,,,,,,,,,,,,,,,,,,,,,,,,,,,,,,,,,,,,,,,,,,,,,,,,,,,,,,,,,,,,,,,,,,,,,,,8.78499984741211,,,,,,,,,,,,,,,,,,,,,,,,,,,,,,,,,,,,,,,,,,,,,,,,,,,,,,,,,,,,,,,,,,,,,,,,,,,,,,,,,,,,,,,,,,,,,,,,,,,,,,,,,,,,,,,,,,,,,,,,,,,,,,,30551,1,none,none,0,none,,,,,,,,,,,,,,,,,,,,,,,,,,,,,,hr,hr,4,none,peer,"4,4,4,255",4,4,0,0,4,36,36,0,4,4,4,4,4,0,0,0,0,3,12.32,16.06,12.29,14.46,1,12.4,12.42,14.5,,,11.26,17.41,,,11.26,16.38,10.24,15.36,1,15.4,11.74,15.39,12.29,14.59,1,13.0,12.58,14.59,,,,,,,,,,,,,0>1;0>2;0>3;1>0;1>2;1>3;2>0;2>1;2>3;3>0;3>1;3>2,12,0,0>1;0>2;0>3;1>0;1>2;1>3;2>0;2>1;2>3;3>0;3>1;3>2,0:device_error;1:device_error;2:device_error;3:,0,"r0,r1,r2",3,12.305,11.74,17.41,0>3,4391.6,1>0,17.4,2>3,626.3,,,,0,,,0,,0,,0,0-3;1-3;2-3,3,0-3=peer judged dead: the peer's socket shows FIN | 1-3=peer judged dead: the peer's socket shows FIN | 2-3=peer judged dead: the peer's socket shows FIN,,0,0,0,0,0-3-0=2;0-3-10=2;0-3-11=2;0-3-1=2;0-3-2=2;0-3-3=2;0-3-4=2;0-3-5=2;0-3-6=2;0-3-7=2;0-3-8=2;0-3-9=2;1-3-0=2;1-3-10=2;1-3-11=2;1-3-1=2;1-3-2=2;1-3-3=2;1-3-4=2;1-3-5=2;1-3-6=2;1-3-7=2;1-3-8=2;1-3-9=2;2-3-0=2;2-3-10=2;2-3-11=2;2-3-1=2;2-3-2=2;2-3-3=2;2-3-4=2;2-3-5=2;2-3-6=2;2-3-7=2;2-3-8=2;2-3-9=2,36,p3,0-3-0=6;0-3-10=6;0-3-11=6;0-3-1=6;0-3-2=6;0-3-3=6;0-3-4=6;0-3-5=6;0-3-6=6;0-3-7=6;0-3-8=6;0-3-9=6;1-3-0=6;1-3-10=6;1-3-11=6;1-3-1=6;1-3-2=6;1-3-3=6;1-3-4=6;1-3-5=6;1-3-6=6;1-3-7=6;1-3-8=6;1-3-9=6;2-3-0=6;2-3-10=6;2-3-11=6;2-3-1=6;2-3-2=6;2-3-3=6;2-3-4=6;2-3-5=6;2-3-6=6;2-3-7=6;2-3-8=6;2-3-9=6,36,p3,3,0:LOCAL_QP_ERR,3,2682345359.2460003,1,,,6.193999767303467,,,2682345367.65,8.40399980545044,,,,,,,,0,,,,,,,,,6,0,0,6,,4,3,0-3;1-3;2-3,0,0-3=peer-dead;1-3=peer-dead;2-3=peer-dead,3,0,0,,0,0,0,4,0,0,,0,0,0,0,0,0,,4,0,4,4,0,,0,,0,,0,0,0,0,3,3,3,"r0,r1,r2",2008.4180002212524,2005.8810000419617,2682345359.707,2008.014000415802,,,0,0,0,6,3,0,0,3,0,0,,0,,0,,1,16.4,1,12.8,,,1,12.1,,,,,,,,,,,,,,,,,,,,,,,,,,,,,,
mr4_kill3_peer@hr,scored,n,mr_hr,mr4_kill3_peer_n5,mr4_kill3_peer,hr,n5,,,,,,,,,,,,,,,,,,,,,,,,,,,,,5,,,,,,,,1000,,,,,,,,0,,,,,,,,,,,,,,,,,,,,,,,,,,,,,,,,,,,,,,,,,,,,,,,,,,,,,,,,,,,,,,,,,,,,,,0,0,,,,,,,,,,,,,,,,,,,,,,,,,1,,,,,,,,,,,,,,,,,,,,,,,,,,,,,,,,,,,,,,,,,,,,,,,,,,,,,,,,,,,,,,,,2682365771.202,,,,,,2682365779.564,,,,,,,,,,,1551306637.203,,,,,,2682365777.545,,,,,,,,,,,,,,,,,,,,,,,,,,,,,,,,,,,,,,,,,,,,,,,,,,,,,,,,,,,,,,,,,,,,,,,,,,,,,,,,,,,,,,,,,,,,,,,,,,,,,,,,,,,,,,,,,,,,,,,,,,,,,,,,,,,,,,,,,,,,,,8.782000541687012,,,,,,,,,,,,,,,,,,,,,,,,,,,,,,,,,,,,,,,,,,,,,,,,,,,,,,,,,,,,,,,,,,,,,,,,,,,,,,,,,,,,,,,,,,,,,,,,,,,,,,,,,,,,,,,,,,,,,,,,,,,,,,,29327,1,none,none,0,none,,,,,,,,,,,,,,,,,,,,,,,,,,,,,,hr,hr,4,none,peer,"4,4,4,255",4,4,0,0,4,36,36,0,4,4,4,4,4,0,0,0,0,3,11.68,14.3,10.53,14.3,1,10.2,11.42,14.3,,,11.26,16.38,1,12.3,11.26,15.36,10.24,15.36,,,12.29,16.42,12.29,16.42,1,16.4,11.78,16.19,1,16.2,,,,,,,,,,,0>1;0>2;0>3;1>0;1>2;1>3;2>0;2>1;2>3;3>0;3>1;3>2,12,0,0>1;0>2;0>3;1>0;1>2;1>3;2>0;2>1;2>3;3>0;3>1;3>2,0:device_error;1:device_error;2:device_error;3:,0,"r0,r1,r2",3,11.55,10.53,16.42,0>3,4390.9,1>3,2092.0,2>0,16.4,,,,0,,,0,,0,,0,0-3;1-3;2-3,3,0-3=peer judged dead: the peer's socket shows FIN | 1-3=peer judged dead: the peer's socket shows FIN | 2-3=peer judged dead: the peer's socket shows FIN,,0,0,0,0,0-3-0=2;0-3-10=2;0-3-11=2;0-3-1=2;0-3-2=2;0-3-3=2;0-3-4=2;0-3-5=2;0-3-6=2;0-3-7=2;0-3-8=2;0-3-9=2;1-3-0=2;1-3-10=2;1-3-11=2;1-3-1=2;1-3-2=2;1-3-3=2;1-3-4=2;1-3-5=2;1-3-6=2;1-3-7=2;1-3-8=2;1-3-9=2;2-3-0=2;2-3-10=2;2-3-11=2;2-3-1=2;2-3-2=2;2-3-3=2;2-3-4=2;2-3-5=2;2-3-6=2;2-3-7=2;2-3-8=2;2-3-9=2,36,p3,0-3-0=6;0-3-10=6;0-3-11=6;0-3-1=6;0-3-2=6;0-3-3=6;0-3-4=6;0-3-5=6;0-3-6=6;0-3-7=6;0-3-8=6;0-3-9=6;1-3-0=6;1-3-10=6;1-3-11=6;1-3-1=6;1-3-2=6;1-3-3=6;1-3-4=6;1-3-5=6;1-3-6=6;1-3-7=6;1-3-8=6;1-3-9=6;2-3-0=6;2-3-10=6;2-3-11=6;2-3-1=6;2-3-2=6;2-3-3=6;2-3-4=6;2-3-5=6;2-3-6=6;2-3-7=6;2-3-8=6;2-3-9=6,36,p3,3,0:LOCAL_QP_ERR;1:LOCAL_QP_ERR,3,2682365770.7819996,1,,,6.76300048828125,,,2682365779.152,8.37000036239624,,,,,,,,0,,,,,,,,,6,0,0,6,,4,3,0-3;1-3;2-3,0,0-3=peer-dead;1-3=peer-dead;2-3=peer-dead,3,0,0,,0,0,0,4,0,0,,0,0,0,0,0,0,,4,0,4,4,0,,0,,0,,0,0,0,0,3,3,3,"r0,r1,r2",2008.3379998207092,2006.345999956131,2682365771.248,2007.9619998931885,,,0,0,0,6,3,0,0,3,0,0,,0,,0,,1,11.3,,,,,1,11.4,,,,,,,,,,,,,,,,,,,,,,,,,,,,,,
mr4_none@hr,scored,n,mr_hr,mr4_none_n1,mr4_none,hr,n1,,,,,,,,,,,,,,,,,,,,,,,,,,,,,1,,,,,,,,1000,,,,,,,,0,,,,,,,,,,,,,,,,,,,,,,,,,,,,,,,,,,,,,,,,,,,,,,,,,,,,,,,,,,,,,,,,,,,,,,0,1,,,,,,,,,,,,,,,,,,,,,,,,,0,,,,,,,,,,,,,,,,,,,,,,,,,,,,,,,,,,,,,,,,,,,,,,,,,,,,,,,,,,,,,,,,,,,,,,,,,,,,,,,,,,,,,,,,,,,,,,,,,,,,,,,,,,,,,,,,,,,,,,,,,,,,,,,,,,,,,,,,,,,,,,,,,,,,,,,,,,,,,,,,,,,,,,,,,,,,,,,,,,,,,,,,,,,,,,,,,,,,,,,,,,,,,,,,,,,,,,,,,,,,,,,,,,,,,,,,,,,,,,,,,,,,,,,,,,,,,,,,,,,,,,,,,,,,,,,,,,,,,,,,,,,,,,,,,,,,,,,,,,,,,,,,,,,,,,,,,,,,,,,,,,,,,,,,,,,,,,,,,,,,,,,,,,,,,,,,,,,,30458,1,none,none,0,none,,,,,,,,,,,,,,,,,,,,,,,,,,,,,,hr,hr,4,none,ctx,"0,0,0,0",4,4,0,0,4,36,36,0,4,4,4,4,4,0,0,0,0,0,13.12,16.45,13.12,16.45,1,16.4,13.06,16.38,1,16.4,12.29,17.41,,,12.29,17.41,11.26,17.41,1,17.4,13.28,17.15,13.98,18.24,1,18.2,13.22,18.46,,,12.29,17.41,11.26,17.41,1,17.4,11.26,17.41,1,17.4,0>1;0>2;0>3;1>0;1>2;1>3;2>0;2>1;2>3;3>0;3>1;3>2,12,12,,0:ok;1:ok;2:ok;3:ok,4,,0,12.675,12.19,18.46,0>1,16.4,1>0,17.4,2>3,18.5,3>0,17.4,,0,,,0,,0,,0,,0,,,0,0,0,0,,0,,,0,,4,,,,,,,,,,,,,,,,,,,0,,,,,,,,,,,,,,4,0,,0,,0,0,0,,0,0,0,0,0,0,,0,0,0,0,0,0,,4,0,4,4,0,,0,,0,,0,0,0,0,4,0,0,,,,,,,,0,,,,,,,,,,,,,,,1,17.4,1,17.2,,,,,,,,,,,,,,,,,,,,,,,,,,,,,,,,,,
mr4_none@hr,scored,n,mr_hr,mr4_none_n2,mr4_none,hr,n2,,,,,,,,,,,,,,,,,,,,,,,,,,,,,2,,,,,,,,1000,,,,,,,,0,,,,,,,,,,,,,,,,,,,,,,,,,,,,,,,,,,,,,,,,,,,,,,,,,,,,,,,,,,,,,,,,,,,,,,0,1,,,,,,,,,,,,,,,,,,,,,,,,,0,,,,,,,,,,,,,,,,,,,,,,,,,,,,,,,,,,,,,,,,,,,,,,,,,,,,,,,,,,,,,,,,,,,,,,,,,,,,,,,,,,,,,,,,,,,,,,,,,,,,,,,,,,,,,,,,,,,,,,,,,,,,,,,,,,,,,,,,,,,,,,,,,,,,,,,,,,,,,,,,,,,,,,,,,,,,,,,,,,,,,,,,,,,,,,,,,,,,,,,,,,,,,,,,,,,,,,,,,,,,,,,,,,,,,,,,,,,,,,,,,,,,,,,,,,,,,,,,,,,,,,,,,,,,,,,,,,,,,,,,,,,,,,,,,,,,,,,,,,,,,,,,,,,,,,,,,,,,,,,,,,,,,,,,,,,,,,,,,,,,,,,,,,,,,,,,,,,,29187,1,none,none,0,none,,,,,,,,,,,,,,,,,,,,,,,,,,,,,,hr,hr,4,none,ctx,"0,0,0,0",4,4,0,0,4,36,36,0,4,4,4,4,4,0,0,0,0,0,13.12,17.66,13.02,18.14,,,12.7,18.14,1,18.1,12.29,17.41,,,12.29,17.41,11.26,17.41,1,17.4,13.09,18.08,13.12,17.47,1,17.5,12.99,16.35,1,16.4,12.29,17.41,11.26,17.41,1,17.4,11.26,17.41,1,17.4,0>1;0>2;0>3;1>0;1>2;1>3;2>0;2>1;2>3;3>0;3>1;3>2,12,12,,0:ok;1:ok;2:ok;3:ok,4,,0,12.495,12.14,18.14,0>2,18.1,1>0,17.4,2>0,18.1,3>0,17.4,,0,,,0,,0,,0,,0,,,0,0,0,0,,0,,,0,,4,,,,,,,,,,,,,,,,,,,0,,,,,,,,,,,,,,4,0,,0,,0,0,0,,0,0,0,0,0,0,,0,0,0,0,0,0,,4,0,4,4,0,,0,,0,,0,0,0,0,4,0,0,,,,,,,,0,,,,,,,,,,,,,,,1,17.4,,,,,1,17.7,,,,,,,,,,,,,,,,,,,,,,,,,,,,,,
mr4_none@hr,scored,n,mr_hr,mr4_none_n3,mr4_none,hr,n3,,,,,,,,,,,,,,,,,,,,,,,,,,,,,3,,,,,,,,1000,,,,,,,,0,,,,,,,,,,,,,,,,,,,,,,,,,,,,,,,,,,,,,,,,,,,,,,,,,,,,,,,,,,,,,,,,,,,,,,0,1,,,,,,,,,,,,,,,,,,,,,,,,,0,,,,,,,,,,,,,,,,,,,,,,,,,,,,,,,,,,,,,,,,,,,,,,,,,,,,,,,,,,,,,,,,,,,,,,,,,,,,,,,,,,,,,,,,,,,,,,,,,,,,,,,,,,,,,,,,,,,,,,,,,,,,,,,,,,,,,,,,,,,,,,,,,,,,,,,,,,,,,,,,,,,,,,,,,,,,,,,,,,,,,,,,,,,,,,,,,,,,,,,,,,,,,,,,,,,,,,,,,,,,,,,,,,,,,,,,,,,,,,,,,,,,,,,,,,,,,,,,,,,,,,,,,,,,,,,,,,,,,,,,,,,,,,,,,,,,,,,,,,,,,,,,,,,,,,,,,,,,,,,,,,,,,,,,,,,,,,,,,,,,,,,,,,,,,,,,,,,,30762,1,none,none,0,none,,,,,,,,,,,,,,,,,,,,,,,,,,,,,,hr,hr,4,none,ctx,"0,0,0,0",4,4,0,0,4,36,36,0,4,4,4,4,4,0,0,0,0,0,13.12,15.84,13.12,15.84,1,15.8,13.06,15.74,1,14.6,12.29,18.43,,,12.29,18.43,11.26,17.41,1,17.4,12.99,16.1,13.12,16.29,,,12.93,15.52,1,14.3,12.29,18.43,11.26,18.43,1,18.4,11.26,18.43,1,18.4,0>1;0>2;0>3;1>0;1>2;1>3;2>0;2>1;2>3;3>0;3>1;3>2,12,12,,0:ok;1:ok;2:ok;3:ok,4,,0,12.61,12.125,18.43,0>1,15.8,1>0,18.4,2>1,16.3,3>0,18.4,,0,,,0,,0,,0,,0,,,0,0,0,0,,0,,,0,,4,,,,,,,,,,,,,,,,,,,0,,,,,,,,,,,,,,4,0,,0,,0,0,0,,0,0,0,0,0,0,,0,0,0,0,0,0,,4,0,4,4,0,,0,,0,,0,0,0,0,4,0,0,,,,,,,,0,,,,,,,,,,,,,,,1,18.4,1,14.3,,,,,,,,,,,,,,,,,,,,,,,,,,,,,,,,,,
mr4_none@hr,scored,n,mr_hr,mr4_none_n4,mr4_none,hr,n4,,,,,,,,,,,,,,,,,,,,,,,,,,,,,4,,,,,,,,1000,,,,,,,,0,,,,,,,,,,,,,,,,,,,,,,,,,,,,,,,,,,,,,,,,,,,,,,,,,,,,,,,,,,,,,,,,,,,,,,0,1,,,,,,,,,,,,,,,,,,,,,,,,,0,,,,,,,,,,,,,,,,,,,,,,,,,,,,,,,,,,,,,,,,,,,,,,,,,,,,,,,,,,,,,,,,,,,,,,,,,,,,,,,,,,,,,,,,,,,,,,,,,,,,,,,,,,,,,,,,,,,,,,,,,,,,,,,,,,,,,,,,,,,,,,,,,,,,,,,,,,,,,,,,,,,,,,,,,,,,,,,,,,,,,,,,,,,,,,,,,,,,,,,,,,,,,,,,,,,,,,,,,,,,,,,,,,,,,,,,,,,,,,,,,,,,,,,,,,,,,,,,,,,,,,,,,,,,,,,,,,,,,,,,,,,,,,,,,,,,,,,,,,,,,,,,,,,,,,,,,,,,,,,,,,,,,,,,,,,,,,,,,,,,,,,,,,,,,,,,,,,,30223,1,none,none,0,none,,,,,,,,,,,,,,,,,,,,,,,,,,,,,,hr,hr,4,none,ctx,"0,0,0,0",4,4,0,0,4,36,36,0,4,4,4,4,4,0,0,0,0,0,12.93,18.4,12.9,18.4,1,18.4,12.74,17.54,1,17.5,12.29,16.38,,,12.29,16.38,11.26,16.38,1,16.4,13.6,16.38,14.34,17.44,,,13.25,16.38,1,14.3,12.29,17.41,11.26,17.41,1,17.4,11.26,17.41,1,17.4,0>1;0>2;0>3;1>0;1>2;1>3;2>0;2>1;2>3;3>0;3>1;3>2,12,12,,0:ok;1:ok;2:ok;3:ok,4,,0,12.515,12.08,18.4,0>1,18.4,1>0,16.4,2>1,17.4,3>0,17.4,,0,,,0,,0,,0,,0,,,0,0,0,0,,0,,,0,,4,,,,,,,,,,,,,,,,,,,0,,,,,,,,,,,,,,4,0,,0,,0,0,0,,0,0,0,0,0,0,,0,0,0,0,0,0,,4,0,4,4,0,,0,,0,,0,0,0,0,4,0,0,,,,,,,,0,,,,,,,,,,,,,,,1,16.4,1,16.2,,,,,,,,,,,,,,,,,,,,,,,,,,,,,,,,,,
mr4_none@hr,scored,n,mr_hr,mr4_none_n5,mr4_none,hr,n5,,,,,,,,,,,,,,,,,,,,,,,,,,,,,5,,,,,,,,1000,,,,,,,,0,,,,,,,,,,,,,,,,,,,,,,,,,,,,,,,,,,,,,,,,,,,,,,,,,,,,,,,,,,,,,,,,,,,,,,0,1,,,,,,,,,,,,,,,,,,,,,,,,,0,,,,,,,,,,,,,,,,,,,,,,,,,,,,,,,,,,,,,,,,,,,,,,,,,,,,,,,,,,,,,,,,,,,,,,,,,,,,,,,,,,,,,,,,,,,,,,,,,,,,,,,,,,,,,,,,,,,,,,,,,,,,,,,,,,,,,,,,,,,,,,,,,,,,,,,,,,,,,,,,,,,,,,,,,,,,,,,,,,,,,,,,,,,,,,,,,,,,,,,,,,,,,,,,,,,,,,,,,,,,,,,,,,,,,,,,,,,,,,,,,,,,,,,,,,,,,,,,,,,,,,,,,,,,,,,,,,,,,,,,,,,,,,,,,,,,,,,,,,,,,,,,,,,,,,,,,,,,,,,,,,,,,,,,,,,,,,,,,,,,,,,,,,,,,,,,,,,,29374,1,none,none,0,none,,,,,,,,,,,,,,,,,,,,,,,,,,,,,,hr,hr,4,none,ctx,"0,0,0,0",4,4,0,0,4,36,36,0,4,4,4,4,4,0,0,0,0,0,13.12,16.19,13.12,15.17,1,13.7,12.8,15.68,1,14.3,12.29,17.41,,,12.29,17.41,11.26,16.38,1,16.4,12.99,16.38,13.12,17.73,,,12.99,16.35,1,16.4,12.29,17.41,11.26,17.41,1,17.4,11.26,16.38,1,16.4,0>1;0>2;0>3;1>0;1>2;1>3;2>0;2>1;2>3;3>0;3>1;3>2,12,12,,0:ok;1:ok;2:ok;3:ok,4,,0,12.545,12.125,17.73,0>1,16.2,1>0,17.4,2>1,17.7,3>0,17.4,,0,,,0,,0,,0,,0,,,0,0,0,0,,0,,,0,,4,,,,,,,,,,,,,,,,,,,0,,,,,,,,,,,,,,4,0,,0,,0,0,0,,0,0,0,0,0,0,,0,0,0,0,0,0,,4,0,4,4,0,,0,,0,,0,0,0,0,4,0,0,,,,,,,,0,,,,,,,,,,,,,,,1,17.4,1,16.4,,,,,,,,,,,,,,,,,,,,,,,,,,,,,,,,,,
rm4_kill3_untimed@hr,scored,n,mr_hr,rm4_kill3_untimed_n1,rm4_kill3_untimed,hr,n1,,,,,,,,,,,,,,,,,,,,,,,,,,,,,1,,,,,,,,1000,,,,,,,,0,,,,,,,,,,,,,,,,,,,,,,,,,,,,,,,,,,,,,,,,,,,,,,,,,,,,,,,,,,,,,,,,,,,,,,0,0,,,,,,,,,,,,,,,,,,,,,,,,,1,,,,,,,,,,,,,,,,,,,,,,,,,,,,,,,,,,,,,,,,,,,,,,,,,,,,,,,,,,,,,,,,2681940061.136,,,,,,2681940069.468,,,,,,,,,,,1550880933.803,,,,,,2681940066.454,,,,,,,,,,,,,,,,,,,,,,,,,,,,,,,,,,,,,,,,,,,,,,,,,,,,,,,,,,,,,,,,,,,,,,,,,,,,,,,,,,,,,,,,,,,,,,,,,,,,,,,,,,,,,,,,,,,,,,,,,,,,,,,,,,,,,,,,,,,,,,8.818999767303467,,,,,,,,,,,,,,,,,,,,,,,,,,,,,,,,,,,,,,,,,,,,,,,,,,,,,,,,,,,,,,,,,,,,,,,,,,,,,,,,,,,,,,,,,,,,,,,,,,,,,,,,,,,,,,,,,,,,,,,,,,,,,,,30005,1,none,none,0,none,,,,,,,,,,,,,,,,,,,,,,,,,,,,,,hr,hr,4,none,peer,"4,4,4,255",4,4,0,0,4,36,36,0,4,4,4,4,4,0,0,0,0,3,11.94,15.23,10.88,14.66,1,12.1,12.19,15.26,,,11.26,16.38,1,11.3,11.26,16.38,10.24,16.38,,,12.29,17.02,12.29,16.99,1,17.0,11.94,17.02,1,17.0,,,,,,,,,,,0>1;0>2;0>3;1>0;1>2;1>3;2>0;2>1;2>3;3>0;3>1;3>2,12,0,0>1;0>2;0>3;1>0;1>2;1>3;2>0;2>1;2>3;3>0;3>1;3>2,0:device_error;1:device_error;2:device_error;3:,0,"r0,r1,r2",3,11.94,10.88,17.02,0>3,5187.6,1>3,1027.1,2>0,17.0,,,,0,,,0,,0,,0,0-3;1-3;2-3,3,0-3=peer judged dead: the peer's socket shows FIN | 1-3=peer judged dead: the peer's socket shows FIN | 2-3=peer judged dead: the peer's socket shows FIN,,0,0,0,0,0-3-0=2;0-3-10=2;0-3-11=2;0-3-1=2;0-3-2=2;0-3-3=2;0-3-4=2;0-3-5=2;0-3-6=2;0-3-7=2;0-3-8=2;0-3-9=2;1-3-0=2;1-3-10=2;1-3-11=2;1-3-1=2;1-3-2=2;1-3-3=2;1-3-4=2;1-3-5=2;1-3-6=2;1-3-7=2;1-3-8=2;1-3-9=2;2-3-0=2;2-3-10=2;2-3-11=2;2-3-1=2;2-3-2=2;2-3-3=2;2-3-4=2;2-3-5=2;2-3-6=2;2-3-7=2;2-3-8=2;2-3-9=2,36,p3,0-3-0=6;0-3-10=6;0-3-11=6;0-3-1=6;0-3-2=6;0-3-3=6;0-3-4=6;0-3-5=6;0-3-6=6;0-3-7=6;0-3-8=6;0-3-9=6;1-3-0=6;1-3-10=6;1-3-11=6;1-3-1=6;1-3-2=6;1-3-3=6;1-3-4=6;1-3-5=6;1-3-6=6;1-3-7=6;1-3-8=6;1-3-9=6;2-3-0=6;2-3-10=6;2-3-11=6;2-3-1=6;2-3-2=6;2-3-3=6;2-3-4=6;2-3-5=6;2-3-6=6;2-3-7=6;2-3-8=6;2-3-9=6,36,p3,3,0:LOCAL_QP_ERR;1:LOCAL_QP_ERR,3,2681940060.649,1,,,5.804999828338623,,,2681940069.465,8.815999984741211,,,,,,,,0,,,,,,,,,6,0,0,6,,4,3,0-3;1-3;2-3,0,0-3=peer-dead;1-3=peer-dead;2-3=peer-dead,3,0,0,,0,0,0,4,0,0,,0,0,0,0,0,0,,4,0,4,4,0,,0,,0,,0,0,0,0,3,3,3,"r0,r1,r2",2008.378999710083,2005.364000082016,2681940061.19,2008.3029999732971,,,1,3,6,6,3,0,0,3,0,1,2009.6079998016357,1,2007.6219999790192,1,2012.7119998931885,1,11.3,,,,,1,12.3,,,,,,,,,,,,,,,,,,,,,,,,,,,,,,
rm4_kill3_untimed@hr,scored,n,mr_hr,rm4_kill3_untimed_n2,rm4_kill3_untimed,hr,n2,,,,,,,,,,,,,,,,,,,,,,,,,,,,,2,,,,,,,,1000,,,,,,,,0,,,,,,,,,,,,,,,,,,,,,,,,,,,,,,,,,,,,,,,,,,,,,,,,,,,,,,,,,,,,,,,,,,,,,,0,0,,,,,,,,,,,,,,,,,,,,,,,,,1,,,,,,,,,,,,,,,,,,,,,,,,,,,,,,,,,,,,,,,,,,,,,,,,,,,,,,,,,,,,,,,,2681960488.082,,,,,,2681960496.572,,,,,,,,,,,1550901360.379,,,,,,2681960494.403,,,,,,,,,,,,,,,,,,,,,,,,,,,,,,,,,,,,,,,,,,,,,,,,,,,,,,,,,,,,,,,,,,,,,,,,,,,,,,,,,,,,,,,,,,,,,,,,,,,,,,,,,,,,,,,,,,,,,,,,,,,,,,,,,,,,,,,,,,,,,,8.96999979019165,,,,,,,,,,,,,,,,,,,,,,,,,,,,,,,,,,,,,,,,,,,,,,,,,,,,,,,,,,,,,,,,,,,,,,,,,,,,,,,,,,,,,,,,,,,,,,,,,,,,,,,,,,,,,,,,,,,,,,,,,,,,,,,30073,1,none,none,0,none,,,,,,,,,,,,,,,,,,,,,,,,,,,,,,hr,hr,4,none,peer,"4,4,4,255",4,4,0,0,4,36,36,0,4,4,4,4,4,0,0,0,0,3,12.29,14.56,12.22,14.56,1,12.5,12.42,14.56,,,11.26,17.41,1,11.3,10.24,16.38,10.24,16.38,,,11.9,16.38,12.29,16.38,1,16.4,12.38,16.35,1,16.4,,,,,,,,,,,0>1;0>2;0>3;1>0;1>2;1>3;2>0;2>1;2>3;3>0;3>1;3>2,12,0,0>1;0>2;0>3;1>0;1>2;1>3;2>0;2>1;2>3;3>0;3>1;3>2,0:device_error;1:device_error;2:device_error;3:,0,"r0,r1,r2",3,12.29,11.9,17.41,0>3,8777.5,1>3,4040.7,2>0,16.4,,,,0,,,0,,0,,0,0-3;1-3;2-3,3,0-3=peer judged dead: the peer's socket shows FIN | 1-3=peer judged dead: the peer's socket shows FIN | 2-3=peer judged dead: the peer's socket shows FIN,,0,0,0,0,0-3-0=2;0-3-10=2;0-3-11=2;0-3-1=2;0-3-2=2;0-3-3=2;0-3-4=2;0-3-5=2;0-3-6=2;0-3-7=2;0-3-8=2;0-3-9=2;1-3-0=2;1-3-10=2;1-3-11=2;1-3-1=2;1-3-2=2;1-3-3=2;1-3-4=2;1-3-5=2;1-3-6=2;1-3-7=2;1-3-8=2;1-3-9=2;2-3-0=2;2-3-10=2;2-3-11=2;2-3-1=2;2-3-2=2;2-3-3=2;2-3-4=2;2-3-5=2;2-3-6=2;2-3-7=2;2-3-8=2;2-3-9=2,36,p3,0-3-0=6;0-3-10=6;0-3-11=6;0-3-1=6;0-3-2=6;0-3-3=6;0-3-4=6;0-3-5=6;0-3-6=6;0-3-7=6;0-3-8=6;0-3-9=6;1-3-0=6;1-3-10=6;1-3-11=6;1-3-1=6;1-3-2=6;1-3-3=6;1-3-4=6;1-3-5=6;1-3-6=6;1-3-7=6;1-3-8=6;1-3-9=6;2-3-0=6;2-3-10=6;2-3-11=6;2-3-1=6;2-3-2=6;2-3-3=6;2-3-4=6;2-3-5=6;2-3-6=6;2-3-7=6;2-3-8=6;2-3-9=6,36,p3,3,0:LOCAL_QP_ERR;1:LOCAL_QP_ERR,3,2681960487.602,1,,,6.800999641418457,,,2681960496.163,8.560999870300293,,,,,,,,0,,,,,,,,,6,0,0,6,,4,3,0-3;1-3;2-3,0,0-3=peer-dead;1-3=peer-dead;2-3=peer-dead,3,0,0,,0,0,0,4,0,0,,0,0,0,0,0,0,,4,0,4,4,0,,0,,0,,0,0,0,0,3,3,3,"r0,r1,r2",2008.4990000724792,2006.4010000228882,2681960488.131,2008.0440001487732,,,1,3,6,6,3,0,0,3,0,1,2012.1370000839233,1,2008.0120000839233,1,2010.616000175476,1,11.3,,,,,1,12.7,,,,,,,,,,,,,,,,,,,,,,,,,,,,,,
rm4_kill3_untimed@hr,scored,n,mr_hr,rm4_kill3_untimed_n3,rm4_kill3_untimed,hr,n3,,,,,,,,,,,,,,,,,,,,,,,,,,,,,3,,,,,,,,1000,,,,,,,,0,,,,,,,,,,,,,,,,,,,,,,,,,,,,,,,,,,,,,,,,,,,,,,,,,,,,,,,,,,,,,,,,,,,,,,0,0,,,,,,,,,,,,,,,,,,,,,,,,,1,,,,,,,,,,,,,,,,,,,,,,,,,,,,,,,,,,,,,,,,,,,,,,,,,,,,,,,,,,,,,,,,2682008848.723,,,,,,2682008856.699,,,,,,,,,,,1550949720.14,,,,,,2682008854.6879997,,,,,,,,,,,,,,,,,,,,,,,,,,,,,,,,,,,,,,,,,,,,,,,,,,,,,,,,,,,,,,,,,,,,,,,,,,,,,,,,,,,,,,,,,,,,,,,,,,,,,,,,,,,,,,,,,,,,,,,,,,,,,,,,,,,,,,,,,,,,,,8.440000057220459,,,,,,,,,,,,,,,,,,,,,,,,,,,,,,,,,,,,,,,,,,,,,,,,,,,,,,,,,,,,,,,,,,,,,,,,,,,,,,,,,,,,,,,,,,,,,,,,,,,,,,,,,,,,,,,,,,,,,,,,,,,,,,,29048,1,none,none,0,none,,,,,,,,,,,,,,,,,,,,,,,,,,,,,,hr,hr,4,none,peer,"4,4,4,255",4,4,0,0,4,36,36,0,4,4,4,4,4,0,0,0,0,3,12.29,18.4,12.16,18.4,1,18.4,12.42,18.18,1,18.2,11.26,18.43,1,11.3,11.26,16.38,10.24,16.38,,,11.71,16.19,12.29,16.19,1,16.2,12.48,15.94,1,15.9,,,,,,,,,,,0>1;0>2;0>3;1>0;1>2;1>3;2>0;2>1;2>3;3>0;3>1;3>2,12,0,0>1;0>2;0>3;1>0;1>2;1>3;2>0;2>1;2>3;3>0;3>1;3>2,0:device_error;1:device_error;2:device_error;3:,0,"r0,r1,r2",3,12.29,11.71,18.43,0>1,18.4,1>3,2730.0,2>0,16.2,,,,0,,,0,,0,,0,0-3;1-3;2-3,3,0-3=peer judged dead: the peer's socket shows FIN | 1-3=peer judged dead: the peer's socket shows FIN | 2-3=peer judged dead: the peer's socket shows FIN,,0,0,0,0,0-3-0=2;0-3-10=2;0-3-11=2;0-3-1=2;0-3-2=2;0-3-3=2;0-3-4=2;0-3-5=2;0-3-6=2;0-3-7=2;0-3-8=2;0-3-9=2;1-3-0=2;1-3-10=2;1-3-11=2;1-3-1=2;1-3-2=2;1-3-3=2;1-3-4=2;1-3-5=2;1-3-6=2;1-3-7=2;1-3-8=2;1-3-9=2;2-3-0=2;2-3-10=2;2-3-11=2;2-3-1=2;2-3-2=2;2-3-3=2;2-3-4=2;2-3-5=2;2-3-6=2;2-3-7=2;2-3-8=2;2-3-9=2,36,p3,0-3-0=6;0-3-10=6;0-3-11=6;0-3-1=6;0-3-2=6;0-3-3=6;0-3-4=6;0-3-5=6;0-3-6=6;0-3-7=6;0-3-8=6;0-3-9=6;1-3-0=6;1-3-10=6;1-3-11=6;1-3-1=6;1-3-2=6;1-3-3=6;1-3-4=6;1-3-5=6;1-3-6=6;1-3-7=6;1-3-8=6;1-3-9=6;2-3-0=6;2-3-10=6;2-3-11=6;2-3-1=6;2-3-2=6;2-3-3=6;2-3-4=6;2-3-5=6;2-3-6=6;2-3-7=6;2-3-8=6;2-3-9=6,36,p3,3,1:LOCAL_QP_ERR,3,2682008848.259,1,,,6.428999900817871,,,2682008857.082,8.822999954223633,,,,,,,,0,,,,,,,,,6,0,0,6,,4,3,0-3;1-3;2-3,0,0-3=peer-dead;1-3=peer-dead;2-3=peer-dead,3,0,0,,0,0,0,4,0,0,,0,0,0,0,0,0,,4,0,4,4,0,,0,,0,,0,0,0,0,3,3,3,"r0,r1,r2",2008.0429997444153,2006.023999929428,2682008848.766,2008.3540000915527,,,1,3,6,6,3,0,0,3,0,1,2011.4980001449585,1,2007.2709999084473,1,2011.0300002098083,1,11.3,,,,,,,,,,,,,,,,,,,,,,,,,,,,,,,,,,,,
rm4_kill3_untimed@hr,scored,n,mr_hr,rm4_kill3_untimed_n4,rm4_kill3_untimed,hr,n4,,,,,,,,,,,,,,,,,,,,,,,,,,,,,4,,,,,,,,1000,,,,,,,,0,,,,,,,,,,,,,,,,,,,,,,,,,,,,,,,,,,,,,,,,,,,,,,,,,,,,,,,,,,,,,,,,,,,,,,0,0,,,,,,,,,,,,,,,,,,,,,,,,,1,,,,,,,,,,,,,,,,,,,,,,,,,,,,,,,,,,,,,,,,,,,,,,,,,,,,,,,,,,,,,,,,2682029301.223,,,,,,2682029309.568,,,,,,,,,,,1550970172.235,,,,,,2682029307.651,,,,,,,,,,,,,,,,,,,,,,,,,,,,,,,,,,,,,,,,,,,,,,,,,,,,,,,,,,,,,,,,,,,,,,,,,,,,,,,,,,,,,,,,,,,,,,,,,,,,,,,,,,,,,,,,,,,,,,,,,,,,,,,,,,,,,,,,,,,,,,8.849999904632568,,,,,,,,,,,,,,,,,,,,,,,,,,,,,,,,,,,,,,,,,,,,,,,,,,,,,,,,,,,,,,,,,,,,,,,,,,,,,,,,,,,,,,,,,,,,,,,,,,,,,,,,,,,,,,,,,,,,,,,,,,,,,,,30965,1,none,none,0,none,,,,,,,,,,,,,,,,,,,,,,,,,,,,,,hr,hr,4,none,peer,"4,4,4,255",4,4,0,0,4,36,36,0,4,4,4,4,4,0,0,0,0,3,12.29,16.38,12.16,16.38,1,16.4,12.42,16.38,1,16.4,11.26,17.41,,,11.26,16.38,10.24,16.38,1,16.4,11.68,14.34,12.29,15.71,,,12.48,14.34,1,14.0,,,,,,,,,,,0>1;0>2;0>3;1>0;1>2;1>3;2>0;2>1;2>3;3>0;3>1;3>2,12,0,0>1;0>2;0>3;1>0;1>2;1>3;2>0;2>1;2>3;3>0;3>1;3>2,0:device_error;1:device_error;2:device_error;3:,0,"r0,r1,r2",3,12.29,11.68,17.41,0>1,16.4,1>0,17.4,2>1,15.7,,,,0,,,0,,0,,0,0-3;1-3;2-3,3,0-3=peer judged dead: the peer's socket shows FIN | 1-3=peer judged dead: the peer's socket shows FIN | 2-3=peer judged dead: the peer's socket shows FIN,,0,0,0,0,0-3-0=2;0-3-10=2;0-3-11=2;0-3-1=2;0-3-2=2;0-3-3=2;0-3-4=2;0-3-5=2;0-3-6=2;0-3-7=2;0-3-8=2;0-3-9=2;1-3-0=2;1-3-10=2;1-3-11=2;1-3-1=2;1-3-2=2;1-3-3=2;1-3-4=2;1-3-5=2;1-3-6=2;1-3-7=2;1-3-8=2;1-3-9=2;2-3-0=2;2-3-10=2;2-3-11=2;2-3-1=2;2-3-2=2;2-3-3=2;2-3-4=2;2-3-5=2;2-3-6=2;2-3-7=2;2-3-8=2;2-3-9=2,36,p3,0-3-0=6;0-3-10=6;0-3-11=6;0-3-1=6;0-3-2=6;0-3-3=6;0-3-4=6;0-3-5=6;0-3-6=6;0-3-7=6;0-3-8=6;0-3-9=6;1-3-0=6;1-3-10=6;1-3-11=6;1-3-1=6;1-3-2=6;1-3-3=6;1-3-4=6;1-3-5=6;1-3-6=6;1-3-7=6;1-3-8=6;1-3-9=6;2-3-0=6;2-3-10=6;2-3-11=6;2-3-1=6;2-3-2=6;2-3-3=6;2-3-4=6;2-3-5=6;2-3-6=6;2-3-7=6;2-3-8=6;2-3-9=6,36,p3,3,,3,2682029300.718,1,,,6.933000087738037,,,2682029309.577,8.859000205993652,,,,,,,,0,,,,,,,,,6,0,0,6,,4,3,0-3;1-3;2-3,0,0-3=peer-dead;1-3=peer-dead;2-3=peer-dead,3,0,0,,0,0,0,4,0,0,,0,0,0,0,0,0,,4,0,4,4,0,,0,,0,,0,0,0,0,3,3,3,"r0,r1,r2",2008.4029998779297,2006.6349999904633,2682029301.224,2008.4029998779297,,,1,3,6,6,3,0,0,3,0,1,2012.8870000839233,1,2008.3000001907349,1,2010.9920001029968,1,16.4,1,14.3,,,,,,,,,,,,,,,,,,,,,,,,,,,,,,,,,,
rm4_kill3_untimed@hr,scored,n,mr_hr,rm4_kill3_untimed_n5,rm4_kill3_untimed,hr,n5,,,,,,,,,,,,,,,,,,,,,,,,,,,,,5,,,,,,,,1000,,,,,,,,0,,,,,,,,,,,,,,,,,,,,,,,,,,,,,,,,,,,,,,,,,,,,,,,,,,,,,,,,,,,,,,,,,,,,,,0,0,,,,,,,,,,,,,,,,,,,,,,,,,1,,,,,,,,,,,,,,,,,,,,,,,,,,,,,,,,,,,,,,,,,,,,,,,,,,,,,,,,,,,,,,,,2682077676.215,,,,,,2682077684.364,,,,,,,,,,,1551018546.455,,,,,,2682077682.606,,,,,,,,,,,,,,,,,,,,,,,,,,,,,,,,,,,,,,,,,,,,,,,,,,,,,,,,,,,,,,,,,,,,,,,,,,,,,,,,,,,,,,,,,,,,,,,,,,,,,,,,,,,,,,,,,,,,,,,,,,,,,,,,,,,,,,,,,,,,,,8.622999668121338,,,,,,,,,,,,,,,,,,,,,,,,,,,,,,,,,,,,,,,,,,,,,,,,,,,,,,,,,,,,,,,,,,,,,,,,,,,,,,,,,,,,,,,,,,,,,,,,,,,,,,,,,,,,,,,,,,,,,,,,,,,,,,,29576,1,none,none,0,none,,,,,,,,,,,,,,,,,,,,,,,,,,,,,,hr,hr,4,none,peer,"4,4,4,255",4,4,0,0,4,36,36,0,4,4,4,4,4,0,0,0,0,3,11.71,14.37,10.59,14.37,1,14.4,11.52,14.37,1,14.4,11.26,16.38,,,11.26,16.38,10.24,15.36,1,15.4,12.29,17.09,12.29,17.09,1,10.3,11.81,16.83,,,,,,,,,,,,,0>1;0>2;0>3;1>0;1>2;1>3;2>0;2>1;2>3;3>0;3>1;3>2,12,0,0>1;0>2;0>3;1>0;1>2;1>3;2>0;2>1;2>3;3>0;3>1;3>2,0:device_error;1:device_error;2:device_error;3:,0,"r0,r1,r2",3,11.615,10.59,17.09,0>1,14.4,1>0,16.4,2>3,2605.9,,,,0,,,0,,0,,0,0-3;1-3;2-3,3,0-3=peer judged dead: the peer's socket shows FIN | 1-3=peer judged dead: the peer's socket shows FIN | 2-3=peer judged dead: the peer's socket shows FIN,,0,0,0,0,0-3-0=2;0-3-10=2;0-3-11=2;0-3-1=2;0-3-2=2;0-3-3=2;0-3-4=2;0-3-5=2;0-3-6=2;0-3-7=2;0-3-8=2;0-3-9=2;1-3-0=2;1-3-10=2;1-3-11=2;1-3-1=2;1-3-2=2;1-3-3=2;1-3-4=2;1-3-5=2;1-3-6=2;1-3-7=2;1-3-8=2;1-3-9=2;2-3-0=2;2-3-10=2;2-3-11=2;2-3-1=2;2-3-2=2;2-3-3=2;2-3-4=2;2-3-5=2;2-3-6=2;2-3-7=2;2-3-8=2;2-3-9=2,36,p3,0-3-0=6;0-3-10=6;0-3-11=6;0-3-1=6;0-3-2=6;0-3-3=6;0-3-4=6;0-3-5=6;0-3-6=6;0-3-7=6;0-3-8=6;0-3-9=6;1-3-0=6;1-3-10=6;1-3-11=6;1-3-1=6;1-3-2=6;1-3-3=6;1-3-4=6;1-3-5=6;1-3-6=6;1-3-7=6;1-3-8=6;1-3-9=6;2-3-0=6;2-3-10=6;2-3-11=6;2-3-1=6;2-3-2=6;2-3-3=6;2-3-4=6;2-3-5=6;2-3-6=6;2-3-7=6;2-3-8=6;2-3-9=6,36,p3,3,2:LOCAL_QP_ERR,3,2682077675.741,1,,,6.864999771118164,,,2682077684.352,8.611000061035156,,,,,,,,0,,,,,,,,,6,0,0,6,,4,3,0-3;1-3;2-3,0,0-3=peer-dead;1-3=peer-dead;2-3=peer-dead,3,0,0,,0,0,0,4,0,0,,0,0,0,0,0,0,,4,0,4,4,0,,0,,0,,0,0,0,0,3,3,3,"r0,r1,r2",2008.186999797821,2006.4939999580383,2682077676.254,2008.110999584198,,,1,3,6,6,3,0,0,3,0,1,2010.950999736786,1,2007.6200001239777,1,2009.543999671936,1,16.4,1,10.8,,,,,,,,,,,,,,,,,,,,,,,,,,,,,,,,,,
rm4_kill3_untimed@hr,scored,n,mr_hr,rm4_kill3_untimed_n6,rm4_kill3_untimed,hr,n6,,,,,,,,,,,,,,,,,,,,,,,,,,,,,6,,,,,,,,1000,,,,,,,,0,,,,,,,,,,,,,,,,,,,,,,,,,,,,,,,,,,,,,,,,,,,,,,,,,,,,,,,,,,,,,,,,,,,,,,0,0,,,,,,,,,,,,,,,,,,,,,,,,,1,,,,,,,,,,,,,,,,,,,,,,,,,,,,,,,,,,,,,,,,,,,,,,,,,,,,,,,,,,,,,,,,2682098092.335,,,,,,2682098100.611,,,,,,,,,,,1551038962.259,,,,,,2682098098.776,,,,,,,,,,,,,,,,,,,,,,,,,,,,,,,,,,,,,,,,,,,,,,,,,,,,,,,,,,,,,,,,,,,,,,,,,,,,,,,,,,,,,,,,,,,,,,,,,,,,,,,,,,,,,,,,,,,,,,,,,,,,,,,,,,,,,,,,,,,,,,8.736999988555908,,,,,,,,,,,,,,,,,,,,,,,,,,,,,,,,,,,,,,,,,,,,,,,,,,,,,,,,,,,,,,,,,,,,,,,,,,,,,,,,,,,,,,,,,,,,,,,,,,,,,,,,,,,,,,,,,,,,,,,,,,,,,,,30642,1,none,none,0,none,,,,,,,,,,,,,,,,,,,,,,,,,,,,,,hr,hr,4,none,peer,"4,4,4,255",4,4,0,0,4,36,36,0,4,4,4,4,4,0,0,0,0,3,12.26,16.35,11.9,16.35,1,11.0,12.29,16.35,,,11.26,16.38,1,12.3,11.26,15.36,10.24,15.36,,,11.65,14.4,12.29,14.4,1,14.4,12.29,14.3,1,14.2,,,,,,,,,,,0>1;0>2;0>3;1>0;1>2;1>3;2>0;2>1;2>3;3>0;3>1;3>2,12,0,0>1;0>2;0>3;1>0;1>2;1>3;2>0;2>1;2>3;3>0;3>1;3>2,0:device_error;1:device_error;2:device_error;3:,0,"r0,r1,r2",3,12.274999999999999,11.65,16.38,0>3,7224.2,1>3,964.6,2>0,14.4,,,,0,,,0,,0,,0,0-3;1-3;2-3,3,0-3=peer judged dead: the peer's socket shows FIN | 1-3=peer judged dead: the peer's socket shows FIN | 2-3=peer judged dead: the peer's socket shows FIN,,0,0,0,0,0-3-0=2;0-3-10=2;0-3-11=2;0-3-1=2;0-3-2=2;0-3-3=2;0-3-4=2;0-3-5=2;0-3-6=2;0-3-7=2;0-3-8=2;0-3-9=2;1-3-0=2;1-3-10=2;1-3-11=2;1-3-1=2;1-3-2=2;1-3-3=2;1-3-4=2;1-3-5=2;1-3-6=2;1-3-7=2;1-3-8=2;1-3-9=2;2-3-0=2;2-3-10=2;2-3-11=2;2-3-1=2;2-3-2=2;2-3-3=2;2-3-4=2;2-3-5=2;2-3-6=2;2-3-7=2;2-3-8=2;2-3-9=2,36,p3,0-3-0=6;0-3-10=6;0-3-11=6;0-3-1=6;0-3-2=6;0-3-3=6;0-3-4=6;0-3-5=6;0-3-6=6;0-3-7=6;0-3-8=6;0-3-9=6;1-3-0=6;1-3-10=6;1-3-11=6;1-3-1=6;1-3-2=6;1-3-3=6;1-3-4=6;1-3-5=6;1-3-6=6;1-3-7=6;1-3-8=6;1-3-9=6;2-3-0=6;2-3-10=6;2-3-11=6;2-3-1=6;2-3-2=6;2-3-3=6;2-3-4=6;2-3-5=6;2-3-6=6;2-3-7=6;2-3-8=6;2-3-9=6,36,p3,3,0:LOCAL_QP_ERR;1:LOCAL_QP_ERR,3,2682098091.874,1,,,6.9019999504089355,,,2682098100.623,8.749000072479248,,,,,,,,0,,,,,,,,,6,0,0,6,,4,3,0-3;1-3;2-3,0,0-3=peer-dead;1-3=peer-dead;2-3=peer-dead,3,0,0,,0,0,0,4,0,0,,0,0,0,0,0,0,,4,0,4,4,0,,0,,0,,0,0,0,0,3,3,3,"r0,r1,r2",2008.3189997673035,2006.4459998607635,2682098092.388,2008.3049998283386,,,1,3,6,6,3,0,0,3,0,1,2010.8330001831055,1,2008.263000011444,1,2008.883999824524,1,11.3,,,,,1,12.4,,,,,,,,,,,,,,,,,,,,,,,,,,,,,,
rm4_kill3_untimed@hr,scored,n,mr_hr,rm4_kill3_untimed_n7,rm4_kill3_untimed,hr,n7,,,,,,,,,,,,,,,,,,,,,,,,,,,,,7,,,,,,,,1000,,,,,,,,0,,,,,,,,,,,,,,,,,,,,,,,,,,,,,,,,,,,,,,,,,,,,,,,,,,,,,,,,,,,,,,,,,,,,,,0,0,,,,,,,,,,,,,,,,,,,,,,,,,1,,,,,,,,,,,,,,,,,,,,,,,,,,,,,,,,,,,,,,,,,,,,,,,,,,,,,,,,,,,,,,,,2682146499.035,,,,,,2682146507.428,,,,,,,,,,,1551087368.166,,,,,,2682146504.797,,,,,,,,,,,,,,,,,,,,,,,,,,,,,,,,,,,,,,,,,,,,,,,,,,,,,,,,,,,,,,,,,,,,,,,,,,,,,,,,,,,,,,,,,,,,,,,,,,,,,,,,,,,,,,,,,,,,,,,,,,,,,,,,,,,,,,,,,,,,,,8.830999851226807,,,,,,,,,,,,,,,,,,,,,,,,,,,,,,,,,,,,,,,,,,,,,,,,,,,,,,,,,,,,,,,,,,,,,,,,,,,,,,,,,,,,,,,,,,,,,,,,,,,,,,,,,,,,,,,,,,,,,,,,,,,,,,,30379,1,none,none,0,none,,,,,,,,,,,,,,,,,,,,,,,,,,,,,,hr,hr,4,none,peer,"4,4,4,255",4,4,0,0,4,36,36,0,4,4,4,4,4,0,0,0,0,3,12.06,16.48,11.07,16.48,1,10.7,12.26,16.38,,,11.26,17.41,,,11.26,16.38,10.24,17.41,1,17.4,11.74,14.62,12.29,15.04,,,12.54,14.43,1,14.4,,,,,,,,,,,0>1;0>2;0>3;1>0;1>2;1>3;2>0;2>1;2>3;3>0;3>1;3>2,12,0,0>1;0>2;0>3;1>0;1>2;1>3;2>0;2>1;2>3;3>0;3>1;3>2,0:device_error;1:device_error;2:device_error;3:,0,"r0,r1,r2",3,12.16,11.07,17.41,0>3,1238.9,1>0,17.4,2>1,15.0,,,,0,,,0,,0,,0,0-3;1-3;2-3,3,0-3=peer judged dead: the peer's socket shows FIN | 1-3=peer judged dead: the peer's socket shows FIN | 2-3=peer judged dead: the peer's socket shows FIN,,0,0,0,0,0-3-0=2;0-3-10=2;0-3-11=2;0-3-1=2;0-3-2=2;0-3-3=2;0-3-4=2;0-3-5=2;0-3-6=2;0-3-7=2;0-3-8=2;0-3-9=2;1-3-0=2;1-3-10=2;1-3-11=2;1-3-1=2;1-3-2=2;1-3-3=2;1-3-4=2;1-3-5=2;1-3-6=2;1-3-7=2;1-3-8=2;1-3-9=2;2-3-0=2;2-3-10=2;2-3-11=2;2-3-1=2;2-3-2=2;2-3-3=2;2-3-4=2;2-3-5=2;2-3-6=2;2-3-7=2;2-3-8=2;2-3-9=2,36,p3,0-3-0=6;0-3-10=6;0-3-11=6;0-3-1=6;0-3-2=6;0-3-3=6;0-3-4=6;0-3-5=6;0-3-6=6;0-3-7=6;0-3-8=6;0-3-9=6;1-3-0=6;1-3-10=6;1-3-11=6;1-3-1=6;1-3-2=6;1-3-3=6;1-3-4=6;1-3-5=6;1-3-6=6;1-3-7=6;1-3-8=6;1-3-9=6;2-3-0=6;2-3-10=6;2-3-11=6;2-3-1=6;2-3-2=6;2-3-3=6;2-3-4=6;2-3-5=6;2-3-6=6;2-3-7=6;2-3-8=6;2-3-9=6,36,p3,3,,3,2682146498.597,1,,,6.199999809265137,,,2682146507.022,8.424999713897705,,,,,,,,0,,,,,,,,,6,0,0,6,,4,3,0-3;1-3;2-3,0,0-3=peer-dead;1-3=peer-dead;2-3=peer-dead,3,0,0,,0,0,0,4,0,0,,0,0,0,0,0,0,,4,0,4,4,0,,0,,0,,0,0,0,0,3,3,3,"r0,r1,r2",2008.4660000801086,2005.8680000305176,2682146499.08,2007.9840002059937,,,1,3,6,6,3,0,0,3,0,1,2011.4760003089905,1,2006.8440001010895,1,2011.9340000152588,1,16.4,1,13.0,,,1,12.3,,,,,,,,,,,,,,,,,,,,,,,,,,,,,,
rm4_kill3_untimed@hr,scored,n,mr_hr,rm4_kill3_untimed_n8,rm4_kill3_untimed,hr,n8,,,,,,,,,,,,,,,,,,,,,,,,,,,,,8,,,,,,,,1000,,,,,,,,0,,,,,,,,,,,,,,,,,,,,,,,,,,,,,,,,,,,,,,,,,,,,,,,,,,,,,,,,,,,,,,,,,,,,,,0,0,,,,,,,,,,,,,,,,,,,,,,,,,1,,,,,,,,,,,,,,,,,,,,,,,,,,,,,,,,,,,,,,,,,,,,,,,,,,,,,,,,,,,,,,,,2682166936.964,,,,,,2682166944.879,,,,,,,,,,,1551107805.748,,,,,,2682166943.3050003,,,,,,,,,,,,,,,,,,,,,,,,,,,,,,,,,,,,,,,,,,,,,,,,,,,,,,,,,,,,,,,,,,,,,,,,,,,,,,,,,,,,,,,,,,,,,,,,,,,,,,,,,,,,,,,,,,,,,,,,,,,,,,,,,,,,,,,,,,,,,,8.372000217437744,,,,,,,,,,,,,,,,,,,,,,,,,,,,,,,,,,,,,,,,,,,,,,,,,,,,,,,,,,,,,,,,,,,,,,,,,,,,,,,,,,,,,,,,,,,,,,,,,,,,,,,,,,,,,,,,,,,,,,,,,,,,,,,30556,1,none,none,0,none,,,,,,,,,,,,,,,,,,,,,,,,,,,,,,hr,hr,4,none,peer,"4,4,4,255",4,4,0,0,4,36,36,0,4,4,4,4,4,0,0,0,0,3,11.17,17.22,10.69,17.22,1,10.2,10.59,17.22,,,11.26,17.41,,,11.26,17.41,10.24,16.38,1,16.4,11.1,14.53,11.78,14.53,1,12.3,12.22,14.53,,,,,,,,,,,,,0>1;0>2;0>3;1>0;1>2;1>3;2>0;2>1;2>3;3>0;3>1;3>2,12,0,0>1;0>2;0>3;1>0;1>2;1>3;2>0;2>1;2>3;3>0;3>1;3>2,0:device_error;1:device_error;2:device_error;3:,0,"r0,r1,r2",3,11.26,10.69,17.41,0>3,4390.9,1>0,17.4,2>3,626.7,,,,0,,,0,,0,,0,0-3;1-3;2-3,3,0-3=peer judged dead: the peer's socket shows FIN | 1-3=peer judged dead: the peer's socket shows FIN | 2-3=peer judged dead: the peer's socket shows FIN,,0,0,0,0,0-3-0=2;0-3-10=2;0-3-11=2;0-3-1=2;0-3-2=2;0-3-3=2;0-3-4=2;0-3-5=2;0-3-6=2;0-3-7=2;0-3-8=2;0-3-9=2;1-3-0=2;1-3-10=2;1-3-11=2;1-3-1=2;1-3-2=2;1-3-3=2;1-3-4=2;1-3-5=2;1-3-6=2;1-3-7=2;1-3-8=2;1-3-9=2;2-3-0=2;2-3-10=2;2-3-11=2;2-3-1=2;2-3-2=2;2-3-3=2;2-3-4=2;2-3-5=2;2-3-6=2;2-3-7=2;2-3-8=2;2-3-9=2,36,p3,0-3-0=6;0-3-10=6;0-3-11=6;0-3-1=6;0-3-2=6;0-3-3=6;0-3-4=6;0-3-5=6;0-3-6=6;0-3-7=6;0-3-8=6;0-3-9=6;1-3-0=6;1-3-10=6;1-3-11=6;1-3-1=6;1-3-2=6;1-3-3=6;1-3-4=6;1-3-5=6;1-3-6=6;1-3-7=6;1-3-8=6;1-3-9=6;2-3-0=6;2-3-10=6;2-3-11=6;2-3-1=6;2-3-2=6;2-3-3=6;2-3-4=6;2-3-5=6;2-3-6=6;2-3-7=6;2-3-8=6;2-3-9=6,36,p3,3,0:LOCAL_QP_ERR,3,2682166936.507,1,,,6.798000335693359,,,2682166945.276,8.769000053405762,,,,,,,,0,,,,,,,,,6,0,0,6,,4,3,0-3;1-3;2-3,0,0-3=peer-dead;1-3=peer-dead;2-3=peer-dead,3,0,0,,0,0,0,4,0,0,,0,0,0,0,0,0,,4,0,4,4,0,,0,,0,,0,0,0,0,3,3,3,"r0,r1,r2",2007.905999660492,2006.50200009346,2682166937.019,2008.308000087738,,,1,3,6,6,3,0,0,3,0,1,2012.5159997940063,1,2007.5010001659393,1,2011.2039999961853,1,17.4,1,11.7,,,1,11.4,,,,,,,,,,,,,,,,,,,,,,,,,,,,,,
rm4_kill3_untimed@hr,scored,n,mr_hr,rm4_kill3_untimed_n9,rm4_kill3_untimed,hr,n9,,,,,,,,,,,,,,,,,,,,,,,,,,,,,9,,,,,,,,1000,,,,,,,,0,,,,,,,,,,,,,,,,,,,,,,,,,,,,,,,,,,,,,,,,,,,,,,,,,,,,,,,,,,,,,,,,,,,,,,0,0,,,,,,,,,,,,,,,,,,,,,,,,,1,,,,,,,,,,,,,,,,,,,,,,,,,,,,,,,,,,,,,,,,,,,,,,,,,,,,,,,,,,,,,,,,2682215300.07,,,,,,2682215308.16,,,,,,,,,,,1551156168.163,,,,,,2682215306.144,,,,,,,,,,,,,,,,,,,,,,,,,,,,,,,,,,,,,,,,,,,,,,,,,,,,,,,,,,,,,,,,,,,,,,,,,,,,,,,,,,,,,,,,,,,,,,,,,,,,,,,,,,,,,,,,,,,,,,,,,,,,,,,,,,,,,,,,,,,,,,8.532999992370605,,,,,,,,,,,,,,,,,,,,,,,,,,,,,,,,,,,,,,,,,,,,,,,,,,,,,,,,,,,,,,,,,,,,,,,,,,,,,,,,,,,,,,,,,,,,,,,,,,,,,,,,,,,,,,,,,,,,,,,,,,,,,,,30238,1,none,none,0,none,,,,,,,,,,,,,,,,,,,,,,,,,,,,,,hr,hr,4,none,peer,"4,4,4,255",4,4,0,0,4,36,36,0,4,4,4,4,4,0,0,0,0,3,11.71,16.61,10.72,16.61,1,16.6,12.06,16.61,1,16.6,11.26,16.38,,,11.26,16.38,10.24,16.38,1,16.4,12.29,14.62,12.35,14.62,1,14.6,11.97,14.62,1,14.6,,,,,,,,,,,0>1;0>2;0>3;1>0;1>2;1>3;2>0;2>1;2>3;3>0;3>1;3>2,12,0,0>1;0>2;0>3;1>0;1>2;1>3;2>0;2>1;2>3;3>0;3>1;3>2,0:device_error;1:device_error;2:device_error;3:,0,"r0,r1,r2",3,11.84,10.72,16.61,0>1,16.6,1>0,16.4,2>0,14.6,,,,0,,,0,,0,,0,0-3;1-3;2-3,3,0-3=peer judged dead: the peer's socket shows FIN | 1-3=peer judged dead: the peer's socket shows FIN | 2-3=peer judged dead: the peer's socket shows FIN,,0,0,0,0,0-3-0=2;0-3-10=2;0-3-11=2;0-3-1=2;0-3-2=2;0-3-3=2;0-3-4=2;0-3-5=2;0-3-6=2;0-3-7=2;0-3-8=2;0-3-9=2;1-3-0=2;1-3-10=2;1-3-11=2;1-3-1=2;1-3-2=2;1-3-3=2;1-3-4=2;1-3-5=2;1-3-6=2;1-3-7=2;1-3-8=2;1-3-9=2;2-3-0=2;2-3-10=2;2-3-11=2;2-3-1=2;2-3-2=2;2-3-3=2;2-3-4=2;2-3-5=2;2-3-6=2;2-3-7=2;2-3-8=2;2-3-9=2,36,p3,0-3-0=6;0-3-10=6;0-3-11=6;0-3-1=6;0-3-2=6;0-3-3=6;0-3-4=6;0-3-5=6;0-3-6=6;0-3-7=6;0-3-8=6;0-3-9=6;1-3-0=6;1-3-10=6;1-3-11=6;1-3-1=6;1-3-2=6;1-3-3=6;1-3-4=6;1-3-5=6;1-3-6=6;1-3-7=6;1-3-8=6;1-3-9=6;2-3-0=6;2-3-10=6;2-3-11=6;2-3-1=6;2-3-2=6;2-3-3=6;2-3-4=6;2-3-5=6;2-3-6=6;2-3-7=6;2-3-8=6;2-3-9=6,36,p3,3,,3,2682215299.627,1,,,6.517000198364258,,,2682215308.591,8.964000225067139,,,,,,,,0,,,,,,,,,6,0,0,6,,4,3,0-3;1-3;2-3,0,0-3=peer-dead;1-3=peer-dead;2-3=peer-dead,3,0,0,,0,0,0,4,0,0,,0,0,0,0,0,0,,4,0,4,4,0,,0,,0,,0,0,0,0,3,3,3,"r0,r1,r2",2008.1219997406006,2006.1689999103546,2682215300.113,2008.4990000724792,,,1,3,6,6,3,0,0,3,0,1,2012.986999988556,1,2006.6969997882843,1,2010.2119998931885,1,16.4,,,,,,,,,,,,,,,,,,,,,,,,,,,,,,,,,,,,
rm4_kill3_untimed@hr,scored,n,mr_hr,rm4_kill3_untimed_n10,rm4_kill3_untimed,hr,n10,,,,,,,,,,,,,,,,,,,,,,,,,,,,,10,,,,,,,,1000,,,,,,,,0,,,,,,,,,,,,,,,,,,,,,,,,,,,,,,,,,,,,,,,,,,,,,,,,,,,,,,,,,,,,,,,,,,,,,,0,0,,,,,,,,,,,,,,,,,,,,,,,,,1,,,,,,,,,,,,,,,,,,,,,,,,,,,,,,,,,,,,,,,,,,,,,,,,,,,,,,,,,,,,,,,,2682235739.587,,,,,,2682235747.455,,,,,,,,,,,1551176607.366,,,,,,2682235744.9779997,,,,,,,,,,,,,,,,,,,,,,,,,,,,,,,,,,,,,,,,,,,,,,,,,,,,,,,,,,,,,,,,,,,,,,,,,,,,,,,,,,,,,,,,,,,,,,,,,,,,,,,,,,,,,,,,,,,,,,,,,,,,,,,,,,,,,,,,,,,,,,8.326000213623047,,,,,,,,,,,,,,,,,,,,,,,,,,,,,,,,,,,,,,,,,,,,,,,,,,,,,,,,,,,,,,,,,,,,,,,,,,,,,,,,,,,,,,,,,,,,,,,,,,,,,,,,,,,,,,,,,,,,,,,,,,,,,,,29273,1,none,none,0,none,,,,,,,,,,,,,,,,,,,,,,,,,,,,,,hr,hr,4,none,peer,"4,4,4,255",4,4,0,0,4,36,36,0,4,4,4,4,4,0,0,0,0,3,12.29,17.79,12.13,17.79,1,11.0,12.29,17.54,,,11.26,15.36,,,11.26,15.36,10.24,14.34,1,14.3,11.07,14.91,12.0,14.91,1,11.1,11.1,14.66,,,,,,,,,,,,,0>1;0>2;0>3;1>0;1>2;1>3;2>0;2>1;2>3;3>0;3>1;3>2,12,0,0>1;0>2;0>3;1>0;1>2;1>3;2>0;2>1;2>3;3>0;3>1;3>2,0:device_error;1:device_error;2:device_error;3:,0,"r0,r1,r2",3,11.629999999999999,11.07,17.79,0>3,4000.4,1>0,15.4,2>3,2603.8,,,,0,,,0,,0,,0,0-3;1-3;2-3,3,0-3=peer judged dead: the peer's socket shows FIN | 1-3=peer judged dead: the peer's socket shows FIN | 2-3=peer judged dead: the peer's socket shows FIN,,0,0,0,0,0-3-0=2;0-3-10=2;0-3-11=2;0-3-1=2;0-3-2=2;0-3-3=2;0-3-4=2;0-3-5=2;0-3-6=2;0-3-7=2;0-3-8=2;0-3-9=2;1-3-0=2;1-3-10=2;1-3-11=2;1-3-1=2;1-3-2=2;1-3-3=2;1-3-4=2;1-3-5=2;1-3-6=2;1-3-7=2;1-3-8=2;1-3-9=2;2-3-0=2;2-3-10=2;2-3-11=2;2-3-1=2;2-3-2=2;2-3-3=2;2-3-4=2;2-3-5=2;2-3-6=2;2-3-7=2;2-3-8=2;2-3-9=2,36,p3,0-3-0=6;0-3-10=6;0-3-11=6;0-3-1=6;0-3-2=6;0-3-3=6;0-3-4=6;0-3-5=6;0-3-6=6;0-3-7=6;0-3-8=6;0-3-9=6;1-3-0=6;1-3-10=6;1-3-11=6;1-3-1=6;1-3-2=6;1-3-3=6;1-3-4=6;1-3-5=6;1-3-6=6;1-3-7=6;1-3-8=6;1-3-9=6;2-3-0=6;2-3-10=6;2-3-11=6;2-3-1=6;2-3-2=6;2-3-3=6;2-3-4=6;2-3-5=6;2-3-6=6;2-3-7=6;2-3-8=6;2-3-9=6,36,p3,3,0:LOCAL_QP_ERR;2:LOCAL_QP_ERR,3,2682235739.1289997,1,,,5.848999977111816,,,2682235747.857,8.728000164031982,,,,,,,,0,,,,,,,,,6,0,0,6,,4,3,0-3;1-3;2-3,0,0-3=peer-dead;1-3=peer-dead;2-3=peer-dead,3,0,0,,0,0,0,4,0,0,,0,0,0,0,0,0,,4,0,4,4,0,,0,,0,,0,0,0,0,3,3,3,"r0,r1,r2",2007.880000114441,2005.5169999599457,2682235739.586,2008.313000202179,,,1,3,6,6,3,0,0,3,0,1,2009.0529999732971,1,2006.8610000610352,1,2010.7400002479553,1,15.4,0,12.3,,,1,10.6,,,,,,,,,,,,,,,,,,,,,,,,,,,,,,
nic_gate@hr,scored,g,ngt,nic_gate_n1,nic_gate,hr,n1,0,0,,,,,,,,,,,,,,,,,,,,,,,,,,,1,,,,,,,,,,,,,,,,,,,,,,,,,,,,,,,,,,,,,,,,,,,,,,,,,,,,,,,,,,,,,,,,,,,,,,,,,,,,,,,,,,,,,,,,,,,,,,,,,,,,,,,,,,,,,,,,,,,,,,,,,,,,,,,,,,,,,,,,,,,,,,,,,,,,,,,,,,,,,,,,,,,,,,,,,,,,,,,,,,,,,,,,,,,,,,,,,,,,,,,,,,,,,,,,,,,,,,,,,,,,,,,,,,,,,,,,,,,,,,,,,,,,,,,,,,,,,,,,,,,,,,,,,,,,,,,,,,,,,,,,,,,,,,,,,,,,,,,,,,,,,,,,,,,,,,,,,,,,,,,,,,,,,,,,,,,,,,,,,,,,,,,,,,,,,,,,,,,,,,,,,,,,,,,,,,,,,,,,,,,,,,,,,,,,,,,,,,,,,,,,,,,,,,,,,,,,,,,,,,,,,,,,,,,,,,,,,,,,,,,,,,,,,,,,,,,,,,,,,,,,,,,,,,,,,,,,,,,,,,,,,,,,,,,,,,,,,,,,,,,,,,,,,,,,,,,,,,,,,,,,,,,,,,,,,,,,,,,,,,,,,,,,,,,,,,,,,,,,,,,,,,,,,,,,,,,,,,,,,,,,,,,,,,,,,,,,,,,,,,,,,,,,,,,,,,,,,,,,,,,,,,,,,,,,,,,,,,,,,,,,,,,,,,,,,,,,,,,,,,,,,,,,,,,,,,,,,,,,,,,,,,,,,,,,,,,,,,,,,,,,,,,,,,,,,,,,0,PASS,dmabuf,link-local,Quadro_RTX_5000,8742.0,0.0,0.0,0.0,0.0,0.0,1.0,0.014,0,,0,PASS,dmabuf,link-local,NVIDIA_RTX_A4000,8669.0,0.0,0.0,0.0,0.0,0.0,1.0,0.013,0,
nic_gate@hr,scored,g,ngt,nic_gate_n2,nic_gate,hr,n2,0,0,,,,,,,,,,,,,,,,,,,,,,,,,,,2,,,,,,,,,,,,,,,,,,,,,,,,,,,,,,,,,,,,,,,,,,,,,,,,,,,,,,,,,,,,,,,,,,,,,,,,,,,,,,,,,,,,,,,,,,,,,,,,,,,,,,,,,,,,,,,,,,,,,,,,,,,,,,,,,,,,,,,,,,,,,,,,,,,,,,,,,,,,,,,,,,,,,,,,,,,,,,,,,,,,,,,,,,,,,,,,,,,,,,,,,,,,,,,,,,,,,,,,,,,,,,,,,,,,,,,,,,,,,,,,,,,,,,,,,,,,,,,,,,,,,,,,,,,,,,,,,,,,,,,,,,,,,,,,,,,,,,,,,,,,,,,,,,,,,,,,,,,,,,,,,,,,,,,,,,,,,,,,,,,,,,,,,,,,,,,,,,,,,,,,,,,,,,,,,,,,,,,,,,,,,,,,,,,,,,,,,,,,,,,,,,,,,,,,,,,,,,,,,,,,,,,,,,,,,,,,,,,,,,,,,,,,,,,,,,,,,,,,,,,,,,,,,,,,,,,,,,,,,,,,,,,,,,,,,,,,,,,,,,,,,,,,,,,,,,,,,,,,,,,,,,,,,,,,,,,,,,,,,,,,,,,,,,,,,,,,,,,,,,,,,,,,,,,,,,,,,,,,,,,,,,,,,,,,,,,,,,,,,,,,,,,,,,,,,,,,,,,,,,,,,,,,,,,,,,,,,,,,,,,,,,,,,,,,,,,,,,,,,,,,,,,,,,,,,,,,,,,,,,,,,,,,,,,,,,,,,,,,,,,,,,,,,,,,,,,,0,PASS,dmabuf,link-local,Quadro_RTX_5000,8739.0,0.0,0.0,0.0,0.0,0.0,1.0,0.133,0,,0,PASS,dmabuf,link-local,NVIDIA_RTX_A4000,8679.0,0.0,0.0,0.0,0.0,0.0,1.0,0.014,0,
nic_gate@hr,scored,g,ngt,nic_gate_n3,nic_gate,hr,n3,0,0,,,,,,,,,,,,,,,,,,,,,,,,,,,3,,,,,,,,,,,,,,,,,,,,,,,,,,,,,,,,,,,,,,,,,,,,,,,,,,,,,,,,,,,,,,,,,,,,,,,,,,,,,,,,,,,,,,,,,,,,,,,,,,,,,,,,,,,,,,,,,,,,,,,,,,,,,,,,,,,,,,,,,,,,,,,,,,,,,,,,,,,,,,,,,,,,,,,,,,,,,,,,,,,,,,,,,,,,,,,,,,,,,,,,,,,,,,,,,,,,,,,,,,,,,,,,,,,,,,,,,,,,,,,,,,,,,,,,,,,,,,,,,,,,,,,,,,,,,,,,,,,,,,,,,,,,,,,,,,,,,,,,,,,,,,,,,,,,,,,,,,,,,,,,,,,,,,,,,,,,,,,,,,,,,,,,,,,,,,,,,,,,,,,,,,,,,,,,,,,,,,,,,,,,,,,,,,,,,,,,,,,,,,,,,,,,,,,,,,,,,,,,,,,,,,,,,,,,,,,,,,,,,,,,,,,,,,,,,,,,,,,,,,,,,,,,,,,,,,,,,,,,,,,,,,,,,,,,,,,,,,,,,,,,,,,,,,,,,,,,,,,,,,,,,,,,,,,,,,,,,,,,,,,,,,,,,,,,,,,,,,,,,,,,,,,,,,,,,,,,,,,,,,,,,,,,,,,,,,,,,,,,,,,,,,,,,,,,,,,,,,,,,,,,,,,,,,,,,,,,,,,,,,,,,,,,,,,,,,,,,,,,,,,,,,,,,,,,,,,,,,,,,,,,,,,,,,,,,,,,,,,,,,,,,,,,,,,,,,,,0,PASS,dmabuf,link-local,Quadro_RTX_5000,8752.0,0.0,0.0,0.0,0.0,0.0,1.0,0.012,0,,0,PASS,dmabuf,link-local,NVIDIA_RTX_A4000,8677.0,0.0,0.0,0.0,0.0,0.0,1.0,0.02,0,
nic_gate@hr,scored,g,ngt,nic_gate_n4,nic_gate,hr,n4,0,0,,,,,,,,,,,,,,,,,,,,,,,,,,,4,,,,,,,,,,,,,,,,,,,,,,,,,,,,,,,,,,,,,,,,,,,,,,,,,,,,,,,,,,,,,,,,,,,,,,,,,,,,,,,,,,,,,,,,,,,,,,,,,,,,,,,,,,,,,,,,,,,,,,,,,,,,,,,,,,,,,,,,,,,,,,,,,,,,,,,,,,,,,,,,,,,,,,,,,,,,,,,,,,,,,,,,,,,,,,,,,,,,,,,,,,,,,,,,,,,,,,,,,,,,,,,,,,,,,,,,,,,,,,,,,,,,,,,,,,,,,,,,,,,,,,,,,,,,,,,,,,,,,,,,,,,,,,,,,,,,,,,,,,,,,,,,,,,,,,,,,,,,,,,,,,,,,,,,,,,,,,,,,,,,,,,,,,,,,,,,,,,,,,,,,,,,,,,,,,,,,,,,,,,,,,,,,,,,,,,,,,,,,,,,,,,,,,,,,,,,,,,,,,,,,,,,,,,,,,,,,,,,,,,,,,,,,,,,,,,,,,,,,,,,,,,,,,,,,,,,,,,,,,,,,,,,,,,,,,,,,,,,,,,,,,,,,,,,,,,,,,,,,,,,,,,,,,,,,,,,,,,,,,,,,,,,,,,,,,,,,,,,,,,,,,,,,,,,,,,,,,,,,,,,,,,,,,,,,,,,,,,,,,,,,,,,,,,,,,,,,,,,,,,,,,,,,,,,,,,,,,,,,,,,,,,,,,,,,,,,,,,,,,,,,,,,,,,,,,,,,,,,,,,,,,,,,,,,,,,,,,,,,,,,,,,,,,,,,,,,0,PASS,dmabuf,link-local,Quadro_RTX_5000,8742.0,0.0,0.0,0.0,0.0,0.0,1.0,0.012,0,,0,PASS,dmabuf,link-local,NVIDIA_RTX_A4000,8678.0,0.0,0.0,0.0,0.0,0.0,1.0,0.013,0,
nic_gate@hr,scored,g,ngt,nic_gate_n5,nic_gate,hr,n5,0,0,,,,,,,,,,,,,,,,,,,,,,,,,,,5,,,,,,,,,,,,,,,,,,,,,,,,,,,,,,,,,,,,,,,,,,,,,,,,,,,,,,,,,,,,,,,,,,,,,,,,,,,,,,,,,,,,,,,,,,,,,,,,,,,,,,,,,,,,,,,,,,,,,,,,,,,,,,,,,,,,,,,,,,,,,,,,,,,,,,,,,,,,,,,,,,,,,,,,,,,,,,,,,,,,,,,,,,,,,,,,,,,,,,,,,,,,,,,,,,,,,,,,,,,,,,,,,,,,,,,,,,,,,,,,,,,,,,,,,,,,,,,,,,,,,,,,,,,,,,,,,,,,,,,,,,,,,,,,,,,,,,,,,,,,,,,,,,,,,,,,,,,,,,,,,,,,,,,,,,,,,,,,,,,,,,,,,,,,,,,,,,,,,,,,,,,,,,,,,,,,,,,,,,,,,,,,,,,,,,,,,,,,,,,,,,,,,,,,,,,,,,,,,,,,,,,,,,,,,,,,,,,,,,,,,,,,,,,,,,,,,,,,,,,,,,,,,,,,,,,,,,,,,,,,,,,,,,,,,,,,,,,,,,,,,,,,,,,,,,,,,,,,,,,,,,,,,,,,,,,,,,,,,,,,,,,,,,,,,,,,,,,,,,,,,,,,,,,,,,,,,,,,,,,,,,,,,,,,,,,,,,,,,,,,,,,,,,,,,,,,,,,,,,,,,,,,,,,,,,,,,,,,,,,,,,,,,,,,,,,,,,,,,,,,,,,,,,,,,,,,,,,,,,,,,,,,,,,,,,,,,,,,,,,,,,,,,,,,,,,,0,PASS,dmabuf,link-local,Quadro_RTX_5000,8755.0,0.0,0.0,0.0,0.0,0.0,1.0,0.039,0,,0,PASS,dmabuf,link-local,NVIDIA_RTX_A4000,8676.0,0.0,0.0,0.0,0.0,0.0,1.0,0.03,0,
