sub,db_mode_r0,db_mode_r1,doca_proxy_warn_r0,doca_proxy_warn_r1,proxy_thread_r0,proxy_thread_r1,bundle,stem,fault,wait,trial,rec,inject,iters,r0rc,r1rc,left,wall_s,shots_fired,r0_iters_ok,r0_outcome,r1_iters_ok,r1_outcome,r1_data,final_signal,expected_final,signal_exact,rec_events,recovered,replay_failed,declined,decline_reason,decline_class,decline_fp,replays,delta_zero,rx_reqs,rx_acks,rx_nacks,rx_recovered_iters,rearms,rx_cancel_rc,final_async,r1_final_async,host_error,surface_ms,teardown0,abort0,teardown0_ms,teardown1,abort1,f2r_ms_median,f2r_ms_max,lat_p50_us,lat_p99_us,lat_n,lat_cpu_ms,lat_wall_ms,lat_data,cell,driver,nvidia,doorbell,r0_first_class,r0_first_fp,fault_abs_ms,f_to_dev_ms,f_to_mbx_ms,f_to_kret_ms,f_to_query_ms,first_ev_class,first_ev_fp,invalid,ok,fail_detail,data_ok
v2,GPU,GPU,0,0,0,0,gin_recovery_gpudb,rec0_F1_blocking_o1,F1,blocking,o1,0,600,120,8,9,0,2.2,1,37,error,37,declined,ok,,,,0,0,0,0,none,,,0,0,0,0,0,0,0,0,remote process exited or there was a network error,no error,remote process exited or there was a network error,1.6530001163482666,clean,no error,774.0,clean,no error,,,,,,,,,v2 off F1,"PMO=1,SMO=1 both",rain=570.211.01;sunny=580.178.04,GPU (logged mode=GPU),LOCAL_QP_ERR,5/0xf5,1425201784.912,,,,,,,,1,r0rc=8 rec_events=0 class=LOCAL_QP_ERR abort0=no error,0
v2,GPU,GPU,0,0,0,0,gin_recovery_gpudb,rec0_F1_blocking_o2,F1,blocking,o2,0,600,120,8,9,0,2.2,1,37,error,37,declined,ok,,,,0,0,0,0,none,,,0,0,0,0,0,0,0,0,remote process exited or there was a network error,no error,remote process exited or there was a network error,1.190000057220459,clean,no error,799.5,clean,no error,,,,,,,,,v2 off F1,"PMO=1,SMO=1 both",rain=570.211.01;sunny=580.178.04,GPU (logged mode=GPU),LOCAL_QP_ERR,5/0xf5,1425390555.311,,,,,,,,1,r0rc=8 rec_events=0 class=LOCAL_QP_ERR abort0=no error,0
v2,GPU,GPU,0,0,0,0,gin_recovery_gpudb,rec0_F1_blocking_o3,F1,blocking,o3,0,600,120,8,9,0,2.2,1,37,error,37,declined,ok,,,,0,0,0,0,none,,,0,0,0,0,0,0,0,0,remote process exited or there was a network error,no error,remote process exited or there was a network error,1.2279999256134033,clean,no error,797.8,clean,no error,,,,,,,,,v2 off F1,"PMO=1,SMO=1 both",rain=570.211.01;sunny=580.178.04,GPU (logged mode=GPU),LOCAL_QP_ERR,5/0xf5,1425579284.341,,,,,,,,1,r0rc=8 rec_events=0 class=LOCAL_QP_ERR abort0=no error,0
v2,GPU,GPU,0,0,0,0,gin_recovery_gpudb,rec0_F1_blocking_o4,F1,blocking,o4,0,600,120,8,9,0,2.3,1,37,error,37,declined,ok,,,,0,0,0,0,none,,,0,0,0,0,0,0,0,0,remote process exited or there was a network error,no error,remote process exited or there was a network error,14.78600001335144,clean,no error,744.7,clean,no error,,,,,,,,,v2 off F1,"PMO=1,SMO=1 both",rain=570.211.01;sunny=580.178.04,GPU (logged mode=GPU),LOCAL_QP_ERR,5/0xf5,1426789512.888,,,,,,,,1,r0rc=8 rec_events=0 class=LOCAL_QP_ERR abort0=no error,0
v2,GPU,GPU,0,0,0,0,gin_recovery_gpudb,rec0_F1_blocking_o5,F1,blocking,o5,0,600,120,8,9,0,2.2,1,37,error,37,declined,ok,,,,0,0,0,0,none,,,0,0,0,0,0,0,0,0,remote process exited or there was a network error,no error,remote process exited or there was a network error,1.301999807357788,clean,no error,765.2,clean,no error,,,,,,,,,v2 off F1,"PMO=1,SMO=1 both",rain=570.211.01;sunny=580.178.04,GPU (logged mode=GPU),LOCAL_QP_ERR,5/0xf5,1426979995.265,,,,,,,,1,r0rc=8 rec_events=0 class=LOCAL_QP_ERR abort0=no error,0
v2,GPU,GPU,0,0,0,0,gin_recovery_gpudb,rec0_F1_timeout_o1,F1,timeout,o1,0,600,120,8,9,0,2.2,1,37,error,37,declined,ok,,,,0,0,0,0,none,,,0,0,0,0,0,0,0,0,remote process exited or there was a network error,no error,remote process exited or there was a network error,0.9300000667572021,clean,no error,780.8,clean,no error,,,,,,,,,v2 off F1,"PMO=1,SMO=1 both",rain=570.211.01;sunny=580.178.04,GPU (logged mode=GPU),LOCAL_QP_ERR,5/0xf5,1425100115.586,,,,,,,,1,r0rc=8 rec_events=0 class=LOCAL_QP_ERR abort0=no error,0
v2,GPU,GPU,0,0,0,0,gin_recovery_gpudb,rec0_F1_timeout_o2,F1,timeout,o2,0,600,120,8,9,0,2.2,1,37,error,37,declined,ok,,,,0,0,0,0,none,,,0,0,0,0,0,0,0,0,remote process exited or there was a network error,no error,remote process exited or there was a network error,0.8989999294281006,clean,no error,782.2,clean,no error,,,,,,,,,v2 off F1,"PMO=1,SMO=1 both",rain=570.211.01;sunny=580.178.04,GPU (logged mode=GPU),LOCAL_QP_ERR,5/0xf5,1425289099.151,,,,,,,,1,r0rc=8 rec_events=0 class=LOCAL_QP_ERR abort0=no error,0
v2,GPU,GPU,0,0,0,0,gin_recovery_gpudb,rec0_F1_timeout_o3,F1,timeout,o3,0,600,120,8,9,0,2.2,1,37,error,37,declined,ok,,,,0,0,0,0,none,,,0,0,0,0,0,0,0,0,remote process exited or there was a network error,no error,remote process exited or there was a network error,1.556999921798706,clean,no error,778.1,clean,no error,,,,,,,,,v2 off F1,"PMO=1,SMO=1 both",rain=570.211.01;sunny=580.178.04,GPU (logged mode=GPU),LOCAL_QP_ERR,5/0xf5,1425477759.517,,,,,,,,1,r0rc=8 rec_events=0 class=LOCAL_QP_ERR abort0=no error,0
v2,GPU,GPU,0,0,0,0,gin_recovery_gpudb,rec0_F1_timeout_o4,F1,timeout,o4,0,600,120,8,9,0,2.2,1,37,error,37,declined,ok,,,,0,0,0,0,none,,,0,0,0,0,0,0,0,0,remote process exited or there was a network error,no error,remote process exited or there was a network error,1.9159998893737793,clean,no error,797.9,clean,no error,,,,,,,,,v2 off F1,"PMO=1,SMO=1 both",rain=570.211.01;sunny=580.178.04,GPU (logged mode=GPU),LOCAL_QP_ERR,5/0xf5,1426687531.131,,,,,,,,1,r0rc=8 rec_events=0 class=LOCAL_QP_ERR abort0=no error,0
v2,GPU,GPU,0,0,0,0,gin_recovery_gpudb,rec0_F1_timeout_o5,F1,timeout,o5,0,600,120,8,9,0,2.3,1,37,error,37,declined,ok,,,,0,0,0,0,none,,,0,0,0,0,0,0,0,0,remote process exited or there was a network error,no error,remote process exited or there was a network error,9.730000019073486,clean,no error,775.5,clean,no error,,,,,,,,,v2 off F1,"PMO=1,SMO=1 both",rain=570.211.01;sunny=580.178.04,GPU (logged mode=GPU),LOCAL_QP_ERR,5/0xf5,1426877850.893,,,,,,,,1,r0rc=8 rec_events=0 class=LOCAL_QP_ERR abort0=no error,0
v2,GPU,GPU,0,0,0,0,gin_recovery_gpudb,rec0_F3_blocking_o1,F3,blocking,o1,0,600,120,8,9,0,5.7,1,37,error,37,declined,ok,,,,0,0,0,0,none,,,0,0,0,0,0,0,0,0,remote process exited or there was a network error,no error,remote process exited or there was a network error,3676.707000017166,clean,no error,617.2,clean,no error,,,,,,,,,v2 off F3,"PMO=1,SMO=1 both",rain=570.211.01;sunny=580.178.04,GPU (logged mode=GPU),RETRY_EXC,12/0x81,1425206402.849,,,,,,,,1,r0rc=8 rec_events=0 class=RETRY_EXC abort0=no error,0
v2,GPU,GPU,0,0,0,0,gin_recovery_gpudb,rec0_F3_blocking_o2,F3,blocking,o2,0,600,120,8,9,0,5.7,1,37,error,37,declined,ok,,,,0,0,0,0,none,,,0,0,0,0,0,0,0,0,remote process exited or there was a network error,no error,remote process exited or there was a network error,3629.7799999713898,clean,no error,635.5,clean,no error,,,,,,,,,v2 off F3,"PMO=1,SMO=1 both",rain=570.211.01;sunny=580.178.04,GPU (logged mode=GPU),RETRY_EXC,12/0x81,1425395160.766,,,,,,,,1,r0rc=8 rec_events=0 class=RETRY_EXC abort0=no error,0
v2,GPU,GPU,0,0,0,0,gin_recovery_gpudb,rec0_F3_blocking_o3,F3,blocking,o3,0,600,120,8,9,0,5.7,1,37,error,37,declined,ok,,,,0,0,0,0,none,,,0,0,0,0,0,0,0,0,remote process exited or there was a network error,no error,remote process exited or there was a network error,3670.5610003471375,clean,no error,604.2,clean,no error,,,,,,,,,v2 off F3,"PMO=1,SMO=1 both",rain=570.211.01;sunny=580.178.04,GPU (logged mode=GPU),RETRY_EXC,12/0x81,1425583830.815,,,,,,,,1,r0rc=8 rec_events=0 class=RETRY_EXC abort0=no error,0
v2,GPU,GPU,0,0,0,0,gin_recovery_gpudb,rec0_F3_blocking_o4,F3,blocking,o4,0,600,120,8,9,0,5.9,1,37,error,37,declined,ok,,,,0,0,0,0,none,,,0,0,0,0,0,0,0,0,remote process exited or there was a network error,no error,remote process exited or there was a network error,3683.1349997520447,clean,no error,576.5,clean,no error,,,,,,,,,v2 off F3,"PMO=1,SMO=1 both",rain=570.211.01;sunny=580.178.04,GPU (logged mode=GPU),RETRY_EXC,12/0x81,1426794198.825,,,,,,,,1,r0rc=8 rec_events=0 class=RETRY_EXC abort0=no error,0
v2,GPU,GPU,0,0,0,0,gin_recovery_gpudb,rec0_F3_blocking_o5,F3,blocking,o5,0,600,120,8,9,0,5.7,1,37,error,37,declined,ok,,,,0,0,0,0,none,,,0,0,0,0,0,0,0,0,remote process exited or there was a network error,no error,remote process exited or there was a network error,3664.2519998550415,clean,no error,612.3,clean,no error,,,,,,,,,v2 off F3,"PMO=1,SMO=1 both",rain=570.211.01;sunny=580.178.04,GPU (logged mode=GPU),RETRY_EXC,12/0x81,1426984539.099,,,,,,,,1,r0rc=8 rec_events=0 class=RETRY_EXC abort0=no error,0
v2,GPU,GPU,0,0,0,0,gin_recovery_gpudb,rec0_F3_timeout_o1,F3,timeout,o1,0,600,120,8,4,0,5.7,1,37,error,37,timeout,missing,,,,0,0,0,0,none,,,0,0,0,0,0,0,0,,remote process exited or there was a network error,no error,remote process exited or there was a network error,3655.7080001831055,clean,no error,616.5,clean,no error,,,,,,,,,v2 off F3,"PMO=1,SMO=1 both",rain=570.211.01;sunny=580.178.04,GPU (logged mode=GPU),RETRY_EXC,12/0x81,1425104686.329,,,,,,,,1,r0rc=8 rec_events=0 class=RETRY_EXC abort0=no error,0
v2,GPU,GPU,0,0,0,0,gin_recovery_gpudb,rec0_F3_timeout_o2,F3,timeout,o2,0,600,120,8,4,0,5.7,1,37,error,37,timeout,missing,,,,0,0,0,0,none,,,0,0,0,0,0,0,0,,remote process exited or there was a network error,no error,remote process exited or there was a network error,3662.467000246048,clean,no error,609.4,clean,no error,,,,,,,,,v2 off F3,"PMO=1,SMO=1 both",rain=570.211.01;sunny=580.178.04,GPU (logged mode=GPU),RETRY_EXC,12/0x81,1425293659.104,,,,,,,,1,r0rc=8 rec_events=0 class=RETRY_EXC abort0=no error,0
v2,GPU,GPU,0,0,0,0,gin_recovery_gpudb,rec0_F3_timeout_o3,F3,timeout,o3,0,600,120,8,4,0,5.7,1,37,error,37,timeout,missing,,,,0,0,0,0,none,,,0,0,0,0,0,0,0,,remote process exited or there was a network error,no error,remote process exited or there was a network error,3703.944000005722,clean,no error,576.3,clean,no error,,,,,,,,,v2 off F3,"PMO=1,SMO=1 both",rain=570.211.01;sunny=580.178.04,GPU (logged mode=GPU),RETRY_EXC,12/0x81,1425482328.422,,,,,,,,1,r0rc=8 rec_events=0 class=RETRY_EXC abort0=no error,0
v2,GPU,GPU,0,0,0,0,gin_recovery_gpudb,rec0_F3_timeout_o4,F3,timeout,o4,0,600,120,8,4,0,6.2,1,37,error,37,timeout,missing,,,,0,0,0,0,none,,,0,0,0,0,0,0,0,,remote process exited or there was a network error,no error,remote process exited or there was a network error,3772.8519999980927,clean,no error,999.8,clean,no error,,,,,,,,,v2 off F3,"PMO=1,SMO=1 both",rain=570.211.01;sunny=580.178.04,GPU (logged mode=GPU),RETRY_EXC,12/0x81,1426692103.157,,,,,,,,1,r0rc=8 rec_events=0 class=RETRY_EXC abort0=no error,0
v2,GPU,GPU,0,0,0,0,gin_recovery_gpudb,rec0_F3_timeout_o5,F3,timeout,o5,0,600,120,8,4,0,5.8,1,37,error,37,timeout,missing,,,,0,0,0,0,none,,,0,0,0,0,0,0,0,,remote process exited or there was a network error,no error,remote process exited or there was a network error,3742.908000230789,clean,no error,528.9,clean,no error,,,,,,,,,v2 off F3,"PMO=1,SMO=1 both",rain=570.211.01;sunny=580.178.04,GPU (logged mode=GPU),RETRY_EXC,12/0x81,1426882454.607,,,,,,,,1,r0rc=8 rec_events=0 class=RETRY_EXC abort0=no error,0
v2,GPU,GPU,0,0,0,0,gin_recovery_gpudb,rec1_D0_blocking_t10,D0,blocking,t10,1,600,120,0,0,0,3.7,0,120,ok,120,ok,ok,120,120,1,3,3,0,0,none,,,0,3,3,3,0,3,0,,no error,no error,none,,clean,no error,885.0,clean,no error,,,,,,,,,v2 D0,"PMO=1,SMO=1 both",rain=570.211.01;sunny=580.178.04,GPU (logged mode=GPU),,,,,,,,FORCED_TEST,0/0,,1,,1
v2,GPU,GPU,0,0,0,0,gin_recovery_gpudb,rec1_D0_blocking_t11,D0,blocking,t11,1,600,120,0,0,0,3.7,0,120,ok,120,ok,ok,120,120,1,3,3,0,0,none,,,0,3,3,3,0,3,0,,no error,no error,none,,clean,no error,861.3,clean,no error,,,,,,,,,v2 D0,"PMO=1,SMO=1 both",rain=570.211.01;sunny=580.178.04,GPU (logged mode=GPU),,,,,,,,FORCED_TEST,0/0,,1,,1
v2,GPU,GPU,0,0,0,0,gin_recovery_gpudb,rec1_D0_blocking_t12,D0,blocking,t12,1,600,120,0,0,0,3.7,0,120,ok,120,ok,ok,120,120,1,3,3,0,0,none,,,0,3,3,3,0,3,0,,no error,no error,none,,clean,no error,881.4,clean,no error,,,,,,,,,v2 D0,"PMO=1,SMO=1 both",rain=570.211.01;sunny=580.178.04,GPU (logged mode=GPU),,,,,,,,FORCED_TEST,0/0,,1,,1
v2,GPU,GPU,0,0,0,0,gin_recovery_gpudb,rec1_D0_blocking_t13,D0,blocking,t13,1,600,120,0,0,0,3.7,0,120,ok,120,ok,ok,120,120,1,3,3,0,0,none,,,0,3,3,3,0,3,0,,no error,no error,none,,clean,no error,874.8,clean,no error,,,,,,,,,v2 D0,"PMO=1,SMO=1 both",rain=570.211.01;sunny=580.178.04,GPU (logged mode=GPU),,,,,,,,FORCED_TEST,0/0,,1,,1
v2,GPU,GPU,0,0,0,0,gin_recovery_gpudb,rec1_D0_blocking_t14,D0,blocking,t14,1,600,120,0,0,0,3.7,0,120,ok,120,ok,ok,120,120,1,3,3,0,0,none,,,0,3,3,3,0,3,0,,no error,no error,none,,clean,no error,879.6,clean,no error,,,,,,,,,v2 D0,"PMO=1,SMO=1 both",rain=570.211.01;sunny=580.178.04,GPU (logged mode=GPU),,,,,,,,FORCED_TEST,0/0,,1,,1
v2,GPU,GPU,0,0,0,0,gin_recovery_gpudb,rec1_D0_blocking_t15,D0,blocking,t15,1,600,120,0,0,0,3.7,0,120,ok,120,ok,ok,120,120,1,3,3,0,0,none,,,0,3,3,3,0,3,0,,no error,no error,none,,clean,no error,874.4,clean,no error,,,,,,,,,v2 D0,"PMO=1,SMO=1 both",rain=570.211.01;sunny=580.178.04,GPU (logged mode=GPU),,,,,,,,FORCED_TEST,0/0,,1,,1
v2,GPU,GPU,0,0,0,0,gin_recovery_gpudb,rec1_D0_blocking_t1,D0,blocking,t1,1,600,120,0,0,0,3.7,0,120,ok,120,ok,ok,120,120,1,3,3,0,0,none,,,0,3,3,3,0,3,0,,no error,no error,none,,clean,no error,894.3,clean,no error,,,,,,,,,v2 D0,"PMO=1,SMO=1 both",rain=570.211.01;sunny=580.178.04,GPU (logged mode=GPU),,,,,,,,FORCED_TEST,0/0,,1,,1
v2,GPU,GPU,0,0,0,0,gin_recovery_gpudb,rec1_D0_blocking_t2,D0,blocking,t2,1,600,120,0,0,0,3.7,0,120,ok,120,ok,ok,120,120,1,3,3,0,0,none,,,0,3,3,3,0,3,0,,no error,no error,none,,clean,no error,883.7,clean,no error,,,,,,,,,v2 D0,"PMO=1,SMO=1 both",rain=570.211.01;sunny=580.178.04,GPU (logged mode=GPU),,,,,,,,FORCED_TEST,0/0,,1,,1
v2,GPU,GPU,0,0,0,0,gin_recovery_gpudb,rec1_D0_blocking_t3,D0,blocking,t3,1,600,120,0,0,0,3.7,0,120,ok,120,ok,ok,120,120,1,3,3,0,0,none,,,0,3,3,3,0,3,0,,no error,no error,none,,clean,no error,880.9,clean,no error,,,,,,,,,v2 D0,"PMO=1,SMO=1 both",rain=570.211.01;sunny=580.178.04,GPU (logged mode=GPU),,,,,,,,FORCED_TEST,0/0,,1,,1
v2,GPU,GPU,0,0,0,0,gin_recovery_gpudb,rec1_D0_blocking_t4,D0,blocking,t4,1,600,120,0,0,0,3.7,0,120,ok,120,ok,ok,120,120,1,3,3,0,0,none,,,0,3,3,3,0,3,0,,no error,no error,none,,clean,no error,878.8,clean,no error,,,,,,,,,v2 D0,"PMO=1,SMO=1 both",rain=570.211.01;sunny=580.178.04,GPU (logged mode=GPU),,,,,,,,FORCED_TEST,0/0,,1,,1
v2,GPU,GPU,0,0,0,0,gin_recovery_gpudb,rec1_D0_blocking_t5,D0,blocking,t5,1,600,120,0,0,0,3.7,0,120,ok,120,ok,ok,120,120,1,3,3,0,0,none,,,0,3,3,3,0,3,0,,no error,no error,none,,clean,no error,876.2,clean,no error,,,,,,,,,v2 D0,"PMO=1,SMO=1 both",rain=570.211.01;sunny=580.178.04,GPU (logged mode=GPU),,,,,,,,FORCED_TEST,0/0,,1,,1
v2,GPU,GPU,0,0,0,0,gin_recovery_gpudb,rec1_D0_blocking_t6,D0,blocking,t6,1,600,120,0,0,0,3.7,0,120,ok,120,ok,ok,120,120,1,3,3,0,0,none,,,0,3,3,3,0,3,0,,no error,no error,none,,clean,no error,884.7,clean,no error,,,,,,,,,v2 D0,"PMO=1,SMO=1 both",rain=570.211.01;sunny=580.178.04,GPU (logged mode=GPU),,,,,,,,FORCED_TEST,0/0,,1,,1
v2,GPU,GPU,0,0,0,0,gin_recovery_gpudb,rec1_D0_blocking_t7,D0,blocking,t7,1,600,120,0,0,0,3.7,0,120,ok,120,ok,ok,120,120,1,3,3,0,0,none,,,0,3,3,3,0,3,0,,no error,no error,none,,clean,no error,878.9,clean,no error,,,,,,,,,v2 D0,"PMO=1,SMO=1 both",rain=570.211.01;sunny=580.178.04,GPU (logged mode=GPU),,,,,,,,FORCED_TEST,0/0,,1,,1
v2,GPU,GPU,0,0,0,0,gin_recovery_gpudb,rec1_D0_blocking_t8,D0,blocking,t8,1,600,120,0,0,0,3.7,0,120,ok,120,ok,ok,120,120,1,3,3,0,0,none,,,0,3,3,3,0,3,0,,no error,no error,none,,clean,no error,876.8,clean,no error,,,,,,,,,v2 D0,"PMO=1,SMO=1 both",rain=570.211.01;sunny=580.178.04,GPU (logged mode=GPU),,,,,,,,FORCED_TEST,0/0,,1,,1
v2,GPU,GPU,0,0,0,0,gin_recovery_gpudb,rec1_D0_blocking_t9,D0,blocking,t9,1,600,120,0,0,0,3.7,0,120,ok,120,ok,ok,120,120,1,3,3,0,0,none,,,0,3,3,3,0,3,0,,no error,no error,none,,clean,no error,864.6,clean,no error,,,,,,,,,v2 D0,"PMO=1,SMO=1 both",rain=570.211.01;sunny=580.178.04,GPU (logged mode=GPU),,,,,,,,FORCED_TEST,0/0,,1,,1
v2,GPU,GPU,0,0,0,0,gin_recovery_gpudb,rec1_D0_timeout_t10,D0,timeout,t10,1,600,120,0,0,0,3.7,0,120,ok,120,ok,ok,120,120,1,3,3,0,0,none,,,0,3,3,3,0,3,0,,no error,no error,none,,clean,no error,884.7,clean,no error,,,,,,,,,v2 D0,"PMO=1,SMO=1 both",rain=570.211.01;sunny=580.178.04,GPU (logged mode=GPU),,,,,,,,FORCED_TEST,0/0,,1,,1
v2,GPU,GPU,0,0,0,0,gin_recovery_gpudb,rec1_D0_timeout_t11,D0,timeout,t11,1,600,120,0,0,0,3.7,0,120,ok,120,ok,ok,120,120,1,3,3,0,0,none,,,0,3,3,3,0,3,0,,no error,no error,none,,clean,no error,884.2,clean,no error,,,,,,,,,v2 D0,"PMO=1,SMO=1 both",rain=570.211.01;sunny=580.178.04,GPU (logged mode=GPU),,,,,,,,FORCED_TEST,0/0,,1,,1
v2,GPU,GPU,0,0,0,0,gin_recovery_gpudb,rec1_D0_timeout_t12,D0,timeout,t12,1,600,120,0,0,0,3.7,0,120,ok,120,ok,ok,120,120,1,3,3,0,0,none,,,0,3,3,3,0,3,0,,no error,no error,none,,clean,no error,866.0,clean,no error,,,,,,,,,v2 D0,"PMO=1,SMO=1 both",rain=570.211.01;sunny=580.178.04,GPU (logged mode=GPU),,,,,,,,FORCED_TEST,0/0,,1,,1
v2,GPU,GPU,0,0,0,0,gin_recovery_gpudb,rec1_D0_timeout_t13,D0,timeout,t13,1,600,120,0,0,0,3.7,0,120,ok,120,ok,ok,120,120,1,3,3,0,0,none,,,0,3,3,3,0,3,0,,no error,no error,none,,clean,no error,872.4,clean,no error,,,,,,,,,v2 D0,"PMO=1,SMO=1 both",rain=570.211.01;sunny=580.178.04,GPU (logged mode=GPU),,,,,,,,FORCED_TEST,0/0,,1,,1
v2,GPU,GPU,0,0,0,0,gin_recovery_gpudb,rec1_D0_timeout_t14,D0,timeout,t14,1,600,120,0,0,0,3.7,0,120,ok,120,ok,ok,120,120,1,3,3,0,0,none,,,0,3,3,3,0,3,0,,no error,no error,none,,clean,no error,864.2,clean,no error,,,,,,,,,v2 D0,"PMO=1,SMO=1 both",rain=570.211.01;sunny=580.178.04,GPU (logged mode=GPU),,,,,,,,FORCED_TEST,0/0,,1,,1
v2,GPU,GPU,0,0,0,0,gin_recovery_gpudb,rec1_D0_timeout_t15,D0,timeout,t15,1,600,120,0,0,0,3.7,0,120,ok,120,ok,ok,120,120,1,3,3,0,0,none,,,0,3,3,3,0,3,0,,no error,no error,none,,clean,no error,872.4,clean,no error,,,,,,,,,v2 D0,"PMO=1,SMO=1 both",rain=570.211.01;sunny=580.178.04,GPU (logged mode=GPU),,,,,,,,FORCED_TEST,0/0,,1,,1
v2,GPU,GPU,0,0,0,0,gin_recovery_gpudb,rec1_D0_timeout_t1,D0,timeout,t1,1,600,120,0,0,0,3.7,0,120,ok,120,ok,ok,120,120,1,3,3,0,0,none,,,0,3,3,3,0,3,0,,no error,no error,none,,clean,no error,887.3,clean,no error,,,,,,,,,v2 D0,"PMO=1,SMO=1 both",rain=570.211.01;sunny=580.178.04,GPU (logged mode=GPU),,,,,,,,FORCED_TEST,0/0,,1,,1
v2,GPU,GPU,0,0,0,0,gin_recovery_gpudb,rec1_D0_timeout_t2,D0,timeout,t2,1,600,120,0,0,0,3.7,0,120,ok,120,ok,ok,120,120,1,3,3,0,0,none,,,0,3,3,3,0,3,0,,no error,no error,none,,clean,no error,890.9,clean,no error,,,,,,,,,v2 D0,"PMO=1,SMO=1 both",rain=570.211.01;sunny=580.178.04,GPU (logged mode=GPU),,,,,,,,FORCED_TEST,0/0,,1,,1
v2,GPU,GPU,0,0,0,0,gin_recovery_gpudb,rec1_D0_timeout_t3,D0,timeout,t3,1,600,120,0,0,0,3.7,0,120,ok,120,ok,ok,120,120,1,3,3,0,0,none,,,0,3,3,3,0,3,0,,no error,no error,none,,clean,no error,883.4,clean,no error,,,,,,,,,v2 D0,"PMO=1,SMO=1 both",rain=570.211.01;sunny=580.178.04,GPU (logged mode=GPU),,,,,,,,FORCED_TEST,0/0,,1,,1
v2,GPU,GPU,0,0,0,0,gin_recovery_gpudb,rec1_D0_timeout_t4,D0,timeout,t4,1,600,120,0,0,0,3.7,0,120,ok,120,ok,ok,120,120,1,3,3,0,0,none,,,0,3,3,3,0,3,0,,no error,no error,none,,clean,no error,874.8,clean,no error,,,,,,,,,v2 D0,"PMO=1,SMO=1 both",rain=570.211.01;sunny=580.178.04,GPU (logged mode=GPU),,,,,,,,FORCED_TEST,0/0,,1,,1
v2,GPU,GPU,0,0,0,0,gin_recovery_gpudb,rec1_D0_timeout_t5,D0,timeout,t5,1,600,120,0,0,0,3.8,0,120,ok,120,ok,ok,120,120,1,3,3,0,0,none,,,0,3,3,3,0,3,0,,no error,no error,none,,clean,no error,841.7,clean,no error,,,,,,,,,v2 D0,"PMO=1,SMO=1 both",rain=570.211.01;sunny=580.178.04,GPU (logged mode=GPU),,,,,,,,FORCED_TEST,0/0,,1,,1
v2,GPU,GPU,0,0,0,0,gin_recovery_gpudb,rec1_D0_timeout_t6,D0,timeout,t6,1,600,120,0,0,0,3.7,0,120,ok,120,ok,ok,120,120,1,3,3,0,0,none,,,0,3,3,3,0,3,0,,no error,no error,none,,clean,no error,816.3,clean,no error,,,,,,,,,v2 D0,"PMO=1,SMO=1 both",rain=570.211.01;sunny=580.178.04,GPU (logged mode=GPU),,,,,,,,FORCED_TEST,0/0,,1,,1
v2,GPU,GPU,0,0,0,0,gin_recovery_gpudb,rec1_D0_timeout_t7,D0,timeout,t7,1,600,120,0,0,0,3.7,0,120,ok,120,ok,ok,120,120,1,3,3,0,0,none,,,0,3,3,3,0,3,0,,no error,no error,none,,clean,no error,875.1,clean,no error,,,,,,,,,v2 D0,"PMO=1,SMO=1 both",rain=570.211.01;sunny=580.178.04,GPU (logged mode=GPU),,,,,,,,FORCED_TEST,0/0,,1,,1
v2,GPU,GPU,0,0,0,0,gin_recovery_gpudb,rec1_D0_timeout_t8,D0,timeout,t8,1,600,120,0,0,0,3.7,0,120,ok,120,ok,ok,120,120,1,3,3,0,0,none,,,0,3,3,3,0,3,0,,no error,no error,none,,clean,no error,874.2,clean,no error,,,,,,,,,v2 D0,"PMO=1,SMO=1 both",rain=570.211.01;sunny=580.178.04,GPU (logged mode=GPU),,,,,,,,FORCED_TEST,0/0,,1,,1
v2,GPU,GPU,0,0,0,0,gin_recovery_gpudb,rec1_D0_timeout_t9,D0,timeout,t9,1,600,120,0,0,0,3.8,0,120,ok,120,ok,ok,120,120,1,3,3,0,0,none,,,0,3,3,3,0,3,0,,no error,no error,none,,clean,no error,880.3,clean,no error,,,,,,,,,v2 D0,"PMO=1,SMO=1 both",rain=570.211.01;sunny=580.178.04,GPU (logged mode=GPU),,,,,,,,FORCED_TEST,0/0,,1,,1
v2,GPU,GPU,0,0,0,0,gin_recovery_gpudb,rec1_F1_blocking_m1,F1,blocking,m1,1,"300,150,-1,200,100",160,0,0,0,4.2,5,160,ok,160,ok,ok,160,160,1,5,4,1,0,none,,,5,0,5,5,0,4,0,,no error,no error,remote process exited or there was a network error,10.78000020980835,clean,no error,756.1,clean,no error,18.79449999332428,21.539999961853027,,,,,,,v2 F1 x5,"PMO=1,SMO=1 both",rain=570.211.01;sunny=580.178.04,GPU (logged mode=GPU),LOCAL_QP_ERR,5/0xf5,1425171263.264,10.569,10.682,10.776,10.785,LOCAL_QP_ERR,5/0xf5,,1,,1
v2,GPU,GPU,0,0,0,0,gin_recovery_gpudb,rec1_F1_blocking_m2,F1,blocking,m2,1,"300,150,-1,200,100",160,0,0,0,4.2,5,160,ok,160,ok,ok,160,160,1,5,4,1,0,none,,,5,0,5,5,0,4,0,,no error,no error,remote process exited or there was a network error,11.027999877929688,clean,no error,751.4,clean,no error,18.971999883651733,21.46399998664856,,,,,,,v2 F1 x5,"PMO=1,SMO=1 both",rain=570.211.01;sunny=580.178.04,GPU (logged mode=GPU),LOCAL_QP_ERR,5/0xf5,1425360070.562,10.711,10.808,10.790,10.872,LOCAL_QP_ERR,5/0xf5,,1,,1
v2,GPU,GPU,0,0,0,0,gin_recovery_gpudb,rec1_F1_blocking_m3,F1,blocking,m3,1,"300,150,-1,200,100",160,0,0,0,4.2,5,160,ok,160,ok,ok,160,160,1,5,4,1,0,none,,,5,0,5,5,0,4,0,,no error,no error,remote process exited or there was a network error,10.11299991607666,clean,no error,777.4,clean,no error,18.42549991607666,21.049000024795532,,,,,,,v2 F1 x5,"PMO=1,SMO=1 both",rain=570.211.01;sunny=580.178.04,GPU (logged mode=GPU),LOCAL_QP_ERR,5/0xf5,1425548702.907,9.996,10.104,10.054,10.139,LOCAL_QP_ERR,5/0xf5,,1,,1
v2,GPU,GPU,0,0,0,0,gin_recovery_gpudb,rec1_F1_blocking_m4,F1,blocking,m4,1,"300,150,-1,200,100",160,0,0,0,4.2,5,160,ok,160,ok,ok,160,160,1,5,4,1,0,none,,,5,0,5,5,0,4,0,,no error,no error,remote process exited or there was a network error,10.348000049591064,clean,no error,777.7,clean,no error,18.90399992465973,21.69599986076355,,,,,,,v2 F1 x5,"PMO=1,SMO=1 both",rain=570.211.01;sunny=580.178.04,GPU (logged mode=GPU),LOCAL_QP_ERR,5/0xf5,1426758551.246,10.160,10.268,10.405,10.416,LOCAL_QP_ERR,5/0xf5,,1,,1
v2,GPU,GPU,0,0,0,0,gin_recovery_gpudb,rec1_F1_blocking_m5,F1,blocking,m5,1,"300,150,-1,200,100",160,0,0,0,4.2,5,160,ok,160,ok,ok,160,160,1,5,4,1,0,none,,,5,0,5,5,0,4,0,,no error,no error,remote process exited or there was a network error,10.145999908447266,clean,no error,756.1,clean,no error,18.442500114440918,21.41100001335144,,,,,,,v2 F1 x5,"PMO=1,SMO=1 both",rain=570.211.01;sunny=580.178.04,GPU (logged mode=GPU),LOCAL_QP_ERR,5/0xf5,1426949439.109,9.983,10.047,10.264,10.273,LOCAL_QP_ERR,5/0xf5,,1,,1
v2,GPU,GPU,0,0,0,0,gin_recovery_gpudb,rec1_F1_blocking_t10,F1,blocking,t10,1,600,120,0,0,0,3.7,1,120,ok,120,ok,ok,120,120,1,1,1,0,0,none,,,1,0,1,1,0,1,0,,no error,no error,remote process exited or there was a network error,0.8310000896453857,clean,no error,947.7,clean,no error,9.89299988746643,9.89299988746643,,,,,,,v2 F1,"PMO=1,SMO=1 both",rain=570.211.01;sunny=580.178.04,GPU (logged mode=GPU),LOCAL_QP_ERR,5/0xf5,1429410251.200,0.586,0.690,0.643,0.724,LOCAL_QP_ERR,5/0xf5,,1,,1
v2,GPU,GPU,0,0,0,0,gin_recovery_gpudb,rec1_F1_blocking_t11,F1,blocking,t11,1,600,120,0,0,0,3.7,1,120,ok,120,ok,ok,120,120,1,1,1,0,0,none,,,1,0,1,1,0,1,0,,no error,no error,remote process exited or there was a network error,0.7639999389648438,clean,no error,961.1,clean,no error,9.633999824523926,9.633999824523926,,,,,,,v2 F1,"PMO=1,SMO=1 both",rain=570.211.01;sunny=580.178.04,GPU (logged mode=GPU),LOCAL_QP_ERR,5/0xf5,1429471222.772,0.602,0.684,0.669,0.752,LOCAL_QP_ERR,5/0xf5,,1,,1
v2,GPU,GPU,0,0,0,0,gin_recovery_gpudb,rec1_F1_blocking_t12,F1,blocking,t12,1,600,120,0,0,0,3.7,1,120,ok,120,ok,ok,120,120,1,1,1,0,0,none,,,1,0,1,1,0,1,0,,no error,no error,remote process exited or there was a network error,0.8900001049041748,clean,no error,928.4,clean,no error,9.723999977111816,9.723999977111816,,,,,,,v2 F1,"PMO=1,SMO=1 both",rain=570.211.01;sunny=580.178.04,GPU (logged mode=GPU),LOCAL_QP_ERR,5/0xf5,1429532543.052,0.598,0.693,0.677,0.760,LOCAL_QP_ERR,5/0xf5,,1,,1
v2,GPU,GPU,0,0,0,0,gin_recovery_gpudb,rec1_F1_blocking_t13,F1,blocking,t13,1,600,120,0,0,0,3.7,1,120,ok,120,ok,ok,120,120,1,1,1,0,0,none,,,1,0,1,1,0,1,0,,no error,no error,remote process exited or there was a network error,0.6429998874664307,clean,no error,951.0,clean,no error,9.555000066757202,9.555000066757202,,,,,,,v2 F1,"PMO=1,SMO=1 both",rain=570.211.01;sunny=580.178.04,GPU (logged mode=GPU),LOCAL_QP_ERR,5/0xf5,1429593731.896,0.501,0.540,0.563,0.574,LOCAL_QP_ERR,5/0xf5,,1,,1
v2,GPU,GPU,0,0,0,0,gin_recovery_gpudb,rec1_F1_blocking_t14,F1,blocking,t14,1,600,120,0,0,0,3.7,1,120,ok,120,ok,ok,120,120,1,1,1,0,0,none,,,1,0,1,1,0,1,0,,no error,no error,remote process exited or there was a network error,1.062999963760376,clean,no error,938.8,clean,no error,9.644000053405762,9.644000053405762,,,,,,,v2 F1,"PMO=1,SMO=1 both",rain=570.211.01;sunny=580.178.04,GPU (logged mode=GPU),LOCAL_QP_ERR,5/0xf5,1429654819.536,0.741,0.827,1.009,1.019,LOCAL_QP_ERR,5/0xf5,,1,,1
v2,GPU,GPU,0,0,0,0,gin_recovery_gpudb,rec1_F1_blocking_t15,F1,blocking,t15,1,600,120,0,0,0,3.7,1,120,ok,120,ok,ok,120,120,1,1,1,0,0,none,,,1,0,1,1,0,1,0,,no error,no error,remote process exited or there was a network error,0.931999921798706,clean,no error,948.5,clean,no error,9.509000062942505,9.509000062942505,,,,,,,v2 F1,"PMO=1,SMO=1 both",rain=570.211.01;sunny=580.178.04,GPU (logged mode=GPU),LOCAL_QP_ERR,5/0xf5,1429715835.144,0.582,0.673,0.684,0.695,LOCAL_QP_ERR,5/0xf5,,1,,1
v2,GPU,GPU,0,0,0,0,gin_recovery_gpudb,rec1_F1_blocking_t1,F1,blocking,t1,1,600,120,0,0,0,3.7,1,120,ok,120,ok,ok,120,120,1,1,1,0,0,none,,,1,0,1,1,0,1,0,,no error,no error,remote process exited or there was a network error,1.428999900817871,clean,no error,957.1,clean,no error,9.618000030517578,9.618000030517578,,,,,,,v2 F1,"PMO=1,SMO=1 both",rain=570.211.01;sunny=580.178.04,GPU (logged mode=GPU),LOCAL_QP_ERR,5/0xf5,1425140954.866,1.066,1.138,1.234,1.243,LOCAL_QP_ERR,5/0xf5,,1,,1
v2,GPU,GPU,0,0,0,0,gin_recovery_gpudb,rec1_F1_blocking_t2,F1,blocking,t2,1,600,120,0,0,0,3.7,1,120,ok,120,ok,ok,120,120,1,1,1,0,0,none,,,1,0,1,1,0,1,0,,no error,no error,remote process exited or there was a network error,0.8559999465942383,clean,no error,940.3,clean,no error,9.733999967575073,9.733999967575073,,,,,,,v2 F1,"PMO=1,SMO=1 both",rain=570.211.01;sunny=580.178.04,GPU (logged mode=GPU),LOCAL_QP_ERR,5/0xf5,1425329946.682,0.782,0.850,0.847,0.860,LOCAL_QP_ERR,5/0xf5,,1,,1
v2,GPU,GPU,0,0,0,0,gin_recovery_gpudb,rec1_F1_blocking_t3,F1,blocking,t3,1,600,120,0,0,0,3.7,1,120,ok,120,ok,ok,120,120,1,1,1,0,0,none,,,1,0,1,1,0,1,0,,no error,no error,remote process exited or there was a network error,1.0329999923706055,clean,no error,943.4,clean,no error,9.702000141143799,9.702000141143799,,,,,,,v2 F1,"PMO=1,SMO=1 both",rain=570.211.01;sunny=580.178.04,GPU (logged mode=GPU),LOCAL_QP_ERR,5/0xf5,1425518391.268,0.650,0.735,0.937,0.945,LOCAL_QP_ERR,5/0xf5,,1,,1
v2,GPU,GPU,0,0,0,0,gin_recovery_gpudb,rec1_F1_blocking_t4,F1,blocking,t4,1,600,120,0,0,0,3.7,1,120,ok,120,ok,ok,120,120,1,1,1,0,0,none,,,1,0,1,1,0,1,0,,no error,no error,remote process exited or there was a network error,1.698000192642212,clean,no error,936.1,clean,no error,10.09500002861023,10.09500002861023,,,,,,,v2 F1,"PMO=1,SMO=1 both",rain=570.211.01;sunny=580.178.04,GPU (logged mode=GPU),LOCAL_QP_ERR,5/0xf5,1426728166.626,1.483,1.593,1.720,1.730,LOCAL_QP_ERR,5/0xf5,,1,,1
v2,GPU,GPU,0,0,0,0,gin_recovery_gpudb,rec1_F1_blocking_t5,F1,blocking,t5,1,600,120,0,0,0,3.8,1,120,ok,120,ok,ok,120,120,1,1,1,0,0,none,,,1,0,1,1,0,1,0,,no error,no error,remote process exited or there was a network error,1.0390002727508545,clean,no error,915.1,clean,no error,9.785000085830688,9.785000085830688,,,,,,,v2 F1,"PMO=1,SMO=1 both",rain=570.211.01;sunny=580.178.04,GPU (logged mode=GPU),LOCAL_QP_ERR,5/0xf5,1426919103.307,0.674,0.771,0.944,0.955,LOCAL_QP_ERR,5/0xf5,,1,,1
v2,GPU,GPU,0,0,0,0,gin_recovery_gpudb,rec1_F1_blocking_t6,F1,blocking,t6,1,600,120,0,0,0,3.7,1,120,ok,120,ok,ok,120,120,1,1,1,0,0,none,,,1,0,1,1,0,1,0,,no error,no error,remote process exited or there was a network error,1.0880000591278076,clean,no error,939.6,clean,no error,9.490999937057495,9.490999937057495,,,,,,,v2 F1,"PMO=1,SMO=1 both",rain=570.211.01;sunny=580.178.04,GPU (logged mode=GPU),LOCAL_QP_ERR,5/0xf5,1427037047.782,0.724,0.798,0.993,1.005,LOCAL_QP_ERR,5/0xf5,,1,,1
v2,GPU,GPU,0,0,0,0,gin_recovery_gpudb,rec1_F1_blocking_t7,F1,blocking,t7,1,600,120,0,0,0,3.7,1,120,ok,120,ok,ok,120,120,1,1,1,0,0,none,,,1,0,1,1,0,1,0,,no error,no error,remote process exited or there was a network error,0.8410000801086426,clean,no error,945.4,clean,no error,10.110000133514404,10.110000133514404,,,,,,,v2 F1,"PMO=1,SMO=1 both",rain=570.211.01;sunny=580.178.04,GPU (logged mode=GPU),LOCAL_QP_ERR,5/0xf5,1427098122.995,0.646,0.751,0.920,0.929,LOCAL_QP_ERR,5/0xf5,,1,,1
v2,GPU,GPU,0,0,0,0,gin_recovery_gpudb,rec1_F1_blocking_t8,F1,blocking,t8,1,600,120,0,0,0,3.7,1,120,ok,120,ok,ok,120,120,1,1,1,0,0,none,,,1,0,1,1,0,1,0,,no error,no error,remote process exited or there was a network error,0.6940000057220459,clean,no error,946.5,clean,no error,9.952999830245972,9.952999830245972,,,,,,,v2 F1,"PMO=1,SMO=1 both",rain=570.211.01;sunny=580.178.04,GPU (logged mode=GPU),LOCAL_QP_ERR,5/0xf5,1427159379.121,0.503,0.553,0.560,0.572,LOCAL_QP_ERR,5/0xf5,,1,,1
v2,GPU,GPU,0,0,0,0,gin_recovery_gpudb,rec1_F1_blocking_t9,F1,blocking,t9,1,600,120,0,0,0,3.7,1,120,ok,120,ok,ok,120,120,1,1,1,0,0,none,,,1,0,1,1,0,1,0,,no error,no error,remote process exited or there was a network error,1.0900001525878906,clean,no error,935.0,clean,no error,9.808000087738037,9.808000087738037,,,,,,,v2 F1,"PMO=1,SMO=1 both",rain=570.211.01;sunny=580.178.04,GPU (logged mode=GPU),LOCAL_QP_ERR,5/0xf5,1427220587.722,0.733,0.785,1.007,1.016,LOCAL_QP_ERR,5/0xf5,,1,,1
v2,GPU,GPU,0,0,0,0,gin_recovery_gpudb,rec1_F1_timeout_m1,F1,timeout,m1,1,"300,150,-1,200,100",160,0,0,0,4.2,5,160,ok,160,ok,ok,160,160,1,5,4,1,0,none,,,5,0,5,5,0,4,0,,no error,no error,remote process exited or there was a network error,10.828999996185303,clean,no error,756.5,clean,no error,18.509000062942505,21.61899995803833,,,,,,,v2 F1 x5,"PMO=1,SMO=1 both",rain=570.211.01;sunny=580.178.04,GPU (logged mode=GPU),LOCAL_QP_ERR,5/0xf5,1425069578.735,10.478,10.564,10.539,10.618,LOCAL_QP_ERR,5/0xf5,,1,,1
v2,GPU,GPU,0,0,0,0,gin_recovery_gpudb,rec1_F1_timeout_m2,F1,timeout,m2,1,"300,150,-1,200,100",160,0,0,0,4.2,5,160,ok,160,ok,ok,160,160,1,5,4,1,0,none,,,5,0,5,5,0,4,0,,no error,no error,remote process exited or there was a network error,10.319999933242798,clean,no error,753.2,clean,no error,18.43850004673004,21.800999879837036,,,,,,,v2 F1 x5,"PMO=1,SMO=1 both",rain=570.211.01;sunny=580.178.04,GPU (logged mode=GPU),LOCAL_QP_ERR,5/0xf5,1425258522.806,10.056,10.133,10.259,10.269,LOCAL_QP_ERR,5/0xf5,,1,,1
v2,GPU,GPU,0,0,0,0,gin_recovery_gpudb,rec1_F1_timeout_m3,F1,timeout,m3,1,"300,150,-1,200,100",160,0,0,0,4.2,5,160,ok,160,ok,ok,160,160,1,5,4,1,0,none,,,5,0,5,5,0,4,0,,no error,no error,remote process exited or there was a network error,10.17199993133545,clean,no error,771.1,clean,no error,18.474500060081482,21.85099983215332,,,,,,,v2 F1 x5,"PMO=1,SMO=1 both",rain=570.211.01;sunny=580.178.04,GPU (logged mode=GPU),LOCAL_QP_ERR,5/0xf5,1425447238.859,9.985,10.083,10.053,10.137,LOCAL_QP_ERR,5/0xf5,,1,,1
v2,GPU,GPU,0,0,0,0,gin_recovery_gpudb,rec1_F1_timeout_m4,F1,timeout,m4,1,"300,150,-1,200,100",160,0,0,0,4.2,5,160,ok,160,ok,ok,160,160,1,5,4,1,0,none,,,5,0,5,5,0,4,0,,no error,no error,remote process exited or there was a network error,10.516999959945679,clean,no error,706.0,clean,no error,18.367500066757202,21.723999977111816,,,,,,,v2 F1 x5,"PMO=1,SMO=1 both",rain=570.211.01;sunny=580.178.04,GPU (logged mode=GPU),LOCAL_QP_ERR,5/0xf5,1425635871.582,10.144,10.220,10.343,10.352,LOCAL_QP_ERR,5/0xf5,,1,,1
v2,GPU,GPU,0,0,0,0,gin_recovery_gpudb,rec1_F1_timeout_m5,F1,timeout,m5,1,"300,150,-1,200,100",160,0,0,0,4.3,5,160,ok,160,ok,ok,160,160,1,5,4,1,0,none,,,5,0,5,5,0,4,0,,no error,no error,remote process exited or there was a network error,14.217999935150146,clean,no error,701.5,clean,no error,22.513499975204468,23.08899998664856,,,,,,,v2 F1 x5,"PMO=1,SMO=1 both",rain=570.211.01;sunny=580.178.04,GPU (logged mode=GPU),LOCAL_QP_ERR,5/0xf5,1426847225.504,13.842,13.907,13.922,13.970,LOCAL_QP_ERR,5/0xf5,,1,,1
v2,GPU,GPU,0,0,0,0,gin_recovery_gpudb,rec1_F1_timeout_t10,F1,timeout,t10,1,600,120,0,0,0,3.7,1,120,ok,120,ok,ok,120,120,1,1,1,0,0,none,,,1,0,1,1,0,1,0,,no error,no error,remote process exited or there was a network error,0.8789999485015869,clean,no error,889.0,clean,no error,9.598999977111816,9.598999977111816,,,,,,,v2 F1,"PMO=1,SMO=1 both",rain=570.211.01;sunny=580.178.04,GPU (logged mode=GPU),LOCAL_QP_ERR,5/0xf5,1427251211.214,0.624,0.676,0.926,0.936,LOCAL_QP_ERR,5/0xf5,,1,,1
v2,GPU,GPU,0,0,0,0,gin_recovery_gpudb,rec1_F1_timeout_t11,F1,timeout,t11,1,600,120,0,0,0,3.7,1,120,ok,120,ok,ok,120,120,1,1,1,0,0,none,,,1,0,1,1,0,1,0,,no error,no error,remote process exited or there was a network error,0.6959998607635498,clean,no error,954.0,clean,no error,9.800999879837036,9.800999879837036,,,,,,,v2 F1,"PMO=1,SMO=1 both",rain=570.211.01;sunny=580.178.04,GPU (logged mode=GPU),LOCAL_QP_ERR,5/0xf5,1429440679.351,0.568,0.612,0.636,0.646,LOCAL_QP_ERR,5/0xf5,,1,,1
v2,GPU,GPU,0,0,0,0,gin_recovery_gpudb,rec1_F1_timeout_t12,F1,timeout,t12,1,600,120,0,0,0,3.7,1,120,ok,120,ok,ok,120,120,1,1,1,0,0,none,,,1,0,1,1,0,1,0,,no error,no error,remote process exited or there was a network error,0.820000171661377,clean,no error,953.9,clean,no error,9.749000072479248,9.749000072479248,,,,,,,v2 F1,"PMO=1,SMO=1 both",rain=570.211.01;sunny=580.178.04,GPU (logged mode=GPU),LOCAL_QP_ERR,5/0xf5,1429501878.824,0.584,0.632,0.676,0.688,LOCAL_QP_ERR,5/0xf5,,1,,1
v2,GPU,GPU,0,0,0,0,gin_recovery_gpudb,rec1_F1_timeout_t13,F1,timeout,t13,1,600,120,0,0,0,3.7,1,120,ok,120,ok,ok,120,120,1,1,1,0,0,none,,,1,0,1,1,0,1,0,,no error,no error,remote process exited or there was a network error,0.7529997825622559,clean,no error,945.9,clean,no error,9.684999942779541,9.684999942779541,,,,,,,v2 F1,"PMO=1,SMO=1 both",rain=570.211.01;sunny=580.178.04,GPU (logged mode=GPU),LOCAL_QP_ERR,5/0xf5,1429563126.858,0.494,0.531,0.580,0.591,LOCAL_QP_ERR,5/0xf5,,1,,1
v2,GPU,GPU,0,0,0,0,gin_recovery_gpudb,rec1_F1_timeout_t14,F1,timeout,t14,1,600,120,0,0,0,3.7,1,120,ok,120,ok,ok,120,120,1,1,1,0,0,none,,,1,0,1,1,0,1,0,,no error,no error,remote process exited or there was a network error,0.6079998016357422,clean,no error,940.5,clean,no error,9.583999872207642,9.583999872207642,,,,,,,v2 F1,"PMO=1,SMO=1 both",rain=570.211.01;sunny=580.178.04,GPU (logged mode=GPU),LOCAL_QP_ERR,5/0xf5,1429624334.966,0.359,0.421,0.623,0.631,LOCAL_QP_ERR,5/0xf5,,1,,1
v2,GPU,GPU,0,0,0,0,gin_recovery_gpudb,rec1_F1_timeout_t15,F1,timeout,t15,1,600,120,0,0,0,3.7,1,120,ok,120,ok,ok,120,120,1,1,1,0,0,none,,,1,0,1,1,0,1,0,,no error,no error,remote process exited or there was a network error,0.8009998798370361,clean,no error,938.6,clean,no error,9.766000032424927,9.766000032424927,,,,,,,v2 F1,"PMO=1,SMO=1 both",rain=570.211.01;sunny=580.178.04,GPU (logged mode=GPU),LOCAL_QP_ERR,5/0xf5,1429685271.052,0.499,0.554,0.586,0.593,LOCAL_QP_ERR,5/0xf5,,1,,1
v2,GPU,GPU,0,0,0,0,gin_recovery_gpudb,rec1_F1_timeout_t1,F1,timeout,t1,1,600,120,0,0,0,3.7,1,120,ok,120,ok,ok,120,120,1,1,1,0,0,none,,,1,0,1,1,0,1,0,,no error,no error,remote process exited or there was a network error,1.819000005722046,clean,no error,930.5,clean,no error,10.161999940872192,10.161999940872192,,,,,,,v2 F1,"PMO=1,SMO=1 both",rain=570.211.01;sunny=580.178.04,GPU (logged mode=GPU),LOCAL_QP_ERR,5/0xf5,1425039490.270,1.479,1.548,1.712,1.721,LOCAL_QP_ERR,5/0xf5,,1,,1
v2,GPU,GPU,0,0,0,0,gin_recovery_gpudb,rec1_F1_timeout_t2,F1,timeout,t2,1,600,120,0,0,0,3.7,1,120,ok,120,ok,ok,120,120,1,1,1,0,0,none,,,1,0,1,1,0,1,0,,no error,no error,remote process exited or there was a network error,0.8559999465942383,clean,no error,938.3,clean,no error,9.71399998664856,9.71399998664856,,,,,,,v2 F1,"PMO=1,SMO=1 both",rain=570.211.01;sunny=580.178.04,GPU (logged mode=GPU),LOCAL_QP_ERR,5/0xf5,1425228214.996,0.555,0.604,0.623,0.633,LOCAL_QP_ERR,5/0xf5,,1,,1
v2,GPU,GPU,0,0,0,0,gin_recovery_gpudb,rec1_F1_timeout_t3,F1,timeout,t3,1,600,120,0,0,0,3.7,1,120,ok,120,ok,ok,120,120,1,1,1,0,0,none,,,1,0,1,1,0,1,0,,no error,no error,remote process exited or there was a network error,0.6580002307891846,clean,no error,938.9,clean,no error,9.711000204086304,9.711000204086304,,,,,,,v2 F1,"PMO=1,SMO=1 both",rain=570.211.01;sunny=580.178.04,GPU (logged mode=GPU),LOCAL_QP_ERR,5/0xf5,1425417011.222,0.422,0.522,0.582,0.590,LOCAL_QP_ERR,5/0xf5,,1,,1
v2,GPU,GPU,0,0,0,0,gin_recovery_gpudb,rec1_F1_timeout_t4,F1,timeout,t4,1,600,120,0,0,0,3.7,1,120,ok,120,ok,ok,120,120,1,1,1,0,0,none,,,1,0,1,1,0,1,0,,no error,no error,remote process exited or there was a network error,0.9130001068115234,clean,no error,931.8,clean,no error,9.46399998664856,9.46399998664856,,,,,,,v2 F1,"PMO=1,SMO=1 both",rain=570.211.01;sunny=580.178.04,GPU (logged mode=GPU),LOCAL_QP_ERR,5/0xf5,1425605702.971,0.572,0.635,0.648,0.658,LOCAL_QP_ERR,5/0xf5,,1,,1
v2,GPU,GPU,0,0,0,0,gin_recovery_gpudb,rec1_F1_timeout_t5,F1,timeout,t5,1,600,120,0,0,0,3.8,1,120,ok,120,ok,ok,120,120,1,1,1,0,0,none,,,1,0,1,1,0,1,0,,no error,no error,remote process exited or there was a network error,10.805999994277954,clean,no error,693.5,clean,no error,19.698999881744385,19.698999881744385,,,,,,,v2 F1,"PMO=1,SMO=1 both",rain=570.211.01;sunny=580.178.04,GPU (logged mode=GPU),LOCAL_QP_ERR,5/0xf5,1426816581.644,10.494,10.596,10.729,10.754,LOCAL_QP_ERR,5/0xf5,,1,,1
v2,GPU,GPU,0,0,0,0,gin_recovery_gpudb,rec1_F1_timeout_t6,F1,timeout,t6,1,600,120,0,0,0,3.7,1,120,ok,120,ok,ok,120,120,1,1,1,0,0,none,,,1,0,1,1,0,1,0,,no error,no error,remote process exited or there was a network error,0.8409998416900635,clean,no error,936.7,clean,no error,9.483999967575073,9.483999967575073,,,,,,,v2 F1,"PMO=1,SMO=1 both",rain=570.211.01;sunny=580.178.04,GPU (logged mode=GPU),LOCAL_QP_ERR,5/0xf5,1427006419.065,0.571,0.684,0.638,0.724,LOCAL_QP_ERR,5/0xf5,,1,,1
v2,GPU,GPU,0,0,0,0,gin_recovery_gpudb,rec1_F1_timeout_t7,F1,timeout,t7,1,600,120,0,0,0,3.7,1,120,ok,120,ok,ok,120,120,1,1,1,0,0,none,,,1,0,1,1,0,1,0,,no error,no error,remote process exited or there was a network error,0.8810000419616699,clean,no error,946.1,clean,no error,9.484999895095825,9.484999895095825,,,,,,,v2 F1,"PMO=1,SMO=1 both",rain=570.211.01;sunny=580.178.04,GPU (logged mode=GPU),LOCAL_QP_ERR,5/0xf5,1427067503.671,0.663,0.765,0.974,0.988,LOCAL_QP_ERR,5/0xf5,,1,,1
v2,GPU,GPU,0,0,0,0,gin_recovery_gpudb,rec1_F1_timeout_t8,F1,timeout,t8,1,600,120,0,0,0,3.7,1,120,ok,120,ok,ok,120,120,1,1,1,0,0,none,,,1,0,1,1,0,1,0,,no error,no error,remote process exited or there was a network error,1.0799999237060547,clean,no error,947.3,clean,no error,9.77999997138977,9.77999997138977,,,,,,,v2 F1,"PMO=1,SMO=1 both",rain=570.211.01;sunny=580.178.04,GPU (logged mode=GPU),LOCAL_QP_ERR,5/0xf5,1427128787.243,0.728,0.835,1.015,1.026,LOCAL_QP_ERR,5/0xf5,,1,,1
v2,GPU,GPU,0,0,0,0,gin_recovery_gpudb,rec1_F1_timeout_t9,F1,timeout,t9,1,600,120,0,0,0,3.7,1,120,ok,120,ok,ok,120,120,1,1,1,0,0,none,,,1,0,1,1,0,1,0,,no error,no error,remote process exited or there was a network error,0.8320000171661377,clean,no error,936.2,clean,no error,9.531999826431274,9.531999826431274,,,,,,,v2 F1,"PMO=1,SMO=1 both",rain=570.211.01;sunny=580.178.04,GPU (logged mode=GPU),LOCAL_QP_ERR,5/0xf5,1427190039.272,0.599,0.690,0.732,0.742,LOCAL_QP_ERR,5/0xf5,,1,,1
v2,GPU,GPU,0,0,0,0,gin_recovery_gpudb,rec1_F2_blocking_t10,F2,blocking,t10,1,600,120,9,9,0,1.7,0,0,declined,0,declined,n/a,,,,1,0,0,1,class_REM_ACCESS,REM_ACCESS,10/0x88,0,0,0,0,0,0,0,0,remote process exited or there was a network error,no error,remote process exited or there was a network error,2.9010000228881836,clean,no error,881.4,clean,no error,,,,,,,,,v2 F2,"PMO=1,SMO=1 both",rain=570.211.01;sunny=580.178.04,GPU (logged mode=GPU),REM_ACCESS,10/0x88,1429428513.504,2.680,2.788,2.879,2.889,REM_ACCESS,10/0x88,,1,,0
v2,GPU,GPU,0,0,0,0,gin_recovery_gpudb,rec1_F2_blocking_t11,F2,blocking,t11,1,600,120,9,9,0,1.7,0,0,declined,0,declined,n/a,,,,1,0,0,1,class_REM_ACCESS,REM_ACCESS,10/0x88,0,0,0,0,0,0,0,0,remote process exited or there was a network error,no error,remote process exited or there was a network error,2.9090001583099365,clean,no error,869.1,clean,no error,,,,,,,,,v2 F2,"PMO=1,SMO=1 both",rain=570.211.01;sunny=580.178.04,GPU (logged mode=GPU),REM_ACCESS,10/0x88,1429489658.128,2.607,2.666,2.888,2.897,REM_ACCESS,10/0x88,,1,,0
v2,GPU,GPU,0,0,0,0,gin_recovery_gpudb,rec1_F2_blocking_t12,F2,blocking,t12,1,600,120,9,9,0,1.7,0,0,declined,0,declined,n/a,,,,1,0,0,1,class_REM_ACCESS,REM_ACCESS,10/0x88,0,0,0,0,0,0,0,0,remote process exited or there was a network error,no error,remote process exited or there was a network error,2.884000062942505,clean,no error,866.9,clean,no error,,,,,,,,,v2 F2,"PMO=1,SMO=1 both",rain=570.211.01;sunny=580.178.04,GPU (logged mode=GPU),REM_ACCESS,10/0x88,1429550953.644,2.677,2.719,2.868,2.878,REM_ACCESS,10/0x88,,1,,0
v2,GPU,GPU,0,0,0,0,gin_recovery_gpudb,rec1_F2_blocking_t13,F2,blocking,t13,1,600,120,9,9,0,1.7,0,0,declined,0,declined,n/a,,,,1,0,0,1,class_REM_ACCESS,REM_ACCESS,10/0x88,0,0,0,0,0,0,0,0,remote process exited or there was a network error,no error,remote process exited or there was a network error,2.80400013923645,clean,no error,883.8,clean,no error,,,,,,,,,v2 F2,"PMO=1,SMO=1 both",rain=570.211.01;sunny=580.178.04,GPU (logged mode=GPU),REM_ACCESS,10/0x88,1429612113.684,2.627,2.679,2.892,2.902,REM_ACCESS,10/0x88,,1,,0
v2,GPU,GPU,0,0,0,0,gin_recovery_gpudb,rec1_F2_blocking_t14,F2,blocking,t14,1,600,120,9,9,0,1.7,0,0,declined,0,declined,n/a,,,,1,0,0,1,class_REM_ACCESS,REM_ACCESS,10/0x88,0,0,0,0,0,0,0,0,remote process exited or there was a network error,no error,remote process exited or there was a network error,2.7290000915527344,clean,no error,891.2,clean,no error,,,,,,,,,v2 F2,"PMO=1,SMO=1 both",rain=570.211.01;sunny=580.178.04,GPU (logged mode=GPU),REM_ACCESS,10/0x88,1429673029.199,2.578,2.620,2.624,2.632,REM_ACCESS,10/0x88,,1,,0
v2,GPU,GPU,0,0,0,0,gin_recovery_gpudb,rec1_F2_blocking_t15,F2,blocking,t15,1,600,120,9,9,0,1.7,0,0,declined,0,declined,n/a,,,,1,0,0,1,class_REM_ACCESS,REM_ACCESS,10/0x88,0,0,0,0,0,0,0,0,remote process exited or there was a network error,no error,none,,clean,no error,877.6,clean,no error,,,,,,,,,v2 F2,"PMO=1,SMO=1 both",rain=570.211.01;sunny=580.178.04,GPU (logged mode=GPU),REM_ACCESS,10/0x88,1429734065.747,2.635,2.688,2.883,2.894,REM_ACCESS,10/0x88,,1,,0
v2,GPU,GPU,0,0,0,0,gin_recovery_gpudb,rec1_F2_blocking_t1,F2,blocking,t1,1,600,120,9,9,0,1.7,0,0,declined,0,declined,n/a,,,,1,0,0,1,class_REM_ACCESS,REM_ACCESS,10/0x88,0,0,0,0,0,0,0,0,remote process exited or there was a network error,no error,none,,clean,no error,876.0,clean,no error,,,,,,,,,v2 F2,"PMO=1,SMO=1 both",rain=570.211.01;sunny=580.178.04,GPU (logged mode=GPU),REM_ACCESS,10/0x88,1425159349.835,2.768,2.817,2.876,2.886,REM_ACCESS,10/0x88,,1,,0
v2,GPU,GPU,0,0,0,0,gin_recovery_gpudb,rec1_F2_blocking_t2,F2,blocking,t2,1,600,120,9,9,0,1.7,0,0,declined,0,declined,n/a,,,,1,0,0,1,class_REM_ACCESS,REM_ACCESS,10/0x88,0,0,0,0,0,0,0,0,remote process exited or there was a network error,no error,remote process exited or there was a network error,2.989000082015991,clean,no error,878.7,clean,no error,,,,,,,,,v2 F2,"PMO=1,SMO=1 both",rain=570.211.01;sunny=580.178.04,GPU (logged mode=GPU),REM_ACCESS,10/0x88,1425348089.304,2.825,2.916,2.878,2.960,REM_ACCESS,10/0x88,,1,,0
v2,GPU,GPU,0,0,0,0,gin_recovery_gpudb,rec1_F2_blocking_t3,F2,blocking,t3,1,600,120,9,9,0,1.7,0,0,declined,0,declined,n/a,,,,1,0,0,1,class_REM_ACCESS,REM_ACCESS,10/0x88,0,0,0,0,0,0,0,0,remote process exited or there was a network error,no error,remote process exited or there was a network error,2.9009997844696045,clean,no error,874.1,clean,no error,,,,,,,,,v2 F2,"PMO=1,SMO=1 both",rain=570.211.01;sunny=580.178.04,GPU (logged mode=GPU),REM_ACCESS,10/0x88,1425536809.561,2.715,2.803,2.888,2.898,REM_ACCESS,10/0x88,,1,,0
v2,GPU,GPU,0,0,0,0,gin_recovery_gpudb,rec1_F2_blocking_t4,F2,blocking,t4,1,600,120,9,9,0,1.7,0,0,declined,0,declined,n/a,,,,1,0,0,1,class_REM_ACCESS,REM_ACCESS,10/0x88,0,0,0,0,0,0,0,0,remote process exited or there was a network error,no error,none,,clean,no error,889.2,clean,no error,,,,,,,,,v2 F2,"PMO=1,SMO=1 both",rain=570.211.01;sunny=580.178.04,GPU (logged mode=GPU),REM_ACCESS,10/0x88,1426746598.492,2.850,2.951,3.137,3.147,REM_ACCESS,10/0x88,,1,,0
v2,GPU,GPU,0,0,0,0,gin_recovery_gpudb,rec1_F2_blocking_t5,F2,blocking,t5,1,600,120,9,9,0,1.7,0,0,declined,0,declined,n/a,,,,1,0,0,1,class_REM_ACCESS,REM_ACCESS,10/0x88,0,0,0,0,0,0,0,0,remote process exited or there was a network error,no error,none,,clean,no error,874.8,clean,no error,,,,,,,,,v2 F2,"PMO=1,SMO=1 both",rain=570.211.01;sunny=580.178.04,GPU (logged mode=GPU),REM_ACCESS,10/0x88,1426937493.867,2.742,2.787,2.892,2.901,REM_ACCESS,10/0x88,,1,,0
v2,GPU,GPU,0,0,0,0,gin_recovery_gpudb,rec1_F2_blocking_t6,F2,blocking,t6,1,600,120,9,9,0,1.7,0,0,declined,0,declined,n/a,,,,1,0,0,1,class_REM_ACCESS,REM_ACCESS,10/0x88,0,0,0,0,0,0,0,0,remote process exited or there was a network error,no error,remote process exited or there was a network error,2.9000000953674316,clean,no error,886.9,clean,no error,,,,,,,,,v2 F2,"PMO=1,SMO=1 both",rain=570.211.01;sunny=580.178.04,GPU (logged mode=GPU),REM_ACCESS,10/0x88,1427055266.185,2.746,2.826,2.898,2.909,REM_ACCESS,10/0x88,,1,,0
v2,GPU,GPU,0,0,0,0,gin_recovery_gpudb,rec1_F2_blocking_t7,F2,blocking,t7,1,600,120,9,9,0,1.7,0,0,declined,0,declined,n/a,,,,1,0,0,1,class_REM_ACCESS,REM_ACCESS,10/0x88,0,0,0,0,0,0,0,0,remote process exited or there was a network error,no error,remote process exited or there was a network error,2.934999942779541,clean,no error,882.4,clean,no error,,,,,,,,,v2 F2,"PMO=1,SMO=1 both",rain=570.211.01;sunny=580.178.04,GPU (logged mode=GPU),REM_ACCESS,10/0x88,1427116538.351,2.648,2.732,2.888,2.897,REM_ACCESS,10/0x88,,1,,0
v2,GPU,GPU,0,0,0,0,gin_recovery_gpudb,rec1_F2_blocking_t8,F2,blocking,t8,1,600,120,9,9,0,1.7,0,0,declined,0,declined,n/a,,,,1,0,0,1,class_REM_ACCESS,REM_ACCESS,10/0x88,0,0,0,0,0,0,0,0,remote process exited or there was a network error,no error,none,,clean,no error,878.6,clean,no error,,,,,,,,,v2 F2,"PMO=1,SMO=1 both",rain=570.211.01;sunny=580.178.04,GPU (logged mode=GPU),REM_ACCESS,10/0x88,1427177804.111,2.700,2.772,2.886,2.895,REM_ACCESS,10/0x88,,1,,0
v2,GPU,GPU,0,0,0,0,gin_recovery_gpudb,rec1_F2_blocking_t9,F2,blocking,t9,1,600,120,9,9,0,1.7,0,0,declined,0,declined,n/a,,,,1,0,0,1,class_REM_ACCESS,REM_ACCESS,10/0x88,0,0,0,0,0,0,0,0,remote process exited or there was a network error,no error,remote process exited or there was a network error,2.9120001792907715,clean,no error,884.7,clean,no error,,,,,,,,,v2 F2,"PMO=1,SMO=1 both",rain=570.211.01;sunny=580.178.04,GPU (logged mode=GPU),REM_ACCESS,10/0x88,1427238960.000,2.662,2.728,2.888,2.897,REM_ACCESS,10/0x88,,1,,0
v2,GPU,GPU,0,0,0,0,gin_recovery_gpudb,rec1_F2_timeout_t10,F2,timeout,t10,1,600,120,9,9,0,1.7,0,0,declined,0,declined,n/a,,,,1,0,0,1,class_REM_ACCESS,REM_ACCESS,10/0x88,0,0,0,0,0,0,0,0,remote process exited or there was a network error,no error,none,,clean,no error,860.7,clean,no error,,,,,,,,,v2 F2,"PMO=1,SMO=1 both",rain=570.211.01;sunny=580.178.04,GPU (logged mode=GPU),REM_ACCESS,10/0x88,1429398084.230,5.023,5.069,5.162,5.172,REM_ACCESS,10/0x88,,1,,0
v2,GPU,GPU,0,0,0,0,gin_recovery_gpudb,rec1_F2_timeout_t11,F2,timeout,t11,1,600,120,9,9,0,1.7,0,0,declined,0,declined,n/a,,,,1,0,0,1,class_REM_ACCESS,REM_ACCESS,10/0x88,0,0,0,0,0,0,0,0,remote process exited or there was a network error,no error,remote process exited or there was a network error,2.881999969482422,clean,no error,874.1,clean,no error,,,,,,,,,v2 F2,"PMO=1,SMO=1 both",rain=570.211.01;sunny=580.178.04,GPU (logged mode=GPU),REM_ACCESS,10/0x88,1429459025.484,2.760,2.807,2.876,2.885,REM_ACCESS,10/0x88,,1,,0
v2,GPU,GPU,0,0,0,0,gin_recovery_gpudb,rec1_F2_timeout_t12,F2,timeout,t12,1,600,120,9,9,0,1.7,0,0,declined,0,declined,n/a,,,,1,0,0,1,class_REM_ACCESS,REM_ACCESS,10/0x88,0,0,0,0,0,0,0,0,remote process exited or there was a network error,no error,remote process exited or there was a network error,2.7130000591278076,clean,no error,865.2,clean,no error,,,,,,,,,v2 F2,"PMO=1,SMO=1 both",rain=570.211.01;sunny=580.178.04,GPU (logged mode=GPU),REM_ACCESS,10/0x88,1429520285.463,2.609,2.684,2.876,2.884,REM_ACCESS,10/0x88,,1,,0
v2,GPU,GPU,0,0,0,0,gin_recovery_gpudb,rec1_F2_timeout_t13,F2,timeout,t13,1,600,120,9,9,0,1.7,0,0,declined,0,declined,n/a,,,,1,0,0,1,class_REM_ACCESS,REM_ACCESS,10/0x88,0,0,0,0,0,0,0,0,remote process exited or there was a network error,no error,remote process exited or there was a network error,2.882999897003174,clean,no error,877.1,clean,no error,,,,,,,,,v2 F2,"PMO=1,SMO=1 both",rain=570.211.01;sunny=580.178.04,GPU (logged mode=GPU),REM_ACCESS,10/0x88,1429581541.377,2.632,2.699,2.880,2.890,REM_ACCESS,10/0x88,,1,,0
v2,GPU,GPU,0,0,0,0,gin_recovery_gpudb,rec1_F2_timeout_t14,F2,timeout,t14,1,600,120,9,9,0,1.7,0,0,declined,0,declined,n/a,,,,1,0,0,1,class_REM_ACCESS,REM_ACCESS,10/0x88,0,0,0,0,0,0,0,0,remote process exited or there was a network error,no error,remote process exited or there was a network error,2.9140000343322754,clean,no error,874.8,clean,no error,,,,,,,,,v2 F2,"PMO=1,SMO=1 both",rain=570.211.01;sunny=580.178.04,GPU (logged mode=GPU),REM_ACCESS,10/0x88,1429642629.761,2.623,2.674,2.883,2.892,REM_ACCESS,10/0x88,,1,,0
v2,GPU,GPU,0,0,0,0,gin_recovery_gpudb,rec1_F2_timeout_t15,F2,timeout,t15,1,600,120,9,9,0,1.7,0,0,declined,0,declined,n/a,,,,1,0,0,1,class_REM_ACCESS,REM_ACCESS,10/0x88,0,0,0,0,0,0,0,0,remote process exited or there was a network error,no error,remote process exited or there was a network error,2.9170000553131104,clean,no error,876.7,clean,no error,,,,,,,,,v2 F2,"PMO=1,SMO=1 both",rain=570.211.01;sunny=580.178.04,GPU (logged mode=GPU),REM_ACCESS,10/0x88,1429703641.372,2.598,2.704,2.878,2.887,REM_ACCESS,10/0x88,,1,,0
v2,GPU,GPU,0,0,0,0,gin_recovery_gpudb,rec1_F2_timeout_t1,F2,timeout,t1,1,600,120,9,9,0,1.7,0,0,declined,0,declined,n/a,,,,1,0,0,1,class_REM_ACCESS,REM_ACCESS,10/0x88,0,0,0,0,0,0,0,0,remote process exited or there was a network error,no error,none,,clean,no error,886.7,clean,no error,,,,,,,,,v2 F2,"PMO=1,SMO=1 both",rain=570.211.01;sunny=580.178.04,GPU (logged mode=GPU),REM_ACCESS,10/0x88,1425057666.042,2.789,2.898,2.883,2.967,REM_ACCESS,10/0x88,,1,,0
v2,GPU,GPU,0,0,0,0,gin_recovery_gpudb,rec1_F2_timeout_t2,F2,timeout,t2,1,600,120,9,9,0,1.7,0,0,declined,0,declined,n/a,,,,1,0,0,1,class_REM_ACCESS,REM_ACCESS,10/0x88,0,0,0,0,0,0,0,0,remote process exited or there was a network error,no error,remote process exited or there was a network error,2.943000078201294,clean,no error,871.9,clean,no error,,,,,,,,,v2 F2,"PMO=1,SMO=1 both",rain=570.211.01;sunny=580.178.04,GPU (logged mode=GPU),REM_ACCESS,10/0x88,1425246605.636,2.761,2.871,2.891,2.900,REM_ACCESS,10/0x88,,1,,0
v2,GPU,GPU,0,0,0,0,gin_recovery_gpudb,rec1_F2_timeout_t3,F2,timeout,t3,1,600,120,9,9,0,1.7,0,0,declined,0,declined,n/a,,,,1,0,0,1,class_REM_ACCESS,REM_ACCESS,10/0x88,0,0,0,0,0,0,0,0,remote process exited or there was a network error,no error,remote process exited or there was a network error,3.1369998455047607,clean,no error,865.4,clean,no error,,,,,,,,,v2 F2,"PMO=1,SMO=1 both",rain=570.211.01;sunny=580.178.04,GPU (logged mode=GPU),REM_ACCESS,10/0x88,1425435341.857,2.973,3.027,3.131,3.147,REM_ACCESS,10/0x88,,1,,0
v2,GPU,GPU,0,0,0,0,gin_recovery_gpudb,rec1_F2_timeout_t4,F2,timeout,t4,1,600,120,9,9,0,1.7,0,0,declined,0,declined,n/a,,,,1,0,0,1,class_REM_ACCESS,REM_ACCESS,10/0x88,0,0,0,0,0,0,0,0,remote process exited or there was a network error,no error,remote process exited or there was a network error,2.9830000400543213,clean,no error,863.7,clean,no error,,,,,,,,,v2 F2,"PMO=1,SMO=1 both",rain=570.211.01;sunny=580.178.04,GPU (logged mode=GPU),REM_ACCESS,10/0x88,1425623905.682,2.782,2.826,2.927,2.937,REM_ACCESS,10/0x88,,1,,0
v2,GPU,GPU,0,0,0,0,gin_recovery_gpudb,rec1_F2_timeout_t5,F2,timeout,t5,1,600,120,9,9,0,1.8,0,0,declined,0,declined,n/a,,,,1,0,0,1,class_REM_ACCESS,REM_ACCESS,10/0x88,0,0,0,0,0,0,0,0,remote process exited or there was a network error,no error,remote process exited or there was a network error,3.1610000133514404,clean,no error,864.8,clean,no error,,,,,,,,,v2 F2,"PMO=1,SMO=1 both",rain=570.211.01;sunny=580.178.04,GPU (logged mode=GPU),REM_ACCESS,10/0x88,1426835157.860,2.903,2.953,3.029,3.043,REM_ACCESS,10/0x88,,1,,0
v2,GPU,GPU,0,0,0,0,gin_recovery_gpudb,rec1_F2_timeout_t6,F2,timeout,t6,1,600,120,9,9,0,1.7,0,0,declined,0,declined,n/a,,,,1,0,0,1,class_REM_ACCESS,REM_ACCESS,10/0x88,0,0,0,0,0,0,0,0,remote process exited or there was a network error,no error,none,,clean,no error,882.6,clean,no error,,,,,,,,,v2 F2,"PMO=1,SMO=1 both",rain=570.211.01;sunny=580.178.04,GPU (logged mode=GPU),REM_ACCESS,10/0x88,1427024798.374,2.709,2.781,2.891,2.901,REM_ACCESS,10/0x88,,1,,0
v2,GPU,GPU,0,0,0,0,gin_recovery_gpudb,rec1_F2_timeout_t7,F2,timeout,t7,1,600,120,9,9,0,1.7,0,0,declined,0,declined,n/a,,,,1,0,0,1,class_REM_ACCESS,REM_ACCESS,10/0x88,0,0,0,0,0,0,0,0,remote process exited or there was a network error,no error,remote process exited or there was a network error,2.9170000553131104,clean,no error,876.6,clean,no error,,,,,,,,,v2 F2,"PMO=1,SMO=1 both",rain=570.211.01;sunny=580.178.04,GPU (logged mode=GPU),REM_ACCESS,10/0x88,1427085905.657,2.715,2.779,2.855,2.864,REM_ACCESS,10/0x88,,1,,0
v2,GPU,GPU,0,0,0,0,gin_recovery_gpudb,rec1_F2_timeout_t8,F2,timeout,t8,1,600,120,9,9,0,1.7,0,0,declined,0,declined,n/a,,,,1,0,0,1,class_REM_ACCESS,REM_ACCESS,10/0x88,0,0,0,0,0,0,0,0,remote process exited or there was a network error,no error,remote process exited or there was a network error,2.865000009536743,clean,no error,872.5,clean,no error,,,,,,,,,v2 F2,"PMO=1,SMO=1 both",rain=570.211.01;sunny=580.178.04,GPU (logged mode=GPU),REM_ACCESS,10/0x88,1427147206.375,2.628,2.708,2.879,2.893,REM_ACCESS,10/0x88,,1,,0
v2,GPU,GPU,0,0,0,0,gin_recovery_gpudb,rec1_F2_timeout_t9,F2,timeout,t9,1,600,120,9,9,0,1.7,0,0,declined,0,declined,n/a,,,,1,0,0,1,class_REM_ACCESS,REM_ACCESS,10/0x88,0,0,0,0,0,0,0,0,remote process exited or there was a network error,no error,remote process exited or there was a network error,2.8849997520446777,clean,no error,880.6,clean,no error,,,,,,,,,v2 F2,"PMO=1,SMO=1 both",rain=570.211.01;sunny=580.178.04,GPU (logged mode=GPU),REM_ACCESS,10/0x88,1427208360.404,2.638,2.695,2.885,2.894,REM_ACCESS,10/0x88,,1,,0
v2,GPU,GPU,0,0,0,0,gin_recovery_gpudb,rec1_F3_blocking_m1,F3,blocking,m1,1,"600,300,-1,300,300",200,0,0,0,23.2,5,200,ok,200,ok,ok,200,200,1,5,4,1,0,none,,,5,0,5,5,0,4,0,,no error,no error,remote process exited or there was a network error,3571.7750000953674,clean,no error,683.8,clean,no error,3729.981000185013,3761.7400000095367,,,,,,,v2 F3 x5,"PMO=1,SMO=1 both",rain=570.211.01;sunny=580.178.04,GPU (logged mode=GPU),RETRY_EXC,12/0x81,1425177248.231,3571.459,3571.586,3571.563,3571.658,RETRY_EXC,12/0x81,,1,,1
v2,GPU,GPU,0,0,0,0,gin_recovery_gpudb,rec1_F3_blocking_m2,F3,blocking,m2,1,"600,300,-1,300,300",200,0,0,0,23.2,5,200,ok,200,ok,ok,200,200,1,5,4,1,0,none,,,5,0,5,5,0,4,0,,no error,no error,remote process exited or there was a network error,3523.6289999485016,clean,no error,738.9,clean,no error,3729.8489998579025,3761.9439997673035,,,,,,,v2 F3 x5,"PMO=1,SMO=1 both",rain=570.211.01;sunny=580.178.04,GPU (logged mode=GPU),RETRY_EXC,12/0x81,1425366007.278,3523.351,3523.460,3523.510,3523.532,RETRY_EXC,12/0x81,,1,,1
v2,GPU,GPU,0,0,0,0,gin_recovery_gpudb,rec1_F3_blocking_m3,F3,blocking,m3,1,"600,300,-1,300,300",200,0,0,0,23.2,5,200,ok,200,ok,ok,200,200,1,5,4,1,0,none,,,5,0,5,5,0,4,0,,no error,no error,remote process exited or there was a network error,3542.2340002059937,clean,no error,702.7,clean,no error,3729.955500125885,3761.6120002269745,,,,,,,v2 F3 x5,"PMO=1,SMO=1 both",rain=570.211.01;sunny=580.178.04,GPU (logged mode=GPU),RETRY_EXC,12/0x81,1425554699.594,3541.963,3542.065,3542.180,3542.197,RETRY_EXC,12/0x81,,1,,1
v2,GPU,GPU,0,0,0,0,gin_recovery_gpudb,rec1_F3_blocking_m4,F3,blocking,m4,1,"600,300,-1,300,300",200,0,0,0,23.3,5,200,ok,200,ok,ok,200,200,1,5,4,1,0,none,,,5,0,5,5,0,4,0,,no error,no error,remote process exited or there was a network error,3538.3970000743866,clean,no error,691.9,clean,no error,3731.043500185013,3762.4609999656677,,,,,,,v2 F3 x5,"PMO=1,SMO=1 both",rain=570.211.01;sunny=580.178.04,GPU (logged mode=GPU),RETRY_EXC,12/0x81,1426764546.970,3538.184,3538.260,3538.294,3538.317,RETRY_EXC,12/0x81,,1,,1
v2,GPU,GPU,0,0,0,0,gin_recovery_gpudb,rec1_F3_blocking_m5,F3,blocking,m5,1,"600,300,-1,300,300",200,0,0,0,23.3,5,200,ok,200,ok,ok,200,200,1,5,4,1,0,none,,,5,0,5,5,0,4,0,,no error,no error,remote process exited or there was a network error,3528.072000026703,clean,no error,734.4,clean,no error,3730.2389999628067,3761.878000020981,,,,,,,v2 F3 x5,"PMO=1,SMO=1 both",rain=570.211.01;sunny=580.178.04,GPU (logged mode=GPU),RETRY_EXC,12/0x81,1426955415.783,3527.731,3527.827,3528.011,3528.028,RETRY_EXC,12/0x81,,1,,1
v2,GPU,GPU,0,0,0,0,gin_recovery_gpudb,rec1_F3_blocking_t10,F3,blocking,t10,1,600,120,0,0,0,7.2,1,120,ok,120,ok,ok,120,120,1,1,1,0,0,none,,,1,0,1,1,0,1,0,,no error,no error,remote process exited or there was a network error,3711.3440001010895,clean,no error,743.2,clean,no error,3719.7450001239777,3719.7450001239777,,,,,,,v2 F3,"PMO=1,SMO=1 both",rain=570.211.01;sunny=580.178.04,GPU (logged mode=GPU),RETRY_EXC,12/0x81,1429415427.212,3711.219,3711.311,3711.320,3711.350,RETRY_EXC,12/0x81,,1,,1
v2,GPU,GPU,0,0,0,0,gin_recovery_gpudb,rec1_F3_blocking_t11,F3,blocking,t11,1,600,120,0,0,0,7.2,1,120,ok,120,ok,ok,120,120,1,1,1,0,0,none,,,1,0,1,1,0,1,0,,no error,no error,remote process exited or there was a network error,3670.5499999523163,clean,no error,770.1,clean,no error,3678.858999967575,3678.858999967575,,,,,,,v2 F3,"PMO=1,SMO=1 both",rain=570.211.01;sunny=580.178.04,GPU (logged mode=GPU),RETRY_EXC,12/0x81,1429476402.939,3670.240,3670.287,3670.518,3670.537,RETRY_EXC,12/0x81,,1,,1
v2,GPU,GPU,0,0,0,0,gin_recovery_gpudb,rec1_F3_blocking_t12,F3,blocking,t12,1,600,120,0,0,0,7.2,1,120,ok,120,ok,ok,120,120,1,1,1,0,0,none,,,1,0,1,1,0,1,0,,no error,no error,remote process exited or there was a network error,3576.9420001506805,clean,no error,860.2,clean,no error,3585.241000175476,3585.241000175476,,,,,,,v2 F3,"PMO=1,SMO=1 both",rain=570.211.01;sunny=580.178.04,GPU (logged mode=GPU),RETRY_EXC,12/0x81,1429537699.366,3576.704,3576.781,3576.892,3576.907,RETRY_EXC,12/0x81,,1,,1
v2,GPU,GPU,0,0,0,0,gin_recovery_gpudb,rec1_F3_blocking_t13,F3,blocking,t13,1,600,120,0,0,0,7.2,1,120,ok,120,ok,ok,120,120,1,1,1,0,0,none,,,1,0,1,1,0,1,0,,no error,no error,remote process exited or there was a network error,3588.2190001010895,clean,no error,854.7,clean,no error,3596.1530001163483,3596.1530001163483,,,,,,,v2 F3,"PMO=1,SMO=1 both",rain=570.211.01;sunny=580.178.04,GPU (logged mode=GPU),RETRY_EXC,12/0x81,1429598890.839,3588.011,3588.044,3588.140,3588.155,RETRY_EXC,12/0x81,,1,,1
v2,GPU,GPU,0,0,0,0,gin_recovery_gpudb,rec1_F3_blocking_t14,F3,blocking,t14,1,600,120,0,0,0,7.2,1,120,ok,120,ok,ok,120,120,1,1,1,0,0,none,,,1,0,1,1,0,1,0,,no error,no error,remote process exited or there was a network error,3730.1330001354218,clean,no error,705.8,clean,no error,3738.646999835968,3738.646999835968,,,,,,,v2 F3,"PMO=1,SMO=1 both",rain=570.211.01;sunny=580.178.04,GPU (logged mode=GPU),RETRY_EXC,12/0x81,1429659951.677,3730.004,3730.054,3730.096,3730.118,RETRY_EXC,12/0x81,,1,,1
v2,GPU,GPU,0,0,0,0,gin_recovery_gpudb,rec1_F3_blocking_t15,F3,blocking,t15,1,600,120,0,0,0,7.2,1,120,ok,120,ok,ok,120,120,1,1,1,0,0,none,,,1,0,1,1,0,1,0,,no error,no error,remote process exited or there was a network error,3613.37099981308,clean,no error,811.8,clean,no error,3621.797999858856,3621.797999858856,,,,,,,v2 F3,"PMO=1,SMO=1 both",rain=570.211.01;sunny=580.178.04,GPU (logged mode=GPU),RETRY_EXC,12/0x81,1429721002.887,3613.214,3613.261,3613.370,3613.386,RETRY_EXC,12/0x81,,1,,1
v2,GPU,GPU,0,0,0,0,gin_recovery_gpudb,rec1_F3_blocking_t1,F3,blocking,t1,1,600,120,0,0,0,7.2,1,120,ok,120,ok,ok,120,120,1,1,1,0,0,none,,,1,0,1,1,0,1,0,,no error,no error,remote process exited or there was a network error,3586.3070001602173,clean,no error,866.5,clean,no error,3594.585000038147,3594.585000038147,,,,,,,v2 F3,"PMO=1,SMO=1 both",rain=570.211.01;sunny=580.178.04,GPU (logged mode=GPU),RETRY_EXC,12/0x81,1425146094.989,3586.047,3586.166,3586.310,3586.326,RETRY_EXC,12/0x81,,1,,1
v2,GPU,GPU,0,0,0,0,gin_recovery_gpudb,rec1_F3_blocking_t2,F3,blocking,t2,1,600,120,0,0,0,7.2,1,120,ok,120,ok,ok,120,120,1,1,1,0,0,none,,,1,0,1,1,0,1,0,,no error,no error,remote process exited or there was a network error,3549.4670000076294,clean,no error,905.8,clean,no error,3557.776999950409,3557.776999950409,,,,,,,v2 F3,"PMO=1,SMO=1 both",rain=570.211.01;sunny=580.178.04,GPU (logged mode=GPU),RETRY_EXC,12/0x81,1425335111.086,3549.334,3549.421,3549.425,3549.452,RETRY_EXC,12/0x81,,1,,1
v2,GPU,GPU,0,0,0,0,gin_recovery_gpudb,rec1_F3_blocking_t3,F3,blocking,t3,1,600,120,0,0,0,7.2,1,120,ok,120,ok,ok,120,120,1,1,1,0,0,none,,,1,0,1,1,0,1,0,,no error,no error,remote process exited or there was a network error,3768.8040001392365,clean,no error,668.3,clean,no error,3777.0629999637604,3777.0629999637604,,,,,,,v2 F3,"PMO=1,SMO=1 both",rain=570.211.01;sunny=580.178.04,GPU (logged mode=GPU),RETRY_EXC,12/0x81,1425523602.737,3768.619,3768.726,3768.813,3768.823,RETRY_EXC,12/0x81,,1,,1
v2,GPU,GPU,0,0,0,0,gin_recovery_gpudb,rec1_F3_blocking_t4,F3,blocking,t4,1,600,120,0,0,0,7.2,1,120,ok,120,ok,ok,120,120,1,1,1,0,0,none,,,1,0,1,1,0,1,0,,no error,no error,remote process exited or there was a network error,3719.537999868393,clean,no error,581.6,clean,no error,3727.6979999542236,3727.6979999542236,,,,,,,v2 F3,"PMO=1,SMO=1 both",rain=570.211.01;sunny=580.178.04,GPU (logged mode=GPU),RETRY_EXC,12/0x81,1426733495.595,3719.355,3719.431,3719.441,3719.468,RETRY_EXC,12/0x81,,1,,1
v2,GPU,GPU,0,0,0,0,gin_recovery_gpudb,rec1_F3_blocking_t5,F3,blocking,t5,1,600,120,0,0,0,7.2,1,120,ok,120,ok,ok,120,120,1,1,1,0,0,none,,,1,0,1,1,0,1,0,,no error,no error,remote process exited or there was a network error,3549.659999847412,clean,no error,897.5,clean,no error,3557.904000043869,3557.904000043869,,,,,,,v2 F3,"PMO=1,SMO=1 both",rain=570.211.01;sunny=580.178.04,GPU (logged mode=GPU),RETRY_EXC,12/0x81,1426924255.499,3549.379,3549.513,3549.579,3549.596,RETRY_EXC,12/0x81,,1,,1
v2,GPU,GPU,0,0,0,0,gin_recovery_gpudb,rec1_F3_blocking_t6,F3,blocking,t6,1,600,120,0,0,0,7.2,1,120,ok,120,ok,ok,120,120,1,1,1,0,0,none,,,1,0,1,1,0,1,0,,no error,no error,remote process exited or there was a network error,3714.483999967575,clean,no error,728.6,clean,no error,3723.03400015831,3723.03400015831,,,,,,,v2 F3,"PMO=1,SMO=1 both",rain=570.211.01;sunny=580.178.04,GPU (logged mode=GPU),RETRY_EXC,12/0x81,1427042202.844,3714.119,3714.240,3714.425,3714.445,RETRY_EXC,12/0x81,,1,,1
v2,GPU,GPU,0,0,0,0,gin_recovery_gpudb,rec1_F3_blocking_t7,F3,blocking,t7,1,600,120,0,0,0,7.2,1,120,ok,120,ok,ok,120,120,1,1,1,0,0,none,,,1,0,1,1,0,1,0,,no error,no error,remote process exited or there was a network error,3533.231999874115,clean,no error,904.6,clean,no error,3541.5920000076294,3541.5920000076294,,,,,,,v2 F3,"PMO=1,SMO=1 both",rain=570.211.01;sunny=580.178.04,GPU (logged mode=GPU),RETRY_EXC,12/0x81,1427103319.038,3533.004,3533.110,3533.222,3533.243,RETRY_EXC,12/0x81,,1,,1
v2,GPU,GPU,0,0,0,0,gin_recovery_gpudb,rec1_F3_blocking_t8,F3,blocking,t8,1,600,120,0,0,0,7.2,1,120,ok,120,ok,ok,120,120,1,1,1,0,0,none,,,1,0,1,1,0,1,0,,no error,no error,remote process exited or there was a network error,3772.9759998321533,clean,no error,666.5,clean,no error,3781.231999874115,3781.231999874115,,,,,,,v2 F3,"PMO=1,SMO=1 both",rain=570.211.01;sunny=580.178.04,GPU (logged mode=GPU),RETRY_EXC,12/0x81,1427164551.334,3772.679,3772.814,3772.925,3772.943,RETRY_EXC,12/0x81,,1,,1
v2,GPU,GPU,0,0,0,0,gin_recovery_gpudb,rec1_F3_blocking_t9,F3,blocking,t9,1,600,120,0,0,0,7.2,1,120,ok,120,ok,ok,120,120,1,1,1,0,0,none,,,1,0,1,1,0,1,0,,no error,no error,remote process exited or there was a network error,3516.338000059128,clean,no error,922.1,clean,no error,3524.7200000286102,3524.7200000286102,,,,,,,v2 F3,"PMO=1,SMO=1 both",rain=570.211.01;sunny=580.178.04,GPU (logged mode=GPU),RETRY_EXC,12/0x81,1427225743.049,3516.061,3516.193,3516.294,3516.317,RETRY_EXC,12/0x81,,1,,1
v2,GPU,GPU,0,0,0,0,gin_recovery_gpudb,rec1_F3_timeout_m1,F3,timeout,m1,1,"600,300,-1,300,300",200,0,0,0,23.2,5,200,ok,200,ok,ok,200,200,1,5,4,1,0,none,,,5,0,5,5,0,4,1,,no error,no error,remote process exited or there was a network error,3551.763000011444,clean,no error,694.4,clean,no error,3730.0530000925064,3761.6600000858307,,,,,,,v2 F3 x5,"PMO=1,SMO=1 both",rain=570.211.01;sunny=580.178.04,GPU (logged mode=GPU),RETRY_EXC,12/0x81,1425075530.795,3551.413,3551.511,3551.483,3551.581,RETRY_EXC,12/0x81,,1,,1
v2,GPU,GPU,0,0,0,0,gin_recovery_gpudb,rec1_F3_timeout_m2,F3,timeout,m2,1,"600,300,-1,300,300",200,0,0,0,23.2,5,200,ok,200,ok,ok,200,200,1,5,4,1,0,none,,,5,0,5,5,0,4,1,,no error,no error,remote process exited or there was a network error,3581.4479999542236,clean,no error,685.7,clean,no error,3730.1364998817444,3761.651999950409,,,,,,,v2 F3 x5,"PMO=1,SMO=1 both",rain=570.211.01;sunny=580.178.04,GPU (logged mode=GPU),RETRY_EXC,12/0x81,1425264480.404,3581.194,3581.326,3581.370,3581.395,RETRY_EXC,12/0x81,,1,,1
v2,GPU,GPU,0,0,0,0,gin_recovery_gpudb,rec1_F3_timeout_m3,F3,timeout,m3,1,"600,300,-1,300,300",200,0,0,0,23.2,5,200,ok,200,ok,ok,200,200,1,5,4,1,0,none,,,5,0,5,5,0,4,1,,no error,no error,remote process exited or there was a network error,3541.760999917984,clean,no error,704.4,clean,no error,3730.06550014019,3761.6200001239777,,,,,,,v2 F3 x5,"PMO=1,SMO=1 both",rain=570.211.01;sunny=580.178.04,GPU (logged mode=GPU),RETRY_EXC,12/0x81,1425453231.051,3541.483,3541.600,3541.712,3541.731,RETRY_EXC,12/0x81,,1,,1
v2,GPU,GPU,0,0,0,0,gin_recovery_gpudb,rec1_F3_timeout_m4,F3,timeout,m4,1,"600,300,-1,300,300",200,0,0,0,23.2,5,200,ok,200,ok,ok,200,200,1,5,4,1,0,none,,,5,0,5,5,0,4,1,,no error,no error,remote process exited or there was a network error,3681.555000066757,clean,no error,577.2,clean,no error,3729.922500014305,3761.9290001392365,,,,,,,v2 F3 x5,"PMO=1,SMO=1 both",rain=570.211.01;sunny=580.178.04,GPU (logged mode=GPU),RETRY_EXC,12/0x81,1426662934.771,3681.362,3681.449,3681.487,3681.517,RETRY_EXC,12/0x81,,1,,1
v2,GPU,GPU,0,0,0,0,gin_recovery_gpudb,rec1_F3_timeout_m5,F3,timeout,m5,1,"600,300,-1,300,300",200,0,0,0,23.2,5,200,ok,200,ok,ok,200,200,1,5,4,1,0,none,,,5,0,5,5,0,4,1,,no error,no error,remote process exited or there was a network error,3675.1520001888275,clean,no error,538.5,clean,no error,3730.542999982834,3762.117000102997,,,,,,,v2 F3 x5,"PMO=1,SMO=1 both",rain=570.211.01;sunny=580.178.04,GPU (logged mode=GPU),RETRY_EXC,12/0x81,1426853262.834,3674.799,3674.888,3675.038,3675.066,RETRY_EXC,12/0x81,,1,,1
v2,GPU,GPU,0,0,0,0,gin_recovery_gpudb,rec1_F3_timeout_t10,F3,timeout,t10,1,600,120,0,0,0,7.2,1,120,ok,120,ok,ok,120,120,1,1,1,0,0,none,,,1,0,1,1,0,1,0,,no error,no error,remote process exited or there was a network error,3528.194999933243,clean,no error,924.2,clean,no error,3536.7379999160767,3536.7379999160767,,,,,,,v2 F3,"PMO=1,SMO=1 both",rain=570.211.01;sunny=580.178.04,GPU (logged mode=GPU),RETRY_EXC,12/0x81,1427256332.854,3528.013,3528.085,3528.162,3528.182,RETRY_EXC,12/0x81,,1,,1
v2,GPU,GPU,0,0,0,0,gin_recovery_gpudb,rec1_F3_timeout_t11,F3,timeout,t11,1,600,120,0,0,0,7.2,1,120,ok,120,ok,ok,120,120,1,1,1,0,0,none,,,1,0,1,1,0,1,0,,no error,no error,remote process exited or there was a network error,3628.94100022316,clean,no error,816.1,clean,no error,3637.368000268936,3637.368000268936,,,,,,,v2 F3,"PMO=1,SMO=1 both",rain=570.211.01;sunny=580.178.04,GPU (logged mode=GPU),RETRY_EXC,12/0x81,1429445842.838,3628.753,3628.835,3628.955,3628.975,RETRY_EXC,12/0x81,,1,,1
v2,GPU,GPU,0,0,0,0,gin_recovery_gpudb,rec1_F3_timeout_t12,F3,timeout,t12,1,600,120,0,0,0,7.2,1,120,ok,120,ok,ok,120,120,1,1,1,0,0,none,,,1,0,1,1,0,1,0,,no error,no error,remote process exited or there was a network error,3611.9909999370575,clean,no error,830.4,clean,no error,3620.1139998435974,3620.1139998435974,,,,,,,v2 F3,"PMO=1,SMO=1 both",rain=570.211.01;sunny=580.178.04,GPU (logged mode=GPU),RETRY_EXC,12/0x81,1429507062.821,3611.879,3611.916,3611.965,3611.993,RETRY_EXC,12/0x81,,1,,1
v2,GPU,GPU,0,0,0,0,gin_recovery_gpudb,rec1_F3_timeout_t13,F3,timeout,t13,1,600,120,0,0,0,7.2,1,120,ok,120,ok,ok,120,120,1,1,1,0,0,none,,,1,0,1,1,0,1,0,,no error,no error,remote process exited or there was a network error,3570.5999999046326,clean,no error,877.7,clean,no error,3578.8319997787476,3578.8319997787476,,,,,,,v2 F3,"PMO=1,SMO=1 both",rain=570.211.01;sunny=580.178.04,GPU (logged mode=GPU),RETRY_EXC,12/0x81,1429568306.939,3570.514,3570.576,3570.582,3570.610,RETRY_EXC,12/0x81,,1,,1
v2,GPU,GPU,0,0,0,0,gin_recovery_gpudb,rec1_F3_timeout_t14,F3,timeout,t14,1,600,120,0,0,0,7.2,1,120,ok,120,ok,ok,120,120,1,1,1,0,0,none,,,1,0,1,1,0,1,0,,no error,no error,remote process exited or there was a network error,3577.2969999313354,clean,no error,871.5,clean,no error,3585.587000131607,3585.587000131607,,,,,,,v2 F3,"PMO=1,SMO=1 both",rain=570.211.01;sunny=580.178.04,GPU (logged mode=GPU),RETRY_EXC,12/0x81,1429629503.254,3577.001,3577.038,3577.257,3577.276,RETRY_EXC,12/0x81,,1,,1
v2,GPU,GPU,0,0,0,0,gin_recovery_gpudb,rec1_F3_timeout_t15,F3,timeout,t15,1,600,120,0,0,0,7.2,1,120,ok,120,ok,ok,120,120,1,1,1,0,0,none,,,1,0,1,1,0,1,0,,no error,no error,remote process exited or there was a network error,3595.7890000343323,clean,no error,835.3,clean,no error,3603.9500000476837,3603.9500000476837,,,,,,,v2 F3,"PMO=1,SMO=1 both",rain=570.211.01;sunny=580.178.04,GPU (logged mode=GPU),RETRY_EXC,12/0x81,1429690419.123,3595.543,3595.616,3595.661,3595.687,RETRY_EXC,12/0x81,,1,,1
v2,GPU,GPU,0,0,0,0,gin_recovery_gpudb,rec1_F3_timeout_t1,F3,timeout,t1,1,600,120,0,0,0,7.2,1,120,ok,120,ok,ok,120,120,1,1,1,0,0,none,,,1,0,1,1,0,1,0,,no error,no error,remote process exited or there was a network error,3585.489000082016,clean,no error,863.2,clean,no error,3593.946000099182,3593.946000099182,,,,,,,v2 F3,"PMO=1,SMO=1 both",rain=570.211.01;sunny=580.178.04,GPU (logged mode=GPU),RETRY_EXC,12/0x81,1425044626.714,3585.272,3585.362,3585.545,3585.562,RETRY_EXC,12/0x81,,1,,1
v2,GPU,GPU,0,0,0,0,gin_recovery_gpudb,rec1_F3_timeout_t2,F3,timeout,t2,1,600,120,0,0,0,7.2,1,120,ok,120,ok,ok,120,120,1,1,1,0,0,none,,,1,0,1,1,0,1,0,,no error,no error,remote process exited or there was a network error,3543.667999982834,clean,no error,886.4,clean,no error,3552.239000082016,3552.239000082016,,,,,,,v2 F3,"PMO=1,SMO=1 both",rain=570.211.01;sunny=580.178.04,GPU (logged mode=GPU),RETRY_EXC,12/0x81,1425233379.461,3543.479,3543.564,3543.629,3543.656,RETRY_EXC,12/0x81,,1,,1
v2,GPU,GPU,0,0,0,0,gin_recovery_gpudb,rec1_F3_timeout_t3,F3,timeout,t3,1,600,120,0,0,0,7.2,1,120,ok,120,ok,ok,120,120,1,1,1,0,0,none,,,1,0,1,1,0,1,0,,no error,no error,remote process exited or there was a network error,3706.4050002098083,clean,no error,720.5,clean,no error,3714.8600001335144,3714.8600001335144,,,,,,,v2 F3,"PMO=1,SMO=1 both",rain=570.211.01;sunny=580.178.04,GPU (logged mode=GPU),RETRY_EXC,12/0x81,1425422196.251,3706.064,3706.199,3706.286,3706.323,RETRY_EXC,12/0x81,,1,,1
v2,GPU,GPU,0,0,0,0,gin_recovery_gpudb,rec1_F3_timeout_t4,F3,timeout,t4,1,600,120,0,0,0,7.2,1,120,ok,120,ok,ok,120,120,1,1,1,0,0,none,,,1,0,1,1,0,1,0,,no error,no error,remote process exited or there was a network error,3541.7180001735687,clean,no error,886.1,clean,no error,3549.62900018692,3549.62900018692,,,,,,,v2 F3,"PMO=1,SMO=1 both",rain=570.211.01;sunny=580.178.04,GPU (logged mode=GPU),RETRY_EXC,12/0x81,1425610803.337,3541.479,3541.602,3541.679,3541.695,RETRY_EXC,12/0x81,,1,,1
v2,GPU,GPU,0,0,0,0,gin_recovery_gpudb,rec1_F3_timeout_t5,F3,timeout,t5,1,600,120,0,0,0,7.4,1,120,ok,120,ok,ok,120,120,1,1,1,0,0,none,,,1,0,1,1,0,1,0,,no error,no error,remote process exited or there was a network error,3782.075999736786,clean,no error,632.3,clean,no error,3790.614999771118,3790.614999771118,,,,,,,v2 F3,"PMO=1,SMO=1 both",rain=570.211.01;sunny=580.178.04,GPU (logged mode=GPU),RETRY_EXC,12/0x81,1426821748.800,3781.757,3781.882,3781.984,3782.037,RETRY_EXC,12/0x81,,1,,1
v2,GPU,GPU,0,0,0,0,gin_recovery_gpudb,rec1_F3_timeout_t6,F3,timeout,t6,1,600,120,0,0,0,7.2,1,120,ok,120,ok,ok,120,120,1,1,1,0,0,none,,,1,0,1,1,0,1,0,,no error,no error,remote process exited or there was a network error,3731.7300000190735,clean,no error,712.9,clean,no error,3739.65900015831,3739.65900015831,,,,,,,v2 F3,"PMO=1,SMO=1 both",rain=570.211.01;sunny=580.178.04,GPU (logged mode=GPU),RETRY_EXC,12/0x81,1427011583.857,3731.344,3731.457,3731.435,3731.461,RETRY_EXC,12/0x81,,1,,1
v2,GPU,GPU,0,0,0,0,gin_recovery_gpudb,rec1_F3_timeout_t7,F3,timeout,t7,1,600,120,0,0,0,7.2,1,120,ok,120,ok,ok,120,120,1,1,1,0,0,none,,,1,0,1,1,0,1,0,,no error,no error,remote process exited or there was a network error,3583.5370001792908,clean,no error,858.8,clean,no error,3591.9900000095367,3591.9900000095367,,,,,,,v2 F3,"PMO=1,SMO=1 both",rain=570.211.01;sunny=580.178.04,GPU (logged mode=GPU),RETRY_EXC,12/0x81,1427072667.031,3583.263,3583.349,3583.349,3583.375,RETRY_EXC,12/0x81,,1,,1
v2,GPU,GPU,0,0,0,0,gin_recovery_gpudb,rec1_F3_timeout_t8,F3,timeout,t8,1,600,120,0,0,0,7.2,1,120,ok,120,ok,ok,120,120,1,1,1,0,0,none,,,1,0,1,1,0,1,0,,no error,no error,remote process exited or there was a network error,3527.3710000514984,clean,no error,927.9,clean,no error,3535.87700009346,3535.87700009346,,,,,,,v2 F3,"PMO=1,SMO=1 both",rain=570.211.01;sunny=580.178.04,GPU (logged mode=GPU),RETRY_EXC,12/0x81,1427133926.758,3527.058,3527.189,3527.269,3527.293,RETRY_EXC,12/0x81,,1,,1
v2,GPU,GPU,0,0,0,0,gin_recovery_gpudb,rec1_F3_timeout_t9,F3,timeout,t9,1,600,120,0,0,0,7.2,1,120,ok,120,ok,ok,120,120,1,1,1,0,0,none,,,1,0,1,1,0,1,0,,no error,no error,remote process exited or there was a network error,3746.8399999141693,clean,no error,702.6,clean,no error,3755.082000017166,3755.082000017166,,,,,,,v2 F3,"PMO=1,SMO=1 both",rain=570.211.01;sunny=580.178.04,GPU (logged mode=GPU),RETRY_EXC,12/0x81,1427195179.224,3746.550,3746.652,3746.802,3746.820,RETRY_EXC,12/0x81,,1,,1
v2,GPU,GPU,0,0,0,0,gin_recovery_gpudb,rec1_F4_blocking_t10,F4,blocking,t10,1,600,400,9,255,0,7.2,0,178,declined,,,,,,,1,0,0,1,retry_exc_peer_dead,RETRY_EXC,12/0x81,0,0,0,0,0,,,,remote process exited or there was a network error,,remote process exited or there was a network error,3779.184000015259,clean,no error,630.3,,,,,,,,,,,v2 F4,"PMO=1,SMO=1 both",rain=570.211.01;sunny=580.178.04,GPU (logged mode=GPU),RETRY_EXC,12/0x81,1429433613.086,3778.922,3778.990,3779.171,3779.190,RETRY_EXC,12/0x81,,1,,0
v2,GPU,GPU,0,0,0,0,gin_recovery_gpudb,rec1_F4_blocking_t11,F4,blocking,t11,1,600,400,9,255,0,7.2,0,177,declined,,,,,,,1,0,0,1,retry_exc_peer_dead,RETRY_EXC,12/0x81,0,0,0,0,0,,,,remote process exited or there was a network error,,none,,clean,no error,597.9,,,,,,,,,,,v2 F4,"PMO=1,SMO=1 both",rain=570.211.01;sunny=580.178.04,GPU (logged mode=GPU),RETRY_EXC,12/0x81,1429494773.109,3822.062,3822.133,3822.173,3822.194,RETRY_EXC,12/0x81,,1,,0
v2,GPU,GPU,0,0,0,0,gin_recovery_gpudb,rec1_F4_blocking_t12,F4,blocking,t12,1,600,400,9,255,0,7.2,0,178,declined,,,,,,,1,0,0,1,retry_exc_peer_dead,RETRY_EXC,12/0x81,0,0,0,0,0,,,,remote process exited or there was a network error,,remote process exited or there was a network error,3784.8870000839233,clean,no error,630.2,,,,,,,,,,,v2 F4,"PMO=1,SMO=1 both",rain=570.211.01;sunny=580.178.04,GPU (logged mode=GPU),RETRY_EXC,12/0x81,1429556013.145,3784.829,3784.874,3784.881,3784.914,RETRY_EXC,12/0x81,,1,,0
v2,GPU,GPU,0,0,0,0,gin_recovery_gpudb,rec1_F4_blocking_t13,F4,blocking,t13,1,600,400,9,255,0,7.2,0,180,declined,,,,,,,1,0,0,1,retry_exc_peer_dead,RETRY_EXC,12/0x81,0,0,0,0,0,,,,remote process exited or there was a network error,,remote process exited or there was a network error,3783.7030000686646,clean,no error,622.9,,,,,,,,,,,v2 F4,"PMO=1,SMO=1 both",rain=570.211.01;sunny=580.178.04,GPU (logged mode=GPU),RETRY_EXC,12/0x81,1429617217.386,3783.384,3783.410,3783.630,3783.652,RETRY_EXC,12/0x81,,1,,0
v2,GPU,GPU,0,0,0,0,gin_recovery_gpudb,rec1_F4_blocking_t14,F4,blocking,t14,1,600,400,9,255,0,7.2,0,182,declined,,,,,,,1,0,0,1,retry_exc_peer_dead,RETRY_EXC,12/0x81,0,0,0,0,0,,,,remote process exited or there was a network error,,remote process exited or there was a network error,3785.996999979019,clean,no error,590.5,,,,,,,,,,,v2 F4,"PMO=1,SMO=1 both",rain=570.211.01;sunny=580.178.04,GPU (logged mode=GPU),RETRY_EXC,12/0x81,1429678149.353,3785.813,3785.889,3785.936,3785.964,RETRY_EXC,12/0x81,,1,,0
v2,GPU,GPU,0,0,0,0,gin_recovery_gpudb,rec1_F4_blocking_t15,F4,blocking,t15,1,600,400,9,255,0,7.2,0,179,declined,,,,,,,1,0,0,1,retry_exc_peer_dead,RETRY_EXC,12/0x81,0,0,0,0,0,,,,remote process exited or there was a network error,,remote process exited or there was a network error,3724.3259999752045,clean,no error,652.8,,,,,,,,,,,v2 F4,"PMO=1,SMO=1 both",rain=570.211.01;sunny=580.178.04,GPU (logged mode=GPU),RETRY_EXC,12/0x81,1429739145.484,3724.115,3724.174,3724.289,3724.311,RETRY_EXC,12/0x81,,1,,0
v2,GPU,GPU,0,0,0,0,gin_recovery_gpudb,rec1_F4_blocking_t1,F4,blocking,t1,1,600,400,9,255,0,7.2,0,178,declined,,,,,,,1,0,0,1,retry_exc_peer_dead,RETRY_EXC,12/0x81,0,0,0,0,0,,,,remote process exited or there was a network error,,none,,clean,no error,642.2,,,,,,,,,,,v2 F4,"PMO=1,SMO=1 both",rain=570.211.01;sunny=580.178.04,GPU (logged mode=GPU),RETRY_EXC,12/0x81,1425164436.996,3766.163,3766.317,3766.293,3766.324,RETRY_EXC,12/0x81,,1,,0
v2,GPU,GPU,0,0,0,0,gin_recovery_gpudb,rec1_F4_blocking_t2,F4,blocking,t2,1,600,400,9,255,0,7.2,0,181,declined,,,,,,,1,0,0,1,retry_exc_peer_dead,RETRY_EXC,12/0x81,0,0,0,0,0,,,,remote process exited or there was a network error,,remote process exited or there was a network error,3689.199000120163,clean,no error,689.0,,,,,,,,,,,v2 F4,"PMO=1,SMO=1 both",rain=570.211.01;sunny=580.178.04,GPU (logged mode=GPU),RETRY_EXC,12/0x81,1425353225.205,3688.894,3689.030,3689.074,3689.103,RETRY_EXC,12/0x81,,1,,0
v2,GPU,GPU,0,0,0,0,gin_recovery_gpudb,rec1_F4_blocking_t3,F4,blocking,t3,1,600,400,9,255,0,7.2,0,177,declined,,,,,,,1,0,0,1,retry_exc_peer_dead,RETRY_EXC,12/0x81,0,0,0,0,0,,,,remote process exited or there was a network error,,remote process exited or there was a network error,3715.9960000514984,clean,no error,699.8,,,,,,,,,,,v2 F4,"PMO=1,SMO=1 both",rain=570.211.01;sunny=580.178.04,GPU (logged mode=GPU),RETRY_EXC,12/0x81,1425541909.299,3715.734,3715.857,3715.969,3715.995,RETRY_EXC,12/0x81,,1,,0
v2,GPU,GPU,0,0,0,0,gin_recovery_gpudb,rec1_F4_blocking_t4,F4,blocking,t4,1,600,400,9,255,0,7.2,0,178,declined,,,,,,,1,0,0,1,retry_exc_peer_dead,RETRY_EXC,12/0x81,0,0,0,0,0,,,,remote process exited or there was a network error,,remote process exited or there was a network error,3711.805000305176,clean,no error,709.5,,,,,,,,,,,v2 F4,"PMO=1,SMO=1 both",rain=570.211.01;sunny=580.178.04,GPU (logged mode=GPU),RETRY_EXC,12/0x81,1426751757.048,3711.571,3711.675,3711.714,3711.742,RETRY_EXC,12/0x81,,1,,0
v2,GPU,GPU,0,0,0,0,gin_recovery_gpudb,rec1_F4_blocking_t5,F4,blocking,t5,1,600,400,9,255,0,7.2,0,177,declined,,,,,,,1,0,0,1,retry_exc_peer_dead,RETRY_EXC,12/0x81,0,0,0,0,0,,,,remote process exited or there was a network error,,none,,clean,no error,710.1,,,,,,,,,,,v2 F4,"PMO=1,SMO=1 both",rain=570.211.01;sunny=580.178.04,GPU (logged mode=GPU),RETRY_EXC,12/0x81,1426942617.138,3709.853,3709.964,3710.053,3710.066,RETRY_EXC,12/0x81,,1,,0
v2,GPU,GPU,0,0,0,0,gin_recovery_gpudb,rec1_F4_blocking_t6,F4,blocking,t6,1,600,400,9,255,0,7.2,0,176,declined,,,,,,,1,0,0,1,retry_exc_peer_dead,RETRY_EXC,12/0x81,0,0,0,0,0,,,,remote process exited or there was a network error,,remote process exited or there was a network error,3793.5209999084473,clean,no error,623.3,,,,,,,,,,,v2 F4,"PMO=1,SMO=1 both",rain=570.211.01;sunny=580.178.04,GPU (logged mode=GPU),RETRY_EXC,12/0x81,1427060377.329,3793.316,3793.408,3793.454,3793.476,RETRY_EXC,12/0x81,,1,,0
v2,GPU,GPU,0,0,0,0,gin_recovery_gpudb,rec1_F4_blocking_t7,F4,blocking,t7,1,600,400,9,255,0,7.2,0,179,declined,,,,,,,1,0,0,1,retry_exc_peer_dead,RETRY_EXC,12/0x81,0,0,0,0,0,,,,remote process exited or there was a network error,,none,,clean,no error,677.8,,,,,,,,,,,v2 F4,"PMO=1,SMO=1 both",rain=570.211.01;sunny=580.178.04,GPU (logged mode=GPU),RETRY_EXC,12/0x81,1427121657.653,3716.506,3716.652,3716.627,3716.658,RETRY_EXC,12/0x81,,1,,0
v2,GPU,GPU,0,0,0,0,gin_recovery_gpudb,rec1_F4_blocking_t8,F4,blocking,t8,1,600,400,9,255,0,7.2,0,177,declined,,,,,,,1,0,0,1,retry_exc_peer_dead,RETRY_EXC,12/0x81,0,0,0,0,0,,,,remote process exited or there was a network error,,none,,clean,no error,721.4,,,,,,,,,,,v2 F4,"PMO=1,SMO=1 both",rain=570.211.01;sunny=580.178.04,GPU (logged mode=GPU),RETRY_EXC,12/0x81,1427182889.307,3688.380,3688.496,3688.466,3688.566,RETRY_EXC,12/0x81,,1,,0
v2,GPU,GPU,0,0,0,0,gin_recovery_gpudb,rec1_F4_blocking_t9,F4,blocking,t9,1,600,400,9,255,0,7.2,0,176,declined,,,,,,,1,0,0,1,retry_exc_peer_dead,RETRY_EXC,12/0x81,0,0,0,0,0,,,,remote process exited or there was a network error,,remote process exited or there was a network error,3716.2879996299744,clean,no error,721.0,,,,,,,,,,,v2 F4,"PMO=1,SMO=1 both",rain=570.211.01;sunny=580.178.04,GPU (logged mode=GPU),RETRY_EXC,12/0x81,1427244065.326,3715.888,3716.045,3716.195,3716.219,RETRY_EXC,12/0x81,,1,,0
v2,GPU,GPU,0,0,0,0,gin_recovery_gpudb,rec1_F4_timeout_t10,F4,timeout,t10,1,600,400,9,255,0,7.2,0,181,declined,,,,,,,1,0,0,1,retry_exc_peer_dead,RETRY_EXC,12/0x81,0,0,0,0,0,,,,remote process exited or there was a network error,,remote process exited or there was a network error,3605.6859998703003,clean,no error,788.0,,,,,,,,,,,v2 F4,"PMO=1,SMO=1 both",rain=570.211.01;sunny=580.178.04,GPU (logged mode=GPU),RETRY_EXC,12/0x81,1429403184.931,3605.492,3605.592,3605.600,3605.628,RETRY_EXC,12/0x81,,1,,0
v2,GPU,GPU,0,0,0,0,gin_recovery_gpudb,rec1_F4_timeout_t11,F4,timeout,t11,1,600,400,9,255,0,7.2,0,181,declined,,,,,,,1,0,0,1,retry_exc_peer_dead,RETRY_EXC,12/0x81,0,0,0,0,0,,,,remote process exited or there was a network error,,remote process exited or there was a network error,3592.5280001163483,clean,no error,780.2,,,,,,,,,,,v2 F4,"PMO=1,SMO=1 both",rain=570.211.01;sunny=580.178.04,GPU (logged mode=GPU),RETRY_EXC,12/0x81,1429464132.840,3592.319,3592.401,3592.570,3592.592,RETRY_EXC,12/0x81,,1,,0
v2,GPU,GPU,0,0,0,0,gin_recovery_gpudb,rec1_F4_timeout_t12,F4,timeout,t12,1,600,400,9,255,0,7.2,0,180,declined,,,,,,,1,0,0,1,retry_exc_peer_dead,RETRY_EXC,12/0x81,0,0,0,0,0,,,,remote process exited or there was a network error,,none,,clean,no error,622.1,,,,,,,,,,,v2 F4,"PMO=1,SMO=1 both",rain=570.211.01;sunny=580.178.04,GPU (logged mode=GPU),RETRY_EXC,12/0x81,1429525429.319,3767.280,3767.334,3767.294,3767.395,RETRY_EXC,12/0x81,,1,,0
v2,GPU,GPU,0,0,0,0,gin_recovery_gpudb,rec1_F4_timeout_t13,F4,timeout,t13,1,600,400,9,255,0,7.2,0,179,declined,,,,,,,1,0,0,1,retry_exc_peer_dead,RETRY_EXC,12/0x81,0,0,0,0,0,,,,remote process exited or there was a network error,,remote process exited or there was a network error,3778.223999977112,clean,no error,636.6,,,,,,,,,,,v2 F4,"PMO=1,SMO=1 both",rain=570.211.01;sunny=580.178.04,GPU (logged mode=GPU),RETRY_EXC,12/0x81,1429586621.338,3778.033,3778.048,3778.204,3778.224,RETRY_EXC,12/0x81,,1,,0
v2,GPU,GPU,0,0,0,0,gin_recovery_gpudb,rec1_F4_timeout_t14,F4,timeout,t14,1,600,400,9,255,0,7.2,0,176,declined,,,,,,,1,0,0,1,retry_exc_peer_dead,RETRY_EXC,12/0x81,0,0,0,0,0,,,,remote process exited or there was a network error,,none,,clean,no error,786.1,,,,,,,,,,,v2 F4,"PMO=1,SMO=1 both",rain=570.211.01;sunny=580.178.04,GPU (logged mode=GPU),RETRY_EXC,12/0x81,1429647705.590,3628.150,3628.211,3628.182,3628.274,RETRY_EXC,12/0x81,,1,,0
v2,GPU,GPU,0,0,0,0,gin_recovery_gpudb,rec1_F4_timeout_t15,F4,timeout,t15,1,600,400,9,255,0,7.2,0,177,declined,,,,,,,1,0,0,1,retry_exc_peer_dead,RETRY_EXC,12/0x81,0,0,0,0,0,,,,remote process exited or there was a network error,,remote process exited or there was a network error,3799.348999977112,clean,no error,616.3,,,,,,,,,,,v2 F4,"PMO=1,SMO=1 both",rain=570.211.01;sunny=580.178.04,GPU (logged mode=GPU),RETRY_EXC,12/0x81,1429708737.434,3799.165,3799.218,3799.329,3799.349,RETRY_EXC,12/0x81,,1,,0
v2,GPU,GPU,0,0,0,0,gin_recovery_gpudb,rec1_F4_timeout_t1,F4,timeout,t1,1,600,400,9,255,0,7.2,0,177,declined,,,,,,,1,0,0,1,retry_exc_peer_dead,RETRY_EXC,12/0x81,0,0,0,0,0,,,,remote process exited or there was a network error,,none,,clean,no error,721.0,,,,,,,,,,,v2 F4,"PMO=1,SMO=1 both",rain=570.211.01;sunny=580.178.04,GPU (logged mode=GPU),RETRY_EXC,12/0x81,1425062757.029,3708.656,3708.778,3708.745,3708.843,RETRY_EXC,12/0x81,,1,,0
v2,GPU,GPU,0,0,0,0,gin_recovery_gpudb,rec1_F4_timeout_t2,F4,timeout,t2,1,600,400,9,255,0,7.2,0,178,declined,,,,,,,1,0,0,1,retry_exc_peer_dead,RETRY_EXC,12/0x81,0,0,0,0,0,,,,remote process exited or there was a network error,,remote process exited or there was a network error,3756.322000026703,clean,no error,651.8,,,,,,,,,,,v2 F4,"PMO=1,SMO=1 both",rain=570.211.01;sunny=580.178.04,GPU (logged mode=GPU),RETRY_EXC,12/0x81,1425251688.982,3756.090,3756.244,3756.286,3756.302,RETRY_EXC,12/0x81,,1,,0
v2,GPU,GPU,0,0,0,0,gin_recovery_gpudb,rec1_F4_timeout_t3,F4,timeout,t3,1,600,400,9,255,0,7.2,0,177,declined,,,,,,,1,0,0,1,retry_exc_peer_dead,RETRY_EXC,12/0x81,0,0,0,0,0,,,,remote process exited or there was a network error,,remote process exited or there was a network error,3706.923000097275,clean,no error,720.2,,,,,,,,,,,v2 F4,"PMO=1,SMO=1 both",rain=570.211.01;sunny=580.178.04,GPU (logged mode=GPU),RETRY_EXC,12/0x81,1425440449.333,3706.664,3706.815,3706.925,3706.946,RETRY_EXC,12/0x81,,1,,0
v2,GPU,GPU,0,0,0,0,gin_recovery_gpudb,rec1_F4_timeout_t4,F4,timeout,t4,1,600,400,9,255,0,7.2,0,177,declined,,,,,,,1,0,0,1,retry_exc_peer_dead,RETRY_EXC,12/0x81,0,0,0,0,0,,,,remote process exited or there was a network error,,none,,clean,no error,800.5,,,,,,,,,,,v2 F4,"PMO=1,SMO=1 both",rain=570.211.01;sunny=580.178.04,GPU (logged mode=GPU),RETRY_EXC,12/0x81,1425629005.271,3593.210,3593.324,3593.411,3593.434,RETRY_EXC,12/0x81,,1,,0
v2,GPU,GPU,0,0,0,0,gin_recovery_gpudb,rec1_F4_timeout_t5,F4,timeout,t5,1,600,400,9,255,0,7.3,0,168,declined,,,,,,,1,0,0,1,retry_exc_peer_dead,RETRY_EXC,12/0x81,0,0,0,0,0,,,,remote process exited or there was a network error,,none,,clean,no error,677.9,,,,,,,,,,,v2 F4,"PMO=1,SMO=1 both",rain=570.211.01;sunny=580.178.04,GPU (logged mode=GPU),RETRY_EXC,12/0x81,1426840249.198,3803.472,3803.604,3803.631,3803.702,RETRY_EXC,12/0x81,,1,,0
v2,GPU,GPU,0,0,0,0,gin_recovery_gpudb,rec1_F4_timeout_t6,F4,timeout,t6,1,600,400,9,255,0,7.2,0,179,declined,,,,,,,1,0,0,1,retry_exc_peer_dead,RETRY_EXC,12/0x81,0,0,0,0,0,,,,remote process exited or there was a network error,,none,,clean,no error,743.0,,,,,,,,,,,v2 F4,"PMO=1,SMO=1 both",rain=570.211.01;sunny=580.178.04,GPU (logged mode=GPU),RETRY_EXC,12/0x81,1427029901.241,3667.646,3667.771,3667.775,3667.807,RETRY_EXC,12/0x81,,1,,0
v2,GPU,GPU,0,0,0,0,gin_recovery_gpudb,rec1_F4_timeout_t7,F4,timeout,t7,1,600,400,9,255,0,7.2,0,180,declined,,,,,,,1,0,0,1,retry_exc_peer_dead,RETRY_EXC,12/0x81,0,0,0,0,0,,,,remote process exited or there was a network error,,none,,clean,no error,635.1,,,,,,,,,,,v2 F4,"PMO=1,SMO=1 both",rain=570.211.01;sunny=580.178.04,GPU (logged mode=GPU),RETRY_EXC,12/0x81,1427091025.615,3746.799,3746.893,3746.896,3746.931,RETRY_EXC,12/0x81,,1,,0
v2,GPU,GPU,0,0,0,0,gin_recovery_gpudb,rec1_F4_timeout_t8,F4,timeout,t8,1,600,400,9,255,0,7.2,0,178,declined,,,,,,,1,0,0,1,retry_exc_peer_dead,RETRY_EXC,12/0x81,0,0,0,0,0,,,,remote process exited or there was a network error,,remote process exited or there was a network error,3706.784999847412,clean,no error,704.5,,,,,,,,,,,v2 F4,"PMO=1,SMO=1 both",rain=570.211.01;sunny=580.178.04,GPU (logged mode=GPU),RETRY_EXC,12/0x81,1427152269.488,3706.431,3706.589,3706.771,3706.793,RETRY_EXC,12/0x81,,1,,0
v2,GPU,GPU,0,0,0,0,gin_recovery_gpudb,rec1_F4_timeout_t9,F4,timeout,t9,1,600,400,9,255,0,7.2,0,178,declined,,,,,,,1,0,0,1,retry_exc_peer_dead,RETRY_EXC,12/0x81,0,0,0,0,0,,,,remote process exited or there was a network error,,none,,clean,no error,692.5,,,,,,,,,,,v2 F4,"PMO=1,SMO=1 both",rain=570.211.01;sunny=580.178.04,GPU (logged mode=GPU),RETRY_EXC,12/0x81,1427213457.248,3722.201,3722.286,3722.446,3722.460,RETRY_EXC,12/0x81,,1,,0
v1cpu,,,24,24,1,1,gin_recovery,rec1_F1_blocking_t1,F1,blocking,t1,1,600,120,0,0,0,3.7,1,120,ok,120,ok,ok,120,120,1,1,1,0,0,none,,,1,0,1,1,0,1,0,,no error,no error,remote process exited or there was a network error,0.562999963760376,clean,no error,941.2,clean,no error,9.645999908447266,9.645999908447266,,,,,,,v1cpu F1,"PMO=1,SMO=1 both",rain=570.211.01;sunny=580.178.04,CPU_PROXY (thread+DOCA),LOCAL_QP_ERR,5/0xf5,1425214547.970,0.482,0.537,0.566,0.574,LOCAL_QP_ERR,5/0xf5,,1,,1
v1cpu,,,24,24,1,1,gin_recovery,rec1_F1_blocking_t2,F1,blocking,t2,1,600,120,0,0,0,3.7,1,120,ok,120,ok,ok,120,120,1,1,1,0,0,none,,,1,0,1,1,0,1,0,,no error,no error,remote process exited or there was a network error,1.007000207901001,clean,no error,939.4,clean,no error,9.583000183105469,9.583000183105469,,,,,,,v1cpu F1,"PMO=1,SMO=1 both",rain=570.211.01;sunny=580.178.04,CPU_PROXY (thread+DOCA),LOCAL_QP_ERR,5/0xf5,1425403311.202,0.921,1.017,1.118,1.128,LOCAL_QP_ERR,5/0xf5,,1,,1
v1cpu,,,24,24,1,1,gin_recovery,rec1_F1_blocking_t3,F1,blocking,t3,1,600,120,0,0,0,3.7,1,120,ok,120,ok,ok,120,120,1,1,1,0,0,none,,,1,0,1,1,0,1,0,,no error,no error,remote process exited or there was a network error,0.8849999904632568,clean,no error,942.3,clean,no error,9.427000045776367,9.427000045776367,,,,,,,v1cpu F1,"PMO=1,SMO=1 both",rain=570.211.01;sunny=580.178.04,CPU_PROXY (thread+DOCA),LOCAL_QP_ERR,5/0xf5,1425591883.394,0.737,0.825,0.964,0.975,LOCAL_QP_ERR,5/0xf5,,1,,1
v1cpu,,,24,24,1,1,gin_recovery,rec1_F1_blocking_t4,F1,blocking,t4,1,600,120,0,0,0,3.8,1,120,ok,120,ok,ok,120,120,1,1,1,0,0,none,,,1,0,1,1,0,1,0,,no error,no error,remote process exited or there was a network error,10.695000171661377,clean,no error,880.6,clean,no error,19.305999994277954,19.305999994277954,,,,,,,v1cpu F1,"PMO=1,SMO=1 both",rain=570.211.01;sunny=580.178.04,CPU_PROXY (thread+DOCA),LOCAL_QP_ERR,5/0xf5,1426802411.797,10.362,10.474,10.613,10.640,LOCAL_QP_ERR,5/0xf5,,1,,1
v1cpu,,,24,24,1,1,gin_recovery,rec1_F1_blocking_t5,F1,blocking,t5,1,600,120,0,0,0,3.7,1,120,ok,120,ok,ok,120,120,1,1,1,0,0,none,,,1,0,1,1,0,1,0,,no error,no error,remote process exited or there was a network error,1.8630001544952393,clean,no error,934.7,clean,no error,10.108000040054321,10.108000040054321,,,,,,,v1cpu F1,"PMO=1,SMO=1 both",rain=570.211.01;sunny=580.178.04,CPU_PROXY (thread+DOCA),LOCAL_QP_ERR,5/0xf5,1426992539.370,1.644,1.714,1.805,1.814,LOCAL_QP_ERR,5/0xf5,,1,,1
v1cpu,,,24,24,1,1,gin_recovery,rec1_F1_timeout_t1,F1,timeout,t1,1,600,120,0,0,0,3.7,1,120,ok,120,ok,ok,120,120,1,1,1,0,0,none,,,1,0,1,1,0,1,0,,no error,no error,remote process exited or there was a network error,0.6589999198913574,clean,no error,933.5,clean,no error,9.733999967575073,9.733999967575073,,,,,,,v1cpu F1,"PMO=1,SMO=1 both",rain=570.211.01;sunny=580.178.04,CPU_PROXY (thread+DOCA),LOCAL_QP_ERR,5/0xf5,1425127175.585,0.436,0.491,0.560,0.572,LOCAL_QP_ERR,5/0xf5,,1,,1
v1cpu,,,24,24,1,1,gin_recovery,rec1_F1_timeout_t2,F1,timeout,t2,1,600,120,0,0,0,3.7,1,120,ok,120,ok,ok,120,120,1,1,1,0,0,none,,,1,0,1,1,0,1,0,,no error,no error,remote process exited or there was a network error,1.0369999408721924,clean,no error,933.3,clean,no error,9.526000022888184,9.526000022888184,,,,,,,v1cpu F1,"PMO=1,SMO=1 both",rain=570.211.01;sunny=580.178.04,CPU_PROXY (thread+DOCA),LOCAL_QP_ERR,5/0xf5,1425316151.262,0.737,0.814,0.801,0.887,LOCAL_QP_ERR,5/0xf5,,1,,1
v1cpu,,,24,24,1,1,gin_recovery,rec1_F1_timeout_t3,F1,timeout,t3,1,600,120,0,0,0,3.7,1,120,ok,120,ok,ok,120,120,1,1,1,0,0,none,,,1,0,1,1,0,1,0,,no error,no error,remote process exited or there was a network error,0.9579999446868896,clean,no error,928.6,clean,no error,9.347999811172485,9.347999811172485,,,,,,,v1cpu F1,"PMO=1,SMO=1 both",rain=570.211.01;sunny=580.178.04,CPU_PROXY (thread+DOCA),LOCAL_QP_ERR,5/0xf5,1425504767.344,0.628,0.732,0.868,0.877,LOCAL_QP_ERR,5/0xf5,,1,,1
v1cpu,,,24,24,1,1,gin_recovery,rec1_F1_timeout_t4,F1,timeout,t4,1,600,120,0,0,0,3.7,1,120,ok,120,ok,ok,120,120,1,1,1,0,0,none,,,1,0,1,1,0,1,0,,no error,no error,remote process exited or there was a network error,0.9790000915527344,clean,no error,937.6,clean,no error,9.3989999294281,9.3989999294281,,,,,,,v1cpu F1,"PMO=1,SMO=1 both",rain=570.211.01;sunny=580.178.04,CPU_PROXY (thread+DOCA),LOCAL_QP_ERR,5/0xf5,1426714532.244,0.885,0.983,1.130,1.140,LOCAL_QP_ERR,5/0xf5,,1,,1
v1cpu,,,24,24,1,1,gin_recovery,rec1_F1_timeout_t5,F1,timeout,t5,1,600,120,0,0,0,3.7,1,120,ok,120,ok,ok,120,120,1,1,1,0,0,none,,,1,0,1,1,0,1,0,,no error,no error,remote process exited or there was a network error,1.7779998779296875,clean,no error,934.8,clean,no error,10.398000001907349,10.398000001907349,,,,,,,v1cpu F1,"PMO=1,SMO=1 both",rain=570.211.01;sunny=580.178.04,CPU_PROXY (thread+DOCA),LOCAL_QP_ERR,5/0xf5,1426905170.262,1.606,1.708,1.903,1.914,LOCAL_QP_ERR,5/0xf5,,1,,1
v1cpu,,,24,24,1,1,gin_recovery,rec1_F3_blocking_t1,F3,blocking,t1,1,600,120,0,0,0,7.2,1,120,ok,120,ok,ok,120,120,1,1,1,0,0,none,,,1,0,1,1,0,1,0,,no error,no error,remote process exited or there was a network error,3501.8180000782013,clean,no error,942.2,clean,no error,3510.0009999275208,3510.0009999275208,,,,,,,v1cpu F3,"PMO=1,SMO=1 both",rain=570.211.01;sunny=580.178.04,CPU_PROXY (thread+DOCA),RETRY_EXC,12/0x81,1425219731.158,3501.513,3501.639,3501.801,3501.810,RETRY_EXC,12/0x81,,1,,1
v1cpu,,,24,24,1,1,gin_recovery,rec1_F3_blocking_t2,F3,blocking,t2,1,600,120,0,0,0,7.2,1,120,ok,120,ok,ok,120,120,1,1,1,0,0,none,,,1,0,1,1,0,1,0,,no error,no error,remote process exited or there was a network error,3724.3250000476837,clean,no error,710.4,clean,no error,3732.451000213623,3732.451000213623,,,,,,,v1cpu F3,"PMO=1,SMO=1 both",rain=570.211.01;sunny=580.178.04,CPU_PROXY (thread+DOCA),RETRY_EXC,12/0x81,1425408487.903,3724.165,3724.317,3724.354,3724.373,RETRY_EXC,12/0x81,,1,,1
v1cpu,,,24,24,1,1,gin_recovery,rec1_F3_blocking_t3,F3,blocking,t3,1,600,120,0,0,0,7.2,1,120,ok,120,ok,ok,120,120,1,1,1,0,0,none,,,1,0,1,1,0,1,0,,no error,no error,remote process exited or there was a network error,3599.0750002861023,clean,no error,849.1,clean,no error,3607.4310002326965,3607.4310002326965,,,,,,,v1cpu F3,"PMO=1,SMO=1 both",rain=570.211.01;sunny=580.178.04,CPU_PROXY (thread+DOCA),RETRY_EXC,12/0x81,1425597055.699,3598.845,3598.967,3599.087,3599.103,RETRY_EXC,12/0x81,,1,,1
v1cpu,,,24,24,1,1,gin_recovery,rec1_F3_blocking_t4,F3,blocking,t4,1,600,120,0,0,0,7.3,1,120,ok,120,ok,ok,120,120,1,1,1,0,0,none,,,1,0,1,1,0,1,0,,no error,no error,remote process exited or there was a network error,3617.611999988556,clean,no error,791.4,clean,no error,3626.4990000724792,3626.4990000724792,,,,,,,v1cpu F3,"PMO=1,SMO=1 both",rain=570.211.01;sunny=580.178.04,CPU_PROXY (thread+DOCA),RETRY_EXC,12/0x81,1426807686.059,3617.359,3617.462,3617.519,3617.564,RETRY_EXC,12/0x81,,1,,1
v1cpu,,,24,24,1,1,gin_recovery,rec1_F3_blocking_t5,F3,blocking,t5,1,600,120,0,0,0,7.2,1,120,ok,120,ok,ok,120,120,1,1,1,0,0,none,,,1,0,1,1,0,1,0,,no error,no error,remote process exited or there was a network error,3640.6810002326965,clean,no error,814.1,clean,no error,3649.2370002269745,3649.2370002269745,,,,,,,v1cpu F3,"PMO=1,SMO=1 both",rain=570.211.01;sunny=580.178.04,CPU_PROXY (thread+DOCA),RETRY_EXC,12/0x81,1426997716.084,3640.406,3640.497,3640.680,3640.697,RETRY_EXC,12/0x81,,1,,1
v1cpu,,,24,24,1,1,gin_recovery,rec1_F3_timeout_t1,F3,timeout,t1,1,600,120,0,0,0,7.2,1,120,ok,120,ok,ok,120,120,1,1,1,0,0,none,,,1,0,1,1,0,1,0,,no error,no error,remote process exited or there was a network error,3671.7699999809265,clean,no error,774.0,clean,no error,3680.010999917984,3680.010999917984,,,,,,,v1cpu F3,"PMO=1,SMO=1 both",rain=570.211.01;sunny=580.178.04,CPU_PROXY (thread+DOCA),RETRY_EXC,12/0x81,1425132319.302,3671.460,3671.581,3671.731,3671.751,RETRY_EXC,12/0x81,,1,,1
v1cpu,,,24,24,1,1,gin_recovery,rec1_F3_timeout_t2,F3,timeout,t2,1,600,120,0,0,0,7.2,1,120,ok,120,ok,ok,120,120,1,1,1,0,0,none,,,1,0,1,1,0,1,0,,no error,no error,remote process exited or there was a network error,3682.7250003814697,clean,no error,748.4,clean,no error,3696.539000272751,3696.539000272751,,,,,,,v1cpu F3,"PMO=1,SMO=1 both",rain=570.211.01;sunny=580.178.04,CPU_PROXY (thread+DOCA),RETRY_EXC,12/0x81,1425321287.582,3682.571,3682.650,3682.890,3682.910,RETRY_EXC,12/0x81,,1,,1
v1cpu,,,24,24,1,1,gin_recovery,rec1_F3_timeout_t3,F3,timeout,t3,1,600,120,0,0,0,7.2,1,120,ok,120,ok,ok,120,120,1,1,1,0,0,none,,,1,0,1,1,0,1,0,,no error,no error,remote process exited or there was a network error,3573.940999984741,clean,no error,877.7,clean,no error,3581.9649999141693,3581.9649999141693,,,,,,,v1cpu F3,"PMO=1,SMO=1 both",rain=570.211.01;sunny=580.178.04,CPU_PROXY (thread+DOCA),RETRY_EXC,12/0x81,1425509839.072,3573.586,3573.725,3573.691,3573.788,RETRY_EXC,12/0x81,,1,,1
v1cpu,,,24,24,1,1,gin_recovery,rec1_F3_timeout_t4,F3,timeout,t4,1,600,120,0,0,0,7.2,1,120,ok,120,ok,ok,120,120,1,1,1,0,0,none,,,1,0,1,1,0,1,0,,no error,no error,remote process exited or there was a network error,3588.9120001792908,clean,no error,855.1,clean,no error,3597.37700009346,3597.37700009346,,,,,,,v1cpu F3,"PMO=1,SMO=1 both",rain=570.211.01;sunny=580.178.04,CPU_PROXY (thread+DOCA),RETRY_EXC,12/0x81,1426719667.578,3588.668,3588.786,3588.933,3588.954,RETRY_EXC,12/0x81,,1,,1
v1cpu,,,24,24,1,1,gin_recovery,rec1_F3_timeout_t5,F3,timeout,t5,1,600,120,0,0,0,7.3,1,120,ok,120,ok,ok,120,120,1,1,1,0,0,none,,,1,0,1,1,0,1,0,,no error,no error,remote process exited or there was a network error,3712.7210001945496,clean,no error,727.9,clean,no error,3721.271000146866,3721.271000146866,,,,,,,v1cpu F3,"PMO=1,SMO=1 both",rain=570.211.01;sunny=580.178.04,CPU_PROXY (thread+DOCA),RETRY_EXC,12/0x81,1426910402.014,3712.601,3712.676,3712.771,3712.792,RETRY_EXC,12/0x81,,1,,1
smoke,GPU,GPU,0,0,0,0,gin_recovery_gpudb,rec1_F1_timeout_s1,F1,timeout,s1,1,600,120,0,0,0,3.7,1,120,ok,120,ok,ok,120,120,1,1,1,0,0,none,,,1,0,1,1,0,1,0,,no error,no error,remote process exited or there was a network error,1.8259999752044678,clean,no error,925.1,clean,no error,10.498999834060669,10.498999834060669,,,,,,,v2 F1,"PMO=1,SMO=1 both",rain=570.211.01;sunny=580.178.04,GPU (logged mode=GPU),LOCAL_QP_ERR,5/0xf5,1424822626.200,1.600,1.690,1.776,1.786,LOCAL_QP_ERR,5/0xf5,,1,,1
smoke,,,24,24,1,1,gin_recovery,rec1_F1_timeout_s1v1,F1,timeout,s1v1,1,600,120,0,0,0,3.7,1,120,ok,120,ok,ok,120,120,1,1,1,0,0,none,,,1,0,1,1,0,1,0,,no error,no error,remote process exited or there was a network error,0.934999942779541,clean,no error,940.4,clean,no error,9.527999877929688,9.527999877929688,,,,,,,v2 F1,"PMO=1,SMO=1 both",rain=570.211.01;sunny=580.178.04,CPU_PROXY (thread+DOCA),LOCAL_QP_ERR,5/0xf5,1424827703.321,0.749,0.827,1.029,1.039,LOCAL_QP_ERR,5/0xf5,,1,,1
