label,T,R,trial,counter,lo_us,hi_us,mid_us,old,new
off,8,0,1,port_xmit_packets,-170672.6,-170189.3,-170431.0,7870103041,7870103043
off,8,0,1,port_rcv_packets,-170580.0,-170096.7,-170338.3,2671753699,2671753701
off,8,0,1,port_xmit_packets,-67.2,407.8,170.3,7870103043,7870103044
off,8,0,1,local_ack_timeout_err,884.0,1468.1,1176.0,3330,3331
off,8,0,1,local_ack_timeout_err,1652.9,2240.4,1946.7,3331,3332
off,8,0,1,req_cqe_error,2037.4,2635.7,2336.5,16440,16441
off,8,0,1,port_xmit_packets,21263.0,21746.5,21504.8,7870103044,7870103046
off,8,0,1,port_rcv_packets,21357.6,21841.4,21599.5,2671753701,2671753703
off,8,0,2,port_xmit_packets,-426.9,54.2,-186.4,7870103047,7870103048
off,8,0,2,local_ack_timeout_err,910.1,1492.5,1201.3,3332,3333
off,8,0,2,local_ack_timeout_err,2060.5,2658.8,2359.7,3333,3334
off,8,0,2,req_cqe_error,2060.5,2658.8,2359.7,16441,16442
off,8,0,3,port_xmit_packets,-427.1,49.5,-188.8,7870103049,7870103050
off,8,0,3,local_ack_timeout_err,908.0,1489.2,1198.6,3334,3335
off,8,0,3,local_ack_timeout_err,1674.9,2268.0,1971.4,3335,3336
off,8,0,3,req_cqe_error,2059.1,2663.1,2361.1,16442,16443
off,8,0,4,port_xmit_packets,-420.3,60.8,-179.8,7870103051,7870103052
off,8,0,4,local_ack_timeout_err,539.8,1127.3,833.5,3336,3337
off,8,0,4,local_ack_timeout_err,1703.1,2304.6,2003.8,3337,3338
off,8,0,4,req_cqe_error,2093.6,2702.5,2398.0,16443,16444
off,8,0,4,port_rcv_packets,7150.8,7642.7,7396.8,2671753706,2671753707
off,8,0,4,port_xmit_packets,7452.3,7945.0,7698.7,7870103052,7870103054
off,8,0,4,port_rcv_packets,7547.8,8039.6,7793.7,2671753707,2671753708
off,8,0,5,port_xmit_packets,-166600.6,-166120.1,-166360.4,7870103055,7870103057
off,8,0,5,port_rcv_packets,-166507.1,-166026.4,-166266.7,2671753709,2671753711
off,8,0,5,port_xmit_packets,-51.5,429.2,188.8,7870103057,7870103058
off,8,0,5,local_ack_timeout_err,909.6,1498.4,1204.0,3338,3339
off,8,0,5,local_ack_timeout_err,1685.8,2282.4,1984.1,3339,3340
off,8,0,5,req_cqe_error,2074.0,2683.8,2378.9,16444,16445
off,8,3,1,port_rcv_packets,-143048.4,-142573.9,-142811.1,2671753712,2671753714
off,8,3,1,port_xmit_packets,-142759.1,-142283.3,-142521.2,7870103059,7870103061
off,8,3,1,port_xmit_packets,-57.9,416.4,179.3,7870103061,7870103062
off,8,3,1,local_ack_timeout_err,891.9,1473.7,1182.8,3340,3341
off,8,3,1,port_xmit_packets,1856.2,2337.9,2097.1,7870103062,7870103063
off,8,3,1,local_ack_timeout_err,2041.9,2631.6,2336.7,3341,3342
off,8,3,1,local_ack_timeout_err,2817.7,3406.7,3112.2,3342,3343
off,8,3,1,port_xmit_packets,3016.4,3500.6,3258.5,7870103063,7870103064
off,8,3,1,local_ack_timeout_err,3977.2,4560.9,4269.0,3343,3344
off,8,3,1,port_xmit_packets,4175.0,4653.5,4414.3,7870103064,7870103065
off,8,3,1,local_ack_timeout_err,5129.9,5722.0,5426.0,3344,3345
off,8,3,1,req_cqe_error,5129.9,5722.0,5426.0,16445,16446
off,8,3,1,port_rcv_packets,48990.1,49471.0,49230.5,2671753714,2671753716
off,8,3,1,port_xmit_packets,49283.9,49766.1,49525.0,7870103065,7870103067
off,8,3,2,port_xmit_packets,-61.2,413.5,176.2,7870103068,7870103069
off,8,3,2,local_ack_timeout_err,507.0,1090.3,798.7,3345,3346
off,8,3,2,local_ack_timeout_err,1658.9,2247.8,1953.4,3346,3347
off,8,3,2,port_xmit_packets,1856.8,2341.7,2099.2,7870103069,7870103070
off,8,3,2,local_ack_timeout_err,2820.5,3408.8,3114.7,3347,3348
off,8,3,2,port_xmit_packets,3021.0,3502.3,3261.6,7870103070,7870103071
off,8,3,2,local_ack_timeout_err,3595.7,4180.4,3888.0,3348,3349
off,8,3,2,port_xmit_packets,3793.1,4274.0,4033.6,7870103071,7870103072
off,8,3,2,local_ack_timeout_err,4751.3,5342.3,5046.8,3349,3350
off,8,3,2,req_cqe_error,5136.7,5737.0,5436.9,16446,16447
off,8,3,3,port_xmit_packets,-49.1,427.2,189.0,7870103073,7870103074
off,8,3,3,local_ack_timeout_err,902.5,1484.4,1193.4,3350,3351
off,8,3,3,port_xmit_packets,1867.3,2352.2,2109.7,7870103074,7870103075
off,8,3,3,local_ack_timeout_err,2054.0,2648.0,2351.0,3351,3352
off,8,3,3,local_ack_timeout_err,2833.6,3420.8,3127.2,3352,3353
off,8,3,3,port_xmit_packets,3032.6,3514.8,3273.7,7870103075,7870103076
off,8,3,3,local_ack_timeout_err,3993.3,4578.3,4285.8,3353,3354
off,8,3,3,port_xmit_packets,4192.6,4671.5,4432.0,7870103076,7870103077
off,8,3,3,local_ack_timeout_err,5148.9,5743.8,5446.4,3354,3355
off,8,3,3,req_cqe_error,5148.9,5743.8,5446.4,16447,16448
off,8,3,4,port_xmit_packets,-424.4,53.2,-185.6,7870103078,7870103079
off,8,3,4,local_ack_timeout_err,530.9,1116.4,823.6,3355,3356
off,8,3,4,local_ack_timeout_err,1685.2,2275.5,1980.3,3356,3357
off,8,3,4,port_xmit_packets,1884.6,2368.8,2126.7,7870103079,7870103080
off,8,3,4,port_xmit_packets,2659.9,3141.2,2900.5,7870103080,7870103081
off,8,3,4,local_ack_timeout_err,2846.9,3433.5,3140.2,3357,3358
off,8,3,4,local_ack_timeout_err,3619.2,4205.1,3912.1,3358,3359
off,8,3,4,port_xmit_packets,3818.3,4300.8,4059.6,7870103081,7870103082
off,8,3,4,local_ack_timeout_err,4776.4,5371.4,5073.9,3359,3360
off,8,3,4,req_cqe_error,4776.4,5371.4,5073.9,16448,16449
off,8,3,4,port_xmit_packets,26814.3,27306.6,27060.4,7870103082,7870103084
off,8,3,4,port_rcv_packets,26908.3,27400.5,27154.4,2671753719,2671753721
off,8,3,5,port_xmit_packets,-150910.4,-150429.3,-150669.9,7870103085,7870103087
off,8,3,5,port_rcv_packets,-150817.3,-150336.7,-150577.0,2671753722,2671753724
off,8,3,5,port_xmit_packets,-426.8,50.6,-188.1,7870103087,7870103088
off,8,3,5,local_ack_timeout_err,917.2,1502.9,1210.0,3360,3361
off,8,3,5,local_ack_timeout_err,2071.8,2664.4,2368.1,3361,3362
off,8,3,5,port_xmit_packets,2270.9,2757.9,2514.4,7870103088,7870103089
off,8,3,5,port_xmit_packets,3048.7,3533.4,3291.1,7870103089,7870103090
off,8,3,5,local_ack_timeout_err,3236.3,3826.7,3531.5,3362,3363
off,8,3,5,local_ack_timeout_err,4019.5,4607.3,4313.4,3363,3364
off,8,3,5,port_xmit_packets,4218.3,4700.6,4459.4,7870103090,7870103091
off,8,3,5,local_ack_timeout_err,5176.9,5770.0,5473.4,3364,3365
off,8,3,5,req_cqe_error,5564.6,6163.8,5864.2,16449,16450
off,8,7,1,port_xmit_packets,-134717.3,-134240.8,-134479.1,7870103092,7870103094
off,8,7,1,port_rcv_packets,-134624.2,-134148.2,-134386.2,2671753725,2671753727
off,8,7,1,port_xmit_packets,-51.1,425.6,187.2,7870103094,7870103095
off,8,7,1,local_ack_timeout_err,518.8,1101.0,809.9,3365,3366
off,8,7,1,local_ack_timeout_err,1669.6,2257.9,1963.8,3366,3367
off,8,7,1,port_xmit_packets,1867.4,2351.9,2109.7,7870103095,7870103096
off,8,7,1,local_ack_timeout_err,2831.1,3420.6,3125.9,3367,3368
off,8,7,1,port_xmit_packets,3031.0,3514.2,3272.6,7870103096,7870103097
off,8,7,1,port_xmit_packets,3805.5,4288.7,4047.1,7870103097,7870103098
off,8,7,1,local_ack_timeout_err,3992.5,4581.1,4286.8,3368,3369
off,8,7,1,local_ack_timeout_err,4768.2,5353.8,5061.0,3369,3370
off,8,7,1,port_xmit_packets,4966.5,5447.9,5207.2,7870103098,7870103099
off,8,7,1,local_ack_timeout_err,5925.3,6511.8,6218.6,3370,3371
off,8,7,1,port_xmit_packets,6124.3,6605.2,6364.8,7870103099,7870103100
off,8,7,1,port_xmit_packets,6897.5,7379.8,7138.7,7870103100,7870103101
off,8,7,1,local_ack_timeout_err,7084.2,7673.1,7378.6,3371,3372
off,8,7,1,local_ack_timeout_err,7859.0,8447.2,8153.1,3372,3373
off,8,7,1,port_xmit_packets,8057.0,8540.3,8298.6,7870103101,7870103102
off,8,7,1,local_ack_timeout_err,9017.5,9608.6,9313.0,3373,3374
off,8,7,1,req_cqe_error,9405.3,10002.3,9703.8,16450,16451
off,8,7,1,port_xmit_packets,56080.1,56563.3,56321.7,7870103102,7870103104
off,8,7,1,port_rcv_packets,56173.6,56658.5,56416.0,2671753727,2671753729
off,8,7,2,port_xmit_packets,-413.9,63.9,-175.0,7870103105,7870103106
off,8,7,2,local_ack_timeout_err,538.9,1123.3,831.1,3374,3375
off,8,7,2,local_ack_timeout_err,1691.6,2297.0,1994.3,3375,3376
off,8,7,2,port_xmit_packets,1904.2,2390.4,2147.3,7870103106,7870103107
off,8,7,2,local_ack_timeout_err,2867.4,3454.3,3160.9,3376,3377
off,8,7,2,port_xmit_packets,3066.5,3547.7,3307.1,7870103107,7870103108
off,8,7,2,port_xmit_packets,3838.9,4335.1,4087.0,7870103108,7870103109
off,8,7,2,local_ack_timeout_err,4030.8,4636.2,4333.5,3377,3378
off,8,7,2,local_ack_timeout_err,4824.4,5412.4,5118.4,3378,3379
off,8,7,2,port_xmit_packets,5023.6,5505.3,5264.5,7870103109,7870103110
off,8,7,2,local_ack_timeout_err,5981.7,6568.1,6274.9,3379,3380
off,8,7,2,port_xmit_packets,6181.0,6661.2,6421.1,7870103110,7870103111
off,8,7,2,port_xmit_packets,6953.4,7433.5,7193.4,7870103111,7870103112
off,8,7,2,local_ack_timeout_err,7140.4,7725.2,7432.8,3380,3381
off,8,7,2,local_ack_timeout_err,7911.2,8497.3,8204.2,3381,3382
off,8,7,2,port_xmit_packets,8109.9,8590.8,8350.4,7870103112,7870103113
off,8,7,2,local_ack_timeout_err,9067.8,9659.2,9363.5,3382,3383
off,8,7,2,req_cqe_error,9455.2,10052.2,9753.7,16451,16452
off,8,7,3,port_xmit_packets,-418.3,59.5,-179.4,7870103114,7870103115
off,8,7,3,local_ack_timeout_err,535.4,1120.0,827.7,3383,3384
off,8,7,3,local_ack_timeout_err,1687.9,2277.4,1982.7,3384,3385
off,8,7,3,port_xmit_packets,1885.1,2371.3,2128.2,7870103115,7870103116
off,8,7,3,local_ack_timeout_err,2848.3,3434.1,3141.2,3385,3386
off,8,7,3,port_xmit_packets,3048.2,3526.6,3287.4,7870103116,7870103117
off,8,7,3,port_xmit_packets,3818.3,4298.7,4058.5,7870103117,7870103118
off,8,7,3,local_ack_timeout_err,4005.1,4589.5,4297.3,3386,3387
off,8,7,3,local_ack_timeout_err,4775.8,5360.4,5068.1,3387,3388
off,8,7,3,port_xmit_packets,4974.0,5453.9,5214.0,7870103118,7870103119
off,8,7,3,local_ack_timeout_err,5929.9,6515.9,6222.9,3388,3389
off,8,7,3,port_xmit_packets,6129.5,6609.3,6369.4,7870103119,7870103120
off,8,7,3,port_xmit_packets,6900.1,7383.3,7141.7,7870103120,7870103121
off,8,7,3,local_ack_timeout_err,7086.5,7676.7,7381.6,3389,3390
off,8,7,3,local_ack_timeout_err,7862.9,8450.0,8156.4,3390,3391
off,8,7,3,port_xmit_packets,8061.4,8543.2,8302.3,7870103121,7870103122
off,8,7,3,local_ack_timeout_err,9019.6,9613.9,9316.8,3391,3392
off,8,7,3,req_cqe_error,9408.5,10007.2,9707.8,16452,16453
off,8,7,4,port_xmit_packets,-61.6,415.0,176.7,7870103123,7870103124
off,8,7,4,local_ack_timeout_err,891.3,1475.8,1183.5,3392,3393
off,8,7,4,port_xmit_packets,1858.5,2342.5,2100.5,7870103124,7870103125
off,8,7,4,local_ack_timeout_err,2045.3,2636.2,2340.8,3393,3394
off,8,7,4,local_ack_timeout_err,2822.3,3409.9,3116.1,3394,3395
off,8,7,4,port_xmit_packets,3021.3,3508.0,3264.6,7870103125,7870103126
off,8,7,4,local_ack_timeout_err,3988.3,4577.5,4282.9,3395,3396
off,8,7,4,port_xmit_packets,4188.3,4670.5,4429.4,7870103126,7870103127
off,8,7,4,port_xmit_packets,4962.9,5446.4,5204.7,7870103127,7870103128
off,8,7,4,local_ack_timeout_err,5148.6,5742.6,5445.6,3396,3397
off,8,7,4,local_ack_timeout_err,5929.6,6518.6,6224.1,3397,3398
off,8,7,4,port_xmit_packets,6128.4,6612.6,6370.5,7870103128,7870103129
off,8,7,4,local_ack_timeout_err,7090.5,7683.2,7386.9,3398,3399
off,8,7,4,port_xmit_packets,7289.4,7796.4,7542.9,7870103129,7870103130
off,8,7,4,port_xmit_packets,8088.2,8568.5,8328.4,7870103130,7870103131
off,8,7,4,local_ack_timeout_err,8274.8,8861.4,8568.1,3399,3400
off,8,7,4,local_ack_timeout_err,9048.1,9634.4,9341.2,3400,3401
off,8,7,4,req_cqe_error,9433.0,10027.2,9730.1,16453,16454
off,8,7,4,port_xmit_packets,22081.1,22562.4,22321.7,7870103131,7870103132
off,8,7,4,port_rcv_packets,22174.8,22656.3,22415.6,2671753732,2671753734
off,8,7,4,port_xmit_packets,22468.4,22950.7,22709.5,7870103132,7870103133
off,8,7,5,port_xmit_packets,-160906.9,-160430.8,-160668.8,7870103134,7870103136
off,8,7,5,port_rcv_packets,-160813.8,-160338.1,-160575.9,2671753735,2671753737
off,8,7,5,port_xmit_packets,-425.7,50.8,-187.5,7870103136,7870103137
off,8,7,5,local_ack_timeout_err,524.5,1108.0,816.2,3401,3402
off,8,7,5,local_ack_timeout_err,1677.9,2270.3,1974.1,3402,3403
off,8,7,5,port_xmit_packets,1878.0,2363.8,2120.9,7870103137,7870103138
off,8,7,5,local_ack_timeout_err,2456.4,3042.2,2749.3,3403,3404
off,8,7,5,port_xmit_packets,2654.3,3135.4,2894.8,7870103138,7870103139
off,8,7,5,local_ack_timeout_err,3612.2,4196.3,3904.3,3404,3405
off,8,7,5,port_xmit_packets,3810.6,4289.4,4050.0,7870103139,7870103140
off,8,7,5,local_ack_timeout_err,4766.4,5350.8,5058.6,3405,3406
off,8,7,5,port_xmit_packets,4965.4,5443.5,5204.5,7870103140,7870103141
off,8,7,5,port_xmit_packets,5735.7,6217.3,5976.5,7870103141,7870103142
off,8,7,5,local_ack_timeout_err,5923.0,6509.3,6216.2,3406,3407
off,8,7,5,local_ack_timeout_err,6694.8,7286.9,6990.8,3407,3408
off,8,7,5,port_xmit_packets,6893.4,7381.1,7137.2,7870103142,7870103143
off,8,7,5,local_ack_timeout_err,7860.0,8446.9,8153.4,3408,3409
off,8,7,5,port_xmit_packets,8059.3,8540.2,8299.8,7870103143,7870103144
off,8,7,5,local_ack_timeout_err,9017.6,9612.9,9315.3,3409,3410
off,8,7,5,req_cqe_error,9017.6,9612.9,9315.3,16454,16455
off,8,7,6,port_xmit_packets,-56.9,418.2,180.6,7870103145,7870103146
off,8,7,6,local_ack_timeout_err,894.1,1475.6,1184.8,3410,3411
off,8,7,6,local_ack_timeout_err,1661.4,2254.8,1958.1,3411,3412
off,8,7,6,port_xmit_packets,1859.3,2349.6,2104.5,7870103146,7870103147
off,8,7,6,local_ack_timeout_err,2827.0,3415.6,3121.3,3412,3413
off,8,7,6,port_xmit_packets,3026.5,3508.5,3267.5,7870103147,7870103148
off,8,7,6,port_xmit_packets,3799.4,4278.5,4039.0,7870103148,7870103149
off,8,7,6,local_ack_timeout_err,3985.7,4570.6,4278.1,3413,3414
off,8,7,6,local_ack_timeout_err,4756.2,5343.4,5049.8,3414,3415
off,8,7,6,port_xmit_packets,4954.6,5436.5,5195.5,7870103149,7870103150
off,8,7,6,local_ack_timeout_err,5915.3,6501.2,6208.3,3415,3416
off,8,7,6,port_xmit_packets,6113.7,6595.1,6354.4,7870103150,7870103151
off,8,7,6,local_ack_timeout_err,7073.1,7669.6,7371.4,3416,3417
off,8,7,6,port_xmit_packets,7278.0,7764.8,7521.4,7870103151,7870103152
off,8,7,6,local_ack_timeout_err,7858.0,8446.3,8152.2,3417,3418
off,8,7,6,port_xmit_packets,8057.2,8539.8,8298.5,7870103152,7870103153
off,8,7,6,local_ack_timeout_err,9020.0,9609.8,9314.9,3418,3419
off,8,7,6,req_cqe_error,9406.7,10003.4,9705.0,16455,16456
off,8,7,7,port_xmit_packets,-407.9,68.8,-169.6,7870103154,7870103155
off,8,7,7,local_ack_timeout_err,544.9,1129.1,837.0,3419,3420
off,8,7,7,local_ack_timeout_err,1698.3,2287.5,1992.9,3420,3421
off,8,7,7,port_xmit_packets,1898.4,2381.5,2140.0,7870103155,7870103156
off,8,7,7,local_ack_timeout_err,2474.5,3059.6,2767.0,3421,3422
off,8,7,7,port_xmit_packets,2672.0,3152.9,2912.5,7870103156,7870103157
off,8,7,7,local_ack_timeout_err,3632.2,4217.8,3925.0,3422,3423
off,8,7,7,port_xmit_packets,3830.6,4310.7,4070.6,7870103157,7870103158
off,8,7,7,local_ack_timeout_err,4787.9,5372.6,5080.3,3423,3424
off,8,7,7,port_xmit_packets,4986.9,5465.6,5226.2,7870103158,7870103159
off,8,7,7,port_xmit_packets,5755.3,6237.8,5996.5,7870103159,7870103160
off,8,7,7,local_ack_timeout_err,5942.8,6529.3,6236.1,3424,3425
off,8,7,7,local_ack_timeout_err,6715.1,7300.4,7007.7,3425,3426
off,8,7,7,port_xmit_packets,6912.6,7393.6,7153.1,7870103160,7870103161
off,8,7,7,local_ack_timeout_err,7870.5,8456.1,8163.3,3426,3427
off,8,7,7,port_xmit_packets,8069.4,8548.7,8309.1,7870103161,7870103162
off,8,7,7,local_ack_timeout_err,9024.4,9619.7,9322.0,3427,3428
off,8,7,7,req_cqe_error,9024.4,9619.7,9322.0,16456,16457
off,8,7,8,port_xmit_packets,-195477.5,-195000.0,-195238.8,7870103163,7870103165
off,8,7,8,port_rcv_packets,-195384.1,-194907.1,-195145.6,2671753740,2671753742
off,8,7,8,port_xmit_packets,-3506.3,-3032.2,-3269.2,7870103165,7870103167
off,8,7,8,port_rcv_packets,-3413.8,-2939.1,-3176.4,2671753742,2671753744
off,8,7,8,port_xmit_packets,-424.9,54.3,-185.3,7870103167,7870103168
off,8,7,8,local_ack_timeout_err,912.0,1493.9,1202.9,3428,3429
off,8,7,8,local_ack_timeout_err,2063.9,2654.5,2359.2,3429,3430
off,8,7,8,port_xmit_packets,2263.4,2748.0,2505.7,7870103168,7870103169
off,8,7,8,port_xmit_packets,3038.8,3520.7,3279.7,7870103169,7870103170
off,8,7,8,local_ack_timeout_err,3225.8,3813.2,3519.5,3430,3431
off,8,7,8,local_ack_timeout_err,4000.7,4589.0,4294.9,3431,3432
off,8,7,8,port_xmit_packets,4199.0,4682.2,4440.6,7870103170,7870103171
off,8,7,8,local_ack_timeout_err,5160.1,5745.1,5452.6,3432,3433
off,8,7,8,port_xmit_packets,5359.6,5838.6,5599.1,7870103171,7870103172
off,8,7,8,port_xmit_packets,6129.4,6610.5,6369.9,7870103172,7870103173
off,8,7,8,local_ack_timeout_err,6315.8,6902.1,6609.0,3433,3434
off,8,7,8,local_ack_timeout_err,7088.3,7680.6,7384.4,3434,3435
off,8,7,8,port_xmit_packets,7291.5,7773.9,7532.7,7870103173,7870103174
off,8,7,8,local_ack_timeout_err,8252.0,8842.0,8547.0,3435,3436
off,8,7,8,port_xmit_packets,8450.1,8936.3,8693.2,7870103174,7870103175
off,8,7,8,local_ack_timeout_err,9414.4,10010.6,9712.5,3436,3437
off,8,7,8,req_cqe_error,9414.4,10010.6,9712.5,16457,16458
off,8,7,9,port_xmit_packets,-429.5,50.7,-189.4,7870103176,7870103177
off,8,7,9,local_ack_timeout_err,918.0,1505.8,1211.9,3437,3438
off,8,7,9,local_ack_timeout_err,1692.4,2287.3,1989.9,3438,3439
off,8,7,9,port_xmit_packets,1893.4,2382.5,2137.9,7870103177,7870103178
off,8,7,9,local_ack_timeout_err,2864.9,3457.9,3161.4,3439,3440
off,8,7,9,port_xmit_packets,3065.8,3551.8,3308.8,7870103178,7870103179
off,8,7,9,port_xmit_packets,3846.8,4334.8,4090.8,7870103179,7870103180
off,8,7,9,local_ack_timeout_err,4035.0,4629.8,4332.4,3440,3441
off,8,7,9,local_ack_timeout_err,4817.4,5409.6,5113.5,3441,3442
off,8,7,9,port_xmit_packets,5017.4,5504.0,5260.7,7870103180,7870103181
off,8,7,9,local_ack_timeout_err,5984.6,6576.2,6280.4,3442,3443
off,8,7,9,port_xmit_packets,6185.8,6670.6,6428.2,7870103181,7870103182
off,8,7,9,port_xmit_packets,6965.8,7449.6,7207.7,7870103182,7870103183
off,8,7,9,local_ack_timeout_err,7153.1,7743.9,7448.5,3443,3444
off,8,7,9,local_ack_timeout_err,7930.6,8522.0,8226.3,3444,3445
off,8,7,9,port_xmit_packets,8130.5,8616.4,8373.4,7870103183,7870103184
off,8,7,9,local_ack_timeout_err,9098.5,9700.0,9399.3,3445,3446
off,8,7,9,req_cqe_error,9489.3,10100.1,9794.7,16458,16459
off,8,7,10,port_xmit_packets,-430.4,50.3,-190.1,7870103185,7870103186
off,8,7,10,local_ack_timeout_err,530.1,1121.6,825.9,3446,3447
off,8,7,10,local_ack_timeout_err,1694.4,2294.1,1994.3,3447,3448
off,8,7,10,port_xmit_packets,1896.8,2388.2,2142.5,7870103186,7870103187
off,8,7,10,port_xmit_packets,2682.7,3169.5,2926.1,7870103187,7870103188
off,8,7,10,local_ack_timeout_err,2870.7,3466.1,3168.4,3448,3449
off,8,7,10,local_ack_timeout_err,3654.7,4248.9,3951.8,3449,3450
off,8,7,10,port_xmit_packets,3855.3,4343.3,4099.3,7870103188,7870103189
off,8,7,10,local_ack_timeout_err,4826.1,5418.8,5122.4,3450,3451
off,8,7,10,port_xmit_packets,5028.3,5513.1,5270.7,7870103189,7870103190
off,8,7,10,port_xmit_packets,5807.6,6296.6,6052.1,7870103190,7870103191
off,8,7,10,local_ack_timeout_err,5996.3,6593.2,6294.7,3451,3452
off,8,7,10,local_ack_timeout_err,6781.3,7374.6,7077.9,3452,3453
off,8,7,10,port_xmit_packets,6982.4,7468.5,7225.5,7870103191,7870103192
off,8,7,10,local_ack_timeout_err,7949.6,8543.8,8246.7,3453,3454
off,8,7,10,port_xmit_packets,8151.0,8638.3,8394.6,7870103192,7870103193
off,8,7,10,local_ack_timeout_err,9121.5,9721.9,9421.7,3454,3455
off,8,7,10,req_cqe_error,9121.5,9721.9,9421.7,16459,16460
off,10,0,1,port_xmit_packets,-52.3,422.8,185.3,7870103198,7870103199
off,10,0,1,local_ack_timeout_err,3192.9,3775.5,3484.2,3455,3456
off,10,0,1,local_ack_timeout_err,7404.9,7996.0,7700.5,3456,3457
off,10,0,1,req_cqe_error,7788.9,8389.1,8089.0,16460,16461
off,10,0,2,port_xmit_packets,-59.2,414.7,177.8,7870103200,7870103201
off,10,0,2,local_ack_timeout_err,3963.5,4547.6,4255.6,3457,3458
off,10,0,2,local_ack_timeout_err,7796.0,8385.9,8091.0,3458,3459
off,10,0,2,req_cqe_error,8181.4,8783.2,8482.3,16461,16462
off,10,0,3,port_xmit_packets,-221688.5,-221210.3,-221449.4,7870103202,7870103204
off,10,0,3,port_rcv_packets,-221596.2,-221116.8,-221356.5,2671753753,2671753755
off,10,0,3,port_xmit_packets,-29783.4,-29306.1,-29544.8,7870103204,7870103206
off,10,0,3,port_rcv_packets,-29690.1,-29213.6,-29451.8,2671753755,2671753757
off,10,0,3,port_xmit_packets,-425.9,49.9,-188.0,7870103206,7870103207
off,10,0,3,local_ack_timeout_err,2057.9,2641.9,2349.9,3459,3460
off,10,0,3,local_ack_timeout_err,6271.5,6865.4,6568.5,3460,3461
off,10,0,3,req_cqe_error,6658.8,7258.2,6958.5,16462,16463
off,10,0,4,port_xmit_packets,-429.7,48.2,-190.8,7870103208,7870103209
off,10,0,4,local_ack_timeout_err,3991.4,4574.5,4283.0,3461,3462
off,10,0,4,local_ack_timeout_err,8210.0,8809.2,8509.6,3462,3463
off,10,0,4,req_cqe_error,8210.0,8809.2,8509.6,16463,16464
off,10,0,5,port_xmit_packets,-412.9,64.5,-174.2,7870103210,7870103211
off,10,0,5,local_ack_timeout_err,3987.2,4571.1,4279.2,3463,3464
off,10,0,5,local_ack_timeout_err,8211.6,8800.1,8505.9,3464,3465
off,10,0,5,req_cqe_error,8596.0,9198.1,8897.0,16464,16465
off,10,3,1,port_xmit_packets,-69.9,406.4,168.3,7870103216,7870103217
off,10,3,1,local_ack_timeout_err,2420.1,3004.2,2712.2,3465,3466
off,10,3,1,port_xmit_packets,6467.3,6952.7,6710.0,7870103217,7870103218
off,10,3,1,local_ack_timeout_err,6654.2,7247.8,6951.0,3466,3467
off,10,3,1,local_ack_timeout_err,10504.8,11092.4,10798.6,3467,3468
off,10,3,1,port_xmit_packets,10702.7,11186.5,10944.6,7870103218,7870103219
off,10,3,1,local_ack_timeout_err,14741.2,15330.7,15036.0,3468,3469
off,10,3,1,port_xmit_packets,14940.4,15425.1,15182.8,7870103219,7870103220
off,10,3,1,local_ack_timeout_err,18964.8,19556.0,19260.4,3469,3470
off,10,3,1,req_cqe_error,19349.3,19949.4,19649.4,16465,16466
off,10,3,2,port_xmit_packets,-54.2,420.5,183.2,7870103221,7870103222
off,10,3,2,local_ack_timeout_err,3965.1,4549.1,4257.1,3470,3471
off,10,3,2,local_ack_timeout_err,8183.9,8775.1,8479.5,3471,3472
off,10,3,2,port_xmit_packets,8383.6,8868.1,8625.9,7870103222,7870103223
off,10,3,2,local_ack_timeout_err,12417.1,13005.4,12711.3,3472,3473
off,10,3,2,port_xmit_packets,12617.1,13098.7,12857.9,7870103223,7870103224
off,10,3,2,port_xmit_packets,16467.4,16949.4,16708.4,7870103224,7870103225
off,10,3,2,local_ack_timeout_err,16654.6,17241.6,16948.1,3473,3474
off,10,3,2,local_ack_timeout_err,20910.7,21514.4,21212.6,3474,3475
off,10,3,2,req_cqe_error,20910.7,21514.4,21212.6,16466,16467
off,10,3,3,port_xmit_packets,-250040.7,-249562.7,-249801.7,7870103226,7870103228
off,10,3,3,port_rcv_packets,-249947.6,-249470.0,-249708.8,2671753766,2671753768
off,10,3,3,port_xmit_packets,-57244.0,-56765.1,-57004.6,7870103228,7870103230
off,10,3,3,port_rcv_packets,-57150.9,-56672.2,-56911.6,2671753768,2671753770
off,10,3,3,port_xmit_packets,-55.5,421.3,182.9,7870103230,7870103231
off,10,3,3,local_ack_timeout_err,3959.9,4543.2,4251.6,3475,3476
off,10,3,3,local_ack_timeout_err,7794.6,8385.0,8089.8,3476,3477
off,10,3,3,port_xmit_packets,7991.3,8480.3,8235.8,7870103231,7870103232
off,10,3,3,local_ack_timeout_err,12029.2,12616.7,12323.0,3477,3478
off,10,3,3,port_xmit_packets,12228.3,12710.6,12469.5,7870103232,7870103233
off,10,3,3,local_ack_timeout_err,16261.0,16849.2,16555.1,3478,3479
off,10,3,3,port_xmit_packets,16459.8,16943.0,16701.4,7870103233,7870103234
off,10,3,3,local_ack_timeout_err,20487.6,21082.3,20784.9,3479,3480
off,10,3,3,req_cqe_error,20874.4,21478.0,21176.2,16467,16468
off,10,3,4,port_xmit_packets,-431.4,46.3,-192.5,7870103235,7870103236
off,10,3,4,local_ack_timeout_err,3968.1,4552.2,4260.2,3480,3481
off,10,3,4,port_xmit_packets,8000.1,8483.1,8241.6,7870103236,7870103237
off,10,3,4,local_ack_timeout_err,8186.7,8778.0,8482.3,3481,3482
off,10,3,4,port_xmit_packets,12231.9,12711.9,12471.9,7870103237,7870103238
off,10,3,4,local_ack_timeout_err,12418.7,13005.1,12711.9,3482,3483
off,10,3,4,local_ack_timeout_err,16263.0,16848.7,16555.8,3483,3484
off,10,3,4,port_xmit_packets,16460.6,16941.7,16701.2,7870103238,7870103239
off,10,3,4,local_ack_timeout_err,20486.2,21073.3,20779.7,3484,3485
off,10,3,4,req_cqe_error,20872.0,21471.7,21171.9,16468,16469
off,10,3,5,port_xmit_packets,-50.1,425.6,187.7,7870103240,7870103241
off,10,3,5,local_ack_timeout_err,3962.9,4543.5,4253.2,3485,3486
off,10,3,5,local_ack_timeout_err,7797.2,8385.8,8091.5,3486,3487
off,10,3,5,port_xmit_packets,7995.1,8480.1,8237.6,7870103241,7870103242
off,10,3,5,local_ack_timeout_err,12030.3,12622.6,12326.4,3487,3488
off,10,3,5,port_xmit_packets,12228.5,12718.8,12473.6,7870103242,7870103243
off,10,3,5,local_ack_timeout_err,16280.4,16868.1,16574.3,3488,3489
off,10,3,5,port_xmit_packets,16478.2,16961.8,16720.0,7870103243,7870103244
off,10,3,5,local_ack_timeout_err,20509.5,21100.9,20805.2,3489,3490
off,10,3,5,req_cqe_error,20896.4,21495.3,21195.8,16469,16470
off,10,7,1,port_xmit_packets,-72.6,402.3,164.9,7870103249,7870103250
off,10,7,1,local_ack_timeout_err,3953.3,4537.2,4245.2,3490,3491
off,10,7,1,local_ack_timeout_err,8172.4,8763.8,8468.1,3491,3492
off,10,7,1,port_xmit_packets,8371.3,8857.4,8614.4,7870103250,7870103251
off,10,7,1,local_ack_timeout_err,12399.4,12987.1,12693.2,3492,3493
off,10,7,1,port_xmit_packets,12598.9,13080.7,12839.8,7870103251,7870103252
off,10,7,1,port_xmit_packets,16439.2,16919.8,16679.5,7870103252,7870103253
off,10,7,1,local_ack_timeout_err,16626.2,17214.0,16920.1,3493,3494
off,10,7,1,port_xmit_packets,20671.7,21151.4,20911.5,7870103253,7870103254
off,10,7,1,local_ack_timeout_err,20857.9,21445.9,21151.9,3494,3495
off,10,7,1,local_ack_timeout_err,24704.0,25288.1,24996.1,3495,3496
off,10,7,1,port_xmit_packets,24901.5,25381.5,25141.5,7870103254,7870103255
off,10,7,1,local_ack_timeout_err,28936.9,29523.1,29230.0,3496,3497
off,10,7,1,port_xmit_packets,29135.6,29616.1,29375.9,7870103255,7870103256
off,10,7,1,local_ack_timeout_err,33184.5,33772.1,33478.3,3497,3498
off,10,7,1,port_xmit_packets,33383.4,33866.3,33624.9,7870103256,7870103257
off,10,7,1,local_ack_timeout_err,37423.5,38017.1,37720.3,3498,3499
off,10,7,1,req_cqe_error,37811.4,38411.7,38111.5,16470,16471
off,10,7,2,port_xmit_packets,-57.9,422.8,182.4,7870103258,7870103259
off,10,7,2,local_ack_timeout_err,3996.3,4587.3,4291.8,3499,3500
off,10,7,2,local_ack_timeout_err,8249.8,8847.7,8548.8,3500,3501
off,10,7,2,port_xmit_packets,8451.4,8942.0,8696.7,7870103259,7870103260
off,10,7,2,local_ack_timeout_err,12525.3,13117.8,12821.6,3501,3502
off,10,7,2,port_xmit_packets,12726.9,13211.7,12969.3,7870103260,7870103261
off,10,7,2,port_xmit_packets,16610.1,17096.6,16853.3,7870103261,7870103262
off,10,7,2,local_ack_timeout_err,16798.8,17391.8,17095.3,3502,3503
off,10,7,2,local_ack_timeout_err,20681.1,21273.8,20977.5,3503,3504
off,10,7,2,port_xmit_packets,20880.2,21367.9,21124.1,7870103262,7870103263
off,10,7,2,local_ack_timeout_err,24946.4,25540.0,25243.2,3504,3505
off,10,7,2,port_xmit_packets,25148.3,25634.2,25391.3,7870103263,7870103264
off,10,7,2,local_ack_timeout_err,29223.8,29819.0,29521.4,3505,3506
off,10,7,2,port_xmit_packets,29426.4,29913.5,29669.9,7870103264,7870103265
off,10,7,2,local_ack_timeout_err,33492.7,34090.3,33791.5,3506,3507
off,10,7,2,port_xmit_packets,33693.8,34185.6,33939.7,7870103265,7870103266
off,10,7,2,local_ack_timeout_err,37768.1,38374.1,38071.1,3507,3508
off,10,7,2,req_cqe_error,37768.1,38374.1,38071.1,16471,16472
off,10,7,2,port_xmit_packets,53356.1,53848.8,53602.5,7870103266,7870103267
off,10,7,2,port_rcv_packets,53451.3,53943.7,53697.5,2671753778,2671753780
off,10,7,2,port_xmit_packets,53752.7,54243.7,53998.2,7870103267,7870103268
off,10,7,3,port_xmit_packets,-157196.2,-156715.8,-156956.0,7870103269,7870103271
off,10,7,3,port_rcv_packets,-157103.0,-156622.6,-156862.8,2671753781,2671753783
off,10,7,3,port_xmit_packets,-70.5,409.8,169.6,7870103271,7870103272
off,10,7,3,local_ack_timeout_err,3987.9,4575.1,4281.5,3508,3509
off,10,7,3,local_ack_timeout_err,8241.6,8835.6,8538.6,3509,3510
off,10,7,3,port_xmit_packets,8441.1,8931.1,8686.1,7870103272,7870103273
off,10,7,3,local_ack_timeout_err,12514.0,13107.9,12811.0,3510,3511
off,10,7,3,port_xmit_packets,12715.2,13201.6,12958.4,7870103273,7870103274
off,10,7,3,local_ack_timeout_err,16780.3,17372.6,17076.4,3511,3512
off,10,7,3,port_xmit_packets,16981.3,17466.9,17224.1,7870103274,7870103275
off,10,7,3,port_xmit_packets,20858.4,21342.9,21100.7,7870103275,7870103276
off,10,7,3,local_ack_timeout_err,21046.0,21642.6,21344.3,3512,3513
off,10,7,3,local_ack_timeout_err,24928.3,25521.3,25224.8,3513,3514
off,10,7,3,port_xmit_packets,25127.6,25618.8,25373.2,7870103276,7870103277
off,10,7,3,local_ack_timeout_err,29219.8,29813.8,29516.8,3514,3515
off,10,7,3,port_xmit_packets,29420.0,29908.7,29664.3,7870103277,7870103278
off,10,7,3,local_ack_timeout_err,33491.6,34085.9,33788.7,3515,3516
off,10,7,3,port_xmit_packets,33693.2,34181.1,33937.1,7870103278,7870103279
off,10,7,3,local_ack_timeout_err,37759.2,38361.7,38060.4,3516,3517
off,10,7,3,req_cqe_error,37759.2,38361.7,38060.4,16472,16473
off,10,7,4,port_xmit_packets,-61.0,413.0,176.0,7870103280,7870103281
off,10,7,4,local_ack_timeout_err,3954.5,4539.3,4246.9,3517,3518
off,10,7,4,local_ack_timeout_err,8175.5,8770.1,8472.8,3518,3519
off,10,7,4,port_xmit_packets,8374.3,8864.2,8619.3,7870103281,7870103282
off,10,7,4,local_ack_timeout_err,12415.0,13003.8,12709.4,3519,3520
off,10,7,4,port_xmit_packets,12614.3,13096.9,12855.6,7870103282,7870103283
off,10,7,4,port_xmit_packets,16462.9,16942.1,16702.5,7870103283,7870103284
off,10,7,4,local_ack_timeout_err,16648.9,17235.0,16941.9,3520,3521
off,10,7,4,port_xmit_packets,20687.5,21166.4,20926.9,7870103284,7870103285
off,10,7,4,local_ack_timeout_err,20873.5,21459.4,21166.4,3521,3522
off,10,7,4,local_ack_timeout_err,24733.7,25320.7,25027.2,3522,3523
off,10,7,4,port_xmit_packets,24931.4,25414.8,25173.1,7870103285,7870103286
off,10,7,4,local_ack_timeout_err,28966.6,29565.4,29266.0,3523,3524
off,10,7,4,port_xmit_packets,29166.1,29658.9,29412.5,7870103286,7870103287
off,10,7,4,local_ack_timeout_err,33201.1,33787.8,33494.4,3524,3525
off,10,7,4,port_xmit_packets,33399.4,33881.6,33640.5,7870103287,7870103288
off,10,7,4,local_ack_timeout_err,37427.6,38019.5,37723.5,3525,3526
off,10,7,4,req_cqe_error,37813.8,38411.9,38112.9,16473,16474
off,10,7,5,port_xmit_packets,-425.1,51.3,-186.9,7870103289,7870103290
off,10,7,5,local_ack_timeout_err,3968.9,4554.3,4261.6,3526,3527
off,10,7,5,local_ack_timeout_err,8182.7,8772.8,8477.8,3527,3528
off,10,7,5,port_xmit_packets,8381.8,8865.8,8623.8,7870103290,7870103291
off,10,7,5,local_ack_timeout_err,12409.2,12998.1,12703.6,3528,3529
off,10,7,5,port_xmit_packets,12610.1,13091.5,12850.8,7870103291,7870103292
off,10,7,5,port_xmit_packets,16448.8,16927.9,16688.4,7870103292,7870103293
off,10,7,5,local_ack_timeout_err,16635.3,17220.7,16928.0,3529,3530
off,10,7,5,port_xmit_packets,20674.3,21156.9,20915.6,7870103293,7870103294
off,10,7,5,local_ack_timeout_err,20861.0,21449.9,21155.5,3530,3531
off,10,7,5,port_xmit_packets,24897.3,25377.7,25137.5,7870103294,7870103295
off,10,7,5,local_ack_timeout_err,25083.5,25669.4,25376.5,3531,3532
off,10,7,5,local_ack_timeout_err,28916.5,29501.8,29209.1,3532,3533
off,10,7,5,port_xmit_packets,29114.3,29595.0,29354.7,7870103295,7870103296
off,10,7,5,local_ack_timeout_err,33137.4,33724.5,33431.0,3533,3534
off,10,7,5,port_xmit_packets,33336.4,33817.5,33576.9,7870103296,7870103297
off,10,7,5,local_ack_timeout_err,37362.3,37951.3,37656.8,3534,3535
off,10,7,5,req_cqe_error,37746.9,38345.0,38046.0,16474,16475
off,12,0,1,port_xmit_packets,-429.8,47.1,-191.4,7870103302,7870103303
off,12,0,1,local_ack_timeout_err,12011.0,12594.1,12302.6,3535,3536
off,12,0,1,local_ack_timeout_err,28513.7,29099.5,28806.6,3536,3537
off,12,0,1,req_cqe_error,28897.7,29498.3,29198.0,16475,16476
off,12,0,2,port_xmit_packets,-88605.8,-88128.8,-88367.3,7870103304,7870103306
off,12,0,2,port_rcv_packets,-88513.1,-88035.9,-88274.5,2671753791,2671753793
off,12,0,2,port_xmit_packets,-420.1,59.6,-180.3,7870103306,7870103307
off,12,0,2,local_ack_timeout_err,12787.5,13370.6,13079.0,3537,3538
off,12,0,2,local_ack_timeout_err,29664.6,30263.8,29964.2,3538,3539
off,12,0,2,req_cqe_error,29664.6,30263.8,29964.2,16476,16477
off,12,0,3,port_rcv_packets,-291251.1,-290775.3,-291013.2,2671753794,2671753796
off,12,0,3,port_xmit_packets,-290961.0,-290485.0,-290723.0,7870103308,7870103310
off,12,0,3,port_xmit_packets,-47.8,427.0,189.6,7870103310,7870103311
off,12,0,3,local_ack_timeout_err,12394.2,12979.0,12686.6,3539,3540
off,12,0,3,local_ack_timeout_err,29257.6,29853.3,29555.5,3540,3541
off,12,0,3,req_cqe_error,29257.6,29853.3,29555.5,16477,16478
off,12,0,4,port_xmit_packets,-415.4,62.4,-176.5,7870103312,7870103313
off,12,0,4,local_ack_timeout_err,12805.1,13388.1,13096.6,3541,3542
off,12,0,4,local_ack_timeout_err,29269.2,29857.4,29563.3,3542,3543
off,12,0,4,req_cqe_error,29653.4,30252.3,29952.8,16478,16479
off,12,0,5,port_xmit_packets,-421.9,56.0,-182.9,7870103314,7870103315
off,12,0,5,port_xmit_packets,8012.4,8489.3,8250.8,7870103315,7870103317
off,12,0,5,port_rcv_packets,8105.8,8581.8,8343.8,2671753798,2671753800
off,12,0,5,local_ack_timeout_err,12030.1,12614.4,12322.2,3543,3544
off,12,0,5,local_ack_timeout_err,28897.0,29487.7,29192.3,3544,3545
off,12,0,5,req_cqe_error,29281.1,29882.8,29582.0,16479,16480
off,12,3,1,port_xmit_packets,-60.3,417.1,178.4,7870103320,7870103321
off,12,3,1,local_ack_timeout_err,12013.7,12597.8,12305.7,3545,3546
off,12,3,1,local_ack_timeout_err,28900.7,29492.0,29196.4,3546,3547
off,12,3,1,port_xmit_packets,29099.6,29585.6,29342.6,7870103321,7870103322
off,12,3,1,local_ack_timeout_err,45441.2,46031.1,45736.1,3547,3548
off,12,3,1,port_xmit_packets,45640.1,46125.6,45882.9,7870103322,7870103323
off,12,3,1,local_ack_timeout_err,62332.1,62918.5,62625.3,3548,3549
off,12,3,1,port_xmit_packets,62530.0,63011.7,62770.9,7870103323,7870103324
off,12,3,1,local_ack_timeout_err,79333.9,79930.2,79632.0,3549,3550
off,12,3,1,req_cqe_error,79333.9,79930.2,79632.0,16480,16481
off,12,3,2,port_xmit_packets,-264615.8,-264132.3,-264374.0,7870103325,7870103327
off,12,3,2,port_rcv_packets,-264523.3,-264039.6,-264281.4,2671753804,2671753806
off,12,3,2,port_xmit_packets,-71836.6,-71340.2,-71588.4,7870103327,7870103329
off,12,3,2,port_rcv_packets,-71743.8,-71247.7,-71495.8,2671753806,2671753808
off,12,3,2,port_xmit_packets,-50.4,425.2,187.4,7870103329,7870103330
off,12,3,2,local_ack_timeout_err,12383.5,12966.5,12675.0,3550,3551
off,12,3,2,port_xmit_packets,29030.3,29512.4,29271.4,7870103330,7870103331
off,12,3,2,local_ack_timeout_err,29216.1,29806.7,29511.4,3551,3552
off,12,3,2,local_ack_timeout_err,45805.2,46404.5,46104.8,3552,3553
off,12,3,2,port_xmit_packets,46003.9,46497.9,46250.9,7870103331,7870103332
off,12,3,2,port_xmit_packets,62515.0,62996.2,62755.6,7870103332,7870103333
off,12,3,2,local_ack_timeout_err,62701.2,63291.1,62996.2,3553,3554
off,12,3,2,local_ack_timeout_err,79194.5,79778.6,79486.5,3554,3555
off,12,3,2,req_cqe_error,79578.1,80172.8,79875.4,16481,16482
off,12,3,3,port_xmit_packets,-427.8,48.7,-189.6,7870103334,7870103335
off,12,3,3,local_ack_timeout_err,12410.6,12995.4,12703.0,3555,3556
off,12,3,3,local_ack_timeout_err,29287.4,29877.0,29582.2,3556,3557
off,12,3,3,port_xmit_packets,29485.1,29970.4,29727.8,7870103335,7870103336
off,12,3,3,local_ack_timeout_err,46164.6,46758.2,46461.4,3557,3558
off,12,3,3,port_xmit_packets,46369.0,46852.1,46610.5,7870103336,7870103337
off,12,3,3,port_xmit_packets,62857.8,63339.6,63098.7,7870103337,7870103338
off,12,3,3,local_ack_timeout_err,63044.3,63633.1,63338.7,3558,3559
off,12,3,3,local_ack_timeout_err,79614.9,80208.9,79911.9,3559,3560
off,12,3,3,req_cqe_error,80003.1,80603.8,80303.4,16482,16483
off,12,3,4,port_xmit_packets,-52.0,423.9,186.0,7870103339,7870103340
off,12,3,4,local_ack_timeout_err,12412.7,12995.6,12704.2,3560,3561
off,12,3,4,local_ack_timeout_err,29259.6,29851.0,29555.3,3561,3562
off,12,3,4,port_xmit_packets,29459.1,29945.1,29702.1,7870103340,7870103341
off,12,3,4,port_xmit_packets,45952.7,46432.8,46192.7,7870103341,7870103342
off,12,3,4,local_ack_timeout_err,46138.8,46725.7,46432.2,3562,3563
off,12,3,4,local_ack_timeout_err,62637.6,63224.9,62931.3,3563,3564
off,12,3,4,port_xmit_packets,62834.9,63318.4,63076.7,7870103342,7870103343
off,12,3,4,local_ack_timeout_err,79538.6,80134.3,79836.4,3564,3565
off,12,3,4,req_cqe_error,79928.1,80528.8,80228.5,16483,16484
off,12,3,4,port_xmit_packets,126213.8,126698.0,126455.9,7870103343,7870103345
off,12,3,4,port_rcv_packets,126307.8,126791.8,126549.8,2671753810,2671753812
off,12,3,5,port_rcv_packets,-125498.9,-125021.2,-125260.1,2671753813,2671753815
off,12,3,5,port_xmit_packets,-125206.6,-124729.2,-124967.9,7870103346,7870103348
off,12,3,5,port_xmit_packets,-56.5,424.8,184.2,7870103348,7870103349
off,12,3,5,local_ack_timeout_err,12531.3,13125.1,12828.2,3565,3566
off,12,3,5,local_ack_timeout_err,29202.6,29799.6,29501.1,3566,3567
off,12,3,5,port_xmit_packets,29403.7,29894.4,29649.1,7870103349,7870103350
off,12,3,5,local_ack_timeout_err,45866.6,46459.2,46162.9,3567,3568
off,12,3,5,port_xmit_packets,46066.4,46554.4,46310.4,7870103350,7870103351
off,12,3,5,port_xmit_packets,62744.7,63236.1,62990.4,7870103351,7870103352
off,12,3,5,local_ack_timeout_err,62934.8,63532.2,63233.5,3568,3569
off,12,3,5,local_ack_timeout_err,79603.4,80206.5,79904.9,3569,3570
off,12,3,5,req_cqe_error,79603.4,80206.5,79904.9,16484,16485
off,12,7,1,port_xmit_packets,-176539.2,-176036.1,-176287.6,7870103353,7870103355
off,12,7,1,port_rcv_packets,-176445.8,-175942.3,-176194.0,2671753816,2671753818
off,12,7,1,port_xmit_packets,-57.8,418.0,180.1,7870103355,7870103356
off,12,7,1,local_ack_timeout_err,15063.7,15663.9,15363.8,3570,3571
off,12,7,1,port_xmit_packets,15262.6,15757.0,15509.8,7870103356,7870103358
off,12,7,1,port_rcv_packets,15356.1,15850.1,15603.1,2671753818,2671753820
off,12,7,1,port_xmit_packets,31816.8,32301.9,32059.3,7870103358,7870103359
off,12,7,1,local_ack_timeout_err,32003.0,32595.4,32299.2,3571,3572
off,12,7,1,local_ack_timeout_err,48510.5,49097.7,48804.1,3572,3573
off,12,7,1,port_xmit_packets,48709.0,49191.7,48950.4,7870103359,7870103360
off,12,7,1,local_ack_timeout_err,65389.4,65976.9,65683.2,3573,3574
off,12,7,1,port_xmit_packets,65587.3,66070.0,65828.7,7870103360,7870103361
off,12,7,1,port_xmit_packets,82100.7,82582.8,82341.8,7870103361,7870103362
off,12,7,1,local_ack_timeout_err,82286.6,82877.8,82582.2,3574,3575
off,12,7,1,local_ack_timeout_err,98797.7,99385.5,99091.6,3575,3576
off,12,7,1,port_xmit_packets,98995.4,99479.7,99237.6,7870103362,7870103363
off,12,7,1,local_ack_timeout_err,115665.2,116251.8,115958.5,3576,3577
off,12,7,1,port_xmit_packets,115864.2,116345.3,116104.7,7870103363,7870103364
off,12,7,1,local_ack_timeout_err,132547.6,133136.2,132841.9,3577,3578
off,12,7,1,port_xmit_packets,132746.6,133229.3,132988.0,7870103364,7870103365
off,12,7,1,local_ack_timeout_err,149426.7,150023.0,149724.9,3578,3579
off,12,7,1,req_cqe_error,149426.7,150023.0,149724.9,16485,16486
off,12,7,2,port_xmit_packets,-54.2,422.6,184.2,7870103366,7870103367
off,12,7,2,local_ack_timeout_err,12403.8,12987.8,12695.8,3579,3580
off,12,7,2,local_ack_timeout_err,29271.9,29861.8,29566.9,3580,3581
off,12,7,2,port_xmit_packets,29471.9,29955.4,29713.6,7870103367,7870103368
off,12,7,2,port_xmit_packets,45938.6,46420.8,46179.7,7870103368,7870103369
off,12,7,2,local_ack_timeout_err,46125.7,46716.7,46421.2,3581,3582
off,12,7,2,port_xmit_packets,62679.7,63162.6,62921.2,7870103369,7870103370
off,12,7,2,local_ack_timeout_err,62866.4,63458.2,63162.3,3582,3583
off,12,7,2,local_ack_timeout_err,79385.4,79973.4,79679.4,3583,3584
off,12,7,2,port_xmit_packets,79583.9,80067.8,79825.9,7870103370,7870103371
off,12,7,2,local_ack_timeout_err,96314.1,96900.6,96607.4,3584,3585
off,12,7,2,port_xmit_packets,96513.7,96993.8,96753.8,7870103371,7870103372
off,12,7,2,local_ack_timeout_err,112872.0,113457.8,113164.9,3585,3586
off,12,7,2,port_xmit_packets,113068.9,113551.5,113310.2,7870103372,7870103373
off,12,7,2,port_xmit_packets,129766.3,130247.3,130006.8,7870103373,7870103374
off,12,7,2,local_ack_timeout_err,129952.7,130540.1,130246.4,3586,3587
off,12,7,2,local_ack_timeout_err,146434.6,147020.8,146727.7,3587,3588
off,12,7,2,req_cqe_error,146820.1,147414.6,147117.4,16486,16487
off,12,7,3,port_xmit_packets,-50.8,424.7,187.0,7870103375,7870103376
off,12,7,3,local_ack_timeout_err,12386.5,12970.6,12678.6,3588,3589
off,12,7,3,local_ack_timeout_err,29240.7,29831.8,29536.2,3589,3590
off,12,7,3,port_xmit_packets,29438.8,29925.3,29682.1,7870103376,7870103377
off,12,7,3,port_xmit_packets,45951.8,46435.3,46193.6,7870103377,7870103378
off,12,7,3,local_ack_timeout_err,46138.7,46729.9,46434.3,3590,3591
off,12,7,3,local_ack_timeout_err,62639.2,63225.1,62932.2,3591,3592
off,12,7,3,port_xmit_packets,62837.3,63318.9,63078.1,7870103378,7870103379
off,12,7,3,port_xmit_packets,78181.4,78658.9,78420.1,7870103379,7870103380
off,12,7,3,port_rcv_packets,78274.6,78751.5,78513.0,2671753822,2671753824
off,12,7,3,port_xmit_packets,78565.7,79041.8,78803.8,7870103380,7870103381
off,12,7,3,local_ack_timeout_err,79517.5,80106.2,79811.9,3592,3593
off,12,7,3,port_xmit_packets,79715.4,80199.6,79957.5,7870103381,7870103382
off,12,7,3,local_ack_timeout_err,96421.4,97009.8,96715.6,3593,3594
off,12,7,3,port_xmit_packets,96621.5,97103.5,96862.5,7870103382,7870103383
off,12,7,3,port_xmit_packets,113109.3,113590.9,113350.1,7870103383,7870103384
off,12,7,3,local_ack_timeout_err,113296.3,113882.8,113589.5,3594,3595
off,12,7,3,local_ack_timeout_err,129766.5,130350.7,130058.6,3595,3596
off,12,7,3,port_xmit_packets,129963.1,130444.5,130203.8,7870103384,7870103385
off,12,7,3,local_ack_timeout_err,146645.6,147238.6,146942.1,3596,3597
off,12,7,3,req_cqe_error,147032.4,147632.5,147332.4,16487,16488
off,12,7,4,port_xmit_packets,-242793.7,-242308.7,-242551.2,7870103386,7870103388
off,12,7,4,port_rcv_packets,-242701.1,-242216.1,-242458.6,2671753825,2671753827
off,12,7,4,port_xmit_packets,-50.9,424.7,186.9,7870103388,7870103389
off,12,7,4,local_ack_timeout_err,12018.5,12603.3,12310.9,3597,3598
off,12,7,4,local_ack_timeout_err,28893.1,29486.6,29189.8,3598,3599
off,12,7,4,port_xmit_packets,29093.5,29580.6,29337.1,7870103389,7870103390
off,12,7,4,local_ack_timeout_err,45428.2,46016.2,45722.2,3599,3600
off,12,7,4,port_xmit_packets,45626.0,46109.5,45867.8,7870103390,7870103391
off,12,7,4,local_ack_timeout_err,62300.1,62888.5,62594.3,3600,3601
off,12,7,4,port_xmit_packets,62499.2,62982.3,62740.8,7870103391,7870103392
off,12,7,4,local_ack_timeout_err,79173.7,79762.7,79468.2,3601,3602
off,12,7,4,port_xmit_packets,79372.8,79856.5,79614.6,7870103392,7870103393
off,12,7,4,port_xmit_packets,95898.8,96382.7,96140.7,7870103393,7870103394
off,12,7,4,local_ack_timeout_err,96085.9,96676.6,96381.2,3602,3603
off,12,7,4,local_ack_timeout_err,112597.2,113182.3,112889.7,3603,3604
off,12,7,4,port_xmit_packets,112794.2,113275.3,113034.7,7870103394,7870103395
off,12,7,4,local_ack_timeout_err,129503.4,130089.5,129796.4,3604,3605
off,12,7,4,port_xmit_packets,129701.6,130184.0,129942.8,7870103395,7870103396
off,12,7,4,local_ack_timeout_err,146381.5,146981.2,146681.3,3605,3606
off,12,7,4,req_cqe_error,146381.5,146981.2,146681.3,16488,16489
off,12,7,5,port_xmit_packets,-418.4,59.0,-179.7,7870103397,7870103398
off,12,7,5,local_ack_timeout_err,12017.8,12600.0,12308.9,3606,3607
off,12,7,5,local_ack_timeout_err,28894.3,29485.2,29189.8,3607,3608
off,12,7,5,port_xmit_packets,29094.1,29578.7,29336.4,7870103398,7870103399
off,12,7,5,local_ack_timeout_err,45384.7,45969.9,45677.3,3608,3609
off,12,7,5,port_xmit_packets,45581.3,46063.2,45822.2,7870103399,7870103400
off,12,7,5,local_ack_timeout_err,62249.3,62835.3,62542.3,3609,3610
off,12,7,5,port_xmit_packets,62446.6,62928.3,62687.5,7870103400,7870103401
off,12,7,5,local_ack_timeout_err,79138.6,79727.5,79433.0,3610,3611
off,12,7,5,port_xmit_packets,79337.0,79821.0,79579.0,7870103401,7870103402
off,12,7,5,port_xmit_packets,95832.1,96313.2,96072.7,7870103402,7870103403
off,12,7,5,local_ack_timeout_err,96018.2,96606.4,96312.3,3611,3612
off,12,7,5,local_ack_timeout_err,112496.1,113082.0,112789.0,3612,3613
off,12,7,5,port_xmit_packets,112693.1,113175.1,112934.1,7870103403,7870103404
off,12,7,5,local_ack_timeout_err,129371.0,129957.7,129664.4,3613,3614
off,12,7,5,port_xmit_packets,129569.1,130051.2,129810.1,7870103404,7870103405
off,12,7,5,local_ack_timeout_err,146248.8,146842.5,146545.7,3614,3615
off,12,7,5,req_cqe_error,146248.8,146842.5,146545.7,16489,16490
off,14,0,1,port_xmit_packets,-54.9,421.9,183.5,7870103410,7870103411
off,14,0,1,local_ack_timeout_err,51837.0,52420.3,52128.6,3615,3616
off,14,0,1,local_ack_timeout_err,118878.5,119473.1,119175.8,3616,3617
off,14,0,1,req_cqe_error,119265.3,119869.6,119567.4,16490,16491
off,14,0,2,port_xmit_packets,-80765.7,-80281.7,-80523.7,7870103412,7870103414
off,14,0,2,port_rcv_packets,-80672.9,-80188.9,-80430.9,2671753834,2671753836
off,14,0,2,port_xmit_packets,-61.5,414.3,176.4,7870103414,7870103415
off,14,0,2,local_ack_timeout_err,37684.2,38272.1,37978.2,3617,3618
off,14,0,2,local_ack_timeout_err,104796.4,105397.1,105096.7,3618,3619
off,14,0,2,req_cqe_error,104796.4,105397.1,105096.7,16491,16492
off,14,0,2,port_xmit_packets,111242.0,111726.3,111484.2,7870103415,7870103417
off,14,0,2,port_rcv_packets,111336.4,111819.8,111578.1,2671753836,2671753838
off,14,0,3,port_xmit_packets,-52.9,423.5,185.3,7870103418,7870103419
off,14,0,3,local_ack_timeout_err,37690.1,38272.9,37981.5,3619,3620
off,14,0,3,local_ack_timeout_err,104659.6,105256.4,104958.0,3620,3621
off,14,0,3,req_cqe_error,105050.1,105649.0,105349.6,16492,16493
off,14,0,4,port_xmit_packets,-62.2,414.5,176.1,7870103420,7870103421
off,14,0,4,local_ack_timeout_err,37663.1,38246.5,37954.8,3621,3622
off,14,0,4,local_ack_timeout_err,104516.0,105105.1,104810.5,3622,3623
off,14,0,4,req_cqe_error,104900.0,105501.3,105200.6,16493,16494
off,14,0,5,port_rcv_packets,-210256.2,-209781.0,-210018.6,2671753841,2671753843
off,14,0,5,port_xmit_packets,-209967.0,-209490.6,-209728.8,7870103422,7870103424
off,14,0,5,port_xmit_packets,-18047.5,-17571.7,-17809.6,7870103424,7870103426
off,14,0,5,port_rcv_packets,-17954.5,-17478.9,-17716.7,2671753843,2671753845
off,14,0,5,port_xmit_packets,-428.2,49.3,-189.4,7870103426,7870103427
off,14,0,5,local_ack_timeout_err,37329.4,37910.9,37620.2,3623,3624
off,14,0,5,local_ack_timeout_err,104709.6,105310.5,105010.1,3624,3625
off,14,0,5,req_cqe_error,104709.6,105310.5,105010.1,16494,16495
off,14,3,1,port_xmit_packets,-104466.7,-103985.6,-104226.2,7870103428,7870103430
off,14,3,1,port_rcv_packets,-104373.0,-103891.6,-104132.3,2671753846,2671753848
off,14,3,1,port_xmit_packets,-48.5,431.6,191.6,7870103430,7870103431
off,14,3,1,local_ack_timeout_err,37633.9,38221.7,37927.8,3625,3626
off,14,3,1,port_rcv_packets,87384.2,87863.7,87623.9,2671753848,2671753850
off,14,3,1,port_xmit_packets,87677.1,88157.8,87917.5,7870103431,7870103433
off,14,3,1,local_ack_timeout_err,104529.7,105126.4,104828.0,3626,3627
off,14,3,1,port_xmit_packets,104730.0,105221.3,104975.7,7870103433,7870103434
off,14,3,1,local_ack_timeout_err,171803.2,172398.9,172101.1,3627,3628
off,14,3,1,port_xmit_packets,172005.5,172492.7,172249.1,7870103434,7870103435
off,14,3,1,local_ack_timeout_err,238663.5,239257.8,238960.6,3628,3629
off,14,3,1,port_xmit_packets,238863.3,239352.8,239108.1,7870103435,7870103436
off,14,3,1,local_ack_timeout_err,306118.3,306724.5,306421.4,3629,3630
off,14,3,1,req_cqe_error,306118.3,306724.5,306421.4,16495,16496
off,14,3,2,port_xmit_packets,-60.2,414.6,177.2,7870103437,7870103438
off,14,3,2,local_ack_timeout_err,37653.1,38236.1,37944.6,3630,3631
off,14,3,2,local_ack_timeout_err,104627.4,105216.4,104921.9,3631,3632
off,14,3,2,port_xmit_packets,104825.1,105310.2,105067.6,7870103438,7870103439
off,14,3,2,port_xmit_packets,171804.4,172286.9,172045.7,7870103439,7870103440
off,14,3,2,local_ack_timeout_err,171991.0,172581.3,172286.2,3632,3633
off,14,3,2,local_ack_timeout_err,238993.9,239583.9,239288.9,3633,3634
off,14,3,2,port_xmit_packets,239192.0,239677.3,239434.7,7870103440,7870103441
off,14,3,2,local_ack_timeout_err,305971.9,306562.2,306267.1,3634,3635
off,14,3,2,req_cqe_error,306357.4,306956.6,306657.0,16496,16497
off,14,3,3,port_rcv_packets,-165923.5,-165446.8,-165685.2,2671753852,2671753854
off,14,3,3,port_xmit_packets,-165633.4,-165155.8,-165394.6,7870103442,7870103444
off,14,3,3,port_xmit_packets,-51.1,426.4,187.6,7870103444,7870103445
off,14,3,3,port_xmit_packets,25255.7,25732.8,25494.3,7870103445,7870103447
off,14,3,3,port_rcv_packets,25348.8,25825.9,25587.4,2671753854,2671753856
off,14,3,3,local_ack_timeout_err,37302.3,37883.4,37592.9,3635,3636
off,14,3,3,local_ack_timeout_err,104382.8,104974.6,104678.7,3636,3637
off,14,3,3,port_xmit_packets,104581.2,105069.3,104825.2,7870103447,7870103448
off,14,3,3,local_ack_timeout_err,171728.3,172318.1,172023.2,3637,3638
off,14,3,3,port_xmit_packets,171927.5,172411.1,172169.3,7870103448,7870103449
off,14,3,3,local_ack_timeout_err,238781.7,239371.0,239076.3,3638,3639
off,14,3,3,port_xmit_packets,238979.7,239464.3,239222.0,7870103449,7870103450
off,14,3,3,local_ack_timeout_err,305845.7,306435.8,306140.8,3639,3640
off,14,3,3,req_cqe_error,306231.3,306829.7,306530.5,16497,16498
off,14,3,4,port_xmit_packets,-55.0,420.9,182.9,7870103451,7870103452
off,14,3,4,local_ack_timeout_err,37290.9,37875.0,37583.0,3640,3641
off,14,3,4,local_ack_timeout_err,104367.3,104957.6,104662.5,3641,3642
off,14,3,4,port_xmit_packets,104565.5,105052.2,104808.9,7870103452,7870103453
off,14,3,4,local_ack_timeout_err,171412.3,172001.1,171706.7,3642,3643
off,14,3,4,port_xmit_packets,171610.7,172095.1,171852.9,7870103453,7870103454
off,14,3,4,local_ack_timeout_err,238463.6,239050.6,238757.1,3643,3644
off,14,3,4,port_xmit_packets,238661.6,239145.5,238903.5,7870103454,7870103455
off,14,3,4,local_ack_timeout_err,305693.7,306289.9,305991.8,3644,3645
off,14,3,4,req_cqe_error,306081.8,306686.0,306383.9,16498,16499
off,14,3,5,port_xmit_packets,-229313.4,-228812.6,-229063.0,7870103456,7870103458
off,14,3,5,port_rcv_packets,-229220.8,-228719.7,-228970.2,2671753858,2671753860
off,14,3,5,port_xmit_packets,-37245.1,-36768.4,-37006.8,7870103458,7870103460
off,14,3,5,port_rcv_packets,-37152.0,-36675.9,-36914.0,2671753860,2671753862
off,14,3,5,port_xmit_packets,-62.3,412.4,175.1,7870103460,7870103461
off,14,3,5,local_ack_timeout_err,37260.6,37845.0,37552.8,3645,3646
off,14,3,5,local_ack_timeout_err,104220.8,104810.0,104515.4,3646,3647
off,14,3,5,port_xmit_packets,104418.9,104904.4,104661.6,7870103461,7870103462
off,14,3,5,port_xmit_packets,171438.3,171920.6,171679.5,7870103462,7870103463
off,14,3,5,local_ack_timeout_err,171624.6,172214.6,171919.6,3647,3648
off,14,3,5,local_ack_timeout_err,238660.3,239248.5,238954.4,3648,3649
off,14,3,5,port_xmit_packets,238858.8,239341.4,239100.1,7870103463,7870103464
off,14,3,5,local_ack_timeout_err,305710.2,306309.8,306010.0,3649,3650
off,14,3,5,req_cqe_error,305710.2,306309.8,306010.0,16499,16500
off,14,7,1,port_rcv_packets,-135815.5,-135337.5,-135576.5,2671753865,2671753867
off,14,7,1,port_xmit_packets,-135525.2,-135048.1,-135286.7,7870103467,7870103469
off,14,7,1,port_xmit_packets,-48.9,426.2,188.7,7870103469,7870103470
off,14,7,1,local_ack_timeout_err,67167.1,67752.2,67459.6,3650,3651
off,14,7,1,local_ack_timeout_err,134244.9,134837.3,134541.1,3651,3652
off,14,7,1,port_xmit_packets,134444.1,134930.4,134687.3,7870103470,7870103471
off,14,7,1,local_ack_timeout_err,201371.5,201959.2,201665.3,3652,3653
off,14,7,1,port_xmit_packets,201570.3,202052.5,201811.4,7870103471,7870103472
off,14,7,1,local_ack_timeout_err,268376.6,268966.0,268671.3,3653,3654
off,14,7,1,port_xmit_packets,268574.9,269058.8,268816.8,7870103472,7870103473
off,14,7,1,local_ack_timeout_err,335375.9,335965.4,335670.7,3654,3655
off,14,7,1,port_xmit_packets,335574.5,336058.8,335816.6,7870103473,7870103474
off,14,7,1,local_ack_timeout_err,402700.4,403288.9,402994.7,3655,3656
off,14,7,1,port_xmit_packets,402900.7,403382.1,403141.4,7870103474,7870103475
off,14,7,1,local_ack_timeout_err,469710.2,470299.5,470004.9,3656,3657
off,14,7,1,port_xmit_packets,469908.7,470392.8,470150.7,7870103475,7870103476
off,14,7,1,local_ack_timeout_err,536671.8,537257.5,536964.7,3657,3658
off,14,7,1,port_xmit_packets,536868.5,537351.3,537109.9,7870103476,7870103477
off,14,7,1,local_ack_timeout_err,603989.1,604585.2,604287.2,3658,3659
off,14,7,1,req_cqe_error,603989.1,604585.2,604287.2,16500,16501
off,14,7,2,port_xmit_packets,-17803.0,-17313.6,-17558.3,7870103478,7870103480
off,14,7,2,port_rcv_packets,-17710.3,-17221.0,-17465.7,2671753868,2671753870
off,14,7,2,port_xmit_packets,-49.4,426.6,188.6,7870103480,7870103481
off,14,7,2,local_ack_timeout_err,37663.3,38246.9,37955.1,3659,3660
off,14,7,2,local_ack_timeout_err,104700.5,105291.3,104995.9,3660,3661
off,14,7,2,port_xmit_packets,104900.8,105384.7,105142.8,7870103481,7870103482
off,14,7,2,local_ack_timeout_err,171687.0,172274.3,171980.6,3661,3662
off,14,7,2,port_xmit_packets,171885.0,172368.8,172126.9,7870103482,7870103483
off,14,7,2,port_xmit_packets,174197.1,174673.5,174435.3,7870103483,7870103485
off,14,7,2,port_rcv_packets,174290.1,174765.9,174528.0,2671753870,2671753872
off,14,7,2,port_xmit_packets,238821.1,239302.2,239061.7,7870103485,7870103486
off,14,7,2,local_ack_timeout_err,239006.4,239596.7,239301.5,3662,3663
off,14,7,2,local_ack_timeout_err,305992.0,306578.7,306285.3,3663,3664
off,14,7,2,port_xmit_packets,306190.4,306671.5,306431.0,7870103486,7870103487
off,14,7,2,local_ack_timeout_err,372983.0,373571.6,373277.3,3664,3665
off,14,7,2,port_xmit_packets,373181.7,373665.6,373423.6,7870103487,7870103488
off,14,7,2,local_ack_timeout_err,440042.8,440628.2,440335.5,3665,3666
off,14,7,2,port_xmit_packets,440240.2,440722.1,440481.1,7870103488,7870103489
off,14,7,2,local_ack_timeout_err,507412.6,508005.9,507709.3,3666,3667
off,14,7,2,port_xmit_packets,507611.6,508099.1,507855.3,7870103489,7870103490
off,14,7,2,local_ack_timeout_err,574395.1,574987.5,574691.3,3667,3668
off,14,7,2,req_cqe_error,574781.5,575384.3,575082.9,16501,16502
off,14,7,3,port_xmit_packets,-424.0,51.1,-186.4,7870103491,7870103492
off,14,7,3,local_ack_timeout_err,37629.7,38212.8,37921.2,3668,3669
off,14,7,3,port_xmit_packets,104769.3,105252.7,105011.0,7870103492,7870103493
off,14,7,3,local_ack_timeout_err,104956.3,105547.4,105251.8,3669,3670
off,14,7,3,local_ack_timeout_err,171928.0,172516.4,172222.2,3670,3671
off,14,7,3,port_xmit_packets,172127.0,172610.2,172368.6,7870103493,7870103494
off,14,7,3,local_ack_timeout_err,238918.0,239506.2,239212.1,3671,3672
off,14,7,3,port_xmit_packets,239116.1,239599.7,239357.9,7870103494,7870103495
off,14,7,3,port_xmit_packets,306106.4,306590.3,306348.3,7870103495,7870103496
off,14,7,3,local_ack_timeout_err,306293.0,306883.7,306588.4,3672,3673
off,14,7,3,port_rcv_packets,322703.5,323179.3,322941.4,2671753873,2671753875
off,14,7,3,port_xmit_packets,322993.5,323469.5,323231.5,7870103496,7870103498
off,14,7,3,local_ack_timeout_err,373300.1,373887.3,373593.7,3673,3674
off,14,7,3,port_xmit_packets,373499.1,373980.7,373739.9,7870103498,7870103499
off,14,7,3,local_ack_timeout_err,440305.3,440892.7,440599.0,3674,3675
off,14,7,3,port_xmit_packets,440502.9,440986.1,440744.5,7870103499,7870103500
off,14,7,3,local_ack_timeout_err,507302.4,507889.2,507595.8,3675,3676
off,14,7,3,port_xmit_packets,507500.1,507983.4,507741.8,7870103500,7870103501
off,14,7,3,port_xmit_packets,514787.3,515263.2,515025.2,7870103501,7870103503
off,14,7,3,port_rcv_packets,514879.9,515356.2,515118.0,2671753875,2671753877
off,14,7,3,local_ack_timeout_err,574420.2,575017.8,574719.0,3676,3677
off,14,7,3,req_cqe_error,574808.4,575418.2,575113.3,16502,16503
off,14,7,4,port_xmit_packets,-413.1,66.5,-173.3,7870103504,7870103505
off,14,7,4,local_ack_timeout_err,37582.5,38172.4,37877.5,3677,3678
off,14,7,4,port_xmit_packets,104672.6,105160.3,104916.4,7870103505,7870103506
off,14,7,4,local_ack_timeout_err,104860.6,105458.2,105159.4,3678,3679
off,14,7,4,local_ack_timeout_err,171665.5,172255.2,171960.3,3679,3680
off,14,7,4,port_xmit_packets,171863.8,172351.1,172107.5,7870103506,7870103507
off,14,7,4,local_ack_timeout_err,238861.9,239456.9,239159.4,3680,3681
off,14,7,4,port_xmit_packets,239061.4,239551.9,239306.7,7870103507,7870103508
off,14,7,4,local_ack_timeout_err,306100.8,306695.4,306398.1,3681,3682
off,14,7,4,port_xmit_packets,306301.4,306789.7,306545.6,7870103508,7870103509
off,14,7,4,port_xmit_packets,373102.1,373591.0,373346.5,7870103509,7870103510
off,14,7,4,local_ack_timeout_err,373289.9,373886.6,373588.3,3682,3683
off,14,7,4,local_ack_timeout_err,440151.9,440747.0,440449.5,3683,3684
off,14,7,4,port_xmit_packets,440351.4,440841.8,440596.6,7870103510,7870103511
off,14,7,4,local_ack_timeout_err,507377.6,507971.8,507674.7,3684,3685
off,14,7,4,port_xmit_packets,507578.2,508065.8,507822.0,7870103511,7870103512
off,14,7,4,local_ack_timeout_err,574580.9,575191.3,574886.1,3685,3686
off,14,7,4,req_cqe_error,574580.9,575191.3,574886.1,16503,16504
off,14,7,5,port_xmit_packets,-275565.0,-275074.3,-275319.7,7870103513,7870103515
off,14,7,5,port_rcv_packets,-275472.4,-274981.9,-275227.2,2671753879,2671753881
off,14,7,5,port_xmit_packets,-84625.5,-84148.1,-84386.8,7870103515,7870103516
off,14,7,5,port_rcv_packets,-84531.9,-84055.8,-84293.8,2671753881,2671753883
off,14,7,5,port_xmit_packets,-84241.2,-83765.2,-84003.2,7870103516,7870103517
off,14,7,5,port_xmit_packets,-406.5,71.5,-167.5,7870103517,7870103518
off,14,7,5,local_ack_timeout_err,37622.4,38203.9,37913.1,3686,3687
off,14,7,5,local_ack_timeout_err,104613.3,105202.4,104907.9,3687,3688
off,14,7,5,port_xmit_packets,104811.3,105296.3,105053.8,7870103518,7870103519
off,14,7,5,local_ack_timeout_err,171583.8,172169.2,171876.5,3688,3689
off,14,7,5,port_xmit_packets,171780.9,172262.8,172021.9,7870103519,7870103520
off,14,7,5,local_ack_timeout_err,238896.1,239498.6,239197.3,3689,3690
off,14,7,5,port_xmit_packets,239098.6,239592.6,239345.6,7870103520,7870103521
off,14,7,5,local_ack_timeout_err,305849.0,306440.1,306144.5,3690,3691
off,14,7,5,port_xmit_packets,306048.7,306533.9,306291.3,7870103521,7870103522
off,14,7,5,port_xmit_packets,373039.6,373521.1,373280.4,7870103522,7870103523
off,14,7,5,local_ack_timeout_err,373226.0,373813.6,373519.8,3691,3692
off,14,7,5,local_ack_timeout_err,440240.9,440833.2,440537.0,3692,3693
off,14,7,5,port_xmit_packets,440441.4,440926.4,440683.9,7870103523,7870103524
off,14,7,5,local_ack_timeout_err,507341.5,507927.5,507634.5,3693,3694
off,14,7,5,port_xmit_packets,507538.8,508020.4,507779.6,7870103524,7870103525
off,14,7,5,local_ack_timeout_err,574284.0,574875.8,574579.9,3694,3695
off,14,7,5,req_cqe_error,574669.2,575271.4,574970.3,16504,16505
off,14,7,6,port_xmit_packets,-430.2,53.1,-188.6,7870103526,7870103527
off,14,7,6,local_ack_timeout_err,37643.4,38226.1,37934.8,3695,3696
off,14,7,6,port_xmit_packets,65075.3,65551.0,65313.2,7870103527,7870103529
off,14,7,6,port_rcv_packets,65168.0,65644.0,65406.0,2671753884,2671753886
off,14,7,6,local_ack_timeout_err,104677.4,105266.5,104971.9,3696,3697
off,14,7,6,port_xmit_packets,104875.1,105361.1,105118.1,7870103529,7870103530
off,14,7,6,port_xmit_packets,171816.9,172300.8,172058.9,7870103530,7870103531
off,14,7,6,local_ack_timeout_err,172004.6,172595.3,172299.9,3697,3698
off,14,7,6,local_ack_timeout_err,238997.9,239583.6,239290.7,3698,3699
off,14,7,6,port_xmit_packets,239195.6,239677.0,239436.3,7870103531,7870103532
off,14,7,6,port_xmit_packets,256047.0,256537.7,256292.3,7870103532,7870103534
off,14,7,6,port_rcv_packets,256139.8,256629.9,256384.9,2671753886,2671753888
off,14,7,6,local_ack_timeout_err,306008.8,306595.2,306302.0,3699,3700
off,14,7,6,port_xmit_packets,306206.4,306689.0,306447.7,7870103534,7870103535
off,14,7,6,port_xmit_packets,373160.7,373641.7,373401.2,7870103535,7870103536
off,14,7,6,local_ack_timeout_err,373346.5,373935.1,373640.8,3700,3701
off,14,7,6,local_ack_timeout_err,440250.6,440837.5,440544.1,3701,3702
off,14,7,6,port_xmit_packets,440448.0,440931.7,440689.8,7870103536,7870103537
off,14,7,6,port_xmit_packets,507413.9,507895.9,507654.9,7870103537,7870103538
off,14,7,6,local_ack_timeout_err,507600.3,508188.2,507894.3,3702,3703
off,14,7,6,local_ack_timeout_err,574527.5,575119.8,574823.7,3703,3704
off,14,7,6,req_cqe_error,574914.7,575512.9,575213.8,16505,16506
off,14,7,7,port_xmit_packets,-427.2,48.8,-189.2,7870103539,7870103540
off,14,7,7,local_ack_timeout_err,37635.5,38220.6,37928.0,3704,3705
off,14,7,7,local_ack_timeout_err,104661.4,105251.4,104956.4,3705,3706
off,14,7,7,port_xmit_packets,104859.7,105345.4,105102.5,7870103540,7870103541
off,14,7,7,port_xmit_packets,171776.5,172259.7,172018.1,7870103541,7870103542
off,14,7,7,local_ack_timeout_err,171962.5,172552.8,172257.6,3706,3707
off,14,7,7,local_ack_timeout_err,238914.3,239501.1,239207.7,3707,3708
off,14,7,7,port_xmit_packets,239112.2,239594.2,239353.2,7870103542,7870103543
off,14,7,7,port_xmit_packets,306022.4,306503.8,306263.1,7870103543,7870103544
off,14,7,7,local_ack_timeout_err,306207.6,306795.6,306501.6,3708,3709
off,14,7,7,local_ack_timeout_err,373103.0,373691.4,373397.2,3709,3710
off,14,7,7,port_xmit_packets,373300.2,373785.1,373542.6,7870103544,7870103545
off,14,7,7,port_xmit_packets,405442.1,405924.6,405683.4,7870103545,7870103547
off,14,7,7,port_rcv_packets,405535.0,406017.0,405776.0,2671753889,2671753891
off,14,7,7,port_xmit_packets,440208.1,440689.8,440449.0,7870103547,7870103548
off,14,7,7,local_ack_timeout_err,440393.9,440982.6,440688.2,3710,3711
off,14,7,7,local_ack_timeout_err,507353.6,507941.6,507647.6,3711,3712
off,14,7,7,port_xmit_packets,507551.5,508035.4,507793.4,7870103548,7870103549
off,14,7,7,local_ack_timeout_err,574650.5,575246.1,574948.3,3712,3713
off,14,7,7,req_cqe_error,574650.5,575246.1,574948.3,16506,16507
off,14,7,7,port_xmit_packets,597423.6,597919.4,597671.5,7870103549,7870103551
off,14,7,7,port_rcv_packets,597517.9,598013.2,597765.6,2671753891,2671753893
off,14,7,8,port_xmit_packets,-51.7,423.2,185.8,7870103552,7870103553
off,14,7,8,local_ack_timeout_err,37722.7,38306.0,38014.3,3713,3714
off,14,7,8,port_xmit_packets,104706.3,105189.1,104947.7,7870103553,7870103554
off,14,7,8,local_ack_timeout_err,104892.0,105487.5,105189.8,3714,3715
off,14,7,8,local_ack_timeout_err,171850.2,172440.8,172145.5,3715,3716
off,14,7,8,port_xmit_packets,172050.2,172533.7,172292.0,7870103554,7870103555
off,14,7,8,local_ack_timeout_err,238840.7,239426.0,239133.3,3716,3717
off,14,7,8,port_xmit_packets,239037.5,239520.1,239278.8,7870103555,7870103556
off,14,7,8,port_xmit_packets,306005.7,306488.0,306246.8,7870103556,7870103557
off,14,7,8,local_ack_timeout_err,306192.5,306781.1,306486.8,3717,3718
off,14,7,8,local_ack_timeout_err,373151.4,373740.0,373445.7,3718,3719
off,14,7,8,port_xmit_packets,373350.1,373833.4,373591.8,7870103557,7870103558
off,14,7,8,local_ack_timeout_err,440111.3,440696.6,440403.9,3719,3720
off,14,7,8,port_xmit_packets,440307.4,440791.3,440549.3,7870103558,7870103559
off,14,7,8,port_xmit_packets,507359.7,507843.9,507601.8,7870103559,7870103560
off,14,7,8,local_ack_timeout_err,507545.9,508137.5,507841.7,3720,3721
off,14,7,8,local_ack_timeout_err,574496.8,575090.7,574793.7,3721,3722
off,14,7,8,req_cqe_error,574884.2,575481.7,575183.0,16507,16508
off,14,7,9,port_rcv_packets,-193852.5,-193365.1,-193608.8,2671753895,2671753897
off,14,7,9,port_xmit_packets,-193563.9,-192897.6,-193230.7,7870103561,7870103563
off,14,7,9,port_rcv_packets,-1895.9,-1419.0,-1657.5,2671753897,2671753899
off,14,7,9,port_xmit_packets,-1605.4,-1129.0,-1367.2,7870103563,7870103565
off,14,7,9,port_xmit_packets,-60.2,415.4,177.6,7870103565,7870103566
off,14,7,9,local_ack_timeout_err,37372.1,37954.2,37663.2,3722,3723
off,14,7,9,local_ack_timeout_err,104365.4,104954.5,104659.9,3723,3724
off,14,7,9,port_xmit_packets,104563.0,105049.2,104806.1,7870103566,7870103567
off,14,7,9,local_ack_timeout_err,171700.2,172287.1,171993.7,3724,3725
off,14,7,9,port_xmit_packets,171898.5,172380.4,172139.4,7870103567,7870103568
off,14,7,9,local_ack_timeout_err,238601.5,239188.1,238894.8,3725,3726
off,14,7,9,port_xmit_packets,238799.4,239282.0,239040.7,7870103568,7870103569
off,14,7,9,local_ack_timeout_err,305919.5,306507.2,306213.4,3726,3727
off,14,7,9,port_xmit_packets,306118.2,306600.6,306359.4,7870103569,7870103570
off,14,7,9,local_ack_timeout_err,372959.8,373548.1,373253.9,3727,3728
off,14,7,9,port_xmit_packets,373159.3,373641.2,373400.2,7870103570,7870103571
off,14,7,9,local_ack_timeout_err,439943.1,440529.1,440236.1,3728,3729
off,14,7,9,port_xmit_packets,440140.1,440622.6,440381.4,7870103571,7870103572
off,14,7,9,port_xmit_packets,507118.2,507600.8,507359.5,7870103572,7870103573
off,14,7,9,local_ack_timeout_err,507304.7,507893.6,507599.2,3729,3730
off,14,7,9,local_ack_timeout_err,574242.7,574834.6,574538.7,3730,3731
off,14,7,9,req_cqe_error,574628.4,575227.5,574927.9,16508,16509
off,14,7,10,port_xmit_packets,-62.8,412.5,174.8,7870103574,7870103575
off,14,7,10,local_ack_timeout_err,37631.0,38214.9,37923.0,3731,3732
off,14,7,10,local_ack_timeout_err,104632.9,105227.9,104930.4,3732,3733
off,14,7,10,port_xmit_packets,104832.4,105320.7,105076.6,7870103575,7870103576
off,14,7,10,port_rcv_packets,146661.8,147147.7,146904.7,2671753900,2671753902
off,14,7,10,port_xmit_packets,146950.5,147437.5,147194.0,7870103576,7870103578
off,14,7,10,local_ack_timeout_err,171649.4,172238.7,171944.0,3733,3734
off,14,7,10,port_xmit_packets,171847.8,172332.8,172090.3,7870103578,7870103579
off,14,7,10,local_ack_timeout_err,238686.2,239275.8,238981.0,3734,3735
off,14,7,10,port_xmit_packets,238883.8,239370.5,239127.1,7870103579,7870103580
off,14,7,10,port_xmit_packets,305896.6,306378.5,306137.5,7870103580,7870103581
off,14,7,10,local_ack_timeout_err,306083.5,306671.9,306377.7,3735,3736
off,14,7,10,port_xmit_packets,338801.3,339277.7,339039.5,7870103581,7870103583
off,14,7,10,port_rcv_packets,338893.8,339370.1,339132.0,2671753902,2671753904
off,14,7,10,local_ack_timeout_err,373019.0,373606.5,373312.8,3736,3737
off,14,7,10,port_xmit_packets,373217.7,373699.5,373458.6,7870103583,7870103584
off,14,7,10,local_ack_timeout_err,439987.4,440574.3,440280.9,3737,3738
off,14,7,10,port_xmit_packets,440184.5,440668.6,440426.6,7870103584,7870103585
off,14,7,10,local_ack_timeout_err,507314.2,507901.0,507607.6,3738,3739
off,14,7,10,port_xmit_packets,507511.5,507994.1,507752.8,7870103585,7870103586
off,14,7,10,local_ack_timeout_err,574241.6,574829.1,574535.3,3739,3740
off,14,7,10,req_cqe_error,574624.6,575223.8,574924.2,16509,16510
off,8,1,1,port_xmit_packets,-221403.1,-220923.9,-221163.5,7870103587,7870103588
off,8,1,1,port_rcv_packets,-221309.4,-220830.1,-221069.8,2671753905,2671753907
off,8,1,1,port_xmit_packets,-221017.3,-220536.7,-220777.0,7870103588,7870103589
off,8,1,1,port_xmit_packets,-28262.4,-27783.3,-28022.9,7870103589,7870103591
off,8,1,1,port_rcv_packets,-28169.3,-27689.3,-27929.3,2671753907,2671753909
off,8,1,1,port_xmit_packets,-52.1,426.8,187.4,7870103591,7870103592
off,8,1,1,local_ack_timeout_err,521.0,1110.5,815.7,3740,3741
off,8,1,1,local_ack_timeout_err,1683.5,2280.2,1981.8,3741,3742
off,8,1,1,port_xmit_packets,1884.6,2374.0,2129.3,7870103592,7870103593
off,8,1,1,local_ack_timeout_err,2858.2,3462.0,3160.1,3742,3743
off,8,1,1,req_cqe_error,2858.2,3462.0,3160.1,16510,16511
off,8,1,2,port_xmit_packets,-58.1,418.1,180.0,7870103594,7870103595
off,8,1,2,local_ack_timeout_err,893.2,1476.7,1185.0,3743,3744
off,8,1,2,local_ack_timeout_err,2045.9,2639.1,2342.5,3744,3745
off,8,1,2,port_xmit_packets,2244.9,2732.2,2488.5,7870103595,7870103596
off,8,1,2,local_ack_timeout_err,3216.1,3812.3,3514.2,3745,3746
off,8,1,2,req_cqe_error,3216.1,3812.3,3514.2,16511,16512
off,8,1,3,port_xmit_packets,-426.2,51.4,-187.4,7870103597,7870103598
off,8,1,3,local_ack_timeout_err,527.1,1109.0,818.1,3746,3747
off,8,1,3,local_ack_timeout_err,1677.3,2266.5,1971.9,3747,3748
off,8,1,3,port_xmit_packets,1875.5,2360.1,2117.8,7870103598,7870103599
off,8,1,3,local_ack_timeout_err,2839.6,3435.4,3137.5,3748,3749
off,8,1,3,req_cqe_error,2839.6,3435.4,3137.5,16512,16513
off,8,2,1,port_xmit_packets,-69.0,406.3,168.7,7870103604,7870103605
off,8,2,1,local_ack_timeout_err,882.0,1464.2,1173.1,3749,3750
off,8,2,1,local_ack_timeout_err,2032.8,2622.5,2327.7,3750,3751
off,8,2,1,port_xmit_packets,2231.3,2716.1,2473.7,7870103605,7870103606
off,8,2,1,local_ack_timeout_err,3193.6,3780.5,3487.0,3751,3752
off,8,2,1,port_xmit_packets,3393.0,3873.4,3633.2,7870103606,7870103607
off,8,2,1,local_ack_timeout_err,3966.3,4554.3,4260.3,3752,3753
off,8,2,1,req_cqe_error,4353.1,4949.0,4651.0,16513,16514
off,8,2,2,port_xmit_packets,-57.4,417.9,180.2,7870103608,7870103609
off,8,2,2,local_ack_timeout_err,892.2,1473.2,1182.7,3753,3754
off,8,2,2,local_ack_timeout_err,2042.5,2633.1,2337.8,3754,3755
off,8,2,2,port_xmit_packets,2241.2,2727.1,2484.2,7870103609,7870103610
off,8,2,2,local_ack_timeout_err,3206.9,3793.5,3500.2,3755,3756
off,8,2,2,port_xmit_packets,3406.5,3886.8,3646.7,7870103610,7870103611
off,8,2,2,local_ack_timeout_err,3980.0,4564.0,4272.0,3756,3757
off,8,2,2,req_cqe_error,4364.0,4957.5,4660.7,16514,16515
off,8,2,3,port_xmit_packets,-199697.7,-199222.5,-199460.1,7870103612,7870103614
off,8,2,3,port_rcv_packets,-199604.8,-199129.2,-199367.0,2671753918,2671753920
off,8,2,3,port_xmit_packets,-6586.8,-6112.7,-6349.7,7870103614,7870103616
off,8,2,3,port_rcv_packets,-6494.3,-6020.3,-6257.3,2671753920,2671753922
off,8,2,3,port_xmit_packets,-58.1,416.8,179.3,7870103616,7870103617
off,8,2,3,local_ack_timeout_err,890.7,1474.0,1182.3,3757,3758
off,8,2,3,port_xmit_packets,1856.9,2338.8,2097.9,7870103617,7870103618
off,8,2,3,local_ack_timeout_err,2043.6,2637.0,2340.3,3758,3759
off,8,2,3,local_ack_timeout_err,2824.3,3411.9,3118.1,3759,3760
off,8,2,3,port_xmit_packets,3024.3,3506.1,3265.2,7870103618,7870103619
off,8,2,3,local_ack_timeout_err,3983.2,4576.1,4279.7,3760,3761
off,8,2,3,req_cqe_error,4371.9,4968.7,4670.3,16515,16516
off,8,5,1,port_xmit_packets,-81200.4,-80726.0,-80963.2,7870103620,7870103622
off,8,5,1,port_rcv_packets,-81107.8,-80633.1,-80870.4,2671753923,2671753925
off,8,5,1,port_xmit_packets,-59.4,415.3,177.9,7870103622,7870103623
off,8,5,1,local_ack_timeout_err,507.7,1089.9,798.8,3761,3762
off,8,5,1,local_ack_timeout_err,1657.8,2249.1,1953.5,3762,3763
off,8,5,1,port_xmit_packets,1856.5,2342.5,2099.5,7870103623,7870103624
off,8,5,1,local_ack_timeout_err,2820.3,3405.0,3112.7,3763,3764
off,8,5,1,port_xmit_packets,3020.0,3498.3,3259.2,7870103624,7870103625
off,8,5,1,port_xmit_packets,3789.3,4270.4,4029.9,7870103625,7870103626
off,8,5,1,local_ack_timeout_err,3976.1,4561.3,4268.7,3764,3765
off,8,5,1,local_ack_timeout_err,4747.1,5332.6,5039.8,3765,3766
off,8,5,1,port_xmit_packets,4946.0,5426.2,5186.1,7870103626,7870103627
off,8,5,1,local_ack_timeout_err,5903.3,6489.8,6196.5,3766,3767
off,8,5,1,port_xmit_packets,6103.4,6582.4,6342.9,7870103627,7870103628
off,8,5,1,local_ack_timeout_err,7059.0,7652.0,7355.5,3767,3768
off,8,5,1,req_cqe_error,7059.0,7652.0,7355.5,16516,16517
off,8,5,2,port_xmit_packets,-260330.4,-259854.8,-260092.6,7870103629,7870103631
off,8,5,2,port_rcv_packets,-260238.0,-259762.5,-260000.2,2671753926,2671753928
off,8,5,2,port_xmit_packets,-420.3,56.6,-181.9,7870103631,7870103632
off,8,5,2,local_ack_timeout_err,530.3,1110.4,820.3,3768,3769
off,8,5,2,local_ack_timeout_err,1677.5,2267.1,1972.3,3769,3770
off,8,5,2,port_xmit_packets,1876.0,2360.4,2118.2,7870103632,7870103633
off,8,5,2,local_ack_timeout_err,2836.8,3422.0,3129.4,3770,3771
off,8,5,2,port_xmit_packets,3036.1,3514.6,3275.4,7870103633,7870103634
off,8,5,2,local_ack_timeout_err,3607.4,4189.5,3898.4,3771,3772
off,8,5,2,port_xmit_packets,3803.9,4283.1,4043.5,7870103634,7870103635
off,8,5,2,local_ack_timeout_err,4760.0,5345.0,5052.5,3772,3773
off,8,5,2,port_xmit_packets,4958.2,5438.4,5198.3,7870103635,7870103636
off,8,5,2,local_ack_timeout_err,5913.5,6500.9,6207.2,3773,3774
off,8,5,2,port_xmit_packets,6113.3,6593.8,6353.5,7870103636,7870103637
off,8,5,2,local_ack_timeout_err,7069.5,7662.7,7366.1,3774,3775
off,8,5,2,req_cqe_error,7069.5,7662.7,7366.1,16517,16518
off,8,5,3,port_xmit_packets,-73.9,402.2,164.2,7870103638,7870103639
off,8,5,3,local_ack_timeout_err,495.1,1078.3,786.7,3775,3776
off,8,5,3,local_ack_timeout_err,1647.8,2234.6,1941.2,3776,3777
off,8,5,3,port_xmit_packets,1845.7,2330.3,2088.0,7870103639,7870103640
off,8,5,3,local_ack_timeout_err,2806.2,3394.8,3100.5,3777,3778
off,8,5,3,port_xmit_packets,3005.7,3488.3,3247.0,7870103640,7870103641
off,8,5,3,port_xmit_packets,3777.9,4257.2,4017.5,7870103641,7870103642
off,8,5,3,local_ack_timeout_err,3964.1,4547.4,4255.7,3778,3779
off,8,5,3,local_ack_timeout_err,4733.1,5316.8,5025.0,3779,3780
off,8,5,3,port_xmit_packets,4931.2,5409.5,5170.3,7870103642,7870103643
off,8,5,3,local_ack_timeout_err,5885.7,6469.7,6177.7,3780,3781
off,8,5,3,port_xmit_packets,6084.1,6562.5,6323.3,7870103643,7870103644
off,8,5,3,local_ack_timeout_err,7040.5,7634.4,7337.4,3781,3782
off,8,5,3,req_cqe_error,7040.5,7634.4,7337.4,16518,16519
off,16,7,1,port_xmit_packets,-48.0,427.5,189.8,7870103649,7870103650
off,16,7,1,local_ack_timeout_err,185345.9,185929.1,185637.5,3782,3783
off,16,7,1,port_xmit_packets,453849.8,454332.5,454091.1,7870103650,7870103651
off,16,7,1,local_ack_timeout_err,454036.0,454627.5,454331.7,3783,3784
off,16,7,1,port_xmit_packets,658661.9,659157.5,658909.7,7870103651,7870103653
off,16,7,1,port_rcv_packets,658754.5,659249.8,659002.2,2671753934,2671753936
off,16,7,1,local_ack_timeout_err,722450.2,723038.7,722744.4,3784,3785
off,16,7,1,port_xmit_packets,722651.1,723132.3,722891.7,7870103653,7870103654
off,16,7,1,port_xmit_packets,850736.9,851234.2,850985.5,7870103654,7870103656
off,16,7,1,port_rcv_packets,850830.9,851327.6,851079.2,2671753936,2671753938
off,16,7,1,local_ack_timeout_err,990896.4,991495.2,991195.8,3785,3786
off,16,7,1,port_xmit_packets,991101.8,991589.0,991345.4,7870103656,7870103657
off,16,7,1,local_ack_timeout_err,1259278.0,1259874.2,1259576.1,3786,3787
off,16,7,1,port_xmit_packets,1259479.4,1259969.2,1259724.3,7870103657,7870103658
off,16,7,1,local_ack_timeout_err,1527688.8,1528286.1,1527987.4,3787,3788
off,16,7,1,port_xmit_packets,1527890.9,1528380.2,1528135.6,7870103658,7870103659
off,16,7,1,local_ack_timeout_err,1796061.1,1796657.2,1796359.2,3788,3789
off,16,7,1,port_xmit_packets,1796262.0,1796752.4,1796507.2,7870103659,7870103660
off,16,7,1,port_xmit_packets,1938715.4,1939194.6,1938955.0,7870103660,7870103662
off,16,7,1,port_rcv_packets,1938811.0,1939287.3,1939049.1,2671753938,2671753940
off,16,7,1,local_ack_timeout_err,2064438.5,2065027.3,2064732.9,3789,3790
off,16,7,1,port_xmit_packets,2064635.3,2065122.7,2064879.0,7870103662,7870103663
off,16,7,1,port_xmit_packets,2131723.5,2132198.3,2131960.9,7870103663,7870103665
off,16,7,1,port_rcv_packets,2131815.9,2132290.9,2132053.4,2671753940,2671753942
off,16,7,1,local_ack_timeout_err,2332882.0,2333471.0,2333176.5,3790,3791
off,16,7,1,req_cqe_error,2333266.4,2333864.3,2333565.3,16519,16520
off,16,7,2,port_xmit_packets,-62.3,412.4,175.0,7870103666,7870103667
off,16,7,2,local_ack_timeout_err,171793.9,172377.8,172085.9,3791,3792
off,16,7,2,local_ack_timeout_err,440091.2,440678.7,440384.9,3792,3793
off,16,7,2,port_xmit_packets,440288.3,440773.2,440530.7,7870103667,7870103668
off,16,7,2,port_xmit_packets,521540.4,522039.5,521789.9,7870103668,7870103670
off,16,7,2,port_rcv_packets,521633.6,522132.2,521882.9,2671753943,2671753945
off,16,7,2,local_ack_timeout_err,708703.3,709292.7,708998.0,3793,3794
off,16,7,2,port_xmit_packets,708902.8,709386.5,709144.6,7870103670,7870103671
off,16,7,2,port_xmit_packets,713518.3,713994.5,713756.4,7870103671,7870103673
off,16,7,2,port_rcv_packets,713610.9,714087.1,713849.0,2671753945,2671753947
off,16,7,2,local_ack_timeout_err,977197.2,977790.0,977493.6,3794,3795
off,16,7,2,port_xmit_packets,977399.3,977882.8,977641.1,7870103673,7870103674
off,16,7,2,local_ack_timeout_err,1245365.8,1245951.6,1245658.7,3795,3796
off,16,7,2,port_xmit_packets,1245561.8,1246045.3,1245803.5,7870103674,7870103675
off,16,7,2,local_ack_timeout_err,1513907.6,1514495.4,1514201.5,3796,3797
off,16,7,2,port_xmit_packets,1514105.1,1514588.9,1514347.0,7870103675,7870103676
off,16,7,2,port_xmit_packets,1782424.8,1782908.1,1782666.4,7870103676,7870103677
off,16,7,2,local_ack_timeout_err,1782611.8,1783202.8,1782907.3,3797,3798
off,16,7,2,port_xmit_packets,1801575.1,1802050.0,1801812.5,7870103677,7870103679
off,16,7,2,port_rcv_packets,1801667.9,1802142.4,1801905.1,2671753947,2671753949
off,16,7,2,port_xmit_packets,1992559.2,1993042.3,1992800.8,7870103679,7870103681
off,16,7,2,port_rcv_packets,1992652.0,1993135.2,1992893.6,2671753949,2671753951
off,16,7,2,local_ack_timeout_err,2050967.5,2051557.1,2051262.3,3798,3799
off,16,7,2,port_xmit_packets,2051167.0,2051650.0,2051408.5,7870103681,7870103682
off,16,7,2,local_ack_timeout_err,2319233.8,2319827.6,2319530.7,3799,3800
off,16,7,2,req_cqe_error,2319620.2,2320223.5,2319921.9,16520,16521
off,16,7,3,port_xmit_packets,-56.8,417.9,180.6,7870103683,7870103684
off,16,7,3,local_ack_timeout_err,171198.0,171781.7,171489.8,3800,3801
off,16,7,3,port_xmit_packets,396625.8,397101.8,396863.8,7870103684,7870103686
off,16,7,3,port_rcv_packets,396718.7,397194.7,396956.7,2671753952,2671753954
off,16,7,3,local_ack_timeout_err,439681.8,440275.8,439978.8,3801,3802
off,16,7,3,port_xmit_packets,439881.8,440373.5,440127.7,7870103686,7870103687
off,16,7,3,port_rcv_packets,588601.7,589076.7,588839.2,2671753954,2671753955
off,16,7,3,port_xmit_packets,588891.3,589366.3,589128.8,7870103687,7870103689
off,16,7,3,port_rcv_packets,588984.2,589459.1,589221.7,2671753955,2671753956
off,16,7,3,local_ack_timeout_err,708178.8,708768.2,708473.5,3802,3803
off,16,7,3,port_xmit_packets,708376.3,708861.9,708619.1,7870103689,7870103690
off,16,7,3,port_xmit_packets,976640.9,977124.7,976882.8,7870103690,7870103691
off,16,7,3,local_ack_timeout_err,976827.0,977418.3,977122.7,3803,3804
off,16,7,3,local_ack_timeout_err,1245174.3,1245766.6,1245470.4,3804,3805
off,16,7,3,port_xmit_packets,1245374.2,1245860.3,1245617.3,7870103691,7870103692
off,16,7,3,local_ack_timeout_err,1513413.1,1514002.9,1513708.0,3805,3806
off,16,7,3,port_xmit_packets,1513611.0,1514097.2,1513854.1,7870103692,7870103693
off,16,7,3,port_xmit_packets,1676770.6,1677248.0,1677009.3,7870103693,7870103695
off,16,7,3,port_rcv_packets,1676863.5,1677341.4,1677102.4,2671753956,2671753958
off,16,7,3,local_ack_timeout_err,1781821.2,1782409.0,1782115.1,3806,3807
off,16,7,3,port_xmit_packets,1782018.6,1782502.7,1782260.7,7870103695,7870103696
off,16,7,3,port_rcv_packets,1867661.1,1868139.5,1867900.3,2671753958,2671753960
off,16,7,3,port_xmit_packets,1867953.6,1868429.7,1868191.7,7870103696,7870103698
off,16,7,3,local_ack_timeout_err,2050516.3,2051106.3,2050811.3,3807,3808
off,16,7,3,port_xmit_packets,2050716.0,2051199.7,2050957.9,7870103698,7870103699
off,16,7,3,local_ack_timeout_err,2318974.6,2319572.3,2319273.4,3808,3809
off,16,7,3,req_cqe_error,2318974.6,2319572.3,2319273.4,16521,16522
off,17,7,1,port_xmit_packets,-236757.9,-236257.0,-236507.4,7870103702,7870103704
off,17,7,1,port_rcv_packets,-236663.9,-236163.3,-236413.6,2671753963,2671753965
off,17,7,1,port_xmit_packets,-71.5,407.9,168.2,7870103704,7870103705
off,17,7,1,local_ack_timeout_err,275394.1,275977.2,275685.7,3809,3810
off,17,7,1,local_ack_timeout_err,812466.2,813056.5,812761.3,3810,3811
off,17,7,1,port_xmit_packets,812664.6,813150.2,812907.4,7870103705,7870103706
off,17,7,1,port_xmit_packets,850179.3,850665.1,850422.2,7870103706,7870103708
off,17,7,1,port_rcv_packets,850272.4,850758.2,850515.3,2671753965,2671753967
off,17,7,1,port_xmit_packets,1042083.8,1042559.8,1042321.8,7870103708,7870103710
off,17,7,1,port_rcv_packets,1042176.4,1042652.9,1042414.6,2671753967,2671753969
off,17,7,1,local_ack_timeout_err,1349274.5,1349864.9,1349569.7,3811,3812
off,17,7,1,port_xmit_packets,1349472.1,1349958.8,1349715.5,7870103710,7870103711
off,17,7,1,port_xmit_packets,1886140.6,1886623.2,1886381.9,7870103711,7870103712
off,17,7,1,local_ack_timeout_err,1886326.4,1886917.4,1886621.9,3812,3813
off,17,7,1,port_xmit_packets,2131160.0,2131634.8,2131397.4,7870103712,7870103714
off,17,7,1,port_rcv_packets,2131252.2,2131728.1,2131490.2,2671753969,2671753971
off,17,7,1,port_xmit_packets,2322159.5,2322633.3,2322396.4,7870103714,7870103716
off,17,7,1,port_rcv_packets,2322251.5,2322725.8,2322488.7,2671753971,2671753973
off,17,7,1,local_ack_timeout_err,2423187.4,2423779.4,2423483.4,3813,3814
off,17,7,1,port_xmit_packets,2423388.0,2423872.1,2423630.0,7870103716,7870103717
off,17,7,1,port_xmit_packets,2959938.0,2960421.5,2960179.7,7870103717,7870103718
off,17,7,1,local_ack_timeout_err,2960123.8,2960715.6,2960419.7,3814,3815
off,17,7,1,port_xmit_packets,3411182.9,3411664.8,3411423.9,7870103718,7870103720
off,17,7,1,port_rcv_packets,3411274.9,3411758.1,3411516.5,2671753973,2671753975
off,17,7,1,local_ack_timeout_err,3496911.9,3497501.6,3497206.7,3815,3816
off,17,7,1,port_xmit_packets,3497109.5,3497595.1,3497352.3,7870103720,7870103721
off,17,7,1,port_xmit_packets,3602167.9,3602643.1,3602405.5,7870103721,7870103723
off,17,7,1,port_rcv_packets,3602260.6,3602735.7,3602498.2,2671753975,2671753977
off,17,7,1,port_xmit_packets,4033688.6,4034170.5,4033929.5,7870103723,7870103724
off,17,7,1,local_ack_timeout_err,4033873.5,4034463.5,4034168.5,3816,3817
off,17,7,1,local_ack_timeout_err,4570718.6,4571334.0,4571026.3,3817,3818
off,17,7,1,req_cqe_error,4570718.6,4571334.0,4571026.3,16522,16523
off,17,7,2,port_rcv_packets,-245746.4,-245271.1,-245508.7,2671753978,2671753980
off,17,7,2,port_xmit_packets,-245457.0,-244980.8,-245218.9,7870103725,7870103727
off,17,7,2,port_xmit_packets,-53678.4,-53202.1,-53440.3,7870103727,7870103729
off,17,7,2,port_rcv_packets,-53585.4,-53110.0,-53347.7,2671753980,2671753982
off,17,7,2,port_xmit_packets,-82.3,392.7,155.2,7870103729,7870103730
off,17,7,2,local_ack_timeout_err,439958.1,440539.5,440248.8,3818,3819
off,17,7,2,local_ack_timeout_err,976862.6,977454.6,977158.6,3819,3820
off,17,7,2,port_xmit_packets,977060.8,977549.3,977305.1,7870103730,7870103731
off,17,7,2,port_rcv_packets,1034260.1,1034733.8,1034497.0,2671753982,2671753984
off,17,7,2,port_xmit_packets,1034549.1,1035024.2,1034786.7,7870103731,7870103733
off,17,7,2,port_xmit_packets,1227277.9,1227773.2,1227525.6,7870103733,7870103735
off,17,7,2,port_rcv_packets,1227371.6,1227866.5,1227619.1,2671753984,2671753986
off,17,7,2,local_ack_timeout_err,1513793.5,1514387.8,1514090.7,3820,3821
off,17,7,2,port_xmit_packets,1513993.1,1514482.1,1514237.6,7870103735,7870103736
off,17,7,2,local_ack_timeout_err,2050557.4,2051153.2,2050855.3,3821,3822
off,17,7,2,port_xmit_packets,2050756.9,2051248.6,2051002.8,7870103736,7870103737
off,17,7,2,port_xmit_packets,2315354.7,2315835.1,2315594.9,7870103737,7870103739
off,17,7,2,port_rcv_packets,2315447.6,2315928.0,2315687.8,2671753986,2671753988
off,17,7,2,port_xmit_packets,2507385.7,2507862.6,2507624.2,7870103739,7870103741
off,17,7,2,port_rcv_packets,2507478.4,2507955.5,2507716.9,2671753988,2671753990
off,17,7,2,local_ack_timeout_err,2587577.7,2588166.8,2587872.2,3822,3823
off,17,7,2,port_xmit_packets,2587775.8,2588260.6,2588018.2,7870103741,7870103742
off,17,7,2,port_xmit_packets,3124494.5,3124979.6,3124737.0,7870103742,7870103743
off,17,7,2,local_ack_timeout_err,3124681.3,3125274.6,3124977.9,3823,3824
off,17,7,2,port_rcv_packets,3594193.1,3594669.0,3594431.1,2671753990,2671753991
off,17,7,2,port_xmit_packets,3594483.6,3594960.0,3594721.8,7870103743,7870103745
off,17,7,2,port_rcv_packets,3594576.5,3595052.9,3594814.7,2671753991,2671753992
off,17,7,2,local_ack_timeout_err,3661372.5,3661964.0,3661668.3,3824,3825
off,17,7,2,port_xmit_packets,3661572.0,3662057.8,3661814.9,7870103745,7870103746
off,17,7,2,port_rcv_packets,3786202.9,3786680.1,3786441.5,2671753992,2671753994
off,17,7,2,port_xmit_packets,3786494.2,3786970.2,3786732.2,7870103746,7870103748
off,17,7,2,local_ack_timeout_err,4198235.6,4198825.2,4198530.4,3825,3826
off,17,7,2,port_xmit_packets,4198434.0,4198919.0,4198676.5,7870103748,7870103749
off,17,7,2,local_ack_timeout_err,4734986.0,4735573.3,4735279.6,3826,3827
off,17,7,2,req_cqe_error,4735369.7,4735970.7,4735670.2,16523,16524
off,17,7,3,port_xmit_packets,-225786.4,-225309.7,-225548.1,7870103750,7870103752
off,17,7,3,port_rcv_packets,-225693.5,-225216.9,-225455.2,2671753995,2671753997
off,17,7,3,port_xmit_packets,-33947.7,-33472.4,-33710.0,7870103752,7870103754
off,17,7,3,port_rcv_packets,-33855.1,-33379.8,-33617.5,2671753997,2671753999
off,17,7,3,port_xmit_packets,-75.7,398.9,161.6,7870103754,7870103755
off,17,7,3,local_ack_timeout_err,440073.4,440654.3,440363.9,3827,3828
off,17,7,3,local_ack_timeout_err,977007.6,977598.8,977303.2,3828,3829
off,17,7,3,port_xmit_packets,977205.2,977693.2,977449.2,7870103755,7870103756
off,17,7,3,port_xmit_packets,1054941.0,1055418.3,1055179.6,7870103756,7870103757
off,17,7,3,port_rcv_packets,1055034.0,1055510.9,1055272.5,2671753999,2671754001
off,17,7,3,port_xmit_packets,1055324.0,1055801.6,1055562.8,7870103757,7870103758
off,17,7,3,port_xmit_packets,1246208.9,1246685.1,1246447.0,7870103758,7870103760
off,17,7,3,port_rcv_packets,1246301.9,1246777.9,1246539.9,2671754001,2671754003
off,17,7,3,local_ack_timeout_err,1513960.5,1514551.5,1514256.0,3829,3830
off,17,7,3,port_xmit_packets,1514158.7,1514645.2,1514401.9,7870103760,7870103761
off,17,7,3,local_ack_timeout_err,2050766.2,2051355.7,2051060.9,3830,3831
off,17,7,3,port_xmit_packets,2050964.5,2051450.4,2051207.5,7870103761,7870103762
off,17,7,3,port_xmit_packets,2334155.7,2334630.9,2334393.3,7870103762,7870103764
off,17,7,3,port_rcv_packets,2334248.4,2334723.5,2334485.9,2671754003,2671754005
off,17,7,3,port_rcv_packets,2525967.5,2526442.9,2526205.2,2671754005,2671754007
off,17,7,3,port_xmit_packets,2526257.0,2526733.8,2526495.4,7870103764,7870103766
off,17,7,3,local_ack_timeout_err,2587704.0,2588294.0,2587999.0,3831,3832
off,17,7,3,port_xmit_packets,2587902.9,2588388.2,2588145.5,7870103766,7870103767
off,17,7,3,local_ack_timeout_err,3124730.5,3125329.5,3125030.0,3832,3833
off,17,7,3,port_xmit_packets,3124933.6,3125424.1,3125178.9,7870103767,7870103768
off,17,7,3,port_xmit_packets,3613976.0,3614455.4,3614215.7,7870103768,7870103770
off,17,7,3,port_rcv_packets,3614069.4,3614548.8,3614309.1,2671754007,2671754009
off,17,7,3,port_xmit_packets,3661517.3,3662006.7,3661762.0,7870103770,7870103771
off,17,7,3,local_ack_timeout_err,3661705.3,3662302.7,3662004.0,3833,3834
off,17,7,3,port_xmit_packets,3807010.2,3807489.6,3807249.9,7870103771,7870103773
off,17,7,3,port_rcv_packets,3807103.8,3807582.4,3807343.1,2671754009,2671754011
off,17,7,3,local_ack_timeout_err,4198475.4,4199068.3,4198771.8,3834,3835
off,17,7,3,port_xmit_packets,4198675.1,4199161.6,4198918.3,7870103773,7870103774
off,17,7,3,local_ack_timeout_err,4735309.6,4735905.1,4735607.4,3835,3836
off,17,7,3,req_cqe_error,4735699.1,4736303.5,4736001.3,16524,16525
off,18,7,1,port_xmit_packets,-67250.9,-66764.8,-67007.8,9163064621,9163064623
off,18,7,1,port_rcv_packets,-67157.7,-66671.7,-66914.7,3912592424,3912592426
off,18,7,1,port_xmit_packets,-67.8,411.9,172.1,9163064623,9163064624
off,18,7,1,port_xmit_packets,124727.5,125209.7,124968.6,9163064624,9163064626
off,18,7,1,port_rcv_packets,124821.2,125303.5,125062.3,3912592426,3912592428
off,18,7,1,local_ack_timeout_err,549936.2,550526.6,550231.4,4805,4806
off,18,7,1,port_rcv_packets,1213758.4,1214234.4,1213996.4,3912592428,3912592430
off,18,7,1,port_xmit_packets,1214048.5,1214524.1,1214286.3,9163064626,9163064628
off,18,7,1,port_xmit_packets,1405938.9,1406422.4,1406180.6,9163064628,9163064630
off,18,7,1,port_rcv_packets,1406032.1,1406515.1,1406273.6,3912592430,3912592432
off,18,7,1,local_ack_timeout_err,1623759.1,1624350.4,1624054.7,4806,4807
off,18,7,1,port_xmit_packets,1623958.6,1624443.9,1624201.2,9163064630,9163064631
off,18,7,1,port_xmit_packets,2492814.4,2493314.2,2493064.3,9163064631,9163064633
off,18,7,1,port_rcv_packets,2492907.2,2493407.0,2493157.1,3912592432,3912592434
off,18,7,1,port_xmit_packets,2684894.2,2685372.1,2685133.1,9163064633,9163064635
off,18,7,1,port_rcv_packets,2684987.4,2685465.0,2685226.2,3912592434,3912592436
off,18,7,1,local_ack_timeout_err,2697353.3,2697945.8,2697649.6,4807,4808
off,18,7,1,port_xmit_packets,2697555.1,2698040.6,2697797.8,9163064635,9163064636
off,18,7,1,local_ack_timeout_err,3771339.4,3771931.5,3771635.5,4808,4809
off,18,7,1,port_xmit_packets,3771540.3,3772024.8,3771782.6,9163064636,9163064637
off,18,7,1,port_xmit_packets,3773857.4,3774349.3,3774103.3,9163064637,9163064639
off,18,7,1,port_rcv_packets,3773950.7,3774441.7,3774196.2,3912592436,3912592438
off,18,7,1,port_rcv_packets,3964801.2,3965291.9,3965046.5,3912592438,3912592440
off,18,7,1,port_xmit_packets,3965092.7,3965582.5,3965337.6,9163064639,9163064641
off,18,7,1,local_ack_timeout_err,4844938.8,4845530.5,4845234.7,4809,4810
off,18,7,1,port_xmit_packets,4845137.4,4845624.6,4845381.0,9163064641,9163064642
off,18,7,1,port_rcv_packets,5052814.7,5053291.2,5053052.9,3912592440,3912592442
off,18,7,1,port_xmit_packets,5053105.0,5053584.0,5053344.5,9163064642,9163064644
off,18,7,1,port_xmit_packets,5244992.7,5245470.6,5245231.7,9163064644,9163064646
off,18,7,1,port_rcv_packets,5245085.8,5245564.0,5245324.9,3912592442,3912592444
off,18,7,1,local_ack_timeout_err,5918742.1,5919349.3,5919045.7,4810,4811
off,18,7,1,port_xmit_packets,5918941.5,5919443.2,5919192.4,9163064646,9163064647
off,18,7,1,port_xmit_packets,6333985.9,6334461.6,6334223.8,9163064647,9163064649
off,18,7,1,port_rcv_packets,6334078.4,6334560.6,6334319.5,3912592444,3912592446
off,18,7,1,port_xmit_packets,6525870.4,6526361.4,6526115.9,9163064649,9163064651
off,18,7,1,port_rcv_packets,6525962.8,6526454.0,6526208.4,3912592446,3912592448
off,18,7,1,port_xmit_packets,6992525.0,6993015.9,6992770.5,9163064651,9163064652
off,18,7,1,local_ack_timeout_err,6992713.4,6993312.2,6993012.8,4811,4812
off,18,7,1,port_xmit_packets,7613117.9,7613600.4,7613359.2,9163064652,9163064654
off,18,7,1,port_rcv_packets,7613211.8,7613693.8,7613452.8,3912592448,3912592450
off,18,7,1,port_xmit_packets,7805097.2,7805596.0,7805346.6,9163064654,9163064656
off,18,7,1,port_rcv_packets,7805189.7,7805688.6,7805439.2,3912592450,3912592452
off,18,7,1,local_ack_timeout_err,8066227.8,8066816.9,8066522.4,4812,4813
off,18,7,1,port_xmit_packets,8066425.0,8066911.5,8066668.2,9163064656,9163064657
off,18,7,1,port_xmit_packets,8892901.5,8893377.5,8893139.5,9163064657,9163064659
off,18,7,1,port_rcv_packets,8892994.4,8893470.7,8893232.6,3912592452,3912592454
off,18,7,1,port_rcv_packets,9084972.2,9085447.0,9085209.6,3912592454,3912592456
off,18,7,1,port_xmit_packets,9085261.9,9085737.8,9085499.9,9163064659,9163064661
off,18,7,1,local_ack_timeout_err,9140248.9,9140851.7,9140550.3,4813,4814
off,18,7,1,req_cqe_error,9140248.9,9140851.7,9140550.3,21680,21681
off,18,7,2,port_xmit_packets,-60.8,416.1,177.6,9163064662,9163064663
off,18,7,2,port_xmit_packets,667755.7,668231.4,667993.5,9163064663,9163064665
off,18,7,2,port_rcv_packets,667848.4,668324.5,668086.5,3912592457,3912592459
off,18,7,2,local_ack_timeout_err,708676.6,709260.9,708968.8,4814,4815
off,18,7,2,port_xmit_packets,859996.1,860475.1,860235.6,9163064665,9163064667
off,18,7,2,port_rcv_packets,860089.2,860568.1,860328.6,3912592459,3912592461
off,18,7,2,port_xmit_packets,1782424.2,1782907.4,1782665.8,9163064667,9163064668
off,18,7,2,local_ack_timeout_err,1782610.4,1783201.8,1782906.1,4815,4816
off,18,7,2,port_xmit_packets,1948880.3,1949359.1,1949119.7,9163064668,9163064670
off,18,7,2,port_rcv_packets,1948974.3,1949451.7,1949213.0,3912592461,3912592463
off,18,7,2,port_xmit_packets,2140934.6,2141411.1,2141172.8,9163064670,9163064672
off,18,7,2,port_rcv_packets,2141027.8,2141503.9,2141265.9,3912592463,3912592465
off,18,7,2,local_ack_timeout_err,2856211.1,2856799.3,2856505.2,4816,4817
off,18,7,2,port_xmit_packets,2856409.4,2856892.3,2856650.8,9163064672,9163064673
off,18,7,2,port_xmit_packets,3227860.7,3228341.5,3228101.1,9163064673,9163064675
off,18,7,2,port_rcv_packets,3227953.1,3228434.7,3228193.9,3912592465,3912592467
off,18,7,2,port_xmit_packets,3419991.2,3420473.8,3420232.5,9163064675,9163064677
off,18,7,2,port_rcv_packets,3420084.1,3420567.0,3420325.5,3912592467,3912592469
off,18,7,2,local_ack_timeout_err,3929943.5,3930536.4,3930240.0,4817,4818
off,18,7,2,port_xmit_packets,3930141.9,3930630.6,3930386.3,9163064677,9163064678
off,18,7,2,port_xmit_packets,4507954.4,4508437.9,4508196.2,9163064678,9163064680
off,18,7,2,port_rcv_packets,4508048.9,4508532.5,4508290.7,3912592469,3912592471
off,18,7,2,port_xmit_packets,4700041.1,4700520.7,4700280.9,9163064680,9163064682
off,18,7,2,port_rcv_packets,4700134.3,4700614.3,4700374.3,3912592471,3912592473
off,18,7,2,local_ack_timeout_err,5003736.9,5004584.2,5004160.5,4818,4819
off,18,7,2,port_xmit_packets,5003938.3,5004679.3,5004308.8,9163064682,9163064683
off,18,7,2,port_rcv_packets,5788928.0,5789406.4,5789167.2,3912592473,3912592475
off,18,7,2,port_xmit_packets,5789220.6,5789698.7,5789459.6,9163064683,9163064685
off,18,7,2,port_xmit_packets,5981085.1,5981559.8,5981322.4,9163064685,9163064687
off,18,7,2,port_rcv_packets,5981178.0,5981652.6,5981415.3,3912592475,3912592477
off,18,7,2,port_xmit_packets,6077507.7,6077992.9,6077750.3,9163064687,9163064688
off,18,7,2,local_ack_timeout_err,6077694.6,6078287.7,6077991.1,4819,4820
off,18,7,2,port_rcv_packets,7067916.9,7068393.4,7068155.1,3912592477,3912592479
off,18,7,2,port_xmit_packets,7068207.5,7068684.6,7068446.0,9163064688,9163064690
off,18,7,2,local_ack_timeout_err,7151215.9,7151805.2,7151510.5,4820,4821
off,18,7,2,port_xmit_packets,7151412.8,7151899.2,7151656.0,9163064690,9163064691
off,18,7,2,port_xmit_packets,7261096.9,7261574.1,7261335.5,9163064691,9163064693
off,18,7,2,port_rcv_packets,7261190.1,7261666.9,7261428.5,3912592479,3912592481
off,18,7,2,local_ack_timeout_err,8225120.8,8225711.0,8225415.9,4821,4822
off,18,7,2,port_xmit_packets,8225319.4,8225804.9,8225562.1,9163064693,9163064694
off,18,7,2,port_xmit_packets,8349086.7,8349561.2,8349324.0,9163064694,9163064696
off,18,7,2,port_rcv_packets,8349179.4,8349653.9,8349416.6,3912592481,3912592483
off,18,7,2,port_xmit_packets,8541104.2,8541605.4,8541354.8,9163064696,9163064698
off,18,7,2,port_rcv_packets,8541197.6,8541698.1,8541447.8,3912592483,3912592485
off,18,7,2,local_ack_timeout_err,9298949.1,9299547.0,9299248.0,4822,4823
off,18,7,2,req_cqe_error,9298949.1,9299547.0,9299248.0,21681,21682
off,20,7,1,port_xmit_packets,-68.4,406.7,169.1,9163064703,9163064704
off,20,7,1,port_rcv_packets,541719.0,542193.1,541956.1,3912592490,3912592491
off,20,7,1,port_xmit_packets,542008.4,542482.9,542245.7,9163064704,9163064706
off,20,7,1,port_rcv_packets,542100.7,542575.1,542337.9,3912592491,3912592492
off,20,7,1,port_xmit_packets,732941.5,733416.6,733179.0,9163064706,9163064708
off,20,7,1,port_rcv_packets,733034.2,733509.6,733271.9,3912592492,3912592494
off,20,7,1,port_rcv_packets,1820815.3,1821297.0,1821056.1,3912592494,3912592496
off,20,7,1,port_xmit_packets,1821109.3,1821590.4,1821349.8,9163064708,9163064710
off,20,7,1,port_rcv_packets,2013821.2,2014304.5,2014062.9,3912592496,3912592498
off,20,7,1,port_xmit_packets,2014113.0,2014596.4,2014354.7,9163064710,9163064712
off,20,7,1,port_rcv_packets,3100822.7,3101321.0,3101071.9,3912592498,3912592500
off,20,7,1,port_xmit_packets,3101112.4,3101612.1,3101362.2,9163064712,9163064714
off,20,7,1,local_ack_timeout_err,3226512.0,3227096.2,3226804.1,4823,4824
off,20,7,1,port_rcv_packets,3292847.4,3293323.0,3293085.2,3912592500,3912592502
off,20,7,1,port_xmit_packets,3293137.3,3293613.3,3293375.3,9163064714,9163064716
off,20,7,1,port_xmit_packets,4380979.7,4381455.4,4381217.5,9163064716,9163064718
off,20,7,1,port_rcv_packets,4381072.9,4381548.0,4381310.5,3912592502,3912592504
off,20,7,1,port_xmit_packets,4573976.4,4574450.9,4574213.7,9163064718,9163064720
off,20,7,1,port_rcv_packets,4574069.3,4574544.2,4574306.8,3912592504,3912592506
off,20,7,1,port_rcv_packets,5660929.2,5661403.8,5661166.5,3912592506,3912592508
off,20,7,1,port_xmit_packets,5661218.3,5661693.5,5661455.9,9163064720,9163064722
off,20,7,1,port_xmit_packets,5852906.7,5853391.4,5853149.1,9163064722,9163064724
off,20,7,1,port_rcv_packets,5853000.2,5853484.6,5853242.4,3912592508,3912592510
off,20,7,1,port_xmit_packets,6940894.4,6941372.6,6941133.5,9163064724,9163064726
off,20,7,1,port_rcv_packets,6940987.9,6941465.3,6941226.6,3912592510,3912592512
off,20,7,1,port_rcv_packets,7133970.8,7134446.5,7134208.6,3912592512,3912592514
off,20,7,1,port_xmit_packets,7134260.7,7134736.7,7134498.7,9163064726,9163064728
off,20,7,1,local_ack_timeout_err,7521624.0,7522217.1,7521920.6,4824,4825
off,20,7,1,port_xmit_packets,7521822.1,7522311.7,7522066.9,9163064728,9163064729
off,20,7,1,port_rcv_packets,8220949.0,8221446.0,8221197.5,3912592514,3912592516
off,20,7,1,port_xmit_packets,8221242.0,8221740.6,8221491.3,9163064729,9163064731
off,20,7,1,port_rcv_packets,8413986.0,8414470.6,8414228.3,3912592516,3912592518
off,20,7,1,port_xmit_packets,8414281.4,8414766.2,8414523.8,9163064731,9163064733
off,20,7,1,port_rcv_packets,9501956.1,9502433.4,9502194.8,3912592518,3912592520
off,20,7,1,port_xmit_packets,9502247.1,9502725.3,9502486.2,9163064733,9163064735
off,20,7,1,port_xmit_packets,9692977.9,9693452.9,9693215.4,9163064735,9163064737
off,20,7,1,port_rcv_packets,9693070.2,9693545.8,9693308.0,3912592520,3912592522
off,20,7,1,port_xmit_packets,10781179.4,10781655.8,10781417.6,9163064737,9163064739
off,20,7,1,port_rcv_packets,10781272.2,10781748.5,10781510.4,3912592522,3912592524
off,20,7,1,port_xmit_packets,10974047.5,10974523.4,10974285.5,9163064739,9163064741
off,20,7,1,port_rcv_packets,10974140.5,10974616.5,10974378.5,3912592524,3912592526
off,20,7,1,local_ack_timeout_err,11816624.9,11817216.2,11816920.5,4825,4826
off,20,7,1,port_xmit_packets,11816824.5,11817311.4,11817067.9,9163064741,9163064742
off,20,7,1,port_xmit_packets,12061206.1,12061680.1,12061443.1,9163064742,9163064744
off,20,7,1,port_rcv_packets,12061298.4,12061772.2,12061535.3,3912592526,3912592528
off,20,7,1,port_rcv_packets,12253072.6,12253548.8,12253310.7,3912592528,3912592530
off,20,7,1,port_xmit_packets,12253363.1,12253838.6,12253600.8,9163064744,9163064746
off,20,7,1,port_xmit_packets,13342144.1,13342630.3,13342387.2,9163064746,9163064748
off,20,7,1,port_rcv_packets,13342237.1,13342723.0,13342480.1,3912592530,3912592532
off,20,7,1,port_xmit_packets,13533168.7,13533650.2,13533409.4,9163064748,9163064750
off,20,7,1,port_rcv_packets,13533261.5,13533744.4,13533503.0,3912592532,3912592534
off,20,7,1,port_xmit_packets,14621172.0,14621656.5,14621414.3,9163064750,9163064752
off,20,7,1,port_rcv_packets,14621264.3,14621748.9,14621506.6,3912592534,3912592536
off,20,7,1,port_rcv_packets,14814079.0,14814556.1,14814317.6,3912592536,3912592538
off,20,7,1,port_xmit_packets,14814368.4,14814850.9,14814609.7,9163064752,9163064754
off,20,7,1,port_xmit_packets,15901304.2,15901781.7,15901542.9,9163064754,9163064756
off,20,7,1,port_rcv_packets,15901396.7,15901874.4,15901635.6,3912592538,3912592540
off,20,7,1,port_rcv_packets,16094147.1,16094623.2,16094385.2,3912592540,3912592542
off,20,7,1,port_xmit_packets,16094437.1,16094914.8,16094676.0,9163064756,9163064758
off,20,7,1,local_ack_timeout_err,16111853.0,16112442.8,16112147.9,4826,4827
off,20,7,1,port_xmit_packets,16112050.4,16112536.6,16112293.5,9163064758,9163064759
off,20,7,1,port_xmit_packets,17182391.8,17182875.5,17182633.6,9163064759,9163064761
off,20,7,1,port_rcv_packets,17182484.6,17182967.9,17182726.2,3912592542,3912592544
off,20,7,1,port_rcv_packets,17374194.5,17374674.4,17374434.5,3912592544,3912592546
off,20,7,1,port_xmit_packets,17374485.9,17374964.7,17374725.3,9163064761,9163064763
off,20,7,1,port_xmit_packets,18462230.7,18462722.5,18462476.6,9163064763,9163064765
off,20,7,1,port_rcv_packets,18462323.2,18462814.8,18462569.0,3912592546,3912592548
off,20,7,1,port_xmit_packets,18654220.3,18654719.2,18654469.8,9163064765,9163064767
off,20,7,1,port_rcv_packets,18654312.7,18654812.3,18654562.5,3912592548,3912592550
off,20,7,1,port_xmit_packets,19741258.9,19741757.8,19741508.4,9163064767,9163064769
off,20,7,1,port_rcv_packets,19741351.7,19741850.5,19741601.1,3912592550,3912592552
off,20,7,1,port_xmit_packets,19933437.0,19933914.0,19933675.5,9163064769,9163064771
off,20,7,1,port_rcv_packets,19933530.0,19934006.6,19933768.3,3912592552,3912592554
off,20,7,1,local_ack_timeout_err,20406795.3,20407387.0,20407091.2,4827,4828
off,20,7,1,port_xmit_packets,20406995.7,20407481.6,20407238.7,9163064771,9163064772
off,20,7,1,port_xmit_packets,21022364.0,21022839.0,21022601.5,9163064772,9163064774
off,20,7,1,port_rcv_packets,21022456.8,21022931.4,21022694.1,3912592554,3912592556
off,20,7,1,port_xmit_packets,21214475.5,21214951.4,21214713.4,9163064774,9163064776
off,20,7,1,port_rcv_packets,21214568.5,21215044.3,21214806.4,3912592556,3912592558
off,20,7,1,port_xmit_packets,22301483.4,22301963.3,22301723.3,9163064776,9163064778
off,20,7,1,port_rcv_packets,22301576.8,22302057.9,22301817.3,3912592558,3912592560
off,20,7,1,port_xmit_packets,22493289.2,22493770.6,22493529.9,9163064778,9163064780
off,20,7,1,port_rcv_packets,22493382.3,22493864.4,22493623.3,3912592560,3912592562
off,20,7,1,port_xmit_packets,23581323.1,23581799.4,23581561.2,9163064780,9163064782
off,20,7,1,port_rcv_packets,23581415.6,23581892.5,23581654.0,3912592562,3912592564
off,20,7,1,port_xmit_packets,23773545.6,23774035.0,23773790.3,9163064782,9163064784
off,20,7,1,port_rcv_packets,23773638.7,23774127.9,23773883.3,3912592564,3912592566
off,20,7,1,local_ack_timeout_err,24702123.4,24702715.4,24702419.4,4828,4829
off,20,7,1,port_xmit_packets,24702322.6,24702809.0,24702565.8,9163064784,9163064785
off,20,7,1,port_rcv_packets,24861411.1,24861888.4,24861649.8,3912592566,3912592568
off,20,7,1,port_xmit_packets,24861702.1,24862181.1,24861941.6,9163064785,9163064787
off,20,7,1,port_xmit_packets,25053352.0,25053828.0,25053590.0,9163064787,9163064789
off,20,7,1,port_rcv_packets,25053444.8,25053921.0,25053682.9,3912592568,3912592570
off,20,7,1,port_xmit_packets,26142366.3,26142844.1,26142605.2,9163064789,9163064790
off,20,7,1,port_rcv_packets,26142459.4,26142937.1,26142698.3,3912592570,3912592572
off,20,7,1,port_xmit_packets,26142750.6,26143229.2,26142989.9,9163064790,9163064791
off,20,7,1,port_xmit_packets,26334604.2,26335080.5,26334842.4,9163064791,9163064793
off,20,7,1,port_rcv_packets,26334697.2,26335173.2,26334935.2,3912592572,3912592574
off,20,7,1,port_xmit_packets,27422479.4,27422956.7,27422718.1,9163064793,9163064795
off,20,7,1,port_rcv_packets,27422572.4,27423049.1,27422810.8,3912592574,3912592576
off,20,7,1,port_rcv_packets,27613403.6,27613879.4,27613641.5,3912592576,3912592578
off,20,7,1,port_xmit_packets,27613693.5,27614170.2,27613931.9,9163064795,9163064797
off,20,7,1,port_xmit_packets,28702662.8,28703139.9,28702901.3,9163064797,9163064799
off,20,7,1,port_rcv_packets,28702755.3,28703232.6,28702994.0,3912592578,3912592580
off,20,7,1,port_xmit_packets,28894588.6,28895067.9,28894828.2,9163064799,9163064801
off,20,7,1,port_rcv_packets,28894681.5,28895160.9,28894921.2,3912592580,3912592582
off,20,7,1,port_xmit_packets,28997075.4,28997564.8,28997320.1,9163064801,9163064802
off,20,7,1,local_ack_timeout_err,28997264.1,28997862.6,28997563.3,4829,4830
off,20,7,1,port_xmit_packets,29981559.4,29982051.4,29981805.4,9163064802,9163064804
off,20,7,1,port_rcv_packets,29981651.7,29982144.0,29981897.8,3912592582,3912592584
off,20,7,1,port_rcv_packets,30174531.5,30175007.8,30174769.7,3912592584,3912592586
off,20,7,1,port_xmit_packets,30174822.3,30175297.9,30175060.1,9163064804,9163064806
off,20,7,1,port_xmit_packets,31262644.9,31263120.9,31262882.9,9163064806,9163064808
off,20,7,1,port_rcv_packets,31262737.5,31263213.7,31262975.6,3912592586,3912592588
off,20,7,1,port_xmit_packets,31454505.4,31454981.6,31454743.5,9163064808,9163064810
off,20,7,1,port_rcv_packets,31454598.0,31455073.9,31454836.0,3912592588,3912592590
off,20,7,1,port_xmit_packets,32541795.7,32542271.5,32542033.6,9163064810,9163064812
off,20,7,1,port_rcv_packets,32541888.3,32542364.0,32542126.2,3912592590,3912592592
off,20,7,1,port_xmit_packets,32733773.1,32734262.5,32734017.8,9163064812,9163064814
off,20,7,1,port_rcv_packets,32733865.7,32734355.0,32734110.4,3912592592,3912592594
off,20,7,1,local_ack_timeout_err,33292284.2,33292875.6,33292579.9,4830,4831
off,20,7,1,port_xmit_packets,33292483.5,33292969.3,33292726.4,9163064814,9163064815
off,20,7,1,port_rcv_packets,33821612.4,33822104.6,33821858.5,3912592594,3912592596
off,20,7,1,port_xmit_packets,33821902.0,33822396.2,33822149.1,9163064815,9163064817
off,20,7,1,port_xmit_packets,34014696.6,34015172.5,34014934.6,9163064817,9163064819
off,20,7,1,port_rcv_packets,34014789.4,34015265.3,34015027.4,3912592596,3912592598
off,20,7,1,port_rcv_packets,35101657.9,35102138.4,35101898.2,3912592598,3912592600
off,20,7,1,port_xmit_packets,35101949.2,35102429.3,35102189.2,9163064819,9163064821
off,20,7,1,port_xmit_packets,35294606.2,35295083.0,35294844.6,9163064821,9163064823
off,20,7,1,port_rcv_packets,35294699.2,35295175.9,35294937.5,3912592600,3912592602
off,20,7,1,port_xmit_packets,36382786.6,36383266.8,36383026.7,9163064823,9163064825
off,20,7,1,port_rcv_packets,36382880.1,36383360.3,36383120.2,3912592602,3912592604
off,20,7,1,port_xmit_packets,36573855.6,36574337.5,36574096.6,9163064825,9163064827
off,20,7,1,port_rcv_packets,36573950.0,36574431.0,36574190.5,3912592604,3912592606
off,20,7,1,local_ack_timeout_err,37587272.6,37587869.5,37587571.0,4831,4832
off,20,7,1,req_cqe_error,37587661.9,37588267.7,37587964.8,21682,21683
off,20,7,2,port_rcv_packets,-291424.9,-290926.8,-291175.9,3912592607,3912592609
off,20,7,2,port_xmit_packets,-291135.8,-290635.4,-290885.6,9163064828,9163064830
off,20,7,2,port_xmit_packets,-98370.9,-97872.9,-98121.9,9163064830,9163064832
off,20,7,2,port_rcv_packets,-98277.3,-97780.0,-98028.6,3912592609,3912592611
off,20,7,2,port_xmit_packets,-71.9,405.1,166.6,9163064832,9163064833
off,20,7,2,port_xmit_packets,989718.8,990196.9,989957.8,9163064833,9163064835
off,20,7,2,port_rcv_packets,989811.8,990289.6,990050.7,3912592611,3912592613
off,20,7,2,port_rcv_packets,1180592.7,1181068.6,1180830.7,3912592613,3912592615
off,20,7,2,port_xmit_packets,1180883.1,1181358.3,1181120.7,9163064835,9163064837
off,20,7,2,port_xmit_packets,2268766.4,2269242.2,2269004.3,9163064837,9163064839
off,20,7,2,port_rcv_packets,2268859.3,2269334.7,2269097.0,3912592615,3912592617
off,20,7,2,port_xmit_packets,2460709.8,2461188.3,2460949.0,9163064839,9163064841
off,20,7,2,port_rcv_packets,2460802.3,2461280.6,2461041.5,3912592617,3912592619
off,20,7,2,port_xmit_packets,3548814.8,3549307.5,3549061.1,9163064841,9163064843
off,20,7,2,port_rcv_packets,3548907.5,3549401.0,3549154.3,3912592619,3912592621
off,20,7,2,port_rcv_packets,3740683.0,3741169.9,3740926.4,3912592621,3912592623
off,20,7,2,port_xmit_packets,3740972.0,3741460.5,3741216.2,9163064843,9163064845
off,20,7,2,local_ack_timeout_err,3929245.4,3929829.5,3929537.5,4832,4833
off,20,7,2,port_xmit_packets,4828935.7,4829412.5,4829174.1,9163064845,9163064847
off,20,7,2,port_rcv_packets,4829028.8,4829505.4,4829267.1,3912592623,3912592625
off,20,7,2,port_xmit_packets,5020682.2,5021161.7,5020921.9,9163064847,9163064849
off,20,7,2,port_rcv_packets,5020775.9,5021255.1,5021015.5,3912592625,3912592627
off,20,7,2,port_xmit_packets,6108960.3,6109437.1,6109198.7,9163064849,9163064851
off,20,7,2,port_rcv_packets,6109053.0,6109529.7,6109291.4,3912592627,3912592629
off,20,7,2,port_rcv_packets,6300738.7,6301230.3,6300984.5,3912592629,3912592631
off,20,7,2,port_xmit_packets,6301029.4,6301521.1,6301275.3,9163064851,9163064853
off,20,7,2,port_xmit_packets,7388779.5,7389266.2,7389022.9,9163064853,9163064855
off,20,7,2,port_rcv_packets,7388872.5,7389358.5,7389115.5,3912592631,3912592633
off,20,7,2,port_rcv_packets,7581768.3,7582257.4,7582012.8,3912592633,3912592635
off,20,7,2,port_xmit_packets,7582065.3,7582547.5,7582306.4,9163064855,9163064857
off,20,7,2,local_ack_timeout_err,8224400.5,8224994.6,8224697.5,4833,4834
off,20,7,2,port_xmit_packets,8224599.9,8225088.0,8224844.0,9163064857,9163064858
off,20,7,2,port_rcv_packets,8669803.1,8670287.6,8670045.4,3912592635,3912592637
off,20,7,2,port_xmit_packets,8670093.1,8670579.4,8670336.3,9163064858,9163064860
off,20,7,2,port_xmit_packets,8860798.6,8861289.4,8861044.0,9163064860,9163064862
off,20,7,2,port_rcv_packets,8860891.3,8861382.7,8861137.0,3912592637,3912592639
off,20,7,2,port_xmit_packets,9948868.0,9949363.0,9949115.5,9163064862,9163064864
off,20,7,2,port_rcv_packets,9948960.7,9949456.1,9949208.4,3912592639,3912592641
off,20,7,2,port_xmit_packets,10140927.9,10141402.8,10141165.3,9163064864,9163064866
off,20,7,2,port_rcv_packets,10141020.6,10141495.6,10141258.1,3912592641,3912592643
off,20,7,2,port_rcv_packets,11228820.4,11229295.5,11229057.9,3912592643,3912592645
off,20,7,2,port_xmit_packets,11229109.3,11229586.8,11229348.0,9163064866,9163064868
off,20,7,2,port_xmit_packets,11420827.4,11421302.8,11421065.1,9163064868,9163064870
off,20,7,2,port_rcv_packets,11420919.9,11421395.1,11421157.5,3912592645,3912592647
off,20,7,2,port_rcv_packets,12508852.6,12509331.6,12509092.1,3912592647,3912592649
off,20,7,2,port_xmit_packets,12509145.2,12509624.9,12509385.0,9163064870,9163064872
off,20,7,2,local_ack_timeout_err,12519364.9,12519959.0,12519661.9,4834,4835
off,20,7,2,port_xmit_packets,12519563.3,12520054.0,12519808.7,9163064872,9163064873
off,20,7,2,port_xmit_packets,12701021.6,12701500.5,12701261.0,9163064873,9163064875
off,20,7,2,port_rcv_packets,12701115.1,12701593.8,12701354.4,3912592649,3912592651
off,20,7,2,port_rcv_packets,13789890.9,13790365.8,13790128.4,3912592651,3912592653
off,20,7,2,port_xmit_packets,13790181.0,13790656.5,13790418.8,9163064875,9163064877
off,20,7,2,port_xmit_packets,13981945.2,13982421.7,13982183.4,9163064877,9163064879
off,20,7,2,port_rcv_packets,13982038.3,13982514.2,13982276.3,3912592653,3912592655
off,20,7,2,port_xmit_packets,15070012.5,15070487.4,15070250.0,9163064879,9163064881
off,20,7,2,port_rcv_packets,15070105.1,15070580.0,15070342.5,3912592655,3912592657
off,20,7,2,port_xmit_packets,15261064.3,15261546.7,15261305.5,9163064881,9163064883
off,20,7,2,port_rcv_packets,15261157.5,15261639.7,15261398.6,3912592657,3912592659
off,20,7,2,port_xmit_packets,16349036.5,16349512.5,16349274.5,9163064883,9163064885
off,20,7,2,port_rcv_packets,16349129.5,16349605.1,16349367.3,3912592659,3912592661
off,20,7,2,port_xmit_packets,16542029.3,16542504.1,16542266.7,9163064885,9163064887
off,20,7,2,port_rcv_packets,16542122.5,16542597.1,16542359.8,3912592661,3912592663
off,20,7,2,local_ack_timeout_err,16814488.0,16815077.1,16814782.6,4835,4836
off,20,7,2,port_xmit_packets,16814685.9,16815171.1,16814928.5,9163064887,9163064888
off,20,7,2,port_xmit_packets,17630147.6,17630622.8,17630385.2,9163064888,9163064890
off,20,7,2,port_rcv_packets,17630240.1,17630715.5,17630477.8,3912592663,3912592665
off,20,7,2,port_xmit_packets,17822112.4,17822595.5,17822353.9,9163064890,9163064892
off,20,7,2,port_rcv_packets,17822205.3,17822688.2,17822446.7,3912592665,3912592667
off,20,7,2,port_rcv_packets,18908974.3,18909454.2,18909214.2,3912592667,3912592669
off,20,7,2,port_xmit_packets,18909266.3,18909748.8,18909507.5,9163064892,9163064894
off,20,7,2,port_xmit_packets,19101204.0,19101693.5,19101448.7,9163064894,9163064896
off,20,7,2,port_rcv_packets,19101297.9,19101787.2,19101542.5,3912592669,3912592671
off,20,7,2,port_rcv_packets,20189028.8,20189518.7,20189273.8,3912592671,3912592673
off,20,7,2,port_xmit_packets,20189318.5,20189811.2,20189564.9,9163064896,9163064898
off,20,7,2,port_rcv_packets,20382005.7,20382480.9,20382243.3,3912592673,3912592675
off,20,7,2,port_xmit_packets,20382295.8,20382772.2,20382534.0,9163064898,9163064900
off,20,7,2,local_ack_timeout_err,21109529.3,21110119.7,21109824.5,4836,4837
off,20,7,2,port_xmit_packets,21109727.5,21110213.5,21109970.5,9163064900,9163064901
off,20,7,2,port_rcv_packets,21469006.2,21469483.0,21469244.6,3912592675,3912592676
off,20,7,2,port_xmit_packets,21469296.7,21469774.6,21469535.6,9163064901,9163064903
off,20,7,2,port_rcv_packets,21469389.6,21469867.3,21469628.5,3912592676,3912592677
off,20,7,2,port_xmit_packets,21661123.2,21661598.6,21661360.9,9163064903,9163064905
off,20,7,2,port_rcv_packets,21661215.9,21661691.2,21661453.5,3912592677,3912592679
off,20,7,2,port_xmit_packets,22749072.6,22749546.9,22749309.8,9163064905,9163064907
off,20,7,2,port_rcv_packets,22749165.3,22749639.6,22749402.4,3912592679,3912592681
off,20,7,2,port_rcv_packets,22942082.8,22942573.8,22942328.3,3912592681,3912592683
off,20,7,2,port_xmit_packets,22942373.1,22942863.9,22942618.5,9163064907,9163064909
off,20,7,2,port_rcv_packets,24029056.6,24029532.5,24029294.6,3912592683,3912592684
off,20,7,2,port_xmit_packets,24029346.2,24029823.6,24029584.9,9163064909,9163064911
off,20,7,2,port_rcv_packets,24029439.4,24029916.2,24029677.8,3912592684,3912592685
off,20,7,2,port_xmit_packets,24221112.8,24221605.3,24221359.1,9163064911,9163064913
off,20,7,2,port_rcv_packets,24221205.2,24221698.4,24221451.8,3912592685,3912592687
off,20,7,2,port_xmit_packets,25310266.4,25310763.1,25310514.7,9163064913,9163064915
off,20,7,2,port_rcv_packets,25310358.8,25310855.8,25310607.3,3912592687,3912592689
off,20,7,2,local_ack_timeout_err,25404641.2,25405231.3,25404936.3,4837,4838
off,20,7,2,port_xmit_packets,25404839.7,25405325.4,25405082.6,9163064915,9163064916
off,20,7,2,port_xmit_packets,25501340.9,25501828.6,25501584.7,9163064916,9163064918
off,20,7,2,port_rcv_packets,25501433.3,25501921.2,25501677.2,3912592689,3912592691
off,20,7,2,port_xmit_packets,26589162.5,26589666.7,26589414.6,9163064918,9163064920
off,20,7,2,port_rcv_packets,26589256.2,26589760.1,26589508.1,3912592691,3912592693
off,20,7,2,port_xmit_packets,26782276.3,26782757.4,26782516.9,9163064920,9163064922
off,20,7,2,port_rcv_packets,26782370.8,26782850.9,26782610.9,3912592693,3912592695
off,20,7,2,port_rcv_packets,27869156.6,27869631.9,27869394.3,3912592695,3912592697
off,20,7,2,port_xmit_packets,27869446.6,27869942.8,27869694.7,9163064922,9163064924
off,20,7,2,port_xmit_packets,28062368.6,28062843.7,28062606.1,9163064924,9163064926
off,20,7,2,port_rcv_packets,28062460.9,28062936.3,28062698.6,3912592697,3912592699
off,20,7,2,port_xmit_packets,29150179.6,29150655.0,29150417.3,9163064926,9163064927
off,20,7,2,port_rcv_packets,29150272.0,29150747.1,29150509.5,3912592699,3912592701
off,20,7,2,port_xmit_packets,29150562.0,29151036.2,29150799.1,9163064927,9163064928
off,20,7,2,port_rcv_packets,29341209.5,29341683.6,29341446.5,3912592701,3912592703
off,20,7,2,port_xmit_packets,29341498.6,29341973.3,29341735.9,9163064928,9163064930
off,20,7,2,local_ack_timeout_err,29699696.8,29700289.6,29699993.2,4838,4839
off,20,7,2,port_xmit_packets,29699895.4,29700383.1,29700139.2,9163064930,9163064931
off,20,7,2,port_xmit_packets,30430457.7,30430933.0,30430695.4,9163064931,9163064933
off,20,7,2,port_rcv_packets,30430550.3,30431025.1,30430787.7,3912592703,3912592705
off,20,7,2,port_xmit_packets,30622402.0,30622880.9,30622641.5,9163064933,9163064935
off,20,7,2,port_rcv_packets,30622494.5,30622973.6,30622734.0,3912592705,3912592707
off,20,7,2,port_xmit_packets,31709349.6,31709827.1,31709588.4,9163064935,9163064937
off,20,7,2,port_rcv_packets,31709442.8,31709919.7,31709681.2,3912592707,3912592709
off,20,7,2,port_xmit_packets,31902362.4,31902838.3,31902600.4,9163064937,9163064939
off,20,7,2,port_rcv_packets,31902455.1,31902931.1,31902693.1,3912592709,3912592711
off,20,7,2,port_xmit_packets,32989339.5,32989835.3,32989587.4,9163064939,9163064941
off,20,7,2,port_rcv_packets,32989432.8,32989929.0,32989680.9,3912592711,3912592713
off,20,7,2,port_xmit_packets,33181257.9,33181737.1,33181497.5,9163064941,9163064943
off,20,7,2,port_rcv_packets,33181351.4,33181830.0,33181590.7,3912592713,3912592715
off,20,7,2,local_ack_timeout_err,33994947.2,33995539.3,33995243.3,4839,4840
off,20,7,2,port_xmit_packets,33995147.2,33995632.2,33995389.7,9163064943,9163064944
off,20,7,2,port_xmit_packets,34269456.9,34269943.2,34269700.1,9163064944,9163064946
off,20,7,2,port_rcv_packets,34269550.0,34270036.4,34269793.2,3912592715,3912592717
off,20,7,2,port_xmit_packets,34461546.1,34462025.5,34461785.8,9163064946,9163064948
off,20,7,2,port_rcv_packets,34461641.8,34462118.5,34461880.1,3912592717,3912592719
off,20,7,2,port_xmit_packets,35549318.9,35549795.6,35549557.3,9163064948,9163064950
off,20,7,2,port_rcv_packets,35549411.9,35549888.3,35549650.1,3912592719,3912592721
off,20,7,2,port_rcv_packets,35741373.1,35741849.2,35741611.1,3912592721,3912592723
off,20,7,2,port_xmit_packets,35741663.0,35742139.2,35741901.1,9163064950,9163064952
off,20,7,2,port_rcv_packets,36830378.3,36830863.0,36830620.7,3912592723,3912592725
off,20,7,2,port_xmit_packets,36830667.5,36831153.1,36830910.3,9163064952,9163064954
off,20,7,2,port_xmit_packets,37021593.3,37022068.7,37021831.0,9163064954,9163064956
off,20,7,2,port_rcv_packets,37021686.1,37022161.2,37021923.7,3912592725,3912592727
off,20,7,2,port_xmit_packets,38109428.6,38109904.7,38109666.6,9163064956,9163064958
off,20,7,2,port_rcv_packets,38109521.5,38109997.6,38109759.5,3912592727,3912592729
off,20,7,2,local_ack_timeout_err,38289821.9,38290413.8,38290117.9,4840,4841
off,20,7,2,req_cqe_error,38290207.1,38290811.2,38290509.1,21683,21684
off,20,7,2,port_xmit_packets,38301345.3,38301827.8,38301586.5,9163064958,9163064959
off,20,7,2,port_rcv_packets,38301439.7,38301921.7,38301680.7,3912592729,3912592731
off,20,7,2,port_xmit_packets,38301732.5,38302217.1,38301974.8,9163064959,9163064960
