side,counter,before,after,delta
# LOC_PROT_PERM,trial=0,status=4,vendor_err=0x33,latency_us=1576
client,local_ack_timeout_err,0,0,0
client,out_of_sequence,0,0,0
client,packet_seq_err,0,0,0
client,implied_nak_seq_err,0,0,0
client,rnr_nak_retry_err,100,100,0
client,req_cqe_error,1142,1143,1
client,resp_cqe_error,0,0,0
client,req_cqe_flush_error,0,0,0
client,resp_cqe_flush_error,0,0,0
client,req_remote_invalid_request,100,100,0
client,req_remote_access_errors,290,290,0
client,resp_remote_access_errors,0,0,0
client,resp_local_length_error,0,0,0
client,duplicate_request,0,0,0
client,out_of_buffer,0,0,0
client,rx_icrc_encapsulated,0,0,0
client,req_transport_retries_exceeded,0,0,0
client,req_rnr_retries_exceeded,100,100,0
client,roce_adp_retrans,114,114,0
client,roce_adp_retrans_to,0,0,0
client,roce_slow_restart,0,0,0
client,port_rcv_errors,0,0,0
client,local_link_integrity_errors,0,0,0
client,link_error_recovery,0,0,0
client,link_downed,0,0,0
server,duplicate_request,0,0,0
server,implied_nak_seq_err,0,0,0
server,lifespan,10,10,0
server,local_ack_timeout_err,0,0,0
server,np_cnp_sent,1,1,0
server,np_ecn_marked_roce_packets,0,0,0
server,out_of_buffer,883,883,0
server,out_of_sequence,1,1,0
server,packet_seq_err,0,0,0
server,req_cqe_error,50,50,0
server,req_cqe_flush_error,0,0,0
server,req_remote_access_errors,10,10,0
server,req_remote_invalid_request,10,10,0
server,req_rnr_retries_exceeded,0,0,0
server,req_transport_retries_exceeded,0,0,0
server,resp_cqe_error,0,0,0
server,resp_cqe_flush_error,0,0,0
server,resp_local_length_error,0,0,0
server,resp_remote_access_errors,0,0,0
server,rnr_nak_retry_err,0,0,0
server,roce_adp_retrans,0,0,0
server,roce_adp_retrans_to,0,0,0
server,roce_slow_restart,0,0,0
server,roce_slow_restart_cnps,0,0,0
server,roce_slow_restart_trans,0,0,0
server,rp_cnp_handled,0,0,0
server,rp_cnp_ignored,0,0,0
server,rx_atomic_requests,0,0,0
server,rx_dct_connect,0,0,0
server,rx_icrc_encapsulated,0,0,0
server,rx_read_requests,174,175,1
server,rx_write_requests,1606999265,1606999265,0
# LOC_PROT_PERM,trial=1,status=4,vendor_err=0x33,latency_us=1523
client,local_ack_timeout_err,0,0,0
client,out_of_sequence,0,0,0
client,packet_seq_err,0,0,0
client,implied_nak_seq_err,0,0,0
client,rnr_nak_retry_err,100,100,0
client,req_cqe_error,1143,1144,1
client,resp_cqe_error,0,0,0
client,req_cqe_flush_error,0,0,0
client,resp_cqe_flush_error,0,0,0
client,req_remote_invalid_request,100,100,0
client,req_remote_access_errors,290,290,0
client,resp_remote_access_errors,0,0,0
client,resp_local_length_error,0,0,0
client,duplicate_request,0,0,0
client,out_of_buffer,0,0,0
client,rx_icrc_encapsulated,0,0,0
client,req_transport_retries_exceeded,0,0,0
client,req_rnr_retries_exceeded,100,100,0
client,roce_adp_retrans,114,114,0
client,roce_adp_retrans_to,0,0,0
client,roce_slow_restart,0,0,0
client,port_rcv_errors,0,0,0
client,local_link_integrity_errors,0,0,0
client,link_error_recovery,0,0,0
client,link_downed,0,0,0
server,duplicate_request,0,0,0
server,implied_nak_seq_err,0,0,0
server,lifespan,10,10,0
server,local_ack_timeout_err,0,0,0
server,np_cnp_sent,1,1,0
server,np_ecn_marked_roce_packets,0,0,0
server,out_of_buffer,883,883,0
server,out_of_sequence,1,1,0
server,packet_seq_err,0,0,0
server,req_cqe_error,50,50,0
server,req_cqe_flush_error,0,0,0
server,req_remote_access_errors,10,10,0
server,req_remote_invalid_request,10,10,0
server,req_rnr_retries_exceeded,0,0,0
server,req_transport_retries_exceeded,0,0,0
server,resp_cqe_error,0,0,0
server,resp_cqe_flush_error,0,0,0
server,resp_local_length_error,0,0,0
server,resp_remote_access_errors,0,0,0
server,rnr_nak_retry_err,0,0,0
server,roce_adp_retrans,0,0,0
server,roce_adp_retrans_to,0,0,0
server,roce_slow_restart,0,0,0
server,roce_slow_restart_cnps,0,0,0
server,roce_slow_restart_trans,0,0,0
server,rp_cnp_handled,0,0,0
server,rp_cnp_ignored,0,0,0
server,rx_atomic_requests,0,0,0
server,rx_dct_connect,0,0,0
server,rx_icrc_encapsulated,0,0,0
server,rx_read_requests,175,176,1
server,rx_write_requests,1606999266,1606999266,0
# LOC_PROT_PERM,trial=2,status=4,vendor_err=0x33,latency_us=1521
client,local_ack_timeout_err,0,0,0
client,out_of_sequence,0,0,0
client,packet_seq_err,0,0,0
client,implied_nak_seq_err,0,0,0
client,rnr_nak_retry_err,100,100,0
client,req_cqe_error,1144,1145,1
client,resp_cqe_error,0,0,0
client,req_cqe_flush_error,0,0,0
client,resp_cqe_flush_error,0,0,0
client,req_remote_invalid_request,100,100,0
client,req_remote_access_errors,290,290,0
client,resp_remote_access_errors,0,0,0
client,resp_local_length_error,0,0,0
client,duplicate_request,0,0,0
client,out_of_buffer,0,0,0
client,rx_icrc_encapsulated,0,0,0
client,req_transport_retries_exceeded,0,0,0
client,req_rnr_retries_exceeded,100,100,0
client,roce_adp_retrans,114,114,0
client,roce_adp_retrans_to,0,0,0
client,roce_slow_restart,0,0,0
client,port_rcv_errors,0,0,0
client,local_link_integrity_errors,0,0,0
client,link_error_recovery,0,0,0
client,link_downed,0,0,0
server,duplicate_request,0,0,0
server,implied_nak_seq_err,0,0,0
server,lifespan,10,10,0
server,local_ack_timeout_err,0,0,0
server,np_cnp_sent,1,1,0
server,np_ecn_marked_roce_packets,0,0,0
server,out_of_buffer,883,883,0
server,out_of_sequence,1,1,0
server,packet_seq_err,0,0,0
server,req_cqe_error,50,50,0
server,req_cqe_flush_error,0,0,0
server,req_remote_access_errors,10,10,0
server,req_remote_invalid_request,10,10,0
server,req_rnr_retries_exceeded,0,0,0
server,req_transport_retries_exceeded,0,0,0
server,resp_cqe_error,0,0,0
server,resp_cqe_flush_error,0,0,0
server,resp_local_length_error,0,0,0
server,resp_remote_access_errors,0,0,0
server,rnr_nak_retry_err,0,0,0
server,roce_adp_retrans,0,0,0
server,roce_adp_retrans_to,0,0,0
server,roce_slow_restart,0,0,0
server,roce_slow_restart_cnps,0,0,0
server,roce_slow_restart_trans,0,0,0
server,rp_cnp_handled,0,0,0
server,rp_cnp_ignored,0,0,0
server,rx_atomic_requests,0,0,0
server,rx_dct_connect,0,0,0
server,rx_icrc_encapsulated,0,0,0
server,rx_read_requests,176,177,1
server,rx_write_requests,1606999267,1606999267,0
# LOC_PROT_PERM,trial=3,status=4,vendor_err=0x33,latency_us=1525
client,local_ack_timeout_err,0,0,0
client,out_of_sequence,0,0,0
client,packet_seq_err,0,0,0
client,implied_nak_seq_err,0,0,0
client,rnr_nak_retry_err,100,100,0
client,req_cqe_error,1145,1146,1
client,resp_cqe_error,0,0,0
client,req_cqe_flush_error,0,0,0
client,resp_cqe_flush_error,0,0,0
client,req_remote_invalid_request,100,100,0
client,req_remote_access_errors,290,290,0
client,resp_remote_access_errors,0,0,0
client,resp_local_length_error,0,0,0
client,duplicate_request,0,0,0
client,out_of_buffer,0,0,0
client,rx_icrc_encapsulated,0,0,0
client,req_transport_retries_exceeded,0,0,0
client,req_rnr_retries_exceeded,100,100,0
client,roce_adp_retrans,114,114,0
client,roce_adp_retrans_to,0,0,0
client,roce_slow_restart,0,0,0
client,port_rcv_errors,0,0,0
client,local_link_integrity_errors,0,0,0
client,link_error_recovery,0,0,0
client,link_downed,0,0,0
server,duplicate_request,0,0,0
server,implied_nak_seq_err,0,0,0
server,lifespan,10,10,0
server,local_ack_timeout_err,0,0,0
server,np_cnp_sent,1,1,0
server,np_ecn_marked_roce_packets,0,0,0
server,out_of_buffer,883,883,0
server,out_of_sequence,1,1,0
server,packet_seq_err,0,0,0
server,req_cqe_error,50,50,0
server,req_cqe_flush_error,0,0,0
server,req_remote_access_errors,10,10,0
server,req_remote_invalid_request,10,10,0
server,req_rnr_retries_exceeded,0,0,0
server,req_transport_retries_exceeded,0,0,0
server,resp_cqe_error,0,0,0
server,resp_cqe_flush_error,0,0,0
server,resp_local_length_error,0,0,0
server,resp_remote_access_errors,0,0,0
server,rnr_nak_retry_err,0,0,0
server,roce_adp_retrans,0,0,0
server,roce_adp_retrans_to,0,0,0
server,roce_slow_restart,0,0,0
server,roce_slow_restart_cnps,0,0,0
server,roce_slow_restart_trans,0,0,0
server,rp_cnp_handled,0,0,0
server,rp_cnp_ignored,0,0,0
server,rx_atomic_requests,0,0,0
server,rx_dct_connect,0,0,0
server,rx_icrc_encapsulated,0,0,0
server,rx_read_requests,177,178,1
server,rx_write_requests,1606999268,1606999268,0
# LOC_PROT_PERM,trial=4,status=4,vendor_err=0x33,latency_us=1523
client,local_ack_timeout_err,0,0,0
client,out_of_sequence,0,0,0
client,packet_seq_err,0,0,0
client,implied_nak_seq_err,0,0,0
client,rnr_nak_retry_err,100,100,0
client,req_cqe_error,1146,1147,1
client,resp_cqe_error,0,0,0
client,req_cqe_flush_error,0,0,0
client,resp_cqe_flush_error,0,0,0
client,req_remote_invalid_request,100,100,0
client,req_remote_access_errors,290,290,0
client,resp_remote_access_errors,0,0,0
client,resp_local_length_error,0,0,0
client,duplicate_request,0,0,0
client,out_of_buffer,0,0,0
client,rx_icrc_encapsulated,0,0,0
client,req_transport_retries_exceeded,0,0,0
client,req_rnr_retries_exceeded,100,100,0
client,roce_adp_retrans,114,114,0
client,roce_adp_retrans_to,0,0,0
client,roce_slow_restart,0,0,0
client,port_rcv_errors,0,0,0
client,local_link_integrity_errors,0,0,0
client,link_error_recovery,0,0,0
client,link_downed,0,0,0
server,duplicate_request,0,0,0
server,implied_nak_seq_err,0,0,0
server,lifespan,10,10,0
server,local_ack_timeout_err,0,0,0
server,np_cnp_sent,1,1,0
server,np_ecn_marked_roce_packets,0,0,0
server,out_of_buffer,883,883,0
server,out_of_sequence,1,1,0
server,packet_seq_err,0,0,0
server,req_cqe_error,50,50,0
server,req_cqe_flush_error,0,0,0
server,req_remote_access_errors,10,10,0
server,req_remote_invalid_request,10,10,0
server,req_rnr_retries_exceeded,0,0,0
server,req_transport_retries_exceeded,0,0,0
server,resp_cqe_error,0,0,0
server,resp_cqe_flush_error,0,0,0
server,resp_local_length_error,0,0,0
server,resp_remote_access_errors,0,0,0
server,rnr_nak_retry_err,0,0,0
server,roce_adp_retrans,0,0,0
server,roce_adp_retrans_to,0,0,0
server,roce_slow_restart,0,0,0
server,roce_slow_restart_cnps,0,0,0
server,roce_slow_restart_trans,0,0,0
server,rp_cnp_handled,0,0,0
server,rp_cnp_ignored,0,0,0
server,rx_atomic_requests,0,0,0
server,rx_dct_connect,0,0,0
server,rx_icrc_encapsulated,0,0,0
server,rx_read_requests,178,179,1
server,rx_write_requests,1606999269,1606999269,0
# LOC_PROT_PERM,trial=5,status=4,vendor_err=0x33,latency_us=1557
client,local_ack_timeout_err,0,0,0
client,out_of_sequence,0,0,0
client,packet_seq_err,0,0,0
client,implied_nak_seq_err,0,0,0
client,rnr_nak_retry_err,100,100,0
client,req_cqe_error,1147,1148,1
client,resp_cqe_error,0,0,0
client,req_cqe_flush_error,0,0,0
client,resp_cqe_flush_error,0,0,0
client,req_remote_invalid_request,100,100,0
client,req_remote_access_errors,290,290,0
client,resp_remote_access_errors,0,0,0
client,resp_local_length_error,0,0,0
client,duplicate_request,0,0,0
client,out_of_buffer,0,0,0
client,rx_icrc_encapsulated,0,0,0
client,req_transport_retries_exceeded,0,0,0
client,req_rnr_retries_exceeded,100,100,0
client,roce_adp_retrans,114,114,0
client,roce_adp_retrans_to,0,0,0
client,roce_slow_restart,0,0,0
client,port_rcv_errors,0,0,0
client,local_link_integrity_errors,0,0,0
client,link_error_recovery,0,0,0
client,link_downed,0,0,0
server,duplicate_request,0,0,0
server,implied_nak_seq_err,0,0,0
server,lifespan,10,10,0
server,local_ack_timeout_err,0,0,0
server,np_cnp_sent,1,1,0
server,np_ecn_marked_roce_packets,0,0,0
server,out_of_buffer,883,883,0
server,out_of_sequence,1,1,0
server,packet_seq_err,0,0,0
server,req_cqe_error,50,50,0
server,req_cqe_flush_error,0,0,0
server,req_remote_access_errors,10,10,0
server,req_remote_invalid_request,10,10,0
server,req_rnr_retries_exceeded,0,0,0
server,req_transport_retries_exceeded,0,0,0
server,resp_cqe_error,0,0,0
server,resp_cqe_flush_error,0,0,0
server,resp_local_length_error,0,0,0
server,resp_remote_access_errors,0,0,0
server,rnr_nak_retry_err,0,0,0
server,roce_adp_retrans,0,0,0
server,roce_adp_retrans_to,0,0,0
server,roce_slow_restart,0,0,0
server,roce_slow_restart_cnps,0,0,0
server,roce_slow_restart_trans,0,0,0
server,rp_cnp_handled,0,0,0
server,rp_cnp_ignored,0,0,0
server,rx_atomic_requests,0,0,0
server,rx_dct_connect,0,0,0
server,rx_icrc_encapsulated,0,0,0
server,rx_read_requests,179,180,1
server,rx_write_requests,1606999270,1606999270,0
# LOC_PROT_PERM,trial=6,status=4,vendor_err=0x33,latency_us=1521
client,local_ack_timeout_err,0,0,0
client,out_of_sequence,0,0,0
client,packet_seq_err,0,0,0
client,implied_nak_seq_err,0,0,0
client,rnr_nak_retry_err,100,100,0
client,req_cqe_error,1148,1149,1
client,resp_cqe_error,0,0,0
client,req_cqe_flush_error,0,0,0
client,resp_cqe_flush_error,0,0,0
client,req_remote_invalid_request,100,100,0
client,req_remote_access_errors,290,290,0
client,resp_remote_access_errors,0,0,0
client,resp_local_length_error,0,0,0
client,duplicate_request,0,0,0
client,out_of_buffer,0,0,0
client,rx_icrc_encapsulated,0,0,0
client,req_transport_retries_exceeded,0,0,0
client,req_rnr_retries_exceeded,100,100,0
client,roce_adp_retrans,114,114,0
client,roce_adp_retrans_to,0,0,0
client,roce_slow_restart,0,0,0
client,port_rcv_errors,0,0,0
client,local_link_integrity_errors,0,0,0
client,link_error_recovery,0,0,0
client,link_downed,0,0,0
server,duplicate_request,0,0,0
server,implied_nak_seq_err,0,0,0
server,lifespan,10,10,0
server,local_ack_timeout_err,0,0,0
server,np_cnp_sent,1,1,0
server,np_ecn_marked_roce_packets,0,0,0
server,out_of_buffer,883,883,0
server,out_of_sequence,1,1,0
server,packet_seq_err,0,0,0
server,req_cqe_error,50,50,0
server,req_cqe_flush_error,0,0,0
server,req_remote_access_errors,10,10,0
server,req_remote_invalid_request,10,10,0
server,req_rnr_retries_exceeded,0,0,0
server,req_transport_retries_exceeded,0,0,0
server,resp_cqe_error,0,0,0
server,resp_cqe_flush_error,0,0,0
server,resp_local_length_error,0,0,0
server,resp_remote_access_errors,0,0,0
server,rnr_nak_retry_err,0,0,0
server,roce_adp_retrans,0,0,0
server,roce_adp_retrans_to,0,0,0
server,roce_slow_restart,0,0,0
server,roce_slow_restart_cnps,0,0,0
server,roce_slow_restart_trans,0,0,0
server,rp_cnp_handled,0,0,0
server,rp_cnp_ignored,0,0,0
server,rx_atomic_requests,0,0,0
server,rx_dct_connect,0,0,0
server,rx_icrc_encapsulated,0,0,0
server,rx_read_requests,180,181,1
server,rx_write_requests,1606999271,1606999271,0
# LOC_PROT_PERM,trial=7,status=4,vendor_err=0x33,latency_us=1550
client,local_ack_timeout_err,0,0,0
client,out_of_sequence,0,0,0
client,packet_seq_err,0,0,0
client,implied_nak_seq_err,0,0,0
client,rnr_nak_retry_err,100,100,0
client,req_cqe_error,1149,1150,1
client,resp_cqe_error,0,0,0
client,req_cqe_flush_error,0,0,0
client,resp_cqe_flush_error,0,0,0
client,req_remote_invalid_request,100,100,0
client,req_remote_access_errors,290,290,0
client,resp_remote_access_errors,0,0,0
client,resp_local_length_error,0,0,0
client,duplicate_request,0,0,0
client,out_of_buffer,0,0,0
client,rx_icrc_encapsulated,0,0,0
client,req_transport_retries_exceeded,0,0,0
client,req_rnr_retries_exceeded,100,100,0
client,roce_adp_retrans,114,114,0
client,roce_adp_retrans_to,0,0,0
client,roce_slow_restart,0,0,0
client,port_rcv_errors,0,0,0
client,local_link_integrity_errors,0,0,0
client,link_error_recovery,0,0,0
client,link_downed,0,0,0
server,duplicate_request,0,0,0
server,implied_nak_seq_err,0,0,0
server,lifespan,10,10,0
server,local_ack_timeout_err,0,0,0
server,np_cnp_sent,1,1,0
server,np_ecn_marked_roce_packets,0,0,0
server,out_of_buffer,883,883,0
server,out_of_sequence,1,1,0
server,packet_seq_err,0,0,0
server,req_cqe_error,50,50,0
server,req_cqe_flush_error,0,0,0
server,req_remote_access_errors,10,10,0
server,req_remote_invalid_request,10,10,0
server,req_rnr_retries_exceeded,0,0,0
server,req_transport_retries_exceeded,0,0,0
server,resp_cqe_error,0,0,0
server,resp_cqe_flush_error,0,0,0
server,resp_local_length_error,0,0,0
server,resp_remote_access_errors,0,0,0
server,rnr_nak_retry_err,0,0,0
server,roce_adp_retrans,0,0,0
server,roce_adp_retrans_to,0,0,0
server,roce_slow_restart,0,0,0
server,roce_slow_restart_cnps,0,0,0
server,roce_slow_restart_trans,0,0,0
server,rp_cnp_handled,0,0,0
server,rp_cnp_ignored,0,0,0
server,rx_atomic_requests,0,0,0
server,rx_dct_connect,0,0,0
server,rx_icrc_encapsulated,0,0,0
server,rx_read_requests,181,182,1
server,rx_write_requests,1606999272,1606999272,0
# LOC_PROT_PERM,trial=8,status=4,vendor_err=0x33,latency_us=1532
client,local_ack_timeout_err,0,0,0
client,out_of_sequence,0,0,0
client,packet_seq_err,0,0,0
client,implied_nak_seq_err,0,0,0
client,rnr_nak_retry_err,100,100,0
client,req_cqe_error,1150,1151,1
client,resp_cqe_error,0,0,0
client,req_cqe_flush_error,0,0,0
client,resp_cqe_flush_error,0,0,0
client,req_remote_invalid_request,100,100,0
client,req_remote_access_errors,290,290,0
client,resp_remote_access_errors,0,0,0
client,resp_local_length_error,0,0,0
client,duplicate_request,0,0,0
client,out_of_buffer,0,0,0
client,rx_icrc_encapsulated,0,0,0
client,req_transport_retries_exceeded,0,0,0
client,req_rnr_retries_exceeded,100,100,0
client,roce_adp_retrans,114,114,0
client,roce_adp_retrans_to,0,0,0
client,roce_slow_restart,0,0,0
client,port_rcv_errors,0,0,0
client,local_link_integrity_errors,0,0,0
client,link_error_recovery,0,0,0
client,link_downed,0,0,0
server,duplicate_request,0,0,0
server,implied_nak_seq_err,0,0,0
server,lifespan,10,10,0
server,local_ack_timeout_err,0,0,0
server,np_cnp_sent,1,1,0
server,np_ecn_marked_roce_packets,0,0,0
server,out_of_buffer,883,883,0
server,out_of_sequence,1,1,0
server,packet_seq_err,0,0,0
server,req_cqe_error,50,50,0
server,req_cqe_flush_error,0,0,0
server,req_remote_access_errors,10,10,0
server,req_remote_invalid_request,10,10,0
server,req_rnr_retries_exceeded,0,0,0
server,req_transport_retries_exceeded,0,0,0
server,resp_cqe_error,0,0,0
server,resp_cqe_flush_error,0,0,0
server,resp_local_length_error,0,0,0
server,resp_remote_access_errors,0,0,0
server,rnr_nak_retry_err,0,0,0
server,roce_adp_retrans,0,0,0
server,roce_adp_retrans_to,0,0,0
server,roce_slow_restart,0,0,0
server,roce_slow_restart_cnps,0,0,0
server,roce_slow_restart_trans,0,0,0
server,rp_cnp_handled,0,0,0
server,rp_cnp_ignored,0,0,0
server,rx_atomic_requests,0,0,0
server,rx_dct_connect,0,0,0
server,rx_icrc_encapsulated,0,0,0
server,rx_read_requests,182,183,1
server,rx_write_requests,1606999273,1606999273,0
# LOC_PROT_PERM,trial=9,status=4,vendor_err=0x33,latency_us=1523
client,local_ack_timeout_err,0,0,0
client,out_of_sequence,0,0,0
client,packet_seq_err,0,0,0
client,implied_nak_seq_err,0,0,0
client,rnr_nak_retry_err,100,100,0
client,req_cqe_error,1151,1152,1
client,resp_cqe_error,0,0,0
client,req_cqe_flush_error,0,0,0
client,resp_cqe_flush_error,0,0,0
client,req_remote_invalid_request,100,100,0
client,req_remote_access_errors,290,290,0
client,resp_remote_access_errors,0,0,0
client,resp_local_length_error,0,0,0
client,duplicate_request,0,0,0
client,out_of_buffer,0,0,0
client,rx_icrc_encapsulated,0,0,0
client,req_transport_retries_exceeded,0,0,0
client,req_rnr_retries_exceeded,100,100,0
client,roce_adp_retrans,114,114,0
client,roce_adp_retrans_to,0,0,0
client,roce_slow_restart,0,0,0
client,port_rcv_errors,0,0,0
client,local_link_integrity_errors,0,0,0
client,link_error_recovery,0,0,0
client,link_downed,0,0,0
server,duplicate_request,0,0,0
server,implied_nak_seq_err,0,0,0
server,lifespan,10,10,0
server,local_ack_timeout_err,0,0,0
server,np_cnp_sent,1,1,0
server,np_ecn_marked_roce_packets,0,0,0
server,out_of_buffer,883,883,0
server,out_of_sequence,1,1,0
server,packet_seq_err,0,0,0
server,req_cqe_error,50,50,0
server,req_cqe_flush_error,0,0,0
server,req_remote_access_errors,10,10,0
server,req_remote_invalid_request,10,10,0
server,req_rnr_retries_exceeded,0,0,0
server,req_transport_retries_exceeded,0,0,0
server,resp_cqe_error,0,0,0
server,resp_cqe_flush_error,0,0,0
server,resp_local_length_error,0,0,0
server,resp_remote_access_errors,0,0,0
server,rnr_nak_retry_err,0,0,0
server,roce_adp_retrans,0,0,0
server,roce_adp_retrans_to,0,0,0
server,roce_slow_restart,0,0,0
server,roce_slow_restart_cnps,0,0,0
server,roce_slow_restart_trans,0,0,0
server,rp_cnp_handled,0,0,0
server,rp_cnp_ignored,0,0,0
server,rx_atomic_requests,0,0,0
server,rx_dct_connect,0,0,0
server,rx_icrc_encapsulated,0,0,0
server,rx_read_requests,183,184,1
server,rx_write_requests,1606999274,1606999274,0
# LOC_PROT_PERM,trial=10,status=4,vendor_err=0x33,latency_us=1525
client,local_ack_timeout_err,0,0,0
client,out_of_sequence,0,0,0
client,packet_seq_err,0,0,0
client,implied_nak_seq_err,0,0,0
client,rnr_nak_retry_err,100,100,0
client,req_cqe_error,1152,1153,1
client,resp_cqe_error,0,0,0
client,req_cqe_flush_error,0,0,0
client,resp_cqe_flush_error,0,0,0
client,req_remote_invalid_request,100,100,0
client,req_remote_access_errors,290,290,0
client,resp_remote_access_errors,0,0,0
client,resp_local_length_error,0,0,0
client,duplicate_request,0,0,0
client,out_of_buffer,0,0,0
client,rx_icrc_encapsulated,0,0,0
client,req_transport_retries_exceeded,0,0,0
client,req_rnr_retries_exceeded,100,100,0
client,roce_adp_retrans,114,114,0
client,roce_adp_retrans_to,0,0,0
client,roce_slow_restart,0,0,0
client,port_rcv_errors,0,0,0
client,local_link_integrity_errors,0,0,0
client,link_error_recovery,0,0,0
client,link_downed,0,0,0
server,duplicate_request,0,0,0
server,implied_nak_seq_err,0,0,0
server,lifespan,10,10,0
server,local_ack_timeout_err,0,0,0
server,np_cnp_sent,1,1,0
server,np_ecn_marked_roce_packets,0,0,0
server,out_of_buffer,883,883,0
server,out_of_sequence,1,1,0
server,packet_seq_err,0,0,0
server,req_cqe_error,50,50,0
server,req_cqe_flush_error,0,0,0
server,req_remote_access_errors,10,10,0
server,req_remote_invalid_request,10,10,0
server,req_rnr_retries_exceeded,0,0,0
server,req_transport_retries_exceeded,0,0,0
server,resp_cqe_error,0,0,0
server,resp_cqe_flush_error,0,0,0
server,resp_local_length_error,0,0,0
server,resp_remote_access_errors,0,0,0
server,rnr_nak_retry_err,0,0,0
server,roce_adp_retrans,0,0,0
server,roce_adp_retrans_to,0,0,0
server,roce_slow_restart,0,0,0
server,roce_slow_restart_cnps,0,0,0
server,roce_slow_restart_trans,0,0,0
server,rp_cnp_handled,0,0,0
server,rp_cnp_ignored,0,0,0
server,rx_atomic_requests,0,0,0
server,rx_dct_connect,0,0,0
server,rx_icrc_encapsulated,0,0,0
server,rx_read_requests,184,185,1
server,rx_write_requests,1606999275,1606999275,0
# LOC_PROT_PERM,trial=11,status=4,vendor_err=0x33,latency_us=1524
client,local_ack_timeout_err,0,0,0
client,out_of_sequence,0,0,0
client,packet_seq_err,0,0,0
client,implied_nak_seq_err,0,0,0
client,rnr_nak_retry_err,100,100,0
client,req_cqe_error,1153,1154,1
client,resp_cqe_error,0,0,0
client,req_cqe_flush_error,0,0,0
client,resp_cqe_flush_error,0,0,0
client,req_remote_invalid_request,100,100,0
client,req_remote_access_errors,290,290,0
client,resp_remote_access_errors,0,0,0
client,resp_local_length_error,0,0,0
client,duplicate_request,0,0,0
client,out_of_buffer,0,0,0
client,rx_icrc_encapsulated,0,0,0
client,req_transport_retries_exceeded,0,0,0
client,req_rnr_retries_exceeded,100,100,0
client,roce_adp_retrans,114,114,0
client,roce_adp_retrans_to,0,0,0
client,roce_slow_restart,0,0,0
client,port_rcv_errors,0,0,0
client,local_link_integrity_errors,0,0,0
client,link_error_recovery,0,0,0
client,link_downed,0,0,0
server,duplicate_request,0,0,0
server,implied_nak_seq_err,0,0,0
server,lifespan,10,10,0
server,local_ack_timeout_err,0,0,0
server,np_cnp_sent,1,1,0
server,np_ecn_marked_roce_packets,0,0,0
server,out_of_buffer,883,883,0
server,out_of_sequence,1,1,0
server,packet_seq_err,0,0,0
server,req_cqe_error,50,50,0
server,req_cqe_flush_error,0,0,0
server,req_remote_access_errors,10,10,0
server,req_remote_invalid_request,10,10,0
server,req_rnr_retries_exceeded,0,0,0
server,req_transport_retries_exceeded,0,0,0
server,resp_cqe_error,0,0,0
server,resp_cqe_flush_error,0,0,0
server,resp_local_length_error,0,0,0
server,resp_remote_access_errors,0,0,0
server,rnr_nak_retry_err,0,0,0
server,roce_adp_retrans,0,0,0
server,roce_adp_retrans_to,0,0,0
server,roce_slow_restart,0,0,0
server,roce_slow_restart_cnps,0,0,0
server,roce_slow_restart_trans,0,0,0
server,rp_cnp_handled,0,0,0
server,rp_cnp_ignored,0,0,0
server,rx_atomic_requests,0,0,0
server,rx_dct_connect,0,0,0
server,rx_icrc_encapsulated,0,0,0
server,rx_read_requests,185,186,1
server,rx_write_requests,1606999276,1606999276,0
# LOC_PROT_PERM,trial=12,status=4,vendor_err=0x33,latency_us=1522
client,local_ack_timeout_err,0,0,0
client,out_of_sequence,0,0,0
client,packet_seq_err,0,0,0
client,implied_nak_seq_err,0,0,0
client,rnr_nak_retry_err,100,100,0
client,req_cqe_error,1154,1155,1
client,resp_cqe_error,0,0,0
client,req_cqe_flush_error,0,0,0
client,resp_cqe_flush_error,0,0,0
client,req_remote_invalid_request,100,100,0
client,req_remote_access_errors,290,290,0
client,resp_remote_access_errors,0,0,0
client,resp_local_length_error,0,0,0
client,duplicate_request,0,0,0
client,out_of_buffer,0,0,0
client,rx_icrc_encapsulated,0,0,0
client,req_transport_retries_exceeded,0,0,0
client,req_rnr_retries_exceeded,100,100,0
client,roce_adp_retrans,114,114,0
client,roce_adp_retrans_to,0,0,0
client,roce_slow_restart,0,0,0
client,port_rcv_errors,0,0,0
client,local_link_integrity_errors,0,0,0
client,link_error_recovery,0,0,0
client,link_downed,0,0,0
server,duplicate_request,0,0,0
server,implied_nak_seq_err,0,0,0
server,lifespan,10,10,0
server,local_ack_timeout_err,0,0,0
server,np_cnp_sent,1,1,0
server,np_ecn_marked_roce_packets,0,0,0
server,out_of_buffer,883,883,0
server,out_of_sequence,1,1,0
server,packet_seq_err,0,0,0
server,req_cqe_error,50,50,0
server,req_cqe_flush_error,0,0,0
server,req_remote_access_errors,10,10,0
server,req_remote_invalid_request,10,10,0
server,req_rnr_retries_exceeded,0,0,0
server,req_transport_retries_exceeded,0,0,0
server,resp_cqe_error,0,0,0
server,resp_cqe_flush_error,0,0,0
server,resp_local_length_error,0,0,0
server,resp_remote_access_errors,0,0,0
server,rnr_nak_retry_err,0,0,0
server,roce_adp_retrans,0,0,0
server,roce_adp_retrans_to,0,0,0
server,roce_slow_restart,0,0,0
server,roce_slow_restart_cnps,0,0,0
server,roce_slow_restart_trans,0,0,0
server,rp_cnp_handled,0,0,0
server,rp_cnp_ignored,0,0,0
server,rx_atomic_requests,0,0,0
server,rx_dct_connect,0,0,0
server,rx_icrc_encapsulated,0,0,0
server,rx_read_requests,186,187,1
server,rx_write_requests,1606999277,1606999277,0
# LOC_PROT_PERM,trial=13,status=4,vendor_err=0x33,latency_us=1524
client,local_ack_timeout_err,0,0,0
client,out_of_sequence,0,0,0
client,packet_seq_err,0,0,0
client,implied_nak_seq_err,0,0,0
client,rnr_nak_retry_err,100,100,0
client,req_cqe_error,1155,1156,1
client,resp_cqe_error,0,0,0
client,req_cqe_flush_error,0,0,0
client,resp_cqe_flush_error,0,0,0
client,req_remote_invalid_request,100,100,0
client,req_remote_access_errors,290,290,0
client,resp_remote_access_errors,0,0,0
client,resp_local_length_error,0,0,0
client,duplicate_request,0,0,0
client,out_of_buffer,0,0,0
client,rx_icrc_encapsulated,0,0,0
client,req_transport_retries_exceeded,0,0,0
client,req_rnr_retries_exceeded,100,100,0
client,roce_adp_retrans,114,114,0
client,roce_adp_retrans_to,0,0,0
client,roce_slow_restart,0,0,0
client,port_rcv_errors,0,0,0
client,local_link_integrity_errors,0,0,0
client,link_error_recovery,0,0,0
client,link_downed,0,0,0
server,duplicate_request,0,0,0
server,implied_nak_seq_err,0,0,0
server,lifespan,10,10,0
server,local_ack_timeout_err,0,0,0
server,np_cnp_sent,1,1,0
server,np_ecn_marked_roce_packets,0,0,0
server,out_of_buffer,883,883,0
server,out_of_sequence,1,1,0
server,packet_seq_err,0,0,0
server,req_cqe_error,50,50,0
server,req_cqe_flush_error,0,0,0
server,req_remote_access_errors,10,10,0
server,req_remote_invalid_request,10,10,0
server,req_rnr_retries_exceeded,0,0,0
server,req_transport_retries_exceeded,0,0,0
server,resp_cqe_error,0,0,0
server,resp_cqe_flush_error,0,0,0
server,resp_local_length_error,0,0,0
server,resp_remote_access_errors,0,0,0
server,rnr_nak_retry_err,0,0,0
server,roce_adp_retrans,0,0,0
server,roce_adp_retrans_to,0,0,0
server,roce_slow_restart,0,0,0
server,roce_slow_restart_cnps,0,0,0
server,roce_slow_restart_trans,0,0,0
server,rp_cnp_handled,0,0,0
server,rp_cnp_ignored,0,0,0
server,rx_atomic_requests,0,0,0
server,rx_dct_connect,0,0,0
server,rx_icrc_encapsulated,0,0,0
server,rx_read_requests,187,188,1
server,rx_write_requests,1606999278,1606999278,0
# LOC_PROT_PERM,trial=14,status=4,vendor_err=0x33,latency_us=1524
client,local_ack_timeout_err,0,0,0
client,out_of_sequence,0,0,0
client,packet_seq_err,0,0,0
client,implied_nak_seq_err,0,0,0
client,rnr_nak_retry_err,100,100,0
client,req_cqe_error,1156,1157,1
client,resp_cqe_error,0,0,0
client,req_cqe_flush_error,0,0,0
client,resp_cqe_flush_error,0,0,0
client,req_remote_invalid_request,100,100,0
client,req_remote_access_errors,290,290,0
client,resp_remote_access_errors,0,0,0
client,resp_local_length_error,0,0,0
client,duplicate_request,0,0,0
client,out_of_buffer,0,0,0
client,rx_icrc_encapsulated,0,0,0
client,req_transport_retries_exceeded,0,0,0
client,req_rnr_retries_exceeded,100,100,0
client,roce_adp_retrans,114,114,0
client,roce_adp_retrans_to,0,0,0
client,roce_slow_restart,0,0,0
client,port_rcv_errors,0,0,0
client,local_link_integrity_errors,0,0,0
client,link_error_recovery,0,0,0
client,link_downed,0,0,0
server,duplicate_request,0,0,0
server,implied_nak_seq_err,0,0,0
server,lifespan,10,10,0
server,local_ack_timeout_err,0,0,0
server,np_cnp_sent,1,1,0
server,np_ecn_marked_roce_packets,0,0,0
server,out_of_buffer,883,883,0
server,out_of_sequence,1,1,0
server,packet_seq_err,0,0,0
server,req_cqe_error,50,50,0
server,req_cqe_flush_error,0,0,0
server,req_remote_access_errors,10,10,0
server,req_remote_invalid_request,10,10,0
server,req_rnr_retries_exceeded,0,0,0
server,req_transport_retries_exceeded,0,0,0
server,resp_cqe_error,0,0,0
server,resp_cqe_flush_error,0,0,0
server,resp_local_length_error,0,0,0
server,resp_remote_access_errors,0,0,0
server,rnr_nak_retry_err,0,0,0
server,roce_adp_retrans,0,0,0
server,roce_adp_retrans_to,0,0,0
server,roce_slow_restart,0,0,0
server,roce_slow_restart_cnps,0,0,0
server,roce_slow_restart_trans,0,0,0
server,rp_cnp_handled,0,0,0
server,rp_cnp_ignored,0,0,0
server,rx_atomic_requests,0,0,0
server,rx_dct_connect,0,0,0
server,rx_icrc_encapsulated,0,0,0
server,rx_read_requests,188,189,1
server,rx_write_requests,1606999279,1606999279,0
# LOC_PROT_PERM,trial=15,status=4,vendor_err=0x33,latency_us=1522
client,local_ack_timeout_err,0,0,0
client,out_of_sequence,0,0,0
client,packet_seq_err,0,0,0
client,implied_nak_seq_err,0,0,0
client,rnr_nak_retry_err,100,100,0
client,req_cqe_error,1157,1158,1
client,resp_cqe_error,0,0,0
client,req_cqe_flush_error,0,0,0
client,resp_cqe_flush_error,0,0,0
client,req_remote_invalid_request,100,100,0
client,req_remote_access_errors,290,290,0
client,resp_remote_access_errors,0,0,0
client,resp_local_length_error,0,0,0
client,duplicate_request,0,0,0
client,out_of_buffer,0,0,0
client,rx_icrc_encapsulated,0,0,0
client,req_transport_retries_exceeded,0,0,0
client,req_rnr_retries_exceeded,100,100,0
client,roce_adp_retrans,114,114,0
client,roce_adp_retrans_to,0,0,0
client,roce_slow_restart,0,0,0
client,port_rcv_errors,0,0,0
client,local_link_integrity_errors,0,0,0
client,link_error_recovery,0,0,0
client,link_downed,0,0,0
server,duplicate_request,0,0,0
server,implied_nak_seq_err,0,0,0
server,lifespan,10,10,0
server,local_ack_timeout_err,0,0,0
server,np_cnp_sent,1,1,0
server,np_ecn_marked_roce_packets,0,0,0
server,out_of_buffer,883,883,0
server,out_of_sequence,1,1,0
server,packet_seq_err,0,0,0
server,req_cqe_error,50,50,0
server,req_cqe_flush_error,0,0,0
server,req_remote_access_errors,10,10,0
server,req_remote_invalid_request,10,10,0
server,req_rnr_retries_exceeded,0,0,0
server,req_transport_retries_exceeded,0,0,0
server,resp_cqe_error,0,0,0
server,resp_cqe_flush_error,0,0,0
server,resp_local_length_error,0,0,0
server,resp_remote_access_errors,0,0,0
server,rnr_nak_retry_err,0,0,0
server,roce_adp_retrans,0,0,0
server,roce_adp_retrans_to,0,0,0
server,roce_slow_restart,0,0,0
server,roce_slow_restart_cnps,0,0,0
server,roce_slow_restart_trans,0,0,0
server,rp_cnp_handled,0,0,0
server,rp_cnp_ignored,0,0,0
server,rx_atomic_requests,0,0,0
server,rx_dct_connect,0,0,0
server,rx_icrc_encapsulated,0,0,0
server,rx_read_requests,189,190,1
server,rx_write_requests,1606999280,1606999280,0
# LOC_PROT_PERM,trial=16,status=4,vendor_err=0x33,latency_us=1529
client,local_ack_timeout_err,0,0,0
client,out_of_sequence,0,0,0
client,packet_seq_err,0,0,0
client,implied_nak_seq_err,0,0,0
client,rnr_nak_retry_err,100,100,0
client,req_cqe_error,1158,1159,1
client,resp_cqe_error,0,0,0
client,req_cqe_flush_error,0,0,0
client,resp_cqe_flush_error,0,0,0
client,req_remote_invalid_request,100,100,0
client,req_remote_access_errors,290,290,0
client,resp_remote_access_errors,0,0,0
client,resp_local_length_error,0,0,0
client,duplicate_request,0,0,0
client,out_of_buffer,0,0,0
client,rx_icrc_encapsulated,0,0,0
client,req_transport_retries_exceeded,0,0,0
client,req_rnr_retries_exceeded,100,100,0
client,roce_adp_retrans,114,114,0
client,roce_adp_retrans_to,0,0,0
client,roce_slow_restart,0,0,0
client,port_rcv_errors,0,0,0
client,local_link_integrity_errors,0,0,0
client,link_error_recovery,0,0,0
client,link_downed,0,0,0
server,duplicate_request,0,0,0
server,implied_nak_seq_err,0,0,0
server,lifespan,10,10,0
server,local_ack_timeout_err,0,0,0
server,np_cnp_sent,1,1,0
server,np_ecn_marked_roce_packets,0,0,0
server,out_of_buffer,883,883,0
server,out_of_sequence,1,1,0
server,packet_seq_err,0,0,0
server,req_cqe_error,50,50,0
server,req_cqe_flush_error,0,0,0
server,req_remote_access_errors,10,10,0
server,req_remote_invalid_request,10,10,0
server,req_rnr_retries_exceeded,0,0,0
server,req_transport_retries_exceeded,0,0,0
server,resp_cqe_error,0,0,0
server,resp_cqe_flush_error,0,0,0
server,resp_local_length_error,0,0,0
server,resp_remote_access_errors,0,0,0
server,rnr_nak_retry_err,0,0,0
server,roce_adp_retrans,0,0,0
server,roce_adp_retrans_to,0,0,0
server,roce_slow_restart,0,0,0
server,roce_slow_restart_cnps,0,0,0
server,roce_slow_restart_trans,0,0,0
server,rp_cnp_handled,0,0,0
server,rp_cnp_ignored,0,0,0
server,rx_atomic_requests,0,0,0
server,rx_dct_connect,0,0,0
server,rx_icrc_encapsulated,0,0,0
server,rx_read_requests,190,191,1
server,rx_write_requests,1606999281,1606999281,0
# LOC_PROT_PERM,trial=17,status=4,vendor_err=0x33,latency_us=1522
client,local_ack_timeout_err,0,0,0
client,out_of_sequence,0,0,0
client,packet_seq_err,0,0,0
client,implied_nak_seq_err,0,0,0
client,rnr_nak_retry_err,100,100,0
client,req_cqe_error,1159,1160,1
client,resp_cqe_error,0,0,0
client,req_cqe_flush_error,0,0,0
client,resp_cqe_flush_error,0,0,0
client,req_remote_invalid_request,100,100,0
client,req_remote_access_errors,290,290,0
client,resp_remote_access_errors,0,0,0
client,resp_local_length_error,0,0,0
client,duplicate_request,0,0,0
client,out_of_buffer,0,0,0
client,rx_icrc_encapsulated,0,0,0
client,req_transport_retries_exceeded,0,0,0
client,req_rnr_retries_exceeded,100,100,0
client,roce_adp_retrans,114,114,0
client,roce_adp_retrans_to,0,0,0
client,roce_slow_restart,0,0,0
client,port_rcv_errors,0,0,0
client,local_link_integrity_errors,0,0,0
client,link_error_recovery,0,0,0
client,link_downed,0,0,0
server,duplicate_request,0,0,0
server,implied_nak_seq_err,0,0,0
server,lifespan,10,10,0
server,local_ack_timeout_err,0,0,0
server,np_cnp_sent,1,1,0
server,np_ecn_marked_roce_packets,0,0,0
server,out_of_buffer,883,883,0
server,out_of_sequence,1,1,0
server,packet_seq_err,0,0,0
server,req_cqe_error,50,50,0
server,req_cqe_flush_error,0,0,0
server,req_remote_access_errors,10,10,0
server,req_remote_invalid_request,10,10,0
server,req_rnr_retries_exceeded,0,0,0
server,req_transport_retries_exceeded,0,0,0
server,resp_cqe_error,0,0,0
server,resp_cqe_flush_error,0,0,0
server,resp_local_length_error,0,0,0
server,resp_remote_access_errors,0,0,0
server,rnr_nak_retry_err,0,0,0
server,roce_adp_retrans,0,0,0
server,roce_adp_retrans_to,0,0,0
server,roce_slow_restart,0,0,0
server,roce_slow_restart_cnps,0,0,0
server,roce_slow_restart_trans,0,0,0
server,rp_cnp_handled,0,0,0
server,rp_cnp_ignored,0,0,0
server,rx_atomic_requests,0,0,0
server,rx_dct_connect,0,0,0
server,rx_icrc_encapsulated,0,0,0
server,rx_read_requests,191,192,1
server,rx_write_requests,1606999282,1606999282,0
# LOC_PROT_PERM,trial=18,status=4,vendor_err=0x33,latency_us=1526
client,local_ack_timeout_err,0,0,0
client,out_of_sequence,0,0,0
client,packet_seq_err,0,0,0
client,implied_nak_seq_err,0,0,0
client,rnr_nak_retry_err,100,100,0
client,req_cqe_error,1160,1161,1
client,resp_cqe_error,0,0,0
client,req_cqe_flush_error,0,0,0
client,resp_cqe_flush_error,0,0,0
client,req_remote_invalid_request,100,100,0
client,req_remote_access_errors,290,290,0
client,resp_remote_access_errors,0,0,0
client,resp_local_length_error,0,0,0
client,duplicate_request,0,0,0
client,out_of_buffer,0,0,0
client,rx_icrc_encapsulated,0,0,0
client,req_transport_retries_exceeded,0,0,0
client,req_rnr_retries_exceeded,100,100,0
client,roce_adp_retrans,114,114,0
client,roce_adp_retrans_to,0,0,0
client,roce_slow_restart,0,0,0
client,port_rcv_errors,0,0,0
client,local_link_integrity_errors,0,0,0
client,link_error_recovery,0,0,0
client,link_downed,0,0,0
server,duplicate_request,0,0,0
server,implied_nak_seq_err,0,0,0
server,lifespan,10,10,0
server,local_ack_timeout_err,0,0,0
server,np_cnp_sent,1,1,0
server,np_ecn_marked_roce_packets,0,0,0
server,out_of_buffer,883,883,0
server,out_of_sequence,1,1,0
server,packet_seq_err,0,0,0
server,req_cqe_error,50,50,0
server,req_cqe_flush_error,0,0,0
server,req_remote_access_errors,10,10,0
server,req_remote_invalid_request,10,10,0
server,req_rnr_retries_exceeded,0,0,0
server,req_transport_retries_exceeded,0,0,0
server,resp_cqe_error,0,0,0
server,resp_cqe_flush_error,0,0,0
server,resp_local_length_error,0,0,0
server,resp_remote_access_errors,0,0,0
server,rnr_nak_retry_err,0,0,0
server,roce_adp_retrans,0,0,0
server,roce_adp_retrans_to,0,0,0
server,roce_slow_restart,0,0,0
server,roce_slow_restart_cnps,0,0,0
server,roce_slow_restart_trans,0,0,0
server,rp_cnp_handled,0,0,0
server,rp_cnp_ignored,0,0,0
server,rx_atomic_requests,0,0,0
server,rx_dct_connect,0,0,0
server,rx_icrc_encapsulated,0,0,0
server,rx_read_requests,192,193,1
server,rx_write_requests,1606999283,1606999283,0
# LOC_PROT_PERM,trial=19,status=4,vendor_err=0x33,latency_us=1527
client,local_ack_timeout_err,0,0,0
client,out_of_sequence,0,0,0
client,packet_seq_err,0,0,0
client,implied_nak_seq_err,0,0,0
client,rnr_nak_retry_err,100,100,0
client,req_cqe_error,1161,1162,1
client,resp_cqe_error,0,0,0
client,req_cqe_flush_error,0,0,0
client,resp_cqe_flush_error,0,0,0
client,req_remote_invalid_request,100,100,0
client,req_remote_access_errors,290,290,0
client,resp_remote_access_errors,0,0,0
client,resp_local_length_error,0,0,0
client,duplicate_request,0,0,0
client,out_of_buffer,0,0,0
client,rx_icrc_encapsulated,0,0,0
client,req_transport_retries_exceeded,0,0,0
client,req_rnr_retries_exceeded,100,100,0
client,roce_adp_retrans,114,114,0
client,roce_adp_retrans_to,0,0,0
client,roce_slow_restart,0,0,0
client,port_rcv_errors,0,0,0
client,local_link_integrity_errors,0,0,0
client,link_error_recovery,0,0,0
client,link_downed,0,0,0
server,duplicate_request,0,0,0
server,implied_nak_seq_err,0,0,0
server,lifespan,10,10,0
server,local_ack_timeout_err,0,0,0
server,np_cnp_sent,1,1,0
server,np_ecn_marked_roce_packets,0,0,0
server,out_of_buffer,883,883,0
server,out_of_sequence,1,1,0
server,packet_seq_err,0,0,0
server,req_cqe_error,50,50,0
server,req_cqe_flush_error,0,0,0
server,req_remote_access_errors,10,10,0
server,req_remote_invalid_request,10,10,0
server,req_rnr_retries_exceeded,0,0,0
server,req_transport_retries_exceeded,0,0,0
server,resp_cqe_error,0,0,0
server,resp_cqe_flush_error,0,0,0
server,resp_local_length_error,0,0,0
server,resp_remote_access_errors,0,0,0
server,rnr_nak_retry_err,0,0,0
server,roce_adp_retrans,0,0,0
server,roce_adp_retrans_to,0,0,0
server,roce_slow_restart,0,0,0
server,roce_slow_restart_cnps,0,0,0
server,roce_slow_restart_trans,0,0,0
server,rp_cnp_handled,0,0,0
server,rp_cnp_ignored,0,0,0
server,rx_atomic_requests,0,0,0
server,rx_dct_connect,0,0,0
server,rx_icrc_encapsulated,0,0,0
server,rx_read_requests,193,194,1
server,rx_write_requests,1606999284,1606999284,0
# LOC_PROT_PERM,trial=20,status=4,vendor_err=0x33,latency_us=1523
client,local_ack_timeout_err,0,0,0
client,out_of_sequence,0,0,0
client,packet_seq_err,0,0,0
client,implied_nak_seq_err,0,0,0
client,rnr_nak_retry_err,100,100,0
client,req_cqe_error,1162,1163,1
client,resp_cqe_error,0,0,0
client,req_cqe_flush_error,0,0,0
client,resp_cqe_flush_error,0,0,0
client,req_remote_invalid_request,100,100,0
client,req_remote_access_errors,290,290,0
client,resp_remote_access_errors,0,0,0
client,resp_local_length_error,0,0,0
client,duplicate_request,0,0,0
client,out_of_buffer,0,0,0
client,rx_icrc_encapsulated,0,0,0
client,req_transport_retries_exceeded,0,0,0
client,req_rnr_retries_exceeded,100,100,0
client,roce_adp_retrans,114,114,0
client,roce_adp_retrans_to,0,0,0
client,roce_slow_restart,0,0,0
client,port_rcv_errors,0,0,0
client,local_link_integrity_errors,0,0,0
client,link_error_recovery,0,0,0
client,link_downed,0,0,0
server,duplicate_request,0,0,0
server,implied_nak_seq_err,0,0,0
server,lifespan,10,10,0
server,local_ack_timeout_err,0,0,0
server,np_cnp_sent,1,1,0
server,np_ecn_marked_roce_packets,0,0,0
server,out_of_buffer,883,883,0
server,out_of_sequence,1,1,0
server,packet_seq_err,0,0,0
server,req_cqe_error,50,50,0
server,req_cqe_flush_error,0,0,0
server,req_remote_access_errors,10,10,0
server,req_remote_invalid_request,10,10,0
server,req_rnr_retries_exceeded,0,0,0
server,req_transport_retries_exceeded,0,0,0
server,resp_cqe_error,0,0,0
server,resp_cqe_flush_error,0,0,0
server,resp_local_length_error,0,0,0
server,resp_remote_access_errors,0,0,0
server,rnr_nak_retry_err,0,0,0
server,roce_adp_retrans,0,0,0
server,roce_adp_retrans_to,0,0,0
server,roce_slow_restart,0,0,0
server,roce_slow_restart_cnps,0,0,0
server,roce_slow_restart_trans,0,0,0
server,rp_cnp_handled,0,0,0
server,rp_cnp_ignored,0,0,0
server,rx_atomic_requests,0,0,0
server,rx_dct_connect,0,0,0
server,rx_icrc_encapsulated,0,0,0
server,rx_read_requests,194,195,1
server,rx_write_requests,1606999285,1606999285,0
# LOC_PROT_PERM,trial=21,status=4,vendor_err=0x33,latency_us=1558
client,local_ack_timeout_err,0,0,0
client,out_of_sequence,0,0,0
client,packet_seq_err,0,0,0
client,implied_nak_seq_err,0,0,0
client,rnr_nak_retry_err,100,100,0
client,req_cqe_error,1163,1164,1
client,resp_cqe_error,0,0,0
client,req_cqe_flush_error,0,0,0
client,resp_cqe_flush_error,0,0,0
client,req_remote_invalid_request,100,100,0
client,req_remote_access_errors,290,290,0
client,resp_remote_access_errors,0,0,0
client,resp_local_length_error,0,0,0
client,duplicate_request,0,0,0
client,out_of_buffer,0,0,0
client,rx_icrc_encapsulated,0,0,0
client,req_transport_retries_exceeded,0,0,0
client,req_rnr_retries_exceeded,100,100,0
client,roce_adp_retrans,114,114,0
client,roce_adp_retrans_to,0,0,0
client,roce_slow_restart,0,0,0
client,port_rcv_errors,0,0,0
client,local_link_integrity_errors,0,0,0
client,link_error_recovery,0,0,0
client,link_downed,0,0,0
server,duplicate_request,0,0,0
server,implied_nak_seq_err,0,0,0
server,lifespan,10,10,0
server,local_ack_timeout_err,0,0,0
server,np_cnp_sent,1,1,0
server,np_ecn_marked_roce_packets,0,0,0
server,out_of_buffer,883,883,0
server,out_of_sequence,1,1,0
server,packet_seq_err,0,0,0
server,req_cqe_error,50,50,0
server,req_cqe_flush_error,0,0,0
server,req_remote_access_errors,10,10,0
server,req_remote_invalid_request,10,10,0
server,req_rnr_retries_exceeded,0,0,0
server,req_transport_retries_exceeded,0,0,0
server,resp_cqe_error,0,0,0
server,resp_cqe_flush_error,0,0,0
server,resp_local_length_error,0,0,0
server,resp_remote_access_errors,0,0,0
server,rnr_nak_retry_err,0,0,0
server,roce_adp_retrans,0,0,0
server,roce_adp_retrans_to,0,0,0
server,roce_slow_restart,0,0,0
server,roce_slow_restart_cnps,0,0,0
server,roce_slow_restart_trans,0,0,0
server,rp_cnp_handled,0,0,0
server,rp_cnp_ignored,0,0,0
server,rx_atomic_requests,0,0,0
server,rx_dct_connect,0,0,0
server,rx_icrc_encapsulated,0,0,0
server,rx_read_requests,195,196,1
server,rx_write_requests,1606999286,1606999286,0
# LOC_PROT_PERM,trial=22,status=4,vendor_err=0x33,latency_us=1520
client,local_ack_timeout_err,0,0,0
client,out_of_sequence,0,0,0
client,packet_seq_err,0,0,0
client,implied_nak_seq_err,0,0,0
client,rnr_nak_retry_err,100,100,0
client,req_cqe_error,1164,1165,1
client,resp_cqe_error,0,0,0
client,req_cqe_flush_error,0,0,0
client,resp_cqe_flush_error,0,0,0
client,req_remote_invalid_request,100,100,0
client,req_remote_access_errors,290,290,0
client,resp_remote_access_errors,0,0,0
client,resp_local_length_error,0,0,0
client,duplicate_request,0,0,0
client,out_of_buffer,0,0,0
client,rx_icrc_encapsulated,0,0,0
client,req_transport_retries_exceeded,0,0,0
client,req_rnr_retries_exceeded,100,100,0
client,roce_adp_retrans,114,114,0
client,roce_adp_retrans_to,0,0,0
client,roce_slow_restart,0,0,0
client,port_rcv_errors,0,0,0
client,local_link_integrity_errors,0,0,0
client,link_error_recovery,0,0,0
client,link_downed,0,0,0
server,duplicate_request,0,0,0
server,implied_nak_seq_err,0,0,0
server,lifespan,10,10,0
server,local_ack_timeout_err,0,0,0
server,np_cnp_sent,1,1,0
server,np_ecn_marked_roce_packets,0,0,0
server,out_of_buffer,883,883,0
server,out_of_sequence,1,1,0
server,packet_seq_err,0,0,0
server,req_cqe_error,50,50,0
server,req_cqe_flush_error,0,0,0
server,req_remote_access_errors,10,10,0
server,req_remote_invalid_request,10,10,0
server,req_rnr_retries_exceeded,0,0,0
server,req_transport_retries_exceeded,0,0,0
server,resp_cqe_error,0,0,0
server,resp_cqe_flush_error,0,0,0
server,resp_local_length_error,0,0,0
server,resp_remote_access_errors,0,0,0
server,rnr_nak_retry_err,0,0,0
server,roce_adp_retrans,0,0,0
server,roce_adp_retrans_to,0,0,0
server,roce_slow_restart,0,0,0
server,roce_slow_restart_cnps,0,0,0
server,roce_slow_restart_trans,0,0,0
server,rp_cnp_handled,0,0,0
server,rp_cnp_ignored,0,0,0
server,rx_atomic_requests,0,0,0
server,rx_dct_connect,0,0,0
server,rx_icrc_encapsulated,0,0,0
server,rx_read_requests,196,197,1
server,rx_write_requests,1606999287,1606999287,0
# LOC_PROT_PERM,trial=23,status=4,vendor_err=0x33,latency_us=1520
client,local_ack_timeout_err,0,0,0
client,out_of_sequence,0,0,0
client,packet_seq_err,0,0,0
client,implied_nak_seq_err,0,0,0
client,rnr_nak_retry_err,100,100,0
client,req_cqe_error,1165,1166,1
client,resp_cqe_error,0,0,0
client,req_cqe_flush_error,0,0,0
client,resp_cqe_flush_error,0,0,0
client,req_remote_invalid_request,100,100,0
client,req_remote_access_errors,290,290,0
client,resp_remote_access_errors,0,0,0
client,resp_local_length_error,0,0,0
client,duplicate_request,0,0,0
client,out_of_buffer,0,0,0
client,rx_icrc_encapsulated,0,0,0
client,req_transport_retries_exceeded,0,0,0
client,req_rnr_retries_exceeded,100,100,0
client,roce_adp_retrans,114,114,0
client,roce_adp_retrans_to,0,0,0
client,roce_slow_restart,0,0,0
client,port_rcv_errors,0,0,0
client,local_link_integrity_errors,0,0,0
client,link_error_recovery,0,0,0
client,link_downed,0,0,0
server,duplicate_request,0,0,0
server,implied_nak_seq_err,0,0,0
server,lifespan,10,10,0
server,local_ack_timeout_err,0,0,0
server,np_cnp_sent,1,1,0
server,np_ecn_marked_roce_packets,0,0,0
server,out_of_buffer,883,883,0
server,out_of_sequence,1,1,0
server,packet_seq_err,0,0,0
server,req_cqe_error,50,50,0
server,req_cqe_flush_error,0,0,0
server,req_remote_access_errors,10,10,0
server,req_remote_invalid_request,10,10,0
server,req_rnr_retries_exceeded,0,0,0
server,req_transport_retries_exceeded,0,0,0
server,resp_cqe_error,0,0,0
server,resp_cqe_flush_error,0,0,0
server,resp_local_length_error,0,0,0
server,resp_remote_access_errors,0,0,0
server,rnr_nak_retry_err,0,0,0
server,roce_adp_retrans,0,0,0
server,roce_adp_retrans_to,0,0,0
server,roce_slow_restart,0,0,0
server,roce_slow_restart_cnps,0,0,0
server,roce_slow_restart_trans,0,0,0
server,rp_cnp_handled,0,0,0
server,rp_cnp_ignored,0,0,0
server,rx_atomic_requests,0,0,0
server,rx_dct_connect,0,0,0
server,rx_icrc_encapsulated,0,0,0
server,rx_read_requests,197,198,1
server,rx_write_requests,1606999288,1606999288,0
# LOC_PROT_PERM,trial=24,status=4,vendor_err=0x33,latency_us=1541
client,local_ack_timeout_err,0,0,0
client,out_of_sequence,0,0,0
client,packet_seq_err,0,0,0
client,implied_nak_seq_err,0,0,0
client,rnr_nak_retry_err,100,100,0
client,req_cqe_error,1166,1167,1
client,resp_cqe_error,0,0,0
client,req_cqe_flush_error,0,0,0
client,resp_cqe_flush_error,0,0,0
client,req_remote_invalid_request,100,100,0
client,req_remote_access_errors,290,290,0
client,resp_remote_access_errors,0,0,0
client,resp_local_length_error,0,0,0
client,duplicate_request,0,0,0
client,out_of_buffer,0,0,0
client,rx_icrc_encapsulated,0,0,0
client,req_transport_retries_exceeded,0,0,0
client,req_rnr_retries_exceeded,100,100,0
client,roce_adp_retrans,114,114,0
client,roce_adp_retrans_to,0,0,0
client,roce_slow_restart,0,0,0
client,port_rcv_errors,0,0,0
client,local_link_integrity_errors,0,0,0
client,link_error_recovery,0,0,0
client,link_downed,0,0,0
server,duplicate_request,0,0,0
server,implied_nak_seq_err,0,0,0
server,lifespan,10,10,0
server,local_ack_timeout_err,0,0,0
server,np_cnp_sent,1,1,0
server,np_ecn_marked_roce_packets,0,0,0
server,out_of_buffer,883,883,0
server,out_of_sequence,1,1,0
server,packet_seq_err,0,0,0
server,req_cqe_error,50,50,0
server,req_cqe_flush_error,0,0,0
server,req_remote_access_errors,10,10,0
server,req_remote_invalid_request,10,10,0
server,req_rnr_retries_exceeded,0,0,0
server,req_transport_retries_exceeded,0,0,0
server,resp_cqe_error,0,0,0
server,resp_cqe_flush_error,0,0,0
server,resp_local_length_error,0,0,0
server,resp_remote_access_errors,0,0,0
server,rnr_nak_retry_err,0,0,0
server,roce_adp_retrans,0,0,0
server,roce_adp_retrans_to,0,0,0
server,roce_slow_restart,0,0,0
server,roce_slow_restart_cnps,0,0,0
server,roce_slow_restart_trans,0,0,0
server,rp_cnp_handled,0,0,0
server,rp_cnp_ignored,0,0,0
server,rx_atomic_requests,0,0,0
server,rx_dct_connect,0,0,0
server,rx_icrc_encapsulated,0,0,0
server,rx_read_requests,198,199,1
server,rx_write_requests,1606999289,1606999289,0
# LOC_PROT_PERM,trial=25,status=4,vendor_err=0x33,latency_us=1524
client,local_ack_timeout_err,0,0,0
client,out_of_sequence,0,0,0
client,packet_seq_err,0,0,0
client,implied_nak_seq_err,0,0,0
client,rnr_nak_retry_err,100,100,0
client,req_cqe_error,1167,1168,1
client,resp_cqe_error,0,0,0
client,req_cqe_flush_error,0,0,0
client,resp_cqe_flush_error,0,0,0
client,req_remote_invalid_request,100,100,0
client,req_remote_access_errors,290,290,0
client,resp_remote_access_errors,0,0,0
client,resp_local_length_error,0,0,0
client,duplicate_request,0,0,0
client,out_of_buffer,0,0,0
client,rx_icrc_encapsulated,0,0,0
client,req_transport_retries_exceeded,0,0,0
client,req_rnr_retries_exceeded,100,100,0
client,roce_adp_retrans,114,114,0
client,roce_adp_retrans_to,0,0,0
client,roce_slow_restart,0,0,0
client,port_rcv_errors,0,0,0
client,local_link_integrity_errors,0,0,0
client,link_error_recovery,0,0,0
client,link_downed,0,0,0
server,duplicate_request,0,0,0
server,implied_nak_seq_err,0,0,0
server,lifespan,10,10,0
server,local_ack_timeout_err,0,0,0
server,np_cnp_sent,1,1,0
server,np_ecn_marked_roce_packets,0,0,0
server,out_of_buffer,883,883,0
server,out_of_sequence,1,1,0
server,packet_seq_err,0,0,0
server,req_cqe_error,50,50,0
server,req_cqe_flush_error,0,0,0
server,req_remote_access_errors,10,10,0
server,req_remote_invalid_request,10,10,0
server,req_rnr_retries_exceeded,0,0,0
server,req_transport_retries_exceeded,0,0,0
server,resp_cqe_error,0,0,0
server,resp_cqe_flush_error,0,0,0
server,resp_local_length_error,0,0,0
server,resp_remote_access_errors,0,0,0
server,rnr_nak_retry_err,0,0,0
server,roce_adp_retrans,0,0,0
server,roce_adp_retrans_to,0,0,0
server,roce_slow_restart,0,0,0
server,roce_slow_restart_cnps,0,0,0
server,roce_slow_restart_trans,0,0,0
server,rp_cnp_handled,0,0,0
server,rp_cnp_ignored,0,0,0
server,rx_atomic_requests,0,0,0
server,rx_dct_connect,0,0,0
server,rx_icrc_encapsulated,0,0,0
server,rx_read_requests,199,200,1
server,rx_write_requests,1606999290,1606999290,0
# LOC_PROT_PERM,trial=26,status=4,vendor_err=0x33,latency_us=1521
client,local_ack_timeout_err,0,0,0
client,out_of_sequence,0,0,0
client,packet_seq_err,0,0,0
client,implied_nak_seq_err,0,0,0
client,rnr_nak_retry_err,100,100,0
client,req_cqe_error,1168,1169,1
client,resp_cqe_error,0,0,0
client,req_cqe_flush_error,0,0,0
client,resp_cqe_flush_error,0,0,0
client,req_remote_invalid_request,100,100,0
client,req_remote_access_errors,290,290,0
client,resp_remote_access_errors,0,0,0
client,resp_local_length_error,0,0,0
client,duplicate_request,0,0,0
client,out_of_buffer,0,0,0
client,rx_icrc_encapsulated,0,0,0
client,req_transport_retries_exceeded,0,0,0
client,req_rnr_retries_exceeded,100,100,0
client,roce_adp_retrans,114,114,0
client,roce_adp_retrans_to,0,0,0
client,roce_slow_restart,0,0,0
client,port_rcv_errors,0,0,0
client,local_link_integrity_errors,0,0,0
client,link_error_recovery,0,0,0
client,link_downed,0,0,0
server,duplicate_request,0,0,0
server,implied_nak_seq_err,0,0,0
server,lifespan,10,10,0
server,local_ack_timeout_err,0,0,0
server,np_cnp_sent,1,1,0
server,np_ecn_marked_roce_packets,0,0,0
server,out_of_buffer,883,883,0
server,out_of_sequence,1,1,0
server,packet_seq_err,0,0,0
server,req_cqe_error,50,50,0
server,req_cqe_flush_error,0,0,0
server,req_remote_access_errors,10,10,0
server,req_remote_invalid_request,10,10,0
server,req_rnr_retries_exceeded,0,0,0
server,req_transport_retries_exceeded,0,0,0
server,resp_cqe_error,0,0,0
server,resp_cqe_flush_error,0,0,0
server,resp_local_length_error,0,0,0
server,resp_remote_access_errors,0,0,0
server,rnr_nak_retry_err,0,0,0
server,roce_adp_retrans,0,0,0
server,roce_adp_retrans_to,0,0,0
server,roce_slow_restart,0,0,0
server,roce_slow_restart_cnps,0,0,0
server,roce_slow_restart_trans,0,0,0
server,rp_cnp_handled,0,0,0
server,rp_cnp_ignored,0,0,0
server,rx_atomic_requests,0,0,0
server,rx_dct_connect,0,0,0
server,rx_icrc_encapsulated,0,0,0
server,rx_read_requests,200,201,1
server,rx_write_requests,1606999291,1606999291,0
# LOC_PROT_PERM,trial=27,status=4,vendor_err=0x33,latency_us=1518
client,local_ack_timeout_err,0,0,0
client,out_of_sequence,0,0,0
client,packet_seq_err,0,0,0
client,implied_nak_seq_err,0,0,0
client,rnr_nak_retry_err,100,100,0
client,req_cqe_error,1169,1170,1
client,resp_cqe_error,0,0,0
client,req_cqe_flush_error,0,0,0
client,resp_cqe_flush_error,0,0,0
client,req_remote_invalid_request,100,100,0
client,req_remote_access_errors,290,290,0
client,resp_remote_access_errors,0,0,0
client,resp_local_length_error,0,0,0
client,duplicate_request,0,0,0
client,out_of_buffer,0,0,0
client,rx_icrc_encapsulated,0,0,0
client,req_transport_retries_exceeded,0,0,0
client,req_rnr_retries_exceeded,100,100,0
client,roce_adp_retrans,114,114,0
client,roce_adp_retrans_to,0,0,0
client,roce_slow_restart,0,0,0
client,port_rcv_errors,0,0,0
client,local_link_integrity_errors,0,0,0
client,link_error_recovery,0,0,0
client,link_downed,0,0,0
server,duplicate_request,0,0,0
server,implied_nak_seq_err,0,0,0
server,lifespan,10,10,0
server,local_ack_timeout_err,0,0,0
server,np_cnp_sent,1,1,0
server,np_ecn_marked_roce_packets,0,0,0
server,out_of_buffer,883,883,0
server,out_of_sequence,1,1,0
server,packet_seq_err,0,0,0
server,req_cqe_error,50,50,0
server,req_cqe_flush_error,0,0,0
server,req_remote_access_errors,10,10,0
server,req_remote_invalid_request,10,10,0
server,req_rnr_retries_exceeded,0,0,0
server,req_transport_retries_exceeded,0,0,0
server,resp_cqe_error,0,0,0
server,resp_cqe_flush_error,0,0,0
server,resp_local_length_error,0,0,0
server,resp_remote_access_errors,0,0,0
server,rnr_nak_retry_err,0,0,0
server,roce_adp_retrans,0,0,0
server,roce_adp_retrans_to,0,0,0
server,roce_slow_restart,0,0,0
server,roce_slow_restart_cnps,0,0,0
server,roce_slow_restart_trans,0,0,0
server,rp_cnp_handled,0,0,0
server,rp_cnp_ignored,0,0,0
server,rx_atomic_requests,0,0,0
server,rx_dct_connect,0,0,0
server,rx_icrc_encapsulated,0,0,0
server,rx_read_requests,201,202,1
server,rx_write_requests,1606999292,1606999292,0
# LOC_PROT_PERM,trial=28,status=4,vendor_err=0x33,latency_us=1522
client,local_ack_timeout_err,0,0,0
client,out_of_sequence,0,0,0
client,packet_seq_err,0,0,0
client,implied_nak_seq_err,0,0,0
client,rnr_nak_retry_err,100,100,0
client,req_cqe_error,1170,1171,1
client,resp_cqe_error,0,0,0
client,req_cqe_flush_error,0,0,0
client,resp_cqe_flush_error,0,0,0
client,req_remote_invalid_request,100,100,0
client,req_remote_access_errors,290,290,0
client,resp_remote_access_errors,0,0,0
client,resp_local_length_error,0,0,0
client,duplicate_request,0,0,0
client,out_of_buffer,0,0,0
client,rx_icrc_encapsulated,0,0,0
client,req_transport_retries_exceeded,0,0,0
client,req_rnr_retries_exceeded,100,100,0
client,roce_adp_retrans,114,114,0
client,roce_adp_retrans_to,0,0,0
client,roce_slow_restart,0,0,0
client,port_rcv_errors,0,0,0
client,local_link_integrity_errors,0,0,0
client,link_error_recovery,0,0,0
client,link_downed,0,0,0
server,duplicate_request,0,0,0
server,implied_nak_seq_err,0,0,0
server,lifespan,10,10,0
server,local_ack_timeout_err,0,0,0
server,np_cnp_sent,1,1,0
server,np_ecn_marked_roce_packets,0,0,0
server,out_of_buffer,883,883,0
server,out_of_sequence,1,1,0
server,packet_seq_err,0,0,0
server,req_cqe_error,50,50,0
server,req_cqe_flush_error,0,0,0
server,req_remote_access_errors,10,10,0
server,req_remote_invalid_request,10,10,0
server,req_rnr_retries_exceeded,0,0,0
server,req_transport_retries_exceeded,0,0,0
server,resp_cqe_error,0,0,0
server,resp_cqe_flush_error,0,0,0
server,resp_local_length_error,0,0,0
server,resp_remote_access_errors,0,0,0
server,rnr_nak_retry_err,0,0,0
server,roce_adp_retrans,0,0,0
server,roce_adp_retrans_to,0,0,0
server,roce_slow_restart,0,0,0
server,roce_slow_restart_cnps,0,0,0
server,roce_slow_restart_trans,0,0,0
server,rp_cnp_handled,0,0,0
server,rp_cnp_ignored,0,0,0
server,rx_atomic_requests,0,0,0
server,rx_dct_connect,0,0,0
server,rx_icrc_encapsulated,0,0,0
server,rx_read_requests,202,203,1
server,rx_write_requests,1606999293,1606999293,0
# LOC_PROT_PERM,trial=29,status=4,vendor_err=0x33,latency_us=1522
client,local_ack_timeout_err,0,0,0
client,out_of_sequence,0,0,0
client,packet_seq_err,0,0,0
client,implied_nak_seq_err,0,0,0
client,rnr_nak_retry_err,100,100,0
client,req_cqe_error,1171,1172,1
client,resp_cqe_error,0,0,0
client,req_cqe_flush_error,0,0,0
client,resp_cqe_flush_error,0,0,0
client,req_remote_invalid_request,100,100,0
client,req_remote_access_errors,290,290,0
client,resp_remote_access_errors,0,0,0
client,resp_local_length_error,0,0,0
client,duplicate_request,0,0,0
client,out_of_buffer,0,0,0
client,rx_icrc_encapsulated,0,0,0
client,req_transport_retries_exceeded,0,0,0
client,req_rnr_retries_exceeded,100,100,0
client,roce_adp_retrans,114,114,0
client,roce_adp_retrans_to,0,0,0
client,roce_slow_restart,0,0,0
client,port_rcv_errors,0,0,0
client,local_link_integrity_errors,0,0,0
client,link_error_recovery,0,0,0
client,link_downed,0,0,0
server,duplicate_request,0,0,0
server,implied_nak_seq_err,0,0,0
server,lifespan,10,10,0
server,local_ack_timeout_err,0,0,0
server,np_cnp_sent,1,1,0
server,np_ecn_marked_roce_packets,0,0,0
server,out_of_buffer,883,883,0
server,out_of_sequence,1,1,0
server,packet_seq_err,0,0,0
server,req_cqe_error,50,50,0
server,req_cqe_flush_error,0,0,0
server,req_remote_access_errors,10,10,0
server,req_remote_invalid_request,10,10,0
server,req_rnr_retries_exceeded,0,0,0
server,req_transport_retries_exceeded,0,0,0
server,resp_cqe_error,0,0,0
server,resp_cqe_flush_error,0,0,0
server,resp_local_length_error,0,0,0
server,resp_remote_access_errors,0,0,0
server,rnr_nak_retry_err,0,0,0
server,roce_adp_retrans,0,0,0
server,roce_adp_retrans_to,0,0,0
server,roce_slow_restart,0,0,0
server,roce_slow_restart_cnps,0,0,0
server,roce_slow_restart_trans,0,0,0
server,rp_cnp_handled,0,0,0
server,rp_cnp_ignored,0,0,0
server,rx_atomic_requests,0,0,0
server,rx_dct_connect,0,0,0
server,rx_icrc_encapsulated,0,0,0
server,rx_read_requests,203,204,1
server,rx_write_requests,1606999294,1606999294,0
# LOC_PROT_PERM,trial=30,status=4,vendor_err=0x33,latency_us=385
client,local_ack_timeout_err,0,0,0
client,out_of_sequence,0,0,0
client,packet_seq_err,0,0,0
client,implied_nak_seq_err,0,0,0
client,rnr_nak_retry_err,100,100,0
client,req_cqe_error,1172,1173,1
client,resp_cqe_error,0,0,0
client,req_cqe_flush_error,0,0,0
client,resp_cqe_flush_error,0,0,0
client,req_remote_invalid_request,100,100,0
client,req_remote_access_errors,290,290,0
client,resp_remote_access_errors,0,0,0
client,resp_local_length_error,0,0,0
client,duplicate_request,0,0,0
client,out_of_buffer,0,0,0
client,rx_icrc_encapsulated,0,0,0
client,req_transport_retries_exceeded,0,0,0
client,req_rnr_retries_exceeded,100,100,0
client,roce_adp_retrans,114,114,0
client,roce_adp_retrans_to,0,0,0
client,roce_slow_restart,0,0,0
client,port_rcv_errors,0,0,0
client,local_link_integrity_errors,0,0,0
client,link_error_recovery,0,0,0
client,link_downed,0,0,0
server,duplicate_request,0,0,0
server,implied_nak_seq_err,0,0,0
server,lifespan,10,10,0
server,local_ack_timeout_err,0,0,0
server,np_cnp_sent,1,1,0
server,np_ecn_marked_roce_packets,0,0,0
server,out_of_buffer,883,883,0
server,out_of_sequence,1,1,0
server,packet_seq_err,0,0,0
server,req_cqe_error,50,50,0
server,req_cqe_flush_error,0,0,0
server,req_remote_access_errors,10,10,0
server,req_remote_invalid_request,10,10,0
server,req_rnr_retries_exceeded,0,0,0
server,req_transport_retries_exceeded,0,0,0
server,resp_cqe_error,0,0,0
server,resp_cqe_flush_error,0,0,0
server,resp_local_length_error,0,0,0
server,resp_remote_access_errors,0,0,0
server,rnr_nak_retry_err,0,0,0
server,roce_adp_retrans,0,0,0
server,roce_adp_retrans_to,0,0,0
server,roce_slow_restart,0,0,0
server,roce_slow_restart_cnps,0,0,0
server,roce_slow_restart_trans,0,0,0
server,rp_cnp_handled,0,0,0
server,rp_cnp_ignored,0,0,0
server,rx_atomic_requests,0,0,0
server,rx_dct_connect,0,0,0
server,rx_icrc_encapsulated,0,0,0
server,rx_read_requests,204,205,1
server,rx_write_requests,1606999295,1606999295,0
# LOC_PROT_PERM,trial=31,status=4,vendor_err=0x33,latency_us=348
client,local_ack_timeout_err,0,0,0
client,out_of_sequence,0,0,0
client,packet_seq_err,0,0,0
client,implied_nak_seq_err,0,0,0
client,rnr_nak_retry_err,100,100,0
client,req_cqe_error,1173,1174,1
client,resp_cqe_error,0,0,0
client,req_cqe_flush_error,0,0,0
client,resp_cqe_flush_error,0,0,0
client,req_remote_invalid_request,100,100,0
client,req_remote_access_errors,290,290,0
client,resp_remote_access_errors,0,0,0
client,resp_local_length_error,0,0,0
client,duplicate_request,0,0,0
client,out_of_buffer,0,0,0
client,rx_icrc_encapsulated,0,0,0
client,req_transport_retries_exceeded,0,0,0
client,req_rnr_retries_exceeded,100,100,0
client,roce_adp_retrans,114,114,0
client,roce_adp_retrans_to,0,0,0
client,roce_slow_restart,0,0,0
client,port_rcv_errors,0,0,0
client,local_link_integrity_errors,0,0,0
client,link_error_recovery,0,0,0
client,link_downed,0,0,0
server,duplicate_request,0,0,0
server,implied_nak_seq_err,0,0,0
server,lifespan,10,10,0
server,local_ack_timeout_err,0,0,0
server,np_cnp_sent,1,1,0
server,np_ecn_marked_roce_packets,0,0,0
server,out_of_buffer,883,883,0
server,out_of_sequence,1,1,0
server,packet_seq_err,0,0,0
server,req_cqe_error,50,50,0
server,req_cqe_flush_error,0,0,0
server,req_remote_access_errors,10,10,0
server,req_remote_invalid_request,10,10,0
server,req_rnr_retries_exceeded,0,0,0
server,req_transport_retries_exceeded,0,0,0
server,resp_cqe_error,0,0,0
server,resp_cqe_flush_error,0,0,0
server,resp_local_length_error,0,0,0
server,resp_remote_access_errors,0,0,0
server,rnr_nak_retry_err,0,0,0
server,roce_adp_retrans,0,0,0
server,roce_adp_retrans_to,0,0,0
server,roce_slow_restart,0,0,0
server,roce_slow_restart_cnps,0,0,0
server,roce_slow_restart_trans,0,0,0
server,rp_cnp_handled,0,0,0
server,rp_cnp_ignored,0,0,0
server,rx_atomic_requests,0,0,0
server,rx_dct_connect,0,0,0
server,rx_icrc_encapsulated,0,0,0
server,rx_read_requests,205,206,1
server,rx_write_requests,1606999296,1606999296,0
# LOC_PROT_PERM,trial=32,status=4,vendor_err=0x33,latency_us=347
client,local_ack_timeout_err,0,0,0
client,out_of_sequence,0,0,0
client,packet_seq_err,0,0,0
client,implied_nak_seq_err,0,0,0
client,rnr_nak_retry_err,100,100,0
client,req_cqe_error,1174,1175,1
client,resp_cqe_error,0,0,0
client,req_cqe_flush_error,0,0,0
client,resp_cqe_flush_error,0,0,0
client,req_remote_invalid_request,100,100,0
client,req_remote_access_errors,290,290,0
client,resp_remote_access_errors,0,0,0
client,resp_local_length_error,0,0,0
client,duplicate_request,0,0,0
client,out_of_buffer,0,0,0
client,rx_icrc_encapsulated,0,0,0
client,req_transport_retries_exceeded,0,0,0
client,req_rnr_retries_exceeded,100,100,0
client,roce_adp_retrans,114,114,0
client,roce_adp_retrans_to,0,0,0
client,roce_slow_restart,0,0,0
client,port_rcv_errors,0,0,0
client,local_link_integrity_errors,0,0,0
client,link_error_recovery,0,0,0
client,link_downed,0,0,0
server,duplicate_request,0,0,0
server,implied_nak_seq_err,0,0,0
server,lifespan,10,10,0
server,local_ack_timeout_err,0,0,0
server,np_cnp_sent,1,1,0
server,np_ecn_marked_roce_packets,0,0,0
server,out_of_buffer,883,883,0
server,out_of_sequence,1,1,0
server,packet_seq_err,0,0,0
server,req_cqe_error,50,50,0
server,req_cqe_flush_error,0,0,0
server,req_remote_access_errors,10,10,0
server,req_remote_invalid_request,10,10,0
server,req_rnr_retries_exceeded,0,0,0
server,req_transport_retries_exceeded,0,0,0
server,resp_cqe_error,0,0,0
server,resp_cqe_flush_error,0,0,0
server,resp_local_length_error,0,0,0
server,resp_remote_access_errors,0,0,0
server,rnr_nak_retry_err,0,0,0
server,roce_adp_retrans,0,0,0
server,roce_adp_retrans_to,0,0,0
server,roce_slow_restart,0,0,0
server,roce_slow_restart_cnps,0,0,0
server,roce_slow_restart_trans,0,0,0
server,rp_cnp_handled,0,0,0
server,rp_cnp_ignored,0,0,0
server,rx_atomic_requests,0,0,0
server,rx_dct_connect,0,0,0
server,rx_icrc_encapsulated,0,0,0
server,rx_read_requests,206,207,1
server,rx_write_requests,1606999297,1606999297,0
# LOC_PROT_PERM,trial=33,status=4,vendor_err=0x33,latency_us=347
client,local_ack_timeout_err,0,0,0
client,out_of_sequence,0,0,0
client,packet_seq_err,0,0,0
client,implied_nak_seq_err,0,0,0
client,rnr_nak_retry_err,100,100,0
client,req_cqe_error,1175,1176,1
client,resp_cqe_error,0,0,0
client,req_cqe_flush_error,0,0,0
client,resp_cqe_flush_error,0,0,0
client,req_remote_invalid_request,100,100,0
client,req_remote_access_errors,290,290,0
client,resp_remote_access_errors,0,0,0
client,resp_local_length_error,0,0,0
client,duplicate_request,0,0,0
client,out_of_buffer,0,0,0
client,rx_icrc_encapsulated,0,0,0
client,req_transport_retries_exceeded,0,0,0
client,req_rnr_retries_exceeded,100,100,0
client,roce_adp_retrans,114,114,0
client,roce_adp_retrans_to,0,0,0
client,roce_slow_restart,0,0,0
client,port_rcv_errors,0,0,0
client,local_link_integrity_errors,0,0,0
client,link_error_recovery,0,0,0
client,link_downed,0,0,0
server,duplicate_request,0,0,0
server,implied_nak_seq_err,0,0,0
server,lifespan,10,10,0
server,local_ack_timeout_err,0,0,0
server,np_cnp_sent,1,1,0
server,np_ecn_marked_roce_packets,0,0,0
server,out_of_buffer,883,883,0
server,out_of_sequence,1,1,0
server,packet_seq_err,0,0,0
server,req_cqe_error,50,50,0
server,req_cqe_flush_error,0,0,0
server,req_remote_access_errors,10,10,0
server,req_remote_invalid_request,10,10,0
server,req_rnr_retries_exceeded,0,0,0
server,req_transport_retries_exceeded,0,0,0
server,resp_cqe_error,0,0,0
server,resp_cqe_flush_error,0,0,0
server,resp_local_length_error,0,0,0
server,resp_remote_access_errors,0,0,0
server,rnr_nak_retry_err,0,0,0
server,roce_adp_retrans,0,0,0
server,roce_adp_retrans_to,0,0,0
server,roce_slow_restart,0,0,0
server,roce_slow_restart_cnps,0,0,0
server,roce_slow_restart_trans,0,0,0
server,rp_cnp_handled,0,0,0
server,rp_cnp_ignored,0,0,0
server,rx_atomic_requests,0,0,0
server,rx_dct_connect,0,0,0
server,rx_icrc_encapsulated,0,0,0
server,rx_read_requests,207,208,1
server,rx_write_requests,1606999298,1606999298,0
# LOC_PROT_PERM,trial=34,status=4,vendor_err=0x33,latency_us=347
client,local_ack_timeout_err,0,0,0
client,out_of_sequence,0,0,0
client,packet_seq_err,0,0,0
client,implied_nak_seq_err,0,0,0
client,rnr_nak_retry_err,100,100,0
client,req_cqe_error,1176,1177,1
client,resp_cqe_error,0,0,0
client,req_cqe_flush_error,0,0,0
client,resp_cqe_flush_error,0,0,0
client,req_remote_invalid_request,100,100,0
client,req_remote_access_errors,290,290,0
client,resp_remote_access_errors,0,0,0
client,resp_local_length_error,0,0,0
client,duplicate_request,0,0,0
client,out_of_buffer,0,0,0
client,rx_icrc_encapsulated,0,0,0
client,req_transport_retries_exceeded,0,0,0
client,req_rnr_retries_exceeded,100,100,0
client,roce_adp_retrans,114,114,0
client,roce_adp_retrans_to,0,0,0
client,roce_slow_restart,0,0,0
client,port_rcv_errors,0,0,0
client,local_link_integrity_errors,0,0,0
client,link_error_recovery,0,0,0
client,link_downed,0,0,0
server,duplicate_request,0,0,0
server,implied_nak_seq_err,0,0,0
server,lifespan,10,10,0
server,local_ack_timeout_err,0,0,0
server,np_cnp_sent,1,1,0
server,np_ecn_marked_roce_packets,0,0,0
server,out_of_buffer,883,883,0
server,out_of_sequence,1,1,0
server,packet_seq_err,0,0,0
server,req_cqe_error,50,50,0
server,req_cqe_flush_error,0,0,0
server,req_remote_access_errors,10,10,0
server,req_remote_invalid_request,10,10,0
server,req_rnr_retries_exceeded,0,0,0
server,req_transport_retries_exceeded,0,0,0
server,resp_cqe_error,0,0,0
server,resp_cqe_flush_error,0,0,0
server,resp_local_length_error,0,0,0
server,resp_remote_access_errors,0,0,0
server,rnr_nak_retry_err,0,0,0
server,roce_adp_retrans,0,0,0
server,roce_adp_retrans_to,0,0,0
server,roce_slow_restart,0,0,0
server,roce_slow_restart_cnps,0,0,0
server,roce_slow_restart_trans,0,0,0
server,rp_cnp_handled,0,0,0
server,rp_cnp_ignored,0,0,0
server,rx_atomic_requests,0,0,0
server,rx_dct_connect,0,0,0
server,rx_icrc_encapsulated,0,0,0
server,rx_read_requests,208,209,1
server,rx_write_requests,1606999299,1606999299,0
# LOC_PROT_PERM,trial=35,status=4,vendor_err=0x33,latency_us=347
client,local_ack_timeout_err,0,0,0
client,out_of_sequence,0,0,0
client,packet_seq_err,0,0,0
client,implied_nak_seq_err,0,0,0
client,rnr_nak_retry_err,100,100,0
client,req_cqe_error,1177,1178,1
client,resp_cqe_error,0,0,0
client,req_cqe_flush_error,0,0,0
client,resp_cqe_flush_error,0,0,0
client,req_remote_invalid_request,100,100,0
client,req_remote_access_errors,290,290,0
client,resp_remote_access_errors,0,0,0
client,resp_local_length_error,0,0,0
client,duplicate_request,0,0,0
client,out_of_buffer,0,0,0
client,rx_icrc_encapsulated,0,0,0
client,req_transport_retries_exceeded,0,0,0
client,req_rnr_retries_exceeded,100,100,0
client,roce_adp_retrans,114,114,0
client,roce_adp_retrans_to,0,0,0
client,roce_slow_restart,0,0,0
client,port_rcv_errors,0,0,0
client,local_link_integrity_errors,0,0,0
client,link_error_recovery,0,0,0
client,link_downed,0,0,0
server,duplicate_request,0,0,0
server,implied_nak_seq_err,0,0,0
server,lifespan,10,10,0
server,local_ack_timeout_err,0,0,0
server,np_cnp_sent,1,1,0
server,np_ecn_marked_roce_packets,0,0,0
server,out_of_buffer,883,883,0
server,out_of_sequence,1,1,0
server,packet_seq_err,0,0,0
server,req_cqe_error,50,50,0
server,req_cqe_flush_error,0,0,0
server,req_remote_access_errors,10,10,0
server,req_remote_invalid_request,10,10,0
server,req_rnr_retries_exceeded,0,0,0
server,req_transport_retries_exceeded,0,0,0
server,resp_cqe_error,0,0,0
server,resp_cqe_flush_error,0,0,0
server,resp_local_length_error,0,0,0
server,resp_remote_access_errors,0,0,0
server,rnr_nak_retry_err,0,0,0
server,roce_adp_retrans,0,0,0
server,roce_adp_retrans_to,0,0,0
server,roce_slow_restart,0,0,0
server,roce_slow_restart_cnps,0,0,0
server,roce_slow_restart_trans,0,0,0
server,rp_cnp_handled,0,0,0
server,rp_cnp_ignored,0,0,0
server,rx_atomic_requests,0,0,0
server,rx_dct_connect,0,0,0
server,rx_icrc_encapsulated,0,0,0
server,rx_read_requests,209,210,1
server,rx_write_requests,1606999300,1606999300,0
# LOC_PROT_PERM,trial=36,status=4,vendor_err=0x33,latency_us=345
client,local_ack_timeout_err,0,0,0
client,out_of_sequence,0,0,0
client,packet_seq_err,0,0,0
client,implied_nak_seq_err,0,0,0
client,rnr_nak_retry_err,100,100,0
client,req_cqe_error,1178,1179,1
client,resp_cqe_error,0,0,0
client,req_cqe_flush_error,0,0,0
client,resp_cqe_flush_error,0,0,0
client,req_remote_invalid_request,100,100,0
client,req_remote_access_errors,290,290,0
client,resp_remote_access_errors,0,0,0
client,resp_local_length_error,0,0,0
client,duplicate_request,0,0,0
client,out_of_buffer,0,0,0
client,rx_icrc_encapsulated,0,0,0
client,req_transport_retries_exceeded,0,0,0
client,req_rnr_retries_exceeded,100,100,0
client,roce_adp_retrans,114,114,0
client,roce_adp_retrans_to,0,0,0
client,roce_slow_restart,0,0,0
client,port_rcv_errors,0,0,0
client,local_link_integrity_errors,0,0,0
client,link_error_recovery,0,0,0
client,link_downed,0,0,0
server,duplicate_request,0,0,0
server,implied_nak_seq_err,0,0,0
server,lifespan,10,10,0
server,local_ack_timeout_err,0,0,0
server,np_cnp_sent,1,1,0
server,np_ecn_marked_roce_packets,0,0,0
server,out_of_buffer,883,883,0
server,out_of_sequence,1,1,0
server,packet_seq_err,0,0,0
server,req_cqe_error,50,50,0
server,req_cqe_flush_error,0,0,0
server,req_remote_access_errors,10,10,0
server,req_remote_invalid_request,10,10,0
server,req_rnr_retries_exceeded,0,0,0
server,req_transport_retries_exceeded,0,0,0
server,resp_cqe_error,0,0,0
server,resp_cqe_flush_error,0,0,0
server,resp_local_length_error,0,0,0
server,resp_remote_access_errors,0,0,0
server,rnr_nak_retry_err,0,0,0
server,roce_adp_retrans,0,0,0
server,roce_adp_retrans_to,0,0,0
server,roce_slow_restart,0,0,0
server,roce_slow_restart_cnps,0,0,0
server,roce_slow_restart_trans,0,0,0
server,rp_cnp_handled,0,0,0
server,rp_cnp_ignored,0,0,0
server,rx_atomic_requests,0,0,0
server,rx_dct_connect,0,0,0
server,rx_icrc_encapsulated,0,0,0
server,rx_read_requests,210,211,1
server,rx_write_requests,1606999301,1606999301,0
# LOC_PROT_PERM,trial=37,status=4,vendor_err=0x33,latency_us=347
client,local_ack_timeout_err,0,0,0
client,out_of_sequence,0,0,0
client,packet_seq_err,0,0,0
client,implied_nak_seq_err,0,0,0
client,rnr_nak_retry_err,100,100,0
client,req_cqe_error,1179,1180,1
client,resp_cqe_error,0,0,0
client,req_cqe_flush_error,0,0,0
client,resp_cqe_flush_error,0,0,0
client,req_remote_invalid_request,100,100,0
client,req_remote_access_errors,290,290,0
client,resp_remote_access_errors,0,0,0
client,resp_local_length_error,0,0,0
client,duplicate_request,0,0,0
client,out_of_buffer,0,0,0
client,rx_icrc_encapsulated,0,0,0
client,req_transport_retries_exceeded,0,0,0
client,req_rnr_retries_exceeded,100,100,0
client,roce_adp_retrans,114,114,0
client,roce_adp_retrans_to,0,0,0
client,roce_slow_restart,0,0,0
client,port_rcv_errors,0,0,0
client,local_link_integrity_errors,0,0,0
client,link_error_recovery,0,0,0
client,link_downed,0,0,0
server,duplicate_request,0,0,0
server,implied_nak_seq_err,0,0,0
server,lifespan,10,10,0
server,local_ack_timeout_err,0,0,0
server,np_cnp_sent,1,1,0
server,np_ecn_marked_roce_packets,0,0,0
server,out_of_buffer,883,883,0
server,out_of_sequence,1,1,0
server,packet_seq_err,0,0,0
server,req_cqe_error,50,50,0
server,req_cqe_flush_error,0,0,0
server,req_remote_access_errors,10,10,0
server,req_remote_invalid_request,10,10,0
server,req_rnr_retries_exceeded,0,0,0
server,req_transport_retries_exceeded,0,0,0
server,resp_cqe_error,0,0,0
server,resp_cqe_flush_error,0,0,0
server,resp_local_length_error,0,0,0
server,resp_remote_access_errors,0,0,0
server,rnr_nak_retry_err,0,0,0
server,roce_adp_retrans,0,0,0
server,roce_adp_retrans_to,0,0,0
server,roce_slow_restart,0,0,0
server,roce_slow_restart_cnps,0,0,0
server,roce_slow_restart_trans,0,0,0
server,rp_cnp_handled,0,0,0
server,rp_cnp_ignored,0,0,0
server,rx_atomic_requests,0,0,0
server,rx_dct_connect,0,0,0
server,rx_icrc_encapsulated,0,0,0
server,rx_read_requests,211,212,1
server,rx_write_requests,1606999302,1606999302,0
# LOC_PROT_PERM,trial=38,status=4,vendor_err=0x33,latency_us=348
client,local_ack_timeout_err,0,0,0
client,out_of_sequence,0,0,0
client,packet_seq_err,0,0,0
client,implied_nak_seq_err,0,0,0
client,rnr_nak_retry_err,100,100,0
client,req_cqe_error,1180,1181,1
client,resp_cqe_error,0,0,0
client,req_cqe_flush_error,0,0,0
client,resp_cqe_flush_error,0,0,0
client,req_remote_invalid_request,100,100,0
client,req_remote_access_errors,290,290,0
client,resp_remote_access_errors,0,0,0
client,resp_local_length_error,0,0,0
client,duplicate_request,0,0,0
client,out_of_buffer,0,0,0
client,rx_icrc_encapsulated,0,0,0
client,req_transport_retries_exceeded,0,0,0
client,req_rnr_retries_exceeded,100,100,0
client,roce_adp_retrans,114,114,0
client,roce_adp_retrans_to,0,0,0
client,roce_slow_restart,0,0,0
client,port_rcv_errors,0,0,0
client,local_link_integrity_errors,0,0,0
client,link_error_recovery,0,0,0
client,link_downed,0,0,0
server,duplicate_request,0,0,0
server,implied_nak_seq_err,0,0,0
server,lifespan,10,10,0
server,local_ack_timeout_err,0,0,0
server,np_cnp_sent,1,1,0
server,np_ecn_marked_roce_packets,0,0,0
server,out_of_buffer,883,883,0
server,out_of_sequence,1,1,0
server,packet_seq_err,0,0,0
server,req_cqe_error,50,50,0
server,req_cqe_flush_error,0,0,0
server,req_remote_access_errors,10,10,0
server,req_remote_invalid_request,10,10,0
server,req_rnr_retries_exceeded,0,0,0
server,req_transport_retries_exceeded,0,0,0
server,resp_cqe_error,0,0,0
server,resp_cqe_flush_error,0,0,0
server,resp_local_length_error,0,0,0
server,resp_remote_access_errors,0,0,0
server,rnr_nak_retry_err,0,0,0
server,roce_adp_retrans,0,0,0
server,roce_adp_retrans_to,0,0,0
server,roce_slow_restart,0,0,0
server,roce_slow_restart_cnps,0,0,0
server,roce_slow_restart_trans,0,0,0
server,rp_cnp_handled,0,0,0
server,rp_cnp_ignored,0,0,0
server,rx_atomic_requests,0,0,0
server,rx_dct_connect,0,0,0
server,rx_icrc_encapsulated,0,0,0
server,rx_read_requests,212,213,1
server,rx_write_requests,1606999303,1606999303,0
# LOC_PROT_PERM,trial=39,status=4,vendor_err=0x33,latency_us=387
client,local_ack_timeout_err,0,0,0
client,out_of_sequence,0,0,0
client,packet_seq_err,0,0,0
client,implied_nak_seq_err,0,0,0
client,rnr_nak_retry_err,100,100,0
client,req_cqe_error,1181,1182,1
client,resp_cqe_error,0,0,0
client,req_cqe_flush_error,0,0,0
client,resp_cqe_flush_error,0,0,0
client,req_remote_invalid_request,100,100,0
client,req_remote_access_errors,290,290,0
client,resp_remote_access_errors,0,0,0
client,resp_local_length_error,0,0,0
client,duplicate_request,0,0,0
client,out_of_buffer,0,0,0
client,rx_icrc_encapsulated,0,0,0
client,req_transport_retries_exceeded,0,0,0
client,req_rnr_retries_exceeded,100,100,0
client,roce_adp_retrans,114,114,0
client,roce_adp_retrans_to,0,0,0
client,roce_slow_restart,0,0,0
client,port_rcv_errors,0,0,0
client,local_link_integrity_errors,0,0,0
client,link_error_recovery,0,0,0
client,link_downed,0,0,0
server,duplicate_request,0,0,0
server,implied_nak_seq_err,0,0,0
server,lifespan,10,10,0
server,local_ack_timeout_err,0,0,0
server,np_cnp_sent,1,1,0
server,np_ecn_marked_roce_packets,0,0,0
server,out_of_buffer,883,883,0
server,out_of_sequence,1,1,0
server,packet_seq_err,0,0,0
server,req_cqe_error,50,50,0
server,req_cqe_flush_error,0,0,0
server,req_remote_access_errors,10,10,0
server,req_remote_invalid_request,10,10,0
server,req_rnr_retries_exceeded,0,0,0
server,req_transport_retries_exceeded,0,0,0
server,resp_cqe_error,0,0,0
server,resp_cqe_flush_error,0,0,0
server,resp_local_length_error,0,0,0
server,resp_remote_access_errors,0,0,0
server,rnr_nak_retry_err,0,0,0
server,roce_adp_retrans,0,0,0
server,roce_adp_retrans_to,0,0,0
server,roce_slow_restart,0,0,0
server,roce_slow_restart_cnps,0,0,0
server,roce_slow_restart_trans,0,0,0
server,rp_cnp_handled,0,0,0
server,rp_cnp_ignored,0,0,0
server,rx_atomic_requests,0,0,0
server,rx_dct_connect,0,0,0
server,rx_icrc_encapsulated,0,0,0
server,rx_read_requests,213,214,1
server,rx_write_requests,1606999304,1606999304,0
# LOC_PROT_PERM,trial=40,status=4,vendor_err=0x33,latency_us=347
client,local_ack_timeout_err,0,0,0
client,out_of_sequence,0,0,0
client,packet_seq_err,0,0,0
client,implied_nak_seq_err,0,0,0
client,rnr_nak_retry_err,100,100,0
client,req_cqe_error,1182,1183,1
client,resp_cqe_error,0,0,0
client,req_cqe_flush_error,0,0,0
client,resp_cqe_flush_error,0,0,0
client,req_remote_invalid_request,100,100,0
client,req_remote_access_errors,290,290,0
client,resp_remote_access_errors,0,0,0
client,resp_local_length_error,0,0,0
client,duplicate_request,0,0,0
client,out_of_buffer,0,0,0
client,rx_icrc_encapsulated,0,0,0
client,req_transport_retries_exceeded,0,0,0
client,req_rnr_retries_exceeded,100,100,0
client,roce_adp_retrans,114,114,0
client,roce_adp_retrans_to,0,0,0
client,roce_slow_restart,0,0,0
client,port_rcv_errors,0,0,0
client,local_link_integrity_errors,0,0,0
client,link_error_recovery,0,0,0
client,link_downed,0,0,0
server,duplicate_request,0,0,0
server,implied_nak_seq_err,0,0,0
server,lifespan,10,10,0
server,local_ack_timeout_err,0,0,0
server,np_cnp_sent,1,1,0
server,np_ecn_marked_roce_packets,0,0,0
server,out_of_buffer,883,883,0
server,out_of_sequence,1,1,0
server,packet_seq_err,0,0,0
server,req_cqe_error,50,50,0
server,req_cqe_flush_error,0,0,0
server,req_remote_access_errors,10,10,0
server,req_remote_invalid_request,10,10,0
server,req_rnr_retries_exceeded,0,0,0
server,req_transport_retries_exceeded,0,0,0
server,resp_cqe_error,0,0,0
server,resp_cqe_flush_error,0,0,0
server,resp_local_length_error,0,0,0
server,resp_remote_access_errors,0,0,0
server,rnr_nak_retry_err,0,0,0
server,roce_adp_retrans,0,0,0
server,roce_adp_retrans_to,0,0,0
server,roce_slow_restart,0,0,0
server,roce_slow_restart_cnps,0,0,0
server,roce_slow_restart_trans,0,0,0
server,rp_cnp_handled,0,0,0
server,rp_cnp_ignored,0,0,0
server,rx_atomic_requests,0,0,0
server,rx_dct_connect,0,0,0
server,rx_icrc_encapsulated,0,0,0
server,rx_read_requests,214,215,1
server,rx_write_requests,1606999305,1606999305,0
# LOC_PROT_PERM,trial=41,status=4,vendor_err=0x33,latency_us=344
client,local_ack_timeout_err,0,0,0
client,out_of_sequence,0,0,0
client,packet_seq_err,0,0,0
client,implied_nak_seq_err,0,0,0
client,rnr_nak_retry_err,100,100,0
client,req_cqe_error,1183,1184,1
client,resp_cqe_error,0,0,0
client,req_cqe_flush_error,0,0,0
client,resp_cqe_flush_error,0,0,0
client,req_remote_invalid_request,100,100,0
client,req_remote_access_errors,290,290,0
client,resp_remote_access_errors,0,0,0
client,resp_local_length_error,0,0,0
client,duplicate_request,0,0,0
client,out_of_buffer,0,0,0
client,rx_icrc_encapsulated,0,0,0
client,req_transport_retries_exceeded,0,0,0
client,req_rnr_retries_exceeded,100,100,0
client,roce_adp_retrans,114,114,0
client,roce_adp_retrans_to,0,0,0
client,roce_slow_restart,0,0,0
client,port_rcv_errors,0,0,0
client,local_link_integrity_errors,0,0,0
client,link_error_recovery,0,0,0
client,link_downed,0,0,0
server,duplicate_request,0,0,0
server,implied_nak_seq_err,0,0,0
server,lifespan,10,10,0
server,local_ack_timeout_err,0,0,0
server,np_cnp_sent,1,1,0
server,np_ecn_marked_roce_packets,0,0,0
server,out_of_buffer,883,883,0
server,out_of_sequence,1,1,0
server,packet_seq_err,0,0,0
server,req_cqe_error,50,50,0
server,req_cqe_flush_error,0,0,0
server,req_remote_access_errors,10,10,0
server,req_remote_invalid_request,10,10,0
server,req_rnr_retries_exceeded,0,0,0
server,req_transport_retries_exceeded,0,0,0
server,resp_cqe_error,0,0,0
server,resp_cqe_flush_error,0,0,0
server,resp_local_length_error,0,0,0
server,resp_remote_access_errors,0,0,0
server,rnr_nak_retry_err,0,0,0
server,roce_adp_retrans,0,0,0
server,roce_adp_retrans_to,0,0,0
server,roce_slow_restart,0,0,0
server,roce_slow_restart_cnps,0,0,0
server,roce_slow_restart_trans,0,0,0
server,rp_cnp_handled,0,0,0
server,rp_cnp_ignored,0,0,0
server,rx_atomic_requests,0,0,0
server,rx_dct_connect,0,0,0
server,rx_icrc_encapsulated,0,0,0
server,rx_read_requests,215,216,1
server,rx_write_requests,1606999306,1606999306,0
# LOC_PROT_PERM,trial=42,status=4,vendor_err=0x33,latency_us=346
client,local_ack_timeout_err,0,0,0
client,out_of_sequence,0,0,0
client,packet_seq_err,0,0,0
client,implied_nak_seq_err,0,0,0
client,rnr_nak_retry_err,100,100,0
client,req_cqe_error,1184,1185,1
client,resp_cqe_error,0,0,0
client,req_cqe_flush_error,0,0,0
client,resp_cqe_flush_error,0,0,0
client,req_remote_invalid_request,100,100,0
client,req_remote_access_errors,290,290,0
client,resp_remote_access_errors,0,0,0
client,resp_local_length_error,0,0,0
client,duplicate_request,0,0,0
client,out_of_buffer,0,0,0
client,rx_icrc_encapsulated,0,0,0
client,req_transport_retries_exceeded,0,0,0
client,req_rnr_retries_exceeded,100,100,0
client,roce_adp_retrans,114,114,0
client,roce_adp_retrans_to,0,0,0
client,roce_slow_restart,0,0,0
client,port_rcv_errors,0,0,0
client,local_link_integrity_errors,0,0,0
client,link_error_recovery,0,0,0
client,link_downed,0,0,0
server,duplicate_request,0,0,0
server,implied_nak_seq_err,0,0,0
server,lifespan,10,10,0
server,local_ack_timeout_err,0,0,0
server,np_cnp_sent,1,1,0
server,np_ecn_marked_roce_packets,0,0,0
server,out_of_buffer,883,883,0
server,out_of_sequence,1,1,0
server,packet_seq_err,0,0,0
server,req_cqe_error,50,50,0
server,req_cqe_flush_error,0,0,0
server,req_remote_access_errors,10,10,0
server,req_remote_invalid_request,10,10,0
server,req_rnr_retries_exceeded,0,0,0
server,req_transport_retries_exceeded,0,0,0
server,resp_cqe_error,0,0,0
server,resp_cqe_flush_error,0,0,0
server,resp_local_length_error,0,0,0
server,resp_remote_access_errors,0,0,0
server,rnr_nak_retry_err,0,0,0
server,roce_adp_retrans,0,0,0
server,roce_adp_retrans_to,0,0,0
server,roce_slow_restart,0,0,0
server,roce_slow_restart_cnps,0,0,0
server,roce_slow_restart_trans,0,0,0
server,rp_cnp_handled,0,0,0
server,rp_cnp_ignored,0,0,0
server,rx_atomic_requests,0,0,0
server,rx_dct_connect,0,0,0
server,rx_icrc_encapsulated,0,0,0
server,rx_read_requests,216,217,1
server,rx_write_requests,1606999307,1606999307,0
# LOC_PROT_PERM,trial=43,status=4,vendor_err=0x33,latency_us=347
client,local_ack_timeout_err,0,0,0
client,out_of_sequence,0,0,0
client,packet_seq_err,0,0,0
client,implied_nak_seq_err,0,0,0
client,rnr_nak_retry_err,100,100,0
client,req_cqe_error,1185,1186,1
client,resp_cqe_error,0,0,0
client,req_cqe_flush_error,0,0,0
client,resp_cqe_flush_error,0,0,0
client,req_remote_invalid_request,100,100,0
client,req_remote_access_errors,290,290,0
client,resp_remote_access_errors,0,0,0
client,resp_local_length_error,0,0,0
client,duplicate_request,0,0,0
client,out_of_buffer,0,0,0
client,rx_icrc_encapsulated,0,0,0
client,req_transport_retries_exceeded,0,0,0
client,req_rnr_retries_exceeded,100,100,0
client,roce_adp_retrans,114,114,0
client,roce_adp_retrans_to,0,0,0
client,roce_slow_restart,0,0,0
client,port_rcv_errors,0,0,0
client,local_link_integrity_errors,0,0,0
client,link_error_recovery,0,0,0
client,link_downed,0,0,0
server,duplicate_request,0,0,0
server,implied_nak_seq_err,0,0,0
server,lifespan,10,10,0
server,local_ack_timeout_err,0,0,0
server,np_cnp_sent,1,1,0
server,np_ecn_marked_roce_packets,0,0,0
server,out_of_buffer,883,883,0
server,out_of_sequence,1,1,0
server,packet_seq_err,0,0,0
server,req_cqe_error,50,50,0
server,req_cqe_flush_error,0,0,0
server,req_remote_access_errors,10,10,0
server,req_remote_invalid_request,10,10,0
server,req_rnr_retries_exceeded,0,0,0
server,req_transport_retries_exceeded,0,0,0
server,resp_cqe_error,0,0,0
server,resp_cqe_flush_error,0,0,0
server,resp_local_length_error,0,0,0
server,resp_remote_access_errors,0,0,0
server,rnr_nak_retry_err,0,0,0
server,roce_adp_retrans,0,0,0
server,roce_adp_retrans_to,0,0,0
server,roce_slow_restart,0,0,0
server,roce_slow_restart_cnps,0,0,0
server,roce_slow_restart_trans,0,0,0
server,rp_cnp_handled,0,0,0
server,rp_cnp_ignored,0,0,0
server,rx_atomic_requests,0,0,0
server,rx_dct_connect,0,0,0
server,rx_icrc_encapsulated,0,0,0
server,rx_read_requests,217,218,1
server,rx_write_requests,1606999308,1606999308,0
# LOC_PROT_PERM,trial=44,status=4,vendor_err=0x33,latency_us=348
client,local_ack_timeout_err,0,0,0
client,out_of_sequence,0,0,0
client,packet_seq_err,0,0,0
client,implied_nak_seq_err,0,0,0
client,rnr_nak_retry_err,100,100,0
client,req_cqe_error,1186,1187,1
client,resp_cqe_error,0,0,0
client,req_cqe_flush_error,0,0,0
client,resp_cqe_flush_error,0,0,0
client,req_remote_invalid_request,100,100,0
client,req_remote_access_errors,290,290,0
client,resp_remote_access_errors,0,0,0
client,resp_local_length_error,0,0,0
client,duplicate_request,0,0,0
client,out_of_buffer,0,0,0
client,rx_icrc_encapsulated,0,0,0
client,req_transport_retries_exceeded,0,0,0
client,req_rnr_retries_exceeded,100,100,0
client,roce_adp_retrans,114,114,0
client,roce_adp_retrans_to,0,0,0
client,roce_slow_restart,0,0,0
client,port_rcv_errors,0,0,0
client,local_link_integrity_errors,0,0,0
client,link_error_recovery,0,0,0
client,link_downed,0,0,0
server,duplicate_request,0,0,0
server,implied_nak_seq_err,0,0,0
server,lifespan,10,10,0
server,local_ack_timeout_err,0,0,0
server,np_cnp_sent,1,1,0
server,np_ecn_marked_roce_packets,0,0,0
server,out_of_buffer,883,883,0
server,out_of_sequence,1,1,0
server,packet_seq_err,0,0,0
server,req_cqe_error,50,50,0
server,req_cqe_flush_error,0,0,0
server,req_remote_access_errors,10,10,0
server,req_remote_invalid_request,10,10,0
server,req_rnr_retries_exceeded,0,0,0
server,req_transport_retries_exceeded,0,0,0
server,resp_cqe_error,0,0,0
server,resp_cqe_flush_error,0,0,0
server,resp_local_length_error,0,0,0
server,resp_remote_access_errors,0,0,0
server,rnr_nak_retry_err,0,0,0
server,roce_adp_retrans,0,0,0
server,roce_adp_retrans_to,0,0,0
server,roce_slow_restart,0,0,0
server,roce_slow_restart_cnps,0,0,0
server,roce_slow_restart_trans,0,0,0
server,rp_cnp_handled,0,0,0
server,rp_cnp_ignored,0,0,0
server,rx_atomic_requests,0,0,0
server,rx_dct_connect,0,0,0
server,rx_icrc_encapsulated,0,0,0
server,rx_read_requests,218,219,1
server,rx_write_requests,1606999309,1606999309,0
# LOC_PROT_PERM,trial=45,status=4,vendor_err=0x33,latency_us=353
client,local_ack_timeout_err,0,0,0
client,out_of_sequence,0,0,0
client,packet_seq_err,0,0,0
client,implied_nak_seq_err,0,0,0
client,rnr_nak_retry_err,100,100,0
client,req_cqe_error,1187,1188,1
client,resp_cqe_error,0,0,0
client,req_cqe_flush_error,0,0,0
client,resp_cqe_flush_error,0,0,0
client,req_remote_invalid_request,100,100,0
client,req_remote_access_errors,290,290,0
client,resp_remote_access_errors,0,0,0
client,resp_local_length_error,0,0,0
client,duplicate_request,0,0,0
client,out_of_buffer,0,0,0
client,rx_icrc_encapsulated,0,0,0
client,req_transport_retries_exceeded,0,0,0
client,req_rnr_retries_exceeded,100,100,0
client,roce_adp_retrans,114,114,0
client,roce_adp_retrans_to,0,0,0
client,roce_slow_restart,0,0,0
client,port_rcv_errors,0,0,0
client,local_link_integrity_errors,0,0,0
client,link_error_recovery,0,0,0
client,link_downed,0,0,0
server,duplicate_request,0,0,0
server,implied_nak_seq_err,0,0,0
server,lifespan,10,10,0
server,local_ack_timeout_err,0,0,0
server,np_cnp_sent,1,1,0
server,np_ecn_marked_roce_packets,0,0,0
server,out_of_buffer,883,883,0
server,out_of_sequence,1,1,0
server,packet_seq_err,0,0,0
server,req_cqe_error,50,50,0
server,req_cqe_flush_error,0,0,0
server,req_remote_access_errors,10,10,0
server,req_remote_invalid_request,10,10,0
server,req_rnr_retries_exceeded,0,0,0
server,req_transport_retries_exceeded,0,0,0
server,resp_cqe_error,0,0,0
server,resp_cqe_flush_error,0,0,0
server,resp_local_length_error,0,0,0
server,resp_remote_access_errors,0,0,0
server,rnr_nak_retry_err,0,0,0
server,roce_adp_retrans,0,0,0
server,roce_adp_retrans_to,0,0,0
server,roce_slow_restart,0,0,0
server,roce_slow_restart_cnps,0,0,0
server,roce_slow_restart_trans,0,0,0
server,rp_cnp_handled,0,0,0
server,rp_cnp_ignored,0,0,0
server,rx_atomic_requests,0,0,0
server,rx_dct_connect,0,0,0
server,rx_icrc_encapsulated,0,0,0
server,rx_read_requests,219,220,1
server,rx_write_requests,1606999310,1606999310,0
# LOC_PROT_PERM,trial=46,status=4,vendor_err=0x33,latency_us=351
client,local_ack_timeout_err,0,0,0
client,out_of_sequence,0,0,0
client,packet_seq_err,0,0,0
client,implied_nak_seq_err,0,0,0
client,rnr_nak_retry_err,100,100,0
client,req_cqe_error,1188,1189,1
client,resp_cqe_error,0,0,0
client,req_cqe_flush_error,0,0,0
client,resp_cqe_flush_error,0,0,0
client,req_remote_invalid_request,100,100,0
client,req_remote_access_errors,290,290,0
client,resp_remote_access_errors,0,0,0
client,resp_local_length_error,0,0,0
client,duplicate_request,0,0,0
client,out_of_buffer,0,0,0
client,rx_icrc_encapsulated,0,0,0
client,req_transport_retries_exceeded,0,0,0
client,req_rnr_retries_exceeded,100,100,0
client,roce_adp_retrans,114,114,0
client,roce_adp_retrans_to,0,0,0
client,roce_slow_restart,0,0,0
client,port_rcv_errors,0,0,0
client,local_link_integrity_errors,0,0,0
client,link_error_recovery,0,0,0
client,link_downed,0,0,0
server,duplicate_request,0,0,0
server,implied_nak_seq_err,0,0,0
server,lifespan,10,10,0
server,local_ack_timeout_err,0,0,0
server,np_cnp_sent,1,1,0
server,np_ecn_marked_roce_packets,0,0,0
server,out_of_buffer,883,883,0
server,out_of_sequence,1,1,0
server,packet_seq_err,0,0,0
server,req_cqe_error,50,50,0
server,req_cqe_flush_error,0,0,0
server,req_remote_access_errors,10,10,0
server,req_remote_invalid_request,10,10,0
server,req_rnr_retries_exceeded,0,0,0
server,req_transport_retries_exceeded,0,0,0
server,resp_cqe_error,0,0,0
server,resp_cqe_flush_error,0,0,0
server,resp_local_length_error,0,0,0
server,resp_remote_access_errors,0,0,0
server,rnr_nak_retry_err,0,0,0
server,roce_adp_retrans,0,0,0
server,roce_adp_retrans_to,0,0,0
server,roce_slow_restart,0,0,0
server,roce_slow_restart_cnps,0,0,0
server,roce_slow_restart_trans,0,0,0
server,rp_cnp_handled,0,0,0
server,rp_cnp_ignored,0,0,0
server,rx_atomic_requests,0,0,0
server,rx_dct_connect,0,0,0
server,rx_icrc_encapsulated,0,0,0
server,rx_read_requests,220,221,1
server,rx_write_requests,1606999311,1606999311,0
# LOC_PROT_PERM,trial=47,status=4,vendor_err=0x33,latency_us=348
client,local_ack_timeout_err,0,0,0
client,out_of_sequence,0,0,0
client,packet_seq_err,0,0,0
client,implied_nak_seq_err,0,0,0
client,rnr_nak_retry_err,100,100,0
client,req_cqe_error,1189,1190,1
client,resp_cqe_error,0,0,0
client,req_cqe_flush_error,0,0,0
client,resp_cqe_flush_error,0,0,0
client,req_remote_invalid_request,100,100,0
client,req_remote_access_errors,290,290,0
client,resp_remote_access_errors,0,0,0
client,resp_local_length_error,0,0,0
client,duplicate_request,0,0,0
client,out_of_buffer,0,0,0
client,rx_icrc_encapsulated,0,0,0
client,req_transport_retries_exceeded,0,0,0
client,req_rnr_retries_exceeded,100,100,0
client,roce_adp_retrans,114,114,0
client,roce_adp_retrans_to,0,0,0
client,roce_slow_restart,0,0,0
client,port_rcv_errors,0,0,0
client,local_link_integrity_errors,0,0,0
client,link_error_recovery,0,0,0
client,link_downed,0,0,0
server,duplicate_request,0,0,0
server,implied_nak_seq_err,0,0,0
server,lifespan,10,10,0
server,local_ack_timeout_err,0,0,0
server,np_cnp_sent,1,1,0
server,np_ecn_marked_roce_packets,0,0,0
server,out_of_buffer,883,883,0
server,out_of_sequence,1,1,0
server,packet_seq_err,0,0,0
server,req_cqe_error,50,50,0
server,req_cqe_flush_error,0,0,0
server,req_remote_access_errors,10,10,0
server,req_remote_invalid_request,10,10,0
server,req_rnr_retries_exceeded,0,0,0
server,req_transport_retries_exceeded,0,0,0
server,resp_cqe_error,0,0,0
server,resp_cqe_flush_error,0,0,0
server,resp_local_length_error,0,0,0
server,resp_remote_access_errors,0,0,0
server,rnr_nak_retry_err,0,0,0
server,roce_adp_retrans,0,0,0
server,roce_adp_retrans_to,0,0,0
server,roce_slow_restart,0,0,0
server,roce_slow_restart_cnps,0,0,0
server,roce_slow_restart_trans,0,0,0
server,rp_cnp_handled,0,0,0
server,rp_cnp_ignored,0,0,0
server,rx_atomic_requests,0,0,0
server,rx_dct_connect,0,0,0
server,rx_icrc_encapsulated,0,0,0
server,rx_read_requests,221,222,1
server,rx_write_requests,1606999312,1606999312,0
# LOC_PROT_PERM,trial=48,status=4,vendor_err=0x33,latency_us=349
client,local_ack_timeout_err,0,0,0
client,out_of_sequence,0,0,0
client,packet_seq_err,0,0,0
client,implied_nak_seq_err,0,0,0
client,rnr_nak_retry_err,100,100,0
client,req_cqe_error,1190,1191,1
client,resp_cqe_error,0,0,0
client,req_cqe_flush_error,0,0,0
client,resp_cqe_flush_error,0,0,0
client,req_remote_invalid_request,100,100,0
client,req_remote_access_errors,290,290,0
client,resp_remote_access_errors,0,0,0
client,resp_local_length_error,0,0,0
client,duplicate_request,0,0,0
client,out_of_buffer,0,0,0
client,rx_icrc_encapsulated,0,0,0
client,req_transport_retries_exceeded,0,0,0
client,req_rnr_retries_exceeded,100,100,0
client,roce_adp_retrans,114,114,0
client,roce_adp_retrans_to,0,0,0
client,roce_slow_restart,0,0,0
client,port_rcv_errors,0,0,0
client,local_link_integrity_errors,0,0,0
client,link_error_recovery,0,0,0
client,link_downed,0,0,0
server,duplicate_request,0,0,0
server,implied_nak_seq_err,0,0,0
server,lifespan,10,10,0
server,local_ack_timeout_err,0,0,0
server,np_cnp_sent,1,1,0
server,np_ecn_marked_roce_packets,0,0,0
server,out_of_buffer,883,883,0
server,out_of_sequence,1,1,0
server,packet_seq_err,0,0,0
server,req_cqe_error,50,50,0
server,req_cqe_flush_error,0,0,0
server,req_remote_access_errors,10,10,0
server,req_remote_invalid_request,10,10,0
server,req_rnr_retries_exceeded,0,0,0
server,req_transport_retries_exceeded,0,0,0
server,resp_cqe_error,0,0,0
server,resp_cqe_flush_error,0,0,0
server,resp_local_length_error,0,0,0
server,resp_remote_access_errors,0,0,0
server,rnr_nak_retry_err,0,0,0
server,roce_adp_retrans,0,0,0
server,roce_adp_retrans_to,0,0,0
server,roce_slow_restart,0,0,0
server,roce_slow_restart_cnps,0,0,0
server,roce_slow_restart_trans,0,0,0
server,rp_cnp_handled,0,0,0
server,rp_cnp_ignored,0,0,0
server,rx_atomic_requests,0,0,0
server,rx_dct_connect,0,0,0
server,rx_icrc_encapsulated,0,0,0
server,rx_read_requests,222,223,1
server,rx_write_requests,1606999313,1606999313,0
# LOC_PROT_PERM,trial=49,status=4,vendor_err=0x33,latency_us=345
client,local_ack_timeout_err,0,0,0
client,out_of_sequence,0,0,0
client,packet_seq_err,0,0,0
client,implied_nak_seq_err,0,0,0
client,rnr_nak_retry_err,100,100,0
client,req_cqe_error,1191,1192,1
client,resp_cqe_error,0,0,0
client,req_cqe_flush_error,0,0,0
client,resp_cqe_flush_error,0,0,0
client,req_remote_invalid_request,100,100,0
client,req_remote_access_errors,290,290,0
client,resp_remote_access_errors,0,0,0
client,resp_local_length_error,0,0,0
client,duplicate_request,0,0,0
client,out_of_buffer,0,0,0
client,rx_icrc_encapsulated,0,0,0
client,req_transport_retries_exceeded,0,0,0
client,req_rnr_retries_exceeded,100,100,0
client,roce_adp_retrans,114,114,0
client,roce_adp_retrans_to,0,0,0
client,roce_slow_restart,0,0,0
client,port_rcv_errors,0,0,0
client,local_link_integrity_errors,0,0,0
client,link_error_recovery,0,0,0
client,link_downed,0,0,0
server,duplicate_request,0,0,0
server,implied_nak_seq_err,0,0,0
server,lifespan,10,10,0
server,local_ack_timeout_err,0,0,0
server,np_cnp_sent,1,1,0
server,np_ecn_marked_roce_packets,0,0,0
server,out_of_buffer,883,883,0
server,out_of_sequence,1,1,0
server,packet_seq_err,0,0,0
server,req_cqe_error,50,50,0
server,req_cqe_flush_error,0,0,0
server,req_remote_access_errors,10,10,0
server,req_remote_invalid_request,10,10,0
server,req_rnr_retries_exceeded,0,0,0
server,req_transport_retries_exceeded,0,0,0
server,resp_cqe_error,0,0,0
server,resp_cqe_flush_error,0,0,0
server,resp_local_length_error,0,0,0
server,resp_remote_access_errors,0,0,0
server,rnr_nak_retry_err,0,0,0
server,roce_adp_retrans,0,0,0
server,roce_adp_retrans_to,0,0,0
server,roce_slow_restart,0,0,0
server,roce_slow_restart_cnps,0,0,0
server,roce_slow_restart_trans,0,0,0
server,rp_cnp_handled,0,0,0
server,rp_cnp_ignored,0,0,0
server,rx_atomic_requests,0,0,0
server,rx_dct_connect,0,0,0
server,rx_icrc_encapsulated,0,0,0
server,rx_read_requests,223,224,1
server,rx_write_requests,1606999314,1606999314,0
# LOC_PROT_PERM,trial=50,status=4,vendor_err=0x33,latency_us=347
client,local_ack_timeout_err,0,0,0
client,out_of_sequence,0,0,0
client,packet_seq_err,0,0,0
client,implied_nak_seq_err,0,0,0
client,rnr_nak_retry_err,100,100,0
client,req_cqe_error,1192,1193,1
client,resp_cqe_error,0,0,0
client,req_cqe_flush_error,0,0,0
client,resp_cqe_flush_error,0,0,0
client,req_remote_invalid_request,100,100,0
client,req_remote_access_errors,290,290,0
client,resp_remote_access_errors,0,0,0
client,resp_local_length_error,0,0,0
client,duplicate_request,0,0,0
client,out_of_buffer,0,0,0
client,rx_icrc_encapsulated,0,0,0
client,req_transport_retries_exceeded,0,0,0
client,req_rnr_retries_exceeded,100,100,0
client,roce_adp_retrans,114,114,0
client,roce_adp_retrans_to,0,0,0
client,roce_slow_restart,0,0,0
client,port_rcv_errors,0,0,0
client,local_link_integrity_errors,0,0,0
client,link_error_recovery,0,0,0
client,link_downed,0,0,0
server,duplicate_request,0,0,0
server,implied_nak_seq_err,0,0,0
server,lifespan,10,10,0
server,local_ack_timeout_err,0,0,0
server,np_cnp_sent,1,1,0
server,np_ecn_marked_roce_packets,0,0,0
server,out_of_buffer,883,883,0
server,out_of_sequence,1,1,0
server,packet_seq_err,0,0,0
server,req_cqe_error,50,50,0
server,req_cqe_flush_error,0,0,0
server,req_remote_access_errors,10,10,0
server,req_remote_invalid_request,10,10,0
server,req_rnr_retries_exceeded,0,0,0
server,req_transport_retries_exceeded,0,0,0
server,resp_cqe_error,0,0,0
server,resp_cqe_flush_error,0,0,0
server,resp_local_length_error,0,0,0
server,resp_remote_access_errors,0,0,0
server,rnr_nak_retry_err,0,0,0
server,roce_adp_retrans,0,0,0
server,roce_adp_retrans_to,0,0,0
server,roce_slow_restart,0,0,0
server,roce_slow_restart_cnps,0,0,0
server,roce_slow_restart_trans,0,0,0
server,rp_cnp_handled,0,0,0
server,rp_cnp_ignored,0,0,0
server,rx_atomic_requests,0,0,0
server,rx_dct_connect,0,0,0
server,rx_icrc_encapsulated,0,0,0
server,rx_read_requests,224,225,1
server,rx_write_requests,1606999315,1606999315,0
# LOC_PROT_PERM,trial=51,status=4,vendor_err=0x33,latency_us=349
client,local_ack_timeout_err,0,0,0
client,out_of_sequence,0,0,0
client,packet_seq_err,0,0,0
client,implied_nak_seq_err,0,0,0
client,rnr_nak_retry_err,100,100,0
client,req_cqe_error,1193,1194,1
client,resp_cqe_error,0,0,0
client,req_cqe_flush_error,0,0,0
client,resp_cqe_flush_error,0,0,0
client,req_remote_invalid_request,100,100,0
client,req_remote_access_errors,290,290,0
client,resp_remote_access_errors,0,0,0
client,resp_local_length_error,0,0,0
client,duplicate_request,0,0,0
client,out_of_buffer,0,0,0
client,rx_icrc_encapsulated,0,0,0
client,req_transport_retries_exceeded,0,0,0
client,req_rnr_retries_exceeded,100,100,0
client,roce_adp_retrans,114,114,0
client,roce_adp_retrans_to,0,0,0
client,roce_slow_restart,0,0,0
client,port_rcv_errors,0,0,0
client,local_link_integrity_errors,0,0,0
client,link_error_recovery,0,0,0
client,link_downed,0,0,0
server,duplicate_request,0,0,0
server,implied_nak_seq_err,0,0,0
server,lifespan,10,10,0
server,local_ack_timeout_err,0,0,0
server,np_cnp_sent,1,1,0
server,np_ecn_marked_roce_packets,0,0,0
server,out_of_buffer,883,883,0
server,out_of_sequence,1,1,0
server,packet_seq_err,0,0,0
server,req_cqe_error,50,50,0
server,req_cqe_flush_error,0,0,0
server,req_remote_access_errors,10,10,0
server,req_remote_invalid_request,10,10,0
server,req_rnr_retries_exceeded,0,0,0
server,req_transport_retries_exceeded,0,0,0
server,resp_cqe_error,0,0,0
server,resp_cqe_flush_error,0,0,0
server,resp_local_length_error,0,0,0
server,resp_remote_access_errors,0,0,0
server,rnr_nak_retry_err,0,0,0
server,roce_adp_retrans,0,0,0
server,roce_adp_retrans_to,0,0,0
server,roce_slow_restart,0,0,0
server,roce_slow_restart_cnps,0,0,0
server,roce_slow_restart_trans,0,0,0
server,rp_cnp_handled,0,0,0
server,rp_cnp_ignored,0,0,0
server,rx_atomic_requests,0,0,0
server,rx_dct_connect,0,0,0
server,rx_icrc_encapsulated,0,0,0
server,rx_read_requests,225,226,1
server,rx_write_requests,1606999316,1606999316,0
# LOC_PROT_PERM,trial=52,status=4,vendor_err=0x33,latency_us=349
client,local_ack_timeout_err,0,0,0
client,out_of_sequence,0,0,0
client,packet_seq_err,0,0,0
client,implied_nak_seq_err,0,0,0
client,rnr_nak_retry_err,100,100,0
client,req_cqe_error,1194,1195,1
client,resp_cqe_error,0,0,0
client,req_cqe_flush_error,0,0,0
client,resp_cqe_flush_error,0,0,0
client,req_remote_invalid_request,100,100,0
client,req_remote_access_errors,290,290,0
client,resp_remote_access_errors,0,0,0
client,resp_local_length_error,0,0,0
client,duplicate_request,0,0,0
client,out_of_buffer,0,0,0
client,rx_icrc_encapsulated,0,0,0
client,req_transport_retries_exceeded,0,0,0
client,req_rnr_retries_exceeded,100,100,0
client,roce_adp_retrans,114,114,0
client,roce_adp_retrans_to,0,0,0
client,roce_slow_restart,0,0,0
client,port_rcv_errors,0,0,0
client,local_link_integrity_errors,0,0,0
client,link_error_recovery,0,0,0
client,link_downed,0,0,0
server,duplicate_request,0,0,0
server,implied_nak_seq_err,0,0,0
server,lifespan,10,10,0
server,local_ack_timeout_err,0,0,0
server,np_cnp_sent,1,1,0
server,np_ecn_marked_roce_packets,0,0,0
server,out_of_buffer,883,883,0
server,out_of_sequence,1,1,0
server,packet_seq_err,0,0,0
server,req_cqe_error,50,50,0
server,req_cqe_flush_error,0,0,0
server,req_remote_access_errors,10,10,0
server,req_remote_invalid_request,10,10,0
server,req_rnr_retries_exceeded,0,0,0
server,req_transport_retries_exceeded,0,0,0
server,resp_cqe_error,0,0,0
server,resp_cqe_flush_error,0,0,0
server,resp_local_length_error,0,0,0
server,resp_remote_access_errors,0,0,0
server,rnr_nak_retry_err,0,0,0
server,roce_adp_retrans,0,0,0
server,roce_adp_retrans_to,0,0,0
server,roce_slow_restart,0,0,0
server,roce_slow_restart_cnps,0,0,0
server,roce_slow_restart_trans,0,0,0
server,rp_cnp_handled,0,0,0
server,rp_cnp_ignored,0,0,0
server,rx_atomic_requests,0,0,0
server,rx_dct_connect,0,0,0
server,rx_icrc_encapsulated,0,0,0
server,rx_read_requests,226,227,1
server,rx_write_requests,1606999317,1606999317,0
# LOC_PROT_PERM,trial=53,status=4,vendor_err=0x33,latency_us=346
client,local_ack_timeout_err,0,0,0
client,out_of_sequence,0,0,0
client,packet_seq_err,0,0,0
client,implied_nak_seq_err,0,0,0
client,rnr_nak_retry_err,100,100,0
client,req_cqe_error,1195,1196,1
client,resp_cqe_error,0,0,0
client,req_cqe_flush_error,0,0,0
client,resp_cqe_flush_error,0,0,0
client,req_remote_invalid_request,100,100,0
client,req_remote_access_errors,290,290,0
client,resp_remote_access_errors,0,0,0
client,resp_local_length_error,0,0,0
client,duplicate_request,0,0,0
client,out_of_buffer,0,0,0
client,rx_icrc_encapsulated,0,0,0
client,req_transport_retries_exceeded,0,0,0
client,req_rnr_retries_exceeded,100,100,0
client,roce_adp_retrans,114,114,0
client,roce_adp_retrans_to,0,0,0
client,roce_slow_restart,0,0,0
client,port_rcv_errors,0,0,0
client,local_link_integrity_errors,0,0,0
client,link_error_recovery,0,0,0
client,link_downed,0,0,0
server,duplicate_request,0,0,0
server,implied_nak_seq_err,0,0,0
server,lifespan,10,10,0
server,local_ack_timeout_err,0,0,0
server,np_cnp_sent,1,1,0
server,np_ecn_marked_roce_packets,0,0,0
server,out_of_buffer,883,883,0
server,out_of_sequence,1,1,0
server,packet_seq_err,0,0,0
server,req_cqe_error,50,50,0
server,req_cqe_flush_error,0,0,0
server,req_remote_access_errors,10,10,0
server,req_remote_invalid_request,10,10,0
server,req_rnr_retries_exceeded,0,0,0
server,req_transport_retries_exceeded,0,0,0
server,resp_cqe_error,0,0,0
server,resp_cqe_flush_error,0,0,0
server,resp_local_length_error,0,0,0
server,resp_remote_access_errors,0,0,0
server,rnr_nak_retry_err,0,0,0
server,roce_adp_retrans,0,0,0
server,roce_adp_retrans_to,0,0,0
server,roce_slow_restart,0,0,0
server,roce_slow_restart_cnps,0,0,0
server,roce_slow_restart_trans,0,0,0
server,rp_cnp_handled,0,0,0
server,rp_cnp_ignored,0,0,0
server,rx_atomic_requests,0,0,0
server,rx_dct_connect,0,0,0
server,rx_icrc_encapsulated,0,0,0
server,rx_read_requests,227,228,1
server,rx_write_requests,1606999318,1606999318,0
# LOC_PROT_PERM,trial=54,status=4,vendor_err=0x33,latency_us=345
client,local_ack_timeout_err,0,0,0
client,out_of_sequence,0,0,0
client,packet_seq_err,0,0,0
client,implied_nak_seq_err,0,0,0
client,rnr_nak_retry_err,100,100,0
client,req_cqe_error,1196,1197,1
client,resp_cqe_error,0,0,0
client,req_cqe_flush_error,0,0,0
client,resp_cqe_flush_error,0,0,0
client,req_remote_invalid_request,100,100,0
client,req_remote_access_errors,290,290,0
client,resp_remote_access_errors,0,0,0
client,resp_local_length_error,0,0,0
client,duplicate_request,0,0,0
client,out_of_buffer,0,0,0
client,rx_icrc_encapsulated,0,0,0
client,req_transport_retries_exceeded,0,0,0
client,req_rnr_retries_exceeded,100,100,0
client,roce_adp_retrans,114,114,0
client,roce_adp_retrans_to,0,0,0
client,roce_slow_restart,0,0,0
client,port_rcv_errors,0,0,0
client,local_link_integrity_errors,0,0,0
client,link_error_recovery,0,0,0
client,link_downed,0,0,0
server,duplicate_request,0,0,0
server,implied_nak_seq_err,0,0,0
server,lifespan,10,10,0
server,local_ack_timeout_err,0,0,0
server,np_cnp_sent,1,1,0
server,np_ecn_marked_roce_packets,0,0,0
server,out_of_buffer,883,883,0
server,out_of_sequence,1,1,0
server,packet_seq_err,0,0,0
server,req_cqe_error,50,50,0
server,req_cqe_flush_error,0,0,0
server,req_remote_access_errors,10,10,0
server,req_remote_invalid_request,10,10,0
server,req_rnr_retries_exceeded,0,0,0
server,req_transport_retries_exceeded,0,0,0
server,resp_cqe_error,0,0,0
server,resp_cqe_flush_error,0,0,0
server,resp_local_length_error,0,0,0
server,resp_remote_access_errors,0,0,0
server,rnr_nak_retry_err,0,0,0
server,roce_adp_retrans,0,0,0
server,roce_adp_retrans_to,0,0,0
server,roce_slow_restart,0,0,0
server,roce_slow_restart_cnps,0,0,0
server,roce_slow_restart_trans,0,0,0
server,rp_cnp_handled,0,0,0
server,rp_cnp_ignored,0,0,0
server,rx_atomic_requests,0,0,0
server,rx_dct_connect,0,0,0
server,rx_icrc_encapsulated,0,0,0
server,rx_read_requests,228,229,1
server,rx_write_requests,1606999319,1606999319,0
# LOC_PROT_PERM,trial=55,status=4,vendor_err=0x33,latency_us=346
client,local_ack_timeout_err,0,0,0
client,out_of_sequence,0,0,0
client,packet_seq_err,0,0,0
client,implied_nak_seq_err,0,0,0
client,rnr_nak_retry_err,100,100,0
client,req_cqe_error,1197,1198,1
client,resp_cqe_error,0,0,0
client,req_cqe_flush_error,0,0,0
client,resp_cqe_flush_error,0,0,0
client,req_remote_invalid_request,100,100,0
client,req_remote_access_errors,290,290,0
client,resp_remote_access_errors,0,0,0
client,resp_local_length_error,0,0,0
client,duplicate_request,0,0,0
client,out_of_buffer,0,0,0
client,rx_icrc_encapsulated,0,0,0
client,req_transport_retries_exceeded,0,0,0
client,req_rnr_retries_exceeded,100,100,0
client,roce_adp_retrans,114,114,0
client,roce_adp_retrans_to,0,0,0
client,roce_slow_restart,0,0,0
client,port_rcv_errors,0,0,0
client,local_link_integrity_errors,0,0,0
client,link_error_recovery,0,0,0
client,link_downed,0,0,0
server,duplicate_request,0,0,0
server,implied_nak_seq_err,0,0,0
server,lifespan,10,10,0
server,local_ack_timeout_err,0,0,0
server,np_cnp_sent,1,1,0
server,np_ecn_marked_roce_packets,0,0,0
server,out_of_buffer,883,883,0
server,out_of_sequence,1,1,0
server,packet_seq_err,0,0,0
server,req_cqe_error,50,50,0
server,req_cqe_flush_error,0,0,0
server,req_remote_access_errors,10,10,0
server,req_remote_invalid_request,10,10,0
server,req_rnr_retries_exceeded,0,0,0
server,req_transport_retries_exceeded,0,0,0
server,resp_cqe_error,0,0,0
server,resp_cqe_flush_error,0,0,0
server,resp_local_length_error,0,0,0
server,resp_remote_access_errors,0,0,0
server,rnr_nak_retry_err,0,0,0
server,roce_adp_retrans,0,0,0
server,roce_adp_retrans_to,0,0,0
server,roce_slow_restart,0,0,0
server,roce_slow_restart_cnps,0,0,0
server,roce_slow_restart_trans,0,0,0
server,rp_cnp_handled,0,0,0
server,rp_cnp_ignored,0,0,0
server,rx_atomic_requests,0,0,0
server,rx_dct_connect,0,0,0
server,rx_icrc_encapsulated,0,0,0
server,rx_read_requests,229,230,1
server,rx_write_requests,1606999320,1606999320,0
# LOC_PROT_PERM,trial=56,status=4,vendor_err=0x33,latency_us=386
client,local_ack_timeout_err,0,0,0
client,out_of_sequence,0,0,0
client,packet_seq_err,0,0,0
client,implied_nak_seq_err,0,0,0
client,rnr_nak_retry_err,100,100,0
client,req_cqe_error,1198,1199,1
client,resp_cqe_error,0,0,0
client,req_cqe_flush_error,0,0,0
client,resp_cqe_flush_error,0,0,0
client,req_remote_invalid_request,100,100,0
client,req_remote_access_errors,290,290,0
client,resp_remote_access_errors,0,0,0
client,resp_local_length_error,0,0,0
client,duplicate_request,0,0,0
client,out_of_buffer,0,0,0
client,rx_icrc_encapsulated,0,0,0
client,req_transport_retries_exceeded,0,0,0
client,req_rnr_retries_exceeded,100,100,0
client,roce_adp_retrans,114,114,0
client,roce_adp_retrans_to,0,0,0
client,roce_slow_restart,0,0,0
client,port_rcv_errors,0,0,0
client,local_link_integrity_errors,0,0,0
client,link_error_recovery,0,0,0
client,link_downed,0,0,0
server,duplicate_request,0,0,0
server,implied_nak_seq_err,0,0,0
server,lifespan,10,10,0
server,local_ack_timeout_err,0,0,0
server,np_cnp_sent,1,1,0
server,np_ecn_marked_roce_packets,0,0,0
server,out_of_buffer,883,883,0
server,out_of_sequence,1,1,0
server,packet_seq_err,0,0,0
server,req_cqe_error,50,50,0
server,req_cqe_flush_error,0,0,0
server,req_remote_access_errors,10,10,0
server,req_remote_invalid_request,10,10,0
server,req_rnr_retries_exceeded,0,0,0
server,req_transport_retries_exceeded,0,0,0
server,resp_cqe_error,0,0,0
server,resp_cqe_flush_error,0,0,0
server,resp_local_length_error,0,0,0
server,resp_remote_access_errors,0,0,0
server,rnr_nak_retry_err,0,0,0
server,roce_adp_retrans,0,0,0
server,roce_adp_retrans_to,0,0,0
server,roce_slow_restart,0,0,0
server,roce_slow_restart_cnps,0,0,0
server,roce_slow_restart_trans,0,0,0
server,rp_cnp_handled,0,0,0
server,rp_cnp_ignored,0,0,0
server,rx_atomic_requests,0,0,0
server,rx_dct_connect,0,0,0
server,rx_icrc_encapsulated,0,0,0
server,rx_read_requests,230,231,1
server,rx_write_requests,1606999321,1606999321,0
# LOC_PROT_PERM,trial=57,status=4,vendor_err=0x33,latency_us=347
client,local_ack_timeout_err,0,0,0
client,out_of_sequence,0,0,0
client,packet_seq_err,0,0,0
client,implied_nak_seq_err,0,0,0
client,rnr_nak_retry_err,100,100,0
client,req_cqe_error,1199,1200,1
client,resp_cqe_error,0,0,0
client,req_cqe_flush_error,0,0,0
client,resp_cqe_flush_error,0,0,0
client,req_remote_invalid_request,100,100,0
client,req_remote_access_errors,290,290,0
client,resp_remote_access_errors,0,0,0
client,resp_local_length_error,0,0,0
client,duplicate_request,0,0,0
client,out_of_buffer,0,0,0
client,rx_icrc_encapsulated,0,0,0
client,req_transport_retries_exceeded,0,0,0
client,req_rnr_retries_exceeded,100,100,0
client,roce_adp_retrans,114,114,0
client,roce_adp_retrans_to,0,0,0
client,roce_slow_restart,0,0,0
client,port_rcv_errors,0,0,0
client,local_link_integrity_errors,0,0,0
client,link_error_recovery,0,0,0
client,link_downed,0,0,0
server,duplicate_request,0,0,0
server,implied_nak_seq_err,0,0,0
server,lifespan,10,10,0
server,local_ack_timeout_err,0,0,0
server,np_cnp_sent,1,1,0
server,np_ecn_marked_roce_packets,0,0,0
server,out_of_buffer,883,883,0
server,out_of_sequence,1,1,0
server,packet_seq_err,0,0,0
server,req_cqe_error,50,50,0
server,req_cqe_flush_error,0,0,0
server,req_remote_access_errors,10,10,0
server,req_remote_invalid_request,10,10,0
server,req_rnr_retries_exceeded,0,0,0
server,req_transport_retries_exceeded,0,0,0
server,resp_cqe_error,0,0,0
server,resp_cqe_flush_error,0,0,0
server,resp_local_length_error,0,0,0
server,resp_remote_access_errors,0,0,0
server,rnr_nak_retry_err,0,0,0
server,roce_adp_retrans,0,0,0
server,roce_adp_retrans_to,0,0,0
server,roce_slow_restart,0,0,0
server,roce_slow_restart_cnps,0,0,0
server,roce_slow_restart_trans,0,0,0
server,rp_cnp_handled,0,0,0
server,rp_cnp_ignored,0,0,0
server,rx_atomic_requests,0,0,0
server,rx_dct_connect,0,0,0
server,rx_icrc_encapsulated,0,0,0
server,rx_read_requests,231,232,1
server,rx_write_requests,1606999322,1606999322,0
# LOC_PROT_PERM,trial=58,status=4,vendor_err=0x33,latency_us=384
client,local_ack_timeout_err,0,0,0
client,out_of_sequence,0,0,0
client,packet_seq_err,0,0,0
client,implied_nak_seq_err,0,0,0
client,rnr_nak_retry_err,100,100,0
client,req_cqe_error,1200,1201,1
client,resp_cqe_error,0,0,0
client,req_cqe_flush_error,0,0,0
client,resp_cqe_flush_error,0,0,0
client,req_remote_invalid_request,100,100,0
client,req_remote_access_errors,290,290,0
client,resp_remote_access_errors,0,0,0
client,resp_local_length_error,0,0,0
client,duplicate_request,0,0,0
client,out_of_buffer,0,0,0
client,rx_icrc_encapsulated,0,0,0
client,req_transport_retries_exceeded,0,0,0
client,req_rnr_retries_exceeded,100,100,0
client,roce_adp_retrans,114,114,0
client,roce_adp_retrans_to,0,0,0
client,roce_slow_restart,0,0,0
client,port_rcv_errors,0,0,0
client,local_link_integrity_errors,0,0,0
client,link_error_recovery,0,0,0
client,link_downed,0,0,0
server,duplicate_request,0,0,0
server,implied_nak_seq_err,0,0,0
server,lifespan,10,10,0
server,local_ack_timeout_err,0,0,0
server,np_cnp_sent,1,1,0
server,np_ecn_marked_roce_packets,0,0,0
server,out_of_buffer,883,883,0
server,out_of_sequence,1,1,0
server,packet_seq_err,0,0,0
server,req_cqe_error,50,50,0
server,req_cqe_flush_error,0,0,0
server,req_remote_access_errors,10,10,0
server,req_remote_invalid_request,10,10,0
server,req_rnr_retries_exceeded,0,0,0
server,req_transport_retries_exceeded,0,0,0
server,resp_cqe_error,0,0,0
server,resp_cqe_flush_error,0,0,0
server,resp_local_length_error,0,0,0
server,resp_remote_access_errors,0,0,0
server,rnr_nak_retry_err,0,0,0
server,roce_adp_retrans,0,0,0
server,roce_adp_retrans_to,0,0,0
server,roce_slow_restart,0,0,0
server,roce_slow_restart_cnps,0,0,0
server,roce_slow_restart_trans,0,0,0
server,rp_cnp_handled,0,0,0
server,rp_cnp_ignored,0,0,0
server,rx_atomic_requests,0,0,0
server,rx_dct_connect,0,0,0
server,rx_icrc_encapsulated,0,0,0
server,rx_read_requests,232,233,1
server,rx_write_requests,1606999323,1606999323,0
# LOC_PROT_PERM,trial=59,status=4,vendor_err=0x33,latency_us=347
client,local_ack_timeout_err,0,0,0
client,out_of_sequence,0,0,0
client,packet_seq_err,0,0,0
client,implied_nak_seq_err,0,0,0
client,rnr_nak_retry_err,100,100,0
client,req_cqe_error,1201,1202,1
client,resp_cqe_error,0,0,0
client,req_cqe_flush_error,0,0,0
client,resp_cqe_flush_error,0,0,0
client,req_remote_invalid_request,100,100,0
client,req_remote_access_errors,290,290,0
client,resp_remote_access_errors,0,0,0
client,resp_local_length_error,0,0,0
client,duplicate_request,0,0,0
client,out_of_buffer,0,0,0
client,rx_icrc_encapsulated,0,0,0
client,req_transport_retries_exceeded,0,0,0
client,req_rnr_retries_exceeded,100,100,0
client,roce_adp_retrans,114,114,0
client,roce_adp_retrans_to,0,0,0
client,roce_slow_restart,0,0,0
client,port_rcv_errors,0,0,0
client,local_link_integrity_errors,0,0,0
client,link_error_recovery,0,0,0
client,link_downed,0,0,0
server,duplicate_request,0,0,0
server,implied_nak_seq_err,0,0,0
server,lifespan,10,10,0
server,local_ack_timeout_err,0,0,0
server,np_cnp_sent,1,1,0
server,np_ecn_marked_roce_packets,0,0,0
server,out_of_buffer,883,883,0
server,out_of_sequence,1,1,0
server,packet_seq_err,0,0,0
server,req_cqe_error,50,50,0
server,req_cqe_flush_error,0,0,0
server,req_remote_access_errors,10,10,0
server,req_remote_invalid_request,10,10,0
server,req_rnr_retries_exceeded,0,0,0
server,req_transport_retries_exceeded,0,0,0
server,resp_cqe_error,0,0,0
server,resp_cqe_flush_error,0,0,0
server,resp_local_length_error,0,0,0
server,resp_remote_access_errors,0,0,0
server,rnr_nak_retry_err,0,0,0
server,roce_adp_retrans,0,0,0
server,roce_adp_retrans_to,0,0,0
server,roce_slow_restart,0,0,0
server,roce_slow_restart_cnps,0,0,0
server,roce_slow_restart_trans,0,0,0
server,rp_cnp_handled,0,0,0
server,rp_cnp_ignored,0,0,0
server,rx_atomic_requests,0,0,0
server,rx_dct_connect,0,0,0
server,rx_icrc_encapsulated,0,0,0
server,rx_read_requests,233,234,1
server,rx_write_requests,1606999324,1606999324,0
# LOC_PROT_PERM,trial=60,status=4,vendor_err=0x33,latency_us=356
client,local_ack_timeout_err,0,0,0
client,out_of_sequence,0,0,0
client,packet_seq_err,0,0,0
client,implied_nak_seq_err,0,0,0
client,rnr_nak_retry_err,100,100,0
client,req_cqe_error,1202,1203,1
client,resp_cqe_error,0,0,0
client,req_cqe_flush_error,0,0,0
client,resp_cqe_flush_error,0,0,0
client,req_remote_invalid_request,100,100,0
client,req_remote_access_errors,290,290,0
client,resp_remote_access_errors,0,0,0
client,resp_local_length_error,0,0,0
client,duplicate_request,0,0,0
client,out_of_buffer,0,0,0
client,rx_icrc_encapsulated,0,0,0
client,req_transport_retries_exceeded,0,0,0
client,req_rnr_retries_exceeded,100,100,0
client,roce_adp_retrans,114,114,0
client,roce_adp_retrans_to,0,0,0
client,roce_slow_restart,0,0,0
client,port_rcv_errors,0,0,0
client,local_link_integrity_errors,0,0,0
client,link_error_recovery,0,0,0
client,link_downed,0,0,0
server,duplicate_request,0,0,0
server,implied_nak_seq_err,0,0,0
server,lifespan,10,10,0
server,local_ack_timeout_err,0,0,0
server,np_cnp_sent,1,1,0
server,np_ecn_marked_roce_packets,0,0,0
server,out_of_buffer,883,883,0
server,out_of_sequence,1,1,0
server,packet_seq_err,0,0,0
server,req_cqe_error,50,50,0
server,req_cqe_flush_error,0,0,0
server,req_remote_access_errors,10,10,0
server,req_remote_invalid_request,10,10,0
server,req_rnr_retries_exceeded,0,0,0
server,req_transport_retries_exceeded,0,0,0
server,resp_cqe_error,0,0,0
server,resp_cqe_flush_error,0,0,0
server,resp_local_length_error,0,0,0
server,resp_remote_access_errors,0,0,0
server,rnr_nak_retry_err,0,0,0
server,roce_adp_retrans,0,0,0
server,roce_adp_retrans_to,0,0,0
server,roce_slow_restart,0,0,0
server,roce_slow_restart_cnps,0,0,0
server,roce_slow_restart_trans,0,0,0
server,rp_cnp_handled,0,0,0
server,rp_cnp_ignored,0,0,0
server,rx_atomic_requests,0,0,0
server,rx_dct_connect,0,0,0
server,rx_icrc_encapsulated,0,0,0
server,rx_read_requests,234,235,1
server,rx_write_requests,1606999325,1606999325,0
# LOC_PROT_PERM,trial=61,status=4,vendor_err=0x33,latency_us=347
client,local_ack_timeout_err,0,0,0
client,out_of_sequence,0,0,0
client,packet_seq_err,0,0,0
client,implied_nak_seq_err,0,0,0
client,rnr_nak_retry_err,100,100,0
client,req_cqe_error,1203,1204,1
client,resp_cqe_error,0,0,0
client,req_cqe_flush_error,0,0,0
client,resp_cqe_flush_error,0,0,0
client,req_remote_invalid_request,100,100,0
client,req_remote_access_errors,290,290,0
client,resp_remote_access_errors,0,0,0
client,resp_local_length_error,0,0,0
client,duplicate_request,0,0,0
client,out_of_buffer,0,0,0
client,rx_icrc_encapsulated,0,0,0
client,req_transport_retries_exceeded,0,0,0
client,req_rnr_retries_exceeded,100,100,0
client,roce_adp_retrans,114,114,0
client,roce_adp_retrans_to,0,0,0
client,roce_slow_restart,0,0,0
client,port_rcv_errors,0,0,0
client,local_link_integrity_errors,0,0,0
client,link_error_recovery,0,0,0
client,link_downed,0,0,0
server,duplicate_request,0,0,0
server,implied_nak_seq_err,0,0,0
server,lifespan,10,10,0
server,local_ack_timeout_err,0,0,0
server,np_cnp_sent,1,1,0
server,np_ecn_marked_roce_packets,0,0,0
server,out_of_buffer,883,883,0
server,out_of_sequence,1,1,0
server,packet_seq_err,0,0,0
server,req_cqe_error,50,50,0
server,req_cqe_flush_error,0,0,0
server,req_remote_access_errors,10,10,0
server,req_remote_invalid_request,10,10,0
server,req_rnr_retries_exceeded,0,0,0
server,req_transport_retries_exceeded,0,0,0
server,resp_cqe_error,0,0,0
server,resp_cqe_flush_error,0,0,0
server,resp_local_length_error,0,0,0
server,resp_remote_access_errors,0,0,0
server,rnr_nak_retry_err,0,0,0
server,roce_adp_retrans,0,0,0
server,roce_adp_retrans_to,0,0,0
server,roce_slow_restart,0,0,0
server,roce_slow_restart_cnps,0,0,0
server,roce_slow_restart_trans,0,0,0
server,rp_cnp_handled,0,0,0
server,rp_cnp_ignored,0,0,0
server,rx_atomic_requests,0,0,0
server,rx_dct_connect,0,0,0
server,rx_icrc_encapsulated,0,0,0
server,rx_read_requests,235,236,1
server,rx_write_requests,1606999326,1606999326,0
# LOC_PROT_PERM,trial=62,status=4,vendor_err=0x33,latency_us=352
client,local_ack_timeout_err,0,0,0
client,out_of_sequence,0,0,0
client,packet_seq_err,0,0,0
client,implied_nak_seq_err,0,0,0
client,rnr_nak_retry_err,100,100,0
client,req_cqe_error,1204,1205,1
client,resp_cqe_error,0,0,0
client,req_cqe_flush_error,0,0,0
client,resp_cqe_flush_error,0,0,0
client,req_remote_invalid_request,100,100,0
client,req_remote_access_errors,290,290,0
client,resp_remote_access_errors,0,0,0
client,resp_local_length_error,0,0,0
client,duplicate_request,0,0,0
client,out_of_buffer,0,0,0
client,rx_icrc_encapsulated,0,0,0
client,req_transport_retries_exceeded,0,0,0
client,req_rnr_retries_exceeded,100,100,0
client,roce_adp_retrans,114,114,0
client,roce_adp_retrans_to,0,0,0
client,roce_slow_restart,0,0,0
client,port_rcv_errors,0,0,0
client,local_link_integrity_errors,0,0,0
client,link_error_recovery,0,0,0
client,link_downed,0,0,0
server,duplicate_request,0,0,0
server,implied_nak_seq_err,0,0,0
server,lifespan,10,10,0
server,local_ack_timeout_err,0,0,0
server,np_cnp_sent,1,1,0
server,np_ecn_marked_roce_packets,0,0,0
server,out_of_buffer,883,883,0
server,out_of_sequence,1,1,0
server,packet_seq_err,0,0,0
server,req_cqe_error,50,50,0
server,req_cqe_flush_error,0,0,0
server,req_remote_access_errors,10,10,0
server,req_remote_invalid_request,10,10,0
server,req_rnr_retries_exceeded,0,0,0
server,req_transport_retries_exceeded,0,0,0
server,resp_cqe_error,0,0,0
server,resp_cqe_flush_error,0,0,0
server,resp_local_length_error,0,0,0
server,resp_remote_access_errors,0,0,0
server,rnr_nak_retry_err,0,0,0
server,roce_adp_retrans,0,0,0
server,roce_adp_retrans_to,0,0,0
server,roce_slow_restart,0,0,0
server,roce_slow_restart_cnps,0,0,0
server,roce_slow_restart_trans,0,0,0
server,rp_cnp_handled,0,0,0
server,rp_cnp_ignored,0,0,0
server,rx_atomic_requests,0,0,0
server,rx_dct_connect,0,0,0
server,rx_icrc_encapsulated,0,0,0
server,rx_read_requests,236,237,1
server,rx_write_requests,1606999327,1606999327,0
# LOC_PROT_PERM,trial=63,status=4,vendor_err=0x33,latency_us=351
client,local_ack_timeout_err,0,0,0
client,out_of_sequence,0,0,0
client,packet_seq_err,0,0,0
client,implied_nak_seq_err,0,0,0
client,rnr_nak_retry_err,100,100,0
client,req_cqe_error,1205,1206,1
client,resp_cqe_error,0,0,0
client,req_cqe_flush_error,0,0,0
client,resp_cqe_flush_error,0,0,0
client,req_remote_invalid_request,100,100,0
client,req_remote_access_errors,290,290,0
client,resp_remote_access_errors,0,0,0
client,resp_local_length_error,0,0,0
client,duplicate_request,0,0,0
client,out_of_buffer,0,0,0
client,rx_icrc_encapsulated,0,0,0
client,req_transport_retries_exceeded,0,0,0
client,req_rnr_retries_exceeded,100,100,0
client,roce_adp_retrans,114,114,0
client,roce_adp_retrans_to,0,0,0
client,roce_slow_restart,0,0,0
client,port_rcv_errors,0,0,0
client,local_link_integrity_errors,0,0,0
client,link_error_recovery,0,0,0
client,link_downed,0,0,0
server,duplicate_request,0,0,0
server,implied_nak_seq_err,0,0,0
server,lifespan,10,10,0
server,local_ack_timeout_err,0,0,0
server,np_cnp_sent,1,1,0
server,np_ecn_marked_roce_packets,0,0,0
server,out_of_buffer,883,883,0
server,out_of_sequence,1,1,0
server,packet_seq_err,0,0,0
server,req_cqe_error,50,50,0
server,req_cqe_flush_error,0,0,0
server,req_remote_access_errors,10,10,0
server,req_remote_invalid_request,10,10,0
server,req_rnr_retries_exceeded,0,0,0
server,req_transport_retries_exceeded,0,0,0
server,resp_cqe_error,0,0,0
server,resp_cqe_flush_error,0,0,0
server,resp_local_length_error,0,0,0
server,resp_remote_access_errors,0,0,0
server,rnr_nak_retry_err,0,0,0
server,roce_adp_retrans,0,0,0
server,roce_adp_retrans_to,0,0,0
server,roce_slow_restart,0,0,0
server,roce_slow_restart_cnps,0,0,0
server,roce_slow_restart_trans,0,0,0
server,rp_cnp_handled,0,0,0
server,rp_cnp_ignored,0,0,0
server,rx_atomic_requests,0,0,0
server,rx_dct_connect,0,0,0
server,rx_icrc_encapsulated,0,0,0
server,rx_read_requests,237,238,1
server,rx_write_requests,1606999328,1606999328,0
# LOC_PROT_PERM,trial=64,status=4,vendor_err=0x33,latency_us=347
client,local_ack_timeout_err,0,0,0
client,out_of_sequence,0,0,0
client,packet_seq_err,0,0,0
client,implied_nak_seq_err,0,0,0
client,rnr_nak_retry_err,100,100,0
client,req_cqe_error,1206,1207,1
client,resp_cqe_error,0,0,0
client,req_cqe_flush_error,0,0,0
client,resp_cqe_flush_error,0,0,0
client,req_remote_invalid_request,100,100,0
client,req_remote_access_errors,290,290,0
client,resp_remote_access_errors,0,0,0
client,resp_local_length_error,0,0,0
client,duplicate_request,0,0,0
client,out_of_buffer,0,0,0
client,rx_icrc_encapsulated,0,0,0
client,req_transport_retries_exceeded,0,0,0
client,req_rnr_retries_exceeded,100,100,0
client,roce_adp_retrans,114,114,0
client,roce_adp_retrans_to,0,0,0
client,roce_slow_restart,0,0,0
client,port_rcv_errors,0,0,0
client,local_link_integrity_errors,0,0,0
client,link_error_recovery,0,0,0
client,link_downed,0,0,0
server,duplicate_request,0,0,0
server,implied_nak_seq_err,0,0,0
server,lifespan,10,10,0
server,local_ack_timeout_err,0,0,0
server,np_cnp_sent,1,1,0
server,np_ecn_marked_roce_packets,0,0,0
server,out_of_buffer,883,883,0
server,out_of_sequence,1,1,0
server,packet_seq_err,0,0,0
server,req_cqe_error,50,50,0
server,req_cqe_flush_error,0,0,0
server,req_remote_access_errors,10,10,0
server,req_remote_invalid_request,10,10,0
server,req_rnr_retries_exceeded,0,0,0
server,req_transport_retries_exceeded,0,0,0
server,resp_cqe_error,0,0,0
server,resp_cqe_flush_error,0,0,0
server,resp_local_length_error,0,0,0
server,resp_remote_access_errors,0,0,0
server,rnr_nak_retry_err,0,0,0
server,roce_adp_retrans,0,0,0
server,roce_adp_retrans_to,0,0,0
server,roce_slow_restart,0,0,0
server,roce_slow_restart_cnps,0,0,0
server,roce_slow_restart_trans,0,0,0
server,rp_cnp_handled,0,0,0
server,rp_cnp_ignored,0,0,0
server,rx_atomic_requests,0,0,0
server,rx_dct_connect,0,0,0
server,rx_icrc_encapsulated,0,0,0
server,rx_read_requests,238,239,1
server,rx_write_requests,1606999329,1606999329,0
# LOC_PROT_PERM,trial=65,status=4,vendor_err=0x33,latency_us=383
client,local_ack_timeout_err,0,0,0
client,out_of_sequence,0,0,0
client,packet_seq_err,0,0,0
client,implied_nak_seq_err,0,0,0
client,rnr_nak_retry_err,100,100,0
client,req_cqe_error,1207,1208,1
client,resp_cqe_error,0,0,0
client,req_cqe_flush_error,0,0,0
client,resp_cqe_flush_error,0,0,0
client,req_remote_invalid_request,100,100,0
client,req_remote_access_errors,290,290,0
client,resp_remote_access_errors,0,0,0
client,resp_local_length_error,0,0,0
client,duplicate_request,0,0,0
client,out_of_buffer,0,0,0
client,rx_icrc_encapsulated,0,0,0
client,req_transport_retries_exceeded,0,0,0
client,req_rnr_retries_exceeded,100,100,0
client,roce_adp_retrans,114,114,0
client,roce_adp_retrans_to,0,0,0
client,roce_slow_restart,0,0,0
client,port_rcv_errors,0,0,0
client,local_link_integrity_errors,0,0,0
client,link_error_recovery,0,0,0
client,link_downed,0,0,0
server,duplicate_request,0,0,0
server,implied_nak_seq_err,0,0,0
server,lifespan,10,10,0
server,local_ack_timeout_err,0,0,0
server,np_cnp_sent,1,1,0
server,np_ecn_marked_roce_packets,0,0,0
server,out_of_buffer,883,883,0
server,out_of_sequence,1,1,0
server,packet_seq_err,0,0,0
server,req_cqe_error,50,50,0
server,req_cqe_flush_error,0,0,0
server,req_remote_access_errors,10,10,0
server,req_remote_invalid_request,10,10,0
server,req_rnr_retries_exceeded,0,0,0
server,req_transport_retries_exceeded,0,0,0
server,resp_cqe_error,0,0,0
server,resp_cqe_flush_error,0,0,0
server,resp_local_length_error,0,0,0
server,resp_remote_access_errors,0,0,0
server,rnr_nak_retry_err,0,0,0
server,roce_adp_retrans,0,0,0
server,roce_adp_retrans_to,0,0,0
server,roce_slow_restart,0,0,0
server,roce_slow_restart_cnps,0,0,0
server,roce_slow_restart_trans,0,0,0
server,rp_cnp_handled,0,0,0
server,rp_cnp_ignored,0,0,0
server,rx_atomic_requests,0,0,0
server,rx_dct_connect,0,0,0
server,rx_icrc_encapsulated,0,0,0
server,rx_read_requests,239,240,1
server,rx_write_requests,1606999330,1606999330,0
# LOC_PROT_PERM,trial=66,status=4,vendor_err=0x33,latency_us=345
client,local_ack_timeout_err,0,0,0
client,out_of_sequence,0,0,0
client,packet_seq_err,0,0,0
client,implied_nak_seq_err,0,0,0
client,rnr_nak_retry_err,100,100,0
client,req_cqe_error,1208,1209,1
client,resp_cqe_error,0,0,0
client,req_cqe_flush_error,0,0,0
client,resp_cqe_flush_error,0,0,0
client,req_remote_invalid_request,100,100,0
client,req_remote_access_errors,290,290,0
client,resp_remote_access_errors,0,0,0
client,resp_local_length_error,0,0,0
client,duplicate_request,0,0,0
client,out_of_buffer,0,0,0
client,rx_icrc_encapsulated,0,0,0
client,req_transport_retries_exceeded,0,0,0
client,req_rnr_retries_exceeded,100,100,0
client,roce_adp_retrans,114,114,0
client,roce_adp_retrans_to,0,0,0
client,roce_slow_restart,0,0,0
client,port_rcv_errors,0,0,0
client,local_link_integrity_errors,0,0,0
client,link_error_recovery,0,0,0
client,link_downed,0,0,0
server,duplicate_request,0,0,0
server,implied_nak_seq_err,0,0,0
server,lifespan,10,10,0
server,local_ack_timeout_err,0,0,0
server,np_cnp_sent,1,1,0
server,np_ecn_marked_roce_packets,0,0,0
server,out_of_buffer,883,883,0
server,out_of_sequence,1,1,0
server,packet_seq_err,0,0,0
server,req_cqe_error,50,50,0
server,req_cqe_flush_error,0,0,0
server,req_remote_access_errors,10,10,0
server,req_remote_invalid_request,10,10,0
server,req_rnr_retries_exceeded,0,0,0
server,req_transport_retries_exceeded,0,0,0
server,resp_cqe_error,0,0,0
server,resp_cqe_flush_error,0,0,0
server,resp_local_length_error,0,0,0
server,resp_remote_access_errors,0,0,0
server,rnr_nak_retry_err,0,0,0
server,roce_adp_retrans,0,0,0
server,roce_adp_retrans_to,0,0,0
server,roce_slow_restart,0,0,0
server,roce_slow_restart_cnps,0,0,0
server,roce_slow_restart_trans,0,0,0
server,rp_cnp_handled,0,0,0
server,rp_cnp_ignored,0,0,0
server,rx_atomic_requests,0,0,0
server,rx_dct_connect,0,0,0
server,rx_icrc_encapsulated,0,0,0
server,rx_read_requests,240,241,1
server,rx_write_requests,1606999331,1606999331,0
# LOC_PROT_PERM,trial=67,status=4,vendor_err=0x33,latency_us=348
client,local_ack_timeout_err,0,0,0
client,out_of_sequence,0,0,0
client,packet_seq_err,0,0,0
client,implied_nak_seq_err,0,0,0
client,rnr_nak_retry_err,100,100,0
client,req_cqe_error,1209,1210,1
client,resp_cqe_error,0,0,0
client,req_cqe_flush_error,0,0,0
client,resp_cqe_flush_error,0,0,0
client,req_remote_invalid_request,100,100,0
client,req_remote_access_errors,290,290,0
client,resp_remote_access_errors,0,0,0
client,resp_local_length_error,0,0,0
client,duplicate_request,0,0,0
client,out_of_buffer,0,0,0
client,rx_icrc_encapsulated,0,0,0
client,req_transport_retries_exceeded,0,0,0
client,req_rnr_retries_exceeded,100,100,0
client,roce_adp_retrans,114,114,0
client,roce_adp_retrans_to,0,0,0
client,roce_slow_restart,0,0,0
client,port_rcv_errors,0,0,0
client,local_link_integrity_errors,0,0,0
client,link_error_recovery,0,0,0
client,link_downed,0,0,0
server,duplicate_request,0,0,0
server,implied_nak_seq_err,0,0,0
server,lifespan,10,10,0
server,local_ack_timeout_err,0,0,0
server,np_cnp_sent,1,1,0
server,np_ecn_marked_roce_packets,0,0,0
server,out_of_buffer,883,883,0
server,out_of_sequence,1,1,0
server,packet_seq_err,0,0,0
server,req_cqe_error,50,50,0
server,req_cqe_flush_error,0,0,0
server,req_remote_access_errors,10,10,0
server,req_remote_invalid_request,10,10,0
server,req_rnr_retries_exceeded,0,0,0
server,req_transport_retries_exceeded,0,0,0
server,resp_cqe_error,0,0,0
server,resp_cqe_flush_error,0,0,0
server,resp_local_length_error,0,0,0
server,resp_remote_access_errors,0,0,0
server,rnr_nak_retry_err,0,0,0
server,roce_adp_retrans,0,0,0
server,roce_adp_retrans_to,0,0,0
server,roce_slow_restart,0,0,0
server,roce_slow_restart_cnps,0,0,0
server,roce_slow_restart_trans,0,0,0
server,rp_cnp_handled,0,0,0
server,rp_cnp_ignored,0,0,0
server,rx_atomic_requests,0,0,0
server,rx_dct_connect,0,0,0
server,rx_icrc_encapsulated,0,0,0
server,rx_read_requests,241,242,1
server,rx_write_requests,1606999332,1606999332,0
# LOC_PROT_PERM,trial=68,status=4,vendor_err=0x33,latency_us=348
client,local_ack_timeout_err,0,0,0
client,out_of_sequence,0,0,0
client,packet_seq_err,0,0,0
client,implied_nak_seq_err,0,0,0
client,rnr_nak_retry_err,100,100,0
client,req_cqe_error,1210,1211,1
client,resp_cqe_error,0,0,0
client,req_cqe_flush_error,0,0,0
client,resp_cqe_flush_error,0,0,0
client,req_remote_invalid_request,100,100,0
client,req_remote_access_errors,290,290,0
client,resp_remote_access_errors,0,0,0
client,resp_local_length_error,0,0,0
client,duplicate_request,0,0,0
client,out_of_buffer,0,0,0
client,rx_icrc_encapsulated,0,0,0
client,req_transport_retries_exceeded,0,0,0
client,req_rnr_retries_exceeded,100,100,0
client,roce_adp_retrans,114,114,0
client,roce_adp_retrans_to,0,0,0
client,roce_slow_restart,0,0,0
client,port_rcv_errors,0,0,0
client,local_link_integrity_errors,0,0,0
client,link_error_recovery,0,0,0
client,link_downed,0,0,0
server,duplicate_request,0,0,0
server,implied_nak_seq_err,0,0,0
server,lifespan,10,10,0
server,local_ack_timeout_err,0,0,0
server,np_cnp_sent,1,1,0
server,np_ecn_marked_roce_packets,0,0,0
server,out_of_buffer,883,883,0
server,out_of_sequence,1,1,0
server,packet_seq_err,0,0,0
server,req_cqe_error,50,50,0
server,req_cqe_flush_error,0,0,0
server,req_remote_access_errors,10,10,0
server,req_remote_invalid_request,10,10,0
server,req_rnr_retries_exceeded,0,0,0
server,req_transport_retries_exceeded,0,0,0
server,resp_cqe_error,0,0,0
server,resp_cqe_flush_error,0,0,0
server,resp_local_length_error,0,0,0
server,resp_remote_access_errors,0,0,0
server,rnr_nak_retry_err,0,0,0
server,roce_adp_retrans,0,0,0
server,roce_adp_retrans_to,0,0,0
server,roce_slow_restart,0,0,0
server,roce_slow_restart_cnps,0,0,0
server,roce_slow_restart_trans,0,0,0
server,rp_cnp_handled,0,0,0
server,rp_cnp_ignored,0,0,0
server,rx_atomic_requests,0,0,0
server,rx_dct_connect,0,0,0
server,rx_icrc_encapsulated,0,0,0
server,rx_read_requests,242,243,1
server,rx_write_requests,1606999333,1606999333,0
# LOC_PROT_PERM,trial=69,status=4,vendor_err=0x33,latency_us=347
client,local_ack_timeout_err,0,0,0
client,out_of_sequence,0,0,0
client,packet_seq_err,0,0,0
client,implied_nak_seq_err,0,0,0
client,rnr_nak_retry_err,100,100,0
client,req_cqe_error,1211,1212,1
client,resp_cqe_error,0,0,0
client,req_cqe_flush_error,0,0,0
client,resp_cqe_flush_error,0,0,0
client,req_remote_invalid_request,100,100,0
client,req_remote_access_errors,290,290,0
client,resp_remote_access_errors,0,0,0
client,resp_local_length_error,0,0,0
client,duplicate_request,0,0,0
client,out_of_buffer,0,0,0
client,rx_icrc_encapsulated,0,0,0
client,req_transport_retries_exceeded,0,0,0
client,req_rnr_retries_exceeded,100,100,0
client,roce_adp_retrans,114,114,0
client,roce_adp_retrans_to,0,0,0
client,roce_slow_restart,0,0,0
client,port_rcv_errors,0,0,0
client,local_link_integrity_errors,0,0,0
client,link_error_recovery,0,0,0
client,link_downed,0,0,0
server,duplicate_request,0,0,0
server,implied_nak_seq_err,0,0,0
server,lifespan,10,10,0
server,local_ack_timeout_err,0,0,0
server,np_cnp_sent,1,1,0
server,np_ecn_marked_roce_packets,0,0,0
server,out_of_buffer,883,883,0
server,out_of_sequence,1,1,0
server,packet_seq_err,0,0,0
server,req_cqe_error,50,50,0
server,req_cqe_flush_error,0,0,0
server,req_remote_access_errors,10,10,0
server,req_remote_invalid_request,10,10,0
server,req_rnr_retries_exceeded,0,0,0
server,req_transport_retries_exceeded,0,0,0
server,resp_cqe_error,0,0,0
server,resp_cqe_flush_error,0,0,0
server,resp_local_length_error,0,0,0
server,resp_remote_access_errors,0,0,0
server,rnr_nak_retry_err,0,0,0
server,roce_adp_retrans,0,0,0
server,roce_adp_retrans_to,0,0,0
server,roce_slow_restart,0,0,0
server,roce_slow_restart_cnps,0,0,0
server,roce_slow_restart_trans,0,0,0
server,rp_cnp_handled,0,0,0
server,rp_cnp_ignored,0,0,0
server,rx_atomic_requests,0,0,0
server,rx_dct_connect,0,0,0
server,rx_icrc_encapsulated,0,0,0
server,rx_read_requests,243,244,1
server,rx_write_requests,1606999334,1606999334,0
# LOC_PROT_PERM,trial=70,status=4,vendor_err=0x33,latency_us=346
client,local_ack_timeout_err,0,0,0
client,out_of_sequence,0,0,0
client,packet_seq_err,0,0,0
client,implied_nak_seq_err,0,0,0
client,rnr_nak_retry_err,100,100,0
client,req_cqe_error,1212,1213,1
client,resp_cqe_error,0,0,0
client,req_cqe_flush_error,0,0,0
client,resp_cqe_flush_error,0,0,0
client,req_remote_invalid_request,100,100,0
client,req_remote_access_errors,290,290,0
client,resp_remote_access_errors,0,0,0
client,resp_local_length_error,0,0,0
client,duplicate_request,0,0,0
client,out_of_buffer,0,0,0
client,rx_icrc_encapsulated,0,0,0
client,req_transport_retries_exceeded,0,0,0
client,req_rnr_retries_exceeded,100,100,0
client,roce_adp_retrans,114,114,0
client,roce_adp_retrans_to,0,0,0
client,roce_slow_restart,0,0,0
client,port_rcv_errors,0,0,0
client,local_link_integrity_errors,0,0,0
client,link_error_recovery,0,0,0
client,link_downed,0,0,0
server,duplicate_request,0,0,0
server,implied_nak_seq_err,0,0,0
server,lifespan,10,10,0
server,local_ack_timeout_err,0,0,0
server,np_cnp_sent,1,1,0
server,np_ecn_marked_roce_packets,0,0,0
server,out_of_buffer,883,883,0
server,out_of_sequence,1,1,0
server,packet_seq_err,0,0,0
server,req_cqe_error,50,50,0
server,req_cqe_flush_error,0,0,0
server,req_remote_access_errors,10,10,0
server,req_remote_invalid_request,10,10,0
server,req_rnr_retries_exceeded,0,0,0
server,req_transport_retries_exceeded,0,0,0
server,resp_cqe_error,0,0,0
server,resp_cqe_flush_error,0,0,0
server,resp_local_length_error,0,0,0
server,resp_remote_access_errors,0,0,0
server,rnr_nak_retry_err,0,0,0
server,roce_adp_retrans,0,0,0
server,roce_adp_retrans_to,0,0,0
server,roce_slow_restart,0,0,0
server,roce_slow_restart_cnps,0,0,0
server,roce_slow_restart_trans,0,0,0
server,rp_cnp_handled,0,0,0
server,rp_cnp_ignored,0,0,0
server,rx_atomic_requests,0,0,0
server,rx_dct_connect,0,0,0
server,rx_icrc_encapsulated,0,0,0
server,rx_read_requests,244,245,1
server,rx_write_requests,1606999335,1606999335,0
# LOC_PROT_PERM,trial=71,status=4,vendor_err=0x33,latency_us=349
client,local_ack_timeout_err,0,0,0
client,out_of_sequence,0,0,0
client,packet_seq_err,0,0,0
client,implied_nak_seq_err,0,0,0
client,rnr_nak_retry_err,100,100,0
client,req_cqe_error,1213,1214,1
client,resp_cqe_error,0,0,0
client,req_cqe_flush_error,0,0,0
client,resp_cqe_flush_error,0,0,0
client,req_remote_invalid_request,100,100,0
client,req_remote_access_errors,290,290,0
client,resp_remote_access_errors,0,0,0
client,resp_local_length_error,0,0,0
client,duplicate_request,0,0,0
client,out_of_buffer,0,0,0
client,rx_icrc_encapsulated,0,0,0
client,req_transport_retries_exceeded,0,0,0
client,req_rnr_retries_exceeded,100,100,0
client,roce_adp_retrans,114,114,0
client,roce_adp_retrans_to,0,0,0
client,roce_slow_restart,0,0,0
client,port_rcv_errors,0,0,0
client,local_link_integrity_errors,0,0,0
client,link_error_recovery,0,0,0
client,link_downed,0,0,0
server,duplicate_request,0,0,0
server,implied_nak_seq_err,0,0,0
server,lifespan,10,10,0
server,local_ack_timeout_err,0,0,0
server,np_cnp_sent,1,1,0
server,np_ecn_marked_roce_packets,0,0,0
server,out_of_buffer,883,883,0
server,out_of_sequence,1,1,0
server,packet_seq_err,0,0,0
server,req_cqe_error,50,50,0
server,req_cqe_flush_error,0,0,0
server,req_remote_access_errors,10,10,0
server,req_remote_invalid_request,10,10,0
server,req_rnr_retries_exceeded,0,0,0
server,req_transport_retries_exceeded,0,0,0
server,resp_cqe_error,0,0,0
server,resp_cqe_flush_error,0,0,0
server,resp_local_length_error,0,0,0
server,resp_remote_access_errors,0,0,0
server,rnr_nak_retry_err,0,0,0
server,roce_adp_retrans,0,0,0
server,roce_adp_retrans_to,0,0,0
server,roce_slow_restart,0,0,0
server,roce_slow_restart_cnps,0,0,0
server,roce_slow_restart_trans,0,0,0
server,rp_cnp_handled,0,0,0
server,rp_cnp_ignored,0,0,0
server,rx_atomic_requests,0,0,0
server,rx_dct_connect,0,0,0
server,rx_icrc_encapsulated,0,0,0
server,rx_read_requests,245,246,1
server,rx_write_requests,1606999336,1606999336,0
# LOC_PROT_PERM,trial=72,status=4,vendor_err=0x33,latency_us=348
client,local_ack_timeout_err,0,0,0
client,out_of_sequence,0,0,0
client,packet_seq_err,0,0,0
client,implied_nak_seq_err,0,0,0
client,rnr_nak_retry_err,100,100,0
client,req_cqe_error,1214,1215,1
client,resp_cqe_error,0,0,0
client,req_cqe_flush_error,0,0,0
client,resp_cqe_flush_error,0,0,0
client,req_remote_invalid_request,100,100,0
client,req_remote_access_errors,290,290,0
client,resp_remote_access_errors,0,0,0
client,resp_local_length_error,0,0,0
client,duplicate_request,0,0,0
client,out_of_buffer,0,0,0
client,rx_icrc_encapsulated,0,0,0
client,req_transport_retries_exceeded,0,0,0
client,req_rnr_retries_exceeded,100,100,0
client,roce_adp_retrans,114,114,0
client,roce_adp_retrans_to,0,0,0
client,roce_slow_restart,0,0,0
client,port_rcv_errors,0,0,0
client,local_link_integrity_errors,0,0,0
client,link_error_recovery,0,0,0
client,link_downed,0,0,0
server,duplicate_request,0,0,0
server,implied_nak_seq_err,0,0,0
server,lifespan,10,10,0
server,local_ack_timeout_err,0,0,0
server,np_cnp_sent,1,1,0
server,np_ecn_marked_roce_packets,0,0,0
server,out_of_buffer,883,883,0
server,out_of_sequence,1,1,0
server,packet_seq_err,0,0,0
server,req_cqe_error,50,50,0
server,req_cqe_flush_error,0,0,0
server,req_remote_access_errors,10,10,0
server,req_remote_invalid_request,10,10,0
server,req_rnr_retries_exceeded,0,0,0
server,req_transport_retries_exceeded,0,0,0
server,resp_cqe_error,0,0,0
server,resp_cqe_flush_error,0,0,0
server,resp_local_length_error,0,0,0
server,resp_remote_access_errors,0,0,0
server,rnr_nak_retry_err,0,0,0
server,roce_adp_retrans,0,0,0
server,roce_adp_retrans_to,0,0,0
server,roce_slow_restart,0,0,0
server,roce_slow_restart_cnps,0,0,0
server,roce_slow_restart_trans,0,0,0
server,rp_cnp_handled,0,0,0
server,rp_cnp_ignored,0,0,0
server,rx_atomic_requests,0,0,0
server,rx_dct_connect,0,0,0
server,rx_icrc_encapsulated,0,0,0
server,rx_read_requests,246,247,1
server,rx_write_requests,1606999337,1606999337,0
# LOC_PROT_PERM,trial=73,status=4,vendor_err=0x33,latency_us=345
client,local_ack_timeout_err,0,0,0
client,out_of_sequence,0,0,0
client,packet_seq_err,0,0,0
client,implied_nak_seq_err,0,0,0
client,rnr_nak_retry_err,100,100,0
client,req_cqe_error,1215,1216,1
client,resp_cqe_error,0,0,0
client,req_cqe_flush_error,0,0,0
client,resp_cqe_flush_error,0,0,0
client,req_remote_invalid_request,100,100,0
client,req_remote_access_errors,290,290,0
client,resp_remote_access_errors,0,0,0
client,resp_local_length_error,0,0,0
client,duplicate_request,0,0,0
client,out_of_buffer,0,0,0
client,rx_icrc_encapsulated,0,0,0
client,req_transport_retries_exceeded,0,0,0
client,req_rnr_retries_exceeded,100,100,0
client,roce_adp_retrans,114,114,0
client,roce_adp_retrans_to,0,0,0
client,roce_slow_restart,0,0,0
client,port_rcv_errors,0,0,0
client,local_link_integrity_errors,0,0,0
client,link_error_recovery,0,0,0
client,link_downed,0,0,0
server,duplicate_request,0,0,0
server,implied_nak_seq_err,0,0,0
server,lifespan,10,10,0
server,local_ack_timeout_err,0,0,0
server,np_cnp_sent,1,1,0
server,np_ecn_marked_roce_packets,0,0,0
server,out_of_buffer,883,883,0
server,out_of_sequence,1,1,0
server,packet_seq_err,0,0,0
server,req_cqe_error,50,50,0
server,req_cqe_flush_error,0,0,0
server,req_remote_access_errors,10,10,0
server,req_remote_invalid_request,10,10,0
server,req_rnr_retries_exceeded,0,0,0
server,req_transport_retries_exceeded,0,0,0
server,resp_cqe_error,0,0,0
server,resp_cqe_flush_error,0,0,0
server,resp_local_length_error,0,0,0
server,resp_remote_access_errors,0,0,0
server,rnr_nak_retry_err,0,0,0
server,roce_adp_retrans,0,0,0
server,roce_adp_retrans_to,0,0,0
server,roce_slow_restart,0,0,0
server,roce_slow_restart_cnps,0,0,0
server,roce_slow_restart_trans,0,0,0
server,rp_cnp_handled,0,0,0
server,rp_cnp_ignored,0,0,0
server,rx_atomic_requests,0,0,0
server,rx_dct_connect,0,0,0
server,rx_icrc_encapsulated,0,0,0
server,rx_read_requests,247,248,1
server,rx_write_requests,1606999338,1606999338,0
# LOC_PROT_PERM,trial=74,status=4,vendor_err=0x33,latency_us=345
client,local_ack_timeout_err,0,0,0
client,out_of_sequence,0,0,0
client,packet_seq_err,0,0,0
client,implied_nak_seq_err,0,0,0
client,rnr_nak_retry_err,100,100,0
client,req_cqe_error,1216,1217,1
client,resp_cqe_error,0,0,0
client,req_cqe_flush_error,0,0,0
client,resp_cqe_flush_error,0,0,0
client,req_remote_invalid_request,100,100,0
client,req_remote_access_errors,290,290,0
client,resp_remote_access_errors,0,0,0
client,resp_local_length_error,0,0,0
client,duplicate_request,0,0,0
client,out_of_buffer,0,0,0
client,rx_icrc_encapsulated,0,0,0
client,req_transport_retries_exceeded,0,0,0
client,req_rnr_retries_exceeded,100,100,0
client,roce_adp_retrans,114,114,0
client,roce_adp_retrans_to,0,0,0
client,roce_slow_restart,0,0,0
client,port_rcv_errors,0,0,0
client,local_link_integrity_errors,0,0,0
client,link_error_recovery,0,0,0
client,link_downed,0,0,0
server,duplicate_request,0,0,0
server,implied_nak_seq_err,0,0,0
server,lifespan,10,10,0
server,local_ack_timeout_err,0,0,0
server,np_cnp_sent,1,1,0
server,np_ecn_marked_roce_packets,0,0,0
server,out_of_buffer,883,883,0
server,out_of_sequence,1,1,0
server,packet_seq_err,0,0,0
server,req_cqe_error,50,50,0
server,req_cqe_flush_error,0,0,0
server,req_remote_access_errors,10,10,0
server,req_remote_invalid_request,10,10,0
server,req_rnr_retries_exceeded,0,0,0
server,req_transport_retries_exceeded,0,0,0
server,resp_cqe_error,0,0,0
server,resp_cqe_flush_error,0,0,0
server,resp_local_length_error,0,0,0
server,resp_remote_access_errors,0,0,0
server,rnr_nak_retry_err,0,0,0
server,roce_adp_retrans,0,0,0
server,roce_adp_retrans_to,0,0,0
server,roce_slow_restart,0,0,0
server,roce_slow_restart_cnps,0,0,0
server,roce_slow_restart_trans,0,0,0
server,rp_cnp_handled,0,0,0
server,rp_cnp_ignored,0,0,0
server,rx_atomic_requests,0,0,0
server,rx_dct_connect,0,0,0
server,rx_icrc_encapsulated,0,0,0
server,rx_read_requests,248,249,1
server,rx_write_requests,1606999339,1606999339,0
# LOC_PROT_PERM,trial=75,status=4,vendor_err=0x33,latency_us=346
client,local_ack_timeout_err,0,0,0
client,out_of_sequence,0,0,0
client,packet_seq_err,0,0,0
client,implied_nak_seq_err,0,0,0
client,rnr_nak_retry_err,100,100,0
client,req_cqe_error,1217,1218,1
client,resp_cqe_error,0,0,0
client,req_cqe_flush_error,0,0,0
client,resp_cqe_flush_error,0,0,0
client,req_remote_invalid_request,100,100,0
client,req_remote_access_errors,290,290,0
client,resp_remote_access_errors,0,0,0
client,resp_local_length_error,0,0,0
client,duplicate_request,0,0,0
client,out_of_buffer,0,0,0
client,rx_icrc_encapsulated,0,0,0
client,req_transport_retries_exceeded,0,0,0
client,req_rnr_retries_exceeded,100,100,0
client,roce_adp_retrans,114,114,0
client,roce_adp_retrans_to,0,0,0
client,roce_slow_restart,0,0,0
client,port_rcv_errors,0,0,0
client,local_link_integrity_errors,0,0,0
client,link_error_recovery,0,0,0
client,link_downed,0,0,0
server,duplicate_request,0,0,0
server,implied_nak_seq_err,0,0,0
server,lifespan,10,10,0
server,local_ack_timeout_err,0,0,0
server,np_cnp_sent,1,1,0
server,np_ecn_marked_roce_packets,0,0,0
server,out_of_buffer,883,883,0
server,out_of_sequence,1,1,0
server,packet_seq_err,0,0,0
server,req_cqe_error,50,50,0
server,req_cqe_flush_error,0,0,0
server,req_remote_access_errors,10,10,0
server,req_remote_invalid_request,10,10,0
server,req_rnr_retries_exceeded,0,0,0
server,req_transport_retries_exceeded,0,0,0
server,resp_cqe_error,0,0,0
server,resp_cqe_flush_error,0,0,0
server,resp_local_length_error,0,0,0
server,resp_remote_access_errors,0,0,0
server,rnr_nak_retry_err,0,0,0
server,roce_adp_retrans,0,0,0
server,roce_adp_retrans_to,0,0,0
server,roce_slow_restart,0,0,0
server,roce_slow_restart_cnps,0,0,0
server,roce_slow_restart_trans,0,0,0
server,rp_cnp_handled,0,0,0
server,rp_cnp_ignored,0,0,0
server,rx_atomic_requests,0,0,0
server,rx_dct_connect,0,0,0
server,rx_icrc_encapsulated,0,0,0
server,rx_read_requests,249,250,1
server,rx_write_requests,1606999340,1606999340,0
# LOC_PROT_PERM,trial=76,status=4,vendor_err=0x33,latency_us=348
client,local_ack_timeout_err,0,0,0
client,out_of_sequence,0,0,0
client,packet_seq_err,0,0,0
client,implied_nak_seq_err,0,0,0
client,rnr_nak_retry_err,100,100,0
client,req_cqe_error,1218,1219,1
client,resp_cqe_error,0,0,0
client,req_cqe_flush_error,0,0,0
client,resp_cqe_flush_error,0,0,0
client,req_remote_invalid_request,100,100,0
client,req_remote_access_errors,290,290,0
client,resp_remote_access_errors,0,0,0
client,resp_local_length_error,0,0,0
client,duplicate_request,0,0,0
client,out_of_buffer,0,0,0
client,rx_icrc_encapsulated,0,0,0
client,req_transport_retries_exceeded,0,0,0
client,req_rnr_retries_exceeded,100,100,0
client,roce_adp_retrans,114,114,0
client,roce_adp_retrans_to,0,0,0
client,roce_slow_restart,0,0,0
client,port_rcv_errors,0,0,0
client,local_link_integrity_errors,0,0,0
client,link_error_recovery,0,0,0
client,link_downed,0,0,0
server,duplicate_request,0,0,0
server,implied_nak_seq_err,0,0,0
server,lifespan,10,10,0
server,local_ack_timeout_err,0,0,0
server,np_cnp_sent,1,1,0
server,np_ecn_marked_roce_packets,0,0,0
server,out_of_buffer,883,883,0
server,out_of_sequence,1,1,0
server,packet_seq_err,0,0,0
server,req_cqe_error,50,50,0
server,req_cqe_flush_error,0,0,0
server,req_remote_access_errors,10,10,0
server,req_remote_invalid_request,10,10,0
server,req_rnr_retries_exceeded,0,0,0
server,req_transport_retries_exceeded,0,0,0
server,resp_cqe_error,0,0,0
server,resp_cqe_flush_error,0,0,0
server,resp_local_length_error,0,0,0
server,resp_remote_access_errors,0,0,0
server,rnr_nak_retry_err,0,0,0
server,roce_adp_retrans,0,0,0
server,roce_adp_retrans_to,0,0,0
server,roce_slow_restart,0,0,0
server,roce_slow_restart_cnps,0,0,0
server,roce_slow_restart_trans,0,0,0
server,rp_cnp_handled,0,0,0
server,rp_cnp_ignored,0,0,0
server,rx_atomic_requests,0,0,0
server,rx_dct_connect,0,0,0
server,rx_icrc_encapsulated,0,0,0
server,rx_read_requests,250,251,1
server,rx_write_requests,1606999341,1606999341,0
# LOC_PROT_PERM,trial=77,status=4,vendor_err=0x33,latency_us=347
client,local_ack_timeout_err,0,0,0
client,out_of_sequence,0,0,0
client,packet_seq_err,0,0,0
client,implied_nak_seq_err,0,0,0
client,rnr_nak_retry_err,100,100,0
client,req_cqe_error,1219,1220,1
client,resp_cqe_error,0,0,0
client,req_cqe_flush_error,0,0,0
client,resp_cqe_flush_error,0,0,0
client,req_remote_invalid_request,100,100,0
client,req_remote_access_errors,290,290,0
client,resp_remote_access_errors,0,0,0
client,resp_local_length_error,0,0,0
client,duplicate_request,0,0,0
client,out_of_buffer,0,0,0
client,rx_icrc_encapsulated,0,0,0
client,req_transport_retries_exceeded,0,0,0
client,req_rnr_retries_exceeded,100,100,0
client,roce_adp_retrans,114,114,0
client,roce_adp_retrans_to,0,0,0
client,roce_slow_restart,0,0,0
client,port_rcv_errors,0,0,0
client,local_link_integrity_errors,0,0,0
client,link_error_recovery,0,0,0
client,link_downed,0,0,0
server,duplicate_request,0,0,0
server,implied_nak_seq_err,0,0,0
server,lifespan,10,10,0
server,local_ack_timeout_err,0,0,0
server,np_cnp_sent,1,1,0
server,np_ecn_marked_roce_packets,0,0,0
server,out_of_buffer,883,883,0
server,out_of_sequence,1,1,0
server,packet_seq_err,0,0,0
server,req_cqe_error,50,50,0
server,req_cqe_flush_error,0,0,0
server,req_remote_access_errors,10,10,0
server,req_remote_invalid_request,10,10,0
server,req_rnr_retries_exceeded,0,0,0
server,req_transport_retries_exceeded,0,0,0
server,resp_cqe_error,0,0,0
server,resp_cqe_flush_error,0,0,0
server,resp_local_length_error,0,0,0
server,resp_remote_access_errors,0,0,0
server,rnr_nak_retry_err,0,0,0
server,roce_adp_retrans,0,0,0
server,roce_adp_retrans_to,0,0,0
server,roce_slow_restart,0,0,0
server,roce_slow_restart_cnps,0,0,0
server,roce_slow_restart_trans,0,0,0
server,rp_cnp_handled,0,0,0
server,rp_cnp_ignored,0,0,0
server,rx_atomic_requests,0,0,0
server,rx_dct_connect,0,0,0
server,rx_icrc_encapsulated,0,0,0
server,rx_read_requests,251,252,1
server,rx_write_requests,1606999342,1606999342,0
# LOC_PROT_PERM,trial=78,status=4,vendor_err=0x33,latency_us=347
client,local_ack_timeout_err,0,0,0
client,out_of_sequence,0,0,0
client,packet_seq_err,0,0,0
client,implied_nak_seq_err,0,0,0
client,rnr_nak_retry_err,100,100,0
client,req_cqe_error,1220,1221,1
client,resp_cqe_error,0,0,0
client,req_cqe_flush_error,0,0,0
client,resp_cqe_flush_error,0,0,0
client,req_remote_invalid_request,100,100,0
client,req_remote_access_errors,290,290,0
client,resp_remote_access_errors,0,0,0
client,resp_local_length_error,0,0,0
client,duplicate_request,0,0,0
client,out_of_buffer,0,0,0
client,rx_icrc_encapsulated,0,0,0
client,req_transport_retries_exceeded,0,0,0
client,req_rnr_retries_exceeded,100,100,0
client,roce_adp_retrans,114,114,0
client,roce_adp_retrans_to,0,0,0
client,roce_slow_restart,0,0,0
client,port_rcv_errors,0,0,0
client,local_link_integrity_errors,0,0,0
client,link_error_recovery,0,0,0
client,link_downed,0,0,0
server,duplicate_request,0,0,0
server,implied_nak_seq_err,0,0,0
server,lifespan,10,10,0
server,local_ack_timeout_err,0,0,0
server,np_cnp_sent,1,1,0
server,np_ecn_marked_roce_packets,0,0,0
server,out_of_buffer,883,883,0
server,out_of_sequence,1,1,0
server,packet_seq_err,0,0,0
server,req_cqe_error,50,50,0
server,req_cqe_flush_error,0,0,0
server,req_remote_access_errors,10,10,0
server,req_remote_invalid_request,10,10,0
server,req_rnr_retries_exceeded,0,0,0
server,req_transport_retries_exceeded,0,0,0
server,resp_cqe_error,0,0,0
server,resp_cqe_flush_error,0,0,0
server,resp_local_length_error,0,0,0
server,resp_remote_access_errors,0,0,0
server,rnr_nak_retry_err,0,0,0
server,roce_adp_retrans,0,0,0
server,roce_adp_retrans_to,0,0,0
server,roce_slow_restart,0,0,0
server,roce_slow_restart_cnps,0,0,0
server,roce_slow_restart_trans,0,0,0
server,rp_cnp_handled,0,0,0
server,rp_cnp_ignored,0,0,0
server,rx_atomic_requests,0,0,0
server,rx_dct_connect,0,0,0
server,rx_icrc_encapsulated,0,0,0
server,rx_read_requests,252,253,1
server,rx_write_requests,1606999343,1606999343,0
# LOC_PROT_PERM,trial=79,status=4,vendor_err=0x33,latency_us=348
client,local_ack_timeout_err,0,0,0
client,out_of_sequence,0,0,0
client,packet_seq_err,0,0,0
client,implied_nak_seq_err,0,0,0
client,rnr_nak_retry_err,100,100,0
client,req_cqe_error,1221,1222,1
client,resp_cqe_error,0,0,0
client,req_cqe_flush_error,0,0,0
client,resp_cqe_flush_error,0,0,0
client,req_remote_invalid_request,100,100,0
client,req_remote_access_errors,290,290,0
client,resp_remote_access_errors,0,0,0
client,resp_local_length_error,0,0,0
client,duplicate_request,0,0,0
client,out_of_buffer,0,0,0
client,rx_icrc_encapsulated,0,0,0
client,req_transport_retries_exceeded,0,0,0
client,req_rnr_retries_exceeded,100,100,0
client,roce_adp_retrans,114,114,0
client,roce_adp_retrans_to,0,0,0
client,roce_slow_restart,0,0,0
client,port_rcv_errors,0,0,0
client,local_link_integrity_errors,0,0,0
client,link_error_recovery,0,0,0
client,link_downed,0,0,0
server,duplicate_request,0,0,0
server,implied_nak_seq_err,0,0,0
server,lifespan,10,10,0
server,local_ack_timeout_err,0,0,0
server,np_cnp_sent,1,1,0
server,np_ecn_marked_roce_packets,0,0,0
server,out_of_buffer,883,883,0
server,out_of_sequence,1,1,0
server,packet_seq_err,0,0,0
server,req_cqe_error,50,50,0
server,req_cqe_flush_error,0,0,0
server,req_remote_access_errors,10,10,0
server,req_remote_invalid_request,10,10,0
server,req_rnr_retries_exceeded,0,0,0
server,req_transport_retries_exceeded,0,0,0
server,resp_cqe_error,0,0,0
server,resp_cqe_flush_error,0,0,0
server,resp_local_length_error,0,0,0
server,resp_remote_access_errors,0,0,0
server,rnr_nak_retry_err,0,0,0
server,roce_adp_retrans,0,0,0
server,roce_adp_retrans_to,0,0,0
server,roce_slow_restart,0,0,0
server,roce_slow_restart_cnps,0,0,0
server,roce_slow_restart_trans,0,0,0
server,rp_cnp_handled,0,0,0
server,rp_cnp_ignored,0,0,0
server,rx_atomic_requests,0,0,0
server,rx_dct_connect,0,0,0
server,rx_icrc_encapsulated,0,0,0
server,rx_read_requests,253,254,1
server,rx_write_requests,1606999344,1606999344,0
# LOC_PROT_PERM,trial=80,status=4,vendor_err=0x33,latency_us=344
client,local_ack_timeout_err,0,0,0
client,out_of_sequence,0,0,0
client,packet_seq_err,0,0,0
client,implied_nak_seq_err,0,0,0
client,rnr_nak_retry_err,100,100,0
client,req_cqe_error,1222,1223,1
client,resp_cqe_error,0,0,0
client,req_cqe_flush_error,0,0,0
client,resp_cqe_flush_error,0,0,0
client,req_remote_invalid_request,100,100,0
client,req_remote_access_errors,290,290,0
client,resp_remote_access_errors,0,0,0
client,resp_local_length_error,0,0,0
client,duplicate_request,0,0,0
client,out_of_buffer,0,0,0
client,rx_icrc_encapsulated,0,0,0
client,req_transport_retries_exceeded,0,0,0
client,req_rnr_retries_exceeded,100,100,0
client,roce_adp_retrans,114,114,0
client,roce_adp_retrans_to,0,0,0
client,roce_slow_restart,0,0,0
client,port_rcv_errors,0,0,0
client,local_link_integrity_errors,0,0,0
client,link_error_recovery,0,0,0
client,link_downed,0,0,0
server,duplicate_request,0,0,0
server,implied_nak_seq_err,0,0,0
server,lifespan,10,10,0
server,local_ack_timeout_err,0,0,0
server,np_cnp_sent,1,1,0
server,np_ecn_marked_roce_packets,0,0,0
server,out_of_buffer,883,883,0
server,out_of_sequence,1,1,0
server,packet_seq_err,0,0,0
server,req_cqe_error,50,50,0
server,req_cqe_flush_error,0,0,0
server,req_remote_access_errors,10,10,0
server,req_remote_invalid_request,10,10,0
server,req_rnr_retries_exceeded,0,0,0
server,req_transport_retries_exceeded,0,0,0
server,resp_cqe_error,0,0,0
server,resp_cqe_flush_error,0,0,0
server,resp_local_length_error,0,0,0
server,resp_remote_access_errors,0,0,0
server,rnr_nak_retry_err,0,0,0
server,roce_adp_retrans,0,0,0
server,roce_adp_retrans_to,0,0,0
server,roce_slow_restart,0,0,0
server,roce_slow_restart_cnps,0,0,0
server,roce_slow_restart_trans,0,0,0
server,rp_cnp_handled,0,0,0
server,rp_cnp_ignored,0,0,0
server,rx_atomic_requests,0,0,0
server,rx_dct_connect,0,0,0
server,rx_icrc_encapsulated,0,0,0
server,rx_read_requests,254,255,1
server,rx_write_requests,1606999345,1606999345,0
# LOC_PROT_PERM,trial=81,status=4,vendor_err=0x33,latency_us=363
client,local_ack_timeout_err,0,0,0
client,out_of_sequence,0,0,0
client,packet_seq_err,0,0,0
client,implied_nak_seq_err,0,0,0
client,rnr_nak_retry_err,100,100,0
client,req_cqe_error,1223,1224,1
client,resp_cqe_error,0,0,0
client,req_cqe_flush_error,0,0,0
client,resp_cqe_flush_error,0,0,0
client,req_remote_invalid_request,100,100,0
client,req_remote_access_errors,290,290,0
client,resp_remote_access_errors,0,0,0
client,resp_local_length_error,0,0,0
client,duplicate_request,0,0,0
client,out_of_buffer,0,0,0
client,rx_icrc_encapsulated,0,0,0
client,req_transport_retries_exceeded,0,0,0
client,req_rnr_retries_exceeded,100,100,0
client,roce_adp_retrans,114,114,0
client,roce_adp_retrans_to,0,0,0
client,roce_slow_restart,0,0,0
client,port_rcv_errors,0,0,0
client,local_link_integrity_errors,0,0,0
client,link_error_recovery,0,0,0
client,link_downed,0,0,0
server,duplicate_request,0,0,0
server,implied_nak_seq_err,0,0,0
server,lifespan,10,10,0
server,local_ack_timeout_err,0,0,0
server,np_cnp_sent,1,1,0
server,np_ecn_marked_roce_packets,0,0,0
server,out_of_buffer,883,883,0
server,out_of_sequence,1,1,0
server,packet_seq_err,0,0,0
server,req_cqe_error,50,50,0
server,req_cqe_flush_error,0,0,0
server,req_remote_access_errors,10,10,0
server,req_remote_invalid_request,10,10,0
server,req_rnr_retries_exceeded,0,0,0
server,req_transport_retries_exceeded,0,0,0
server,resp_cqe_error,0,0,0
server,resp_cqe_flush_error,0,0,0
server,resp_local_length_error,0,0,0
server,resp_remote_access_errors,0,0,0
server,rnr_nak_retry_err,0,0,0
server,roce_adp_retrans,0,0,0
server,roce_adp_retrans_to,0,0,0
server,roce_slow_restart,0,0,0
server,roce_slow_restart_cnps,0,0,0
server,roce_slow_restart_trans,0,0,0
server,rp_cnp_handled,0,0,0
server,rp_cnp_ignored,0,0,0
server,rx_atomic_requests,0,0,0
server,rx_dct_connect,0,0,0
server,rx_icrc_encapsulated,0,0,0
server,rx_read_requests,255,256,1
server,rx_write_requests,1606999346,1606999346,0
# LOC_PROT_PERM,trial=82,status=4,vendor_err=0x33,latency_us=347
client,local_ack_timeout_err,0,0,0
client,out_of_sequence,0,0,0
client,packet_seq_err,0,0,0
client,implied_nak_seq_err,0,0,0
client,rnr_nak_retry_err,100,100,0
client,req_cqe_error,1224,1225,1
client,resp_cqe_error,0,0,0
client,req_cqe_flush_error,0,0,0
client,resp_cqe_flush_error,0,0,0
client,req_remote_invalid_request,100,100,0
client,req_remote_access_errors,290,290,0
client,resp_remote_access_errors,0,0,0
client,resp_local_length_error,0,0,0
client,duplicate_request,0,0,0
client,out_of_buffer,0,0,0
client,rx_icrc_encapsulated,0,0,0
client,req_transport_retries_exceeded,0,0,0
client,req_rnr_retries_exceeded,100,100,0
client,roce_adp_retrans,114,114,0
client,roce_adp_retrans_to,0,0,0
client,roce_slow_restart,0,0,0
client,port_rcv_errors,0,0,0
client,local_link_integrity_errors,0,0,0
client,link_error_recovery,0,0,0
client,link_downed,0,0,0
server,duplicate_request,0,0,0
server,implied_nak_seq_err,0,0,0
server,lifespan,10,10,0
server,local_ack_timeout_err,0,0,0
server,np_cnp_sent,1,1,0
server,np_ecn_marked_roce_packets,0,0,0
server,out_of_buffer,883,883,0
server,out_of_sequence,1,1,0
server,packet_seq_err,0,0,0
server,req_cqe_error,50,50,0
server,req_cqe_flush_error,0,0,0
server,req_remote_access_errors,10,10,0
server,req_remote_invalid_request,10,10,0
server,req_rnr_retries_exceeded,0,0,0
server,req_transport_retries_exceeded,0,0,0
server,resp_cqe_error,0,0,0
server,resp_cqe_flush_error,0,0,0
server,resp_local_length_error,0,0,0
server,resp_remote_access_errors,0,0,0
server,rnr_nak_retry_err,0,0,0
server,roce_adp_retrans,0,0,0
server,roce_adp_retrans_to,0,0,0
server,roce_slow_restart,0,0,0
server,roce_slow_restart_cnps,0,0,0
server,roce_slow_restart_trans,0,0,0
server,rp_cnp_handled,0,0,0
server,rp_cnp_ignored,0,0,0
server,rx_atomic_requests,0,0,0
server,rx_dct_connect,0,0,0
server,rx_icrc_encapsulated,0,0,0
server,rx_read_requests,256,257,1
server,rx_write_requests,1606999347,1606999347,0
# LOC_PROT_PERM,trial=83,status=4,vendor_err=0x33,latency_us=349
client,local_ack_timeout_err,0,0,0
client,out_of_sequence,0,0,0
client,packet_seq_err,0,0,0
client,implied_nak_seq_err,0,0,0
client,rnr_nak_retry_err,100,100,0
client,req_cqe_error,1225,1226,1
client,resp_cqe_error,0,0,0
client,req_cqe_flush_error,0,0,0
client,resp_cqe_flush_error,0,0,0
client,req_remote_invalid_request,100,100,0
client,req_remote_access_errors,290,290,0
client,resp_remote_access_errors,0,0,0
client,resp_local_length_error,0,0,0
client,duplicate_request,0,0,0
client,out_of_buffer,0,0,0
client,rx_icrc_encapsulated,0,0,0
client,req_transport_retries_exceeded,0,0,0
client,req_rnr_retries_exceeded,100,100,0
client,roce_adp_retrans,114,114,0
client,roce_adp_retrans_to,0,0,0
client,roce_slow_restart,0,0,0
client,port_rcv_errors,0,0,0
client,local_link_integrity_errors,0,0,0
client,link_error_recovery,0,0,0
client,link_downed,0,0,0
server,duplicate_request,0,0,0
server,implied_nak_seq_err,0,0,0
server,lifespan,10,10,0
server,local_ack_timeout_err,0,0,0
server,np_cnp_sent,1,1,0
server,np_ecn_marked_roce_packets,0,0,0
server,out_of_buffer,883,883,0
server,out_of_sequence,1,1,0
server,packet_seq_err,0,0,0
server,req_cqe_error,50,50,0
server,req_cqe_flush_error,0,0,0
server,req_remote_access_errors,10,10,0
server,req_remote_invalid_request,10,10,0
server,req_rnr_retries_exceeded,0,0,0
server,req_transport_retries_exceeded,0,0,0
server,resp_cqe_error,0,0,0
server,resp_cqe_flush_error,0,0,0
server,resp_local_length_error,0,0,0
server,resp_remote_access_errors,0,0,0
server,rnr_nak_retry_err,0,0,0
server,roce_adp_retrans,0,0,0
server,roce_adp_retrans_to,0,0,0
server,roce_slow_restart,0,0,0
server,roce_slow_restart_cnps,0,0,0
server,roce_slow_restart_trans,0,0,0
server,rp_cnp_handled,0,0,0
server,rp_cnp_ignored,0,0,0
server,rx_atomic_requests,0,0,0
server,rx_dct_connect,0,0,0
server,rx_icrc_encapsulated,0,0,0
server,rx_read_requests,257,258,1
server,rx_write_requests,1606999348,1606999348,0
# LOC_PROT_PERM,trial=84,status=4,vendor_err=0x33,latency_us=347
client,local_ack_timeout_err,0,0,0
client,out_of_sequence,0,0,0
client,packet_seq_err,0,0,0
client,implied_nak_seq_err,0,0,0
client,rnr_nak_retry_err,100,100,0
client,req_cqe_error,1226,1227,1
client,resp_cqe_error,0,0,0
client,req_cqe_flush_error,0,0,0
client,resp_cqe_flush_error,0,0,0
client,req_remote_invalid_request,100,100,0
client,req_remote_access_errors,290,290,0
client,resp_remote_access_errors,0,0,0
client,resp_local_length_error,0,0,0
client,duplicate_request,0,0,0
client,out_of_buffer,0,0,0
client,rx_icrc_encapsulated,0,0,0
client,req_transport_retries_exceeded,0,0,0
client,req_rnr_retries_exceeded,100,100,0
client,roce_adp_retrans,114,114,0
client,roce_adp_retrans_to,0,0,0
client,roce_slow_restart,0,0,0
client,port_rcv_errors,0,0,0
client,local_link_integrity_errors,0,0,0
client,link_error_recovery,0,0,0
client,link_downed,0,0,0
server,duplicate_request,0,0,0
server,implied_nak_seq_err,0,0,0
server,lifespan,10,10,0
server,local_ack_timeout_err,0,0,0
server,np_cnp_sent,1,1,0
server,np_ecn_marked_roce_packets,0,0,0
server,out_of_buffer,883,883,0
server,out_of_sequence,1,1,0
server,packet_seq_err,0,0,0
server,req_cqe_error,50,50,0
server,req_cqe_flush_error,0,0,0
server,req_remote_access_errors,10,10,0
server,req_remote_invalid_request,10,10,0
server,req_rnr_retries_exceeded,0,0,0
server,req_transport_retries_exceeded,0,0,0
server,resp_cqe_error,0,0,0
server,resp_cqe_flush_error,0,0,0
server,resp_local_length_error,0,0,0
server,resp_remote_access_errors,0,0,0
server,rnr_nak_retry_err,0,0,0
server,roce_adp_retrans,0,0,0
server,roce_adp_retrans_to,0,0,0
server,roce_slow_restart,0,0,0
server,roce_slow_restart_cnps,0,0,0
server,roce_slow_restart_trans,0,0,0
server,rp_cnp_handled,0,0,0
server,rp_cnp_ignored,0,0,0
server,rx_atomic_requests,0,0,0
server,rx_dct_connect,0,0,0
server,rx_icrc_encapsulated,0,0,0
server,rx_read_requests,258,259,1
server,rx_write_requests,1606999349,1606999349,0
# LOC_PROT_PERM,trial=85,status=4,vendor_err=0x33,latency_us=348
client,local_ack_timeout_err,0,0,0
client,out_of_sequence,0,0,0
client,packet_seq_err,0,0,0
client,implied_nak_seq_err,0,0,0
client,rnr_nak_retry_err,100,100,0
client,req_cqe_error,1227,1228,1
client,resp_cqe_error,0,0,0
client,req_cqe_flush_error,0,0,0
client,resp_cqe_flush_error,0,0,0
client,req_remote_invalid_request,100,100,0
client,req_remote_access_errors,290,290,0
client,resp_remote_access_errors,0,0,0
client,resp_local_length_error,0,0,0
client,duplicate_request,0,0,0
client,out_of_buffer,0,0,0
client,rx_icrc_encapsulated,0,0,0
client,req_transport_retries_exceeded,0,0,0
client,req_rnr_retries_exceeded,100,100,0
client,roce_adp_retrans,114,114,0
client,roce_adp_retrans_to,0,0,0
client,roce_slow_restart,0,0,0
client,port_rcv_errors,0,0,0
client,local_link_integrity_errors,0,0,0
client,link_error_recovery,0,0,0
client,link_downed,0,0,0
server,duplicate_request,0,0,0
server,implied_nak_seq_err,0,0,0
server,lifespan,10,10,0
server,local_ack_timeout_err,0,0,0
server,np_cnp_sent,1,1,0
server,np_ecn_marked_roce_packets,0,0,0
server,out_of_buffer,883,883,0
server,out_of_sequence,1,1,0
server,packet_seq_err,0,0,0
server,req_cqe_error,50,50,0
server,req_cqe_flush_error,0,0,0
server,req_remote_access_errors,10,10,0
server,req_remote_invalid_request,10,10,0
server,req_rnr_retries_exceeded,0,0,0
server,req_transport_retries_exceeded,0,0,0
server,resp_cqe_error,0,0,0
server,resp_cqe_flush_error,0,0,0
server,resp_local_length_error,0,0,0
server,resp_remote_access_errors,0,0,0
server,rnr_nak_retry_err,0,0,0
server,roce_adp_retrans,0,0,0
server,roce_adp_retrans_to,0,0,0
server,roce_slow_restart,0,0,0
server,roce_slow_restart_cnps,0,0,0
server,roce_slow_restart_trans,0,0,0
server,rp_cnp_handled,0,0,0
server,rp_cnp_ignored,0,0,0
server,rx_atomic_requests,0,0,0
server,rx_dct_connect,0,0,0
server,rx_icrc_encapsulated,0,0,0
server,rx_read_requests,259,260,1
server,rx_write_requests,1606999350,1606999350,0
# LOC_PROT_PERM,trial=86,status=4,vendor_err=0x33,latency_us=347
client,local_ack_timeout_err,0,0,0
client,out_of_sequence,0,0,0
client,packet_seq_err,0,0,0
client,implied_nak_seq_err,0,0,0
client,rnr_nak_retry_err,100,100,0
client,req_cqe_error,1228,1229,1
client,resp_cqe_error,0,0,0
client,req_cqe_flush_error,0,0,0
client,resp_cqe_flush_error,0,0,0
client,req_remote_invalid_request,100,100,0
client,req_remote_access_errors,290,290,0
client,resp_remote_access_errors,0,0,0
client,resp_local_length_error,0,0,0
client,duplicate_request,0,0,0
client,out_of_buffer,0,0,0
client,rx_icrc_encapsulated,0,0,0
client,req_transport_retries_exceeded,0,0,0
client,req_rnr_retries_exceeded,100,100,0
client,roce_adp_retrans,114,114,0
client,roce_adp_retrans_to,0,0,0
client,roce_slow_restart,0,0,0
client,port_rcv_errors,0,0,0
client,local_link_integrity_errors,0,0,0
client,link_error_recovery,0,0,0
client,link_downed,0,0,0
server,duplicate_request,0,0,0
server,implied_nak_seq_err,0,0,0
server,lifespan,10,10,0
server,local_ack_timeout_err,0,0,0
server,np_cnp_sent,1,1,0
server,np_ecn_marked_roce_packets,0,0,0
server,out_of_buffer,883,883,0
server,out_of_sequence,1,1,0
server,packet_seq_err,0,0,0
server,req_cqe_error,50,50,0
server,req_cqe_flush_error,0,0,0
server,req_remote_access_errors,10,10,0
server,req_remote_invalid_request,10,10,0
server,req_rnr_retries_exceeded,0,0,0
server,req_transport_retries_exceeded,0,0,0
server,resp_cqe_error,0,0,0
server,resp_cqe_flush_error,0,0,0
server,resp_local_length_error,0,0,0
server,resp_remote_access_errors,0,0,0
server,rnr_nak_retry_err,0,0,0
server,roce_adp_retrans,0,0,0
server,roce_adp_retrans_to,0,0,0
server,roce_slow_restart,0,0,0
server,roce_slow_restart_cnps,0,0,0
server,roce_slow_restart_trans,0,0,0
server,rp_cnp_handled,0,0,0
server,rp_cnp_ignored,0,0,0
server,rx_atomic_requests,0,0,0
server,rx_dct_connect,0,0,0
server,rx_icrc_encapsulated,0,0,0
server,rx_read_requests,260,261,1
server,rx_write_requests,1606999351,1606999351,0
# LOC_PROT_PERM,trial=87,status=4,vendor_err=0x33,latency_us=349
client,local_ack_timeout_err,0,0,0
client,out_of_sequence,0,0,0
client,packet_seq_err,0,0,0
client,implied_nak_seq_err,0,0,0
client,rnr_nak_retry_err,100,100,0
client,req_cqe_error,1229,1230,1
client,resp_cqe_error,0,0,0
client,req_cqe_flush_error,0,0,0
client,resp_cqe_flush_error,0,0,0
client,req_remote_invalid_request,100,100,0
client,req_remote_access_errors,290,290,0
client,resp_remote_access_errors,0,0,0
client,resp_local_length_error,0,0,0
client,duplicate_request,0,0,0
client,out_of_buffer,0,0,0
client,rx_icrc_encapsulated,0,0,0
client,req_transport_retries_exceeded,0,0,0
client,req_rnr_retries_exceeded,100,100,0
client,roce_adp_retrans,114,114,0
client,roce_adp_retrans_to,0,0,0
client,roce_slow_restart,0,0,0
client,port_rcv_errors,0,0,0
client,local_link_integrity_errors,0,0,0
client,link_error_recovery,0,0,0
client,link_downed,0,0,0
server,duplicate_request,0,0,0
server,implied_nak_seq_err,0,0,0
server,lifespan,10,10,0
server,local_ack_timeout_err,0,0,0
server,np_cnp_sent,1,1,0
server,np_ecn_marked_roce_packets,0,0,0
server,out_of_buffer,883,883,0
server,out_of_sequence,1,1,0
server,packet_seq_err,0,0,0
server,req_cqe_error,50,50,0
server,req_cqe_flush_error,0,0,0
server,req_remote_access_errors,10,10,0
server,req_remote_invalid_request,10,10,0
server,req_rnr_retries_exceeded,0,0,0
server,req_transport_retries_exceeded,0,0,0
server,resp_cqe_error,0,0,0
server,resp_cqe_flush_error,0,0,0
server,resp_local_length_error,0,0,0
server,resp_remote_access_errors,0,0,0
server,rnr_nak_retry_err,0,0,0
server,roce_adp_retrans,0,0,0
server,roce_adp_retrans_to,0,0,0
server,roce_slow_restart,0,0,0
server,roce_slow_restart_cnps,0,0,0
server,roce_slow_restart_trans,0,0,0
server,rp_cnp_handled,0,0,0
server,rp_cnp_ignored,0,0,0
server,rx_atomic_requests,0,0,0
server,rx_dct_connect,0,0,0
server,rx_icrc_encapsulated,0,0,0
server,rx_read_requests,261,262,1
server,rx_write_requests,1606999352,1606999352,0
# LOC_PROT_PERM,trial=88,status=4,vendor_err=0x33,latency_us=383
client,local_ack_timeout_err,0,0,0
client,out_of_sequence,0,0,0
client,packet_seq_err,0,0,0
client,implied_nak_seq_err,0,0,0
client,rnr_nak_retry_err,100,100,0
client,req_cqe_error,1230,1231,1
client,resp_cqe_error,0,0,0
client,req_cqe_flush_error,0,0,0
client,resp_cqe_flush_error,0,0,0
client,req_remote_invalid_request,100,100,0
client,req_remote_access_errors,290,290,0
client,resp_remote_access_errors,0,0,0
client,resp_local_length_error,0,0,0
client,duplicate_request,0,0,0
client,out_of_buffer,0,0,0
client,rx_icrc_encapsulated,0,0,0
client,req_transport_retries_exceeded,0,0,0
client,req_rnr_retries_exceeded,100,100,0
client,roce_adp_retrans,114,114,0
client,roce_adp_retrans_to,0,0,0
client,roce_slow_restart,0,0,0
client,port_rcv_errors,0,0,0
client,local_link_integrity_errors,0,0,0
client,link_error_recovery,0,0,0
client,link_downed,0,0,0
server,duplicate_request,0,0,0
server,implied_nak_seq_err,0,0,0
server,lifespan,10,10,0
server,local_ack_timeout_err,0,0,0
server,np_cnp_sent,1,1,0
server,np_ecn_marked_roce_packets,0,0,0
server,out_of_buffer,883,883,0
server,out_of_sequence,1,1,0
server,packet_seq_err,0,0,0
server,req_cqe_error,50,50,0
server,req_cqe_flush_error,0,0,0
server,req_remote_access_errors,10,10,0
server,req_remote_invalid_request,10,10,0
server,req_rnr_retries_exceeded,0,0,0
server,req_transport_retries_exceeded,0,0,0
server,resp_cqe_error,0,0,0
server,resp_cqe_flush_error,0,0,0
server,resp_local_length_error,0,0,0
server,resp_remote_access_errors,0,0,0
server,rnr_nak_retry_err,0,0,0
server,roce_adp_retrans,0,0,0
server,roce_adp_retrans_to,0,0,0
server,roce_slow_restart,0,0,0
server,roce_slow_restart_cnps,0,0,0
server,roce_slow_restart_trans,0,0,0
server,rp_cnp_handled,0,0,0
server,rp_cnp_ignored,0,0,0
server,rx_atomic_requests,0,0,0
server,rx_dct_connect,0,0,0
server,rx_icrc_encapsulated,0,0,0
server,rx_read_requests,262,263,1
server,rx_write_requests,1606999353,1606999353,0
# LOC_PROT_PERM,trial=89,status=4,vendor_err=0x33,latency_us=346
client,local_ack_timeout_err,0,0,0
client,out_of_sequence,0,0,0
client,packet_seq_err,0,0,0
client,implied_nak_seq_err,0,0,0
client,rnr_nak_retry_err,100,100,0
client,req_cqe_error,1231,1232,1
client,resp_cqe_error,0,0,0
client,req_cqe_flush_error,0,0,0
client,resp_cqe_flush_error,0,0,0
client,req_remote_invalid_request,100,100,0
client,req_remote_access_errors,290,290,0
client,resp_remote_access_errors,0,0,0
client,resp_local_length_error,0,0,0
client,duplicate_request,0,0,0
client,out_of_buffer,0,0,0
client,rx_icrc_encapsulated,0,0,0
client,req_transport_retries_exceeded,0,0,0
client,req_rnr_retries_exceeded,100,100,0
client,roce_adp_retrans,114,114,0
client,roce_adp_retrans_to,0,0,0
client,roce_slow_restart,0,0,0
client,port_rcv_errors,0,0,0
client,local_link_integrity_errors,0,0,0
client,link_error_recovery,0,0,0
client,link_downed,0,0,0
server,duplicate_request,0,0,0
server,implied_nak_seq_err,0,0,0
server,lifespan,10,10,0
server,local_ack_timeout_err,0,0,0
server,np_cnp_sent,1,1,0
server,np_ecn_marked_roce_packets,0,0,0
server,out_of_buffer,883,883,0
server,out_of_sequence,1,1,0
server,packet_seq_err,0,0,0
server,req_cqe_error,50,50,0
server,req_cqe_flush_error,0,0,0
server,req_remote_access_errors,10,10,0
server,req_remote_invalid_request,10,10,0
server,req_rnr_retries_exceeded,0,0,0
server,req_transport_retries_exceeded,0,0,0
server,resp_cqe_error,0,0,0
server,resp_cqe_flush_error,0,0,0
server,resp_local_length_error,0,0,0
server,resp_remote_access_errors,0,0,0
server,rnr_nak_retry_err,0,0,0
server,roce_adp_retrans,0,0,0
server,roce_adp_retrans_to,0,0,0
server,roce_slow_restart,0,0,0
server,roce_slow_restart_cnps,0,0,0
server,roce_slow_restart_trans,0,0,0
server,rp_cnp_handled,0,0,0
server,rp_cnp_ignored,0,0,0
server,rx_atomic_requests,0,0,0
server,rx_dct_connect,0,0,0
server,rx_icrc_encapsulated,0,0,0
server,rx_read_requests,263,264,1
server,rx_write_requests,1606999354,1606999354,0
# LOC_PROT_PERM,trial=90,status=4,vendor_err=0x33,latency_us=344
client,local_ack_timeout_err,0,0,0
client,out_of_sequence,0,0,0
client,packet_seq_err,0,0,0
client,implied_nak_seq_err,0,0,0
client,rnr_nak_retry_err,100,100,0
client,req_cqe_error,1232,1233,1
client,resp_cqe_error,0,0,0
client,req_cqe_flush_error,0,0,0
client,resp_cqe_flush_error,0,0,0
client,req_remote_invalid_request,100,100,0
client,req_remote_access_errors,290,290,0
client,resp_remote_access_errors,0,0,0
client,resp_local_length_error,0,0,0
client,duplicate_request,0,0,0
client,out_of_buffer,0,0,0
client,rx_icrc_encapsulated,0,0,0
client,req_transport_retries_exceeded,0,0,0
client,req_rnr_retries_exceeded,100,100,0
client,roce_adp_retrans,114,114,0
client,roce_adp_retrans_to,0,0,0
client,roce_slow_restart,0,0,0
client,port_rcv_errors,0,0,0
client,local_link_integrity_errors,0,0,0
client,link_error_recovery,0,0,0
client,link_downed,0,0,0
server,duplicate_request,0,0,0
server,implied_nak_seq_err,0,0,0
server,lifespan,10,10,0
server,local_ack_timeout_err,0,0,0
server,np_cnp_sent,1,1,0
server,np_ecn_marked_roce_packets,0,0,0
server,out_of_buffer,883,883,0
server,out_of_sequence,1,1,0
server,packet_seq_err,0,0,0
server,req_cqe_error,50,50,0
server,req_cqe_flush_error,0,0,0
server,req_remote_access_errors,10,10,0
server,req_remote_invalid_request,10,10,0
server,req_rnr_retries_exceeded,0,0,0
server,req_transport_retries_exceeded,0,0,0
server,resp_cqe_error,0,0,0
server,resp_cqe_flush_error,0,0,0
server,resp_local_length_error,0,0,0
server,resp_remote_access_errors,0,0,0
server,rnr_nak_retry_err,0,0,0
server,roce_adp_retrans,0,0,0
server,roce_adp_retrans_to,0,0,0
server,roce_slow_restart,0,0,0
server,roce_slow_restart_cnps,0,0,0
server,roce_slow_restart_trans,0,0,0
server,rp_cnp_handled,0,0,0
server,rp_cnp_ignored,0,0,0
server,rx_atomic_requests,0,0,0
server,rx_dct_connect,0,0,0
server,rx_icrc_encapsulated,0,0,0
server,rx_read_requests,264,265,1
server,rx_write_requests,1606999355,1606999355,0
# LOC_PROT_PERM,trial=91,status=4,vendor_err=0x33,latency_us=347
client,local_ack_timeout_err,0,0,0
client,out_of_sequence,0,0,0
client,packet_seq_err,0,0,0
client,implied_nak_seq_err,0,0,0
client,rnr_nak_retry_err,100,100,0
client,req_cqe_error,1233,1234,1
client,resp_cqe_error,0,0,0
client,req_cqe_flush_error,0,0,0
client,resp_cqe_flush_error,0,0,0
client,req_remote_invalid_request,100,100,0
client,req_remote_access_errors,290,290,0
client,resp_remote_access_errors,0,0,0
client,resp_local_length_error,0,0,0
client,duplicate_request,0,0,0
client,out_of_buffer,0,0,0
client,rx_icrc_encapsulated,0,0,0
client,req_transport_retries_exceeded,0,0,0
client,req_rnr_retries_exceeded,100,100,0
client,roce_adp_retrans,114,114,0
client,roce_adp_retrans_to,0,0,0
client,roce_slow_restart,0,0,0
client,port_rcv_errors,0,0,0
client,local_link_integrity_errors,0,0,0
client,link_error_recovery,0,0,0
client,link_downed,0,0,0
server,duplicate_request,0,0,0
server,implied_nak_seq_err,0,0,0
server,lifespan,10,10,0
server,local_ack_timeout_err,0,0,0
server,np_cnp_sent,1,1,0
server,np_ecn_marked_roce_packets,0,0,0
server,out_of_buffer,883,883,0
server,out_of_sequence,1,1,0
server,packet_seq_err,0,0,0
server,req_cqe_error,50,50,0
server,req_cqe_flush_error,0,0,0
server,req_remote_access_errors,10,10,0
server,req_remote_invalid_request,10,10,0
server,req_rnr_retries_exceeded,0,0,0
server,req_transport_retries_exceeded,0,0,0
server,resp_cqe_error,0,0,0
server,resp_cqe_flush_error,0,0,0
server,resp_local_length_error,0,0,0
server,resp_remote_access_errors,0,0,0
server,rnr_nak_retry_err,0,0,0
server,roce_adp_retrans,0,0,0
server,roce_adp_retrans_to,0,0,0
server,roce_slow_restart,0,0,0
server,roce_slow_restart_cnps,0,0,0
server,roce_slow_restart_trans,0,0,0
server,rp_cnp_handled,0,0,0
server,rp_cnp_ignored,0,0,0
server,rx_atomic_requests,0,0,0
server,rx_dct_connect,0,0,0
server,rx_icrc_encapsulated,0,0,0
server,rx_read_requests,265,266,1
server,rx_write_requests,1606999356,1606999356,0
# LOC_PROT_PERM,trial=92,status=4,vendor_err=0x33,latency_us=383
client,local_ack_timeout_err,0,0,0
client,out_of_sequence,0,0,0
client,packet_seq_err,0,0,0
client,implied_nak_seq_err,0,0,0
client,rnr_nak_retry_err,100,100,0
client,req_cqe_error,1234,1235,1
client,resp_cqe_error,0,0,0
client,req_cqe_flush_error,0,0,0
client,resp_cqe_flush_error,0,0,0
client,req_remote_invalid_request,100,100,0
client,req_remote_access_errors,290,290,0
client,resp_remote_access_errors,0,0,0
client,resp_local_length_error,0,0,0
client,duplicate_request,0,0,0
client,out_of_buffer,0,0,0
client,rx_icrc_encapsulated,0,0,0
client,req_transport_retries_exceeded,0,0,0
client,req_rnr_retries_exceeded,100,100,0
client,roce_adp_retrans,114,114,0
client,roce_adp_retrans_to,0,0,0
client,roce_slow_restart,0,0,0
client,port_rcv_errors,0,0,0
client,local_link_integrity_errors,0,0,0
client,link_error_recovery,0,0,0
client,link_downed,0,0,0
server,duplicate_request,0,0,0
server,implied_nak_seq_err,0,0,0
server,lifespan,10,10,0
server,local_ack_timeout_err,0,0,0
server,np_cnp_sent,1,1,0
server,np_ecn_marked_roce_packets,0,0,0
server,out_of_buffer,883,883,0
server,out_of_sequence,1,1,0
server,packet_seq_err,0,0,0
server,req_cqe_error,50,50,0
server,req_cqe_flush_error,0,0,0
server,req_remote_access_errors,10,10,0
server,req_remote_invalid_request,10,10,0
server,req_rnr_retries_exceeded,0,0,0
server,req_transport_retries_exceeded,0,0,0
server,resp_cqe_error,0,0,0
server,resp_cqe_flush_error,0,0,0
server,resp_local_length_error,0,0,0
server,resp_remote_access_errors,0,0,0
server,rnr_nak_retry_err,0,0,0
server,roce_adp_retrans,0,0,0
server,roce_adp_retrans_to,0,0,0
server,roce_slow_restart,0,0,0
server,roce_slow_restart_cnps,0,0,0
server,roce_slow_restart_trans,0,0,0
server,rp_cnp_handled,0,0,0
server,rp_cnp_ignored,0,0,0
server,rx_atomic_requests,0,0,0
server,rx_dct_connect,0,0,0
server,rx_icrc_encapsulated,0,0,0
server,rx_read_requests,266,267,1
server,rx_write_requests,1606999357,1606999357,0
# LOC_PROT_PERM,trial=93,status=4,vendor_err=0x33,latency_us=347
client,local_ack_timeout_err,0,0,0
client,out_of_sequence,0,0,0
client,packet_seq_err,0,0,0
client,implied_nak_seq_err,0,0,0
client,rnr_nak_retry_err,100,100,0
client,req_cqe_error,1235,1236,1
client,resp_cqe_error,0,0,0
client,req_cqe_flush_error,0,0,0
client,resp_cqe_flush_error,0,0,0
client,req_remote_invalid_request,100,100,0
client,req_remote_access_errors,290,290,0
client,resp_remote_access_errors,0,0,0
client,resp_local_length_error,0,0,0
client,duplicate_request,0,0,0
client,out_of_buffer,0,0,0
client,rx_icrc_encapsulated,0,0,0
client,req_transport_retries_exceeded,0,0,0
client,req_rnr_retries_exceeded,100,100,0
client,roce_adp_retrans,114,114,0
client,roce_adp_retrans_to,0,0,0
client,roce_slow_restart,0,0,0
client,port_rcv_errors,0,0,0
client,local_link_integrity_errors,0,0,0
client,link_error_recovery,0,0,0
client,link_downed,0,0,0
server,duplicate_request,0,0,0
server,implied_nak_seq_err,0,0,0
server,lifespan,10,10,0
server,local_ack_timeout_err,0,0,0
server,np_cnp_sent,1,1,0
server,np_ecn_marked_roce_packets,0,0,0
server,out_of_buffer,883,883,0
server,out_of_sequence,1,1,0
server,packet_seq_err,0,0,0
server,req_cqe_error,50,50,0
server,req_cqe_flush_error,0,0,0
server,req_remote_access_errors,10,10,0
server,req_remote_invalid_request,10,10,0
server,req_rnr_retries_exceeded,0,0,0
server,req_transport_retries_exceeded,0,0,0
server,resp_cqe_error,0,0,0
server,resp_cqe_flush_error,0,0,0
server,resp_local_length_error,0,0,0
server,resp_remote_access_errors,0,0,0
server,rnr_nak_retry_err,0,0,0
server,roce_adp_retrans,0,0,0
server,roce_adp_retrans_to,0,0,0
server,roce_slow_restart,0,0,0
server,roce_slow_restart_cnps,0,0,0
server,roce_slow_restart_trans,0,0,0
server,rp_cnp_handled,0,0,0
server,rp_cnp_ignored,0,0,0
server,rx_atomic_requests,0,0,0
server,rx_dct_connect,0,0,0
server,rx_icrc_encapsulated,0,0,0
server,rx_read_requests,267,268,1
server,rx_write_requests,1606999358,1606999358,0
# LOC_PROT_PERM,trial=94,status=4,vendor_err=0x33,latency_us=347
client,local_ack_timeout_err,0,0,0
client,out_of_sequence,0,0,0
client,packet_seq_err,0,0,0
client,implied_nak_seq_err,0,0,0
client,rnr_nak_retry_err,100,100,0
client,req_cqe_error,1236,1237,1
client,resp_cqe_error,0,0,0
client,req_cqe_flush_error,0,0,0
client,resp_cqe_flush_error,0,0,0
client,req_remote_invalid_request,100,100,0
client,req_remote_access_errors,290,290,0
client,resp_remote_access_errors,0,0,0
client,resp_local_length_error,0,0,0
client,duplicate_request,0,0,0
client,out_of_buffer,0,0,0
client,rx_icrc_encapsulated,0,0,0
client,req_transport_retries_exceeded,0,0,0
client,req_rnr_retries_exceeded,100,100,0
client,roce_adp_retrans,114,114,0
client,roce_adp_retrans_to,0,0,0
client,roce_slow_restart,0,0,0
client,port_rcv_errors,0,0,0
client,local_link_integrity_errors,0,0,0
client,link_error_recovery,0,0,0
client,link_downed,0,0,0
server,duplicate_request,0,0,0
server,implied_nak_seq_err,0,0,0
server,lifespan,10,10,0
server,local_ack_timeout_err,0,0,0
server,np_cnp_sent,1,1,0
server,np_ecn_marked_roce_packets,0,0,0
server,out_of_buffer,883,883,0
server,out_of_sequence,1,1,0
server,packet_seq_err,0,0,0
server,req_cqe_error,50,50,0
server,req_cqe_flush_error,0,0,0
server,req_remote_access_errors,10,10,0
server,req_remote_invalid_request,10,10,0
server,req_rnr_retries_exceeded,0,0,0
server,req_transport_retries_exceeded,0,0,0
server,resp_cqe_error,0,0,0
server,resp_cqe_flush_error,0,0,0
server,resp_local_length_error,0,0,0
server,resp_remote_access_errors,0,0,0
server,rnr_nak_retry_err,0,0,0
server,roce_adp_retrans,0,0,0
server,roce_adp_retrans_to,0,0,0
server,roce_slow_restart,0,0,0
server,roce_slow_restart_cnps,0,0,0
server,roce_slow_restart_trans,0,0,0
server,rp_cnp_handled,0,0,0
server,rp_cnp_ignored,0,0,0
server,rx_atomic_requests,0,0,0
server,rx_dct_connect,0,0,0
server,rx_icrc_encapsulated,0,0,0
server,rx_read_requests,268,269,1
server,rx_write_requests,1606999359,1606999359,0
# LOC_PROT_PERM,trial=95,status=4,vendor_err=0x33,latency_us=347
client,local_ack_timeout_err,0,0,0
client,out_of_sequence,0,0,0
client,packet_seq_err,0,0,0
client,implied_nak_seq_err,0,0,0
client,rnr_nak_retry_err,100,100,0
client,req_cqe_error,1237,1238,1
client,resp_cqe_error,0,0,0
client,req_cqe_flush_error,0,0,0
client,resp_cqe_flush_error,0,0,0
client,req_remote_invalid_request,100,100,0
client,req_remote_access_errors,290,290,0
client,resp_remote_access_errors,0,0,0
client,resp_local_length_error,0,0,0
client,duplicate_request,0,0,0
client,out_of_buffer,0,0,0
client,rx_icrc_encapsulated,0,0,0
client,req_transport_retries_exceeded,0,0,0
client,req_rnr_retries_exceeded,100,100,0
client,roce_adp_retrans,114,114,0
client,roce_adp_retrans_to,0,0,0
client,roce_slow_restart,0,0,0
client,port_rcv_errors,0,0,0
client,local_link_integrity_errors,0,0,0
client,link_error_recovery,0,0,0
client,link_downed,0,0,0
server,duplicate_request,0,0,0
server,implied_nak_seq_err,0,0,0
server,lifespan,10,10,0
server,local_ack_timeout_err,0,0,0
server,np_cnp_sent,1,1,0
server,np_ecn_marked_roce_packets,0,0,0
server,out_of_buffer,883,883,0
server,out_of_sequence,1,1,0
server,packet_seq_err,0,0,0
server,req_cqe_error,50,50,0
server,req_cqe_flush_error,0,0,0
server,req_remote_access_errors,10,10,0
server,req_remote_invalid_request,10,10,0
server,req_rnr_retries_exceeded,0,0,0
server,req_transport_retries_exceeded,0,0,0
server,resp_cqe_error,0,0,0
server,resp_cqe_flush_error,0,0,0
server,resp_local_length_error,0,0,0
server,resp_remote_access_errors,0,0,0
server,rnr_nak_retry_err,0,0,0
server,roce_adp_retrans,0,0,0
server,roce_adp_retrans_to,0,0,0
server,roce_slow_restart,0,0,0
server,roce_slow_restart_cnps,0,0,0
server,roce_slow_restart_trans,0,0,0
server,rp_cnp_handled,0,0,0
server,rp_cnp_ignored,0,0,0
server,rx_atomic_requests,0,0,0
server,rx_dct_connect,0,0,0
server,rx_icrc_encapsulated,0,0,0
server,rx_read_requests,269,270,1
server,rx_write_requests,1606999360,1606999360,0
# LOC_PROT_PERM,trial=96,status=4,vendor_err=0x33,latency_us=346
client,local_ack_timeout_err,0,0,0
client,out_of_sequence,0,0,0
client,packet_seq_err,0,0,0
client,implied_nak_seq_err,0,0,0
client,rnr_nak_retry_err,100,100,0
client,req_cqe_error,1238,1239,1
client,resp_cqe_error,0,0,0
client,req_cqe_flush_error,0,0,0
client,resp_cqe_flush_error,0,0,0
client,req_remote_invalid_request,100,100,0
client,req_remote_access_errors,290,290,0
client,resp_remote_access_errors,0,0,0
client,resp_local_length_error,0,0,0
client,duplicate_request,0,0,0
client,out_of_buffer,0,0,0
client,rx_icrc_encapsulated,0,0,0
client,req_transport_retries_exceeded,0,0,0
client,req_rnr_retries_exceeded,100,100,0
client,roce_adp_retrans,114,114,0
client,roce_adp_retrans_to,0,0,0
client,roce_slow_restart,0,0,0
client,port_rcv_errors,0,0,0
client,local_link_integrity_errors,0,0,0
client,link_error_recovery,0,0,0
client,link_downed,0,0,0
server,duplicate_request,0,0,0
server,implied_nak_seq_err,0,0,0
server,lifespan,10,10,0
server,local_ack_timeout_err,0,0,0
server,np_cnp_sent,1,1,0
server,np_ecn_marked_roce_packets,0,0,0
server,out_of_buffer,883,883,0
server,out_of_sequence,1,1,0
server,packet_seq_err,0,0,0
server,req_cqe_error,50,50,0
server,req_cqe_flush_error,0,0,0
server,req_remote_access_errors,10,10,0
server,req_remote_invalid_request,10,10,0
server,req_rnr_retries_exceeded,0,0,0
server,req_transport_retries_exceeded,0,0,0
server,resp_cqe_error,0,0,0
server,resp_cqe_flush_error,0,0,0
server,resp_local_length_error,0,0,0
server,resp_remote_access_errors,0,0,0
server,rnr_nak_retry_err,0,0,0
server,roce_adp_retrans,0,0,0
server,roce_adp_retrans_to,0,0,0
server,roce_slow_restart,0,0,0
server,roce_slow_restart_cnps,0,0,0
server,roce_slow_restart_trans,0,0,0
server,rp_cnp_handled,0,0,0
server,rp_cnp_ignored,0,0,0
server,rx_atomic_requests,0,0,0
server,rx_dct_connect,0,0,0
server,rx_icrc_encapsulated,0,0,0
server,rx_read_requests,270,271,1
server,rx_write_requests,1606999361,1606999361,0
# LOC_PROT_PERM,trial=97,status=4,vendor_err=0x33,latency_us=348
client,local_ack_timeout_err,0,0,0
client,out_of_sequence,0,0,0
client,packet_seq_err,0,0,0
client,implied_nak_seq_err,0,0,0
client,rnr_nak_retry_err,100,100,0
client,req_cqe_error,1239,1240,1
client,resp_cqe_error,0,0,0
client,req_cqe_flush_error,0,0,0
client,resp_cqe_flush_error,0,0,0
client,req_remote_invalid_request,100,100,0
client,req_remote_access_errors,290,290,0
client,resp_remote_access_errors,0,0,0
client,resp_local_length_error,0,0,0
client,duplicate_request,0,0,0
client,out_of_buffer,0,0,0
client,rx_icrc_encapsulated,0,0,0
client,req_transport_retries_exceeded,0,0,0
client,req_rnr_retries_exceeded,100,100,0
client,roce_adp_retrans,114,114,0
client,roce_adp_retrans_to,0,0,0
client,roce_slow_restart,0,0,0
client,port_rcv_errors,0,0,0
client,local_link_integrity_errors,0,0,0
client,link_error_recovery,0,0,0
client,link_downed,0,0,0
server,duplicate_request,0,0,0
server,implied_nak_seq_err,0,0,0
server,lifespan,10,10,0
server,local_ack_timeout_err,0,0,0
server,np_cnp_sent,1,1,0
server,np_ecn_marked_roce_packets,0,0,0
server,out_of_buffer,883,883,0
server,out_of_sequence,1,1,0
server,packet_seq_err,0,0,0
server,req_cqe_error,50,50,0
server,req_cqe_flush_error,0,0,0
server,req_remote_access_errors,10,10,0
server,req_remote_invalid_request,10,10,0
server,req_rnr_retries_exceeded,0,0,0
server,req_transport_retries_exceeded,0,0,0
server,resp_cqe_error,0,0,0
server,resp_cqe_flush_error,0,0,0
server,resp_local_length_error,0,0,0
server,resp_remote_access_errors,0,0,0
server,rnr_nak_retry_err,0,0,0
server,roce_adp_retrans,0,0,0
server,roce_adp_retrans_to,0,0,0
server,roce_slow_restart,0,0,0
server,roce_slow_restart_cnps,0,0,0
server,roce_slow_restart_trans,0,0,0
server,rp_cnp_handled,0,0,0
server,rp_cnp_ignored,0,0,0
server,rx_atomic_requests,0,0,0
server,rx_dct_connect,0,0,0
server,rx_icrc_encapsulated,0,0,0
server,rx_read_requests,271,272,1
server,rx_write_requests,1606999362,1606999362,0
# LOC_PROT_PERM,trial=98,status=4,vendor_err=0x33,latency_us=383
client,local_ack_timeout_err,0,0,0
client,out_of_sequence,0,0,0
client,packet_seq_err,0,0,0
client,implied_nak_seq_err,0,0,0
client,rnr_nak_retry_err,100,100,0
client,req_cqe_error,1240,1241,1
client,resp_cqe_error,0,0,0
client,req_cqe_flush_error,0,0,0
client,resp_cqe_flush_error,0,0,0
client,req_remote_invalid_request,100,100,0
client,req_remote_access_errors,290,290,0
client,resp_remote_access_errors,0,0,0
client,resp_local_length_error,0,0,0
client,duplicate_request,0,0,0
client,out_of_buffer,0,0,0
client,rx_icrc_encapsulated,0,0,0
client,req_transport_retries_exceeded,0,0,0
client,req_rnr_retries_exceeded,100,100,0
client,roce_adp_retrans,114,114,0
client,roce_adp_retrans_to,0,0,0
client,roce_slow_restart,0,0,0
client,port_rcv_errors,0,0,0
client,local_link_integrity_errors,0,0,0
client,link_error_recovery,0,0,0
client,link_downed,0,0,0
server,duplicate_request,0,0,0
server,implied_nak_seq_err,0,0,0
server,lifespan,10,10,0
server,local_ack_timeout_err,0,0,0
server,np_cnp_sent,1,1,0
server,np_ecn_marked_roce_packets,0,0,0
server,out_of_buffer,883,883,0
server,out_of_sequence,1,1,0
server,packet_seq_err,0,0,0
server,req_cqe_error,50,50,0
server,req_cqe_flush_error,0,0,0
server,req_remote_access_errors,10,10,0
server,req_remote_invalid_request,10,10,0
server,req_rnr_retries_exceeded,0,0,0
server,req_transport_retries_exceeded,0,0,0
server,resp_cqe_error,0,0,0
server,resp_cqe_flush_error,0,0,0
server,resp_local_length_error,0,0,0
server,resp_remote_access_errors,0,0,0
server,rnr_nak_retry_err,0,0,0
server,roce_adp_retrans,0,0,0
server,roce_adp_retrans_to,0,0,0
server,roce_slow_restart,0,0,0
server,roce_slow_restart_cnps,0,0,0
server,roce_slow_restart_trans,0,0,0
server,rp_cnp_handled,0,0,0
server,rp_cnp_ignored,0,0,0
server,rx_atomic_requests,0,0,0
server,rx_dct_connect,0,0,0
server,rx_icrc_encapsulated,0,0,0
server,rx_read_requests,272,273,1
server,rx_write_requests,1606999363,1606999363,0
# LOC_PROT_PERM,trial=99,status=4,vendor_err=0x33,latency_us=347
client,local_ack_timeout_err,0,0,0
client,out_of_sequence,0,0,0
client,packet_seq_err,0,0,0
client,implied_nak_seq_err,0,0,0
client,rnr_nak_retry_err,100,100,0
client,req_cqe_error,1241,1242,1
client,resp_cqe_error,0,0,0
client,req_cqe_flush_error,0,0,0
client,resp_cqe_flush_error,0,0,0
client,req_remote_invalid_request,100,100,0
client,req_remote_access_errors,290,290,0
client,resp_remote_access_errors,0,0,0
client,resp_local_length_error,0,0,0
client,duplicate_request,0,0,0
client,out_of_buffer,0,0,0
client,rx_icrc_encapsulated,0,0,0
client,req_transport_retries_exceeded,0,0,0
client,req_rnr_retries_exceeded,100,100,0
client,roce_adp_retrans,114,114,0
client,roce_adp_retrans_to,0,0,0
client,roce_slow_restart,0,0,0
client,port_rcv_errors,0,0,0
client,local_link_integrity_errors,0,0,0
client,link_error_recovery,0,0,0
client,link_downed,0,0,0
server,duplicate_request,0,0,0
server,implied_nak_seq_err,0,0,0
server,lifespan,10,10,0
server,local_ack_timeout_err,0,0,0
server,np_cnp_sent,1,1,0
server,np_ecn_marked_roce_packets,0,0,0
server,out_of_buffer,883,883,0
server,out_of_sequence,1,1,0
server,packet_seq_err,0,0,0
server,req_cqe_error,50,50,0
server,req_cqe_flush_error,0,0,0
server,req_remote_access_errors,10,10,0
server,req_remote_invalid_request,10,10,0
server,req_rnr_retries_exceeded,0,0,0
server,req_transport_retries_exceeded,0,0,0
server,resp_cqe_error,0,0,0
server,resp_cqe_flush_error,0,0,0
server,resp_local_length_error,0,0,0
server,resp_remote_access_errors,0,0,0
server,rnr_nak_retry_err,0,0,0
server,roce_adp_retrans,0,0,0
server,roce_adp_retrans_to,0,0,0
server,roce_slow_restart,0,0,0
server,roce_slow_restart_cnps,0,0,0
server,roce_slow_restart_trans,0,0,0
server,rp_cnp_handled,0,0,0
server,rp_cnp_ignored,0,0,0
server,rx_atomic_requests,0,0,0
server,rx_dct_connect,0,0,0
server,rx_icrc_encapsulated,0,0,0
server,rx_read_requests,273,274,1
server,rx_write_requests,1606999364,1606999364,0
