side,counter,before,after,delta
# REM_ACCESS_ADDR,trial=0,status=10,vendor_err=0x88,latency_us=3323
client,local_ack_timeout_err,0,0,0
client,out_of_sequence,0,0,0
client,packet_seq_err,0,0,0
client,implied_nak_seq_err,0,0,0
client,rnr_nak_retry_err,200,200,0
client,req_cqe_error,1642,1643,1
client,resp_cqe_error,0,0,0
client,req_cqe_flush_error,0,0,0
client,resp_cqe_flush_error,0,0,0
client,req_remote_invalid_request,200,200,0
client,req_remote_access_errors,390,391,1
client,resp_remote_access_errors,0,0,0
client,resp_local_length_error,0,0,0
client,duplicate_request,0,0,0
client,out_of_buffer,0,0,0
client,rx_icrc_encapsulated,0,0,0
client,req_transport_retries_exceeded,0,0,0
client,req_rnr_retries_exceeded,200,200,0
client,roce_adp_retrans,114,114,0
client,roce_adp_retrans_to,0,0,0
client,roce_slow_restart,0,0,0
client,port_rcv_errors,0,0,0
client,local_link_integrity_errors,0,0,0
client,link_error_recovery,0,0,0
client,link_downed,0,0,0
server,duplicate_request,0,0,0
server,implied_nak_seq_err,0,0,0
server,lifespan,10,10,0
server,local_ack_timeout_err,0,0,0
server,np_cnp_sent,1,1,0
server,np_ecn_marked_roce_packets,0,0,0
server,out_of_buffer,983,983,0
server,out_of_sequence,1,1,0
server,packet_seq_err,0,0,0
server,req_cqe_error,50,50,0
server,req_cqe_flush_error,0,0,0
server,req_remote_access_errors,10,10,0
server,req_remote_invalid_request,10,10,0
server,req_rnr_retries_exceeded,0,0,0
server,req_transport_retries_exceeded,0,0,0
server,resp_cqe_error,0,0,0
server,resp_cqe_flush_error,0,0,0
server,resp_local_length_error,0,0,0
server,resp_remote_access_errors,0,0,0
server,rnr_nak_retry_err,0,0,0
server,roce_adp_retrans,0,0,0
server,roce_adp_retrans_to,0,0,0
server,roce_slow_restart,0,0,0
server,roce_slow_restart_cnps,0,0,0
server,roce_slow_restart_trans,0,0,0
server,rp_cnp_handled,0,0,0
server,rp_cnp_ignored,0,0,0
server,rx_atomic_requests,0,0,0
server,rx_dct_connect,0,0,0
server,rx_icrc_encapsulated,0,0,0
server,rx_read_requests,274,274,0
server,rx_write_requests,1606999565,1606999566,1
# REM_ACCESS_ADDR,trial=1,status=10,vendor_err=0x88,latency_us=3189
client,local_ack_timeout_err,0,0,0
client,out_of_sequence,0,0,0
client,packet_seq_err,0,0,0
client,implied_nak_seq_err,0,0,0
client,rnr_nak_retry_err,200,200,0
client,req_cqe_error,1643,1644,1
client,resp_cqe_error,0,0,0
client,req_cqe_flush_error,0,0,0
client,resp_cqe_flush_error,0,0,0
client,req_remote_invalid_request,200,200,0
client,req_remote_access_errors,391,392,1
client,resp_remote_access_errors,0,0,0
client,resp_local_length_error,0,0,0
client,duplicate_request,0,0,0
client,out_of_buffer,0,0,0
client,rx_icrc_encapsulated,0,0,0
client,req_transport_retries_exceeded,0,0,0
client,req_rnr_retries_exceeded,200,200,0
client,roce_adp_retrans,114,114,0
client,roce_adp_retrans_to,0,0,0
client,roce_slow_restart,0,0,0
client,port_rcv_errors,0,0,0
client,local_link_integrity_errors,0,0,0
client,link_error_recovery,0,0,0
client,link_downed,0,0,0
server,duplicate_request,0,0,0
server,implied_nak_seq_err,0,0,0
server,lifespan,10,10,0
server,local_ack_timeout_err,0,0,0
server,np_cnp_sent,1,1,0
server,np_ecn_marked_roce_packets,0,0,0
server,out_of_buffer,983,983,0
server,out_of_sequence,1,1,0
server,packet_seq_err,0,0,0
server,req_cqe_error,50,50,0
server,req_cqe_flush_error,0,0,0
server,req_remote_access_errors,10,10,0
server,req_remote_invalid_request,10,10,0
server,req_rnr_retries_exceeded,0,0,0
server,req_transport_retries_exceeded,0,0,0
server,resp_cqe_error,0,0,0
server,resp_cqe_flush_error,0,0,0
server,resp_local_length_error,0,0,0
server,resp_remote_access_errors,0,0,0
server,rnr_nak_retry_err,0,0,0
server,roce_adp_retrans,0,0,0
server,roce_adp_retrans_to,0,0,0
server,roce_slow_restart,0,0,0
server,roce_slow_restart_cnps,0,0,0
server,roce_slow_restart_trans,0,0,0
server,rp_cnp_handled,0,0,0
server,rp_cnp_ignored,0,0,0
server,rx_atomic_requests,0,0,0
server,rx_dct_connect,0,0,0
server,rx_icrc_encapsulated,0,0,0
server,rx_read_requests,274,274,0
server,rx_write_requests,1606999567,1606999568,1
# REM_ACCESS_ADDR,trial=2,status=10,vendor_err=0x88,latency_us=3154
client,local_ack_timeout_err,0,0,0
client,out_of_sequence,0,0,0
client,packet_seq_err,0,0,0
client,implied_nak_seq_err,0,0,0
client,rnr_nak_retry_err,200,200,0
client,req_cqe_error,1644,1645,1
client,resp_cqe_error,0,0,0
client,req_cqe_flush_error,0,0,0
client,resp_cqe_flush_error,0,0,0
client,req_remote_invalid_request,200,200,0
client,req_remote_access_errors,392,393,1
client,resp_remote_access_errors,0,0,0
client,resp_local_length_error,0,0,0
client,duplicate_request,0,0,0
client,out_of_buffer,0,0,0
client,rx_icrc_encapsulated,0,0,0
client,req_transport_retries_exceeded,0,0,0
client,req_rnr_retries_exceeded,200,200,0
client,roce_adp_retrans,114,114,0
client,roce_adp_retrans_to,0,0,0
client,roce_slow_restart,0,0,0
client,port_rcv_errors,0,0,0
client,local_link_integrity_errors,0,0,0
client,link_error_recovery,0,0,0
client,link_downed,0,0,0
server,duplicate_request,0,0,0
server,implied_nak_seq_err,0,0,0
server,lifespan,10,10,0
server,local_ack_timeout_err,0,0,0
server,np_cnp_sent,1,1,0
server,np_ecn_marked_roce_packets,0,0,0
server,out_of_buffer,983,983,0
server,out_of_sequence,1,1,0
server,packet_seq_err,0,0,0
server,req_cqe_error,50,50,0
server,req_cqe_flush_error,0,0,0
server,req_remote_access_errors,10,10,0
server,req_remote_invalid_request,10,10,0
server,req_rnr_retries_exceeded,0,0,0
server,req_transport_retries_exceeded,0,0,0
server,resp_cqe_error,0,0,0
server,resp_cqe_flush_error,0,0,0
server,resp_local_length_error,0,0,0
server,resp_remote_access_errors,0,0,0
server,rnr_nak_retry_err,0,0,0
server,roce_adp_retrans,0,0,0
server,roce_adp_retrans_to,0,0,0
server,roce_slow_restart,0,0,0
server,roce_slow_restart_cnps,0,0,0
server,roce_slow_restart_trans,0,0,0
server,rp_cnp_handled,0,0,0
server,rp_cnp_ignored,0,0,0
server,rx_atomic_requests,0,0,0
server,rx_dct_connect,0,0,0
server,rx_icrc_encapsulated,0,0,0
server,rx_read_requests,274,274,0
server,rx_write_requests,1606999569,1606999570,1
# REM_ACCESS_ADDR,trial=3,status=10,vendor_err=0x88,latency_us=3163
client,local_ack_timeout_err,0,0,0
client,out_of_sequence,0,0,0
client,packet_seq_err,0,0,0
client,implied_nak_seq_err,0,0,0
client,rnr_nak_retry_err,200,200,0
client,req_cqe_error,1645,1646,1
client,resp_cqe_error,0,0,0
client,req_cqe_flush_error,0,0,0
client,resp_cqe_flush_error,0,0,0
client,req_remote_invalid_request,200,200,0
client,req_remote_access_errors,393,394,1
client,resp_remote_access_errors,0,0,0
client,resp_local_length_error,0,0,0
client,duplicate_request,0,0,0
client,out_of_buffer,0,0,0
client,rx_icrc_encapsulated,0,0,0
client,req_transport_retries_exceeded,0,0,0
client,req_rnr_retries_exceeded,200,200,0
client,roce_adp_retrans,114,114,0
client,roce_adp_retrans_to,0,0,0
client,roce_slow_restart,0,0,0
client,port_rcv_errors,0,0,0
client,local_link_integrity_errors,0,0,0
client,link_error_recovery,0,0,0
client,link_downed,0,0,0
server,duplicate_request,0,0,0
server,implied_nak_seq_err,0,0,0
server,lifespan,10,10,0
server,local_ack_timeout_err,0,0,0
server,np_cnp_sent,1,1,0
server,np_ecn_marked_roce_packets,0,0,0
server,out_of_buffer,983,983,0
server,out_of_sequence,1,1,0
server,packet_seq_err,0,0,0
server,req_cqe_error,50,50,0
server,req_cqe_flush_error,0,0,0
server,req_remote_access_errors,10,10,0
server,req_remote_invalid_request,10,10,0
server,req_rnr_retries_exceeded,0,0,0
server,req_transport_retries_exceeded,0,0,0
server,resp_cqe_error,0,0,0
server,resp_cqe_flush_error,0,0,0
server,resp_local_length_error,0,0,0
server,resp_remote_access_errors,0,0,0
server,rnr_nak_retry_err,0,0,0
server,roce_adp_retrans,0,0,0
server,roce_adp_retrans_to,0,0,0
server,roce_slow_restart,0,0,0
server,roce_slow_restart_cnps,0,0,0
server,roce_slow_restart_trans,0,0,0
server,rp_cnp_handled,0,0,0
server,rp_cnp_ignored,0,0,0
server,rx_atomic_requests,0,0,0
server,rx_dct_connect,0,0,0
server,rx_icrc_encapsulated,0,0,0
server,rx_read_requests,274,274,0
server,rx_write_requests,1606999571,1606999572,1
# REM_ACCESS_ADDR,trial=4,status=10,vendor_err=0x88,latency_us=3151
client,local_ack_timeout_err,0,0,0
client,out_of_sequence,0,0,0
client,packet_seq_err,0,0,0
client,implied_nak_seq_err,0,0,0
client,rnr_nak_retry_err,200,200,0
client,req_cqe_error,1646,1647,1
client,resp_cqe_error,0,0,0
client,req_cqe_flush_error,0,0,0
client,resp_cqe_flush_error,0,0,0
client,req_remote_invalid_request,200,200,0
client,req_remote_access_errors,394,395,1
client,resp_remote_access_errors,0,0,0
client,resp_local_length_error,0,0,0
client,duplicate_request,0,0,0
client,out_of_buffer,0,0,0
client,rx_icrc_encapsulated,0,0,0
client,req_transport_retries_exceeded,0,0,0
client,req_rnr_retries_exceeded,200,200,0
client,roce_adp_retrans,114,114,0
client,roce_adp_retrans_to,0,0,0
client,roce_slow_restart,0,0,0
client,port_rcv_errors,0,0,0
client,local_link_integrity_errors,0,0,0
client,link_error_recovery,0,0,0
client,link_downed,0,0,0
server,duplicate_request,0,0,0
server,implied_nak_seq_err,0,0,0
server,lifespan,10,10,0
server,local_ack_timeout_err,0,0,0
server,np_cnp_sent,1,1,0
server,np_ecn_marked_roce_packets,0,0,0
server,out_of_buffer,983,983,0
server,out_of_sequence,1,1,0
server,packet_seq_err,0,0,0
server,req_cqe_error,50,50,0
server,req_cqe_flush_error,0,0,0
server,req_remote_access_errors,10,10,0
server,req_remote_invalid_request,10,10,0
server,req_rnr_retries_exceeded,0,0,0
server,req_transport_retries_exceeded,0,0,0
server,resp_cqe_error,0,0,0
server,resp_cqe_flush_error,0,0,0
server,resp_local_length_error,0,0,0
server,resp_remote_access_errors,0,0,0
server,rnr_nak_retry_err,0,0,0
server,roce_adp_retrans,0,0,0
server,roce_adp_retrans_to,0,0,0
server,roce_slow_restart,0,0,0
server,roce_slow_restart_cnps,0,0,0
server,roce_slow_restart_trans,0,0,0
server,rp_cnp_handled,0,0,0
server,rp_cnp_ignored,0,0,0
server,rx_atomic_requests,0,0,0
server,rx_dct_connect,0,0,0
server,rx_icrc_encapsulated,0,0,0
server,rx_read_requests,274,274,0
server,rx_write_requests,1606999573,1606999574,1
# REM_ACCESS_ADDR,trial=5,status=10,vendor_err=0x88,latency_us=3185
client,local_ack_timeout_err,0,0,0
client,out_of_sequence,0,0,0
client,packet_seq_err,0,0,0
client,implied_nak_seq_err,0,0,0
client,rnr_nak_retry_err,200,200,0
client,req_cqe_error,1647,1648,1
client,resp_cqe_error,0,0,0
client,req_cqe_flush_error,0,0,0
client,resp_cqe_flush_error,0,0,0
client,req_remote_invalid_request,200,200,0
client,req_remote_access_errors,395,396,1
client,resp_remote_access_errors,0,0,0
client,resp_local_length_error,0,0,0
client,duplicate_request,0,0,0
client,out_of_buffer,0,0,0
client,rx_icrc_encapsulated,0,0,0
client,req_transport_retries_exceeded,0,0,0
client,req_rnr_retries_exceeded,200,200,0
client,roce_adp_retrans,114,114,0
client,roce_adp_retrans_to,0,0,0
client,roce_slow_restart,0,0,0
client,port_rcv_errors,0,0,0
client,local_link_integrity_errors,0,0,0
client,link_error_recovery,0,0,0
client,link_downed,0,0,0
server,duplicate_request,0,0,0
server,implied_nak_seq_err,0,0,0
server,lifespan,10,10,0
server,local_ack_timeout_err,0,0,0
server,np_cnp_sent,1,1,0
server,np_ecn_marked_roce_packets,0,0,0
server,out_of_buffer,983,983,0
server,out_of_sequence,1,1,0
server,packet_seq_err,0,0,0
server,req_cqe_error,50,50,0
server,req_cqe_flush_error,0,0,0
server,req_remote_access_errors,10,10,0
server,req_remote_invalid_request,10,10,0
server,req_rnr_retries_exceeded,0,0,0
server,req_transport_retries_exceeded,0,0,0
server,resp_cqe_error,0,0,0
server,resp_cqe_flush_error,0,0,0
server,resp_local_length_error,0,0,0
server,resp_remote_access_errors,0,0,0
server,rnr_nak_retry_err,0,0,0
server,roce_adp_retrans,0,0,0
server,roce_adp_retrans_to,0,0,0
server,roce_slow_restart,0,0,0
server,roce_slow_restart_cnps,0,0,0
server,roce_slow_restart_trans,0,0,0
server,rp_cnp_handled,0,0,0
server,rp_cnp_ignored,0,0,0
server,rx_atomic_requests,0,0,0
server,rx_dct_connect,0,0,0
server,rx_icrc_encapsulated,0,0,0
server,rx_read_requests,274,274,0
server,rx_write_requests,1606999575,1606999576,1
# REM_ACCESS_ADDR,trial=6,status=10,vendor_err=0x88,latency_us=3165
client,local_ack_timeout_err,0,0,0
client,out_of_sequence,0,0,0
client,packet_seq_err,0,0,0
client,implied_nak_seq_err,0,0,0
client,rnr_nak_retry_err,200,200,0
client,req_cqe_error,1648,1649,1
client,resp_cqe_error,0,0,0
client,req_cqe_flush_error,0,0,0
client,resp_cqe_flush_error,0,0,0
client,req_remote_invalid_request,200,200,0
client,req_remote_access_errors,396,397,1
client,resp_remote_access_errors,0,0,0
client,resp_local_length_error,0,0,0
client,duplicate_request,0,0,0
client,out_of_buffer,0,0,0
client,rx_icrc_encapsulated,0,0,0
client,req_transport_retries_exceeded,0,0,0
client,req_rnr_retries_exceeded,200,200,0
client,roce_adp_retrans,114,114,0
client,roce_adp_retrans_to,0,0,0
client,roce_slow_restart,0,0,0
client,port_rcv_errors,0,0,0
client,local_link_integrity_errors,0,0,0
client,link_error_recovery,0,0,0
client,link_downed,0,0,0
server,duplicate_request,0,0,0
server,implied_nak_seq_err,0,0,0
server,lifespan,10,10,0
server,local_ack_timeout_err,0,0,0
server,np_cnp_sent,1,1,0
server,np_ecn_marked_roce_packets,0,0,0
server,out_of_buffer,983,983,0
server,out_of_sequence,1,1,0
server,packet_seq_err,0,0,0
server,req_cqe_error,50,50,0
server,req_cqe_flush_error,0,0,0
server,req_remote_access_errors,10,10,0
server,req_remote_invalid_request,10,10,0
server,req_rnr_retries_exceeded,0,0,0
server,req_transport_retries_exceeded,0,0,0
server,resp_cqe_error,0,0,0
server,resp_cqe_flush_error,0,0,0
server,resp_local_length_error,0,0,0
server,resp_remote_access_errors,0,0,0
server,rnr_nak_retry_err,0,0,0
server,roce_adp_retrans,0,0,0
server,roce_adp_retrans_to,0,0,0
server,roce_slow_restart,0,0,0
server,roce_slow_restart_cnps,0,0,0
server,roce_slow_restart_trans,0,0,0
server,rp_cnp_handled,0,0,0
server,rp_cnp_ignored,0,0,0
server,rx_atomic_requests,0,0,0
server,rx_dct_connect,0,0,0
server,rx_icrc_encapsulated,0,0,0
server,rx_read_requests,274,274,0
server,rx_write_requests,1606999577,1606999578,1
# REM_ACCESS_ADDR,trial=7,status=10,vendor_err=0x88,latency_us=3171
client,local_ack_timeout_err,0,0,0
client,out_of_sequence,0,0,0
client,packet_seq_err,0,0,0
client,implied_nak_seq_err,0,0,0
client,rnr_nak_retry_err,200,200,0
client,req_cqe_error,1649,1650,1
client,resp_cqe_error,0,0,0
client,req_cqe_flush_error,0,0,0
client,resp_cqe_flush_error,0,0,0
client,req_remote_invalid_request,200,200,0
client,req_remote_access_errors,397,398,1
client,resp_remote_access_errors,0,0,0
client,resp_local_length_error,0,0,0
client,duplicate_request,0,0,0
client,out_of_buffer,0,0,0
client,rx_icrc_encapsulated,0,0,0
client,req_transport_retries_exceeded,0,0,0
client,req_rnr_retries_exceeded,200,200,0
client,roce_adp_retrans,114,114,0
client,roce_adp_retrans_to,0,0,0
client,roce_slow_restart,0,0,0
client,port_rcv_errors,0,0,0
client,local_link_integrity_errors,0,0,0
client,link_error_recovery,0,0,0
client,link_downed,0,0,0
server,duplicate_request,0,0,0
server,implied_nak_seq_err,0,0,0
server,lifespan,10,10,0
server,local_ack_timeout_err,0,0,0
server,np_cnp_sent,1,1,0
server,np_ecn_marked_roce_packets,0,0,0
server,out_of_buffer,983,983,0
server,out_of_sequence,1,1,0
server,packet_seq_err,0,0,0
server,req_cqe_error,50,50,0
server,req_cqe_flush_error,0,0,0
server,req_remote_access_errors,10,10,0
server,req_remote_invalid_request,10,10,0
server,req_rnr_retries_exceeded,0,0,0
server,req_transport_retries_exceeded,0,0,0
server,resp_cqe_error,0,0,0
server,resp_cqe_flush_error,0,0,0
server,resp_local_length_error,0,0,0
server,resp_remote_access_errors,0,0,0
server,rnr_nak_retry_err,0,0,0
server,roce_adp_retrans,0,0,0
server,roce_adp_retrans_to,0,0,0
server,roce_slow_restart,0,0,0
server,roce_slow_restart_cnps,0,0,0
server,roce_slow_restart_trans,0,0,0
server,rp_cnp_handled,0,0,0
server,rp_cnp_ignored,0,0,0
server,rx_atomic_requests,0,0,0
server,rx_dct_connect,0,0,0
server,rx_icrc_encapsulated,0,0,0
server,rx_read_requests,274,274,0
server,rx_write_requests,1606999579,1606999580,1
# REM_ACCESS_ADDR,trial=8,status=10,vendor_err=0x88,latency_us=3138
client,local_ack_timeout_err,0,0,0
client,out_of_sequence,0,0,0
client,packet_seq_err,0,0,0
client,implied_nak_seq_err,0,0,0
client,rnr_nak_retry_err,200,200,0
client,req_cqe_error,1650,1651,1
client,resp_cqe_error,0,0,0
client,req_cqe_flush_error,0,0,0
client,resp_cqe_flush_error,0,0,0
client,req_remote_invalid_request,200,200,0
client,req_remote_access_errors,398,399,1
client,resp_remote_access_errors,0,0,0
client,resp_local_length_error,0,0,0
client,duplicate_request,0,0,0
client,out_of_buffer,0,0,0
client,rx_icrc_encapsulated,0,0,0
client,req_transport_retries_exceeded,0,0,0
client,req_rnr_retries_exceeded,200,200,0
client,roce_adp_retrans,114,114,0
client,roce_adp_retrans_to,0,0,0
client,roce_slow_restart,0,0,0
client,port_rcv_errors,0,0,0
client,local_link_integrity_errors,0,0,0
client,link_error_recovery,0,0,0
client,link_downed,0,0,0
server,duplicate_request,0,0,0
server,implied_nak_seq_err,0,0,0
server,lifespan,10,10,0
server,local_ack_timeout_err,0,0,0
server,np_cnp_sent,1,1,0
server,np_ecn_marked_roce_packets,0,0,0
server,out_of_buffer,983,983,0
server,out_of_sequence,1,1,0
server,packet_seq_err,0,0,0
server,req_cqe_error,50,50,0
server,req_cqe_flush_error,0,0,0
server,req_remote_access_errors,10,10,0
server,req_remote_invalid_request,10,10,0
server,req_rnr_retries_exceeded,0,0,0
server,req_transport_retries_exceeded,0,0,0
server,resp_cqe_error,0,0,0
server,resp_cqe_flush_error,0,0,0
server,resp_local_length_error,0,0,0
server,resp_remote_access_errors,0,0,0
server,rnr_nak_retry_err,0,0,0
server,roce_adp_retrans,0,0,0
server,roce_adp_retrans_to,0,0,0
server,roce_slow_restart,0,0,0
server,roce_slow_restart_cnps,0,0,0
server,roce_slow_restart_trans,0,0,0
server,rp_cnp_handled,0,0,0
server,rp_cnp_ignored,0,0,0
server,rx_atomic_requests,0,0,0
server,rx_dct_connect,0,0,0
server,rx_icrc_encapsulated,0,0,0
server,rx_read_requests,274,274,0
server,rx_write_requests,1606999581,1606999582,1
# REM_ACCESS_ADDR,trial=9,status=10,vendor_err=0x88,latency_us=3175
client,local_ack_timeout_err,0,0,0
client,out_of_sequence,0,0,0
client,packet_seq_err,0,0,0
client,implied_nak_seq_err,0,0,0
client,rnr_nak_retry_err,200,200,0
client,req_cqe_error,1651,1652,1
client,resp_cqe_error,0,0,0
client,req_cqe_flush_error,0,0,0
client,resp_cqe_flush_error,0,0,0
client,req_remote_invalid_request,200,200,0
client,req_remote_access_errors,399,400,1
client,resp_remote_access_errors,0,0,0
client,resp_local_length_error,0,0,0
client,duplicate_request,0,0,0
client,out_of_buffer,0,0,0
client,rx_icrc_encapsulated,0,0,0
client,req_transport_retries_exceeded,0,0,0
client,req_rnr_retries_exceeded,200,200,0
client,roce_adp_retrans,114,114,0
client,roce_adp_retrans_to,0,0,0
client,roce_slow_restart,0,0,0
client,port_rcv_errors,0,0,0
client,local_link_integrity_errors,0,0,0
client,link_error_recovery,0,0,0
client,link_downed,0,0,0
server,duplicate_request,0,0,0
server,implied_nak_seq_err,0,0,0
server,lifespan,10,10,0
server,local_ack_timeout_err,0,0,0
server,np_cnp_sent,1,1,0
server,np_ecn_marked_roce_packets,0,0,0
server,out_of_buffer,983,983,0
server,out_of_sequence,1,1,0
server,packet_seq_err,0,0,0
server,req_cqe_error,50,50,0
server,req_cqe_flush_error,0,0,0
server,req_remote_access_errors,10,10,0
server,req_remote_invalid_request,10,10,0
server,req_rnr_retries_exceeded,0,0,0
server,req_transport_retries_exceeded,0,0,0
server,resp_cqe_error,0,0,0
server,resp_cqe_flush_error,0,0,0
server,resp_local_length_error,0,0,0
server,resp_remote_access_errors,0,0,0
server,rnr_nak_retry_err,0,0,0
server,roce_adp_retrans,0,0,0
server,roce_adp_retrans_to,0,0,0
server,roce_slow_restart,0,0,0
server,roce_slow_restart_cnps,0,0,0
server,roce_slow_restart_trans,0,0,0
server,rp_cnp_handled,0,0,0
server,rp_cnp_ignored,0,0,0
server,rx_atomic_requests,0,0,0
server,rx_dct_connect,0,0,0
server,rx_icrc_encapsulated,0,0,0
server,rx_read_requests,274,274,0
server,rx_write_requests,1606999583,1606999584,1
# REM_ACCESS_ADDR,trial=10,status=10,vendor_err=0x88,latency_us=3128
client,local_ack_timeout_err,0,0,0
client,out_of_sequence,0,0,0
client,packet_seq_err,0,0,0
client,implied_nak_seq_err,0,0,0
client,rnr_nak_retry_err,200,200,0
client,req_cqe_error,1652,1653,1
client,resp_cqe_error,0,0,0
client,req_cqe_flush_error,0,0,0
client,resp_cqe_flush_error,0,0,0
client,req_remote_invalid_request,200,200,0
client,req_remote_access_errors,400,401,1
client,resp_remote_access_errors,0,0,0
client,resp_local_length_error,0,0,0
client,duplicate_request,0,0,0
client,out_of_buffer,0,0,0
client,rx_icrc_encapsulated,0,0,0
client,req_transport_retries_exceeded,0,0,0
client,req_rnr_retries_exceeded,200,200,0
client,roce_adp_retrans,114,114,0
client,roce_adp_retrans_to,0,0,0
client,roce_slow_restart,0,0,0
client,port_rcv_errors,0,0,0
client,local_link_integrity_errors,0,0,0
client,link_error_recovery,0,0,0
client,link_downed,0,0,0
server,duplicate_request,0,0,0
server,implied_nak_seq_err,0,0,0
server,lifespan,10,10,0
server,local_ack_timeout_err,0,0,0
server,np_cnp_sent,1,1,0
server,np_ecn_marked_roce_packets,0,0,0
server,out_of_buffer,983,983,0
server,out_of_sequence,1,1,0
server,packet_seq_err,0,0,0
server,req_cqe_error,50,50,0
server,req_cqe_flush_error,0,0,0
server,req_remote_access_errors,10,10,0
server,req_remote_invalid_request,10,10,0
server,req_rnr_retries_exceeded,0,0,0
server,req_transport_retries_exceeded,0,0,0
server,resp_cqe_error,0,0,0
server,resp_cqe_flush_error,0,0,0
server,resp_local_length_error,0,0,0
server,resp_remote_access_errors,0,0,0
server,rnr_nak_retry_err,0,0,0
server,roce_adp_retrans,0,0,0
server,roce_adp_retrans_to,0,0,0
server,roce_slow_restart,0,0,0
server,roce_slow_restart_cnps,0,0,0
server,roce_slow_restart_trans,0,0,0
server,rp_cnp_handled,0,0,0
server,rp_cnp_ignored,0,0,0
server,rx_atomic_requests,0,0,0
server,rx_dct_connect,0,0,0
server,rx_icrc_encapsulated,0,0,0
server,rx_read_requests,274,274,0
server,rx_write_requests,1606999585,1606999586,1
# REM_ACCESS_ADDR,trial=11,status=10,vendor_err=0x88,latency_us=3126
client,local_ack_timeout_err,0,0,0
client,out_of_sequence,0,0,0
client,packet_seq_err,0,0,0
client,implied_nak_seq_err,0,0,0
client,rnr_nak_retry_err,200,200,0
client,req_cqe_error,1653,1654,1
client,resp_cqe_error,0,0,0
client,req_cqe_flush_error,0,0,0
client,resp_cqe_flush_error,0,0,0
client,req_remote_invalid_request,200,200,0
client,req_remote_access_errors,401,402,1
client,resp_remote_access_errors,0,0,0
client,resp_local_length_error,0,0,0
client,duplicate_request,0,0,0
client,out_of_buffer,0,0,0
client,rx_icrc_encapsulated,0,0,0
client,req_transport_retries_exceeded,0,0,0
client,req_rnr_retries_exceeded,200,200,0
client,roce_adp_retrans,114,114,0
client,roce_adp_retrans_to,0,0,0
client,roce_slow_restart,0,0,0
client,port_rcv_errors,0,0,0
client,local_link_integrity_errors,0,0,0
client,link_error_recovery,0,0,0
client,link_downed,0,0,0
server,duplicate_request,0,0,0
server,implied_nak_seq_err,0,0,0
server,lifespan,10,10,0
server,local_ack_timeout_err,0,0,0
server,np_cnp_sent,1,1,0
server,np_ecn_marked_roce_packets,0,0,0
server,out_of_buffer,983,983,0
server,out_of_sequence,1,1,0
server,packet_seq_err,0,0,0
server,req_cqe_error,50,50,0
server,req_cqe_flush_error,0,0,0
server,req_remote_access_errors,10,10,0
server,req_remote_invalid_request,10,10,0
server,req_rnr_retries_exceeded,0,0,0
server,req_transport_retries_exceeded,0,0,0
server,resp_cqe_error,0,0,0
server,resp_cqe_flush_error,0,0,0
server,resp_local_length_error,0,0,0
server,resp_remote_access_errors,0,0,0
server,rnr_nak_retry_err,0,0,0
server,roce_adp_retrans,0,0,0
server,roce_adp_retrans_to,0,0,0
server,roce_slow_restart,0,0,0
server,roce_slow_restart_cnps,0,0,0
server,roce_slow_restart_trans,0,0,0
server,rp_cnp_handled,0,0,0
server,rp_cnp_ignored,0,0,0
server,rx_atomic_requests,0,0,0
server,rx_dct_connect,0,0,0
server,rx_icrc_encapsulated,0,0,0
server,rx_read_requests,274,274,0
server,rx_write_requests,1606999587,1606999588,1
# REM_ACCESS_ADDR,trial=12,status=10,vendor_err=0x88,latency_us=3185
client,local_ack_timeout_err,0,0,0
client,out_of_sequence,0,0,0
client,packet_seq_err,0,0,0
client,implied_nak_seq_err,0,0,0
client,rnr_nak_retry_err,200,200,0
client,req_cqe_error,1654,1655,1
client,resp_cqe_error,0,0,0
client,req_cqe_flush_error,0,0,0
client,resp_cqe_flush_error,0,0,0
client,req_remote_invalid_request,200,200,0
client,req_remote_access_errors,402,403,1
client,resp_remote_access_errors,0,0,0
client,resp_local_length_error,0,0,0
client,duplicate_request,0,0,0
client,out_of_buffer,0,0,0
client,rx_icrc_encapsulated,0,0,0
client,req_transport_retries_exceeded,0,0,0
client,req_rnr_retries_exceeded,200,200,0
client,roce_adp_retrans,114,114,0
client,roce_adp_retrans_to,0,0,0
client,roce_slow_restart,0,0,0
client,port_rcv_errors,0,0,0
client,local_link_integrity_errors,0,0,0
client,link_error_recovery,0,0,0
client,link_downed,0,0,0
server,duplicate_request,0,0,0
server,implied_nak_seq_err,0,0,0
server,lifespan,10,10,0
server,local_ack_timeout_err,0,0,0
server,np_cnp_sent,1,1,0
server,np_ecn_marked_roce_packets,0,0,0
server,out_of_buffer,983,983,0
server,out_of_sequence,1,1,0
server,packet_seq_err,0,0,0
server,req_cqe_error,50,50,0
server,req_cqe_flush_error,0,0,0
server,req_remote_access_errors,10,10,0
server,req_remote_invalid_request,10,10,0
server,req_rnr_retries_exceeded,0,0,0
server,req_transport_retries_exceeded,0,0,0
server,resp_cqe_error,0,0,0
server,resp_cqe_flush_error,0,0,0
server,resp_local_length_error,0,0,0
server,resp_remote_access_errors,0,0,0
server,rnr_nak_retry_err,0,0,0
server,roce_adp_retrans,0,0,0
server,roce_adp_retrans_to,0,0,0
server,roce_slow_restart,0,0,0
server,roce_slow_restart_cnps,0,0,0
server,roce_slow_restart_trans,0,0,0
server,rp_cnp_handled,0,0,0
server,rp_cnp_ignored,0,0,0
server,rx_atomic_requests,0,0,0
server,rx_dct_connect,0,0,0
server,rx_icrc_encapsulated,0,0,0
server,rx_read_requests,274,274,0
server,rx_write_requests,1606999589,1606999590,1
# REM_ACCESS_ADDR,trial=13,status=10,vendor_err=0x88,latency_us=3137
client,local_ack_timeout_err,0,0,0
client,out_of_sequence,0,0,0
client,packet_seq_err,0,0,0
client,implied_nak_seq_err,0,0,0
client,rnr_nak_retry_err,200,200,0
client,req_cqe_error,1655,1656,1
client,resp_cqe_error,0,0,0
client,req_cqe_flush_error,0,0,0
client,resp_cqe_flush_error,0,0,0
client,req_remote_invalid_request,200,200,0
client,req_remote_access_errors,403,404,1
client,resp_remote_access_errors,0,0,0
client,resp_local_length_error,0,0,0
client,duplicate_request,0,0,0
client,out_of_buffer,0,0,0
client,rx_icrc_encapsulated,0,0,0
client,req_transport_retries_exceeded,0,0,0
client,req_rnr_retries_exceeded,200,200,0
client,roce_adp_retrans,114,114,0
client,roce_adp_retrans_to,0,0,0
client,roce_slow_restart,0,0,0
client,port_rcv_errors,0,0,0
client,local_link_integrity_errors,0,0,0
client,link_error_recovery,0,0,0
client,link_downed,0,0,0
server,duplicate_request,0,0,0
server,implied_nak_seq_err,0,0,0
server,lifespan,10,10,0
server,local_ack_timeout_err,0,0,0
server,np_cnp_sent,1,1,0
server,np_ecn_marked_roce_packets,0,0,0
server,out_of_buffer,983,983,0
server,out_of_sequence,1,1,0
server,packet_seq_err,0,0,0
server,req_cqe_error,50,50,0
server,req_cqe_flush_error,0,0,0
server,req_remote_access_errors,10,10,0
server,req_remote_invalid_request,10,10,0
server,req_rnr_retries_exceeded,0,0,0
server,req_transport_retries_exceeded,0,0,0
server,resp_cqe_error,0,0,0
server,resp_cqe_flush_error,0,0,0
server,resp_local_length_error,0,0,0
server,resp_remote_access_errors,0,0,0
server,rnr_nak_retry_err,0,0,0
server,roce_adp_retrans,0,0,0
server,roce_adp_retrans_to,0,0,0
server,roce_slow_restart,0,0,0
server,roce_slow_restart_cnps,0,0,0
server,roce_slow_restart_trans,0,0,0
server,rp_cnp_handled,0,0,0
server,rp_cnp_ignored,0,0,0
server,rx_atomic_requests,0,0,0
server,rx_dct_connect,0,0,0
server,rx_icrc_encapsulated,0,0,0
server,rx_read_requests,274,274,0
server,rx_write_requests,1606999591,1606999592,1
# REM_ACCESS_ADDR,trial=14,status=10,vendor_err=0x88,latency_us=3170
client,local_ack_timeout_err,0,0,0
client,out_of_sequence,0,0,0
client,packet_seq_err,0,0,0
client,implied_nak_seq_err,0,0,0
client,rnr_nak_retry_err,200,200,0
client,req_cqe_error,1656,1657,1
client,resp_cqe_error,0,0,0
client,req_cqe_flush_error,0,0,0
client,resp_cqe_flush_error,0,0,0
client,req_remote_invalid_request,200,200,0
client,req_remote_access_errors,404,405,1
client,resp_remote_access_errors,0,0,0
client,resp_local_length_error,0,0,0
client,duplicate_request,0,0,0
client,out_of_buffer,0,0,0
client,rx_icrc_encapsulated,0,0,0
client,req_transport_retries_exceeded,0,0,0
client,req_rnr_retries_exceeded,200,200,0
client,roce_adp_retrans,114,114,0
client,roce_adp_retrans_to,0,0,0
client,roce_slow_restart,0,0,0
client,port_rcv_errors,0,0,0
client,local_link_integrity_errors,0,0,0
client,link_error_recovery,0,0,0
client,link_downed,0,0,0
server,duplicate_request,0,0,0
server,implied_nak_seq_err,0,0,0
server,lifespan,10,10,0
server,local_ack_timeout_err,0,0,0
server,np_cnp_sent,1,1,0
server,np_ecn_marked_roce_packets,0,0,0
server,out_of_buffer,983,983,0
server,out_of_sequence,1,1,0
server,packet_seq_err,0,0,0
server,req_cqe_error,50,50,0
server,req_cqe_flush_error,0,0,0
server,req_remote_access_errors,10,10,0
server,req_remote_invalid_request,10,10,0
server,req_rnr_retries_exceeded,0,0,0
server,req_transport_retries_exceeded,0,0,0
server,resp_cqe_error,0,0,0
server,resp_cqe_flush_error,0,0,0
server,resp_local_length_error,0,0,0
server,resp_remote_access_errors,0,0,0
server,rnr_nak_retry_err,0,0,0
server,roce_adp_retrans,0,0,0
server,roce_adp_retrans_to,0,0,0
server,roce_slow_restart,0,0,0
server,roce_slow_restart_cnps,0,0,0
server,roce_slow_restart_trans,0,0,0
server,rp_cnp_handled,0,0,0
server,rp_cnp_ignored,0,0,0
server,rx_atomic_requests,0,0,0
server,rx_dct_connect,0,0,0
server,rx_icrc_encapsulated,0,0,0
server,rx_read_requests,274,274,0
server,rx_write_requests,1606999593,1606999594,1
# REM_ACCESS_ADDR,trial=15,status=10,vendor_err=0x88,latency_us=3134
client,local_ack_timeout_err,0,0,0
client,out_of_sequence,0,0,0
client,packet_seq_err,0,0,0
client,implied_nak_seq_err,0,0,0
client,rnr_nak_retry_err,200,200,0
client,req_cqe_error,1657,1658,1
client,resp_cqe_error,0,0,0
client,req_cqe_flush_error,0,0,0
client,resp_cqe_flush_error,0,0,0
client,req_remote_invalid_request,200,200,0
client,req_remote_access_errors,405,406,1
client,resp_remote_access_errors,0,0,0
client,resp_local_length_error,0,0,0
client,duplicate_request,0,0,0
client,out_of_buffer,0,0,0
client,rx_icrc_encapsulated,0,0,0
client,req_transport_retries_exceeded,0,0,0
client,req_rnr_retries_exceeded,200,200,0
client,roce_adp_retrans,114,114,0
client,roce_adp_retrans_to,0,0,0
client,roce_slow_restart,0,0,0
client,port_rcv_errors,0,0,0
client,local_link_integrity_errors,0,0,0
client,link_error_recovery,0,0,0
client,link_downed,0,0,0
server,duplicate_request,0,0,0
server,implied_nak_seq_err,0,0,0
server,lifespan,10,10,0
server,local_ack_timeout_err,0,0,0
server,np_cnp_sent,1,1,0
server,np_ecn_marked_roce_packets,0,0,0
server,out_of_buffer,983,983,0
server,out_of_sequence,1,1,0
server,packet_seq_err,0,0,0
server,req_cqe_error,50,50,0
server,req_cqe_flush_error,0,0,0
server,req_remote_access_errors,10,10,0
server,req_remote_invalid_request,10,10,0
server,req_rnr_retries_exceeded,0,0,0
server,req_transport_retries_exceeded,0,0,0
server,resp_cqe_error,0,0,0
server,resp_cqe_flush_error,0,0,0
server,resp_local_length_error,0,0,0
server,resp_remote_access_errors,0,0,0
server,rnr_nak_retry_err,0,0,0
server,roce_adp_retrans,0,0,0
server,roce_adp_retrans_to,0,0,0
server,roce_slow_restart,0,0,0
server,roce_slow_restart_cnps,0,0,0
server,roce_slow_restart_trans,0,0,0
server,rp_cnp_handled,0,0,0
server,rp_cnp_ignored,0,0,0
server,rx_atomic_requests,0,0,0
server,rx_dct_connect,0,0,0
server,rx_icrc_encapsulated,0,0,0
server,rx_read_requests,274,274,0
server,rx_write_requests,1606999595,1606999596,1
# REM_ACCESS_ADDR,trial=16,status=10,vendor_err=0x88,latency_us=3149
client,local_ack_timeout_err,0,0,0
client,out_of_sequence,0,0,0
client,packet_seq_err,0,0,0
client,implied_nak_seq_err,0,0,0
client,rnr_nak_retry_err,200,200,0
client,req_cqe_error,1658,1659,1
client,resp_cqe_error,0,0,0
client,req_cqe_flush_error,0,0,0
client,resp_cqe_flush_error,0,0,0
client,req_remote_invalid_request,200,200,0
client,req_remote_access_errors,406,407,1
client,resp_remote_access_errors,0,0,0
client,resp_local_length_error,0,0,0
client,duplicate_request,0,0,0
client,out_of_buffer,0,0,0
client,rx_icrc_encapsulated,0,0,0
client,req_transport_retries_exceeded,0,0,0
client,req_rnr_retries_exceeded,200,200,0
client,roce_adp_retrans,114,114,0
client,roce_adp_retrans_to,0,0,0
client,roce_slow_restart,0,0,0
client,port_rcv_errors,0,0,0
client,local_link_integrity_errors,0,0,0
client,link_error_recovery,0,0,0
client,link_downed,0,0,0
server,duplicate_request,0,0,0
server,implied_nak_seq_err,0,0,0
server,lifespan,10,10,0
server,local_ack_timeout_err,0,0,0
server,np_cnp_sent,1,1,0
server,np_ecn_marked_roce_packets,0,0,0
server,out_of_buffer,983,983,0
server,out_of_sequence,1,1,0
server,packet_seq_err,0,0,0
server,req_cqe_error,50,50,0
server,req_cqe_flush_error,0,0,0
server,req_remote_access_errors,10,10,0
server,req_remote_invalid_request,10,10,0
server,req_rnr_retries_exceeded,0,0,0
server,req_transport_retries_exceeded,0,0,0
server,resp_cqe_error,0,0,0
server,resp_cqe_flush_error,0,0,0
server,resp_local_length_error,0,0,0
server,resp_remote_access_errors,0,0,0
server,rnr_nak_retry_err,0,0,0
server,roce_adp_retrans,0,0,0
server,roce_adp_retrans_to,0,0,0
server,roce_slow_restart,0,0,0
server,roce_slow_restart_cnps,0,0,0
server,roce_slow_restart_trans,0,0,0
server,rp_cnp_handled,0,0,0
server,rp_cnp_ignored,0,0,0
server,rx_atomic_requests,0,0,0
server,rx_dct_connect,0,0,0
server,rx_icrc_encapsulated,0,0,0
server,rx_read_requests,274,274,0
server,rx_write_requests,1606999597,1606999598,1
# REM_ACCESS_ADDR,trial=17,status=10,vendor_err=0x88,latency_us=3132
client,local_ack_timeout_err,0,0,0
client,out_of_sequence,0,0,0
client,packet_seq_err,0,0,0
client,implied_nak_seq_err,0,0,0
client,rnr_nak_retry_err,200,200,0
client,req_cqe_error,1659,1660,1
client,resp_cqe_error,0,0,0
client,req_cqe_flush_error,0,0,0
client,resp_cqe_flush_error,0,0,0
client,req_remote_invalid_request,200,200,0
client,req_remote_access_errors,407,408,1
client,resp_remote_access_errors,0,0,0
client,resp_local_length_error,0,0,0
client,duplicate_request,0,0,0
client,out_of_buffer,0,0,0
client,rx_icrc_encapsulated,0,0,0
client,req_transport_retries_exceeded,0,0,0
client,req_rnr_retries_exceeded,200,200,0
client,roce_adp_retrans,114,114,0
client,roce_adp_retrans_to,0,0,0
client,roce_slow_restart,0,0,0
client,port_rcv_errors,0,0,0
client,local_link_integrity_errors,0,0,0
client,link_error_recovery,0,0,0
client,link_downed,0,0,0
server,duplicate_request,0,0,0
server,implied_nak_seq_err,0,0,0
server,lifespan,10,10,0
server,local_ack_timeout_err,0,0,0
server,np_cnp_sent,1,1,0
server,np_ecn_marked_roce_packets,0,0,0
server,out_of_buffer,983,983,0
server,out_of_sequence,1,1,0
server,packet_seq_err,0,0,0
server,req_cqe_error,50,50,0
server,req_cqe_flush_error,0,0,0
server,req_remote_access_errors,10,10,0
server,req_remote_invalid_request,10,10,0
server,req_rnr_retries_exceeded,0,0,0
server,req_transport_retries_exceeded,0,0,0
server,resp_cqe_error,0,0,0
server,resp_cqe_flush_error,0,0,0
server,resp_local_length_error,0,0,0
server,resp_remote_access_errors,0,0,0
server,rnr_nak_retry_err,0,0,0
server,roce_adp_retrans,0,0,0
server,roce_adp_retrans_to,0,0,0
server,roce_slow_restart,0,0,0
server,roce_slow_restart_cnps,0,0,0
server,roce_slow_restart_trans,0,0,0
server,rp_cnp_handled,0,0,0
server,rp_cnp_ignored,0,0,0
server,rx_atomic_requests,0,0,0
server,rx_dct_connect,0,0,0
server,rx_icrc_encapsulated,0,0,0
server,rx_read_requests,274,274,0
server,rx_write_requests,1606999599,1606999600,1
# REM_ACCESS_ADDR,trial=18,status=10,vendor_err=0x88,latency_us=3143
client,local_ack_timeout_err,0,0,0
client,out_of_sequence,0,0,0
client,packet_seq_err,0,0,0
client,implied_nak_seq_err,0,0,0
client,rnr_nak_retry_err,200,200,0
client,req_cqe_error,1660,1661,1
client,resp_cqe_error,0,0,0
client,req_cqe_flush_error,0,0,0
client,resp_cqe_flush_error,0,0,0
client,req_remote_invalid_request,200,200,0
client,req_remote_access_errors,408,409,1
client,resp_remote_access_errors,0,0,0
client,resp_local_length_error,0,0,0
client,duplicate_request,0,0,0
client,out_of_buffer,0,0,0
client,rx_icrc_encapsulated,0,0,0
client,req_transport_retries_exceeded,0,0,0
client,req_rnr_retries_exceeded,200,200,0
client,roce_adp_retrans,114,114,0
client,roce_adp_retrans_to,0,0,0
client,roce_slow_restart,0,0,0
client,port_rcv_errors,0,0,0
client,local_link_integrity_errors,0,0,0
client,link_error_recovery,0,0,0
client,link_downed,0,0,0
server,duplicate_request,0,0,0
server,implied_nak_seq_err,0,0,0
server,lifespan,10,10,0
server,local_ack_timeout_err,0,0,0
server,np_cnp_sent,1,1,0
server,np_ecn_marked_roce_packets,0,0,0
server,out_of_buffer,983,983,0
server,out_of_sequence,1,1,0
server,packet_seq_err,0,0,0
server,req_cqe_error,50,50,0
server,req_cqe_flush_error,0,0,0
server,req_remote_access_errors,10,10,0
server,req_remote_invalid_request,10,10,0
server,req_rnr_retries_exceeded,0,0,0
server,req_transport_retries_exceeded,0,0,0
server,resp_cqe_error,0,0,0
server,resp_cqe_flush_error,0,0,0
server,resp_local_length_error,0,0,0
server,resp_remote_access_errors,0,0,0
server,rnr_nak_retry_err,0,0,0
server,roce_adp_retrans,0,0,0
server,roce_adp_retrans_to,0,0,0
server,roce_slow_restart,0,0,0
server,roce_slow_restart_cnps,0,0,0
server,roce_slow_restart_trans,0,0,0
server,rp_cnp_handled,0,0,0
server,rp_cnp_ignored,0,0,0
server,rx_atomic_requests,0,0,0
server,rx_dct_connect,0,0,0
server,rx_icrc_encapsulated,0,0,0
server,rx_read_requests,274,274,0
server,rx_write_requests,1606999601,1606999602,1
# REM_ACCESS_ADDR,trial=19,status=10,vendor_err=0x88,latency_us=3142
client,local_ack_timeout_err,0,0,0
client,out_of_sequence,0,0,0
client,packet_seq_err,0,0,0
client,implied_nak_seq_err,0,0,0
client,rnr_nak_retry_err,200,200,0
client,req_cqe_error,1661,1662,1
client,resp_cqe_error,0,0,0
client,req_cqe_flush_error,0,0,0
client,resp_cqe_flush_error,0,0,0
client,req_remote_invalid_request,200,200,0
client,req_remote_access_errors,409,410,1
client,resp_remote_access_errors,0,0,0
client,resp_local_length_error,0,0,0
client,duplicate_request,0,0,0
client,out_of_buffer,0,0,0
client,rx_icrc_encapsulated,0,0,0
client,req_transport_retries_exceeded,0,0,0
client,req_rnr_retries_exceeded,200,200,0
client,roce_adp_retrans,114,114,0
client,roce_adp_retrans_to,0,0,0
client,roce_slow_restart,0,0,0
client,port_rcv_errors,0,0,0
client,local_link_integrity_errors,0,0,0
client,link_error_recovery,0,0,0
client,link_downed,0,0,0
server,duplicate_request,0,0,0
server,implied_nak_seq_err,0,0,0
server,lifespan,10,10,0
server,local_ack_timeout_err,0,0,0
server,np_cnp_sent,1,1,0
server,np_ecn_marked_roce_packets,0,0,0
server,out_of_buffer,983,983,0
server,out_of_sequence,1,1,0
server,packet_seq_err,0,0,0
server,req_cqe_error,50,50,0
server,req_cqe_flush_error,0,0,0
server,req_remote_access_errors,10,10,0
server,req_remote_invalid_request,10,10,0
server,req_rnr_retries_exceeded,0,0,0
server,req_transport_retries_exceeded,0,0,0
server,resp_cqe_error,0,0,0
server,resp_cqe_flush_error,0,0,0
server,resp_local_length_error,0,0,0
server,resp_remote_access_errors,0,0,0
server,rnr_nak_retry_err,0,0,0
server,roce_adp_retrans,0,0,0
server,roce_adp_retrans_to,0,0,0
server,roce_slow_restart,0,0,0
server,roce_slow_restart_cnps,0,0,0
server,roce_slow_restart_trans,0,0,0
server,rp_cnp_handled,0,0,0
server,rp_cnp_ignored,0,0,0
server,rx_atomic_requests,0,0,0
server,rx_dct_connect,0,0,0
server,rx_icrc_encapsulated,0,0,0
server,rx_read_requests,274,274,0
server,rx_write_requests,1606999603,1606999604,1
# REM_ACCESS_ADDR,trial=20,status=10,vendor_err=0x88,latency_us=3118
client,local_ack_timeout_err,0,0,0
client,out_of_sequence,0,0,0
client,packet_seq_err,0,0,0
client,implied_nak_seq_err,0,0,0
client,rnr_nak_retry_err,200,200,0
client,req_cqe_error,1662,1663,1
client,resp_cqe_error,0,0,0
client,req_cqe_flush_error,0,0,0
client,resp_cqe_flush_error,0,0,0
client,req_remote_invalid_request,200,200,0
client,req_remote_access_errors,410,411,1
client,resp_remote_access_errors,0,0,0
client,resp_local_length_error,0,0,0
client,duplicate_request,0,0,0
client,out_of_buffer,0,0,0
client,rx_icrc_encapsulated,0,0,0
client,req_transport_retries_exceeded,0,0,0
client,req_rnr_retries_exceeded,200,200,0
client,roce_adp_retrans,114,114,0
client,roce_adp_retrans_to,0,0,0
client,roce_slow_restart,0,0,0
client,port_rcv_errors,0,0,0
client,local_link_integrity_errors,0,0,0
client,link_error_recovery,0,0,0
client,link_downed,0,0,0
server,duplicate_request,0,0,0
server,implied_nak_seq_err,0,0,0
server,lifespan,10,10,0
server,local_ack_timeout_err,0,0,0
server,np_cnp_sent,1,1,0
server,np_ecn_marked_roce_packets,0,0,0
server,out_of_buffer,983,983,0
server,out_of_sequence,1,1,0
server,packet_seq_err,0,0,0
server,req_cqe_error,50,50,0
server,req_cqe_flush_error,0,0,0
server,req_remote_access_errors,10,10,0
server,req_remote_invalid_request,10,10,0
server,req_rnr_retries_exceeded,0,0,0
server,req_transport_retries_exceeded,0,0,0
server,resp_cqe_error,0,0,0
server,resp_cqe_flush_error,0,0,0
server,resp_local_length_error,0,0,0
server,resp_remote_access_errors,0,0,0
server,rnr_nak_retry_err,0,0,0
server,roce_adp_retrans,0,0,0
server,roce_adp_retrans_to,0,0,0
server,roce_slow_restart,0,0,0
server,roce_slow_restart_cnps,0,0,0
server,roce_slow_restart_trans,0,0,0
server,rp_cnp_handled,0,0,0
server,rp_cnp_ignored,0,0,0
server,rx_atomic_requests,0,0,0
server,rx_dct_connect,0,0,0
server,rx_icrc_encapsulated,0,0,0
server,rx_read_requests,274,274,0
server,rx_write_requests,1606999605,1606999606,1
# REM_ACCESS_ADDR,trial=21,status=10,vendor_err=0x88,latency_us=3129
client,local_ack_timeout_err,0,0,0
client,out_of_sequence,0,0,0
client,packet_seq_err,0,0,0
client,implied_nak_seq_err,0,0,0
client,rnr_nak_retry_err,200,200,0
client,req_cqe_error,1663,1664,1
client,resp_cqe_error,0,0,0
client,req_cqe_flush_error,0,0,0
client,resp_cqe_flush_error,0,0,0
client,req_remote_invalid_request,200,200,0
client,req_remote_access_errors,411,412,1
client,resp_remote_access_errors,0,0,0
client,resp_local_length_error,0,0,0
client,duplicate_request,0,0,0
client,out_of_buffer,0,0,0
client,rx_icrc_encapsulated,0,0,0
client,req_transport_retries_exceeded,0,0,0
client,req_rnr_retries_exceeded,200,200,0
client,roce_adp_retrans,114,114,0
client,roce_adp_retrans_to,0,0,0
client,roce_slow_restart,0,0,0
client,port_rcv_errors,0,0,0
client,local_link_integrity_errors,0,0,0
client,link_error_recovery,0,0,0
client,link_downed,0,0,0
server,duplicate_request,0,0,0
server,implied_nak_seq_err,0,0,0
server,lifespan,10,10,0
server,local_ack_timeout_err,0,0,0
server,np_cnp_sent,1,1,0
server,np_ecn_marked_roce_packets,0,0,0
server,out_of_buffer,983,983,0
server,out_of_sequence,1,1,0
server,packet_seq_err,0,0,0
server,req_cqe_error,50,50,0
server,req_cqe_flush_error,0,0,0
server,req_remote_access_errors,10,10,0
server,req_remote_invalid_request,10,10,0
server,req_rnr_retries_exceeded,0,0,0
server,req_transport_retries_exceeded,0,0,0
server,resp_cqe_error,0,0,0
server,resp_cqe_flush_error,0,0,0
server,resp_local_length_error,0,0,0
server,resp_remote_access_errors,0,0,0
server,rnr_nak_retry_err,0,0,0
server,roce_adp_retrans,0,0,0
server,roce_adp_retrans_to,0,0,0
server,roce_slow_restart,0,0,0
server,roce_slow_restart_cnps,0,0,0
server,roce_slow_restart_trans,0,0,0
server,rp_cnp_handled,0,0,0
server,rp_cnp_ignored,0,0,0
server,rx_atomic_requests,0,0,0
server,rx_dct_connect,0,0,0
server,rx_icrc_encapsulated,0,0,0
server,rx_read_requests,274,274,0
server,rx_write_requests,1606999607,1606999608,1
# REM_ACCESS_ADDR,trial=22,status=10,vendor_err=0x88,latency_us=3163
client,local_ack_timeout_err,0,0,0
client,out_of_sequence,0,0,0
client,packet_seq_err,0,0,0
client,implied_nak_seq_err,0,0,0
client,rnr_nak_retry_err,200,200,0
client,req_cqe_error,1664,1665,1
client,resp_cqe_error,0,0,0
client,req_cqe_flush_error,0,0,0
client,resp_cqe_flush_error,0,0,0
client,req_remote_invalid_request,200,200,0
client,req_remote_access_errors,412,413,1
client,resp_remote_access_errors,0,0,0
client,resp_local_length_error,0,0,0
client,duplicate_request,0,0,0
client,out_of_buffer,0,0,0
client,rx_icrc_encapsulated,0,0,0
client,req_transport_retries_exceeded,0,0,0
client,req_rnr_retries_exceeded,200,200,0
client,roce_adp_retrans,114,114,0
client,roce_adp_retrans_to,0,0,0
client,roce_slow_restart,0,0,0
client,port_rcv_errors,0,0,0
client,local_link_integrity_errors,0,0,0
client,link_error_recovery,0,0,0
client,link_downed,0,0,0
server,duplicate_request,0,0,0
server,implied_nak_seq_err,0,0,0
server,lifespan,10,10,0
server,local_ack_timeout_err,0,0,0
server,np_cnp_sent,1,1,0
server,np_ecn_marked_roce_packets,0,0,0
server,out_of_buffer,983,983,0
server,out_of_sequence,1,1,0
server,packet_seq_err,0,0,0
server,req_cqe_error,50,50,0
server,req_cqe_flush_error,0,0,0
server,req_remote_access_errors,10,10,0
server,req_remote_invalid_request,10,10,0
server,req_rnr_retries_exceeded,0,0,0
server,req_transport_retries_exceeded,0,0,0
server,resp_cqe_error,0,0,0
server,resp_cqe_flush_error,0,0,0
server,resp_local_length_error,0,0,0
server,resp_remote_access_errors,0,0,0
server,rnr_nak_retry_err,0,0,0
server,roce_adp_retrans,0,0,0
server,roce_adp_retrans_to,0,0,0
server,roce_slow_restart,0,0,0
server,roce_slow_restart_cnps,0,0,0
server,roce_slow_restart_trans,0,0,0
server,rp_cnp_handled,0,0,0
server,rp_cnp_ignored,0,0,0
server,rx_atomic_requests,0,0,0
server,rx_dct_connect,0,0,0
server,rx_icrc_encapsulated,0,0,0
server,rx_read_requests,274,274,0
server,rx_write_requests,1606999609,1606999610,1
# REM_ACCESS_ADDR,trial=23,status=10,vendor_err=0x88,latency_us=3142
client,local_ack_timeout_err,0,0,0
client,out_of_sequence,0,0,0
client,packet_seq_err,0,0,0
client,implied_nak_seq_err,0,0,0
client,rnr_nak_retry_err,200,200,0
client,req_cqe_error,1665,1666,1
client,resp_cqe_error,0,0,0
client,req_cqe_flush_error,0,0,0
client,resp_cqe_flush_error,0,0,0
client,req_remote_invalid_request,200,200,0
client,req_remote_access_errors,413,414,1
client,resp_remote_access_errors,0,0,0
client,resp_local_length_error,0,0,0
client,duplicate_request,0,0,0
client,out_of_buffer,0,0,0
client,rx_icrc_encapsulated,0,0,0
client,req_transport_retries_exceeded,0,0,0
client,req_rnr_retries_exceeded,200,200,0
client,roce_adp_retrans,114,114,0
client,roce_adp_retrans_to,0,0,0
client,roce_slow_restart,0,0,0
client,port_rcv_errors,0,0,0
client,local_link_integrity_errors,0,0,0
client,link_error_recovery,0,0,0
client,link_downed,0,0,0
server,duplicate_request,0,0,0
server,implied_nak_seq_err,0,0,0
server,lifespan,10,10,0
server,local_ack_timeout_err,0,0,0
server,np_cnp_sent,1,1,0
server,np_ecn_marked_roce_packets,0,0,0
server,out_of_buffer,983,983,0
server,out_of_sequence,1,1,0
server,packet_seq_err,0,0,0
server,req_cqe_error,50,50,0
server,req_cqe_flush_error,0,0,0
server,req_remote_access_errors,10,10,0
server,req_remote_invalid_request,10,10,0
server,req_rnr_retries_exceeded,0,0,0
server,req_transport_retries_exceeded,0,0,0
server,resp_cqe_error,0,0,0
server,resp_cqe_flush_error,0,0,0
server,resp_local_length_error,0,0,0
server,resp_remote_access_errors,0,0,0
server,rnr_nak_retry_err,0,0,0
server,roce_adp_retrans,0,0,0
server,roce_adp_retrans_to,0,0,0
server,roce_slow_restart,0,0,0
server,roce_slow_restart_cnps,0,0,0
server,roce_slow_restart_trans,0,0,0
server,rp_cnp_handled,0,0,0
server,rp_cnp_ignored,0,0,0
server,rx_atomic_requests,0,0,0
server,rx_dct_connect,0,0,0
server,rx_icrc_encapsulated,0,0,0
server,rx_read_requests,274,274,0
server,rx_write_requests,1606999611,1606999612,1
# REM_ACCESS_ADDR,trial=24,status=10,vendor_err=0x88,latency_us=3141
client,local_ack_timeout_err,0,0,0
client,out_of_sequence,0,0,0
client,packet_seq_err,0,0,0
client,implied_nak_seq_err,0,0,0
client,rnr_nak_retry_err,200,200,0
client,req_cqe_error,1666,1667,1
client,resp_cqe_error,0,0,0
client,req_cqe_flush_error,0,0,0
client,resp_cqe_flush_error,0,0,0
client,req_remote_invalid_request,200,200,0
client,req_remote_access_errors,414,415,1
client,resp_remote_access_errors,0,0,0
client,resp_local_length_error,0,0,0
client,duplicate_request,0,0,0
client,out_of_buffer,0,0,0
client,rx_icrc_encapsulated,0,0,0
client,req_transport_retries_exceeded,0,0,0
client,req_rnr_retries_exceeded,200,200,0
client,roce_adp_retrans,114,114,0
client,roce_adp_retrans_to,0,0,0
client,roce_slow_restart,0,0,0
client,port_rcv_errors,0,0,0
client,local_link_integrity_errors,0,0,0
client,link_error_recovery,0,0,0
client,link_downed,0,0,0
server,duplicate_request,0,0,0
server,implied_nak_seq_err,0,0,0
server,lifespan,10,10,0
server,local_ack_timeout_err,0,0,0
server,np_cnp_sent,1,1,0
server,np_ecn_marked_roce_packets,0,0,0
server,out_of_buffer,983,983,0
server,out_of_sequence,1,1,0
server,packet_seq_err,0,0,0
server,req_cqe_error,50,50,0
server,req_cqe_flush_error,0,0,0
server,req_remote_access_errors,10,10,0
server,req_remote_invalid_request,10,10,0
server,req_rnr_retries_exceeded,0,0,0
server,req_transport_retries_exceeded,0,0,0
server,resp_cqe_error,0,0,0
server,resp_cqe_flush_error,0,0,0
server,resp_local_length_error,0,0,0
server,resp_remote_access_errors,0,0,0
server,rnr_nak_retry_err,0,0,0
server,roce_adp_retrans,0,0,0
server,roce_adp_retrans_to,0,0,0
server,roce_slow_restart,0,0,0
server,roce_slow_restart_cnps,0,0,0
server,roce_slow_restart_trans,0,0,0
server,rp_cnp_handled,0,0,0
server,rp_cnp_ignored,0,0,0
server,rx_atomic_requests,0,0,0
server,rx_dct_connect,0,0,0
server,rx_icrc_encapsulated,0,0,0
server,rx_read_requests,274,274,0
server,rx_write_requests,1606999613,1606999614,1
# REM_ACCESS_ADDR,trial=25,status=10,vendor_err=0x88,latency_us=3138
client,local_ack_timeout_err,0,0,0
client,out_of_sequence,0,0,0
client,packet_seq_err,0,0,0
client,implied_nak_seq_err,0,0,0
client,rnr_nak_retry_err,200,200,0
client,req_cqe_error,1667,1668,1
client,resp_cqe_error,0,0,0
client,req_cqe_flush_error,0,0,0
client,resp_cqe_flush_error,0,0,0
client,req_remote_invalid_request,200,200,0
client,req_remote_access_errors,415,416,1
client,resp_remote_access_errors,0,0,0
client,resp_local_length_error,0,0,0
client,duplicate_request,0,0,0
client,out_of_buffer,0,0,0
client,rx_icrc_encapsulated,0,0,0
client,req_transport_retries_exceeded,0,0,0
client,req_rnr_retries_exceeded,200,200,0
client,roce_adp_retrans,114,114,0
client,roce_adp_retrans_to,0,0,0
client,roce_slow_restart,0,0,0
client,port_rcv_errors,0,0,0
client,local_link_integrity_errors,0,0,0
client,link_error_recovery,0,0,0
client,link_downed,0,0,0
server,duplicate_request,0,0,0
server,implied_nak_seq_err,0,0,0
server,lifespan,10,10,0
server,local_ack_timeout_err,0,0,0
server,np_cnp_sent,1,1,0
server,np_ecn_marked_roce_packets,0,0,0
server,out_of_buffer,983,983,0
server,out_of_sequence,1,1,0
server,packet_seq_err,0,0,0
server,req_cqe_error,50,50,0
server,req_cqe_flush_error,0,0,0
server,req_remote_access_errors,10,10,0
server,req_remote_invalid_request,10,10,0
server,req_rnr_retries_exceeded,0,0,0
server,req_transport_retries_exceeded,0,0,0
server,resp_cqe_error,0,0,0
server,resp_cqe_flush_error,0,0,0
server,resp_local_length_error,0,0,0
server,resp_remote_access_errors,0,0,0
server,rnr_nak_retry_err,0,0,0
server,roce_adp_retrans,0,0,0
server,roce_adp_retrans_to,0,0,0
server,roce_slow_restart,0,0,0
server,roce_slow_restart_cnps,0,0,0
server,roce_slow_restart_trans,0,0,0
server,rp_cnp_handled,0,0,0
server,rp_cnp_ignored,0,0,0
server,rx_atomic_requests,0,0,0
server,rx_dct_connect,0,0,0
server,rx_icrc_encapsulated,0,0,0
server,rx_read_requests,274,274,0
server,rx_write_requests,1606999615,1606999616,1
# REM_ACCESS_ADDR,trial=26,status=10,vendor_err=0x88,latency_us=3139
client,local_ack_timeout_err,0,0,0
client,out_of_sequence,0,0,0
client,packet_seq_err,0,0,0
client,implied_nak_seq_err,0,0,0
client,rnr_nak_retry_err,200,200,0
client,req_cqe_error,1668,1669,1
client,resp_cqe_error,0,0,0
client,req_cqe_flush_error,0,0,0
client,resp_cqe_flush_error,0,0,0
client,req_remote_invalid_request,200,200,0
client,req_remote_access_errors,416,417,1
client,resp_remote_access_errors,0,0,0
client,resp_local_length_error,0,0,0
client,duplicate_request,0,0,0
client,out_of_buffer,0,0,0
client,rx_icrc_encapsulated,0,0,0
client,req_transport_retries_exceeded,0,0,0
client,req_rnr_retries_exceeded,200,200,0
client,roce_adp_retrans,114,114,0
client,roce_adp_retrans_to,0,0,0
client,roce_slow_restart,0,0,0
client,port_rcv_errors,0,0,0
client,local_link_integrity_errors,0,0,0
client,link_error_recovery,0,0,0
client,link_downed,0,0,0
server,duplicate_request,0,0,0
server,implied_nak_seq_err,0,0,0
server,lifespan,10,10,0
server,local_ack_timeout_err,0,0,0
server,np_cnp_sent,1,1,0
server,np_ecn_marked_roce_packets,0,0,0
server,out_of_buffer,983,983,0
server,out_of_sequence,1,1,0
server,packet_seq_err,0,0,0
server,req_cqe_error,50,50,0
server,req_cqe_flush_error,0,0,0
server,req_remote_access_errors,10,10,0
server,req_remote_invalid_request,10,10,0
server,req_rnr_retries_exceeded,0,0,0
server,req_transport_retries_exceeded,0,0,0
server,resp_cqe_error,0,0,0
server,resp_cqe_flush_error,0,0,0
server,resp_local_length_error,0,0,0
server,resp_remote_access_errors,0,0,0
server,rnr_nak_retry_err,0,0,0
server,roce_adp_retrans,0,0,0
server,roce_adp_retrans_to,0,0,0
server,roce_slow_restart,0,0,0
server,roce_slow_restart_cnps,0,0,0
server,roce_slow_restart_trans,0,0,0
server,rp_cnp_handled,0,0,0
server,rp_cnp_ignored,0,0,0
server,rx_atomic_requests,0,0,0
server,rx_dct_connect,0,0,0
server,rx_icrc_encapsulated,0,0,0
server,rx_read_requests,274,274,0
server,rx_write_requests,1606999617,1606999618,1
# REM_ACCESS_ADDR,trial=27,status=10,vendor_err=0x88,latency_us=3159
client,local_ack_timeout_err,0,0,0
client,out_of_sequence,0,0,0
client,packet_seq_err,0,0,0
client,implied_nak_seq_err,0,0,0
client,rnr_nak_retry_err,200,200,0
client,req_cqe_error,1669,1670,1
client,resp_cqe_error,0,0,0
client,req_cqe_flush_error,0,0,0
client,resp_cqe_flush_error,0,0,0
client,req_remote_invalid_request,200,200,0
client,req_remote_access_errors,417,418,1
client,resp_remote_access_errors,0,0,0
client,resp_local_length_error,0,0,0
client,duplicate_request,0,0,0
client,out_of_buffer,0,0,0
client,rx_icrc_encapsulated,0,0,0
client,req_transport_retries_exceeded,0,0,0
client,req_rnr_retries_exceeded,200,200,0
client,roce_adp_retrans,114,114,0
client,roce_adp_retrans_to,0,0,0
client,roce_slow_restart,0,0,0
client,port_rcv_errors,0,0,0
client,local_link_integrity_errors,0,0,0
client,link_error_recovery,0,0,0
client,link_downed,0,0,0
server,duplicate_request,0,0,0
server,implied_nak_seq_err,0,0,0
server,lifespan,10,10,0
server,local_ack_timeout_err,0,0,0
server,np_cnp_sent,1,1,0
server,np_ecn_marked_roce_packets,0,0,0
server,out_of_buffer,983,983,0
server,out_of_sequence,1,1,0
server,packet_seq_err,0,0,0
server,req_cqe_error,50,50,0
server,req_cqe_flush_error,0,0,0
server,req_remote_access_errors,10,10,0
server,req_remote_invalid_request,10,10,0
server,req_rnr_retries_exceeded,0,0,0
server,req_transport_retries_exceeded,0,0,0
server,resp_cqe_error,0,0,0
server,resp_cqe_flush_error,0,0,0
server,resp_local_length_error,0,0,0
server,resp_remote_access_errors,0,0,0
server,rnr_nak_retry_err,0,0,0
server,roce_adp_retrans,0,0,0
server,roce_adp_retrans_to,0,0,0
server,roce_slow_restart,0,0,0
server,roce_slow_restart_cnps,0,0,0
server,roce_slow_restart_trans,0,0,0
server,rp_cnp_handled,0,0,0
server,rp_cnp_ignored,0,0,0
server,rx_atomic_requests,0,0,0
server,rx_dct_connect,0,0,0
server,rx_icrc_encapsulated,0,0,0
server,rx_read_requests,274,274,0
server,rx_write_requests,1606999619,1606999620,1
# REM_ACCESS_ADDR,trial=28,status=10,vendor_err=0x88,latency_us=3126
client,local_ack_timeout_err,0,0,0
client,out_of_sequence,0,0,0
client,packet_seq_err,0,0,0
client,implied_nak_seq_err,0,0,0
client,rnr_nak_retry_err,200,200,0
client,req_cqe_error,1670,1671,1
client,resp_cqe_error,0,0,0
client,req_cqe_flush_error,0,0,0
client,resp_cqe_flush_error,0,0,0
client,req_remote_invalid_request,200,200,0
client,req_remote_access_errors,418,419,1
client,resp_remote_access_errors,0,0,0
client,resp_local_length_error,0,0,0
client,duplicate_request,0,0,0
client,out_of_buffer,0,0,0
client,rx_icrc_encapsulated,0,0,0
client,req_transport_retries_exceeded,0,0,0
client,req_rnr_retries_exceeded,200,200,0
client,roce_adp_retrans,114,114,0
client,roce_adp_retrans_to,0,0,0
client,roce_slow_restart,0,0,0
client,port_rcv_errors,0,0,0
client,local_link_integrity_errors,0,0,0
client,link_error_recovery,0,0,0
client,link_downed,0,0,0
server,duplicate_request,0,0,0
server,implied_nak_seq_err,0,0,0
server,lifespan,10,10,0
server,local_ack_timeout_err,0,0,0
server,np_cnp_sent,1,1,0
server,np_ecn_marked_roce_packets,0,0,0
server,out_of_buffer,983,983,0
server,out_of_sequence,1,1,0
server,packet_seq_err,0,0,0
server,req_cqe_error,50,50,0
server,req_cqe_flush_error,0,0,0
server,req_remote_access_errors,10,10,0
server,req_remote_invalid_request,10,10,0
server,req_rnr_retries_exceeded,0,0,0
server,req_transport_retries_exceeded,0,0,0
server,resp_cqe_error,0,0,0
server,resp_cqe_flush_error,0,0,0
server,resp_local_length_error,0,0,0
server,resp_remote_access_errors,0,0,0
server,rnr_nak_retry_err,0,0,0
server,roce_adp_retrans,0,0,0
server,roce_adp_retrans_to,0,0,0
server,roce_slow_restart,0,0,0
server,roce_slow_restart_cnps,0,0,0
server,roce_slow_restart_trans,0,0,0
server,rp_cnp_handled,0,0,0
server,rp_cnp_ignored,0,0,0
server,rx_atomic_requests,0,0,0
server,rx_dct_connect,0,0,0
server,rx_icrc_encapsulated,0,0,0
server,rx_read_requests,274,274,0
server,rx_write_requests,1606999621,1606999622,1
# REM_ACCESS_ADDR,trial=29,status=10,vendor_err=0x88,latency_us=3165
client,local_ack_timeout_err,0,0,0
client,out_of_sequence,0,0,0
client,packet_seq_err,0,0,0
client,implied_nak_seq_err,0,0,0
client,rnr_nak_retry_err,200,200,0
client,req_cqe_error,1671,1672,1
client,resp_cqe_error,0,0,0
client,req_cqe_flush_error,0,0,0
client,resp_cqe_flush_error,0,0,0
client,req_remote_invalid_request,200,200,0
client,req_remote_access_errors,419,420,1
client,resp_remote_access_errors,0,0,0
client,resp_local_length_error,0,0,0
client,duplicate_request,0,0,0
client,out_of_buffer,0,0,0
client,rx_icrc_encapsulated,0,0,0
client,req_transport_retries_exceeded,0,0,0
client,req_rnr_retries_exceeded,200,200,0
client,roce_adp_retrans,114,114,0
client,roce_adp_retrans_to,0,0,0
client,roce_slow_restart,0,0,0
client,port_rcv_errors,0,0,0
client,local_link_integrity_errors,0,0,0
client,link_error_recovery,0,0,0
client,link_downed,0,0,0
server,duplicate_request,0,0,0
server,implied_nak_seq_err,0,0,0
server,lifespan,10,10,0
server,local_ack_timeout_err,0,0,0
server,np_cnp_sent,1,1,0
server,np_ecn_marked_roce_packets,0,0,0
server,out_of_buffer,983,983,0
server,out_of_sequence,1,1,0
server,packet_seq_err,0,0,0
server,req_cqe_error,50,50,0
server,req_cqe_flush_error,0,0,0
server,req_remote_access_errors,10,10,0
server,req_remote_invalid_request,10,10,0
server,req_rnr_retries_exceeded,0,0,0
server,req_transport_retries_exceeded,0,0,0
server,resp_cqe_error,0,0,0
server,resp_cqe_flush_error,0,0,0
server,resp_local_length_error,0,0,0
server,resp_remote_access_errors,0,0,0
server,rnr_nak_retry_err,0,0,0
server,roce_adp_retrans,0,0,0
server,roce_adp_retrans_to,0,0,0
server,roce_slow_restart,0,0,0
server,roce_slow_restart_cnps,0,0,0
server,roce_slow_restart_trans,0,0,0
server,rp_cnp_handled,0,0,0
server,rp_cnp_ignored,0,0,0
server,rx_atomic_requests,0,0,0
server,rx_dct_connect,0,0,0
server,rx_icrc_encapsulated,0,0,0
server,rx_read_requests,274,274,0
server,rx_write_requests,1606999623,1606999624,1
# REM_ACCESS_ADDR,trial=30,status=10,vendor_err=0x88,latency_us=3137
client,local_ack_timeout_err,0,0,0
client,out_of_sequence,0,0,0
client,packet_seq_err,0,0,0
client,implied_nak_seq_err,0,0,0
client,rnr_nak_retry_err,200,200,0
client,req_cqe_error,1672,1673,1
client,resp_cqe_error,0,0,0
client,req_cqe_flush_error,0,0,0
client,resp_cqe_flush_error,0,0,0
client,req_remote_invalid_request,200,200,0
client,req_remote_access_errors,420,421,1
client,resp_remote_access_errors,0,0,0
client,resp_local_length_error,0,0,0
client,duplicate_request,0,0,0
client,out_of_buffer,0,0,0
client,rx_icrc_encapsulated,0,0,0
client,req_transport_retries_exceeded,0,0,0
client,req_rnr_retries_exceeded,200,200,0
client,roce_adp_retrans,114,114,0
client,roce_adp_retrans_to,0,0,0
client,roce_slow_restart,0,0,0
client,port_rcv_errors,0,0,0
client,local_link_integrity_errors,0,0,0
client,link_error_recovery,0,0,0
client,link_downed,0,0,0
server,duplicate_request,0,0,0
server,implied_nak_seq_err,0,0,0
server,lifespan,10,10,0
server,local_ack_timeout_err,0,0,0
server,np_cnp_sent,1,1,0
server,np_ecn_marked_roce_packets,0,0,0
server,out_of_buffer,983,983,0
server,out_of_sequence,1,1,0
server,packet_seq_err,0,0,0
server,req_cqe_error,50,50,0
server,req_cqe_flush_error,0,0,0
server,req_remote_access_errors,10,10,0
server,req_remote_invalid_request,10,10,0
server,req_rnr_retries_exceeded,0,0,0
server,req_transport_retries_exceeded,0,0,0
server,resp_cqe_error,0,0,0
server,resp_cqe_flush_error,0,0,0
server,resp_local_length_error,0,0,0
server,resp_remote_access_errors,0,0,0
server,rnr_nak_retry_err,0,0,0
server,roce_adp_retrans,0,0,0
server,roce_adp_retrans_to,0,0,0
server,roce_slow_restart,0,0,0
server,roce_slow_restart_cnps,0,0,0
server,roce_slow_restart_trans,0,0,0
server,rp_cnp_handled,0,0,0
server,rp_cnp_ignored,0,0,0
server,rx_atomic_requests,0,0,0
server,rx_dct_connect,0,0,0
server,rx_icrc_encapsulated,0,0,0
server,rx_read_requests,274,274,0
server,rx_write_requests,1606999625,1606999626,1
# REM_ACCESS_ADDR,trial=31,status=10,vendor_err=0x88,latency_us=3183
client,local_ack_timeout_err,0,0,0
client,out_of_sequence,0,0,0
client,packet_seq_err,0,0,0
client,implied_nak_seq_err,0,0,0
client,rnr_nak_retry_err,200,200,0
client,req_cqe_error,1673,1674,1
client,resp_cqe_error,0,0,0
client,req_cqe_flush_error,0,0,0
client,resp_cqe_flush_error,0,0,0
client,req_remote_invalid_request,200,200,0
client,req_remote_access_errors,421,422,1
client,resp_remote_access_errors,0,0,0
client,resp_local_length_error,0,0,0
client,duplicate_request,0,0,0
client,out_of_buffer,0,0,0
client,rx_icrc_encapsulated,0,0,0
client,req_transport_retries_exceeded,0,0,0
client,req_rnr_retries_exceeded,200,200,0
client,roce_adp_retrans,114,114,0
client,roce_adp_retrans_to,0,0,0
client,roce_slow_restart,0,0,0
client,port_rcv_errors,0,0,0
client,local_link_integrity_errors,0,0,0
client,link_error_recovery,0,0,0
client,link_downed,0,0,0
server,duplicate_request,0,0,0
server,implied_nak_seq_err,0,0,0
server,lifespan,10,10,0
server,local_ack_timeout_err,0,0,0
server,np_cnp_sent,1,1,0
server,np_ecn_marked_roce_packets,0,0,0
server,out_of_buffer,983,983,0
server,out_of_sequence,1,1,0
server,packet_seq_err,0,0,0
server,req_cqe_error,50,50,0
server,req_cqe_flush_error,0,0,0
server,req_remote_access_errors,10,10,0
server,req_remote_invalid_request,10,10,0
server,req_rnr_retries_exceeded,0,0,0
server,req_transport_retries_exceeded,0,0,0
server,resp_cqe_error,0,0,0
server,resp_cqe_flush_error,0,0,0
server,resp_local_length_error,0,0,0
server,resp_remote_access_errors,0,0,0
server,rnr_nak_retry_err,0,0,0
server,roce_adp_retrans,0,0,0
server,roce_adp_retrans_to,0,0,0
server,roce_slow_restart,0,0,0
server,roce_slow_restart_cnps,0,0,0
server,roce_slow_restart_trans,0,0,0
server,rp_cnp_handled,0,0,0
server,rp_cnp_ignored,0,0,0
server,rx_atomic_requests,0,0,0
server,rx_dct_connect,0,0,0
server,rx_icrc_encapsulated,0,0,0
server,rx_read_requests,274,274,0
server,rx_write_requests,1606999627,1606999628,1
# REM_ACCESS_ADDR,trial=32,status=10,vendor_err=0x88,latency_us=3150
client,local_ack_timeout_err,0,0,0
client,out_of_sequence,0,0,0
client,packet_seq_err,0,0,0
client,implied_nak_seq_err,0,0,0
client,rnr_nak_retry_err,200,200,0
client,req_cqe_error,1674,1675,1
client,resp_cqe_error,0,0,0
client,req_cqe_flush_error,0,0,0
client,resp_cqe_flush_error,0,0,0
client,req_remote_invalid_request,200,200,0
client,req_remote_access_errors,422,423,1
client,resp_remote_access_errors,0,0,0
client,resp_local_length_error,0,0,0
client,duplicate_request,0,0,0
client,out_of_buffer,0,0,0
client,rx_icrc_encapsulated,0,0,0
client,req_transport_retries_exceeded,0,0,0
client,req_rnr_retries_exceeded,200,200,0
client,roce_adp_retrans,114,114,0
client,roce_adp_retrans_to,0,0,0
client,roce_slow_restart,0,0,0
client,port_rcv_errors,0,0,0
client,local_link_integrity_errors,0,0,0
client,link_error_recovery,0,0,0
client,link_downed,0,0,0
server,duplicate_request,0,0,0
server,implied_nak_seq_err,0,0,0
server,lifespan,10,10,0
server,local_ack_timeout_err,0,0,0
server,np_cnp_sent,1,1,0
server,np_ecn_marked_roce_packets,0,0,0
server,out_of_buffer,983,983,0
server,out_of_sequence,1,1,0
server,packet_seq_err,0,0,0
server,req_cqe_error,50,50,0
server,req_cqe_flush_error,0,0,0
server,req_remote_access_errors,10,10,0
server,req_remote_invalid_request,10,10,0
server,req_rnr_retries_exceeded,0,0,0
server,req_transport_retries_exceeded,0,0,0
server,resp_cqe_error,0,0,0
server,resp_cqe_flush_error,0,0,0
server,resp_local_length_error,0,0,0
server,resp_remote_access_errors,0,0,0
server,rnr_nak_retry_err,0,0,0
server,roce_adp_retrans,0,0,0
server,roce_adp_retrans_to,0,0,0
server,roce_slow_restart,0,0,0
server,roce_slow_restart_cnps,0,0,0
server,roce_slow_restart_trans,0,0,0
server,rp_cnp_handled,0,0,0
server,rp_cnp_ignored,0,0,0
server,rx_atomic_requests,0,0,0
server,rx_dct_connect,0,0,0
server,rx_icrc_encapsulated,0,0,0
server,rx_read_requests,274,274,0
server,rx_write_requests,1606999629,1606999630,1
# REM_ACCESS_ADDR,trial=33,status=10,vendor_err=0x88,latency_us=3132
client,local_ack_timeout_err,0,0,0
client,out_of_sequence,0,0,0
client,packet_seq_err,0,0,0
client,implied_nak_seq_err,0,0,0
client,rnr_nak_retry_err,200,200,0
client,req_cqe_error,1675,1676,1
client,resp_cqe_error,0,0,0
client,req_cqe_flush_error,0,0,0
client,resp_cqe_flush_error,0,0,0
client,req_remote_invalid_request,200,200,0
client,req_remote_access_errors,423,424,1
client,resp_remote_access_errors,0,0,0
client,resp_local_length_error,0,0,0
client,duplicate_request,0,0,0
client,out_of_buffer,0,0,0
client,rx_icrc_encapsulated,0,0,0
client,req_transport_retries_exceeded,0,0,0
client,req_rnr_retries_exceeded,200,200,0
client,roce_adp_retrans,114,114,0
client,roce_adp_retrans_to,0,0,0
client,roce_slow_restart,0,0,0
client,port_rcv_errors,0,0,0
client,local_link_integrity_errors,0,0,0
client,link_error_recovery,0,0,0
client,link_downed,0,0,0
server,duplicate_request,0,0,0
server,implied_nak_seq_err,0,0,0
server,lifespan,10,10,0
server,local_ack_timeout_err,0,0,0
server,np_cnp_sent,1,1,0
server,np_ecn_marked_roce_packets,0,0,0
server,out_of_buffer,983,983,0
server,out_of_sequence,1,1,0
server,packet_seq_err,0,0,0
server,req_cqe_error,50,50,0
server,req_cqe_flush_error,0,0,0
server,req_remote_access_errors,10,10,0
server,req_remote_invalid_request,10,10,0
server,req_rnr_retries_exceeded,0,0,0
server,req_transport_retries_exceeded,0,0,0
server,resp_cqe_error,0,0,0
server,resp_cqe_flush_error,0,0,0
server,resp_local_length_error,0,0,0
server,resp_remote_access_errors,0,0,0
server,rnr_nak_retry_err,0,0,0
server,roce_adp_retrans,0,0,0
server,roce_adp_retrans_to,0,0,0
server,roce_slow_restart,0,0,0
server,roce_slow_restart_cnps,0,0,0
server,roce_slow_restart_trans,0,0,0
server,rp_cnp_handled,0,0,0
server,rp_cnp_ignored,0,0,0
server,rx_atomic_requests,0,0,0
server,rx_dct_connect,0,0,0
server,rx_icrc_encapsulated,0,0,0
server,rx_read_requests,274,274,0
server,rx_write_requests,1606999631,1606999632,1
# REM_ACCESS_ADDR,trial=34,status=10,vendor_err=0x88,latency_us=3132
client,local_ack_timeout_err,0,0,0
client,out_of_sequence,0,0,0
client,packet_seq_err,0,0,0
client,implied_nak_seq_err,0,0,0
client,rnr_nak_retry_err,200,200,0
client,req_cqe_error,1676,1677,1
client,resp_cqe_error,0,0,0
client,req_cqe_flush_error,0,0,0
client,resp_cqe_flush_error,0,0,0
client,req_remote_invalid_request,200,200,0
client,req_remote_access_errors,424,425,1
client,resp_remote_access_errors,0,0,0
client,resp_local_length_error,0,0,0
client,duplicate_request,0,0,0
client,out_of_buffer,0,0,0
client,rx_icrc_encapsulated,0,0,0
client,req_transport_retries_exceeded,0,0,0
client,req_rnr_retries_exceeded,200,200,0
client,roce_adp_retrans,114,114,0
client,roce_adp_retrans_to,0,0,0
client,roce_slow_restart,0,0,0
client,port_rcv_errors,0,0,0
client,local_link_integrity_errors,0,0,0
client,link_error_recovery,0,0,0
client,link_downed,0,0,0
server,duplicate_request,0,0,0
server,implied_nak_seq_err,0,0,0
server,lifespan,10,10,0
server,local_ack_timeout_err,0,0,0
server,np_cnp_sent,1,1,0
server,np_ecn_marked_roce_packets,0,0,0
server,out_of_buffer,983,983,0
server,out_of_sequence,1,1,0
server,packet_seq_err,0,0,0
server,req_cqe_error,50,50,0
server,req_cqe_flush_error,0,0,0
server,req_remote_access_errors,10,10,0
server,req_remote_invalid_request,10,10,0
server,req_rnr_retries_exceeded,0,0,0
server,req_transport_retries_exceeded,0,0,0
server,resp_cqe_error,0,0,0
server,resp_cqe_flush_error,0,0,0
server,resp_local_length_error,0,0,0
server,resp_remote_access_errors,0,0,0
server,rnr_nak_retry_err,0,0,0
server,roce_adp_retrans,0,0,0
server,roce_adp_retrans_to,0,0,0
server,roce_slow_restart,0,0,0
server,roce_slow_restart_cnps,0,0,0
server,roce_slow_restart_trans,0,0,0
server,rp_cnp_handled,0,0,0
server,rp_cnp_ignored,0,0,0
server,rx_atomic_requests,0,0,0
server,rx_dct_connect,0,0,0
server,rx_icrc_encapsulated,0,0,0
server,rx_read_requests,274,274,0
server,rx_write_requests,1606999633,1606999634,1
# REM_ACCESS_ADDR,trial=35,status=10,vendor_err=0x88,latency_us=3154
client,local_ack_timeout_err,0,0,0
client,out_of_sequence,0,0,0
client,packet_seq_err,0,0,0
client,implied_nak_seq_err,0,0,0
client,rnr_nak_retry_err,200,200,0
client,req_cqe_error,1677,1678,1
client,resp_cqe_error,0,0,0
client,req_cqe_flush_error,0,0,0
client,resp_cqe_flush_error,0,0,0
client,req_remote_invalid_request,200,200,0
client,req_remote_access_errors,425,426,1
client,resp_remote_access_errors,0,0,0
client,resp_local_length_error,0,0,0
client,duplicate_request,0,0,0
client,out_of_buffer,0,0,0
client,rx_icrc_encapsulated,0,0,0
client,req_transport_retries_exceeded,0,0,0
client,req_rnr_retries_exceeded,200,200,0
client,roce_adp_retrans,114,114,0
client,roce_adp_retrans_to,0,0,0
client,roce_slow_restart,0,0,0
client,port_rcv_errors,0,0,0
client,local_link_integrity_errors,0,0,0
client,link_error_recovery,0,0,0
client,link_downed,0,0,0
server,duplicate_request,0,0,0
server,implied_nak_seq_err,0,0,0
server,lifespan,10,10,0
server,local_ack_timeout_err,0,0,0
server,np_cnp_sent,1,1,0
server,np_ecn_marked_roce_packets,0,0,0
server,out_of_buffer,983,983,0
server,out_of_sequence,1,1,0
server,packet_seq_err,0,0,0
server,req_cqe_error,50,50,0
server,req_cqe_flush_error,0,0,0
server,req_remote_access_errors,10,10,0
server,req_remote_invalid_request,10,10,0
server,req_rnr_retries_exceeded,0,0,0
server,req_transport_retries_exceeded,0,0,0
server,resp_cqe_error,0,0,0
server,resp_cqe_flush_error,0,0,0
server,resp_local_length_error,0,0,0
server,resp_remote_access_errors,0,0,0
server,rnr_nak_retry_err,0,0,0
server,roce_adp_retrans,0,0,0
server,roce_adp_retrans_to,0,0,0
server,roce_slow_restart,0,0,0
server,roce_slow_restart_cnps,0,0,0
server,roce_slow_restart_trans,0,0,0
server,rp_cnp_handled,0,0,0
server,rp_cnp_ignored,0,0,0
server,rx_atomic_requests,0,0,0
server,rx_dct_connect,0,0,0
server,rx_icrc_encapsulated,0,0,0
server,rx_read_requests,274,274,0
server,rx_write_requests,1606999635,1606999636,1
# REM_ACCESS_ADDR,trial=36,status=10,vendor_err=0x88,latency_us=3149
client,local_ack_timeout_err,0,0,0
client,out_of_sequence,0,0,0
client,packet_seq_err,0,0,0
client,implied_nak_seq_err,0,0,0
client,rnr_nak_retry_err,200,200,0
client,req_cqe_error,1678,1679,1
client,resp_cqe_error,0,0,0
client,req_cqe_flush_error,0,0,0
client,resp_cqe_flush_error,0,0,0
client,req_remote_invalid_request,200,200,0
client,req_remote_access_errors,426,427,1
client,resp_remote_access_errors,0,0,0
client,resp_local_length_error,0,0,0
client,duplicate_request,0,0,0
client,out_of_buffer,0,0,0
client,rx_icrc_encapsulated,0,0,0
client,req_transport_retries_exceeded,0,0,0
client,req_rnr_retries_exceeded,200,200,0
client,roce_adp_retrans,114,114,0
client,roce_adp_retrans_to,0,0,0
client,roce_slow_restart,0,0,0
client,port_rcv_errors,0,0,0
client,local_link_integrity_errors,0,0,0
client,link_error_recovery,0,0,0
client,link_downed,0,0,0
server,duplicate_request,0,0,0
server,implied_nak_seq_err,0,0,0
server,lifespan,10,10,0
server,local_ack_timeout_err,0,0,0
server,np_cnp_sent,1,1,0
server,np_ecn_marked_roce_packets,0,0,0
server,out_of_buffer,983,983,0
server,out_of_sequence,1,1,0
server,packet_seq_err,0,0,0
server,req_cqe_error,50,50,0
server,req_cqe_flush_error,0,0,0
server,req_remote_access_errors,10,10,0
server,req_remote_invalid_request,10,10,0
server,req_rnr_retries_exceeded,0,0,0
server,req_transport_retries_exceeded,0,0,0
server,resp_cqe_error,0,0,0
server,resp_cqe_flush_error,0,0,0
server,resp_local_length_error,0,0,0
server,resp_remote_access_errors,0,0,0
server,rnr_nak_retry_err,0,0,0
server,roce_adp_retrans,0,0,0
server,roce_adp_retrans_to,0,0,0
server,roce_slow_restart,0,0,0
server,roce_slow_restart_cnps,0,0,0
server,roce_slow_restart_trans,0,0,0
server,rp_cnp_handled,0,0,0
server,rp_cnp_ignored,0,0,0
server,rx_atomic_requests,0,0,0
server,rx_dct_connect,0,0,0
server,rx_icrc_encapsulated,0,0,0
server,rx_read_requests,274,274,0
server,rx_write_requests,1606999637,1606999638,1
# REM_ACCESS_ADDR,trial=37,status=10,vendor_err=0x88,latency_us=3152
client,local_ack_timeout_err,0,0,0
client,out_of_sequence,0,0,0
client,packet_seq_err,0,0,0
client,implied_nak_seq_err,0,0,0
client,rnr_nak_retry_err,200,200,0
client,req_cqe_error,1679,1680,1
client,resp_cqe_error,0,0,0
client,req_cqe_flush_error,0,0,0
client,resp_cqe_flush_error,0,0,0
client,req_remote_invalid_request,200,200,0
client,req_remote_access_errors,427,428,1
client,resp_remote_access_errors,0,0,0
client,resp_local_length_error,0,0,0
client,duplicate_request,0,0,0
client,out_of_buffer,0,0,0
client,rx_icrc_encapsulated,0,0,0
client,req_transport_retries_exceeded,0,0,0
client,req_rnr_retries_exceeded,200,200,0
client,roce_adp_retrans,114,114,0
client,roce_adp_retrans_to,0,0,0
client,roce_slow_restart,0,0,0
client,port_rcv_errors,0,0,0
client,local_link_integrity_errors,0,0,0
client,link_error_recovery,0,0,0
client,link_downed,0,0,0
server,duplicate_request,0,0,0
server,implied_nak_seq_err,0,0,0
server,lifespan,10,10,0
server,local_ack_timeout_err,0,0,0
server,np_cnp_sent,1,1,0
server,np_ecn_marked_roce_packets,0,0,0
server,out_of_buffer,983,983,0
server,out_of_sequence,1,1,0
server,packet_seq_err,0,0,0
server,req_cqe_error,50,50,0
server,req_cqe_flush_error,0,0,0
server,req_remote_access_errors,10,10,0
server,req_remote_invalid_request,10,10,0
server,req_rnr_retries_exceeded,0,0,0
server,req_transport_retries_exceeded,0,0,0
server,resp_cqe_error,0,0,0
server,resp_cqe_flush_error,0,0,0
server,resp_local_length_error,0,0,0
server,resp_remote_access_errors,0,0,0
server,rnr_nak_retry_err,0,0,0
server,roce_adp_retrans,0,0,0
server,roce_adp_retrans_to,0,0,0
server,roce_slow_restart,0,0,0
server,roce_slow_restart_cnps,0,0,0
server,roce_slow_restart_trans,0,0,0
server,rp_cnp_handled,0,0,0
server,rp_cnp_ignored,0,0,0
server,rx_atomic_requests,0,0,0
server,rx_dct_connect,0,0,0
server,rx_icrc_encapsulated,0,0,0
server,rx_read_requests,274,274,0
server,rx_write_requests,1606999639,1606999640,1
# REM_ACCESS_ADDR,trial=38,status=10,vendor_err=0x88,latency_us=3164
client,local_ack_timeout_err,0,0,0
client,out_of_sequence,0,0,0
client,packet_seq_err,0,0,0
client,implied_nak_seq_err,0,0,0
client,rnr_nak_retry_err,200,200,0
client,req_cqe_error,1680,1681,1
client,resp_cqe_error,0,0,0
client,req_cqe_flush_error,0,0,0
client,resp_cqe_flush_error,0,0,0
client,req_remote_invalid_request,200,200,0
client,req_remote_access_errors,428,429,1
client,resp_remote_access_errors,0,0,0
client,resp_local_length_error,0,0,0
client,duplicate_request,0,0,0
client,out_of_buffer,0,0,0
client,rx_icrc_encapsulated,0,0,0
client,req_transport_retries_exceeded,0,0,0
client,req_rnr_retries_exceeded,200,200,0
client,roce_adp_retrans,114,114,0
client,roce_adp_retrans_to,0,0,0
client,roce_slow_restart,0,0,0
client,port_rcv_errors,0,0,0
client,local_link_integrity_errors,0,0,0
client,link_error_recovery,0,0,0
client,link_downed,0,0,0
server,duplicate_request,0,0,0
server,implied_nak_seq_err,0,0,0
server,lifespan,10,10,0
server,local_ack_timeout_err,0,0,0
server,np_cnp_sent,1,1,0
server,np_ecn_marked_roce_packets,0,0,0
server,out_of_buffer,983,983,0
server,out_of_sequence,1,1,0
server,packet_seq_err,0,0,0
server,req_cqe_error,50,50,0
server,req_cqe_flush_error,0,0,0
server,req_remote_access_errors,10,10,0
server,req_remote_invalid_request,10,10,0
server,req_rnr_retries_exceeded,0,0,0
server,req_transport_retries_exceeded,0,0,0
server,resp_cqe_error,0,0,0
server,resp_cqe_flush_error,0,0,0
server,resp_local_length_error,0,0,0
server,resp_remote_access_errors,0,0,0
server,rnr_nak_retry_err,0,0,0
server,roce_adp_retrans,0,0,0
server,roce_adp_retrans_to,0,0,0
server,roce_slow_restart,0,0,0
server,roce_slow_restart_cnps,0,0,0
server,roce_slow_restart_trans,0,0,0
server,rp_cnp_handled,0,0,0
server,rp_cnp_ignored,0,0,0
server,rx_atomic_requests,0,0,0
server,rx_dct_connect,0,0,0
server,rx_icrc_encapsulated,0,0,0
server,rx_read_requests,274,274,0
server,rx_write_requests,1606999641,1606999642,1
# REM_ACCESS_ADDR,trial=39,status=10,vendor_err=0x88,latency_us=3125
client,local_ack_timeout_err,0,0,0
client,out_of_sequence,0,0,0
client,packet_seq_err,0,0,0
client,implied_nak_seq_err,0,0,0
client,rnr_nak_retry_err,200,200,0
client,req_cqe_error,1681,1682,1
client,resp_cqe_error,0,0,0
client,req_cqe_flush_error,0,0,0
client,resp_cqe_flush_error,0,0,0
client,req_remote_invalid_request,200,200,0
client,req_remote_access_errors,429,430,1
client,resp_remote_access_errors,0,0,0
client,resp_local_length_error,0,0,0
client,duplicate_request,0,0,0
client,out_of_buffer,0,0,0
client,rx_icrc_encapsulated,0,0,0
client,req_transport_retries_exceeded,0,0,0
client,req_rnr_retries_exceeded,200,200,0
client,roce_adp_retrans,114,114,0
client,roce_adp_retrans_to,0,0,0
client,roce_slow_restart,0,0,0
client,port_rcv_errors,0,0,0
client,local_link_integrity_errors,0,0,0
client,link_error_recovery,0,0,0
client,link_downed,0,0,0
server,duplicate_request,0,0,0
server,implied_nak_seq_err,0,0,0
server,lifespan,10,10,0
server,local_ack_timeout_err,0,0,0
server,np_cnp_sent,1,1,0
server,np_ecn_marked_roce_packets,0,0,0
server,out_of_buffer,983,983,0
server,out_of_sequence,1,1,0
server,packet_seq_err,0,0,0
server,req_cqe_error,50,50,0
server,req_cqe_flush_error,0,0,0
server,req_remote_access_errors,10,10,0
server,req_remote_invalid_request,10,10,0
server,req_rnr_retries_exceeded,0,0,0
server,req_transport_retries_exceeded,0,0,0
server,resp_cqe_error,0,0,0
server,resp_cqe_flush_error,0,0,0
server,resp_local_length_error,0,0,0
server,resp_remote_access_errors,0,0,0
server,rnr_nak_retry_err,0,0,0
server,roce_adp_retrans,0,0,0
server,roce_adp_retrans_to,0,0,0
server,roce_slow_restart,0,0,0
server,roce_slow_restart_cnps,0,0,0
server,roce_slow_restart_trans,0,0,0
server,rp_cnp_handled,0,0,0
server,rp_cnp_ignored,0,0,0
server,rx_atomic_requests,0,0,0
server,rx_dct_connect,0,0,0
server,rx_icrc_encapsulated,0,0,0
server,rx_read_requests,274,274,0
server,rx_write_requests,1606999643,1606999644,1
# REM_ACCESS_ADDR,trial=40,status=10,vendor_err=0x88,latency_us=3142
client,local_ack_timeout_err,0,0,0
client,out_of_sequence,0,0,0
client,packet_seq_err,0,0,0
client,implied_nak_seq_err,0,0,0
client,rnr_nak_retry_err,200,200,0
client,req_cqe_error,1682,1683,1
client,resp_cqe_error,0,0,0
client,req_cqe_flush_error,0,0,0
client,resp_cqe_flush_error,0,0,0
client,req_remote_invalid_request,200,200,0
client,req_remote_access_errors,430,431,1
client,resp_remote_access_errors,0,0,0
client,resp_local_length_error,0,0,0
client,duplicate_request,0,0,0
client,out_of_buffer,0,0,0
client,rx_icrc_encapsulated,0,0,0
client,req_transport_retries_exceeded,0,0,0
client,req_rnr_retries_exceeded,200,200,0
client,roce_adp_retrans,114,114,0
client,roce_adp_retrans_to,0,0,0
client,roce_slow_restart,0,0,0
client,port_rcv_errors,0,0,0
client,local_link_integrity_errors,0,0,0
client,link_error_recovery,0,0,0
client,link_downed,0,0,0
server,duplicate_request,0,0,0
server,implied_nak_seq_err,0,0,0
server,lifespan,10,10,0
server,local_ack_timeout_err,0,0,0
server,np_cnp_sent,1,1,0
server,np_ecn_marked_roce_packets,0,0,0
server,out_of_buffer,983,983,0
server,out_of_sequence,1,1,0
server,packet_seq_err,0,0,0
server,req_cqe_error,50,50,0
server,req_cqe_flush_error,0,0,0
server,req_remote_access_errors,10,10,0
server,req_remote_invalid_request,10,10,0
server,req_rnr_retries_exceeded,0,0,0
server,req_transport_retries_exceeded,0,0,0
server,resp_cqe_error,0,0,0
server,resp_cqe_flush_error,0,0,0
server,resp_local_length_error,0,0,0
server,resp_remote_access_errors,0,0,0
server,rnr_nak_retry_err,0,0,0
server,roce_adp_retrans,0,0,0
server,roce_adp_retrans_to,0,0,0
server,roce_slow_restart,0,0,0
server,roce_slow_restart_cnps,0,0,0
server,roce_slow_restart_trans,0,0,0
server,rp_cnp_handled,0,0,0
server,rp_cnp_ignored,0,0,0
server,rx_atomic_requests,0,0,0
server,rx_dct_connect,0,0,0
server,rx_icrc_encapsulated,0,0,0
server,rx_read_requests,274,274,0
server,rx_write_requests,1606999645,1606999646,1
# REM_ACCESS_ADDR,trial=41,status=10,vendor_err=0x88,latency_us=3154
client,local_ack_timeout_err,0,0,0
client,out_of_sequence,0,0,0
client,packet_seq_err,0,0,0
client,implied_nak_seq_err,0,0,0
client,rnr_nak_retry_err,200,200,0
client,req_cqe_error,1683,1684,1
client,resp_cqe_error,0,0,0
client,req_cqe_flush_error,0,0,0
client,resp_cqe_flush_error,0,0,0
client,req_remote_invalid_request,200,200,0
client,req_remote_access_errors,431,432,1
client,resp_remote_access_errors,0,0,0
client,resp_local_length_error,0,0,0
client,duplicate_request,0,0,0
client,out_of_buffer,0,0,0
client,rx_icrc_encapsulated,0,0,0
client,req_transport_retries_exceeded,0,0,0
client,req_rnr_retries_exceeded,200,200,0
client,roce_adp_retrans,114,114,0
client,roce_adp_retrans_to,0,0,0
client,roce_slow_restart,0,0,0
client,port_rcv_errors,0,0,0
client,local_link_integrity_errors,0,0,0
client,link_error_recovery,0,0,0
client,link_downed,0,0,0
server,duplicate_request,0,0,0
server,implied_nak_seq_err,0,0,0
server,lifespan,10,10,0
server,local_ack_timeout_err,0,0,0
server,np_cnp_sent,1,1,0
server,np_ecn_marked_roce_packets,0,0,0
server,out_of_buffer,983,983,0
server,out_of_sequence,1,1,0
server,packet_seq_err,0,0,0
server,req_cqe_error,50,50,0
server,req_cqe_flush_error,0,0,0
server,req_remote_access_errors,10,10,0
server,req_remote_invalid_request,10,10,0
server,req_rnr_retries_exceeded,0,0,0
server,req_transport_retries_exceeded,0,0,0
server,resp_cqe_error,0,0,0
server,resp_cqe_flush_error,0,0,0
server,resp_local_length_error,0,0,0
server,resp_remote_access_errors,0,0,0
server,rnr_nak_retry_err,0,0,0
server,roce_adp_retrans,0,0,0
server,roce_adp_retrans_to,0,0,0
server,roce_slow_restart,0,0,0
server,roce_slow_restart_cnps,0,0,0
server,roce_slow_restart_trans,0,0,0
server,rp_cnp_handled,0,0,0
server,rp_cnp_ignored,0,0,0
server,rx_atomic_requests,0,0,0
server,rx_dct_connect,0,0,0
server,rx_icrc_encapsulated,0,0,0
server,rx_read_requests,274,274,0
server,rx_write_requests,1606999647,1606999648,1
# REM_ACCESS_ADDR,trial=42,status=10,vendor_err=0x88,latency_us=3159
client,local_ack_timeout_err,0,0,0
client,out_of_sequence,0,0,0
client,packet_seq_err,0,0,0
client,implied_nak_seq_err,0,0,0
client,rnr_nak_retry_err,200,200,0
client,req_cqe_error,1684,1685,1
client,resp_cqe_error,0,0,0
client,req_cqe_flush_error,0,0,0
client,resp_cqe_flush_error,0,0,0
client,req_remote_invalid_request,200,200,0
client,req_remote_access_errors,432,433,1
client,resp_remote_access_errors,0,0,0
client,resp_local_length_error,0,0,0
client,duplicate_request,0,0,0
client,out_of_buffer,0,0,0
client,rx_icrc_encapsulated,0,0,0
client,req_transport_retries_exceeded,0,0,0
client,req_rnr_retries_exceeded,200,200,0
client,roce_adp_retrans,114,114,0
client,roce_adp_retrans_to,0,0,0
client,roce_slow_restart,0,0,0
client,port_rcv_errors,0,0,0
client,local_link_integrity_errors,0,0,0
client,link_error_recovery,0,0,0
client,link_downed,0,0,0
server,duplicate_request,0,0,0
server,implied_nak_seq_err,0,0,0
server,lifespan,10,10,0
server,local_ack_timeout_err,0,0,0
server,np_cnp_sent,1,1,0
server,np_ecn_marked_roce_packets,0,0,0
server,out_of_buffer,983,983,0
server,out_of_sequence,1,1,0
server,packet_seq_err,0,0,0
server,req_cqe_error,50,50,0
server,req_cqe_flush_error,0,0,0
server,req_remote_access_errors,10,10,0
server,req_remote_invalid_request,10,10,0
server,req_rnr_retries_exceeded,0,0,0
server,req_transport_retries_exceeded,0,0,0
server,resp_cqe_error,0,0,0
server,resp_cqe_flush_error,0,0,0
server,resp_local_length_error,0,0,0
server,resp_remote_access_errors,0,0,0
server,rnr_nak_retry_err,0,0,0
server,roce_adp_retrans,0,0,0
server,roce_adp_retrans_to,0,0,0
server,roce_slow_restart,0,0,0
server,roce_slow_restart_cnps,0,0,0
server,roce_slow_restart_trans,0,0,0
server,rp_cnp_handled,0,0,0
server,rp_cnp_ignored,0,0,0
server,rx_atomic_requests,0,0,0
server,rx_dct_connect,0,0,0
server,rx_icrc_encapsulated,0,0,0
server,rx_read_requests,274,274,0
server,rx_write_requests,1606999649,1606999650,1
# REM_ACCESS_ADDR,trial=43,status=10,vendor_err=0x88,latency_us=3152
client,local_ack_timeout_err,0,0,0
client,out_of_sequence,0,0,0
client,packet_seq_err,0,0,0
client,implied_nak_seq_err,0,0,0
client,rnr_nak_retry_err,200,200,0
client,req_cqe_error,1685,1686,1
client,resp_cqe_error,0,0,0
client,req_cqe_flush_error,0,0,0
client,resp_cqe_flush_error,0,0,0
client,req_remote_invalid_request,200,200,0
client,req_remote_access_errors,433,434,1
client,resp_remote_access_errors,0,0,0
client,resp_local_length_error,0,0,0
client,duplicate_request,0,0,0
client,out_of_buffer,0,0,0
client,rx_icrc_encapsulated,0,0,0
client,req_transport_retries_exceeded,0,0,0
client,req_rnr_retries_exceeded,200,200,0
client,roce_adp_retrans,114,114,0
client,roce_adp_retrans_to,0,0,0
client,roce_slow_restart,0,0,0
client,port_rcv_errors,0,0,0
client,local_link_integrity_errors,0,0,0
client,link_error_recovery,0,0,0
client,link_downed,0,0,0
server,duplicate_request,0,0,0
server,implied_nak_seq_err,0,0,0
server,lifespan,10,10,0
server,local_ack_timeout_err,0,0,0
server,np_cnp_sent,1,1,0
server,np_ecn_marked_roce_packets,0,0,0
server,out_of_buffer,983,983,0
server,out_of_sequence,1,1,0
server,packet_seq_err,0,0,0
server,req_cqe_error,50,50,0
server,req_cqe_flush_error,0,0,0
server,req_remote_access_errors,10,10,0
server,req_remote_invalid_request,10,10,0
server,req_rnr_retries_exceeded,0,0,0
server,req_transport_retries_exceeded,0,0,0
server,resp_cqe_error,0,0,0
server,resp_cqe_flush_error,0,0,0
server,resp_local_length_error,0,0,0
server,resp_remote_access_errors,0,0,0
server,rnr_nak_retry_err,0,0,0
server,roce_adp_retrans,0,0,0
server,roce_adp_retrans_to,0,0,0
server,roce_slow_restart,0,0,0
server,roce_slow_restart_cnps,0,0,0
server,roce_slow_restart_trans,0,0,0
server,rp_cnp_handled,0,0,0
server,rp_cnp_ignored,0,0,0
server,rx_atomic_requests,0,0,0
server,rx_dct_connect,0,0,0
server,rx_icrc_encapsulated,0,0,0
server,rx_read_requests,274,274,0
server,rx_write_requests,1606999651,1606999652,1
# REM_ACCESS_ADDR,trial=44,status=10,vendor_err=0x88,latency_us=3141
client,local_ack_timeout_err,0,0,0
client,out_of_sequence,0,0,0
client,packet_seq_err,0,0,0
client,implied_nak_seq_err,0,0,0
client,rnr_nak_retry_err,200,200,0
client,req_cqe_error,1686,1687,1
client,resp_cqe_error,0,0,0
client,req_cqe_flush_error,0,0,0
client,resp_cqe_flush_error,0,0,0
client,req_remote_invalid_request,200,200,0
client,req_remote_access_errors,434,435,1
client,resp_remote_access_errors,0,0,0
client,resp_local_length_error,0,0,0
client,duplicate_request,0,0,0
client,out_of_buffer,0,0,0
client,rx_icrc_encapsulated,0,0,0
client,req_transport_retries_exceeded,0,0,0
client,req_rnr_retries_exceeded,200,200,0
client,roce_adp_retrans,114,114,0
client,roce_adp_retrans_to,0,0,0
client,roce_slow_restart,0,0,0
client,port_rcv_errors,0,0,0
client,local_link_integrity_errors,0,0,0
client,link_error_recovery,0,0,0
client,link_downed,0,0,0
server,duplicate_request,0,0,0
server,implied_nak_seq_err,0,0,0
server,lifespan,10,10,0
server,local_ack_timeout_err,0,0,0
server,np_cnp_sent,1,1,0
server,np_ecn_marked_roce_packets,0,0,0
server,out_of_buffer,983,983,0
server,out_of_sequence,1,1,0
server,packet_seq_err,0,0,0
server,req_cqe_error,50,50,0
server,req_cqe_flush_error,0,0,0
server,req_remote_access_errors,10,10,0
server,req_remote_invalid_request,10,10,0
server,req_rnr_retries_exceeded,0,0,0
server,req_transport_retries_exceeded,0,0,0
server,resp_cqe_error,0,0,0
server,resp_cqe_flush_error,0,0,0
server,resp_local_length_error,0,0,0
server,resp_remote_access_errors,0,0,0
server,rnr_nak_retry_err,0,0,0
server,roce_adp_retrans,0,0,0
server,roce_adp_retrans_to,0,0,0
server,roce_slow_restart,0,0,0
server,roce_slow_restart_cnps,0,0,0
server,roce_slow_restart_trans,0,0,0
server,rp_cnp_handled,0,0,0
server,rp_cnp_ignored,0,0,0
server,rx_atomic_requests,0,0,0
server,rx_dct_connect,0,0,0
server,rx_icrc_encapsulated,0,0,0
server,rx_read_requests,274,274,0
server,rx_write_requests,1606999653,1606999654,1
# REM_ACCESS_ADDR,trial=45,status=10,vendor_err=0x88,latency_us=3136
client,local_ack_timeout_err,0,0,0
client,out_of_sequence,0,0,0
client,packet_seq_err,0,0,0
client,implied_nak_seq_err,0,0,0
client,rnr_nak_retry_err,200,200,0
client,req_cqe_error,1687,1688,1
client,resp_cqe_error,0,0,0
client,req_cqe_flush_error,0,0,0
client,resp_cqe_flush_error,0,0,0
client,req_remote_invalid_request,200,200,0
client,req_remote_access_errors,435,436,1
client,resp_remote_access_errors,0,0,0
client,resp_local_length_error,0,0,0
client,duplicate_request,0,0,0
client,out_of_buffer,0,0,0
client,rx_icrc_encapsulated,0,0,0
client,req_transport_retries_exceeded,0,0,0
client,req_rnr_retries_exceeded,200,200,0
client,roce_adp_retrans,114,114,0
client,roce_adp_retrans_to,0,0,0
client,roce_slow_restart,0,0,0
client,port_rcv_errors,0,0,0
client,local_link_integrity_errors,0,0,0
client,link_error_recovery,0,0,0
client,link_downed,0,0,0
server,duplicate_request,0,0,0
server,implied_nak_seq_err,0,0,0
server,lifespan,10,10,0
server,local_ack_timeout_err,0,0,0
server,np_cnp_sent,1,1,0
server,np_ecn_marked_roce_packets,0,0,0
server,out_of_buffer,983,983,0
server,out_of_sequence,1,1,0
server,packet_seq_err,0,0,0
server,req_cqe_error,50,50,0
server,req_cqe_flush_error,0,0,0
server,req_remote_access_errors,10,10,0
server,req_remote_invalid_request,10,10,0
server,req_rnr_retries_exceeded,0,0,0
server,req_transport_retries_exceeded,0,0,0
server,resp_cqe_error,0,0,0
server,resp_cqe_flush_error,0,0,0
server,resp_local_length_error,0,0,0
server,resp_remote_access_errors,0,0,0
server,rnr_nak_retry_err,0,0,0
server,roce_adp_retrans,0,0,0
server,roce_adp_retrans_to,0,0,0
server,roce_slow_restart,0,0,0
server,roce_slow_restart_cnps,0,0,0
server,roce_slow_restart_trans,0,0,0
server,rp_cnp_handled,0,0,0
server,rp_cnp_ignored,0,0,0
server,rx_atomic_requests,0,0,0
server,rx_dct_connect,0,0,0
server,rx_icrc_encapsulated,0,0,0
server,rx_read_requests,274,274,0
server,rx_write_requests,1606999655,1606999656,1
# REM_ACCESS_ADDR,trial=46,status=10,vendor_err=0x88,latency_us=3139
client,local_ack_timeout_err,0,0,0
client,out_of_sequence,0,0,0
client,packet_seq_err,0,0,0
client,implied_nak_seq_err,0,0,0
client,rnr_nak_retry_err,200,200,0
client,req_cqe_error,1688,1689,1
client,resp_cqe_error,0,0,0
client,req_cqe_flush_error,0,0,0
client,resp_cqe_flush_error,0,0,0
client,req_remote_invalid_request,200,200,0
client,req_remote_access_errors,436,437,1
client,resp_remote_access_errors,0,0,0
client,resp_local_length_error,0,0,0
client,duplicate_request,0,0,0
client,out_of_buffer,0,0,0
client,rx_icrc_encapsulated,0,0,0
client,req_transport_retries_exceeded,0,0,0
client,req_rnr_retries_exceeded,200,200,0
client,roce_adp_retrans,114,114,0
client,roce_adp_retrans_to,0,0,0
client,roce_slow_restart,0,0,0
client,port_rcv_errors,0,0,0
client,local_link_integrity_errors,0,0,0
client,link_error_recovery,0,0,0
client,link_downed,0,0,0
server,duplicate_request,0,0,0
server,implied_nak_seq_err,0,0,0
server,lifespan,10,10,0
server,local_ack_timeout_err,0,0,0
server,np_cnp_sent,1,1,0
server,np_ecn_marked_roce_packets,0,0,0
server,out_of_buffer,983,983,0
server,out_of_sequence,1,1,0
server,packet_seq_err,0,0,0
server,req_cqe_error,50,50,0
server,req_cqe_flush_error,0,0,0
server,req_remote_access_errors,10,10,0
server,req_remote_invalid_request,10,10,0
server,req_rnr_retries_exceeded,0,0,0
server,req_transport_retries_exceeded,0,0,0
server,resp_cqe_error,0,0,0
server,resp_cqe_flush_error,0,0,0
server,resp_local_length_error,0,0,0
server,resp_remote_access_errors,0,0,0
server,rnr_nak_retry_err,0,0,0
server,roce_adp_retrans,0,0,0
server,roce_adp_retrans_to,0,0,0
server,roce_slow_restart,0,0,0
server,roce_slow_restart_cnps,0,0,0
server,roce_slow_restart_trans,0,0,0
server,rp_cnp_handled,0,0,0
server,rp_cnp_ignored,0,0,0
server,rx_atomic_requests,0,0,0
server,rx_dct_connect,0,0,0
server,rx_icrc_encapsulated,0,0,0
server,rx_read_requests,274,274,0
server,rx_write_requests,1606999657,1606999658,1
# REM_ACCESS_ADDR,trial=47,status=10,vendor_err=0x88,latency_us=3152
client,local_ack_timeout_err,0,0,0
client,out_of_sequence,0,0,0
client,packet_seq_err,0,0,0
client,implied_nak_seq_err,0,0,0
client,rnr_nak_retry_err,200,200,0
client,req_cqe_error,1689,1690,1
client,resp_cqe_error,0,0,0
client,req_cqe_flush_error,0,0,0
client,resp_cqe_flush_error,0,0,0
client,req_remote_invalid_request,200,200,0
client,req_remote_access_errors,437,438,1
client,resp_remote_access_errors,0,0,0
client,resp_local_length_error,0,0,0
client,duplicate_request,0,0,0
client,out_of_buffer,0,0,0
client,rx_icrc_encapsulated,0,0,0
client,req_transport_retries_exceeded,0,0,0
client,req_rnr_retries_exceeded,200,200,0
client,roce_adp_retrans,114,114,0
client,roce_adp_retrans_to,0,0,0
client,roce_slow_restart,0,0,0
client,port_rcv_errors,0,0,0
client,local_link_integrity_errors,0,0,0
client,link_error_recovery,0,0,0
client,link_downed,0,0,0
server,duplicate_request,0,0,0
server,implied_nak_seq_err,0,0,0
server,lifespan,10,10,0
server,local_ack_timeout_err,0,0,0
server,np_cnp_sent,1,1,0
server,np_ecn_marked_roce_packets,0,0,0
server,out_of_buffer,983,983,0
server,out_of_sequence,1,1,0
server,packet_seq_err,0,0,0
server,req_cqe_error,50,50,0
server,req_cqe_flush_error,0,0,0
server,req_remote_access_errors,10,10,0
server,req_remote_invalid_request,10,10,0
server,req_rnr_retries_exceeded,0,0,0
server,req_transport_retries_exceeded,0,0,0
server,resp_cqe_error,0,0,0
server,resp_cqe_flush_error,0,0,0
server,resp_local_length_error,0,0,0
server,resp_remote_access_errors,0,0,0
server,rnr_nak_retry_err,0,0,0
server,roce_adp_retrans,0,0,0
server,roce_adp_retrans_to,0,0,0
server,roce_slow_restart,0,0,0
server,roce_slow_restart_cnps,0,0,0
server,roce_slow_restart_trans,0,0,0
server,rp_cnp_handled,0,0,0
server,rp_cnp_ignored,0,0,0
server,rx_atomic_requests,0,0,0
server,rx_dct_connect,0,0,0
server,rx_icrc_encapsulated,0,0,0
server,rx_read_requests,274,274,0
server,rx_write_requests,1606999659,1606999660,1
# REM_ACCESS_ADDR,trial=48,status=10,vendor_err=0x88,latency_us=3139
client,local_ack_timeout_err,0,0,0
client,out_of_sequence,0,0,0
client,packet_seq_err,0,0,0
client,implied_nak_seq_err,0,0,0
client,rnr_nak_retry_err,200,200,0
client,req_cqe_error,1690,1691,1
client,resp_cqe_error,0,0,0
client,req_cqe_flush_error,0,0,0
client,resp_cqe_flush_error,0,0,0
client,req_remote_invalid_request,200,200,0
client,req_remote_access_errors,438,439,1
client,resp_remote_access_errors,0,0,0
client,resp_local_length_error,0,0,0
client,duplicate_request,0,0,0
client,out_of_buffer,0,0,0
client,rx_icrc_encapsulated,0,0,0
client,req_transport_retries_exceeded,0,0,0
client,req_rnr_retries_exceeded,200,200,0
client,roce_adp_retrans,114,114,0
client,roce_adp_retrans_to,0,0,0
client,roce_slow_restart,0,0,0
client,port_rcv_errors,0,0,0
client,local_link_integrity_errors,0,0,0
client,link_error_recovery,0,0,0
client,link_downed,0,0,0
server,duplicate_request,0,0,0
server,implied_nak_seq_err,0,0,0
server,lifespan,10,10,0
server,local_ack_timeout_err,0,0,0
server,np_cnp_sent,1,1,0
server,np_ecn_marked_roce_packets,0,0,0
server,out_of_buffer,983,983,0
server,out_of_sequence,1,1,0
server,packet_seq_err,0,0,0
server,req_cqe_error,50,50,0
server,req_cqe_flush_error,0,0,0
server,req_remote_access_errors,10,10,0
server,req_remote_invalid_request,10,10,0
server,req_rnr_retries_exceeded,0,0,0
server,req_transport_retries_exceeded,0,0,0
server,resp_cqe_error,0,0,0
server,resp_cqe_flush_error,0,0,0
server,resp_local_length_error,0,0,0
server,resp_remote_access_errors,0,0,0
server,rnr_nak_retry_err,0,0,0
server,roce_adp_retrans,0,0,0
server,roce_adp_retrans_to,0,0,0
server,roce_slow_restart,0,0,0
server,roce_slow_restart_cnps,0,0,0
server,roce_slow_restart_trans,0,0,0
server,rp_cnp_handled,0,0,0
server,rp_cnp_ignored,0,0,0
server,rx_atomic_requests,0,0,0
server,rx_dct_connect,0,0,0
server,rx_icrc_encapsulated,0,0,0
server,rx_read_requests,274,274,0
server,rx_write_requests,1606999661,1606999662,1
# REM_ACCESS_ADDR,trial=49,status=10,vendor_err=0x88,latency_us=3116
client,local_ack_timeout_err,0,0,0
client,out_of_sequence,0,0,0
client,packet_seq_err,0,0,0
client,implied_nak_seq_err,0,0,0
client,rnr_nak_retry_err,200,200,0
client,req_cqe_error,1691,1692,1
client,resp_cqe_error,0,0,0
client,req_cqe_flush_error,0,0,0
client,resp_cqe_flush_error,0,0,0
client,req_remote_invalid_request,200,200,0
client,req_remote_access_errors,439,440,1
client,resp_remote_access_errors,0,0,0
client,resp_local_length_error,0,0,0
client,duplicate_request,0,0,0
client,out_of_buffer,0,0,0
client,rx_icrc_encapsulated,0,0,0
client,req_transport_retries_exceeded,0,0,0
client,req_rnr_retries_exceeded,200,200,0
client,roce_adp_retrans,114,114,0
client,roce_adp_retrans_to,0,0,0
client,roce_slow_restart,0,0,0
client,port_rcv_errors,0,0,0
client,local_link_integrity_errors,0,0,0
client,link_error_recovery,0,0,0
client,link_downed,0,0,0
server,duplicate_request,0,0,0
server,implied_nak_seq_err,0,0,0
server,lifespan,10,10,0
server,local_ack_timeout_err,0,0,0
server,np_cnp_sent,1,1,0
server,np_ecn_marked_roce_packets,0,0,0
server,out_of_buffer,983,983,0
server,out_of_sequence,1,1,0
server,packet_seq_err,0,0,0
server,req_cqe_error,50,50,0
server,req_cqe_flush_error,0,0,0
server,req_remote_access_errors,10,10,0
server,req_remote_invalid_request,10,10,0
server,req_rnr_retries_exceeded,0,0,0
server,req_transport_retries_exceeded,0,0,0
server,resp_cqe_error,0,0,0
server,resp_cqe_flush_error,0,0,0
server,resp_local_length_error,0,0,0
server,resp_remote_access_errors,0,0,0
server,rnr_nak_retry_err,0,0,0
server,roce_adp_retrans,0,0,0
server,roce_adp_retrans_to,0,0,0
server,roce_slow_restart,0,0,0
server,roce_slow_restart_cnps,0,0,0
server,roce_slow_restart_trans,0,0,0
server,rp_cnp_handled,0,0,0
server,rp_cnp_ignored,0,0,0
server,rx_atomic_requests,0,0,0
server,rx_dct_connect,0,0,0
server,rx_icrc_encapsulated,0,0,0
server,rx_read_requests,274,274,0
server,rx_write_requests,1606999663,1606999664,1
# REM_ACCESS_ADDR,trial=50,status=10,vendor_err=0x88,latency_us=1730
client,local_ack_timeout_err,0,0,0
client,out_of_sequence,0,0,0
client,packet_seq_err,0,0,0
client,implied_nak_seq_err,0,0,0
client,rnr_nak_retry_err,200,200,0
client,req_cqe_error,1692,1693,1
client,resp_cqe_error,0,0,0
client,req_cqe_flush_error,0,0,0
client,resp_cqe_flush_error,0,0,0
client,req_remote_invalid_request,200,200,0
client,req_remote_access_errors,440,441,1
client,resp_remote_access_errors,0,0,0
client,resp_local_length_error,0,0,0
client,duplicate_request,0,0,0
client,out_of_buffer,0,0,0
client,rx_icrc_encapsulated,0,0,0
client,req_transport_retries_exceeded,0,0,0
client,req_rnr_retries_exceeded,200,200,0
client,roce_adp_retrans,114,114,0
client,roce_adp_retrans_to,0,0,0
client,roce_slow_restart,0,0,0
client,port_rcv_errors,0,0,0
client,local_link_integrity_errors,0,0,0
client,link_error_recovery,0,0,0
client,link_downed,0,0,0
server,duplicate_request,0,0,0
server,implied_nak_seq_err,0,0,0
server,lifespan,10,10,0
server,local_ack_timeout_err,0,0,0
server,np_cnp_sent,1,1,0
server,np_ecn_marked_roce_packets,0,0,0
server,out_of_buffer,983,983,0
server,out_of_sequence,1,1,0
server,packet_seq_err,0,0,0
server,req_cqe_error,50,50,0
server,req_cqe_flush_error,0,0,0
server,req_remote_access_errors,10,10,0
server,req_remote_invalid_request,10,10,0
server,req_rnr_retries_exceeded,0,0,0
server,req_transport_retries_exceeded,0,0,0
server,resp_cqe_error,0,0,0
server,resp_cqe_flush_error,0,0,0
server,resp_local_length_error,0,0,0
server,resp_remote_access_errors,0,0,0
server,rnr_nak_retry_err,0,0,0
server,roce_adp_retrans,0,0,0
server,roce_adp_retrans_to,0,0,0
server,roce_slow_restart,0,0,0
server,roce_slow_restart_cnps,0,0,0
server,roce_slow_restart_trans,0,0,0
server,rp_cnp_handled,0,0,0
server,rp_cnp_ignored,0,0,0
server,rx_atomic_requests,0,0,0
server,rx_dct_connect,0,0,0
server,rx_icrc_encapsulated,0,0,0
server,rx_read_requests,274,274,0
server,rx_write_requests,1606999665,1606999666,1
# REM_ACCESS_ADDR,trial=51,status=10,vendor_err=0x88,latency_us=1737
client,local_ack_timeout_err,0,0,0
client,out_of_sequence,0,0,0
client,packet_seq_err,0,0,0
client,implied_nak_seq_err,0,0,0
client,rnr_nak_retry_err,200,200,0
client,req_cqe_error,1693,1694,1
client,resp_cqe_error,0,0,0
client,req_cqe_flush_error,0,0,0
client,resp_cqe_flush_error,0,0,0
client,req_remote_invalid_request,200,200,0
client,req_remote_access_errors,441,442,1
client,resp_remote_access_errors,0,0,0
client,resp_local_length_error,0,0,0
client,duplicate_request,0,0,0
client,out_of_buffer,0,0,0
client,rx_icrc_encapsulated,0,0,0
client,req_transport_retries_exceeded,0,0,0
client,req_rnr_retries_exceeded,200,200,0
client,roce_adp_retrans,114,114,0
client,roce_adp_retrans_to,0,0,0
client,roce_slow_restart,0,0,0
client,port_rcv_errors,0,0,0
client,local_link_integrity_errors,0,0,0
client,link_error_recovery,0,0,0
client,link_downed,0,0,0
server,duplicate_request,0,0,0
server,implied_nak_seq_err,0,0,0
server,lifespan,10,10,0
server,local_ack_timeout_err,0,0,0
server,np_cnp_sent,1,1,0
server,np_ecn_marked_roce_packets,0,0,0
server,out_of_buffer,983,983,0
server,out_of_sequence,1,1,0
server,packet_seq_err,0,0,0
server,req_cqe_error,50,50,0
server,req_cqe_flush_error,0,0,0
server,req_remote_access_errors,10,10,0
server,req_remote_invalid_request,10,10,0
server,req_rnr_retries_exceeded,0,0,0
server,req_transport_retries_exceeded,0,0,0
server,resp_cqe_error,0,0,0
server,resp_cqe_flush_error,0,0,0
server,resp_local_length_error,0,0,0
server,resp_remote_access_errors,0,0,0
server,rnr_nak_retry_err,0,0,0
server,roce_adp_retrans,0,0,0
server,roce_adp_retrans_to,0,0,0
server,roce_slow_restart,0,0,0
server,roce_slow_restart_cnps,0,0,0
server,roce_slow_restart_trans,0,0,0
server,rp_cnp_handled,0,0,0
server,rp_cnp_ignored,0,0,0
server,rx_atomic_requests,0,0,0
server,rx_dct_connect,0,0,0
server,rx_icrc_encapsulated,0,0,0
server,rx_read_requests,274,274,0
server,rx_write_requests,1606999667,1606999668,1
# REM_ACCESS_ADDR,trial=52,status=10,vendor_err=0x88,latency_us=1738
client,local_ack_timeout_err,0,0,0
client,out_of_sequence,0,0,0
client,packet_seq_err,0,0,0
client,implied_nak_seq_err,0,0,0
client,rnr_nak_retry_err,200,200,0
client,req_cqe_error,1694,1695,1
client,resp_cqe_error,0,0,0
client,req_cqe_flush_error,0,0,0
client,resp_cqe_flush_error,0,0,0
client,req_remote_invalid_request,200,200,0
client,req_remote_access_errors,442,443,1
client,resp_remote_access_errors,0,0,0
client,resp_local_length_error,0,0,0
client,duplicate_request,0,0,0
client,out_of_buffer,0,0,0
client,rx_icrc_encapsulated,0,0,0
client,req_transport_retries_exceeded,0,0,0
client,req_rnr_retries_exceeded,200,200,0
client,roce_adp_retrans,114,114,0
client,roce_adp_retrans_to,0,0,0
client,roce_slow_restart,0,0,0
client,port_rcv_errors,0,0,0
client,local_link_integrity_errors,0,0,0
client,link_error_recovery,0,0,0
client,link_downed,0,0,0
server,duplicate_request,0,0,0
server,implied_nak_seq_err,0,0,0
server,lifespan,10,10,0
server,local_ack_timeout_err,0,0,0
server,np_cnp_sent,1,1,0
server,np_ecn_marked_roce_packets,0,0,0
server,out_of_buffer,983,983,0
server,out_of_sequence,1,1,0
server,packet_seq_err,0,0,0
server,req_cqe_error,50,50,0
server,req_cqe_flush_error,0,0,0
server,req_remote_access_errors,10,10,0
server,req_remote_invalid_request,10,10,0
server,req_rnr_retries_exceeded,0,0,0
server,req_transport_retries_exceeded,0,0,0
server,resp_cqe_error,0,0,0
server,resp_cqe_flush_error,0,0,0
server,resp_local_length_error,0,0,0
server,resp_remote_access_errors,0,0,0
server,rnr_nak_retry_err,0,0,0
server,roce_adp_retrans,0,0,0
server,roce_adp_retrans_to,0,0,0
server,roce_slow_restart,0,0,0
server,roce_slow_restart_cnps,0,0,0
server,roce_slow_restart_trans,0,0,0
server,rp_cnp_handled,0,0,0
server,rp_cnp_ignored,0,0,0
server,rx_atomic_requests,0,0,0
server,rx_dct_connect,0,0,0
server,rx_icrc_encapsulated,0,0,0
server,rx_read_requests,274,274,0
server,rx_write_requests,1606999669,1606999670,1
# REM_ACCESS_ADDR,trial=53,status=10,vendor_err=0x88,latency_us=1769
client,local_ack_timeout_err,0,0,0
client,out_of_sequence,0,0,0
client,packet_seq_err,0,0,0
client,implied_nak_seq_err,0,0,0
client,rnr_nak_retry_err,200,200,0
client,req_cqe_error,1695,1696,1
client,resp_cqe_error,0,0,0
client,req_cqe_flush_error,0,0,0
client,resp_cqe_flush_error,0,0,0
client,req_remote_invalid_request,200,200,0
client,req_remote_access_errors,443,444,1
client,resp_remote_access_errors,0,0,0
client,resp_local_length_error,0,0,0
client,duplicate_request,0,0,0
client,out_of_buffer,0,0,0
client,rx_icrc_encapsulated,0,0,0
client,req_transport_retries_exceeded,0,0,0
client,req_rnr_retries_exceeded,200,200,0
client,roce_adp_retrans,114,114,0
client,roce_adp_retrans_to,0,0,0
client,roce_slow_restart,0,0,0
client,port_rcv_errors,0,0,0
client,local_link_integrity_errors,0,0,0
client,link_error_recovery,0,0,0
client,link_downed,0,0,0
server,duplicate_request,0,0,0
server,implied_nak_seq_err,0,0,0
server,lifespan,10,10,0
server,local_ack_timeout_err,0,0,0
server,np_cnp_sent,1,1,0
server,np_ecn_marked_roce_packets,0,0,0
server,out_of_buffer,983,983,0
server,out_of_sequence,1,1,0
server,packet_seq_err,0,0,0
server,req_cqe_error,50,50,0
server,req_cqe_flush_error,0,0,0
server,req_remote_access_errors,10,10,0
server,req_remote_invalid_request,10,10,0
server,req_rnr_retries_exceeded,0,0,0
server,req_transport_retries_exceeded,0,0,0
server,resp_cqe_error,0,0,0
server,resp_cqe_flush_error,0,0,0
server,resp_local_length_error,0,0,0
server,resp_remote_access_errors,0,0,0
server,rnr_nak_retry_err,0,0,0
server,roce_adp_retrans,0,0,0
server,roce_adp_retrans_to,0,0,0
server,roce_slow_restart,0,0,0
server,roce_slow_restart_cnps,0,0,0
server,roce_slow_restart_trans,0,0,0
server,rp_cnp_handled,0,0,0
server,rp_cnp_ignored,0,0,0
server,rx_atomic_requests,0,0,0
server,rx_dct_connect,0,0,0
server,rx_icrc_encapsulated,0,0,0
server,rx_read_requests,274,274,0
server,rx_write_requests,1606999671,1606999672,1
# REM_ACCESS_ADDR,trial=54,status=10,vendor_err=0x88,latency_us=1776
client,local_ack_timeout_err,0,0,0
client,out_of_sequence,0,0,0
client,packet_seq_err,0,0,0
client,implied_nak_seq_err,0,0,0
client,rnr_nak_retry_err,200,200,0
client,req_cqe_error,1696,1697,1
client,resp_cqe_error,0,0,0
client,req_cqe_flush_error,0,0,0
client,resp_cqe_flush_error,0,0,0
client,req_remote_invalid_request,200,200,0
client,req_remote_access_errors,444,445,1
client,resp_remote_access_errors,0,0,0
client,resp_local_length_error,0,0,0
client,duplicate_request,0,0,0
client,out_of_buffer,0,0,0
client,rx_icrc_encapsulated,0,0,0
client,req_transport_retries_exceeded,0,0,0
client,req_rnr_retries_exceeded,200,200,0
client,roce_adp_retrans,114,114,0
client,roce_adp_retrans_to,0,0,0
client,roce_slow_restart,0,0,0
client,port_rcv_errors,0,0,0
client,local_link_integrity_errors,0,0,0
client,link_error_recovery,0,0,0
client,link_downed,0,0,0
server,duplicate_request,0,0,0
server,implied_nak_seq_err,0,0,0
server,lifespan,10,10,0
server,local_ack_timeout_err,0,0,0
server,np_cnp_sent,1,1,0
server,np_ecn_marked_roce_packets,0,0,0
server,out_of_buffer,983,983,0
server,out_of_sequence,1,1,0
server,packet_seq_err,0,0,0
server,req_cqe_error,50,50,0
server,req_cqe_flush_error,0,0,0
server,req_remote_access_errors,10,10,0
server,req_remote_invalid_request,10,10,0
server,req_rnr_retries_exceeded,0,0,0
server,req_transport_retries_exceeded,0,0,0
server,resp_cqe_error,0,0,0
server,resp_cqe_flush_error,0,0,0
server,resp_local_length_error,0,0,0
server,resp_remote_access_errors,0,0,0
server,rnr_nak_retry_err,0,0,0
server,roce_adp_retrans,0,0,0
server,roce_adp_retrans_to,0,0,0
server,roce_slow_restart,0,0,0
server,roce_slow_restart_cnps,0,0,0
server,roce_slow_restart_trans,0,0,0
server,rp_cnp_handled,0,0,0
server,rp_cnp_ignored,0,0,0
server,rx_atomic_requests,0,0,0
server,rx_dct_connect,0,0,0
server,rx_icrc_encapsulated,0,0,0
server,rx_read_requests,274,274,0
server,rx_write_requests,1606999673,1606999674,1
# REM_ACCESS_ADDR,trial=55,status=10,vendor_err=0x88,latency_us=1756
client,local_ack_timeout_err,0,0,0
client,out_of_sequence,0,0,0
client,packet_seq_err,0,0,0
client,implied_nak_seq_err,0,0,0
client,rnr_nak_retry_err,200,200,0
client,req_cqe_error,1697,1698,1
client,resp_cqe_error,0,0,0
client,req_cqe_flush_error,0,0,0
client,resp_cqe_flush_error,0,0,0
client,req_remote_invalid_request,200,200,0
client,req_remote_access_errors,445,446,1
client,resp_remote_access_errors,0,0,0
client,resp_local_length_error,0,0,0
client,duplicate_request,0,0,0
client,out_of_buffer,0,0,0
client,rx_icrc_encapsulated,0,0,0
client,req_transport_retries_exceeded,0,0,0
client,req_rnr_retries_exceeded,200,200,0
client,roce_adp_retrans,114,114,0
client,roce_adp_retrans_to,0,0,0
client,roce_slow_restart,0,0,0
client,port_rcv_errors,0,0,0
client,local_link_integrity_errors,0,0,0
client,link_error_recovery,0,0,0
client,link_downed,0,0,0
server,duplicate_request,0,0,0
server,implied_nak_seq_err,0,0,0
server,lifespan,10,10,0
server,local_ack_timeout_err,0,0,0
server,np_cnp_sent,1,1,0
server,np_ecn_marked_roce_packets,0,0,0
server,out_of_buffer,983,983,0
server,out_of_sequence,1,1,0
server,packet_seq_err,0,0,0
server,req_cqe_error,50,50,0
server,req_cqe_flush_error,0,0,0
server,req_remote_access_errors,10,10,0
server,req_remote_invalid_request,10,10,0
server,req_rnr_retries_exceeded,0,0,0
server,req_transport_retries_exceeded,0,0,0
server,resp_cqe_error,0,0,0
server,resp_cqe_flush_error,0,0,0
server,resp_local_length_error,0,0,0
server,resp_remote_access_errors,0,0,0
server,rnr_nak_retry_err,0,0,0
server,roce_adp_retrans,0,0,0
server,roce_adp_retrans_to,0,0,0
server,roce_slow_restart,0,0,0
server,roce_slow_restart_cnps,0,0,0
server,roce_slow_restart_trans,0,0,0
server,rp_cnp_handled,0,0,0
server,rp_cnp_ignored,0,0,0
server,rx_atomic_requests,0,0,0
server,rx_dct_connect,0,0,0
server,rx_icrc_encapsulated,0,0,0
server,rx_read_requests,274,274,0
server,rx_write_requests,1606999675,1606999676,1
# REM_ACCESS_ADDR,trial=56,status=10,vendor_err=0x88,latency_us=1741
client,local_ack_timeout_err,0,0,0
client,out_of_sequence,0,0,0
client,packet_seq_err,0,0,0
client,implied_nak_seq_err,0,0,0
client,rnr_nak_retry_err,200,200,0
client,req_cqe_error,1698,1699,1
client,resp_cqe_error,0,0,0
client,req_cqe_flush_error,0,0,0
client,resp_cqe_flush_error,0,0,0
client,req_remote_invalid_request,200,200,0
client,req_remote_access_errors,446,447,1
client,resp_remote_access_errors,0,0,0
client,resp_local_length_error,0,0,0
client,duplicate_request,0,0,0
client,out_of_buffer,0,0,0
client,rx_icrc_encapsulated,0,0,0
client,req_transport_retries_exceeded,0,0,0
client,req_rnr_retries_exceeded,200,200,0
client,roce_adp_retrans,114,114,0
client,roce_adp_retrans_to,0,0,0
client,roce_slow_restart,0,0,0
client,port_rcv_errors,0,0,0
client,local_link_integrity_errors,0,0,0
client,link_error_recovery,0,0,0
client,link_downed,0,0,0
server,duplicate_request,0,0,0
server,implied_nak_seq_err,0,0,0
server,lifespan,10,10,0
server,local_ack_timeout_err,0,0,0
server,np_cnp_sent,1,1,0
server,np_ecn_marked_roce_packets,0,0,0
server,out_of_buffer,983,983,0
server,out_of_sequence,1,1,0
server,packet_seq_err,0,0,0
server,req_cqe_error,50,50,0
server,req_cqe_flush_error,0,0,0
server,req_remote_access_errors,10,10,0
server,req_remote_invalid_request,10,10,0
server,req_rnr_retries_exceeded,0,0,0
server,req_transport_retries_exceeded,0,0,0
server,resp_cqe_error,0,0,0
server,resp_cqe_flush_error,0,0,0
server,resp_local_length_error,0,0,0
server,resp_remote_access_errors,0,0,0
server,rnr_nak_retry_err,0,0,0
server,roce_adp_retrans,0,0,0
server,roce_adp_retrans_to,0,0,0
server,roce_slow_restart,0,0,0
server,roce_slow_restart_cnps,0,0,0
server,roce_slow_restart_trans,0,0,0
server,rp_cnp_handled,0,0,0
server,rp_cnp_ignored,0,0,0
server,rx_atomic_requests,0,0,0
server,rx_dct_connect,0,0,0
server,rx_icrc_encapsulated,0,0,0
server,rx_read_requests,274,274,0
server,rx_write_requests,1606999677,1606999678,1
# REM_ACCESS_ADDR,trial=57,status=10,vendor_err=0x88,latency_us=1736
client,local_ack_timeout_err,0,0,0
client,out_of_sequence,0,0,0
client,packet_seq_err,0,0,0
client,implied_nak_seq_err,0,0,0
client,rnr_nak_retry_err,200,200,0
client,req_cqe_error,1699,1700,1
client,resp_cqe_error,0,0,0
client,req_cqe_flush_error,0,0,0
client,resp_cqe_flush_error,0,0,0
client,req_remote_invalid_request,200,200,0
client,req_remote_access_errors,447,448,1
client,resp_remote_access_errors,0,0,0
client,resp_local_length_error,0,0,0
client,duplicate_request,0,0,0
client,out_of_buffer,0,0,0
client,rx_icrc_encapsulated,0,0,0
client,req_transport_retries_exceeded,0,0,0
client,req_rnr_retries_exceeded,200,200,0
client,roce_adp_retrans,114,114,0
client,roce_adp_retrans_to,0,0,0
client,roce_slow_restart,0,0,0
client,port_rcv_errors,0,0,0
client,local_link_integrity_errors,0,0,0
client,link_error_recovery,0,0,0
client,link_downed,0,0,0
server,duplicate_request,0,0,0
server,implied_nak_seq_err,0,0,0
server,lifespan,10,10,0
server,local_ack_timeout_err,0,0,0
server,np_cnp_sent,1,1,0
server,np_ecn_marked_roce_packets,0,0,0
server,out_of_buffer,983,983,0
server,out_of_sequence,1,1,0
server,packet_seq_err,0,0,0
server,req_cqe_error,50,50,0
server,req_cqe_flush_error,0,0,0
server,req_remote_access_errors,10,10,0
server,req_remote_invalid_request,10,10,0
server,req_rnr_retries_exceeded,0,0,0
server,req_transport_retries_exceeded,0,0,0
server,resp_cqe_error,0,0,0
server,resp_cqe_flush_error,0,0,0
server,resp_local_length_error,0,0,0
server,resp_remote_access_errors,0,0,0
server,rnr_nak_retry_err,0,0,0
server,roce_adp_retrans,0,0,0
server,roce_adp_retrans_to,0,0,0
server,roce_slow_restart,0,0,0
server,roce_slow_restart_cnps,0,0,0
server,roce_slow_restart_trans,0,0,0
server,rp_cnp_handled,0,0,0
server,rp_cnp_ignored,0,0,0
server,rx_atomic_requests,0,0,0
server,rx_dct_connect,0,0,0
server,rx_icrc_encapsulated,0,0,0
server,rx_read_requests,274,274,0
server,rx_write_requests,1606999679,1606999680,1
# REM_ACCESS_ADDR,trial=58,status=10,vendor_err=0x88,latency_us=1731
client,local_ack_timeout_err,0,0,0
client,out_of_sequence,0,0,0
client,packet_seq_err,0,0,0
client,implied_nak_seq_err,0,0,0
client,rnr_nak_retry_err,200,200,0
client,req_cqe_error,1700,1701,1
client,resp_cqe_error,0,0,0
client,req_cqe_flush_error,0,0,0
client,resp_cqe_flush_error,0,0,0
client,req_remote_invalid_request,200,200,0
client,req_remote_access_errors,448,449,1
client,resp_remote_access_errors,0,0,0
client,resp_local_length_error,0,0,0
client,duplicate_request,0,0,0
client,out_of_buffer,0,0,0
client,rx_icrc_encapsulated,0,0,0
client,req_transport_retries_exceeded,0,0,0
client,req_rnr_retries_exceeded,200,200,0
client,roce_adp_retrans,114,114,0
client,roce_adp_retrans_to,0,0,0
client,roce_slow_restart,0,0,0
client,port_rcv_errors,0,0,0
client,local_link_integrity_errors,0,0,0
client,link_error_recovery,0,0,0
client,link_downed,0,0,0
server,duplicate_request,0,0,0
server,implied_nak_seq_err,0,0,0
server,lifespan,10,10,0
server,local_ack_timeout_err,0,0,0
server,np_cnp_sent,1,1,0
server,np_ecn_marked_roce_packets,0,0,0
server,out_of_buffer,983,983,0
server,out_of_sequence,1,1,0
server,packet_seq_err,0,0,0
server,req_cqe_error,50,50,0
server,req_cqe_flush_error,0,0,0
server,req_remote_access_errors,10,10,0
server,req_remote_invalid_request,10,10,0
server,req_rnr_retries_exceeded,0,0,0
server,req_transport_retries_exceeded,0,0,0
server,resp_cqe_error,0,0,0
server,resp_cqe_flush_error,0,0,0
server,resp_local_length_error,0,0,0
server,resp_remote_access_errors,0,0,0
server,rnr_nak_retry_err,0,0,0
server,roce_adp_retrans,0,0,0
server,roce_adp_retrans_to,0,0,0
server,roce_slow_restart,0,0,0
server,roce_slow_restart_cnps,0,0,0
server,roce_slow_restart_trans,0,0,0
server,rp_cnp_handled,0,0,0
server,rp_cnp_ignored,0,0,0
server,rx_atomic_requests,0,0,0
server,rx_dct_connect,0,0,0
server,rx_icrc_encapsulated,0,0,0
server,rx_read_requests,274,274,0
server,rx_write_requests,1606999681,1606999682,1
# REM_ACCESS_ADDR,trial=59,status=10,vendor_err=0x88,latency_us=1738
client,local_ack_timeout_err,0,0,0
client,out_of_sequence,0,0,0
client,packet_seq_err,0,0,0
client,implied_nak_seq_err,0,0,0
client,rnr_nak_retry_err,200,200,0
client,req_cqe_error,1701,1702,1
client,resp_cqe_error,0,0,0
client,req_cqe_flush_error,0,0,0
client,resp_cqe_flush_error,0,0,0
client,req_remote_invalid_request,200,200,0
client,req_remote_access_errors,449,450,1
client,resp_remote_access_errors,0,0,0
client,resp_local_length_error,0,0,0
client,duplicate_request,0,0,0
client,out_of_buffer,0,0,0
client,rx_icrc_encapsulated,0,0,0
client,req_transport_retries_exceeded,0,0,0
client,req_rnr_retries_exceeded,200,200,0
client,roce_adp_retrans,114,114,0
client,roce_adp_retrans_to,0,0,0
client,roce_slow_restart,0,0,0
client,port_rcv_errors,0,0,0
client,local_link_integrity_errors,0,0,0
client,link_error_recovery,0,0,0
client,link_downed,0,0,0
server,duplicate_request,0,0,0
server,implied_nak_seq_err,0,0,0
server,lifespan,10,10,0
server,local_ack_timeout_err,0,0,0
server,np_cnp_sent,1,1,0
server,np_ecn_marked_roce_packets,0,0,0
server,out_of_buffer,983,983,0
server,out_of_sequence,1,1,0
server,packet_seq_err,0,0,0
server,req_cqe_error,50,50,0
server,req_cqe_flush_error,0,0,0
server,req_remote_access_errors,10,10,0
server,req_remote_invalid_request,10,10,0
server,req_rnr_retries_exceeded,0,0,0
server,req_transport_retries_exceeded,0,0,0
server,resp_cqe_error,0,0,0
server,resp_cqe_flush_error,0,0,0
server,resp_local_length_error,0,0,0
server,resp_remote_access_errors,0,0,0
server,rnr_nak_retry_err,0,0,0
server,roce_adp_retrans,0,0,0
server,roce_adp_retrans_to,0,0,0
server,roce_slow_restart,0,0,0
server,roce_slow_restart_cnps,0,0,0
server,roce_slow_restart_trans,0,0,0
server,rp_cnp_handled,0,0,0
server,rp_cnp_ignored,0,0,0
server,rx_atomic_requests,0,0,0
server,rx_dct_connect,0,0,0
server,rx_icrc_encapsulated,0,0,0
server,rx_read_requests,274,274,0
server,rx_write_requests,1606999683,1606999684,1
# REM_ACCESS_ADDR,trial=60,status=10,vendor_err=0x88,latency_us=1740
client,local_ack_timeout_err,0,0,0
client,out_of_sequence,0,0,0
client,packet_seq_err,0,0,0
client,implied_nak_seq_err,0,0,0
client,rnr_nak_retry_err,200,200,0
client,req_cqe_error,1702,1703,1
client,resp_cqe_error,0,0,0
client,req_cqe_flush_error,0,0,0
client,resp_cqe_flush_error,0,0,0
client,req_remote_invalid_request,200,200,0
client,req_remote_access_errors,450,451,1
client,resp_remote_access_errors,0,0,0
client,resp_local_length_error,0,0,0
client,duplicate_request,0,0,0
client,out_of_buffer,0,0,0
client,rx_icrc_encapsulated,0,0,0
client,req_transport_retries_exceeded,0,0,0
client,req_rnr_retries_exceeded,200,200,0
client,roce_adp_retrans,114,114,0
client,roce_adp_retrans_to,0,0,0
client,roce_slow_restart,0,0,0
client,port_rcv_errors,0,0,0
client,local_link_integrity_errors,0,0,0
client,link_error_recovery,0,0,0
client,link_downed,0,0,0
server,duplicate_request,0,0,0
server,implied_nak_seq_err,0,0,0
server,lifespan,10,10,0
server,local_ack_timeout_err,0,0,0
server,np_cnp_sent,1,1,0
server,np_ecn_marked_roce_packets,0,0,0
server,out_of_buffer,983,983,0
server,out_of_sequence,1,1,0
server,packet_seq_err,0,0,0
server,req_cqe_error,50,50,0
server,req_cqe_flush_error,0,0,0
server,req_remote_access_errors,10,10,0
server,req_remote_invalid_request,10,10,0
server,req_rnr_retries_exceeded,0,0,0
server,req_transport_retries_exceeded,0,0,0
server,resp_cqe_error,0,0,0
server,resp_cqe_flush_error,0,0,0
server,resp_local_length_error,0,0,0
server,resp_remote_access_errors,0,0,0
server,rnr_nak_retry_err,0,0,0
server,roce_adp_retrans,0,0,0
server,roce_adp_retrans_to,0,0,0
server,roce_slow_restart,0,0,0
server,roce_slow_restart_cnps,0,0,0
server,roce_slow_restart_trans,0,0,0
server,rp_cnp_handled,0,0,0
server,rp_cnp_ignored,0,0,0
server,rx_atomic_requests,0,0,0
server,rx_dct_connect,0,0,0
server,rx_icrc_encapsulated,0,0,0
server,rx_read_requests,274,274,0
server,rx_write_requests,1606999685,1606999686,1
# REM_ACCESS_ADDR,trial=61,status=10,vendor_err=0x88,latency_us=1731
client,local_ack_timeout_err,0,0,0
client,out_of_sequence,0,0,0
client,packet_seq_err,0,0,0
client,implied_nak_seq_err,0,0,0
client,rnr_nak_retry_err,200,200,0
client,req_cqe_error,1703,1704,1
client,resp_cqe_error,0,0,0
client,req_cqe_flush_error,0,0,0
client,resp_cqe_flush_error,0,0,0
client,req_remote_invalid_request,200,200,0
client,req_remote_access_errors,451,452,1
client,resp_remote_access_errors,0,0,0
client,resp_local_length_error,0,0,0
client,duplicate_request,0,0,0
client,out_of_buffer,0,0,0
client,rx_icrc_encapsulated,0,0,0
client,req_transport_retries_exceeded,0,0,0
client,req_rnr_retries_exceeded,200,200,0
client,roce_adp_retrans,114,114,0
client,roce_adp_retrans_to,0,0,0
client,roce_slow_restart,0,0,0
client,port_rcv_errors,0,0,0
client,local_link_integrity_errors,0,0,0
client,link_error_recovery,0,0,0
client,link_downed,0,0,0
server,duplicate_request,0,0,0
server,implied_nak_seq_err,0,0,0
server,lifespan,10,10,0
server,local_ack_timeout_err,0,0,0
server,np_cnp_sent,1,1,0
server,np_ecn_marked_roce_packets,0,0,0
server,out_of_buffer,983,983,0
server,out_of_sequence,1,1,0
server,packet_seq_err,0,0,0
server,req_cqe_error,50,50,0
server,req_cqe_flush_error,0,0,0
server,req_remote_access_errors,10,10,0
server,req_remote_invalid_request,10,10,0
server,req_rnr_retries_exceeded,0,0,0
server,req_transport_retries_exceeded,0,0,0
server,resp_cqe_error,0,0,0
server,resp_cqe_flush_error,0,0,0
server,resp_local_length_error,0,0,0
server,resp_remote_access_errors,0,0,0
server,rnr_nak_retry_err,0,0,0
server,roce_adp_retrans,0,0,0
server,roce_adp_retrans_to,0,0,0
server,roce_slow_restart,0,0,0
server,roce_slow_restart_cnps,0,0,0
server,roce_slow_restart_trans,0,0,0
server,rp_cnp_handled,0,0,0
server,rp_cnp_ignored,0,0,0
server,rx_atomic_requests,0,0,0
server,rx_dct_connect,0,0,0
server,rx_icrc_encapsulated,0,0,0
server,rx_read_requests,274,274,0
server,rx_write_requests,1606999687,1606999688,1
# REM_ACCESS_ADDR,trial=62,status=10,vendor_err=0x88,latency_us=1730
client,local_ack_timeout_err,0,0,0
client,out_of_sequence,0,0,0
client,packet_seq_err,0,0,0
client,implied_nak_seq_err,0,0,0
client,rnr_nak_retry_err,200,200,0
client,req_cqe_error,1704,1705,1
client,resp_cqe_error,0,0,0
client,req_cqe_flush_error,0,0,0
client,resp_cqe_flush_error,0,0,0
client,req_remote_invalid_request,200,200,0
client,req_remote_access_errors,452,453,1
client,resp_remote_access_errors,0,0,0
client,resp_local_length_error,0,0,0
client,duplicate_request,0,0,0
client,out_of_buffer,0,0,0
client,rx_icrc_encapsulated,0,0,0
client,req_transport_retries_exceeded,0,0,0
client,req_rnr_retries_exceeded,200,200,0
client,roce_adp_retrans,114,114,0
client,roce_adp_retrans_to,0,0,0
client,roce_slow_restart,0,0,0
client,port_rcv_errors,0,0,0
client,local_link_integrity_errors,0,0,0
client,link_error_recovery,0,0,0
client,link_downed,0,0,0
server,duplicate_request,0,0,0
server,implied_nak_seq_err,0,0,0
server,lifespan,10,10,0
server,local_ack_timeout_err,0,0,0
server,np_cnp_sent,1,1,0
server,np_ecn_marked_roce_packets,0,0,0
server,out_of_buffer,983,983,0
server,out_of_sequence,1,1,0
server,packet_seq_err,0,0,0
server,req_cqe_error,50,50,0
server,req_cqe_flush_error,0,0,0
server,req_remote_access_errors,10,10,0
server,req_remote_invalid_request,10,10,0
server,req_rnr_retries_exceeded,0,0,0
server,req_transport_retries_exceeded,0,0,0
server,resp_cqe_error,0,0,0
server,resp_cqe_flush_error,0,0,0
server,resp_local_length_error,0,0,0
server,resp_remote_access_errors,0,0,0
server,rnr_nak_retry_err,0,0,0
server,roce_adp_retrans,0,0,0
server,roce_adp_retrans_to,0,0,0
server,roce_slow_restart,0,0,0
server,roce_slow_restart_cnps,0,0,0
server,roce_slow_restart_trans,0,0,0
server,rp_cnp_handled,0,0,0
server,rp_cnp_ignored,0,0,0
server,rx_atomic_requests,0,0,0
server,rx_dct_connect,0,0,0
server,rx_icrc_encapsulated,0,0,0
server,rx_read_requests,274,274,0
server,rx_write_requests,1606999689,1606999690,1
# REM_ACCESS_ADDR,trial=63,status=10,vendor_err=0x88,latency_us=1740
client,local_ack_timeout_err,0,0,0
client,out_of_sequence,0,0,0
client,packet_seq_err,0,0,0
client,implied_nak_seq_err,0,0,0
client,rnr_nak_retry_err,200,200,0
client,req_cqe_error,1705,1706,1
client,resp_cqe_error,0,0,0
client,req_cqe_flush_error,0,0,0
client,resp_cqe_flush_error,0,0,0
client,req_remote_invalid_request,200,200,0
client,req_remote_access_errors,453,454,1
client,resp_remote_access_errors,0,0,0
client,resp_local_length_error,0,0,0
client,duplicate_request,0,0,0
client,out_of_buffer,0,0,0
client,rx_icrc_encapsulated,0,0,0
client,req_transport_retries_exceeded,0,0,0
client,req_rnr_retries_exceeded,200,200,0
client,roce_adp_retrans,114,114,0
client,roce_adp_retrans_to,0,0,0
client,roce_slow_restart,0,0,0
client,port_rcv_errors,0,0,0
client,local_link_integrity_errors,0,0,0
client,link_error_recovery,0,0,0
client,link_downed,0,0,0
server,duplicate_request,0,0,0
server,implied_nak_seq_err,0,0,0
server,lifespan,10,10,0
server,local_ack_timeout_err,0,0,0
server,np_cnp_sent,1,1,0
server,np_ecn_marked_roce_packets,0,0,0
server,out_of_buffer,983,983,0
server,out_of_sequence,1,1,0
server,packet_seq_err,0,0,0
server,req_cqe_error,50,50,0
server,req_cqe_flush_error,0,0,0
server,req_remote_access_errors,10,10,0
server,req_remote_invalid_request,10,10,0
server,req_rnr_retries_exceeded,0,0,0
server,req_transport_retries_exceeded,0,0,0
server,resp_cqe_error,0,0,0
server,resp_cqe_flush_error,0,0,0
server,resp_local_length_error,0,0,0
server,resp_remote_access_errors,0,0,0
server,rnr_nak_retry_err,0,0,0
server,roce_adp_retrans,0,0,0
server,roce_adp_retrans_to,0,0,0
server,roce_slow_restart,0,0,0
server,roce_slow_restart_cnps,0,0,0
server,roce_slow_restart_trans,0,0,0
server,rp_cnp_handled,0,0,0
server,rp_cnp_ignored,0,0,0
server,rx_atomic_requests,0,0,0
server,rx_dct_connect,0,0,0
server,rx_icrc_encapsulated,0,0,0
server,rx_read_requests,274,274,0
server,rx_write_requests,1606999691,1606999692,1
# REM_ACCESS_ADDR,trial=64,status=10,vendor_err=0x88,latency_us=1755
client,local_ack_timeout_err,0,0,0
client,out_of_sequence,0,0,0
client,packet_seq_err,0,0,0
client,implied_nak_seq_err,0,0,0
client,rnr_nak_retry_err,200,200,0
client,req_cqe_error,1706,1707,1
client,resp_cqe_error,0,0,0
client,req_cqe_flush_error,0,0,0
client,resp_cqe_flush_error,0,0,0
client,req_remote_invalid_request,200,200,0
client,req_remote_access_errors,454,455,1
client,resp_remote_access_errors,0,0,0
client,resp_local_length_error,0,0,0
client,duplicate_request,0,0,0
client,out_of_buffer,0,0,0
client,rx_icrc_encapsulated,0,0,0
client,req_transport_retries_exceeded,0,0,0
client,req_rnr_retries_exceeded,200,200,0
client,roce_adp_retrans,114,114,0
client,roce_adp_retrans_to,0,0,0
client,roce_slow_restart,0,0,0
client,port_rcv_errors,0,0,0
client,local_link_integrity_errors,0,0,0
client,link_error_recovery,0,0,0
client,link_downed,0,0,0
server,duplicate_request,0,0,0
server,implied_nak_seq_err,0,0,0
server,lifespan,10,10,0
server,local_ack_timeout_err,0,0,0
server,np_cnp_sent,1,1,0
server,np_ecn_marked_roce_packets,0,0,0
server,out_of_buffer,983,983,0
server,out_of_sequence,1,1,0
server,packet_seq_err,0,0,0
server,req_cqe_error,50,50,0
server,req_cqe_flush_error,0,0,0
server,req_remote_access_errors,10,10,0
server,req_remote_invalid_request,10,10,0
server,req_rnr_retries_exceeded,0,0,0
server,req_transport_retries_exceeded,0,0,0
server,resp_cqe_error,0,0,0
server,resp_cqe_flush_error,0,0,0
server,resp_local_length_error,0,0,0
server,resp_remote_access_errors,0,0,0
server,rnr_nak_retry_err,0,0,0
server,roce_adp_retrans,0,0,0
server,roce_adp_retrans_to,0,0,0
server,roce_slow_restart,0,0,0
server,roce_slow_restart_cnps,0,0,0
server,roce_slow_restart_trans,0,0,0
server,rp_cnp_handled,0,0,0
server,rp_cnp_ignored,0,0,0
server,rx_atomic_requests,0,0,0
server,rx_dct_connect,0,0,0
server,rx_icrc_encapsulated,0,0,0
server,rx_read_requests,274,274,0
server,rx_write_requests,1606999693,1606999694,1
# REM_ACCESS_ADDR,trial=65,status=10,vendor_err=0x88,latency_us=1733
client,local_ack_timeout_err,0,0,0
client,out_of_sequence,0,0,0
client,packet_seq_err,0,0,0
client,implied_nak_seq_err,0,0,0
client,rnr_nak_retry_err,200,200,0
client,req_cqe_error,1707,1708,1
client,resp_cqe_error,0,0,0
client,req_cqe_flush_error,0,0,0
client,resp_cqe_flush_error,0,0,0
client,req_remote_invalid_request,200,200,0
client,req_remote_access_errors,455,456,1
client,resp_remote_access_errors,0,0,0
client,resp_local_length_error,0,0,0
client,duplicate_request,0,0,0
client,out_of_buffer,0,0,0
client,rx_icrc_encapsulated,0,0,0
client,req_transport_retries_exceeded,0,0,0
client,req_rnr_retries_exceeded,200,200,0
client,roce_adp_retrans,114,114,0
client,roce_adp_retrans_to,0,0,0
client,roce_slow_restart,0,0,0
client,port_rcv_errors,0,0,0
client,local_link_integrity_errors,0,0,0
client,link_error_recovery,0,0,0
client,link_downed,0,0,0
server,duplicate_request,0,0,0
server,implied_nak_seq_err,0,0,0
server,lifespan,10,10,0
server,local_ack_timeout_err,0,0,0
server,np_cnp_sent,1,1,0
server,np_ecn_marked_roce_packets,0,0,0
server,out_of_buffer,983,983,0
server,out_of_sequence,1,1,0
server,packet_seq_err,0,0,0
server,req_cqe_error,50,50,0
server,req_cqe_flush_error,0,0,0
server,req_remote_access_errors,10,10,0
server,req_remote_invalid_request,10,10,0
server,req_rnr_retries_exceeded,0,0,0
server,req_transport_retries_exceeded,0,0,0
server,resp_cqe_error,0,0,0
server,resp_cqe_flush_error,0,0,0
server,resp_local_length_error,0,0,0
server,resp_remote_access_errors,0,0,0
server,rnr_nak_retry_err,0,0,0
server,roce_adp_retrans,0,0,0
server,roce_adp_retrans_to,0,0,0
server,roce_slow_restart,0,0,0
server,roce_slow_restart_cnps,0,0,0
server,roce_slow_restart_trans,0,0,0
server,rp_cnp_handled,0,0,0
server,rp_cnp_ignored,0,0,0
server,rx_atomic_requests,0,0,0
server,rx_dct_connect,0,0,0
server,rx_icrc_encapsulated,0,0,0
server,rx_read_requests,274,274,0
server,rx_write_requests,1606999695,1606999696,1
# REM_ACCESS_ADDR,trial=66,status=10,vendor_err=0x88,latency_us=1729
client,local_ack_timeout_err,0,0,0
client,out_of_sequence,0,0,0
client,packet_seq_err,0,0,0
client,implied_nak_seq_err,0,0,0
client,rnr_nak_retry_err,200,200,0
client,req_cqe_error,1708,1709,1
client,resp_cqe_error,0,0,0
client,req_cqe_flush_error,0,0,0
client,resp_cqe_flush_error,0,0,0
client,req_remote_invalid_request,200,200,0
client,req_remote_access_errors,456,457,1
client,resp_remote_access_errors,0,0,0
client,resp_local_length_error,0,0,0
client,duplicate_request,0,0,0
client,out_of_buffer,0,0,0
client,rx_icrc_encapsulated,0,0,0
client,req_transport_retries_exceeded,0,0,0
client,req_rnr_retries_exceeded,200,200,0
client,roce_adp_retrans,114,114,0
client,roce_adp_retrans_to,0,0,0
client,roce_slow_restart,0,0,0
client,port_rcv_errors,0,0,0
client,local_link_integrity_errors,0,0,0
client,link_error_recovery,0,0,0
client,link_downed,0,0,0
server,duplicate_request,0,0,0
server,implied_nak_seq_err,0,0,0
server,lifespan,10,10,0
server,local_ack_timeout_err,0,0,0
server,np_cnp_sent,1,1,0
server,np_ecn_marked_roce_packets,0,0,0
server,out_of_buffer,983,983,0
server,out_of_sequence,1,1,0
server,packet_seq_err,0,0,0
server,req_cqe_error,50,50,0
server,req_cqe_flush_error,0,0,0
server,req_remote_access_errors,10,10,0
server,req_remote_invalid_request,10,10,0
server,req_rnr_retries_exceeded,0,0,0
server,req_transport_retries_exceeded,0,0,0
server,resp_cqe_error,0,0,0
server,resp_cqe_flush_error,0,0,0
server,resp_local_length_error,0,0,0
server,resp_remote_access_errors,0,0,0
server,rnr_nak_retry_err,0,0,0
server,roce_adp_retrans,0,0,0
server,roce_adp_retrans_to,0,0,0
server,roce_slow_restart,0,0,0
server,roce_slow_restart_cnps,0,0,0
server,roce_slow_restart_trans,0,0,0
server,rp_cnp_handled,0,0,0
server,rp_cnp_ignored,0,0,0
server,rx_atomic_requests,0,0,0
server,rx_dct_connect,0,0,0
server,rx_icrc_encapsulated,0,0,0
server,rx_read_requests,274,274,0
server,rx_write_requests,1606999697,1606999698,1
# REM_ACCESS_ADDR,trial=67,status=10,vendor_err=0x88,latency_us=1747
client,local_ack_timeout_err,0,0,0
client,out_of_sequence,0,0,0
client,packet_seq_err,0,0,0
client,implied_nak_seq_err,0,0,0
client,rnr_nak_retry_err,200,200,0
client,req_cqe_error,1709,1710,1
client,resp_cqe_error,0,0,0
client,req_cqe_flush_error,0,0,0
client,resp_cqe_flush_error,0,0,0
client,req_remote_invalid_request,200,200,0
client,req_remote_access_errors,457,458,1
client,resp_remote_access_errors,0,0,0
client,resp_local_length_error,0,0,0
client,duplicate_request,0,0,0
client,out_of_buffer,0,0,0
client,rx_icrc_encapsulated,0,0,0
client,req_transport_retries_exceeded,0,0,0
client,req_rnr_retries_exceeded,200,200,0
client,roce_adp_retrans,114,114,0
client,roce_adp_retrans_to,0,0,0
client,roce_slow_restart,0,0,0
client,port_rcv_errors,0,0,0
client,local_link_integrity_errors,0,0,0
client,link_error_recovery,0,0,0
client,link_downed,0,0,0
server,duplicate_request,0,0,0
server,implied_nak_seq_err,0,0,0
server,lifespan,10,10,0
server,local_ack_timeout_err,0,0,0
server,np_cnp_sent,1,1,0
server,np_ecn_marked_roce_packets,0,0,0
server,out_of_buffer,983,983,0
server,out_of_sequence,1,1,0
server,packet_seq_err,0,0,0
server,req_cqe_error,50,50,0
server,req_cqe_flush_error,0,0,0
server,req_remote_access_errors,10,10,0
server,req_remote_invalid_request,10,10,0
server,req_rnr_retries_exceeded,0,0,0
server,req_transport_retries_exceeded,0,0,0
server,resp_cqe_error,0,0,0
server,resp_cqe_flush_error,0,0,0
server,resp_local_length_error,0,0,0
server,resp_remote_access_errors,0,0,0
server,rnr_nak_retry_err,0,0,0
server,roce_adp_retrans,0,0,0
server,roce_adp_retrans_to,0,0,0
server,roce_slow_restart,0,0,0
server,roce_slow_restart_cnps,0,0,0
server,roce_slow_restart_trans,0,0,0
server,rp_cnp_handled,0,0,0
server,rp_cnp_ignored,0,0,0
server,rx_atomic_requests,0,0,0
server,rx_dct_connect,0,0,0
server,rx_icrc_encapsulated,0,0,0
server,rx_read_requests,274,274,0
server,rx_write_requests,1606999699,1606999700,1
# REM_ACCESS_ADDR,trial=68,status=10,vendor_err=0x88,latency_us=1734
client,local_ack_timeout_err,0,0,0
client,out_of_sequence,0,0,0
client,packet_seq_err,0,0,0
client,implied_nak_seq_err,0,0,0
client,rnr_nak_retry_err,200,200,0
client,req_cqe_error,1710,1711,1
client,resp_cqe_error,0,0,0
client,req_cqe_flush_error,0,0,0
client,resp_cqe_flush_error,0,0,0
client,req_remote_invalid_request,200,200,0
client,req_remote_access_errors,458,459,1
client,resp_remote_access_errors,0,0,0
client,resp_local_length_error,0,0,0
client,duplicate_request,0,0,0
client,out_of_buffer,0,0,0
client,rx_icrc_encapsulated,0,0,0
client,req_transport_retries_exceeded,0,0,0
client,req_rnr_retries_exceeded,200,200,0
client,roce_adp_retrans,114,114,0
client,roce_adp_retrans_to,0,0,0
client,roce_slow_restart,0,0,0
client,port_rcv_errors,0,0,0
client,local_link_integrity_errors,0,0,0
client,link_error_recovery,0,0,0
client,link_downed,0,0,0
server,duplicate_request,0,0,0
server,implied_nak_seq_err,0,0,0
server,lifespan,10,10,0
server,local_ack_timeout_err,0,0,0
server,np_cnp_sent,1,1,0
server,np_ecn_marked_roce_packets,0,0,0
server,out_of_buffer,983,983,0
server,out_of_sequence,1,1,0
server,packet_seq_err,0,0,0
server,req_cqe_error,50,50,0
server,req_cqe_flush_error,0,0,0
server,req_remote_access_errors,10,10,0
server,req_remote_invalid_request,10,10,0
server,req_rnr_retries_exceeded,0,0,0
server,req_transport_retries_exceeded,0,0,0
server,resp_cqe_error,0,0,0
server,resp_cqe_flush_error,0,0,0
server,resp_local_length_error,0,0,0
server,resp_remote_access_errors,0,0,0
server,rnr_nak_retry_err,0,0,0
server,roce_adp_retrans,0,0,0
server,roce_adp_retrans_to,0,0,0
server,roce_slow_restart,0,0,0
server,roce_slow_restart_cnps,0,0,0
server,roce_slow_restart_trans,0,0,0
server,rp_cnp_handled,0,0,0
server,rp_cnp_ignored,0,0,0
server,rx_atomic_requests,0,0,0
server,rx_dct_connect,0,0,0
server,rx_icrc_encapsulated,0,0,0
server,rx_read_requests,274,274,0
server,rx_write_requests,1606999701,1606999702,1
# REM_ACCESS_ADDR,trial=69,status=10,vendor_err=0x88,latency_us=1735
client,local_ack_timeout_err,0,0,0
client,out_of_sequence,0,0,0
client,packet_seq_err,0,0,0
client,implied_nak_seq_err,0,0,0
client,rnr_nak_retry_err,200,200,0
client,req_cqe_error,1711,1712,1
client,resp_cqe_error,0,0,0
client,req_cqe_flush_error,0,0,0
client,resp_cqe_flush_error,0,0,0
client,req_remote_invalid_request,200,200,0
client,req_remote_access_errors,459,460,1
client,resp_remote_access_errors,0,0,0
client,resp_local_length_error,0,0,0
client,duplicate_request,0,0,0
client,out_of_buffer,0,0,0
client,rx_icrc_encapsulated,0,0,0
client,req_transport_retries_exceeded,0,0,0
client,req_rnr_retries_exceeded,200,200,0
client,roce_adp_retrans,114,114,0
client,roce_adp_retrans_to,0,0,0
client,roce_slow_restart,0,0,0
client,port_rcv_errors,0,0,0
client,local_link_integrity_errors,0,0,0
client,link_error_recovery,0,0,0
client,link_downed,0,0,0
server,duplicate_request,0,0,0
server,implied_nak_seq_err,0,0,0
server,lifespan,10,10,0
server,local_ack_timeout_err,0,0,0
server,np_cnp_sent,1,1,0
server,np_ecn_marked_roce_packets,0,0,0
server,out_of_buffer,983,983,0
server,out_of_sequence,1,1,0
server,packet_seq_err,0,0,0
server,req_cqe_error,50,50,0
server,req_cqe_flush_error,0,0,0
server,req_remote_access_errors,10,10,0
server,req_remote_invalid_request,10,10,0
server,req_rnr_retries_exceeded,0,0,0
server,req_transport_retries_exceeded,0,0,0
server,resp_cqe_error,0,0,0
server,resp_cqe_flush_error,0,0,0
server,resp_local_length_error,0,0,0
server,resp_remote_access_errors,0,0,0
server,rnr_nak_retry_err,0,0,0
server,roce_adp_retrans,0,0,0
server,roce_adp_retrans_to,0,0,0
server,roce_slow_restart,0,0,0
server,roce_slow_restart_cnps,0,0,0
server,roce_slow_restart_trans,0,0,0
server,rp_cnp_handled,0,0,0
server,rp_cnp_ignored,0,0,0
server,rx_atomic_requests,0,0,0
server,rx_dct_connect,0,0,0
server,rx_icrc_encapsulated,0,0,0
server,rx_read_requests,274,274,0
server,rx_write_requests,1606999703,1606999704,1
# REM_ACCESS_ADDR,trial=70,status=10,vendor_err=0x88,latency_us=1740
client,local_ack_timeout_err,0,0,0
client,out_of_sequence,0,0,0
client,packet_seq_err,0,0,0
client,implied_nak_seq_err,0,0,0
client,rnr_nak_retry_err,200,200,0
client,req_cqe_error,1712,1713,1
client,resp_cqe_error,0,0,0
client,req_cqe_flush_error,0,0,0
client,resp_cqe_flush_error,0,0,0
client,req_remote_invalid_request,200,200,0
client,req_remote_access_errors,460,461,1
client,resp_remote_access_errors,0,0,0
client,resp_local_length_error,0,0,0
client,duplicate_request,0,0,0
client,out_of_buffer,0,0,0
client,rx_icrc_encapsulated,0,0,0
client,req_transport_retries_exceeded,0,0,0
client,req_rnr_retries_exceeded,200,200,0
client,roce_adp_retrans,114,114,0
client,roce_adp_retrans_to,0,0,0
client,roce_slow_restart,0,0,0
client,port_rcv_errors,0,0,0
client,local_link_integrity_errors,0,0,0
client,link_error_recovery,0,0,0
client,link_downed,0,0,0
server,duplicate_request,0,0,0
server,implied_nak_seq_err,0,0,0
server,lifespan,10,10,0
server,local_ack_timeout_err,0,0,0
server,np_cnp_sent,1,1,0
server,np_ecn_marked_roce_packets,0,0,0
server,out_of_buffer,983,983,0
server,out_of_sequence,1,1,0
server,packet_seq_err,0,0,0
server,req_cqe_error,50,50,0
server,req_cqe_flush_error,0,0,0
server,req_remote_access_errors,10,10,0
server,req_remote_invalid_request,10,10,0
server,req_rnr_retries_exceeded,0,0,0
server,req_transport_retries_exceeded,0,0,0
server,resp_cqe_error,0,0,0
server,resp_cqe_flush_error,0,0,0
server,resp_local_length_error,0,0,0
server,resp_remote_access_errors,0,0,0
server,rnr_nak_retry_err,0,0,0
server,roce_adp_retrans,0,0,0
server,roce_adp_retrans_to,0,0,0
server,roce_slow_restart,0,0,0
server,roce_slow_restart_cnps,0,0,0
server,roce_slow_restart_trans,0,0,0
server,rp_cnp_handled,0,0,0
server,rp_cnp_ignored,0,0,0
server,rx_atomic_requests,0,0,0
server,rx_dct_connect,0,0,0
server,rx_icrc_encapsulated,0,0,0
server,rx_read_requests,274,274,0
server,rx_write_requests,1606999705,1606999706,1
# REM_ACCESS_ADDR,trial=71,status=10,vendor_err=0x88,latency_us=1735
client,local_ack_timeout_err,0,0,0
client,out_of_sequence,0,0,0
client,packet_seq_err,0,0,0
client,implied_nak_seq_err,0,0,0
client,rnr_nak_retry_err,200,200,0
client,req_cqe_error,1713,1714,1
client,resp_cqe_error,0,0,0
client,req_cqe_flush_error,0,0,0
client,resp_cqe_flush_error,0,0,0
client,req_remote_invalid_request,200,200,0
client,req_remote_access_errors,461,462,1
client,resp_remote_access_errors,0,0,0
client,resp_local_length_error,0,0,0
client,duplicate_request,0,0,0
client,out_of_buffer,0,0,0
client,rx_icrc_encapsulated,0,0,0
client,req_transport_retries_exceeded,0,0,0
client,req_rnr_retries_exceeded,200,200,0
client,roce_adp_retrans,114,114,0
client,roce_adp_retrans_to,0,0,0
client,roce_slow_restart,0,0,0
client,port_rcv_errors,0,0,0
client,local_link_integrity_errors,0,0,0
client,link_error_recovery,0,0,0
client,link_downed,0,0,0
server,duplicate_request,0,0,0
server,implied_nak_seq_err,0,0,0
server,lifespan,10,10,0
server,local_ack_timeout_err,0,0,0
server,np_cnp_sent,1,1,0
server,np_ecn_marked_roce_packets,0,0,0
server,out_of_buffer,983,983,0
server,out_of_sequence,1,1,0
server,packet_seq_err,0,0,0
server,req_cqe_error,50,50,0
server,req_cqe_flush_error,0,0,0
server,req_remote_access_errors,10,10,0
server,req_remote_invalid_request,10,10,0
server,req_rnr_retries_exceeded,0,0,0
server,req_transport_retries_exceeded,0,0,0
server,resp_cqe_error,0,0,0
server,resp_cqe_flush_error,0,0,0
server,resp_local_length_error,0,0,0
server,resp_remote_access_errors,0,0,0
server,rnr_nak_retry_err,0,0,0
server,roce_adp_retrans,0,0,0
server,roce_adp_retrans_to,0,0,0
server,roce_slow_restart,0,0,0
server,roce_slow_restart_cnps,0,0,0
server,roce_slow_restart_trans,0,0,0
server,rp_cnp_handled,0,0,0
server,rp_cnp_ignored,0,0,0
server,rx_atomic_requests,0,0,0
server,rx_dct_connect,0,0,0
server,rx_icrc_encapsulated,0,0,0
server,rx_read_requests,274,274,0
server,rx_write_requests,1606999707,1606999708,1
# REM_ACCESS_ADDR,trial=72,status=10,vendor_err=0x88,latency_us=1739
client,local_ack_timeout_err,0,0,0
client,out_of_sequence,0,0,0
client,packet_seq_err,0,0,0
client,implied_nak_seq_err,0,0,0
client,rnr_nak_retry_err,200,200,0
client,req_cqe_error,1714,1715,1
client,resp_cqe_error,0,0,0
client,req_cqe_flush_error,0,0,0
client,resp_cqe_flush_error,0,0,0
client,req_remote_invalid_request,200,200,0
client,req_remote_access_errors,462,463,1
client,resp_remote_access_errors,0,0,0
client,resp_local_length_error,0,0,0
client,duplicate_request,0,0,0
client,out_of_buffer,0,0,0
client,rx_icrc_encapsulated,0,0,0
client,req_transport_retries_exceeded,0,0,0
client,req_rnr_retries_exceeded,200,200,0
client,roce_adp_retrans,114,114,0
client,roce_adp_retrans_to,0,0,0
client,roce_slow_restart,0,0,0
client,port_rcv_errors,0,0,0
client,local_link_integrity_errors,0,0,0
client,link_error_recovery,0,0,0
client,link_downed,0,0,0
server,duplicate_request,0,0,0
server,implied_nak_seq_err,0,0,0
server,lifespan,10,10,0
server,local_ack_timeout_err,0,0,0
server,np_cnp_sent,1,1,0
server,np_ecn_marked_roce_packets,0,0,0
server,out_of_buffer,983,983,0
server,out_of_sequence,1,1,0
server,packet_seq_err,0,0,0
server,req_cqe_error,50,50,0
server,req_cqe_flush_error,0,0,0
server,req_remote_access_errors,10,10,0
server,req_remote_invalid_request,10,10,0
server,req_rnr_retries_exceeded,0,0,0
server,req_transport_retries_exceeded,0,0,0
server,resp_cqe_error,0,0,0
server,resp_cqe_flush_error,0,0,0
server,resp_local_length_error,0,0,0
server,resp_remote_access_errors,0,0,0
server,rnr_nak_retry_err,0,0,0
server,roce_adp_retrans,0,0,0
server,roce_adp_retrans_to,0,0,0
server,roce_slow_restart,0,0,0
server,roce_slow_restart_cnps,0,0,0
server,roce_slow_restart_trans,0,0,0
server,rp_cnp_handled,0,0,0
server,rp_cnp_ignored,0,0,0
server,rx_atomic_requests,0,0,0
server,rx_dct_connect,0,0,0
server,rx_icrc_encapsulated,0,0,0
server,rx_read_requests,274,274,0
server,rx_write_requests,1606999709,1606999710,1
# REM_ACCESS_ADDR,trial=73,status=10,vendor_err=0x88,latency_us=1737
client,local_ack_timeout_err,0,0,0
client,out_of_sequence,0,0,0
client,packet_seq_err,0,0,0
client,implied_nak_seq_err,0,0,0
client,rnr_nak_retry_err,200,200,0
client,req_cqe_error,1715,1716,1
client,resp_cqe_error,0,0,0
client,req_cqe_flush_error,0,0,0
client,resp_cqe_flush_error,0,0,0
client,req_remote_invalid_request,200,200,0
client,req_remote_access_errors,463,464,1
client,resp_remote_access_errors,0,0,0
client,resp_local_length_error,0,0,0
client,duplicate_request,0,0,0
client,out_of_buffer,0,0,0
client,rx_icrc_encapsulated,0,0,0
client,req_transport_retries_exceeded,0,0,0
client,req_rnr_retries_exceeded,200,200,0
client,roce_adp_retrans,114,114,0
client,roce_adp_retrans_to,0,0,0
client,roce_slow_restart,0,0,0
client,port_rcv_errors,0,0,0
client,local_link_integrity_errors,0,0,0
client,link_error_recovery,0,0,0
client,link_downed,0,0,0
server,duplicate_request,0,0,0
server,implied_nak_seq_err,0,0,0
server,lifespan,10,10,0
server,local_ack_timeout_err,0,0,0
server,np_cnp_sent,1,1,0
server,np_ecn_marked_roce_packets,0,0,0
server,out_of_buffer,983,983,0
server,out_of_sequence,1,1,0
server,packet_seq_err,0,0,0
server,req_cqe_error,50,50,0
server,req_cqe_flush_error,0,0,0
server,req_remote_access_errors,10,10,0
server,req_remote_invalid_request,10,10,0
server,req_rnr_retries_exceeded,0,0,0
server,req_transport_retries_exceeded,0,0,0
server,resp_cqe_error,0,0,0
server,resp_cqe_flush_error,0,0,0
server,resp_local_length_error,0,0,0
server,resp_remote_access_errors,0,0,0
server,rnr_nak_retry_err,0,0,0
server,roce_adp_retrans,0,0,0
server,roce_adp_retrans_to,0,0,0
server,roce_slow_restart,0,0,0
server,roce_slow_restart_cnps,0,0,0
server,roce_slow_restart_trans,0,0,0
server,rp_cnp_handled,0,0,0
server,rp_cnp_ignored,0,0,0
server,rx_atomic_requests,0,0,0
server,rx_dct_connect,0,0,0
server,rx_icrc_encapsulated,0,0,0
server,rx_read_requests,274,274,0
server,rx_write_requests,1606999711,1606999712,1
# REM_ACCESS_ADDR,trial=74,status=10,vendor_err=0x88,latency_us=1749
client,local_ack_timeout_err,0,0,0
client,out_of_sequence,0,0,0
client,packet_seq_err,0,0,0
client,implied_nak_seq_err,0,0,0
client,rnr_nak_retry_err,200,200,0
client,req_cqe_error,1716,1717,1
client,resp_cqe_error,0,0,0
client,req_cqe_flush_error,0,0,0
client,resp_cqe_flush_error,0,0,0
client,req_remote_invalid_request,200,200,0
client,req_remote_access_errors,464,465,1
client,resp_remote_access_errors,0,0,0
client,resp_local_length_error,0,0,0
client,duplicate_request,0,0,0
client,out_of_buffer,0,0,0
client,rx_icrc_encapsulated,0,0,0
client,req_transport_retries_exceeded,0,0,0
client,req_rnr_retries_exceeded,200,200,0
client,roce_adp_retrans,114,114,0
client,roce_adp_retrans_to,0,0,0
client,roce_slow_restart,0,0,0
client,port_rcv_errors,0,0,0
client,local_link_integrity_errors,0,0,0
client,link_error_recovery,0,0,0
client,link_downed,0,0,0
server,duplicate_request,0,0,0
server,implied_nak_seq_err,0,0,0
server,lifespan,10,10,0
server,local_ack_timeout_err,0,0,0
server,np_cnp_sent,1,1,0
server,np_ecn_marked_roce_packets,0,0,0
server,out_of_buffer,983,983,0
server,out_of_sequence,1,1,0
server,packet_seq_err,0,0,0
server,req_cqe_error,50,50,0
server,req_cqe_flush_error,0,0,0
server,req_remote_access_errors,10,10,0
server,req_remote_invalid_request,10,10,0
server,req_rnr_retries_exceeded,0,0,0
server,req_transport_retries_exceeded,0,0,0
server,resp_cqe_error,0,0,0
server,resp_cqe_flush_error,0,0,0
server,resp_local_length_error,0,0,0
server,resp_remote_access_errors,0,0,0
server,rnr_nak_retry_err,0,0,0
server,roce_adp_retrans,0,0,0
server,roce_adp_retrans_to,0,0,0
server,roce_slow_restart,0,0,0
server,roce_slow_restart_cnps,0,0,0
server,roce_slow_restart_trans,0,0,0
server,rp_cnp_handled,0,0,0
server,rp_cnp_ignored,0,0,0
server,rx_atomic_requests,0,0,0
server,rx_dct_connect,0,0,0
server,rx_icrc_encapsulated,0,0,0
server,rx_read_requests,274,274,0
server,rx_write_requests,1606999713,1606999714,1
# REM_ACCESS_ADDR,trial=75,status=10,vendor_err=0x88,latency_us=1736
client,local_ack_timeout_err,0,0,0
client,out_of_sequence,0,0,0
client,packet_seq_err,0,0,0
client,implied_nak_seq_err,0,0,0
client,rnr_nak_retry_err,200,200,0
client,req_cqe_error,1717,1718,1
client,resp_cqe_error,0,0,0
client,req_cqe_flush_error,0,0,0
client,resp_cqe_flush_error,0,0,0
client,req_remote_invalid_request,200,200,0
client,req_remote_access_errors,465,466,1
client,resp_remote_access_errors,0,0,0
client,resp_local_length_error,0,0,0
client,duplicate_request,0,0,0
client,out_of_buffer,0,0,0
client,rx_icrc_encapsulated,0,0,0
client,req_transport_retries_exceeded,0,0,0
client,req_rnr_retries_exceeded,200,200,0
client,roce_adp_retrans,114,114,0
client,roce_adp_retrans_to,0,0,0
client,roce_slow_restart,0,0,0
client,port_rcv_errors,0,0,0
client,local_link_integrity_errors,0,0,0
client,link_error_recovery,0,0,0
client,link_downed,0,0,0
server,duplicate_request,0,0,0
server,implied_nak_seq_err,0,0,0
server,lifespan,10,10,0
server,local_ack_timeout_err,0,0,0
server,np_cnp_sent,1,1,0
server,np_ecn_marked_roce_packets,0,0,0
server,out_of_buffer,983,983,0
server,out_of_sequence,1,1,0
server,packet_seq_err,0,0,0
server,req_cqe_error,50,50,0
server,req_cqe_flush_error,0,0,0
server,req_remote_access_errors,10,10,0
server,req_remote_invalid_request,10,10,0
server,req_rnr_retries_exceeded,0,0,0
server,req_transport_retries_exceeded,0,0,0
server,resp_cqe_error,0,0,0
server,resp_cqe_flush_error,0,0,0
server,resp_local_length_error,0,0,0
server,resp_remote_access_errors,0,0,0
server,rnr_nak_retry_err,0,0,0
server,roce_adp_retrans,0,0,0
server,roce_adp_retrans_to,0,0,0
server,roce_slow_restart,0,0,0
server,roce_slow_restart_cnps,0,0,0
server,roce_slow_restart_trans,0,0,0
server,rp_cnp_handled,0,0,0
server,rp_cnp_ignored,0,0,0
server,rx_atomic_requests,0,0,0
server,rx_dct_connect,0,0,0
server,rx_icrc_encapsulated,0,0,0
server,rx_read_requests,274,274,0
server,rx_write_requests,1606999715,1606999716,1
# REM_ACCESS_ADDR,trial=76,status=10,vendor_err=0x88,latency_us=1742
client,local_ack_timeout_err,0,0,0
client,out_of_sequence,0,0,0
client,packet_seq_err,0,0,0
client,implied_nak_seq_err,0,0,0
client,rnr_nak_retry_err,200,200,0
client,req_cqe_error,1718,1719,1
client,resp_cqe_error,0,0,0
client,req_cqe_flush_error,0,0,0
client,resp_cqe_flush_error,0,0,0
client,req_remote_invalid_request,200,200,0
client,req_remote_access_errors,466,467,1
client,resp_remote_access_errors,0,0,0
client,resp_local_length_error,0,0,0
client,duplicate_request,0,0,0
client,out_of_buffer,0,0,0
client,rx_icrc_encapsulated,0,0,0
client,req_transport_retries_exceeded,0,0,0
client,req_rnr_retries_exceeded,200,200,0
client,roce_adp_retrans,114,114,0
client,roce_adp_retrans_to,0,0,0
client,roce_slow_restart,0,0,0
client,port_rcv_errors,0,0,0
client,local_link_integrity_errors,0,0,0
client,link_error_recovery,0,0,0
client,link_downed,0,0,0
server,duplicate_request,0,0,0
server,implied_nak_seq_err,0,0,0
server,lifespan,10,10,0
server,local_ack_timeout_err,0,0,0
server,np_cnp_sent,1,1,0
server,np_ecn_marked_roce_packets,0,0,0
server,out_of_buffer,983,983,0
server,out_of_sequence,1,1,0
server,packet_seq_err,0,0,0
server,req_cqe_error,50,50,0
server,req_cqe_flush_error,0,0,0
server,req_remote_access_errors,10,10,0
server,req_remote_invalid_request,10,10,0
server,req_rnr_retries_exceeded,0,0,0
server,req_transport_retries_exceeded,0,0,0
server,resp_cqe_error,0,0,0
server,resp_cqe_flush_error,0,0,0
server,resp_local_length_error,0,0,0
server,resp_remote_access_errors,0,0,0
server,rnr_nak_retry_err,0,0,0
server,roce_adp_retrans,0,0,0
server,roce_adp_retrans_to,0,0,0
server,roce_slow_restart,0,0,0
server,roce_slow_restart_cnps,0,0,0
server,roce_slow_restart_trans,0,0,0
server,rp_cnp_handled,0,0,0
server,rp_cnp_ignored,0,0,0
server,rx_atomic_requests,0,0,0
server,rx_dct_connect,0,0,0
server,rx_icrc_encapsulated,0,0,0
server,rx_read_requests,274,274,0
server,rx_write_requests,1606999717,1606999718,1
# REM_ACCESS_ADDR,trial=77,status=10,vendor_err=0x88,latency_us=1731
client,local_ack_timeout_err,0,0,0
client,out_of_sequence,0,0,0
client,packet_seq_err,0,0,0
client,implied_nak_seq_err,0,0,0
client,rnr_nak_retry_err,200,200,0
client,req_cqe_error,1719,1720,1
client,resp_cqe_error,0,0,0
client,req_cqe_flush_error,0,0,0
client,resp_cqe_flush_error,0,0,0
client,req_remote_invalid_request,200,200,0
client,req_remote_access_errors,467,468,1
client,resp_remote_access_errors,0,0,0
client,resp_local_length_error,0,0,0
client,duplicate_request,0,0,0
client,out_of_buffer,0,0,0
client,rx_icrc_encapsulated,0,0,0
client,req_transport_retries_exceeded,0,0,0
client,req_rnr_retries_exceeded,200,200,0
client,roce_adp_retrans,114,114,0
client,roce_adp_retrans_to,0,0,0
client,roce_slow_restart,0,0,0
client,port_rcv_errors,0,0,0
client,local_link_integrity_errors,0,0,0
client,link_error_recovery,0,0,0
client,link_downed,0,0,0
server,duplicate_request,0,0,0
server,implied_nak_seq_err,0,0,0
server,lifespan,10,10,0
server,local_ack_timeout_err,0,0,0
server,np_cnp_sent,1,1,0
server,np_ecn_marked_roce_packets,0,0,0
server,out_of_buffer,983,983,0
server,out_of_sequence,1,1,0
server,packet_seq_err,0,0,0
server,req_cqe_error,50,50,0
server,req_cqe_flush_error,0,0,0
server,req_remote_access_errors,10,10,0
server,req_remote_invalid_request,10,10,0
server,req_rnr_retries_exceeded,0,0,0
server,req_transport_retries_exceeded,0,0,0
server,resp_cqe_error,0,0,0
server,resp_cqe_flush_error,0,0,0
server,resp_local_length_error,0,0,0
server,resp_remote_access_errors,0,0,0
server,rnr_nak_retry_err,0,0,0
server,roce_adp_retrans,0,0,0
server,roce_adp_retrans_to,0,0,0
server,roce_slow_restart,0,0,0
server,roce_slow_restart_cnps,0,0,0
server,roce_slow_restart_trans,0,0,0
server,rp_cnp_handled,0,0,0
server,rp_cnp_ignored,0,0,0
server,rx_atomic_requests,0,0,0
server,rx_dct_connect,0,0,0
server,rx_icrc_encapsulated,0,0,0
server,rx_read_requests,274,274,0
server,rx_write_requests,1606999719,1606999720,1
# REM_ACCESS_ADDR,trial=78,status=10,vendor_err=0x88,latency_us=1735
client,local_ack_timeout_err,0,0,0
client,out_of_sequence,0,0,0
client,packet_seq_err,0,0,0
client,implied_nak_seq_err,0,0,0
client,rnr_nak_retry_err,200,200,0
client,req_cqe_error,1720,1721,1
client,resp_cqe_error,0,0,0
client,req_cqe_flush_error,0,0,0
client,resp_cqe_flush_error,0,0,0
client,req_remote_invalid_request,200,200,0
client,req_remote_access_errors,468,469,1
client,resp_remote_access_errors,0,0,0
client,resp_local_length_error,0,0,0
client,duplicate_request,0,0,0
client,out_of_buffer,0,0,0
client,rx_icrc_encapsulated,0,0,0
client,req_transport_retries_exceeded,0,0,0
client,req_rnr_retries_exceeded,200,200,0
client,roce_adp_retrans,114,114,0
client,roce_adp_retrans_to,0,0,0
client,roce_slow_restart,0,0,0
client,port_rcv_errors,0,0,0
client,local_link_integrity_errors,0,0,0
client,link_error_recovery,0,0,0
client,link_downed,0,0,0
server,duplicate_request,0,0,0
server,implied_nak_seq_err,0,0,0
server,lifespan,10,10,0
server,local_ack_timeout_err,0,0,0
server,np_cnp_sent,1,1,0
server,np_ecn_marked_roce_packets,0,0,0
server,out_of_buffer,983,983,0
server,out_of_sequence,1,1,0
server,packet_seq_err,0,0,0
server,req_cqe_error,50,50,0
server,req_cqe_flush_error,0,0,0
server,req_remote_access_errors,10,10,0
server,req_remote_invalid_request,10,10,0
server,req_rnr_retries_exceeded,0,0,0
server,req_transport_retries_exceeded,0,0,0
server,resp_cqe_error,0,0,0
server,resp_cqe_flush_error,0,0,0
server,resp_local_length_error,0,0,0
server,resp_remote_access_errors,0,0,0
server,rnr_nak_retry_err,0,0,0
server,roce_adp_retrans,0,0,0
server,roce_adp_retrans_to,0,0,0
server,roce_slow_restart,0,0,0
server,roce_slow_restart_cnps,0,0,0
server,roce_slow_restart_trans,0,0,0
server,rp_cnp_handled,0,0,0
server,rp_cnp_ignored,0,0,0
server,rx_atomic_requests,0,0,0
server,rx_dct_connect,0,0,0
server,rx_icrc_encapsulated,0,0,0
server,rx_read_requests,274,274,0
server,rx_write_requests,1606999721,1606999722,1
# REM_ACCESS_ADDR,trial=79,status=10,vendor_err=0x88,latency_us=1807
client,local_ack_timeout_err,0,0,0
client,out_of_sequence,0,0,0
client,packet_seq_err,0,0,0
client,implied_nak_seq_err,0,0,0
client,rnr_nak_retry_err,200,200,0
client,req_cqe_error,1721,1722,1
client,resp_cqe_error,0,0,0
client,req_cqe_flush_error,0,0,0
client,resp_cqe_flush_error,0,0,0
client,req_remote_invalid_request,200,200,0
client,req_remote_access_errors,469,470,1
client,resp_remote_access_errors,0,0,0
client,resp_local_length_error,0,0,0
client,duplicate_request,0,0,0
client,out_of_buffer,0,0,0
client,rx_icrc_encapsulated,0,0,0
client,req_transport_retries_exceeded,0,0,0
client,req_rnr_retries_exceeded,200,200,0
client,roce_adp_retrans,114,114,0
client,roce_adp_retrans_to,0,0,0
client,roce_slow_restart,0,0,0
client,port_rcv_errors,0,0,0
client,local_link_integrity_errors,0,0,0
client,link_error_recovery,0,0,0
client,link_downed,0,0,0
server,duplicate_request,0,0,0
server,implied_nak_seq_err,0,0,0
server,lifespan,10,10,0
server,local_ack_timeout_err,0,0,0
server,np_cnp_sent,1,1,0
server,np_ecn_marked_roce_packets,0,0,0
server,out_of_buffer,983,983,0
server,out_of_sequence,1,1,0
server,packet_seq_err,0,0,0
server,req_cqe_error,50,50,0
server,req_cqe_flush_error,0,0,0
server,req_remote_access_errors,10,10,0
server,req_remote_invalid_request,10,10,0
server,req_rnr_retries_exceeded,0,0,0
server,req_transport_retries_exceeded,0,0,0
server,resp_cqe_error,0,0,0
server,resp_cqe_flush_error,0,0,0
server,resp_local_length_error,0,0,0
server,resp_remote_access_errors,0,0,0
server,rnr_nak_retry_err,0,0,0
server,roce_adp_retrans,0,0,0
server,roce_adp_retrans_to,0,0,0
server,roce_slow_restart,0,0,0
server,roce_slow_restart_cnps,0,0,0
server,roce_slow_restart_trans,0,0,0
server,rp_cnp_handled,0,0,0
server,rp_cnp_ignored,0,0,0
server,rx_atomic_requests,0,0,0
server,rx_dct_connect,0,0,0
server,rx_icrc_encapsulated,0,0,0
server,rx_read_requests,274,274,0
server,rx_write_requests,1606999723,1606999724,1
# REM_ACCESS_ADDR,trial=80,status=10,vendor_err=0x88,latency_us=1741
client,local_ack_timeout_err,0,0,0
client,out_of_sequence,0,0,0
client,packet_seq_err,0,0,0
client,implied_nak_seq_err,0,0,0
client,rnr_nak_retry_err,200,200,0
client,req_cqe_error,1722,1723,1
client,resp_cqe_error,0,0,0
client,req_cqe_flush_error,0,0,0
client,resp_cqe_flush_error,0,0,0
client,req_remote_invalid_request,200,200,0
client,req_remote_access_errors,470,471,1
client,resp_remote_access_errors,0,0,0
client,resp_local_length_error,0,0,0
client,duplicate_request,0,0,0
client,out_of_buffer,0,0,0
client,rx_icrc_encapsulated,0,0,0
client,req_transport_retries_exceeded,0,0,0
client,req_rnr_retries_exceeded,200,200,0
client,roce_adp_retrans,114,114,0
client,roce_adp_retrans_to,0,0,0
client,roce_slow_restart,0,0,0
client,port_rcv_errors,0,0,0
client,local_link_integrity_errors,0,0,0
client,link_error_recovery,0,0,0
client,link_downed,0,0,0
server,duplicate_request,0,0,0
server,implied_nak_seq_err,0,0,0
server,lifespan,10,10,0
server,local_ack_timeout_err,0,0,0
server,np_cnp_sent,1,1,0
server,np_ecn_marked_roce_packets,0,0,0
server,out_of_buffer,983,983,0
server,out_of_sequence,1,1,0
server,packet_seq_err,0,0,0
server,req_cqe_error,50,50,0
server,req_cqe_flush_error,0,0,0
server,req_remote_access_errors,10,10,0
server,req_remote_invalid_request,10,10,0
server,req_rnr_retries_exceeded,0,0,0
server,req_transport_retries_exceeded,0,0,0
server,resp_cqe_error,0,0,0
server,resp_cqe_flush_error,0,0,0
server,resp_local_length_error,0,0,0
server,resp_remote_access_errors,0,0,0
server,rnr_nak_retry_err,0,0,0
server,roce_adp_retrans,0,0,0
server,roce_adp_retrans_to,0,0,0
server,roce_slow_restart,0,0,0
server,roce_slow_restart_cnps,0,0,0
server,roce_slow_restart_trans,0,0,0
server,rp_cnp_handled,0,0,0
server,rp_cnp_ignored,0,0,0
server,rx_atomic_requests,0,0,0
server,rx_dct_connect,0,0,0
server,rx_icrc_encapsulated,0,0,0
server,rx_read_requests,274,274,0
server,rx_write_requests,1606999725,1606999726,1
# REM_ACCESS_ADDR,trial=81,status=10,vendor_err=0x88,latency_us=1727
client,local_ack_timeout_err,0,0,0
client,out_of_sequence,0,0,0
client,packet_seq_err,0,0,0
client,implied_nak_seq_err,0,0,0
client,rnr_nak_retry_err,200,200,0
client,req_cqe_error,1723,1724,1
client,resp_cqe_error,0,0,0
client,req_cqe_flush_error,0,0,0
client,resp_cqe_flush_error,0,0,0
client,req_remote_invalid_request,200,200,0
client,req_remote_access_errors,471,472,1
client,resp_remote_access_errors,0,0,0
client,resp_local_length_error,0,0,0
client,duplicate_request,0,0,0
client,out_of_buffer,0,0,0
client,rx_icrc_encapsulated,0,0,0
client,req_transport_retries_exceeded,0,0,0
client,req_rnr_retries_exceeded,200,200,0
client,roce_adp_retrans,114,114,0
client,roce_adp_retrans_to,0,0,0
client,roce_slow_restart,0,0,0
client,port_rcv_errors,0,0,0
client,local_link_integrity_errors,0,0,0
client,link_error_recovery,0,0,0
client,link_downed,0,0,0
server,duplicate_request,0,0,0
server,implied_nak_seq_err,0,0,0
server,lifespan,10,10,0
server,local_ack_timeout_err,0,0,0
server,np_cnp_sent,1,1,0
server,np_ecn_marked_roce_packets,0,0,0
server,out_of_buffer,983,983,0
server,out_of_sequence,1,1,0
server,packet_seq_err,0,0,0
server,req_cqe_error,50,50,0
server,req_cqe_flush_error,0,0,0
server,req_remote_access_errors,10,10,0
server,req_remote_invalid_request,10,10,0
server,req_rnr_retries_exceeded,0,0,0
server,req_transport_retries_exceeded,0,0,0
server,resp_cqe_error,0,0,0
server,resp_cqe_flush_error,0,0,0
server,resp_local_length_error,0,0,0
server,resp_remote_access_errors,0,0,0
server,rnr_nak_retry_err,0,0,0
server,roce_adp_retrans,0,0,0
server,roce_adp_retrans_to,0,0,0
server,roce_slow_restart,0,0,0
server,roce_slow_restart_cnps,0,0,0
server,roce_slow_restart_trans,0,0,0
server,rp_cnp_handled,0,0,0
server,rp_cnp_ignored,0,0,0
server,rx_atomic_requests,0,0,0
server,rx_dct_connect,0,0,0
server,rx_icrc_encapsulated,0,0,0
server,rx_read_requests,274,274,0
server,rx_write_requests,1606999727,1606999728,1
# REM_ACCESS_ADDR,trial=82,status=10,vendor_err=0x88,latency_us=1730
client,local_ack_timeout_err,0,0,0
client,out_of_sequence,0,0,0
client,packet_seq_err,0,0,0
client,implied_nak_seq_err,0,0,0
client,rnr_nak_retry_err,200,200,0
client,req_cqe_error,1724,1725,1
client,resp_cqe_error,0,0,0
client,req_cqe_flush_error,0,0,0
client,resp_cqe_flush_error,0,0,0
client,req_remote_invalid_request,200,200,0
client,req_remote_access_errors,472,473,1
client,resp_remote_access_errors,0,0,0
client,resp_local_length_error,0,0,0
client,duplicate_request,0,0,0
client,out_of_buffer,0,0,0
client,rx_icrc_encapsulated,0,0,0
client,req_transport_retries_exceeded,0,0,0
client,req_rnr_retries_exceeded,200,200,0
client,roce_adp_retrans,114,114,0
client,roce_adp_retrans_to,0,0,0
client,roce_slow_restart,0,0,0
client,port_rcv_errors,0,0,0
client,local_link_integrity_errors,0,0,0
client,link_error_recovery,0,0,0
client,link_downed,0,0,0
server,duplicate_request,0,0,0
server,implied_nak_seq_err,0,0,0
server,lifespan,10,10,0
server,local_ack_timeout_err,0,0,0
server,np_cnp_sent,1,1,0
server,np_ecn_marked_roce_packets,0,0,0
server,out_of_buffer,983,983,0
server,out_of_sequence,1,1,0
server,packet_seq_err,0,0,0
server,req_cqe_error,50,50,0
server,req_cqe_flush_error,0,0,0
server,req_remote_access_errors,10,10,0
server,req_remote_invalid_request,10,10,0
server,req_rnr_retries_exceeded,0,0,0
server,req_transport_retries_exceeded,0,0,0
server,resp_cqe_error,0,0,0
server,resp_cqe_flush_error,0,0,0
server,resp_local_length_error,0,0,0
server,resp_remote_access_errors,0,0,0
server,rnr_nak_retry_err,0,0,0
server,roce_adp_retrans,0,0,0
server,roce_adp_retrans_to,0,0,0
server,roce_slow_restart,0,0,0
server,roce_slow_restart_cnps,0,0,0
server,roce_slow_restart_trans,0,0,0
server,rp_cnp_handled,0,0,0
server,rp_cnp_ignored,0,0,0
server,rx_atomic_requests,0,0,0
server,rx_dct_connect,0,0,0
server,rx_icrc_encapsulated,0,0,0
server,rx_read_requests,274,274,0
server,rx_write_requests,1606999729,1606999730,1
# REM_ACCESS_ADDR,trial=83,status=10,vendor_err=0x88,latency_us=1735
client,local_ack_timeout_err,0,0,0
client,out_of_sequence,0,0,0
client,packet_seq_err,0,0,0
client,implied_nak_seq_err,0,0,0
client,rnr_nak_retry_err,200,200,0
client,req_cqe_error,1725,1726,1
client,resp_cqe_error,0,0,0
client,req_cqe_flush_error,0,0,0
client,resp_cqe_flush_error,0,0,0
client,req_remote_invalid_request,200,200,0
client,req_remote_access_errors,473,474,1
client,resp_remote_access_errors,0,0,0
client,resp_local_length_error,0,0,0
client,duplicate_request,0,0,0
client,out_of_buffer,0,0,0
client,rx_icrc_encapsulated,0,0,0
client,req_transport_retries_exceeded,0,0,0
client,req_rnr_retries_exceeded,200,200,0
client,roce_adp_retrans,114,114,0
client,roce_adp_retrans_to,0,0,0
client,roce_slow_restart,0,0,0
client,port_rcv_errors,0,0,0
client,local_link_integrity_errors,0,0,0
client,link_error_recovery,0,0,0
client,link_downed,0,0,0
server,duplicate_request,0,0,0
server,implied_nak_seq_err,0,0,0
server,lifespan,10,10,0
server,local_ack_timeout_err,0,0,0
server,np_cnp_sent,1,1,0
server,np_ecn_marked_roce_packets,0,0,0
server,out_of_buffer,983,983,0
server,out_of_sequence,1,1,0
server,packet_seq_err,0,0,0
server,req_cqe_error,50,50,0
server,req_cqe_flush_error,0,0,0
server,req_remote_access_errors,10,10,0
server,req_remote_invalid_request,10,10,0
server,req_rnr_retries_exceeded,0,0,0
server,req_transport_retries_exceeded,0,0,0
server,resp_cqe_error,0,0,0
server,resp_cqe_flush_error,0,0,0
server,resp_local_length_error,0,0,0
server,resp_remote_access_errors,0,0,0
server,rnr_nak_retry_err,0,0,0
server,roce_adp_retrans,0,0,0
server,roce_adp_retrans_to,0,0,0
server,roce_slow_restart,0,0,0
server,roce_slow_restart_cnps,0,0,0
server,roce_slow_restart_trans,0,0,0
server,rp_cnp_handled,0,0,0
server,rp_cnp_ignored,0,0,0
server,rx_atomic_requests,0,0,0
server,rx_dct_connect,0,0,0
server,rx_icrc_encapsulated,0,0,0
server,rx_read_requests,274,274,0
server,rx_write_requests,1606999731,1606999732,1
# REM_ACCESS_ADDR,trial=84,status=10,vendor_err=0x88,latency_us=1731
client,local_ack_timeout_err,0,0,0
client,out_of_sequence,0,0,0
client,packet_seq_err,0,0,0
client,implied_nak_seq_err,0,0,0
client,rnr_nak_retry_err,200,200,0
client,req_cqe_error,1726,1727,1
client,resp_cqe_error,0,0,0
client,req_cqe_flush_error,0,0,0
client,resp_cqe_flush_error,0,0,0
client,req_remote_invalid_request,200,200,0
client,req_remote_access_errors,474,475,1
client,resp_remote_access_errors,0,0,0
client,resp_local_length_error,0,0,0
client,duplicate_request,0,0,0
client,out_of_buffer,0,0,0
client,rx_icrc_encapsulated,0,0,0
client,req_transport_retries_exceeded,0,0,0
client,req_rnr_retries_exceeded,200,200,0
client,roce_adp_retrans,114,114,0
client,roce_adp_retrans_to,0,0,0
client,roce_slow_restart,0,0,0
client,port_rcv_errors,0,0,0
client,local_link_integrity_errors,0,0,0
client,link_error_recovery,0,0,0
client,link_downed,0,0,0
server,duplicate_request,0,0,0
server,implied_nak_seq_err,0,0,0
server,lifespan,10,10,0
server,local_ack_timeout_err,0,0,0
server,np_cnp_sent,1,1,0
server,np_ecn_marked_roce_packets,0,0,0
server,out_of_buffer,983,983,0
server,out_of_sequence,1,1,0
server,packet_seq_err,0,0,0
server,req_cqe_error,50,50,0
server,req_cqe_flush_error,0,0,0
server,req_remote_access_errors,10,10,0
server,req_remote_invalid_request,10,10,0
server,req_rnr_retries_exceeded,0,0,0
server,req_transport_retries_exceeded,0,0,0
server,resp_cqe_error,0,0,0
server,resp_cqe_flush_error,0,0,0
server,resp_local_length_error,0,0,0
server,resp_remote_access_errors,0,0,0
server,rnr_nak_retry_err,0,0,0
server,roce_adp_retrans,0,0,0
server,roce_adp_retrans_to,0,0,0
server,roce_slow_restart,0,0,0
server,roce_slow_restart_cnps,0,0,0
server,roce_slow_restart_trans,0,0,0
server,rp_cnp_handled,0,0,0
server,rp_cnp_ignored,0,0,0
server,rx_atomic_requests,0,0,0
server,rx_dct_connect,0,0,0
server,rx_icrc_encapsulated,0,0,0
server,rx_read_requests,274,274,0
server,rx_write_requests,1606999733,1606999734,1
# REM_ACCESS_ADDR,trial=85,status=10,vendor_err=0x88,latency_us=1739
client,local_ack_timeout_err,0,0,0
client,out_of_sequence,0,0,0
client,packet_seq_err,0,0,0
client,implied_nak_seq_err,0,0,0
client,rnr_nak_retry_err,200,200,0
client,req_cqe_error,1727,1728,1
client,resp_cqe_error,0,0,0
client,req_cqe_flush_error,0,0,0
client,resp_cqe_flush_error,0,0,0
client,req_remote_invalid_request,200,200,0
client,req_remote_access_errors,475,476,1
client,resp_remote_access_errors,0,0,0
client,resp_local_length_error,0,0,0
client,duplicate_request,0,0,0
client,out_of_buffer,0,0,0
client,rx_icrc_encapsulated,0,0,0
client,req_transport_retries_exceeded,0,0,0
client,req_rnr_retries_exceeded,200,200,0
client,roce_adp_retrans,114,114,0
client,roce_adp_retrans_to,0,0,0
client,roce_slow_restart,0,0,0
client,port_rcv_errors,0,0,0
client,local_link_integrity_errors,0,0,0
client,link_error_recovery,0,0,0
client,link_downed,0,0,0
server,duplicate_request,0,0,0
server,implied_nak_seq_err,0,0,0
server,lifespan,10,10,0
server,local_ack_timeout_err,0,0,0
server,np_cnp_sent,1,1,0
server,np_ecn_marked_roce_packets,0,0,0
server,out_of_buffer,983,983,0
server,out_of_sequence,1,1,0
server,packet_seq_err,0,0,0
server,req_cqe_error,50,50,0
server,req_cqe_flush_error,0,0,0
server,req_remote_access_errors,10,10,0
server,req_remote_invalid_request,10,10,0
server,req_rnr_retries_exceeded,0,0,0
server,req_transport_retries_exceeded,0,0,0
server,resp_cqe_error,0,0,0
server,resp_cqe_flush_error,0,0,0
server,resp_local_length_error,0,0,0
server,resp_remote_access_errors,0,0,0
server,rnr_nak_retry_err,0,0,0
server,roce_adp_retrans,0,0,0
server,roce_adp_retrans_to,0,0,0
server,roce_slow_restart,0,0,0
server,roce_slow_restart_cnps,0,0,0
server,roce_slow_restart_trans,0,0,0
server,rp_cnp_handled,0,0,0
server,rp_cnp_ignored,0,0,0
server,rx_atomic_requests,0,0,0
server,rx_dct_connect,0,0,0
server,rx_icrc_encapsulated,0,0,0
server,rx_read_requests,274,274,0
server,rx_write_requests,1606999735,1606999736,1
# REM_ACCESS_ADDR,trial=86,status=10,vendor_err=0x88,latency_us=1734
client,local_ack_timeout_err,0,0,0
client,out_of_sequence,0,0,0
client,packet_seq_err,0,0,0
client,implied_nak_seq_err,0,0,0
client,rnr_nak_retry_err,200,200,0
client,req_cqe_error,1728,1729,1
client,resp_cqe_error,0,0,0
client,req_cqe_flush_error,0,0,0
client,resp_cqe_flush_error,0,0,0
client,req_remote_invalid_request,200,200,0
client,req_remote_access_errors,476,477,1
client,resp_remote_access_errors,0,0,0
client,resp_local_length_error,0,0,0
client,duplicate_request,0,0,0
client,out_of_buffer,0,0,0
client,rx_icrc_encapsulated,0,0,0
client,req_transport_retries_exceeded,0,0,0
client,req_rnr_retries_exceeded,200,200,0
client,roce_adp_retrans,114,114,0
client,roce_adp_retrans_to,0,0,0
client,roce_slow_restart,0,0,0
client,port_rcv_errors,0,0,0
client,local_link_integrity_errors,0,0,0
client,link_error_recovery,0,0,0
client,link_downed,0,0,0
server,duplicate_request,0,0,0
server,implied_nak_seq_err,0,0,0
server,lifespan,10,10,0
server,local_ack_timeout_err,0,0,0
server,np_cnp_sent,1,1,0
server,np_ecn_marked_roce_packets,0,0,0
server,out_of_buffer,983,983,0
server,out_of_sequence,1,1,0
server,packet_seq_err,0,0,0
server,req_cqe_error,50,50,0
server,req_cqe_flush_error,0,0,0
server,req_remote_access_errors,10,10,0
server,req_remote_invalid_request,10,10,0
server,req_rnr_retries_exceeded,0,0,0
server,req_transport_retries_exceeded,0,0,0
server,resp_cqe_error,0,0,0
server,resp_cqe_flush_error,0,0,0
server,resp_local_length_error,0,0,0
server,resp_remote_access_errors,0,0,0
server,rnr_nak_retry_err,0,0,0
server,roce_adp_retrans,0,0,0
server,roce_adp_retrans_to,0,0,0
server,roce_slow_restart,0,0,0
server,roce_slow_restart_cnps,0,0,0
server,roce_slow_restart_trans,0,0,0
server,rp_cnp_handled,0,0,0
server,rp_cnp_ignored,0,0,0
server,rx_atomic_requests,0,0,0
server,rx_dct_connect,0,0,0
server,rx_icrc_encapsulated,0,0,0
server,rx_read_requests,274,274,0
server,rx_write_requests,1606999737,1606999738,1
# REM_ACCESS_ADDR,trial=87,status=10,vendor_err=0x88,latency_us=1732
client,local_ack_timeout_err,0,0,0
client,out_of_sequence,0,0,0
client,packet_seq_err,0,0,0
client,implied_nak_seq_err,0,0,0
client,rnr_nak_retry_err,200,200,0
client,req_cqe_error,1729,1730,1
client,resp_cqe_error,0,0,0
client,req_cqe_flush_error,0,0,0
client,resp_cqe_flush_error,0,0,0
client,req_remote_invalid_request,200,200,0
client,req_remote_access_errors,477,478,1
client,resp_remote_access_errors,0,0,0
client,resp_local_length_error,0,0,0
client,duplicate_request,0,0,0
client,out_of_buffer,0,0,0
client,rx_icrc_encapsulated,0,0,0
client,req_transport_retries_exceeded,0,0,0
client,req_rnr_retries_exceeded,200,200,0
client,roce_adp_retrans,114,114,0
client,roce_adp_retrans_to,0,0,0
client,roce_slow_restart,0,0,0
client,port_rcv_errors,0,0,0
client,local_link_integrity_errors,0,0,0
client,link_error_recovery,0,0,0
client,link_downed,0,0,0
server,duplicate_request,0,0,0
server,implied_nak_seq_err,0,0,0
server,lifespan,10,10,0
server,local_ack_timeout_err,0,0,0
server,np_cnp_sent,1,1,0
server,np_ecn_marked_roce_packets,0,0,0
server,out_of_buffer,983,983,0
server,out_of_sequence,1,1,0
server,packet_seq_err,0,0,0
server,req_cqe_error,50,50,0
server,req_cqe_flush_error,0,0,0
server,req_remote_access_errors,10,10,0
server,req_remote_invalid_request,10,10,0
server,req_rnr_retries_exceeded,0,0,0
server,req_transport_retries_exceeded,0,0,0
server,resp_cqe_error,0,0,0
server,resp_cqe_flush_error,0,0,0
server,resp_local_length_error,0,0,0
server,resp_remote_access_errors,0,0,0
server,rnr_nak_retry_err,0,0,0
server,roce_adp_retrans,0,0,0
server,roce_adp_retrans_to,0,0,0
server,roce_slow_restart,0,0,0
server,roce_slow_restart_cnps,0,0,0
server,roce_slow_restart_trans,0,0,0
server,rp_cnp_handled,0,0,0
server,rp_cnp_ignored,0,0,0
server,rx_atomic_requests,0,0,0
server,rx_dct_connect,0,0,0
server,rx_icrc_encapsulated,0,0,0
server,rx_read_requests,274,274,0
server,rx_write_requests,1606999739,1606999740,1
# REM_ACCESS_ADDR,trial=88,status=10,vendor_err=0x88,latency_us=1777
client,local_ack_timeout_err,0,0,0
client,out_of_sequence,0,0,0
client,packet_seq_err,0,0,0
client,implied_nak_seq_err,0,0,0
client,rnr_nak_retry_err,200,200,0
client,req_cqe_error,1730,1731,1
client,resp_cqe_error,0,0,0
client,req_cqe_flush_error,0,0,0
client,resp_cqe_flush_error,0,0,0
client,req_remote_invalid_request,200,200,0
client,req_remote_access_errors,478,479,1
client,resp_remote_access_errors,0,0,0
client,resp_local_length_error,0,0,0
client,duplicate_request,0,0,0
client,out_of_buffer,0,0,0
client,rx_icrc_encapsulated,0,0,0
client,req_transport_retries_exceeded,0,0,0
client,req_rnr_retries_exceeded,200,200,0
client,roce_adp_retrans,114,114,0
client,roce_adp_retrans_to,0,0,0
client,roce_slow_restart,0,0,0
client,port_rcv_errors,0,0,0
client,local_link_integrity_errors,0,0,0
client,link_error_recovery,0,0,0
client,link_downed,0,0,0
server,duplicate_request,0,0,0
server,implied_nak_seq_err,0,0,0
server,lifespan,10,10,0
server,local_ack_timeout_err,0,0,0
server,np_cnp_sent,1,1,0
server,np_ecn_marked_roce_packets,0,0,0
server,out_of_buffer,983,983,0
server,out_of_sequence,1,1,0
server,packet_seq_err,0,0,0
server,req_cqe_error,50,50,0
server,req_cqe_flush_error,0,0,0
server,req_remote_access_errors,10,10,0
server,req_remote_invalid_request,10,10,0
server,req_rnr_retries_exceeded,0,0,0
server,req_transport_retries_exceeded,0,0,0
server,resp_cqe_error,0,0,0
server,resp_cqe_flush_error,0,0,0
server,resp_local_length_error,0,0,0
server,resp_remote_access_errors,0,0,0
server,rnr_nak_retry_err,0,0,0
server,roce_adp_retrans,0,0,0
server,roce_adp_retrans_to,0,0,0
server,roce_slow_restart,0,0,0
server,roce_slow_restart_cnps,0,0,0
server,roce_slow_restart_trans,0,0,0
server,rp_cnp_handled,0,0,0
server,rp_cnp_ignored,0,0,0
server,rx_atomic_requests,0,0,0
server,rx_dct_connect,0,0,0
server,rx_icrc_encapsulated,0,0,0
server,rx_read_requests,274,274,0
server,rx_write_requests,1606999741,1606999742,1
# REM_ACCESS_ADDR,trial=89,status=10,vendor_err=0x88,latency_us=1734
client,local_ack_timeout_err,0,0,0
client,out_of_sequence,0,0,0
client,packet_seq_err,0,0,0
client,implied_nak_seq_err,0,0,0
client,rnr_nak_retry_err,200,200,0
client,req_cqe_error,1731,1732,1
client,resp_cqe_error,0,0,0
client,req_cqe_flush_error,0,0,0
client,resp_cqe_flush_error,0,0,0
client,req_remote_invalid_request,200,200,0
client,req_remote_access_errors,479,480,1
client,resp_remote_access_errors,0,0,0
client,resp_local_length_error,0,0,0
client,duplicate_request,0,0,0
client,out_of_buffer,0,0,0
client,rx_icrc_encapsulated,0,0,0
client,req_transport_retries_exceeded,0,0,0
client,req_rnr_retries_exceeded,200,200,0
client,roce_adp_retrans,114,114,0
client,roce_adp_retrans_to,0,0,0
client,roce_slow_restart,0,0,0
client,port_rcv_errors,0,0,0
client,local_link_integrity_errors,0,0,0
client,link_error_recovery,0,0,0
client,link_downed,0,0,0
server,duplicate_request,0,0,0
server,implied_nak_seq_err,0,0,0
server,lifespan,10,10,0
server,local_ack_timeout_err,0,0,0
server,np_cnp_sent,1,1,0
server,np_ecn_marked_roce_packets,0,0,0
server,out_of_buffer,983,983,0
server,out_of_sequence,1,1,0
server,packet_seq_err,0,0,0
server,req_cqe_error,50,50,0
server,req_cqe_flush_error,0,0,0
server,req_remote_access_errors,10,10,0
server,req_remote_invalid_request,10,10,0
server,req_rnr_retries_exceeded,0,0,0
server,req_transport_retries_exceeded,0,0,0
server,resp_cqe_error,0,0,0
server,resp_cqe_flush_error,0,0,0
server,resp_local_length_error,0,0,0
server,resp_remote_access_errors,0,0,0
server,rnr_nak_retry_err,0,0,0
server,roce_adp_retrans,0,0,0
server,roce_adp_retrans_to,0,0,0
server,roce_slow_restart,0,0,0
server,roce_slow_restart_cnps,0,0,0
server,roce_slow_restart_trans,0,0,0
server,rp_cnp_handled,0,0,0
server,rp_cnp_ignored,0,0,0
server,rx_atomic_requests,0,0,0
server,rx_dct_connect,0,0,0
server,rx_icrc_encapsulated,0,0,0
server,rx_read_requests,274,274,0
server,rx_write_requests,1606999743,1606999744,1
# REM_ACCESS_ADDR,trial=90,status=10,vendor_err=0x88,latency_us=1731
client,local_ack_timeout_err,0,0,0
client,out_of_sequence,0,0,0
client,packet_seq_err,0,0,0
client,implied_nak_seq_err,0,0,0
client,rnr_nak_retry_err,200,200,0
client,req_cqe_error,1732,1733,1
client,resp_cqe_error,0,0,0
client,req_cqe_flush_error,0,0,0
client,resp_cqe_flush_error,0,0,0
client,req_remote_invalid_request,200,200,0
client,req_remote_access_errors,480,481,1
client,resp_remote_access_errors,0,0,0
client,resp_local_length_error,0,0,0
client,duplicate_request,0,0,0
client,out_of_buffer,0,0,0
client,rx_icrc_encapsulated,0,0,0
client,req_transport_retries_exceeded,0,0,0
client,req_rnr_retries_exceeded,200,200,0
client,roce_adp_retrans,114,114,0
client,roce_adp_retrans_to,0,0,0
client,roce_slow_restart,0,0,0
client,port_rcv_errors,0,0,0
client,local_link_integrity_errors,0,0,0
client,link_error_recovery,0,0,0
client,link_downed,0,0,0
server,duplicate_request,0,0,0
server,implied_nak_seq_err,0,0,0
server,lifespan,10,10,0
server,local_ack_timeout_err,0,0,0
server,np_cnp_sent,1,1,0
server,np_ecn_marked_roce_packets,0,0,0
server,out_of_buffer,983,983,0
server,out_of_sequence,1,1,0
server,packet_seq_err,0,0,0
server,req_cqe_error,50,50,0
server,req_cqe_flush_error,0,0,0
server,req_remote_access_errors,10,10,0
server,req_remote_invalid_request,10,10,0
server,req_rnr_retries_exceeded,0,0,0
server,req_transport_retries_exceeded,0,0,0
server,resp_cqe_error,0,0,0
server,resp_cqe_flush_error,0,0,0
server,resp_local_length_error,0,0,0
server,resp_remote_access_errors,0,0,0
server,rnr_nak_retry_err,0,0,0
server,roce_adp_retrans,0,0,0
server,roce_adp_retrans_to,0,0,0
server,roce_slow_restart,0,0,0
server,roce_slow_restart_cnps,0,0,0
server,roce_slow_restart_trans,0,0,0
server,rp_cnp_handled,0,0,0
server,rp_cnp_ignored,0,0,0
server,rx_atomic_requests,0,0,0
server,rx_dct_connect,0,0,0
server,rx_icrc_encapsulated,0,0,0
server,rx_read_requests,274,274,0
server,rx_write_requests,1606999745,1606999746,1
# REM_ACCESS_ADDR,trial=91,status=10,vendor_err=0x88,latency_us=1744
client,local_ack_timeout_err,0,0,0
client,out_of_sequence,0,0,0
client,packet_seq_err,0,0,0
client,implied_nak_seq_err,0,0,0
client,rnr_nak_retry_err,200,200,0
client,req_cqe_error,1733,1734,1
client,resp_cqe_error,0,0,0
client,req_cqe_flush_error,0,0,0
client,resp_cqe_flush_error,0,0,0
client,req_remote_invalid_request,200,200,0
client,req_remote_access_errors,481,482,1
client,resp_remote_access_errors,0,0,0
client,resp_local_length_error,0,0,0
client,duplicate_request,0,0,0
client,out_of_buffer,0,0,0
client,rx_icrc_encapsulated,0,0,0
client,req_transport_retries_exceeded,0,0,0
client,req_rnr_retries_exceeded,200,200,0
client,roce_adp_retrans,114,114,0
client,roce_adp_retrans_to,0,0,0
client,roce_slow_restart,0,0,0
client,port_rcv_errors,0,0,0
client,local_link_integrity_errors,0,0,0
client,link_error_recovery,0,0,0
client,link_downed,0,0,0
server,duplicate_request,0,0,0
server,implied_nak_seq_err,0,0,0
server,lifespan,10,10,0
server,local_ack_timeout_err,0,0,0
server,np_cnp_sent,1,1,0
server,np_ecn_marked_roce_packets,0,0,0
server,out_of_buffer,983,983,0
server,out_of_sequence,1,1,0
server,packet_seq_err,0,0,0
server,req_cqe_error,50,50,0
server,req_cqe_flush_error,0,0,0
server,req_remote_access_errors,10,10,0
server,req_remote_invalid_request,10,10,0
server,req_rnr_retries_exceeded,0,0,0
server,req_transport_retries_exceeded,0,0,0
server,resp_cqe_error,0,0,0
server,resp_cqe_flush_error,0,0,0
server,resp_local_length_error,0,0,0
server,resp_remote_access_errors,0,0,0
server,rnr_nak_retry_err,0,0,0
server,roce_adp_retrans,0,0,0
server,roce_adp_retrans_to,0,0,0
server,roce_slow_restart,0,0,0
server,roce_slow_restart_cnps,0,0,0
server,roce_slow_restart_trans,0,0,0
server,rp_cnp_handled,0,0,0
server,rp_cnp_ignored,0,0,0
server,rx_atomic_requests,0,0,0
server,rx_dct_connect,0,0,0
server,rx_icrc_encapsulated,0,0,0
server,rx_read_requests,274,274,0
server,rx_write_requests,1606999747,1606999748,1
# REM_ACCESS_ADDR,trial=92,status=10,vendor_err=0x88,latency_us=1735
client,local_ack_timeout_err,0,0,0
client,out_of_sequence,0,0,0
client,packet_seq_err,0,0,0
client,implied_nak_seq_err,0,0,0
client,rnr_nak_retry_err,200,200,0
client,req_cqe_error,1734,1735,1
client,resp_cqe_error,0,0,0
client,req_cqe_flush_error,0,0,0
client,resp_cqe_flush_error,0,0,0
client,req_remote_invalid_request,200,200,0
client,req_remote_access_errors,482,483,1
client,resp_remote_access_errors,0,0,0
client,resp_local_length_error,0,0,0
client,duplicate_request,0,0,0
client,out_of_buffer,0,0,0
client,rx_icrc_encapsulated,0,0,0
client,req_transport_retries_exceeded,0,0,0
client,req_rnr_retries_exceeded,200,200,0
client,roce_adp_retrans,114,114,0
client,roce_adp_retrans_to,0,0,0
client,roce_slow_restart,0,0,0
client,port_rcv_errors,0,0,0
client,local_link_integrity_errors,0,0,0
client,link_error_recovery,0,0,0
client,link_downed,0,0,0
server,duplicate_request,0,0,0
server,implied_nak_seq_err,0,0,0
server,lifespan,10,10,0
server,local_ack_timeout_err,0,0,0
server,np_cnp_sent,1,1,0
server,np_ecn_marked_roce_packets,0,0,0
server,out_of_buffer,983,983,0
server,out_of_sequence,1,1,0
server,packet_seq_err,0,0,0
server,req_cqe_error,50,50,0
server,req_cqe_flush_error,0,0,0
server,req_remote_access_errors,10,10,0
server,req_remote_invalid_request,10,10,0
server,req_rnr_retries_exceeded,0,0,0
server,req_transport_retries_exceeded,0,0,0
server,resp_cqe_error,0,0,0
server,resp_cqe_flush_error,0,0,0
server,resp_local_length_error,0,0,0
server,resp_remote_access_errors,0,0,0
server,rnr_nak_retry_err,0,0,0
server,roce_adp_retrans,0,0,0
server,roce_adp_retrans_to,0,0,0
server,roce_slow_restart,0,0,0
server,roce_slow_restart_cnps,0,0,0
server,roce_slow_restart_trans,0,0,0
server,rp_cnp_handled,0,0,0
server,rp_cnp_ignored,0,0,0
server,rx_atomic_requests,0,0,0
server,rx_dct_connect,0,0,0
server,rx_icrc_encapsulated,0,0,0
server,rx_read_requests,274,274,0
server,rx_write_requests,1606999749,1606999750,1
# REM_ACCESS_ADDR,trial=93,status=10,vendor_err=0x88,latency_us=1731
client,local_ack_timeout_err,0,0,0
client,out_of_sequence,0,0,0
client,packet_seq_err,0,0,0
client,implied_nak_seq_err,0,0,0
client,rnr_nak_retry_err,200,200,0
client,req_cqe_error,1735,1736,1
client,resp_cqe_error,0,0,0
client,req_cqe_flush_error,0,0,0
client,resp_cqe_flush_error,0,0,0
client,req_remote_invalid_request,200,200,0
client,req_remote_access_errors,483,484,1
client,resp_remote_access_errors,0,0,0
client,resp_local_length_error,0,0,0
client,duplicate_request,0,0,0
client,out_of_buffer,0,0,0
client,rx_icrc_encapsulated,0,0,0
client,req_transport_retries_exceeded,0,0,0
client,req_rnr_retries_exceeded,200,200,0
client,roce_adp_retrans,114,114,0
client,roce_adp_retrans_to,0,0,0
client,roce_slow_restart,0,0,0
client,port_rcv_errors,0,0,0
client,local_link_integrity_errors,0,0,0
client,link_error_recovery,0,0,0
client,link_downed,0,0,0
server,duplicate_request,0,0,0
server,implied_nak_seq_err,0,0,0
server,lifespan,10,10,0
server,local_ack_timeout_err,0,0,0
server,np_cnp_sent,1,1,0
server,np_ecn_marked_roce_packets,0,0,0
server,out_of_buffer,983,983,0
server,out_of_sequence,1,1,0
server,packet_seq_err,0,0,0
server,req_cqe_error,50,50,0
server,req_cqe_flush_error,0,0,0
server,req_remote_access_errors,10,10,0
server,req_remote_invalid_request,10,10,0
server,req_rnr_retries_exceeded,0,0,0
server,req_transport_retries_exceeded,0,0,0
server,resp_cqe_error,0,0,0
server,resp_cqe_flush_error,0,0,0
server,resp_local_length_error,0,0,0
server,resp_remote_access_errors,0,0,0
server,rnr_nak_retry_err,0,0,0
server,roce_adp_retrans,0,0,0
server,roce_adp_retrans_to,0,0,0
server,roce_slow_restart,0,0,0
server,roce_slow_restart_cnps,0,0,0
server,roce_slow_restart_trans,0,0,0
server,rp_cnp_handled,0,0,0
server,rp_cnp_ignored,0,0,0
server,rx_atomic_requests,0,0,0
server,rx_dct_connect,0,0,0
server,rx_icrc_encapsulated,0,0,0
server,rx_read_requests,274,274,0
server,rx_write_requests,1606999751,1606999752,1
# REM_ACCESS_ADDR,trial=94,status=10,vendor_err=0x88,latency_us=1735
client,local_ack_timeout_err,0,0,0
client,out_of_sequence,0,0,0
client,packet_seq_err,0,0,0
client,implied_nak_seq_err,0,0,0
client,rnr_nak_retry_err,200,200,0
client,req_cqe_error,1736,1737,1
client,resp_cqe_error,0,0,0
client,req_cqe_flush_error,0,0,0
client,resp_cqe_flush_error,0,0,0
client,req_remote_invalid_request,200,200,0
client,req_remote_access_errors,484,485,1
client,resp_remote_access_errors,0,0,0
client,resp_local_length_error,0,0,0
client,duplicate_request,0,0,0
client,out_of_buffer,0,0,0
client,rx_icrc_encapsulated,0,0,0
client,req_transport_retries_exceeded,0,0,0
client,req_rnr_retries_exceeded,200,200,0
client,roce_adp_retrans,114,114,0
client,roce_adp_retrans_to,0,0,0
client,roce_slow_restart,0,0,0
client,port_rcv_errors,0,0,0
client,local_link_integrity_errors,0,0,0
client,link_error_recovery,0,0,0
client,link_downed,0,0,0
server,duplicate_request,0,0,0
server,implied_nak_seq_err,0,0,0
server,lifespan,10,10,0
server,local_ack_timeout_err,0,0,0
server,np_cnp_sent,1,1,0
server,np_ecn_marked_roce_packets,0,0,0
server,out_of_buffer,983,983,0
server,out_of_sequence,1,1,0
server,packet_seq_err,0,0,0
server,req_cqe_error,50,50,0
server,req_cqe_flush_error,0,0,0
server,req_remote_access_errors,10,10,0
server,req_remote_invalid_request,10,10,0
server,req_rnr_retries_exceeded,0,0,0
server,req_transport_retries_exceeded,0,0,0
server,resp_cqe_error,0,0,0
server,resp_cqe_flush_error,0,0,0
server,resp_local_length_error,0,0,0
server,resp_remote_access_errors,0,0,0
server,rnr_nak_retry_err,0,0,0
server,roce_adp_retrans,0,0,0
server,roce_adp_retrans_to,0,0,0
server,roce_slow_restart,0,0,0
server,roce_slow_restart_cnps,0,0,0
server,roce_slow_restart_trans,0,0,0
server,rp_cnp_handled,0,0,0
server,rp_cnp_ignored,0,0,0
server,rx_atomic_requests,0,0,0
server,rx_dct_connect,0,0,0
server,rx_icrc_encapsulated,0,0,0
server,rx_read_requests,274,274,0
server,rx_write_requests,1606999753,1606999754,1
# REM_ACCESS_ADDR,trial=95,status=10,vendor_err=0x88,latency_us=1731
client,local_ack_timeout_err,0,0,0
client,out_of_sequence,0,0,0
client,packet_seq_err,0,0,0
client,implied_nak_seq_err,0,0,0
client,rnr_nak_retry_err,200,200,0
client,req_cqe_error,1737,1738,1
client,resp_cqe_error,0,0,0
client,req_cqe_flush_error,0,0,0
client,resp_cqe_flush_error,0,0,0
client,req_remote_invalid_request,200,200,0
client,req_remote_access_errors,485,486,1
client,resp_remote_access_errors,0,0,0
client,resp_local_length_error,0,0,0
client,duplicate_request,0,0,0
client,out_of_buffer,0,0,0
client,rx_icrc_encapsulated,0,0,0
client,req_transport_retries_exceeded,0,0,0
client,req_rnr_retries_exceeded,200,200,0
client,roce_adp_retrans,114,114,0
client,roce_adp_retrans_to,0,0,0
client,roce_slow_restart,0,0,0
client,port_rcv_errors,0,0,0
client,local_link_integrity_errors,0,0,0
client,link_error_recovery,0,0,0
client,link_downed,0,0,0
server,duplicate_request,0,0,0
server,implied_nak_seq_err,0,0,0
server,lifespan,10,10,0
server,local_ack_timeout_err,0,0,0
server,np_cnp_sent,1,1,0
server,np_ecn_marked_roce_packets,0,0,0
server,out_of_buffer,983,983,0
server,out_of_sequence,1,1,0
server,packet_seq_err,0,0,0
server,req_cqe_error,50,50,0
server,req_cqe_flush_error,0,0,0
server,req_remote_access_errors,10,10,0
server,req_remote_invalid_request,10,10,0
server,req_rnr_retries_exceeded,0,0,0
server,req_transport_retries_exceeded,0,0,0
server,resp_cqe_error,0,0,0
server,resp_cqe_flush_error,0,0,0
server,resp_local_length_error,0,0,0
server,resp_remote_access_errors,0,0,0
server,rnr_nak_retry_err,0,0,0
server,roce_adp_retrans,0,0,0
server,roce_adp_retrans_to,0,0,0
server,roce_slow_restart,0,0,0
server,roce_slow_restart_cnps,0,0,0
server,roce_slow_restart_trans,0,0,0
server,rp_cnp_handled,0,0,0
server,rp_cnp_ignored,0,0,0
server,rx_atomic_requests,0,0,0
server,rx_dct_connect,0,0,0
server,rx_icrc_encapsulated,0,0,0
server,rx_read_requests,274,274,0
server,rx_write_requests,1606999755,1606999756,1
# REM_ACCESS_ADDR,trial=96,status=10,vendor_err=0x88,latency_us=1743
client,local_ack_timeout_err,0,0,0
client,out_of_sequence,0,0,0
client,packet_seq_err,0,0,0
client,implied_nak_seq_err,0,0,0
client,rnr_nak_retry_err,200,200,0
client,req_cqe_error,1738,1739,1
client,resp_cqe_error,0,0,0
client,req_cqe_flush_error,0,0,0
client,resp_cqe_flush_error,0,0,0
client,req_remote_invalid_request,200,200,0
client,req_remote_access_errors,486,487,1
client,resp_remote_access_errors,0,0,0
client,resp_local_length_error,0,0,0
client,duplicate_request,0,0,0
client,out_of_buffer,0,0,0
client,rx_icrc_encapsulated,0,0,0
client,req_transport_retries_exceeded,0,0,0
client,req_rnr_retries_exceeded,200,200,0
client,roce_adp_retrans,114,114,0
client,roce_adp_retrans_to,0,0,0
client,roce_slow_restart,0,0,0
client,port_rcv_errors,0,0,0
client,local_link_integrity_errors,0,0,0
client,link_error_recovery,0,0,0
client,link_downed,0,0,0
server,duplicate_request,0,0,0
server,implied_nak_seq_err,0,0,0
server,lifespan,10,10,0
server,local_ack_timeout_err,0,0,0
server,np_cnp_sent,1,1,0
server,np_ecn_marked_roce_packets,0,0,0
server,out_of_buffer,983,983,0
server,out_of_sequence,1,1,0
server,packet_seq_err,0,0,0
server,req_cqe_error,50,50,0
server,req_cqe_flush_error,0,0,0
server,req_remote_access_errors,10,10,0
server,req_remote_invalid_request,10,10,0
server,req_rnr_retries_exceeded,0,0,0
server,req_transport_retries_exceeded,0,0,0
server,resp_cqe_error,0,0,0
server,resp_cqe_flush_error,0,0,0
server,resp_local_length_error,0,0,0
server,resp_remote_access_errors,0,0,0
server,rnr_nak_retry_err,0,0,0
server,roce_adp_retrans,0,0,0
server,roce_adp_retrans_to,0,0,0
server,roce_slow_restart,0,0,0
server,roce_slow_restart_cnps,0,0,0
server,roce_slow_restart_trans,0,0,0
server,rp_cnp_handled,0,0,0
server,rp_cnp_ignored,0,0,0
server,rx_atomic_requests,0,0,0
server,rx_dct_connect,0,0,0
server,rx_icrc_encapsulated,0,0,0
server,rx_read_requests,274,274,0
server,rx_write_requests,1606999757,1606999758,1
# REM_ACCESS_ADDR,trial=97,status=10,vendor_err=0x88,latency_us=1739
client,local_ack_timeout_err,0,0,0
client,out_of_sequence,0,0,0
client,packet_seq_err,0,0,0
client,implied_nak_seq_err,0,0,0
client,rnr_nak_retry_err,200,200,0
client,req_cqe_error,1739,1740,1
client,resp_cqe_error,0,0,0
client,req_cqe_flush_error,0,0,0
client,resp_cqe_flush_error,0,0,0
client,req_remote_invalid_request,200,200,0
client,req_remote_access_errors,487,488,1
client,resp_remote_access_errors,0,0,0
client,resp_local_length_error,0,0,0
client,duplicate_request,0,0,0
client,out_of_buffer,0,0,0
client,rx_icrc_encapsulated,0,0,0
client,req_transport_retries_exceeded,0,0,0
client,req_rnr_retries_exceeded,200,200,0
client,roce_adp_retrans,114,114,0
client,roce_adp_retrans_to,0,0,0
client,roce_slow_restart,0,0,0
client,port_rcv_errors,0,0,0
client,local_link_integrity_errors,0,0,0
client,link_error_recovery,0,0,0
client,link_downed,0,0,0
server,duplicate_request,0,0,0
server,implied_nak_seq_err,0,0,0
server,lifespan,10,10,0
server,local_ack_timeout_err,0,0,0
server,np_cnp_sent,1,1,0
server,np_ecn_marked_roce_packets,0,0,0
server,out_of_buffer,983,983,0
server,out_of_sequence,1,1,0
server,packet_seq_err,0,0,0
server,req_cqe_error,50,50,0
server,req_cqe_flush_error,0,0,0
server,req_remote_access_errors,10,10,0
server,req_remote_invalid_request,10,10,0
server,req_rnr_retries_exceeded,0,0,0
server,req_transport_retries_exceeded,0,0,0
server,resp_cqe_error,0,0,0
server,resp_cqe_flush_error,0,0,0
server,resp_local_length_error,0,0,0
server,resp_remote_access_errors,0,0,0
server,rnr_nak_retry_err,0,0,0
server,roce_adp_retrans,0,0,0
server,roce_adp_retrans_to,0,0,0
server,roce_slow_restart,0,0,0
server,roce_slow_restart_cnps,0,0,0
server,roce_slow_restart_trans,0,0,0
server,rp_cnp_handled,0,0,0
server,rp_cnp_ignored,0,0,0
server,rx_atomic_requests,0,0,0
server,rx_dct_connect,0,0,0
server,rx_icrc_encapsulated,0,0,0
server,rx_read_requests,274,274,0
server,rx_write_requests,1606999759,1606999760,1
# REM_ACCESS_ADDR,trial=98,status=10,vendor_err=0x88,latency_us=1748
client,local_ack_timeout_err,0,0,0
client,out_of_sequence,0,0,0
client,packet_seq_err,0,0,0
client,implied_nak_seq_err,0,0,0
client,rnr_nak_retry_err,200,200,0
client,req_cqe_error,1740,1741,1
client,resp_cqe_error,0,0,0
client,req_cqe_flush_error,0,0,0
client,resp_cqe_flush_error,0,0,0
client,req_remote_invalid_request,200,200,0
client,req_remote_access_errors,488,489,1
client,resp_remote_access_errors,0,0,0
client,resp_local_length_error,0,0,0
client,duplicate_request,0,0,0
client,out_of_buffer,0,0,0
client,rx_icrc_encapsulated,0,0,0
client,req_transport_retries_exceeded,0,0,0
client,req_rnr_retries_exceeded,200,200,0
client,roce_adp_retrans,114,114,0
client,roce_adp_retrans_to,0,0,0
client,roce_slow_restart,0,0,0
client,port_rcv_errors,0,0,0
client,local_link_integrity_errors,0,0,0
client,link_error_recovery,0,0,0
client,link_downed,0,0,0
server,duplicate_request,0,0,0
server,implied_nak_seq_err,0,0,0
server,lifespan,10,10,0
server,local_ack_timeout_err,0,0,0
server,np_cnp_sent,1,1,0
server,np_ecn_marked_roce_packets,0,0,0
server,out_of_buffer,983,983,0
server,out_of_sequence,1,1,0
server,packet_seq_err,0,0,0
server,req_cqe_error,50,50,0
server,req_cqe_flush_error,0,0,0
server,req_remote_access_errors,10,10,0
server,req_remote_invalid_request,10,10,0
server,req_rnr_retries_exceeded,0,0,0
server,req_transport_retries_exceeded,0,0,0
server,resp_cqe_error,0,0,0
server,resp_cqe_flush_error,0,0,0
server,resp_local_length_error,0,0,0
server,resp_remote_access_errors,0,0,0
server,rnr_nak_retry_err,0,0,0
server,roce_adp_retrans,0,0,0
server,roce_adp_retrans_to,0,0,0
server,roce_slow_restart,0,0,0
server,roce_slow_restart_cnps,0,0,0
server,roce_slow_restart_trans,0,0,0
server,rp_cnp_handled,0,0,0
server,rp_cnp_ignored,0,0,0
server,rx_atomic_requests,0,0,0
server,rx_dct_connect,0,0,0
server,rx_icrc_encapsulated,0,0,0
server,rx_read_requests,274,274,0
server,rx_write_requests,1606999761,1606999762,1
# REM_ACCESS_ADDR,trial=99,status=10,vendor_err=0x88,latency_us=1735
client,local_ack_timeout_err,0,0,0
client,out_of_sequence,0,0,0
client,packet_seq_err,0,0,0
client,implied_nak_seq_err,0,0,0
client,rnr_nak_retry_err,200,200,0
client,req_cqe_error,1741,1742,1
client,resp_cqe_error,0,0,0
client,req_cqe_flush_error,0,0,0
client,resp_cqe_flush_error,0,0,0
client,req_remote_invalid_request,200,200,0
client,req_remote_access_errors,489,490,1
client,resp_remote_access_errors,0,0,0
client,resp_local_length_error,0,0,0
client,duplicate_request,0,0,0
client,out_of_buffer,0,0,0
client,rx_icrc_encapsulated,0,0,0
client,req_transport_retries_exceeded,0,0,0
client,req_rnr_retries_exceeded,200,200,0
client,roce_adp_retrans,114,114,0
client,roce_adp_retrans_to,0,0,0
client,roce_slow_restart,0,0,0
client,port_rcv_errors,0,0,0
client,local_link_integrity_errors,0,0,0
client,link_error_recovery,0,0,0
client,link_downed,0,0,0
server,duplicate_request,0,0,0
server,implied_nak_seq_err,0,0,0
server,lifespan,10,10,0
server,local_ack_timeout_err,0,0,0
server,np_cnp_sent,1,1,0
server,np_ecn_marked_roce_packets,0,0,0
server,out_of_buffer,983,983,0
server,out_of_sequence,1,1,0
server,packet_seq_err,0,0,0
server,req_cqe_error,50,50,0
server,req_cqe_flush_error,0,0,0
server,req_remote_access_errors,10,10,0
server,req_remote_invalid_request,10,10,0
server,req_rnr_retries_exceeded,0,0,0
server,req_transport_retries_exceeded,0,0,0
server,resp_cqe_error,0,0,0
server,resp_cqe_flush_error,0,0,0
server,resp_local_length_error,0,0,0
server,resp_remote_access_errors,0,0,0
server,rnr_nak_retry_err,0,0,0
server,roce_adp_retrans,0,0,0
server,roce_adp_retrans_to,0,0,0
server,roce_slow_restart,0,0,0
server,roce_slow_restart_cnps,0,0,0
server,roce_slow_restart_trans,0,0,0
server,rp_cnp_handled,0,0,0
server,rp_cnp_ignored,0,0,0
server,rx_atomic_requests,0,0,0
server,rx_dct_connect,0,0,0
server,rx_icrc_encapsulated,0,0,0
server,rx_read_requests,274,274,0
server,rx_write_requests,1606999763,1606999764,1
