side,counter,before,after,delta
# REM_INV_REQ,trial=0,status=9,vendor_err=0x8a,latency_us=1887
client,local_ack_timeout_err,0,0,0
client,out_of_sequence,0,0,0
client,packet_seq_err,0,0,0
client,implied_nak_seq_err,0,0,0
client,rnr_nak_retry_err,100,100,0
client,req_cqe_error,1342,1343,1
client,resp_cqe_error,0,0,0
client,req_cqe_flush_error,0,0,0
client,resp_cqe_flush_error,0,0,0
client,req_remote_invalid_request,100,101,1
client,req_remote_access_errors,290,290,0
client,resp_remote_access_errors,0,0,0
client,resp_local_length_error,0,0,0
client,duplicate_request,0,0,0
client,out_of_buffer,0,0,0
client,rx_icrc_encapsulated,0,0,0
client,req_transport_retries_exceeded,0,0,0
client,req_rnr_retries_exceeded,100,100,0
client,roce_adp_retrans,114,114,0
client,roce_adp_retrans_to,0,0,0
client,roce_slow_restart,0,0,0
client,port_rcv_errors,0,0,0
client,local_link_integrity_errors,0,0,0
client,link_error_recovery,0,0,0
client,link_downed,0,0,0
server,duplicate_request,0,0,0
server,implied_nak_seq_err,0,0,0
server,lifespan,10,10,0
server,local_ack_timeout_err,0,0,0
server,np_cnp_sent,1,1,0
server,np_ecn_marked_roce_packets,0,0,0
server,out_of_buffer,883,883,0
server,out_of_sequence,1,1,0
server,packet_seq_err,0,0,0
server,req_cqe_error,50,50,0
server,req_cqe_flush_error,0,0,0
server,req_remote_access_errors,10,10,0
server,req_remote_invalid_request,10,10,0
server,req_rnr_retries_exceeded,0,0,0
server,req_transport_retries_exceeded,0,0,0
server,resp_cqe_error,0,0,0
server,resp_cqe_flush_error,0,0,0
server,resp_local_length_error,0,0,0
server,resp_remote_access_errors,0,0,0
server,rnr_nak_retry_err,0,0,0
server,roce_adp_retrans,0,0,0
server,roce_adp_retrans_to,0,0,0
server,roce_slow_restart,0,0,0
server,roce_slow_restart_cnps,0,0,0
server,roce_slow_restart_trans,0,0,0
server,rp_cnp_handled,0,0,0
server,rp_cnp_ignored,0,0,0
server,rx_atomic_requests,0,0,0
server,rx_dct_connect,0,0,0
server,rx_icrc_encapsulated,0,0,0
server,rx_read_requests,274,274,0
server,rx_write_requests,1606999364,1606999364,0
# REM_INV_REQ,trial=1,status=9,vendor_err=0x8a,latency_us=1649
client,local_ack_timeout_err,0,0,0
client,out_of_sequence,0,0,0
client,packet_seq_err,0,0,0
client,implied_nak_seq_err,0,0,0
client,rnr_nak_retry_err,100,100,0
client,req_cqe_error,1343,1344,1
client,resp_cqe_error,0,0,0
client,req_cqe_flush_error,0,0,0
client,resp_cqe_flush_error,0,0,0
client,req_remote_invalid_request,101,102,1
client,req_remote_access_errors,290,290,0
client,resp_remote_access_errors,0,0,0
client,resp_local_length_error,0,0,0
client,duplicate_request,0,0,0
client,out_of_buffer,0,0,0
client,rx_icrc_encapsulated,0,0,0
client,req_transport_retries_exceeded,0,0,0
client,req_rnr_retries_exceeded,100,100,0
client,roce_adp_retrans,114,114,0
client,roce_adp_retrans_to,0,0,0
client,roce_slow_restart,0,0,0
client,port_rcv_errors,0,0,0
client,local_link_integrity_errors,0,0,0
client,link_error_recovery,0,0,0
client,link_downed,0,0,0
server,duplicate_request,0,0,0
server,implied_nak_seq_err,0,0,0
server,lifespan,10,10,0
server,local_ack_timeout_err,0,0,0
server,np_cnp_sent,1,1,0
server,np_ecn_marked_roce_packets,0,0,0
server,out_of_buffer,883,883,0
server,out_of_sequence,1,1,0
server,packet_seq_err,0,0,0
server,req_cqe_error,50,50,0
server,req_cqe_flush_error,0,0,0
server,req_remote_access_errors,10,10,0
server,req_remote_invalid_request,10,10,0
server,req_rnr_retries_exceeded,0,0,0
server,req_transport_retries_exceeded,0,0,0
server,resp_cqe_error,0,0,0
server,resp_cqe_flush_error,0,0,0
server,resp_local_length_error,0,0,0
server,resp_remote_access_errors,0,0,0
server,rnr_nak_retry_err,0,0,0
server,roce_adp_retrans,0,0,0
server,roce_adp_retrans_to,0,0,0
server,roce_slow_restart,0,0,0
server,roce_slow_restart_cnps,0,0,0
server,roce_slow_restart_trans,0,0,0
server,rp_cnp_handled,0,0,0
server,rp_cnp_ignored,0,0,0
server,rx_atomic_requests,0,0,0
server,rx_dct_connect,0,0,0
server,rx_icrc_encapsulated,0,0,0
server,rx_read_requests,274,274,0
server,rx_write_requests,1606999364,1606999364,0
# REM_INV_REQ,trial=2,status=9,vendor_err=0x8a,latency_us=1645
client,local_ack_timeout_err,0,0,0
client,out_of_sequence,0,0,0
client,packet_seq_err,0,0,0
client,implied_nak_seq_err,0,0,0
client,rnr_nak_retry_err,100,100,0
client,req_cqe_error,1344,1345,1
client,resp_cqe_error,0,0,0
client,req_cqe_flush_error,0,0,0
client,resp_cqe_flush_error,0,0,0
client,req_remote_invalid_request,102,103,1
client,req_remote_access_errors,290,290,0
client,resp_remote_access_errors,0,0,0
client,resp_local_length_error,0,0,0
client,duplicate_request,0,0,0
client,out_of_buffer,0,0,0
client,rx_icrc_encapsulated,0,0,0
client,req_transport_retries_exceeded,0,0,0
client,req_rnr_retries_exceeded,100,100,0
client,roce_adp_retrans,114,114,0
client,roce_adp_retrans_to,0,0,0
client,roce_slow_restart,0,0,0
client,port_rcv_errors,0,0,0
client,local_link_integrity_errors,0,0,0
client,link_error_recovery,0,0,0
client,link_downed,0,0,0
server,duplicate_request,0,0,0
server,implied_nak_seq_err,0,0,0
server,lifespan,10,10,0
server,local_ack_timeout_err,0,0,0
server,np_cnp_sent,1,1,0
server,np_ecn_marked_roce_packets,0,0,0
server,out_of_buffer,883,883,0
server,out_of_sequence,1,1,0
server,packet_seq_err,0,0,0
server,req_cqe_error,50,50,0
server,req_cqe_flush_error,0,0,0
server,req_remote_access_errors,10,10,0
server,req_remote_invalid_request,10,10,0
server,req_rnr_retries_exceeded,0,0,0
server,req_transport_retries_exceeded,0,0,0
server,resp_cqe_error,0,0,0
server,resp_cqe_flush_error,0,0,0
server,resp_local_length_error,0,0,0
server,resp_remote_access_errors,0,0,0
server,rnr_nak_retry_err,0,0,0
server,roce_adp_retrans,0,0,0
server,roce_adp_retrans_to,0,0,0
server,roce_slow_restart,0,0,0
server,roce_slow_restart_cnps,0,0,0
server,roce_slow_restart_trans,0,0,0
server,rp_cnp_handled,0,0,0
server,rp_cnp_ignored,0,0,0
server,rx_atomic_requests,0,0,0
server,rx_dct_connect,0,0,0
server,rx_icrc_encapsulated,0,0,0
server,rx_read_requests,274,274,0
server,rx_write_requests,1606999364,1606999364,0
# REM_INV_REQ,trial=3,status=9,vendor_err=0x8a,latency_us=1644
client,local_ack_timeout_err,0,0,0
client,out_of_sequence,0,0,0
client,packet_seq_err,0,0,0
client,implied_nak_seq_err,0,0,0
client,rnr_nak_retry_err,100,100,0
client,req_cqe_error,1345,1346,1
client,resp_cqe_error,0,0,0
client,req_cqe_flush_error,0,0,0
client,resp_cqe_flush_error,0,0,0
client,req_remote_invalid_request,103,104,1
client,req_remote_access_errors,290,290,0
client,resp_remote_access_errors,0,0,0
client,resp_local_length_error,0,0,0
client,duplicate_request,0,0,0
client,out_of_buffer,0,0,0
client,rx_icrc_encapsulated,0,0,0
client,req_transport_retries_exceeded,0,0,0
client,req_rnr_retries_exceeded,100,100,0
client,roce_adp_retrans,114,114,0
client,roce_adp_retrans_to,0,0,0
client,roce_slow_restart,0,0,0
client,port_rcv_errors,0,0,0
client,local_link_integrity_errors,0,0,0
client,link_error_recovery,0,0,0
client,link_downed,0,0,0
server,duplicate_request,0,0,0
server,implied_nak_seq_err,0,0,0
server,lifespan,10,10,0
server,local_ack_timeout_err,0,0,0
server,np_cnp_sent,1,1,0
server,np_ecn_marked_roce_packets,0,0,0
server,out_of_buffer,883,883,0
server,out_of_sequence,1,1,0
server,packet_seq_err,0,0,0
server,req_cqe_error,50,50,0
server,req_cqe_flush_error,0,0,0
server,req_remote_access_errors,10,10,0
server,req_remote_invalid_request,10,10,0
server,req_rnr_retries_exceeded,0,0,0
server,req_transport_retries_exceeded,0,0,0
server,resp_cqe_error,0,0,0
server,resp_cqe_flush_error,0,0,0
server,resp_local_length_error,0,0,0
server,resp_remote_access_errors,0,0,0
server,rnr_nak_retry_err,0,0,0
server,roce_adp_retrans,0,0,0
server,roce_adp_retrans_to,0,0,0
server,roce_slow_restart,0,0,0
server,roce_slow_restart_cnps,0,0,0
server,roce_slow_restart_trans,0,0,0
server,rp_cnp_handled,0,0,0
server,rp_cnp_ignored,0,0,0
server,rx_atomic_requests,0,0,0
server,rx_dct_connect,0,0,0
server,rx_icrc_encapsulated,0,0,0
server,rx_read_requests,274,274,0
server,rx_write_requests,1606999364,1606999364,0
# REM_INV_REQ,trial=4,status=9,vendor_err=0x8a,latency_us=1682
client,local_ack_timeout_err,0,0,0
client,out_of_sequence,0,0,0
client,packet_seq_err,0,0,0
client,implied_nak_seq_err,0,0,0
client,rnr_nak_retry_err,100,100,0
client,req_cqe_error,1346,1347,1
client,resp_cqe_error,0,0,0
client,req_cqe_flush_error,0,0,0
client,resp_cqe_flush_error,0,0,0
client,req_remote_invalid_request,104,105,1
client,req_remote_access_errors,290,290,0
client,resp_remote_access_errors,0,0,0
client,resp_local_length_error,0,0,0
client,duplicate_request,0,0,0
client,out_of_buffer,0,0,0
client,rx_icrc_encapsulated,0,0,0
client,req_transport_retries_exceeded,0,0,0
client,req_rnr_retries_exceeded,100,100,0
client,roce_adp_retrans,114,114,0
client,roce_adp_retrans_to,0,0,0
client,roce_slow_restart,0,0,0
client,port_rcv_errors,0,0,0
client,local_link_integrity_errors,0,0,0
client,link_error_recovery,0,0,0
client,link_downed,0,0,0
server,duplicate_request,0,0,0
server,implied_nak_seq_err,0,0,0
server,lifespan,10,10,0
server,local_ack_timeout_err,0,0,0
server,np_cnp_sent,1,1,0
server,np_ecn_marked_roce_packets,0,0,0
server,out_of_buffer,883,883,0
server,out_of_sequence,1,1,0
server,packet_seq_err,0,0,0
server,req_cqe_error,50,50,0
server,req_cqe_flush_error,0,0,0
server,req_remote_access_errors,10,10,0
server,req_remote_invalid_request,10,10,0
server,req_rnr_retries_exceeded,0,0,0
server,req_transport_retries_exceeded,0,0,0
server,resp_cqe_error,0,0,0
server,resp_cqe_flush_error,0,0,0
server,resp_local_length_error,0,0,0
server,resp_remote_access_errors,0,0,0
server,rnr_nak_retry_err,0,0,0
server,roce_adp_retrans,0,0,0
server,roce_adp_retrans_to,0,0,0
server,roce_slow_restart,0,0,0
server,roce_slow_restart_cnps,0,0,0
server,roce_slow_restart_trans,0,0,0
server,rp_cnp_handled,0,0,0
server,rp_cnp_ignored,0,0,0
server,rx_atomic_requests,0,0,0
server,rx_dct_connect,0,0,0
server,rx_icrc_encapsulated,0,0,0
server,rx_read_requests,274,274,0
server,rx_write_requests,1606999364,1606999364,0
# REM_INV_REQ,trial=5,status=9,vendor_err=0x8a,latency_us=1648
client,local_ack_timeout_err,0,0,0
client,out_of_sequence,0,0,0
client,packet_seq_err,0,0,0
client,implied_nak_seq_err,0,0,0
client,rnr_nak_retry_err,100,100,0
client,req_cqe_error,1347,1348,1
client,resp_cqe_error,0,0,0
client,req_cqe_flush_error,0,0,0
client,resp_cqe_flush_error,0,0,0
client,req_remote_invalid_request,105,106,1
client,req_remote_access_errors,290,290,0
client,resp_remote_access_errors,0,0,0
client,resp_local_length_error,0,0,0
client,duplicate_request,0,0,0
client,out_of_buffer,0,0,0
client,rx_icrc_encapsulated,0,0,0
client,req_transport_retries_exceeded,0,0,0
client,req_rnr_retries_exceeded,100,100,0
client,roce_adp_retrans,114,114,0
client,roce_adp_retrans_to,0,0,0
client,roce_slow_restart,0,0,0
client,port_rcv_errors,0,0,0
client,local_link_integrity_errors,0,0,0
client,link_error_recovery,0,0,0
client,link_downed,0,0,0
server,duplicate_request,0,0,0
server,implied_nak_seq_err,0,0,0
server,lifespan,10,10,0
server,local_ack_timeout_err,0,0,0
server,np_cnp_sent,1,1,0
server,np_ecn_marked_roce_packets,0,0,0
server,out_of_buffer,883,883,0
server,out_of_sequence,1,1,0
server,packet_seq_err,0,0,0
server,req_cqe_error,50,50,0
server,req_cqe_flush_error,0,0,0
server,req_remote_access_errors,10,10,0
server,req_remote_invalid_request,10,10,0
server,req_rnr_retries_exceeded,0,0,0
server,req_transport_retries_exceeded,0,0,0
server,resp_cqe_error,0,0,0
server,resp_cqe_flush_error,0,0,0
server,resp_local_length_error,0,0,0
server,resp_remote_access_errors,0,0,0
server,rnr_nak_retry_err,0,0,0
server,roce_adp_retrans,0,0,0
server,roce_adp_retrans_to,0,0,0
server,roce_slow_restart,0,0,0
server,roce_slow_restart_cnps,0,0,0
server,roce_slow_restart_trans,0,0,0
server,rp_cnp_handled,0,0,0
server,rp_cnp_ignored,0,0,0
server,rx_atomic_requests,0,0,0
server,rx_dct_connect,0,0,0
server,rx_icrc_encapsulated,0,0,0
server,rx_read_requests,274,274,0
server,rx_write_requests,1606999364,1606999364,0
# REM_INV_REQ,trial=6,status=9,vendor_err=0x8a,latency_us=1644
client,local_ack_timeout_err,0,0,0
client,out_of_sequence,0,0,0
client,packet_seq_err,0,0,0
client,implied_nak_seq_err,0,0,0
client,rnr_nak_retry_err,100,100,0
client,req_cqe_error,1348,1349,1
client,resp_cqe_error,0,0,0
client,req_cqe_flush_error,0,0,0
client,resp_cqe_flush_error,0,0,0
client,req_remote_invalid_request,106,107,1
client,req_remote_access_errors,290,290,0
client,resp_remote_access_errors,0,0,0
client,resp_local_length_error,0,0,0
client,duplicate_request,0,0,0
client,out_of_buffer,0,0,0
client,rx_icrc_encapsulated,0,0,0
client,req_transport_retries_exceeded,0,0,0
client,req_rnr_retries_exceeded,100,100,0
client,roce_adp_retrans,114,114,0
client,roce_adp_retrans_to,0,0,0
client,roce_slow_restart,0,0,0
client,port_rcv_errors,0,0,0
client,local_link_integrity_errors,0,0,0
client,link_error_recovery,0,0,0
client,link_downed,0,0,0
server,duplicate_request,0,0,0
server,implied_nak_seq_err,0,0,0
server,lifespan,10,10,0
server,local_ack_timeout_err,0,0,0
server,np_cnp_sent,1,1,0
server,np_ecn_marked_roce_packets,0,0,0
server,out_of_buffer,883,883,0
server,out_of_sequence,1,1,0
server,packet_seq_err,0,0,0
server,req_cqe_error,50,50,0
server,req_cqe_flush_error,0,0,0
server,req_remote_access_errors,10,10,0
server,req_remote_invalid_request,10,10,0
server,req_rnr_retries_exceeded,0,0,0
server,req_transport_retries_exceeded,0,0,0
server,resp_cqe_error,0,0,0
server,resp_cqe_flush_error,0,0,0
server,resp_local_length_error,0,0,0
server,resp_remote_access_errors,0,0,0
server,rnr_nak_retry_err,0,0,0
server,roce_adp_retrans,0,0,0
server,roce_adp_retrans_to,0,0,0
server,roce_slow_restart,0,0,0
server,roce_slow_restart_cnps,0,0,0
server,roce_slow_restart_trans,0,0,0
server,rp_cnp_handled,0,0,0
server,rp_cnp_ignored,0,0,0
server,rx_atomic_requests,0,0,0
server,rx_dct_connect,0,0,0
server,rx_icrc_encapsulated,0,0,0
server,rx_read_requests,274,274,0
server,rx_write_requests,1606999364,1606999364,0
# REM_INV_REQ,trial=7,status=9,vendor_err=0x8a,latency_us=1645
client,local_ack_timeout_err,0,0,0
client,out_of_sequence,0,0,0
client,packet_seq_err,0,0,0
client,implied_nak_seq_err,0,0,0
client,rnr_nak_retry_err,100,100,0
client,req_cqe_error,1349,1350,1
client,resp_cqe_error,0,0,0
client,req_cqe_flush_error,0,0,0
client,resp_cqe_flush_error,0,0,0
client,req_remote_invalid_request,107,108,1
client,req_remote_access_errors,290,290,0
client,resp_remote_access_errors,0,0,0
client,resp_local_length_error,0,0,0
client,duplicate_request,0,0,0
client,out_of_buffer,0,0,0
client,rx_icrc_encapsulated,0,0,0
client,req_transport_retries_exceeded,0,0,0
client,req_rnr_retries_exceeded,100,100,0
client,roce_adp_retrans,114,114,0
client,roce_adp_retrans_to,0,0,0
client,roce_slow_restart,0,0,0
client,port_rcv_errors,0,0,0
client,local_link_integrity_errors,0,0,0
client,link_error_recovery,0,0,0
client,link_downed,0,0,0
server,duplicate_request,0,0,0
server,implied_nak_seq_err,0,0,0
server,lifespan,10,10,0
server,local_ack_timeout_err,0,0,0
server,np_cnp_sent,1,1,0
server,np_ecn_marked_roce_packets,0,0,0
server,out_of_buffer,883,883,0
server,out_of_sequence,1,1,0
server,packet_seq_err,0,0,0
server,req_cqe_error,50,50,0
server,req_cqe_flush_error,0,0,0
server,req_remote_access_errors,10,10,0
server,req_remote_invalid_request,10,10,0
server,req_rnr_retries_exceeded,0,0,0
server,req_transport_retries_exceeded,0,0,0
server,resp_cqe_error,0,0,0
server,resp_cqe_flush_error,0,0,0
server,resp_local_length_error,0,0,0
server,resp_remote_access_errors,0,0,0
server,rnr_nak_retry_err,0,0,0
server,roce_adp_retrans,0,0,0
server,roce_adp_retrans_to,0,0,0
server,roce_slow_restart,0,0,0
server,roce_slow_restart_cnps,0,0,0
server,roce_slow_restart_trans,0,0,0
server,rp_cnp_handled,0,0,0
server,rp_cnp_ignored,0,0,0
server,rx_atomic_requests,0,0,0
server,rx_dct_connect,0,0,0
server,rx_icrc_encapsulated,0,0,0
server,rx_read_requests,274,274,0
server,rx_write_requests,1606999364,1606999364,0
# REM_INV_REQ,trial=8,status=9,vendor_err=0x8a,latency_us=1647
client,local_ack_timeout_err,0,0,0
client,out_of_sequence,0,0,0
client,packet_seq_err,0,0,0
client,implied_nak_seq_err,0,0,0
client,rnr_nak_retry_err,100,100,0
client,req_cqe_error,1350,1351,1
client,resp_cqe_error,0,0,0
client,req_cqe_flush_error,0,0,0
client,resp_cqe_flush_error,0,0,0
client,req_remote_invalid_request,108,109,1
client,req_remote_access_errors,290,290,0
client,resp_remote_access_errors,0,0,0
client,resp_local_length_error,0,0,0
client,duplicate_request,0,0,0
client,out_of_buffer,0,0,0
client,rx_icrc_encapsulated,0,0,0
client,req_transport_retries_exceeded,0,0,0
client,req_rnr_retries_exceeded,100,100,0
client,roce_adp_retrans,114,114,0
client,roce_adp_retrans_to,0,0,0
client,roce_slow_restart,0,0,0
client,port_rcv_errors,0,0,0
client,local_link_integrity_errors,0,0,0
client,link_error_recovery,0,0,0
client,link_downed,0,0,0
server,duplicate_request,0,0,0
server,implied_nak_seq_err,0,0,0
server,lifespan,10,10,0
server,local_ack_timeout_err,0,0,0
server,np_cnp_sent,1,1,0
server,np_ecn_marked_roce_packets,0,0,0
server,out_of_buffer,883,883,0
server,out_of_sequence,1,1,0
server,packet_seq_err,0,0,0
server,req_cqe_error,50,50,0
server,req_cqe_flush_error,0,0,0
server,req_remote_access_errors,10,10,0
server,req_remote_invalid_request,10,10,0
server,req_rnr_retries_exceeded,0,0,0
server,req_transport_retries_exceeded,0,0,0
server,resp_cqe_error,0,0,0
server,resp_cqe_flush_error,0,0,0
server,resp_local_length_error,0,0,0
server,resp_remote_access_errors,0,0,0
server,rnr_nak_retry_err,0,0,0
server,roce_adp_retrans,0,0,0
server,roce_adp_retrans_to,0,0,0
server,roce_slow_restart,0,0,0
server,roce_slow_restart_cnps,0,0,0
server,roce_slow_restart_trans,0,0,0
server,rp_cnp_handled,0,0,0
server,rp_cnp_ignored,0,0,0
server,rx_atomic_requests,0,0,0
server,rx_dct_connect,0,0,0
server,rx_icrc_encapsulated,0,0,0
server,rx_read_requests,274,274,0
server,rx_write_requests,1606999364,1606999364,0
# REM_INV_REQ,trial=9,status=9,vendor_err=0x8a,latency_us=1647
client,local_ack_timeout_err,0,0,0
client,out_of_sequence,0,0,0
client,packet_seq_err,0,0,0
client,implied_nak_seq_err,0,0,0
client,rnr_nak_retry_err,100,100,0
client,req_cqe_error,1351,1352,1
client,resp_cqe_error,0,0,0
client,req_cqe_flush_error,0,0,0
client,resp_cqe_flush_error,0,0,0
client,req_remote_invalid_request,109,110,1
client,req_remote_access_errors,290,290,0
client,resp_remote_access_errors,0,0,0
client,resp_local_length_error,0,0,0
client,duplicate_request,0,0,0
client,out_of_buffer,0,0,0
client,rx_icrc_encapsulated,0,0,0
client,req_transport_retries_exceeded,0,0,0
client,req_rnr_retries_exceeded,100,100,0
client,roce_adp_retrans,114,114,0
client,roce_adp_retrans_to,0,0,0
client,roce_slow_restart,0,0,0
client,port_rcv_errors,0,0,0
client,local_link_integrity_errors,0,0,0
client,link_error_recovery,0,0,0
client,link_downed,0,0,0
server,duplicate_request,0,0,0
server,implied_nak_seq_err,0,0,0
server,lifespan,10,10,0
server,local_ack_timeout_err,0,0,0
server,np_cnp_sent,1,1,0
server,np_ecn_marked_roce_packets,0,0,0
server,out_of_buffer,883,883,0
server,out_of_sequence,1,1,0
server,packet_seq_err,0,0,0
server,req_cqe_error,50,50,0
server,req_cqe_flush_error,0,0,0
server,req_remote_access_errors,10,10,0
server,req_remote_invalid_request,10,10,0
server,req_rnr_retries_exceeded,0,0,0
server,req_transport_retries_exceeded,0,0,0
server,resp_cqe_error,0,0,0
server,resp_cqe_flush_error,0,0,0
server,resp_local_length_error,0,0,0
server,resp_remote_access_errors,0,0,0
server,rnr_nak_retry_err,0,0,0
server,roce_adp_retrans,0,0,0
server,roce_adp_retrans_to,0,0,0
server,roce_slow_restart,0,0,0
server,roce_slow_restart_cnps,0,0,0
server,roce_slow_restart_trans,0,0,0
server,rp_cnp_handled,0,0,0
server,rp_cnp_ignored,0,0,0
server,rx_atomic_requests,0,0,0
server,rx_dct_connect,0,0,0
server,rx_icrc_encapsulated,0,0,0
server,rx_read_requests,274,274,0
server,rx_write_requests,1606999364,1606999364,0
# REM_INV_REQ,trial=10,status=9,vendor_err=0x8a,latency_us=1642
client,local_ack_timeout_err,0,0,0
client,out_of_sequence,0,0,0
client,packet_seq_err,0,0,0
client,implied_nak_seq_err,0,0,0
client,rnr_nak_retry_err,100,100,0
client,req_cqe_error,1352,1353,1
client,resp_cqe_error,0,0,0
client,req_cqe_flush_error,0,0,0
client,resp_cqe_flush_error,0,0,0
client,req_remote_invalid_request,110,111,1
client,req_remote_access_errors,290,290,0
client,resp_remote_access_errors,0,0,0
client,resp_local_length_error,0,0,0
client,duplicate_request,0,0,0
client,out_of_buffer,0,0,0
client,rx_icrc_encapsulated,0,0,0
client,req_transport_retries_exceeded,0,0,0
client,req_rnr_retries_exceeded,100,100,0
client,roce_adp_retrans,114,114,0
client,roce_adp_retrans_to,0,0,0
client,roce_slow_restart,0,0,0
client,port_rcv_errors,0,0,0
client,local_link_integrity_errors,0,0,0
client,link_error_recovery,0,0,0
client,link_downed,0,0,0
server,duplicate_request,0,0,0
server,implied_nak_seq_err,0,0,0
server,lifespan,10,10,0
server,local_ack_timeout_err,0,0,0
server,np_cnp_sent,1,1,0
server,np_ecn_marked_roce_packets,0,0,0
server,out_of_buffer,883,883,0
server,out_of_sequence,1,1,0
server,packet_seq_err,0,0,0
server,req_cqe_error,50,50,0
server,req_cqe_flush_error,0,0,0
server,req_remote_access_errors,10,10,0
server,req_remote_invalid_request,10,10,0
server,req_rnr_retries_exceeded,0,0,0
server,req_transport_retries_exceeded,0,0,0
server,resp_cqe_error,0,0,0
server,resp_cqe_flush_error,0,0,0
server,resp_local_length_error,0,0,0
server,resp_remote_access_errors,0,0,0
server,rnr_nak_retry_err,0,0,0
server,roce_adp_retrans,0,0,0
server,roce_adp_retrans_to,0,0,0
server,roce_slow_restart,0,0,0
server,roce_slow_restart_cnps,0,0,0
server,roce_slow_restart_trans,0,0,0
server,rp_cnp_handled,0,0,0
server,rp_cnp_ignored,0,0,0
server,rx_atomic_requests,0,0,0
server,rx_dct_connect,0,0,0
server,rx_icrc_encapsulated,0,0,0
server,rx_read_requests,274,274,0
server,rx_write_requests,1606999364,1606999364,0
# REM_INV_REQ,trial=11,status=9,vendor_err=0x8a,latency_us=1649
client,local_ack_timeout_err,0,0,0
client,out_of_sequence,0,0,0
client,packet_seq_err,0,0,0
client,implied_nak_seq_err,0,0,0
client,rnr_nak_retry_err,100,100,0
client,req_cqe_error,1353,1354,1
client,resp_cqe_error,0,0,0
client,req_cqe_flush_error,0,0,0
client,resp_cqe_flush_error,0,0,0
client,req_remote_invalid_request,111,112,1
client,req_remote_access_errors,290,290,0
client,resp_remote_access_errors,0,0,0
client,resp_local_length_error,0,0,0
client,duplicate_request,0,0,0
client,out_of_buffer,0,0,0
client,rx_icrc_encapsulated,0,0,0
client,req_transport_retries_exceeded,0,0,0
client,req_rnr_retries_exceeded,100,100,0
client,roce_adp_retrans,114,114,0
client,roce_adp_retrans_to,0,0,0
client,roce_slow_restart,0,0,0
client,port_rcv_errors,0,0,0
client,local_link_integrity_errors,0,0,0
client,link_error_recovery,0,0,0
client,link_downed,0,0,0
server,duplicate_request,0,0,0
server,implied_nak_seq_err,0,0,0
server,lifespan,10,10,0
server,local_ack_timeout_err,0,0,0
server,np_cnp_sent,1,1,0
server,np_ecn_marked_roce_packets,0,0,0
server,out_of_buffer,883,883,0
server,out_of_sequence,1,1,0
server,packet_seq_err,0,0,0
server,req_cqe_error,50,50,0
server,req_cqe_flush_error,0,0,0
server,req_remote_access_errors,10,10,0
server,req_remote_invalid_request,10,10,0
server,req_rnr_retries_exceeded,0,0,0
server,req_transport_retries_exceeded,0,0,0
server,resp_cqe_error,0,0,0
server,resp_cqe_flush_error,0,0,0
server,resp_local_length_error,0,0,0
server,resp_remote_access_errors,0,0,0
server,rnr_nak_retry_err,0,0,0
server,roce_adp_retrans,0,0,0
server,roce_adp_retrans_to,0,0,0
server,roce_slow_restart,0,0,0
server,roce_slow_restart_cnps,0,0,0
server,roce_slow_restart_trans,0,0,0
server,rp_cnp_handled,0,0,0
server,rp_cnp_ignored,0,0,0
server,rx_atomic_requests,0,0,0
server,rx_dct_connect,0,0,0
server,rx_icrc_encapsulated,0,0,0
server,rx_read_requests,274,274,0
server,rx_write_requests,1606999364,1606999364,0
# REM_INV_REQ,trial=12,status=9,vendor_err=0x8a,latency_us=1688
client,local_ack_timeout_err,0,0,0
client,out_of_sequence,0,0,0
client,packet_seq_err,0,0,0
client,implied_nak_seq_err,0,0,0
client,rnr_nak_retry_err,100,100,0
client,req_cqe_error,1354,1355,1
client,resp_cqe_error,0,0,0
client,req_cqe_flush_error,0,0,0
client,resp_cqe_flush_error,0,0,0
client,req_remote_invalid_request,112,113,1
client,req_remote_access_errors,290,290,0
client,resp_remote_access_errors,0,0,0
client,resp_local_length_error,0,0,0
client,duplicate_request,0,0,0
client,out_of_buffer,0,0,0
client,rx_icrc_encapsulated,0,0,0
client,req_transport_retries_exceeded,0,0,0
client,req_rnr_retries_exceeded,100,100,0
client,roce_adp_retrans,114,114,0
client,roce_adp_retrans_to,0,0,0
client,roce_slow_restart,0,0,0
client,port_rcv_errors,0,0,0
client,local_link_integrity_errors,0,0,0
client,link_error_recovery,0,0,0
client,link_downed,0,0,0
server,duplicate_request,0,0,0
server,implied_nak_seq_err,0,0,0
server,lifespan,10,10,0
server,local_ack_timeout_err,0,0,0
server,np_cnp_sent,1,1,0
server,np_ecn_marked_roce_packets,0,0,0
server,out_of_buffer,883,883,0
server,out_of_sequence,1,1,0
server,packet_seq_err,0,0,0
server,req_cqe_error,50,50,0
server,req_cqe_flush_error,0,0,0
server,req_remote_access_errors,10,10,0
server,req_remote_invalid_request,10,10,0
server,req_rnr_retries_exceeded,0,0,0
server,req_transport_retries_exceeded,0,0,0
server,resp_cqe_error,0,0,0
server,resp_cqe_flush_error,0,0,0
server,resp_local_length_error,0,0,0
server,resp_remote_access_errors,0,0,0
server,rnr_nak_retry_err,0,0,0
server,roce_adp_retrans,0,0,0
server,roce_adp_retrans_to,0,0,0
server,roce_slow_restart,0,0,0
server,roce_slow_restart_cnps,0,0,0
server,roce_slow_restart_trans,0,0,0
server,rp_cnp_handled,0,0,0
server,rp_cnp_ignored,0,0,0
server,rx_atomic_requests,0,0,0
server,rx_dct_connect,0,0,0
server,rx_icrc_encapsulated,0,0,0
server,rx_read_requests,274,274,0
server,rx_write_requests,1606999364,1606999364,0
# REM_INV_REQ,trial=13,status=9,vendor_err=0x8a,latency_us=1646
client,local_ack_timeout_err,0,0,0
client,out_of_sequence,0,0,0
client,packet_seq_err,0,0,0
client,implied_nak_seq_err,0,0,0
client,rnr_nak_retry_err,100,100,0
client,req_cqe_error,1355,1356,1
client,resp_cqe_error,0,0,0
client,req_cqe_flush_error,0,0,0
client,resp_cqe_flush_error,0,0,0
client,req_remote_invalid_request,113,114,1
client,req_remote_access_errors,290,290,0
client,resp_remote_access_errors,0,0,0
client,resp_local_length_error,0,0,0
client,duplicate_request,0,0,0
client,out_of_buffer,0,0,0
client,rx_icrc_encapsulated,0,0,0
client,req_transport_retries_exceeded,0,0,0
client,req_rnr_retries_exceeded,100,100,0
client,roce_adp_retrans,114,114,0
client,roce_adp_retrans_to,0,0,0
client,roce_slow_restart,0,0,0
client,port_rcv_errors,0,0,0
client,local_link_integrity_errors,0,0,0
client,link_error_recovery,0,0,0
client,link_downed,0,0,0
server,duplicate_request,0,0,0
server,implied_nak_seq_err,0,0,0
server,lifespan,10,10,0
server,local_ack_timeout_err,0,0,0
server,np_cnp_sent,1,1,0
server,np_ecn_marked_roce_packets,0,0,0
server,out_of_buffer,883,883,0
server,out_of_sequence,1,1,0
server,packet_seq_err,0,0,0
server,req_cqe_error,50,50,0
server,req_cqe_flush_error,0,0,0
server,req_remote_access_errors,10,10,0
server,req_remote_invalid_request,10,10,0
server,req_rnr_retries_exceeded,0,0,0
server,req_transport_retries_exceeded,0,0,0
server,resp_cqe_error,0,0,0
server,resp_cqe_flush_error,0,0,0
server,resp_local_length_error,0,0,0
server,resp_remote_access_errors,0,0,0
server,rnr_nak_retry_err,0,0,0
server,roce_adp_retrans,0,0,0
server,roce_adp_retrans_to,0,0,0
server,roce_slow_restart,0,0,0
server,roce_slow_restart_cnps,0,0,0
server,roce_slow_restart_trans,0,0,0
server,rp_cnp_handled,0,0,0
server,rp_cnp_ignored,0,0,0
server,rx_atomic_requests,0,0,0
server,rx_dct_connect,0,0,0
server,rx_icrc_encapsulated,0,0,0
server,rx_read_requests,274,274,0
server,rx_write_requests,1606999364,1606999364,0
# REM_INV_REQ,trial=14,status=9,vendor_err=0x8a,latency_us=1650
client,local_ack_timeout_err,0,0,0
client,out_of_sequence,0,0,0
client,packet_seq_err,0,0,0
client,implied_nak_seq_err,0,0,0
client,rnr_nak_retry_err,100,100,0
client,req_cqe_error,1356,1357,1
client,resp_cqe_error,0,0,0
client,req_cqe_flush_error,0,0,0
client,resp_cqe_flush_error,0,0,0
client,req_remote_invalid_request,114,115,1
client,req_remote_access_errors,290,290,0
client,resp_remote_access_errors,0,0,0
client,resp_local_length_error,0,0,0
client,duplicate_request,0,0,0
client,out_of_buffer,0,0,0
client,rx_icrc_encapsulated,0,0,0
client,req_transport_retries_exceeded,0,0,0
client,req_rnr_retries_exceeded,100,100,0
client,roce_adp_retrans,114,114,0
client,roce_adp_retrans_to,0,0,0
client,roce_slow_restart,0,0,0
client,port_rcv_errors,0,0,0
client,local_link_integrity_errors,0,0,0
client,link_error_recovery,0,0,0
client,link_downed,0,0,0
server,duplicate_request,0,0,0
server,implied_nak_seq_err,0,0,0
server,lifespan,10,10,0
server,local_ack_timeout_err,0,0,0
server,np_cnp_sent,1,1,0
server,np_ecn_marked_roce_packets,0,0,0
server,out_of_buffer,883,883,0
server,out_of_sequence,1,1,0
server,packet_seq_err,0,0,0
server,req_cqe_error,50,50,0
server,req_cqe_flush_error,0,0,0
server,req_remote_access_errors,10,10,0
server,req_remote_invalid_request,10,10,0
server,req_rnr_retries_exceeded,0,0,0
server,req_transport_retries_exceeded,0,0,0
server,resp_cqe_error,0,0,0
server,resp_cqe_flush_error,0,0,0
server,resp_local_length_error,0,0,0
server,resp_remote_access_errors,0,0,0
server,rnr_nak_retry_err,0,0,0
server,roce_adp_retrans,0,0,0
server,roce_adp_retrans_to,0,0,0
server,roce_slow_restart,0,0,0
server,roce_slow_restart_cnps,0,0,0
server,roce_slow_restart_trans,0,0,0
server,rp_cnp_handled,0,0,0
server,rp_cnp_ignored,0,0,0
server,rx_atomic_requests,0,0,0
server,rx_dct_connect,0,0,0
server,rx_icrc_encapsulated,0,0,0
server,rx_read_requests,274,274,0
server,rx_write_requests,1606999364,1606999364,0
# REM_INV_REQ,trial=15,status=9,vendor_err=0x8a,latency_us=1653
client,local_ack_timeout_err,0,0,0
client,out_of_sequence,0,0,0
client,packet_seq_err,0,0,0
client,implied_nak_seq_err,0,0,0
client,rnr_nak_retry_err,100,100,0
client,req_cqe_error,1357,1358,1
client,resp_cqe_error,0,0,0
client,req_cqe_flush_error,0,0,0
client,resp_cqe_flush_error,0,0,0
client,req_remote_invalid_request,115,116,1
client,req_remote_access_errors,290,290,0
client,resp_remote_access_errors,0,0,0
client,resp_local_length_error,0,0,0
client,duplicate_request,0,0,0
client,out_of_buffer,0,0,0
client,rx_icrc_encapsulated,0,0,0
client,req_transport_retries_exceeded,0,0,0
client,req_rnr_retries_exceeded,100,100,0
client,roce_adp_retrans,114,114,0
client,roce_adp_retrans_to,0,0,0
client,roce_slow_restart,0,0,0
client,port_rcv_errors,0,0,0
client,local_link_integrity_errors,0,0,0
client,link_error_recovery,0,0,0
client,link_downed,0,0,0
server,duplicate_request,0,0,0
server,implied_nak_seq_err,0,0,0
server,lifespan,10,10,0
server,local_ack_timeout_err,0,0,0
server,np_cnp_sent,1,1,0
server,np_ecn_marked_roce_packets,0,0,0
server,out_of_buffer,883,883,0
server,out_of_sequence,1,1,0
server,packet_seq_err,0,0,0
server,req_cqe_error,50,50,0
server,req_cqe_flush_error,0,0,0
server,req_remote_access_errors,10,10,0
server,req_remote_invalid_request,10,10,0
server,req_rnr_retries_exceeded,0,0,0
server,req_transport_retries_exceeded,0,0,0
server,resp_cqe_error,0,0,0
server,resp_cqe_flush_error,0,0,0
server,resp_local_length_error,0,0,0
server,resp_remote_access_errors,0,0,0
server,rnr_nak_retry_err,0,0,0
server,roce_adp_retrans,0,0,0
server,roce_adp_retrans_to,0,0,0
server,roce_slow_restart,0,0,0
server,roce_slow_restart_cnps,0,0,0
server,roce_slow_restart_trans,0,0,0
server,rp_cnp_handled,0,0,0
server,rp_cnp_ignored,0,0,0
server,rx_atomic_requests,0,0,0
server,rx_dct_connect,0,0,0
server,rx_icrc_encapsulated,0,0,0
server,rx_read_requests,274,274,0
server,rx_write_requests,1606999364,1606999364,0
# REM_INV_REQ,trial=16,status=9,vendor_err=0x8a,latency_us=1655
client,local_ack_timeout_err,0,0,0
client,out_of_sequence,0,0,0
client,packet_seq_err,0,0,0
client,implied_nak_seq_err,0,0,0
client,rnr_nak_retry_err,100,100,0
client,req_cqe_error,1358,1359,1
client,resp_cqe_error,0,0,0
client,req_cqe_flush_error,0,0,0
client,resp_cqe_flush_error,0,0,0
client,req_remote_invalid_request,116,117,1
client,req_remote_access_errors,290,290,0
client,resp_remote_access_errors,0,0,0
client,resp_local_length_error,0,0,0
client,duplicate_request,0,0,0
client,out_of_buffer,0,0,0
client,rx_icrc_encapsulated,0,0,0
client,req_transport_retries_exceeded,0,0,0
client,req_rnr_retries_exceeded,100,100,0
client,roce_adp_retrans,114,114,0
client,roce_adp_retrans_to,0,0,0
client,roce_slow_restart,0,0,0
client,port_rcv_errors,0,0,0
client,local_link_integrity_errors,0,0,0
client,link_error_recovery,0,0,0
client,link_downed,0,0,0
server,duplicate_request,0,0,0
server,implied_nak_seq_err,0,0,0
server,lifespan,10,10,0
server,local_ack_timeout_err,0,0,0
server,np_cnp_sent,1,1,0
server,np_ecn_marked_roce_packets,0,0,0
server,out_of_buffer,883,883,0
server,out_of_sequence,1,1,0
server,packet_seq_err,0,0,0
server,req_cqe_error,50,50,0
server,req_cqe_flush_error,0,0,0
server,req_remote_access_errors,10,10,0
server,req_remote_invalid_request,10,10,0
server,req_rnr_retries_exceeded,0,0,0
server,req_transport_retries_exceeded,0,0,0
server,resp_cqe_error,0,0,0
server,resp_cqe_flush_error,0,0,0
server,resp_local_length_error,0,0,0
server,resp_remote_access_errors,0,0,0
server,rnr_nak_retry_err,0,0,0
server,roce_adp_retrans,0,0,0
server,roce_adp_retrans_to,0,0,0
server,roce_slow_restart,0,0,0
server,roce_slow_restart_cnps,0,0,0
server,roce_slow_restart_trans,0,0,0
server,rp_cnp_handled,0,0,0
server,rp_cnp_ignored,0,0,0
server,rx_atomic_requests,0,0,0
server,rx_dct_connect,0,0,0
server,rx_icrc_encapsulated,0,0,0
server,rx_read_requests,274,274,0
server,rx_write_requests,1606999364,1606999364,0
# REM_INV_REQ,trial=17,status=9,vendor_err=0x8a,latency_us=1641
client,local_ack_timeout_err,0,0,0
client,out_of_sequence,0,0,0
client,packet_seq_err,0,0,0
client,implied_nak_seq_err,0,0,0
client,rnr_nak_retry_err,100,100,0
client,req_cqe_error,1359,1360,1
client,resp_cqe_error,0,0,0
client,req_cqe_flush_error,0,0,0
client,resp_cqe_flush_error,0,0,0
client,req_remote_invalid_request,117,118,1
client,req_remote_access_errors,290,290,0
client,resp_remote_access_errors,0,0,0
client,resp_local_length_error,0,0,0
client,duplicate_request,0,0,0
client,out_of_buffer,0,0,0
client,rx_icrc_encapsulated,0,0,0
client,req_transport_retries_exceeded,0,0,0
client,req_rnr_retries_exceeded,100,100,0
client,roce_adp_retrans,114,114,0
client,roce_adp_retrans_to,0,0,0
client,roce_slow_restart,0,0,0
client,port_rcv_errors,0,0,0
client,local_link_integrity_errors,0,0,0
client,link_error_recovery,0,0,0
client,link_downed,0,0,0
server,duplicate_request,0,0,0
server,implied_nak_seq_err,0,0,0
server,lifespan,10,10,0
server,local_ack_timeout_err,0,0,0
server,np_cnp_sent,1,1,0
server,np_ecn_marked_roce_packets,0,0,0
server,out_of_buffer,883,883,0
server,out_of_sequence,1,1,0
server,packet_seq_err,0,0,0
server,req_cqe_error,50,50,0
server,req_cqe_flush_error,0,0,0
server,req_remote_access_errors,10,10,0
server,req_remote_invalid_request,10,10,0
server,req_rnr_retries_exceeded,0,0,0
server,req_transport_retries_exceeded,0,0,0
server,resp_cqe_error,0,0,0
server,resp_cqe_flush_error,0,0,0
server,resp_local_length_error,0,0,0
server,resp_remote_access_errors,0,0,0
server,rnr_nak_retry_err,0,0,0
server,roce_adp_retrans,0,0,0
server,roce_adp_retrans_to,0,0,0
server,roce_slow_restart,0,0,0
server,roce_slow_restart_cnps,0,0,0
server,roce_slow_restart_trans,0,0,0
server,rp_cnp_handled,0,0,0
server,rp_cnp_ignored,0,0,0
server,rx_atomic_requests,0,0,0
server,rx_dct_connect,0,0,0
server,rx_icrc_encapsulated,0,0,0
server,rx_read_requests,274,274,0
server,rx_write_requests,1606999364,1606999364,0
# REM_INV_REQ,trial=18,status=9,vendor_err=0x8a,latency_us=1641
client,local_ack_timeout_err,0,0,0
client,out_of_sequence,0,0,0
client,packet_seq_err,0,0,0
client,implied_nak_seq_err,0,0,0
client,rnr_nak_retry_err,100,100,0
client,req_cqe_error,1360,1361,1
client,resp_cqe_error,0,0,0
client,req_cqe_flush_error,0,0,0
client,resp_cqe_flush_error,0,0,0
client,req_remote_invalid_request,118,119,1
client,req_remote_access_errors,290,290,0
client,resp_remote_access_errors,0,0,0
client,resp_local_length_error,0,0,0
client,duplicate_request,0,0,0
client,out_of_buffer,0,0,0
client,rx_icrc_encapsulated,0,0,0
client,req_transport_retries_exceeded,0,0,0
client,req_rnr_retries_exceeded,100,100,0
client,roce_adp_retrans,114,114,0
client,roce_adp_retrans_to,0,0,0
client,roce_slow_restart,0,0,0
client,port_rcv_errors,0,0,0
client,local_link_integrity_errors,0,0,0
client,link_error_recovery,0,0,0
client,link_downed,0,0,0
server,duplicate_request,0,0,0
server,implied_nak_seq_err,0,0,0
server,lifespan,10,10,0
server,local_ack_timeout_err,0,0,0
server,np_cnp_sent,1,1,0
server,np_ecn_marked_roce_packets,0,0,0
server,out_of_buffer,883,883,0
server,out_of_sequence,1,1,0
server,packet_seq_err,0,0,0
server,req_cqe_error,50,50,0
server,req_cqe_flush_error,0,0,0
server,req_remote_access_errors,10,10,0
server,req_remote_invalid_request,10,10,0
server,req_rnr_retries_exceeded,0,0,0
server,req_transport_retries_exceeded,0,0,0
server,resp_cqe_error,0,0,0
server,resp_cqe_flush_error,0,0,0
server,resp_local_length_error,0,0,0
server,resp_remote_access_errors,0,0,0
server,rnr_nak_retry_err,0,0,0
server,roce_adp_retrans,0,0,0
server,roce_adp_retrans_to,0,0,0
server,roce_slow_restart,0,0,0
server,roce_slow_restart_cnps,0,0,0
server,roce_slow_restart_trans,0,0,0
server,rp_cnp_handled,0,0,0
server,rp_cnp_ignored,0,0,0
server,rx_atomic_requests,0,0,0
server,rx_dct_connect,0,0,0
server,rx_icrc_encapsulated,0,0,0
server,rx_read_requests,274,274,0
server,rx_write_requests,1606999364,1606999364,0
# REM_INV_REQ,trial=19,status=9,vendor_err=0x8a,latency_us=1650
client,local_ack_timeout_err,0,0,0
client,out_of_sequence,0,0,0
client,packet_seq_err,0,0,0
client,implied_nak_seq_err,0,0,0
client,rnr_nak_retry_err,100,100,0
client,req_cqe_error,1361,1362,1
client,resp_cqe_error,0,0,0
client,req_cqe_flush_error,0,0,0
client,resp_cqe_flush_error,0,0,0
client,req_remote_invalid_request,119,120,1
client,req_remote_access_errors,290,290,0
client,resp_remote_access_errors,0,0,0
client,resp_local_length_error,0,0,0
client,duplicate_request,0,0,0
client,out_of_buffer,0,0,0
client,rx_icrc_encapsulated,0,0,0
client,req_transport_retries_exceeded,0,0,0
client,req_rnr_retries_exceeded,100,100,0
client,roce_adp_retrans,114,114,0
client,roce_adp_retrans_to,0,0,0
client,roce_slow_restart,0,0,0
client,port_rcv_errors,0,0,0
client,local_link_integrity_errors,0,0,0
client,link_error_recovery,0,0,0
client,link_downed,0,0,0
server,duplicate_request,0,0,0
server,implied_nak_seq_err,0,0,0
server,lifespan,10,10,0
server,local_ack_timeout_err,0,0,0
server,np_cnp_sent,1,1,0
server,np_ecn_marked_roce_packets,0,0,0
server,out_of_buffer,883,883,0
server,out_of_sequence,1,1,0
server,packet_seq_err,0,0,0
server,req_cqe_error,50,50,0
server,req_cqe_flush_error,0,0,0
server,req_remote_access_errors,10,10,0
server,req_remote_invalid_request,10,10,0
server,req_rnr_retries_exceeded,0,0,0
server,req_transport_retries_exceeded,0,0,0
server,resp_cqe_error,0,0,0
server,resp_cqe_flush_error,0,0,0
server,resp_local_length_error,0,0,0
server,resp_remote_access_errors,0,0,0
server,rnr_nak_retry_err,0,0,0
server,roce_adp_retrans,0,0,0
server,roce_adp_retrans_to,0,0,0
server,roce_slow_restart,0,0,0
server,roce_slow_restart_cnps,0,0,0
server,roce_slow_restart_trans,0,0,0
server,rp_cnp_handled,0,0,0
server,rp_cnp_ignored,0,0,0
server,rx_atomic_requests,0,0,0
server,rx_dct_connect,0,0,0
server,rx_icrc_encapsulated,0,0,0
server,rx_read_requests,274,274,0
server,rx_write_requests,1606999364,1606999364,0
# REM_INV_REQ,trial=20,status=9,vendor_err=0x8a,latency_us=1686
client,local_ack_timeout_err,0,0,0
client,out_of_sequence,0,0,0
client,packet_seq_err,0,0,0
client,implied_nak_seq_err,0,0,0
client,rnr_nak_retry_err,100,100,0
client,req_cqe_error,1362,1363,1
client,resp_cqe_error,0,0,0
client,req_cqe_flush_error,0,0,0
client,resp_cqe_flush_error,0,0,0
client,req_remote_invalid_request,120,121,1
client,req_remote_access_errors,290,290,0
client,resp_remote_access_errors,0,0,0
client,resp_local_length_error,0,0,0
client,duplicate_request,0,0,0
client,out_of_buffer,0,0,0
client,rx_icrc_encapsulated,0,0,0
client,req_transport_retries_exceeded,0,0,0
client,req_rnr_retries_exceeded,100,100,0
client,roce_adp_retrans,114,114,0
client,roce_adp_retrans_to,0,0,0
client,roce_slow_restart,0,0,0
client,port_rcv_errors,0,0,0
client,local_link_integrity_errors,0,0,0
client,link_error_recovery,0,0,0
client,link_downed,0,0,0
server,duplicate_request,0,0,0
server,implied_nak_seq_err,0,0,0
server,lifespan,10,10,0
server,local_ack_timeout_err,0,0,0
server,np_cnp_sent,1,1,0
server,np_ecn_marked_roce_packets,0,0,0
server,out_of_buffer,883,883,0
server,out_of_sequence,1,1,0
server,packet_seq_err,0,0,0
server,req_cqe_error,50,50,0
server,req_cqe_flush_error,0,0,0
server,req_remote_access_errors,10,10,0
server,req_remote_invalid_request,10,10,0
server,req_rnr_retries_exceeded,0,0,0
server,req_transport_retries_exceeded,0,0,0
server,resp_cqe_error,0,0,0
server,resp_cqe_flush_error,0,0,0
server,resp_local_length_error,0,0,0
server,resp_remote_access_errors,0,0,0
server,rnr_nak_retry_err,0,0,0
server,roce_adp_retrans,0,0,0
server,roce_adp_retrans_to,0,0,0
server,roce_slow_restart,0,0,0
server,roce_slow_restart_cnps,0,0,0
server,roce_slow_restart_trans,0,0,0
server,rp_cnp_handled,0,0,0
server,rp_cnp_ignored,0,0,0
server,rx_atomic_requests,0,0,0
server,rx_dct_connect,0,0,0
server,rx_icrc_encapsulated,0,0,0
server,rx_read_requests,274,274,0
server,rx_write_requests,1606999364,1606999364,0
# REM_INV_REQ,trial=21,status=9,vendor_err=0x8a,latency_us=1670
client,local_ack_timeout_err,0,0,0
client,out_of_sequence,0,0,0
client,packet_seq_err,0,0,0
client,implied_nak_seq_err,0,0,0
client,rnr_nak_retry_err,100,100,0
client,req_cqe_error,1363,1364,1
client,resp_cqe_error,0,0,0
client,req_cqe_flush_error,0,0,0
client,resp_cqe_flush_error,0,0,0
client,req_remote_invalid_request,121,122,1
client,req_remote_access_errors,290,290,0
client,resp_remote_access_errors,0,0,0
client,resp_local_length_error,0,0,0
client,duplicate_request,0,0,0
client,out_of_buffer,0,0,0
client,rx_icrc_encapsulated,0,0,0
client,req_transport_retries_exceeded,0,0,0
client,req_rnr_retries_exceeded,100,100,0
client,roce_adp_retrans,114,114,0
client,roce_adp_retrans_to,0,0,0
client,roce_slow_restart,0,0,0
client,port_rcv_errors,0,0,0
client,local_link_integrity_errors,0,0,0
client,link_error_recovery,0,0,0
client,link_downed,0,0,0
server,duplicate_request,0,0,0
server,implied_nak_seq_err,0,0,0
server,lifespan,10,10,0
server,local_ack_timeout_err,0,0,0
server,np_cnp_sent,1,1,0
server,np_ecn_marked_roce_packets,0,0,0
server,out_of_buffer,883,883,0
server,out_of_sequence,1,1,0
server,packet_seq_err,0,0,0
server,req_cqe_error,50,50,0
server,req_cqe_flush_error,0,0,0
server,req_remote_access_errors,10,10,0
server,req_remote_invalid_request,10,10,0
server,req_rnr_retries_exceeded,0,0,0
server,req_transport_retries_exceeded,0,0,0
server,resp_cqe_error,0,0,0
server,resp_cqe_flush_error,0,0,0
server,resp_local_length_error,0,0,0
server,resp_remote_access_errors,0,0,0
server,rnr_nak_retry_err,0,0,0
server,roce_adp_retrans,0,0,0
server,roce_adp_retrans_to,0,0,0
server,roce_slow_restart,0,0,0
server,roce_slow_restart_cnps,0,0,0
server,roce_slow_restart_trans,0,0,0
server,rp_cnp_handled,0,0,0
server,rp_cnp_ignored,0,0,0
server,rx_atomic_requests,0,0,0
server,rx_dct_connect,0,0,0
server,rx_icrc_encapsulated,0,0,0
server,rx_read_requests,274,274,0
server,rx_write_requests,1606999364,1606999364,0
# REM_INV_REQ,trial=22,status=9,vendor_err=0x8a,latency_us=1682
client,local_ack_timeout_err,0,0,0
client,out_of_sequence,0,0,0
client,packet_seq_err,0,0,0
client,implied_nak_seq_err,0,0,0
client,rnr_nak_retry_err,100,100,0
client,req_cqe_error,1364,1365,1
client,resp_cqe_error,0,0,0
client,req_cqe_flush_error,0,0,0
client,resp_cqe_flush_error,0,0,0
client,req_remote_invalid_request,122,123,1
client,req_remote_access_errors,290,290,0
client,resp_remote_access_errors,0,0,0
client,resp_local_length_error,0,0,0
client,duplicate_request,0,0,0
client,out_of_buffer,0,0,0
client,rx_icrc_encapsulated,0,0,0
client,req_transport_retries_exceeded,0,0,0
client,req_rnr_retries_exceeded,100,100,0
client,roce_adp_retrans,114,114,0
client,roce_adp_retrans_to,0,0,0
client,roce_slow_restart,0,0,0
client,port_rcv_errors,0,0,0
client,local_link_integrity_errors,0,0,0
client,link_error_recovery,0,0,0
client,link_downed,0,0,0
server,duplicate_request,0,0,0
server,implied_nak_seq_err,0,0,0
server,lifespan,10,10,0
server,local_ack_timeout_err,0,0,0
server,np_cnp_sent,1,1,0
server,np_ecn_marked_roce_packets,0,0,0
server,out_of_buffer,883,883,0
server,out_of_sequence,1,1,0
server,packet_seq_err,0,0,0
server,req_cqe_error,50,50,0
server,req_cqe_flush_error,0,0,0
server,req_remote_access_errors,10,10,0
server,req_remote_invalid_request,10,10,0
server,req_rnr_retries_exceeded,0,0,0
server,req_transport_retries_exceeded,0,0,0
server,resp_cqe_error,0,0,0
server,resp_cqe_flush_error,0,0,0
server,resp_local_length_error,0,0,0
server,resp_remote_access_errors,0,0,0
server,rnr_nak_retry_err,0,0,0
server,roce_adp_retrans,0,0,0
server,roce_adp_retrans_to,0,0,0
server,roce_slow_restart,0,0,0
server,roce_slow_restart_cnps,0,0,0
server,roce_slow_restart_trans,0,0,0
server,rp_cnp_handled,0,0,0
server,rp_cnp_ignored,0,0,0
server,rx_atomic_requests,0,0,0
server,rx_dct_connect,0,0,0
server,rx_icrc_encapsulated,0,0,0
server,rx_read_requests,274,274,0
server,rx_write_requests,1606999364,1606999364,0
# REM_INV_REQ,trial=23,status=9,vendor_err=0x8a,latency_us=1648
client,local_ack_timeout_err,0,0,0
client,out_of_sequence,0,0,0
client,packet_seq_err,0,0,0
client,implied_nak_seq_err,0,0,0
client,rnr_nak_retry_err,100,100,0
client,req_cqe_error,1365,1366,1
client,resp_cqe_error,0,0,0
client,req_cqe_flush_error,0,0,0
client,resp_cqe_flush_error,0,0,0
client,req_remote_invalid_request,123,124,1
client,req_remote_access_errors,290,290,0
client,resp_remote_access_errors,0,0,0
client,resp_local_length_error,0,0,0
client,duplicate_request,0,0,0
client,out_of_buffer,0,0,0
client,rx_icrc_encapsulated,0,0,0
client,req_transport_retries_exceeded,0,0,0
client,req_rnr_retries_exceeded,100,100,0
client,roce_adp_retrans,114,114,0
client,roce_adp_retrans_to,0,0,0
client,roce_slow_restart,0,0,0
client,port_rcv_errors,0,0,0
client,local_link_integrity_errors,0,0,0
client,link_error_recovery,0,0,0
client,link_downed,0,0,0
server,duplicate_request,0,0,0
server,implied_nak_seq_err,0,0,0
server,lifespan,10,10,0
server,local_ack_timeout_err,0,0,0
server,np_cnp_sent,1,1,0
server,np_ecn_marked_roce_packets,0,0,0
server,out_of_buffer,883,883,0
server,out_of_sequence,1,1,0
server,packet_seq_err,0,0,0
server,req_cqe_error,50,50,0
server,req_cqe_flush_error,0,0,0
server,req_remote_access_errors,10,10,0
server,req_remote_invalid_request,10,10,0
server,req_rnr_retries_exceeded,0,0,0
server,req_transport_retries_exceeded,0,0,0
server,resp_cqe_error,0,0,0
server,resp_cqe_flush_error,0,0,0
server,resp_local_length_error,0,0,0
server,resp_remote_access_errors,0,0,0
server,rnr_nak_retry_err,0,0,0
server,roce_adp_retrans,0,0,0
server,roce_adp_retrans_to,0,0,0
server,roce_slow_restart,0,0,0
server,roce_slow_restart_cnps,0,0,0
server,roce_slow_restart_trans,0,0,0
server,rp_cnp_handled,0,0,0
server,rp_cnp_ignored,0,0,0
server,rx_atomic_requests,0,0,0
server,rx_dct_connect,0,0,0
server,rx_icrc_encapsulated,0,0,0
server,rx_read_requests,274,274,0
server,rx_write_requests,1606999364,1606999364,0
# REM_INV_REQ,trial=24,status=9,vendor_err=0x8a,latency_us=1653
client,local_ack_timeout_err,0,0,0
client,out_of_sequence,0,0,0
client,packet_seq_err,0,0,0
client,implied_nak_seq_err,0,0,0
client,rnr_nak_retry_err,100,100,0
client,req_cqe_error,1366,1367,1
client,resp_cqe_error,0,0,0
client,req_cqe_flush_error,0,0,0
client,resp_cqe_flush_error,0,0,0
client,req_remote_invalid_request,124,125,1
client,req_remote_access_errors,290,290,0
client,resp_remote_access_errors,0,0,0
client,resp_local_length_error,0,0,0
client,duplicate_request,0,0,0
client,out_of_buffer,0,0,0
client,rx_icrc_encapsulated,0,0,0
client,req_transport_retries_exceeded,0,0,0
client,req_rnr_retries_exceeded,100,100,0
client,roce_adp_retrans,114,114,0
client,roce_adp_retrans_to,0,0,0
client,roce_slow_restart,0,0,0
client,port_rcv_errors,0,0,0
client,local_link_integrity_errors,0,0,0
client,link_error_recovery,0,0,0
client,link_downed,0,0,0
server,duplicate_request,0,0,0
server,implied_nak_seq_err,0,0,0
server,lifespan,10,10,0
server,local_ack_timeout_err,0,0,0
server,np_cnp_sent,1,1,0
server,np_ecn_marked_roce_packets,0,0,0
server,out_of_buffer,883,883,0
server,out_of_sequence,1,1,0
server,packet_seq_err,0,0,0
server,req_cqe_error,50,50,0
server,req_cqe_flush_error,0,0,0
server,req_remote_access_errors,10,10,0
server,req_remote_invalid_request,10,10,0
server,req_rnr_retries_exceeded,0,0,0
server,req_transport_retries_exceeded,0,0,0
server,resp_cqe_error,0,0,0
server,resp_cqe_flush_error,0,0,0
server,resp_local_length_error,0,0,0
server,resp_remote_access_errors,0,0,0
server,rnr_nak_retry_err,0,0,0
server,roce_adp_retrans,0,0,0
server,roce_adp_retrans_to,0,0,0
server,roce_slow_restart,0,0,0
server,roce_slow_restart_cnps,0,0,0
server,roce_slow_restart_trans,0,0,0
server,rp_cnp_handled,0,0,0
server,rp_cnp_ignored,0,0,0
server,rx_atomic_requests,0,0,0
server,rx_dct_connect,0,0,0
server,rx_icrc_encapsulated,0,0,0
server,rx_read_requests,274,274,0
server,rx_write_requests,1606999364,1606999364,0
# REM_INV_REQ,trial=25,status=9,vendor_err=0x8a,latency_us=1645
client,local_ack_timeout_err,0,0,0
client,out_of_sequence,0,0,0
client,packet_seq_err,0,0,0
client,implied_nak_seq_err,0,0,0
client,rnr_nak_retry_err,100,100,0
client,req_cqe_error,1367,1368,1
client,resp_cqe_error,0,0,0
client,req_cqe_flush_error,0,0,0
client,resp_cqe_flush_error,0,0,0
client,req_remote_invalid_request,125,126,1
client,req_remote_access_errors,290,290,0
client,resp_remote_access_errors,0,0,0
client,resp_local_length_error,0,0,0
client,duplicate_request,0,0,0
client,out_of_buffer,0,0,0
client,rx_icrc_encapsulated,0,0,0
client,req_transport_retries_exceeded,0,0,0
client,req_rnr_retries_exceeded,100,100,0
client,roce_adp_retrans,114,114,0
client,roce_adp_retrans_to,0,0,0
client,roce_slow_restart,0,0,0
client,port_rcv_errors,0,0,0
client,local_link_integrity_errors,0,0,0
client,link_error_recovery,0,0,0
client,link_downed,0,0,0
server,duplicate_request,0,0,0
server,implied_nak_seq_err,0,0,0
server,lifespan,10,10,0
server,local_ack_timeout_err,0,0,0
server,np_cnp_sent,1,1,0
server,np_ecn_marked_roce_packets,0,0,0
server,out_of_buffer,883,883,0
server,out_of_sequence,1,1,0
server,packet_seq_err,0,0,0
server,req_cqe_error,50,50,0
server,req_cqe_flush_error,0,0,0
server,req_remote_access_errors,10,10,0
server,req_remote_invalid_request,10,10,0
server,req_rnr_retries_exceeded,0,0,0
server,req_transport_retries_exceeded,0,0,0
server,resp_cqe_error,0,0,0
server,resp_cqe_flush_error,0,0,0
server,resp_local_length_error,0,0,0
server,resp_remote_access_errors,0,0,0
server,rnr_nak_retry_err,0,0,0
server,roce_adp_retrans,0,0,0
server,roce_adp_retrans_to,0,0,0
server,roce_slow_restart,0,0,0
server,roce_slow_restart_cnps,0,0,0
server,roce_slow_restart_trans,0,0,0
server,rp_cnp_handled,0,0,0
server,rp_cnp_ignored,0,0,0
server,rx_atomic_requests,0,0,0
server,rx_dct_connect,0,0,0
server,rx_icrc_encapsulated,0,0,0
server,rx_read_requests,274,274,0
server,rx_write_requests,1606999364,1606999364,0
# REM_INV_REQ,trial=26,status=9,vendor_err=0x8a,latency_us=1653
client,local_ack_timeout_err,0,0,0
client,out_of_sequence,0,0,0
client,packet_seq_err,0,0,0
client,implied_nak_seq_err,0,0,0
client,rnr_nak_retry_err,100,100,0
client,req_cqe_error,1368,1369,1
client,resp_cqe_error,0,0,0
client,req_cqe_flush_error,0,0,0
client,resp_cqe_flush_error,0,0,0
client,req_remote_invalid_request,126,127,1
client,req_remote_access_errors,290,290,0
client,resp_remote_access_errors,0,0,0
client,resp_local_length_error,0,0,0
client,duplicate_request,0,0,0
client,out_of_buffer,0,0,0
client,rx_icrc_encapsulated,0,0,0
client,req_transport_retries_exceeded,0,0,0
client,req_rnr_retries_exceeded,100,100,0
client,roce_adp_retrans,114,114,0
client,roce_adp_retrans_to,0,0,0
client,roce_slow_restart,0,0,0
client,port_rcv_errors,0,0,0
client,local_link_integrity_errors,0,0,0
client,link_error_recovery,0,0,0
client,link_downed,0,0,0
server,duplicate_request,0,0,0
server,implied_nak_seq_err,0,0,0
server,lifespan,10,10,0
server,local_ack_timeout_err,0,0,0
server,np_cnp_sent,1,1,0
server,np_ecn_marked_roce_packets,0,0,0
server,out_of_buffer,883,883,0
server,out_of_sequence,1,1,0
server,packet_seq_err,0,0,0
server,req_cqe_error,50,50,0
server,req_cqe_flush_error,0,0,0
server,req_remote_access_errors,10,10,0
server,req_remote_invalid_request,10,10,0
server,req_rnr_retries_exceeded,0,0,0
server,req_transport_retries_exceeded,0,0,0
server,resp_cqe_error,0,0,0
server,resp_cqe_flush_error,0,0,0
server,resp_local_length_error,0,0,0
server,resp_remote_access_errors,0,0,0
server,rnr_nak_retry_err,0,0,0
server,roce_adp_retrans,0,0,0
server,roce_adp_retrans_to,0,0,0
server,roce_slow_restart,0,0,0
server,roce_slow_restart_cnps,0,0,0
server,roce_slow_restart_trans,0,0,0
server,rp_cnp_handled,0,0,0
server,rp_cnp_ignored,0,0,0
server,rx_atomic_requests,0,0,0
server,rx_dct_connect,0,0,0
server,rx_icrc_encapsulated,0,0,0
server,rx_read_requests,274,274,0
server,rx_write_requests,1606999364,1606999364,0
# REM_INV_REQ,trial=27,status=9,vendor_err=0x8a,latency_us=1653
client,local_ack_timeout_err,0,0,0
client,out_of_sequence,0,0,0
client,packet_seq_err,0,0,0
client,implied_nak_seq_err,0,0,0
client,rnr_nak_retry_err,100,100,0
client,req_cqe_error,1369,1370,1
client,resp_cqe_error,0,0,0
client,req_cqe_flush_error,0,0,0
client,resp_cqe_flush_error,0,0,0
client,req_remote_invalid_request,127,128,1
client,req_remote_access_errors,290,290,0
client,resp_remote_access_errors,0,0,0
client,resp_local_length_error,0,0,0
client,duplicate_request,0,0,0
client,out_of_buffer,0,0,0
client,rx_icrc_encapsulated,0,0,0
client,req_transport_retries_exceeded,0,0,0
client,req_rnr_retries_exceeded,100,100,0
client,roce_adp_retrans,114,114,0
client,roce_adp_retrans_to,0,0,0
client,roce_slow_restart,0,0,0
client,port_rcv_errors,0,0,0
client,local_link_integrity_errors,0,0,0
client,link_error_recovery,0,0,0
client,link_downed,0,0,0
server,duplicate_request,0,0,0
server,implied_nak_seq_err,0,0,0
server,lifespan,10,10,0
server,local_ack_timeout_err,0,0,0
server,np_cnp_sent,1,1,0
server,np_ecn_marked_roce_packets,0,0,0
server,out_of_buffer,883,883,0
server,out_of_sequence,1,1,0
server,packet_seq_err,0,0,0
server,req_cqe_error,50,50,0
server,req_cqe_flush_error,0,0,0
server,req_remote_access_errors,10,10,0
server,req_remote_invalid_request,10,10,0
server,req_rnr_retries_exceeded,0,0,0
server,req_transport_retries_exceeded,0,0,0
server,resp_cqe_error,0,0,0
server,resp_cqe_flush_error,0,0,0
server,resp_local_length_error,0,0,0
server,resp_remote_access_errors,0,0,0
server,rnr_nak_retry_err,0,0,0
server,roce_adp_retrans,0,0,0
server,roce_adp_retrans_to,0,0,0
server,roce_slow_restart,0,0,0
server,roce_slow_restart_cnps,0,0,0
server,roce_slow_restart_trans,0,0,0
server,rp_cnp_handled,0,0,0
server,rp_cnp_ignored,0,0,0
server,rx_atomic_requests,0,0,0
server,rx_dct_connect,0,0,0
server,rx_icrc_encapsulated,0,0,0
server,rx_read_requests,274,274,0
server,rx_write_requests,1606999364,1606999364,0
# REM_INV_REQ,trial=28,status=9,vendor_err=0x8a,latency_us=1653
client,local_ack_timeout_err,0,0,0
client,out_of_sequence,0,0,0
client,packet_seq_err,0,0,0
client,implied_nak_seq_err,0,0,0
client,rnr_nak_retry_err,100,100,0
client,req_cqe_error,1370,1371,1
client,resp_cqe_error,0,0,0
client,req_cqe_flush_error,0,0,0
client,resp_cqe_flush_error,0,0,0
client,req_remote_invalid_request,128,129,1
client,req_remote_access_errors,290,290,0
client,resp_remote_access_errors,0,0,0
client,resp_local_length_error,0,0,0
client,duplicate_request,0,0,0
client,out_of_buffer,0,0,0
client,rx_icrc_encapsulated,0,0,0
client,req_transport_retries_exceeded,0,0,0
client,req_rnr_retries_exceeded,100,100,0
client,roce_adp_retrans,114,114,0
client,roce_adp_retrans_to,0,0,0
client,roce_slow_restart,0,0,0
client,port_rcv_errors,0,0,0
client,local_link_integrity_errors,0,0,0
client,link_error_recovery,0,0,0
client,link_downed,0,0,0
server,duplicate_request,0,0,0
server,implied_nak_seq_err,0,0,0
server,lifespan,10,10,0
server,local_ack_timeout_err,0,0,0
server,np_cnp_sent,1,1,0
server,np_ecn_marked_roce_packets,0,0,0
server,out_of_buffer,883,883,0
server,out_of_sequence,1,1,0
server,packet_seq_err,0,0,0
server,req_cqe_error,50,50,0
server,req_cqe_flush_error,0,0,0
server,req_remote_access_errors,10,10,0
server,req_remote_invalid_request,10,10,0
server,req_rnr_retries_exceeded,0,0,0
server,req_transport_retries_exceeded,0,0,0
server,resp_cqe_error,0,0,0
server,resp_cqe_flush_error,0,0,0
server,resp_local_length_error,0,0,0
server,resp_remote_access_errors,0,0,0
server,rnr_nak_retry_err,0,0,0
server,roce_adp_retrans,0,0,0
server,roce_adp_retrans_to,0,0,0
server,roce_slow_restart,0,0,0
server,roce_slow_restart_cnps,0,0,0
server,roce_slow_restart_trans,0,0,0
server,rp_cnp_handled,0,0,0
server,rp_cnp_ignored,0,0,0
server,rx_atomic_requests,0,0,0
server,rx_dct_connect,0,0,0
server,rx_icrc_encapsulated,0,0,0
server,rx_read_requests,274,274,0
server,rx_write_requests,1606999364,1606999364,0
# REM_INV_REQ,trial=29,status=9,vendor_err=0x8a,latency_us=1642
client,local_ack_timeout_err,0,0,0
client,out_of_sequence,0,0,0
client,packet_seq_err,0,0,0
client,implied_nak_seq_err,0,0,0
client,rnr_nak_retry_err,100,100,0
client,req_cqe_error,1371,1372,1
client,resp_cqe_error,0,0,0
client,req_cqe_flush_error,0,0,0
client,resp_cqe_flush_error,0,0,0
client,req_remote_invalid_request,129,130,1
client,req_remote_access_errors,290,290,0
client,resp_remote_access_errors,0,0,0
client,resp_local_length_error,0,0,0
client,duplicate_request,0,0,0
client,out_of_buffer,0,0,0
client,rx_icrc_encapsulated,0,0,0
client,req_transport_retries_exceeded,0,0,0
client,req_rnr_retries_exceeded,100,100,0
client,roce_adp_retrans,114,114,0
client,roce_adp_retrans_to,0,0,0
client,roce_slow_restart,0,0,0
client,port_rcv_errors,0,0,0
client,local_link_integrity_errors,0,0,0
client,link_error_recovery,0,0,0
client,link_downed,0,0,0
server,duplicate_request,0,0,0
server,implied_nak_seq_err,0,0,0
server,lifespan,10,10,0
server,local_ack_timeout_err,0,0,0
server,np_cnp_sent,1,1,0
server,np_ecn_marked_roce_packets,0,0,0
server,out_of_buffer,883,883,0
server,out_of_sequence,1,1,0
server,packet_seq_err,0,0,0
server,req_cqe_error,50,50,0
server,req_cqe_flush_error,0,0,0
server,req_remote_access_errors,10,10,0
server,req_remote_invalid_request,10,10,0
server,req_rnr_retries_exceeded,0,0,0
server,req_transport_retries_exceeded,0,0,0
server,resp_cqe_error,0,0,0
server,resp_cqe_flush_error,0,0,0
server,resp_local_length_error,0,0,0
server,resp_remote_access_errors,0,0,0
server,rnr_nak_retry_err,0,0,0
server,roce_adp_retrans,0,0,0
server,roce_adp_retrans_to,0,0,0
server,roce_slow_restart,0,0,0
server,roce_slow_restart_cnps,0,0,0
server,roce_slow_restart_trans,0,0,0
server,rp_cnp_handled,0,0,0
server,rp_cnp_ignored,0,0,0
server,rx_atomic_requests,0,0,0
server,rx_dct_connect,0,0,0
server,rx_icrc_encapsulated,0,0,0
server,rx_read_requests,274,274,0
server,rx_write_requests,1606999364,1606999364,0
# REM_INV_REQ,trial=30,status=9,vendor_err=0x8a,latency_us=1670
client,local_ack_timeout_err,0,0,0
client,out_of_sequence,0,0,0
client,packet_seq_err,0,0,0
client,implied_nak_seq_err,0,0,0
client,rnr_nak_retry_err,100,100,0
client,req_cqe_error,1372,1373,1
client,resp_cqe_error,0,0,0
client,req_cqe_flush_error,0,0,0
client,resp_cqe_flush_error,0,0,0
client,req_remote_invalid_request,130,131,1
client,req_remote_access_errors,290,290,0
client,resp_remote_access_errors,0,0,0
client,resp_local_length_error,0,0,0
client,duplicate_request,0,0,0
client,out_of_buffer,0,0,0
client,rx_icrc_encapsulated,0,0,0
client,req_transport_retries_exceeded,0,0,0
client,req_rnr_retries_exceeded,100,100,0
client,roce_adp_retrans,114,114,0
client,roce_adp_retrans_to,0,0,0
client,roce_slow_restart,0,0,0
client,port_rcv_errors,0,0,0
client,local_link_integrity_errors,0,0,0
client,link_error_recovery,0,0,0
client,link_downed,0,0,0
server,duplicate_request,0,0,0
server,implied_nak_seq_err,0,0,0
server,lifespan,10,10,0
server,local_ack_timeout_err,0,0,0
server,np_cnp_sent,1,1,0
server,np_ecn_marked_roce_packets,0,0,0
server,out_of_buffer,883,883,0
server,out_of_sequence,1,1,0
server,packet_seq_err,0,0,0
server,req_cqe_error,50,50,0
server,req_cqe_flush_error,0,0,0
server,req_remote_access_errors,10,10,0
server,req_remote_invalid_request,10,10,0
server,req_rnr_retries_exceeded,0,0,0
server,req_transport_retries_exceeded,0,0,0
server,resp_cqe_error,0,0,0
server,resp_cqe_flush_error,0,0,0
server,resp_local_length_error,0,0,0
server,resp_remote_access_errors,0,0,0
server,rnr_nak_retry_err,0,0,0
server,roce_adp_retrans,0,0,0
server,roce_adp_retrans_to,0,0,0
server,roce_slow_restart,0,0,0
server,roce_slow_restart_cnps,0,0,0
server,roce_slow_restart_trans,0,0,0
server,rp_cnp_handled,0,0,0
server,rp_cnp_ignored,0,0,0
server,rx_atomic_requests,0,0,0
server,rx_dct_connect,0,0,0
server,rx_icrc_encapsulated,0,0,0
server,rx_read_requests,274,274,0
server,rx_write_requests,1606999364,1606999364,0
# REM_INV_REQ,trial=31,status=9,vendor_err=0x8a,latency_us=1642
client,local_ack_timeout_err,0,0,0
client,out_of_sequence,0,0,0
client,packet_seq_err,0,0,0
client,implied_nak_seq_err,0,0,0
client,rnr_nak_retry_err,100,100,0
client,req_cqe_error,1373,1374,1
client,resp_cqe_error,0,0,0
client,req_cqe_flush_error,0,0,0
client,resp_cqe_flush_error,0,0,0
client,req_remote_invalid_request,131,132,1
client,req_remote_access_errors,290,290,0
client,resp_remote_access_errors,0,0,0
client,resp_local_length_error,0,0,0
client,duplicate_request,0,0,0
client,out_of_buffer,0,0,0
client,rx_icrc_encapsulated,0,0,0
client,req_transport_retries_exceeded,0,0,0
client,req_rnr_retries_exceeded,100,100,0
client,roce_adp_retrans,114,114,0
client,roce_adp_retrans_to,0,0,0
client,roce_slow_restart,0,0,0
client,port_rcv_errors,0,0,0
client,local_link_integrity_errors,0,0,0
client,link_error_recovery,0,0,0
client,link_downed,0,0,0
server,duplicate_request,0,0,0
server,implied_nak_seq_err,0,0,0
server,lifespan,10,10,0
server,local_ack_timeout_err,0,0,0
server,np_cnp_sent,1,1,0
server,np_ecn_marked_roce_packets,0,0,0
server,out_of_buffer,883,883,0
server,out_of_sequence,1,1,0
server,packet_seq_err,0,0,0
server,req_cqe_error,50,50,0
server,req_cqe_flush_error,0,0,0
server,req_remote_access_errors,10,10,0
server,req_remote_invalid_request,10,10,0
server,req_rnr_retries_exceeded,0,0,0
server,req_transport_retries_exceeded,0,0,0
server,resp_cqe_error,0,0,0
server,resp_cqe_flush_error,0,0,0
server,resp_local_length_error,0,0,0
server,resp_remote_access_errors,0,0,0
server,rnr_nak_retry_err,0,0,0
server,roce_adp_retrans,0,0,0
server,roce_adp_retrans_to,0,0,0
server,roce_slow_restart,0,0,0
server,roce_slow_restart_cnps,0,0,0
server,roce_slow_restart_trans,0,0,0
server,rp_cnp_handled,0,0,0
server,rp_cnp_ignored,0,0,0
server,rx_atomic_requests,0,0,0
server,rx_dct_connect,0,0,0
server,rx_icrc_encapsulated,0,0,0
server,rx_read_requests,274,274,0
server,rx_write_requests,1606999364,1606999364,0
# REM_INV_REQ,trial=32,status=9,vendor_err=0x8a,latency_us=1646
client,local_ack_timeout_err,0,0,0
client,out_of_sequence,0,0,0
client,packet_seq_err,0,0,0
client,implied_nak_seq_err,0,0,0
client,rnr_nak_retry_err,100,100,0
client,req_cqe_error,1374,1375,1
client,resp_cqe_error,0,0,0
client,req_cqe_flush_error,0,0,0
client,resp_cqe_flush_error,0,0,0
client,req_remote_invalid_request,132,133,1
client,req_remote_access_errors,290,290,0
client,resp_remote_access_errors,0,0,0
client,resp_local_length_error,0,0,0
client,duplicate_request,0,0,0
client,out_of_buffer,0,0,0
client,rx_icrc_encapsulated,0,0,0
client,req_transport_retries_exceeded,0,0,0
client,req_rnr_retries_exceeded,100,100,0
client,roce_adp_retrans,114,114,0
client,roce_adp_retrans_to,0,0,0
client,roce_slow_restart,0,0,0
client,port_rcv_errors,0,0,0
client,local_link_integrity_errors,0,0,0
client,link_error_recovery,0,0,0
client,link_downed,0,0,0
server,duplicate_request,0,0,0
server,implied_nak_seq_err,0,0,0
server,lifespan,10,10,0
server,local_ack_timeout_err,0,0,0
server,np_cnp_sent,1,1,0
server,np_ecn_marked_roce_packets,0,0,0
server,out_of_buffer,883,883,0
server,out_of_sequence,1,1,0
server,packet_seq_err,0,0,0
server,req_cqe_error,50,50,0
server,req_cqe_flush_error,0,0,0
server,req_remote_access_errors,10,10,0
server,req_remote_invalid_request,10,10,0
server,req_rnr_retries_exceeded,0,0,0
server,req_transport_retries_exceeded,0,0,0
server,resp_cqe_error,0,0,0
server,resp_cqe_flush_error,0,0,0
server,resp_local_length_error,0,0,0
server,resp_remote_access_errors,0,0,0
server,rnr_nak_retry_err,0,0,0
server,roce_adp_retrans,0,0,0
server,roce_adp_retrans_to,0,0,0
server,roce_slow_restart,0,0,0
server,roce_slow_restart_cnps,0,0,0
server,roce_slow_restart_trans,0,0,0
server,rp_cnp_handled,0,0,0
server,rp_cnp_ignored,0,0,0
server,rx_atomic_requests,0,0,0
server,rx_dct_connect,0,0,0
server,rx_icrc_encapsulated,0,0,0
server,rx_read_requests,274,274,0
server,rx_write_requests,1606999364,1606999364,0
# REM_INV_REQ,trial=33,status=9,vendor_err=0x8a,latency_us=1683
client,local_ack_timeout_err,0,0,0
client,out_of_sequence,0,0,0
client,packet_seq_err,0,0,0
client,implied_nak_seq_err,0,0,0
client,rnr_nak_retry_err,100,100,0
client,req_cqe_error,1375,1376,1
client,resp_cqe_error,0,0,0
client,req_cqe_flush_error,0,0,0
client,resp_cqe_flush_error,0,0,0
client,req_remote_invalid_request,133,134,1
client,req_remote_access_errors,290,290,0
client,resp_remote_access_errors,0,0,0
client,resp_local_length_error,0,0,0
client,duplicate_request,0,0,0
client,out_of_buffer,0,0,0
client,rx_icrc_encapsulated,0,0,0
client,req_transport_retries_exceeded,0,0,0
client,req_rnr_retries_exceeded,100,100,0
client,roce_adp_retrans,114,114,0
client,roce_adp_retrans_to,0,0,0
client,roce_slow_restart,0,0,0
client,port_rcv_errors,0,0,0
client,local_link_integrity_errors,0,0,0
client,link_error_recovery,0,0,0
client,link_downed,0,0,0
server,duplicate_request,0,0,0
server,implied_nak_seq_err,0,0,0
server,lifespan,10,10,0
server,local_ack_timeout_err,0,0,0
server,np_cnp_sent,1,1,0
server,np_ecn_marked_roce_packets,0,0,0
server,out_of_buffer,883,883,0
server,out_of_sequence,1,1,0
server,packet_seq_err,0,0,0
server,req_cqe_error,50,50,0
server,req_cqe_flush_error,0,0,0
server,req_remote_access_errors,10,10,0
server,req_remote_invalid_request,10,10,0
server,req_rnr_retries_exceeded,0,0,0
server,req_transport_retries_exceeded,0,0,0
server,resp_cqe_error,0,0,0
server,resp_cqe_flush_error,0,0,0
server,resp_local_length_error,0,0,0
server,resp_remote_access_errors,0,0,0
server,rnr_nak_retry_err,0,0,0
server,roce_adp_retrans,0,0,0
server,roce_adp_retrans_to,0,0,0
server,roce_slow_restart,0,0,0
server,roce_slow_restart_cnps,0,0,0
server,roce_slow_restart_trans,0,0,0
server,rp_cnp_handled,0,0,0
server,rp_cnp_ignored,0,0,0
server,rx_atomic_requests,0,0,0
server,rx_dct_connect,0,0,0
server,rx_icrc_encapsulated,0,0,0
server,rx_read_requests,274,274,0
server,rx_write_requests,1606999364,1606999364,0
# REM_INV_REQ,trial=34,status=9,vendor_err=0x8a,latency_us=1642
client,local_ack_timeout_err,0,0,0
client,out_of_sequence,0,0,0
client,packet_seq_err,0,0,0
client,implied_nak_seq_err,0,0,0
client,rnr_nak_retry_err,100,100,0
client,req_cqe_error,1376,1377,1
client,resp_cqe_error,0,0,0
client,req_cqe_flush_error,0,0,0
client,resp_cqe_flush_error,0,0,0
client,req_remote_invalid_request,134,135,1
client,req_remote_access_errors,290,290,0
client,resp_remote_access_errors,0,0,0
client,resp_local_length_error,0,0,0
client,duplicate_request,0,0,0
client,out_of_buffer,0,0,0
client,rx_icrc_encapsulated,0,0,0
client,req_transport_retries_exceeded,0,0,0
client,req_rnr_retries_exceeded,100,100,0
client,roce_adp_retrans,114,114,0
client,roce_adp_retrans_to,0,0,0
client,roce_slow_restart,0,0,0
client,port_rcv_errors,0,0,0
client,local_link_integrity_errors,0,0,0
client,link_error_recovery,0,0,0
client,link_downed,0,0,0
server,duplicate_request,0,0,0
server,implied_nak_seq_err,0,0,0
server,lifespan,10,10,0
server,local_ack_timeout_err,0,0,0
server,np_cnp_sent,1,1,0
server,np_ecn_marked_roce_packets,0,0,0
server,out_of_buffer,883,883,0
server,out_of_sequence,1,1,0
server,packet_seq_err,0,0,0
server,req_cqe_error,50,50,0
server,req_cqe_flush_error,0,0,0
server,req_remote_access_errors,10,10,0
server,req_remote_invalid_request,10,10,0
server,req_rnr_retries_exceeded,0,0,0
server,req_transport_retries_exceeded,0,0,0
server,resp_cqe_error,0,0,0
server,resp_cqe_flush_error,0,0,0
server,resp_local_length_error,0,0,0
server,resp_remote_access_errors,0,0,0
server,rnr_nak_retry_err,0,0,0
server,roce_adp_retrans,0,0,0
server,roce_adp_retrans_to,0,0,0
server,roce_slow_restart,0,0,0
server,roce_slow_restart_cnps,0,0,0
server,roce_slow_restart_trans,0,0,0
server,rp_cnp_handled,0,0,0
server,rp_cnp_ignored,0,0,0
server,rx_atomic_requests,0,0,0
server,rx_dct_connect,0,0,0
server,rx_icrc_encapsulated,0,0,0
server,rx_read_requests,274,274,0
server,rx_write_requests,1606999364,1606999364,0
# REM_INV_REQ,trial=35,status=9,vendor_err=0x8a,latency_us=1643
client,local_ack_timeout_err,0,0,0
client,out_of_sequence,0,0,0
client,packet_seq_err,0,0,0
client,implied_nak_seq_err,0,0,0
client,rnr_nak_retry_err,100,100,0
client,req_cqe_error,1377,1378,1
client,resp_cqe_error,0,0,0
client,req_cqe_flush_error,0,0,0
client,resp_cqe_flush_error,0,0,0
client,req_remote_invalid_request,135,136,1
client,req_remote_access_errors,290,290,0
client,resp_remote_access_errors,0,0,0
client,resp_local_length_error,0,0,0
client,duplicate_request,0,0,0
client,out_of_buffer,0,0,0
client,rx_icrc_encapsulated,0,0,0
client,req_transport_retries_exceeded,0,0,0
client,req_rnr_retries_exceeded,100,100,0
client,roce_adp_retrans,114,114,0
client,roce_adp_retrans_to,0,0,0
client,roce_slow_restart,0,0,0
client,port_rcv_errors,0,0,0
client,local_link_integrity_errors,0,0,0
client,link_error_recovery,0,0,0
client,link_downed,0,0,0
server,duplicate_request,0,0,0
server,implied_nak_seq_err,0,0,0
server,lifespan,10,10,0
server,local_ack_timeout_err,0,0,0
server,np_cnp_sent,1,1,0
server,np_ecn_marked_roce_packets,0,0,0
server,out_of_buffer,883,883,0
server,out_of_sequence,1,1,0
server,packet_seq_err,0,0,0
server,req_cqe_error,50,50,0
server,req_cqe_flush_error,0,0,0
server,req_remote_access_errors,10,10,0
server,req_remote_invalid_request,10,10,0
server,req_rnr_retries_exceeded,0,0,0
server,req_transport_retries_exceeded,0,0,0
server,resp_cqe_error,0,0,0
server,resp_cqe_flush_error,0,0,0
server,resp_local_length_error,0,0,0
server,resp_remote_access_errors,0,0,0
server,rnr_nak_retry_err,0,0,0
server,roce_adp_retrans,0,0,0
server,roce_adp_retrans_to,0,0,0
server,roce_slow_restart,0,0,0
server,roce_slow_restart_cnps,0,0,0
server,roce_slow_restart_trans,0,0,0
server,rp_cnp_handled,0,0,0
server,rp_cnp_ignored,0,0,0
server,rx_atomic_requests,0,0,0
server,rx_dct_connect,0,0,0
server,rx_icrc_encapsulated,0,0,0
server,rx_read_requests,274,274,0
server,rx_write_requests,1606999364,1606999364,0
# REM_INV_REQ,trial=36,status=9,vendor_err=0x8a,latency_us=1647
client,local_ack_timeout_err,0,0,0
client,out_of_sequence,0,0,0
client,packet_seq_err,0,0,0
client,implied_nak_seq_err,0,0,0
client,rnr_nak_retry_err,100,100,0
client,req_cqe_error,1378,1379,1
client,resp_cqe_error,0,0,0
client,req_cqe_flush_error,0,0,0
client,resp_cqe_flush_error,0,0,0
client,req_remote_invalid_request,136,137,1
client,req_remote_access_errors,290,290,0
client,resp_remote_access_errors,0,0,0
client,resp_local_length_error,0,0,0
client,duplicate_request,0,0,0
client,out_of_buffer,0,0,0
client,rx_icrc_encapsulated,0,0,0
client,req_transport_retries_exceeded,0,0,0
client,req_rnr_retries_exceeded,100,100,0
client,roce_adp_retrans,114,114,0
client,roce_adp_retrans_to,0,0,0
client,roce_slow_restart,0,0,0
client,port_rcv_errors,0,0,0
client,local_link_integrity_errors,0,0,0
client,link_error_recovery,0,0,0
client,link_downed,0,0,0
server,duplicate_request,0,0,0
server,implied_nak_seq_err,0,0,0
server,lifespan,10,10,0
server,local_ack_timeout_err,0,0,0
server,np_cnp_sent,1,1,0
server,np_ecn_marked_roce_packets,0,0,0
server,out_of_buffer,883,883,0
server,out_of_sequence,1,1,0
server,packet_seq_err,0,0,0
server,req_cqe_error,50,50,0
server,req_cqe_flush_error,0,0,0
server,req_remote_access_errors,10,10,0
server,req_remote_invalid_request,10,10,0
server,req_rnr_retries_exceeded,0,0,0
server,req_transport_retries_exceeded,0,0,0
server,resp_cqe_error,0,0,0
server,resp_cqe_flush_error,0,0,0
server,resp_local_length_error,0,0,0
server,resp_remote_access_errors,0,0,0
server,rnr_nak_retry_err,0,0,0
server,roce_adp_retrans,0,0,0
server,roce_adp_retrans_to,0,0,0
server,roce_slow_restart,0,0,0
server,roce_slow_restart_cnps,0,0,0
server,roce_slow_restart_trans,0,0,0
server,rp_cnp_handled,0,0,0
server,rp_cnp_ignored,0,0,0
server,rx_atomic_requests,0,0,0
server,rx_dct_connect,0,0,0
server,rx_icrc_encapsulated,0,0,0
server,rx_read_requests,274,274,0
server,rx_write_requests,1606999364,1606999364,0
# REM_INV_REQ,trial=37,status=9,vendor_err=0x8a,latency_us=1643
client,local_ack_timeout_err,0,0,0
client,out_of_sequence,0,0,0
client,packet_seq_err,0,0,0
client,implied_nak_seq_err,0,0,0
client,rnr_nak_retry_err,100,100,0
client,req_cqe_error,1379,1380,1
client,resp_cqe_error,0,0,0
client,req_cqe_flush_error,0,0,0
client,resp_cqe_flush_error,0,0,0
client,req_remote_invalid_request,137,138,1
client,req_remote_access_errors,290,290,0
client,resp_remote_access_errors,0,0,0
client,resp_local_length_error,0,0,0
client,duplicate_request,0,0,0
client,out_of_buffer,0,0,0
client,rx_icrc_encapsulated,0,0,0
client,req_transport_retries_exceeded,0,0,0
client,req_rnr_retries_exceeded,100,100,0
client,roce_adp_retrans,114,114,0
client,roce_adp_retrans_to,0,0,0
client,roce_slow_restart,0,0,0
client,port_rcv_errors,0,0,0
client,local_link_integrity_errors,0,0,0
client,link_error_recovery,0,0,0
client,link_downed,0,0,0
server,duplicate_request,0,0,0
server,implied_nak_seq_err,0,0,0
server,lifespan,10,10,0
server,local_ack_timeout_err,0,0,0
server,np_cnp_sent,1,1,0
server,np_ecn_marked_roce_packets,0,0,0
server,out_of_buffer,883,883,0
server,out_of_sequence,1,1,0
server,packet_seq_err,0,0,0
server,req_cqe_error,50,50,0
server,req_cqe_flush_error,0,0,0
server,req_remote_access_errors,10,10,0
server,req_remote_invalid_request,10,10,0
server,req_rnr_retries_exceeded,0,0,0
server,req_transport_retries_exceeded,0,0,0
server,resp_cqe_error,0,0,0
server,resp_cqe_flush_error,0,0,0
server,resp_local_length_error,0,0,0
server,resp_remote_access_errors,0,0,0
server,rnr_nak_retry_err,0,0,0
server,roce_adp_retrans,0,0,0
server,roce_adp_retrans_to,0,0,0
server,roce_slow_restart,0,0,0
server,roce_slow_restart_cnps,0,0,0
server,roce_slow_restart_trans,0,0,0
server,rp_cnp_handled,0,0,0
server,rp_cnp_ignored,0,0,0
server,rx_atomic_requests,0,0,0
server,rx_dct_connect,0,0,0
server,rx_icrc_encapsulated,0,0,0
server,rx_read_requests,274,274,0
server,rx_write_requests,1606999364,1606999364,0
# REM_INV_REQ,trial=38,status=9,vendor_err=0x8a,latency_us=1646
client,local_ack_timeout_err,0,0,0
client,out_of_sequence,0,0,0
client,packet_seq_err,0,0,0
client,implied_nak_seq_err,0,0,0
client,rnr_nak_retry_err,100,100,0
client,req_cqe_error,1380,1381,1
client,resp_cqe_error,0,0,0
client,req_cqe_flush_error,0,0,0
client,resp_cqe_flush_error,0,0,0
client,req_remote_invalid_request,138,139,1
client,req_remote_access_errors,290,290,0
client,resp_remote_access_errors,0,0,0
client,resp_local_length_error,0,0,0
client,duplicate_request,0,0,0
client,out_of_buffer,0,0,0
client,rx_icrc_encapsulated,0,0,0
client,req_transport_retries_exceeded,0,0,0
client,req_rnr_retries_exceeded,100,100,0
client,roce_adp_retrans,114,114,0
client,roce_adp_retrans_to,0,0,0
client,roce_slow_restart,0,0,0
client,port_rcv_errors,0,0,0
client,local_link_integrity_errors,0,0,0
client,link_error_recovery,0,0,0
client,link_downed,0,0,0
server,duplicate_request,0,0,0
server,implied_nak_seq_err,0,0,0
server,lifespan,10,10,0
server,local_ack_timeout_err,0,0,0
server,np_cnp_sent,1,1,0
server,np_ecn_marked_roce_packets,0,0,0
server,out_of_buffer,883,883,0
server,out_of_sequence,1,1,0
server,packet_seq_err,0,0,0
server,req_cqe_error,50,50,0
server,req_cqe_flush_error,0,0,0
server,req_remote_access_errors,10,10,0
server,req_remote_invalid_request,10,10,0
server,req_rnr_retries_exceeded,0,0,0
server,req_transport_retries_exceeded,0,0,0
server,resp_cqe_error,0,0,0
server,resp_cqe_flush_error,0,0,0
server,resp_local_length_error,0,0,0
server,resp_remote_access_errors,0,0,0
server,rnr_nak_retry_err,0,0,0
server,roce_adp_retrans,0,0,0
server,roce_adp_retrans_to,0,0,0
server,roce_slow_restart,0,0,0
server,roce_slow_restart_cnps,0,0,0
server,roce_slow_restart_trans,0,0,0
server,rp_cnp_handled,0,0,0
server,rp_cnp_ignored,0,0,0
server,rx_atomic_requests,0,0,0
server,rx_dct_connect,0,0,0
server,rx_icrc_encapsulated,0,0,0
server,rx_read_requests,274,274,0
server,rx_write_requests,1606999364,1606999364,0
# REM_INV_REQ,trial=39,status=9,vendor_err=0x8a,latency_us=1642
client,local_ack_timeout_err,0,0,0
client,out_of_sequence,0,0,0
client,packet_seq_err,0,0,0
client,implied_nak_seq_err,0,0,0
client,rnr_nak_retry_err,100,100,0
client,req_cqe_error,1381,1382,1
client,resp_cqe_error,0,0,0
client,req_cqe_flush_error,0,0,0
client,resp_cqe_flush_error,0,0,0
client,req_remote_invalid_request,139,140,1
client,req_remote_access_errors,290,290,0
client,resp_remote_access_errors,0,0,0
client,resp_local_length_error,0,0,0
client,duplicate_request,0,0,0
client,out_of_buffer,0,0,0
client,rx_icrc_encapsulated,0,0,0
client,req_transport_retries_exceeded,0,0,0
client,req_rnr_retries_exceeded,100,100,0
client,roce_adp_retrans,114,114,0
client,roce_adp_retrans_to,0,0,0
client,roce_slow_restart,0,0,0
client,port_rcv_errors,0,0,0
client,local_link_integrity_errors,0,0,0
client,link_error_recovery,0,0,0
client,link_downed,0,0,0
server,duplicate_request,0,0,0
server,implied_nak_seq_err,0,0,0
server,lifespan,10,10,0
server,local_ack_timeout_err,0,0,0
server,np_cnp_sent,1,1,0
server,np_ecn_marked_roce_packets,0,0,0
server,out_of_buffer,883,883,0
server,out_of_sequence,1,1,0
server,packet_seq_err,0,0,0
server,req_cqe_error,50,50,0
server,req_cqe_flush_error,0,0,0
server,req_remote_access_errors,10,10,0
server,req_remote_invalid_request,10,10,0
server,req_rnr_retries_exceeded,0,0,0
server,req_transport_retries_exceeded,0,0,0
server,resp_cqe_error,0,0,0
server,resp_cqe_flush_error,0,0,0
server,resp_local_length_error,0,0,0
server,resp_remote_access_errors,0,0,0
server,rnr_nak_retry_err,0,0,0
server,roce_adp_retrans,0,0,0
server,roce_adp_retrans_to,0,0,0
server,roce_slow_restart,0,0,0
server,roce_slow_restart_cnps,0,0,0
server,roce_slow_restart_trans,0,0,0
server,rp_cnp_handled,0,0,0
server,rp_cnp_ignored,0,0,0
server,rx_atomic_requests,0,0,0
server,rx_dct_connect,0,0,0
server,rx_icrc_encapsulated,0,0,0
server,rx_read_requests,274,274,0
server,rx_write_requests,1606999364,1606999364,0
# REM_INV_REQ,trial=40,status=9,vendor_err=0x8a,latency_us=1685
client,local_ack_timeout_err,0,0,0
client,out_of_sequence,0,0,0
client,packet_seq_err,0,0,0
client,implied_nak_seq_err,0,0,0
client,rnr_nak_retry_err,100,100,0
client,req_cqe_error,1382,1383,1
client,resp_cqe_error,0,0,0
client,req_cqe_flush_error,0,0,0
client,resp_cqe_flush_error,0,0,0
client,req_remote_invalid_request,140,141,1
client,req_remote_access_errors,290,290,0
client,resp_remote_access_errors,0,0,0
client,resp_local_length_error,0,0,0
client,duplicate_request,0,0,0
client,out_of_buffer,0,0,0
client,rx_icrc_encapsulated,0,0,0
client,req_transport_retries_exceeded,0,0,0
client,req_rnr_retries_exceeded,100,100,0
client,roce_adp_retrans,114,114,0
client,roce_adp_retrans_to,0,0,0
client,roce_slow_restart,0,0,0
client,port_rcv_errors,0,0,0
client,local_link_integrity_errors,0,0,0
client,link_error_recovery,0,0,0
client,link_downed,0,0,0
server,duplicate_request,0,0,0
server,implied_nak_seq_err,0,0,0
server,lifespan,10,10,0
server,local_ack_timeout_err,0,0,0
server,np_cnp_sent,1,1,0
server,np_ecn_marked_roce_packets,0,0,0
server,out_of_buffer,883,883,0
server,out_of_sequence,1,1,0
server,packet_seq_err,0,0,0
server,req_cqe_error,50,50,0
server,req_cqe_flush_error,0,0,0
server,req_remote_access_errors,10,10,0
server,req_remote_invalid_request,10,10,0
server,req_rnr_retries_exceeded,0,0,0
server,req_transport_retries_exceeded,0,0,0
server,resp_cqe_error,0,0,0
server,resp_cqe_flush_error,0,0,0
server,resp_local_length_error,0,0,0
server,resp_remote_access_errors,0,0,0
server,rnr_nak_retry_err,0,0,0
server,roce_adp_retrans,0,0,0
server,roce_adp_retrans_to,0,0,0
server,roce_slow_restart,0,0,0
server,roce_slow_restart_cnps,0,0,0
server,roce_slow_restart_trans,0,0,0
server,rp_cnp_handled,0,0,0
server,rp_cnp_ignored,0,0,0
server,rx_atomic_requests,0,0,0
server,rx_dct_connect,0,0,0
server,rx_icrc_encapsulated,0,0,0
server,rx_read_requests,274,274,0
server,rx_write_requests,1606999364,1606999364,0
# REM_INV_REQ,trial=41,status=9,vendor_err=0x8a,latency_us=1645
client,local_ack_timeout_err,0,0,0
client,out_of_sequence,0,0,0
client,packet_seq_err,0,0,0
client,implied_nak_seq_err,0,0,0
client,rnr_nak_retry_err,100,100,0
client,req_cqe_error,1383,1384,1
client,resp_cqe_error,0,0,0
client,req_cqe_flush_error,0,0,0
client,resp_cqe_flush_error,0,0,0
client,req_remote_invalid_request,141,142,1
client,req_remote_access_errors,290,290,0
client,resp_remote_access_errors,0,0,0
client,resp_local_length_error,0,0,0
client,duplicate_request,0,0,0
client,out_of_buffer,0,0,0
client,rx_icrc_encapsulated,0,0,0
client,req_transport_retries_exceeded,0,0,0
client,req_rnr_retries_exceeded,100,100,0
client,roce_adp_retrans,114,114,0
client,roce_adp_retrans_to,0,0,0
client,roce_slow_restart,0,0,0
client,port_rcv_errors,0,0,0
client,local_link_integrity_errors,0,0,0
client,link_error_recovery,0,0,0
client,link_downed,0,0,0
server,duplicate_request,0,0,0
server,implied_nak_seq_err,0,0,0
server,lifespan,10,10,0
server,local_ack_timeout_err,0,0,0
server,np_cnp_sent,1,1,0
server,np_ecn_marked_roce_packets,0,0,0
server,out_of_buffer,883,883,0
server,out_of_sequence,1,1,0
server,packet_seq_err,0,0,0
server,req_cqe_error,50,50,0
server,req_cqe_flush_error,0,0,0
server,req_remote_access_errors,10,10,0
server,req_remote_invalid_request,10,10,0
server,req_rnr_retries_exceeded,0,0,0
server,req_transport_retries_exceeded,0,0,0
server,resp_cqe_error,0,0,0
server,resp_cqe_flush_error,0,0,0
server,resp_local_length_error,0,0,0
server,resp_remote_access_errors,0,0,0
server,rnr_nak_retry_err,0,0,0
server,roce_adp_retrans,0,0,0
server,roce_adp_retrans_to,0,0,0
server,roce_slow_restart,0,0,0
server,roce_slow_restart_cnps,0,0,0
server,roce_slow_restart_trans,0,0,0
server,rp_cnp_handled,0,0,0
server,rp_cnp_ignored,0,0,0
server,rx_atomic_requests,0,0,0
server,rx_dct_connect,0,0,0
server,rx_icrc_encapsulated,0,0,0
server,rx_read_requests,274,274,0
server,rx_write_requests,1606999364,1606999364,0
# REM_INV_REQ,trial=42,status=9,vendor_err=0x8a,latency_us=1648
client,local_ack_timeout_err,0,0,0
client,out_of_sequence,0,0,0
client,packet_seq_err,0,0,0
client,implied_nak_seq_err,0,0,0
client,rnr_nak_retry_err,100,100,0
client,req_cqe_error,1384,1385,1
client,resp_cqe_error,0,0,0
client,req_cqe_flush_error,0,0,0
client,resp_cqe_flush_error,0,0,0
client,req_remote_invalid_request,142,143,1
client,req_remote_access_errors,290,290,0
client,resp_remote_access_errors,0,0,0
client,resp_local_length_error,0,0,0
client,duplicate_request,0,0,0
client,out_of_buffer,0,0,0
client,rx_icrc_encapsulated,0,0,0
client,req_transport_retries_exceeded,0,0,0
client,req_rnr_retries_exceeded,100,100,0
client,roce_adp_retrans,114,114,0
client,roce_adp_retrans_to,0,0,0
client,roce_slow_restart,0,0,0
client,port_rcv_errors,0,0,0
client,local_link_integrity_errors,0,0,0
client,link_error_recovery,0,0,0
client,link_downed,0,0,0
server,duplicate_request,0,0,0
server,implied_nak_seq_err,0,0,0
server,lifespan,10,10,0
server,local_ack_timeout_err,0,0,0
server,np_cnp_sent,1,1,0
server,np_ecn_marked_roce_packets,0,0,0
server,out_of_buffer,883,883,0
server,out_of_sequence,1,1,0
server,packet_seq_err,0,0,0
server,req_cqe_error,50,50,0
server,req_cqe_flush_error,0,0,0
server,req_remote_access_errors,10,10,0
server,req_remote_invalid_request,10,10,0
server,req_rnr_retries_exceeded,0,0,0
server,req_transport_retries_exceeded,0,0,0
server,resp_cqe_error,0,0,0
server,resp_cqe_flush_error,0,0,0
server,resp_local_length_error,0,0,0
server,resp_remote_access_errors,0,0,0
server,rnr_nak_retry_err,0,0,0
server,roce_adp_retrans,0,0,0
server,roce_adp_retrans_to,0,0,0
server,roce_slow_restart,0,0,0
server,roce_slow_restart_cnps,0,0,0
server,roce_slow_restart_trans,0,0,0
server,rp_cnp_handled,0,0,0
server,rp_cnp_ignored,0,0,0
server,rx_atomic_requests,0,0,0
server,rx_dct_connect,0,0,0
server,rx_icrc_encapsulated,0,0,0
server,rx_read_requests,274,274,0
server,rx_write_requests,1606999364,1606999364,0
# REM_INV_REQ,trial=43,status=9,vendor_err=0x8a,latency_us=1642
client,local_ack_timeout_err,0,0,0
client,out_of_sequence,0,0,0
client,packet_seq_err,0,0,0
client,implied_nak_seq_err,0,0,0
client,rnr_nak_retry_err,100,100,0
client,req_cqe_error,1385,1386,1
client,resp_cqe_error,0,0,0
client,req_cqe_flush_error,0,0,0
client,resp_cqe_flush_error,0,0,0
client,req_remote_invalid_request,143,144,1
client,req_remote_access_errors,290,290,0
client,resp_remote_access_errors,0,0,0
client,resp_local_length_error,0,0,0
client,duplicate_request,0,0,0
client,out_of_buffer,0,0,0
client,rx_icrc_encapsulated,0,0,0
client,req_transport_retries_exceeded,0,0,0
client,req_rnr_retries_exceeded,100,100,0
client,roce_adp_retrans,114,114,0
client,roce_adp_retrans_to,0,0,0
client,roce_slow_restart,0,0,0
client,port_rcv_errors,0,0,0
client,local_link_integrity_errors,0,0,0
client,link_error_recovery,0,0,0
client,link_downed,0,0,0
server,duplicate_request,0,0,0
server,implied_nak_seq_err,0,0,0
server,lifespan,10,10,0
server,local_ack_timeout_err,0,0,0
server,np_cnp_sent,1,1,0
server,np_ecn_marked_roce_packets,0,0,0
server,out_of_buffer,883,883,0
server,out_of_sequence,1,1,0
server,packet_seq_err,0,0,0
server,req_cqe_error,50,50,0
server,req_cqe_flush_error,0,0,0
server,req_remote_access_errors,10,10,0
server,req_remote_invalid_request,10,10,0
server,req_rnr_retries_exceeded,0,0,0
server,req_transport_retries_exceeded,0,0,0
server,resp_cqe_error,0,0,0
server,resp_cqe_flush_error,0,0,0
server,resp_local_length_error,0,0,0
server,resp_remote_access_errors,0,0,0
server,rnr_nak_retry_err,0,0,0
server,roce_adp_retrans,0,0,0
server,roce_adp_retrans_to,0,0,0
server,roce_slow_restart,0,0,0
server,roce_slow_restart_cnps,0,0,0
server,roce_slow_restart_trans,0,0,0
server,rp_cnp_handled,0,0,0
server,rp_cnp_ignored,0,0,0
server,rx_atomic_requests,0,0,0
server,rx_dct_connect,0,0,0
server,rx_icrc_encapsulated,0,0,0
server,rx_read_requests,274,274,0
server,rx_write_requests,1606999364,1606999364,0
# REM_INV_REQ,trial=44,status=9,vendor_err=0x8a,latency_us=1688
client,local_ack_timeout_err,0,0,0
client,out_of_sequence,0,0,0
client,packet_seq_err,0,0,0
client,implied_nak_seq_err,0,0,0
client,rnr_nak_retry_err,100,100,0
client,req_cqe_error,1386,1387,1
client,resp_cqe_error,0,0,0
client,req_cqe_flush_error,0,0,0
client,resp_cqe_flush_error,0,0,0
client,req_remote_invalid_request,144,145,1
client,req_remote_access_errors,290,290,0
client,resp_remote_access_errors,0,0,0
client,resp_local_length_error,0,0,0
client,duplicate_request,0,0,0
client,out_of_buffer,0,0,0
client,rx_icrc_encapsulated,0,0,0
client,req_transport_retries_exceeded,0,0,0
client,req_rnr_retries_exceeded,100,100,0
client,roce_adp_retrans,114,114,0
client,roce_adp_retrans_to,0,0,0
client,roce_slow_restart,0,0,0
client,port_rcv_errors,0,0,0
client,local_link_integrity_errors,0,0,0
client,link_error_recovery,0,0,0
client,link_downed,0,0,0
server,duplicate_request,0,0,0
server,implied_nak_seq_err,0,0,0
server,lifespan,10,10,0
server,local_ack_timeout_err,0,0,0
server,np_cnp_sent,1,1,0
server,np_ecn_marked_roce_packets,0,0,0
server,out_of_buffer,883,883,0
server,out_of_sequence,1,1,0
server,packet_seq_err,0,0,0
server,req_cqe_error,50,50,0
server,req_cqe_flush_error,0,0,0
server,req_remote_access_errors,10,10,0
server,req_remote_invalid_request,10,10,0
server,req_rnr_retries_exceeded,0,0,0
server,req_transport_retries_exceeded,0,0,0
server,resp_cqe_error,0,0,0
server,resp_cqe_flush_error,0,0,0
server,resp_local_length_error,0,0,0
server,resp_remote_access_errors,0,0,0
server,rnr_nak_retry_err,0,0,0
server,roce_adp_retrans,0,0,0
server,roce_adp_retrans_to,0,0,0
server,roce_slow_restart,0,0,0
server,roce_slow_restart_cnps,0,0,0
server,roce_slow_restart_trans,0,0,0
server,rp_cnp_handled,0,0,0
server,rp_cnp_ignored,0,0,0
server,rx_atomic_requests,0,0,0
server,rx_dct_connect,0,0,0
server,rx_icrc_encapsulated,0,0,0
server,rx_read_requests,274,274,0
server,rx_write_requests,1606999364,1606999364,0
# REM_INV_REQ,trial=45,status=9,vendor_err=0x8a,latency_us=1654
client,local_ack_timeout_err,0,0,0
client,out_of_sequence,0,0,0
client,packet_seq_err,0,0,0
client,implied_nak_seq_err,0,0,0
client,rnr_nak_retry_err,100,100,0
client,req_cqe_error,1387,1388,1
client,resp_cqe_error,0,0,0
client,req_cqe_flush_error,0,0,0
client,resp_cqe_flush_error,0,0,0
client,req_remote_invalid_request,145,146,1
client,req_remote_access_errors,290,290,0
client,resp_remote_access_errors,0,0,0
client,resp_local_length_error,0,0,0
client,duplicate_request,0,0,0
client,out_of_buffer,0,0,0
client,rx_icrc_encapsulated,0,0,0
client,req_transport_retries_exceeded,0,0,0
client,req_rnr_retries_exceeded,100,100,0
client,roce_adp_retrans,114,114,0
client,roce_adp_retrans_to,0,0,0
client,roce_slow_restart,0,0,0
client,port_rcv_errors,0,0,0
client,local_link_integrity_errors,0,0,0
client,link_error_recovery,0,0,0
client,link_downed,0,0,0
server,duplicate_request,0,0,0
server,implied_nak_seq_err,0,0,0
server,lifespan,10,10,0
server,local_ack_timeout_err,0,0,0
server,np_cnp_sent,1,1,0
server,np_ecn_marked_roce_packets,0,0,0
server,out_of_buffer,883,883,0
server,out_of_sequence,1,1,0
server,packet_seq_err,0,0,0
server,req_cqe_error,50,50,0
server,req_cqe_flush_error,0,0,0
server,req_remote_access_errors,10,10,0
server,req_remote_invalid_request,10,10,0
server,req_rnr_retries_exceeded,0,0,0
server,req_transport_retries_exceeded,0,0,0
server,resp_cqe_error,0,0,0
server,resp_cqe_flush_error,0,0,0
server,resp_local_length_error,0,0,0
server,resp_remote_access_errors,0,0,0
server,rnr_nak_retry_err,0,0,0
server,roce_adp_retrans,0,0,0
server,roce_adp_retrans_to,0,0,0
server,roce_slow_restart,0,0,0
server,roce_slow_restart_cnps,0,0,0
server,roce_slow_restart_trans,0,0,0
server,rp_cnp_handled,0,0,0
server,rp_cnp_ignored,0,0,0
server,rx_atomic_requests,0,0,0
server,rx_dct_connect,0,0,0
server,rx_icrc_encapsulated,0,0,0
server,rx_read_requests,274,274,0
server,rx_write_requests,1606999364,1606999364,0
# REM_INV_REQ,trial=46,status=9,vendor_err=0x8a,latency_us=1644
client,local_ack_timeout_err,0,0,0
client,out_of_sequence,0,0,0
client,packet_seq_err,0,0,0
client,implied_nak_seq_err,0,0,0
client,rnr_nak_retry_err,100,100,0
client,req_cqe_error,1388,1389,1
client,resp_cqe_error,0,0,0
client,req_cqe_flush_error,0,0,0
client,resp_cqe_flush_error,0,0,0
client,req_remote_invalid_request,146,147,1
client,req_remote_access_errors,290,290,0
client,resp_remote_access_errors,0,0,0
client,resp_local_length_error,0,0,0
client,duplicate_request,0,0,0
client,out_of_buffer,0,0,0
client,rx_icrc_encapsulated,0,0,0
client,req_transport_retries_exceeded,0,0,0
client,req_rnr_retries_exceeded,100,100,0
client,roce_adp_retrans,114,114,0
client,roce_adp_retrans_to,0,0,0
client,roce_slow_restart,0,0,0
client,port_rcv_errors,0,0,0
client,local_link_integrity_errors,0,0,0
client,link_error_recovery,0,0,0
client,link_downed,0,0,0
server,duplicate_request,0,0,0
server,implied_nak_seq_err,0,0,0
server,lifespan,10,10,0
server,local_ack_timeout_err,0,0,0
server,np_cnp_sent,1,1,0
server,np_ecn_marked_roce_packets,0,0,0
server,out_of_buffer,883,883,0
server,out_of_sequence,1,1,0
server,packet_seq_err,0,0,0
server,req_cqe_error,50,50,0
server,req_cqe_flush_error,0,0,0
server,req_remote_access_errors,10,10,0
server,req_remote_invalid_request,10,10,0
server,req_rnr_retries_exceeded,0,0,0
server,req_transport_retries_exceeded,0,0,0
server,resp_cqe_error,0,0,0
server,resp_cqe_flush_error,0,0,0
server,resp_local_length_error,0,0,0
server,resp_remote_access_errors,0,0,0
server,rnr_nak_retry_err,0,0,0
server,roce_adp_retrans,0,0,0
server,roce_adp_retrans_to,0,0,0
server,roce_slow_restart,0,0,0
server,roce_slow_restart_cnps,0,0,0
server,roce_slow_restart_trans,0,0,0
server,rp_cnp_handled,0,0,0
server,rp_cnp_ignored,0,0,0
server,rx_atomic_requests,0,0,0
server,rx_dct_connect,0,0,0
server,rx_icrc_encapsulated,0,0,0
server,rx_read_requests,274,274,0
server,rx_write_requests,1606999364,1606999364,0
# REM_INV_REQ,trial=47,status=9,vendor_err=0x8a,latency_us=1645
client,local_ack_timeout_err,0,0,0
client,out_of_sequence,0,0,0
client,packet_seq_err,0,0,0
client,implied_nak_seq_err,0,0,0
client,rnr_nak_retry_err,100,100,0
client,req_cqe_error,1389,1390,1
client,resp_cqe_error,0,0,0
client,req_cqe_flush_error,0,0,0
client,resp_cqe_flush_error,0,0,0
client,req_remote_invalid_request,147,148,1
client,req_remote_access_errors,290,290,0
client,resp_remote_access_errors,0,0,0
client,resp_local_length_error,0,0,0
client,duplicate_request,0,0,0
client,out_of_buffer,0,0,0
client,rx_icrc_encapsulated,0,0,0
client,req_transport_retries_exceeded,0,0,0
client,req_rnr_retries_exceeded,100,100,0
client,roce_adp_retrans,114,114,0
client,roce_adp_retrans_to,0,0,0
client,roce_slow_restart,0,0,0
client,port_rcv_errors,0,0,0
client,local_link_integrity_errors,0,0,0
client,link_error_recovery,0,0,0
client,link_downed,0,0,0
server,duplicate_request,0,0,0
server,implied_nak_seq_err,0,0,0
server,lifespan,10,10,0
server,local_ack_timeout_err,0,0,0
server,np_cnp_sent,1,1,0
server,np_ecn_marked_roce_packets,0,0,0
server,out_of_buffer,883,883,0
server,out_of_sequence,1,1,0
server,packet_seq_err,0,0,0
server,req_cqe_error,50,50,0
server,req_cqe_flush_error,0,0,0
server,req_remote_access_errors,10,10,0
server,req_remote_invalid_request,10,10,0
server,req_rnr_retries_exceeded,0,0,0
server,req_transport_retries_exceeded,0,0,0
server,resp_cqe_error,0,0,0
server,resp_cqe_flush_error,0,0,0
server,resp_local_length_error,0,0,0
server,resp_remote_access_errors,0,0,0
server,rnr_nak_retry_err,0,0,0
server,roce_adp_retrans,0,0,0
server,roce_adp_retrans_to,0,0,0
server,roce_slow_restart,0,0,0
server,roce_slow_restart_cnps,0,0,0
server,roce_slow_restart_trans,0,0,0
server,rp_cnp_handled,0,0,0
server,rp_cnp_ignored,0,0,0
server,rx_atomic_requests,0,0,0
server,rx_dct_connect,0,0,0
server,rx_icrc_encapsulated,0,0,0
server,rx_read_requests,274,274,0
server,rx_write_requests,1606999364,1606999364,0
# REM_INV_REQ,trial=48,status=9,vendor_err=0x8a,latency_us=1639
client,local_ack_timeout_err,0,0,0
client,out_of_sequence,0,0,0
client,packet_seq_err,0,0,0
client,implied_nak_seq_err,0,0,0
client,rnr_nak_retry_err,100,100,0
client,req_cqe_error,1390,1391,1
client,resp_cqe_error,0,0,0
client,req_cqe_flush_error,0,0,0
client,resp_cqe_flush_error,0,0,0
client,req_remote_invalid_request,148,149,1
client,req_remote_access_errors,290,290,0
client,resp_remote_access_errors,0,0,0
client,resp_local_length_error,0,0,0
client,duplicate_request,0,0,0
client,out_of_buffer,0,0,0
client,rx_icrc_encapsulated,0,0,0
client,req_transport_retries_exceeded,0,0,0
client,req_rnr_retries_exceeded,100,100,0
client,roce_adp_retrans,114,114,0
client,roce_adp_retrans_to,0,0,0
client,roce_slow_restart,0,0,0
client,port_rcv_errors,0,0,0
client,local_link_integrity_errors,0,0,0
client,link_error_recovery,0,0,0
client,link_downed,0,0,0
server,duplicate_request,0,0,0
server,implied_nak_seq_err,0,0,0
server,lifespan,10,10,0
server,local_ack_timeout_err,0,0,0
server,np_cnp_sent,1,1,0
server,np_ecn_marked_roce_packets,0,0,0
server,out_of_buffer,883,883,0
server,out_of_sequence,1,1,0
server,packet_seq_err,0,0,0
server,req_cqe_error,50,50,0
server,req_cqe_flush_error,0,0,0
server,req_remote_access_errors,10,10,0
server,req_remote_invalid_request,10,10,0
server,req_rnr_retries_exceeded,0,0,0
server,req_transport_retries_exceeded,0,0,0
server,resp_cqe_error,0,0,0
server,resp_cqe_flush_error,0,0,0
server,resp_local_length_error,0,0,0
server,resp_remote_access_errors,0,0,0
server,rnr_nak_retry_err,0,0,0
server,roce_adp_retrans,0,0,0
server,roce_adp_retrans_to,0,0,0
server,roce_slow_restart,0,0,0
server,roce_slow_restart_cnps,0,0,0
server,roce_slow_restart_trans,0,0,0
server,rp_cnp_handled,0,0,0
server,rp_cnp_ignored,0,0,0
server,rx_atomic_requests,0,0,0
server,rx_dct_connect,0,0,0
server,rx_icrc_encapsulated,0,0,0
server,rx_read_requests,274,274,0
server,rx_write_requests,1606999364,1606999364,0
# REM_INV_REQ,trial=49,status=9,vendor_err=0x8a,latency_us=1646
client,local_ack_timeout_err,0,0,0
client,out_of_sequence,0,0,0
client,packet_seq_err,0,0,0
client,implied_nak_seq_err,0,0,0
client,rnr_nak_retry_err,100,100,0
client,req_cqe_error,1391,1392,1
client,resp_cqe_error,0,0,0
client,req_cqe_flush_error,0,0,0
client,resp_cqe_flush_error,0,0,0
client,req_remote_invalid_request,149,150,1
client,req_remote_access_errors,290,290,0
client,resp_remote_access_errors,0,0,0
client,resp_local_length_error,0,0,0
client,duplicate_request,0,0,0
client,out_of_buffer,0,0,0
client,rx_icrc_encapsulated,0,0,0
client,req_transport_retries_exceeded,0,0,0
client,req_rnr_retries_exceeded,100,100,0
client,roce_adp_retrans,114,114,0
client,roce_adp_retrans_to,0,0,0
client,roce_slow_restart,0,0,0
client,port_rcv_errors,0,0,0
client,local_link_integrity_errors,0,0,0
client,link_error_recovery,0,0,0
client,link_downed,0,0,0
server,duplicate_request,0,0,0
server,implied_nak_seq_err,0,0,0
server,lifespan,10,10,0
server,local_ack_timeout_err,0,0,0
server,np_cnp_sent,1,1,0
server,np_ecn_marked_roce_packets,0,0,0
server,out_of_buffer,883,883,0
server,out_of_sequence,1,1,0
server,packet_seq_err,0,0,0
server,req_cqe_error,50,50,0
server,req_cqe_flush_error,0,0,0
server,req_remote_access_errors,10,10,0
server,req_remote_invalid_request,10,10,0
server,req_rnr_retries_exceeded,0,0,0
server,req_transport_retries_exceeded,0,0,0
server,resp_cqe_error,0,0,0
server,resp_cqe_flush_error,0,0,0
server,resp_local_length_error,0,0,0
server,resp_remote_access_errors,0,0,0
server,rnr_nak_retry_err,0,0,0
server,roce_adp_retrans,0,0,0
server,roce_adp_retrans_to,0,0,0
server,roce_slow_restart,0,0,0
server,roce_slow_restart_cnps,0,0,0
server,roce_slow_restart_trans,0,0,0
server,rp_cnp_handled,0,0,0
server,rp_cnp_ignored,0,0,0
server,rx_atomic_requests,0,0,0
server,rx_dct_connect,0,0,0
server,rx_icrc_encapsulated,0,0,0
server,rx_read_requests,274,274,0
server,rx_write_requests,1606999364,1606999364,0
# REM_INV_REQ,trial=50,status=9,vendor_err=0x8a,latency_us=1645
client,local_ack_timeout_err,0,0,0
client,out_of_sequence,0,0,0
client,packet_seq_err,0,0,0
client,implied_nak_seq_err,0,0,0
client,rnr_nak_retry_err,100,100,0
client,req_cqe_error,1392,1393,1
client,resp_cqe_error,0,0,0
client,req_cqe_flush_error,0,0,0
client,resp_cqe_flush_error,0,0,0
client,req_remote_invalid_request,150,151,1
client,req_remote_access_errors,290,290,0
client,resp_remote_access_errors,0,0,0
client,resp_local_length_error,0,0,0
client,duplicate_request,0,0,0
client,out_of_buffer,0,0,0
client,rx_icrc_encapsulated,0,0,0
client,req_transport_retries_exceeded,0,0,0
client,req_rnr_retries_exceeded,100,100,0
client,roce_adp_retrans,114,114,0
client,roce_adp_retrans_to,0,0,0
client,roce_slow_restart,0,0,0
client,port_rcv_errors,0,0,0
client,local_link_integrity_errors,0,0,0
client,link_error_recovery,0,0,0
client,link_downed,0,0,0
server,duplicate_request,0,0,0
server,implied_nak_seq_err,0,0,0
server,lifespan,10,10,0
server,local_ack_timeout_err,0,0,0
server,np_cnp_sent,1,1,0
server,np_ecn_marked_roce_packets,0,0,0
server,out_of_buffer,883,883,0
server,out_of_sequence,1,1,0
server,packet_seq_err,0,0,0
server,req_cqe_error,50,50,0
server,req_cqe_flush_error,0,0,0
server,req_remote_access_errors,10,10,0
server,req_remote_invalid_request,10,10,0
server,req_rnr_retries_exceeded,0,0,0
server,req_transport_retries_exceeded,0,0,0
server,resp_cqe_error,0,0,0
server,resp_cqe_flush_error,0,0,0
server,resp_local_length_error,0,0,0
server,resp_remote_access_errors,0,0,0
server,rnr_nak_retry_err,0,0,0
server,roce_adp_retrans,0,0,0
server,roce_adp_retrans_to,0,0,0
server,roce_slow_restart,0,0,0
server,roce_slow_restart_cnps,0,0,0
server,roce_slow_restart_trans,0,0,0
server,rp_cnp_handled,0,0,0
server,rp_cnp_ignored,0,0,0
server,rx_atomic_requests,0,0,0
server,rx_dct_connect,0,0,0
server,rx_icrc_encapsulated,0,0,0
server,rx_read_requests,274,274,0
server,rx_write_requests,1606999364,1606999364,0
# REM_INV_REQ,trial=51,status=9,vendor_err=0x8a,latency_us=1648
client,local_ack_timeout_err,0,0,0
client,out_of_sequence,0,0,0
client,packet_seq_err,0,0,0
client,implied_nak_seq_err,0,0,0
client,rnr_nak_retry_err,100,100,0
client,req_cqe_error,1393,1394,1
client,resp_cqe_error,0,0,0
client,req_cqe_flush_error,0,0,0
client,resp_cqe_flush_error,0,0,0
client,req_remote_invalid_request,151,152,1
client,req_remote_access_errors,290,290,0
client,resp_remote_access_errors,0,0,0
client,resp_local_length_error,0,0,0
client,duplicate_request,0,0,0
client,out_of_buffer,0,0,0
client,rx_icrc_encapsulated,0,0,0
client,req_transport_retries_exceeded,0,0,0
client,req_rnr_retries_exceeded,100,100,0
client,roce_adp_retrans,114,114,0
client,roce_adp_retrans_to,0,0,0
client,roce_slow_restart,0,0,0
client,port_rcv_errors,0,0,0
client,local_link_integrity_errors,0,0,0
client,link_error_recovery,0,0,0
client,link_downed,0,0,0
server,duplicate_request,0,0,0
server,implied_nak_seq_err,0,0,0
server,lifespan,10,10,0
server,local_ack_timeout_err,0,0,0
server,np_cnp_sent,1,1,0
server,np_ecn_marked_roce_packets,0,0,0
server,out_of_buffer,883,883,0
server,out_of_sequence,1,1,0
server,packet_seq_err,0,0,0
server,req_cqe_error,50,50,0
server,req_cqe_flush_error,0,0,0
server,req_remote_access_errors,10,10,0
server,req_remote_invalid_request,10,10,0
server,req_rnr_retries_exceeded,0,0,0
server,req_transport_retries_exceeded,0,0,0
server,resp_cqe_error,0,0,0
server,resp_cqe_flush_error,0,0,0
server,resp_local_length_error,0,0,0
server,resp_remote_access_errors,0,0,0
server,rnr_nak_retry_err,0,0,0
server,roce_adp_retrans,0,0,0
server,roce_adp_retrans_to,0,0,0
server,roce_slow_restart,0,0,0
server,roce_slow_restart_cnps,0,0,0
server,roce_slow_restart_trans,0,0,0
server,rp_cnp_handled,0,0,0
server,rp_cnp_ignored,0,0,0
server,rx_atomic_requests,0,0,0
server,rx_dct_connect,0,0,0
server,rx_icrc_encapsulated,0,0,0
server,rx_read_requests,274,274,0
server,rx_write_requests,1606999364,1606999364,0
# REM_INV_REQ,trial=52,status=9,vendor_err=0x8a,latency_us=1673
client,local_ack_timeout_err,0,0,0
client,out_of_sequence,0,0,0
client,packet_seq_err,0,0,0
client,implied_nak_seq_err,0,0,0
client,rnr_nak_retry_err,100,100,0
client,req_cqe_error,1394,1395,1
client,resp_cqe_error,0,0,0
client,req_cqe_flush_error,0,0,0
client,resp_cqe_flush_error,0,0,0
client,req_remote_invalid_request,152,153,1
client,req_remote_access_errors,290,290,0
client,resp_remote_access_errors,0,0,0
client,resp_local_length_error,0,0,0
client,duplicate_request,0,0,0
client,out_of_buffer,0,0,0
client,rx_icrc_encapsulated,0,0,0
client,req_transport_retries_exceeded,0,0,0
client,req_rnr_retries_exceeded,100,100,0
client,roce_adp_retrans,114,114,0
client,roce_adp_retrans_to,0,0,0
client,roce_slow_restart,0,0,0
client,port_rcv_errors,0,0,0
client,local_link_integrity_errors,0,0,0
client,link_error_recovery,0,0,0
client,link_downed,0,0,0
server,duplicate_request,0,0,0
server,implied_nak_seq_err,0,0,0
server,lifespan,10,10,0
server,local_ack_timeout_err,0,0,0
server,np_cnp_sent,1,1,0
server,np_ecn_marked_roce_packets,0,0,0
server,out_of_buffer,883,883,0
server,out_of_sequence,1,1,0
server,packet_seq_err,0,0,0
server,req_cqe_error,50,50,0
server,req_cqe_flush_error,0,0,0
server,req_remote_access_errors,10,10,0
server,req_remote_invalid_request,10,10,0
server,req_rnr_retries_exceeded,0,0,0
server,req_transport_retries_exceeded,0,0,0
server,resp_cqe_error,0,0,0
server,resp_cqe_flush_error,0,0,0
server,resp_local_length_error,0,0,0
server,resp_remote_access_errors,0,0,0
server,rnr_nak_retry_err,0,0,0
server,roce_adp_retrans,0,0,0
server,roce_adp_retrans_to,0,0,0
server,roce_slow_restart,0,0,0
server,roce_slow_restart_cnps,0,0,0
server,roce_slow_restart_trans,0,0,0
server,rp_cnp_handled,0,0,0
server,rp_cnp_ignored,0,0,0
server,rx_atomic_requests,0,0,0
server,rx_dct_connect,0,0,0
server,rx_icrc_encapsulated,0,0,0
server,rx_read_requests,274,274,0
server,rx_write_requests,1606999364,1606999364,0
# REM_INV_REQ,trial=53,status=9,vendor_err=0x8a,latency_us=1647
client,local_ack_timeout_err,0,0,0
client,out_of_sequence,0,0,0
client,packet_seq_err,0,0,0
client,implied_nak_seq_err,0,0,0
client,rnr_nak_retry_err,100,100,0
client,req_cqe_error,1395,1396,1
client,resp_cqe_error,0,0,0
client,req_cqe_flush_error,0,0,0
client,resp_cqe_flush_error,0,0,0
client,req_remote_invalid_request,153,154,1
client,req_remote_access_errors,290,290,0
client,resp_remote_access_errors,0,0,0
client,resp_local_length_error,0,0,0
client,duplicate_request,0,0,0
client,out_of_buffer,0,0,0
client,rx_icrc_encapsulated,0,0,0
client,req_transport_retries_exceeded,0,0,0
client,req_rnr_retries_exceeded,100,100,0
client,roce_adp_retrans,114,114,0
client,roce_adp_retrans_to,0,0,0
client,roce_slow_restart,0,0,0
client,port_rcv_errors,0,0,0
client,local_link_integrity_errors,0,0,0
client,link_error_recovery,0,0,0
client,link_downed,0,0,0
server,duplicate_request,0,0,0
server,implied_nak_seq_err,0,0,0
server,lifespan,10,10,0
server,local_ack_timeout_err,0,0,0
server,np_cnp_sent,1,1,0
server,np_ecn_marked_roce_packets,0,0,0
server,out_of_buffer,883,883,0
server,out_of_sequence,1,1,0
server,packet_seq_err,0,0,0
server,req_cqe_error,50,50,0
server,req_cqe_flush_error,0,0,0
server,req_remote_access_errors,10,10,0
server,req_remote_invalid_request,10,10,0
server,req_rnr_retries_exceeded,0,0,0
server,req_transport_retries_exceeded,0,0,0
server,resp_cqe_error,0,0,0
server,resp_cqe_flush_error,0,0,0
server,resp_local_length_error,0,0,0
server,resp_remote_access_errors,0,0,0
server,rnr_nak_retry_err,0,0,0
server,roce_adp_retrans,0,0,0
server,roce_adp_retrans_to,0,0,0
server,roce_slow_restart,0,0,0
server,roce_slow_restart_cnps,0,0,0
server,roce_slow_restart_trans,0,0,0
server,rp_cnp_handled,0,0,0
server,rp_cnp_ignored,0,0,0
server,rx_atomic_requests,0,0,0
server,rx_dct_connect,0,0,0
server,rx_icrc_encapsulated,0,0,0
server,rx_read_requests,274,274,0
server,rx_write_requests,1606999364,1606999364,0
# REM_INV_REQ,trial=54,status=9,vendor_err=0x8a,latency_us=1643
client,local_ack_timeout_err,0,0,0
client,out_of_sequence,0,0,0
client,packet_seq_err,0,0,0
client,implied_nak_seq_err,0,0,0
client,rnr_nak_retry_err,100,100,0
client,req_cqe_error,1396,1397,1
client,resp_cqe_error,0,0,0
client,req_cqe_flush_error,0,0,0
client,resp_cqe_flush_error,0,0,0
client,req_remote_invalid_request,154,155,1
client,req_remote_access_errors,290,290,0
client,resp_remote_access_errors,0,0,0
client,resp_local_length_error,0,0,0
client,duplicate_request,0,0,0
client,out_of_buffer,0,0,0
client,rx_icrc_encapsulated,0,0,0
client,req_transport_retries_exceeded,0,0,0
client,req_rnr_retries_exceeded,100,100,0
client,roce_adp_retrans,114,114,0
client,roce_adp_retrans_to,0,0,0
client,roce_slow_restart,0,0,0
client,port_rcv_errors,0,0,0
client,local_link_integrity_errors,0,0,0
client,link_error_recovery,0,0,0
client,link_downed,0,0,0
server,duplicate_request,0,0,0
server,implied_nak_seq_err,0,0,0
server,lifespan,10,10,0
server,local_ack_timeout_err,0,0,0
server,np_cnp_sent,1,1,0
server,np_ecn_marked_roce_packets,0,0,0
server,out_of_buffer,883,883,0
server,out_of_sequence,1,1,0
server,packet_seq_err,0,0,0
server,req_cqe_error,50,50,0
server,req_cqe_flush_error,0,0,0
server,req_remote_access_errors,10,10,0
server,req_remote_invalid_request,10,10,0
server,req_rnr_retries_exceeded,0,0,0
server,req_transport_retries_exceeded,0,0,0
server,resp_cqe_error,0,0,0
server,resp_cqe_flush_error,0,0,0
server,resp_local_length_error,0,0,0
server,resp_remote_access_errors,0,0,0
server,rnr_nak_retry_err,0,0,0
server,roce_adp_retrans,0,0,0
server,roce_adp_retrans_to,0,0,0
server,roce_slow_restart,0,0,0
server,roce_slow_restart_cnps,0,0,0
server,roce_slow_restart_trans,0,0,0
server,rp_cnp_handled,0,0,0
server,rp_cnp_ignored,0,0,0
server,rx_atomic_requests,0,0,0
server,rx_dct_connect,0,0,0
server,rx_icrc_encapsulated,0,0,0
server,rx_read_requests,274,274,0
server,rx_write_requests,1606999364,1606999364,0
# REM_INV_REQ,trial=55,status=9,vendor_err=0x8a,latency_us=1650
client,local_ack_timeout_err,0,0,0
client,out_of_sequence,0,0,0
client,packet_seq_err,0,0,0
client,implied_nak_seq_err,0,0,0
client,rnr_nak_retry_err,100,100,0
client,req_cqe_error,1397,1398,1
client,resp_cqe_error,0,0,0
client,req_cqe_flush_error,0,0,0
client,resp_cqe_flush_error,0,0,0
client,req_remote_invalid_request,155,156,1
client,req_remote_access_errors,290,290,0
client,resp_remote_access_errors,0,0,0
client,resp_local_length_error,0,0,0
client,duplicate_request,0,0,0
client,out_of_buffer,0,0,0
client,rx_icrc_encapsulated,0,0,0
client,req_transport_retries_exceeded,0,0,0
client,req_rnr_retries_exceeded,100,100,0
client,roce_adp_retrans,114,114,0
client,roce_adp_retrans_to,0,0,0
client,roce_slow_restart,0,0,0
client,port_rcv_errors,0,0,0
client,local_link_integrity_errors,0,0,0
client,link_error_recovery,0,0,0
client,link_downed,0,0,0
server,duplicate_request,0,0,0
server,implied_nak_seq_err,0,0,0
server,lifespan,10,10,0
server,local_ack_timeout_err,0,0,0
server,np_cnp_sent,1,1,0
server,np_ecn_marked_roce_packets,0,0,0
server,out_of_buffer,883,883,0
server,out_of_sequence,1,1,0
server,packet_seq_err,0,0,0
server,req_cqe_error,50,50,0
server,req_cqe_flush_error,0,0,0
server,req_remote_access_errors,10,10,0
server,req_remote_invalid_request,10,10,0
server,req_rnr_retries_exceeded,0,0,0
server,req_transport_retries_exceeded,0,0,0
server,resp_cqe_error,0,0,0
server,resp_cqe_flush_error,0,0,0
server,resp_local_length_error,0,0,0
server,resp_remote_access_errors,0,0,0
server,rnr_nak_retry_err,0,0,0
server,roce_adp_retrans,0,0,0
server,roce_adp_retrans_to,0,0,0
server,roce_slow_restart,0,0,0
server,roce_slow_restart_cnps,0,0,0
server,roce_slow_restart_trans,0,0,0
server,rp_cnp_handled,0,0,0
server,rp_cnp_ignored,0,0,0
server,rx_atomic_requests,0,0,0
server,rx_dct_connect,0,0,0
server,rx_icrc_encapsulated,0,0,0
server,rx_read_requests,274,274,0
server,rx_write_requests,1606999364,1606999364,0
# REM_INV_REQ,trial=56,status=9,vendor_err=0x8a,latency_us=1646
client,local_ack_timeout_err,0,0,0
client,out_of_sequence,0,0,0
client,packet_seq_err,0,0,0
client,implied_nak_seq_err,0,0,0
client,rnr_nak_retry_err,100,100,0
client,req_cqe_error,1398,1399,1
client,resp_cqe_error,0,0,0
client,req_cqe_flush_error,0,0,0
client,resp_cqe_flush_error,0,0,0
client,req_remote_invalid_request,156,157,1
client,req_remote_access_errors,290,290,0
client,resp_remote_access_errors,0,0,0
client,resp_local_length_error,0,0,0
client,duplicate_request,0,0,0
client,out_of_buffer,0,0,0
client,rx_icrc_encapsulated,0,0,0
client,req_transport_retries_exceeded,0,0,0
client,req_rnr_retries_exceeded,100,100,0
client,roce_adp_retrans,114,114,0
client,roce_adp_retrans_to,0,0,0
client,roce_slow_restart,0,0,0
client,port_rcv_errors,0,0,0
client,local_link_integrity_errors,0,0,0
client,link_error_recovery,0,0,0
client,link_downed,0,0,0
server,duplicate_request,0,0,0
server,implied_nak_seq_err,0,0,0
server,lifespan,10,10,0
server,local_ack_timeout_err,0,0,0
server,np_cnp_sent,1,1,0
server,np_ecn_marked_roce_packets,0,0,0
server,out_of_buffer,883,883,0
server,out_of_sequence,1,1,0
server,packet_seq_err,0,0,0
server,req_cqe_error,50,50,0
server,req_cqe_flush_error,0,0,0
server,req_remote_access_errors,10,10,0
server,req_remote_invalid_request,10,10,0
server,req_rnr_retries_exceeded,0,0,0
server,req_transport_retries_exceeded,0,0,0
server,resp_cqe_error,0,0,0
server,resp_cqe_flush_error,0,0,0
server,resp_local_length_error,0,0,0
server,resp_remote_access_errors,0,0,0
server,rnr_nak_retry_err,0,0,0
server,roce_adp_retrans,0,0,0
server,roce_adp_retrans_to,0,0,0
server,roce_slow_restart,0,0,0
server,roce_slow_restart_cnps,0,0,0
server,roce_slow_restart_trans,0,0,0
server,rp_cnp_handled,0,0,0
server,rp_cnp_ignored,0,0,0
server,rx_atomic_requests,0,0,0
server,rx_dct_connect,0,0,0
server,rx_icrc_encapsulated,0,0,0
server,rx_read_requests,274,274,0
server,rx_write_requests,1606999364,1606999364,0
# REM_INV_REQ,trial=57,status=9,vendor_err=0x8a,latency_us=1645
client,local_ack_timeout_err,0,0,0
client,out_of_sequence,0,0,0
client,packet_seq_err,0,0,0
client,implied_nak_seq_err,0,0,0
client,rnr_nak_retry_err,100,100,0
client,req_cqe_error,1399,1400,1
client,resp_cqe_error,0,0,0
client,req_cqe_flush_error,0,0,0
client,resp_cqe_flush_error,0,0,0
client,req_remote_invalid_request,157,158,1
client,req_remote_access_errors,290,290,0
client,resp_remote_access_errors,0,0,0
client,resp_local_length_error,0,0,0
client,duplicate_request,0,0,0
client,out_of_buffer,0,0,0
client,rx_icrc_encapsulated,0,0,0
client,req_transport_retries_exceeded,0,0,0
client,req_rnr_retries_exceeded,100,100,0
client,roce_adp_retrans,114,114,0
client,roce_adp_retrans_to,0,0,0
client,roce_slow_restart,0,0,0
client,port_rcv_errors,0,0,0
client,local_link_integrity_errors,0,0,0
client,link_error_recovery,0,0,0
client,link_downed,0,0,0
server,duplicate_request,0,0,0
server,implied_nak_seq_err,0,0,0
server,lifespan,10,10,0
server,local_ack_timeout_err,0,0,0
server,np_cnp_sent,1,1,0
server,np_ecn_marked_roce_packets,0,0,0
server,out_of_buffer,883,883,0
server,out_of_sequence,1,1,0
server,packet_seq_err,0,0,0
server,req_cqe_error,50,50,0
server,req_cqe_flush_error,0,0,0
server,req_remote_access_errors,10,10,0
server,req_remote_invalid_request,10,10,0
server,req_rnr_retries_exceeded,0,0,0
server,req_transport_retries_exceeded,0,0,0
server,resp_cqe_error,0,0,0
server,resp_cqe_flush_error,0,0,0
server,resp_local_length_error,0,0,0
server,resp_remote_access_errors,0,0,0
server,rnr_nak_retry_err,0,0,0
server,roce_adp_retrans,0,0,0
server,roce_adp_retrans_to,0,0,0
server,roce_slow_restart,0,0,0
server,roce_slow_restart_cnps,0,0,0
server,roce_slow_restart_trans,0,0,0
server,rp_cnp_handled,0,0,0
server,rp_cnp_ignored,0,0,0
server,rx_atomic_requests,0,0,0
server,rx_dct_connect,0,0,0
server,rx_icrc_encapsulated,0,0,0
server,rx_read_requests,274,274,0
server,rx_write_requests,1606999364,1606999364,0
# REM_INV_REQ,trial=58,status=9,vendor_err=0x8a,latency_us=1646
client,local_ack_timeout_err,0,0,0
client,out_of_sequence,0,0,0
client,packet_seq_err,0,0,0
client,implied_nak_seq_err,0,0,0
client,rnr_nak_retry_err,100,100,0
client,req_cqe_error,1400,1401,1
client,resp_cqe_error,0,0,0
client,req_cqe_flush_error,0,0,0
client,resp_cqe_flush_error,0,0,0
client,req_remote_invalid_request,158,159,1
client,req_remote_access_errors,290,290,0
client,resp_remote_access_errors,0,0,0
client,resp_local_length_error,0,0,0
client,duplicate_request,0,0,0
client,out_of_buffer,0,0,0
client,rx_icrc_encapsulated,0,0,0
client,req_transport_retries_exceeded,0,0,0
client,req_rnr_retries_exceeded,100,100,0
client,roce_adp_retrans,114,114,0
client,roce_adp_retrans_to,0,0,0
client,roce_slow_restart,0,0,0
client,port_rcv_errors,0,0,0
client,local_link_integrity_errors,0,0,0
client,link_error_recovery,0,0,0
client,link_downed,0,0,0
server,duplicate_request,0,0,0
server,implied_nak_seq_err,0,0,0
server,lifespan,10,10,0
server,local_ack_timeout_err,0,0,0
server,np_cnp_sent,1,1,0
server,np_ecn_marked_roce_packets,0,0,0
server,out_of_buffer,883,883,0
server,out_of_sequence,1,1,0
server,packet_seq_err,0,0,0
server,req_cqe_error,50,50,0
server,req_cqe_flush_error,0,0,0
server,req_remote_access_errors,10,10,0
server,req_remote_invalid_request,10,10,0
server,req_rnr_retries_exceeded,0,0,0
server,req_transport_retries_exceeded,0,0,0
server,resp_cqe_error,0,0,0
server,resp_cqe_flush_error,0,0,0
server,resp_local_length_error,0,0,0
server,resp_remote_access_errors,0,0,0
server,rnr_nak_retry_err,0,0,0
server,roce_adp_retrans,0,0,0
server,roce_adp_retrans_to,0,0,0
server,roce_slow_restart,0,0,0
server,roce_slow_restart_cnps,0,0,0
server,roce_slow_restart_trans,0,0,0
server,rp_cnp_handled,0,0,0
server,rp_cnp_ignored,0,0,0
server,rx_atomic_requests,0,0,0
server,rx_dct_connect,0,0,0
server,rx_icrc_encapsulated,0,0,0
server,rx_read_requests,274,274,0
server,rx_write_requests,1606999364,1606999364,0
# REM_INV_REQ,trial=59,status=9,vendor_err=0x8a,latency_us=1645
client,local_ack_timeout_err,0,0,0
client,out_of_sequence,0,0,0
client,packet_seq_err,0,0,0
client,implied_nak_seq_err,0,0,0
client,rnr_nak_retry_err,100,100,0
client,req_cqe_error,1401,1402,1
client,resp_cqe_error,0,0,0
client,req_cqe_flush_error,0,0,0
client,resp_cqe_flush_error,0,0,0
client,req_remote_invalid_request,159,160,1
client,req_remote_access_errors,290,290,0
client,resp_remote_access_errors,0,0,0
client,resp_local_length_error,0,0,0
client,duplicate_request,0,0,0
client,out_of_buffer,0,0,0
client,rx_icrc_encapsulated,0,0,0
client,req_transport_retries_exceeded,0,0,0
client,req_rnr_retries_exceeded,100,100,0
client,roce_adp_retrans,114,114,0
client,roce_adp_retrans_to,0,0,0
client,roce_slow_restart,0,0,0
client,port_rcv_errors,0,0,0
client,local_link_integrity_errors,0,0,0
client,link_error_recovery,0,0,0
client,link_downed,0,0,0
server,duplicate_request,0,0,0
server,implied_nak_seq_err,0,0,0
server,lifespan,10,10,0
server,local_ack_timeout_err,0,0,0
server,np_cnp_sent,1,1,0
server,np_ecn_marked_roce_packets,0,0,0
server,out_of_buffer,883,883,0
server,out_of_sequence,1,1,0
server,packet_seq_err,0,0,0
server,req_cqe_error,50,50,0
server,req_cqe_flush_error,0,0,0
server,req_remote_access_errors,10,10,0
server,req_remote_invalid_request,10,10,0
server,req_rnr_retries_exceeded,0,0,0
server,req_transport_retries_exceeded,0,0,0
server,resp_cqe_error,0,0,0
server,resp_cqe_flush_error,0,0,0
server,resp_local_length_error,0,0,0
server,resp_remote_access_errors,0,0,0
server,rnr_nak_retry_err,0,0,0
server,roce_adp_retrans,0,0,0
server,roce_adp_retrans_to,0,0,0
server,roce_slow_restart,0,0,0
server,roce_slow_restart_cnps,0,0,0
server,roce_slow_restart_trans,0,0,0
server,rp_cnp_handled,0,0,0
server,rp_cnp_ignored,0,0,0
server,rx_atomic_requests,0,0,0
server,rx_dct_connect,0,0,0
server,rx_icrc_encapsulated,0,0,0
server,rx_read_requests,274,274,0
server,rx_write_requests,1606999364,1606999364,0
# REM_INV_REQ,trial=60,status=9,vendor_err=0x8a,latency_us=1650
client,local_ack_timeout_err,0,0,0
client,out_of_sequence,0,0,0
client,packet_seq_err,0,0,0
client,implied_nak_seq_err,0,0,0
client,rnr_nak_retry_err,100,100,0
client,req_cqe_error,1402,1403,1
client,resp_cqe_error,0,0,0
client,req_cqe_flush_error,0,0,0
client,resp_cqe_flush_error,0,0,0
client,req_remote_invalid_request,160,161,1
client,req_remote_access_errors,290,290,0
client,resp_remote_access_errors,0,0,0
client,resp_local_length_error,0,0,0
client,duplicate_request,0,0,0
client,out_of_buffer,0,0,0
client,rx_icrc_encapsulated,0,0,0
client,req_transport_retries_exceeded,0,0,0
client,req_rnr_retries_exceeded,100,100,0
client,roce_adp_retrans,114,114,0
client,roce_adp_retrans_to,0,0,0
client,roce_slow_restart,0,0,0
client,port_rcv_errors,0,0,0
client,local_link_integrity_errors,0,0,0
client,link_error_recovery,0,0,0
client,link_downed,0,0,0
server,duplicate_request,0,0,0
server,implied_nak_seq_err,0,0,0
server,lifespan,10,10,0
server,local_ack_timeout_err,0,0,0
server,np_cnp_sent,1,1,0
server,np_ecn_marked_roce_packets,0,0,0
server,out_of_buffer,883,883,0
server,out_of_sequence,1,1,0
server,packet_seq_err,0,0,0
server,req_cqe_error,50,50,0
server,req_cqe_flush_error,0,0,0
server,req_remote_access_errors,10,10,0
server,req_remote_invalid_request,10,10,0
server,req_rnr_retries_exceeded,0,0,0
server,req_transport_retries_exceeded,0,0,0
server,resp_cqe_error,0,0,0
server,resp_cqe_flush_error,0,0,0
server,resp_local_length_error,0,0,0
server,resp_remote_access_errors,0,0,0
server,rnr_nak_retry_err,0,0,0
server,roce_adp_retrans,0,0,0
server,roce_adp_retrans_to,0,0,0
server,roce_slow_restart,0,0,0
server,roce_slow_restart_cnps,0,0,0
server,roce_slow_restart_trans,0,0,0
server,rp_cnp_handled,0,0,0
server,rp_cnp_ignored,0,0,0
server,rx_atomic_requests,0,0,0
server,rx_dct_connect,0,0,0
server,rx_icrc_encapsulated,0,0,0
server,rx_read_requests,274,274,0
server,rx_write_requests,1606999364,1606999364,0
# REM_INV_REQ,trial=61,status=9,vendor_err=0x8a,latency_us=1653
client,local_ack_timeout_err,0,0,0
client,out_of_sequence,0,0,0
client,packet_seq_err,0,0,0
client,implied_nak_seq_err,0,0,0
client,rnr_nak_retry_err,100,100,0
client,req_cqe_error,1403,1404,1
client,resp_cqe_error,0,0,0
client,req_cqe_flush_error,0,0,0
client,resp_cqe_flush_error,0,0,0
client,req_remote_invalid_request,161,162,1
client,req_remote_access_errors,290,290,0
client,resp_remote_access_errors,0,0,0
client,resp_local_length_error,0,0,0
client,duplicate_request,0,0,0
client,out_of_buffer,0,0,0
client,rx_icrc_encapsulated,0,0,0
client,req_transport_retries_exceeded,0,0,0
client,req_rnr_retries_exceeded,100,100,0
client,roce_adp_retrans,114,114,0
client,roce_adp_retrans_to,0,0,0
client,roce_slow_restart,0,0,0
client,port_rcv_errors,0,0,0
client,local_link_integrity_errors,0,0,0
client,link_error_recovery,0,0,0
client,link_downed,0,0,0
server,duplicate_request,0,0,0
server,implied_nak_seq_err,0,0,0
server,lifespan,10,10,0
server,local_ack_timeout_err,0,0,0
server,np_cnp_sent,1,1,0
server,np_ecn_marked_roce_packets,0,0,0
server,out_of_buffer,883,883,0
server,out_of_sequence,1,1,0
server,packet_seq_err,0,0,0
server,req_cqe_error,50,50,0
server,req_cqe_flush_error,0,0,0
server,req_remote_access_errors,10,10,0
server,req_remote_invalid_request,10,10,0
server,req_rnr_retries_exceeded,0,0,0
server,req_transport_retries_exceeded,0,0,0
server,resp_cqe_error,0,0,0
server,resp_cqe_flush_error,0,0,0
server,resp_local_length_error,0,0,0
server,resp_remote_access_errors,0,0,0
server,rnr_nak_retry_err,0,0,0
server,roce_adp_retrans,0,0,0
server,roce_adp_retrans_to,0,0,0
server,roce_slow_restart,0,0,0
server,roce_slow_restart_cnps,0,0,0
server,roce_slow_restart_trans,0,0,0
server,rp_cnp_handled,0,0,0
server,rp_cnp_ignored,0,0,0
server,rx_atomic_requests,0,0,0
server,rx_dct_connect,0,0,0
server,rx_icrc_encapsulated,0,0,0
server,rx_read_requests,274,274,0
server,rx_write_requests,1606999364,1606999364,0
# REM_INV_REQ,trial=62,status=9,vendor_err=0x8a,latency_us=1642
client,local_ack_timeout_err,0,0,0
client,out_of_sequence,0,0,0
client,packet_seq_err,0,0,0
client,implied_nak_seq_err,0,0,0
client,rnr_nak_retry_err,100,100,0
client,req_cqe_error,1404,1405,1
client,resp_cqe_error,0,0,0
client,req_cqe_flush_error,0,0,0
client,resp_cqe_flush_error,0,0,0
client,req_remote_invalid_request,162,163,1
client,req_remote_access_errors,290,290,0
client,resp_remote_access_errors,0,0,0
client,resp_local_length_error,0,0,0
client,duplicate_request,0,0,0
client,out_of_buffer,0,0,0
client,rx_icrc_encapsulated,0,0,0
client,req_transport_retries_exceeded,0,0,0
client,req_rnr_retries_exceeded,100,100,0
client,roce_adp_retrans,114,114,0
client,roce_adp_retrans_to,0,0,0
client,roce_slow_restart,0,0,0
client,port_rcv_errors,0,0,0
client,local_link_integrity_errors,0,0,0
client,link_error_recovery,0,0,0
client,link_downed,0,0,0
server,duplicate_request,0,0,0
server,implied_nak_seq_err,0,0,0
server,lifespan,10,10,0
server,local_ack_timeout_err,0,0,0
server,np_cnp_sent,1,1,0
server,np_ecn_marked_roce_packets,0,0,0
server,out_of_buffer,883,883,0
server,out_of_sequence,1,1,0
server,packet_seq_err,0,0,0
server,req_cqe_error,50,50,0
server,req_cqe_flush_error,0,0,0
server,req_remote_access_errors,10,10,0
server,req_remote_invalid_request,10,10,0
server,req_rnr_retries_exceeded,0,0,0
server,req_transport_retries_exceeded,0,0,0
server,resp_cqe_error,0,0,0
server,resp_cqe_flush_error,0,0,0
server,resp_local_length_error,0,0,0
server,resp_remote_access_errors,0,0,0
server,rnr_nak_retry_err,0,0,0
server,roce_adp_retrans,0,0,0
server,roce_adp_retrans_to,0,0,0
server,roce_slow_restart,0,0,0
server,roce_slow_restart_cnps,0,0,0
server,roce_slow_restart_trans,0,0,0
server,rp_cnp_handled,0,0,0
server,rp_cnp_ignored,0,0,0
server,rx_atomic_requests,0,0,0
server,rx_dct_connect,0,0,0
server,rx_icrc_encapsulated,0,0,0
server,rx_read_requests,274,274,0
server,rx_write_requests,1606999364,1606999364,0
# REM_INV_REQ,trial=63,status=9,vendor_err=0x8a,latency_us=1662
client,local_ack_timeout_err,0,0,0
client,out_of_sequence,0,0,0
client,packet_seq_err,0,0,0
client,implied_nak_seq_err,0,0,0
client,rnr_nak_retry_err,100,100,0
client,req_cqe_error,1405,1406,1
client,resp_cqe_error,0,0,0
client,req_cqe_flush_error,0,0,0
client,resp_cqe_flush_error,0,0,0
client,req_remote_invalid_request,163,164,1
client,req_remote_access_errors,290,290,0
client,resp_remote_access_errors,0,0,0
client,resp_local_length_error,0,0,0
client,duplicate_request,0,0,0
client,out_of_buffer,0,0,0
client,rx_icrc_encapsulated,0,0,0
client,req_transport_retries_exceeded,0,0,0
client,req_rnr_retries_exceeded,100,100,0
client,roce_adp_retrans,114,114,0
client,roce_adp_retrans_to,0,0,0
client,roce_slow_restart,0,0,0
client,port_rcv_errors,0,0,0
client,local_link_integrity_errors,0,0,0
client,link_error_recovery,0,0,0
client,link_downed,0,0,0
server,duplicate_request,0,0,0
server,implied_nak_seq_err,0,0,0
server,lifespan,10,10,0
server,local_ack_timeout_err,0,0,0
server,np_cnp_sent,1,1,0
server,np_ecn_marked_roce_packets,0,0,0
server,out_of_buffer,883,883,0
server,out_of_sequence,1,1,0
server,packet_seq_err,0,0,0
server,req_cqe_error,50,50,0
server,req_cqe_flush_error,0,0,0
server,req_remote_access_errors,10,10,0
server,req_remote_invalid_request,10,10,0
server,req_rnr_retries_exceeded,0,0,0
server,req_transport_retries_exceeded,0,0,0
server,resp_cqe_error,0,0,0
server,resp_cqe_flush_error,0,0,0
server,resp_local_length_error,0,0,0
server,resp_remote_access_errors,0,0,0
server,rnr_nak_retry_err,0,0,0
server,roce_adp_retrans,0,0,0
server,roce_adp_retrans_to,0,0,0
server,roce_slow_restart,0,0,0
server,roce_slow_restart_cnps,0,0,0
server,roce_slow_restart_trans,0,0,0
server,rp_cnp_handled,0,0,0
server,rp_cnp_ignored,0,0,0
server,rx_atomic_requests,0,0,0
server,rx_dct_connect,0,0,0
server,rx_icrc_encapsulated,0,0,0
server,rx_read_requests,274,274,0
server,rx_write_requests,1606999364,1606999364,0
# REM_INV_REQ,trial=64,status=9,vendor_err=0x8a,latency_us=1649
client,local_ack_timeout_err,0,0,0
client,out_of_sequence,0,0,0
client,packet_seq_err,0,0,0
client,implied_nak_seq_err,0,0,0
client,rnr_nak_retry_err,100,100,0
client,req_cqe_error,1406,1407,1
client,resp_cqe_error,0,0,0
client,req_cqe_flush_error,0,0,0
client,resp_cqe_flush_error,0,0,0
client,req_remote_invalid_request,164,165,1
client,req_remote_access_errors,290,290,0
client,resp_remote_access_errors,0,0,0
client,resp_local_length_error,0,0,0
client,duplicate_request,0,0,0
client,out_of_buffer,0,0,0
client,rx_icrc_encapsulated,0,0,0
client,req_transport_retries_exceeded,0,0,0
client,req_rnr_retries_exceeded,100,100,0
client,roce_adp_retrans,114,114,0
client,roce_adp_retrans_to,0,0,0
client,roce_slow_restart,0,0,0
client,port_rcv_errors,0,0,0
client,local_link_integrity_errors,0,0,0
client,link_error_recovery,0,0,0
client,link_downed,0,0,0
server,duplicate_request,0,0,0
server,implied_nak_seq_err,0,0,0
server,lifespan,10,10,0
server,local_ack_timeout_err,0,0,0
server,np_cnp_sent,1,1,0
server,np_ecn_marked_roce_packets,0,0,0
server,out_of_buffer,883,883,0
server,out_of_sequence,1,1,0
server,packet_seq_err,0,0,0
server,req_cqe_error,50,50,0
server,req_cqe_flush_error,0,0,0
server,req_remote_access_errors,10,10,0
server,req_remote_invalid_request,10,10,0
server,req_rnr_retries_exceeded,0,0,0
server,req_transport_retries_exceeded,0,0,0
server,resp_cqe_error,0,0,0
server,resp_cqe_flush_error,0,0,0
server,resp_local_length_error,0,0,0
server,resp_remote_access_errors,0,0,0
server,rnr_nak_retry_err,0,0,0
server,roce_adp_retrans,0,0,0
server,roce_adp_retrans_to,0,0,0
server,roce_slow_restart,0,0,0
server,roce_slow_restart_cnps,0,0,0
server,roce_slow_restart_trans,0,0,0
server,rp_cnp_handled,0,0,0
server,rp_cnp_ignored,0,0,0
server,rx_atomic_requests,0,0,0
server,rx_dct_connect,0,0,0
server,rx_icrc_encapsulated,0,0,0
server,rx_read_requests,274,274,0
server,rx_write_requests,1606999364,1606999364,0
# REM_INV_REQ,trial=65,status=9,vendor_err=0x8a,latency_us=1654
client,local_ack_timeout_err,0,0,0
client,out_of_sequence,0,0,0
client,packet_seq_err,0,0,0
client,implied_nak_seq_err,0,0,0
client,rnr_nak_retry_err,100,100,0
client,req_cqe_error,1407,1408,1
client,resp_cqe_error,0,0,0
client,req_cqe_flush_error,0,0,0
client,resp_cqe_flush_error,0,0,0
client,req_remote_invalid_request,165,166,1
client,req_remote_access_errors,290,290,0
client,resp_remote_access_errors,0,0,0
client,resp_local_length_error,0,0,0
client,duplicate_request,0,0,0
client,out_of_buffer,0,0,0
client,rx_icrc_encapsulated,0,0,0
client,req_transport_retries_exceeded,0,0,0
client,req_rnr_retries_exceeded,100,100,0
client,roce_adp_retrans,114,114,0
client,roce_adp_retrans_to,0,0,0
client,roce_slow_restart,0,0,0
client,port_rcv_errors,0,0,0
client,local_link_integrity_errors,0,0,0
client,link_error_recovery,0,0,0
client,link_downed,0,0,0
server,duplicate_request,0,0,0
server,implied_nak_seq_err,0,0,0
server,lifespan,10,10,0
server,local_ack_timeout_err,0,0,0
server,np_cnp_sent,1,1,0
server,np_ecn_marked_roce_packets,0,0,0
server,out_of_buffer,883,883,0
server,out_of_sequence,1,1,0
server,packet_seq_err,0,0,0
server,req_cqe_error,50,50,0
server,req_cqe_flush_error,0,0,0
server,req_remote_access_errors,10,10,0
server,req_remote_invalid_request,10,10,0
server,req_rnr_retries_exceeded,0,0,0
server,req_transport_retries_exceeded,0,0,0
server,resp_cqe_error,0,0,0
server,resp_cqe_flush_error,0,0,0
server,resp_local_length_error,0,0,0
server,resp_remote_access_errors,0,0,0
server,rnr_nak_retry_err,0,0,0
server,roce_adp_retrans,0,0,0
server,roce_adp_retrans_to,0,0,0
server,roce_slow_restart,0,0,0
server,roce_slow_restart_cnps,0,0,0
server,roce_slow_restart_trans,0,0,0
server,rp_cnp_handled,0,0,0
server,rp_cnp_ignored,0,0,0
server,rx_atomic_requests,0,0,0
server,rx_dct_connect,0,0,0
server,rx_icrc_encapsulated,0,0,0
server,rx_read_requests,274,274,0
server,rx_write_requests,1606999364,1606999364,0
# REM_INV_REQ,trial=66,status=9,vendor_err=0x8a,latency_us=1682
client,local_ack_timeout_err,0,0,0
client,out_of_sequence,0,0,0
client,packet_seq_err,0,0,0
client,implied_nak_seq_err,0,0,0
client,rnr_nak_retry_err,100,100,0
client,req_cqe_error,1408,1409,1
client,resp_cqe_error,0,0,0
client,req_cqe_flush_error,0,0,0
client,resp_cqe_flush_error,0,0,0
client,req_remote_invalid_request,166,167,1
client,req_remote_access_errors,290,290,0
client,resp_remote_access_errors,0,0,0
client,resp_local_length_error,0,0,0
client,duplicate_request,0,0,0
client,out_of_buffer,0,0,0
client,rx_icrc_encapsulated,0,0,0
client,req_transport_retries_exceeded,0,0,0
client,req_rnr_retries_exceeded,100,100,0
client,roce_adp_retrans,114,114,0
client,roce_adp_retrans_to,0,0,0
client,roce_slow_restart,0,0,0
client,port_rcv_errors,0,0,0
client,local_link_integrity_errors,0,0,0
client,link_error_recovery,0,0,0
client,link_downed,0,0,0
server,duplicate_request,0,0,0
server,implied_nak_seq_err,0,0,0
server,lifespan,10,10,0
server,local_ack_timeout_err,0,0,0
server,np_cnp_sent,1,1,0
server,np_ecn_marked_roce_packets,0,0,0
server,out_of_buffer,883,883,0
server,out_of_sequence,1,1,0
server,packet_seq_err,0,0,0
server,req_cqe_error,50,50,0
server,req_cqe_flush_error,0,0,0
server,req_remote_access_errors,10,10,0
server,req_remote_invalid_request,10,10,0
server,req_rnr_retries_exceeded,0,0,0
server,req_transport_retries_exceeded,0,0,0
server,resp_cqe_error,0,0,0
server,resp_cqe_flush_error,0,0,0
server,resp_local_length_error,0,0,0
server,resp_remote_access_errors,0,0,0
server,rnr_nak_retry_err,0,0,0
server,roce_adp_retrans,0,0,0
server,roce_adp_retrans_to,0,0,0
server,roce_slow_restart,0,0,0
server,roce_slow_restart_cnps,0,0,0
server,roce_slow_restart_trans,0,0,0
server,rp_cnp_handled,0,0,0
server,rp_cnp_ignored,0,0,0
server,rx_atomic_requests,0,0,0
server,rx_dct_connect,0,0,0
server,rx_icrc_encapsulated,0,0,0
server,rx_read_requests,274,274,0
server,rx_write_requests,1606999364,1606999364,0
# REM_INV_REQ,trial=67,status=9,vendor_err=0x8a,latency_us=1642
client,local_ack_timeout_err,0,0,0
client,out_of_sequence,0,0,0
client,packet_seq_err,0,0,0
client,implied_nak_seq_err,0,0,0
client,rnr_nak_retry_err,100,100,0
client,req_cqe_error,1409,1410,1
client,resp_cqe_error,0,0,0
client,req_cqe_flush_error,0,0,0
client,resp_cqe_flush_error,0,0,0
client,req_remote_invalid_request,167,168,1
client,req_remote_access_errors,290,290,0
client,resp_remote_access_errors,0,0,0
client,resp_local_length_error,0,0,0
client,duplicate_request,0,0,0
client,out_of_buffer,0,0,0
client,rx_icrc_encapsulated,0,0,0
client,req_transport_retries_exceeded,0,0,0
client,req_rnr_retries_exceeded,100,100,0
client,roce_adp_retrans,114,114,0
client,roce_adp_retrans_to,0,0,0
client,roce_slow_restart,0,0,0
client,port_rcv_errors,0,0,0
client,local_link_integrity_errors,0,0,0
client,link_error_recovery,0,0,0
client,link_downed,0,0,0
server,duplicate_request,0,0,0
server,implied_nak_seq_err,0,0,0
server,lifespan,10,10,0
server,local_ack_timeout_err,0,0,0
server,np_cnp_sent,1,1,0
server,np_ecn_marked_roce_packets,0,0,0
server,out_of_buffer,883,883,0
server,out_of_sequence,1,1,0
server,packet_seq_err,0,0,0
server,req_cqe_error,50,50,0
server,req_cqe_flush_error,0,0,0
server,req_remote_access_errors,10,10,0
server,req_remote_invalid_request,10,10,0
server,req_rnr_retries_exceeded,0,0,0
server,req_transport_retries_exceeded,0,0,0
server,resp_cqe_error,0,0,0
server,resp_cqe_flush_error,0,0,0
server,resp_local_length_error,0,0,0
server,resp_remote_access_errors,0,0,0
server,rnr_nak_retry_err,0,0,0
server,roce_adp_retrans,0,0,0
server,roce_adp_retrans_to,0,0,0
server,roce_slow_restart,0,0,0
server,roce_slow_restart_cnps,0,0,0
server,roce_slow_restart_trans,0,0,0
server,rp_cnp_handled,0,0,0
server,rp_cnp_ignored,0,0,0
server,rx_atomic_requests,0,0,0
server,rx_dct_connect,0,0,0
server,rx_icrc_encapsulated,0,0,0
server,rx_read_requests,274,274,0
server,rx_write_requests,1606999364,1606999364,0
# REM_INV_REQ,trial=68,status=9,vendor_err=0x8a,latency_us=1644
client,local_ack_timeout_err,0,0,0
client,out_of_sequence,0,0,0
client,packet_seq_err,0,0,0
client,implied_nak_seq_err,0,0,0
client,rnr_nak_retry_err,100,100,0
client,req_cqe_error,1410,1411,1
client,resp_cqe_error,0,0,0
client,req_cqe_flush_error,0,0,0
client,resp_cqe_flush_error,0,0,0
client,req_remote_invalid_request,168,169,1
client,req_remote_access_errors,290,290,0
client,resp_remote_access_errors,0,0,0
client,resp_local_length_error,0,0,0
client,duplicate_request,0,0,0
client,out_of_buffer,0,0,0
client,rx_icrc_encapsulated,0,0,0
client,req_transport_retries_exceeded,0,0,0
client,req_rnr_retries_exceeded,100,100,0
client,roce_adp_retrans,114,114,0
client,roce_adp_retrans_to,0,0,0
client,roce_slow_restart,0,0,0
client,port_rcv_errors,0,0,0
client,local_link_integrity_errors,0,0,0
client,link_error_recovery,0,0,0
client,link_downed,0,0,0
server,duplicate_request,0,0,0
server,implied_nak_seq_err,0,0,0
server,lifespan,10,10,0
server,local_ack_timeout_err,0,0,0
server,np_cnp_sent,1,1,0
server,np_ecn_marked_roce_packets,0,0,0
server,out_of_buffer,883,883,0
server,out_of_sequence,1,1,0
server,packet_seq_err,0,0,0
server,req_cqe_error,50,50,0
server,req_cqe_flush_error,0,0,0
server,req_remote_access_errors,10,10,0
server,req_remote_invalid_request,10,10,0
server,req_rnr_retries_exceeded,0,0,0
server,req_transport_retries_exceeded,0,0,0
server,resp_cqe_error,0,0,0
server,resp_cqe_flush_error,0,0,0
server,resp_local_length_error,0,0,0
server,resp_remote_access_errors,0,0,0
server,rnr_nak_retry_err,0,0,0
server,roce_adp_retrans,0,0,0
server,roce_adp_retrans_to,0,0,0
server,roce_slow_restart,0,0,0
server,roce_slow_restart_cnps,0,0,0
server,roce_slow_restart_trans,0,0,0
server,rp_cnp_handled,0,0,0
server,rp_cnp_ignored,0,0,0
server,rx_atomic_requests,0,0,0
server,rx_dct_connect,0,0,0
server,rx_icrc_encapsulated,0,0,0
server,rx_read_requests,274,274,0
server,rx_write_requests,1606999364,1606999364,0
# REM_INV_REQ,trial=69,status=9,vendor_err=0x8a,latency_us=1646
client,local_ack_timeout_err,0,0,0
client,out_of_sequence,0,0,0
client,packet_seq_err,0,0,0
client,implied_nak_seq_err,0,0,0
client,rnr_nak_retry_err,100,100,0
client,req_cqe_error,1411,1412,1
client,resp_cqe_error,0,0,0
client,req_cqe_flush_error,0,0,0
client,resp_cqe_flush_error,0,0,0
client,req_remote_invalid_request,169,170,1
client,req_remote_access_errors,290,290,0
client,resp_remote_access_errors,0,0,0
client,resp_local_length_error,0,0,0
client,duplicate_request,0,0,0
client,out_of_buffer,0,0,0
client,rx_icrc_encapsulated,0,0,0
client,req_transport_retries_exceeded,0,0,0
client,req_rnr_retries_exceeded,100,100,0
client,roce_adp_retrans,114,114,0
client,roce_adp_retrans_to,0,0,0
client,roce_slow_restart,0,0,0
client,port_rcv_errors,0,0,0
client,local_link_integrity_errors,0,0,0
client,link_error_recovery,0,0,0
client,link_downed,0,0,0
server,duplicate_request,0,0,0
server,implied_nak_seq_err,0,0,0
server,lifespan,10,10,0
server,local_ack_timeout_err,0,0,0
server,np_cnp_sent,1,1,0
server,np_ecn_marked_roce_packets,0,0,0
server,out_of_buffer,883,883,0
server,out_of_sequence,1,1,0
server,packet_seq_err,0,0,0
server,req_cqe_error,50,50,0
server,req_cqe_flush_error,0,0,0
server,req_remote_access_errors,10,10,0
server,req_remote_invalid_request,10,10,0
server,req_rnr_retries_exceeded,0,0,0
server,req_transport_retries_exceeded,0,0,0
server,resp_cqe_error,0,0,0
server,resp_cqe_flush_error,0,0,0
server,resp_local_length_error,0,0,0
server,resp_remote_access_errors,0,0,0
server,rnr_nak_retry_err,0,0,0
server,roce_adp_retrans,0,0,0
server,roce_adp_retrans_to,0,0,0
server,roce_slow_restart,0,0,0
server,roce_slow_restart_cnps,0,0,0
server,roce_slow_restart_trans,0,0,0
server,rp_cnp_handled,0,0,0
server,rp_cnp_ignored,0,0,0
server,rx_atomic_requests,0,0,0
server,rx_dct_connect,0,0,0
server,rx_icrc_encapsulated,0,0,0
server,rx_read_requests,274,274,0
server,rx_write_requests,1606999364,1606999364,0
# REM_INV_REQ,trial=70,status=9,vendor_err=0x8a,latency_us=1650
client,local_ack_timeout_err,0,0,0
client,out_of_sequence,0,0,0
client,packet_seq_err,0,0,0
client,implied_nak_seq_err,0,0,0
client,rnr_nak_retry_err,100,100,0
client,req_cqe_error,1412,1413,1
client,resp_cqe_error,0,0,0
client,req_cqe_flush_error,0,0,0
client,resp_cqe_flush_error,0,0,0
client,req_remote_invalid_request,170,171,1
client,req_remote_access_errors,290,290,0
client,resp_remote_access_errors,0,0,0
client,resp_local_length_error,0,0,0
client,duplicate_request,0,0,0
client,out_of_buffer,0,0,0
client,rx_icrc_encapsulated,0,0,0
client,req_transport_retries_exceeded,0,0,0
client,req_rnr_retries_exceeded,100,100,0
client,roce_adp_retrans,114,114,0
client,roce_adp_retrans_to,0,0,0
client,roce_slow_restart,0,0,0
client,port_rcv_errors,0,0,0
client,local_link_integrity_errors,0,0,0
client,link_error_recovery,0,0,0
client,link_downed,0,0,0
server,duplicate_request,0,0,0
server,implied_nak_seq_err,0,0,0
server,lifespan,10,10,0
server,local_ack_timeout_err,0,0,0
server,np_cnp_sent,1,1,0
server,np_ecn_marked_roce_packets,0,0,0
server,out_of_buffer,883,883,0
server,out_of_sequence,1,1,0
server,packet_seq_err,0,0,0
server,req_cqe_error,50,50,0
server,req_cqe_flush_error,0,0,0
server,req_remote_access_errors,10,10,0
server,req_remote_invalid_request,10,10,0
server,req_rnr_retries_exceeded,0,0,0
server,req_transport_retries_exceeded,0,0,0
server,resp_cqe_error,0,0,0
server,resp_cqe_flush_error,0,0,0
server,resp_local_length_error,0,0,0
server,resp_remote_access_errors,0,0,0
server,rnr_nak_retry_err,0,0,0
server,roce_adp_retrans,0,0,0
server,roce_adp_retrans_to,0,0,0
server,roce_slow_restart,0,0,0
server,roce_slow_restart_cnps,0,0,0
server,roce_slow_restart_trans,0,0,0
server,rp_cnp_handled,0,0,0
server,rp_cnp_ignored,0,0,0
server,rx_atomic_requests,0,0,0
server,rx_dct_connect,0,0,0
server,rx_icrc_encapsulated,0,0,0
server,rx_read_requests,274,274,0
server,rx_write_requests,1606999364,1606999364,0
# REM_INV_REQ,trial=71,status=9,vendor_err=0x8a,latency_us=1653
client,local_ack_timeout_err,0,0,0
client,out_of_sequence,0,0,0
client,packet_seq_err,0,0,0
client,implied_nak_seq_err,0,0,0
client,rnr_nak_retry_err,100,100,0
client,req_cqe_error,1413,1414,1
client,resp_cqe_error,0,0,0
client,req_cqe_flush_error,0,0,0
client,resp_cqe_flush_error,0,0,0
client,req_remote_invalid_request,171,172,1
client,req_remote_access_errors,290,290,0
client,resp_remote_access_errors,0,0,0
client,resp_local_length_error,0,0,0
client,duplicate_request,0,0,0
client,out_of_buffer,0,0,0
client,rx_icrc_encapsulated,0,0,0
client,req_transport_retries_exceeded,0,0,0
client,req_rnr_retries_exceeded,100,100,0
client,roce_adp_retrans,114,114,0
client,roce_adp_retrans_to,0,0,0
client,roce_slow_restart,0,0,0
client,port_rcv_errors,0,0,0
client,local_link_integrity_errors,0,0,0
client,link_error_recovery,0,0,0
client,link_downed,0,0,0
server,duplicate_request,0,0,0
server,implied_nak_seq_err,0,0,0
server,lifespan,10,10,0
server,local_ack_timeout_err,0,0,0
server,np_cnp_sent,1,1,0
server,np_ecn_marked_roce_packets,0,0,0
server,out_of_buffer,883,883,0
server,out_of_sequence,1,1,0
server,packet_seq_err,0,0,0
server,req_cqe_error,50,50,0
server,req_cqe_flush_error,0,0,0
server,req_remote_access_errors,10,10,0
server,req_remote_invalid_request,10,10,0
server,req_rnr_retries_exceeded,0,0,0
server,req_transport_retries_exceeded,0,0,0
server,resp_cqe_error,0,0,0
server,resp_cqe_flush_error,0,0,0
server,resp_local_length_error,0,0,0
server,resp_remote_access_errors,0,0,0
server,rnr_nak_retry_err,0,0,0
server,roce_adp_retrans,0,0,0
server,roce_adp_retrans_to,0,0,0
server,roce_slow_restart,0,0,0
server,roce_slow_restart_cnps,0,0,0
server,roce_slow_restart_trans,0,0,0
server,rp_cnp_handled,0,0,0
server,rp_cnp_ignored,0,0,0
server,rx_atomic_requests,0,0,0
server,rx_dct_connect,0,0,0
server,rx_icrc_encapsulated,0,0,0
server,rx_read_requests,274,274,0
server,rx_write_requests,1606999364,1606999364,0
# REM_INV_REQ,trial=72,status=9,vendor_err=0x8a,latency_us=1641
client,local_ack_timeout_err,0,0,0
client,out_of_sequence,0,0,0
client,packet_seq_err,0,0,0
client,implied_nak_seq_err,0,0,0
client,rnr_nak_retry_err,100,100,0
client,req_cqe_error,1414,1415,1
client,resp_cqe_error,0,0,0
client,req_cqe_flush_error,0,0,0
client,resp_cqe_flush_error,0,0,0
client,req_remote_invalid_request,172,173,1
client,req_remote_access_errors,290,290,0
client,resp_remote_access_errors,0,0,0
client,resp_local_length_error,0,0,0
client,duplicate_request,0,0,0
client,out_of_buffer,0,0,0
client,rx_icrc_encapsulated,0,0,0
client,req_transport_retries_exceeded,0,0,0
client,req_rnr_retries_exceeded,100,100,0
client,roce_adp_retrans,114,114,0
client,roce_adp_retrans_to,0,0,0
client,roce_slow_restart,0,0,0
client,port_rcv_errors,0,0,0
client,local_link_integrity_errors,0,0,0
client,link_error_recovery,0,0,0
client,link_downed,0,0,0
server,duplicate_request,0,0,0
server,implied_nak_seq_err,0,0,0
server,lifespan,10,10,0
server,local_ack_timeout_err,0,0,0
server,np_cnp_sent,1,1,0
server,np_ecn_marked_roce_packets,0,0,0
server,out_of_buffer,883,883,0
server,out_of_sequence,1,1,0
server,packet_seq_err,0,0,0
server,req_cqe_error,50,50,0
server,req_cqe_flush_error,0,0,0
server,req_remote_access_errors,10,10,0
server,req_remote_invalid_request,10,10,0
server,req_rnr_retries_exceeded,0,0,0
server,req_transport_retries_exceeded,0,0,0
server,resp_cqe_error,0,0,0
server,resp_cqe_flush_error,0,0,0
server,resp_local_length_error,0,0,0
server,resp_remote_access_errors,0,0,0
server,rnr_nak_retry_err,0,0,0
server,roce_adp_retrans,0,0,0
server,roce_adp_retrans_to,0,0,0
server,roce_slow_restart,0,0,0
server,roce_slow_restart_cnps,0,0,0
server,roce_slow_restart_trans,0,0,0
server,rp_cnp_handled,0,0,0
server,rp_cnp_ignored,0,0,0
server,rx_atomic_requests,0,0,0
server,rx_dct_connect,0,0,0
server,rx_icrc_encapsulated,0,0,0
server,rx_read_requests,274,274,0
server,rx_write_requests,1606999364,1606999364,0
# REM_INV_REQ,trial=73,status=9,vendor_err=0x8a,latency_us=1645
client,local_ack_timeout_err,0,0,0
client,out_of_sequence,0,0,0
client,packet_seq_err,0,0,0
client,implied_nak_seq_err,0,0,0
client,rnr_nak_retry_err,100,100,0
client,req_cqe_error,1415,1416,1
client,resp_cqe_error,0,0,0
client,req_cqe_flush_error,0,0,0
client,resp_cqe_flush_error,0,0,0
client,req_remote_invalid_request,173,174,1
client,req_remote_access_errors,290,290,0
client,resp_remote_access_errors,0,0,0
client,resp_local_length_error,0,0,0
client,duplicate_request,0,0,0
client,out_of_buffer,0,0,0
client,rx_icrc_encapsulated,0,0,0
client,req_transport_retries_exceeded,0,0,0
client,req_rnr_retries_exceeded,100,100,0
client,roce_adp_retrans,114,114,0
client,roce_adp_retrans_to,0,0,0
client,roce_slow_restart,0,0,0
client,port_rcv_errors,0,0,0
client,local_link_integrity_errors,0,0,0
client,link_error_recovery,0,0,0
client,link_downed,0,0,0
server,duplicate_request,0,0,0
server,implied_nak_seq_err,0,0,0
server,lifespan,10,10,0
server,local_ack_timeout_err,0,0,0
server,np_cnp_sent,1,1,0
server,np_ecn_marked_roce_packets,0,0,0
server,out_of_buffer,883,883,0
server,out_of_sequence,1,1,0
server,packet_seq_err,0,0,0
server,req_cqe_error,50,50,0
server,req_cqe_flush_error,0,0,0
server,req_remote_access_errors,10,10,0
server,req_remote_invalid_request,10,10,0
server,req_rnr_retries_exceeded,0,0,0
server,req_transport_retries_exceeded,0,0,0
server,resp_cqe_error,0,0,0
server,resp_cqe_flush_error,0,0,0
server,resp_local_length_error,0,0,0
server,resp_remote_access_errors,0,0,0
server,rnr_nak_retry_err,0,0,0
server,roce_adp_retrans,0,0,0
server,roce_adp_retrans_to,0,0,0
server,roce_slow_restart,0,0,0
server,roce_slow_restart_cnps,0,0,0
server,roce_slow_restart_trans,0,0,0
server,rp_cnp_handled,0,0,0
server,rp_cnp_ignored,0,0,0
server,rx_atomic_requests,0,0,0
server,rx_dct_connect,0,0,0
server,rx_icrc_encapsulated,0,0,0
server,rx_read_requests,274,274,0
server,rx_write_requests,1606999364,1606999364,0
# REM_INV_REQ,trial=74,status=9,vendor_err=0x8a,latency_us=1684
client,local_ack_timeout_err,0,0,0
client,out_of_sequence,0,0,0
client,packet_seq_err,0,0,0
client,implied_nak_seq_err,0,0,0
client,rnr_nak_retry_err,100,100,0
client,req_cqe_error,1416,1417,1
client,resp_cqe_error,0,0,0
client,req_cqe_flush_error,0,0,0
client,resp_cqe_flush_error,0,0,0
client,req_remote_invalid_request,174,175,1
client,req_remote_access_errors,290,290,0
client,resp_remote_access_errors,0,0,0
client,resp_local_length_error,0,0,0
client,duplicate_request,0,0,0
client,out_of_buffer,0,0,0
client,rx_icrc_encapsulated,0,0,0
client,req_transport_retries_exceeded,0,0,0
client,req_rnr_retries_exceeded,100,100,0
client,roce_adp_retrans,114,114,0
client,roce_adp_retrans_to,0,0,0
client,roce_slow_restart,0,0,0
client,port_rcv_errors,0,0,0
client,local_link_integrity_errors,0,0,0
client,link_error_recovery,0,0,0
client,link_downed,0,0,0
server,duplicate_request,0,0,0
server,implied_nak_seq_err,0,0,0
server,lifespan,10,10,0
server,local_ack_timeout_err,0,0,0
server,np_cnp_sent,1,1,0
server,np_ecn_marked_roce_packets,0,0,0
server,out_of_buffer,883,883,0
server,out_of_sequence,1,1,0
server,packet_seq_err,0,0,0
server,req_cqe_error,50,50,0
server,req_cqe_flush_error,0,0,0
server,req_remote_access_errors,10,10,0
server,req_remote_invalid_request,10,10,0
server,req_rnr_retries_exceeded,0,0,0
server,req_transport_retries_exceeded,0,0,0
server,resp_cqe_error,0,0,0
server,resp_cqe_flush_error,0,0,0
server,resp_local_length_error,0,0,0
server,resp_remote_access_errors,0,0,0
server,rnr_nak_retry_err,0,0,0
server,roce_adp_retrans,0,0,0
server,roce_adp_retrans_to,0,0,0
server,roce_slow_restart,0,0,0
server,roce_slow_restart_cnps,0,0,0
server,roce_slow_restart_trans,0,0,0
server,rp_cnp_handled,0,0,0
server,rp_cnp_ignored,0,0,0
server,rx_atomic_requests,0,0,0
server,rx_dct_connect,0,0,0
server,rx_icrc_encapsulated,0,0,0
server,rx_read_requests,274,274,0
server,rx_write_requests,1606999364,1606999364,0
# REM_INV_REQ,trial=75,status=9,vendor_err=0x8a,latency_us=1668
client,local_ack_timeout_err,0,0,0
client,out_of_sequence,0,0,0
client,packet_seq_err,0,0,0
client,implied_nak_seq_err,0,0,0
client,rnr_nak_retry_err,100,100,0
client,req_cqe_error,1417,1418,1
client,resp_cqe_error,0,0,0
client,req_cqe_flush_error,0,0,0
client,resp_cqe_flush_error,0,0,0
client,req_remote_invalid_request,175,176,1
client,req_remote_access_errors,290,290,0
client,resp_remote_access_errors,0,0,0
client,resp_local_length_error,0,0,0
client,duplicate_request,0,0,0
client,out_of_buffer,0,0,0
client,rx_icrc_encapsulated,0,0,0
client,req_transport_retries_exceeded,0,0,0
client,req_rnr_retries_exceeded,100,100,0
client,roce_adp_retrans,114,114,0
client,roce_adp_retrans_to,0,0,0
client,roce_slow_restart,0,0,0
client,port_rcv_errors,0,0,0
client,local_link_integrity_errors,0,0,0
client,link_error_recovery,0,0,0
client,link_downed,0,0,0
server,duplicate_request,0,0,0
server,implied_nak_seq_err,0,0,0
server,lifespan,10,10,0
server,local_ack_timeout_err,0,0,0
server,np_cnp_sent,1,1,0
server,np_ecn_marked_roce_packets,0,0,0
server,out_of_buffer,883,883,0
server,out_of_sequence,1,1,0
server,packet_seq_err,0,0,0
server,req_cqe_error,50,50,0
server,req_cqe_flush_error,0,0,0
server,req_remote_access_errors,10,10,0
server,req_remote_invalid_request,10,10,0
server,req_rnr_retries_exceeded,0,0,0
server,req_transport_retries_exceeded,0,0,0
server,resp_cqe_error,0,0,0
server,resp_cqe_flush_error,0,0,0
server,resp_local_length_error,0,0,0
server,resp_remote_access_errors,0,0,0
server,rnr_nak_retry_err,0,0,0
server,roce_adp_retrans,0,0,0
server,roce_adp_retrans_to,0,0,0
server,roce_slow_restart,0,0,0
server,roce_slow_restart_cnps,0,0,0
server,roce_slow_restart_trans,0,0,0
server,rp_cnp_handled,0,0,0
server,rp_cnp_ignored,0,0,0
server,rx_atomic_requests,0,0,0
server,rx_dct_connect,0,0,0
server,rx_icrc_encapsulated,0,0,0
server,rx_read_requests,274,274,0
server,rx_write_requests,1606999364,1606999364,0
# REM_INV_REQ,trial=76,status=9,vendor_err=0x8a,latency_us=1645
client,local_ack_timeout_err,0,0,0
client,out_of_sequence,0,0,0
client,packet_seq_err,0,0,0
client,implied_nak_seq_err,0,0,0
client,rnr_nak_retry_err,100,100,0
client,req_cqe_error,1418,1419,1
client,resp_cqe_error,0,0,0
client,req_cqe_flush_error,0,0,0
client,resp_cqe_flush_error,0,0,0
client,req_remote_invalid_request,176,177,1
client,req_remote_access_errors,290,290,0
client,resp_remote_access_errors,0,0,0
client,resp_local_length_error,0,0,0
client,duplicate_request,0,0,0
client,out_of_buffer,0,0,0
client,rx_icrc_encapsulated,0,0,0
client,req_transport_retries_exceeded,0,0,0
client,req_rnr_retries_exceeded,100,100,0
client,roce_adp_retrans,114,114,0
client,roce_adp_retrans_to,0,0,0
client,roce_slow_restart,0,0,0
client,port_rcv_errors,0,0,0
client,local_link_integrity_errors,0,0,0
client,link_error_recovery,0,0,0
client,link_downed,0,0,0
server,duplicate_request,0,0,0
server,implied_nak_seq_err,0,0,0
server,lifespan,10,10,0
server,local_ack_timeout_err,0,0,0
server,np_cnp_sent,1,1,0
server,np_ecn_marked_roce_packets,0,0,0
server,out_of_buffer,883,883,0
server,out_of_sequence,1,1,0
server,packet_seq_err,0,0,0
server,req_cqe_error,50,50,0
server,req_cqe_flush_error,0,0,0
server,req_remote_access_errors,10,10,0
server,req_remote_invalid_request,10,10,0
server,req_rnr_retries_exceeded,0,0,0
server,req_transport_retries_exceeded,0,0,0
server,resp_cqe_error,0,0,0
server,resp_cqe_flush_error,0,0,0
server,resp_local_length_error,0,0,0
server,resp_remote_access_errors,0,0,0
server,rnr_nak_retry_err,0,0,0
server,roce_adp_retrans,0,0,0
server,roce_adp_retrans_to,0,0,0
server,roce_slow_restart,0,0,0
server,roce_slow_restart_cnps,0,0,0
server,roce_slow_restart_trans,0,0,0
server,rp_cnp_handled,0,0,0
server,rp_cnp_ignored,0,0,0
server,rx_atomic_requests,0,0,0
server,rx_dct_connect,0,0,0
server,rx_icrc_encapsulated,0,0,0
server,rx_read_requests,274,274,0
server,rx_write_requests,1606999364,1606999364,0
# REM_INV_REQ,trial=77,status=9,vendor_err=0x8a,latency_us=1681
client,local_ack_timeout_err,0,0,0
client,out_of_sequence,0,0,0
client,packet_seq_err,0,0,0
client,implied_nak_seq_err,0,0,0
client,rnr_nak_retry_err,100,100,0
client,req_cqe_error,1419,1420,1
client,resp_cqe_error,0,0,0
client,req_cqe_flush_error,0,0,0
client,resp_cqe_flush_error,0,0,0
client,req_remote_invalid_request,177,178,1
client,req_remote_access_errors,290,290,0
client,resp_remote_access_errors,0,0,0
client,resp_local_length_error,0,0,0
client,duplicate_request,0,0,0
client,out_of_buffer,0,0,0
client,rx_icrc_encapsulated,0,0,0
client,req_transport_retries_exceeded,0,0,0
client,req_rnr_retries_exceeded,100,100,0
client,roce_adp_retrans,114,114,0
client,roce_adp_retrans_to,0,0,0
client,roce_slow_restart,0,0,0
client,port_rcv_errors,0,0,0
client,local_link_integrity_errors,0,0,0
client,link_error_recovery,0,0,0
client,link_downed,0,0,0
server,duplicate_request,0,0,0
server,implied_nak_seq_err,0,0,0
server,lifespan,10,10,0
server,local_ack_timeout_err,0,0,0
server,np_cnp_sent,1,1,0
server,np_ecn_marked_roce_packets,0,0,0
server,out_of_buffer,883,883,0
server,out_of_sequence,1,1,0
server,packet_seq_err,0,0,0
server,req_cqe_error,50,50,0
server,req_cqe_flush_error,0,0,0
server,req_remote_access_errors,10,10,0
server,req_remote_invalid_request,10,10,0
server,req_rnr_retries_exceeded,0,0,0
server,req_transport_retries_exceeded,0,0,0
server,resp_cqe_error,0,0,0
server,resp_cqe_flush_error,0,0,0
server,resp_local_length_error,0,0,0
server,resp_remote_access_errors,0,0,0
server,rnr_nak_retry_err,0,0,0
server,roce_adp_retrans,0,0,0
server,roce_adp_retrans_to,0,0,0
server,roce_slow_restart,0,0,0
server,roce_slow_restart_cnps,0,0,0
server,roce_slow_restart_trans,0,0,0
server,rp_cnp_handled,0,0,0
server,rp_cnp_ignored,0,0,0
server,rx_atomic_requests,0,0,0
server,rx_dct_connect,0,0,0
server,rx_icrc_encapsulated,0,0,0
server,rx_read_requests,274,274,0
server,rx_write_requests,1606999364,1606999364,0
# REM_INV_REQ,trial=78,status=9,vendor_err=0x8a,latency_us=1639
client,local_ack_timeout_err,0,0,0
client,out_of_sequence,0,0,0
client,packet_seq_err,0,0,0
client,implied_nak_seq_err,0,0,0
client,rnr_nak_retry_err,100,100,0
client,req_cqe_error,1420,1421,1
client,resp_cqe_error,0,0,0
client,req_cqe_flush_error,0,0,0
client,resp_cqe_flush_error,0,0,0
client,req_remote_invalid_request,178,179,1
client,req_remote_access_errors,290,290,0
client,resp_remote_access_errors,0,0,0
client,resp_local_length_error,0,0,0
client,duplicate_request,0,0,0
client,out_of_buffer,0,0,0
client,rx_icrc_encapsulated,0,0,0
client,req_transport_retries_exceeded,0,0,0
client,req_rnr_retries_exceeded,100,100,0
client,roce_adp_retrans,114,114,0
client,roce_adp_retrans_to,0,0,0
client,roce_slow_restart,0,0,0
client,port_rcv_errors,0,0,0
client,local_link_integrity_errors,0,0,0
client,link_error_recovery,0,0,0
client,link_downed,0,0,0
server,duplicate_request,0,0,0
server,implied_nak_seq_err,0,0,0
server,lifespan,10,10,0
server,local_ack_timeout_err,0,0,0
server,np_cnp_sent,1,1,0
server,np_ecn_marked_roce_packets,0,0,0
server,out_of_buffer,883,883,0
server,out_of_sequence,1,1,0
server,packet_seq_err,0,0,0
server,req_cqe_error,50,50,0
server,req_cqe_flush_error,0,0,0
server,req_remote_access_errors,10,10,0
server,req_remote_invalid_request,10,10,0
server,req_rnr_retries_exceeded,0,0,0
server,req_transport_retries_exceeded,0,0,0
server,resp_cqe_error,0,0,0
server,resp_cqe_flush_error,0,0,0
server,resp_local_length_error,0,0,0
server,resp_remote_access_errors,0,0,0
server,rnr_nak_retry_err,0,0,0
server,roce_adp_retrans,0,0,0
server,roce_adp_retrans_to,0,0,0
server,roce_slow_restart,0,0,0
server,roce_slow_restart_cnps,0,0,0
server,roce_slow_restart_trans,0,0,0
server,rp_cnp_handled,0,0,0
server,rp_cnp_ignored,0,0,0
server,rx_atomic_requests,0,0,0
server,rx_dct_connect,0,0,0
server,rx_icrc_encapsulated,0,0,0
server,rx_read_requests,274,274,0
server,rx_write_requests,1606999364,1606999364,0
# REM_INV_REQ,trial=79,status=9,vendor_err=0x8a,latency_us=1645
client,local_ack_timeout_err,0,0,0
client,out_of_sequence,0,0,0
client,packet_seq_err,0,0,0
client,implied_nak_seq_err,0,0,0
client,rnr_nak_retry_err,100,100,0
client,req_cqe_error,1421,1422,1
client,resp_cqe_error,0,0,0
client,req_cqe_flush_error,0,0,0
client,resp_cqe_flush_error,0,0,0
client,req_remote_invalid_request,179,180,1
client,req_remote_access_errors,290,290,0
client,resp_remote_access_errors,0,0,0
client,resp_local_length_error,0,0,0
client,duplicate_request,0,0,0
client,out_of_buffer,0,0,0
client,rx_icrc_encapsulated,0,0,0
client,req_transport_retries_exceeded,0,0,0
client,req_rnr_retries_exceeded,100,100,0
client,roce_adp_retrans,114,114,0
client,roce_adp_retrans_to,0,0,0
client,roce_slow_restart,0,0,0
client,port_rcv_errors,0,0,0
client,local_link_integrity_errors,0,0,0
client,link_error_recovery,0,0,0
client,link_downed,0,0,0
server,duplicate_request,0,0,0
server,implied_nak_seq_err,0,0,0
server,lifespan,10,10,0
server,local_ack_timeout_err,0,0,0
server,np_cnp_sent,1,1,0
server,np_ecn_marked_roce_packets,0,0,0
server,out_of_buffer,883,883,0
server,out_of_sequence,1,1,0
server,packet_seq_err,0,0,0
server,req_cqe_error,50,50,0
server,req_cqe_flush_error,0,0,0
server,req_remote_access_errors,10,10,0
server,req_remote_invalid_request,10,10,0
server,req_rnr_retries_exceeded,0,0,0
server,req_transport_retries_exceeded,0,0,0
server,resp_cqe_error,0,0,0
server,resp_cqe_flush_error,0,0,0
server,resp_local_length_error,0,0,0
server,resp_remote_access_errors,0,0,0
server,rnr_nak_retry_err,0,0,0
server,roce_adp_retrans,0,0,0
server,roce_adp_retrans_to,0,0,0
server,roce_slow_restart,0,0,0
server,roce_slow_restart_cnps,0,0,0
server,roce_slow_restart_trans,0,0,0
server,rp_cnp_handled,0,0,0
server,rp_cnp_ignored,0,0,0
server,rx_atomic_requests,0,0,0
server,rx_dct_connect,0,0,0
server,rx_icrc_encapsulated,0,0,0
server,rx_read_requests,274,274,0
server,rx_write_requests,1606999364,1606999364,0
# REM_INV_REQ,trial=80,status=9,vendor_err=0x8a,latency_us=1642
client,local_ack_timeout_err,0,0,0
client,out_of_sequence,0,0,0
client,packet_seq_err,0,0,0
client,implied_nak_seq_err,0,0,0
client,rnr_nak_retry_err,100,100,0
client,req_cqe_error,1422,1423,1
client,resp_cqe_error,0,0,0
client,req_cqe_flush_error,0,0,0
client,resp_cqe_flush_error,0,0,0
client,req_remote_invalid_request,180,181,1
client,req_remote_access_errors,290,290,0
client,resp_remote_access_errors,0,0,0
client,resp_local_length_error,0,0,0
client,duplicate_request,0,0,0
client,out_of_buffer,0,0,0
client,rx_icrc_encapsulated,0,0,0
client,req_transport_retries_exceeded,0,0,0
client,req_rnr_retries_exceeded,100,100,0
client,roce_adp_retrans,114,114,0
client,roce_adp_retrans_to,0,0,0
client,roce_slow_restart,0,0,0
client,port_rcv_errors,0,0,0
client,local_link_integrity_errors,0,0,0
client,link_error_recovery,0,0,0
client,link_downed,0,0,0
server,duplicate_request,0,0,0
server,implied_nak_seq_err,0,0,0
server,lifespan,10,10,0
server,local_ack_timeout_err,0,0,0
server,np_cnp_sent,1,1,0
server,np_ecn_marked_roce_packets,0,0,0
server,out_of_buffer,883,883,0
server,out_of_sequence,1,1,0
server,packet_seq_err,0,0,0
server,req_cqe_error,50,50,0
server,req_cqe_flush_error,0,0,0
server,req_remote_access_errors,10,10,0
server,req_remote_invalid_request,10,10,0
server,req_rnr_retries_exceeded,0,0,0
server,req_transport_retries_exceeded,0,0,0
server,resp_cqe_error,0,0,0
server,resp_cqe_flush_error,0,0,0
server,resp_local_length_error,0,0,0
server,resp_remote_access_errors,0,0,0
server,rnr_nak_retry_err,0,0,0
server,roce_adp_retrans,0,0,0
server,roce_adp_retrans_to,0,0,0
server,roce_slow_restart,0,0,0
server,roce_slow_restart_cnps,0,0,0
server,roce_slow_restart_trans,0,0,0
server,rp_cnp_handled,0,0,0
server,rp_cnp_ignored,0,0,0
server,rx_atomic_requests,0,0,0
server,rx_dct_connect,0,0,0
server,rx_icrc_encapsulated,0,0,0
server,rx_read_requests,274,274,0
server,rx_write_requests,1606999364,1606999364,0
# REM_INV_REQ,trial=81,status=9,vendor_err=0x8a,latency_us=1639
client,local_ack_timeout_err,0,0,0
client,out_of_sequence,0,0,0
client,packet_seq_err,0,0,0
client,implied_nak_seq_err,0,0,0
client,rnr_nak_retry_err,100,100,0
client,req_cqe_error,1423,1424,1
client,resp_cqe_error,0,0,0
client,req_cqe_flush_error,0,0,0
client,resp_cqe_flush_error,0,0,0
client,req_remote_invalid_request,181,182,1
client,req_remote_access_errors,290,290,0
client,resp_remote_access_errors,0,0,0
client,resp_local_length_error,0,0,0
client,duplicate_request,0,0,0
client,out_of_buffer,0,0,0
client,rx_icrc_encapsulated,0,0,0
client,req_transport_retries_exceeded,0,0,0
client,req_rnr_retries_exceeded,100,100,0
client,roce_adp_retrans,114,114,0
client,roce_adp_retrans_to,0,0,0
client,roce_slow_restart,0,0,0
client,port_rcv_errors,0,0,0
client,local_link_integrity_errors,0,0,0
client,link_error_recovery,0,0,0
client,link_downed,0,0,0
server,duplicate_request,0,0,0
server,implied_nak_seq_err,0,0,0
server,lifespan,10,10,0
server,local_ack_timeout_err,0,0,0
server,np_cnp_sent,1,1,0
server,np_ecn_marked_roce_packets,0,0,0
server,out_of_buffer,883,883,0
server,out_of_sequence,1,1,0
server,packet_seq_err,0,0,0
server,req_cqe_error,50,50,0
server,req_cqe_flush_error,0,0,0
server,req_remote_access_errors,10,10,0
server,req_remote_invalid_request,10,10,0
server,req_rnr_retries_exceeded,0,0,0
server,req_transport_retries_exceeded,0,0,0
server,resp_cqe_error,0,0,0
server,resp_cqe_flush_error,0,0,0
server,resp_local_length_error,0,0,0
server,resp_remote_access_errors,0,0,0
server,rnr_nak_retry_err,0,0,0
server,roce_adp_retrans,0,0,0
server,roce_adp_retrans_to,0,0,0
server,roce_slow_restart,0,0,0
server,roce_slow_restart_cnps,0,0,0
server,roce_slow_restart_trans,0,0,0
server,rp_cnp_handled,0,0,0
server,rp_cnp_ignored,0,0,0
server,rx_atomic_requests,0,0,0
server,rx_dct_connect,0,0,0
server,rx_icrc_encapsulated,0,0,0
server,rx_read_requests,274,274,0
server,rx_write_requests,1606999364,1606999364,0
# REM_INV_REQ,trial=82,status=9,vendor_err=0x8a,latency_us=1667
client,local_ack_timeout_err,0,0,0
client,out_of_sequence,0,0,0
client,packet_seq_err,0,0,0
client,implied_nak_seq_err,0,0,0
client,rnr_nak_retry_err,100,100,0
client,req_cqe_error,1424,1425,1
client,resp_cqe_error,0,0,0
client,req_cqe_flush_error,0,0,0
client,resp_cqe_flush_error,0,0,0
client,req_remote_invalid_request,182,183,1
client,req_remote_access_errors,290,290,0
client,resp_remote_access_errors,0,0,0
client,resp_local_length_error,0,0,0
client,duplicate_request,0,0,0
client,out_of_buffer,0,0,0
client,rx_icrc_encapsulated,0,0,0
client,req_transport_retries_exceeded,0,0,0
client,req_rnr_retries_exceeded,100,100,0
client,roce_adp_retrans,114,114,0
client,roce_adp_retrans_to,0,0,0
client,roce_slow_restart,0,0,0
client,port_rcv_errors,0,0,0
client,local_link_integrity_errors,0,0,0
client,link_error_recovery,0,0,0
client,link_downed,0,0,0
server,duplicate_request,0,0,0
server,implied_nak_seq_err,0,0,0
server,lifespan,10,10,0
server,local_ack_timeout_err,0,0,0
server,np_cnp_sent,1,1,0
server,np_ecn_marked_roce_packets,0,0,0
server,out_of_buffer,883,883,0
server,out_of_sequence,1,1,0
server,packet_seq_err,0,0,0
server,req_cqe_error,50,50,0
server,req_cqe_flush_error,0,0,0
server,req_remote_access_errors,10,10,0
server,req_remote_invalid_request,10,10,0
server,req_rnr_retries_exceeded,0,0,0
server,req_transport_retries_exceeded,0,0,0
server,resp_cqe_error,0,0,0
server,resp_cqe_flush_error,0,0,0
server,resp_local_length_error,0,0,0
server,resp_remote_access_errors,0,0,0
server,rnr_nak_retry_err,0,0,0
server,roce_adp_retrans,0,0,0
server,roce_adp_retrans_to,0,0,0
server,roce_slow_restart,0,0,0
server,roce_slow_restart_cnps,0,0,0
server,roce_slow_restart_trans,0,0,0
server,rp_cnp_handled,0,0,0
server,rp_cnp_ignored,0,0,0
server,rx_atomic_requests,0,0,0
server,rx_dct_connect,0,0,0
server,rx_icrc_encapsulated,0,0,0
server,rx_read_requests,274,274,0
server,rx_write_requests,1606999364,1606999364,0
# REM_INV_REQ,trial=83,status=9,vendor_err=0x8a,latency_us=1642
client,local_ack_timeout_err,0,0,0
client,out_of_sequence,0,0,0
client,packet_seq_err,0,0,0
client,implied_nak_seq_err,0,0,0
client,rnr_nak_retry_err,100,100,0
client,req_cqe_error,1425,1426,1
client,resp_cqe_error,0,0,0
client,req_cqe_flush_error,0,0,0
client,resp_cqe_flush_error,0,0,0
client,req_remote_invalid_request,183,184,1
client,req_remote_access_errors,290,290,0
client,resp_remote_access_errors,0,0,0
client,resp_local_length_error,0,0,0
client,duplicate_request,0,0,0
client,out_of_buffer,0,0,0
client,rx_icrc_encapsulated,0,0,0
client,req_transport_retries_exceeded,0,0,0
client,req_rnr_retries_exceeded,100,100,0
client,roce_adp_retrans,114,114,0
client,roce_adp_retrans_to,0,0,0
client,roce_slow_restart,0,0,0
client,port_rcv_errors,0,0,0
client,local_link_integrity_errors,0,0,0
client,link_error_recovery,0,0,0
client,link_downed,0,0,0
server,duplicate_request,0,0,0
server,implied_nak_seq_err,0,0,0
server,lifespan,10,10,0
server,local_ack_timeout_err,0,0,0
server,np_cnp_sent,1,1,0
server,np_ecn_marked_roce_packets,0,0,0
server,out_of_buffer,883,883,0
server,out_of_sequence,1,1,0
server,packet_seq_err,0,0,0
server,req_cqe_error,50,50,0
server,req_cqe_flush_error,0,0,0
server,req_remote_access_errors,10,10,0
server,req_remote_invalid_request,10,10,0
server,req_rnr_retries_exceeded,0,0,0
server,req_transport_retries_exceeded,0,0,0
server,resp_cqe_error,0,0,0
server,resp_cqe_flush_error,0,0,0
server,resp_local_length_error,0,0,0
server,resp_remote_access_errors,0,0,0
server,rnr_nak_retry_err,0,0,0
server,roce_adp_retrans,0,0,0
server,roce_adp_retrans_to,0,0,0
server,roce_slow_restart,0,0,0
server,roce_slow_restart_cnps,0,0,0
server,roce_slow_restart_trans,0,0,0
server,rp_cnp_handled,0,0,0
server,rp_cnp_ignored,0,0,0
server,rx_atomic_requests,0,0,0
server,rx_dct_connect,0,0,0
server,rx_icrc_encapsulated,0,0,0
server,rx_read_requests,274,274,0
server,rx_write_requests,1606999364,1606999364,0
# REM_INV_REQ,trial=84,status=9,vendor_err=0x8a,latency_us=1646
client,local_ack_timeout_err,0,0,0
client,out_of_sequence,0,0,0
client,packet_seq_err,0,0,0
client,implied_nak_seq_err,0,0,0
client,rnr_nak_retry_err,100,100,0
client,req_cqe_error,1426,1427,1
client,resp_cqe_error,0,0,0
client,req_cqe_flush_error,0,0,0
client,resp_cqe_flush_error,0,0,0
client,req_remote_invalid_request,184,185,1
client,req_remote_access_errors,290,290,0
client,resp_remote_access_errors,0,0,0
client,resp_local_length_error,0,0,0
client,duplicate_request,0,0,0
client,out_of_buffer,0,0,0
client,rx_icrc_encapsulated,0,0,0
client,req_transport_retries_exceeded,0,0,0
client,req_rnr_retries_exceeded,100,100,0
client,roce_adp_retrans,114,114,0
client,roce_adp_retrans_to,0,0,0
client,roce_slow_restart,0,0,0
client,port_rcv_errors,0,0,0
client,local_link_integrity_errors,0,0,0
client,link_error_recovery,0,0,0
client,link_downed,0,0,0
server,duplicate_request,0,0,0
server,implied_nak_seq_err,0,0,0
server,lifespan,10,10,0
server,local_ack_timeout_err,0,0,0
server,np_cnp_sent,1,1,0
server,np_ecn_marked_roce_packets,0,0,0
server,out_of_buffer,883,883,0
server,out_of_sequence,1,1,0
server,packet_seq_err,0,0,0
server,req_cqe_error,50,50,0
server,req_cqe_flush_error,0,0,0
server,req_remote_access_errors,10,10,0
server,req_remote_invalid_request,10,10,0
server,req_rnr_retries_exceeded,0,0,0
server,req_transport_retries_exceeded,0,0,0
server,resp_cqe_error,0,0,0
server,resp_cqe_flush_error,0,0,0
server,resp_local_length_error,0,0,0
server,resp_remote_access_errors,0,0,0
server,rnr_nak_retry_err,0,0,0
server,roce_adp_retrans,0,0,0
server,roce_adp_retrans_to,0,0,0
server,roce_slow_restart,0,0,0
server,roce_slow_restart_cnps,0,0,0
server,roce_slow_restart_trans,0,0,0
server,rp_cnp_handled,0,0,0
server,rp_cnp_ignored,0,0,0
server,rx_atomic_requests,0,0,0
server,rx_dct_connect,0,0,0
server,rx_icrc_encapsulated,0,0,0
server,rx_read_requests,274,274,0
server,rx_write_requests,1606999364,1606999364,0
# REM_INV_REQ,trial=85,status=9,vendor_err=0x8a,latency_us=1640
client,local_ack_timeout_err,0,0,0
client,out_of_sequence,0,0,0
client,packet_seq_err,0,0,0
client,implied_nak_seq_err,0,0,0
client,rnr_nak_retry_err,100,100,0
client,req_cqe_error,1427,1428,1
client,resp_cqe_error,0,0,0
client,req_cqe_flush_error,0,0,0
client,resp_cqe_flush_error,0,0,0
client,req_remote_invalid_request,185,186,1
client,req_remote_access_errors,290,290,0
client,resp_remote_access_errors,0,0,0
client,resp_local_length_error,0,0,0
client,duplicate_request,0,0,0
client,out_of_buffer,0,0,0
client,rx_icrc_encapsulated,0,0,0
client,req_transport_retries_exceeded,0,0,0
client,req_rnr_retries_exceeded,100,100,0
client,roce_adp_retrans,114,114,0
client,roce_adp_retrans_to,0,0,0
client,roce_slow_restart,0,0,0
client,port_rcv_errors,0,0,0
client,local_link_integrity_errors,0,0,0
client,link_error_recovery,0,0,0
client,link_downed,0,0,0
server,duplicate_request,0,0,0
server,implied_nak_seq_err,0,0,0
server,lifespan,10,10,0
server,local_ack_timeout_err,0,0,0
server,np_cnp_sent,1,1,0
server,np_ecn_marked_roce_packets,0,0,0
server,out_of_buffer,883,883,0
server,out_of_sequence,1,1,0
server,packet_seq_err,0,0,0
server,req_cqe_error,50,50,0
server,req_cqe_flush_error,0,0,0
server,req_remote_access_errors,10,10,0
server,req_remote_invalid_request,10,10,0
server,req_rnr_retries_exceeded,0,0,0
server,req_transport_retries_exceeded,0,0,0
server,resp_cqe_error,0,0,0
server,resp_cqe_flush_error,0,0,0
server,resp_local_length_error,0,0,0
server,resp_remote_access_errors,0,0,0
server,rnr_nak_retry_err,0,0,0
server,roce_adp_retrans,0,0,0
server,roce_adp_retrans_to,0,0,0
server,roce_slow_restart,0,0,0
server,roce_slow_restart_cnps,0,0,0
server,roce_slow_restart_trans,0,0,0
server,rp_cnp_handled,0,0,0
server,rp_cnp_ignored,0,0,0
server,rx_atomic_requests,0,0,0
server,rx_dct_connect,0,0,0
server,rx_icrc_encapsulated,0,0,0
server,rx_read_requests,274,274,0
server,rx_write_requests,1606999364,1606999364,0
# REM_INV_REQ,trial=86,status=9,vendor_err=0x8a,latency_us=1642
client,local_ack_timeout_err,0,0,0
client,out_of_sequence,0,0,0
client,packet_seq_err,0,0,0
client,implied_nak_seq_err,0,0,0
client,rnr_nak_retry_err,100,100,0
client,req_cqe_error,1428,1429,1
client,resp_cqe_error,0,0,0
client,req_cqe_flush_error,0,0,0
client,resp_cqe_flush_error,0,0,0
client,req_remote_invalid_request,186,187,1
client,req_remote_access_errors,290,290,0
client,resp_remote_access_errors,0,0,0
client,resp_local_length_error,0,0,0
client,duplicate_request,0,0,0
client,out_of_buffer,0,0,0
client,rx_icrc_encapsulated,0,0,0
client,req_transport_retries_exceeded,0,0,0
client,req_rnr_retries_exceeded,100,100,0
client,roce_adp_retrans,114,114,0
client,roce_adp_retrans_to,0,0,0
client,roce_slow_restart,0,0,0
client,port_rcv_errors,0,0,0
client,local_link_integrity_errors,0,0,0
client,link_error_recovery,0,0,0
client,link_downed,0,0,0
server,duplicate_request,0,0,0
server,implied_nak_seq_err,0,0,0
server,lifespan,10,10,0
server,local_ack_timeout_err,0,0,0
server,np_cnp_sent,1,1,0
server,np_ecn_marked_roce_packets,0,0,0
server,out_of_buffer,883,883,0
server,out_of_sequence,1,1,0
server,packet_seq_err,0,0,0
server,req_cqe_error,50,50,0
server,req_cqe_flush_error,0,0,0
server,req_remote_access_errors,10,10,0
server,req_remote_invalid_request,10,10,0
server,req_rnr_retries_exceeded,0,0,0
server,req_transport_retries_exceeded,0,0,0
server,resp_cqe_error,0,0,0
server,resp_cqe_flush_error,0,0,0
server,resp_local_length_error,0,0,0
server,resp_remote_access_errors,0,0,0
server,rnr_nak_retry_err,0,0,0
server,roce_adp_retrans,0,0,0
server,roce_adp_retrans_to,0,0,0
server,roce_slow_restart,0,0,0
server,roce_slow_restart_cnps,0,0,0
server,roce_slow_restart_trans,0,0,0
server,rp_cnp_handled,0,0,0
server,rp_cnp_ignored,0,0,0
server,rx_atomic_requests,0,0,0
server,rx_dct_connect,0,0,0
server,rx_icrc_encapsulated,0,0,0
server,rx_read_requests,274,274,0
server,rx_write_requests,1606999364,1606999364,0
# REM_INV_REQ,trial=87,status=9,vendor_err=0x8a,latency_us=1646
client,local_ack_timeout_err,0,0,0
client,out_of_sequence,0,0,0
client,packet_seq_err,0,0,0
client,implied_nak_seq_err,0,0,0
client,rnr_nak_retry_err,100,100,0
client,req_cqe_error,1429,1430,1
client,resp_cqe_error,0,0,0
client,req_cqe_flush_error,0,0,0
client,resp_cqe_flush_error,0,0,0
client,req_remote_invalid_request,187,188,1
client,req_remote_access_errors,290,290,0
client,resp_remote_access_errors,0,0,0
client,resp_local_length_error,0,0,0
client,duplicate_request,0,0,0
client,out_of_buffer,0,0,0
client,rx_icrc_encapsulated,0,0,0
client,req_transport_retries_exceeded,0,0,0
client,req_rnr_retries_exceeded,100,100,0
client,roce_adp_retrans,114,114,0
client,roce_adp_retrans_to,0,0,0
client,roce_slow_restart,0,0,0
client,port_rcv_errors,0,0,0
client,local_link_integrity_errors,0,0,0
client,link_error_recovery,0,0,0
client,link_downed,0,0,0
server,duplicate_request,0,0,0
server,implied_nak_seq_err,0,0,0
server,lifespan,10,10,0
server,local_ack_timeout_err,0,0,0
server,np_cnp_sent,1,1,0
server,np_ecn_marked_roce_packets,0,0,0
server,out_of_buffer,883,883,0
server,out_of_sequence,1,1,0
server,packet_seq_err,0,0,0
server,req_cqe_error,50,50,0
server,req_cqe_flush_error,0,0,0
server,req_remote_access_errors,10,10,0
server,req_remote_invalid_request,10,10,0
server,req_rnr_retries_exceeded,0,0,0
server,req_transport_retries_exceeded,0,0,0
server,resp_cqe_error,0,0,0
server,resp_cqe_flush_error,0,0,0
server,resp_local_length_error,0,0,0
server,resp_remote_access_errors,0,0,0
server,rnr_nak_retry_err,0,0,0
server,roce_adp_retrans,0,0,0
server,roce_adp_retrans_to,0,0,0
server,roce_slow_restart,0,0,0
server,roce_slow_restart_cnps,0,0,0
server,roce_slow_restart_trans,0,0,0
server,rp_cnp_handled,0,0,0
server,rp_cnp_ignored,0,0,0
server,rx_atomic_requests,0,0,0
server,rx_dct_connect,0,0,0
server,rx_icrc_encapsulated,0,0,0
server,rx_read_requests,274,274,0
server,rx_write_requests,1606999364,1606999364,0
# REM_INV_REQ,trial=88,status=9,vendor_err=0x8a,latency_us=1645
client,local_ack_timeout_err,0,0,0
client,out_of_sequence,0,0,0
client,packet_seq_err,0,0,0
client,implied_nak_seq_err,0,0,0
client,rnr_nak_retry_err,100,100,0
client,req_cqe_error,1430,1431,1
client,resp_cqe_error,0,0,0
client,req_cqe_flush_error,0,0,0
client,resp_cqe_flush_error,0,0,0
client,req_remote_invalid_request,188,189,1
client,req_remote_access_errors,290,290,0
client,resp_remote_access_errors,0,0,0
client,resp_local_length_error,0,0,0
client,duplicate_request,0,0,0
client,out_of_buffer,0,0,0
client,rx_icrc_encapsulated,0,0,0
client,req_transport_retries_exceeded,0,0,0
client,req_rnr_retries_exceeded,100,100,0
client,roce_adp_retrans,114,114,0
client,roce_adp_retrans_to,0,0,0
client,roce_slow_restart,0,0,0
client,port_rcv_errors,0,0,0
client,local_link_integrity_errors,0,0,0
client,link_error_recovery,0,0,0
client,link_downed,0,0,0
server,duplicate_request,0,0,0
server,implied_nak_seq_err,0,0,0
server,lifespan,10,10,0
server,local_ack_timeout_err,0,0,0
server,np_cnp_sent,1,1,0
server,np_ecn_marked_roce_packets,0,0,0
server,out_of_buffer,883,883,0
server,out_of_sequence,1,1,0
server,packet_seq_err,0,0,0
server,req_cqe_error,50,50,0
server,req_cqe_flush_error,0,0,0
server,req_remote_access_errors,10,10,0
server,req_remote_invalid_request,10,10,0
server,req_rnr_retries_exceeded,0,0,0
server,req_transport_retries_exceeded,0,0,0
server,resp_cqe_error,0,0,0
server,resp_cqe_flush_error,0,0,0
server,resp_local_length_error,0,0,0
server,resp_remote_access_errors,0,0,0
server,rnr_nak_retry_err,0,0,0
server,roce_adp_retrans,0,0,0
server,roce_adp_retrans_to,0,0,0
server,roce_slow_restart,0,0,0
server,roce_slow_restart_cnps,0,0,0
server,roce_slow_restart_trans,0,0,0
server,rp_cnp_handled,0,0,0
server,rp_cnp_ignored,0,0,0
server,rx_atomic_requests,0,0,0
server,rx_dct_connect,0,0,0
server,rx_icrc_encapsulated,0,0,0
server,rx_read_requests,274,274,0
server,rx_write_requests,1606999364,1606999364,0
# REM_INV_REQ,trial=89,status=9,vendor_err=0x8a,latency_us=1642
client,local_ack_timeout_err,0,0,0
client,out_of_sequence,0,0,0
client,packet_seq_err,0,0,0
client,implied_nak_seq_err,0,0,0
client,rnr_nak_retry_err,100,100,0
client,req_cqe_error,1431,1432,1
client,resp_cqe_error,0,0,0
client,req_cqe_flush_error,0,0,0
client,resp_cqe_flush_error,0,0,0
client,req_remote_invalid_request,189,190,1
client,req_remote_access_errors,290,290,0
client,resp_remote_access_errors,0,0,0
client,resp_local_length_error,0,0,0
client,duplicate_request,0,0,0
client,out_of_buffer,0,0,0
client,rx_icrc_encapsulated,0,0,0
client,req_transport_retries_exceeded,0,0,0
client,req_rnr_retries_exceeded,100,100,0
client,roce_adp_retrans,114,114,0
client,roce_adp_retrans_to,0,0,0
client,roce_slow_restart,0,0,0
client,port_rcv_errors,0,0,0
client,local_link_integrity_errors,0,0,0
client,link_error_recovery,0,0,0
client,link_downed,0,0,0
server,duplicate_request,0,0,0
server,implied_nak_seq_err,0,0,0
server,lifespan,10,10,0
server,local_ack_timeout_err,0,0,0
server,np_cnp_sent,1,1,0
server,np_ecn_marked_roce_packets,0,0,0
server,out_of_buffer,883,883,0
server,out_of_sequence,1,1,0
server,packet_seq_err,0,0,0
server,req_cqe_error,50,50,0
server,req_cqe_flush_error,0,0,0
server,req_remote_access_errors,10,10,0
server,req_remote_invalid_request,10,10,0
server,req_rnr_retries_exceeded,0,0,0
server,req_transport_retries_exceeded,0,0,0
server,resp_cqe_error,0,0,0
server,resp_cqe_flush_error,0,0,0
server,resp_local_length_error,0,0,0
server,resp_remote_access_errors,0,0,0
server,rnr_nak_retry_err,0,0,0
server,roce_adp_retrans,0,0,0
server,roce_adp_retrans_to,0,0,0
server,roce_slow_restart,0,0,0
server,roce_slow_restart_cnps,0,0,0
server,roce_slow_restart_trans,0,0,0
server,rp_cnp_handled,0,0,0
server,rp_cnp_ignored,0,0,0
server,rx_atomic_requests,0,0,0
server,rx_dct_connect,0,0,0
server,rx_icrc_encapsulated,0,0,0
server,rx_read_requests,274,274,0
server,rx_write_requests,1606999364,1606999364,0
# REM_INV_REQ,trial=90,status=9,vendor_err=0x8a,latency_us=1682
client,local_ack_timeout_err,0,0,0
client,out_of_sequence,0,0,0
client,packet_seq_err,0,0,0
client,implied_nak_seq_err,0,0,0
client,rnr_nak_retry_err,100,100,0
client,req_cqe_error,1432,1433,1
client,resp_cqe_error,0,0,0
client,req_cqe_flush_error,0,0,0
client,resp_cqe_flush_error,0,0,0
client,req_remote_invalid_request,190,191,1
client,req_remote_access_errors,290,290,0
client,resp_remote_access_errors,0,0,0
client,resp_local_length_error,0,0,0
client,duplicate_request,0,0,0
client,out_of_buffer,0,0,0
client,rx_icrc_encapsulated,0,0,0
client,req_transport_retries_exceeded,0,0,0
client,req_rnr_retries_exceeded,100,100,0
client,roce_adp_retrans,114,114,0
client,roce_adp_retrans_to,0,0,0
client,roce_slow_restart,0,0,0
client,port_rcv_errors,0,0,0
client,local_link_integrity_errors,0,0,0
client,link_error_recovery,0,0,0
client,link_downed,0,0,0
server,duplicate_request,0,0,0
server,implied_nak_seq_err,0,0,0
server,lifespan,10,10,0
server,local_ack_timeout_err,0,0,0
server,np_cnp_sent,1,1,0
server,np_ecn_marked_roce_packets,0,0,0
server,out_of_buffer,883,883,0
server,out_of_sequence,1,1,0
server,packet_seq_err,0,0,0
server,req_cqe_error,50,50,0
server,req_cqe_flush_error,0,0,0
server,req_remote_access_errors,10,10,0
server,req_remote_invalid_request,10,10,0
server,req_rnr_retries_exceeded,0,0,0
server,req_transport_retries_exceeded,0,0,0
server,resp_cqe_error,0,0,0
server,resp_cqe_flush_error,0,0,0
server,resp_local_length_error,0,0,0
server,resp_remote_access_errors,0,0,0
server,rnr_nak_retry_err,0,0,0
server,roce_adp_retrans,0,0,0
server,roce_adp_retrans_to,0,0,0
server,roce_slow_restart,0,0,0
server,roce_slow_restart_cnps,0,0,0
server,roce_slow_restart_trans,0,0,0
server,rp_cnp_handled,0,0,0
server,rp_cnp_ignored,0,0,0
server,rx_atomic_requests,0,0,0
server,rx_dct_connect,0,0,0
server,rx_icrc_encapsulated,0,0,0
server,rx_read_requests,274,274,0
server,rx_write_requests,1606999364,1606999364,0
# REM_INV_REQ,trial=91,status=9,vendor_err=0x8a,latency_us=1640
client,local_ack_timeout_err,0,0,0
client,out_of_sequence,0,0,0
client,packet_seq_err,0,0,0
client,implied_nak_seq_err,0,0,0
client,rnr_nak_retry_err,100,100,0
client,req_cqe_error,1433,1434,1
client,resp_cqe_error,0,0,0
client,req_cqe_flush_error,0,0,0
client,resp_cqe_flush_error,0,0,0
client,req_remote_invalid_request,191,192,1
client,req_remote_access_errors,290,290,0
client,resp_remote_access_errors,0,0,0
client,resp_local_length_error,0,0,0
client,duplicate_request,0,0,0
client,out_of_buffer,0,0,0
client,rx_icrc_encapsulated,0,0,0
client,req_transport_retries_exceeded,0,0,0
client,req_rnr_retries_exceeded,100,100,0
client,roce_adp_retrans,114,114,0
client,roce_adp_retrans_to,0,0,0
client,roce_slow_restart,0,0,0
client,port_rcv_errors,0,0,0
client,local_link_integrity_errors,0,0,0
client,link_error_recovery,0,0,0
client,link_downed,0,0,0
server,duplicate_request,0,0,0
server,implied_nak_seq_err,0,0,0
server,lifespan,10,10,0
server,local_ack_timeout_err,0,0,0
server,np_cnp_sent,1,1,0
server,np_ecn_marked_roce_packets,0,0,0
server,out_of_buffer,883,883,0
server,out_of_sequence,1,1,0
server,packet_seq_err,0,0,0
server,req_cqe_error,50,50,0
server,req_cqe_flush_error,0,0,0
server,req_remote_access_errors,10,10,0
server,req_remote_invalid_request,10,10,0
server,req_rnr_retries_exceeded,0,0,0
server,req_transport_retries_exceeded,0,0,0
server,resp_cqe_error,0,0,0
server,resp_cqe_flush_error,0,0,0
server,resp_local_length_error,0,0,0
server,resp_remote_access_errors,0,0,0
server,rnr_nak_retry_err,0,0,0
server,roce_adp_retrans,0,0,0
server,roce_adp_retrans_to,0,0,0
server,roce_slow_restart,0,0,0
server,roce_slow_restart_cnps,0,0,0
server,roce_slow_restart_trans,0,0,0
server,rp_cnp_handled,0,0,0
server,rp_cnp_ignored,0,0,0
server,rx_atomic_requests,0,0,0
server,rx_dct_connect,0,0,0
server,rx_icrc_encapsulated,0,0,0
server,rx_read_requests,274,274,0
server,rx_write_requests,1606999364,1606999364,0
# REM_INV_REQ,trial=92,status=9,vendor_err=0x8a,latency_us=1676
client,local_ack_timeout_err,0,0,0
client,out_of_sequence,0,0,0
client,packet_seq_err,0,0,0
client,implied_nak_seq_err,0,0,0
client,rnr_nak_retry_err,100,100,0
client,req_cqe_error,1434,1435,1
client,resp_cqe_error,0,0,0
client,req_cqe_flush_error,0,0,0
client,resp_cqe_flush_error,0,0,0
client,req_remote_invalid_request,192,193,1
client,req_remote_access_errors,290,290,0
client,resp_remote_access_errors,0,0,0
client,resp_local_length_error,0,0,0
client,duplicate_request,0,0,0
client,out_of_buffer,0,0,0
client,rx_icrc_encapsulated,0,0,0
client,req_transport_retries_exceeded,0,0,0
client,req_rnr_retries_exceeded,100,100,0
client,roce_adp_retrans,114,114,0
client,roce_adp_retrans_to,0,0,0
client,roce_slow_restart,0,0,0
client,port_rcv_errors,0,0,0
client,local_link_integrity_errors,0,0,0
client,link_error_recovery,0,0,0
client,link_downed,0,0,0
server,duplicate_request,0,0,0
server,implied_nak_seq_err,0,0,0
server,lifespan,10,10,0
server,local_ack_timeout_err,0,0,0
server,np_cnp_sent,1,1,0
server,np_ecn_marked_roce_packets,0,0,0
server,out_of_buffer,883,883,0
server,out_of_sequence,1,1,0
server,packet_seq_err,0,0,0
server,req_cqe_error,50,50,0
server,req_cqe_flush_error,0,0,0
server,req_remote_access_errors,10,10,0
server,req_remote_invalid_request,10,10,0
server,req_rnr_retries_exceeded,0,0,0
server,req_transport_retries_exceeded,0,0,0
server,resp_cqe_error,0,0,0
server,resp_cqe_flush_error,0,0,0
server,resp_local_length_error,0,0,0
server,resp_remote_access_errors,0,0,0
server,rnr_nak_retry_err,0,0,0
server,roce_adp_retrans,0,0,0
server,roce_adp_retrans_to,0,0,0
server,roce_slow_restart,0,0,0
server,roce_slow_restart_cnps,0,0,0
server,roce_slow_restart_trans,0,0,0
server,rp_cnp_handled,0,0,0
server,rp_cnp_ignored,0,0,0
server,rx_atomic_requests,0,0,0
server,rx_dct_connect,0,0,0
server,rx_icrc_encapsulated,0,0,0
server,rx_read_requests,274,274,0
server,rx_write_requests,1606999364,1606999364,0
# REM_INV_REQ,trial=93,status=9,vendor_err=0x8a,latency_us=1643
client,local_ack_timeout_err,0,0,0
client,out_of_sequence,0,0,0
client,packet_seq_err,0,0,0
client,implied_nak_seq_err,0,0,0
client,rnr_nak_retry_err,100,100,0
client,req_cqe_error,1435,1436,1
client,resp_cqe_error,0,0,0
client,req_cqe_flush_error,0,0,0
client,resp_cqe_flush_error,0,0,0
client,req_remote_invalid_request,193,194,1
client,req_remote_access_errors,290,290,0
client,resp_remote_access_errors,0,0,0
client,resp_local_length_error,0,0,0
client,duplicate_request,0,0,0
client,out_of_buffer,0,0,0
client,rx_icrc_encapsulated,0,0,0
client,req_transport_retries_exceeded,0,0,0
client,req_rnr_retries_exceeded,100,100,0
client,roce_adp_retrans,114,114,0
client,roce_adp_retrans_to,0,0,0
client,roce_slow_restart,0,0,0
client,port_rcv_errors,0,0,0
client,local_link_integrity_errors,0,0,0
client,link_error_recovery,0,0,0
client,link_downed,0,0,0
server,duplicate_request,0,0,0
server,implied_nak_seq_err,0,0,0
server,lifespan,10,10,0
server,local_ack_timeout_err,0,0,0
server,np_cnp_sent,1,1,0
server,np_ecn_marked_roce_packets,0,0,0
server,out_of_buffer,883,883,0
server,out_of_sequence,1,1,0
server,packet_seq_err,0,0,0
server,req_cqe_error,50,50,0
server,req_cqe_flush_error,0,0,0
server,req_remote_access_errors,10,10,0
server,req_remote_invalid_request,10,10,0
server,req_rnr_retries_exceeded,0,0,0
server,req_transport_retries_exceeded,0,0,0
server,resp_cqe_error,0,0,0
server,resp_cqe_flush_error,0,0,0
server,resp_local_length_error,0,0,0
server,resp_remote_access_errors,0,0,0
server,rnr_nak_retry_err,0,0,0
server,roce_adp_retrans,0,0,0
server,roce_adp_retrans_to,0,0,0
server,roce_slow_restart,0,0,0
server,roce_slow_restart_cnps,0,0,0
server,roce_slow_restart_trans,0,0,0
server,rp_cnp_handled,0,0,0
server,rp_cnp_ignored,0,0,0
server,rx_atomic_requests,0,0,0
server,rx_dct_connect,0,0,0
server,rx_icrc_encapsulated,0,0,0
server,rx_read_requests,274,274,0
server,rx_write_requests,1606999364,1606999364,0
# REM_INV_REQ,trial=94,status=9,vendor_err=0x8a,latency_us=1647
client,local_ack_timeout_err,0,0,0
client,out_of_sequence,0,0,0
client,packet_seq_err,0,0,0
client,implied_nak_seq_err,0,0,0
client,rnr_nak_retry_err,100,100,0
client,req_cqe_error,1436,1437,1
client,resp_cqe_error,0,0,0
client,req_cqe_flush_error,0,0,0
client,resp_cqe_flush_error,0,0,0
client,req_remote_invalid_request,194,195,1
client,req_remote_access_errors,290,290,0
client,resp_remote_access_errors,0,0,0
client,resp_local_length_error,0,0,0
client,duplicate_request,0,0,0
client,out_of_buffer,0,0,0
client,rx_icrc_encapsulated,0,0,0
client,req_transport_retries_exceeded,0,0,0
client,req_rnr_retries_exceeded,100,100,0
client,roce_adp_retrans,114,114,0
client,roce_adp_retrans_to,0,0,0
client,roce_slow_restart,0,0,0
client,port_rcv_errors,0,0,0
client,local_link_integrity_errors,0,0,0
client,link_error_recovery,0,0,0
client,link_downed,0,0,0
server,duplicate_request,0,0,0
server,implied_nak_seq_err,0,0,0
server,lifespan,10,10,0
server,local_ack_timeout_err,0,0,0
server,np_cnp_sent,1,1,0
server,np_ecn_marked_roce_packets,0,0,0
server,out_of_buffer,883,883,0
server,out_of_sequence,1,1,0
server,packet_seq_err,0,0,0
server,req_cqe_error,50,50,0
server,req_cqe_flush_error,0,0,0
server,req_remote_access_errors,10,10,0
server,req_remote_invalid_request,10,10,0
server,req_rnr_retries_exceeded,0,0,0
server,req_transport_retries_exceeded,0,0,0
server,resp_cqe_error,0,0,0
server,resp_cqe_flush_error,0,0,0
server,resp_local_length_error,0,0,0
server,resp_remote_access_errors,0,0,0
server,rnr_nak_retry_err,0,0,0
server,roce_adp_retrans,0,0,0
server,roce_adp_retrans_to,0,0,0
server,roce_slow_restart,0,0,0
server,roce_slow_restart_cnps,0,0,0
server,roce_slow_restart_trans,0,0,0
server,rp_cnp_handled,0,0,0
server,rp_cnp_ignored,0,0,0
server,rx_atomic_requests,0,0,0
server,rx_dct_connect,0,0,0
server,rx_icrc_encapsulated,0,0,0
server,rx_read_requests,274,274,0
server,rx_write_requests,1606999364,1606999364,0
# REM_INV_REQ,trial=95,status=9,vendor_err=0x8a,latency_us=1640
client,local_ack_timeout_err,0,0,0
client,out_of_sequence,0,0,0
client,packet_seq_err,0,0,0
client,implied_nak_seq_err,0,0,0
client,rnr_nak_retry_err,100,100,0
client,req_cqe_error,1437,1438,1
client,resp_cqe_error,0,0,0
client,req_cqe_flush_error,0,0,0
client,resp_cqe_flush_error,0,0,0
client,req_remote_invalid_request,195,196,1
client,req_remote_access_errors,290,290,0
client,resp_remote_access_errors,0,0,0
client,resp_local_length_error,0,0,0
client,duplicate_request,0,0,0
client,out_of_buffer,0,0,0
client,rx_icrc_encapsulated,0,0,0
client,req_transport_retries_exceeded,0,0,0
client,req_rnr_retries_exceeded,100,100,0
client,roce_adp_retrans,114,114,0
client,roce_adp_retrans_to,0,0,0
client,roce_slow_restart,0,0,0
client,port_rcv_errors,0,0,0
client,local_link_integrity_errors,0,0,0
client,link_error_recovery,0,0,0
client,link_downed,0,0,0
server,duplicate_request,0,0,0
server,implied_nak_seq_err,0,0,0
server,lifespan,10,10,0
server,local_ack_timeout_err,0,0,0
server,np_cnp_sent,1,1,0
server,np_ecn_marked_roce_packets,0,0,0
server,out_of_buffer,883,883,0
server,out_of_sequence,1,1,0
server,packet_seq_err,0,0,0
server,req_cqe_error,50,50,0
server,req_cqe_flush_error,0,0,0
server,req_remote_access_errors,10,10,0
server,req_remote_invalid_request,10,10,0
server,req_rnr_retries_exceeded,0,0,0
server,req_transport_retries_exceeded,0,0,0
server,resp_cqe_error,0,0,0
server,resp_cqe_flush_error,0,0,0
server,resp_local_length_error,0,0,0
server,resp_remote_access_errors,0,0,0
server,rnr_nak_retry_err,0,0,0
server,roce_adp_retrans,0,0,0
server,roce_adp_retrans_to,0,0,0
server,roce_slow_restart,0,0,0
server,roce_slow_restart_cnps,0,0,0
server,roce_slow_restart_trans,0,0,0
server,rp_cnp_handled,0,0,0
server,rp_cnp_ignored,0,0,0
server,rx_atomic_requests,0,0,0
server,rx_dct_connect,0,0,0
server,rx_icrc_encapsulated,0,0,0
server,rx_read_requests,274,274,0
server,rx_write_requests,1606999364,1606999364,0
# REM_INV_REQ,trial=96,status=9,vendor_err=0x8a,latency_us=1642
client,local_ack_timeout_err,0,0,0
client,out_of_sequence,0,0,0
client,packet_seq_err,0,0,0
client,implied_nak_seq_err,0,0,0
client,rnr_nak_retry_err,100,100,0
client,req_cqe_error,1438,1439,1
client,resp_cqe_error,0,0,0
client,req_cqe_flush_error,0,0,0
client,resp_cqe_flush_error,0,0,0
client,req_remote_invalid_request,196,197,1
client,req_remote_access_errors,290,290,0
client,resp_remote_access_errors,0,0,0
client,resp_local_length_error,0,0,0
client,duplicate_request,0,0,0
client,out_of_buffer,0,0,0
client,rx_icrc_encapsulated,0,0,0
client,req_transport_retries_exceeded,0,0,0
client,req_rnr_retries_exceeded,100,100,0
client,roce_adp_retrans,114,114,0
client,roce_adp_retrans_to,0,0,0
client,roce_slow_restart,0,0,0
client,port_rcv_errors,0,0,0
client,local_link_integrity_errors,0,0,0
client,link_error_recovery,0,0,0
client,link_downed,0,0,0
server,duplicate_request,0,0,0
server,implied_nak_seq_err,0,0,0
server,lifespan,10,10,0
server,local_ack_timeout_err,0,0,0
server,np_cnp_sent,1,1,0
server,np_ecn_marked_roce_packets,0,0,0
server,out_of_buffer,883,883,0
server,out_of_sequence,1,1,0
server,packet_seq_err,0,0,0
server,req_cqe_error,50,50,0
server,req_cqe_flush_error,0,0,0
server,req_remote_access_errors,10,10,0
server,req_remote_invalid_request,10,10,0
server,req_rnr_retries_exceeded,0,0,0
server,req_transport_retries_exceeded,0,0,0
server,resp_cqe_error,0,0,0
server,resp_cqe_flush_error,0,0,0
server,resp_local_length_error,0,0,0
server,resp_remote_access_errors,0,0,0
server,rnr_nak_retry_err,0,0,0
server,roce_adp_retrans,0,0,0
server,roce_adp_retrans_to,0,0,0
server,roce_slow_restart,0,0,0
server,roce_slow_restart_cnps,0,0,0
server,roce_slow_restart_trans,0,0,0
server,rp_cnp_handled,0,0,0
server,rp_cnp_ignored,0,0,0
server,rx_atomic_requests,0,0,0
server,rx_dct_connect,0,0,0
server,rx_icrc_encapsulated,0,0,0
server,rx_read_requests,274,274,0
server,rx_write_requests,1606999364,1606999364,0
# REM_INV_REQ,trial=97,status=9,vendor_err=0x8a,latency_us=1651
client,local_ack_timeout_err,0,0,0
client,out_of_sequence,0,0,0
client,packet_seq_err,0,0,0
client,implied_nak_seq_err,0,0,0
client,rnr_nak_retry_err,100,100,0
client,req_cqe_error,1439,1440,1
client,resp_cqe_error,0,0,0
client,req_cqe_flush_error,0,0,0
client,resp_cqe_flush_error,0,0,0
client,req_remote_invalid_request,197,198,1
client,req_remote_access_errors,290,290,0
client,resp_remote_access_errors,0,0,0
client,resp_local_length_error,0,0,0
client,duplicate_request,0,0,0
client,out_of_buffer,0,0,0
client,rx_icrc_encapsulated,0,0,0
client,req_transport_retries_exceeded,0,0,0
client,req_rnr_retries_exceeded,100,100,0
client,roce_adp_retrans,114,114,0
client,roce_adp_retrans_to,0,0,0
client,roce_slow_restart,0,0,0
client,port_rcv_errors,0,0,0
client,local_link_integrity_errors,0,0,0
client,link_error_recovery,0,0,0
client,link_downed,0,0,0
server,duplicate_request,0,0,0
server,implied_nak_seq_err,0,0,0
server,lifespan,10,10,0
server,local_ack_timeout_err,0,0,0
server,np_cnp_sent,1,1,0
server,np_ecn_marked_roce_packets,0,0,0
server,out_of_buffer,883,883,0
server,out_of_sequence,1,1,0
server,packet_seq_err,0,0,0
server,req_cqe_error,50,50,0
server,req_cqe_flush_error,0,0,0
server,req_remote_access_errors,10,10,0
server,req_remote_invalid_request,10,10,0
server,req_rnr_retries_exceeded,0,0,0
server,req_transport_retries_exceeded,0,0,0
server,resp_cqe_error,0,0,0
server,resp_cqe_flush_error,0,0,0
server,resp_local_length_error,0,0,0
server,resp_remote_access_errors,0,0,0
server,rnr_nak_retry_err,0,0,0
server,roce_adp_retrans,0,0,0
server,roce_adp_retrans_to,0,0,0
server,roce_slow_restart,0,0,0
server,roce_slow_restart_cnps,0,0,0
server,roce_slow_restart_trans,0,0,0
server,rp_cnp_handled,0,0,0
server,rp_cnp_ignored,0,0,0
server,rx_atomic_requests,0,0,0
server,rx_dct_connect,0,0,0
server,rx_icrc_encapsulated,0,0,0
server,rx_read_requests,274,274,0
server,rx_write_requests,1606999364,1606999364,0
# REM_INV_REQ,trial=98,status=9,vendor_err=0x8a,latency_us=1649
client,local_ack_timeout_err,0,0,0
client,out_of_sequence,0,0,0
client,packet_seq_err,0,0,0
client,implied_nak_seq_err,0,0,0
client,rnr_nak_retry_err,100,100,0
client,req_cqe_error,1440,1441,1
client,resp_cqe_error,0,0,0
client,req_cqe_flush_error,0,0,0
client,resp_cqe_flush_error,0,0,0
client,req_remote_invalid_request,198,199,1
client,req_remote_access_errors,290,290,0
client,resp_remote_access_errors,0,0,0
client,resp_local_length_error,0,0,0
client,duplicate_request,0,0,0
client,out_of_buffer,0,0,0
client,rx_icrc_encapsulated,0,0,0
client,req_transport_retries_exceeded,0,0,0
client,req_rnr_retries_exceeded,100,100,0
client,roce_adp_retrans,114,114,0
client,roce_adp_retrans_to,0,0,0
client,roce_slow_restart,0,0,0
client,port_rcv_errors,0,0,0
client,local_link_integrity_errors,0,0,0
client,link_error_recovery,0,0,0
client,link_downed,0,0,0
server,duplicate_request,0,0,0
server,implied_nak_seq_err,0,0,0
server,lifespan,10,10,0
server,local_ack_timeout_err,0,0,0
server,np_cnp_sent,1,1,0
server,np_ecn_marked_roce_packets,0,0,0
server,out_of_buffer,883,883,0
server,out_of_sequence,1,1,0
server,packet_seq_err,0,0,0
server,req_cqe_error,50,50,0
server,req_cqe_flush_error,0,0,0
server,req_remote_access_errors,10,10,0
server,req_remote_invalid_request,10,10,0
server,req_rnr_retries_exceeded,0,0,0
server,req_transport_retries_exceeded,0,0,0
server,resp_cqe_error,0,0,0
server,resp_cqe_flush_error,0,0,0
server,resp_local_length_error,0,0,0
server,resp_remote_access_errors,0,0,0
server,rnr_nak_retry_err,0,0,0
server,roce_adp_retrans,0,0,0
server,roce_adp_retrans_to,0,0,0
server,roce_slow_restart,0,0,0
server,roce_slow_restart_cnps,0,0,0
server,roce_slow_restart_trans,0,0,0
server,rp_cnp_handled,0,0,0
server,rp_cnp_ignored,0,0,0
server,rx_atomic_requests,0,0,0
server,rx_dct_connect,0,0,0
server,rx_icrc_encapsulated,0,0,0
server,rx_read_requests,274,274,0
server,rx_write_requests,1606999364,1606999364,0
# REM_INV_REQ,trial=99,status=9,vendor_err=0x8a,latency_us=1642
client,local_ack_timeout_err,0,0,0
client,out_of_sequence,0,0,0
client,packet_seq_err,0,0,0
client,implied_nak_seq_err,0,0,0
client,rnr_nak_retry_err,100,100,0
client,req_cqe_error,1441,1442,1
client,resp_cqe_error,0,0,0
client,req_cqe_flush_error,0,0,0
client,resp_cqe_flush_error,0,0,0
client,req_remote_invalid_request,199,200,1
client,req_remote_access_errors,290,290,0
client,resp_remote_access_errors,0,0,0
client,resp_local_length_error,0,0,0
client,duplicate_request,0,0,0
client,out_of_buffer,0,0,0
client,rx_icrc_encapsulated,0,0,0
client,req_transport_retries_exceeded,0,0,0
client,req_rnr_retries_exceeded,100,100,0
client,roce_adp_retrans,114,114,0
client,roce_adp_retrans_to,0,0,0
client,roce_slow_restart,0,0,0
client,port_rcv_errors,0,0,0
client,local_link_integrity_errors,0,0,0
client,link_error_recovery,0,0,0
client,link_downed,0,0,0
server,duplicate_request,0,0,0
server,implied_nak_seq_err,0,0,0
server,lifespan,10,10,0
server,local_ack_timeout_err,0,0,0
server,np_cnp_sent,1,1,0
server,np_ecn_marked_roce_packets,0,0,0
server,out_of_buffer,883,883,0
server,out_of_sequence,1,1,0
server,packet_seq_err,0,0,0
server,req_cqe_error,50,50,0
server,req_cqe_flush_error,0,0,0
server,req_remote_access_errors,10,10,0
server,req_remote_invalid_request,10,10,0
server,req_rnr_retries_exceeded,0,0,0
server,req_transport_retries_exceeded,0,0,0
server,resp_cqe_error,0,0,0
server,resp_cqe_flush_error,0,0,0
server,resp_local_length_error,0,0,0
server,resp_remote_access_errors,0,0,0
server,rnr_nak_retry_err,0,0,0
server,roce_adp_retrans,0,0,0
server,roce_adp_retrans_to,0,0,0
server,roce_slow_restart,0,0,0
server,roce_slow_restart_cnps,0,0,0
server,roce_slow_restart_trans,0,0,0
server,rp_cnp_handled,0,0,0
server,rp_cnp_ignored,0,0,0
server,rx_atomic_requests,0,0,0
server,rx_dct_connect,0,0,0
server,rx_icrc_encapsulated,0,0,0
server,rx_read_requests,274,274,0
server,rx_write_requests,1606999364,1606999364,0
