side,counter,before,after,delta
# RNR_RETRY_EXC,trial=0,status=13,vendor_err=0x87,latency_us=285
client,local_ack_timeout_err,0,0,0
client,out_of_sequence,0,0,0
client,packet_seq_err,0,0,0
client,implied_nak_seq_err,0,0,0
client,rnr_nak_retry_err,100,101,1
client,req_cqe_error,1542,1543,1
client,resp_cqe_error,0,0,0
client,req_cqe_flush_error,0,0,0
client,resp_cqe_flush_error,0,0,0
client,req_remote_invalid_request,200,200,0
client,req_remote_access_errors,390,390,0
client,resp_remote_access_errors,0,0,0
client,resp_local_length_error,0,0,0
client,duplicate_request,0,0,0
client,out_of_buffer,0,0,0
client,rx_icrc_encapsulated,0,0,0
client,req_transport_retries_exceeded,0,0,0
client,req_rnr_retries_exceeded,100,101,1
client,roce_adp_retrans,114,114,0
client,roce_adp_retrans_to,0,0,0
client,roce_slow_restart,0,0,0
client,port_rcv_errors,0,0,0
client,local_link_integrity_errors,0,0,0
client,link_error_recovery,0,0,0
client,link_downed,0,0,0
server,duplicate_request,0,0,0
server,implied_nak_seq_err,0,0,0
server,lifespan,10,10,0
server,local_ack_timeout_err,0,0,0
server,np_cnp_sent,1,1,0
server,np_ecn_marked_roce_packets,0,0,0
server,out_of_buffer,883,884,1
server,out_of_sequence,1,1,0
server,packet_seq_err,0,0,0
server,req_cqe_error,50,50,0
server,req_cqe_flush_error,0,0,0
server,req_remote_access_errors,10,10,0
server,req_remote_invalid_request,10,10,0
server,req_rnr_retries_exceeded,0,0,0
server,req_transport_retries_exceeded,0,0,0
server,resp_cqe_error,0,0,0
server,resp_cqe_flush_error,0,0,0
server,resp_local_length_error,0,0,0
server,resp_remote_access_errors,0,0,0
server,rnr_nak_retry_err,0,0,0
server,roce_adp_retrans,0,0,0
server,roce_adp_retrans_to,0,0,0
server,roce_slow_restart,0,0,0
server,roce_slow_restart_cnps,0,0,0
server,roce_slow_restart_trans,0,0,0
server,rp_cnp_handled,0,0,0
server,rp_cnp_ignored,0,0,0
server,rx_atomic_requests,0,0,0
server,rx_dct_connect,0,0,0
server,rx_icrc_encapsulated,0,0,0
server,rx_read_requests,274,274,0
server,rx_write_requests,1606999564,1606999564,0
# RNR_RETRY_EXC,trial=1,status=13,vendor_err=0x87,latency_us=282
client,local_ack_timeout_err,0,0,0
client,out_of_sequence,0,0,0
client,packet_seq_err,0,0,0
client,implied_nak_seq_err,0,0,0
client,rnr_nak_retry_err,101,102,1
client,req_cqe_error,1543,1544,1
client,resp_cqe_error,0,0,0
client,req_cqe_flush_error,0,0,0
client,resp_cqe_flush_error,0,0,0
client,req_remote_invalid_request,200,200,0
client,req_remote_access_errors,390,390,0
client,resp_remote_access_errors,0,0,0
client,resp_local_length_error,0,0,0
client,duplicate_request,0,0,0
client,out_of_buffer,0,0,0
client,rx_icrc_encapsulated,0,0,0
client,req_transport_retries_exceeded,0,0,0
client,req_rnr_retries_exceeded,101,102,1
client,roce_adp_retrans,114,114,0
client,roce_adp_retrans_to,0,0,0
client,roce_slow_restart,0,0,0
client,port_rcv_errors,0,0,0
client,local_link_integrity_errors,0,0,0
client,link_error_recovery,0,0,0
client,link_downed,0,0,0
server,duplicate_request,0,0,0
server,implied_nak_seq_err,0,0,0
server,lifespan,10,10,0
server,local_ack_timeout_err,0,0,0
server,np_cnp_sent,1,1,0
server,np_ecn_marked_roce_packets,0,0,0
server,out_of_buffer,884,885,1
server,out_of_sequence,1,1,0
server,packet_seq_err,0,0,0
server,req_cqe_error,50,50,0
server,req_cqe_flush_error,0,0,0
server,req_remote_access_errors,10,10,0
server,req_remote_invalid_request,10,10,0
server,req_rnr_retries_exceeded,0,0,0
server,req_transport_retries_exceeded,0,0,0
server,resp_cqe_error,0,0,0
server,resp_cqe_flush_error,0,0,0
server,resp_local_length_error,0,0,0
server,resp_remote_access_errors,0,0,0
server,rnr_nak_retry_err,0,0,0
server,roce_adp_retrans,0,0,0
server,roce_adp_retrans_to,0,0,0
server,roce_slow_restart,0,0,0
server,roce_slow_restart_cnps,0,0,0
server,roce_slow_restart_trans,0,0,0
server,rp_cnp_handled,0,0,0
server,rp_cnp_ignored,0,0,0
server,rx_atomic_requests,0,0,0
server,rx_dct_connect,0,0,0
server,rx_icrc_encapsulated,0,0,0
server,rx_read_requests,274,274,0
server,rx_write_requests,1606999564,1606999564,0
# RNR_RETRY_EXC,trial=2,status=13,vendor_err=0x87,latency_us=249
client,local_ack_timeout_err,0,0,0
client,out_of_sequence,0,0,0
client,packet_seq_err,0,0,0
client,implied_nak_seq_err,0,0,0
client,rnr_nak_retry_err,102,103,1
client,req_cqe_error,1544,1545,1
client,resp_cqe_error,0,0,0
client,req_cqe_flush_error,0,0,0
client,resp_cqe_flush_error,0,0,0
client,req_remote_invalid_request,200,200,0
client,req_remote_access_errors,390,390,0
client,resp_remote_access_errors,0,0,0
client,resp_local_length_error,0,0,0
client,duplicate_request,0,0,0
client,out_of_buffer,0,0,0
client,rx_icrc_encapsulated,0,0,0
client,req_transport_retries_exceeded,0,0,0
client,req_rnr_retries_exceeded,102,103,1
client,roce_adp_retrans,114,114,0
client,roce_adp_retrans_to,0,0,0
client,roce_slow_restart,0,0,0
client,port_rcv_errors,0,0,0
client,local_link_integrity_errors,0,0,0
client,link_error_recovery,0,0,0
client,link_downed,0,0,0
server,duplicate_request,0,0,0
server,implied_nak_seq_err,0,0,0
server,lifespan,10,10,0
server,local_ack_timeout_err,0,0,0
server,np_cnp_sent,1,1,0
server,np_ecn_marked_roce_packets,0,0,0
server,out_of_buffer,885,886,1
server,out_of_sequence,1,1,0
server,packet_seq_err,0,0,0
server,req_cqe_error,50,50,0
server,req_cqe_flush_error,0,0,0
server,req_remote_access_errors,10,10,0
server,req_remote_invalid_request,10,10,0
server,req_rnr_retries_exceeded,0,0,0
server,req_transport_retries_exceeded,0,0,0
server,resp_cqe_error,0,0,0
server,resp_cqe_flush_error,0,0,0
server,resp_local_length_error,0,0,0
server,resp_remote_access_errors,0,0,0
server,rnr_nak_retry_err,0,0,0
server,roce_adp_retrans,0,0,0
server,roce_adp_retrans_to,0,0,0
server,roce_slow_restart,0,0,0
server,roce_slow_restart_cnps,0,0,0
server,roce_slow_restart_trans,0,0,0
server,rp_cnp_handled,0,0,0
server,rp_cnp_ignored,0,0,0
server,rx_atomic_requests,0,0,0
server,rx_dct_connect,0,0,0
server,rx_icrc_encapsulated,0,0,0
server,rx_read_requests,274,274,0
server,rx_write_requests,1606999564,1606999564,0
# RNR_RETRY_EXC,trial=3,status=13,vendor_err=0x87,latency_us=250
client,local_ack_timeout_err,0,0,0
client,out_of_sequence,0,0,0
client,packet_seq_err,0,0,0
client,implied_nak_seq_err,0,0,0
client,rnr_nak_retry_err,103,104,1
client,req_cqe_error,1545,1546,1
client,resp_cqe_error,0,0,0
client,req_cqe_flush_error,0,0,0
client,resp_cqe_flush_error,0,0,0
client,req_remote_invalid_request,200,200,0
client,req_remote_access_errors,390,390,0
client,resp_remote_access_errors,0,0,0
client,resp_local_length_error,0,0,0
client,duplicate_request,0,0,0
client,out_of_buffer,0,0,0
client,rx_icrc_encapsulated,0,0,0
client,req_transport_retries_exceeded,0,0,0
client,req_rnr_retries_exceeded,103,104,1
client,roce_adp_retrans,114,114,0
client,roce_adp_retrans_to,0,0,0
client,roce_slow_restart,0,0,0
client,port_rcv_errors,0,0,0
client,local_link_integrity_errors,0,0,0
client,link_error_recovery,0,0,0
client,link_downed,0,0,0
server,duplicate_request,0,0,0
server,implied_nak_seq_err,0,0,0
server,lifespan,10,10,0
server,local_ack_timeout_err,0,0,0
server,np_cnp_sent,1,1,0
server,np_ecn_marked_roce_packets,0,0,0
server,out_of_buffer,886,887,1
server,out_of_sequence,1,1,0
server,packet_seq_err,0,0,0
server,req_cqe_error,50,50,0
server,req_cqe_flush_error,0,0,0
server,req_remote_access_errors,10,10,0
server,req_remote_invalid_request,10,10,0
server,req_rnr_retries_exceeded,0,0,0
server,req_transport_retries_exceeded,0,0,0
server,resp_cqe_error,0,0,0
server,resp_cqe_flush_error,0,0,0
server,resp_local_length_error,0,0,0
server,resp_remote_access_errors,0,0,0
server,rnr_nak_retry_err,0,0,0
server,roce_adp_retrans,0,0,0
server,roce_adp_retrans_to,0,0,0
server,roce_slow_restart,0,0,0
server,roce_slow_restart_cnps,0,0,0
server,roce_slow_restart_trans,0,0,0
server,rp_cnp_handled,0,0,0
server,rp_cnp_ignored,0,0,0
server,rx_atomic_requests,0,0,0
server,rx_dct_connect,0,0,0
server,rx_icrc_encapsulated,0,0,0
server,rx_read_requests,274,274,0
server,rx_write_requests,1606999564,1606999564,0
# RNR_RETRY_EXC,trial=4,status=13,vendor_err=0x87,latency_us=250
client,local_ack_timeout_err,0,0,0
client,out_of_sequence,0,0,0
client,packet_seq_err,0,0,0
client,implied_nak_seq_err,0,0,0
client,rnr_nak_retry_err,104,105,1
client,req_cqe_error,1546,1547,1
client,resp_cqe_error,0,0,0
client,req_cqe_flush_error,0,0,0
client,resp_cqe_flush_error,0,0,0
client,req_remote_invalid_request,200,200,0
client,req_remote_access_errors,390,390,0
client,resp_remote_access_errors,0,0,0
client,resp_local_length_error,0,0,0
client,duplicate_request,0,0,0
client,out_of_buffer,0,0,0
client,rx_icrc_encapsulated,0,0,0
client,req_transport_retries_exceeded,0,0,0
client,req_rnr_retries_exceeded,104,105,1
client,roce_adp_retrans,114,114,0
client,roce_adp_retrans_to,0,0,0
client,roce_slow_restart,0,0,0
client,port_rcv_errors,0,0,0
client,local_link_integrity_errors,0,0,0
client,link_error_recovery,0,0,0
client,link_downed,0,0,0
server,duplicate_request,0,0,0
server,implied_nak_seq_err,0,0,0
server,lifespan,10,10,0
server,local_ack_timeout_err,0,0,0
server,np_cnp_sent,1,1,0
server,np_ecn_marked_roce_packets,0,0,0
server,out_of_buffer,887,888,1
server,out_of_sequence,1,1,0
server,packet_seq_err,0,0,0
server,req_cqe_error,50,50,0
server,req_cqe_flush_error,0,0,0
server,req_remote_access_errors,10,10,0
server,req_remote_invalid_request,10,10,0
server,req_rnr_retries_exceeded,0,0,0
server,req_transport_retries_exceeded,0,0,0
server,resp_cqe_error,0,0,0
server,resp_cqe_flush_error,0,0,0
server,resp_local_length_error,0,0,0
server,resp_remote_access_errors,0,0,0
server,rnr_nak_retry_err,0,0,0
server,roce_adp_retrans,0,0,0
server,roce_adp_retrans_to,0,0,0
server,roce_slow_restart,0,0,0
server,roce_slow_restart_cnps,0,0,0
server,roce_slow_restart_trans,0,0,0
server,rp_cnp_handled,0,0,0
server,rp_cnp_ignored,0,0,0
server,rx_atomic_requests,0,0,0
server,rx_dct_connect,0,0,0
server,rx_icrc_encapsulated,0,0,0
server,rx_read_requests,274,274,0
server,rx_write_requests,1606999564,1606999564,0
# RNR_RETRY_EXC,trial=5,status=13,vendor_err=0x87,latency_us=250
client,local_ack_timeout_err,0,0,0
client,out_of_sequence,0,0,0
client,packet_seq_err,0,0,0
client,implied_nak_seq_err,0,0,0
client,rnr_nak_retry_err,105,106,1
client,req_cqe_error,1547,1548,1
client,resp_cqe_error,0,0,0
client,req_cqe_flush_error,0,0,0
client,resp_cqe_flush_error,0,0,0
client,req_remote_invalid_request,200,200,0
client,req_remote_access_errors,390,390,0
client,resp_remote_access_errors,0,0,0
client,resp_local_length_error,0,0,0
client,duplicate_request,0,0,0
client,out_of_buffer,0,0,0
client,rx_icrc_encapsulated,0,0,0
client,req_transport_retries_exceeded,0,0,0
client,req_rnr_retries_exceeded,105,106,1
client,roce_adp_retrans,114,114,0
client,roce_adp_retrans_to,0,0,0
client,roce_slow_restart,0,0,0
client,port_rcv_errors,0,0,0
client,local_link_integrity_errors,0,0,0
client,link_error_recovery,0,0,0
client,link_downed,0,0,0
server,duplicate_request,0,0,0
server,implied_nak_seq_err,0,0,0
server,lifespan,10,10,0
server,local_ack_timeout_err,0,0,0
server,np_cnp_sent,1,1,0
server,np_ecn_marked_roce_packets,0,0,0
server,out_of_buffer,888,889,1
server,out_of_sequence,1,1,0
server,packet_seq_err,0,0,0
server,req_cqe_error,50,50,0
server,req_cqe_flush_error,0,0,0
server,req_remote_access_errors,10,10,0
server,req_remote_invalid_request,10,10,0
server,req_rnr_retries_exceeded,0,0,0
server,req_transport_retries_exceeded,0,0,0
server,resp_cqe_error,0,0,0
server,resp_cqe_flush_error,0,0,0
server,resp_local_length_error,0,0,0
server,resp_remote_access_errors,0,0,0
server,rnr_nak_retry_err,0,0,0
server,roce_adp_retrans,0,0,0
server,roce_adp_retrans_to,0,0,0
server,roce_slow_restart,0,0,0
server,roce_slow_restart_cnps,0,0,0
server,roce_slow_restart_trans,0,0,0
server,rp_cnp_handled,0,0,0
server,rp_cnp_ignored,0,0,0
server,rx_atomic_requests,0,0,0
server,rx_dct_connect,0,0,0
server,rx_icrc_encapsulated,0,0,0
server,rx_read_requests,274,274,0
server,rx_write_requests,1606999564,1606999564,0
# RNR_RETRY_EXC,trial=6,status=13,vendor_err=0x87,latency_us=249
client,local_ack_timeout_err,0,0,0
client,out_of_sequence,0,0,0
client,packet_seq_err,0,0,0
client,implied_nak_seq_err,0,0,0
client,rnr_nak_retry_err,106,107,1
client,req_cqe_error,1548,1549,1
client,resp_cqe_error,0,0,0
client,req_cqe_flush_error,0,0,0
client,resp_cqe_flush_error,0,0,0
client,req_remote_invalid_request,200,200,0
client,req_remote_access_errors,390,390,0
client,resp_remote_access_errors,0,0,0
client,resp_local_length_error,0,0,0
client,duplicate_request,0,0,0
client,out_of_buffer,0,0,0
client,rx_icrc_encapsulated,0,0,0
client,req_transport_retries_exceeded,0,0,0
client,req_rnr_retries_exceeded,106,107,1
client,roce_adp_retrans,114,114,0
client,roce_adp_retrans_to,0,0,0
client,roce_slow_restart,0,0,0
client,port_rcv_errors,0,0,0
client,local_link_integrity_errors,0,0,0
client,link_error_recovery,0,0,0
client,link_downed,0,0,0
server,duplicate_request,0,0,0
server,implied_nak_seq_err,0,0,0
server,lifespan,10,10,0
server,local_ack_timeout_err,0,0,0
server,np_cnp_sent,1,1,0
server,np_ecn_marked_roce_packets,0,0,0
server,out_of_buffer,889,890,1
server,out_of_sequence,1,1,0
server,packet_seq_err,0,0,0
server,req_cqe_error,50,50,0
server,req_cqe_flush_error,0,0,0
server,req_remote_access_errors,10,10,0
server,req_remote_invalid_request,10,10,0
server,req_rnr_retries_exceeded,0,0,0
server,req_transport_retries_exceeded,0,0,0
server,resp_cqe_error,0,0,0
server,resp_cqe_flush_error,0,0,0
server,resp_local_length_error,0,0,0
server,resp_remote_access_errors,0,0,0
server,rnr_nak_retry_err,0,0,0
server,roce_adp_retrans,0,0,0
server,roce_adp_retrans_to,0,0,0
server,roce_slow_restart,0,0,0
server,roce_slow_restart_cnps,0,0,0
server,roce_slow_restart_trans,0,0,0
server,rp_cnp_handled,0,0,0
server,rp_cnp_ignored,0,0,0
server,rx_atomic_requests,0,0,0
server,rx_dct_connect,0,0,0
server,rx_icrc_encapsulated,0,0,0
server,rx_read_requests,274,274,0
server,rx_write_requests,1606999564,1606999564,0
# RNR_RETRY_EXC,trial=7,status=13,vendor_err=0x87,latency_us=250
client,local_ack_timeout_err,0,0,0
client,out_of_sequence,0,0,0
client,packet_seq_err,0,0,0
client,implied_nak_seq_err,0,0,0
client,rnr_nak_retry_err,107,108,1
client,req_cqe_error,1549,1550,1
client,resp_cqe_error,0,0,0
client,req_cqe_flush_error,0,0,0
client,resp_cqe_flush_error,0,0,0
client,req_remote_invalid_request,200,200,0
client,req_remote_access_errors,390,390,0
client,resp_remote_access_errors,0,0,0
client,resp_local_length_error,0,0,0
client,duplicate_request,0,0,0
client,out_of_buffer,0,0,0
client,rx_icrc_encapsulated,0,0,0
client,req_transport_retries_exceeded,0,0,0
client,req_rnr_retries_exceeded,107,108,1
client,roce_adp_retrans,114,114,0
client,roce_adp_retrans_to,0,0,0
client,roce_slow_restart,0,0,0
client,port_rcv_errors,0,0,0
client,local_link_integrity_errors,0,0,0
client,link_error_recovery,0,0,0
client,link_downed,0,0,0
server,duplicate_request,0,0,0
server,implied_nak_seq_err,0,0,0
server,lifespan,10,10,0
server,local_ack_timeout_err,0,0,0
server,np_cnp_sent,1,1,0
server,np_ecn_marked_roce_packets,0,0,0
server,out_of_buffer,890,891,1
server,out_of_sequence,1,1,0
server,packet_seq_err,0,0,0
server,req_cqe_error,50,50,0
server,req_cqe_flush_error,0,0,0
server,req_remote_access_errors,10,10,0
server,req_remote_invalid_request,10,10,0
server,req_rnr_retries_exceeded,0,0,0
server,req_transport_retries_exceeded,0,0,0
server,resp_cqe_error,0,0,0
server,resp_cqe_flush_error,0,0,0
server,resp_local_length_error,0,0,0
server,resp_remote_access_errors,0,0,0
server,rnr_nak_retry_err,0,0,0
server,roce_adp_retrans,0,0,0
server,roce_adp_retrans_to,0,0,0
server,roce_slow_restart,0,0,0
server,roce_slow_restart_cnps,0,0,0
server,roce_slow_restart_trans,0,0,0
server,rp_cnp_handled,0,0,0
server,rp_cnp_ignored,0,0,0
server,rx_atomic_requests,0,0,0
server,rx_dct_connect,0,0,0
server,rx_icrc_encapsulated,0,0,0
server,rx_read_requests,274,274,0
server,rx_write_requests,1606999564,1606999564,0
# RNR_RETRY_EXC,trial=8,status=13,vendor_err=0x87,latency_us=251
client,local_ack_timeout_err,0,0,0
client,out_of_sequence,0,0,0
client,packet_seq_err,0,0,0
client,implied_nak_seq_err,0,0,0
client,rnr_nak_retry_err,108,109,1
client,req_cqe_error,1550,1551,1
client,resp_cqe_error,0,0,0
client,req_cqe_flush_error,0,0,0
client,resp_cqe_flush_error,0,0,0
client,req_remote_invalid_request,200,200,0
client,req_remote_access_errors,390,390,0
client,resp_remote_access_errors,0,0,0
client,resp_local_length_error,0,0,0
client,duplicate_request,0,0,0
client,out_of_buffer,0,0,0
client,rx_icrc_encapsulated,0,0,0
client,req_transport_retries_exceeded,0,0,0
client,req_rnr_retries_exceeded,108,109,1
client,roce_adp_retrans,114,114,0
client,roce_adp_retrans_to,0,0,0
client,roce_slow_restart,0,0,0
client,port_rcv_errors,0,0,0
client,local_link_integrity_errors,0,0,0
client,link_error_recovery,0,0,0
client,link_downed,0,0,0
server,duplicate_request,0,0,0
server,implied_nak_seq_err,0,0,0
server,lifespan,10,10,0
server,local_ack_timeout_err,0,0,0
server,np_cnp_sent,1,1,0
server,np_ecn_marked_roce_packets,0,0,0
server,out_of_buffer,891,892,1
server,out_of_sequence,1,1,0
server,packet_seq_err,0,0,0
server,req_cqe_error,50,50,0
server,req_cqe_flush_error,0,0,0
server,req_remote_access_errors,10,10,0
server,req_remote_invalid_request,10,10,0
server,req_rnr_retries_exceeded,0,0,0
server,req_transport_retries_exceeded,0,0,0
server,resp_cqe_error,0,0,0
server,resp_cqe_flush_error,0,0,0
server,resp_local_length_error,0,0,0
server,resp_remote_access_errors,0,0,0
server,rnr_nak_retry_err,0,0,0
server,roce_adp_retrans,0,0,0
server,roce_adp_retrans_to,0,0,0
server,roce_slow_restart,0,0,0
server,roce_slow_restart_cnps,0,0,0
server,roce_slow_restart_trans,0,0,0
server,rp_cnp_handled,0,0,0
server,rp_cnp_ignored,0,0,0
server,rx_atomic_requests,0,0,0
server,rx_dct_connect,0,0,0
server,rx_icrc_encapsulated,0,0,0
server,rx_read_requests,274,274,0
server,rx_write_requests,1606999564,1606999564,0
# RNR_RETRY_EXC,trial=9,status=13,vendor_err=0x87,latency_us=250
client,local_ack_timeout_err,0,0,0
client,out_of_sequence,0,0,0
client,packet_seq_err,0,0,0
client,implied_nak_seq_err,0,0,0
client,rnr_nak_retry_err,109,110,1
client,req_cqe_error,1551,1552,1
client,resp_cqe_error,0,0,0
client,req_cqe_flush_error,0,0,0
client,resp_cqe_flush_error,0,0,0
client,req_remote_invalid_request,200,200,0
client,req_remote_access_errors,390,390,0
client,resp_remote_access_errors,0,0,0
client,resp_local_length_error,0,0,0
client,duplicate_request,0,0,0
client,out_of_buffer,0,0,0
client,rx_icrc_encapsulated,0,0,0
client,req_transport_retries_exceeded,0,0,0
client,req_rnr_retries_exceeded,109,110,1
client,roce_adp_retrans,114,114,0
client,roce_adp_retrans_to,0,0,0
client,roce_slow_restart,0,0,0
client,port_rcv_errors,0,0,0
client,local_link_integrity_errors,0,0,0
client,link_error_recovery,0,0,0
client,link_downed,0,0,0
server,duplicate_request,0,0,0
server,implied_nak_seq_err,0,0,0
server,lifespan,10,10,0
server,local_ack_timeout_err,0,0,0
server,np_cnp_sent,1,1,0
server,np_ecn_marked_roce_packets,0,0,0
server,out_of_buffer,892,893,1
server,out_of_sequence,1,1,0
server,packet_seq_err,0,0,0
server,req_cqe_error,50,50,0
server,req_cqe_flush_error,0,0,0
server,req_remote_access_errors,10,10,0
server,req_remote_invalid_request,10,10,0
server,req_rnr_retries_exceeded,0,0,0
server,req_transport_retries_exceeded,0,0,0
server,resp_cqe_error,0,0,0
server,resp_cqe_flush_error,0,0,0
server,resp_local_length_error,0,0,0
server,resp_remote_access_errors,0,0,0
server,rnr_nak_retry_err,0,0,0
server,roce_adp_retrans,0,0,0
server,roce_adp_retrans_to,0,0,0
server,roce_slow_restart,0,0,0
server,roce_slow_restart_cnps,0,0,0
server,roce_slow_restart_trans,0,0,0
server,rp_cnp_handled,0,0,0
server,rp_cnp_ignored,0,0,0
server,rx_atomic_requests,0,0,0
server,rx_dct_connect,0,0,0
server,rx_icrc_encapsulated,0,0,0
server,rx_read_requests,274,274,0
server,rx_write_requests,1606999564,1606999564,0
# RNR_RETRY_EXC,trial=10,status=13,vendor_err=0x87,latency_us=251
client,local_ack_timeout_err,0,0,0
client,out_of_sequence,0,0,0
client,packet_seq_err,0,0,0
client,implied_nak_seq_err,0,0,0
client,rnr_nak_retry_err,110,111,1
client,req_cqe_error,1552,1553,1
client,resp_cqe_error,0,0,0
client,req_cqe_flush_error,0,0,0
client,resp_cqe_flush_error,0,0,0
client,req_remote_invalid_request,200,200,0
client,req_remote_access_errors,390,390,0
client,resp_remote_access_errors,0,0,0
client,resp_local_length_error,0,0,0
client,duplicate_request,0,0,0
client,out_of_buffer,0,0,0
client,rx_icrc_encapsulated,0,0,0
client,req_transport_retries_exceeded,0,0,0
client,req_rnr_retries_exceeded,110,111,1
client,roce_adp_retrans,114,114,0
client,roce_adp_retrans_to,0,0,0
client,roce_slow_restart,0,0,0
client,port_rcv_errors,0,0,0
client,local_link_integrity_errors,0,0,0
client,link_error_recovery,0,0,0
client,link_downed,0,0,0
server,duplicate_request,0,0,0
server,implied_nak_seq_err,0,0,0
server,lifespan,10,10,0
server,local_ack_timeout_err,0,0,0
server,np_cnp_sent,1,1,0
server,np_ecn_marked_roce_packets,0,0,0
server,out_of_buffer,893,894,1
server,out_of_sequence,1,1,0
server,packet_seq_err,0,0,0
server,req_cqe_error,50,50,0
server,req_cqe_flush_error,0,0,0
server,req_remote_access_errors,10,10,0
server,req_remote_invalid_request,10,10,0
server,req_rnr_retries_exceeded,0,0,0
server,req_transport_retries_exceeded,0,0,0
server,resp_cqe_error,0,0,0
server,resp_cqe_flush_error,0,0,0
server,resp_local_length_error,0,0,0
server,resp_remote_access_errors,0,0,0
server,rnr_nak_retry_err,0,0,0
server,roce_adp_retrans,0,0,0
server,roce_adp_retrans_to,0,0,0
server,roce_slow_restart,0,0,0
server,roce_slow_restart_cnps,0,0,0
server,roce_slow_restart_trans,0,0,0
server,rp_cnp_handled,0,0,0
server,rp_cnp_ignored,0,0,0
server,rx_atomic_requests,0,0,0
server,rx_dct_connect,0,0,0
server,rx_icrc_encapsulated,0,0,0
server,rx_read_requests,274,274,0
server,rx_write_requests,1606999564,1606999564,0
# RNR_RETRY_EXC,trial=11,status=13,vendor_err=0x87,latency_us=250
client,local_ack_timeout_err,0,0,0
client,out_of_sequence,0,0,0
client,packet_seq_err,0,0,0
client,implied_nak_seq_err,0,0,0
client,rnr_nak_retry_err,111,112,1
client,req_cqe_error,1553,1554,1
client,resp_cqe_error,0,0,0
client,req_cqe_flush_error,0,0,0
client,resp_cqe_flush_error,0,0,0
client,req_remote_invalid_request,200,200,0
client,req_remote_access_errors,390,390,0
client,resp_remote_access_errors,0,0,0
client,resp_local_length_error,0,0,0
client,duplicate_request,0,0,0
client,out_of_buffer,0,0,0
client,rx_icrc_encapsulated,0,0,0
client,req_transport_retries_exceeded,0,0,0
client,req_rnr_retries_exceeded,111,112,1
client,roce_adp_retrans,114,114,0
client,roce_adp_retrans_to,0,0,0
client,roce_slow_restart,0,0,0
client,port_rcv_errors,0,0,0
client,local_link_integrity_errors,0,0,0
client,link_error_recovery,0,0,0
client,link_downed,0,0,0
server,duplicate_request,0,0,0
server,implied_nak_seq_err,0,0,0
server,lifespan,10,10,0
server,local_ack_timeout_err,0,0,0
server,np_cnp_sent,1,1,0
server,np_ecn_marked_roce_packets,0,0,0
server,out_of_buffer,894,895,1
server,out_of_sequence,1,1,0
server,packet_seq_err,0,0,0
server,req_cqe_error,50,50,0
server,req_cqe_flush_error,0,0,0
server,req_remote_access_errors,10,10,0
server,req_remote_invalid_request,10,10,0
server,req_rnr_retries_exceeded,0,0,0
server,req_transport_retries_exceeded,0,0,0
server,resp_cqe_error,0,0,0
server,resp_cqe_flush_error,0,0,0
server,resp_local_length_error,0,0,0
server,resp_remote_access_errors,0,0,0
server,rnr_nak_retry_err,0,0,0
server,roce_adp_retrans,0,0,0
server,roce_adp_retrans_to,0,0,0
server,roce_slow_restart,0,0,0
server,roce_slow_restart_cnps,0,0,0
server,roce_slow_restart_trans,0,0,0
server,rp_cnp_handled,0,0,0
server,rp_cnp_ignored,0,0,0
server,rx_atomic_requests,0,0,0
server,rx_dct_connect,0,0,0
server,rx_icrc_encapsulated,0,0,0
server,rx_read_requests,274,274,0
server,rx_write_requests,1606999564,1606999564,0
# RNR_RETRY_EXC,trial=12,status=13,vendor_err=0x87,latency_us=251
client,local_ack_timeout_err,0,0,0
client,out_of_sequence,0,0,0
client,packet_seq_err,0,0,0
client,implied_nak_seq_err,0,0,0
client,rnr_nak_retry_err,112,113,1
client,req_cqe_error,1554,1555,1
client,resp_cqe_error,0,0,0
client,req_cqe_flush_error,0,0,0
client,resp_cqe_flush_error,0,0,0
client,req_remote_invalid_request,200,200,0
client,req_remote_access_errors,390,390,0
client,resp_remote_access_errors,0,0,0
client,resp_local_length_error,0,0,0
client,duplicate_request,0,0,0
client,out_of_buffer,0,0,0
client,rx_icrc_encapsulated,0,0,0
client,req_transport_retries_exceeded,0,0,0
client,req_rnr_retries_exceeded,112,113,1
client,roce_adp_retrans,114,114,0
client,roce_adp_retrans_to,0,0,0
client,roce_slow_restart,0,0,0
client,port_rcv_errors,0,0,0
client,local_link_integrity_errors,0,0,0
client,link_error_recovery,0,0,0
client,link_downed,0,0,0
server,duplicate_request,0,0,0
server,implied_nak_seq_err,0,0,0
server,lifespan,10,10,0
server,local_ack_timeout_err,0,0,0
server,np_cnp_sent,1,1,0
server,np_ecn_marked_roce_packets,0,0,0
server,out_of_buffer,895,896,1
server,out_of_sequence,1,1,0
server,packet_seq_err,0,0,0
server,req_cqe_error,50,50,0
server,req_cqe_flush_error,0,0,0
server,req_remote_access_errors,10,10,0
server,req_remote_invalid_request,10,10,0
server,req_rnr_retries_exceeded,0,0,0
server,req_transport_retries_exceeded,0,0,0
server,resp_cqe_error,0,0,0
server,resp_cqe_flush_error,0,0,0
server,resp_local_length_error,0,0,0
server,resp_remote_access_errors,0,0,0
server,rnr_nak_retry_err,0,0,0
server,roce_adp_retrans,0,0,0
server,roce_adp_retrans_to,0,0,0
server,roce_slow_restart,0,0,0
server,roce_slow_restart_cnps,0,0,0
server,roce_slow_restart_trans,0,0,0
server,rp_cnp_handled,0,0,0
server,rp_cnp_ignored,0,0,0
server,rx_atomic_requests,0,0,0
server,rx_dct_connect,0,0,0
server,rx_icrc_encapsulated,0,0,0
server,rx_read_requests,274,274,0
server,rx_write_requests,1606999564,1606999564,0
# RNR_RETRY_EXC,trial=13,status=13,vendor_err=0x87,latency_us=250
client,local_ack_timeout_err,0,0,0
client,out_of_sequence,0,0,0
client,packet_seq_err,0,0,0
client,implied_nak_seq_err,0,0,0
client,rnr_nak_retry_err,113,114,1
client,req_cqe_error,1555,1556,1
client,resp_cqe_error,0,0,0
client,req_cqe_flush_error,0,0,0
client,resp_cqe_flush_error,0,0,0
client,req_remote_invalid_request,200,200,0
client,req_remote_access_errors,390,390,0
client,resp_remote_access_errors,0,0,0
client,resp_local_length_error,0,0,0
client,duplicate_request,0,0,0
client,out_of_buffer,0,0,0
client,rx_icrc_encapsulated,0,0,0
client,req_transport_retries_exceeded,0,0,0
client,req_rnr_retries_exceeded,113,114,1
client,roce_adp_retrans,114,114,0
client,roce_adp_retrans_to,0,0,0
client,roce_slow_restart,0,0,0
client,port_rcv_errors,0,0,0
client,local_link_integrity_errors,0,0,0
client,link_error_recovery,0,0,0
client,link_downed,0,0,0
server,duplicate_request,0,0,0
server,implied_nak_seq_err,0,0,0
server,lifespan,10,10,0
server,local_ack_timeout_err,0,0,0
server,np_cnp_sent,1,1,0
server,np_ecn_marked_roce_packets,0,0,0
server,out_of_buffer,896,897,1
server,out_of_sequence,1,1,0
server,packet_seq_err,0,0,0
server,req_cqe_error,50,50,0
server,req_cqe_flush_error,0,0,0
server,req_remote_access_errors,10,10,0
server,req_remote_invalid_request,10,10,0
server,req_rnr_retries_exceeded,0,0,0
server,req_transport_retries_exceeded,0,0,0
server,resp_cqe_error,0,0,0
server,resp_cqe_flush_error,0,0,0
server,resp_local_length_error,0,0,0
server,resp_remote_access_errors,0,0,0
server,rnr_nak_retry_err,0,0,0
server,roce_adp_retrans,0,0,0
server,roce_adp_retrans_to,0,0,0
server,roce_slow_restart,0,0,0
server,roce_slow_restart_cnps,0,0,0
server,roce_slow_restart_trans,0,0,0
server,rp_cnp_handled,0,0,0
server,rp_cnp_ignored,0,0,0
server,rx_atomic_requests,0,0,0
server,rx_dct_connect,0,0,0
server,rx_icrc_encapsulated,0,0,0
server,rx_read_requests,274,274,0
server,rx_write_requests,1606999564,1606999564,0
# RNR_RETRY_EXC,trial=14,status=13,vendor_err=0x87,latency_us=250
client,local_ack_timeout_err,0,0,0
client,out_of_sequence,0,0,0
client,packet_seq_err,0,0,0
client,implied_nak_seq_err,0,0,0
client,rnr_nak_retry_err,114,115,1
client,req_cqe_error,1556,1557,1
client,resp_cqe_error,0,0,0
client,req_cqe_flush_error,0,0,0
client,resp_cqe_flush_error,0,0,0
client,req_remote_invalid_request,200,200,0
client,req_remote_access_errors,390,390,0
client,resp_remote_access_errors,0,0,0
client,resp_local_length_error,0,0,0
client,duplicate_request,0,0,0
client,out_of_buffer,0,0,0
client,rx_icrc_encapsulated,0,0,0
client,req_transport_retries_exceeded,0,0,0
client,req_rnr_retries_exceeded,114,115,1
client,roce_adp_retrans,114,114,0
client,roce_adp_retrans_to,0,0,0
client,roce_slow_restart,0,0,0
client,port_rcv_errors,0,0,0
client,local_link_integrity_errors,0,0,0
client,link_error_recovery,0,0,0
client,link_downed,0,0,0
server,duplicate_request,0,0,0
server,implied_nak_seq_err,0,0,0
server,lifespan,10,10,0
server,local_ack_timeout_err,0,0,0
server,np_cnp_sent,1,1,0
server,np_ecn_marked_roce_packets,0,0,0
server,out_of_buffer,897,898,1
server,out_of_sequence,1,1,0
server,packet_seq_err,0,0,0
server,req_cqe_error,50,50,0
server,req_cqe_flush_error,0,0,0
server,req_remote_access_errors,10,10,0
server,req_remote_invalid_request,10,10,0
server,req_rnr_retries_exceeded,0,0,0
server,req_transport_retries_exceeded,0,0,0
server,resp_cqe_error,0,0,0
server,resp_cqe_flush_error,0,0,0
server,resp_local_length_error,0,0,0
server,resp_remote_access_errors,0,0,0
server,rnr_nak_retry_err,0,0,0
server,roce_adp_retrans,0,0,0
server,roce_adp_retrans_to,0,0,0
server,roce_slow_restart,0,0,0
server,roce_slow_restart_cnps,0,0,0
server,roce_slow_restart_trans,0,0,0
server,rp_cnp_handled,0,0,0
server,rp_cnp_ignored,0,0,0
server,rx_atomic_requests,0,0,0
server,rx_dct_connect,0,0,0
server,rx_icrc_encapsulated,0,0,0
server,rx_read_requests,274,274,0
server,rx_write_requests,1606999564,1606999564,0
# RNR_RETRY_EXC,trial=15,status=13,vendor_err=0x87,latency_us=250
client,local_ack_timeout_err,0,0,0
client,out_of_sequence,0,0,0
client,packet_seq_err,0,0,0
client,implied_nak_seq_err,0,0,0
client,rnr_nak_retry_err,115,116,1
client,req_cqe_error,1557,1558,1
client,resp_cqe_error,0,0,0
client,req_cqe_flush_error,0,0,0
client,resp_cqe_flush_error,0,0,0
client,req_remote_invalid_request,200,200,0
client,req_remote_access_errors,390,390,0
client,resp_remote_access_errors,0,0,0
client,resp_local_length_error,0,0,0
client,duplicate_request,0,0,0
client,out_of_buffer,0,0,0
client,rx_icrc_encapsulated,0,0,0
client,req_transport_retries_exceeded,0,0,0
client,req_rnr_retries_exceeded,115,116,1
client,roce_adp_retrans,114,114,0
client,roce_adp_retrans_to,0,0,0
client,roce_slow_restart,0,0,0
client,port_rcv_errors,0,0,0
client,local_link_integrity_errors,0,0,0
client,link_error_recovery,0,0,0
client,link_downed,0,0,0
server,duplicate_request,0,0,0
server,implied_nak_seq_err,0,0,0
server,lifespan,10,10,0
server,local_ack_timeout_err,0,0,0
server,np_cnp_sent,1,1,0
server,np_ecn_marked_roce_packets,0,0,0
server,out_of_buffer,898,899,1
server,out_of_sequence,1,1,0
server,packet_seq_err,0,0,0
server,req_cqe_error,50,50,0
server,req_cqe_flush_error,0,0,0
server,req_remote_access_errors,10,10,0
server,req_remote_invalid_request,10,10,0
server,req_rnr_retries_exceeded,0,0,0
server,req_transport_retries_exceeded,0,0,0
server,resp_cqe_error,0,0,0
server,resp_cqe_flush_error,0,0,0
server,resp_local_length_error,0,0,0
server,resp_remote_access_errors,0,0,0
server,rnr_nak_retry_err,0,0,0
server,roce_adp_retrans,0,0,0
server,roce_adp_retrans_to,0,0,0
server,roce_slow_restart,0,0,0
server,roce_slow_restart_cnps,0,0,0
server,roce_slow_restart_trans,0,0,0
server,rp_cnp_handled,0,0,0
server,rp_cnp_ignored,0,0,0
server,rx_atomic_requests,0,0,0
server,rx_dct_connect,0,0,0
server,rx_icrc_encapsulated,0,0,0
server,rx_read_requests,274,274,0
server,rx_write_requests,1606999564,1606999564,0
# RNR_RETRY_EXC,trial=16,status=13,vendor_err=0x87,latency_us=245
client,local_ack_timeout_err,0,0,0
client,out_of_sequence,0,0,0
client,packet_seq_err,0,0,0
client,implied_nak_seq_err,0,0,0
client,rnr_nak_retry_err,116,117,1
client,req_cqe_error,1558,1559,1
client,resp_cqe_error,0,0,0
client,req_cqe_flush_error,0,0,0
client,resp_cqe_flush_error,0,0,0
client,req_remote_invalid_request,200,200,0
client,req_remote_access_errors,390,390,0
client,resp_remote_access_errors,0,0,0
client,resp_local_length_error,0,0,0
client,duplicate_request,0,0,0
client,out_of_buffer,0,0,0
client,rx_icrc_encapsulated,0,0,0
client,req_transport_retries_exceeded,0,0,0
client,req_rnr_retries_exceeded,116,117,1
client,roce_adp_retrans,114,114,0
client,roce_adp_retrans_to,0,0,0
client,roce_slow_restart,0,0,0
client,port_rcv_errors,0,0,0
client,local_link_integrity_errors,0,0,0
client,link_error_recovery,0,0,0
client,link_downed,0,0,0
server,duplicate_request,0,0,0
server,implied_nak_seq_err,0,0,0
server,lifespan,10,10,0
server,local_ack_timeout_err,0,0,0
server,np_cnp_sent,1,1,0
server,np_ecn_marked_roce_packets,0,0,0
server,out_of_buffer,899,900,1
server,out_of_sequence,1,1,0
server,packet_seq_err,0,0,0
server,req_cqe_error,50,50,0
server,req_cqe_flush_error,0,0,0
server,req_remote_access_errors,10,10,0
server,req_remote_invalid_request,10,10,0
server,req_rnr_retries_exceeded,0,0,0
server,req_transport_retries_exceeded,0,0,0
server,resp_cqe_error,0,0,0
server,resp_cqe_flush_error,0,0,0
server,resp_local_length_error,0,0,0
server,resp_remote_access_errors,0,0,0
server,rnr_nak_retry_err,0,0,0
server,roce_adp_retrans,0,0,0
server,roce_adp_retrans_to,0,0,0
server,roce_slow_restart,0,0,0
server,roce_slow_restart_cnps,0,0,0
server,roce_slow_restart_trans,0,0,0
server,rp_cnp_handled,0,0,0
server,rp_cnp_ignored,0,0,0
server,rx_atomic_requests,0,0,0
server,rx_dct_connect,0,0,0
server,rx_icrc_encapsulated,0,0,0
server,rx_read_requests,274,274,0
server,rx_write_requests,1606999564,1606999564,0
# RNR_RETRY_EXC,trial=17,status=13,vendor_err=0x87,latency_us=254
client,local_ack_timeout_err,0,0,0
client,out_of_sequence,0,0,0
client,packet_seq_err,0,0,0
client,implied_nak_seq_err,0,0,0
client,rnr_nak_retry_err,117,118,1
client,req_cqe_error,1559,1560,1
client,resp_cqe_error,0,0,0
client,req_cqe_flush_error,0,0,0
client,resp_cqe_flush_error,0,0,0
client,req_remote_invalid_request,200,200,0
client,req_remote_access_errors,390,390,0
client,resp_remote_access_errors,0,0,0
client,resp_local_length_error,0,0,0
client,duplicate_request,0,0,0
client,out_of_buffer,0,0,0
client,rx_icrc_encapsulated,0,0,0
client,req_transport_retries_exceeded,0,0,0
client,req_rnr_retries_exceeded,117,118,1
client,roce_adp_retrans,114,114,0
client,roce_adp_retrans_to,0,0,0
client,roce_slow_restart,0,0,0
client,port_rcv_errors,0,0,0
client,local_link_integrity_errors,0,0,0
client,link_error_recovery,0,0,0
client,link_downed,0,0,0
server,duplicate_request,0,0,0
server,implied_nak_seq_err,0,0,0
server,lifespan,10,10,0
server,local_ack_timeout_err,0,0,0
server,np_cnp_sent,1,1,0
server,np_ecn_marked_roce_packets,0,0,0
server,out_of_buffer,900,901,1
server,out_of_sequence,1,1,0
server,packet_seq_err,0,0,0
server,req_cqe_error,50,50,0
server,req_cqe_flush_error,0,0,0
server,req_remote_access_errors,10,10,0
server,req_remote_invalid_request,10,10,0
server,req_rnr_retries_exceeded,0,0,0
server,req_transport_retries_exceeded,0,0,0
server,resp_cqe_error,0,0,0
server,resp_cqe_flush_error,0,0,0
server,resp_local_length_error,0,0,0
server,resp_remote_access_errors,0,0,0
server,rnr_nak_retry_err,0,0,0
server,roce_adp_retrans,0,0,0
server,roce_adp_retrans_to,0,0,0
server,roce_slow_restart,0,0,0
server,roce_slow_restart_cnps,0,0,0
server,roce_slow_restart_trans,0,0,0
server,rp_cnp_handled,0,0,0
server,rp_cnp_ignored,0,0,0
server,rx_atomic_requests,0,0,0
server,rx_dct_connect,0,0,0
server,rx_icrc_encapsulated,0,0,0
server,rx_read_requests,274,274,0
server,rx_write_requests,1606999564,1606999564,0
# RNR_RETRY_EXC,trial=18,status=13,vendor_err=0x87,latency_us=249
client,local_ack_timeout_err,0,0,0
client,out_of_sequence,0,0,0
client,packet_seq_err,0,0,0
client,implied_nak_seq_err,0,0,0
client,rnr_nak_retry_err,118,119,1
client,req_cqe_error,1560,1561,1
client,resp_cqe_error,0,0,0
client,req_cqe_flush_error,0,0,0
client,resp_cqe_flush_error,0,0,0
client,req_remote_invalid_request,200,200,0
client,req_remote_access_errors,390,390,0
client,resp_remote_access_errors,0,0,0
client,resp_local_length_error,0,0,0
client,duplicate_request,0,0,0
client,out_of_buffer,0,0,0
client,rx_icrc_encapsulated,0,0,0
client,req_transport_retries_exceeded,0,0,0
client,req_rnr_retries_exceeded,118,119,1
client,roce_adp_retrans,114,114,0
client,roce_adp_retrans_to,0,0,0
client,roce_slow_restart,0,0,0
client,port_rcv_errors,0,0,0
client,local_link_integrity_errors,0,0,0
client,link_error_recovery,0,0,0
client,link_downed,0,0,0
server,duplicate_request,0,0,0
server,implied_nak_seq_err,0,0,0
server,lifespan,10,10,0
server,local_ack_timeout_err,0,0,0
server,np_cnp_sent,1,1,0
server,np_ecn_marked_roce_packets,0,0,0
server,out_of_buffer,901,902,1
server,out_of_sequence,1,1,0
server,packet_seq_err,0,0,0
server,req_cqe_error,50,50,0
server,req_cqe_flush_error,0,0,0
server,req_remote_access_errors,10,10,0
server,req_remote_invalid_request,10,10,0
server,req_rnr_retries_exceeded,0,0,0
server,req_transport_retries_exceeded,0,0,0
server,resp_cqe_error,0,0,0
server,resp_cqe_flush_error,0,0,0
server,resp_local_length_error,0,0,0
server,resp_remote_access_errors,0,0,0
server,rnr_nak_retry_err,0,0,0
server,roce_adp_retrans,0,0,0
server,roce_adp_retrans_to,0,0,0
server,roce_slow_restart,0,0,0
server,roce_slow_restart_cnps,0,0,0
server,roce_slow_restart_trans,0,0,0
server,rp_cnp_handled,0,0,0
server,rp_cnp_ignored,0,0,0
server,rx_atomic_requests,0,0,0
server,rx_dct_connect,0,0,0
server,rx_icrc_encapsulated,0,0,0
server,rx_read_requests,274,274,0
server,rx_write_requests,1606999564,1606999564,0
# RNR_RETRY_EXC,trial=19,status=13,vendor_err=0x87,latency_us=251
client,local_ack_timeout_err,0,0,0
client,out_of_sequence,0,0,0
client,packet_seq_err,0,0,0
client,implied_nak_seq_err,0,0,0
client,rnr_nak_retry_err,119,120,1
client,req_cqe_error,1561,1562,1
client,resp_cqe_error,0,0,0
client,req_cqe_flush_error,0,0,0
client,resp_cqe_flush_error,0,0,0
client,req_remote_invalid_request,200,200,0
client,req_remote_access_errors,390,390,0
client,resp_remote_access_errors,0,0,0
client,resp_local_length_error,0,0,0
client,duplicate_request,0,0,0
client,out_of_buffer,0,0,0
client,rx_icrc_encapsulated,0,0,0
client,req_transport_retries_exceeded,0,0,0
client,req_rnr_retries_exceeded,119,120,1
client,roce_adp_retrans,114,114,0
client,roce_adp_retrans_to,0,0,0
client,roce_slow_restart,0,0,0
client,port_rcv_errors,0,0,0
client,local_link_integrity_errors,0,0,0
client,link_error_recovery,0,0,0
client,link_downed,0,0,0
server,duplicate_request,0,0,0
server,implied_nak_seq_err,0,0,0
server,lifespan,10,10,0
server,local_ack_timeout_err,0,0,0
server,np_cnp_sent,1,1,0
server,np_ecn_marked_roce_packets,0,0,0
server,out_of_buffer,902,903,1
server,out_of_sequence,1,1,0
server,packet_seq_err,0,0,0
server,req_cqe_error,50,50,0
server,req_cqe_flush_error,0,0,0
server,req_remote_access_errors,10,10,0
server,req_remote_invalid_request,10,10,0
server,req_rnr_retries_exceeded,0,0,0
server,req_transport_retries_exceeded,0,0,0
server,resp_cqe_error,0,0,0
server,resp_cqe_flush_error,0,0,0
server,resp_local_length_error,0,0,0
server,resp_remote_access_errors,0,0,0
server,rnr_nak_retry_err,0,0,0
server,roce_adp_retrans,0,0,0
server,roce_adp_retrans_to,0,0,0
server,roce_slow_restart,0,0,0
server,roce_slow_restart_cnps,0,0,0
server,roce_slow_restart_trans,0,0,0
server,rp_cnp_handled,0,0,0
server,rp_cnp_ignored,0,0,0
server,rx_atomic_requests,0,0,0
server,rx_dct_connect,0,0,0
server,rx_icrc_encapsulated,0,0,0
server,rx_read_requests,274,274,0
server,rx_write_requests,1606999564,1606999564,0
# RNR_RETRY_EXC,trial=20,status=13,vendor_err=0x87,latency_us=289
client,local_ack_timeout_err,0,0,0
client,out_of_sequence,0,0,0
client,packet_seq_err,0,0,0
client,implied_nak_seq_err,0,0,0
client,rnr_nak_retry_err,120,121,1
client,req_cqe_error,1562,1563,1
client,resp_cqe_error,0,0,0
client,req_cqe_flush_error,0,0,0
client,resp_cqe_flush_error,0,0,0
client,req_remote_invalid_request,200,200,0
client,req_remote_access_errors,390,390,0
client,resp_remote_access_errors,0,0,0
client,resp_local_length_error,0,0,0
client,duplicate_request,0,0,0
client,out_of_buffer,0,0,0
client,rx_icrc_encapsulated,0,0,0
client,req_transport_retries_exceeded,0,0,0
client,req_rnr_retries_exceeded,120,121,1
client,roce_adp_retrans,114,114,0
client,roce_adp_retrans_to,0,0,0
client,roce_slow_restart,0,0,0
client,port_rcv_errors,0,0,0
client,local_link_integrity_errors,0,0,0
client,link_error_recovery,0,0,0
client,link_downed,0,0,0
server,duplicate_request,0,0,0
server,implied_nak_seq_err,0,0,0
server,lifespan,10,10,0
server,local_ack_timeout_err,0,0,0
server,np_cnp_sent,1,1,0
server,np_ecn_marked_roce_packets,0,0,0
server,out_of_buffer,903,904,1
server,out_of_sequence,1,1,0
server,packet_seq_err,0,0,0
server,req_cqe_error,50,50,0
server,req_cqe_flush_error,0,0,0
server,req_remote_access_errors,10,10,0
server,req_remote_invalid_request,10,10,0
server,req_rnr_retries_exceeded,0,0,0
server,req_transport_retries_exceeded,0,0,0
server,resp_cqe_error,0,0,0
server,resp_cqe_flush_error,0,0,0
server,resp_local_length_error,0,0,0
server,resp_remote_access_errors,0,0,0
server,rnr_nak_retry_err,0,0,0
server,roce_adp_retrans,0,0,0
server,roce_adp_retrans_to,0,0,0
server,roce_slow_restart,0,0,0
server,roce_slow_restart_cnps,0,0,0
server,roce_slow_restart_trans,0,0,0
server,rp_cnp_handled,0,0,0
server,rp_cnp_ignored,0,0,0
server,rx_atomic_requests,0,0,0
server,rx_dct_connect,0,0,0
server,rx_icrc_encapsulated,0,0,0
server,rx_read_requests,274,274,0
server,rx_write_requests,1606999564,1606999564,0
# RNR_RETRY_EXC,trial=21,status=13,vendor_err=0x87,latency_us=250
client,local_ack_timeout_err,0,0,0
client,out_of_sequence,0,0,0
client,packet_seq_err,0,0,0
client,implied_nak_seq_err,0,0,0
client,rnr_nak_retry_err,121,122,1
client,req_cqe_error,1563,1564,1
client,resp_cqe_error,0,0,0
client,req_cqe_flush_error,0,0,0
client,resp_cqe_flush_error,0,0,0
client,req_remote_invalid_request,200,200,0
client,req_remote_access_errors,390,390,0
client,resp_remote_access_errors,0,0,0
client,resp_local_length_error,0,0,0
client,duplicate_request,0,0,0
client,out_of_buffer,0,0,0
client,rx_icrc_encapsulated,0,0,0
client,req_transport_retries_exceeded,0,0,0
client,req_rnr_retries_exceeded,121,122,1
client,roce_adp_retrans,114,114,0
client,roce_adp_retrans_to,0,0,0
client,roce_slow_restart,0,0,0
client,port_rcv_errors,0,0,0
client,local_link_integrity_errors,0,0,0
client,link_error_recovery,0,0,0
client,link_downed,0,0,0
server,duplicate_request,0,0,0
server,implied_nak_seq_err,0,0,0
server,lifespan,10,10,0
server,local_ack_timeout_err,0,0,0
server,np_cnp_sent,1,1,0
server,np_ecn_marked_roce_packets,0,0,0
server,out_of_buffer,904,905,1
server,out_of_sequence,1,1,0
server,packet_seq_err,0,0,0
server,req_cqe_error,50,50,0
server,req_cqe_flush_error,0,0,0
server,req_remote_access_errors,10,10,0
server,req_remote_invalid_request,10,10,0
server,req_rnr_retries_exceeded,0,0,0
server,req_transport_retries_exceeded,0,0,0
server,resp_cqe_error,0,0,0
server,resp_cqe_flush_error,0,0,0
server,resp_local_length_error,0,0,0
server,resp_remote_access_errors,0,0,0
server,rnr_nak_retry_err,0,0,0
server,roce_adp_retrans,0,0,0
server,roce_adp_retrans_to,0,0,0
server,roce_slow_restart,0,0,0
server,roce_slow_restart_cnps,0,0,0
server,roce_slow_restart_trans,0,0,0
server,rp_cnp_handled,0,0,0
server,rp_cnp_ignored,0,0,0
server,rx_atomic_requests,0,0,0
server,rx_dct_connect,0,0,0
server,rx_icrc_encapsulated,0,0,0
server,rx_read_requests,274,274,0
server,rx_write_requests,1606999564,1606999564,0
# RNR_RETRY_EXC,trial=22,status=13,vendor_err=0x87,latency_us=252
client,local_ack_timeout_err,0,0,0
client,out_of_sequence,0,0,0
client,packet_seq_err,0,0,0
client,implied_nak_seq_err,0,0,0
client,rnr_nak_retry_err,122,123,1
client,req_cqe_error,1564,1565,1
client,resp_cqe_error,0,0,0
client,req_cqe_flush_error,0,0,0
client,resp_cqe_flush_error,0,0,0
client,req_remote_invalid_request,200,200,0
client,req_remote_access_errors,390,390,0
client,resp_remote_access_errors,0,0,0
client,resp_local_length_error,0,0,0
client,duplicate_request,0,0,0
client,out_of_buffer,0,0,0
client,rx_icrc_encapsulated,0,0,0
client,req_transport_retries_exceeded,0,0,0
client,req_rnr_retries_exceeded,122,123,1
client,roce_adp_retrans,114,114,0
client,roce_adp_retrans_to,0,0,0
client,roce_slow_restart,0,0,0
client,port_rcv_errors,0,0,0
client,local_link_integrity_errors,0,0,0
client,link_error_recovery,0,0,0
client,link_downed,0,0,0
server,duplicate_request,0,0,0
server,implied_nak_seq_err,0,0,0
server,lifespan,10,10,0
server,local_ack_timeout_err,0,0,0
server,np_cnp_sent,1,1,0
server,np_ecn_marked_roce_packets,0,0,0
server,out_of_buffer,905,906,1
server,out_of_sequence,1,1,0
server,packet_seq_err,0,0,0
server,req_cqe_error,50,50,0
server,req_cqe_flush_error,0,0,0
server,req_remote_access_errors,10,10,0
server,req_remote_invalid_request,10,10,0
server,req_rnr_retries_exceeded,0,0,0
server,req_transport_retries_exceeded,0,0,0
server,resp_cqe_error,0,0,0
server,resp_cqe_flush_error,0,0,0
server,resp_local_length_error,0,0,0
server,resp_remote_access_errors,0,0,0
server,rnr_nak_retry_err,0,0,0
server,roce_adp_retrans,0,0,0
server,roce_adp_retrans_to,0,0,0
server,roce_slow_restart,0,0,0
server,roce_slow_restart_cnps,0,0,0
server,roce_slow_restart_trans,0,0,0
server,rp_cnp_handled,0,0,0
server,rp_cnp_ignored,0,0,0
server,rx_atomic_requests,0,0,0
server,rx_dct_connect,0,0,0
server,rx_icrc_encapsulated,0,0,0
server,rx_read_requests,274,274,0
server,rx_write_requests,1606999564,1606999564,0
# RNR_RETRY_EXC,trial=23,status=13,vendor_err=0x87,latency_us=250
client,local_ack_timeout_err,0,0,0
client,out_of_sequence,0,0,0
client,packet_seq_err,0,0,0
client,implied_nak_seq_err,0,0,0
client,rnr_nak_retry_err,123,124,1
client,req_cqe_error,1565,1566,1
client,resp_cqe_error,0,0,0
client,req_cqe_flush_error,0,0,0
client,resp_cqe_flush_error,0,0,0
client,req_remote_invalid_request,200,200,0
client,req_remote_access_errors,390,390,0
client,resp_remote_access_errors,0,0,0
client,resp_local_length_error,0,0,0
client,duplicate_request,0,0,0
client,out_of_buffer,0,0,0
client,rx_icrc_encapsulated,0,0,0
client,req_transport_retries_exceeded,0,0,0
client,req_rnr_retries_exceeded,123,124,1
client,roce_adp_retrans,114,114,0
client,roce_adp_retrans_to,0,0,0
client,roce_slow_restart,0,0,0
client,port_rcv_errors,0,0,0
client,local_link_integrity_errors,0,0,0
client,link_error_recovery,0,0,0
client,link_downed,0,0,0
server,duplicate_request,0,0,0
server,implied_nak_seq_err,0,0,0
server,lifespan,10,10,0
server,local_ack_timeout_err,0,0,0
server,np_cnp_sent,1,1,0
server,np_ecn_marked_roce_packets,0,0,0
server,out_of_buffer,906,907,1
server,out_of_sequence,1,1,0
server,packet_seq_err,0,0,0
server,req_cqe_error,50,50,0
server,req_cqe_flush_error,0,0,0
server,req_remote_access_errors,10,10,0
server,req_remote_invalid_request,10,10,0
server,req_rnr_retries_exceeded,0,0,0
server,req_transport_retries_exceeded,0,0,0
server,resp_cqe_error,0,0,0
server,resp_cqe_flush_error,0,0,0
server,resp_local_length_error,0,0,0
server,resp_remote_access_errors,0,0,0
server,rnr_nak_retry_err,0,0,0
server,roce_adp_retrans,0,0,0
server,roce_adp_retrans_to,0,0,0
server,roce_slow_restart,0,0,0
server,roce_slow_restart_cnps,0,0,0
server,roce_slow_restart_trans,0,0,0
server,rp_cnp_handled,0,0,0
server,rp_cnp_ignored,0,0,0
server,rx_atomic_requests,0,0,0
server,rx_dct_connect,0,0,0
server,rx_icrc_encapsulated,0,0,0
server,rx_read_requests,274,274,0
server,rx_write_requests,1606999564,1606999564,0
# RNR_RETRY_EXC,trial=24,status=13,vendor_err=0x87,latency_us=285
client,local_ack_timeout_err,0,0,0
client,out_of_sequence,0,0,0
client,packet_seq_err,0,0,0
client,implied_nak_seq_err,0,0,0
client,rnr_nak_retry_err,124,125,1
client,req_cqe_error,1566,1567,1
client,resp_cqe_error,0,0,0
client,req_cqe_flush_error,0,0,0
client,resp_cqe_flush_error,0,0,0
client,req_remote_invalid_request,200,200,0
client,req_remote_access_errors,390,390,0
client,resp_remote_access_errors,0,0,0
client,resp_local_length_error,0,0,0
client,duplicate_request,0,0,0
client,out_of_buffer,0,0,0
client,rx_icrc_encapsulated,0,0,0
client,req_transport_retries_exceeded,0,0,0
client,req_rnr_retries_exceeded,124,125,1
client,roce_adp_retrans,114,114,0
client,roce_adp_retrans_to,0,0,0
client,roce_slow_restart,0,0,0
client,port_rcv_errors,0,0,0
client,local_link_integrity_errors,0,0,0
client,link_error_recovery,0,0,0
client,link_downed,0,0,0
server,duplicate_request,0,0,0
server,implied_nak_seq_err,0,0,0
server,lifespan,10,10,0
server,local_ack_timeout_err,0,0,0
server,np_cnp_sent,1,1,0
server,np_ecn_marked_roce_packets,0,0,0
server,out_of_buffer,907,908,1
server,out_of_sequence,1,1,0
server,packet_seq_err,0,0,0
server,req_cqe_error,50,50,0
server,req_cqe_flush_error,0,0,0
server,req_remote_access_errors,10,10,0
server,req_remote_invalid_request,10,10,0
server,req_rnr_retries_exceeded,0,0,0
server,req_transport_retries_exceeded,0,0,0
server,resp_cqe_error,0,0,0
server,resp_cqe_flush_error,0,0,0
server,resp_local_length_error,0,0,0
server,resp_remote_access_errors,0,0,0
server,rnr_nak_retry_err,0,0,0
server,roce_adp_retrans,0,0,0
server,roce_adp_retrans_to,0,0,0
server,roce_slow_restart,0,0,0
server,roce_slow_restart_cnps,0,0,0
server,roce_slow_restart_trans,0,0,0
server,rp_cnp_handled,0,0,0
server,rp_cnp_ignored,0,0,0
server,rx_atomic_requests,0,0,0
server,rx_dct_connect,0,0,0
server,rx_icrc_encapsulated,0,0,0
server,rx_read_requests,274,274,0
server,rx_write_requests,1606999564,1606999564,0
# RNR_RETRY_EXC,trial=25,status=13,vendor_err=0x87,latency_us=253
client,local_ack_timeout_err,0,0,0
client,out_of_sequence,0,0,0
client,packet_seq_err,0,0,0
client,implied_nak_seq_err,0,0,0
client,rnr_nak_retry_err,125,126,1
client,req_cqe_error,1567,1568,1
client,resp_cqe_error,0,0,0
client,req_cqe_flush_error,0,0,0
client,resp_cqe_flush_error,0,0,0
client,req_remote_invalid_request,200,200,0
client,req_remote_access_errors,390,390,0
client,resp_remote_access_errors,0,0,0
client,resp_local_length_error,0,0,0
client,duplicate_request,0,0,0
client,out_of_buffer,0,0,0
client,rx_icrc_encapsulated,0,0,0
client,req_transport_retries_exceeded,0,0,0
client,req_rnr_retries_exceeded,125,126,1
client,roce_adp_retrans,114,114,0
client,roce_adp_retrans_to,0,0,0
client,roce_slow_restart,0,0,0
client,port_rcv_errors,0,0,0
client,local_link_integrity_errors,0,0,0
client,link_error_recovery,0,0,0
client,link_downed,0,0,0
server,duplicate_request,0,0,0
server,implied_nak_seq_err,0,0,0
server,lifespan,10,10,0
server,local_ack_timeout_err,0,0,0
server,np_cnp_sent,1,1,0
server,np_ecn_marked_roce_packets,0,0,0
server,out_of_buffer,908,909,1
server,out_of_sequence,1,1,0
server,packet_seq_err,0,0,0
server,req_cqe_error,50,50,0
server,req_cqe_flush_error,0,0,0
server,req_remote_access_errors,10,10,0
server,req_remote_invalid_request,10,10,0
server,req_rnr_retries_exceeded,0,0,0
server,req_transport_retries_exceeded,0,0,0
server,resp_cqe_error,0,0,0
server,resp_cqe_flush_error,0,0,0
server,resp_local_length_error,0,0,0
server,resp_remote_access_errors,0,0,0
server,rnr_nak_retry_err,0,0,0
server,roce_adp_retrans,0,0,0
server,roce_adp_retrans_to,0,0,0
server,roce_slow_restart,0,0,0
server,roce_slow_restart_cnps,0,0,0
server,roce_slow_restart_trans,0,0,0
server,rp_cnp_handled,0,0,0
server,rp_cnp_ignored,0,0,0
server,rx_atomic_requests,0,0,0
server,rx_dct_connect,0,0,0
server,rx_icrc_encapsulated,0,0,0
server,rx_read_requests,274,274,0
server,rx_write_requests,1606999564,1606999564,0
# RNR_RETRY_EXC,trial=26,status=13,vendor_err=0x87,latency_us=256
client,local_ack_timeout_err,0,0,0
client,out_of_sequence,0,0,0
client,packet_seq_err,0,0,0
client,implied_nak_seq_err,0,0,0
client,rnr_nak_retry_err,126,127,1
client,req_cqe_error,1568,1569,1
client,resp_cqe_error,0,0,0
client,req_cqe_flush_error,0,0,0
client,resp_cqe_flush_error,0,0,0
client,req_remote_invalid_request,200,200,0
client,req_remote_access_errors,390,390,0
client,resp_remote_access_errors,0,0,0
client,resp_local_length_error,0,0,0
client,duplicate_request,0,0,0
client,out_of_buffer,0,0,0
client,rx_icrc_encapsulated,0,0,0
client,req_transport_retries_exceeded,0,0,0
client,req_rnr_retries_exceeded,126,127,1
client,roce_adp_retrans,114,114,0
client,roce_adp_retrans_to,0,0,0
client,roce_slow_restart,0,0,0
client,port_rcv_errors,0,0,0
client,local_link_integrity_errors,0,0,0
client,link_error_recovery,0,0,0
client,link_downed,0,0,0
server,duplicate_request,0,0,0
server,implied_nak_seq_err,0,0,0
server,lifespan,10,10,0
server,local_ack_timeout_err,0,0,0
server,np_cnp_sent,1,1,0
server,np_ecn_marked_roce_packets,0,0,0
server,out_of_buffer,909,910,1
server,out_of_sequence,1,1,0
server,packet_seq_err,0,0,0
server,req_cqe_error,50,50,0
server,req_cqe_flush_error,0,0,0
server,req_remote_access_errors,10,10,0
server,req_remote_invalid_request,10,10,0
server,req_rnr_retries_exceeded,0,0,0
server,req_transport_retries_exceeded,0,0,0
server,resp_cqe_error,0,0,0
server,resp_cqe_flush_error,0,0,0
server,resp_local_length_error,0,0,0
server,resp_remote_access_errors,0,0,0
server,rnr_nak_retry_err,0,0,0
server,roce_adp_retrans,0,0,0
server,roce_adp_retrans_to,0,0,0
server,roce_slow_restart,0,0,0
server,roce_slow_restart_cnps,0,0,0
server,roce_slow_restart_trans,0,0,0
server,rp_cnp_handled,0,0,0
server,rp_cnp_ignored,0,0,0
server,rx_atomic_requests,0,0,0
server,rx_dct_connect,0,0,0
server,rx_icrc_encapsulated,0,0,0
server,rx_read_requests,274,274,0
server,rx_write_requests,1606999564,1606999564,0
# RNR_RETRY_EXC,trial=27,status=13,vendor_err=0x87,latency_us=286
client,local_ack_timeout_err,0,0,0
client,out_of_sequence,0,0,0
client,packet_seq_err,0,0,0
client,implied_nak_seq_err,0,0,0
client,rnr_nak_retry_err,127,128,1
client,req_cqe_error,1569,1570,1
client,resp_cqe_error,0,0,0
client,req_cqe_flush_error,0,0,0
client,resp_cqe_flush_error,0,0,0
client,req_remote_invalid_request,200,200,0
client,req_remote_access_errors,390,390,0
client,resp_remote_access_errors,0,0,0
client,resp_local_length_error,0,0,0
client,duplicate_request,0,0,0
client,out_of_buffer,0,0,0
client,rx_icrc_encapsulated,0,0,0
client,req_transport_retries_exceeded,0,0,0
client,req_rnr_retries_exceeded,127,128,1
client,roce_adp_retrans,114,114,0
client,roce_adp_retrans_to,0,0,0
client,roce_slow_restart,0,0,0
client,port_rcv_errors,0,0,0
client,local_link_integrity_errors,0,0,0
client,link_error_recovery,0,0,0
client,link_downed,0,0,0
server,duplicate_request,0,0,0
server,implied_nak_seq_err,0,0,0
server,lifespan,10,10,0
server,local_ack_timeout_err,0,0,0
server,np_cnp_sent,1,1,0
server,np_ecn_marked_roce_packets,0,0,0
server,out_of_buffer,910,911,1
server,out_of_sequence,1,1,0
server,packet_seq_err,0,0,0
server,req_cqe_error,50,50,0
server,req_cqe_flush_error,0,0,0
server,req_remote_access_errors,10,10,0
server,req_remote_invalid_request,10,10,0
server,req_rnr_retries_exceeded,0,0,0
server,req_transport_retries_exceeded,0,0,0
server,resp_cqe_error,0,0,0
server,resp_cqe_flush_error,0,0,0
server,resp_local_length_error,0,0,0
server,resp_remote_access_errors,0,0,0
server,rnr_nak_retry_err,0,0,0
server,roce_adp_retrans,0,0,0
server,roce_adp_retrans_to,0,0,0
server,roce_slow_restart,0,0,0
server,roce_slow_restart_cnps,0,0,0
server,roce_slow_restart_trans,0,0,0
server,rp_cnp_handled,0,0,0
server,rp_cnp_ignored,0,0,0
server,rx_atomic_requests,0,0,0
server,rx_dct_connect,0,0,0
server,rx_icrc_encapsulated,0,0,0
server,rx_read_requests,274,274,0
server,rx_write_requests,1606999564,1606999564,0
# RNR_RETRY_EXC,trial=28,status=13,vendor_err=0x87,latency_us=251
client,local_ack_timeout_err,0,0,0
client,out_of_sequence,0,0,0
client,packet_seq_err,0,0,0
client,implied_nak_seq_err,0,0,0
client,rnr_nak_retry_err,128,129,1
client,req_cqe_error,1570,1571,1
client,resp_cqe_error,0,0,0
client,req_cqe_flush_error,0,0,0
client,resp_cqe_flush_error,0,0,0
client,req_remote_invalid_request,200,200,0
client,req_remote_access_errors,390,390,0
client,resp_remote_access_errors,0,0,0
client,resp_local_length_error,0,0,0
client,duplicate_request,0,0,0
client,out_of_buffer,0,0,0
client,rx_icrc_encapsulated,0,0,0
client,req_transport_retries_exceeded,0,0,0
client,req_rnr_retries_exceeded,128,129,1
client,roce_adp_retrans,114,114,0
client,roce_adp_retrans_to,0,0,0
client,roce_slow_restart,0,0,0
client,port_rcv_errors,0,0,0
client,local_link_integrity_errors,0,0,0
client,link_error_recovery,0,0,0
client,link_downed,0,0,0
server,duplicate_request,0,0,0
server,implied_nak_seq_err,0,0,0
server,lifespan,10,10,0
server,local_ack_timeout_err,0,0,0
server,np_cnp_sent,1,1,0
server,np_ecn_marked_roce_packets,0,0,0
server,out_of_buffer,911,912,1
server,out_of_sequence,1,1,0
server,packet_seq_err,0,0,0
server,req_cqe_error,50,50,0
server,req_cqe_flush_error,0,0,0
server,req_remote_access_errors,10,10,0
server,req_remote_invalid_request,10,10,0
server,req_rnr_retries_exceeded,0,0,0
server,req_transport_retries_exceeded,0,0,0
server,resp_cqe_error,0,0,0
server,resp_cqe_flush_error,0,0,0
server,resp_local_length_error,0,0,0
server,resp_remote_access_errors,0,0,0
server,rnr_nak_retry_err,0,0,0
server,roce_adp_retrans,0,0,0
server,roce_adp_retrans_to,0,0,0
server,roce_slow_restart,0,0,0
server,roce_slow_restart_cnps,0,0,0
server,roce_slow_restart_trans,0,0,0
server,rp_cnp_handled,0,0,0
server,rp_cnp_ignored,0,0,0
server,rx_atomic_requests,0,0,0
server,rx_dct_connect,0,0,0
server,rx_icrc_encapsulated,0,0,0
server,rx_read_requests,274,274,0
server,rx_write_requests,1606999564,1606999564,0
# RNR_RETRY_EXC,trial=29,status=13,vendor_err=0x87,latency_us=249
client,local_ack_timeout_err,0,0,0
client,out_of_sequence,0,0,0
client,packet_seq_err,0,0,0
client,implied_nak_seq_err,0,0,0
client,rnr_nak_retry_err,129,130,1
client,req_cqe_error,1571,1572,1
client,resp_cqe_error,0,0,0
client,req_cqe_flush_error,0,0,0
client,resp_cqe_flush_error,0,0,0
client,req_remote_invalid_request,200,200,0
client,req_remote_access_errors,390,390,0
client,resp_remote_access_errors,0,0,0
client,resp_local_length_error,0,0,0
client,duplicate_request,0,0,0
client,out_of_buffer,0,0,0
client,rx_icrc_encapsulated,0,0,0
client,req_transport_retries_exceeded,0,0,0
client,req_rnr_retries_exceeded,129,130,1
client,roce_adp_retrans,114,114,0
client,roce_adp_retrans_to,0,0,0
client,roce_slow_restart,0,0,0
client,port_rcv_errors,0,0,0
client,local_link_integrity_errors,0,0,0
client,link_error_recovery,0,0,0
client,link_downed,0,0,0
server,duplicate_request,0,0,0
server,implied_nak_seq_err,0,0,0
server,lifespan,10,10,0
server,local_ack_timeout_err,0,0,0
server,np_cnp_sent,1,1,0
server,np_ecn_marked_roce_packets,0,0,0
server,out_of_buffer,912,913,1
server,out_of_sequence,1,1,0
server,packet_seq_err,0,0,0
server,req_cqe_error,50,50,0
server,req_cqe_flush_error,0,0,0
server,req_remote_access_errors,10,10,0
server,req_remote_invalid_request,10,10,0
server,req_rnr_retries_exceeded,0,0,0
server,req_transport_retries_exceeded,0,0,0
server,resp_cqe_error,0,0,0
server,resp_cqe_flush_error,0,0,0
server,resp_local_length_error,0,0,0
server,resp_remote_access_errors,0,0,0
server,rnr_nak_retry_err,0,0,0
server,roce_adp_retrans,0,0,0
server,roce_adp_retrans_to,0,0,0
server,roce_slow_restart,0,0,0
server,roce_slow_restart_cnps,0,0,0
server,roce_slow_restart_trans,0,0,0
server,rp_cnp_handled,0,0,0
server,rp_cnp_ignored,0,0,0
server,rx_atomic_requests,0,0,0
server,rx_dct_connect,0,0,0
server,rx_icrc_encapsulated,0,0,0
server,rx_read_requests,274,274,0
server,rx_write_requests,1606999564,1606999564,0
# RNR_RETRY_EXC,trial=30,status=13,vendor_err=0x87,latency_us=286
client,local_ack_timeout_err,0,0,0
client,out_of_sequence,0,0,0
client,packet_seq_err,0,0,0
client,implied_nak_seq_err,0,0,0
client,rnr_nak_retry_err,130,131,1
client,req_cqe_error,1572,1573,1
client,resp_cqe_error,0,0,0
client,req_cqe_flush_error,0,0,0
client,resp_cqe_flush_error,0,0,0
client,req_remote_invalid_request,200,200,0
client,req_remote_access_errors,390,390,0
client,resp_remote_access_errors,0,0,0
client,resp_local_length_error,0,0,0
client,duplicate_request,0,0,0
client,out_of_buffer,0,0,0
client,rx_icrc_encapsulated,0,0,0
client,req_transport_retries_exceeded,0,0,0
client,req_rnr_retries_exceeded,130,131,1
client,roce_adp_retrans,114,114,0
client,roce_adp_retrans_to,0,0,0
client,roce_slow_restart,0,0,0
client,port_rcv_errors,0,0,0
client,local_link_integrity_errors,0,0,0
client,link_error_recovery,0,0,0
client,link_downed,0,0,0
server,duplicate_request,0,0,0
server,implied_nak_seq_err,0,0,0
server,lifespan,10,10,0
server,local_ack_timeout_err,0,0,0
server,np_cnp_sent,1,1,0
server,np_ecn_marked_roce_packets,0,0,0
server,out_of_buffer,913,914,1
server,out_of_sequence,1,1,0
server,packet_seq_err,0,0,0
server,req_cqe_error,50,50,0
server,req_cqe_flush_error,0,0,0
server,req_remote_access_errors,10,10,0
server,req_remote_invalid_request,10,10,0
server,req_rnr_retries_exceeded,0,0,0
server,req_transport_retries_exceeded,0,0,0
server,resp_cqe_error,0,0,0
server,resp_cqe_flush_error,0,0,0
server,resp_local_length_error,0,0,0
server,resp_remote_access_errors,0,0,0
server,rnr_nak_retry_err,0,0,0
server,roce_adp_retrans,0,0,0
server,roce_adp_retrans_to,0,0,0
server,roce_slow_restart,0,0,0
server,roce_slow_restart_cnps,0,0,0
server,roce_slow_restart_trans,0,0,0
server,rp_cnp_handled,0,0,0
server,rp_cnp_ignored,0,0,0
server,rx_atomic_requests,0,0,0
server,rx_dct_connect,0,0,0
server,rx_icrc_encapsulated,0,0,0
server,rx_read_requests,274,274,0
server,rx_write_requests,1606999564,1606999564,0
# RNR_RETRY_EXC,trial=31,status=13,vendor_err=0x87,latency_us=250
client,local_ack_timeout_err,0,0,0
client,out_of_sequence,0,0,0
client,packet_seq_err,0,0,0
client,implied_nak_seq_err,0,0,0
client,rnr_nak_retry_err,131,132,1
client,req_cqe_error,1573,1574,1
client,resp_cqe_error,0,0,0
client,req_cqe_flush_error,0,0,0
client,resp_cqe_flush_error,0,0,0
client,req_remote_invalid_request,200,200,0
client,req_remote_access_errors,390,390,0
client,resp_remote_access_errors,0,0,0
client,resp_local_length_error,0,0,0
client,duplicate_request,0,0,0
client,out_of_buffer,0,0,0
client,rx_icrc_encapsulated,0,0,0
client,req_transport_retries_exceeded,0,0,0
client,req_rnr_retries_exceeded,131,132,1
client,roce_adp_retrans,114,114,0
client,roce_adp_retrans_to,0,0,0
client,roce_slow_restart,0,0,0
client,port_rcv_errors,0,0,0
client,local_link_integrity_errors,0,0,0
client,link_error_recovery,0,0,0
client,link_downed,0,0,0
server,duplicate_request,0,0,0
server,implied_nak_seq_err,0,0,0
server,lifespan,10,10,0
server,local_ack_timeout_err,0,0,0
server,np_cnp_sent,1,1,0
server,np_ecn_marked_roce_packets,0,0,0
server,out_of_buffer,914,915,1
server,out_of_sequence,1,1,0
server,packet_seq_err,0,0,0
server,req_cqe_error,50,50,0
server,req_cqe_flush_error,0,0,0
server,req_remote_access_errors,10,10,0
server,req_remote_invalid_request,10,10,0
server,req_rnr_retries_exceeded,0,0,0
server,req_transport_retries_exceeded,0,0,0
server,resp_cqe_error,0,0,0
server,resp_cqe_flush_error,0,0,0
server,resp_local_length_error,0,0,0
server,resp_remote_access_errors,0,0,0
server,rnr_nak_retry_err,0,0,0
server,roce_adp_retrans,0,0,0
server,roce_adp_retrans_to,0,0,0
server,roce_slow_restart,0,0,0
server,roce_slow_restart_cnps,0,0,0
server,roce_slow_restart_trans,0,0,0
server,rp_cnp_handled,0,0,0
server,rp_cnp_ignored,0,0,0
server,rx_atomic_requests,0,0,0
server,rx_dct_connect,0,0,0
server,rx_icrc_encapsulated,0,0,0
server,rx_read_requests,274,274,0
server,rx_write_requests,1606999564,1606999564,0
# RNR_RETRY_EXC,trial=32,status=13,vendor_err=0x87,latency_us=249
client,local_ack_timeout_err,0,0,0
client,out_of_sequence,0,0,0
client,packet_seq_err,0,0,0
client,implied_nak_seq_err,0,0,0
client,rnr_nak_retry_err,132,133,1
client,req_cqe_error,1574,1575,1
client,resp_cqe_error,0,0,0
client,req_cqe_flush_error,0,0,0
client,resp_cqe_flush_error,0,0,0
client,req_remote_invalid_request,200,200,0
client,req_remote_access_errors,390,390,0
client,resp_remote_access_errors,0,0,0
client,resp_local_length_error,0,0,0
client,duplicate_request,0,0,0
client,out_of_buffer,0,0,0
client,rx_icrc_encapsulated,0,0,0
client,req_transport_retries_exceeded,0,0,0
client,req_rnr_retries_exceeded,132,133,1
client,roce_adp_retrans,114,114,0
client,roce_adp_retrans_to,0,0,0
client,roce_slow_restart,0,0,0
client,port_rcv_errors,0,0,0
client,local_link_integrity_errors,0,0,0
client,link_error_recovery,0,0,0
client,link_downed,0,0,0
server,duplicate_request,0,0,0
server,implied_nak_seq_err,0,0,0
server,lifespan,10,10,0
server,local_ack_timeout_err,0,0,0
server,np_cnp_sent,1,1,0
server,np_ecn_marked_roce_packets,0,0,0
server,out_of_buffer,915,916,1
server,out_of_sequence,1,1,0
server,packet_seq_err,0,0,0
server,req_cqe_error,50,50,0
server,req_cqe_flush_error,0,0,0
server,req_remote_access_errors,10,10,0
server,req_remote_invalid_request,10,10,0
server,req_rnr_retries_exceeded,0,0,0
server,req_transport_retries_exceeded,0,0,0
server,resp_cqe_error,0,0,0
server,resp_cqe_flush_error,0,0,0
server,resp_local_length_error,0,0,0
server,resp_remote_access_errors,0,0,0
server,rnr_nak_retry_err,0,0,0
server,roce_adp_retrans,0,0,0
server,roce_adp_retrans_to,0,0,0
server,roce_slow_restart,0,0,0
server,roce_slow_restart_cnps,0,0,0
server,roce_slow_restart_trans,0,0,0
server,rp_cnp_handled,0,0,0
server,rp_cnp_ignored,0,0,0
server,rx_atomic_requests,0,0,0
server,rx_dct_connect,0,0,0
server,rx_icrc_encapsulated,0,0,0
server,rx_read_requests,274,274,0
server,rx_write_requests,1606999564,1606999564,0
# RNR_RETRY_EXC,trial=33,status=13,vendor_err=0x87,latency_us=254
client,local_ack_timeout_err,0,0,0
client,out_of_sequence,0,0,0
client,packet_seq_err,0,0,0
client,implied_nak_seq_err,0,0,0
client,rnr_nak_retry_err,133,134,1
client,req_cqe_error,1575,1576,1
client,resp_cqe_error,0,0,0
client,req_cqe_flush_error,0,0,0
client,resp_cqe_flush_error,0,0,0
client,req_remote_invalid_request,200,200,0
client,req_remote_access_errors,390,390,0
client,resp_remote_access_errors,0,0,0
client,resp_local_length_error,0,0,0
client,duplicate_request,0,0,0
client,out_of_buffer,0,0,0
client,rx_icrc_encapsulated,0,0,0
client,req_transport_retries_exceeded,0,0,0
client,req_rnr_retries_exceeded,133,134,1
client,roce_adp_retrans,114,114,0
client,roce_adp_retrans_to,0,0,0
client,roce_slow_restart,0,0,0
client,port_rcv_errors,0,0,0
client,local_link_integrity_errors,0,0,0
client,link_error_recovery,0,0,0
client,link_downed,0,0,0
server,duplicate_request,0,0,0
server,implied_nak_seq_err,0,0,0
server,lifespan,10,10,0
server,local_ack_timeout_err,0,0,0
server,np_cnp_sent,1,1,0
server,np_ecn_marked_roce_packets,0,0,0
server,out_of_buffer,916,917,1
server,out_of_sequence,1,1,0
server,packet_seq_err,0,0,0
server,req_cqe_error,50,50,0
server,req_cqe_flush_error,0,0,0
server,req_remote_access_errors,10,10,0
server,req_remote_invalid_request,10,10,0
server,req_rnr_retries_exceeded,0,0,0
server,req_transport_retries_exceeded,0,0,0
server,resp_cqe_error,0,0,0
server,resp_cqe_flush_error,0,0,0
server,resp_local_length_error,0,0,0
server,resp_remote_access_errors,0,0,0
server,rnr_nak_retry_err,0,0,0
server,roce_adp_retrans,0,0,0
server,roce_adp_retrans_to,0,0,0
server,roce_slow_restart,0,0,0
server,roce_slow_restart_cnps,0,0,0
server,roce_slow_restart_trans,0,0,0
server,rp_cnp_handled,0,0,0
server,rp_cnp_ignored,0,0,0
server,rx_atomic_requests,0,0,0
server,rx_dct_connect,0,0,0
server,rx_icrc_encapsulated,0,0,0
server,rx_read_requests,274,274,0
server,rx_write_requests,1606999564,1606999564,0
# RNR_RETRY_EXC,trial=34,status=13,vendor_err=0x87,latency_us=286
client,local_ack_timeout_err,0,0,0
client,out_of_sequence,0,0,0
client,packet_seq_err,0,0,0
client,implied_nak_seq_err,0,0,0
client,rnr_nak_retry_err,134,135,1
client,req_cqe_error,1576,1577,1
client,resp_cqe_error,0,0,0
client,req_cqe_flush_error,0,0,0
client,resp_cqe_flush_error,0,0,0
client,req_remote_invalid_request,200,200,0
client,req_remote_access_errors,390,390,0
client,resp_remote_access_errors,0,0,0
client,resp_local_length_error,0,0,0
client,duplicate_request,0,0,0
client,out_of_buffer,0,0,0
client,rx_icrc_encapsulated,0,0,0
client,req_transport_retries_exceeded,0,0,0
client,req_rnr_retries_exceeded,134,135,1
client,roce_adp_retrans,114,114,0
client,roce_adp_retrans_to,0,0,0
client,roce_slow_restart,0,0,0
client,port_rcv_errors,0,0,0
client,local_link_integrity_errors,0,0,0
client,link_error_recovery,0,0,0
client,link_downed,0,0,0
server,duplicate_request,0,0,0
server,implied_nak_seq_err,0,0,0
server,lifespan,10,10,0
server,local_ack_timeout_err,0,0,0
server,np_cnp_sent,1,1,0
server,np_ecn_marked_roce_packets,0,0,0
server,out_of_buffer,917,918,1
server,out_of_sequence,1,1,0
server,packet_seq_err,0,0,0
server,req_cqe_error,50,50,0
server,req_cqe_flush_error,0,0,0
server,req_remote_access_errors,10,10,0
server,req_remote_invalid_request,10,10,0
server,req_rnr_retries_exceeded,0,0,0
server,req_transport_retries_exceeded,0,0,0
server,resp_cqe_error,0,0,0
server,resp_cqe_flush_error,0,0,0
server,resp_local_length_error,0,0,0
server,resp_remote_access_errors,0,0,0
server,rnr_nak_retry_err,0,0,0
server,roce_adp_retrans,0,0,0
server,roce_adp_retrans_to,0,0,0
server,roce_slow_restart,0,0,0
server,roce_slow_restart_cnps,0,0,0
server,roce_slow_restart_trans,0,0,0
server,rp_cnp_handled,0,0,0
server,rp_cnp_ignored,0,0,0
server,rx_atomic_requests,0,0,0
server,rx_dct_connect,0,0,0
server,rx_icrc_encapsulated,0,0,0
server,rx_read_requests,274,274,0
server,rx_write_requests,1606999564,1606999564,0
# RNR_RETRY_EXC,trial=35,status=13,vendor_err=0x87,latency_us=285
client,local_ack_timeout_err,0,0,0
client,out_of_sequence,0,0,0
client,packet_seq_err,0,0,0
client,implied_nak_seq_err,0,0,0
client,rnr_nak_retry_err,135,136,1
client,req_cqe_error,1577,1578,1
client,resp_cqe_error,0,0,0
client,req_cqe_flush_error,0,0,0
client,resp_cqe_flush_error,0,0,0
client,req_remote_invalid_request,200,200,0
client,req_remote_access_errors,390,390,0
client,resp_remote_access_errors,0,0,0
client,resp_local_length_error,0,0,0
client,duplicate_request,0,0,0
client,out_of_buffer,0,0,0
client,rx_icrc_encapsulated,0,0,0
client,req_transport_retries_exceeded,0,0,0
client,req_rnr_retries_exceeded,135,136,1
client,roce_adp_retrans,114,114,0
client,roce_adp_retrans_to,0,0,0
client,roce_slow_restart,0,0,0
client,port_rcv_errors,0,0,0
client,local_link_integrity_errors,0,0,0
client,link_error_recovery,0,0,0
client,link_downed,0,0,0
server,duplicate_request,0,0,0
server,implied_nak_seq_err,0,0,0
server,lifespan,10,10,0
server,local_ack_timeout_err,0,0,0
server,np_cnp_sent,1,1,0
server,np_ecn_marked_roce_packets,0,0,0
server,out_of_buffer,918,919,1
server,out_of_sequence,1,1,0
server,packet_seq_err,0,0,0
server,req_cqe_error,50,50,0
server,req_cqe_flush_error,0,0,0
server,req_remote_access_errors,10,10,0
server,req_remote_invalid_request,10,10,0
server,req_rnr_retries_exceeded,0,0,0
server,req_transport_retries_exceeded,0,0,0
server,resp_cqe_error,0,0,0
server,resp_cqe_flush_error,0,0,0
server,resp_local_length_error,0,0,0
server,resp_remote_access_errors,0,0,0
server,rnr_nak_retry_err,0,0,0
server,roce_adp_retrans,0,0,0
server,roce_adp_retrans_to,0,0,0
server,roce_slow_restart,0,0,0
server,roce_slow_restart_cnps,0,0,0
server,roce_slow_restart_trans,0,0,0
server,rp_cnp_handled,0,0,0
server,rp_cnp_ignored,0,0,0
server,rx_atomic_requests,0,0,0
server,rx_dct_connect,0,0,0
server,rx_icrc_encapsulated,0,0,0
server,rx_read_requests,274,274,0
server,rx_write_requests,1606999564,1606999564,0
# RNR_RETRY_EXC,trial=36,status=13,vendor_err=0x87,latency_us=252
client,local_ack_timeout_err,0,0,0
client,out_of_sequence,0,0,0
client,packet_seq_err,0,0,0
client,implied_nak_seq_err,0,0,0
client,rnr_nak_retry_err,136,137,1
client,req_cqe_error,1578,1579,1
client,resp_cqe_error,0,0,0
client,req_cqe_flush_error,0,0,0
client,resp_cqe_flush_error,0,0,0
client,req_remote_invalid_request,200,200,0
client,req_remote_access_errors,390,390,0
client,resp_remote_access_errors,0,0,0
client,resp_local_length_error,0,0,0
client,duplicate_request,0,0,0
client,out_of_buffer,0,0,0
client,rx_icrc_encapsulated,0,0,0
client,req_transport_retries_exceeded,0,0,0
client,req_rnr_retries_exceeded,136,137,1
client,roce_adp_retrans,114,114,0
client,roce_adp_retrans_to,0,0,0
client,roce_slow_restart,0,0,0
client,port_rcv_errors,0,0,0
client,local_link_integrity_errors,0,0,0
client,link_error_recovery,0,0,0
client,link_downed,0,0,0
server,duplicate_request,0,0,0
server,implied_nak_seq_err,0,0,0
server,lifespan,10,10,0
server,local_ack_timeout_err,0,0,0
server,np_cnp_sent,1,1,0
server,np_ecn_marked_roce_packets,0,0,0
server,out_of_buffer,919,920,1
server,out_of_sequence,1,1,0
server,packet_seq_err,0,0,0
server,req_cqe_error,50,50,0
server,req_cqe_flush_error,0,0,0
server,req_remote_access_errors,10,10,0
server,req_remote_invalid_request,10,10,0
server,req_rnr_retries_exceeded,0,0,0
server,req_transport_retries_exceeded,0,0,0
server,resp_cqe_error,0,0,0
server,resp_cqe_flush_error,0,0,0
server,resp_local_length_error,0,0,0
server,resp_remote_access_errors,0,0,0
server,rnr_nak_retry_err,0,0,0
server,roce_adp_retrans,0,0,0
server,roce_adp_retrans_to,0,0,0
server,roce_slow_restart,0,0,0
server,roce_slow_restart_cnps,0,0,0
server,roce_slow_restart_trans,0,0,0
server,rp_cnp_handled,0,0,0
server,rp_cnp_ignored,0,0,0
server,rx_atomic_requests,0,0,0
server,rx_dct_connect,0,0,0
server,rx_icrc_encapsulated,0,0,0
server,rx_read_requests,274,274,0
server,rx_write_requests,1606999564,1606999564,0
# RNR_RETRY_EXC,trial=37,status=13,vendor_err=0x87,latency_us=255
client,local_ack_timeout_err,0,0,0
client,out_of_sequence,0,0,0
client,packet_seq_err,0,0,0
client,implied_nak_seq_err,0,0,0
client,rnr_nak_retry_err,137,138,1
client,req_cqe_error,1579,1580,1
client,resp_cqe_error,0,0,0
client,req_cqe_flush_error,0,0,0
client,resp_cqe_flush_error,0,0,0
client,req_remote_invalid_request,200,200,0
client,req_remote_access_errors,390,390,0
client,resp_remote_access_errors,0,0,0
client,resp_local_length_error,0,0,0
client,duplicate_request,0,0,0
client,out_of_buffer,0,0,0
client,rx_icrc_encapsulated,0,0,0
client,req_transport_retries_exceeded,0,0,0
client,req_rnr_retries_exceeded,137,138,1
client,roce_adp_retrans,114,114,0
client,roce_adp_retrans_to,0,0,0
client,roce_slow_restart,0,0,0
client,port_rcv_errors,0,0,0
client,local_link_integrity_errors,0,0,0
client,link_error_recovery,0,0,0
client,link_downed,0,0,0
server,duplicate_request,0,0,0
server,implied_nak_seq_err,0,0,0
server,lifespan,10,10,0
server,local_ack_timeout_err,0,0,0
server,np_cnp_sent,1,1,0
server,np_ecn_marked_roce_packets,0,0,0
server,out_of_buffer,920,921,1
server,out_of_sequence,1,1,0
server,packet_seq_err,0,0,0
server,req_cqe_error,50,50,0
server,req_cqe_flush_error,0,0,0
server,req_remote_access_errors,10,10,0
server,req_remote_invalid_request,10,10,0
server,req_rnr_retries_exceeded,0,0,0
server,req_transport_retries_exceeded,0,0,0
server,resp_cqe_error,0,0,0
server,resp_cqe_flush_error,0,0,0
server,resp_local_length_error,0,0,0
server,resp_remote_access_errors,0,0,0
server,rnr_nak_retry_err,0,0,0
server,roce_adp_retrans,0,0,0
server,roce_adp_retrans_to,0,0,0
server,roce_slow_restart,0,0,0
server,roce_slow_restart_cnps,0,0,0
server,roce_slow_restart_trans,0,0,0
server,rp_cnp_handled,0,0,0
server,rp_cnp_ignored,0,0,0
server,rx_atomic_requests,0,0,0
server,rx_dct_connect,0,0,0
server,rx_icrc_encapsulated,0,0,0
server,rx_read_requests,274,274,0
server,rx_write_requests,1606999564,1606999564,0
# RNR_RETRY_EXC,trial=38,status=13,vendor_err=0x87,latency_us=250
client,local_ack_timeout_err,0,0,0
client,out_of_sequence,0,0,0
client,packet_seq_err,0,0,0
client,implied_nak_seq_err,0,0,0
client,rnr_nak_retry_err,138,139,1
client,req_cqe_error,1580,1581,1
client,resp_cqe_error,0,0,0
client,req_cqe_flush_error,0,0,0
client,resp_cqe_flush_error,0,0,0
client,req_remote_invalid_request,200,200,0
client,req_remote_access_errors,390,390,0
client,resp_remote_access_errors,0,0,0
client,resp_local_length_error,0,0,0
client,duplicate_request,0,0,0
client,out_of_buffer,0,0,0
client,rx_icrc_encapsulated,0,0,0
client,req_transport_retries_exceeded,0,0,0
client,req_rnr_retries_exceeded,138,139,1
client,roce_adp_retrans,114,114,0
client,roce_adp_retrans_to,0,0,0
client,roce_slow_restart,0,0,0
client,port_rcv_errors,0,0,0
client,local_link_integrity_errors,0,0,0
client,link_error_recovery,0,0,0
client,link_downed,0,0,0
server,duplicate_request,0,0,0
server,implied_nak_seq_err,0,0,0
server,lifespan,10,10,0
server,local_ack_timeout_err,0,0,0
server,np_cnp_sent,1,1,0
server,np_ecn_marked_roce_packets,0,0,0
server,out_of_buffer,921,922,1
server,out_of_sequence,1,1,0
server,packet_seq_err,0,0,0
server,req_cqe_error,50,50,0
server,req_cqe_flush_error,0,0,0
server,req_remote_access_errors,10,10,0
server,req_remote_invalid_request,10,10,0
server,req_rnr_retries_exceeded,0,0,0
server,req_transport_retries_exceeded,0,0,0
server,resp_cqe_error,0,0,0
server,resp_cqe_flush_error,0,0,0
server,resp_local_length_error,0,0,0
server,resp_remote_access_errors,0,0,0
server,rnr_nak_retry_err,0,0,0
server,roce_adp_retrans,0,0,0
server,roce_adp_retrans_to,0,0,0
server,roce_slow_restart,0,0,0
server,roce_slow_restart_cnps,0,0,0
server,roce_slow_restart_trans,0,0,0
server,rp_cnp_handled,0,0,0
server,rp_cnp_ignored,0,0,0
server,rx_atomic_requests,0,0,0
server,rx_dct_connect,0,0,0
server,rx_icrc_encapsulated,0,0,0
server,rx_read_requests,274,274,0
server,rx_write_requests,1606999564,1606999564,0
# RNR_RETRY_EXC,trial=39,status=13,vendor_err=0x87,latency_us=271
client,local_ack_timeout_err,0,0,0
client,out_of_sequence,0,0,0
client,packet_seq_err,0,0,0
client,implied_nak_seq_err,0,0,0
client,rnr_nak_retry_err,139,140,1
client,req_cqe_error,1581,1582,1
client,resp_cqe_error,0,0,0
client,req_cqe_flush_error,0,0,0
client,resp_cqe_flush_error,0,0,0
client,req_remote_invalid_request,200,200,0
client,req_remote_access_errors,390,390,0
client,resp_remote_access_errors,0,0,0
client,resp_local_length_error,0,0,0
client,duplicate_request,0,0,0
client,out_of_buffer,0,0,0
client,rx_icrc_encapsulated,0,0,0
client,req_transport_retries_exceeded,0,0,0
client,req_rnr_retries_exceeded,139,140,1
client,roce_adp_retrans,114,114,0
client,roce_adp_retrans_to,0,0,0
client,roce_slow_restart,0,0,0
client,port_rcv_errors,0,0,0
client,local_link_integrity_errors,0,0,0
client,link_error_recovery,0,0,0
client,link_downed,0,0,0
server,duplicate_request,0,0,0
server,implied_nak_seq_err,0,0,0
server,lifespan,10,10,0
server,local_ack_timeout_err,0,0,0
server,np_cnp_sent,1,1,0
server,np_ecn_marked_roce_packets,0,0,0
server,out_of_buffer,922,923,1
server,out_of_sequence,1,1,0
server,packet_seq_err,0,0,0
server,req_cqe_error,50,50,0
server,req_cqe_flush_error,0,0,0
server,req_remote_access_errors,10,10,0
server,req_remote_invalid_request,10,10,0
server,req_rnr_retries_exceeded,0,0,0
server,req_transport_retries_exceeded,0,0,0
server,resp_cqe_error,0,0,0
server,resp_cqe_flush_error,0,0,0
server,resp_local_length_error,0,0,0
server,resp_remote_access_errors,0,0,0
server,rnr_nak_retry_err,0,0,0
server,roce_adp_retrans,0,0,0
server,roce_adp_retrans_to,0,0,0
server,roce_slow_restart,0,0,0
server,roce_slow_restart_cnps,0,0,0
server,roce_slow_restart_trans,0,0,0
server,rp_cnp_handled,0,0,0
server,rp_cnp_ignored,0,0,0
server,rx_atomic_requests,0,0,0
server,rx_dct_connect,0,0,0
server,rx_icrc_encapsulated,0,0,0
server,rx_read_requests,274,274,0
server,rx_write_requests,1606999564,1606999564,0
# RNR_RETRY_EXC,trial=40,status=13,vendor_err=0x87,latency_us=249
client,local_ack_timeout_err,0,0,0
client,out_of_sequence,0,0,0
client,packet_seq_err,0,0,0
client,implied_nak_seq_err,0,0,0
client,rnr_nak_retry_err,140,141,1
client,req_cqe_error,1582,1583,1
client,resp_cqe_error,0,0,0
client,req_cqe_flush_error,0,0,0
client,resp_cqe_flush_error,0,0,0
client,req_remote_invalid_request,200,200,0
client,req_remote_access_errors,390,390,0
client,resp_remote_access_errors,0,0,0
client,resp_local_length_error,0,0,0
client,duplicate_request,0,0,0
client,out_of_buffer,0,0,0
client,rx_icrc_encapsulated,0,0,0
client,req_transport_retries_exceeded,0,0,0
client,req_rnr_retries_exceeded,140,141,1
client,roce_adp_retrans,114,114,0
client,roce_adp_retrans_to,0,0,0
client,roce_slow_restart,0,0,0
client,port_rcv_errors,0,0,0
client,local_link_integrity_errors,0,0,0
client,link_error_recovery,0,0,0
client,link_downed,0,0,0
server,duplicate_request,0,0,0
server,implied_nak_seq_err,0,0,0
server,lifespan,10,10,0
server,local_ack_timeout_err,0,0,0
server,np_cnp_sent,1,1,0
server,np_ecn_marked_roce_packets,0,0,0
server,out_of_buffer,923,924,1
server,out_of_sequence,1,1,0
server,packet_seq_err,0,0,0
server,req_cqe_error,50,50,0
server,req_cqe_flush_error,0,0,0
server,req_remote_access_errors,10,10,0
server,req_remote_invalid_request,10,10,0
server,req_rnr_retries_exceeded,0,0,0
server,req_transport_retries_exceeded,0,0,0
server,resp_cqe_error,0,0,0
server,resp_cqe_flush_error,0,0,0
server,resp_local_length_error,0,0,0
server,resp_remote_access_errors,0,0,0
server,rnr_nak_retry_err,0,0,0
server,roce_adp_retrans,0,0,0
server,roce_adp_retrans_to,0,0,0
server,roce_slow_restart,0,0,0
server,roce_slow_restart_cnps,0,0,0
server,roce_slow_restart_trans,0,0,0
server,rp_cnp_handled,0,0,0
server,rp_cnp_ignored,0,0,0
server,rx_atomic_requests,0,0,0
server,rx_dct_connect,0,0,0
server,rx_icrc_encapsulated,0,0,0
server,rx_read_requests,274,274,0
server,rx_write_requests,1606999564,1606999564,0
# RNR_RETRY_EXC,trial=41,status=13,vendor_err=0x87,latency_us=251
client,local_ack_timeout_err,0,0,0
client,out_of_sequence,0,0,0
client,packet_seq_err,0,0,0
client,implied_nak_seq_err,0,0,0
client,rnr_nak_retry_err,141,142,1
client,req_cqe_error,1583,1584,1
client,resp_cqe_error,0,0,0
client,req_cqe_flush_error,0,0,0
client,resp_cqe_flush_error,0,0,0
client,req_remote_invalid_request,200,200,0
client,req_remote_access_errors,390,390,0
client,resp_remote_access_errors,0,0,0
client,resp_local_length_error,0,0,0
client,duplicate_request,0,0,0
client,out_of_buffer,0,0,0
client,rx_icrc_encapsulated,0,0,0
client,req_transport_retries_exceeded,0,0,0
client,req_rnr_retries_exceeded,141,142,1
client,roce_adp_retrans,114,114,0
client,roce_adp_retrans_to,0,0,0
client,roce_slow_restart,0,0,0
client,port_rcv_errors,0,0,0
client,local_link_integrity_errors,0,0,0
client,link_error_recovery,0,0,0
client,link_downed,0,0,0
server,duplicate_request,0,0,0
server,implied_nak_seq_err,0,0,0
server,lifespan,10,10,0
server,local_ack_timeout_err,0,0,0
server,np_cnp_sent,1,1,0
server,np_ecn_marked_roce_packets,0,0,0
server,out_of_buffer,924,925,1
server,out_of_sequence,1,1,0
server,packet_seq_err,0,0,0
server,req_cqe_error,50,50,0
server,req_cqe_flush_error,0,0,0
server,req_remote_access_errors,10,10,0
server,req_remote_invalid_request,10,10,0
server,req_rnr_retries_exceeded,0,0,0
server,req_transport_retries_exceeded,0,0,0
server,resp_cqe_error,0,0,0
server,resp_cqe_flush_error,0,0,0
server,resp_local_length_error,0,0,0
server,resp_remote_access_errors,0,0,0
server,rnr_nak_retry_err,0,0,0
server,roce_adp_retrans,0,0,0
server,roce_adp_retrans_to,0,0,0
server,roce_slow_restart,0,0,0
server,roce_slow_restart_cnps,0,0,0
server,roce_slow_restart_trans,0,0,0
server,rp_cnp_handled,0,0,0
server,rp_cnp_ignored,0,0,0
server,rx_atomic_requests,0,0,0
server,rx_dct_connect,0,0,0
server,rx_icrc_encapsulated,0,0,0
server,rx_read_requests,274,274,0
server,rx_write_requests,1606999564,1606999564,0
# RNR_RETRY_EXC,trial=42,status=13,vendor_err=0x87,latency_us=250
client,local_ack_timeout_err,0,0,0
client,out_of_sequence,0,0,0
client,packet_seq_err,0,0,0
client,implied_nak_seq_err,0,0,0
client,rnr_nak_retry_err,142,143,1
client,req_cqe_error,1584,1585,1
client,resp_cqe_error,0,0,0
client,req_cqe_flush_error,0,0,0
client,resp_cqe_flush_error,0,0,0
client,req_remote_invalid_request,200,200,0
client,req_remote_access_errors,390,390,0
client,resp_remote_access_errors,0,0,0
client,resp_local_length_error,0,0,0
client,duplicate_request,0,0,0
client,out_of_buffer,0,0,0
client,rx_icrc_encapsulated,0,0,0
client,req_transport_retries_exceeded,0,0,0
client,req_rnr_retries_exceeded,142,143,1
client,roce_adp_retrans,114,114,0
client,roce_adp_retrans_to,0,0,0
client,roce_slow_restart,0,0,0
client,port_rcv_errors,0,0,0
client,local_link_integrity_errors,0,0,0
client,link_error_recovery,0,0,0
client,link_downed,0,0,0
server,duplicate_request,0,0,0
server,implied_nak_seq_err,0,0,0
server,lifespan,10,10,0
server,local_ack_timeout_err,0,0,0
server,np_cnp_sent,1,1,0
server,np_ecn_marked_roce_packets,0,0,0
server,out_of_buffer,925,926,1
server,out_of_sequence,1,1,0
server,packet_seq_err,0,0,0
server,req_cqe_error,50,50,0
server,req_cqe_flush_error,0,0,0
server,req_remote_access_errors,10,10,0
server,req_remote_invalid_request,10,10,0
server,req_rnr_retries_exceeded,0,0,0
server,req_transport_retries_exceeded,0,0,0
server,resp_cqe_error,0,0,0
server,resp_cqe_flush_error,0,0,0
server,resp_local_length_error,0,0,0
server,resp_remote_access_errors,0,0,0
server,rnr_nak_retry_err,0,0,0
server,roce_adp_retrans,0,0,0
server,roce_adp_retrans_to,0,0,0
server,roce_slow_restart,0,0,0
server,roce_slow_restart_cnps,0,0,0
server,roce_slow_restart_trans,0,0,0
server,rp_cnp_handled,0,0,0
server,rp_cnp_ignored,0,0,0
server,rx_atomic_requests,0,0,0
server,rx_dct_connect,0,0,0
server,rx_icrc_encapsulated,0,0,0
server,rx_read_requests,274,274,0
server,rx_write_requests,1606999564,1606999564,0
# RNR_RETRY_EXC,trial=43,status=13,vendor_err=0x87,latency_us=251
client,local_ack_timeout_err,0,0,0
client,out_of_sequence,0,0,0
client,packet_seq_err,0,0,0
client,implied_nak_seq_err,0,0,0
client,rnr_nak_retry_err,143,144,1
client,req_cqe_error,1585,1586,1
client,resp_cqe_error,0,0,0
client,req_cqe_flush_error,0,0,0
client,resp_cqe_flush_error,0,0,0
client,req_remote_invalid_request,200,200,0
client,req_remote_access_errors,390,390,0
client,resp_remote_access_errors,0,0,0
client,resp_local_length_error,0,0,0
client,duplicate_request,0,0,0
client,out_of_buffer,0,0,0
client,rx_icrc_encapsulated,0,0,0
client,req_transport_retries_exceeded,0,0,0
client,req_rnr_retries_exceeded,143,144,1
client,roce_adp_retrans,114,114,0
client,roce_adp_retrans_to,0,0,0
client,roce_slow_restart,0,0,0
client,port_rcv_errors,0,0,0
client,local_link_integrity_errors,0,0,0
client,link_error_recovery,0,0,0
client,link_downed,0,0,0
server,duplicate_request,0,0,0
server,implied_nak_seq_err,0,0,0
server,lifespan,10,10,0
server,local_ack_timeout_err,0,0,0
server,np_cnp_sent,1,1,0
server,np_ecn_marked_roce_packets,0,0,0
server,out_of_buffer,926,927,1
server,out_of_sequence,1,1,0
server,packet_seq_err,0,0,0
server,req_cqe_error,50,50,0
server,req_cqe_flush_error,0,0,0
server,req_remote_access_errors,10,10,0
server,req_remote_invalid_request,10,10,0
server,req_rnr_retries_exceeded,0,0,0
server,req_transport_retries_exceeded,0,0,0
server,resp_cqe_error,0,0,0
server,resp_cqe_flush_error,0,0,0
server,resp_local_length_error,0,0,0
server,resp_remote_access_errors,0,0,0
server,rnr_nak_retry_err,0,0,0
server,roce_adp_retrans,0,0,0
server,roce_adp_retrans_to,0,0,0
server,roce_slow_restart,0,0,0
server,roce_slow_restart_cnps,0,0,0
server,roce_slow_restart_trans,0,0,0
server,rp_cnp_handled,0,0,0
server,rp_cnp_ignored,0,0,0
server,rx_atomic_requests,0,0,0
server,rx_dct_connect,0,0,0
server,rx_icrc_encapsulated,0,0,0
server,rx_read_requests,274,274,0
server,rx_write_requests,1606999564,1606999564,0
# RNR_RETRY_EXC,trial=44,status=13,vendor_err=0x87,latency_us=249
client,local_ack_timeout_err,0,0,0
client,out_of_sequence,0,0,0
client,packet_seq_err,0,0,0
client,implied_nak_seq_err,0,0,0
client,rnr_nak_retry_err,144,145,1
client,req_cqe_error,1586,1587,1
client,resp_cqe_error,0,0,0
client,req_cqe_flush_error,0,0,0
client,resp_cqe_flush_error,0,0,0
client,req_remote_invalid_request,200,200,0
client,req_remote_access_errors,390,390,0
client,resp_remote_access_errors,0,0,0
client,resp_local_length_error,0,0,0
client,duplicate_request,0,0,0
client,out_of_buffer,0,0,0
client,rx_icrc_encapsulated,0,0,0
client,req_transport_retries_exceeded,0,0,0
client,req_rnr_retries_exceeded,144,145,1
client,roce_adp_retrans,114,114,0
client,roce_adp_retrans_to,0,0,0
client,roce_slow_restart,0,0,0
client,port_rcv_errors,0,0,0
client,local_link_integrity_errors,0,0,0
client,link_error_recovery,0,0,0
client,link_downed,0,0,0
server,duplicate_request,0,0,0
server,implied_nak_seq_err,0,0,0
server,lifespan,10,10,0
server,local_ack_timeout_err,0,0,0
server,np_cnp_sent,1,1,0
server,np_ecn_marked_roce_packets,0,0,0
server,out_of_buffer,927,928,1
server,out_of_sequence,1,1,0
server,packet_seq_err,0,0,0
server,req_cqe_error,50,50,0
server,req_cqe_flush_error,0,0,0
server,req_remote_access_errors,10,10,0
server,req_remote_invalid_request,10,10,0
server,req_rnr_retries_exceeded,0,0,0
server,req_transport_retries_exceeded,0,0,0
server,resp_cqe_error,0,0,0
server,resp_cqe_flush_error,0,0,0
server,resp_local_length_error,0,0,0
server,resp_remote_access_errors,0,0,0
server,rnr_nak_retry_err,0,0,0
server,roce_adp_retrans,0,0,0
server,roce_adp_retrans_to,0,0,0
server,roce_slow_restart,0,0,0
server,roce_slow_restart_cnps,0,0,0
server,roce_slow_restart_trans,0,0,0
server,rp_cnp_handled,0,0,0
server,rp_cnp_ignored,0,0,0
server,rx_atomic_requests,0,0,0
server,rx_dct_connect,0,0,0
server,rx_icrc_encapsulated,0,0,0
server,rx_read_requests,274,274,0
server,rx_write_requests,1606999564,1606999564,0
# RNR_RETRY_EXC,trial=45,status=13,vendor_err=0x87,latency_us=250
client,local_ack_timeout_err,0,0,0
client,out_of_sequence,0,0,0
client,packet_seq_err,0,0,0
client,implied_nak_seq_err,0,0,0
client,rnr_nak_retry_err,145,146,1
client,req_cqe_error,1587,1588,1
client,resp_cqe_error,0,0,0
client,req_cqe_flush_error,0,0,0
client,resp_cqe_flush_error,0,0,0
client,req_remote_invalid_request,200,200,0
client,req_remote_access_errors,390,390,0
client,resp_remote_access_errors,0,0,0
client,resp_local_length_error,0,0,0
client,duplicate_request,0,0,0
client,out_of_buffer,0,0,0
client,rx_icrc_encapsulated,0,0,0
client,req_transport_retries_exceeded,0,0,0
client,req_rnr_retries_exceeded,145,146,1
client,roce_adp_retrans,114,114,0
client,roce_adp_retrans_to,0,0,0
client,roce_slow_restart,0,0,0
client,port_rcv_errors,0,0,0
client,local_link_integrity_errors,0,0,0
client,link_error_recovery,0,0,0
client,link_downed,0,0,0
server,duplicate_request,0,0,0
server,implied_nak_seq_err,0,0,0
server,lifespan,10,10,0
server,local_ack_timeout_err,0,0,0
server,np_cnp_sent,1,1,0
server,np_ecn_marked_roce_packets,0,0,0
server,out_of_buffer,928,929,1
server,out_of_sequence,1,1,0
server,packet_seq_err,0,0,0
server,req_cqe_error,50,50,0
server,req_cqe_flush_error,0,0,0
server,req_remote_access_errors,10,10,0
server,req_remote_invalid_request,10,10,0
server,req_rnr_retries_exceeded,0,0,0
server,req_transport_retries_exceeded,0,0,0
server,resp_cqe_error,0,0,0
server,resp_cqe_flush_error,0,0,0
server,resp_local_length_error,0,0,0
server,resp_remote_access_errors,0,0,0
server,rnr_nak_retry_err,0,0,0
server,roce_adp_retrans,0,0,0
server,roce_adp_retrans_to,0,0,0
server,roce_slow_restart,0,0,0
server,roce_slow_restart_cnps,0,0,0
server,roce_slow_restart_trans,0,0,0
server,rp_cnp_handled,0,0,0
server,rp_cnp_ignored,0,0,0
server,rx_atomic_requests,0,0,0
server,rx_dct_connect,0,0,0
server,rx_icrc_encapsulated,0,0,0
server,rx_read_requests,274,274,0
server,rx_write_requests,1606999564,1606999564,0
# RNR_RETRY_EXC,trial=46,status=13,vendor_err=0x87,latency_us=250
client,local_ack_timeout_err,0,0,0
client,out_of_sequence,0,0,0
client,packet_seq_err,0,0,0
client,implied_nak_seq_err,0,0,0
client,rnr_nak_retry_err,146,147,1
client,req_cqe_error,1588,1589,1
client,resp_cqe_error,0,0,0
client,req_cqe_flush_error,0,0,0
client,resp_cqe_flush_error,0,0,0
client,req_remote_invalid_request,200,200,0
client,req_remote_access_errors,390,390,0
client,resp_remote_access_errors,0,0,0
client,resp_local_length_error,0,0,0
client,duplicate_request,0,0,0
client,out_of_buffer,0,0,0
client,rx_icrc_encapsulated,0,0,0
client,req_transport_retries_exceeded,0,0,0
client,req_rnr_retries_exceeded,146,147,1
client,roce_adp_retrans,114,114,0
client,roce_adp_retrans_to,0,0,0
client,roce_slow_restart,0,0,0
client,port_rcv_errors,0,0,0
client,local_link_integrity_errors,0,0,0
client,link_error_recovery,0,0,0
client,link_downed,0,0,0
server,duplicate_request,0,0,0
server,implied_nak_seq_err,0,0,0
server,lifespan,10,10,0
server,local_ack_timeout_err,0,0,0
server,np_cnp_sent,1,1,0
server,np_ecn_marked_roce_packets,0,0,0
server,out_of_buffer,929,930,1
server,out_of_sequence,1,1,0
server,packet_seq_err,0,0,0
server,req_cqe_error,50,50,0
server,req_cqe_flush_error,0,0,0
server,req_remote_access_errors,10,10,0
server,req_remote_invalid_request,10,10,0
server,req_rnr_retries_exceeded,0,0,0
server,req_transport_retries_exceeded,0,0,0
server,resp_cqe_error,0,0,0
server,resp_cqe_flush_error,0,0,0
server,resp_local_length_error,0,0,0
server,resp_remote_access_errors,0,0,0
server,rnr_nak_retry_err,0,0,0
server,roce_adp_retrans,0,0,0
server,roce_adp_retrans_to,0,0,0
server,roce_slow_restart,0,0,0
server,roce_slow_restart_cnps,0,0,0
server,roce_slow_restart_trans,0,0,0
server,rp_cnp_handled,0,0,0
server,rp_cnp_ignored,0,0,0
server,rx_atomic_requests,0,0,0
server,rx_dct_connect,0,0,0
server,rx_icrc_encapsulated,0,0,0
server,rx_read_requests,274,274,0
server,rx_write_requests,1606999564,1606999564,0
# RNR_RETRY_EXC,trial=47,status=13,vendor_err=0x87,latency_us=274
client,local_ack_timeout_err,0,0,0
client,out_of_sequence,0,0,0
client,packet_seq_err,0,0,0
client,implied_nak_seq_err,0,0,0
client,rnr_nak_retry_err,147,148,1
client,req_cqe_error,1589,1590,1
client,resp_cqe_error,0,0,0
client,req_cqe_flush_error,0,0,0
client,resp_cqe_flush_error,0,0,0
client,req_remote_invalid_request,200,200,0
client,req_remote_access_errors,390,390,0
client,resp_remote_access_errors,0,0,0
client,resp_local_length_error,0,0,0
client,duplicate_request,0,0,0
client,out_of_buffer,0,0,0
client,rx_icrc_encapsulated,0,0,0
client,req_transport_retries_exceeded,0,0,0
client,req_rnr_retries_exceeded,147,148,1
client,roce_adp_retrans,114,114,0
client,roce_adp_retrans_to,0,0,0
client,roce_slow_restart,0,0,0
client,port_rcv_errors,0,0,0
client,local_link_integrity_errors,0,0,0
client,link_error_recovery,0,0,0
client,link_downed,0,0,0
server,duplicate_request,0,0,0
server,implied_nak_seq_err,0,0,0
server,lifespan,10,10,0
server,local_ack_timeout_err,0,0,0
server,np_cnp_sent,1,1,0
server,np_ecn_marked_roce_packets,0,0,0
server,out_of_buffer,930,931,1
server,out_of_sequence,1,1,0
server,packet_seq_err,0,0,0
server,req_cqe_error,50,50,0
server,req_cqe_flush_error,0,0,0
server,req_remote_access_errors,10,10,0
server,req_remote_invalid_request,10,10,0
server,req_rnr_retries_exceeded,0,0,0
server,req_transport_retries_exceeded,0,0,0
server,resp_cqe_error,0,0,0
server,resp_cqe_flush_error,0,0,0
server,resp_local_length_error,0,0,0
server,resp_remote_access_errors,0,0,0
server,rnr_nak_retry_err,0,0,0
server,roce_adp_retrans,0,0,0
server,roce_adp_retrans_to,0,0,0
server,roce_slow_restart,0,0,0
server,roce_slow_restart_cnps,0,0,0
server,roce_slow_restart_trans,0,0,0
server,rp_cnp_handled,0,0,0
server,rp_cnp_ignored,0,0,0
server,rx_atomic_requests,0,0,0
server,rx_dct_connect,0,0,0
server,rx_icrc_encapsulated,0,0,0
server,rx_read_requests,274,274,0
server,rx_write_requests,1606999564,1606999564,0
# RNR_RETRY_EXC,trial=48,status=13,vendor_err=0x87,latency_us=251
client,local_ack_timeout_err,0,0,0
client,out_of_sequence,0,0,0
client,packet_seq_err,0,0,0
client,implied_nak_seq_err,0,0,0
client,rnr_nak_retry_err,148,149,1
client,req_cqe_error,1590,1591,1
client,resp_cqe_error,0,0,0
client,req_cqe_flush_error,0,0,0
client,resp_cqe_flush_error,0,0,0
client,req_remote_invalid_request,200,200,0
client,req_remote_access_errors,390,390,0
client,resp_remote_access_errors,0,0,0
client,resp_local_length_error,0,0,0
client,duplicate_request,0,0,0
client,out_of_buffer,0,0,0
client,rx_icrc_encapsulated,0,0,0
client,req_transport_retries_exceeded,0,0,0
client,req_rnr_retries_exceeded,148,149,1
client,roce_adp_retrans,114,114,0
client,roce_adp_retrans_to,0,0,0
client,roce_slow_restart,0,0,0
client,port_rcv_errors,0,0,0
client,local_link_integrity_errors,0,0,0
client,link_error_recovery,0,0,0
client,link_downed,0,0,0
server,duplicate_request,0,0,0
server,implied_nak_seq_err,0,0,0
server,lifespan,10,10,0
server,local_ack_timeout_err,0,0,0
server,np_cnp_sent,1,1,0
server,np_ecn_marked_roce_packets,0,0,0
server,out_of_buffer,931,932,1
server,out_of_sequence,1,1,0
server,packet_seq_err,0,0,0
server,req_cqe_error,50,50,0
server,req_cqe_flush_error,0,0,0
server,req_remote_access_errors,10,10,0
server,req_remote_invalid_request,10,10,0
server,req_rnr_retries_exceeded,0,0,0
server,req_transport_retries_exceeded,0,0,0
server,resp_cqe_error,0,0,0
server,resp_cqe_flush_error,0,0,0
server,resp_local_length_error,0,0,0
server,resp_remote_access_errors,0,0,0
server,rnr_nak_retry_err,0,0,0
server,roce_adp_retrans,0,0,0
server,roce_adp_retrans_to,0,0,0
server,roce_slow_restart,0,0,0
server,roce_slow_restart_cnps,0,0,0
server,roce_slow_restart_trans,0,0,0
server,rp_cnp_handled,0,0,0
server,rp_cnp_ignored,0,0,0
server,rx_atomic_requests,0,0,0
server,rx_dct_connect,0,0,0
server,rx_icrc_encapsulated,0,0,0
server,rx_read_requests,274,274,0
server,rx_write_requests,1606999564,1606999564,0
# RNR_RETRY_EXC,trial=49,status=13,vendor_err=0x87,latency_us=249
client,local_ack_timeout_err,0,0,0
client,out_of_sequence,0,0,0
client,packet_seq_err,0,0,0
client,implied_nak_seq_err,0,0,0
client,rnr_nak_retry_err,149,150,1
client,req_cqe_error,1591,1592,1
client,resp_cqe_error,0,0,0
client,req_cqe_flush_error,0,0,0
client,resp_cqe_flush_error,0,0,0
client,req_remote_invalid_request,200,200,0
client,req_remote_access_errors,390,390,0
client,resp_remote_access_errors,0,0,0
client,resp_local_length_error,0,0,0
client,duplicate_request,0,0,0
client,out_of_buffer,0,0,0
client,rx_icrc_encapsulated,0,0,0
client,req_transport_retries_exceeded,0,0,0
client,req_rnr_retries_exceeded,149,150,1
client,roce_adp_retrans,114,114,0
client,roce_adp_retrans_to,0,0,0
client,roce_slow_restart,0,0,0
client,port_rcv_errors,0,0,0
client,local_link_integrity_errors,0,0,0
client,link_error_recovery,0,0,0
client,link_downed,0,0,0
server,duplicate_request,0,0,0
server,implied_nak_seq_err,0,0,0
server,lifespan,10,10,0
server,local_ack_timeout_err,0,0,0
server,np_cnp_sent,1,1,0
server,np_ecn_marked_roce_packets,0,0,0
server,out_of_buffer,932,933,1
server,out_of_sequence,1,1,0
server,packet_seq_err,0,0,0
server,req_cqe_error,50,50,0
server,req_cqe_flush_error,0,0,0
server,req_remote_access_errors,10,10,0
server,req_remote_invalid_request,10,10,0
server,req_rnr_retries_exceeded,0,0,0
server,req_transport_retries_exceeded,0,0,0
server,resp_cqe_error,0,0,0
server,resp_cqe_flush_error,0,0,0
server,resp_local_length_error,0,0,0
server,resp_remote_access_errors,0,0,0
server,rnr_nak_retry_err,0,0,0
server,roce_adp_retrans,0,0,0
server,roce_adp_retrans_to,0,0,0
server,roce_slow_restart,0,0,0
server,roce_slow_restart_cnps,0,0,0
server,roce_slow_restart_trans,0,0,0
server,rp_cnp_handled,0,0,0
server,rp_cnp_ignored,0,0,0
server,rx_atomic_requests,0,0,0
server,rx_dct_connect,0,0,0
server,rx_icrc_encapsulated,0,0,0
server,rx_read_requests,274,274,0
server,rx_write_requests,1606999564,1606999564,0
# RNR_RETRY_EXC,trial=50,status=13,vendor_err=0x87,latency_us=251
client,local_ack_timeout_err,0,0,0
client,out_of_sequence,0,0,0
client,packet_seq_err,0,0,0
client,implied_nak_seq_err,0,0,0
client,rnr_nak_retry_err,150,151,1
client,req_cqe_error,1592,1593,1
client,resp_cqe_error,0,0,0
client,req_cqe_flush_error,0,0,0
client,resp_cqe_flush_error,0,0,0
client,req_remote_invalid_request,200,200,0
client,req_remote_access_errors,390,390,0
client,resp_remote_access_errors,0,0,0
client,resp_local_length_error,0,0,0
client,duplicate_request,0,0,0
client,out_of_buffer,0,0,0
client,rx_icrc_encapsulated,0,0,0
client,req_transport_retries_exceeded,0,0,0
client,req_rnr_retries_exceeded,150,151,1
client,roce_adp_retrans,114,114,0
client,roce_adp_retrans_to,0,0,0
client,roce_slow_restart,0,0,0
client,port_rcv_errors,0,0,0
client,local_link_integrity_errors,0,0,0
client,link_error_recovery,0,0,0
client,link_downed,0,0,0
server,duplicate_request,0,0,0
server,implied_nak_seq_err,0,0,0
server,lifespan,10,10,0
server,local_ack_timeout_err,0,0,0
server,np_cnp_sent,1,1,0
server,np_ecn_marked_roce_packets,0,0,0
server,out_of_buffer,933,934,1
server,out_of_sequence,1,1,0
server,packet_seq_err,0,0,0
server,req_cqe_error,50,50,0
server,req_cqe_flush_error,0,0,0
server,req_remote_access_errors,10,10,0
server,req_remote_invalid_request,10,10,0
server,req_rnr_retries_exceeded,0,0,0
server,req_transport_retries_exceeded,0,0,0
server,resp_cqe_error,0,0,0
server,resp_cqe_flush_error,0,0,0
server,resp_local_length_error,0,0,0
server,resp_remote_access_errors,0,0,0
server,rnr_nak_retry_err,0,0,0
server,roce_adp_retrans,0,0,0
server,roce_adp_retrans_to,0,0,0
server,roce_slow_restart,0,0,0
server,roce_slow_restart_cnps,0,0,0
server,roce_slow_restart_trans,0,0,0
server,rp_cnp_handled,0,0,0
server,rp_cnp_ignored,0,0,0
server,rx_atomic_requests,0,0,0
server,rx_dct_connect,0,0,0
server,rx_icrc_encapsulated,0,0,0
server,rx_read_requests,274,274,0
server,rx_write_requests,1606999564,1606999564,0
# RNR_RETRY_EXC,trial=51,status=13,vendor_err=0x87,latency_us=250
client,local_ack_timeout_err,0,0,0
client,out_of_sequence,0,0,0
client,packet_seq_err,0,0,0
client,implied_nak_seq_err,0,0,0
client,rnr_nak_retry_err,151,152,1
client,req_cqe_error,1593,1594,1
client,resp_cqe_error,0,0,0
client,req_cqe_flush_error,0,0,0
client,resp_cqe_flush_error,0,0,0
client,req_remote_invalid_request,200,200,0
client,req_remote_access_errors,390,390,0
client,resp_remote_access_errors,0,0,0
client,resp_local_length_error,0,0,0
client,duplicate_request,0,0,0
client,out_of_buffer,0,0,0
client,rx_icrc_encapsulated,0,0,0
client,req_transport_retries_exceeded,0,0,0
client,req_rnr_retries_exceeded,151,152,1
client,roce_adp_retrans,114,114,0
client,roce_adp_retrans_to,0,0,0
client,roce_slow_restart,0,0,0
client,port_rcv_errors,0,0,0
client,local_link_integrity_errors,0,0,0
client,link_error_recovery,0,0,0
client,link_downed,0,0,0
server,duplicate_request,0,0,0
server,implied_nak_seq_err,0,0,0
server,lifespan,10,10,0
server,local_ack_timeout_err,0,0,0
server,np_cnp_sent,1,1,0
server,np_ecn_marked_roce_packets,0,0,0
server,out_of_buffer,934,935,1
server,out_of_sequence,1,1,0
server,packet_seq_err,0,0,0
server,req_cqe_error,50,50,0
server,req_cqe_flush_error,0,0,0
server,req_remote_access_errors,10,10,0
server,req_remote_invalid_request,10,10,0
server,req_rnr_retries_exceeded,0,0,0
server,req_transport_retries_exceeded,0,0,0
server,resp_cqe_error,0,0,0
server,resp_cqe_flush_error,0,0,0
server,resp_local_length_error,0,0,0
server,resp_remote_access_errors,0,0,0
server,rnr_nak_retry_err,0,0,0
server,roce_adp_retrans,0,0,0
server,roce_adp_retrans_to,0,0,0
server,roce_slow_restart,0,0,0
server,roce_slow_restart_cnps,0,0,0
server,roce_slow_restart_trans,0,0,0
server,rp_cnp_handled,0,0,0
server,rp_cnp_ignored,0,0,0
server,rx_atomic_requests,0,0,0
server,rx_dct_connect,0,0,0
server,rx_icrc_encapsulated,0,0,0
server,rx_read_requests,274,274,0
server,rx_write_requests,1606999564,1606999564,0
# RNR_RETRY_EXC,trial=52,status=13,vendor_err=0x87,latency_us=251
client,local_ack_timeout_err,0,0,0
client,out_of_sequence,0,0,0
client,packet_seq_err,0,0,0
client,implied_nak_seq_err,0,0,0
client,rnr_nak_retry_err,152,153,1
client,req_cqe_error,1594,1595,1
client,resp_cqe_error,0,0,0
client,req_cqe_flush_error,0,0,0
client,resp_cqe_flush_error,0,0,0
client,req_remote_invalid_request,200,200,0
client,req_remote_access_errors,390,390,0
client,resp_remote_access_errors,0,0,0
client,resp_local_length_error,0,0,0
client,duplicate_request,0,0,0
client,out_of_buffer,0,0,0
client,rx_icrc_encapsulated,0,0,0
client,req_transport_retries_exceeded,0,0,0
client,req_rnr_retries_exceeded,152,153,1
client,roce_adp_retrans,114,114,0
client,roce_adp_retrans_to,0,0,0
client,roce_slow_restart,0,0,0
client,port_rcv_errors,0,0,0
client,local_link_integrity_errors,0,0,0
client,link_error_recovery,0,0,0
client,link_downed,0,0,0
server,duplicate_request,0,0,0
server,implied_nak_seq_err,0,0,0
server,lifespan,10,10,0
server,local_ack_timeout_err,0,0,0
server,np_cnp_sent,1,1,0
server,np_ecn_marked_roce_packets,0,0,0
server,out_of_buffer,935,936,1
server,out_of_sequence,1,1,0
server,packet_seq_err,0,0,0
server,req_cqe_error,50,50,0
server,req_cqe_flush_error,0,0,0
server,req_remote_access_errors,10,10,0
server,req_remote_invalid_request,10,10,0
server,req_rnr_retries_exceeded,0,0,0
server,req_transport_retries_exceeded,0,0,0
server,resp_cqe_error,0,0,0
server,resp_cqe_flush_error,0,0,0
server,resp_local_length_error,0,0,0
server,resp_remote_access_errors,0,0,0
server,rnr_nak_retry_err,0,0,0
server,roce_adp_retrans,0,0,0
server,roce_adp_retrans_to,0,0,0
server,roce_slow_restart,0,0,0
server,roce_slow_restart_cnps,0,0,0
server,roce_slow_restart_trans,0,0,0
server,rp_cnp_handled,0,0,0
server,rp_cnp_ignored,0,0,0
server,rx_atomic_requests,0,0,0
server,rx_dct_connect,0,0,0
server,rx_icrc_encapsulated,0,0,0
server,rx_read_requests,274,274,0
server,rx_write_requests,1606999564,1606999564,0
# RNR_RETRY_EXC,trial=53,status=13,vendor_err=0x87,latency_us=250
client,local_ack_timeout_err,0,0,0
client,out_of_sequence,0,0,0
client,packet_seq_err,0,0,0
client,implied_nak_seq_err,0,0,0
client,rnr_nak_retry_err,153,154,1
client,req_cqe_error,1595,1596,1
client,resp_cqe_error,0,0,0
client,req_cqe_flush_error,0,0,0
client,resp_cqe_flush_error,0,0,0
client,req_remote_invalid_request,200,200,0
client,req_remote_access_errors,390,390,0
client,resp_remote_access_errors,0,0,0
client,resp_local_length_error,0,0,0
client,duplicate_request,0,0,0
client,out_of_buffer,0,0,0
client,rx_icrc_encapsulated,0,0,0
client,req_transport_retries_exceeded,0,0,0
client,req_rnr_retries_exceeded,153,154,1
client,roce_adp_retrans,114,114,0
client,roce_adp_retrans_to,0,0,0
client,roce_slow_restart,0,0,0
client,port_rcv_errors,0,0,0
client,local_link_integrity_errors,0,0,0
client,link_error_recovery,0,0,0
client,link_downed,0,0,0
server,duplicate_request,0,0,0
server,implied_nak_seq_err,0,0,0
server,lifespan,10,10,0
server,local_ack_timeout_err,0,0,0
server,np_cnp_sent,1,1,0
server,np_ecn_marked_roce_packets,0,0,0
server,out_of_buffer,936,937,1
server,out_of_sequence,1,1,0
server,packet_seq_err,0,0,0
server,req_cqe_error,50,50,0
server,req_cqe_flush_error,0,0,0
server,req_remote_access_errors,10,10,0
server,req_remote_invalid_request,10,10,0
server,req_rnr_retries_exceeded,0,0,0
server,req_transport_retries_exceeded,0,0,0
server,resp_cqe_error,0,0,0
server,resp_cqe_flush_error,0,0,0
server,resp_local_length_error,0,0,0
server,resp_remote_access_errors,0,0,0
server,rnr_nak_retry_err,0,0,0
server,roce_adp_retrans,0,0,0
server,roce_adp_retrans_to,0,0,0
server,roce_slow_restart,0,0,0
server,roce_slow_restart_cnps,0,0,0
server,roce_slow_restart_trans,0,0,0
server,rp_cnp_handled,0,0,0
server,rp_cnp_ignored,0,0,0
server,rx_atomic_requests,0,0,0
server,rx_dct_connect,0,0,0
server,rx_icrc_encapsulated,0,0,0
server,rx_read_requests,274,274,0
server,rx_write_requests,1606999564,1606999564,0
# RNR_RETRY_EXC,trial=54,status=13,vendor_err=0x87,latency_us=250
client,local_ack_timeout_err,0,0,0
client,out_of_sequence,0,0,0
client,packet_seq_err,0,0,0
client,implied_nak_seq_err,0,0,0
client,rnr_nak_retry_err,154,155,1
client,req_cqe_error,1596,1597,1
client,resp_cqe_error,0,0,0
client,req_cqe_flush_error,0,0,0
client,resp_cqe_flush_error,0,0,0
client,req_remote_invalid_request,200,200,0
client,req_remote_access_errors,390,390,0
client,resp_remote_access_errors,0,0,0
client,resp_local_length_error,0,0,0
client,duplicate_request,0,0,0
client,out_of_buffer,0,0,0
client,rx_icrc_encapsulated,0,0,0
client,req_transport_retries_exceeded,0,0,0
client,req_rnr_retries_exceeded,154,155,1
client,roce_adp_retrans,114,114,0
client,roce_adp_retrans_to,0,0,0
client,roce_slow_restart,0,0,0
client,port_rcv_errors,0,0,0
client,local_link_integrity_errors,0,0,0
client,link_error_recovery,0,0,0
client,link_downed,0,0,0
server,duplicate_request,0,0,0
server,implied_nak_seq_err,0,0,0
server,lifespan,10,10,0
server,local_ack_timeout_err,0,0,0
server,np_cnp_sent,1,1,0
server,np_ecn_marked_roce_packets,0,0,0
server,out_of_buffer,937,938,1
server,out_of_sequence,1,1,0
server,packet_seq_err,0,0,0
server,req_cqe_error,50,50,0
server,req_cqe_flush_error,0,0,0
server,req_remote_access_errors,10,10,0
server,req_remote_invalid_request,10,10,0
server,req_rnr_retries_exceeded,0,0,0
server,req_transport_retries_exceeded,0,0,0
server,resp_cqe_error,0,0,0
server,resp_cqe_flush_error,0,0,0
server,resp_local_length_error,0,0,0
server,resp_remote_access_errors,0,0,0
server,rnr_nak_retry_err,0,0,0
server,roce_adp_retrans,0,0,0
server,roce_adp_retrans_to,0,0,0
server,roce_slow_restart,0,0,0
server,roce_slow_restart_cnps,0,0,0
server,roce_slow_restart_trans,0,0,0
server,rp_cnp_handled,0,0,0
server,rp_cnp_ignored,0,0,0
server,rx_atomic_requests,0,0,0
server,rx_dct_connect,0,0,0
server,rx_icrc_encapsulated,0,0,0
server,rx_read_requests,274,274,0
server,rx_write_requests,1606999564,1606999564,0
# RNR_RETRY_EXC,trial=55,status=13,vendor_err=0x87,latency_us=281
client,local_ack_timeout_err,0,0,0
client,out_of_sequence,0,0,0
client,packet_seq_err,0,0,0
client,implied_nak_seq_err,0,0,0
client,rnr_nak_retry_err,155,156,1
client,req_cqe_error,1597,1598,1
client,resp_cqe_error,0,0,0
client,req_cqe_flush_error,0,0,0
client,resp_cqe_flush_error,0,0,0
client,req_remote_invalid_request,200,200,0
client,req_remote_access_errors,390,390,0
client,resp_remote_access_errors,0,0,0
client,resp_local_length_error,0,0,0
client,duplicate_request,0,0,0
client,out_of_buffer,0,0,0
client,rx_icrc_encapsulated,0,0,0
client,req_transport_retries_exceeded,0,0,0
client,req_rnr_retries_exceeded,155,156,1
client,roce_adp_retrans,114,114,0
client,roce_adp_retrans_to,0,0,0
client,roce_slow_restart,0,0,0
client,port_rcv_errors,0,0,0
client,local_link_integrity_errors,0,0,0
client,link_error_recovery,0,0,0
client,link_downed,0,0,0
server,duplicate_request,0,0,0
server,implied_nak_seq_err,0,0,0
server,lifespan,10,10,0
server,local_ack_timeout_err,0,0,0
server,np_cnp_sent,1,1,0
server,np_ecn_marked_roce_packets,0,0,0
server,out_of_buffer,938,939,1
server,out_of_sequence,1,1,0
server,packet_seq_err,0,0,0
server,req_cqe_error,50,50,0
server,req_cqe_flush_error,0,0,0
server,req_remote_access_errors,10,10,0
server,req_remote_invalid_request,10,10,0
server,req_rnr_retries_exceeded,0,0,0
server,req_transport_retries_exceeded,0,0,0
server,resp_cqe_error,0,0,0
server,resp_cqe_flush_error,0,0,0
server,resp_local_length_error,0,0,0
server,resp_remote_access_errors,0,0,0
server,rnr_nak_retry_err,0,0,0
server,roce_adp_retrans,0,0,0
server,roce_adp_retrans_to,0,0,0
server,roce_slow_restart,0,0,0
server,roce_slow_restart_cnps,0,0,0
server,roce_slow_restart_trans,0,0,0
server,rp_cnp_handled,0,0,0
server,rp_cnp_ignored,0,0,0
server,rx_atomic_requests,0,0,0
server,rx_dct_connect,0,0,0
server,rx_icrc_encapsulated,0,0,0
server,rx_read_requests,274,274,0
server,rx_write_requests,1606999564,1606999564,0
# RNR_RETRY_EXC,trial=56,status=13,vendor_err=0x87,latency_us=250
client,local_ack_timeout_err,0,0,0
client,out_of_sequence,0,0,0
client,packet_seq_err,0,0,0
client,implied_nak_seq_err,0,0,0
client,rnr_nak_retry_err,156,157,1
client,req_cqe_error,1598,1599,1
client,resp_cqe_error,0,0,0
client,req_cqe_flush_error,0,0,0
client,resp_cqe_flush_error,0,0,0
client,req_remote_invalid_request,200,200,0
client,req_remote_access_errors,390,390,0
client,resp_remote_access_errors,0,0,0
client,resp_local_length_error,0,0,0
client,duplicate_request,0,0,0
client,out_of_buffer,0,0,0
client,rx_icrc_encapsulated,0,0,0
client,req_transport_retries_exceeded,0,0,0
client,req_rnr_retries_exceeded,156,157,1
client,roce_adp_retrans,114,114,0
client,roce_adp_retrans_to,0,0,0
client,roce_slow_restart,0,0,0
client,port_rcv_errors,0,0,0
client,local_link_integrity_errors,0,0,0
client,link_error_recovery,0,0,0
client,link_downed,0,0,0
server,duplicate_request,0,0,0
server,implied_nak_seq_err,0,0,0
server,lifespan,10,10,0
server,local_ack_timeout_err,0,0,0
server,np_cnp_sent,1,1,0
server,np_ecn_marked_roce_packets,0,0,0
server,out_of_buffer,939,940,1
server,out_of_sequence,1,1,0
server,packet_seq_err,0,0,0
server,req_cqe_error,50,50,0
server,req_cqe_flush_error,0,0,0
server,req_remote_access_errors,10,10,0
server,req_remote_invalid_request,10,10,0
server,req_rnr_retries_exceeded,0,0,0
server,req_transport_retries_exceeded,0,0,0
server,resp_cqe_error,0,0,0
server,resp_cqe_flush_error,0,0,0
server,resp_local_length_error,0,0,0
server,resp_remote_access_errors,0,0,0
server,rnr_nak_retry_err,0,0,0
server,roce_adp_retrans,0,0,0
server,roce_adp_retrans_to,0,0,0
server,roce_slow_restart,0,0,0
server,roce_slow_restart_cnps,0,0,0
server,roce_slow_restart_trans,0,0,0
server,rp_cnp_handled,0,0,0
server,rp_cnp_ignored,0,0,0
server,rx_atomic_requests,0,0,0
server,rx_dct_connect,0,0,0
server,rx_icrc_encapsulated,0,0,0
server,rx_read_requests,274,274,0
server,rx_write_requests,1606999564,1606999564,0
# RNR_RETRY_EXC,trial=57,status=13,vendor_err=0x87,latency_us=250
client,local_ack_timeout_err,0,0,0
client,out_of_sequence,0,0,0
client,packet_seq_err,0,0,0
client,implied_nak_seq_err,0,0,0
client,rnr_nak_retry_err,157,158,1
client,req_cqe_error,1599,1600,1
client,resp_cqe_error,0,0,0
client,req_cqe_flush_error,0,0,0
client,resp_cqe_flush_error,0,0,0
client,req_remote_invalid_request,200,200,0
client,req_remote_access_errors,390,390,0
client,resp_remote_access_errors,0,0,0
client,resp_local_length_error,0,0,0
client,duplicate_request,0,0,0
client,out_of_buffer,0,0,0
client,rx_icrc_encapsulated,0,0,0
client,req_transport_retries_exceeded,0,0,0
client,req_rnr_retries_exceeded,157,158,1
client,roce_adp_retrans,114,114,0
client,roce_adp_retrans_to,0,0,0
client,roce_slow_restart,0,0,0
client,port_rcv_errors,0,0,0
client,local_link_integrity_errors,0,0,0
client,link_error_recovery,0,0,0
client,link_downed,0,0,0
server,duplicate_request,0,0,0
server,implied_nak_seq_err,0,0,0
server,lifespan,10,10,0
server,local_ack_timeout_err,0,0,0
server,np_cnp_sent,1,1,0
server,np_ecn_marked_roce_packets,0,0,0
server,out_of_buffer,940,941,1
server,out_of_sequence,1,1,0
server,packet_seq_err,0,0,0
server,req_cqe_error,50,50,0
server,req_cqe_flush_error,0,0,0
server,req_remote_access_errors,10,10,0
server,req_remote_invalid_request,10,10,0
server,req_rnr_retries_exceeded,0,0,0
server,req_transport_retries_exceeded,0,0,0
server,resp_cqe_error,0,0,0
server,resp_cqe_flush_error,0,0,0
server,resp_local_length_error,0,0,0
server,resp_remote_access_errors,0,0,0
server,rnr_nak_retry_err,0,0,0
server,roce_adp_retrans,0,0,0
server,roce_adp_retrans_to,0,0,0
server,roce_slow_restart,0,0,0
server,roce_slow_restart_cnps,0,0,0
server,roce_slow_restart_trans,0,0,0
server,rp_cnp_handled,0,0,0
server,rp_cnp_ignored,0,0,0
server,rx_atomic_requests,0,0,0
server,rx_dct_connect,0,0,0
server,rx_icrc_encapsulated,0,0,0
server,rx_read_requests,274,274,0
server,rx_write_requests,1606999564,1606999564,0
# RNR_RETRY_EXC,trial=58,status=13,vendor_err=0x87,latency_us=251
client,local_ack_timeout_err,0,0,0
client,out_of_sequence,0,0,0
client,packet_seq_err,0,0,0
client,implied_nak_seq_err,0,0,0
client,rnr_nak_retry_err,158,159,1
client,req_cqe_error,1600,1601,1
client,resp_cqe_error,0,0,0
client,req_cqe_flush_error,0,0,0
client,resp_cqe_flush_error,0,0,0
client,req_remote_invalid_request,200,200,0
client,req_remote_access_errors,390,390,0
client,resp_remote_access_errors,0,0,0
client,resp_local_length_error,0,0,0
client,duplicate_request,0,0,0
client,out_of_buffer,0,0,0
client,rx_icrc_encapsulated,0,0,0
client,req_transport_retries_exceeded,0,0,0
client,req_rnr_retries_exceeded,158,159,1
client,roce_adp_retrans,114,114,0
client,roce_adp_retrans_to,0,0,0
client,roce_slow_restart,0,0,0
client,port_rcv_errors,0,0,0
client,local_link_integrity_errors,0,0,0
client,link_error_recovery,0,0,0
client,link_downed,0,0,0
server,duplicate_request,0,0,0
server,implied_nak_seq_err,0,0,0
server,lifespan,10,10,0
server,local_ack_timeout_err,0,0,0
server,np_cnp_sent,1,1,0
server,np_ecn_marked_roce_packets,0,0,0
server,out_of_buffer,941,942,1
server,out_of_sequence,1,1,0
server,packet_seq_err,0,0,0
server,req_cqe_error,50,50,0
server,req_cqe_flush_error,0,0,0
server,req_remote_access_errors,10,10,0
server,req_remote_invalid_request,10,10,0
server,req_rnr_retries_exceeded,0,0,0
server,req_transport_retries_exceeded,0,0,0
server,resp_cqe_error,0,0,0
server,resp_cqe_flush_error,0,0,0
server,resp_local_length_error,0,0,0
server,resp_remote_access_errors,0,0,0
server,rnr_nak_retry_err,0,0,0
server,roce_adp_retrans,0,0,0
server,roce_adp_retrans_to,0,0,0
server,roce_slow_restart,0,0,0
server,roce_slow_restart_cnps,0,0,0
server,roce_slow_restart_trans,0,0,0
server,rp_cnp_handled,0,0,0
server,rp_cnp_ignored,0,0,0
server,rx_atomic_requests,0,0,0
server,rx_dct_connect,0,0,0
server,rx_icrc_encapsulated,0,0,0
server,rx_read_requests,274,274,0
server,rx_write_requests,1606999564,1606999564,0
# RNR_RETRY_EXC,trial=59,status=13,vendor_err=0x87,latency_us=251
client,local_ack_timeout_err,0,0,0
client,out_of_sequence,0,0,0
client,packet_seq_err,0,0,0
client,implied_nak_seq_err,0,0,0
client,rnr_nak_retry_err,159,160,1
client,req_cqe_error,1601,1602,1
client,resp_cqe_error,0,0,0
client,req_cqe_flush_error,0,0,0
client,resp_cqe_flush_error,0,0,0
client,req_remote_invalid_request,200,200,0
client,req_remote_access_errors,390,390,0
client,resp_remote_access_errors,0,0,0
client,resp_local_length_error,0,0,0
client,duplicate_request,0,0,0
client,out_of_buffer,0,0,0
client,rx_icrc_encapsulated,0,0,0
client,req_transport_retries_exceeded,0,0,0
client,req_rnr_retries_exceeded,159,160,1
client,roce_adp_retrans,114,114,0
client,roce_adp_retrans_to,0,0,0
client,roce_slow_restart,0,0,0
client,port_rcv_errors,0,0,0
client,local_link_integrity_errors,0,0,0
client,link_error_recovery,0,0,0
client,link_downed,0,0,0
server,duplicate_request,0,0,0
server,implied_nak_seq_err,0,0,0
server,lifespan,10,10,0
server,local_ack_timeout_err,0,0,0
server,np_cnp_sent,1,1,0
server,np_ecn_marked_roce_packets,0,0,0
server,out_of_buffer,942,943,1
server,out_of_sequence,1,1,0
server,packet_seq_err,0,0,0
server,req_cqe_error,50,50,0
server,req_cqe_flush_error,0,0,0
server,req_remote_access_errors,10,10,0
server,req_remote_invalid_request,10,10,0
server,req_rnr_retries_exceeded,0,0,0
server,req_transport_retries_exceeded,0,0,0
server,resp_cqe_error,0,0,0
server,resp_cqe_flush_error,0,0,0
server,resp_local_length_error,0,0,0
server,resp_remote_access_errors,0,0,0
server,rnr_nak_retry_err,0,0,0
server,roce_adp_retrans,0,0,0
server,roce_adp_retrans_to,0,0,0
server,roce_slow_restart,0,0,0
server,roce_slow_restart_cnps,0,0,0
server,roce_slow_restart_trans,0,0,0
server,rp_cnp_handled,0,0,0
server,rp_cnp_ignored,0,0,0
server,rx_atomic_requests,0,0,0
server,rx_dct_connect,0,0,0
server,rx_icrc_encapsulated,0,0,0
server,rx_read_requests,274,274,0
server,rx_write_requests,1606999564,1606999564,0
# RNR_RETRY_EXC,trial=60,status=13,vendor_err=0x87,latency_us=249
client,local_ack_timeout_err,0,0,0
client,out_of_sequence,0,0,0
client,packet_seq_err,0,0,0
client,implied_nak_seq_err,0,0,0
client,rnr_nak_retry_err,160,161,1
client,req_cqe_error,1602,1603,1
client,resp_cqe_error,0,0,0
client,req_cqe_flush_error,0,0,0
client,resp_cqe_flush_error,0,0,0
client,req_remote_invalid_request,200,200,0
client,req_remote_access_errors,390,390,0
client,resp_remote_access_errors,0,0,0
client,resp_local_length_error,0,0,0
client,duplicate_request,0,0,0
client,out_of_buffer,0,0,0
client,rx_icrc_encapsulated,0,0,0
client,req_transport_retries_exceeded,0,0,0
client,req_rnr_retries_exceeded,160,161,1
client,roce_adp_retrans,114,114,0
client,roce_adp_retrans_to,0,0,0
client,roce_slow_restart,0,0,0
client,port_rcv_errors,0,0,0
client,local_link_integrity_errors,0,0,0
client,link_error_recovery,0,0,0
client,link_downed,0,0,0
server,duplicate_request,0,0,0
server,implied_nak_seq_err,0,0,0
server,lifespan,10,10,0
server,local_ack_timeout_err,0,0,0
server,np_cnp_sent,1,1,0
server,np_ecn_marked_roce_packets,0,0,0
server,out_of_buffer,943,944,1
server,out_of_sequence,1,1,0
server,packet_seq_err,0,0,0
server,req_cqe_error,50,50,0
server,req_cqe_flush_error,0,0,0
server,req_remote_access_errors,10,10,0
server,req_remote_invalid_request,10,10,0
server,req_rnr_retries_exceeded,0,0,0
server,req_transport_retries_exceeded,0,0,0
server,resp_cqe_error,0,0,0
server,resp_cqe_flush_error,0,0,0
server,resp_local_length_error,0,0,0
server,resp_remote_access_errors,0,0,0
server,rnr_nak_retry_err,0,0,0
server,roce_adp_retrans,0,0,0
server,roce_adp_retrans_to,0,0,0
server,roce_slow_restart,0,0,0
server,roce_slow_restart_cnps,0,0,0
server,roce_slow_restart_trans,0,0,0
server,rp_cnp_handled,0,0,0
server,rp_cnp_ignored,0,0,0
server,rx_atomic_requests,0,0,0
server,rx_dct_connect,0,0,0
server,rx_icrc_encapsulated,0,0,0
server,rx_read_requests,274,274,0
server,rx_write_requests,1606999564,1606999564,0
# RNR_RETRY_EXC,trial=61,status=13,vendor_err=0x87,latency_us=250
client,local_ack_timeout_err,0,0,0
client,out_of_sequence,0,0,0
client,packet_seq_err,0,0,0
client,implied_nak_seq_err,0,0,0
client,rnr_nak_retry_err,161,162,1
client,req_cqe_error,1603,1604,1
client,resp_cqe_error,0,0,0
client,req_cqe_flush_error,0,0,0
client,resp_cqe_flush_error,0,0,0
client,req_remote_invalid_request,200,200,0
client,req_remote_access_errors,390,390,0
client,resp_remote_access_errors,0,0,0
client,resp_local_length_error,0,0,0
client,duplicate_request,0,0,0
client,out_of_buffer,0,0,0
client,rx_icrc_encapsulated,0,0,0
client,req_transport_retries_exceeded,0,0,0
client,req_rnr_retries_exceeded,161,162,1
client,roce_adp_retrans,114,114,0
client,roce_adp_retrans_to,0,0,0
client,roce_slow_restart,0,0,0
client,port_rcv_errors,0,0,0
client,local_link_integrity_errors,0,0,0
client,link_error_recovery,0,0,0
client,link_downed,0,0,0
server,duplicate_request,0,0,0
server,implied_nak_seq_err,0,0,0
server,lifespan,10,10,0
server,local_ack_timeout_err,0,0,0
server,np_cnp_sent,1,1,0
server,np_ecn_marked_roce_packets,0,0,0
server,out_of_buffer,944,945,1
server,out_of_sequence,1,1,0
server,packet_seq_err,0,0,0
server,req_cqe_error,50,50,0
server,req_cqe_flush_error,0,0,0
server,req_remote_access_errors,10,10,0
server,req_remote_invalid_request,10,10,0
server,req_rnr_retries_exceeded,0,0,0
server,req_transport_retries_exceeded,0,0,0
server,resp_cqe_error,0,0,0
server,resp_cqe_flush_error,0,0,0
server,resp_local_length_error,0,0,0
server,resp_remote_access_errors,0,0,0
server,rnr_nak_retry_err,0,0,0
server,roce_adp_retrans,0,0,0
server,roce_adp_retrans_to,0,0,0
server,roce_slow_restart,0,0,0
server,roce_slow_restart_cnps,0,0,0
server,roce_slow_restart_trans,0,0,0
server,rp_cnp_handled,0,0,0
server,rp_cnp_ignored,0,0,0
server,rx_atomic_requests,0,0,0
server,rx_dct_connect,0,0,0
server,rx_icrc_encapsulated,0,0,0
server,rx_read_requests,274,274,0
server,rx_write_requests,1606999564,1606999564,0
# RNR_RETRY_EXC,trial=62,status=13,vendor_err=0x87,latency_us=250
client,local_ack_timeout_err,0,0,0
client,out_of_sequence,0,0,0
client,packet_seq_err,0,0,0
client,implied_nak_seq_err,0,0,0
client,rnr_nak_retry_err,162,163,1
client,req_cqe_error,1604,1605,1
client,resp_cqe_error,0,0,0
client,req_cqe_flush_error,0,0,0
client,resp_cqe_flush_error,0,0,0
client,req_remote_invalid_request,200,200,0
client,req_remote_access_errors,390,390,0
client,resp_remote_access_errors,0,0,0
client,resp_local_length_error,0,0,0
client,duplicate_request,0,0,0
client,out_of_buffer,0,0,0
client,rx_icrc_encapsulated,0,0,0
client,req_transport_retries_exceeded,0,0,0
client,req_rnr_retries_exceeded,162,163,1
client,roce_adp_retrans,114,114,0
client,roce_adp_retrans_to,0,0,0
client,roce_slow_restart,0,0,0
client,port_rcv_errors,0,0,0
client,local_link_integrity_errors,0,0,0
client,link_error_recovery,0,0,0
client,link_downed,0,0,0
server,duplicate_request,0,0,0
server,implied_nak_seq_err,0,0,0
server,lifespan,10,10,0
server,local_ack_timeout_err,0,0,0
server,np_cnp_sent,1,1,0
server,np_ecn_marked_roce_packets,0,0,0
server,out_of_buffer,945,946,1
server,out_of_sequence,1,1,0
server,packet_seq_err,0,0,0
server,req_cqe_error,50,50,0
server,req_cqe_flush_error,0,0,0
server,req_remote_access_errors,10,10,0
server,req_remote_invalid_request,10,10,0
server,req_rnr_retries_exceeded,0,0,0
server,req_transport_retries_exceeded,0,0,0
server,resp_cqe_error,0,0,0
server,resp_cqe_flush_error,0,0,0
server,resp_local_length_error,0,0,0
server,resp_remote_access_errors,0,0,0
server,rnr_nak_retry_err,0,0,0
server,roce_adp_retrans,0,0,0
server,roce_adp_retrans_to,0,0,0
server,roce_slow_restart,0,0,0
server,roce_slow_restart_cnps,0,0,0
server,roce_slow_restart_trans,0,0,0
server,rp_cnp_handled,0,0,0
server,rp_cnp_ignored,0,0,0
server,rx_atomic_requests,0,0,0
server,rx_dct_connect,0,0,0
server,rx_icrc_encapsulated,0,0,0
server,rx_read_requests,274,274,0
server,rx_write_requests,1606999564,1606999564,0
# RNR_RETRY_EXC,trial=63,status=13,vendor_err=0x87,latency_us=255
client,local_ack_timeout_err,0,0,0
client,out_of_sequence,0,0,0
client,packet_seq_err,0,0,0
client,implied_nak_seq_err,0,0,0
client,rnr_nak_retry_err,163,164,1
client,req_cqe_error,1605,1606,1
client,resp_cqe_error,0,0,0
client,req_cqe_flush_error,0,0,0
client,resp_cqe_flush_error,0,0,0
client,req_remote_invalid_request,200,200,0
client,req_remote_access_errors,390,390,0
client,resp_remote_access_errors,0,0,0
client,resp_local_length_error,0,0,0
client,duplicate_request,0,0,0
client,out_of_buffer,0,0,0
client,rx_icrc_encapsulated,0,0,0
client,req_transport_retries_exceeded,0,0,0
client,req_rnr_retries_exceeded,163,164,1
client,roce_adp_retrans,114,114,0
client,roce_adp_retrans_to,0,0,0
client,roce_slow_restart,0,0,0
client,port_rcv_errors,0,0,0
client,local_link_integrity_errors,0,0,0
client,link_error_recovery,0,0,0
client,link_downed,0,0,0
server,duplicate_request,0,0,0
server,implied_nak_seq_err,0,0,0
server,lifespan,10,10,0
server,local_ack_timeout_err,0,0,0
server,np_cnp_sent,1,1,0
server,np_ecn_marked_roce_packets,0,0,0
server,out_of_buffer,946,947,1
server,out_of_sequence,1,1,0
server,packet_seq_err,0,0,0
server,req_cqe_error,50,50,0
server,req_cqe_flush_error,0,0,0
server,req_remote_access_errors,10,10,0
server,req_remote_invalid_request,10,10,0
server,req_rnr_retries_exceeded,0,0,0
server,req_transport_retries_exceeded,0,0,0
server,resp_cqe_error,0,0,0
server,resp_cqe_flush_error,0,0,0
server,resp_local_length_error,0,0,0
server,resp_remote_access_errors,0,0,0
server,rnr_nak_retry_err,0,0,0
server,roce_adp_retrans,0,0,0
server,roce_adp_retrans_to,0,0,0
server,roce_slow_restart,0,0,0
server,roce_slow_restart_cnps,0,0,0
server,roce_slow_restart_trans,0,0,0
server,rp_cnp_handled,0,0,0
server,rp_cnp_ignored,0,0,0
server,rx_atomic_requests,0,0,0
server,rx_dct_connect,0,0,0
server,rx_icrc_encapsulated,0,0,0
server,rx_read_requests,274,274,0
server,rx_write_requests,1606999564,1606999564,0
# RNR_RETRY_EXC,trial=64,status=13,vendor_err=0x87,latency_us=249
client,local_ack_timeout_err,0,0,0
client,out_of_sequence,0,0,0
client,packet_seq_err,0,0,0
client,implied_nak_seq_err,0,0,0
client,rnr_nak_retry_err,164,165,1
client,req_cqe_error,1606,1607,1
client,resp_cqe_error,0,0,0
client,req_cqe_flush_error,0,0,0
client,resp_cqe_flush_error,0,0,0
client,req_remote_invalid_request,200,200,0
client,req_remote_access_errors,390,390,0
client,resp_remote_access_errors,0,0,0
client,resp_local_length_error,0,0,0
client,duplicate_request,0,0,0
client,out_of_buffer,0,0,0
client,rx_icrc_encapsulated,0,0,0
client,req_transport_retries_exceeded,0,0,0
client,req_rnr_retries_exceeded,164,165,1
client,roce_adp_retrans,114,114,0
client,roce_adp_retrans_to,0,0,0
client,roce_slow_restart,0,0,0
client,port_rcv_errors,0,0,0
client,local_link_integrity_errors,0,0,0
client,link_error_recovery,0,0,0
client,link_downed,0,0,0
server,duplicate_request,0,0,0
server,implied_nak_seq_err,0,0,0
server,lifespan,10,10,0
server,local_ack_timeout_err,0,0,0
server,np_cnp_sent,1,1,0
server,np_ecn_marked_roce_packets,0,0,0
server,out_of_buffer,947,948,1
server,out_of_sequence,1,1,0
server,packet_seq_err,0,0,0
server,req_cqe_error,50,50,0
server,req_cqe_flush_error,0,0,0
server,req_remote_access_errors,10,10,0
server,req_remote_invalid_request,10,10,0
server,req_rnr_retries_exceeded,0,0,0
server,req_transport_retries_exceeded,0,0,0
server,resp_cqe_error,0,0,0
server,resp_cqe_flush_error,0,0,0
server,resp_local_length_error,0,0,0
server,resp_remote_access_errors,0,0,0
server,rnr_nak_retry_err,0,0,0
server,roce_adp_retrans,0,0,0
server,roce_adp_retrans_to,0,0,0
server,roce_slow_restart,0,0,0
server,roce_slow_restart_cnps,0,0,0
server,roce_slow_restart_trans,0,0,0
server,rp_cnp_handled,0,0,0
server,rp_cnp_ignored,0,0,0
server,rx_atomic_requests,0,0,0
server,rx_dct_connect,0,0,0
server,rx_icrc_encapsulated,0,0,0
server,rx_read_requests,274,274,0
server,rx_write_requests,1606999564,1606999564,0
# RNR_RETRY_EXC,trial=65,status=13,vendor_err=0x87,latency_us=249
client,local_ack_timeout_err,0,0,0
client,out_of_sequence,0,0,0
client,packet_seq_err,0,0,0
client,implied_nak_seq_err,0,0,0
client,rnr_nak_retry_err,165,166,1
client,req_cqe_error,1607,1608,1
client,resp_cqe_error,0,0,0
client,req_cqe_flush_error,0,0,0
client,resp_cqe_flush_error,0,0,0
client,req_remote_invalid_request,200,200,0
client,req_remote_access_errors,390,390,0
client,resp_remote_access_errors,0,0,0
client,resp_local_length_error,0,0,0
client,duplicate_request,0,0,0
client,out_of_buffer,0,0,0
client,rx_icrc_encapsulated,0,0,0
client,req_transport_retries_exceeded,0,0,0
client,req_rnr_retries_exceeded,165,166,1
client,roce_adp_retrans,114,114,0
client,roce_adp_retrans_to,0,0,0
client,roce_slow_restart,0,0,0
client,port_rcv_errors,0,0,0
client,local_link_integrity_errors,0,0,0
client,link_error_recovery,0,0,0
client,link_downed,0,0,0
server,duplicate_request,0,0,0
server,implied_nak_seq_err,0,0,0
server,lifespan,10,10,0
server,local_ack_timeout_err,0,0,0
server,np_cnp_sent,1,1,0
server,np_ecn_marked_roce_packets,0,0,0
server,out_of_buffer,948,949,1
server,out_of_sequence,1,1,0
server,packet_seq_err,0,0,0
server,req_cqe_error,50,50,0
server,req_cqe_flush_error,0,0,0
server,req_remote_access_errors,10,10,0
server,req_remote_invalid_request,10,10,0
server,req_rnr_retries_exceeded,0,0,0
server,req_transport_retries_exceeded,0,0,0
server,resp_cqe_error,0,0,0
server,resp_cqe_flush_error,0,0,0
server,resp_local_length_error,0,0,0
server,resp_remote_access_errors,0,0,0
server,rnr_nak_retry_err,0,0,0
server,roce_adp_retrans,0,0,0
server,roce_adp_retrans_to,0,0,0
server,roce_slow_restart,0,0,0
server,roce_slow_restart_cnps,0,0,0
server,roce_slow_restart_trans,0,0,0
server,rp_cnp_handled,0,0,0
server,rp_cnp_ignored,0,0,0
server,rx_atomic_requests,0,0,0
server,rx_dct_connect,0,0,0
server,rx_icrc_encapsulated,0,0,0
server,rx_read_requests,274,274,0
server,rx_write_requests,1606999564,1606999564,0
# RNR_RETRY_EXC,trial=66,status=13,vendor_err=0x87,latency_us=250
client,local_ack_timeout_err,0,0,0
client,out_of_sequence,0,0,0
client,packet_seq_err,0,0,0
client,implied_nak_seq_err,0,0,0
client,rnr_nak_retry_err,166,167,1
client,req_cqe_error,1608,1609,1
client,resp_cqe_error,0,0,0
client,req_cqe_flush_error,0,0,0
client,resp_cqe_flush_error,0,0,0
client,req_remote_invalid_request,200,200,0
client,req_remote_access_errors,390,390,0
client,resp_remote_access_errors,0,0,0
client,resp_local_length_error,0,0,0
client,duplicate_request,0,0,0
client,out_of_buffer,0,0,0
client,rx_icrc_encapsulated,0,0,0
client,req_transport_retries_exceeded,0,0,0
client,req_rnr_retries_exceeded,166,167,1
client,roce_adp_retrans,114,114,0
client,roce_adp_retrans_to,0,0,0
client,roce_slow_restart,0,0,0
client,port_rcv_errors,0,0,0
client,local_link_integrity_errors,0,0,0
client,link_error_recovery,0,0,0
client,link_downed,0,0,0
server,duplicate_request,0,0,0
server,implied_nak_seq_err,0,0,0
server,lifespan,10,10,0
server,local_ack_timeout_err,0,0,0
server,np_cnp_sent,1,1,0
server,np_ecn_marked_roce_packets,0,0,0
server,out_of_buffer,949,950,1
server,out_of_sequence,1,1,0
server,packet_seq_err,0,0,0
server,req_cqe_error,50,50,0
server,req_cqe_flush_error,0,0,0
server,req_remote_access_errors,10,10,0
server,req_remote_invalid_request,10,10,0
server,req_rnr_retries_exceeded,0,0,0
server,req_transport_retries_exceeded,0,0,0
server,resp_cqe_error,0,0,0
server,resp_cqe_flush_error,0,0,0
server,resp_local_length_error,0,0,0
server,resp_remote_access_errors,0,0,0
server,rnr_nak_retry_err,0,0,0
server,roce_adp_retrans,0,0,0
server,roce_adp_retrans_to,0,0,0
server,roce_slow_restart,0,0,0
server,roce_slow_restart_cnps,0,0,0
server,roce_slow_restart_trans,0,0,0
server,rp_cnp_handled,0,0,0
server,rp_cnp_ignored,0,0,0
server,rx_atomic_requests,0,0,0
server,rx_dct_connect,0,0,0
server,rx_icrc_encapsulated,0,0,0
server,rx_read_requests,274,274,0
server,rx_write_requests,1606999564,1606999564,0
# RNR_RETRY_EXC,trial=67,status=13,vendor_err=0x87,latency_us=251
client,local_ack_timeout_err,0,0,0
client,out_of_sequence,0,0,0
client,packet_seq_err,0,0,0
client,implied_nak_seq_err,0,0,0
client,rnr_nak_retry_err,167,168,1
client,req_cqe_error,1609,1610,1
client,resp_cqe_error,0,0,0
client,req_cqe_flush_error,0,0,0
client,resp_cqe_flush_error,0,0,0
client,req_remote_invalid_request,200,200,0
client,req_remote_access_errors,390,390,0
client,resp_remote_access_errors,0,0,0
client,resp_local_length_error,0,0,0
client,duplicate_request,0,0,0
client,out_of_buffer,0,0,0
client,rx_icrc_encapsulated,0,0,0
client,req_transport_retries_exceeded,0,0,0
client,req_rnr_retries_exceeded,167,168,1
client,roce_adp_retrans,114,114,0
client,roce_adp_retrans_to,0,0,0
client,roce_slow_restart,0,0,0
client,port_rcv_errors,0,0,0
client,local_link_integrity_errors,0,0,0
client,link_error_recovery,0,0,0
client,link_downed,0,0,0
server,duplicate_request,0,0,0
server,implied_nak_seq_err,0,0,0
server,lifespan,10,10,0
server,local_ack_timeout_err,0,0,0
server,np_cnp_sent,1,1,0
server,np_ecn_marked_roce_packets,0,0,0
server,out_of_buffer,950,951,1
server,out_of_sequence,1,1,0
server,packet_seq_err,0,0,0
server,req_cqe_error,50,50,0
server,req_cqe_flush_error,0,0,0
server,req_remote_access_errors,10,10,0
server,req_remote_invalid_request,10,10,0
server,req_rnr_retries_exceeded,0,0,0
server,req_transport_retries_exceeded,0,0,0
server,resp_cqe_error,0,0,0
server,resp_cqe_flush_error,0,0,0
server,resp_local_length_error,0,0,0
server,resp_remote_access_errors,0,0,0
server,rnr_nak_retry_err,0,0,0
server,roce_adp_retrans,0,0,0
server,roce_adp_retrans_to,0,0,0
server,roce_slow_restart,0,0,0
server,roce_slow_restart_cnps,0,0,0
server,roce_slow_restart_trans,0,0,0
server,rp_cnp_handled,0,0,0
server,rp_cnp_ignored,0,0,0
server,rx_atomic_requests,0,0,0
server,rx_dct_connect,0,0,0
server,rx_icrc_encapsulated,0,0,0
server,rx_read_requests,274,274,0
server,rx_write_requests,1606999564,1606999564,0
# RNR_RETRY_EXC,trial=68,status=13,vendor_err=0x87,latency_us=250
client,local_ack_timeout_err,0,0,0
client,out_of_sequence,0,0,0
client,packet_seq_err,0,0,0
client,implied_nak_seq_err,0,0,0
client,rnr_nak_retry_err,168,169,1
client,req_cqe_error,1610,1611,1
client,resp_cqe_error,0,0,0
client,req_cqe_flush_error,0,0,0
client,resp_cqe_flush_error,0,0,0
client,req_remote_invalid_request,200,200,0
client,req_remote_access_errors,390,390,0
client,resp_remote_access_errors,0,0,0
client,resp_local_length_error,0,0,0
client,duplicate_request,0,0,0
client,out_of_buffer,0,0,0
client,rx_icrc_encapsulated,0,0,0
client,req_transport_retries_exceeded,0,0,0
client,req_rnr_retries_exceeded,168,169,1
client,roce_adp_retrans,114,114,0
client,roce_adp_retrans_to,0,0,0
client,roce_slow_restart,0,0,0
client,port_rcv_errors,0,0,0
client,local_link_integrity_errors,0,0,0
client,link_error_recovery,0,0,0
client,link_downed,0,0,0
server,duplicate_request,0,0,0
server,implied_nak_seq_err,0,0,0
server,lifespan,10,10,0
server,local_ack_timeout_err,0,0,0
server,np_cnp_sent,1,1,0
server,np_ecn_marked_roce_packets,0,0,0
server,out_of_buffer,951,952,1
server,out_of_sequence,1,1,0
server,packet_seq_err,0,0,0
server,req_cqe_error,50,50,0
server,req_cqe_flush_error,0,0,0
server,req_remote_access_errors,10,10,0
server,req_remote_invalid_request,10,10,0
server,req_rnr_retries_exceeded,0,0,0
server,req_transport_retries_exceeded,0,0,0
server,resp_cqe_error,0,0,0
server,resp_cqe_flush_error,0,0,0
server,resp_local_length_error,0,0,0
server,resp_remote_access_errors,0,0,0
server,rnr_nak_retry_err,0,0,0
server,roce_adp_retrans,0,0,0
server,roce_adp_retrans_to,0,0,0
server,roce_slow_restart,0,0,0
server,roce_slow_restart_cnps,0,0,0
server,roce_slow_restart_trans,0,0,0
server,rp_cnp_handled,0,0,0
server,rp_cnp_ignored,0,0,0
server,rx_atomic_requests,0,0,0
server,rx_dct_connect,0,0,0
server,rx_icrc_encapsulated,0,0,0
server,rx_read_requests,274,274,0
server,rx_write_requests,1606999564,1606999564,0
# RNR_RETRY_EXC,trial=69,status=13,vendor_err=0x87,latency_us=250
client,local_ack_timeout_err,0,0,0
client,out_of_sequence,0,0,0
client,packet_seq_err,0,0,0
client,implied_nak_seq_err,0,0,0
client,rnr_nak_retry_err,169,170,1
client,req_cqe_error,1611,1612,1
client,resp_cqe_error,0,0,0
client,req_cqe_flush_error,0,0,0
client,resp_cqe_flush_error,0,0,0
client,req_remote_invalid_request,200,200,0
client,req_remote_access_errors,390,390,0
client,resp_remote_access_errors,0,0,0
client,resp_local_length_error,0,0,0
client,duplicate_request,0,0,0
client,out_of_buffer,0,0,0
client,rx_icrc_encapsulated,0,0,0
client,req_transport_retries_exceeded,0,0,0
client,req_rnr_retries_exceeded,169,170,1
client,roce_adp_retrans,114,114,0
client,roce_adp_retrans_to,0,0,0
client,roce_slow_restart,0,0,0
client,port_rcv_errors,0,0,0
client,local_link_integrity_errors,0,0,0
client,link_error_recovery,0,0,0
client,link_downed,0,0,0
server,duplicate_request,0,0,0
server,implied_nak_seq_err,0,0,0
server,lifespan,10,10,0
server,local_ack_timeout_err,0,0,0
server,np_cnp_sent,1,1,0
server,np_ecn_marked_roce_packets,0,0,0
server,out_of_buffer,952,953,1
server,out_of_sequence,1,1,0
server,packet_seq_err,0,0,0
server,req_cqe_error,50,50,0
server,req_cqe_flush_error,0,0,0
server,req_remote_access_errors,10,10,0
server,req_remote_invalid_request,10,10,0
server,req_rnr_retries_exceeded,0,0,0
server,req_transport_retries_exceeded,0,0,0
server,resp_cqe_error,0,0,0
server,resp_cqe_flush_error,0,0,0
server,resp_local_length_error,0,0,0
server,resp_remote_access_errors,0,0,0
server,rnr_nak_retry_err,0,0,0
server,roce_adp_retrans,0,0,0
server,roce_adp_retrans_to,0,0,0
server,roce_slow_restart,0,0,0
server,roce_slow_restart_cnps,0,0,0
server,roce_slow_restart_trans,0,0,0
server,rp_cnp_handled,0,0,0
server,rp_cnp_ignored,0,0,0
server,rx_atomic_requests,0,0,0
server,rx_dct_connect,0,0,0
server,rx_icrc_encapsulated,0,0,0
server,rx_read_requests,274,274,0
server,rx_write_requests,1606999564,1606999564,0
# RNR_RETRY_EXC,trial=70,status=13,vendor_err=0x87,latency_us=250
client,local_ack_timeout_err,0,0,0
client,out_of_sequence,0,0,0
client,packet_seq_err,0,0,0
client,implied_nak_seq_err,0,0,0
client,rnr_nak_retry_err,170,171,1
client,req_cqe_error,1612,1613,1
client,resp_cqe_error,0,0,0
client,req_cqe_flush_error,0,0,0
client,resp_cqe_flush_error,0,0,0
client,req_remote_invalid_request,200,200,0
client,req_remote_access_errors,390,390,0
client,resp_remote_access_errors,0,0,0
client,resp_local_length_error,0,0,0
client,duplicate_request,0,0,0
client,out_of_buffer,0,0,0
client,rx_icrc_encapsulated,0,0,0
client,req_transport_retries_exceeded,0,0,0
client,req_rnr_retries_exceeded,170,171,1
client,roce_adp_retrans,114,114,0
client,roce_adp_retrans_to,0,0,0
client,roce_slow_restart,0,0,0
client,port_rcv_errors,0,0,0
client,local_link_integrity_errors,0,0,0
client,link_error_recovery,0,0,0
client,link_downed,0,0,0
server,duplicate_request,0,0,0
server,implied_nak_seq_err,0,0,0
server,lifespan,10,10,0
server,local_ack_timeout_err,0,0,0
server,np_cnp_sent,1,1,0
server,np_ecn_marked_roce_packets,0,0,0
server,out_of_buffer,953,954,1
server,out_of_sequence,1,1,0
server,packet_seq_err,0,0,0
server,req_cqe_error,50,50,0
server,req_cqe_flush_error,0,0,0
server,req_remote_access_errors,10,10,0
server,req_remote_invalid_request,10,10,0
server,req_rnr_retries_exceeded,0,0,0
server,req_transport_retries_exceeded,0,0,0
server,resp_cqe_error,0,0,0
server,resp_cqe_flush_error,0,0,0
server,resp_local_length_error,0,0,0
server,resp_remote_access_errors,0,0,0
server,rnr_nak_retry_err,0,0,0
server,roce_adp_retrans,0,0,0
server,roce_adp_retrans_to,0,0,0
server,roce_slow_restart,0,0,0
server,roce_slow_restart_cnps,0,0,0
server,roce_slow_restart_trans,0,0,0
server,rp_cnp_handled,0,0,0
server,rp_cnp_ignored,0,0,0
server,rx_atomic_requests,0,0,0
server,rx_dct_connect,0,0,0
server,rx_icrc_encapsulated,0,0,0
server,rx_read_requests,274,274,0
server,rx_write_requests,1606999564,1606999564,0
# RNR_RETRY_EXC,trial=71,status=13,vendor_err=0x87,latency_us=249
client,local_ack_timeout_err,0,0,0
client,out_of_sequence,0,0,0
client,packet_seq_err,0,0,0
client,implied_nak_seq_err,0,0,0
client,rnr_nak_retry_err,171,172,1
client,req_cqe_error,1613,1614,1
client,resp_cqe_error,0,0,0
client,req_cqe_flush_error,0,0,0
client,resp_cqe_flush_error,0,0,0
client,req_remote_invalid_request,200,200,0
client,req_remote_access_errors,390,390,0
client,resp_remote_access_errors,0,0,0
client,resp_local_length_error,0,0,0
client,duplicate_request,0,0,0
client,out_of_buffer,0,0,0
client,rx_icrc_encapsulated,0,0,0
client,req_transport_retries_exceeded,0,0,0
client,req_rnr_retries_exceeded,171,172,1
client,roce_adp_retrans,114,114,0
client,roce_adp_retrans_to,0,0,0
client,roce_slow_restart,0,0,0
client,port_rcv_errors,0,0,0
client,local_link_integrity_errors,0,0,0
client,link_error_recovery,0,0,0
client,link_downed,0,0,0
server,duplicate_request,0,0,0
server,implied_nak_seq_err,0,0,0
server,lifespan,10,10,0
server,local_ack_timeout_err,0,0,0
server,np_cnp_sent,1,1,0
server,np_ecn_marked_roce_packets,0,0,0
server,out_of_buffer,954,955,1
server,out_of_sequence,1,1,0
server,packet_seq_err,0,0,0
server,req_cqe_error,50,50,0
server,req_cqe_flush_error,0,0,0
server,req_remote_access_errors,10,10,0
server,req_remote_invalid_request,10,10,0
server,req_rnr_retries_exceeded,0,0,0
server,req_transport_retries_exceeded,0,0,0
server,resp_cqe_error,0,0,0
server,resp_cqe_flush_error,0,0,0
server,resp_local_length_error,0,0,0
server,resp_remote_access_errors,0,0,0
server,rnr_nak_retry_err,0,0,0
server,roce_adp_retrans,0,0,0
server,roce_adp_retrans_to,0,0,0
server,roce_slow_restart,0,0,0
server,roce_slow_restart_cnps,0,0,0
server,roce_slow_restart_trans,0,0,0
server,rp_cnp_handled,0,0,0
server,rp_cnp_ignored,0,0,0
server,rx_atomic_requests,0,0,0
server,rx_dct_connect,0,0,0
server,rx_icrc_encapsulated,0,0,0
server,rx_read_requests,274,274,0
server,rx_write_requests,1606999564,1606999564,0
# RNR_RETRY_EXC,trial=72,status=13,vendor_err=0x87,latency_us=251
client,local_ack_timeout_err,0,0,0
client,out_of_sequence,0,0,0
client,packet_seq_err,0,0,0
client,implied_nak_seq_err,0,0,0
client,rnr_nak_retry_err,172,173,1
client,req_cqe_error,1614,1615,1
client,resp_cqe_error,0,0,0
client,req_cqe_flush_error,0,0,0
client,resp_cqe_flush_error,0,0,0
client,req_remote_invalid_request,200,200,0
client,req_remote_access_errors,390,390,0
client,resp_remote_access_errors,0,0,0
client,resp_local_length_error,0,0,0
client,duplicate_request,0,0,0
client,out_of_buffer,0,0,0
client,rx_icrc_encapsulated,0,0,0
client,req_transport_retries_exceeded,0,0,0
client,req_rnr_retries_exceeded,172,173,1
client,roce_adp_retrans,114,114,0
client,roce_adp_retrans_to,0,0,0
client,roce_slow_restart,0,0,0
client,port_rcv_errors,0,0,0
client,local_link_integrity_errors,0,0,0
client,link_error_recovery,0,0,0
client,link_downed,0,0,0
server,duplicate_request,0,0,0
server,implied_nak_seq_err,0,0,0
server,lifespan,10,10,0
server,local_ack_timeout_err,0,0,0
server,np_cnp_sent,1,1,0
server,np_ecn_marked_roce_packets,0,0,0
server,out_of_buffer,955,956,1
server,out_of_sequence,1,1,0
server,packet_seq_err,0,0,0
server,req_cqe_error,50,50,0
server,req_cqe_flush_error,0,0,0
server,req_remote_access_errors,10,10,0
server,req_remote_invalid_request,10,10,0
server,req_rnr_retries_exceeded,0,0,0
server,req_transport_retries_exceeded,0,0,0
server,resp_cqe_error,0,0,0
server,resp_cqe_flush_error,0,0,0
server,resp_local_length_error,0,0,0
server,resp_remote_access_errors,0,0,0
server,rnr_nak_retry_err,0,0,0
server,roce_adp_retrans,0,0,0
server,roce_adp_retrans_to,0,0,0
server,roce_slow_restart,0,0,0
server,roce_slow_restart_cnps,0,0,0
server,roce_slow_restart_trans,0,0,0
server,rp_cnp_handled,0,0,0
server,rp_cnp_ignored,0,0,0
server,rx_atomic_requests,0,0,0
server,rx_dct_connect,0,0,0
server,rx_icrc_encapsulated,0,0,0
server,rx_read_requests,274,274,0
server,rx_write_requests,1606999564,1606999564,0
# RNR_RETRY_EXC,trial=73,status=13,vendor_err=0x87,latency_us=251
client,local_ack_timeout_err,0,0,0
client,out_of_sequence,0,0,0
client,packet_seq_err,0,0,0
client,implied_nak_seq_err,0,0,0
client,rnr_nak_retry_err,173,174,1
client,req_cqe_error,1615,1616,1
client,resp_cqe_error,0,0,0
client,req_cqe_flush_error,0,0,0
client,resp_cqe_flush_error,0,0,0
client,req_remote_invalid_request,200,200,0
client,req_remote_access_errors,390,390,0
client,resp_remote_access_errors,0,0,0
client,resp_local_length_error,0,0,0
client,duplicate_request,0,0,0
client,out_of_buffer,0,0,0
client,rx_icrc_encapsulated,0,0,0
client,req_transport_retries_exceeded,0,0,0
client,req_rnr_retries_exceeded,173,174,1
client,roce_adp_retrans,114,114,0
client,roce_adp_retrans_to,0,0,0
client,roce_slow_restart,0,0,0
client,port_rcv_errors,0,0,0
client,local_link_integrity_errors,0,0,0
client,link_error_recovery,0,0,0
client,link_downed,0,0,0
server,duplicate_request,0,0,0
server,implied_nak_seq_err,0,0,0
server,lifespan,10,10,0
server,local_ack_timeout_err,0,0,0
server,np_cnp_sent,1,1,0
server,np_ecn_marked_roce_packets,0,0,0
server,out_of_buffer,956,957,1
server,out_of_sequence,1,1,0
server,packet_seq_err,0,0,0
server,req_cqe_error,50,50,0
server,req_cqe_flush_error,0,0,0
server,req_remote_access_errors,10,10,0
server,req_remote_invalid_request,10,10,0
server,req_rnr_retries_exceeded,0,0,0
server,req_transport_retries_exceeded,0,0,0
server,resp_cqe_error,0,0,0
server,resp_cqe_flush_error,0,0,0
server,resp_local_length_error,0,0,0
server,resp_remote_access_errors,0,0,0
server,rnr_nak_retry_err,0,0,0
server,roce_adp_retrans,0,0,0
server,roce_adp_retrans_to,0,0,0
server,roce_slow_restart,0,0,0
server,roce_slow_restart_cnps,0,0,0
server,roce_slow_restart_trans,0,0,0
server,rp_cnp_handled,0,0,0
server,rp_cnp_ignored,0,0,0
server,rx_atomic_requests,0,0,0
server,rx_dct_connect,0,0,0
server,rx_icrc_encapsulated,0,0,0
server,rx_read_requests,274,274,0
server,rx_write_requests,1606999564,1606999564,0
# RNR_RETRY_EXC,trial=74,status=13,vendor_err=0x87,latency_us=250
client,local_ack_timeout_err,0,0,0
client,out_of_sequence,0,0,0
client,packet_seq_err,0,0,0
client,implied_nak_seq_err,0,0,0
client,rnr_nak_retry_err,174,175,1
client,req_cqe_error,1616,1617,1
client,resp_cqe_error,0,0,0
client,req_cqe_flush_error,0,0,0
client,resp_cqe_flush_error,0,0,0
client,req_remote_invalid_request,200,200,0
client,req_remote_access_errors,390,390,0
client,resp_remote_access_errors,0,0,0
client,resp_local_length_error,0,0,0
client,duplicate_request,0,0,0
client,out_of_buffer,0,0,0
client,rx_icrc_encapsulated,0,0,0
client,req_transport_retries_exceeded,0,0,0
client,req_rnr_retries_exceeded,174,175,1
client,roce_adp_retrans,114,114,0
client,roce_adp_retrans_to,0,0,0
client,roce_slow_restart,0,0,0
client,port_rcv_errors,0,0,0
client,local_link_integrity_errors,0,0,0
client,link_error_recovery,0,0,0
client,link_downed,0,0,0
server,duplicate_request,0,0,0
server,implied_nak_seq_err,0,0,0
server,lifespan,10,10,0
server,local_ack_timeout_err,0,0,0
server,np_cnp_sent,1,1,0
server,np_ecn_marked_roce_packets,0,0,0
server,out_of_buffer,957,958,1
server,out_of_sequence,1,1,0
server,packet_seq_err,0,0,0
server,req_cqe_error,50,50,0
server,req_cqe_flush_error,0,0,0
server,req_remote_access_errors,10,10,0
server,req_remote_invalid_request,10,10,0
server,req_rnr_retries_exceeded,0,0,0
server,req_transport_retries_exceeded,0,0,0
server,resp_cqe_error,0,0,0
server,resp_cqe_flush_error,0,0,0
server,resp_local_length_error,0,0,0
server,resp_remote_access_errors,0,0,0
server,rnr_nak_retry_err,0,0,0
server,roce_adp_retrans,0,0,0
server,roce_adp_retrans_to,0,0,0
server,roce_slow_restart,0,0,0
server,roce_slow_restart_cnps,0,0,0
server,roce_slow_restart_trans,0,0,0
server,rp_cnp_handled,0,0,0
server,rp_cnp_ignored,0,0,0
server,rx_atomic_requests,0,0,0
server,rx_dct_connect,0,0,0
server,rx_icrc_encapsulated,0,0,0
server,rx_read_requests,274,274,0
server,rx_write_requests,1606999564,1606999564,0
# RNR_RETRY_EXC,trial=75,status=13,vendor_err=0x87,latency_us=250
client,local_ack_timeout_err,0,0,0
client,out_of_sequence,0,0,0
client,packet_seq_err,0,0,0
client,implied_nak_seq_err,0,0,0
client,rnr_nak_retry_err,175,176,1
client,req_cqe_error,1617,1618,1
client,resp_cqe_error,0,0,0
client,req_cqe_flush_error,0,0,0
client,resp_cqe_flush_error,0,0,0
client,req_remote_invalid_request,200,200,0
client,req_remote_access_errors,390,390,0
client,resp_remote_access_errors,0,0,0
client,resp_local_length_error,0,0,0
client,duplicate_request,0,0,0
client,out_of_buffer,0,0,0
client,rx_icrc_encapsulated,0,0,0
client,req_transport_retries_exceeded,0,0,0
client,req_rnr_retries_exceeded,175,176,1
client,roce_adp_retrans,114,114,0
client,roce_adp_retrans_to,0,0,0
client,roce_slow_restart,0,0,0
client,port_rcv_errors,0,0,0
client,local_link_integrity_errors,0,0,0
client,link_error_recovery,0,0,0
client,link_downed,0,0,0
server,duplicate_request,0,0,0
server,implied_nak_seq_err,0,0,0
server,lifespan,10,10,0
server,local_ack_timeout_err,0,0,0
server,np_cnp_sent,1,1,0
server,np_ecn_marked_roce_packets,0,0,0
server,out_of_buffer,958,959,1
server,out_of_sequence,1,1,0
server,packet_seq_err,0,0,0
server,req_cqe_error,50,50,0
server,req_cqe_flush_error,0,0,0
server,req_remote_access_errors,10,10,0
server,req_remote_invalid_request,10,10,0
server,req_rnr_retries_exceeded,0,0,0
server,req_transport_retries_exceeded,0,0,0
server,resp_cqe_error,0,0,0
server,resp_cqe_flush_error,0,0,0
server,resp_local_length_error,0,0,0
server,resp_remote_access_errors,0,0,0
server,rnr_nak_retry_err,0,0,0
server,roce_adp_retrans,0,0,0
server,roce_adp_retrans_to,0,0,0
server,roce_slow_restart,0,0,0
server,roce_slow_restart_cnps,0,0,0
server,roce_slow_restart_trans,0,0,0
server,rp_cnp_handled,0,0,0
server,rp_cnp_ignored,0,0,0
server,rx_atomic_requests,0,0,0
server,rx_dct_connect,0,0,0
server,rx_icrc_encapsulated,0,0,0
server,rx_read_requests,274,274,0
server,rx_write_requests,1606999564,1606999564,0
# RNR_RETRY_EXC,trial=76,status=13,vendor_err=0x87,latency_us=280
client,local_ack_timeout_err,0,0,0
client,out_of_sequence,0,0,0
client,packet_seq_err,0,0,0
client,implied_nak_seq_err,0,0,0
client,rnr_nak_retry_err,176,177,1
client,req_cqe_error,1618,1619,1
client,resp_cqe_error,0,0,0
client,req_cqe_flush_error,0,0,0
client,resp_cqe_flush_error,0,0,0
client,req_remote_invalid_request,200,200,0
client,req_remote_access_errors,390,390,0
client,resp_remote_access_errors,0,0,0
client,resp_local_length_error,0,0,0
client,duplicate_request,0,0,0
client,out_of_buffer,0,0,0
client,rx_icrc_encapsulated,0,0,0
client,req_transport_retries_exceeded,0,0,0
client,req_rnr_retries_exceeded,176,177,1
client,roce_adp_retrans,114,114,0
client,roce_adp_retrans_to,0,0,0
client,roce_slow_restart,0,0,0
client,port_rcv_errors,0,0,0
client,local_link_integrity_errors,0,0,0
client,link_error_recovery,0,0,0
client,link_downed,0,0,0
server,duplicate_request,0,0,0
server,implied_nak_seq_err,0,0,0
server,lifespan,10,10,0
server,local_ack_timeout_err,0,0,0
server,np_cnp_sent,1,1,0
server,np_ecn_marked_roce_packets,0,0,0
server,out_of_buffer,959,960,1
server,out_of_sequence,1,1,0
server,packet_seq_err,0,0,0
server,req_cqe_error,50,50,0
server,req_cqe_flush_error,0,0,0
server,req_remote_access_errors,10,10,0
server,req_remote_invalid_request,10,10,0
server,req_rnr_retries_exceeded,0,0,0
server,req_transport_retries_exceeded,0,0,0
server,resp_cqe_error,0,0,0
server,resp_cqe_flush_error,0,0,0
server,resp_local_length_error,0,0,0
server,resp_remote_access_errors,0,0,0
server,rnr_nak_retry_err,0,0,0
server,roce_adp_retrans,0,0,0
server,roce_adp_retrans_to,0,0,0
server,roce_slow_restart,0,0,0
server,roce_slow_restart_cnps,0,0,0
server,roce_slow_restart_trans,0,0,0
server,rp_cnp_handled,0,0,0
server,rp_cnp_ignored,0,0,0
server,rx_atomic_requests,0,0,0
server,rx_dct_connect,0,0,0
server,rx_icrc_encapsulated,0,0,0
server,rx_read_requests,274,274,0
server,rx_write_requests,1606999564,1606999564,0
# RNR_RETRY_EXC,trial=77,status=13,vendor_err=0x87,latency_us=249
client,local_ack_timeout_err,0,0,0
client,out_of_sequence,0,0,0
client,packet_seq_err,0,0,0
client,implied_nak_seq_err,0,0,0
client,rnr_nak_retry_err,177,178,1
client,req_cqe_error,1619,1620,1
client,resp_cqe_error,0,0,0
client,req_cqe_flush_error,0,0,0
client,resp_cqe_flush_error,0,0,0
client,req_remote_invalid_request,200,200,0
client,req_remote_access_errors,390,390,0
client,resp_remote_access_errors,0,0,0
client,resp_local_length_error,0,0,0
client,duplicate_request,0,0,0
client,out_of_buffer,0,0,0
client,rx_icrc_encapsulated,0,0,0
client,req_transport_retries_exceeded,0,0,0
client,req_rnr_retries_exceeded,177,178,1
client,roce_adp_retrans,114,114,0
client,roce_adp_retrans_to,0,0,0
client,roce_slow_restart,0,0,0
client,port_rcv_errors,0,0,0
client,local_link_integrity_errors,0,0,0
client,link_error_recovery,0,0,0
client,link_downed,0,0,0
server,duplicate_request,0,0,0
server,implied_nak_seq_err,0,0,0
server,lifespan,10,10,0
server,local_ack_timeout_err,0,0,0
server,np_cnp_sent,1,1,0
server,np_ecn_marked_roce_packets,0,0,0
server,out_of_buffer,960,961,1
server,out_of_sequence,1,1,0
server,packet_seq_err,0,0,0
server,req_cqe_error,50,50,0
server,req_cqe_flush_error,0,0,0
server,req_remote_access_errors,10,10,0
server,req_remote_invalid_request,10,10,0
server,req_rnr_retries_exceeded,0,0,0
server,req_transport_retries_exceeded,0,0,0
server,resp_cqe_error,0,0,0
server,resp_cqe_flush_error,0,0,0
server,resp_local_length_error,0,0,0
server,resp_remote_access_errors,0,0,0
server,rnr_nak_retry_err,0,0,0
server,roce_adp_retrans,0,0,0
server,roce_adp_retrans_to,0,0,0
server,roce_slow_restart,0,0,0
server,roce_slow_restart_cnps,0,0,0
server,roce_slow_restart_trans,0,0,0
server,rp_cnp_handled,0,0,0
server,rp_cnp_ignored,0,0,0
server,rx_atomic_requests,0,0,0
server,rx_dct_connect,0,0,0
server,rx_icrc_encapsulated,0,0,0
server,rx_read_requests,274,274,0
server,rx_write_requests,1606999564,1606999564,0
# RNR_RETRY_EXC,trial=78,status=13,vendor_err=0x87,latency_us=251
client,local_ack_timeout_err,0,0,0
client,out_of_sequence,0,0,0
client,packet_seq_err,0,0,0
client,implied_nak_seq_err,0,0,0
client,rnr_nak_retry_err,178,179,1
client,req_cqe_error,1620,1621,1
client,resp_cqe_error,0,0,0
client,req_cqe_flush_error,0,0,0
client,resp_cqe_flush_error,0,0,0
client,req_remote_invalid_request,200,200,0
client,req_remote_access_errors,390,390,0
client,resp_remote_access_errors,0,0,0
client,resp_local_length_error,0,0,0
client,duplicate_request,0,0,0
client,out_of_buffer,0,0,0
client,rx_icrc_encapsulated,0,0,0
client,req_transport_retries_exceeded,0,0,0
client,req_rnr_retries_exceeded,178,179,1
client,roce_adp_retrans,114,114,0
client,roce_adp_retrans_to,0,0,0
client,roce_slow_restart,0,0,0
client,port_rcv_errors,0,0,0
client,local_link_integrity_errors,0,0,0
client,link_error_recovery,0,0,0
client,link_downed,0,0,0
server,duplicate_request,0,0,0
server,implied_nak_seq_err,0,0,0
server,lifespan,10,10,0
server,local_ack_timeout_err,0,0,0
server,np_cnp_sent,1,1,0
server,np_ecn_marked_roce_packets,0,0,0
server,out_of_buffer,961,962,1
server,out_of_sequence,1,1,0
server,packet_seq_err,0,0,0
server,req_cqe_error,50,50,0
server,req_cqe_flush_error,0,0,0
server,req_remote_access_errors,10,10,0
server,req_remote_invalid_request,10,10,0
server,req_rnr_retries_exceeded,0,0,0
server,req_transport_retries_exceeded,0,0,0
server,resp_cqe_error,0,0,0
server,resp_cqe_flush_error,0,0,0
server,resp_local_length_error,0,0,0
server,resp_remote_access_errors,0,0,0
server,rnr_nak_retry_err,0,0,0
server,roce_adp_retrans,0,0,0
server,roce_adp_retrans_to,0,0,0
server,roce_slow_restart,0,0,0
server,roce_slow_restart_cnps,0,0,0
server,roce_slow_restart_trans,0,0,0
server,rp_cnp_handled,0,0,0
server,rp_cnp_ignored,0,0,0
server,rx_atomic_requests,0,0,0
server,rx_dct_connect,0,0,0
server,rx_icrc_encapsulated,0,0,0
server,rx_read_requests,274,274,0
server,rx_write_requests,1606999564,1606999564,0
# RNR_RETRY_EXC,trial=79,status=13,vendor_err=0x87,latency_us=249
client,local_ack_timeout_err,0,0,0
client,out_of_sequence,0,0,0
client,packet_seq_err,0,0,0
client,implied_nak_seq_err,0,0,0
client,rnr_nak_retry_err,179,180,1
client,req_cqe_error,1621,1622,1
client,resp_cqe_error,0,0,0
client,req_cqe_flush_error,0,0,0
client,resp_cqe_flush_error,0,0,0
client,req_remote_invalid_request,200,200,0
client,req_remote_access_errors,390,390,0
client,resp_remote_access_errors,0,0,0
client,resp_local_length_error,0,0,0
client,duplicate_request,0,0,0
client,out_of_buffer,0,0,0
client,rx_icrc_encapsulated,0,0,0
client,req_transport_retries_exceeded,0,0,0
client,req_rnr_retries_exceeded,179,180,1
client,roce_adp_retrans,114,114,0
client,roce_adp_retrans_to,0,0,0
client,roce_slow_restart,0,0,0
client,port_rcv_errors,0,0,0
client,local_link_integrity_errors,0,0,0
client,link_error_recovery,0,0,0
client,link_downed,0,0,0
server,duplicate_request,0,0,0
server,implied_nak_seq_err,0,0,0
server,lifespan,10,10,0
server,local_ack_timeout_err,0,0,0
server,np_cnp_sent,1,1,0
server,np_ecn_marked_roce_packets,0,0,0
server,out_of_buffer,962,963,1
server,out_of_sequence,1,1,0
server,packet_seq_err,0,0,0
server,req_cqe_error,50,50,0
server,req_cqe_flush_error,0,0,0
server,req_remote_access_errors,10,10,0
server,req_remote_invalid_request,10,10,0
server,req_rnr_retries_exceeded,0,0,0
server,req_transport_retries_exceeded,0,0,0
server,resp_cqe_error,0,0,0
server,resp_cqe_flush_error,0,0,0
server,resp_local_length_error,0,0,0
server,resp_remote_access_errors,0,0,0
server,rnr_nak_retry_err,0,0,0
server,roce_adp_retrans,0,0,0
server,roce_adp_retrans_to,0,0,0
server,roce_slow_restart,0,0,0
server,roce_slow_restart_cnps,0,0,0
server,roce_slow_restart_trans,0,0,0
server,rp_cnp_handled,0,0,0
server,rp_cnp_ignored,0,0,0
server,rx_atomic_requests,0,0,0
server,rx_dct_connect,0,0,0
server,rx_icrc_encapsulated,0,0,0
server,rx_read_requests,274,274,0
server,rx_write_requests,1606999564,1606999564,0
# RNR_RETRY_EXC,trial=80,status=13,vendor_err=0x87,latency_us=251
client,local_ack_timeout_err,0,0,0
client,out_of_sequence,0,0,0
client,packet_seq_err,0,0,0
client,implied_nak_seq_err,0,0,0
client,rnr_nak_retry_err,180,181,1
client,req_cqe_error,1622,1623,1
client,resp_cqe_error,0,0,0
client,req_cqe_flush_error,0,0,0
client,resp_cqe_flush_error,0,0,0
client,req_remote_invalid_request,200,200,0
client,req_remote_access_errors,390,390,0
client,resp_remote_access_errors,0,0,0
client,resp_local_length_error,0,0,0
client,duplicate_request,0,0,0
client,out_of_buffer,0,0,0
client,rx_icrc_encapsulated,0,0,0
client,req_transport_retries_exceeded,0,0,0
client,req_rnr_retries_exceeded,180,181,1
client,roce_adp_retrans,114,114,0
client,roce_adp_retrans_to,0,0,0
client,roce_slow_restart,0,0,0
client,port_rcv_errors,0,0,0
client,local_link_integrity_errors,0,0,0
client,link_error_recovery,0,0,0
client,link_downed,0,0,0
server,duplicate_request,0,0,0
server,implied_nak_seq_err,0,0,0
server,lifespan,10,10,0
server,local_ack_timeout_err,0,0,0
server,np_cnp_sent,1,1,0
server,np_ecn_marked_roce_packets,0,0,0
server,out_of_buffer,963,964,1
server,out_of_sequence,1,1,0
server,packet_seq_err,0,0,0
server,req_cqe_error,50,50,0
server,req_cqe_flush_error,0,0,0
server,req_remote_access_errors,10,10,0
server,req_remote_invalid_request,10,10,0
server,req_rnr_retries_exceeded,0,0,0
server,req_transport_retries_exceeded,0,0,0
server,resp_cqe_error,0,0,0
server,resp_cqe_flush_error,0,0,0
server,resp_local_length_error,0,0,0
server,resp_remote_access_errors,0,0,0
server,rnr_nak_retry_err,0,0,0
server,roce_adp_retrans,0,0,0
server,roce_adp_retrans_to,0,0,0
server,roce_slow_restart,0,0,0
server,roce_slow_restart_cnps,0,0,0
server,roce_slow_restart_trans,0,0,0
server,rp_cnp_handled,0,0,0
server,rp_cnp_ignored,0,0,0
server,rx_atomic_requests,0,0,0
server,rx_dct_connect,0,0,0
server,rx_icrc_encapsulated,0,0,0
server,rx_read_requests,274,274,0
server,rx_write_requests,1606999564,1606999564,0
# RNR_RETRY_EXC,trial=81,status=13,vendor_err=0x87,latency_us=250
client,local_ack_timeout_err,0,0,0
client,out_of_sequence,0,0,0
client,packet_seq_err,0,0,0
client,implied_nak_seq_err,0,0,0
client,rnr_nak_retry_err,181,182,1
client,req_cqe_error,1623,1624,1
client,resp_cqe_error,0,0,0
client,req_cqe_flush_error,0,0,0
client,resp_cqe_flush_error,0,0,0
client,req_remote_invalid_request,200,200,0
client,req_remote_access_errors,390,390,0
client,resp_remote_access_errors,0,0,0
client,resp_local_length_error,0,0,0
client,duplicate_request,0,0,0
client,out_of_buffer,0,0,0
client,rx_icrc_encapsulated,0,0,0
client,req_transport_retries_exceeded,0,0,0
client,req_rnr_retries_exceeded,181,182,1
client,roce_adp_retrans,114,114,0
client,roce_adp_retrans_to,0,0,0
client,roce_slow_restart,0,0,0
client,port_rcv_errors,0,0,0
client,local_link_integrity_errors,0,0,0
client,link_error_recovery,0,0,0
client,link_downed,0,0,0
server,duplicate_request,0,0,0
server,implied_nak_seq_err,0,0,0
server,lifespan,10,10,0
server,local_ack_timeout_err,0,0,0
server,np_cnp_sent,1,1,0
server,np_ecn_marked_roce_packets,0,0,0
server,out_of_buffer,964,965,1
server,out_of_sequence,1,1,0
server,packet_seq_err,0,0,0
server,req_cqe_error,50,50,0
server,req_cqe_flush_error,0,0,0
server,req_remote_access_errors,10,10,0
server,req_remote_invalid_request,10,10,0
server,req_rnr_retries_exceeded,0,0,0
server,req_transport_retries_exceeded,0,0,0
server,resp_cqe_error,0,0,0
server,resp_cqe_flush_error,0,0,0
server,resp_local_length_error,0,0,0
server,resp_remote_access_errors,0,0,0
server,rnr_nak_retry_err,0,0,0
server,roce_adp_retrans,0,0,0
server,roce_adp_retrans_to,0,0,0
server,roce_slow_restart,0,0,0
server,roce_slow_restart_cnps,0,0,0
server,roce_slow_restart_trans,0,0,0
server,rp_cnp_handled,0,0,0
server,rp_cnp_ignored,0,0,0
server,rx_atomic_requests,0,0,0
server,rx_dct_connect,0,0,0
server,rx_icrc_encapsulated,0,0,0
server,rx_read_requests,274,274,0
server,rx_write_requests,1606999564,1606999564,0
# RNR_RETRY_EXC,trial=82,status=13,vendor_err=0x87,latency_us=250
client,local_ack_timeout_err,0,0,0
client,out_of_sequence,0,0,0
client,packet_seq_err,0,0,0
client,implied_nak_seq_err,0,0,0
client,rnr_nak_retry_err,182,183,1
client,req_cqe_error,1624,1625,1
client,resp_cqe_error,0,0,0
client,req_cqe_flush_error,0,0,0
client,resp_cqe_flush_error,0,0,0
client,req_remote_invalid_request,200,200,0
client,req_remote_access_errors,390,390,0
client,resp_remote_access_errors,0,0,0
client,resp_local_length_error,0,0,0
client,duplicate_request,0,0,0
client,out_of_buffer,0,0,0
client,rx_icrc_encapsulated,0,0,0
client,req_transport_retries_exceeded,0,0,0
client,req_rnr_retries_exceeded,182,183,1
client,roce_adp_retrans,114,114,0
client,roce_adp_retrans_to,0,0,0
client,roce_slow_restart,0,0,0
client,port_rcv_errors,0,0,0
client,local_link_integrity_errors,0,0,0
client,link_error_recovery,0,0,0
client,link_downed,0,0,0
server,duplicate_request,0,0,0
server,implied_nak_seq_err,0,0,0
server,lifespan,10,10,0
server,local_ack_timeout_err,0,0,0
server,np_cnp_sent,1,1,0
server,np_ecn_marked_roce_packets,0,0,0
server,out_of_buffer,965,966,1
server,out_of_sequence,1,1,0
server,packet_seq_err,0,0,0
server,req_cqe_error,50,50,0
server,req_cqe_flush_error,0,0,0
server,req_remote_access_errors,10,10,0
server,req_remote_invalid_request,10,10,0
server,req_rnr_retries_exceeded,0,0,0
server,req_transport_retries_exceeded,0,0,0
server,resp_cqe_error,0,0,0
server,resp_cqe_flush_error,0,0,0
server,resp_local_length_error,0,0,0
server,resp_remote_access_errors,0,0,0
server,rnr_nak_retry_err,0,0,0
server,roce_adp_retrans,0,0,0
server,roce_adp_retrans_to,0,0,0
server,roce_slow_restart,0,0,0
server,roce_slow_restart_cnps,0,0,0
server,roce_slow_restart_trans,0,0,0
server,rp_cnp_handled,0,0,0
server,rp_cnp_ignored,0,0,0
server,rx_atomic_requests,0,0,0
server,rx_dct_connect,0,0,0
server,rx_icrc_encapsulated,0,0,0
server,rx_read_requests,274,274,0
server,rx_write_requests,1606999564,1606999564,0
# RNR_RETRY_EXC,trial=83,status=13,vendor_err=0x87,latency_us=250
client,local_ack_timeout_err,0,0,0
client,out_of_sequence,0,0,0
client,packet_seq_err,0,0,0
client,implied_nak_seq_err,0,0,0
client,rnr_nak_retry_err,183,184,1
client,req_cqe_error,1625,1626,1
client,resp_cqe_error,0,0,0
client,req_cqe_flush_error,0,0,0
client,resp_cqe_flush_error,0,0,0
client,req_remote_invalid_request,200,200,0
client,req_remote_access_errors,390,390,0
client,resp_remote_access_errors,0,0,0
client,resp_local_length_error,0,0,0
client,duplicate_request,0,0,0
client,out_of_buffer,0,0,0
client,rx_icrc_encapsulated,0,0,0
client,req_transport_retries_exceeded,0,0,0
client,req_rnr_retries_exceeded,183,184,1
client,roce_adp_retrans,114,114,0
client,roce_adp_retrans_to,0,0,0
client,roce_slow_restart,0,0,0
client,port_rcv_errors,0,0,0
client,local_link_integrity_errors,0,0,0
client,link_error_recovery,0,0,0
client,link_downed,0,0,0
server,duplicate_request,0,0,0
server,implied_nak_seq_err,0,0,0
server,lifespan,10,10,0
server,local_ack_timeout_err,0,0,0
server,np_cnp_sent,1,1,0
server,np_ecn_marked_roce_packets,0,0,0
server,out_of_buffer,966,967,1
server,out_of_sequence,1,1,0
server,packet_seq_err,0,0,0
server,req_cqe_error,50,50,0
server,req_cqe_flush_error,0,0,0
server,req_remote_access_errors,10,10,0
server,req_remote_invalid_request,10,10,0
server,req_rnr_retries_exceeded,0,0,0
server,req_transport_retries_exceeded,0,0,0
server,resp_cqe_error,0,0,0
server,resp_cqe_flush_error,0,0,0
server,resp_local_length_error,0,0,0
server,resp_remote_access_errors,0,0,0
server,rnr_nak_retry_err,0,0,0
server,roce_adp_retrans,0,0,0
server,roce_adp_retrans_to,0,0,0
server,roce_slow_restart,0,0,0
server,roce_slow_restart_cnps,0,0,0
server,roce_slow_restart_trans,0,0,0
server,rp_cnp_handled,0,0,0
server,rp_cnp_ignored,0,0,0
server,rx_atomic_requests,0,0,0
server,rx_dct_connect,0,0,0
server,rx_icrc_encapsulated,0,0,0
server,rx_read_requests,274,274,0
server,rx_write_requests,1606999564,1606999564,0
# RNR_RETRY_EXC,trial=84,status=13,vendor_err=0x87,latency_us=249
client,local_ack_timeout_err,0,0,0
client,out_of_sequence,0,0,0
client,packet_seq_err,0,0,0
client,implied_nak_seq_err,0,0,0
client,rnr_nak_retry_err,184,185,1
client,req_cqe_error,1626,1627,1
client,resp_cqe_error,0,0,0
client,req_cqe_flush_error,0,0,0
client,resp_cqe_flush_error,0,0,0
client,req_remote_invalid_request,200,200,0
client,req_remote_access_errors,390,390,0
client,resp_remote_access_errors,0,0,0
client,resp_local_length_error,0,0,0
client,duplicate_request,0,0,0
client,out_of_buffer,0,0,0
client,rx_icrc_encapsulated,0,0,0
client,req_transport_retries_exceeded,0,0,0
client,req_rnr_retries_exceeded,184,185,1
client,roce_adp_retrans,114,114,0
client,roce_adp_retrans_to,0,0,0
client,roce_slow_restart,0,0,0
client,port_rcv_errors,0,0,0
client,local_link_integrity_errors,0,0,0
client,link_error_recovery,0,0,0
client,link_downed,0,0,0
server,duplicate_request,0,0,0
server,implied_nak_seq_err,0,0,0
server,lifespan,10,10,0
server,local_ack_timeout_err,0,0,0
server,np_cnp_sent,1,1,0
server,np_ecn_marked_roce_packets,0,0,0
server,out_of_buffer,967,968,1
server,out_of_sequence,1,1,0
server,packet_seq_err,0,0,0
server,req_cqe_error,50,50,0
server,req_cqe_flush_error,0,0,0
server,req_remote_access_errors,10,10,0
server,req_remote_invalid_request,10,10,0
server,req_rnr_retries_exceeded,0,0,0
server,req_transport_retries_exceeded,0,0,0
server,resp_cqe_error,0,0,0
server,resp_cqe_flush_error,0,0,0
server,resp_local_length_error,0,0,0
server,resp_remote_access_errors,0,0,0
server,rnr_nak_retry_err,0,0,0
server,roce_adp_retrans,0,0,0
server,roce_adp_retrans_to,0,0,0
server,roce_slow_restart,0,0,0
server,roce_slow_restart_cnps,0,0,0
server,roce_slow_restart_trans,0,0,0
server,rp_cnp_handled,0,0,0
server,rp_cnp_ignored,0,0,0
server,rx_atomic_requests,0,0,0
server,rx_dct_connect,0,0,0
server,rx_icrc_encapsulated,0,0,0
server,rx_read_requests,274,274,0
server,rx_write_requests,1606999564,1606999564,0
# RNR_RETRY_EXC,trial=85,status=13,vendor_err=0x87,latency_us=253
client,local_ack_timeout_err,0,0,0
client,out_of_sequence,0,0,0
client,packet_seq_err,0,0,0
client,implied_nak_seq_err,0,0,0
client,rnr_nak_retry_err,185,186,1
client,req_cqe_error,1627,1628,1
client,resp_cqe_error,0,0,0
client,req_cqe_flush_error,0,0,0
client,resp_cqe_flush_error,0,0,0
client,req_remote_invalid_request,200,200,0
client,req_remote_access_errors,390,390,0
client,resp_remote_access_errors,0,0,0
client,resp_local_length_error,0,0,0
client,duplicate_request,0,0,0
client,out_of_buffer,0,0,0
client,rx_icrc_encapsulated,0,0,0
client,req_transport_retries_exceeded,0,0,0
client,req_rnr_retries_exceeded,185,186,1
client,roce_adp_retrans,114,114,0
client,roce_adp_retrans_to,0,0,0
client,roce_slow_restart,0,0,0
client,port_rcv_errors,0,0,0
client,local_link_integrity_errors,0,0,0
client,link_error_recovery,0,0,0
client,link_downed,0,0,0
server,duplicate_request,0,0,0
server,implied_nak_seq_err,0,0,0
server,lifespan,10,10,0
server,local_ack_timeout_err,0,0,0
server,np_cnp_sent,1,1,0
server,np_ecn_marked_roce_packets,0,0,0
server,out_of_buffer,968,969,1
server,out_of_sequence,1,1,0
server,packet_seq_err,0,0,0
server,req_cqe_error,50,50,0
server,req_cqe_flush_error,0,0,0
server,req_remote_access_errors,10,10,0
server,req_remote_invalid_request,10,10,0
server,req_rnr_retries_exceeded,0,0,0
server,req_transport_retries_exceeded,0,0,0
server,resp_cqe_error,0,0,0
server,resp_cqe_flush_error,0,0,0
server,resp_local_length_error,0,0,0
server,resp_remote_access_errors,0,0,0
server,rnr_nak_retry_err,0,0,0
server,roce_adp_retrans,0,0,0
server,roce_adp_retrans_to,0,0,0
server,roce_slow_restart,0,0,0
server,roce_slow_restart_cnps,0,0,0
server,roce_slow_restart_trans,0,0,0
server,rp_cnp_handled,0,0,0
server,rp_cnp_ignored,0,0,0
server,rx_atomic_requests,0,0,0
server,rx_dct_connect,0,0,0
server,rx_icrc_encapsulated,0,0,0
server,rx_read_requests,274,274,0
server,rx_write_requests,1606999564,1606999564,0
# RNR_RETRY_EXC,trial=86,status=13,vendor_err=0x87,latency_us=249
client,local_ack_timeout_err,0,0,0
client,out_of_sequence,0,0,0
client,packet_seq_err,0,0,0
client,implied_nak_seq_err,0,0,0
client,rnr_nak_retry_err,186,187,1
client,req_cqe_error,1628,1629,1
client,resp_cqe_error,0,0,0
client,req_cqe_flush_error,0,0,0
client,resp_cqe_flush_error,0,0,0
client,req_remote_invalid_request,200,200,0
client,req_remote_access_errors,390,390,0
client,resp_remote_access_errors,0,0,0
client,resp_local_length_error,0,0,0
client,duplicate_request,0,0,0
client,out_of_buffer,0,0,0
client,rx_icrc_encapsulated,0,0,0
client,req_transport_retries_exceeded,0,0,0
client,req_rnr_retries_exceeded,186,187,1
client,roce_adp_retrans,114,114,0
client,roce_adp_retrans_to,0,0,0
client,roce_slow_restart,0,0,0
client,port_rcv_errors,0,0,0
client,local_link_integrity_errors,0,0,0
client,link_error_recovery,0,0,0
client,link_downed,0,0,0
server,duplicate_request,0,0,0
server,implied_nak_seq_err,0,0,0
server,lifespan,10,10,0
server,local_ack_timeout_err,0,0,0
server,np_cnp_sent,1,1,0
server,np_ecn_marked_roce_packets,0,0,0
server,out_of_buffer,969,970,1
server,out_of_sequence,1,1,0
server,packet_seq_err,0,0,0
server,req_cqe_error,50,50,0
server,req_cqe_flush_error,0,0,0
server,req_remote_access_errors,10,10,0
server,req_remote_invalid_request,10,10,0
server,req_rnr_retries_exceeded,0,0,0
server,req_transport_retries_exceeded,0,0,0
server,resp_cqe_error,0,0,0
server,resp_cqe_flush_error,0,0,0
server,resp_local_length_error,0,0,0
server,resp_remote_access_errors,0,0,0
server,rnr_nak_retry_err,0,0,0
server,roce_adp_retrans,0,0,0
server,roce_adp_retrans_to,0,0,0
server,roce_slow_restart,0,0,0
server,roce_slow_restart_cnps,0,0,0
server,roce_slow_restart_trans,0,0,0
server,rp_cnp_handled,0,0,0
server,rp_cnp_ignored,0,0,0
server,rx_atomic_requests,0,0,0
server,rx_dct_connect,0,0,0
server,rx_icrc_encapsulated,0,0,0
server,rx_read_requests,274,274,0
server,rx_write_requests,1606999564,1606999564,0
# RNR_RETRY_EXC,trial=87,status=13,vendor_err=0x87,latency_us=254
client,local_ack_timeout_err,0,0,0
client,out_of_sequence,0,0,0
client,packet_seq_err,0,0,0
client,implied_nak_seq_err,0,0,0
client,rnr_nak_retry_err,187,188,1
client,req_cqe_error,1629,1630,1
client,resp_cqe_error,0,0,0
client,req_cqe_flush_error,0,0,0
client,resp_cqe_flush_error,0,0,0
client,req_remote_invalid_request,200,200,0
client,req_remote_access_errors,390,390,0
client,resp_remote_access_errors,0,0,0
client,resp_local_length_error,0,0,0
client,duplicate_request,0,0,0
client,out_of_buffer,0,0,0
client,rx_icrc_encapsulated,0,0,0
client,req_transport_retries_exceeded,0,0,0
client,req_rnr_retries_exceeded,187,188,1
client,roce_adp_retrans,114,114,0
client,roce_adp_retrans_to,0,0,0
client,roce_slow_restart,0,0,0
client,port_rcv_errors,0,0,0
client,local_link_integrity_errors,0,0,0
client,link_error_recovery,0,0,0
client,link_downed,0,0,0
server,duplicate_request,0,0,0
server,implied_nak_seq_err,0,0,0
server,lifespan,10,10,0
server,local_ack_timeout_err,0,0,0
server,np_cnp_sent,1,1,0
server,np_ecn_marked_roce_packets,0,0,0
server,out_of_buffer,970,971,1
server,out_of_sequence,1,1,0
server,packet_seq_err,0,0,0
server,req_cqe_error,50,50,0
server,req_cqe_flush_error,0,0,0
server,req_remote_access_errors,10,10,0
server,req_remote_invalid_request,10,10,0
server,req_rnr_retries_exceeded,0,0,0
server,req_transport_retries_exceeded,0,0,0
server,resp_cqe_error,0,0,0
server,resp_cqe_flush_error,0,0,0
server,resp_local_length_error,0,0,0
server,resp_remote_access_errors,0,0,0
server,rnr_nak_retry_err,0,0,0
server,roce_adp_retrans,0,0,0
server,roce_adp_retrans_to,0,0,0
server,roce_slow_restart,0,0,0
server,roce_slow_restart_cnps,0,0,0
server,roce_slow_restart_trans,0,0,0
server,rp_cnp_handled,0,0,0
server,rp_cnp_ignored,0,0,0
server,rx_atomic_requests,0,0,0
server,rx_dct_connect,0,0,0
server,rx_icrc_encapsulated,0,0,0
server,rx_read_requests,274,274,0
server,rx_write_requests,1606999564,1606999564,0
# RNR_RETRY_EXC,trial=88,status=13,vendor_err=0x87,latency_us=254
client,local_ack_timeout_err,0,0,0
client,out_of_sequence,0,0,0
client,packet_seq_err,0,0,0
client,implied_nak_seq_err,0,0,0
client,rnr_nak_retry_err,188,189,1
client,req_cqe_error,1630,1631,1
client,resp_cqe_error,0,0,0
client,req_cqe_flush_error,0,0,0
client,resp_cqe_flush_error,0,0,0
client,req_remote_invalid_request,200,200,0
client,req_remote_access_errors,390,390,0
client,resp_remote_access_errors,0,0,0
client,resp_local_length_error,0,0,0
client,duplicate_request,0,0,0
client,out_of_buffer,0,0,0
client,rx_icrc_encapsulated,0,0,0
client,req_transport_retries_exceeded,0,0,0
client,req_rnr_retries_exceeded,188,189,1
client,roce_adp_retrans,114,114,0
client,roce_adp_retrans_to,0,0,0
client,roce_slow_restart,0,0,0
client,port_rcv_errors,0,0,0
client,local_link_integrity_errors,0,0,0
client,link_error_recovery,0,0,0
client,link_downed,0,0,0
server,duplicate_request,0,0,0
server,implied_nak_seq_err,0,0,0
server,lifespan,10,10,0
server,local_ack_timeout_err,0,0,0
server,np_cnp_sent,1,1,0
server,np_ecn_marked_roce_packets,0,0,0
server,out_of_buffer,971,972,1
server,out_of_sequence,1,1,0
server,packet_seq_err,0,0,0
server,req_cqe_error,50,50,0
server,req_cqe_flush_error,0,0,0
server,req_remote_access_errors,10,10,0
server,req_remote_invalid_request,10,10,0
server,req_rnr_retries_exceeded,0,0,0
server,req_transport_retries_exceeded,0,0,0
server,resp_cqe_error,0,0,0
server,resp_cqe_flush_error,0,0,0
server,resp_local_length_error,0,0,0
server,resp_remote_access_errors,0,0,0
server,rnr_nak_retry_err,0,0,0
server,roce_adp_retrans,0,0,0
server,roce_adp_retrans_to,0,0,0
server,roce_slow_restart,0,0,0
server,roce_slow_restart_cnps,0,0,0
server,roce_slow_restart_trans,0,0,0
server,rp_cnp_handled,0,0,0
server,rp_cnp_ignored,0,0,0
server,rx_atomic_requests,0,0,0
server,rx_dct_connect,0,0,0
server,rx_icrc_encapsulated,0,0,0
server,rx_read_requests,274,274,0
server,rx_write_requests,1606999564,1606999564,0
# RNR_RETRY_EXC,trial=89,status=13,vendor_err=0x87,latency_us=253
client,local_ack_timeout_err,0,0,0
client,out_of_sequence,0,0,0
client,packet_seq_err,0,0,0
client,implied_nak_seq_err,0,0,0
client,rnr_nak_retry_err,189,190,1
client,req_cqe_error,1631,1632,1
client,resp_cqe_error,0,0,0
client,req_cqe_flush_error,0,0,0
client,resp_cqe_flush_error,0,0,0
client,req_remote_invalid_request,200,200,0
client,req_remote_access_errors,390,390,0
client,resp_remote_access_errors,0,0,0
client,resp_local_length_error,0,0,0
client,duplicate_request,0,0,0
client,out_of_buffer,0,0,0
client,rx_icrc_encapsulated,0,0,0
client,req_transport_retries_exceeded,0,0,0
client,req_rnr_retries_exceeded,189,190,1
client,roce_adp_retrans,114,114,0
client,roce_adp_retrans_to,0,0,0
client,roce_slow_restart,0,0,0
client,port_rcv_errors,0,0,0
client,local_link_integrity_errors,0,0,0
client,link_error_recovery,0,0,0
client,link_downed,0,0,0
server,duplicate_request,0,0,0
server,implied_nak_seq_err,0,0,0
server,lifespan,10,10,0
server,local_ack_timeout_err,0,0,0
server,np_cnp_sent,1,1,0
server,np_ecn_marked_roce_packets,0,0,0
server,out_of_buffer,972,973,1
server,out_of_sequence,1,1,0
server,packet_seq_err,0,0,0
server,req_cqe_error,50,50,0
server,req_cqe_flush_error,0,0,0
server,req_remote_access_errors,10,10,0
server,req_remote_invalid_request,10,10,0
server,req_rnr_retries_exceeded,0,0,0
server,req_transport_retries_exceeded,0,0,0
server,resp_cqe_error,0,0,0
server,resp_cqe_flush_error,0,0,0
server,resp_local_length_error,0,0,0
server,resp_remote_access_errors,0,0,0
server,rnr_nak_retry_err,0,0,0
server,roce_adp_retrans,0,0,0
server,roce_adp_retrans_to,0,0,0
server,roce_slow_restart,0,0,0
server,roce_slow_restart_cnps,0,0,0
server,roce_slow_restart_trans,0,0,0
server,rp_cnp_handled,0,0,0
server,rp_cnp_ignored,0,0,0
server,rx_atomic_requests,0,0,0
server,rx_dct_connect,0,0,0
server,rx_icrc_encapsulated,0,0,0
server,rx_read_requests,274,274,0
server,rx_write_requests,1606999564,1606999564,0
# RNR_RETRY_EXC,trial=90,status=13,vendor_err=0x87,latency_us=250
client,local_ack_timeout_err,0,0,0
client,out_of_sequence,0,0,0
client,packet_seq_err,0,0,0
client,implied_nak_seq_err,0,0,0
client,rnr_nak_retry_err,190,191,1
client,req_cqe_error,1632,1633,1
client,resp_cqe_error,0,0,0
client,req_cqe_flush_error,0,0,0
client,resp_cqe_flush_error,0,0,0
client,req_remote_invalid_request,200,200,0
client,req_remote_access_errors,390,390,0
client,resp_remote_access_errors,0,0,0
client,resp_local_length_error,0,0,0
client,duplicate_request,0,0,0
client,out_of_buffer,0,0,0
client,rx_icrc_encapsulated,0,0,0
client,req_transport_retries_exceeded,0,0,0
client,req_rnr_retries_exceeded,190,191,1
client,roce_adp_retrans,114,114,0
client,roce_adp_retrans_to,0,0,0
client,roce_slow_restart,0,0,0
client,port_rcv_errors,0,0,0
client,local_link_integrity_errors,0,0,0
client,link_error_recovery,0,0,0
client,link_downed,0,0,0
server,duplicate_request,0,0,0
server,implied_nak_seq_err,0,0,0
server,lifespan,10,10,0
server,local_ack_timeout_err,0,0,0
server,np_cnp_sent,1,1,0
server,np_ecn_marked_roce_packets,0,0,0
server,out_of_buffer,973,974,1
server,out_of_sequence,1,1,0
server,packet_seq_err,0,0,0
server,req_cqe_error,50,50,0
server,req_cqe_flush_error,0,0,0
server,req_remote_access_errors,10,10,0
server,req_remote_invalid_request,10,10,0
server,req_rnr_retries_exceeded,0,0,0
server,req_transport_retries_exceeded,0,0,0
server,resp_cqe_error,0,0,0
server,resp_cqe_flush_error,0,0,0
server,resp_local_length_error,0,0,0
server,resp_remote_access_errors,0,0,0
server,rnr_nak_retry_err,0,0,0
server,roce_adp_retrans,0,0,0
server,roce_adp_retrans_to,0,0,0
server,roce_slow_restart,0,0,0
server,roce_slow_restart_cnps,0,0,0
server,roce_slow_restart_trans,0,0,0
server,rp_cnp_handled,0,0,0
server,rp_cnp_ignored,0,0,0
server,rx_atomic_requests,0,0,0
server,rx_dct_connect,0,0,0
server,rx_icrc_encapsulated,0,0,0
server,rx_read_requests,274,274,0
server,rx_write_requests,1606999564,1606999564,0
# RNR_RETRY_EXC,trial=91,status=13,vendor_err=0x87,latency_us=251
client,local_ack_timeout_err,0,0,0
client,out_of_sequence,0,0,0
client,packet_seq_err,0,0,0
client,implied_nak_seq_err,0,0,0
client,rnr_nak_retry_err,191,192,1
client,req_cqe_error,1633,1634,1
client,resp_cqe_error,0,0,0
client,req_cqe_flush_error,0,0,0
client,resp_cqe_flush_error,0,0,0
client,req_remote_invalid_request,200,200,0
client,req_remote_access_errors,390,390,0
client,resp_remote_access_errors,0,0,0
client,resp_local_length_error,0,0,0
client,duplicate_request,0,0,0
client,out_of_buffer,0,0,0
client,rx_icrc_encapsulated,0,0,0
client,req_transport_retries_exceeded,0,0,0
client,req_rnr_retries_exceeded,191,192,1
client,roce_adp_retrans,114,114,0
client,roce_adp_retrans_to,0,0,0
client,roce_slow_restart,0,0,0
client,port_rcv_errors,0,0,0
client,local_link_integrity_errors,0,0,0
client,link_error_recovery,0,0,0
client,link_downed,0,0,0
server,duplicate_request,0,0,0
server,implied_nak_seq_err,0,0,0
server,lifespan,10,10,0
server,local_ack_timeout_err,0,0,0
server,np_cnp_sent,1,1,0
server,np_ecn_marked_roce_packets,0,0,0
server,out_of_buffer,974,975,1
server,out_of_sequence,1,1,0
server,packet_seq_err,0,0,0
server,req_cqe_error,50,50,0
server,req_cqe_flush_error,0,0,0
server,req_remote_access_errors,10,10,0
server,req_remote_invalid_request,10,10,0
server,req_rnr_retries_exceeded,0,0,0
server,req_transport_retries_exceeded,0,0,0
server,resp_cqe_error,0,0,0
server,resp_cqe_flush_error,0,0,0
server,resp_local_length_error,0,0,0
server,resp_remote_access_errors,0,0,0
server,rnr_nak_retry_err,0,0,0
server,roce_adp_retrans,0,0,0
server,roce_adp_retrans_to,0,0,0
server,roce_slow_restart,0,0,0
server,roce_slow_restart_cnps,0,0,0
server,roce_slow_restart_trans,0,0,0
server,rp_cnp_handled,0,0,0
server,rp_cnp_ignored,0,0,0
server,rx_atomic_requests,0,0,0
server,rx_dct_connect,0,0,0
server,rx_icrc_encapsulated,0,0,0
server,rx_read_requests,274,274,0
server,rx_write_requests,1606999564,1606999564,0
# RNR_RETRY_EXC,trial=92,status=13,vendor_err=0x87,latency_us=254
client,local_ack_timeout_err,0,0,0
client,out_of_sequence,0,0,0
client,packet_seq_err,0,0,0
client,implied_nak_seq_err,0,0,0
client,rnr_nak_retry_err,192,193,1
client,req_cqe_error,1634,1635,1
client,resp_cqe_error,0,0,0
client,req_cqe_flush_error,0,0,0
client,resp_cqe_flush_error,0,0,0
client,req_remote_invalid_request,200,200,0
client,req_remote_access_errors,390,390,0
client,resp_remote_access_errors,0,0,0
client,resp_local_length_error,0,0,0
client,duplicate_request,0,0,0
client,out_of_buffer,0,0,0
client,rx_icrc_encapsulated,0,0,0
client,req_transport_retries_exceeded,0,0,0
client,req_rnr_retries_exceeded,192,193,1
client,roce_adp_retrans,114,114,0
client,roce_adp_retrans_to,0,0,0
client,roce_slow_restart,0,0,0
client,port_rcv_errors,0,0,0
client,local_link_integrity_errors,0,0,0
client,link_error_recovery,0,0,0
client,link_downed,0,0,0
server,duplicate_request,0,0,0
server,implied_nak_seq_err,0,0,0
server,lifespan,10,10,0
server,local_ack_timeout_err,0,0,0
server,np_cnp_sent,1,1,0
server,np_ecn_marked_roce_packets,0,0,0
server,out_of_buffer,975,976,1
server,out_of_sequence,1,1,0
server,packet_seq_err,0,0,0
server,req_cqe_error,50,50,0
server,req_cqe_flush_error,0,0,0
server,req_remote_access_errors,10,10,0
server,req_remote_invalid_request,10,10,0
server,req_rnr_retries_exceeded,0,0,0
server,req_transport_retries_exceeded,0,0,0
server,resp_cqe_error,0,0,0
server,resp_cqe_flush_error,0,0,0
server,resp_local_length_error,0,0,0
server,resp_remote_access_errors,0,0,0
server,rnr_nak_retry_err,0,0,0
server,roce_adp_retrans,0,0,0
server,roce_adp_retrans_to,0,0,0
server,roce_slow_restart,0,0,0
server,roce_slow_restart_cnps,0,0,0
server,roce_slow_restart_trans,0,0,0
server,rp_cnp_handled,0,0,0
server,rp_cnp_ignored,0,0,0
server,rx_atomic_requests,0,0,0
server,rx_dct_connect,0,0,0
server,rx_icrc_encapsulated,0,0,0
server,rx_read_requests,274,274,0
server,rx_write_requests,1606999564,1606999564,0
# RNR_RETRY_EXC,trial=93,status=13,vendor_err=0x87,latency_us=251
client,local_ack_timeout_err,0,0,0
client,out_of_sequence,0,0,0
client,packet_seq_err,0,0,0
client,implied_nak_seq_err,0,0,0
client,rnr_nak_retry_err,193,194,1
client,req_cqe_error,1635,1636,1
client,resp_cqe_error,0,0,0
client,req_cqe_flush_error,0,0,0
client,resp_cqe_flush_error,0,0,0
client,req_remote_invalid_request,200,200,0
client,req_remote_access_errors,390,390,0
client,resp_remote_access_errors,0,0,0
client,resp_local_length_error,0,0,0
client,duplicate_request,0,0,0
client,out_of_buffer,0,0,0
client,rx_icrc_encapsulated,0,0,0
client,req_transport_retries_exceeded,0,0,0
client,req_rnr_retries_exceeded,193,194,1
client,roce_adp_retrans,114,114,0
client,roce_adp_retrans_to,0,0,0
client,roce_slow_restart,0,0,0
client,port_rcv_errors,0,0,0
client,local_link_integrity_errors,0,0,0
client,link_error_recovery,0,0,0
client,link_downed,0,0,0
server,duplicate_request,0,0,0
server,implied_nak_seq_err,0,0,0
server,lifespan,10,10,0
server,local_ack_timeout_err,0,0,0
server,np_cnp_sent,1,1,0
server,np_ecn_marked_roce_packets,0,0,0
server,out_of_buffer,976,977,1
server,out_of_sequence,1,1,0
server,packet_seq_err,0,0,0
server,req_cqe_error,50,50,0
server,req_cqe_flush_error,0,0,0
server,req_remote_access_errors,10,10,0
server,req_remote_invalid_request,10,10,0
server,req_rnr_retries_exceeded,0,0,0
server,req_transport_retries_exceeded,0,0,0
server,resp_cqe_error,0,0,0
server,resp_cqe_flush_error,0,0,0
server,resp_local_length_error,0,0,0
server,resp_remote_access_errors,0,0,0
server,rnr_nak_retry_err,0,0,0
server,roce_adp_retrans,0,0,0
server,roce_adp_retrans_to,0,0,0
server,roce_slow_restart,0,0,0
server,roce_slow_restart_cnps,0,0,0
server,roce_slow_restart_trans,0,0,0
server,rp_cnp_handled,0,0,0
server,rp_cnp_ignored,0,0,0
server,rx_atomic_requests,0,0,0
server,rx_dct_connect,0,0,0
server,rx_icrc_encapsulated,0,0,0
server,rx_read_requests,274,274,0
server,rx_write_requests,1606999564,1606999564,0
# RNR_RETRY_EXC,trial=94,status=13,vendor_err=0x87,latency_us=250
client,local_ack_timeout_err,0,0,0
client,out_of_sequence,0,0,0
client,packet_seq_err,0,0,0
client,implied_nak_seq_err,0,0,0
client,rnr_nak_retry_err,194,195,1
client,req_cqe_error,1636,1637,1
client,resp_cqe_error,0,0,0
client,req_cqe_flush_error,0,0,0
client,resp_cqe_flush_error,0,0,0
client,req_remote_invalid_request,200,200,0
client,req_remote_access_errors,390,390,0
client,resp_remote_access_errors,0,0,0
client,resp_local_length_error,0,0,0
client,duplicate_request,0,0,0
client,out_of_buffer,0,0,0
client,rx_icrc_encapsulated,0,0,0
client,req_transport_retries_exceeded,0,0,0
client,req_rnr_retries_exceeded,194,195,1
client,roce_adp_retrans,114,114,0
client,roce_adp_retrans_to,0,0,0
client,roce_slow_restart,0,0,0
client,port_rcv_errors,0,0,0
client,local_link_integrity_errors,0,0,0
client,link_error_recovery,0,0,0
client,link_downed,0,0,0
server,duplicate_request,0,0,0
server,implied_nak_seq_err,0,0,0
server,lifespan,10,10,0
server,local_ack_timeout_err,0,0,0
server,np_cnp_sent,1,1,0
server,np_ecn_marked_roce_packets,0,0,0
server,out_of_buffer,977,978,1
server,out_of_sequence,1,1,0
server,packet_seq_err,0,0,0
server,req_cqe_error,50,50,0
server,req_cqe_flush_error,0,0,0
server,req_remote_access_errors,10,10,0
server,req_remote_invalid_request,10,10,0
server,req_rnr_retries_exceeded,0,0,0
server,req_transport_retries_exceeded,0,0,0
server,resp_cqe_error,0,0,0
server,resp_cqe_flush_error,0,0,0
server,resp_local_length_error,0,0,0
server,resp_remote_access_errors,0,0,0
server,rnr_nak_retry_err,0,0,0
server,roce_adp_retrans,0,0,0
server,roce_adp_retrans_to,0,0,0
server,roce_slow_restart,0,0,0
server,roce_slow_restart_cnps,0,0,0
server,roce_slow_restart_trans,0,0,0
server,rp_cnp_handled,0,0,0
server,rp_cnp_ignored,0,0,0
server,rx_atomic_requests,0,0,0
server,rx_dct_connect,0,0,0
server,rx_icrc_encapsulated,0,0,0
server,rx_read_requests,274,274,0
server,rx_write_requests,1606999564,1606999564,0
# RNR_RETRY_EXC,trial=95,status=13,vendor_err=0x87,latency_us=249
client,local_ack_timeout_err,0,0,0
client,out_of_sequence,0,0,0
client,packet_seq_err,0,0,0
client,implied_nak_seq_err,0,0,0
client,rnr_nak_retry_err,195,196,1
client,req_cqe_error,1637,1638,1
client,resp_cqe_error,0,0,0
client,req_cqe_flush_error,0,0,0
client,resp_cqe_flush_error,0,0,0
client,req_remote_invalid_request,200,200,0
client,req_remote_access_errors,390,390,0
client,resp_remote_access_errors,0,0,0
client,resp_local_length_error,0,0,0
client,duplicate_request,0,0,0
client,out_of_buffer,0,0,0
client,rx_icrc_encapsulated,0,0,0
client,req_transport_retries_exceeded,0,0,0
client,req_rnr_retries_exceeded,195,196,1
client,roce_adp_retrans,114,114,0
client,roce_adp_retrans_to,0,0,0
client,roce_slow_restart,0,0,0
client,port_rcv_errors,0,0,0
client,local_link_integrity_errors,0,0,0
client,link_error_recovery,0,0,0
client,link_downed,0,0,0
server,duplicate_request,0,0,0
server,implied_nak_seq_err,0,0,0
server,lifespan,10,10,0
server,local_ack_timeout_err,0,0,0
server,np_cnp_sent,1,1,0
server,np_ecn_marked_roce_packets,0,0,0
server,out_of_buffer,978,979,1
server,out_of_sequence,1,1,0
server,packet_seq_err,0,0,0
server,req_cqe_error,50,50,0
server,req_cqe_flush_error,0,0,0
server,req_remote_access_errors,10,10,0
server,req_remote_invalid_request,10,10,0
server,req_rnr_retries_exceeded,0,0,0
server,req_transport_retries_exceeded,0,0,0
server,resp_cqe_error,0,0,0
server,resp_cqe_flush_error,0,0,0
server,resp_local_length_error,0,0,0
server,resp_remote_access_errors,0,0,0
server,rnr_nak_retry_err,0,0,0
server,roce_adp_retrans,0,0,0
server,roce_adp_retrans_to,0,0,0
server,roce_slow_restart,0,0,0
server,roce_slow_restart_cnps,0,0,0
server,roce_slow_restart_trans,0,0,0
server,rp_cnp_handled,0,0,0
server,rp_cnp_ignored,0,0,0
server,rx_atomic_requests,0,0,0
server,rx_dct_connect,0,0,0
server,rx_icrc_encapsulated,0,0,0
server,rx_read_requests,274,274,0
server,rx_write_requests,1606999564,1606999564,0
# RNR_RETRY_EXC,trial=96,status=13,vendor_err=0x87,latency_us=249
client,local_ack_timeout_err,0,0,0
client,out_of_sequence,0,0,0
client,packet_seq_err,0,0,0
client,implied_nak_seq_err,0,0,0
client,rnr_nak_retry_err,196,197,1
client,req_cqe_error,1638,1639,1
client,resp_cqe_error,0,0,0
client,req_cqe_flush_error,0,0,0
client,resp_cqe_flush_error,0,0,0
client,req_remote_invalid_request,200,200,0
client,req_remote_access_errors,390,390,0
client,resp_remote_access_errors,0,0,0
client,resp_local_length_error,0,0,0
client,duplicate_request,0,0,0
client,out_of_buffer,0,0,0
client,rx_icrc_encapsulated,0,0,0
client,req_transport_retries_exceeded,0,0,0
client,req_rnr_retries_exceeded,196,197,1
client,roce_adp_retrans,114,114,0
client,roce_adp_retrans_to,0,0,0
client,roce_slow_restart,0,0,0
client,port_rcv_errors,0,0,0
client,local_link_integrity_errors,0,0,0
client,link_error_recovery,0,0,0
client,link_downed,0,0,0
server,duplicate_request,0,0,0
server,implied_nak_seq_err,0,0,0
server,lifespan,10,10,0
server,local_ack_timeout_err,0,0,0
server,np_cnp_sent,1,1,0
server,np_ecn_marked_roce_packets,0,0,0
server,out_of_buffer,979,980,1
server,out_of_sequence,1,1,0
server,packet_seq_err,0,0,0
server,req_cqe_error,50,50,0
server,req_cqe_flush_error,0,0,0
server,req_remote_access_errors,10,10,0
server,req_remote_invalid_request,10,10,0
server,req_rnr_retries_exceeded,0,0,0
server,req_transport_retries_exceeded,0,0,0
server,resp_cqe_error,0,0,0
server,resp_cqe_flush_error,0,0,0
server,resp_local_length_error,0,0,0
server,resp_remote_access_errors,0,0,0
server,rnr_nak_retry_err,0,0,0
server,roce_adp_retrans,0,0,0
server,roce_adp_retrans_to,0,0,0
server,roce_slow_restart,0,0,0
server,roce_slow_restart_cnps,0,0,0
server,roce_slow_restart_trans,0,0,0
server,rp_cnp_handled,0,0,0
server,rp_cnp_ignored,0,0,0
server,rx_atomic_requests,0,0,0
server,rx_dct_connect,0,0,0
server,rx_icrc_encapsulated,0,0,0
server,rx_read_requests,274,274,0
server,rx_write_requests,1606999564,1606999564,0
# RNR_RETRY_EXC,trial=97,status=13,vendor_err=0x87,latency_us=250
client,local_ack_timeout_err,0,0,0
client,out_of_sequence,0,0,0
client,packet_seq_err,0,0,0
client,implied_nak_seq_err,0,0,0
client,rnr_nak_retry_err,197,198,1
client,req_cqe_error,1639,1640,1
client,resp_cqe_error,0,0,0
client,req_cqe_flush_error,0,0,0
client,resp_cqe_flush_error,0,0,0
client,req_remote_invalid_request,200,200,0
client,req_remote_access_errors,390,390,0
client,resp_remote_access_errors,0,0,0
client,resp_local_length_error,0,0,0
client,duplicate_request,0,0,0
client,out_of_buffer,0,0,0
client,rx_icrc_encapsulated,0,0,0
client,req_transport_retries_exceeded,0,0,0
client,req_rnr_retries_exceeded,197,198,1
client,roce_adp_retrans,114,114,0
client,roce_adp_retrans_to,0,0,0
client,roce_slow_restart,0,0,0
client,port_rcv_errors,0,0,0
client,local_link_integrity_errors,0,0,0
client,link_error_recovery,0,0,0
client,link_downed,0,0,0
server,duplicate_request,0,0,0
server,implied_nak_seq_err,0,0,0
server,lifespan,10,10,0
server,local_ack_timeout_err,0,0,0
server,np_cnp_sent,1,1,0
server,np_ecn_marked_roce_packets,0,0,0
server,out_of_buffer,980,981,1
server,out_of_sequence,1,1,0
server,packet_seq_err,0,0,0
server,req_cqe_error,50,50,0
server,req_cqe_flush_error,0,0,0
server,req_remote_access_errors,10,10,0
server,req_remote_invalid_request,10,10,0
server,req_rnr_retries_exceeded,0,0,0
server,req_transport_retries_exceeded,0,0,0
server,resp_cqe_error,0,0,0
server,resp_cqe_flush_error,0,0,0
server,resp_local_length_error,0,0,0
server,resp_remote_access_errors,0,0,0
server,rnr_nak_retry_err,0,0,0
server,roce_adp_retrans,0,0,0
server,roce_adp_retrans_to,0,0,0
server,roce_slow_restart,0,0,0
server,roce_slow_restart_cnps,0,0,0
server,roce_slow_restart_trans,0,0,0
server,rp_cnp_handled,0,0,0
server,rp_cnp_ignored,0,0,0
server,rx_atomic_requests,0,0,0
server,rx_dct_connect,0,0,0
server,rx_icrc_encapsulated,0,0,0
server,rx_read_requests,274,274,0
server,rx_write_requests,1606999564,1606999564,0
# RNR_RETRY_EXC,trial=98,status=13,vendor_err=0x87,latency_us=250
client,local_ack_timeout_err,0,0,0
client,out_of_sequence,0,0,0
client,packet_seq_err,0,0,0
client,implied_nak_seq_err,0,0,0
client,rnr_nak_retry_err,198,199,1
client,req_cqe_error,1640,1641,1
client,resp_cqe_error,0,0,0
client,req_cqe_flush_error,0,0,0
client,resp_cqe_flush_error,0,0,0
client,req_remote_invalid_request,200,200,0
client,req_remote_access_errors,390,390,0
client,resp_remote_access_errors,0,0,0
client,resp_local_length_error,0,0,0
client,duplicate_request,0,0,0
client,out_of_buffer,0,0,0
client,rx_icrc_encapsulated,0,0,0
client,req_transport_retries_exceeded,0,0,0
client,req_rnr_retries_exceeded,198,199,1
client,roce_adp_retrans,114,114,0
client,roce_adp_retrans_to,0,0,0
client,roce_slow_restart,0,0,0
client,port_rcv_errors,0,0,0
client,local_link_integrity_errors,0,0,0
client,link_error_recovery,0,0,0
client,link_downed,0,0,0
server,duplicate_request,0,0,0
server,implied_nak_seq_err,0,0,0
server,lifespan,10,10,0
server,local_ack_timeout_err,0,0,0
server,np_cnp_sent,1,1,0
server,np_ecn_marked_roce_packets,0,0,0
server,out_of_buffer,981,982,1
server,out_of_sequence,1,1,0
server,packet_seq_err,0,0,0
server,req_cqe_error,50,50,0
server,req_cqe_flush_error,0,0,0
server,req_remote_access_errors,10,10,0
server,req_remote_invalid_request,10,10,0
server,req_rnr_retries_exceeded,0,0,0
server,req_transport_retries_exceeded,0,0,0
server,resp_cqe_error,0,0,0
server,resp_cqe_flush_error,0,0,0
server,resp_local_length_error,0,0,0
server,resp_remote_access_errors,0,0,0
server,rnr_nak_retry_err,0,0,0
server,roce_adp_retrans,0,0,0
server,roce_adp_retrans_to,0,0,0
server,roce_slow_restart,0,0,0
server,roce_slow_restart_cnps,0,0,0
server,roce_slow_restart_trans,0,0,0
server,rp_cnp_handled,0,0,0
server,rp_cnp_ignored,0,0,0
server,rx_atomic_requests,0,0,0
server,rx_dct_connect,0,0,0
server,rx_icrc_encapsulated,0,0,0
server,rx_read_requests,274,274,0
server,rx_write_requests,1606999564,1606999564,0
# RNR_RETRY_EXC,trial=99,status=13,vendor_err=0x87,latency_us=250
client,local_ack_timeout_err,0,0,0
client,out_of_sequence,0,0,0
client,packet_seq_err,0,0,0
client,implied_nak_seq_err,0,0,0
client,rnr_nak_retry_err,199,200,1
client,req_cqe_error,1641,1642,1
client,resp_cqe_error,0,0,0
client,req_cqe_flush_error,0,0,0
client,resp_cqe_flush_error,0,0,0
client,req_remote_invalid_request,200,200,0
client,req_remote_access_errors,390,390,0
client,resp_remote_access_errors,0,0,0
client,resp_local_length_error,0,0,0
client,duplicate_request,0,0,0
client,out_of_buffer,0,0,0
client,rx_icrc_encapsulated,0,0,0
client,req_transport_retries_exceeded,0,0,0
client,req_rnr_retries_exceeded,199,200,1
client,roce_adp_retrans,114,114,0
client,roce_adp_retrans_to,0,0,0
client,roce_slow_restart,0,0,0
client,port_rcv_errors,0,0,0
client,local_link_integrity_errors,0,0,0
client,link_error_recovery,0,0,0
client,link_downed,0,0,0
server,duplicate_request,0,0,0
server,implied_nak_seq_err,0,0,0
server,lifespan,10,10,0
server,local_ack_timeout_err,0,0,0
server,np_cnp_sent,1,1,0
server,np_ecn_marked_roce_packets,0,0,0
server,out_of_buffer,982,983,1
server,out_of_sequence,1,1,0
server,packet_seq_err,0,0,0
server,req_cqe_error,50,50,0
server,req_cqe_flush_error,0,0,0
server,req_remote_access_errors,10,10,0
server,req_remote_invalid_request,10,10,0
server,req_rnr_retries_exceeded,0,0,0
server,req_transport_retries_exceeded,0,0,0
server,resp_cqe_error,0,0,0
server,resp_cqe_flush_error,0,0,0
server,resp_local_length_error,0,0,0
server,resp_remote_access_errors,0,0,0
server,rnr_nak_retry_err,0,0,0
server,roce_adp_retrans,0,0,0
server,roce_adp_retrans_to,0,0,0
server,roce_slow_restart,0,0,0
server,roce_slow_restart_cnps,0,0,0
server,roce_slow_restart_trans,0,0,0
server,rp_cnp_handled,0,0,0
server,rp_cnp_ignored,0,0,0
server,rx_atomic_requests,0,0,0
server,rx_dct_connect,0,0,0
server,rx_icrc_encapsulated,0,0,0
server,rx_read_requests,274,274,0
server,rx_write_requests,1606999564,1606999564,0
