label,T,R,trial,counter,lo_us,hi_us,mid_us,old,new,run_id
oos,10,7,1,port_xmit_packets,-344.7,130.8,-107.0,9530340139,9530340140,1469687415451723
oos,10,7,1,roce_adp_retrans,18969.6,19564.3,19266.9,4640,4641,1469687415451723
oos,10,7,1,port_xmit_packets,20745.4,21231.9,20988.7,9530340140,9530340141,1469687415451723
oos,10,7,1,roce_adp_retrans,35510.3,36102.2,35806.3,4641,4642,1469687415451723
oos,10,7,1,port_xmit_packets,35708.2,36196.5,35952.4,9530340141,9530340142,1469687415451723
oos,10,7,1,roce_adp_retrans,60814.2,61401.5,61107.9,4642,4643,1469687415451723
oos,10,7,1,port_xmit_packets,61013.4,61495.1,61254.2,9530340142,9530340143,1469687415451723
oos,10,7,1,roce_adp_retrans,127960.0,128549.1,128254.5,4643,4644,1469687415451723
oos,10,7,1,port_xmit_packets,128160.0,128642.6,128401.3,9530340143,9530340144,1469687415451723
oos,10,7,1,roce_adp_retrans,261930.0,262516.8,262223.4,4644,4645,1469687415451723
oos,10,7,1,port_xmit_packets,262127.0,262611.4,262369.2,9530340144,9530340145,1469687415451723
oos,10,7,1,port_xmit_packets,463339.8,463821.2,463580.5,9530340145,9530340146,1469687415451723
oos,10,7,1,roce_adp_retrans,463526.2,464115.9,463821.0,4645,4646,1469687415451723
oos,10,7,1,port_rcv_packets,531206.4,531681.4,531443.9,4452190429,4452190431,1469687415451723
oos,10,7,1,port_xmit_packets,531495.6,531970.1,531732.9,9530340146,9530340148,1469687415451723
oos,10,7,1,port_xmit_packets,723272.0,723754.3,723513.2,9530340148,9530340150,1469687415451723
oos,10,7,1,port_rcv_packets,723365.4,723847.2,723606.3,4452190431,4452190433,1469687415451723
oos,10,7,1,local_ack_timeout_err,1000098.3,1000686.8,1000392.5,5159,5160,1469687415451723
oos,10,7,1,port_xmit_packets,1000296.4,1000781.9,1000539.2,9530340150,9530340151,1469687415451723
oos,10,7,1,local_ack_timeout_err,1537268.0,1537860.0,1537564.0,5160,5161,1469687415451723
oos,10,7,1,port_xmit_packets,1537467.0,1537952.9,1537710.0,9530340151,9530340152,1469687415451723
oos,10,7,1,port_xmit_packets,1811280.6,1811755.5,1811518.1,9530340152,9530340154,1469687415451723
oos,10,7,1,port_rcv_packets,1811373.5,1811848.5,1811611.0,4452190433,4452190435,1469687415451723
oos,10,7,1,port_rcv_packets,2003264.1,2003742.0,2003503.1,4452190435,4452190437,1469687415451723
oos,10,7,1,port_xmit_packets,2003555.2,2004033.3,2003794.3,9530340154,9530340156,1469687415451723
oos,10,7,1,local_ack_timeout_err,2073890.2,2074480.2,2074185.2,5161,5162,1469687415451723
oos,10,7,1,port_xmit_packets,2074087.0,2074575.3,2074331.1,9530340156,9530340157,1469687415451723
oos,10,7,1,local_ack_timeout_err,2610873.1,2611464.3,2611168.7,5162,5163,1469687415451723
oos,10,7,1,port_xmit_packets,2611071.2,2611558.7,2611314.9,9530340157,9530340158,1469687415451723
oos,10,7,1,port_xmit_packets,3091297.2,3091778.4,3091537.8,9530340158,9530340160,1469687415451723
oos,10,7,1,port_rcv_packets,3091390.6,3091871.5,3091631.1,4452190437,4452190439,1469687415451723
oos,10,7,1,local_ack_timeout_err,3147800.7,3148390.4,3148095.5,5163,5164,1469687415451723
oos,10,7,1,port_xmit_packets,3147998.0,3148484.3,3148241.1,9530340160,9530340161,1469687415451723
oos,10,7,1,port_xmit_packets,3283273.9,3283751.5,3283512.7,9530340161,9530340163,1469687415451723
oos,10,7,1,port_rcv_packets,3283367.2,3283844.6,3283605.9,4452190439,4452190441,1469687415451723
oos,10,7,1,local_ack_timeout_err,3684854.1,3685449.9,3685152.0,5164,5165,1469687415451723
oos,10,7,1,req_cqe_error,3685637.4,3686304.3,3685970.8,23119,23120,1469687415451723
oos,10,7,2,port_xmit_packets,-93.4,397.4,152.0,9530340164,9530340165,1469687415451723
oos,10,7,2,roce_adp_retrans,9299.3,9884.8,9592.0,4646,4647,1469687415451723
oos,10,7,2,port_xmit_packets,9495.0,9979.4,9737.2,9530340165,9530340166,1469687415451723
oos,10,7,2,roce_adp_retrans,17736.0,18322.1,18029.1,4647,4648,1469687415451723
oos,10,7,2,port_xmit_packets,17932.8,18415.7,18174.3,9530340166,9530340167,1469687415451723
oos,10,7,2,roce_adp_retrans,34618.5,35206.1,34912.3,4648,4649,1469687415451723
oos,10,7,2,port_xmit_packets,34817.4,35299.6,35058.5,9530340167,9530340168,1469687415451723
oos,10,7,2,port_xmit_packets,68113.0,68594.9,68354.0,9530340168,9530340169,1469687415451723
oos,10,7,2,roce_adp_retrans,68299.8,68887.2,68593.5,4649,4650,1469687415451723
oos,10,7,2,roce_adp_retrans,135340.5,135926.8,135633.7,4650,4651,1469687415451723
oos,10,7,2,port_xmit_packets,135539.6,136020.4,135780.0,9530340169,9530340170,1469687415451723
oos,10,7,2,port_xmit_packets,190684.9,191163.4,190924.2,9530340170,9530340178,1469687415451723
oos,10,7,2,port_rcv_packets,190778.0,191256.4,191017.2,4452190442,4452190474,1469687415451723
oos,10,7,2,port_xmit_packets,191069.0,191545.5,191307.3,9530340178,9530340186,1469687415451723
oos,10,7,2,port_xmit_packets,204835.9,205311.6,205073.8,9530340186,9530340194,1469687415451723
oos,10,7,2,port_rcv_packets,204928.8,205404.7,205166.7,4452190474,4452190482,1469687415451723
oos,10,7,2,roce_adp_retrans,236019.4,236607.8,236313.6,4651,4652,1469687415451723
oos,10,7,2,port_xmit_packets,236218.9,236701.1,236460.0,9530340194,9530340195,1469687415451723
oos,10,7,2,port_xmit_packets,318519.8,318997.2,318758.5,9530340195,9530340197,1469687415451723
oos,10,7,2,port_rcv_packets,318613.2,319090.3,318851.8,4452190482,4452190484,1469687415451723
oos,10,7,2,roce_adp_retrans,437309.7,437897.9,437603.8,4652,4653,1469687415451723
oos,10,7,2,port_xmit_packets,437508.3,437991.7,437750.0,9530340197,9530340198,1469687415451723
oos,10,7,2,port_xmit_packets,974091.6,974575.4,974333.5,9530340198,9530340199,1469687415451723
oos,10,7,2,local_ack_timeout_err,974278.9,974872.2,974575.5,5165,5166,1469687415451723
oos,10,7,2,local_ack_timeout_err,1510886.9,1511480.9,1511183.9,5166,5167,1469687415451723
oos,10,7,2,port_xmit_packets,1511086.1,1511576.8,1511331.4,9530340199,9530340200,1469687415451723
oos,10,7,2,port_xmit_packets,1598814.0,1599293.8,1599053.9,9530340200,9530340202,1469687415451723
oos,10,7,2,port_rcv_packets,1598907.8,1599387.3,1599147.5,4452190484,4452190486,1469687415451723
oos,10,7,2,port_xmit_packets,1790596.2,1791086.9,1790841.6,9530340202,9530340204,1469687415451723
oos,10,7,2,port_rcv_packets,1790690.0,1791181.0,1790935.5,4452190486,4452190488,1469687415451723
oos,10,7,2,local_ack_timeout_err,2047731.4,2048319.1,2048025.3,5167,5168,1469687415451723
oos,10,7,2,port_xmit_packets,2047929.2,2048414.1,2048171.7,9530340204,9530340205,1469687415451723
oos,10,7,2,local_ack_timeout_err,2584665.5,2585251.8,2584958.6,5168,5169,1469687415451723
oos,10,7,2,port_xmit_packets,2584861.7,2585346.2,2585104.0,9530340205,9530340206,1469687415451723
oos,10,7,2,port_xmit_packets,2878800.1,2879275.6,2879037.8,9530340206,9530340208,1469687415451723
oos,10,7,2,port_rcv_packets,2878892.6,2879368.4,2879130.5,4452190488,4452190490,1469687415451723
oos,10,7,2,port_xmit_packets,3070835.0,3071310.6,3071072.8,9530340208,9530340210,1469687415451723
oos,10,7,2,port_rcv_packets,3070927.7,3071403.6,3071165.7,4452190490,4452190492,1469687415451723
oos,10,7,2,local_ack_timeout_err,3121537.3,3122124.6,3121831.0,5169,5170,1469687415451723
oos,10,7,2,port_xmit_packets,3121733.8,3122219.3,3121976.5,9530340210,9530340211,1469687415451723
oos,10,7,2,local_ack_timeout_err,3658585.0,3659209.5,3658897.2,5170,5171,1469687415451723
oos,10,7,2,req_cqe_error,3658585.0,3659209.5,3658897.2,23120,23121,1469687415451723
oos,10,7,3,port_xmit_packets,-137.8,337.7,99.9,9530340212,9530340213,1469687415451723
oos,10,7,3,port_xmit_packets,19763.4,20246.9,20005.1,9530340213,9530340214,1469687415451723
oos,10,7,3,roce_adp_retrans,19950.7,20541.2,20245.9,4653,4654,1469687415451723
oos,10,7,3,roce_adp_retrans,36413.6,36997.0,36705.3,4654,4655,1469687415451723
oos,10,7,3,port_xmit_packets,36609.5,37090.8,36850.1,9530340214,9530340215,1469687415451723
oos,10,7,3,roce_adp_retrans,70119.7,70706.4,70413.0,4655,4656,1469687415451723
oos,10,7,3,port_xmit_packets,70316.8,70799.5,70558.2,9530340215,9530340216,1469687415451723
oos,10,7,3,port_xmit_packets,134216.4,134692.5,134454.4,9530340216,9530340218,1469687415451723
oos,10,7,3,port_rcv_packets,134309.4,134785.1,134547.2,4452190493,4452190495,1469687415451723
oos,10,7,3,roce_adp_retrans,137078.5,137664.6,137371.5,4656,4657,1469687415451723
oos,10,7,3,port_xmit_packets,137274.8,137759.5,137517.2,9530340218,9530340219,1469687415451723
oos,10,7,3,roce_adp_retrans,237786.8,238372.2,238079.5,4657,4658,1469687415451723
oos,10,7,3,port_xmit_packets,237983.7,238466.2,238225.0,9530340219,9530340220,1469687415451723
oos,10,7,3,port_xmit_packets,325967.9,326441.9,326204.9,9530340220,9530340222,1469687415451723
oos,10,7,3,port_rcv_packets,326060.5,326535.2,326297.8,4452190495,4452190497,1469687415451723
oos,10,7,3,port_xmit_packets,439150.2,439631.2,439390.7,9530340222,9530340223,1469687415451723
oos,10,7,3,roce_adp_retrans,439336.8,439925.3,439631.1,4658,4659,1469687415451723
oos,10,7,3,port_xmit_packets,976028.4,976515.0,976271.7,9530340223,9530340224,1469687415451723
oos,10,7,3,local_ack_timeout_err,976216.9,976810.9,976513.9,5171,5172,1469687415451723
oos,10,7,3,port_xmit_packets,1414185.2,1414661.5,1414423.3,9530340224,9530340226,1469687415451723
oos,10,7,3,port_rcv_packets,1414278.2,1414754.1,1414516.1,4452190497,4452190499,1469687415451723
oos,10,7,3,local_ack_timeout_err,1512963.1,1513550.0,1513256.6,5172,5173,1469687415451723
oos,10,7,3,port_xmit_packets,1513159.8,1513643.8,1513401.8,9530340226,9530340227,1469687415451723
oos,10,7,3,port_xmit_packets,1606045.9,1606532.4,1606289.2,9530340227,9530340229,1469687415451723
oos,10,7,3,port_rcv_packets,1606138.8,1606625.6,1606382.2,4452190499,4452190501,1469687415451723
oos,10,7,3,port_xmit_packets,2049870.3,2050352.8,2050111.6,9530340229,9530340230,1469687415451723
oos,10,7,3,local_ack_timeout_err,2050057.5,2050646.6,2050352.1,5173,5174,1469687415451723
oos,10,7,3,local_ack_timeout_err,2586749.5,2587337.5,2587043.5,5174,5175,1469687415451723
oos,10,7,3,port_xmit_packets,2586946.3,2587431.2,2587188.7,9530340230,9530340231,1469687415451723
oos,10,7,3,port_rcv_packets,2694090.6,2694567.0,2694328.8,4452190501,4452190503,1469687415451723
oos,10,7,3,port_xmit_packets,2694378.7,2694856.1,2694617.4,9530340231,9530340233,1469687415451723
oos,10,7,3,port_xmit_packets,2886171.4,2886646.9,2886409.2,9530340233,9530340235,1469687415451723
oos,10,7,3,port_rcv_packets,2886263.8,2886739.8,2886501.8,4452190503,4452190505,1469687415451723
oos,10,7,3,local_ack_timeout_err,3123504.1,3124090.7,3123797.4,5175,5176,1469687415451723
oos,10,7,3,port_xmit_packets,3123700.1,3124185.1,3123942.6,9530340235,9530340236,1469687415451723
oos,10,7,3,local_ack_timeout_err,3660443.4,3661032.5,3660738.0,5176,5177,1469687415451723
oos,10,7,3,req_cqe_error,3660827.5,3661427.3,3661127.4,23121,23122,1469687415451723
oos,10,7,4,port_xmit_packets,-52429.1,-51949.9,-52189.5,9530340237,9530340239,1469687415451723
oos,10,7,4,port_rcv_packets,-52335.3,-51856.5,-52095.9,4452190506,4452190508,1469687415451723
oos,10,7,4,port_xmit_packets,-115.1,362.6,123.8,9530340239,9530340240,1469687415451723
oos,10,7,4,roce_adp_retrans,19734.0,20325.8,20029.9,4659,4660,1469687415451723
oos,10,7,4,port_xmit_packets,19932.3,20421.4,20176.8,9530340240,9530340241,1469687415451723
oos,10,7,4,port_xmit_packets,36540.9,37028.4,36784.6,9530340241,9530340242,1469687415451723
oos,10,7,4,roce_adp_retrans,36728.5,37323.6,37026.0,4660,4661,1469687415451723
oos,10,7,4,roce_adp_retrans,69948.9,70541.8,70245.3,4661,4662,1469687415451723
oos,10,7,4,port_xmit_packets,70148.1,70637.2,70392.6,9530340242,9530340243,1469687415451723
oos,10,7,4,roce_adp_retrans,137115.0,137708.3,137411.7,4662,4663,1469687415451723
oos,10,7,4,port_xmit_packets,137313.7,137802.8,137558.2,9530340243,9530340244,1469687415451723
oos,10,7,4,port_xmit_packets,139642.6,140123.2,139882.9,9530340244,9530340246,1469687415451723
oos,10,7,4,port_rcv_packets,139736.3,140216.8,139976.5,4452190508,4452190510,1469687415451723
oos,10,7,4,roce_adp_retrans,237894.2,238489.9,238192.0,4663,4664,1469687415451723
oos,10,7,4,port_xmit_packets,238094.3,238584.4,238339.3,9530340246,9530340247,1469687415451723
oos,10,7,4,roce_adp_retrans,439269.6,439863.9,439566.8,4664,4665,1469687415451723
oos,10,7,4,port_xmit_packets,439470.2,439958.2,439714.2,9530340247,9530340248,1469687415451723
oos,10,7,4,port_xmit_packets,976101.9,976600.9,976351.4,9530340248,9530340249,1469687415451723
oos,10,7,4,local_ack_timeout_err,976294.4,976894.8,976594.6,5177,5178,1469687415451723
oos,10,7,4,port_xmit_packets,1227656.1,1228133.3,1227894.7,9530340249,9530340251,1469687415451723
oos,10,7,4,port_rcv_packets,1227749.7,1228226.8,1227988.3,4452190510,4452190512,1469687415451723
oos,10,7,4,port_rcv_packets,1419565.7,1420047.1,1419806.4,4452190512,4452190514,1469687415451723
oos,10,7,4,port_xmit_packets,1419854.9,1420336.9,1420095.9,9530340251,9530340253,1469687415451723
oos,10,7,4,local_ack_timeout_err,1512862.4,1513448.5,1513155.5,5178,5179,1469687415451723
oos,10,7,4,port_xmit_packets,1513059.0,1513543.1,1513301.0,9530340253,9530340254,1469687415451723
oos,10,7,4,local_ack_timeout_err,2049980.5,2050567.8,2050274.2,5179,5180,1469687415451723
oos,10,7,4,port_xmit_packets,2050178.8,2050660.8,2050419.8,9530340254,9530340255,1469687415451723
oos,10,7,4,port_xmit_packets,2507678.9,2508154.0,2507916.4,9530340255,9530340257,1469687415451723
oos,10,7,4,port_rcv_packets,2507771.6,2508247.0,2508009.3,4452190514,4452190516,1469687415451723
oos,10,7,4,local_ack_timeout_err,2586660.7,2587245.8,2586953.3,5180,5181,1469687415451723
oos,10,7,4,port_xmit_packets,2586857.1,2587340.7,2587098.9,9530340257,9530340258,1469687415451723
oos,10,7,4,port_xmit_packets,2699714.7,2700197.3,2699956.0,9530340258,9530340260,1469687415451723
oos,10,7,4,port_rcv_packets,2699807.0,2700290.1,2700048.6,4452190516,4452190518,1469687415451723
oos,10,7,4,local_ack_timeout_err,3123518.5,3124104.8,3123811.6,5181,5182,1469687415451723
oos,10,7,4,port_xmit_packets,3123715.0,3124198.9,3123957.0,9530340260,9530340261,1469687415451723
oos,10,7,4,local_ack_timeout_err,3660610.7,3661206.0,3660908.4,5182,5183,1469687415451723
oos,10,7,4,req_cqe_error,3660610.7,3661206.0,3660908.4,23122,23123,1469687415451723
oos,10,7,5,port_xmit_packets,-238747.1,-238269.3,-238508.2,9530340262,9530340264,1469687415451723
oos,10,7,5,port_rcv_packets,-238653.8,-238176.6,-238415.2,4452190519,4452190521,1469687415451723
oos,10,7,5,port_xmit_packets,-46750.9,-46275.8,-46513.4,9530340264,9530340266,1469687415451723
oos,10,7,5,port_rcv_packets,-46658.0,-46182.3,-46420.1,4452190521,4452190523,1469687415451723
oos,10,7,5,port_xmit_packets,-512.1,58.5,-226.8,9530340266,9530340267,1469687415451723
oos,10,7,5,roce_adp_retrans,20116.5,20703.1,20409.8,4665,4666,1469687415451723
oos,10,7,5,port_xmit_packets,20313.8,20797.1,20555.4,9530340267,9530340268,1469687415451723
oos,10,7,5,roce_adp_retrans,36964.6,37551.0,37257.8,4666,4667,1469687415451723
oos,10,7,5,port_xmit_packets,37162.4,37644.5,37403.4,9530340268,9530340269,1469687415451723
oos,10,7,5,roce_adp_retrans,70290.4,70878.5,70584.5,4667,4668,1469687415451723
oos,10,7,5,port_xmit_packets,70487.4,70972.8,70730.1,9530340269,9530340270,1469687415451723
oos,10,7,5,roce_adp_retrans,137619.5,138205.9,137912.7,4668,4669,1469687415451723
oos,10,7,5,port_xmit_packets,137817.4,138299.4,138058.4,9530340270,9530340271,1469687415451723
oos,10,7,5,roce_adp_retrans,238276.2,238863.9,238570.0,4669,4670,1469687415451723
oos,10,7,5,port_xmit_packets,238474.2,238957.3,238715.8,9530340271,9530340272,1469687415451723
oos,10,7,5,roce_adp_retrans,439422.0,440009.6,439715.8,4670,4671,1469687415451723
oos,10,7,5,port_xmit_packets,439618.8,440109.2,439864.0,9530340272,9530340273,1469687415451723
oos,10,7,5,local_ack_timeout_err,976263.5,976849.3,976556.4,5183,5184,1469687415451723
oos,10,7,5,port_xmit_packets,976459.9,976943.9,976701.9,9530340273,9530340274,1469687415451723
oos,10,7,5,port_xmit_packets,1041462.3,1041941.2,1041701.8,9530340274,9530340276,1469687415451723
oos,10,7,5,port_rcv_packets,1041555.5,1042033.9,1041794.7,4452190523,4452190525,1469687415451723
oos,10,7,5,port_xmit_packets,1233283.0,1233758.2,1233520.6,9530340276,9530340278,1469687415451723
oos,10,7,5,port_rcv_packets,1233375.7,1233851.0,1233613.4,4452190525,4452190527,1469687415451723
oos,10,7,5,local_ack_timeout_err,1513365.0,1513951.5,1513658.2,5184,5185,1469687415451723
oos,10,7,5,port_xmit_packets,1513562.2,1514044.8,1513803.5,9530340278,9530340279,1469687415451723
oos,10,7,5,port_xmit_packets,2050144.1,2050627.6,2050385.9,9530340279,9530340280,1469687415451723
oos,10,7,5,local_ack_timeout_err,2050331.3,2050928.9,2050630.1,5185,5186,1469687415451723
oos,10,7,5,port_rcv_packets,2321344.5,2321823.4,2321584.0,4452190527,4452190529,1469687415451723
oos,10,7,5,port_xmit_packets,2321634.4,2322113.4,2321873.9,9530340280,9530340282,1469687415451723
oos,10,7,5,port_rcv_packets,2513341.8,2513827.7,2513584.7,4452190529,4452190531,1469687415451723
oos,10,7,5,port_xmit_packets,2513632.4,2514117.4,2513874.9,9530340282,9530340284,1469687415451723
oos,10,7,5,port_xmit_packets,2587058.7,2587541.1,2587299.9,9530340284,9530340285,1469687415451723
oos,10,7,5,local_ack_timeout_err,2587245.4,2587833.5,2587539.4,5186,5187,1469687415451723
oos,10,7,5,local_ack_timeout_err,3123783.1,3124373.4,3124078.3,5187,5188,1469687415451723
oos,10,7,5,port_xmit_packets,3123980.4,3124468.9,3124224.6,9530340285,9530340286,1469687415451723
oos,10,7,5,port_xmit_packets,3601370.6,3601851.3,3601611.0,9530340286,9530340288,1469687415451723
oos,10,7,5,port_rcv_packets,3601465.1,3601945.1,3601705.1,4452190531,4452190533,1469687415451723
oos,10,7,5,local_ack_timeout_err,3660955.1,3661586.8,3661271.0,5188,5189,1469687415451723
oos,10,7,5,req_cqe_error,3660955.1,3661586.8,3661271.0,23123,23124,1469687415451723
oos,10,7,6,port_xmit_packets,-233335.0,-232855.0,-233095.0,9530340289,9530340291,1469687415451723
oos,10,7,6,port_rcv_packets,-233241.3,-232760.8,-233001.1,4452190534,4452190536,1469687415451723
oos,10,7,6,port_xmit_packets,-101.8,373.4,135.8,9530340291,9530340292,1469687415451723
oos,10,7,6,port_xmit_packets,19779.9,20261.2,20020.5,9530340292,9530340293,1469687415451723
oos,10,7,6,roce_adp_retrans,19966.5,20555.8,20261.2,4671,4672,1469687415451723
oos,10,7,6,port_xmit_packets,36628.0,37108.1,36868.0,9530340293,9530340294,1469687415451723
oos,10,7,6,roce_adp_retrans,36813.9,37400.0,37106.9,4672,4673,1469687415451723
oos,10,7,6,roce_adp_retrans,70043.9,70632.0,70337.9,4673,4674,1469687415451723
oos,10,7,6,port_xmit_packets,70241.3,70725.6,70483.5,9530340294,9530340295,1469687415451723
oos,10,7,6,roce_adp_retrans,137314.9,137905.8,137610.3,4674,4675,1469687415451723
oos,10,7,6,port_xmit_packets,137512.9,137999.6,137756.3,9530340295,9530340296,1469687415451723
oos,10,7,6,roce_adp_retrans,237807.6,238395.1,238101.3,4675,4676,1469687415451723
oos,10,7,6,port_xmit_packets,238004.6,238489.2,238246.9,9530340296,9530340297,1469687415451723
oos,10,7,6,roce_adp_retrans,439232.6,439821.3,439526.9,4676,4677,1469687415451723
oos,10,7,6,port_xmit_packets,439429.7,439915.4,439672.5,9530340297,9530340298,1469687415451723
oos,10,7,6,port_xmit_packets,854685.0,855160.3,854922.7,9530340298,9530340300,1469687415451723
oos,10,7,6,port_rcv_packets,854778.0,855253.4,855015.7,4452190536,4452190538,1469687415451723
oos,10,7,6,local_ack_timeout_err,976037.0,976625.7,976331.3,5189,5190,1469687415451723
oos,10,7,6,port_xmit_packets,976233.9,976720.0,976476.9,9530340300,9530340301,1469687415451723
oos,10,7,6,port_xmit_packets,1046580.2,1047059.5,1046819.9,9530340301,9530340303,1469687415451723
oos,10,7,6,port_rcv_packets,1046673.4,1047152.7,1046913.1,4452190538,4452190540,1469687415451723
oos,10,7,6,port_xmit_packets,1494774.9,1495252.1,1495013.5,9530340303,9530340323,1469687415451723
oos,10,7,6,port_rcv_packets,1494868.2,1495344.8,1495106.5,4452190540,4452190586,1469687415451723
oos,10,7,6,port_xmit_packets,1495158.0,1495634.6,1495396.3,9530340323,9530340332,1469687415451723
oos,10,7,6,local_ack_timeout_err,1512927.5,1513515.7,1513221.6,5190,5191,1469687415451723
oos,10,7,6,port_xmit_packets,1513123.7,1513610.2,1513367.0,9530340332,9530340333,1469687415451723
oos,10,7,6,local_ack_timeout_err,2049881.2,2050471.0,2050176.1,5191,5192,1469687415451723
oos,10,7,6,port_xmit_packets,2050079.5,2050564.8,2050322.1,9530340333,9530340334,1469687415451723
oos,10,7,6,port_rcv_packets,2326515.8,2326990.8,2326753.3,4452190586,4452190587,1469687415451723
oos,10,7,6,port_xmit_packets,2326805.5,2327281.2,2327043.3,9530340334,9530340336,1469687415451723
oos,10,7,6,port_rcv_packets,2326897.9,2327373.9,2327135.9,4452190587,4452190588,1469687415451723
oos,10,7,6,local_ack_timeout_err,2586773.0,2587360.3,2587066.7,5192,5193,1469687415451723
oos,10,7,6,port_xmit_packets,2586970.1,2587454.0,2587212.1,9530340336,9530340337,1469687415451723
oos,10,7,6,local_ack_timeout_err,3123677.8,3124275.3,3123976.6,5193,5194,1469687415451723
oos,10,7,6,port_xmit_packets,3123881.9,3124369.1,3124125.5,9530340337,9530340338,1469687415451723
oos,10,7,6,port_xmit_packets,3414565.8,3415040.9,3414803.4,9530340338,9530340340,1469687415451723
oos,10,7,6,port_rcv_packets,3414658.5,3415133.7,3414896.1,4452190588,4452190590,1469687415451723
oos,10,7,6,port_xmit_packets,3606637.7,3607112.5,3606875.1,9530340340,9530340342,1469687415451723
oos,10,7,6,port_rcv_packets,3606730.9,3607205.5,3606968.2,4452190590,4452190592,1469687415451723
oos,10,7,6,local_ack_timeout_err,3660736.2,3661334.0,3661035.1,5194,5195,1469687415451723
oos,10,7,6,req_cqe_error,3660736.2,3661334.0,3661035.1,23124,23125,1469687415451723
oos,12,7,1,port_xmit_packets,-135008.8,-134453.4,-134731.1,9530340345,9530340347,1469712600049538
oos,12,7,1,port_rcv_packets,-134902.9,-134350.6,-134626.7,4452190595,4452190597,1469712600049538
oos,12,7,1,port_xmit_packets,-169.6,305.3,67.9,9530340347,9530340348,1469712600049538
oos,12,7,1,roce_adp_retrans,48201.4,48791.7,48496.6,4677,4678,1469712600049538
oos,12,7,1,port_xmit_packets,48399.3,48886.9,48643.1,9530340348,9530340349,1469712600049538
oos,12,7,1,roce_adp_retrans,81857.6,82442.8,82150.2,4678,4679,1469712600049538
oos,12,7,1,port_xmit_packets,82055.0,82536.5,82295.7,9530340349,9530340350,1469712600049538
oos,12,7,1,roce_adp_retrans,148790.2,149374.4,149082.3,4679,4680,1469712600049538
oos,12,7,1,port_xmit_packets,148986.5,149468.7,149227.6,9530340350,9530340351,1469712600049538
oos,12,7,1,roce_adp_retrans,249702.8,250295.7,249999.3,4680,4681,1469712600049538
oos,12,7,1,port_xmit_packets,249906.4,250389.3,250147.9,9530340351,9530340352,1469712600049538
oos,12,7,1,roce_adp_retrans,518059.0,518647.8,518353.4,4681,4682,1469712600049538
oos,12,7,1,port_xmit_packets,518257.3,518740.9,518499.1,9530340352,9530340353,1469712600049538
oos,12,7,1,port_xmit_packets,953020.9,953502.6,953261.8,9530340353,9530340355,1469712600049538
oos,12,7,1,port_rcv_packets,953114.8,953596.4,953355.6,4452190597,4452190599,1469712600049538
oos,12,7,1,local_ack_timeout_err,1054831.8,1055425.6,1055128.7,5195,5196,1469712600049538
oos,12,7,1,port_xmit_packets,1055031.3,1055521.4,1055276.3,9530340355,9530340356,1469712600049538
oos,12,7,1,port_xmit_packets,1145014.1,1145494.1,1145254.1,9530340356,9530340358,1469712600049538
oos,12,7,1,port_rcv_packets,1145107.8,1145588.0,1145347.9,4452190599,4452190601,1469712600049538
oos,12,7,1,local_ack_timeout_err,1591748.2,1592342.2,1592045.2,5196,5197,1469712600049538
oos,12,7,1,port_xmit_packets,1591946.6,1592437.4,1592192.0,9530340358,9530340359,1469712600049538
oos,12,7,1,local_ack_timeout_err,2128769.3,2129359.7,2129064.5,5197,5198,1469712600049538
oos,12,7,1,port_xmit_packets,2128968.1,2129452.8,2129210.5,9530340359,9530340360,1469712600049538
oos,12,7,1,port_xmit_packets,2233306.9,2233781.8,2233544.4,9530340360,9530340362,1469712600049538
oos,12,7,1,port_rcv_packets,2233399.5,2233875.0,2233637.2,4452190601,4452190603,1469712600049538
oos,12,7,1,port_xmit_packets,2425068.2,2425544.4,2425306.3,9530340362,9530340364,1469712600049538
oos,12,7,1,port_rcv_packets,2425161.5,2425637.2,2425399.4,4452190603,4452190605,1469712600049538
oos,12,7,1,local_ack_timeout_err,2665693.4,2666281.7,2665987.5,5198,5199,1469712600049538
oos,12,7,1,port_xmit_packets,2665892.6,2666375.1,2666133.8,9530340364,9530340365,1469712600049538
oos,12,7,1,local_ack_timeout_err,3202544.7,3203134.7,3202839.7,5199,5200,1469712600049538
oos,12,7,1,port_xmit_packets,3202743.7,3203228.2,3202986.0,9530340365,9530340366,1469712600049538
oos,12,7,1,port_xmit_packets,3513188.0,3513665.6,3513426.8,9530340366,9530340368,1469712600049538
oos,12,7,1,port_rcv_packets,3513280.9,3513758.7,3513519.8,4452190605,4452190607,1469712600049538
oos,12,7,1,port_xmit_packets,3705163.7,3705639.1,3705401.4,9530340368,9530340370,1469712600049538
oos,12,7,1,port_rcv_packets,3705257.6,3705732.0,3705494.8,4452190607,4452190609,1469712600049538
oos,12,7,1,local_ack_timeout_err,3739394.9,3739989.0,3739691.9,5200,5201,1469712600049538
oos,12,7,1,req_cqe_error,3739783.3,3740382.4,3740082.9,23125,23126,1469712600049538
oos,12,7,2,port_xmit_packets,-171.4,303.0,65.8,9530340371,9530340372,1469712600049538
oos,12,7,2,roce_adp_retrans,36381.7,36968.5,36675.1,4682,4683,1469712600049538
oos,12,7,2,port_xmit_packets,36578.4,37062.9,36820.7,9530340372,9530340373,1469712600049538
oos,12,7,2,roce_adp_retrans,70037.7,70625.4,70331.5,4683,4684,1469712600049538
oos,12,7,2,port_xmit_packets,70235.4,70718.5,70476.9,9530340373,9530340374,1469712600049538
oos,12,7,2,roce_adp_retrans,136980.0,137565.9,137273.0,4684,4685,1469712600049538
oos,12,7,2,port_xmit_packets,137176.6,137660.4,137418.5,9530340374,9530340375,1469712600049538
oos,12,7,2,port_xmit_packets,237759.3,238242.3,238000.8,9530340375,9530340376,1469712600049538
oos,12,7,2,roce_adp_retrans,237946.4,238534.4,238240.4,4685,4686,1469712600049538
oos,12,7,2,roce_adp_retrans,438994.3,439579.4,439286.9,4686,4687,1469712600049538
oos,12,7,2,port_xmit_packets,439190.4,439674.3,439432.3,9530340376,9530340377,1469712600049538
oos,12,7,2,port_xmit_packets,687615.8,688093.4,687854.6,9530340377,9530340379,1469712600049538
oos,12,7,2,port_rcv_packets,687708.6,688186.0,687947.3,4452190610,4452190612,1469712600049538
oos,12,7,2,port_xmit_packets,879536.2,880012.6,879774.4,9530340379,9530340381,1469712600049538
oos,12,7,2,port_rcv_packets,879629.3,880106.4,879867.8,4452190612,4452190614,1469712600049538
oos,12,7,2,local_ack_timeout_err,976078.9,976666.6,976372.8,5201,5202,1469712600049538
oos,12,7,2,port_xmit_packets,976276.5,976759.9,976518.2,9530340381,9530340382,1469712600049538
oos,12,7,2,local_ack_timeout_err,1512908.5,1513495.5,1513202.0,5202,5203,1469712600049538
oos,12,7,2,port_xmit_packets,1513105.5,1513589.0,1513347.3,9530340382,9530340383,1469712600049538
oos,12,7,2,port_xmit_packets,1967603.6,1968100.8,1967852.2,9530340383,9530340385,1469712600049538
oos,12,7,2,port_rcv_packets,1967696.5,1968193.8,1967945.2,4452190614,4452190616,1469712600049538
oos,12,7,2,local_ack_timeout_err,2049667.3,2050253.9,2049960.6,5203,5204,1469712600049538
oos,12,7,2,port_xmit_packets,2049863.9,2050348.8,2050106.4,9530340385,9530340386,1469712600049538
oos,12,7,2,port_xmit_packets,2159611.8,2160098.7,2159855.2,9530340386,9530340388,1469712600049538
oos,12,7,2,port_rcv_packets,2159704.9,2160191.4,2159948.1,4452190616,4452190618,1469712600049538
oos,12,7,2,port_xmit_packets,2586662.8,2587146.0,2586904.4,9530340388,9530340389,1469712600049538
oos,12,7,2,local_ack_timeout_err,2586850.2,2587440.5,2587145.3,5204,5205,1469712600049538
oos,12,7,2,local_ack_timeout_err,3123548.2,3124137.6,3123842.9,5205,5206,1469712600049538
oos,12,7,2,port_xmit_packets,3123745.4,3124231.2,3123988.3,9530340389,9530340390,1469712600049538
oos,12,7,2,port_xmit_packets,3247782.8,3248266.6,3248024.7,9530340390,9530340392,1469712600049538
oos,12,7,2,port_rcv_packets,3247875.7,3248359.9,3248117.8,4452190618,4452190620,1469712600049538
oos,12,7,2,port_rcv_packets,3439631.9,3440108.8,3439870.4,4452190620,4452190622,1469712600049538
oos,12,7,2,port_xmit_packets,3439922.9,3440398.4,3440160.7,9530340392,9530340394,1469712600049538
oos,12,7,2,local_ack_timeout_err,3660561.7,3661155.7,3660858.7,5206,5207,1469712600049538
oos,12,7,2,req_cqe_error,3660561.7,3661155.7,3660858.7,23126,23127,1469712600049538
oos,12,7,3,port_xmit_packets,-152.9,326.1,86.6,9530340395,9530340396,1469712600049538
oos,12,7,3,roce_adp_retrans,11222.0,11817.5,11519.7,4687,4688,1469712600049538
oos,12,7,3,port_xmit_packets,11422.3,11911.9,11667.1,9530340396,9530340397,1469712600049538
oos,12,7,3,roce_adp_retrans,19740.7,20336.8,20038.7,4688,4689,1469712600049538
oos,12,7,3,port_xmit_packets,19944.7,20430.8,20187.8,9530340397,9530340398,1469712600049538
oos,12,7,3,roce_adp_retrans,36359.7,36952.1,36655.9,4689,4690,1469712600049538
oos,12,7,3,port_xmit_packets,36559.5,37046.4,36802.9,9530340398,9530340399,1469712600049538
oos,12,7,3,roce_adp_retrans,69945.9,70542.3,70244.1,4690,4691,1469712600049538
oos,12,7,3,port_xmit_packets,70148.8,70636.9,70392.9,9530340399,9530340400,1469712600049538
oos,12,7,3,roce_adp_retrans,137093.1,137686.9,137390.0,4691,4692,1469712600049538
oos,12,7,3,port_xmit_packets,137292.2,137781.2,137536.7,9530340400,9530340401,1469712600049538
oos,12,7,3,roce_adp_retrans,237812.8,238407.1,238109.9,4692,4693,1469712600049538
oos,12,7,3,port_xmit_packets,238012.1,238501.4,238256.8,9530340401,9530340402,1469712600049538
oos,12,7,3,roce_adp_retrans,438930.5,439521.5,439226.0,4693,4694,1469712600049538
oos,12,7,3,port_xmit_packets,439129.0,439616.5,439372.7,9530340402,9530340403,1469712600049538
oos,12,7,3,port_rcv_packets,500984.1,501463.2,501223.7,4452190623,4452190625,1469712600049538
oos,12,7,3,port_xmit_packets,501275.8,501756.7,501516.3,9530340403,9530340405,1469712600049538
oos,12,7,3,port_xmit_packets,692993.5,693474.2,693233.9,9530340405,9530340407,1469712600049538
oos,12,7,3,port_rcv_packets,693087.7,693568.2,693328.0,4452190625,4452190627,1469712600049538
oos,12,7,3,local_ack_timeout_err,976003.6,976594.7,976299.2,5207,5208,1469712600049538
oos,12,7,3,port_xmit_packets,976201.5,976688.5,976445.0,9530340407,9530340408,1469712600049538
oos,12,7,3,port_xmit_packets,1141312.2,1141787.9,1141550.1,9530340408,9530340409,1469712600049538
oos,12,7,3,port_rcv_packets,1141404.9,1141880.6,1141642.8,4452190627,4452190628,1469712600049538
oos,12,7,3,port_xmit_packets,1142076.7,1142550.5,1142313.6,9530340409,9530340410,1469712600049538
oos,12,7,3,port_rcv_packets,1142169.4,1142643.4,1142406.4,4452190628,4452190631,1469712600049538
oos,12,7,3,port_xmit_packets,1142457.1,1142931.9,1142694.5,9530340410,9530340411,1469712600049538
oos,12,7,3,port_rcv_packets,1144077.8,1144550.0,1144313.9,4452190631,4452190632,1469712600049538
oos,12,7,3,port_xmit_packets,1144365.2,1144839.0,1144602.1,9530340411,9530340414,1469712600049538
oos,12,7,3,port_rcv_packets,1144457.8,1144932.2,1144695.0,4452190632,4452190635,1469712600049538
oos,12,7,3,local_ack_timeout_err,1512930.2,1513518.5,1513224.3,5208,5209,1469712600049538
oos,12,7,3,port_xmit_packets,1513127.4,1513611.7,1513369.6,9530340414,9530340415,1469712600049538
oos,12,7,3,port_xmit_packets,1781205.1,1781680.2,1781442.7,9530340415,9530340417,1469712600049538
oos,12,7,3,port_rcv_packets,1781298.1,1781773.1,1781535.6,4452190635,4452190637,1469712600049538
oos,12,7,3,local_ack_timeout_err,2049830.2,2050420.4,2050125.3,5209,5210,1469712600049538
oos,12,7,3,port_xmit_packets,2050028.2,2050514.0,2050271.1,9530340417,9530340418,1469712600049538
oos,12,7,3,port_xmit_packets,2586563.9,2587045.7,2586804.8,9530340418,9530340419,1469712600049538
oos,12,7,3,local_ack_timeout_err,2586750.1,2587338.9,2587044.5,5210,5211,1469712600049538
oos,12,7,3,port_xmit_packets,3061041.9,3061517.9,3061279.9,9530340419,9530340420,1469712600049538
oos,12,7,3,port_rcv_packets,3061134.8,3061611.2,3061373.0,4452190637,4452190639,1469712600049538
oos,12,7,3,port_xmit_packets,3061424.9,3061901.4,3061663.1,9530340420,9530340421,1469712600049538
oos,12,7,3,local_ack_timeout_err,3123543.2,3124131.9,3123837.5,5211,5212,1469712600049538
oos,12,7,3,port_xmit_packets,3123740.4,3124225.4,3123982.9,9530340421,9530340422,1469712600049538
oos,12,7,3,port_xmit_packets,3253220.8,3253698.5,3253459.6,9530340422,9530340424,1469712600049538
oos,12,7,3,port_rcv_packets,3253313.9,3253791.7,3253552.8,4452190639,4452190641,1469712600049538
oos,12,7,3,local_ack_timeout_err,3660438.2,3661033.7,3660735.9,5212,5213,1469712600049538
oos,12,7,3,req_cqe_error,3660438.2,3661033.7,3660735.9,23127,23128,1469712600049538
oos,12,7,4,port_xmit_packets,-111.7,366.8,127.5,9530340425,9530340426,1469712600049538
oos,12,7,4,roce_adp_retrans,36795.9,37385.6,37090.7,4694,4695,1469712600049538
oos,12,7,4,port_xmit_packets,36994.0,37479.7,37236.8,9530340426,9530340427,1469712600049538
oos,12,7,4,port_xmit_packets,70288.1,70770.4,70529.2,9530340427,9530340428,1469712600049538
oos,12,7,4,roce_adp_retrans,70475.2,71062.5,70768.8,4695,4696,1469712600049538
oos,12,7,4,roce_adp_retrans,137388.2,137975.1,137681.6,4696,4697,1469712600049538
oos,12,7,4,port_xmit_packets,137585.1,138069.1,137827.1,9530340428,9530340429,1469712600049538
oos,12,7,4,roce_adp_retrans,237943.4,238530.6,238237.0,4697,4698,1469712600049538
oos,12,7,4,port_xmit_packets,238139.0,238625.0,238382.0,9530340429,9530340430,1469712600049538
oos,12,7,4,port_xmit_packets,315033.0,315508.5,315270.8,9530340430,9530340432,1469712600049538
oos,12,7,4,port_rcv_packets,315126.0,315601.4,315363.7,4452190642,4452190644,1469712600049538
oos,12,7,4,roce_adp_retrans,439426.5,440012.6,439719.5,4698,4699,1469712600049538
oos,12,7,4,port_xmit_packets,439623.4,440105.9,439864.6,9530340432,9530340433,1469712600049538
oos,12,7,4,port_xmit_packets,506903.2,507380.2,507141.7,9530340433,9530340435,1469712600049538
oos,12,7,4,port_rcv_packets,506996.3,507473.0,507234.6,4452190644,4452190646,1469712600049538
oos,12,7,4,port_xmit_packets,976293.9,976777.9,976535.9,9530340435,9530340436,1469712600049538
oos,12,7,4,local_ack_timeout_err,976481.2,977070.5,976775.9,5213,5214,1469712600049538
oos,12,7,4,local_ack_timeout_err,1513278.8,1513868.1,1513573.4,5214,5215,1469712600049538
oos,12,7,4,port_xmit_packets,1513477.7,1513961.9,1513719.8,9530340436,9530340437,1469712600049538
oos,12,7,4,port_xmit_packets,1595085.3,1595568.0,1595326.7,9530340437,9530340439,1469712600049538
oos,12,7,4,port_rcv_packets,1595179.2,1595661.2,1595420.2,4452190646,4452190648,1469712600049538
oos,12,7,4,port_xmit_packets,1786956.4,1787431.9,1787194.1,9530340439,9530340441,1469712600049538
oos,12,7,4,port_rcv_packets,1787049.2,1787525.1,1787287.1,4452190648,4452190650,1469712600049538
oos,12,7,4,local_ack_timeout_err,2050157.9,2050751.9,2050454.9,5215,5216,1469712600049538
oos,12,7,4,port_xmit_packets,2050357.0,2050845.5,2050601.3,9530340441,9530340442,1469712600049538
oos,12,7,4,local_ack_timeout_err,2586972.4,2587563.3,2587267.9,5216,5217,1469712600049538
oos,12,7,4,port_xmit_packets,2587171.6,2587657.7,2587414.7,9530340442,9530340443,1469712600049538
oos,12,7,4,port_xmit_packets,2874890.6,2875383.5,2875137.0,9530340443,9530340445,1469712600049538
oos,12,7,4,port_rcv_packets,2874984.2,2875477.1,2875230.6,4452190650,4452190652,1469712600049538
oos,12,7,4,port_xmit_packets,3067034.9,3067524.1,3067279.5,9530340445,9530340447,1469712600049538
oos,12,7,4,port_rcv_packets,3067134.3,3067618.2,3067376.3,4452190652,4452190654,1469712600049538
oos,12,7,4,port_xmit_packets,3123795.3,3124282.9,3124039.1,9530340447,9530340448,1469712600049538
oos,12,7,4,local_ack_timeout_err,3123983.2,3124579.9,3124281.5,5217,5218,1469712600049538
oos,12,7,4,local_ack_timeout_err,3660774.0,3661378.9,3661076.5,5218,5219,1469712600049538
oos,12,7,4,req_cqe_error,3660774.0,3661378.9,3661076.5,23128,23129,1469712600049538
oos,12,7,5,port_xmit_packets,-134.1,343.0,104.5,9530340449,9530340450,1469712600049538
oos,12,7,5,roce_adp_retrans,11537.6,12131.7,11834.6,4699,4700,1469712600049538
oos,12,7,5,port_xmit_packets,11737.4,12225.3,11981.3,9530340450,9530340451,1469712600049538
oos,12,7,5,port_xmit_packets,19798.0,20280.5,20039.2,9530340451,9530340452,1469712600049538
oos,12,7,5,roce_adp_retrans,19985.2,20572.8,20279.0,4700,4701,1469712600049538
oos,12,7,5,roce_adp_retrans,36451.3,37035.2,36743.3,4701,4702,1469712600049538
oos,12,7,5,port_xmit_packets,36646.9,37129.2,36888.1,9530340452,9530340453,1469712600049538
oos,12,7,5,roce_adp_retrans,70146.4,70733.7,70440.0,4702,4703,1469712600049538
oos,12,7,5,port_xmit_packets,70343.9,70827.2,70585.6,9530340453,9530340454,1469712600049538
oos,12,7,5,port_xmit_packets,128174.1,128652.8,128413.4,9530340454,9530340456,1469712600049538
oos,12,7,5,port_rcv_packets,128266.9,128745.6,128506.3,4452190655,4452190657,1469712600049538
oos,12,7,5,roce_adp_retrans,137169.9,137758.3,137464.1,4703,4704,1469712600049538
oos,12,7,5,port_xmit_packets,137368.8,137852.4,137610.6,9530340456,9530340457,1469712600049538
oos,12,7,5,roce_adp_retrans,237874.3,238460.7,238167.5,4704,4705,1469712600049538
oos,12,7,5,port_xmit_packets,238071.2,238554.9,238313.1,9530340457,9530340458,1469712600049538
oos,12,7,5,port_xmit_packets,320365.5,320842.0,320603.7,9530340458,9530340460,1469712600049538
oos,12,7,5,port_rcv_packets,320458.7,320935.0,320696.8,4452190657,4452190659,1469712600049538
oos,12,7,5,roce_adp_retrans,439213.1,439800.4,439506.8,4705,4706,1469712600049538
oos,12,7,5,port_xmit_packets,439410.5,439894.2,439652.4,9530340460,9530340461,1469712600049538
oos,12,7,5,local_ack_timeout_err,976072.1,976659.4,976365.7,5219,5220,1469712600049538
oos,12,7,5,port_xmit_packets,976269.1,976754.5,976511.8,9530340461,9530340462,1469712600049538
oos,12,7,5,port_xmit_packets,1408385.6,1408870.7,1408628.1,9530340462,9530340464,1469712600049538
oos,12,7,5,port_rcv_packets,1408479.4,1408963.4,1408721.4,4452190659,4452190661,1469712600049538
oos,12,7,5,local_ack_timeout_err,1512914.7,1513498.7,1513206.7,5220,5221,1469712600049538
oos,12,7,5,port_xmit_packets,1513110.1,1513593.0,1513351.6,9530340464,9530340465,1469712600049538
oos,12,7,5,port_xmit_packets,1600326.3,1600804.3,1600565.3,9530340465,9530340467,1469712600049538
oos,12,7,5,port_rcv_packets,1600419.3,1600897.0,1600658.2,4452190661,4452190663,1469712600049538
oos,12,7,5,local_ack_timeout_err,2049947.6,2050536.3,2050242.0,5221,5222,1469712600049538
oos,12,7,5,port_xmit_packets,2050145.5,2050630.2,2050387.8,9530340467,9530340468,1469712600049538
oos,12,7,5,local_ack_timeout_err,2586826.0,2587418.2,2587122.1,5222,5223,1469712600049538
oos,12,7,5,port_xmit_packets,2587027.1,2587511.6,2587269.4,9530340468,9530340469,1469712600049538
oos,12,7,5,port_rcv_packets,2688200.2,2688673.9,2688437.1,4452190663,4452190665,1469712600049538
oos,12,7,5,port_xmit_packets,2688488.6,2688963.5,2688726.0,9530340469,9530340471,1469712600049538
oos,12,7,5,port_xmit_packets,2880404.1,2880879.4,2880641.8,9530340471,9530340473,1469712600049538
oos,12,7,5,port_rcv_packets,2880497.3,2880972.1,2880734.7,4452190665,4452190667,1469712600049538
oos,12,7,5,local_ack_timeout_err,3123636.2,3124226.3,3123931.2,5223,5224,1469712600049538
oos,12,7,5,port_xmit_packets,3123833.6,3124321.2,3124077.4,9530340473,9530340474,1469712600049538
oos,12,7,5,local_ack_timeout_err,3660657.3,3661251.7,3660954.5,5224,5225,1469712600049538
oos,12,7,5,req_cqe_error,3660657.3,3661251.7,3660954.5,23129,23130,1469712600049538
oos,12,7,6,port_xmit_packets,-58107.5,-57555.8,-57831.7,9530340475,9530340477,1469712600049538
oos,12,7,6,port_rcv_packets,-58004.7,-57462.5,-57733.6,4452190668,4452190670,1469712600049538
oos,12,7,6,port_xmit_packets,-112.3,387.8,137.8,9530340477,9530340478,1469712600049538
oos,12,7,6,roce_adp_retrans,11576.1,12164.3,11870.2,4706,4707,1469712600049538
oos,12,7,6,port_xmit_packets,11773.8,12257.8,12015.8,9530340478,9530340479,1469712600049538
oos,12,7,6,roce_adp_retrans,20011.9,20599.5,20305.7,4707,4708,1469712600049538
oos,12,7,6,port_xmit_packets,20210.3,20694.0,20452.2,9530340479,9530340480,1469712600049538
oos,12,7,6,roce_adp_retrans,36870.1,37455.9,37163.0,4708,4709,1469712600049538
oos,12,7,6,port_xmit_packets,37068.6,37549.5,37309.1,9530340480,9530340481,1469712600049538
oos,12,7,6,roce_adp_retrans,70215.6,70802.3,70509.0,4709,4710,1469712600049538
oos,12,7,6,port_xmit_packets,70412.4,70896.4,70654.4,9530340481,9530340482,1469712600049538
oos,12,7,6,port_xmit_packets,133954.9,134430.8,134192.9,9530340482,9530340484,1469712600049538
oos,12,7,6,port_rcv_packets,134048.1,134523.7,134285.9,4452190670,4452190672,1469712600049538
oos,12,7,6,port_xmit_packets,137396.2,137877.1,137636.6,9530340484,9530340485,1469712600049538
oos,12,7,6,roce_adp_retrans,137583.0,138169.5,137876.3,4710,4711,1469712600049538
oos,12,7,6,roce_adp_retrans,238208.7,238797.5,238503.1,4711,4712,1469712600049538
oos,12,7,6,port_xmit_packets,238406.9,238891.6,238649.2,9530340485,9530340486,1469712600049538
oos,12,7,6,roce_adp_retrans,439478.9,440067.7,439773.3,4712,4713,1469712600049538
oos,12,7,6,port_xmit_packets,439677.3,440160.9,439919.1,9530340486,9530340487,1469712600049538
oos,12,7,6,local_ack_timeout_err,976434.4,977025.7,976730.1,5225,5226,1469712600049538
oos,12,7,6,port_xmit_packets,976634.5,977119.1,976876.8,9530340487,9530340488,1469712600049538
oos,12,7,6,port_xmit_packets,1221891.2,1222365.8,1222128.5,9530340488,9530340490,1469712600049538
oos,12,7,6,port_rcv_packets,1221984.2,1222458.6,1222221.4,4452190672,4452190674,1469712600049538
oos,12,7,6,port_xmit_packets,1413943.1,1414418.8,1414180.9,9530340490,9530340492,1469712600049538
oos,12,7,6,port_rcv_packets,1414036.1,1414511.6,1414273.9,4452190674,4452190676,1469712600049538
oos,12,7,6,local_ack_timeout_err,1513278.0,1513867.6,1513572.8,5226,5227,1469712600049538
oos,12,7,6,port_xmit_packets,1513477.0,1513960.6,1513718.8,9530340492,9530340493,1469712600049538
oos,12,7,6,local_ack_timeout_err,2050112.1,2050708.2,2050410.2,5227,5228,1469712600049538
oos,12,7,6,port_xmit_packets,2050312.9,2050802.8,2050557.8,9530340493,9530340494,1469712600049538
oos,12,7,6,port_rcv_packets,2501909.7,2502390.1,2502149.9,4452190676,4452190678,1469712600049538
oos,12,7,6,port_xmit_packets,2502202.1,2502684.6,2502443.3,9530340494,9530340496,1469712600049538
oos,12,7,6,local_ack_timeout_err,2587041.8,2587638.2,2587340.0,5228,5229,1469712600049538
oos,12,7,6,port_xmit_packets,2587242.9,2587732.6,2587487.8,9530340496,9530340497,1469712600049538
oos,12,7,6,port_xmit_packets,2694084.9,2694561.4,2694323.2,9530340497,9530340499,1469712600049538
oos,12,7,6,port_rcv_packets,2694178.0,2694654.8,2694416.4,4452190678,4452190680,1469712600049538
oos,12,7,6,local_ack_timeout_err,3123823.4,3124412.4,3124117.9,5229,5230,1469712600049538
oos,12,7,6,port_xmit_packets,3124020.8,3124506.7,3124263.7,9530340499,9530340500,1469712600049538
oos,12,7,6,local_ack_timeout_err,3660728.0,3661322.6,3661025.3,5230,5231,1469712600049538
oos,12,7,6,req_cqe_error,3661114.8,3661718.5,3661416.6,23130,23131,1469712600049538
oos,15,7,1,port_xmit_packets,-161.4,329.5,84.0,9530340505,9530340506,1469737815367529
oos,15,7,1,roce_adp_retrans,11959.4,12546.8,12253.1,4713,4714,1469737815367529
oos,15,7,1,port_xmit_packets,12156.2,12641.9,12399.1,9530340506,9530340507,1469737815367529
oos,15,7,1,roce_adp_retrans,20400.2,20985.6,20692.9,4714,4715,1469737815367529
oos,15,7,1,port_xmit_packets,20597.0,21079.5,20838.2,9530340507,9530340508,1469737815367529
oos,15,7,1,roce_adp_retrans,33053.0,33640.8,33346.9,4715,4716,1469737815367529
oos,15,7,1,port_xmit_packets,33251.1,33734.6,33492.9,9530340508,9530340509,1469737815367529
oos,15,7,1,port_xmit_packets,58547.0,59034.8,58790.9,9530340509,9530340511,1469737815367529
oos,15,7,1,port_rcv_packets,58639.5,59127.7,58883.6,4452190685,4452190687,1469737815367529
oos,15,7,1,port_xmit_packets,66601.9,67085.4,66843.7,9530340511,9530340512,1469737815367529
oos,15,7,1,roce_adp_retrans,66788.3,67377.2,67082.8,4716,4717,1469737815367529
oos,15,7,1,roce_adp_retrans,133832.6,134422.1,134127.4,4717,4718,1469737815367529
oos,15,7,1,port_xmit_packets,134031.9,134515.4,134273.7,9530340512,9530340513,1469737815367529
oos,15,7,1,port_rcv_packets,250493.8,250971.1,250732.5,4452190687,4452190689,1469737815367529
oos,15,7,1,port_xmit_packets,250784.6,251260.4,251022.5,9530340513,9530340515,1469737815367529
oos,15,7,1,roce_adp_retrans,267810.5,268397.6,268104.0,4718,4719,1469737815367529
oos,15,7,1,port_xmit_packets,268008.1,268491.4,268249.8,9530340515,9530340516,1469737815367529
oos,15,7,1,port_xmit_packets,536444.2,536926.3,536685.3,9530340516,9530340517,1469737815367529
oos,15,7,1,roce_adp_retrans,536631.0,537221.0,536926.0,4719,4720,1469737815367529
oos,15,7,1,local_ack_timeout_err,1073204.3,1073795.1,1073499.7,5231,5232,1469737815367529
oos,15,7,1,port_xmit_packets,1073401.7,1073889.9,1073645.8,9530340517,9530340518,1469737815367529
oos,15,7,1,port_xmit_packets,1338605.7,1339081.3,1338843.5,9530340518,9530340520,1469737815367529
oos,15,7,1,port_rcv_packets,1338698.5,1339174.0,1338936.2,4452190689,4452190691,1469737815367529
oos,15,7,1,port_xmit_packets,1466827.2,1467302.9,1467065.0,9530340520,9530340526,1469737815367529
oos,15,7,1,port_rcv_packets,1466920.3,1467395.7,1467158.0,4452190691,4452190697,1469737815367529
oos,15,7,1,port_xmit_packets,1530747.6,1531222.5,1530985.1,9530340526,9530340528,1469737815367529
oos,15,7,1,port_rcv_packets,1530840.1,1531315.2,1531077.7,4452190697,4452190699,1469737815367529
oos,15,7,1,local_ack_timeout_err,1610119.7,1610708.1,1610413.9,5232,5233,1469737815367529
oos,15,7,1,port_xmit_packets,1610317.0,1610801.6,1610559.3,9530340528,9530340529,1469737815367529
oos,15,7,1,local_ack_timeout_err,2147196.8,2147786.6,2147491.7,5233,5234,1469737815367529
oos,15,7,1,port_xmit_packets,2147396.2,2147881.0,2147638.6,9530340529,9530340530,1469737815367529
oos,15,7,1,local_ack_timeout_err,2683950.8,2684540.7,2684245.8,5234,5235,1469737815367529
oos,15,7,1,port_xmit_packets,2684148.5,2684634.7,2684391.6,9530340530,9530340531,1469737815367529
oos,15,7,1,port_xmit_packets,2810567.2,2811043.4,2810805.3,9530340531,9530340533,1469737815367529
oos,15,7,1,port_rcv_packets,2810660.5,2811136.9,2810898.7,4452190699,4452190701,1469737815367529
oos,15,7,1,local_ack_timeout_err,3220902.9,3221490.9,3221196.9,5235,5236,1469737815367529
oos,15,7,1,port_xmit_packets,3221100.5,3221584.0,3221342.2,9530340533,9530340534,1469737815367529
oos,15,7,1,local_ack_timeout_err,3757872.9,3758481.8,3758177.3,5236,5237,1469737815367529
oos,15,7,1,req_cqe_error,3757872.9,3758481.8,3758177.3,23131,23132,1469737815367529
oos,15,7,2,port_xmit_packets,-225639.5,-225101.4,-225370.5,9530340535,9530340537,1469737815367529
oos,15,7,2,port_rcv_packets,-225545.6,-224998.0,-225271.8,4452190702,4452190704,1469737815367529
oos,15,7,2,port_xmit_packets,-33547.5,-33067.1,-33307.3,9530340537,9530340539,1469737815367529
oos,15,7,2,port_rcv_packets,-33454.0,-32972.9,-33213.4,4452190704,4452190706,1469737815367529
oos,15,7,2,port_xmit_packets,-167.7,312.7,72.5,9530340539,9530340540,1469737815367529
oos,15,7,2,roce_adp_retrans,10825.6,11421.0,11123.3,4720,4721,1469737815367529
oos,15,7,2,port_xmit_packets,11024.9,11516.4,11270.7,9530340540,9530340541,1469737815367529
oos,15,7,2,roce_adp_retrans,19348.9,19941.9,19645.4,4721,4722,1469737815367529
oos,15,7,2,port_xmit_packets,19548.8,20036.3,19792.6,9530340541,9530340542,1469737815367529
oos,15,7,2,roce_adp_retrans,35962.8,36555.2,36259.0,4722,4723,1469737815367529
oos,15,7,2,port_xmit_packets,36161.2,36649.9,36405.6,9530340542,9530340543,1469737815367529
oos,15,7,2,roce_adp_retrans,69542.3,70137.1,69839.7,4723,4724,1469737815367529
oos,15,7,2,port_xmit_packets,69742.0,70233.1,69987.6,9530340543,9530340544,1469737815367529
oos,15,7,2,roce_adp_retrans,136680.4,137272.5,136976.5,4724,4725,1469737815367529
oos,15,7,2,port_xmit_packets,136879.0,137367.4,137123.2,9530340544,9530340545,1469737815367529
oos,15,7,2,roce_adp_retrans,237441.0,238040.1,237740.6,4725,4726,1469737815367529
oos,15,7,2,port_xmit_packets,237640.8,238134.9,237887.9,9530340545,9530340546,1469737815367529
oos,15,7,2,roce_adp_retrans,438669.4,439261.7,438965.5,4726,4727,1469737815367529
oos,15,7,2,port_xmit_packets,438867.6,439356.8,439112.2,9530340546,9530340547,1469737815367529
oos,15,7,2,port_xmit_packets,975608.4,976091.8,975850.1,9530340547,9530340548,1469737815367529
oos,15,7,2,local_ack_timeout_err,975795.0,976385.0,976090.0,5237,5238,1469737815367529
oos,15,7,2,port_xmit_packets,1054394.4,1054889.6,1054642.0,9530340548,9530340550,1469737815367529
oos,15,7,2,port_rcv_packets,1054487.3,1054982.1,1054734.7,4452190706,4452190708,1469737815367529
oos,15,7,2,port_xmit_packets,1246390.9,1246875.7,1246633.3,9530340550,9530340552,1469737815367529
oos,15,7,2,port_rcv_packets,1246483.6,1246968.9,1246726.2,4452190708,4452190710,1469737815367529
oos,15,7,2,port_xmit_packets,1512493.0,1512976.2,1512734.6,9530340552,9530340553,1469737815367529
oos,15,7,2,local_ack_timeout_err,1512680.1,1513268.8,1512974.4,5238,5239,1469737815367529
oos,15,7,2,port_xmit_packets,2049351.9,2049833.0,2049592.4,9530340553,9530340554,1469737815367529
oos,15,7,2,local_ack_timeout_err,2049538.4,2050126.6,2049832.5,5239,5240,1469737815367529
oos,15,7,2,port_rcv_packets,2334367.1,2334840.6,2334603.9,4452190710,4452190712,1469737815367529
oos,15,7,2,port_xmit_packets,2334655.2,2335128.8,2334892.0,9530340554,9530340556,1469737815367529
oos,15,7,2,port_rcv_packets,2526379.0,2526868.0,2526623.5,4452190712,4452190714,1469737815367529
oos,15,7,2,port_xmit_packets,2526668.6,2527157.6,2526913.1,9530340556,9530340558,1469737815367529
oos,15,7,2,local_ack_timeout_err,2586136.3,2586721.4,2586428.9,5240,5241,1469737815367529
oos,15,7,2,port_xmit_packets,2586332.3,2586815.9,2586574.1,9530340558,9530340559,1469737815367529
oos,15,7,2,local_ack_timeout_err,3123013.9,3123599.0,3123306.5,5241,5242,1469737815367529
oos,15,7,2,port_xmit_packets,3123209.9,3123693.7,3123451.8,9530340559,9530340560,1469737815367529
oos,15,7,2,port_rcv_packets,3614426.3,3614909.6,3614667.9,4452190714,4452190716,1469737815367529
oos,15,7,2,port_xmit_packets,3614718.1,3615200.1,3614959.1,9530340560,9530340562,1469737815367529
oos,15,7,2,local_ack_timeout_err,3660130.8,3660728.0,3660429.4,5242,5243,1469737815367529
oos,15,7,2,req_cqe_error,3660130.8,3660728.0,3660429.4,23132,23133,1469737815367529
oos,15,7,3,port_xmit_packets,-219968.9,-219491.0,-219729.9,9530340563,9530340565,1469737815367529
oos,15,7,3,port_rcv_packets,-219876.2,-219398.1,-219637.1,4452190717,4452190719,1469737815367529
oos,15,7,3,port_xmit_packets,-126.2,418.8,146.3,9530340565,9530340566,1469737815367529
oos,15,7,3,roce_adp_retrans,36131.2,36718.6,36424.9,4727,4728,1469737815367529
oos,15,7,3,port_xmit_packets,36327.5,36812.4,36570.0,9530340566,9530340567,1469737815367529
oos,15,7,3,roce_adp_retrans,69844.4,70430.8,70137.6,4728,4729,1469737815367529
oos,15,7,3,port_xmit_packets,70041.5,70524.7,70283.1,9530340567,9530340568,1469737815367529
oos,15,7,3,roce_adp_retrans,136841.7,137442.9,137142.3,4729,4730,1469737815367529
oos,15,7,3,port_xmit_packets,137043.6,137538.2,137290.9,9530340568,9530340569,1469737815367529
oos,15,7,3,roce_adp_retrans,237635.4,238226.3,237930.9,4730,4731,1469737815367529
oos,15,7,3,port_xmit_packets,237834.3,238319.8,238077.1,9530340569,9530340570,1469737815367529
oos,15,7,3,roce_adp_retrans,438767.1,439353.9,439060.5,4731,4732,1469737815367529
oos,15,7,3,port_xmit_packets,438964.6,439448.8,439206.7,9530340570,9530340571,1469737815367529
oos,15,7,3,port_xmit_packets,868160.5,868639.0,868399.7,9530340571,9530340573,1469737815367529
oos,15,7,3,port_rcv_packets,868254.3,868731.8,868493.1,4452190719,4452190721,1469737815367529
oos,15,7,3,port_xmit_packets,975777.2,976259.9,976018.6,9530340573,9530340574,1469737815367529
oos,15,7,3,local_ack_timeout_err,975964.0,976553.8,976258.9,5243,5244,1469737815367529
oos,15,7,3,port_xmit_packets,1059990.6,1060466.4,1060228.5,9530340574,9530340576,1469737815367529
oos,15,7,3,port_rcv_packets,1060083.4,1060563.5,1060323.4,4452190721,4452190723,1469737815367529
oos,15,7,3,local_ack_timeout_err,1512542.6,1513127.3,1512834.9,5244,5245,1469737815367529
oos,15,7,3,port_xmit_packets,1512738.1,1513221.6,1512979.8,9530340576,9530340577,1469737815367529
oos,15,7,3,port_xmit_packets,2049567.5,2050065.3,2049816.4,9530340577,9530340578,1469737815367529
oos,15,7,3,local_ack_timeout_err,2049754.5,2050358.6,2050056.5,5245,5246,1469737815367529
oos,15,7,3,port_xmit_packets,2148249.8,2148738.1,2148494.0,9530340578,9530340580,1469737815367529
oos,15,7,3,port_rcv_packets,2148342.8,2148831.5,2148587.2,4452190723,4452190725,1469737815367529
oos,15,7,3,port_xmit_packets,2340252.8,2340730.0,2340491.4,9530340580,9530340582,1469737815367529
oos,15,7,3,port_rcv_packets,2340345.3,2340822.6,2340584.0,4452190725,4452190727,1469737815367529
oos,15,7,3,local_ack_timeout_err,2586409.4,2587004.4,2586706.9,5246,5247,1469737815367529
oos,15,7,3,port_xmit_packets,2586608.8,2587100.0,2586854.4,9530340582,9530340583,1469737815367529
oos,15,7,3,port_xmit_packets,3123360.2,3123849.8,3123605.0,9530340583,9530340584,1469737815367529
oos,15,7,3,local_ack_timeout_err,3123548.5,3124146.4,3123847.5,5247,5248,1469737815367529
oos,15,7,3,port_xmit_packets,3428065.8,3428545.1,3428305.4,9530340584,9530340586,1469737815367529
oos,15,7,3,port_rcv_packets,3428159.4,3428638.6,3428399.0,4452190727,4452190729,1469737815367529
oos,15,7,3,port_rcv_packets,3620068.7,3620543.9,3620306.3,4452190729,4452190731,1469737815367529
oos,15,7,3,port_xmit_packets,3620357.2,3620833.5,3620595.3,9530340586,9530340588,1469737815367529
oos,15,7,3,local_ack_timeout_err,3660353.5,3660978.4,3660666.0,5248,5249,1469737815367529
oos,15,7,3,req_cqe_error,3660353.5,3660978.4,3660666.0,23133,23134,1469737815367529
oos,15,7,4,port_xmit_packets,-179.7,296.8,58.6,9530340589,9530340590,1469737815367529
oos,15,7,4,roce_adp_retrans,69999.1,70588.7,70293.9,4732,4733,1469737815367529
oos,15,7,4,port_xmit_packets,70198.3,70681.9,70440.1,9530340590,9530340591,1469737815367529
oos,15,7,4,roce_adp_retrans,136975.9,137567.1,137271.5,4733,4734,1469737815367529
oos,15,7,4,port_xmit_packets,137176.7,137660.8,137418.7,9530340591,9530340592,1469737815367529
oos,15,7,4,roce_adp_retrans,237509.8,238095.0,237802.4,4734,4735,1469737815367529
oos,15,7,4,port_xmit_packets,237705.8,238189.2,237947.5,9530340592,9530340593,1469737815367529
oos,15,7,4,roce_adp_retrans,438971.6,439560.2,439265.9,4735,4736,1469737815367529
oos,15,7,4,port_xmit_packets,439169.5,439653.7,439411.6,9530340593,9530340594,1469737815367529
oos,15,7,4,port_xmit_packets,681679.2,682154.5,681916.9,9530340594,9530340596,1469737815367529
oos,15,7,4,port_rcv_packets,681772.3,682247.1,682009.7,4452190732,4452190734,1469737815367529
oos,15,7,4,port_xmit_packets,873552.1,874038.8,873795.5,9530340596,9530340598,1469737815367529
oos,15,7,4,port_rcv_packets,873645.4,874132.0,873888.7,4452190734,4452190736,1469737815367529
oos,15,7,4,local_ack_timeout_err,975838.5,976426.7,976132.6,5249,5250,1469737815367529
oos,15,7,4,port_xmit_packets,976035.3,976520.7,976278.0,9530340598,9530340599,1469737815367529
oos,15,7,4,local_ack_timeout_err,1512777.2,1513368.9,1513073.1,5250,5251,1469737815367529
oos,15,7,4,port_xmit_packets,1512975.8,1513462.5,1513219.1,9530340599,9530340600,1469737815367529
oos,15,7,4,port_rcv_packets,1961657.6,1962133.6,1961895.6,4452190736,4452190738,1469737815367529
oos,15,7,4,port_xmit_packets,1961947.3,1962423.1,1962185.2,9530340600,9530340602,1469737815367529
oos,15,7,4,local_ack_timeout_err,2049740.2,2050328.5,2050034.4,5251,5252,1469737815367529
oos,15,7,4,port_xmit_packets,2049938.5,2050422.5,2050180.5,9530340602,9530340603,1469737815367529
oos,15,7,4,port_xmit_packets,2089728.2,2090204.8,2089966.5,9530340603,9530340604,1469737815367529
oos,15,7,4,port_rcv_packets,2089821.2,2090297.7,2090059.5,4452190738,4452190739,1469737815367529
oos,15,7,4,port_xmit_packets,2103858.4,2104332.9,2104095.6,9530340604,9530340606,1469737815367529
oos,15,7,4,port_rcv_packets,2103951.0,2104425.8,2104188.4,4452190739,4452190742,1469737815367529
oos,15,7,4,port_xmit_packets,2105765.7,2106239.7,2106002.7,9530340606,9530340610,1469737815367529
oos,15,7,4,port_rcv_packets,2105858.9,2106332.5,2106095.7,4452190742,4452190746,1469737815367529
oos,15,7,4,local_ack_timeout_err,2586610.6,2587200.7,2586905.7,5252,5253,1469737815367529
oos,15,7,4,port_xmit_packets,2586808.0,2587293.9,2587051.0,9530340610,9530340611,1469737815367529
oos,15,7,4,local_ack_timeout_err,3123491.9,3124082.5,3123787.2,5253,5254,1469737815367529
oos,15,7,4,port_xmit_packets,3123690.4,3124175.3,3123932.8,9530340611,9530340612,1469737815367529
oos,15,7,4,port_rcv_packets,3241668.8,3242144.1,3241906.4,4452190746,4452190748,1469737815367529
oos,15,7,4,port_xmit_packets,3241958.3,3242433.9,3242196.1,9530340612,9530340614,1469737815367529
oos,15,7,4,port_xmit_packets,3433690.3,3434165.4,3433927.9,9530340614,9530340616,1469737815367529
oos,15,7,4,port_rcv_packets,3433783.4,3434258.1,3434020.8,4452190748,4452190750,1469737815367529
oos,15,7,4,local_ack_timeout_err,3660399.4,3660997.9,3660698.6,5254,5255,1469737815367529
oos,15,7,4,req_cqe_error,3660399.4,3660997.9,3660698.6,23134,23135,1469737815367529
oos,15,7,5,port_xmit_packets,-126.5,349.3,111.4,9530340617,9530340618,1469737815367529
oos,15,7,5,port_xmit_packets,70294.3,70781.3,70537.8,9530340618,9530340619,1469737815367529
oos,15,7,5,roce_adp_retrans,70480.6,71075.0,70777.8,4736,4737,1469737815367529
oos,15,7,5,roce_adp_retrans,137504.4,138092.5,137798.4,4737,4738,1469737815367529
oos,15,7,5,port_xmit_packets,137703.9,138185.9,137944.9,9530340619,9530340620,1469737815367529
oos,15,7,5,roce_adp_retrans,238168.3,238756.9,238462.6,4738,4739,1469737815367529
oos,15,7,5,port_xmit_packets,238367.7,238849.8,238608.7,9530340620,9530340621,1469737815367529
oos,15,7,5,roce_adp_retrans,439430.7,440018.0,439724.4,4739,4740,1469737815367529
oos,15,7,5,port_xmit_packets,439629.0,440111.1,439870.1,9530340621,9530340622,1469737815367529
oos,15,7,5,port_xmit_packets,495531.1,496006.3,495768.7,9530340622,9530340624,1469737815367529
oos,15,7,5,port_rcv_packets,495624.4,496099.1,495861.7,4452190751,4452190753,1469737815367529
oos,15,7,5,port_xmit_packets,687525.5,688000.4,687762.9,9530340624,9530340626,1469737815367529
oos,15,7,5,port_rcv_packets,687618.4,688093.3,687855.9,4452190753,4452190755,1469737815367529
oos,15,7,5,local_ack_timeout_err,976180.2,976766.9,976473.6,5255,5256,1469737815367529
oos,15,7,5,port_xmit_packets,976376.2,976860.6,976618.4,9530340626,9530340627,1469737815367529
oos,15,7,5,local_ack_timeout_err,1513135.2,1513731.0,1513433.1,5256,5257,1469737815367529
oos,15,7,5,port_xmit_packets,1513334.1,1513825.6,1513579.9,9530340627,9530340628,1469737815367529
oos,15,7,5,port_xmit_packets,1775416.4,1775896.5,1775656.4,9530340628,9530340630,1469737815367529
oos,15,7,5,port_rcv_packets,1775510.1,1775989.8,1775749.9,4452190755,4452190757,1469737815367529
oos,15,7,5,port_xmit_packets,1967657.5,1968141.7,1967899.6,9530340630,9530340632,1469737815367529
oos,15,7,5,port_rcv_packets,1967753.3,1968235.0,1967994.2,4452190757,4452190759,1469737815367529
oos,15,7,5,local_ack_timeout_err,2050064.6,2050660.0,2050362.3,5257,5258,1469737815367529
oos,15,7,5,port_xmit_packets,2050265.8,2050754.8,2050510.3,9530340632,9530340633,1469737815367529
oos,15,7,5,port_xmit_packets,2586906.8,2587390.6,2587148.7,9530340633,9530340634,1469737815367529
oos,15,7,5,local_ack_timeout_err,2587094.0,2587683.3,2587388.7,5258,5259,1469737815367529
oos,15,7,5,port_xmit_packets,3055567.5,3056042.8,3055805.2,9530340634,9530340636,1469737815367529
oos,15,7,5,port_rcv_packets,3055659.9,3056135.7,3055897.8,4452190759,4452190761,1469737815367529
oos,15,7,5,local_ack_timeout_err,3123881.1,3124470.1,3124175.6,5259,5260,1469737815367529
oos,15,7,5,port_xmit_packets,3124079.4,3124563.0,3124321.2,9530340636,9530340637,1469737815367529
oos,15,7,5,port_rcv_packets,3247486.1,3247962.2,3247724.2,4452190761,4452190763,1469737815367529
oos,15,7,5,port_xmit_packets,3247776.5,3248252.5,3248014.5,9530340637,9530340639,1469737815367529
oos,15,7,5,local_ack_timeout_err,3660776.2,3661371.1,3661073.6,5260,5261,1469737815367529
oos,15,7,5,req_cqe_error,3660776.2,3661371.1,3661073.6,23135,23136,1469737815367529
oos,15,7,6,port_xmit_packets,-129.8,347.7,109.0,9530340640,9530340641,1469737815367529
oos,15,7,6,roce_adp_retrans,36748.2,37337.7,37043.0,4740,4741,1469737815367529
oos,15,7,6,port_xmit_packets,36946.7,37431.1,37188.9,9530340641,9530340642,1469737815367529
oos,15,7,6,roce_adp_retrans,70037.9,70623.3,70330.6,4741,4742,1469737815367529
oos,15,7,6,port_xmit_packets,70234.7,70718.2,70476.4,9530340642,9530340643,1469737815367529
oos,15,7,6,roce_adp_retrans,137319.1,137904.1,137611.6,4742,4743,1469737815367529
oos,15,7,6,port_xmit_packets,137515.8,137997.6,137756.7,9530340643,9530340644,1469737815367529
oos,15,7,6,roce_adp_retrans,237869.1,238455.2,238162.1,4743,4744,1469737815367529
oos,15,7,6,port_xmit_packets,238065.8,238549.1,238307.4,9530340644,9530340645,1469737815367529
oos,15,7,6,port_xmit_packets,308872.8,309349.9,309111.4,9530340645,9530340647,1469737815367529
oos,15,7,6,port_rcv_packets,308966.0,309443.2,309204.6,4452190764,4452190766,1469737815367529
oos,15,7,6,port_xmit_packets,439323.5,439804.8,439564.1,9530340647,9530340648,1469737815367529
oos,15,7,6,roce_adp_retrans,439509.7,440097.3,439803.5,4744,4745,1469737815367529
oos,15,7,6,port_xmit_packets,500941.0,501422.5,501181.8,9530340648,9530340650,1469737815367529
oos,15,7,6,port_rcv_packets,501033.9,501515.1,501274.5,4452190766,4452190768,1469737815367529
oos,15,7,6,port_xmit_packets,976148.2,976630.9,976389.5,9530340650,9530340651,1469737815367529
oos,15,7,6,local_ack_timeout_err,976335.4,976926.3,976630.8,5261,5262,1469737815367529
oos,15,7,6,port_xmit_packets,1513041.8,1513523.7,1513282.7,9530340651,9530340652,1469737815367529
oos,15,7,6,local_ack_timeout_err,1513228.4,1513818.8,1513523.6,5262,5263,1469737815367529
oos,15,7,6,port_xmit_packets,1588827.9,1589303.4,1589065.6,9530340652,9530340654,1469737815367529
oos,15,7,6,port_rcv_packets,1588920.5,1589396.5,1589158.5,4452190768,4452190770,1469737815367529
oos,15,7,6,port_xmit_packets,1780906.3,1781381.6,1781143.9,9530340654,9530340656,1469737815367529
oos,15,7,6,port_rcv_packets,1780999.1,1781474.6,1781236.9,4452190770,4452190772,1469737815367529
oos,15,7,6,local_ack_timeout_err,2049900.5,2050488.5,2050194.5,5263,5264,1469737815367529
oos,15,7,6,port_xmit_packets,2050098.3,2050582.9,2050340.6,9530340656,9530340657,1469737815367529
oos,15,7,6,local_ack_timeout_err,2586716.7,2587303.1,2587009.9,5264,5265,1469737815367529
oos,15,7,6,port_xmit_packets,2586912.6,2587398.0,2587155.3,9530340657,9530340658,1469737815367529
oos,15,7,6,port_xmit_packets,2869033.6,2869510.8,2869272.2,9530340658,9530340660,1469737815367529
oos,15,7,6,port_rcv_packets,2869127.9,2869603.3,2869365.6,4452190772,4452190774,1469737815367529
oos,15,7,6,port_xmit_packets,3060949.9,3061429.9,3061189.9,9530340660,9530340662,1469737815367529
oos,15,7,6,port_rcv_packets,3061048.4,3061522.4,3061285.4,4452190774,4452190776,1469737815367529
oos,15,7,6,port_xmit_packets,3123689.7,3124173.6,3123931.6,9530340662,9530340663,1469737815367529
oos,15,7,6,local_ack_timeout_err,3123877.2,3124469.3,3124173.2,5265,5266,1469737815367529
oos,15,7,6,local_ack_timeout_err,3660513.3,3661106.5,3660809.9,5266,5267,1469737815367529
oos,15,7,6,req_cqe_error,3660899.6,3661503.7,3661201.6,23136,23137,1469737815367529
oos,16,7,1,port_xmit_packets,-173.2,306.5,66.6,9530340668,9530340669,1469763047905971
oos,16,7,1,roce_adp_retrans,17013.3,17608.3,17310.8,4745,4746,1469763047905971
oos,16,7,1,port_xmit_packets,17212.0,17704.4,17458.2,9530340669,9530340670,1469763047905971
oos,16,7,1,port_xmit_packets,33856.1,34341.8,34098.9,9530340670,9530340671,1469763047905971
oos,16,7,1,roce_adp_retrans,34044.3,34636.5,34340.4,4746,4747,1469763047905971
oos,16,7,1,port_xmit_packets,67453.1,67940.9,67697.0,9530340671,9530340672,1469763047905971
oos,16,7,1,roce_adp_retrans,67641.8,68236.7,67939.3,4747,4748,1469763047905971
oos,16,7,1,roce_adp_retrans,134398.7,134990.9,134694.8,4748,4749,1469763047905971
oos,16,7,1,port_xmit_packets,134595.9,135086.3,134841.1,9530340672,9530340673,1469763047905971
oos,16,7,1,roce_adp_retrans,268610.5,269203.0,268906.8,4749,4750,1469763047905971
oos,16,7,1,port_xmit_packets,268808.5,269298.1,269053.3,9530340673,9530340674,1469763047905971
oos,16,7,1,port_rcv_packets,426469.7,426963.7,426716.7,4452190781,4452190783,1469763047905971
oos,16,7,1,port_xmit_packets,426760.8,427256.7,427008.7,9530340674,9530340676,1469763047905971
oos,16,7,1,roce_adp_retrans,537156.3,537742.0,537449.2,4750,4751,1469763047905971
oos,16,7,1,port_xmit_packets,537352.9,537835.5,537594.2,9530340676,9530340677,1469763047905971
oos,16,7,1,port_xmit_packets,618537.2,619012.6,618774.9,9530340677,9530340679,1469763047905971
oos,16,7,1,port_rcv_packets,618630.3,619105.3,618867.8,4452190783,4452190785,1469763047905971
oos,16,7,1,local_ack_timeout_err,1074199.2,1074789.2,1074494.2,5267,5268,1469763047905971
oos,16,7,1,port_xmit_packets,1074398.1,1074882.8,1074640.4,9530340679,9530340680,1469763047905971
oos,16,7,1,local_ack_timeout_err,1611085.1,1611674.9,1611380.0,5268,5269,1469763047905971
oos,16,7,1,port_xmit_packets,1611283.6,1611768.3,1611526.0,9530340680,9530340681,1469763047905971
oos,16,7,1,port_xmit_packets,1706522.4,1706997.8,1706760.1,9530340681,9530340683,1469763047905971
oos,16,7,1,port_rcv_packets,1706615.3,1707090.6,1706852.9,4452190785,4452190787,1469763047905971
oos,16,7,1,port_xmit_packets,1898550.5,1899024.8,1898787.6,9530340683,9530340685,1469763047905971
oos,16,7,1,port_rcv_packets,1898643.5,1899117.8,1898880.7,4452190787,4452190789,1469763047905971
oos,16,7,1,local_ack_timeout_err,2147732.5,2148320.3,2148026.4,5269,5270,1469763047905971
oos,16,7,1,port_xmit_packets,2147929.3,2148415.0,2148172.1,9530340685,9530340686,1469763047905971
oos,16,7,1,local_ack_timeout_err,2684679.8,2685267.4,2684973.6,5270,5271,1469763047905971
oos,16,7,1,port_xmit_packets,2684876.4,2685361.7,2685119.1,9530340686,9530340687,1469763047905971
oos,16,7,1,port_xmit_packets,2986630.5,2987105.8,2986868.2,9530340687,9530340689,1469763047905971
oos,16,7,1,port_rcv_packets,2986723.1,2987198.6,2986960.8,4452190789,4452190791,1469763047905971
oos,16,7,1,port_xmit_packets,3178628.6,3179104.1,3178866.4,9530340689,9530340691,1469763047905971
oos,16,7,1,port_rcv_packets,3178721.2,3179196.7,3178958.9,4452190791,4452190793,1469763047905971
oos,16,7,1,local_ack_timeout_err,3221658.7,3222247.0,3221952.9,5271,5272,1469763047905971
oos,16,7,1,port_xmit_packets,3221855.4,3222340.1,3222097.8,9530340691,9530340692,1469763047905971
oos,16,7,1,local_ack_timeout_err,3758458.2,3759051.4,3758754.8,5272,5273,1469763047905971
oos,16,7,1,req_cqe_error,3758844.5,3759447.7,3759146.1,23137,23138,1469763047905971
oos,16,7,2,port_xmit_packets,-132.6,341.6,104.5,9530340693,9530340694,1469763047905971
oos,16,7,2,roce_adp_retrans,70099.1,70687.8,70393.4,4751,4752,1469763047905971
oos,16,7,2,port_xmit_packets,70297.8,70781.9,70539.8,9530340694,9530340695,1469763047905971
oos,16,7,2,roce_adp_retrans,137057.6,137644.4,137351.0,4752,4753,1469763047905971
oos,16,7,2,port_xmit_packets,137255.1,137738.7,137496.9,9530340695,9530340696,1469763047905971
oos,16,7,2,port_rcv_packets,141955.3,142431.3,142193.3,4452190794,4452190796,1469763047905971
oos,16,7,2,port_xmit_packets,142244.5,142721.7,142483.1,9530340696,9530340698,1469763047905971
oos,16,7,2,roce_adp_retrans,237756.8,238345.9,238051.4,4753,4754,1469763047905971
oos,16,7,2,port_xmit_packets,237954.5,238440.9,238197.7,9530340698,9530340699,1469763047905971
oos,16,7,2,port_xmit_packets,334071.5,334547.4,334309.4,9530340699,9530340701,1469763047905971
oos,16,7,2,port_rcv_packets,334164.8,334640.6,334402.7,4452190796,4452190798,1469763047905971
oos,16,7,2,roce_adp_retrans,439078.6,439664.2,439371.4,4754,4755,1469763047905971
oos,16,7,2,port_xmit_packets,439274.9,439759.2,439517.1,9530340701,9530340702,1469763047905971
oos,16,7,2,local_ack_timeout_err,976199.6,976789.2,976494.4,5273,5274,1469763047905971
oos,16,7,2,port_xmit_packets,976399.3,976882.6,976640.9,9530340702,9530340703,1469763047905971
oos,16,7,2,port_xmit_packets,1421946.9,1422420.5,1422183.7,9530340703,9530340705,1469763047905971
oos,16,7,2,port_rcv_packets,1422039.6,1422513.7,1422276.6,4452190798,4452190800,1469763047905971
oos,16,7,2,local_ack_timeout_err,1513081.1,1513670.9,1513376.0,5274,5275,1469763047905971
oos,16,7,2,port_xmit_packets,1513279.7,1513764.0,1513521.8,9530340705,9530340706,1469763047905971
oos,16,7,2,port_rcv_packets,1613989.3,1614464.2,1614226.7,4452190800,4452190802,1469763047905971
oos,16,7,2,port_xmit_packets,1614278.1,1614753.3,1614515.7,9530340706,9530340708,1469763047905971
oos,16,7,2,local_ack_timeout_err,2049769.7,2050369.7,2050069.7,5275,5276,1469763047905971
oos,16,7,2,port_xmit_packets,2049966.2,2050464.7,2050215.5,9530340708,9530340709,1469763047905971
oos,16,7,2,port_xmit_packets,2318104.6,2318583.8,2318344.2,9530340709,9530340711,1469763047905971
oos,16,7,2,port_rcv_packets,2318197.8,2318678.6,2318438.2,4452190802,4452190806,1469763047905971
oos,16,7,2,port_xmit_packets,2318489.8,2318970.5,2318730.1,9530340711,9530340715,1469763047905971
oos,16,7,2,port_rcv_packets,2318583.8,2319064.5,2318824.2,4452190806,4452190808,1469763047905971
oos,16,7,2,local_ack_timeout_err,2586753.9,2587350.8,2587052.3,5276,5277,1469763047905971
oos,16,7,2,port_xmit_packets,2586952.7,2587444.8,2587198.7,9530340715,9530340716,1469763047905971
oos,16,7,2,port_xmit_packets,2894046.3,2894541.6,2894294.0,9530340716,9530340718,1469763047905971
oos,16,7,2,port_rcv_packets,2894140.2,2894635.4,2894387.8,4452190808,4452190810,1469763047905971
oos,16,7,2,local_ack_timeout_err,3123594.1,3124191.5,3123892.8,5277,5278,1469763047905971
oos,16,7,2,port_xmit_packets,3123796.4,3124286.7,3124041.5,9530340718,9530340719,1469763047905971
oos,16,7,2,local_ack_timeout_err,3660530.6,3661126.9,3660828.7,5278,5279,1469763047905971
oos,16,7,2,req_cqe_error,3660919.5,3661522.1,3661220.8,23138,23139,1469763047905971
oos,16,7,3,port_xmit_packets,-44459.4,-43983.5,-44221.4,9530340720,9530340722,1469763047905971
oos,16,7,3,port_rcv_packets,-44366.6,-43890.5,-44128.6,4452190811,4452190813,1469763047905971
oos,16,7,3,port_xmit_packets,-97.7,449.1,175.7,9530340722,9530340723,1469763047905971
oos,16,7,3,port_xmit_packets,69990.4,70471.5,70230.9,9530340723,9530340724,1469763047905971
oos,16,7,3,roce_adp_retrans,70176.8,70765.6,70471.2,4755,4756,1469763047905971
oos,16,7,3,roce_adp_retrans,137166.7,137754.0,137460.3,4756,4757,1469763047905971
oos,16,7,3,port_xmit_packets,137364.6,137848.0,137606.3,9530340724,9530340725,1469763047905971
oos,16,7,3,port_xmit_packets,147335.9,147816.1,147576.0,9530340725,9530340727,1469763047905971
oos,16,7,3,port_rcv_packets,147429.1,147909.3,147669.2,4452190813,4452190815,1469763047905971
oos,16,7,3,roce_adp_retrans,237835.0,238421.7,238128.4,4757,4758,1469763047905971
oos,16,7,3,port_xmit_packets,238032.6,238516.2,238274.4,9530340727,9530340728,1469763047905971
oos,16,7,3,roce_adp_retrans,439128.2,439717.6,439422.9,4758,4759,1469763047905971
oos,16,7,3,port_xmit_packets,439325.4,439811.7,439568.6,9530340728,9530340729,1469763047905971
oos,16,7,3,local_ack_timeout_err,975867.6,976453.0,976160.3,5279,5280,1469763047905971
oos,16,7,3,port_xmit_packets,976064.2,976547.1,976305.6,9530340729,9530340730,1469763047905971
oos,16,7,3,port_xmit_packets,1235446.2,1235920.9,1235683.6,9530340730,9530340732,1469763047905971
oos,16,7,3,port_rcv_packets,1235539.2,1236013.7,1235776.5,4452190815,4452190817,1469763047905971
oos,16,7,3,port_xmit_packets,1427475.3,1427950.5,1427712.9,9530340732,9530340734,1469763047905971
oos,16,7,3,port_rcv_packets,1427568.2,1428043.4,1427805.8,4452190817,4452190819,1469763047905971
oos,16,7,3,local_ack_timeout_err,1512941.9,1513529.3,1513235.6,5280,5281,1469763047905971
oos,16,7,3,port_xmit_packets,1513139.7,1513622.5,1513381.1,9530340734,9530340735,1469763047905971
oos,16,7,3,local_ack_timeout_err,2049901.6,2050491.0,2050196.3,5281,5282,1469763047905971
oos,16,7,3,port_xmit_packets,2050101.1,2050584.6,2050342.8,9530340735,9530340736,1469763047905971
oos,16,7,3,port_xmit_packets,2515497.1,2515971.5,2515734.3,9530340736,9530340738,1469763047905971
oos,16,7,3,port_rcv_packets,2515589.5,2516064.6,2515827.1,4452190819,4452190821,1469763047905971
oos,16,7,3,port_xmit_packets,2586656.1,2587140.1,2586898.1,9530340738,9530340739,1469763047905971
oos,16,7,3,local_ack_timeout_err,2586843.0,2587434.1,2587138.5,5282,5283,1469763047905971
oos,16,7,3,port_rcv_packets,2707378.6,2707854.2,2707616.4,4452190821,4452190823,1469763047905971
oos,16,7,3,port_xmit_packets,2707668.0,2708144.9,2707906.4,9530340739,9530340741,1469763047905971
oos,16,7,3,local_ack_timeout_err,3123492.1,3124078.2,3123785.2,5283,5284,1469763047905971
oos,16,7,3,port_xmit_packets,3123688.6,3124172.5,3123930.5,9530340741,9530340742,1469763047905971
oos,16,7,3,local_ack_timeout_err,3660328.6,3660916.5,3660622.6,5284,5285,1469763047905971
oos,16,7,3,req_cqe_error,3660712.2,3661315.2,3661013.7,23139,23140,1469763047905971
oos,16,7,4,port_xmit_packets,-231064.0,-230564.9,-230814.4,9530340743,9530340745,1469763047905971
oos,16,7,4,port_rcv_packets,-230960.9,-230472.3,-230716.6,4452190824,4452190826,1469763047905971
oos,16,7,4,port_xmit_packets,-39054.8,-38507.5,-38781.2,9530340745,9530340747,1469763047905971
oos,16,7,4,port_rcv_packets,-38950.7,-38404.7,-38677.7,4452190826,4452190828,1469763047905971
oos,16,7,4,port_xmit_packets,-124.9,425.3,150.2,9530340747,9530340748,1469763047905971
oos,16,7,4,roce_adp_retrans,19660.3,20247.7,19954.0,4759,4760,1469763047905971
oos,16,7,4,port_xmit_packets,19856.7,20342.4,20099.5,9530340748,9530340749,1469763047905971
oos,16,7,4,roce_adp_retrans,36506.1,37094.5,36800.3,4760,4761,1469763047905971
oos,16,7,4,port_xmit_packets,36704.5,37188.1,36946.3,9530340749,9530340750,1469763047905971
oos,16,7,4,roce_adp_retrans,70183.8,70770.3,70477.0,4761,4762,1469763047905971
oos,16,7,4,port_xmit_packets,70382.2,70863.8,70623.0,9530340750,9530340751,1469763047905971
oos,16,7,4,roce_adp_retrans,137198.2,137784.6,137491.4,4762,4763,1469763047905971
oos,16,7,4,port_xmit_packets,137395.5,137878.7,137637.1,9530340751,9530340752,1469763047905971
oos,16,7,4,roce_adp_retrans,237885.1,238475.2,238180.1,4763,4764,1469763047905971
oos,16,7,4,port_xmit_packets,238083.1,238569.1,238326.1,9530340752,9530340753,1469763047905971
oos,16,7,4,roce_adp_retrans,439204.8,439791.9,439498.3,4764,4765,1469763047905971
oos,16,7,4,port_xmit_packets,439401.9,439885.5,439643.7,9530340753,9530340754,1469763047905971
oos,16,7,4,local_ack_timeout_err,976078.0,976667.0,976372.5,5285,5286,1469763047905971
oos,16,7,4,port_xmit_packets,976275.3,976761.0,976518.2,9530340754,9530340755,1469763047905971
oos,16,7,4,port_xmit_packets,1048919.7,1049395.4,1049157.5,9530340755,9530340757,1469763047905971
oos,16,7,4,port_rcv_packets,1049012.6,1049488.2,1049250.4,4452190828,4452190830,1469763047905971
oos,16,7,4,port_xmit_packets,1241042.7,1241527.6,1241285.2,9530340757,9530340759,1469763047905971
oos,16,7,4,port_rcv_packets,1241136.5,1241621.7,1241379.1,4452190830,4452190832,1469763047905971
oos,16,7,4,local_ack_timeout_err,1512918.8,1513512.3,1513215.6,5286,5287,1469763047905971
oos,16,7,4,port_xmit_packets,1513117.4,1513607.2,1513362.3,9530340759,9530340760,1469763047905971
oos,16,7,4,local_ack_timeout_err,2049924.9,2050518.8,2050221.9,5287,5288,1469763047905971
oos,16,7,4,port_xmit_packets,2050125.2,2050612.9,2050369.1,9530340760,9530340761,1469763047905971
oos,16,7,4,port_xmit_packets,2328962.7,2329437.8,2329200.2,9530340761,9530340763,1469763047905971
oos,16,7,4,port_rcv_packets,2329055.6,2329530.4,2329293.0,4452190832,4452190834,1469763047905971
oos,16,7,4,port_xmit_packets,2521057.6,2521533.4,2521295.5,9530340763,9530340765,1469763047905971
oos,16,7,4,port_rcv_packets,2521150.6,2521626.2,2521388.4,4452190834,4452190836,1469763047905971
oos,16,7,4,local_ack_timeout_err,2586679.7,2587270.3,2586975.0,5288,5289,1469763047905971
oos,16,7,4,port_xmit_packets,2586878.0,2587364.9,2587121.5,9530340765,9530340766,1469763047905971
oos,16,7,4,local_ack_timeout_err,3123709.8,3124299.5,3124004.7,5289,5290,1469763047905971
oos,16,7,4,port_xmit_packets,3123908.2,3124393.0,3124150.6,9530340766,9530340767,1469763047905971
oos,16,7,4,port_rcv_packets,3608912.2,3609388.0,3609150.1,4452190836,4452190837,1469763047905971
oos,16,7,4,port_xmit_packets,3609201.9,3609677.0,3609439.5,9530340767,9530340769,1469763047905971
oos,16,7,4,port_rcv_packets,3609295.2,3609770.2,3609532.7,4452190837,4452190838,1469763047905971
oos,16,7,4,local_ack_timeout_err,3660652.4,3661256.6,3660954.5,5290,5291,1469763047905971
oos,16,7,4,req_cqe_error,3660652.4,3661256.6,3660954.5,23140,23141,1469763047905971
oos,16,7,5,port_xmit_packets,-225332.8,-224857.2,-225095.0,9530340770,9530340772,1469763047905971
oos,16,7,5,port_rcv_packets,-225240.2,-224764.0,-225002.1,4452190839,4452190841,1469763047905971
oos,16,7,5,port_xmit_packets,-157.5,318.9,80.7,9530340772,9530340773,1469763047905971
oos,16,7,5,roce_adp_retrans,36791.3,37380.9,37086.1,4765,4766,1469763047905971
oos,16,7,5,port_xmit_packets,36990.3,37474.5,37232.4,9530340773,9530340774,1469763047905971
oos,16,7,5,roce_adp_retrans,70097.9,70683.2,70390.5,4766,4767,1469763047905971
oos,16,7,5,port_xmit_packets,70294.1,70777.0,70535.6,9530340774,9530340775,1469763047905971
oos,16,7,5,roce_adp_retrans,137436.8,138024.1,137730.5,4767,4768,1469763047905971
oos,16,7,5,port_xmit_packets,137635.2,138117.7,137876.4,9530340775,9530340776,1469763047905971
oos,16,7,5,roce_adp_retrans,238093.6,238683.8,238388.7,4768,4769,1469763047905971
oos,16,7,5,port_xmit_packets,238292.5,238777.4,238534.9,9530340776,9530340777,1469763047905971
oos,16,7,5,roce_adp_retrans,439318.6,439907.5,439613.0,4769,4770,1469763047905971
oos,16,7,5,port_xmit_packets,439516.1,440001.9,439759.0,9530340777,9530340778,1469763047905971
oos,16,7,5,port_rcv_packets,862472.6,862946.7,862709.6,4452190841,4452190842,1469763047905971
oos,16,7,5,port_xmit_packets,862761.4,863236.6,862999.0,9530340778,9530340780,1469763047905971
oos,16,7,5,port_rcv_packets,862854.2,863329.4,863091.8,4452190842,4452190843,1469763047905971
oos,16,7,5,local_ack_timeout_err,976121.1,976708.4,976414.7,5291,5292,1469763047905971
oos,16,7,5,port_xmit_packets,976318.3,976803.3,976560.8,9530340780,9530340781,1469763047905971
oos,16,7,5,port_xmit_packets,1054718.6,1055205.8,1054962.2,9530340781,9530340783,1469763047905971
oos,16,7,5,port_rcv_packets,1054811.3,1055298.9,1055055.1,4452190843,4452190845,1469763047905971
oos,16,7,5,local_ack_timeout_err,1512961.6,1513547.1,1513254.3,5292,5293,1469763047905971
oos,16,7,5,port_xmit_packets,1513157.8,1513641.8,1513399.8,9530340783,9530340784,1469763047905971
oos,16,7,5,local_ack_timeout_err,2049944.3,2050532.5,2050238.4,5293,5294,1469763047905971
oos,16,7,5,port_xmit_packets,2050141.7,2050627.6,2050384.6,9530340784,9530340785,1469763047905971
oos,16,7,5,port_rcv_packets,2142516.5,2142992.4,2142754.4,4452190845,4452190847,1469763047905971
oos,16,7,5,port_xmit_packets,2142806.4,2143282.2,2143044.3,9530340785,9530340787,1469763047905971
oos,16,7,5,port_xmit_packets,2334573.3,2335050.0,2334811.6,9530340787,9530340789,1469763047905971
oos,16,7,5,port_rcv_packets,2334666.2,2335142.8,2334904.5,4452190847,4452190849,1469763047905971
oos,16,7,5,port_xmit_packets,2586840.0,2587323.7,2587081.9,9530340789,9530340790,1469763047905971
oos,16,7,5,local_ack_timeout_err,2587027.1,2587619.1,2587323.1,5294,5295,1469763047905971
oos,16,7,5,local_ack_timeout_err,3123700.1,3124287.6,3123993.8,5295,5296,1469763047905971
oos,16,7,5,port_xmit_packets,3123897.3,3124381.6,3124139.5,9530340790,9530340791,1469763047905971
oos,16,7,5,port_xmit_packets,3422538.6,3423014.2,3422776.4,9530340791,9530340792,1469763047905971
oos,16,7,5,port_rcv_packets,3422631.9,3423106.7,3422869.3,4452190849,4452190851,1469763047905971
oos,16,7,5,port_xmit_packets,3422921.5,3423397.2,3423159.3,9530340792,9530340793,1469763047905971
oos,16,7,5,port_xmit_packets,3614646.0,3615125.2,3614885.6,9530340793,9530340795,1469763047905971
oos,16,7,5,port_rcv_packets,3614739.2,3615218.3,3614978.8,4452190851,4452190853,1469763047905971
oos,16,7,5,local_ack_timeout_err,3660757.3,3661354.4,3661055.8,5296,5297,1469763047905971
oos,16,7,5,req_cqe_error,3660757.3,3661354.4,3661055.8,23141,23142,1469763047905971
oos,16,7,6,port_xmit_packets,-170.1,307.9,68.9,9530340796,9530340797,1469763047905971
oos,16,7,6,roce_adp_retrans,69784.7,70373.9,70079.3,4770,4771,1469763047905971
oos,16,7,6,port_xmit_packets,69981.8,70468.7,70225.3,9530340797,9530340798,1469763047905971
oos,16,7,6,port_xmit_packets,136958.6,137444.5,137201.5,9530340798,9530340799,1469763047905971
oos,16,7,6,roce_adp_retrans,137146.6,137741.1,137443.8,4771,4772,1469763047905971
oos,16,7,6,roce_adp_retrans,237795.0,238394.4,238094.7,4772,4773,1469763047905971
oos,16,7,6,port_xmit_packets,237998.7,238489.5,238244.1,9530340799,9530340800,1469763047905971
oos,16,7,6,roce_adp_retrans,439019.8,439614.6,439317.2,4773,4774,1469763047905971
oos,16,7,6,port_xmit_packets,439220.5,439708.6,439464.5,9530340800,9530340801,1469763047905971
oos,16,7,6,port_xmit_packets,675663.5,676150.5,675907.0,9530340801,9530340803,1469763047905971
oos,16,7,6,port_rcv_packets,675757.3,676244.1,676000.7,4452190854,4452190856,1469763047905971
oos,16,7,6,port_xmit_packets,867733.2,868213.8,867973.5,9530340803,9530340805,1469763047905971
oos,16,7,6,port_rcv_packets,867828.0,868307.2,868067.6,4452190856,4452190858,1469763047905971
oos,16,7,6,local_ack_timeout_err,975916.8,976512.8,976214.8,5297,5298,1469763047905971
oos,16,7,6,port_xmit_packets,976118.9,976607.4,976363.2,9530340805,9530340806,1469763047905971
oos,16,7,6,port_xmit_packets,1512753.6,1513235.8,1512994.7,9530340806,9530340807,1469763047905971
oos,16,7,6,local_ack_timeout_err,1512940.2,1513534.9,1513237.6,5298,5299,1469763047905971
oos,16,7,6,port_xmit_packets,1955874.1,1956348.3,1956111.2,9530340807,9530340809,1469763047905971
oos,16,7,6,port_rcv_packets,1955967.0,1956440.6,1956203.8,4452190858,4452190860,1469763047905971
oos,16,7,6,local_ack_timeout_err,2049599.7,2050185.0,2049892.4,5299,5300,1469763047905971
oos,16,7,6,port_xmit_packets,2049795.8,2050279.2,2050037.5,9530340809,9530340810,1469763047905971
oos,16,7,6,port_rcv_packets,2147719.0,2148194.6,2147956.8,4452190860,4452190862,1469763047905971
oos,16,7,6,port_xmit_packets,2148009.6,2148484.4,2148247.0,9530340810,9530340812,1469763047905971
oos,16,7,6,local_ack_timeout_err,2586465.1,2587053.5,2586759.3,5300,5301,1469763047905971
oos,16,7,6,port_xmit_packets,2586661.5,2587147.9,2586904.7,9530340812,9530340813,1469763047905971
oos,16,7,6,local_ack_timeout_err,3123347.4,3123934.5,3123640.9,5301,5302,1469763047905971
oos,16,7,6,port_xmit_packets,3123543.7,3124029.0,3123786.4,9530340813,9530340814,1469763047905971
oos,16,7,6,port_rcv_packets,3235748.0,3236222.2,3235985.1,4452190862,4452190864,1469763047905971
oos,16,7,6,port_xmit_packets,3236036.6,3236511.7,3236274.2,9530340814,9530340816,1469763047905971
oos,16,7,6,port_rcv_packets,3427692.0,3428167.3,3427929.7,4452190864,4452190866,1469763047905971
oos,16,7,6,port_xmit_packets,3427981.6,3428457.3,3428219.4,9530340816,9530340818,1469763047905971
oos,16,7,6,local_ack_timeout_err,3660175.7,3660761.2,3660468.4,5302,5303,1469763047905971
oos,16,7,6,req_cqe_error,3660558.6,3661157.3,3660857.9,23142,23143,1469763047905971
oos,15,1,1,port_xmit_packets,-297445.7,-296937.2,-297191.4,9530340821,9530340823,1469788285027095
oos,15,1,1,port_rcv_packets,-297349.3,-296842.1,-297095.7,4452190869,4452190871,1469788285027095
oos,15,1,1,port_xmit_packets,-147.3,326.7,89.7,9530340823,9530340824,1469788285027095
oos,15,1,1,roce_adp_retrans,22210.8,22799.5,22505.2,4774,4775,1469788285027095
oos,15,1,1,port_xmit_packets,22408.1,22893.8,22651.0,9530340824,9530340825,1469788285027095
oos,15,1,1,roce_adp_retrans,39022.3,39605.1,39313.7,4775,4776,1469788285027095
oos,15,1,1,port_xmit_packets,39218.5,39699.6,39459.1,9530340825,9530340826,1469788285027095
oos,15,1,1,roce_adp_retrans,64236.8,64820.8,64528.8,4776,4777,1469788285027095
oos,15,1,1,port_xmit_packets,64435.1,64914.4,64674.8,9530340826,9530340827,1469788285027095
oos,15,1,1,port_xmit_packets,131310.0,131789.8,131549.9,9530340827,9530340828,1469788285027095
oos,15,1,1,roce_adp_retrans,131495.9,132082.1,131789.0,4777,4778,1469788285027095
oos,15,1,1,port_xmit_packets,265544.2,266027.2,265785.7,9530340828,9530340829,1469788285027095
oos,15,1,1,roce_adp_retrans,265730.9,266320.3,266025.6,4778,4779,1469788285027095
oos,15,1,1,roce_adp_retrans,534210.6,534807.3,534508.9,4779,4780,1469788285027095
oos,15,1,1,req_cqe_error,534210.6,534807.3,534508.9,23143,23144,1469788285027095
oos,15,1,2,port_rcv_packets,-109503.2,-109029.7,-109266.4,4452190872,4452190874,1469788285027095
oos,15,1,2,port_xmit_packets,-109215.0,-108740.1,-108977.5,9530340830,9530340832,1469788285027095
oos,15,1,2,port_xmit_packets,-167.5,363.1,97.8,9530340832,9530340833,1469788285027095
oos,15,1,2,port_xmit_packets,70325.9,70811.3,70568.6,9530340833,9530340834,1469788285027095
oos,15,1,2,roce_adp_retrans,70513.1,71105.0,70809.1,4780,4781,1469788285027095
oos,15,1,2,port_xmit_packets,82570.9,83047.6,82809.3,9530340834,9530340836,1469788285027095
oos,15,1,2,port_rcv_packets,82664.4,83140.7,82902.6,4452190874,4452190876,1469788285027095
oos,15,1,2,roce_adp_retrans,137388.8,137975.9,137682.3,4781,4782,1469788285027095
oos,15,1,2,port_xmit_packets,137584.6,138069.7,137827.2,9530340836,9530340837,1469788285027095
oos,15,1,2,roce_adp_retrans,238190.6,238779.8,238485.2,4782,4783,1469788285027095
oos,15,1,2,port_xmit_packets,238388.8,238873.6,238631.2,9530340837,9530340838,1469788285027095
oos,15,1,2,roce_adp_retrans,439421.4,440014.8,439718.1,4783,4784,1469788285027095
oos,15,1,2,req_cqe_error,439807.8,440407.3,440107.6,23144,23145,1469788285027095
oos,15,1,3,port_xmit_packets,-171.2,302.7,65.8,9530340839,9530340840,1469788285027095
oos,15,1,3,roce_adp_retrans,36692.0,37282.2,36987.1,4784,4785,1469788285027095
oos,15,1,3,port_xmit_packets,36890.2,37376.4,37133.3,9530340840,9530340841,1469788285027095
oos,15,1,3,port_xmit_packets,70138.2,70618.4,70378.3,9530340841,9530340842,1469788285027095
oos,15,1,3,roce_adp_retrans,70324.4,70909.4,70616.9,4785,4786,1469788285027095
oos,15,1,3,roce_adp_retrans,137197.1,137784.7,137490.9,4786,4787,1469788285027095
oos,15,1,3,port_xmit_packets,137394.0,137878.6,137636.3,9530340842,9530340843,1469788285027095
oos,15,1,3,roce_adp_retrans,237784.6,238371.9,238078.2,4787,4788,1469788285027095
oos,15,1,3,port_xmit_packets,237981.8,238466.2,238224.0,9530340843,9530340844,1469788285027095
oos,15,1,3,port_xmit_packets,365212.5,365688.6,365450.6,9530340844,9530340846,1469788285027095
oos,15,1,3,port_rcv_packets,365305.5,365782.0,365543.7,4452190877,4452190879,1469788285027095
oos,15,1,3,roce_adp_retrans,439117.7,439701.5,439409.6,4788,4789,1469788285027095
oos,15,1,3,req_cqe_error,439500.3,440102.0,439801.2,23145,23146,1469788285027095
oos,15,1,4,port_xmit_packets,-248237.9,-247759.0,-247998.5,9530340847,9530340849,1469788285027095
oos,15,1,4,port_rcv_packets,-248144.4,-247665.8,-247905.1,4452190880,4452190882,1469788285027095
oos,15,1,4,port_xmit_packets,-124.9,359.0,117.0,9530340849,9530340850,1469788285027095
oos,15,1,4,roce_adp_retrans,70203.0,70796.6,70499.8,4789,4790,1469788285027095
oos,15,1,4,port_xmit_packets,70402.9,70890.9,70646.9,9530340850,9530340851,1469788285027095
oos,15,1,4,roce_adp_retrans,137242.5,137833.1,137537.8,4790,4791,1469788285027095
oos,15,1,4,port_xmit_packets,137441.4,137927.4,137684.4,9530340851,9530340852,1469788285027095
oos,15,1,4,roce_adp_retrans,237859.1,238455.2,238157.1,4791,4792,1469788285027095
oos,15,1,4,port_xmit_packets,238059.6,238549.6,238304.6,9530340852,9530340853,1469788285027095
oos,15,1,4,roce_adp_retrans,439118.9,439714.6,439416.7,4792,4793,1469788285027095
oos,15,1,4,req_cqe_error,439505.7,440114.6,439810.1,23146,23147,1469788285027095
oos,15,1,5,port_xmit_packets,-136.1,339.1,101.5,9530340854,9530340855,1469788285027095
oos,15,1,5,port_rcv_packets,34369.9,34844.5,34607.2,4452190883,4452190885,1469788285027095
oos,15,1,5,port_xmit_packets,34658.4,35133.5,34895.9,9530340855,9530340857,1469788285027095
oos,15,1,5,roce_adp_retrans,69982.6,70566.4,70274.5,4793,4794,1469788285027095
oos,15,1,5,port_xmit_packets,70178.2,70660.6,70419.4,9530340857,9530340858,1469788285027095
oos,15,1,5,roce_adp_retrans,137240.6,137827.2,137533.9,4794,4795,1469788285027095
oos,15,1,5,port_xmit_packets,137438.3,137921.2,137679.7,9530340858,9530340859,1469788285027095
oos,15,1,5,port_xmit_packets,226398.7,226874.5,226636.6,9530340859,9530340861,1469788285027095
oos,15,1,5,port_rcv_packets,226491.9,226967.4,226729.7,4452190885,4452190887,1469788285027095
oos,15,1,5,port_xmit_packets,237864.6,238348.2,238106.4,9530340861,9530340862,1469788285027095
oos,15,1,5,roce_adp_retrans,238051.4,238640.6,238346.0,4795,4796,1469788285027095
oos,15,1,5,roce_adp_retrans,439275.2,439871.9,439573.5,4796,4797,1469788285027095
oos,15,1,5,req_cqe_error,439275.2,439871.9,439573.5,23147,23148,1469788285027095
oos,15,1,6,port_xmit_packets,-106.7,403.4,148.4,9530340863,9530340864,1469788285027095
oos,15,1,6,roce_adp_retrans,11967.3,12554.6,12261.0,4797,4798,1469788285027095
oos,15,1,6,port_xmit_packets,12166.7,12648.2,12407.5,9530340864,9530340865,1469788285027095
oos,15,1,6,port_xmit_packets,20199.5,20678.7,20439.1,9530340865,9530340866,1469788285027095
oos,15,1,6,roce_adp_retrans,20385.7,20970.5,20678.1,4798,4799,1469788285027095
oos,15,1,6,port_xmit_packets,37026.1,37506.6,37266.4,9530340866,9530340867,1469788285027095
oos,15,1,6,roce_adp_retrans,37212.4,37797.4,37504.9,4799,4800,1469788285027095
oos,15,1,6,roce_adp_retrans,70463.1,71048.3,70755.7,4800,4801,1469788285027095
oos,15,1,6,port_xmit_packets,70659.6,71142.4,70901.0,9530340867,9530340868,1469788285027095
oos,15,1,6,roce_adp_retrans,137733.6,138324.8,138029.2,4801,4802,1469788285027095
oos,15,1,6,port_xmit_packets,137933.1,138418.4,138175.8,9530340868,9530340869,1469788285027095
oos,15,1,6,roce_adp_retrans,238238.4,238823.9,238531.1,4802,4803,1469788285027095
oos,15,1,6,port_xmit_packets,238434.2,238918.2,238676.2,9530340869,9530340870,1469788285027095
oos,15,1,6,roce_adp_retrans,439572.1,440165.4,439868.8,4803,4804,1469788285027095
oos,15,1,6,req_cqe_error,439955.7,440563.7,440259.7,23148,23149,1469788285027095
oos,15,3,1,port_xmit_packets,-170.1,305.0,67.5,9530340875,9530340876,1469794185156787
oos,15,3,1,port_xmit_packets,10135.3,10611.1,10373.2,9530340876,9530340877,1469794185156787
oos,15,3,1,port_rcv_packets,10228.0,10703.5,10465.7,4452190893,4452190895,1469794185156787
oos,15,3,1,port_xmit_packets,10517.9,10993.8,10755.8,9530340877,9530340878,1469794185156787
oos,15,3,1,roce_adp_retrans,35914.2,36500.5,36207.4,4804,4805,1469794185156787
oos,15,3,1,port_xmit_packets,36110.4,36594.9,36352.6,9530340878,9530340879,1469794185156787
oos,15,3,1,roce_adp_retrans,69551.8,70141.6,69846.7,4805,4806,1469794185156787
oos,15,3,1,port_xmit_packets,69748.5,70236.5,69992.5,9530340879,9530340880,1469794185156787
oos,15,3,1,roce_adp_retrans,136789.5,137378.0,137083.8,4806,4807,1469794185156787
oos,15,3,1,port_xmit_packets,136987.9,137471.8,137229.8,9530340880,9530340881,1469794185156787
oos,15,3,1,port_xmit_packets,202346.8,202821.5,202584.1,9530340881,9530340883,1469794185156787
oos,15,3,1,port_rcv_packets,202439.2,202914.7,202676.9,4452190895,4452190897,1469794185156787
oos,15,3,1,roce_adp_retrans,271018.4,271606.6,271312.5,4807,4808,1469794185156787
oos,15,3,1,port_xmit_packets,271216.3,271700.2,271458.3,9530340883,9530340884,1469794185156787
oos,15,3,1,roce_adp_retrans,539384.4,539973.3,539678.8,4808,4809,1469794185156787
oos,15,3,1,port_xmit_packets,539581.0,540066.4,539823.7,9530340884,9530340885,1469794185156787
oos,15,3,1,local_ack_timeout_err,1076114.3,1076701.5,1076407.9,5303,5304,1469794185156787
oos,15,3,1,port_xmit_packets,1076313.1,1076796.4,1076554.7,9530340885,9530340886,1469794185156787
oos,15,3,1,port_xmit_packets,1290406.5,1290882.0,1290644.3,9530340886,9530340888,1469794185156787
oos,15,3,1,port_rcv_packets,1290499.5,1290974.6,1290737.1,4452190897,4452190899,1469794185156787
oos,15,3,1,port_xmit_packets,1482210.5,1482688.7,1482449.6,9530340888,9530340890,1469794185156787
oos,15,3,1,port_rcv_packets,1482303.4,1482781.8,1482542.6,4452190899,4452190901,1469794185156787
oos,15,3,1,local_ack_timeout_err,1613125.6,1613720.0,1613422.8,5304,5305,1469794185156787
oos,15,3,1,req_cqe_error,1613512.4,1614114.4,1613813.4,23149,23150,1469794185156787
oos,15,3,2,port_xmit_packets,-131.8,343.1,105.6,9530340891,9530340892,1469794185156787
oos,15,3,2,roce_adp_retrans,19928.8,20515.6,20222.2,4809,4810,1469794185156787
oos,15,3,2,port_xmit_packets,20125.9,20608.8,20367.4,9530340892,9530340893,1469794185156787
oos,15,3,2,roce_adp_retrans,36752.7,37337.0,37044.9,4810,4811,1469794185156787
oos,15,3,2,port_xmit_packets,36950.2,37430.0,37190.1,9530340893,9530340894,1469794185156787
oos,15,3,2,roce_adp_retrans,70155.0,70741.8,70448.4,4811,4812,1469794185156787
oos,15,3,2,port_xmit_packets,70351.1,70835.7,70593.4,9530340894,9530340895,1469794185156787
oos,15,3,2,roce_adp_retrans,137366.2,137950.9,137658.6,4812,4813,1469794185156787
oos,15,3,2,port_xmit_packets,137564.2,138043.9,137804.0,9530340895,9530340896,1469794185156787
oos,15,3,2,roce_adp_retrans,238005.5,238595.4,238300.5,4813,4814,1469794185156787
oos,15,3,2,port_xmit_packets,238203.7,238689.0,238446.4,9530340896,9530340897,1469794185156787
oos,15,3,2,roce_adp_retrans,439280.8,439866.6,439573.7,4814,4815,1469794185156787
oos,15,3,2,port_xmit_packets,439477.5,439960.4,439719.0,9530340897,9530340898,1469794185156787
oos,15,3,2,port_xmit_packets,591163.1,591641.3,591402.2,9530340898,9530340900,1469794185156787
oos,15,3,2,port_rcv_packets,591256.9,591734.4,591495.7,4452190902,4452190904,1469794185156787
oos,15,3,2,port_xmit_packets,783269.2,783744.6,783506.9,9530340900,9530340902,1469794185156787
oos,15,3,2,port_rcv_packets,783362.2,783837.3,783599.8,4452190904,4452190906,1469794185156787
oos,15,3,2,local_ack_timeout_err,976037.5,976623.0,976330.3,5305,5306,1469794185156787
oos,15,3,2,port_xmit_packets,976233.5,976718.3,976475.9,9530340902,9530340903,1469794185156787
oos,15,3,2,local_ack_timeout_err,1512975.7,1513570.9,1513273.3,5306,5307,1469794185156787
oos,15,3,2,req_cqe_error,1513362.5,1513971.1,1513666.8,23150,23151,1469794185156787
oos,15,3,3,port_xmit_packets,-8380.3,-7901.3,-8140.8,9530340904,9530340906,1469794185156787
oos,15,3,3,port_rcv_packets,-8286.5,-7808.2,-8047.4,4452190907,4452190909,1469794185156787
oos,15,3,3,port_xmit_packets,-112.5,381.8,134.6,9530340906,9530340907,1469794185156787
oos,15,3,3,port_xmit_packets,69751.9,70239.7,69995.8,9530340907,9530340908,1469794185156787
oos,15,3,3,roce_adp_retrans,69940.0,70535.5,70237.7,4815,4816,1469794185156787
oos,15,3,3,port_xmit_packets,136865.3,137351.7,137108.5,9530340908,9530340909,1469794185156787
oos,15,3,3,roce_adp_retrans,137053.4,137646.2,137349.8,4816,4817,1469794185156787
oos,15,3,3,port_xmit_packets,183517.4,183996.4,183756.9,9530340909,9530340911,1469794185156787
oos,15,3,3,port_rcv_packets,183610.6,184090.5,183850.6,4452190909,4452190911,1469794185156787
oos,15,3,3,port_xmit_packets,237465.0,237951.1,237708.1,9530340911,9530340912,1469794185156787
oos,15,3,3,roce_adp_retrans,237652.9,238247.4,237950.2,4817,4818,1469794185156787
oos,15,3,3,roce_adp_retrans,438894.9,439490.6,439192.7,4818,4819,1469794185156787
oos,15,3,3,port_xmit_packets,439096.0,439584.6,439340.3,9530340912,9530340913,1469794185156787
oos,15,3,3,port_xmit_packets,975740.9,976224.1,975982.5,9530340913,9530340914,1469794185156787
oos,15,3,3,local_ack_timeout_err,975927.0,976516.2,976221.6,5307,5308,1469794185156787
oos,15,3,3,port_rcv_packets,1271537.4,1272012.0,1271774.7,4452190911,4452190912,1469794185156787
oos,15,3,3,port_xmit_packets,1271826.2,1272301.1,1272063.7,9530340914,9530340916,1469794185156787
oos,15,3,3,port_rcv_packets,1271919.1,1272394.6,1272156.8,4452190912,4452190913,1469794185156787
oos,15,3,3,port_xmit_packets,1463813.4,1464291.4,1464052.4,9530340916,9530340918,1469794185156787
oos,15,3,3,port_rcv_packets,1463906.3,1464384.5,1464145.4,4452190913,4452190915,1469794185156787
oos,15,3,3,local_ack_timeout_err,1512535.0,1513125.9,1512830.4,5308,5309,1469794185156787
oos,15,3,3,req_cqe_error,1512920.1,1513576.1,1513248.1,23151,23152,1469794185156787
oos,15,3,4,port_xmit_packets,-151.4,394.8,121.7,9530340919,9530340920,1469794185156787
oos,15,3,4,roce_adp_retrans,70473.5,71063.3,70768.4,4819,4820,1469794185156787
oos,15,3,4,port_xmit_packets,70671.6,71156.8,70914.2,9530340920,9530340921,1469794185156787
oos,15,3,4,roce_adp_retrans,137375.7,137961.8,137668.7,4820,4821,1469794185156787
oos,15,3,4,port_xmit_packets,137572.1,138056.0,137814.0,9530340921,9530340922,1469794185156787
oos,15,3,4,port_xmit_packets,238161.4,238642.1,238401.8,9530340922,9530340923,1469794185156787
oos,15,3,4,roce_adp_retrans,238347.6,238934.7,238641.2,4821,4822,1469794185156787
oos,15,3,4,roce_adp_retrans,439486.4,440073.5,439779.9,4822,4823,1469794185156787
oos,15,3,4,port_xmit_packets,439683.8,440167.3,439925.5,9530340923,9530340924,1469794185156787
oos,15,3,4,port_rcv_packets,673140.9,673617.8,673379.4,4452190916,4452190917,1469794185156787
oos,15,3,4,port_xmit_packets,673431.7,673908.6,673670.1,9530340924,9530340926,1469794185156787
oos,15,3,4,port_rcv_packets,673524.7,674002.5,673763.6,4452190917,4452190918,1469794185156787
oos,15,3,4,port_xmit_packets,865417.1,865893.7,865655.4,9530340926,9530340928,1469794185156787
oos,15,3,4,port_rcv_packets,865509.6,865987.0,865748.3,4452190918,4452190920,1469794185156787
oos,15,3,4,local_ack_timeout_err,976280.7,976869.2,976575.0,5309,5310,1469794185156787
oos,15,3,4,port_xmit_packets,976479.2,976964.1,976721.7,9530340928,9530340929,1469794185156787
oos,15,3,4,local_ack_timeout_err,1513277.3,1513869.9,1513573.6,5310,5311,1469794185156787
oos,15,3,4,req_cqe_error,1513663.9,1514262.3,1513963.1,23152,23153,1469794185156787
oos,15,3,5,port_xmit_packets,-141.7,402.7,130.5,9530340930,9530340931,1469794185156787
oos,15,3,5,port_xmit_packets,70321.8,70803.2,70562.5,9530340931,9530340932,1469794185156787
oos,15,3,5,roce_adp_retrans,70508.2,71096.8,70802.5,4823,4824,1469794185156787
oos,15,3,5,port_xmit_packets,74160.8,74645.6,74403.2,9530340932,9530340934,1469794185156787
oos,15,3,5,port_rcv_packets,74253.8,74738.7,74496.2,4452190921,4452190923,1469794185156787
oos,15,3,5,roce_adp_retrans,137485.4,138071.6,137778.5,4824,4825,1469794185156787
oos,15,3,5,port_xmit_packets,137682.5,138165.1,137923.8,9530340934,9530340935,1469794185156787
oos,15,3,5,roce_adp_retrans,238093.1,238678.4,238385.7,4825,4826,1469794185156787
oos,15,3,5,port_xmit_packets,238290.1,238772.2,238531.1,9530340935,9530340936,1469794185156787
oos,15,3,5,port_xmit_packets,266209.0,266686.7,266447.8,9530340936,9530340938,1469794185156787
oos,15,3,5,port_rcv_packets,266301.6,266780.0,266540.8,4452190923,4452190925,1469794185156787
oos,15,3,5,port_xmit_packets,439418.5,439899.5,439659.0,9530340938,9530340939,1469794185156787
oos,15,3,5,roce_adp_retrans,439604.4,440193.2,439898.8,4826,4827,1469794185156787
oos,15,3,5,port_xmit_packets,976345.8,976831.4,976588.6,9530340939,9530340940,1469794185156787
oos,15,3,5,local_ack_timeout_err,976534.0,977131.0,976832.5,5311,5312,1469794185156787
oos,15,3,5,port_xmit_packets,1354210.9,1354697.1,1354454.0,9530340940,9530340942,1469794185156787
oos,15,3,5,port_rcv_packets,1354304.9,1354790.1,1354547.5,4452190925,4452190927,1469794185156787
oos,15,3,5,local_ack_timeout_err,1513065.2,1513650.7,1513358.0,5312,5313,1469794185156787
oos,15,3,5,req_cqe_error,1513448.6,1514074.0,1513761.3,23153,23154,1469794185156787
oos,15,3,5,port_xmit_packets,1546204.4,1546685.9,1546445.2,9530340942,9530340944,1469794185156787
oos,15,3,5,port_rcv_packets,1546298.3,1546780.4,1546539.3,4452190927,4452190929,1469794185156787
oos,15,3,6,port_xmit_packets,-101.3,442.9,170.8,9530340945,9530340946,1469794185156787
oos,15,3,6,roce_adp_retrans,36563.4,37152.0,36857.7,4827,4828,1469794185156787
oos,15,3,6,port_xmit_packets,36760.8,37245.0,37002.9,9530340946,9530340947,1469794185156787
oos,15,3,6,port_xmit_packets,70030.2,70512.6,70271.4,9530340947,9530340948,1469794185156787
oos,15,3,6,roce_adp_retrans,70216.9,70805.3,70511.1,4828,4829,1469794185156787
oos,15,3,6,roce_adp_retrans,137158.9,137748.1,137453.5,4829,4830,1469794185156787
oos,15,3,6,port_xmit_packets,137358.5,137841.8,137600.1,9530340948,9530340949,1469794185156787
oos,15,3,6,roce_adp_retrans,237705.8,238290.6,237998.2,4830,4831,1469794185156787
oos,15,3,6,port_xmit_packets,237902.0,238384.4,238143.2,9530340949,9530340950,1469794185156787
oos,15,3,6,roce_adp_retrans,439128.8,439716.8,439422.8,4831,4832,1469794185156787
oos,15,3,6,port_xmit_packets,439325.8,439810.8,439568.3,9530340950,9530340951,1469794185156787
oos,15,3,6,port_rcv_packets,754773.5,755250.2,755011.8,4452190930,4452190932,1469794185156787
oos,15,3,6,port_xmit_packets,755063.8,755540.6,755302.2,9530340951,9530340953,1469794185156787
oos,15,3,6,port_xmit_packets,946817.7,947298.3,947058.0,9530340953,9530340955,1469794185156787
oos,15,3,6,port_rcv_packets,946912.1,947393.6,947152.8,4452190932,4452190934,1469794185156787
oos,15,3,6,local_ack_timeout_err,975965.2,976559.8,976262.5,5313,5314,1469794185156787
oos,15,3,6,port_xmit_packets,976164.7,976656.5,976410.6,9530340955,9530340956,1469794185156787
oos,15,3,6,local_ack_timeout_err,1513070.0,1513674.1,1513372.1,5314,5315,1469794185156787
oos,15,3,6,req_cqe_error,1513070.0,1513674.1,1513372.1,23154,23155,1469794185156787
oos,15,5,1,port_xmit_packets,-91.1,387.8,148.3,9530340961,9530340962,1469806545253656
oos,15,5,1,port_xmit_packets,41210.3,41690.8,41450.6,9530340962,9530340963,1469806545253656
oos,15,5,1,roce_adp_retrans,41396.5,41987.9,41692.2,4832,4833,1469806545253656
oos,15,5,1,roce_adp_retrans,74667.0,75256.9,74962.0,4833,4834,1469806545253656
oos,15,5,1,port_xmit_packets,74863.8,75351.1,75107.5,9530340963,9530340964,1469806545253656
oos,15,5,1,roce_adp_retrans,125090.9,125677.5,125384.2,4834,4835,1469806545253656
oos,15,5,1,port_xmit_packets,125288.3,125771.0,125529.6,9530340964,9530340965,1469806545253656
oos,15,5,1,roce_adp_retrans,259182.7,259767.1,259474.9,4835,4836,1469806545253656
oos,15,5,1,port_xmit_packets,259379.0,259861.1,259620.1,9530340965,9530340966,1469806545253656
oos,15,5,1,port_xmit_packets,450764.3,451245.8,451005.1,9530340966,9530340968,1469806545253656
oos,15,5,1,port_rcv_packets,450857.2,451338.4,451097.8,4452190939,4452190941,1469806545253656
oos,15,5,1,roce_adp_retrans,527757.2,528346.0,528051.6,4836,4837,1469806545253656
oos,15,5,1,port_xmit_packets,527955.1,528439.5,528197.3,9530340968,9530340969,1469806545253656
oos,15,5,1,port_xmit_packets,642733.2,643208.5,642970.9,9530340969,9530340971,1469806545253656
oos,15,5,1,port_rcv_packets,642826.1,643301.2,643063.7,4452190941,4452190943,1469806545253656
oos,15,5,1,local_ack_timeout_err,1064727.9,1065317.6,1065022.7,5315,5316,1469806545253656
oos,15,5,1,port_xmit_packets,1064926.2,1065411.2,1065168.7,9530340971,9530340972,1469806545253656
oos,15,5,1,port_xmit_packets,1601480.8,1601964.5,1601722.6,9530340972,9530340973,1469806545253656
oos,15,5,1,local_ack_timeout_err,1601667.2,1602257.4,1601962.3,5316,5317,1469806545253656
oos,15,5,1,port_xmit_packets,1730755.9,1731231.6,1730993.8,9530340973,9530340975,1469806545253656
oos,15,5,1,port_rcv_packets,1730849.0,1731324.6,1731086.8,4452190943,4452190945,1469806545253656
oos,15,5,1,port_xmit_packets,1922732.6,1923208.7,1922970.6,9530340975,9530340977,1469806545253656
oos,15,5,1,port_rcv_packets,1922825.9,1923302.0,1923063.9,4452190945,4452190947,1469806545253656
oos,15,5,1,local_ack_timeout_err,2138355.6,2138943.3,2138649.5,5317,5318,1469806545253656
oos,15,5,1,port_xmit_packets,2138552.9,2139037.8,2138795.3,9530340977,9530340978,1469806545253656
oos,15,5,1,local_ack_timeout_err,2675397.7,2675993.9,2675695.8,5318,5319,1469806545253656
oos,15,5,1,req_cqe_error,2675397.7,2675993.9,2675695.8,23155,23156,1469806545253656
oos,15,5,2,port_xmit_packets,-30514.3,-29934.3,-30224.3,9530340979,9530340981,1469806545253656
oos,15,5,2,port_rcv_packets,-30410.6,-29831.4,-30121.0,4452190948,4452190950,1469806545253656
oos,15,5,2,port_xmit_packets,-98.5,448.0,174.7,9530340981,9530340982,1469806545253656
oos,15,5,2,roce_adp_retrans,70165.7,70753.6,70459.6,4837,4838,1469806545253656
oos,15,5,2,port_xmit_packets,70362.1,70847.8,70605.0,9530340982,9530340983,1469806545253656
oos,15,5,2,roce_adp_retrans,137450.7,138037.8,137744.3,4838,4839,1469806545253656
oos,15,5,2,port_xmit_packets,137648.2,138131.0,137889.6,9530340983,9530340984,1469806545253656
oos,15,5,2,port_xmit_packets,161339.8,161814.1,161576.9,9530340984,9530340986,1469806545253656
oos,15,5,2,port_rcv_packets,161432.4,161907.1,161669.8,4452190950,4452190952,1469806545253656
oos,15,5,2,roce_adp_retrans,237977.2,238563.3,238270.3,4839,4840,1469806545253656
oos,15,5,2,port_xmit_packets,238174.5,238657.5,238416.0,9530340986,9530340987,1469806545253656
oos,15,5,2,roce_adp_retrans,439452.0,440041.5,439746.8,4840,4841,1469806545253656
oos,15,5,2,port_xmit_packets,439650.4,440134.9,439892.6,9530340987,9530340988,1469806545253656
oos,15,5,2,local_ack_timeout_err,976263.1,976852.9,976558.0,5319,5320,1469806545253656
oos,15,5,2,port_xmit_packets,976461.2,976946.8,976704.0,9530340988,9530340989,1469806545253656
oos,15,5,2,port_xmit_packets,1249556.7,1250037.2,1249797.0,9530340989,9530340991,1469806545253656
oos,15,5,2,port_rcv_packets,1249649.9,1250130.4,1249890.1,4452190952,4452190954,1469806545253656
oos,15,5,2,port_xmit_packets,1441455.7,1441932.1,1441693.9,9530340991,9530340993,1469806545253656
oos,15,5,2,port_rcv_packets,1441548.8,1442024.7,1441786.8,4452190954,4452190956,1469806545253656
oos,15,5,2,local_ack_timeout_err,1513117.5,1513704.9,1513411.2,5320,5321,1469806545253656
oos,15,5,2,port_xmit_packets,1513314.1,1513798.7,1513556.4,9530340993,9530340994,1469806545253656
oos,15,5,2,local_ack_timeout_err,2049963.2,2050557.8,2050260.5,5321,5322,1469806545253656
oos,15,5,2,port_xmit_packets,2050162.1,2050652.9,2050407.5,9530340994,9530340995,1469806545253656
oos,15,5,2,port_xmit_packets,2529518.2,2529998.5,2529758.3,9530340995,9530340997,1469806545253656
oos,15,5,2,port_rcv_packets,2529611.7,2530092.9,2529852.3,4452190956,4452190958,1469806545253656
oos,15,5,2,local_ack_timeout_err,2586841.3,2587441.5,2587141.4,5322,5323,1469806545253656
oos,15,5,2,req_cqe_error,2587230.9,2587841.2,2587536.1,23156,23157,1469806545253656
oos,15,5,3,port_xmit_packets,-231639.4,-231157.5,-231398.5,9530340998,9530341000,1469806545253656
oos,15,5,3,port_rcv_packets,-231545.1,-231063.6,-231304.3,4452190959,4452190961,1469806545253656
oos,15,5,3,port_xmit_packets,-114.7,360.1,122.7,9530341000,9530341001,1469806545253656
oos,15,5,3,roce_adp_retrans,11161.9,11750.6,11456.2,4841,4842,1469806545253656
oos,15,5,3,port_xmit_packets,11358.4,11845.5,11602.0,9530341001,9530341002,1469806545253656
oos,15,5,3,roce_adp_retrans,19614.2,20201.0,19907.6,4842,4843,1469806545253656
oos,15,5,3,port_xmit_packets,19812.2,20295.6,20053.9,9530341002,9530341003,1469806545253656
oos,15,5,3,roce_adp_retrans,36456.8,37041.7,36749.3,4843,4844,1469806545253656
oos,15,5,3,port_xmit_packets,36654.1,37135.4,36894.8,9530341003,9530341004,1469806545253656
oos,15,5,3,roce_adp_retrans,70126.8,70712.0,70419.4,4844,4845,1469806545253656
oos,15,5,3,port_xmit_packets,70324.8,70805.4,70565.1,9530341004,9530341005,1469806545253656
oos,15,5,3,roce_adp_retrans,137049.8,137634.7,137342.2,4845,4846,1469806545253656
oos,15,5,3,port_xmit_packets,137246.2,137729.3,137487.7,9530341005,9530341006,1469806545253656
oos,15,5,3,port_xmit_packets,237799.5,238282.7,238041.1,9530341006,9530341007,1469806545253656
oos,15,5,3,roce_adp_retrans,237986.0,238574.5,238280.2,4846,4847,1469806545253656
oos,15,5,3,roce_adp_retrans,439068.6,439655.6,439362.1,4847,4848,1469806545253656
oos,15,5,3,port_xmit_packets,439266.3,439749.8,439508.0,9530341007,9530341008,1469806545253656
oos,15,5,3,port_xmit_packets,856506.9,856981.0,856743.9,9530341008,9530341010,1469806545253656
oos,15,5,3,port_rcv_packets,856599.7,857073.7,856836.7,4452190961,4452190963,1469806545253656
oos,15,5,3,local_ack_timeout_err,975999.7,976588.0,976293.8,5323,5324,1469806545253656
oos,15,5,3,port_xmit_packets,976196.4,976681.9,976439.1,9530341010,9530341011,1469806545253656
oos,15,5,3,port_rcv_packets,1048413.1,1048888.4,1048650.8,4452190963,4452190965,1469806545253656
oos,15,5,3,port_xmit_packets,1048702.2,1049177.5,1048939.8,9530341011,9530341013,1469806545253656
oos,15,5,3,local_ack_timeout_err,1513027.5,1513614.1,1513320.8,5324,5325,1469806545253656
oos,15,5,3,port_xmit_packets,1513226.0,1513707.5,1513466.8,9530341013,9530341014,1469806545253656
oos,15,5,3,local_ack_timeout_err,2049763.9,2050351.7,2050057.8,5325,5326,1469806545253656
oos,15,5,3,port_xmit_packets,2049962.0,2050445.4,2050203.7,9530341014,9530341015,1469806545253656
oos,15,5,3,port_xmit_packets,2136371.6,2136845.4,2136608.5,9530341015,9530341016,1469806545253656
oos,15,5,3,port_rcv_packets,2136463.8,2136938.0,2136700.9,4452190965,4452190967,1469806545253656
oos,15,5,3,port_xmit_packets,2136752.7,2137227.6,2136990.2,9530341016,9530341017,1469806545253656
oos,15,5,3,port_xmit_packets,2328455.1,2328939.6,2328697.3,9530341017,9530341019,1469806545253656
oos,15,5,3,port_rcv_packets,2328549.2,2329032.3,2328790.8,4452190967,4452190969,1469806545253656
oos,15,5,3,local_ack_timeout_err,2586515.2,2587101.2,2586808.2,5326,5327,1469806545253656
oos,15,5,3,req_cqe_error,2586897.9,2587523.1,2587210.5,23157,23158,1469806545253656
oos,15,5,4,port_xmit_packets,-116.1,357.8,120.8,9530341020,9530341021,1469806545253656
oos,15,5,4,roce_adp_retrans,70046.4,70635.3,70340.9,4848,4849,1469806545253656
oos,15,5,4,port_xmit_packets,70244.2,70729.4,70486.8,9530341021,9530341022,1469806545253656
oos,15,5,4,port_xmit_packets,137160.6,137640.6,137400.6,9530341022,9530341023,1469806545253656
oos,15,5,4,roce_adp_retrans,137346.7,137933.1,137639.9,4849,4850,1469806545253656
oos,15,5,4,port_xmit_packets,237815.7,238300.9,238058.3,9530341023,9530341024,1469806545253656
oos,15,5,4,roce_adp_retrans,238002.0,238591.5,238296.8,4850,4851,1469806545253656
oos,15,5,4,port_xmit_packets,439178.3,439658.4,439418.4,9530341024,9530341025,1469806545253656
oos,15,5,4,roce_adp_retrans,439364.0,439951.5,439657.8,4851,4852,1469806545253656
oos,15,5,4,port_xmit_packets,463643.5,464124.4,463884.0,9530341025,9530341027,1469806545253656
oos,15,5,4,port_rcv_packets,463736.3,464217.6,463976.9,4452190970,4452190972,1469806545253656
oos,15,5,4,port_xmit_packets,655793.7,656269.0,656031.3,9530341027,9530341029,1469806545253656
oos,15,5,4,port_rcv_packets,655886.3,656361.5,656123.9,4452190972,4452190974,1469806545253656
oos,15,5,4,port_xmit_packets,976041.1,976524.7,976282.9,9530341029,9530341030,1469806545253656
oos,15,5,4,local_ack_timeout_err,976227.0,976818.7,976522.8,5327,5328,1469806545253656
oos,15,5,4,local_ack_timeout_err,1513039.3,1513627.5,1513333.4,5328,5329,1469806545253656
oos,15,5,4,port_xmit_packets,1513237.9,1513721.0,1513479.5,9530341030,9530341031,1469806545253656
oos,15,5,4,port_xmit_packets,1743806.8,1744281.4,1744044.1,9530341031,9530341033,1469806545253656
oos,15,5,4,port_rcv_packets,1743899.6,1744375.0,1744137.3,4452190974,4452190976,1469806545253656
oos,15,5,4,port_xmit_packets,1935599.8,1936075.9,1935837.9,9530341033,9530341034,1469806545253656
oos,15,5,4,port_rcv_packets,1935693.0,1936168.5,1935930.7,4452190976,4452190978,1469806545253656
oos,15,5,4,port_xmit_packets,1935982.5,1936458.0,1936220.3,9530341034,9530341035,1469806545253656
oos,15,5,4,local_ack_timeout_err,2049856.9,2050444.2,2050150.6,5329,5330,1469806545253656
oos,15,5,4,port_xmit_packets,2050054.8,2050537.6,2050296.2,9530341035,9530341036,1469806545253656
oos,15,5,4,local_ack_timeout_err,2586686.5,2587282.0,2586984.2,5330,5331,1469806545253656
oos,15,5,4,req_cqe_error,2587075.9,2587701.5,2587388.7,23158,23159,1469806545253656
oos,15,5,5,port_xmit_packets,-158.4,317.6,79.6,9530341037,9530341038,1469806545253656
oos,15,5,5,port_xmit_packets,19771.8,20259.8,20015.8,9530341038,9530341039,1469806545253656
oos,15,5,5,roce_adp_retrans,19958.9,20557.0,20258.0,4852,4853,1469806545253656
oos,15,5,5,roce_adp_retrans,36581.3,37175.2,36878.2,4853,4854,1469806545253656
oos,15,5,5,port_xmit_packets,36782.7,37269.5,37026.1,9530341039,9530341040,1469806545253656
oos,15,5,5,roce_adp_retrans,70192.4,70784.5,70488.4,4854,4855,1469806545253656
oos,15,5,5,port_xmit_packets,70392.0,70878.4,70635.2,9530341040,9530341041,1469806545253656
oos,15,5,5,port_rcv_packets,70878.4,71358.7,71118.6,4452190979,4452190981,1469806545253656
oos,15,5,5,port_xmit_packets,71170.7,71651.6,71411.1,9530341041,9530341043,1469806545253656
oos,15,5,5,port_xmit_packets,137197.9,137683.1,137440.5,9530341043,9530341044,1469806545253656
oos,15,5,5,roce_adp_retrans,137385.6,137978.6,137682.1,4855,4856,1469806545253656
oos,15,5,5,port_xmit_packets,237892.3,238381.6,238136.9,9530341044,9530341045,1469806545253656
oos,15,5,5,roce_adp_retrans,238081.1,238676.2,238378.7,4856,4857,1469806545253656
oos,15,5,5,port_xmit_packets,262996.8,263487.0,263241.9,9530341045,9530341047,1469806545253656
oos,15,5,5,port_rcv_packets,263090.8,263580.4,263335.6,4452190981,4452190983,1469806545253656
oos,15,5,5,port_xmit_packets,439188.3,439675.0,439431.6,9530341047,9530341048,1469806545253656
oos,15,5,5,roce_adp_retrans,439376.0,439972.3,439674.1,4857,4858,1469806545253656
oos,15,5,5,local_ack_timeout_err,976074.0,976668.0,976371.0,5331,5332,1469806545253656
oos,15,5,5,port_xmit_packets,976272.7,976763.4,976518.0,9530341048,9530341049,1469806545253656
oos,15,5,5,port_xmit_packets,1351031.9,1351519.7,1351275.8,9530341049,9530341051,1469806545253656
oos,15,5,5,port_rcv_packets,1351124.9,1351612.8,1351368.9,4452190983,4452190985,1469806545253656
oos,15,5,5,port_xmit_packets,1512994.7,1513479.3,1513237.0,9530341051,9530341052,1469806545253656
oos,15,5,5,local_ack_timeout_err,1513182.2,1513772.1,1513477.1,5332,5333,1469806545253656
oos,15,5,5,port_xmit_packets,1542886.2,1543362.5,1543124.4,9530341052,9530341054,1469806545253656
oos,15,5,5,port_rcv_packets,1542979.4,1543455.2,1543217.3,4452190985,4452190987,1469806545253656
oos,15,5,5,local_ack_timeout_err,2049979.4,2050569.8,2050274.6,5333,5334,1469806545253656
oos,15,5,5,port_xmit_packets,2050179.2,2050663.1,2050421.1,9530341054,9530341055,1469806545253656
oos,15,5,5,local_ack_timeout_err,2586880.4,2587480.7,2587180.5,5334,5335,1469806545253656
oos,15,5,5,req_cqe_error,2586880.4,2587480.7,2587180.5,23159,23160,1469806545253656
oos,15,5,5,port_xmit_packets,2630925.1,2631480.0,2631202.5,9530341055,9530341057,1469806545253656
oos,15,5,5,port_rcv_packets,2631029.9,2631583.7,2631306.8,4452190987,4452190989,1469806545253656
oos,15,5,6,port_xmit_packets,-129934.4,-129388.5,-129661.5,9530341058,9530341060,1469806545253656
oos,15,5,6,port_rcv_packets,-129831.5,-129285.8,-129558.7,4452190990,4452190992,1469806545253656
oos,15,5,6,port_xmit_packets,-166.8,307.6,70.4,9530341060,9530341061,1469806545253656
oos,15,5,6,roce_adp_retrans,70015.0,70602.8,70308.9,4858,4859,1469806545253656
oos,15,5,6,port_xmit_packets,70212.0,70696.5,70454.2,9530341061,9530341062,1469806545253656
oos,15,5,6,port_xmit_packets,137164.1,137645.4,137404.8,9530341062,9530341063,1469806545253656
oos,15,5,6,roce_adp_retrans,137351.0,137938.0,137644.5,4859,4860,1469806545253656
oos,15,5,6,roce_adp_retrans,237908.8,238495.5,238202.1,4860,4861,1469806545253656
oos,15,5,6,port_xmit_packets,238106.9,238589.3,238348.1,9530341063,9530341064,1469806545253656
oos,15,5,6,port_xmit_packets,439141.0,439621.8,439381.4,9530341064,9530341065,1469806545253656
oos,15,5,6,roce_adp_retrans,439327.2,439913.5,439620.4,4861,4862,1469806545253656
oos,15,5,6,port_xmit_packets,958254.9,958735.6,958495.3,9530341065,9530341067,1469806545253656
oos,15,5,6,port_rcv_packets,958350.2,958828.5,958589.3,4452190992,4452190994,1469806545253656
oos,15,5,6,local_ack_timeout_err,976040.3,976629.6,976335.0,5335,5336,1469806545253656
oos,15,5,6,port_xmit_packets,976237.7,976722.8,976480.2,9530341067,9530341068,1469806545253656
oos,15,5,6,port_xmit_packets,1150231.0,1150705.6,1150468.3,9530341068,9530341070,1469806545253656
oos,15,5,6,port_rcv_packets,1150323.7,1150799.4,1150561.5,4452190994,4452190996,1469806545253656
oos,15,5,6,local_ack_timeout_err,1512830.9,1513420.7,1513125.8,5336,5337,1469806545253656
oos,15,5,6,port_xmit_packets,1513028.3,1513515.3,1513271.8,9530341070,9530341071,1469806545253656
oos,15,5,6,port_xmit_packets,2049806.1,2050290.3,2050048.2,9530341071,9530341072,1469806545253656
oos,15,5,6,local_ack_timeout_err,2049993.0,2050583.3,2050288.1,5337,5338,1469806545253656
oos,15,5,6,port_xmit_packets,2238034.0,2238508.9,2238271.4,9530341072,9530341073,1469806545253656
oos,15,5,6,port_rcv_packets,2238126.8,2238602.0,2238364.4,4452190996,4452190998,1469806545253656
oos,15,5,6,port_xmit_packets,2238415.9,2238892.4,2238654.2,9530341073,9530341074,1469806545253656
oos,15,5,6,port_rcv_packets,2430062.8,2430537.9,2430300.3,4452190998,4452191000,1469806545253656
oos,15,5,6,port_xmit_packets,2430352.2,2430827.9,2430590.1,9530341074,9530341076,1469806545253656
oos,15,5,6,local_ack_timeout_err,2586557.9,2587144.6,2586851.3,5338,5339,1469806545253656
oos,15,5,6,req_cqe_error,2586941.4,2587541.9,2587241.6,23160,23161,1469806545253656
oos,17,1,1,port_xmit_packets,-233711.1,-233232.1,-233471.6,9530341079,9530341081,1469825342366139
oos,17,1,1,port_rcv_packets,-233617.7,-233138.9,-233378.3,4452191003,4452191005,1469825342366139
oos,17,1,1,port_xmit_packets,-152.3,321.8,84.7,9530341081,9530341082,1469825342366139
oos,17,1,1,roce_adp_retrans,9968.5,10553.0,10260.7,4862,4863,1469825342366139
oos,17,1,1,port_xmit_packets,10163.9,10647.4,10405.7,9530341082,9530341083,1469825342366139
oos,17,1,1,roce_adp_retrans,18393.8,18978.6,18686.2,4863,4864,1469825342366139
oos,17,1,1,port_xmit_packets,18590.3,19072.9,18831.6,9530341083,9530341084,1469825342366139
oos,17,1,1,roce_adp_retrans,35238.6,35824.7,35531.6,4864,4865,1469825342366139
oos,17,1,1,port_xmit_packets,35436.3,35918.3,35677.3,9530341084,9530341085,1469825342366139
oos,17,1,1,roce_adp_retrans,68890.2,69476.2,69183.2,4865,4866,1469825342366139
oos,17,1,1,port_xmit_packets,69087.8,69569.1,69328.4,9530341085,9530341086,1469825342366139
oos,17,1,1,roce_adp_retrans,119221.0,119807.5,119514.2,4866,4867,1469825342366139
oos,17,1,1,port_xmit_packets,119418.3,119901.2,119659.8,9530341086,9530341087,1469825342366139
oos,17,1,1,roce_adp_retrans,253498.2,254092.4,253795.3,4867,4868,1469825342366139
oos,17,1,1,port_xmit_packets,253699.0,254186.8,253942.9,9530341087,9530341088,1469825342366139
oos,17,1,1,roce_adp_retrans,521957.4,522554.7,522256.0,4868,4869,1469825342366139
oos,17,1,1,port_xmit_packets,522159.6,522648.9,522404.2,9530341088,9530341089,1469825342366139
oos,17,1,1,port_xmit_packets,854170.6,854649.8,854410.2,9530341089,9530341091,1469825342366139
oos,17,1,1,port_rcv_packets,854264.4,854743.7,854504.0,4452191005,4452191007,1469825342366139
oos,17,1,1,port_rcv_packets,1046189.7,1046668.7,1046429.2,4452191007,4452191009,1469825342366139
oos,17,1,1,port_xmit_packets,1046480.6,1046960.8,1046720.7,9530341091,9530341093,1469825342366139
oos,17,1,1,roce_adp_retrans,1058621.7,1059219.5,1058920.6,4869,4870,1469825342366139
oos,17,1,1,req_cqe_error,1059010.2,1059619.4,1059314.8,23161,23162,1469825342366139
oos,17,1,2,port_xmit_packets,-179.8,295.4,57.8,9530341094,9530341095,1469825342366139
oos,17,1,2,roce_adp_retrans,36709.4,37298.0,37003.7,4870,4871,1469825342366139
oos,17,1,2,port_xmit_packets,36906.8,37393.0,37149.9,9530341095,9530341096,1469825342366139
oos,17,1,2,roce_adp_retrans,70379.9,70966.6,70673.3,4871,4872,1469825342366139
oos,17,1,2,port_xmit_packets,70577.9,71060.2,70819.0,9530341096,9530341097,1469825342366139
oos,17,1,2,roce_adp_retrans,137307.3,137893.6,137600.5,4872,4873,1469825342366139
oos,17,1,2,port_xmit_packets,137503.9,137987.6,137745.7,9530341097,9530341098,1469825342366139
oos,17,1,2,port_xmit_packets,238059.4,238541.8,238300.6,9530341098,9530341099,1469825342366139
oos,17,1,2,roce_adp_retrans,238246.0,238835.9,238541.0,4873,4874,1469825342366139
oos,17,1,2,roce_adp_retrans,439388.0,439976.1,439682.0,4874,4875,1469825342366139
oos,17,1,2,port_xmit_packets,439585.1,440071.2,439828.1,9530341099,9530341100,1469825342366139
oos,17,1,2,port_xmit_packets,709642.7,710133.9,709888.3,9530341100,9530341102,1469825342366139
oos,17,1,2,port_rcv_packets,709735.6,710227.2,709981.4,4452191010,4452191012,1469825342366139
oos,17,1,2,port_xmit_packets,901683.7,902163.3,901923.5,9530341102,9530341104,1469825342366139
oos,17,1,2,port_rcv_packets,901777.1,902256.4,902016.8,4452191012,4452191014,1469825342366139
oos,17,1,2,roce_adp_retrans,976455.6,977053.7,976754.7,4875,4876,1469825342366139
oos,17,1,2,req_cqe_error,976455.6,977053.7,976754.7,23162,23163,1469825342366139
oos,17,1,3,port_xmit_packets,-75.2,399.6,162.2,9530341105,9530341106,1469825342366139
oos,17,1,3,port_xmit_packets,11393.6,11876.1,11634.8,9530341106,9530341107,1469825342366139
oos,17,1,3,roce_adp_retrans,11580.2,12169.1,11874.7,4876,4877,1469825342366139
oos,17,1,3,roce_adp_retrans,19618.8,20201.8,19910.3,4877,4878,1469825342366139
oos,17,1,3,port_xmit_packets,19815.3,20295.5,20055.4,9530341107,9530341108,1469825342366139
oos,17,1,3,roce_adp_retrans,36444.9,37031.0,36737.9,4878,4879,1469825342366139
oos,17,1,3,port_xmit_packets,36641.5,37124.7,36883.1,9530341108,9530341109,1469825342366139
oos,17,1,3,roce_adp_retrans,70100.2,70687.2,70393.7,4879,4880,1469825342366139
oos,17,1,3,port_xmit_packets,70297.0,70780.6,70538.8,9530341109,9530341110,1469825342366139
oos,17,1,3,port_xmit_packets,137219.4,137700.6,137460.0,9530341110,9530341111,1469825342366139
oos,17,1,3,roce_adp_retrans,137405.9,137993.4,137699.7,4880,4881,1469825342366139
oos,17,1,3,roce_adp_retrans,238016.6,238604.9,238310.7,4881,4882,1469825342366139
oos,17,1,3,port_xmit_packets,238215.4,238698.5,238457.0,9530341111,9530341112,1469825342366139
oos,17,1,3,roce_adp_retrans,439151.9,439738.6,439445.2,4882,4883,1469825342366139
oos,17,1,3,port_xmit_packets,439349.3,439833.8,439591.5,9530341112,9530341113,1469825342366139
oos,17,1,3,port_xmit_packets,647410.2,647891.2,647650.7,9530341113,9530341115,1469825342366139
oos,17,1,3,port_rcv_packets,647503.2,647984.2,647743.7,4452191015,4452191017,1469825342366139
oos,17,1,3,port_xmit_packets,839323.0,839798.1,839560.5,9530341115,9530341117,1469825342366139
oos,17,1,3,port_rcv_packets,839415.5,839891.1,839653.3,4452191017,4452191019,1469825342366139
oos,17,1,3,roce_adp_retrans,976026.1,976616.3,976321.2,4883,4884,1469825342366139
oos,17,1,3,req_cqe_error,976410.5,977069.0,976739.7,23163,23164,1469825342366139
oos,17,1,4,port_xmit_packets,-130.7,415.0,142.2,9530341118,9530341119,1469825342366139
oos,17,1,4,roce_adp_retrans,11612.5,12203.1,11907.8,4884,4885,1469825342366139
oos,17,1,4,port_xmit_packets,11810.7,12296.6,12053.7,9530341119,9530341120,1469825342366139
oos,17,1,4,roce_adp_retrans,20059.0,20645.6,20352.3,4885,4886,1469825342366139
oos,17,1,4,port_xmit_packets,20256.8,20738.8,20497.8,9530341120,9530341121,1469825342366139
oos,17,1,4,roce_adp_retrans,36902.4,37487.0,37194.7,4886,4887,1469825342366139
oos,17,1,4,port_xmit_packets,37100.4,37580.0,37340.2,9530341121,9530341122,1469825342366139
oos,17,1,4,roce_adp_retrans,70230.2,70815.5,70522.9,4887,4888,1469825342366139
oos,17,1,4,port_xmit_packets,70427.5,70909.8,70668.6,9530341122,9530341123,1469825342366139
oos,17,1,4,roce_adp_retrans,137524.8,138111.4,137818.1,4888,4889,1469825342366139
oos,17,1,4,port_xmit_packets,137722.2,138205.6,137963.9,9530341123,9530341124,1469825342366139
oos,17,1,4,port_xmit_packets,238145.3,238627.8,238386.5,9530341124,9530341125,1469825342366139
oos,17,1,4,roce_adp_retrans,238331.9,238920.6,238626.2,4889,4890,1469825342366139
oos,17,1,4,roce_adp_retrans,439509.8,440096.9,439803.4,4890,4891,1469825342366139
oos,17,1,4,port_xmit_packets,439707.9,440190.1,439949.0,9530341125,9530341126,1469825342366139
oos,17,1,4,port_xmit_packets,585250.3,585725.3,585487.8,9530341126,9530341127,1469825342366139
oos,17,1,4,port_rcv_packets,585343.7,585818.4,585581.1,4452191020,4452191022,1469825342366139
oos,17,1,4,port_xmit_packets,585632.5,586108.0,585870.3,9530341127,9530341128,1469825342366139
oos,17,1,4,port_xmit_packets,777352.2,777828.2,777590.2,9530341128,9530341130,1469825342366139
oos,17,1,4,port_rcv_packets,777445.0,777920.8,777682.9,4452191022,4452191024,1469825342366139
oos,17,1,4,roce_adp_retrans,976454.9,977054.0,976754.5,4891,4892,1469825342366139
oos,17,1,4,req_cqe_error,976454.9,977054.0,976754.5,23164,23165,1469825342366139
oos,17,1,5,port_xmit_packets,-96.9,377.6,140.3,9530341131,9530341132,1469825342366139
oos,17,1,5,port_xmit_packets,11404.6,11885.2,11644.9,9530341132,9530341133,1469825342366139
oos,17,1,5,roce_adp_retrans,11590.5,12178.6,11884.6,4892,4893,1469825342366139
oos,17,1,5,roce_adp_retrans,19627.3,20210.4,19918.8,4893,4894,1469825342366139
oos,17,1,5,port_xmit_packets,19823.1,20304.1,20063.6,9530341133,9530341134,1469825342366139
oos,17,1,5,roce_adp_retrans,36452.8,37036.0,36744.4,4894,4895,1469825342366139
oos,17,1,5,port_xmit_packets,36649.6,37129.2,36889.4,9530341134,9530341135,1469825342366139
oos,17,1,5,roce_adp_retrans,70081.2,70667.4,70374.3,4895,4896,1469825342366139
oos,17,1,5,port_xmit_packets,70278.9,70760.6,70519.8,9530341135,9530341136,1469825342366139
oos,17,1,5,port_xmit_packets,137199.2,137680.7,137439.9,9530341136,9530341137,1469825342366139
oos,17,1,5,roce_adp_retrans,137385.1,137972.7,137678.9,4896,4897,1469825342366139
oos,17,1,5,roce_adp_retrans,237815.7,238402.0,238108.8,4897,4898,1469825342366139
oos,17,1,5,port_xmit_packets,238012.4,238495.6,238254.0,9530341137,9530341138,1469825342366139
oos,17,1,5,roce_adp_retrans,439100.1,439687.5,439393.8,4898,4899,1469825342366139
oos,17,1,5,port_xmit_packets,439296.8,439782.1,439539.5,9530341138,9530341139,1469825342366139
oos,17,1,5,port_rcv_packets,522838.9,523314.6,523076.7,4452191025,4452191027,1469825342366139
oos,17,1,5,port_xmit_packets,523128.9,523610.9,523369.9,9530341139,9530341141,1469825342366139
oos,17,1,5,port_xmit_packets,714849.8,715325.5,715087.6,9530341141,9530341143,1469825342366139
oos,17,1,5,port_rcv_packets,714942.7,715418.5,715180.6,4452191027,4452191029,1469825342366139
oos,17,1,5,roce_adp_retrans,976273.0,976870.6,976571.8,4899,4900,1469825342366139
oos,17,1,5,req_cqe_error,976273.0,976870.6,976571.8,23165,23166,1469825342366139
oos,17,1,6,port_xmit_packets,-83.3,463.0,189.9,9530341144,9530341145,1469825342366139
oos,17,1,6,port_xmit_packets,70396.0,70879.4,70637.7,9530341145,9530341146,1469825342366139
oos,17,1,6,roce_adp_retrans,70582.4,71172.8,70877.6,4900,4901,1469825342366139
oos,17,1,6,roce_adp_retrans,137549.1,138136.4,137842.7,4901,4902,1469825342366139
oos,17,1,6,port_xmit_packets,137746.4,138230.4,137988.4,9530341146,9530341147,1469825342366139
oos,17,1,6,roce_adp_retrans,238266.0,238853.3,238559.6,4902,4903,1469825342366139
oos,17,1,6,port_xmit_packets,238464.3,238946.7,238705.5,9530341147,9530341148,1469825342366139
oos,17,1,6,port_xmit_packets,439474.3,439960.8,439717.5,9530341148,9530341149,1469825342366139
oos,17,1,6,roce_adp_retrans,439662.2,440258.5,439960.3,4903,4904,1469825342366139
oos,17,1,6,port_xmit_packets,461115.2,461595.6,461355.4,9530341149,9530341151,1469825342366139
oos,17,1,6,port_rcv_packets,461208.5,461690.3,461449.4,4452191030,4452191032,1469825342366139
oos,17,1,6,port_xmit_packets,652960.8,653439.9,653200.4,9530341151,9530341153,1469825342366139
oos,17,1,6,port_rcv_packets,653054.9,653533.7,653294.3,4452191032,4452191034,1469825342366139
oos,17,1,6,roce_adp_retrans,976362.0,976963.9,976662.9,4904,4905,1469825342366139
oos,17,1,6,req_cqe_error,976753.9,977398.8,977076.4,23166,23167,1469825342366139
oos,17,2,1,port_xmit_packets,-123.3,384.7,130.7,9530341158,9530341159,1469834458685499
oos,17,2,1,roce_adp_retrans,20771.6,21361.4,21066.5,4905,4906,1469834458685499
oos,17,2,1,port_xmit_packets,20969.0,21454.4,21211.7,9530341159,9530341160,1469834458685499
oos,17,2,1,port_xmit_packets,37432.1,37912.8,37672.5,9530341160,9530341161,1469834458685499
oos,17,2,1,roce_adp_retrans,37619.0,38205.0,37912.0,4906,4907,1469834458685499
oos,17,2,1,roce_adp_retrans,62525.5,63113.1,62819.3,4907,4908,1469834458685499
oos,17,2,1,port_xmit_packets,62723.4,63207.3,62965.3,9530341161,9530341162,1469834458685499
oos,17,2,1,roce_adp_retrans,129870.5,130456.7,130163.6,4908,4909,1469834458685499
oos,17,2,1,port_xmit_packets,130069.6,130549.8,130309.7,9530341162,9530341163,1469834458685499
oos,17,2,1,port_xmit_packets,263922.8,264406.7,264164.7,9530341163,9530341164,1469834458685499
oos,17,2,1,roce_adp_retrans,264109.7,264701.4,264405.5,4909,4910,1469834458685499
oos,17,2,1,port_xmit_packets,532370.1,532851.0,532610.6,9530341164,9530341165,1469834458685499
oos,17,2,1,roce_adp_retrans,532556.3,533145.6,532851.0,4910,4911,1469834458685499
oos,17,2,1,port_xmit_packets,697975.3,698452.8,698214.1,9530341165,9530341167,1469834458685499
oos,17,2,1,port_rcv_packets,698068.3,698546.5,698307.4,4452191039,4452191041,1469834458685499
oos,17,2,1,port_rcv_packets,890013.5,890489.5,890251.5,4452191041,4452191043,1469834458685499
oos,17,2,1,port_xmit_packets,890303.2,890779.0,890541.1,9530341167,9530341169,1469834458685499
oos,17,2,1,port_xmit_packets,1069300.3,1069784.8,1069542.6,9530341169,9530341170,1469834458685499
oos,17,2,1,roce_adp_retrans,1069487.6,1070076.8,1069782.2,4911,4912,1469834458685499
oos,17,2,1,port_xmit_packets,1978055.3,1978531.0,1978293.1,9530341170,9530341172,1469834458685499
oos,17,2,1,port_rcv_packets,1978147.9,1978623.8,1978385.9,4452191043,4452191045,1469834458685499
oos,17,2,1,local_ack_timeout_err,2143081.0,2143675.7,2143378.4,5339,5340,1469834458685499
oos,17,2,1,req_cqe_error,2143468.7,2144070.1,2143769.4,23167,23168,1469834458685499
oos,17,2,1,port_xmit_packets,2170132.4,2170615.5,2170373.9,9530341172,9530341174,1469834458685499
oos,17,2,1,port_rcv_packets,2170226.1,2170710.0,2170468.0,4452191045,4452191047,1469834458685499
oos,17,2,2,port_xmit_packets,-136.8,360.2,111.7,9530341175,9530341176,1469834458685499
oos,17,2,2,roce_adp_retrans,36086.3,36673.0,36379.7,4912,4913,1469834458685499
oos,17,2,2,port_xmit_packets,36282.8,36767.3,36525.0,9530341176,9530341177,1469834458685499
oos,17,2,2,roce_adp_retrans,69758.5,70344.2,70051.3,4913,4914,1469834458685499
oos,17,2,2,port_xmit_packets,69955.8,70438.1,70197.0,9530341177,9530341178,1469834458685499
oos,17,2,2,port_xmit_packets,136906.2,137389.6,137147.9,9530341178,9530341179,1469834458685499
oos,17,2,2,roce_adp_retrans,137093.4,137682.2,137387.8,4914,4915,1469834458685499
oos,17,2,2,port_xmit_packets,237515.5,237996.9,237756.2,9530341179,9530341180,1469834458685499
oos,17,2,2,roce_adp_retrans,237702.2,238289.9,237996.1,4915,4916,1469834458685499
oos,17,2,2,roce_adp_retrans,438898.9,439493.3,439196.1,4916,4917,1469834458685499
oos,17,2,2,port_xmit_packets,439099.9,439586.9,439343.4,9530341180,9530341181,1469834458685499
oos,17,2,2,port_xmit_packets,748629.0,749103.4,748866.2,9530341181,9530341183,1469834458685499
oos,17,2,2,port_rcv_packets,748721.6,749195.9,748958.8,4452191048,4452191050,1469834458685499
oos,17,2,2,port_xmit_packets,940645.5,941121.0,940883.3,9530341183,9530341185,1469834458685499
oos,17,2,2,port_rcv_packets,940738.5,941213.9,940976.2,4452191050,4452191052,1469834458685499
oos,17,2,2,roce_adp_retrans,975619.7,976204.5,975912.1,4917,4918,1469834458685499
oos,17,2,2,port_xmit_packets,975815.8,976299.1,976057.5,9530341185,9530341186,1469834458685499
oos,17,2,2,local_ack_timeout_err,1781303.0,1781901.3,1781602.1,5340,5341,1469834458685499
oos,17,2,2,req_cqe_error,1781303.0,1781901.3,1781602.1,23168,23169,1469834458685499
oos,17,2,3,port_xmit_packets,-118590.4,-118081.5,-118336.0,9530341187,9530341189,1469834458685499
oos,17,2,3,port_rcv_packets,-118487.7,-117989.1,-118238.4,4452191053,4452191055,1469834458685499
oos,17,2,3,port_xmit_packets,-151.2,324.9,86.8,9530341189,9530341190,1469834458685499
oos,17,2,3,roce_adp_retrans,36330.4,36918.3,36624.4,4918,4919,1469834458685499
oos,17,2,3,port_xmit_packets,36527.1,37012.9,36770.0,9530341190,9530341191,1469834458685499
oos,17,2,3,roce_adp_retrans,69984.1,70570.2,70277.1,4919,4920,1469834458685499
oos,17,2,3,port_xmit_packets,70181.4,70663.4,70422.4,9530341191,9530341192,1469834458685499
oos,17,2,3,port_xmit_packets,73248.6,73730.1,73489.3,9530341192,9530341194,1469834458685499
oos,17,2,3,port_rcv_packets,73341.4,73822.5,73582.0,4452191055,4452191057,1469834458685499
oos,17,2,3,port_xmit_packets,137089.4,137571.3,137330.3,9530341194,9530341195,1469834458685499
oos,17,2,3,roce_adp_retrans,137275.7,137863.6,137569.6,4920,4921,1469834458685499
oos,17,2,3,roce_adp_retrans,237831.8,238420.9,238126.4,4921,4922,1469834458685499
oos,17,2,3,port_xmit_packets,238030.1,238513.9,238272.0,9530341195,9530341196,1469834458685499
oos,17,2,3,roce_adp_retrans,439121.8,439717.1,439419.5,4922,4923,1469834458685499
oos,17,2,3,port_xmit_packets,439321.9,439811.8,439566.8,9530341196,9530341197,1469834458685499
oos,17,2,3,roce_adp_retrans,975842.3,976436.8,976139.6,4923,4924,1469834458685499
oos,17,2,3,port_xmit_packets,976040.4,976532.6,976286.5,9530341197,9530341198,1469834458685499
oos,17,2,3,port_xmit_packets,1161425.2,1161904.8,1161665.0,9530341198,9530341200,1469834458685499
oos,17,2,3,port_rcv_packets,1161518.8,1161998.5,1161758.7,4452191057,4452191059,1469834458685499
oos,17,2,3,port_xmit_packets,1353343.5,1353824.1,1353583.8,9530341200,9530341202,1469834458685499
oos,17,2,3,port_rcv_packets,1353437.4,1353918.6,1353678.0,4452191059,4452191061,1469834458685499
oos,17,2,3,local_ack_timeout_err,1781301.9,1781897.5,1781599.7,5341,5342,1469834458685499
oos,17,2,3,req_cqe_error,1781689.5,1782289.4,1781989.5,23169,23170,1469834458685499
oos,17,2,4,port_xmit_packets,-149.4,324.7,87.7,9530341203,9530341204,1469834458685499
oos,17,2,4,port_xmit_packets,36897.0,37378.6,37137.8,9530341204,9530341205,1469834458685499
oos,17,2,4,roce_adp_retrans,37083.1,37673.2,37378.2,4924,4925,1469834458685499
oos,17,2,4,roce_adp_retrans,70376.0,70961.9,70669.0,4925,4926,1469834458685499
oos,17,2,4,port_xmit_packets,70573.0,71055.9,70814.4,9530341205,9530341206,1469834458685499
oos,17,2,4,roce_adp_retrans,137638.4,138225.9,137932.1,4926,4927,1469834458685499
oos,17,2,4,port_xmit_packets,137836.8,138319.1,138077.9,9530341206,9530341207,1469834458685499
oos,17,2,4,roce_adp_retrans,238271.0,238859.3,238565.2,4927,4928,1469834458685499
oos,17,2,4,port_xmit_packets,238468.5,238952.8,238710.6,9530341207,9530341208,1469834458685499
oos,17,2,4,port_xmit_packets,294386.7,294864.4,294625.5,9530341208,9530341210,1469834458685499
oos,17,2,4,port_rcv_packets,294479.8,294958.1,294718.9,4452191062,4452191064,1469834458685499
oos,17,2,4,roce_adp_retrans,439564.2,440151.9,439858.0,4928,4929,1469834458685499
oos,17,2,4,port_xmit_packets,439761.6,440245.8,440003.7,9530341210,9530341211,1469834458685499
oos,17,2,4,port_xmit_packets,486399.5,486873.5,486636.5,9530341211,9530341213,1469834458685499
oos,17,2,4,port_rcv_packets,486491.7,486966.1,486728.9,4452191064,4452191066,1469834458685499
oos,17,2,4,roce_adp_retrans,976554.9,977144.9,976849.9,4929,4930,1469834458685499
oos,17,2,4,port_xmit_packets,976753.2,977238.4,976995.8,9530341213,9530341214,1469834458685499
oos,17,2,4,port_xmit_packets,1574450.4,1574933.4,1574691.9,9530341214,9530341216,1469834458685499
oos,17,2,4,port_rcv_packets,1574543.1,1575026.5,1574784.8,4452191066,4452191068,1469834458685499
oos,17,2,4,port_xmit_packets,1766454.5,1766933.4,1766693.9,9530341216,9530341218,1469834458685499
oos,17,2,4,port_rcv_packets,1766548.2,1767026.3,1766787.2,4452191068,4452191070,1469834458685499
oos,17,2,4,local_ack_timeout_err,1781931.2,1782569.7,1782250.5,5342,5343,1469834458685499
oos,17,2,4,req_cqe_error,1781931.2,1782569.7,1782250.5,23170,23171,1469834458685499
oos,17,2,5,port_xmit_packets,-145.2,331.9,93.4,9530341219,9530341220,1469834458685499
oos,17,2,5,roce_adp_retrans,70067.8,70657.2,70362.5,4930,4931,1469834458685499
oos,17,2,5,port_xmit_packets,70266.2,70750.8,70508.5,9530341220,9530341221,1469834458685499
oos,17,2,5,roce_adp_retrans,137106.6,137695.8,137401.2,4931,4932,1469834458685499
oos,17,2,5,port_xmit_packets,137303.9,137790.1,137547.0,9530341221,9530341222,1469834458685499
oos,17,2,5,roce_adp_retrans,237825.5,238414.5,238120.0,4932,4933,1469834458685499
oos,17,2,5,port_xmit_packets,238023.4,238508.0,238265.7,9530341222,9530341223,1469834458685499
oos,17,2,5,roce_adp_retrans,439067.9,439654.2,439361.0,4933,4934,1469834458685499
oos,17,2,5,port_xmit_packets,439263.7,439748.4,439506.1,9530341223,9530341224,1469834458685499
oos,17,2,5,port_xmit_packets,706408.3,706884.0,706646.1,9530341224,9530341226,1469834458685499
oos,17,2,5,port_rcv_packets,706501.1,706976.8,706739.0,4452191071,4452191073,1469834458685499
oos,17,2,5,port_xmit_packets,898596.7,899072.7,898834.7,9530341226,9530341228,1469834458685499
oos,17,2,5,port_rcv_packets,898689.8,899165.4,898927.6,4452191073,4452191075,1469834458685499
oos,17,2,5,roce_adp_retrans,976082.1,976670.8,976376.4,4934,4935,1469834458685499
oos,17,2,5,port_xmit_packets,976280.1,976763.8,976521.9,9530341228,9530341229,1469834458685499
oos,17,2,5,local_ack_timeout_err,1781206.7,1781795.5,1781501.1,5343,5344,1469834458685499
oos,17,2,5,req_cqe_error,1781592.3,1782193.4,1781892.8,23171,23172,1469834458685499
oos,17,2,6,port_xmit_packets,-160677.2,-160201.0,-160439.1,9530341230,9530341232,1469834458685499
oos,17,2,6,port_rcv_packets,-160584.3,-160108.1,-160346.2,4452191076,4452191078,1469834458685499
oos,17,2,6,port_xmit_packets,-112.5,410.5,149.0,9530341232,9530341233,1469834458685499
oos,17,2,6,port_rcv_packets,31149.9,31626.2,31388.0,4452191078,4452191080,1469834458685499
oos,17,2,6,port_xmit_packets,31438.7,31915.7,31677.2,9530341233,9530341235,1469834458685499
oos,17,2,6,roce_adp_retrans,36595.2,37182.6,36888.9,4935,4936,1469834458685499
oos,17,2,6,port_xmit_packets,36792.1,37276.8,37034.4,9530341235,9530341236,1469834458685499
oos,17,2,6,roce_adp_retrans,70331.0,70919.1,70625.1,4936,4937,1469834458685499
oos,17,2,6,port_xmit_packets,70530.3,71013.0,70771.7,9530341236,9530341237,1469834458685499
oos,17,2,6,roce_adp_retrans,137339.2,137926.9,137633.0,4937,4938,1469834458685499
oos,17,2,6,port_xmit_packets,137535.9,138020.3,137778.1,9530341237,9530341238,1469834458685499
oos,17,2,6,roce_adp_retrans,238068.8,238659.4,238364.1,4938,4939,1469834458685499
oos,17,2,6,port_xmit_packets,238267.4,238752.9,238510.2,9530341238,9530341239,1469834458685499
oos,17,2,6,roce_adp_retrans,439396.2,439982.6,439689.4,4939,4940,1469834458685499
oos,17,2,6,port_xmit_packets,439592.8,440076.3,439834.5,9530341239,9530341240,1469834458685499
oos,17,2,6,roce_adp_retrans,976234.3,976826.8,976530.5,4940,4941,1469834458685499
oos,17,2,6,port_xmit_packets,976433.1,976922.1,976677.6,9530341240,9530341241,1469834458685499
oos,17,2,6,port_xmit_packets,1119315.8,1119794.7,1119555.3,9530341241,9530341243,1469834458685499
oos,17,2,6,port_rcv_packets,1119409.4,1119888.0,1119648.7,4452191080,4452191082,1469834458685499
oos,17,2,6,port_rcv_packets,1311162.4,1311646.3,1311404.3,4452191082,4452191084,1469834458685499
oos,17,2,6,port_xmit_packets,1311453.8,1311938.6,1311696.2,9530341243,9530341245,1469834458685499
oos,17,2,6,local_ack_timeout_err,1781794.9,1782401.7,1782098.3,5344,5345,1469834458685499
oos,17,2,6,req_cqe_error,1781794.9,1782401.7,1782098.3,23172,23173,1469834458685499
oos,17,3,1,port_xmit_packets,-185.8,290.3,52.2,9530341250,9530341251,1469848694990452
oos,17,3,1,roce_adp_retrans,37143.0,37733.6,37438.3,4941,4942,1469848694990452
oos,17,3,1,port_xmit_packets,37341.5,37827.4,37584.5,9530341251,9530341252,1469848694990452
oos,17,3,1,port_xmit_packets,70606.2,71087.3,70846.7,9530341252,9530341253,1469848694990452
oos,17,3,1,roce_adp_retrans,70792.5,71379.5,71086.0,4942,4943,1469848694990452
oos,17,3,1,roce_adp_retrans,120869.2,121455.7,121162.5,4943,4944,1469848694990452
oos,17,3,1,port_xmit_packets,121065.6,121549.0,121307.3,9530341253,9530341254,1469848694990452
oos,17,3,1,roce_adp_retrans,255044.5,255628.9,255336.7,4944,4945,1469848694990452
oos,17,3,1,port_xmit_packets,255240.1,255723.2,255481.7,9530341254,9530341255,1469848694990452
oos,17,3,1,port_xmit_packets,523635.7,524119.7,523877.7,9530341255,9530341256,1469848694990452
oos,17,3,1,roce_adp_retrans,523823.2,524412.5,524117.9,4945,4946,1469848694990452
oos,17,3,1,port_xmit_packets,542388.8,542879.6,542634.2,9530341256,9530341258,1469848694990452
oos,17,3,1,port_rcv_packets,542481.3,542972.3,542726.8,4452191089,4452191091,1469848694990452
oos,17,3,1,port_xmit_packets,734299.2,734774.7,734536.9,9530341258,9530341260,1469848694990452
oos,17,3,1,port_rcv_packets,734392.4,734867.6,734630.0,4452191091,4452191093,1469848694990452
oos,17,3,1,roce_adp_retrans,1060498.4,1061089.0,1060793.7,4946,4947,1469848694990452
oos,17,3,1,port_xmit_packets,1060696.5,1061183.3,1060939.9,9530341260,9530341261,1469848694990452
oos,17,3,1,port_xmit_packets,1822273.1,1822747.9,1822510.5,9530341261,9530341263,1469848694990452
oos,17,3,1,port_rcv_packets,1822366.3,1822840.6,1822603.5,4452191093,4452191095,1469848694990452
oos,17,3,1,port_xmit_packets,1865863.0,1866347.0,1866105.0,9530341263,9530341264,1469848694990452
oos,17,3,1,local_ack_timeout_err,1866049.8,1866639.1,1866344.4,5345,5346,1469848694990452
oos,17,3,1,port_xmit_packets,2014404.9,2014882.0,2014643.4,9530341264,9530341266,1469848694990452
oos,17,3,1,port_rcv_packets,2014498.1,2014974.9,2014736.5,4452191095,4452191097,1469848694990452
oos,17,3,1,local_ack_timeout_err,2939719.3,2940317.5,2940018.4,5346,5347,1469848694990452
oos,17,3,1,req_cqe_error,2939719.3,2940317.5,2940018.4,23173,23174,1469848694990452
oos,17,3,2,port_xmit_packets,-210480.6,-209968.5,-210224.6,9530341268,9530341270,1469848694990452
oos,17,3,2,port_rcv_packets,-210377.8,-209876.0,-210126.9,4452191098,4452191100,1469848694990452
oos,17,3,2,port_rcv_packets,-18490.3,-18015.4,-18252.8,4452191100,4452191102,1469848694990452
oos,17,3,2,port_xmit_packets,-18200.6,-17725.4,-17963.0,9530341270,9530341272,1469848694990452
oos,17,3,2,port_xmit_packets,-140.7,335.7,97.5,9530341272,9530341273,1469848694990452
oos,17,3,2,roce_adp_retrans,6557.6,7146.9,6852.2,4948,4949,1469848694990452
oos,17,3,2,port_xmit_packets,6755.8,7239.7,6997.7,9530341273,9530341274,1469848694990452
oos,17,3,2,roce_adp_retrans,8482.2,9068.1,8775.1,4949,4950,1469848694990452
oos,17,3,2,port_xmit_packets,8679.8,9161.7,8920.8,9530341274,9530341275,1469848694990452
oos,17,3,2,roce_adp_retrans,12704.6,13288.8,12996.7,4950,4951,1469848694990452
oos,17,3,2,port_xmit_packets,12900.8,13382.5,13141.7,9530341275,9530341276,1469848694990452
oos,17,3,2,roce_adp_retrans,21134.8,21718.2,21426.5,4951,4952,1469848694990452
oos,17,3,2,port_xmit_packets,21330.7,21811.8,21571.2,9530341276,9530341277,1469848694990452
oos,17,3,2,roce_adp_retrans,37963.1,38547.5,38255.3,4952,4953,1469848694990452
oos,17,3,2,port_xmit_packets,38160.3,38640.4,38400.4,9530341277,9530341278,1469848694990452
oos,17,3,2,roce_adp_retrans,63230.9,63818.0,63524.5,4953,4954,1469848694990452
oos,17,3,2,port_xmit_packets,63428.9,63911.4,63670.2,9530341278,9530341279,1469848694990452
oos,17,3,2,roce_adp_retrans,130214.3,130802.1,130508.2,4954,4955,1469848694990452
oos,17,3,2,port_xmit_packets,130410.6,130895.5,130653.1,9530341279,9530341280,1469848694990452
oos,17,3,2,roce_adp_retrans,230850.5,231436.2,231143.4,4955,4956,1469848694990452
oos,17,3,2,port_xmit_packets,231046.9,231530.4,231288.6,9530341280,9530341281,1469848694990452
oos,17,3,2,port_xmit_packets,432274.0,432760.4,432517.2,9530341281,9530341282,1469848694990452
oos,17,3,2,roce_adp_retrans,432460.7,433054.1,432757.4,4956,4957,1469848694990452
oos,17,3,2,roce_adp_retrans,968985.8,969570.4,969278.1,4957,4958,1469848694990452
oos,17,3,2,port_xmit_packets,969180.9,969664.9,969422.9,9530341282,9530341283,1469848694990452
oos,17,3,2,port_xmit_packets,1069746.0,1070220.0,1069983.0,9530341283,9530341285,1469848694990452
oos,17,3,2,port_rcv_packets,1069838.8,1070312.9,1070075.8,4452191102,4452191104,1469848694990452
oos,17,3,2,port_xmit_packets,1261659.8,1262135.7,1261897.7,9530341285,9530341287,1469848694990452
oos,17,3,2,port_rcv_packets,1261752.3,1262228.6,1261990.5,4452191104,4452191106,1469848694990452
oos,17,3,2,port_xmit_packets,1774423.9,1774913.3,1774668.6,9530341287,9530341288,1469848694990452
oos,17,3,2,local_ack_timeout_err,1774611.7,1775210.5,1774911.1,5347,5348,1469848694990452
oos,17,3,2,port_xmit_packets,2349753.3,2350233.6,2349993.5,9530341288,9530341290,1469848694990452
oos,17,3,2,port_rcv_packets,2349847.1,2350327.2,2350087.2,4452191106,4452191108,1469848694990452
oos,17,3,2,port_xmit_packets,2541762.4,2542237.8,2542000.1,9530341290,9530341292,1469848694990452
oos,17,3,2,port_rcv_packets,2541855.4,2542330.4,2542092.9,4452191108,4452191110,1469848694990452
oos,17,3,2,local_ack_timeout_err,2848104.9,2848695.8,2848400.3,5348,5349,1469848694990452
oos,17,3,2,req_cqe_error,2848487.8,2849092.5,2848790.2,23174,23175,1469848694990452
oos,17,3,3,port_xmit_packets,-143.1,332.4,94.7,9530341293,9530341294,1469848694990452
oos,17,3,3,roce_adp_retrans,36375.0,36965.1,36670.1,4958,4959,1469848694990452
oos,17,3,3,port_xmit_packets,36574.0,37059.1,36816.6,9530341294,9530341295,1469848694990452
oos,17,3,3,port_xmit_packets,69870.7,70351.6,70111.1,9530341295,9530341296,1469848694990452
oos,17,3,3,roce_adp_retrans,70057.0,70644.8,70350.9,4959,4960,1469848694990452
oos,17,3,3,roce_adp_retrans,137002.9,137591.6,137297.3,4960,4961,1469848694990452
oos,17,3,3,port_xmit_packets,137200.9,137685.9,137443.4,9530341296,9530341297,1469848694990452
oos,17,3,3,roce_adp_retrans,237575.0,238162.2,237868.6,4961,4962,1469848694990452
oos,17,3,3,port_xmit_packets,237772.2,238256.4,238014.3,9530341297,9530341298,1469848694990452
oos,17,3,3,port_xmit_packets,415206.6,415682.3,415444.4,9530341298,9530341300,1469848694990452
oos,17,3,3,port_rcv_packets,415299.3,415775.4,415537.3,4452191111,4452191113,1469848694990452
oos,17,3,3,roce_adp_retrans,439102.0,439691.5,439396.7,4962,4963,1469848694990452
oos,17,3,3,port_xmit_packets,439301.3,439785.0,439543.1,9530341300,9530341301,1469848694990452
oos,17,3,3,port_xmit_packets,607073.9,607548.4,607311.2,9530341301,9530341303,1469848694990452
oos,17,3,3,port_rcv_packets,607166.5,607641.1,607403.8,4452191113,4452191115,1469848694990452
oos,17,3,3,roce_adp_retrans,975807.7,976393.1,976100.4,4963,4964,1469848694990452
oos,17,3,3,port_xmit_packets,976003.9,976487.9,976245.9,9530341303,9530341304,1469848694990452
oos,17,3,3,port_xmit_packets,1696121.5,1696610.4,1696366.0,9530341304,9530341306,1469848694990452
oos,17,3,3,port_rcv_packets,1696213.9,1696703.4,1696458.6,4452191115,4452191117,1469848694990452
oos,17,3,3,local_ack_timeout_err,1781207.6,1781796.4,1781502.0,5349,5350,1469848694990452
oos,17,3,3,port_xmit_packets,1781404.7,1781890.0,1781647.3,9530341306,9530341307,1469848694990452
oos,17,3,3,port_rcv_packets,1887122.3,1887596.8,1887359.6,4452191117,4452191119,1469848694990452
oos,17,3,3,port_xmit_packets,1887411.6,1887887.3,1887649.4,9530341307,9530341309,1469848694990452
oos,17,3,3,local_ack_timeout_err,2854823.8,2855409.1,2855116.4,5350,5351,1469848694990452
oos,17,3,3,req_cqe_error,2855207.0,2855806.5,2855506.7,23175,23176,1469848694990452
oos,17,3,4,port_xmit_packets,-246045.1,-245464.7,-245754.9,9530341310,9530341312,1469848694990452
oos,17,3,4,port_rcv_packets,-245942.6,-245367.6,-245655.1,4452191120,4452191122,1469848694990452
oos,17,3,4,port_xmit_packets,-54035.8,-53464.8,-53750.3,9530341312,9530341314,1469848694990452
oos,17,3,4,port_rcv_packets,-53932.3,-53361.7,-53647.0,4452191122,4452191124,1469848694990452
oos,17,3,4,port_xmit_packets,-135.9,338.7,101.4,9530341314,9530341315,1469848694990452
oos,17,3,4,roce_adp_retrans,11181.9,11767.3,11474.6,4964,4965,1469848694990452
oos,17,3,4,port_xmit_packets,11378.1,11861.4,11619.8,9530341315,9530341316,1469848694990452
oos,17,3,4,roce_adp_retrans,19622.3,20208.2,19915.3,4965,4966,1469848694990452
oos,17,3,4,port_xmit_packets,19819.8,20302.5,20061.1,9530341316,9530341317,1469848694990452
oos,17,3,4,roce_adp_retrans,36482.3,37071.6,36777.0,4966,4967,1469848694990452
oos,17,3,4,port_xmit_packets,36680.0,37165.3,36922.7,9530341317,9530341318,1469848694990452
oos,17,3,4,roce_adp_retrans,70161.8,70749.0,70455.4,4967,4968,1469848694990452
oos,17,3,4,port_xmit_packets,70360.4,70842.7,70601.6,9530341318,9530341319,1469848694990452
oos,17,3,4,roce_adp_retrans,137101.5,137686.8,137394.1,4968,4969,1469848694990452
oos,17,3,4,port_xmit_packets,137298.5,137780.9,137539.7,9530341319,9530341320,1469848694990452
oos,17,3,4,roce_adp_retrans,237735.2,238321.5,238028.3,4969,4970,1469848694990452
oos,17,3,4,port_xmit_packets,237931.1,238415.7,238173.4,9530341320,9530341321,1469848694990452
oos,17,3,4,roce_adp_retrans,439221.8,439811.7,439516.7,4970,4971,1469848694990452
oos,17,3,4,port_xmit_packets,439419.5,439904.9,439662.2,9530341321,9530341322,1469848694990452
oos,17,3,4,roce_adp_retrans,976117.1,976704.6,976410.9,4971,4972,1469848694990452
oos,17,3,4,port_xmit_packets,976314.9,976798.4,976556.6,9530341322,9530341323,1469848694990452
oos,17,3,4,port_xmit_packets,1034125.2,1034600.6,1034362.9,9530341323,9530341325,1469848694990452
oos,17,3,4,port_rcv_packets,1034218.4,1034693.1,1034455.7,4452191124,4452191126,1469848694990452
oos,17,3,4,port_xmit_packets,1226038.1,1226525.6,1226281.8,9530341325,9530341327,1469848694990452
oos,17,3,4,port_rcv_packets,1226130.8,1226618.9,1226374.8,4452191126,4452191128,1469848694990452
oos,17,3,4,port_xmit_packets,1781376.5,1781860.5,1781618.5,9530341327,9530341328,1469848694990452
oos,17,3,4,local_ack_timeout_err,1781564.2,1782155.2,1781859.7,5351,5352,1469848694990452
oos,17,3,4,port_xmit_packets,2314236.8,2314716.3,2314476.6,9530341328,9530341330,1469848694990452
oos,17,3,4,port_rcv_packets,2314330.3,2314810.2,2314570.2,4452191128,4452191130,1469848694990452
oos,17,3,4,port_xmit_packets,2507232.7,2507711.6,2507472.1,9530341330,9530341332,1469848694990452
oos,17,3,4,port_rcv_packets,2507326.1,2507804.9,2507565.5,4452191130,4452191132,1469848694990452
oos,17,3,4,local_ack_timeout_err,2854996.6,2855591.5,2855294.0,5352,5353,1469848694990452
oos,17,3,4,req_cqe_error,2855383.4,2855992.2,2855687.8,23176,23177,1469848694990452
oos,17,3,5,port_xmit_packets,-113.6,362.2,124.3,9530341333,9530341334,1469848694990452
oos,17,3,5,roce_adp_retrans,70038.8,70627.6,70333.2,4972,4973,1469848694990452
oos,17,3,5,port_xmit_packets,70236.1,70721.8,70479.0,9530341334,9530341335,1469848694990452
oos,17,3,5,port_xmit_packets,137155.4,137637.9,137396.7,9530341335,9530341336,1469848694990452
oos,17,3,5,roce_adp_retrans,137342.1,137932.5,137637.3,4973,4974,1469848694990452
oos,17,3,5,roce_adp_retrans,237922.1,238512.2,238217.1,4974,4975,1469848694990452
oos,17,3,5,port_xmit_packets,238120.5,238606.1,238363.3,9530341336,9530341337,1469848694990452
oos,17,3,5,port_xmit_packets,372901.6,373377.9,373139.8,9530341337,9530341339,1469848694990452
oos,17,3,5,port_rcv_packets,372994.7,373470.6,373232.7,4452191133,4452191135,1469848694990452
oos,17,3,5,roce_adp_retrans,439280.4,439869.6,439575.0,4975,4976,1469848694990452
oos,17,3,5,port_xmit_packets,439478.9,439963.0,439720.9,9530341339,9530341340,1469848694990452
oos,17,3,5,port_xmit_packets,564999.2,565475.8,565237.5,9530341340,9530341342,1469848694990452
oos,17,3,5,port_rcv_packets,565092.0,565568.5,565330.3,4452191135,4452191137,1469848694990452
oos,17,3,5,roce_adp_retrans,976201.0,976788.9,976494.9,4976,4977,1469848694990452
oos,17,3,5,port_xmit_packets,976400.5,976882.6,976641.5,9530341342,9530341343,1469848694990452
oos,17,3,5,port_rcv_packets,1652825.3,1653301.6,1653063.5,4452191137,4452191138,1469848694990452
oos,17,3,5,port_xmit_packets,1653115.4,1653592.0,1653353.7,9530341343,9530341345,1469848694990452
oos,17,3,5,port_rcv_packets,1653208.3,1653684.6,1653446.4,4452191138,4452191139,1469848694990452
oos,17,3,5,local_ack_timeout_err,1781393.0,1781983.1,1781688.1,5353,5354,1469848694990452
oos,17,3,5,port_xmit_packets,1781590.7,1782077.0,1781833.9,9530341345,9530341346,1469848694990452
oos,17,3,5,port_xmit_packets,1845079.3,1845555.5,1845317.4,9530341346,9530341348,1469848694990452
oos,17,3,5,port_rcv_packets,1845171.6,1845648.3,1845410.0,4452191139,4452191141,1469848694990452
oos,17,3,5,local_ack_timeout_err,2855334.9,2855933.5,2855634.2,5354,5355,1469848694990452
oos,17,3,5,req_cqe_error,2855334.9,2855933.5,2855634.2,23177,23178,1469848694990452
oos,17,3,6,port_xmit_packets,-288301.0,-287827.0,-288064.0,9530341349,9530341351,1469848694990452
oos,17,3,6,port_rcv_packets,-288208.3,-287734.2,-287971.2,4452191142,4452191144,1469848694990452
oos,17,3,6,port_xmit_packets,-96053.4,-95578.2,-95815.8,9530341351,9530341353,1469848694990452
oos,17,3,6,port_rcv_packets,-95960.7,-95484.5,-95722.6,4452191144,4452191146,1469848694990452
oos,17,3,6,port_xmit_packets,-137.4,336.5,99.5,9530341353,9530341354,1469848694990452
oos,17,3,6,roce_adp_retrans,19929.3,20518.1,20223.7,4977,4978,1469848694990452
oos,17,3,6,port_xmit_packets,20126.9,20611.5,20369.2,9530341354,9530341355,1469848694990452
oos,17,3,6,port_xmit_packets,36603.4,37085.6,36844.5,9530341355,9530341356,1469848694990452
oos,17,3,6,roce_adp_retrans,36789.4,37379.0,37084.2,4978,4979,1469848694990452
oos,17,3,6,roce_adp_retrans,70072.9,70655.3,70364.1,4979,4980,1469848694990452
oos,17,3,6,port_xmit_packets,70268.4,70749.4,70508.9,9530341356,9530341357,1469848694990452
oos,17,3,6,roce_adp_retrans,137370.8,137958.2,137664.5,4980,4981,1469848694990452
oos,17,3,6,port_xmit_packets,137568.9,138052.3,137810.6,9530341357,9530341358,1469848694990452
oos,17,3,6,roce_adp_retrans,237968.1,238555.7,238261.9,4981,4982,1469848694990452
oos,17,3,6,port_xmit_packets,238165.2,238649.2,238407.2,9530341358,9530341359,1469848694990452
oos,17,3,6,port_xmit_packets,439326.6,439811.0,439568.8,9530341359,9530341360,1469848694990452
oos,17,3,6,roce_adp_retrans,439513.9,440103.9,439808.9,4982,4983,1469848694990452
oos,17,3,6,roce_adp_retrans,976130.8,976720.3,976425.5,4983,4984,1469848694990452
oos,17,3,6,port_xmit_packets,976330.0,976814.4,976572.2,9530341360,9530341361,1469848694990452
oos,17,3,6,port_rcv_packets,991760.5,992245.6,992003.1,4452191146,4452191148,1469848694990452
oos,17,3,6,port_xmit_packets,992049.8,992535.1,992292.5,9530341361,9530341363,1469848694990452
oos,17,3,6,port_rcv_packets,1183739.1,1184214.0,1183976.5,4452191148,4452191150,1469848694990452
oos,17,3,6,port_xmit_packets,1184027.7,1184504.2,1184266.0,9530341363,9530341365,1469848694990452
oos,17,3,6,local_ack_timeout_err,1781631.3,1782222.4,1781926.8,5355,5356,1469848694990452
oos,17,3,6,port_xmit_packets,1781829.8,1782316.3,1782073.1,9530341365,9530341366,1469848694990452
oos,17,3,6,port_xmit_packets,2272029.4,2272505.1,2272267.2,9530341366,9530341368,1469848694990452
oos,17,3,6,port_rcv_packets,2272122.2,2272598.0,2272360.1,4452191150,4452191152,1469848694990452
oos,17,3,6,port_xmit_packets,2463983.1,2464457.9,2464220.5,9530341368,9530341370,1469848694990452
oos,17,3,6,port_rcv_packets,2464076.3,2464550.7,2464313.5,4452191152,4452191154,1469848694990452
oos,17,3,6,local_ack_timeout_err,2855504.6,2856111.2,2855807.9,5356,5357,1469848694990452
oos,17,3,6,req_cqe_error,2855504.6,2856111.2,2855807.9,23178,23179,1469848694990452
oos,17,5,1,port_xmit_packets,-130.9,343.7,106.4,9530341375,9530341376,1469869082525676
oos,17,5,1,roce_adp_retrans,9229.5,9817.2,9523.4,4984,4985,1469869082525676
oos,17,5,1,port_xmit_packets,9426.5,9911.0,9668.8,9530341376,9530341377,1469869082525676
oos,17,5,1,roce_adp_retrans,17655.3,18245.9,17950.6,4985,4986,1469869082525676
oos,17,5,1,port_xmit_packets,17853.4,18339.8,18096.6,9530341377,9530341378,1469869082525676
oos,17,5,1,port_xmit_packets,34352.8,34834.6,34593.7,9530341378,9530341379,1469869082525676
oos,17,5,1,roce_adp_retrans,34540.2,35127.9,34834.1,4986,4987,1469869082525676
oos,17,5,1,roce_adp_retrans,67802.1,68383.4,68092.7,4987,4988,1469869082525676
oos,17,5,1,port_xmit_packets,67998.1,68477.3,68237.7,9530341379,9530341380,1469869082525676
oos,17,5,1,roce_adp_retrans,135126.4,135713.9,135420.1,4988,4989,1469869082525676
oos,17,5,1,port_xmit_packets,135323.7,135807.6,135565.7,9530341380,9530341381,1469869082525676
oos,17,5,1,roce_adp_retrans,269366.6,269955.8,269661.2,4989,4990,1469869082525676
oos,17,5,1,port_xmit_packets,269565.4,270049.6,269807.5,9530341381,9530341382,1469869082525676
oos,17,5,1,roce_adp_retrans,537565.6,538153.0,537859.3,4990,4991,1469869082525676
oos,17,5,1,port_xmit_packets,537763.2,538247.1,538005.2,9530341382,9530341383,1469869082525676
oos,17,5,1,port_xmit_packets,635343.8,635823.9,635583.8,9530341383,9530341385,1469869082525676
oos,17,5,1,port_rcv_packets,635436.4,635917.1,635676.7,4452191159,4452191161,1469869082525676
oos,17,5,1,port_xmit_packets,827337.5,827815.2,827576.3,9530341385,9530341387,1469869082525676
oos,17,5,1,port_rcv_packets,827430.8,827908.1,827669.4,4452191161,4452191163,1469869082525676
oos,17,5,1,roce_adp_retrans,1074544.7,1075129.4,1074837.0,4991,4992,1469869082525676
oos,17,5,1,port_xmit_packets,1074741.6,1075223.4,1074982.5,9530341387,9530341388,1469869082525676
oos,17,5,1,port_xmit_packets,1879962.8,1880446.4,1880204.6,9530341388,9530341389,1469869082525676
oos,17,5,1,local_ack_timeout_err,1880149.8,1880739.5,1880444.6,5357,5358,1469869082525676
oos,17,5,1,port_rcv_packets,1915241.0,1915723.4,1915482.2,4452191163,4452191165,1469869082525676
oos,17,5,1,port_xmit_packets,1915530.8,1916013.3,1915772.1,9530341389,9530341391,1469869082525676
oos,17,5,1,port_rcv_packets,2107202.3,2107676.9,2107439.6,4452191165,4452191167,1469869082525676
oos,17,5,1,port_xmit_packets,2107491.1,2107966.1,2107728.6,9530341391,9530341393,1469869082525676
oos,17,5,1,port_xmit_packets,2953716.5,2954198.8,2953957.7,9530341393,9530341394,1469869082525676
oos,17,5,1,local_ack_timeout_err,2953902.4,2954493.1,2954197.8,5358,5359,1469869082525676
oos,17,5,1,port_rcv_packets,3195302.0,3195776.1,3195539.0,4452191167,4452191169,1469869082525676
oos,17,5,1,port_xmit_packets,3195589.8,3196067.3,3195828.6,9530341394,9530341396,1469869082525676
oos,17,5,1,port_xmit_packets,3387255.7,3387731.9,3387493.8,9530341396,9530341398,1469869082525676
oos,17,5,1,port_rcv_packets,3387349.1,3387824.7,3387586.9,4452191169,4452191171,1469869082525676
oos,17,5,1,local_ack_timeout_err,4027473.3,4028061.8,4027767.6,5359,5360,1469869082525676
oos,17,5,1,port_xmit_packets,4027670.0,4028155.8,4027912.9,9530341398,9530341399,1469869082525676
oos,17,5,1,port_xmit_packets,4475327.5,4475802.7,4475565.1,9530341399,9530341401,1469869082525676
oos,17,5,1,port_rcv_packets,4475420.4,4475895.6,4475658.0,4452191171,4452191173,1469869082525676
oos,17,5,1,port_xmit_packets,4667500.7,4667986.9,4667743.8,9530341401,9530341403,1469869082525676
oos,17,5,1,port_rcv_packets,4667593.9,4668080.1,4667837.0,4452191173,4452191175,1469869082525676
oos,17,5,1,local_ack_timeout_err,5101316.2,5101912.6,5101614.4,5360,5361,1469869082525676
oos,17,5,1,req_cqe_error,5101316.2,5101912.6,5101614.4,23179,23180,1469869082525676
oos,17,5,2,port_xmit_packets,-184.9,294.2,54.7,9530341404,9530341405,1469869082525676
oos,17,5,2,roce_adp_retrans,10831.3,11423.6,11127.4,4992,4993,1469869082525676
oos,17,5,2,port_xmit_packets,11029.2,11519.7,11274.5,9530341405,9530341406,1469869082525676
oos,17,5,2,roce_adp_retrans,19345.5,19936.0,19640.7,4993,4994,1469869082525676
oos,17,5,2,port_xmit_packets,19544.4,20031.0,19787.7,9530341406,9530341407,1469869082525676
oos,17,5,2,roce_adp_retrans,35984.8,36576.2,36280.5,4994,4995,1469869082525676
oos,17,5,2,port_xmit_packets,36183.7,36672.3,36428.0,9530341407,9530341408,1469869082525676
oos,17,5,2,roce_adp_retrans,69606.2,70199.8,69903.0,4995,4996,1469869082525676
oos,17,5,2,port_xmit_packets,69805.2,70295.7,70050.4,9530341408,9530341409,1469869082525676
oos,17,5,2,roce_adp_retrans,136732.3,137325.0,137028.7,4996,4997,1469869082525676
oos,17,5,2,port_xmit_packets,136930.7,137419.3,137175.0,9530341409,9530341410,1469869082525676
oos,17,5,2,roce_adp_retrans,237508.1,238103.5,237805.8,4997,4998,1469869082525676
oos,17,5,2,port_xmit_packets,237708.5,238197.7,237953.1,9530341410,9530341411,1469869082525676
oos,17,5,2,port_xmit_packets,287528.0,288008.0,287768.0,9530341411,9530341413,1469869082525676
oos,17,5,2,port_rcv_packets,287622.1,288101.2,287861.7,4452191176,4452191178,1469869082525676
oos,17,5,2,roce_adp_retrans,438693.5,439285.1,438989.3,4998,4999,1469869082525676
oos,17,5,2,port_xmit_packets,438891.5,439381.2,439136.3,9530341413,9530341414,1469869082525676
oos,17,5,2,port_rcv_packets,479548.0,480027.5,479787.8,4452191178,4452191180,1469869082525676
oos,17,5,2,port_xmit_packets,479839.9,480320.8,480080.4,9530341414,9530341416,1469869082525676
oos,17,5,2,roce_adp_retrans,975569.9,976154.8,975862.3,4999,5000,1469869082525676
oos,17,5,2,port_xmit_packets,975765.7,976249.1,976007.4,9530341416,9530341417,1469869082525676
oos,17,5,2,port_xmit_packets,1567737.4,1568225.8,1567981.6,9530341417,9530341419,1469869082525676
oos,17,5,2,port_rcv_packets,1567830.4,1568318.3,1568074.3,4452191180,4452191182,1469869082525676
oos,17,5,2,port_xmit_packets,1759716.0,1760192.3,1759954.2,9530341419,9530341421,1469869082525676
oos,17,5,2,port_rcv_packets,1759809.4,1760285.2,1760047.3,4452191182,4452191184,1469869082525676
oos,17,5,2,local_ack_timeout_err,1780967.6,1781554.6,1781261.1,5361,5362,1469869082525676
oos,17,5,2,port_xmit_packets,1781164.8,1781648.7,1781406.8,9530341421,9530341422,1469869082525676
oos,17,5,2,port_rcv_packets,2847600.9,2848076.2,2847838.6,4452191184,4452191185,1469869082525676
oos,17,5,2,port_xmit_packets,2847890.6,2848365.7,2848128.2,9530341422,9530341424,1469869082525676
oos,17,5,2,port_rcv_packets,2847983.5,2848458.9,2848221.2,4452191185,4452191186,1469869082525676
oos,17,5,2,port_xmit_packets,2854766.9,2855248.5,2855007.7,9530341424,9530341425,1469869082525676
oos,17,5,2,local_ack_timeout_err,2854953.2,2855543.1,2855248.1,5362,5363,1469869082525676
oos,17,5,2,port_xmit_packets,3039840.8,3040331.3,3040086.1,9530341425,9530341427,1469869082525676
oos,17,5,2,port_rcv_packets,3039937.1,3040424.6,3040180.9,4452191186,4452191188,1469869082525676
oos,17,5,2,port_xmit_packets,3928572.7,3929056.2,3928814.4,9530341427,9530341428,1469869082525676
oos,17,5,2,local_ack_timeout_err,3928759.2,3929349.2,3929054.2,5363,5364,1469869082525676
oos,17,5,2,port_xmit_packets,4127691.7,4128178.1,4127934.9,9530341428,9530341430,1469869082525676
oos,17,5,2,port_rcv_packets,4127784.2,4128271.2,4128027.7,4452191188,4452191190,1469869082525676
oos,17,5,2,port_xmit_packets,4319758.6,4320232.8,4319995.7,9530341430,9530341432,1469869082525676
oos,17,5,2,port_rcv_packets,4319851.3,4320325.4,4320088.4,4452191190,4452191192,1469869082525676
oos,17,5,2,local_ack_timeout_err,5002227.2,5002817.8,5002522.5,5364,5365,1469869082525676
oos,17,5,2,req_cqe_error,5002612.6,5003212.4,5002912.5,23180,23181,1469869082525676
oos,17,5,3,port_xmit_packets,-141.0,335.1,97.0,9530341433,9530341434,1469869082525676
oos,17,5,3,roce_adp_retrans,19915.9,20502.6,20209.2,5000,5001,1469869082525676
oos,17,5,3,port_xmit_packets,20112.3,20598.5,20355.4,9530341434,9530341435,1469869082525676
oos,17,5,3,roce_adp_retrans,36750.8,37333.9,37042.3,5001,5002,1469869082525676
oos,17,5,3,port_xmit_packets,36947.2,37427.1,37187.1,9530341435,9530341436,1469869082525676
oos,17,5,3,port_xmit_packets,39630.8,40121.8,39876.3,9530341436,9530341438,1469869082525676
oos,17,5,3,port_rcv_packets,39723.5,40214.6,39969.1,4452191193,4452191195,1469869082525676
oos,17,5,3,roce_adp_retrans,70431.4,71022.7,70727.0,5002,5003,1469869082525676
oos,17,5,3,port_xmit_packets,70630.6,71117.3,70873.9,9530341438,9530341439,1469869082525676
oos,17,5,3,roce_adp_retrans,137335.3,137921.3,137628.3,5003,5004,1469869082525676
oos,17,5,3,port_xmit_packets,137530.5,138015.0,137772.7,9530341439,9530341440,1469869082525676
oos,17,5,3,port_xmit_packets,231610.7,232085.1,231847.9,9530341440,9530341442,1469869082525676
oos,17,5,3,port_rcv_packets,231703.9,232178.3,231941.1,4452191195,4452191197,1469869082525676
oos,17,5,3,port_xmit_packets,238106.0,238589.3,238347.6,9530341442,9530341443,1469869082525676
oos,17,5,3,roce_adp_retrans,238293.0,238883.3,238588.1,5004,5005,1469869082525676
oos,17,5,3,roce_adp_retrans,439396.5,439983.7,439690.1,5005,5006,1469869082525676
oos,17,5,3,port_xmit_packets,439593.9,440077.4,439835.6,9530341443,9530341444,1469869082525676
oos,17,5,3,port_xmit_packets,976336.8,976818.1,976577.5,9530341444,9530341445,1469869082525676
oos,17,5,3,roce_adp_retrans,976523.2,977117.3,976820.2,5006,5007,1469869082525676
oos,17,5,3,port_xmit_packets,1319668.7,1320144.9,1319906.8,9530341445,9530341447,1469869082525676
oos,17,5,3,port_rcv_packets,1319761.3,1320238.5,1319999.9,4452191197,4452191199,1469869082525676
oos,17,5,3,port_xmit_packets,1511684.4,1512160.6,1511922.5,9530341447,9530341449,1469869082525676
oos,17,5,3,port_rcv_packets,1511776.9,1512253.8,1512015.4,4452191199,4452191201,1469869082525676
oos,17,5,3,local_ack_timeout_err,1781703.5,1782297.6,1782000.5,5365,5366,1469869082525676
oos,17,5,3,port_xmit_packets,1781902.4,1782392.6,1782147.5,9530341449,9530341450,1469869082525676
oos,17,5,3,port_xmit_packets,2599748.4,2600223.8,2599986.1,9530341450,9530341452,1469869082525676
oos,17,5,3,port_rcv_packets,2599841.8,2600316.6,2600079.2,4452191201,4452191203,1469869082525676
oos,17,5,3,port_xmit_packets,2791756.3,2792233.1,2791994.7,9530341452,9530341454,1469869082525676
oos,17,5,3,port_rcv_packets,2791850.0,2792325.8,2792087.9,4452191203,4452191205,1469869082525676
oos,17,5,3,local_ack_timeout_err,2855426.2,2856017.3,2855721.8,5366,5367,1469869082525676
oos,17,5,3,port_xmit_packets,2855623.4,2856111.2,2855867.3,9530341454,9530341455,1469869082525676
oos,17,5,3,port_xmit_packets,3879576.0,3880051.1,3879813.5,9530341455,9530341457,1469869082525676
oos,17,5,3,port_rcv_packets,3879669.2,3880143.9,3879906.5,4452191205,4452191207,1469869082525676
oos,17,5,3,local_ack_timeout_err,3929074.8,3929661.2,3929368.0,5367,5368,1469869082525676
oos,17,5,3,port_xmit_packets,3929270.2,3929755.8,3929513.0,9530341457,9530341458,1469869082525676
oos,17,5,3,port_rcv_packets,4071615.2,4072099.5,4071857.3,4452191207,4452191209,1469869082525676
oos,17,5,3,port_xmit_packets,4071903.9,4072388.5,4072146.2,9530341458,9530341460,1469869082525676
oos,17,5,3,local_ack_timeout_err,5002999.7,5003595.8,5003297.7,5368,5369,1469869082525676
oos,17,5,3,req_cqe_error,5003388.4,5004034.7,5003711.5,23181,23182,1469869082525676
oos,17,5,4,port_xmit_packets,-216301.3,-215826.3,-216063.8,9530341462,9530341464,1469869082525676
oos,17,5,4,port_rcv_packets,-216208.6,-215733.8,-215971.2,4452191210,4452191212,1469869082525676
oos,17,5,4,port_rcv_packets,-24540.5,-23994.2,-24267.3,4452191212,4452191214,1469869082525676
oos,17,5,4,port_xmit_packets,-24201.4,-23652.0,-23926.7,9530341464,9530341466,1469869082525676
oos,17,5,4,port_xmit_packets,-86.0,464.1,189.0,9530341466,9530341467,1469869082525676
oos,17,5,4,roce_adp_retrans,6294.0,6880.0,6587.0,5008,5009,1469869082525676
oos,17,5,4,port_xmit_packets,6490.0,6974.6,6732.3,9530341467,9530341468,1469869082525676
oos,17,5,4,roce_adp_retrans,8604.8,9191.0,8897.9,5009,5010,1469869082525676
oos,17,5,4,port_xmit_packets,8803.4,9284.4,9043.9,9530341468,9530341469,1469869082525676
oos,17,5,4,roce_adp_retrans,12820.2,13404.8,13112.5,5010,5011,1469869082525676
oos,17,5,4,port_xmit_packets,13018.4,13498.4,13258.4,9530341469,9530341470,1469869082525676
oos,17,5,4,port_xmit_packets,21087.2,21568.2,21327.7,9530341470,9530341471,1469869082525676
oos,17,5,4,roce_adp_retrans,21274.0,21860.9,21567.5,5011,5012,1469869082525676
oos,17,5,4,port_xmit_packets,37912.8,38393.1,38153.0,9530341471,9530341472,1469869082525676
oos,17,5,4,roce_adp_retrans,38098.7,38686.1,38392.4,5012,5013,1469869082525676
oos,17,5,4,roce_adp_retrans,62938.9,63521.0,63230.0,5013,5014,1469869082525676
oos,17,5,4,port_xmit_packets,63134.0,63614.6,63374.3,9530341472,9530341473,1469869082525676
oos,17,5,4,roce_adp_retrans,130267.3,130854.8,130561.1,5014,5015,1469869082525676
oos,17,5,4,port_xmit_packets,130464.4,130948.5,130706.5,9530341473,9530341474,1469869082525676
oos,17,5,4,roce_adp_retrans,230856.8,231444.2,231150.5,5015,5016,1469869082525676
oos,17,5,4,port_xmit_packets,231053.6,231538.1,231295.9,9530341474,9530341475,1469869082525676
oos,17,5,4,roce_adp_retrans,432278.4,432866.0,432572.2,5016,5017,1469869082525676
oos,17,5,4,port_xmit_packets,432475.6,432959.2,432717.4,9530341475,9530341476,1469869082525676
oos,17,5,4,roce_adp_retrans,969011.8,969598.2,969305.0,5017,5018,1469869082525676
oos,17,5,4,port_xmit_packets,969208.8,969692.3,969450.6,9530341476,9530341477,1469869082525676
oos,17,5,4,port_xmit_packets,1063659.5,1064134.8,1063897.2,9530341477,9530341479,1469869082525676
oos,17,5,4,port_rcv_packets,1063752.8,1064227.9,1063990.3,4452191214,4452191216,1469869082525676
oos,17,5,4,port_xmit_packets,1255772.9,1256256.0,1256014.5,9530341479,9530341481,1469869082525676
oos,17,5,4,port_rcv_packets,1255865.7,1256349.0,1256107.4,4452191216,4452191218,1469869082525676
oos,17,5,4,local_ack_timeout_err,1774472.4,1775065.1,1774768.8,5369,5370,1469869082525676
oos,17,5,4,port_xmit_packets,1774671.1,1775158.8,1774914.9,9530341481,9530341482,1469869082525676
oos,17,5,4,port_xmit_packets,2343639.2,2344114.8,2343877.0,9530341482,9530341484,1469869082525676
oos,17,5,4,port_rcv_packets,2343732.3,2344208.0,2343970.1,4452191218,4452191220,1469869082525676
oos,17,5,4,port_xmit_packets,2535694.3,2536169.6,2535932.0,9530341484,9530341486,1469869082525676
oos,17,5,4,port_rcv_packets,2535787.3,2536266.1,2536026.7,4452191220,4452191222,1469869082525676
oos,17,5,4,port_xmit_packets,2848192.3,2848676.5,2848434.4,9530341486,9530341487,1469869082525676
oos,17,5,4,local_ack_timeout_err,2848379.5,2848969.5,2848674.5,5370,5371,1469869082525676
oos,17,5,4,port_xmit_packets,3623707.9,3624188.1,3623948.0,9530341487,9530341489,1469869082525676
oos,17,5,4,port_rcv_packets,3623801.6,3624281.9,3624041.8,4452191222,4452191224,1469869082525676
oos,17,5,4,port_xmit_packets,3815669.9,3816152.2,3815911.0,9530341489,9530341491,1469869082525676
oos,17,5,4,port_rcv_packets,3815764.2,3816246.4,3816005.3,4452191224,4452191226,1469869082525676
oos,17,5,4,local_ack_timeout_err,3921966.7,3922563.4,3922265.1,5371,5372,1469869082525676
oos,17,5,4,port_xmit_packets,3922167.6,3922658.6,3922413.1,9530341491,9530341492,1469869082525676
oos,17,5,4,port_xmit_packets,4903693.1,4904182.1,4903937.6,9530341492,9530341494,1469869082525676
oos,17,5,4,port_rcv_packets,4903786.2,4904275.4,4904030.8,4452191226,4452191228,1469869082525676
oos,17,5,4,local_ack_timeout_err,4995749.5,4996343.1,4996046.3,5372,5373,1469869082525676
oos,17,5,4,req_cqe_error,4995749.5,4996343.1,4996046.3,23182,23183,1469869082525676
oos,17,5,5,port_xmit_packets,-266156.3,-265608.9,-265882.6,9530341495,9530341496,1469869082525676
oos,17,5,5,port_rcv_packets,-266053.3,-265506.5,-265779.9,4452191229,4452191231,1469869082525676
oos,17,5,5,port_xmit_packets,-265711.9,-265164.8,-265438.4,9530341496,9530341497,1469869082525676
oos,17,5,5,port_xmit_packets,-121.8,425.1,151.6,9530341497,9530341498,1469869082525676
oos,17,5,5,port_xmit_packets,11494.5,11976.9,11735.7,9530341498,9530341499,1469869082525676
oos,17,5,5,roce_adp_retrans,11681.1,12270.2,11975.6,5018,5019,1469869082525676
oos,17,5,5,roce_adp_retrans,19720.8,20303.2,20012.0,5019,5020,1469869082525676
oos,17,5,5,port_xmit_packets,19917.0,20397.0,20157.0,9530341499,9530341500,1469869082525676
oos,17,5,5,roce_adp_retrans,36553.2,37144.2,36848.7,5020,5021,1469869082525676
oos,17,5,5,port_xmit_packets,36749.4,37238.1,36993.8,9530341500,9530341501,1469869082525676
oos,17,5,5,roce_adp_retrans,70238.4,70824.8,70531.6,5021,5022,1469869082525676
oos,17,5,5,port_xmit_packets,70436.6,70918.6,70677.6,9530341501,9530341502,1469869082525676
oos,17,5,5,port_xmit_packets,137302.2,137782.0,137542.1,9530341502,9530341503,1469869082525676
oos,17,5,5,roce_adp_retrans,137488.4,138073.8,137781.1,5022,5023,1469869082525676
oos,17,5,5,roce_adp_retrans,237993.1,238580.3,238286.7,5023,5024,1469869082525676
oos,17,5,5,port_xmit_packets,238190.4,238674.2,238432.3,9530341503,9530341504,1469869082525676
oos,17,5,5,port_xmit_packets,439258.0,439738.7,439498.3,9530341504,9530341505,1469869082525676
oos,17,5,5,roce_adp_retrans,439444.5,440031.0,439737.7,5024,5025,1469869082525676
oos,17,5,5,port_xmit_packets,822208.1,822683.2,822445.6,9530341505,9530341507,1469869082525676
oos,17,5,5,port_rcv_packets,822300.8,822775.8,822538.3,4452191231,4452191233,1469869082525676
oos,17,5,5,roce_adp_retrans,976062.9,976647.3,976355.1,5025,5026,1469869082525676
oos,17,5,5,port_xmit_packets,976258.6,976741.9,976500.3,9530341507,9530341508,1469869082525676
oos,17,5,5,port_xmit_packets,1014118.8,1014603.6,1014361.2,9530341508,9530341510,1469869082525676
oos,17,5,5,port_rcv_packets,1014211.2,1014696.8,1014454.0,4452191233,4452191235,1469869082525676
oos,17,5,5,port_xmit_packets,1781538.5,1782023.0,1781780.8,9530341510,9530341511,1469869082525676
oos,17,5,5,local_ack_timeout_err,1781725.4,1782315.3,1782020.3,5373,5374,1469869082525676
oos,17,5,5,port_rcv_packets,2102052.2,2102527.8,2102290.0,4452191235,4452191237,1469869082525676
oos,17,5,5,port_xmit_packets,2102341.3,2102817.5,2102579.4,9530341511,9530341513,1469869082525676
oos,17,5,5,port_xmit_packets,2294255.1,2294729.9,2294492.5,9530341513,9530341515,1469869082525676
oos,17,5,5,port_rcv_packets,2294347.6,2294822.9,2294585.2,4452191237,4452191239,1469869082525676
oos,17,5,5,local_ack_timeout_err,2855134.0,2855722.3,2855428.2,5374,5375,1469869082525676
oos,17,5,5,port_xmit_packets,2855331.1,2855816.9,2855574.0,9530341515,9530341516,1469869082525676
oos,17,5,5,port_xmit_packets,3382072.0,3382550.2,3382311.1,9530341516,9530341518,1469869082525676
oos,17,5,5,port_rcv_packets,3382165.2,3382643.3,3382404.3,4452191239,4452191241,1469869082525676
oos,17,5,5,port_xmit_packets,3574142.5,3574618.7,3574380.6,9530341518,9530341520,1469869082525676
oos,17,5,5,port_rcv_packets,3574235.7,3574711.6,3574473.6,4452191241,4452191243,1469869082525676
oos,17,5,5,local_ack_timeout_err,3928902.5,3929489.1,3929195.8,5375,5376,1469869082525676
oos,17,5,5,port_xmit_packets,3929099.0,3929583.9,3929341.5,9530341520,9530341521,1469869082525676
oos,17,5,5,port_xmit_packets,4662281.7,4662771.4,4662526.5,9530341521,9530341523,1469869082525676
oos,17,5,5,port_rcv_packets,4662374.7,4662864.4,4662619.6,4452191243,4452191245,1469869082525676
oos,17,5,5,port_xmit_packets,4854106.0,4854591.9,4854348.9,9530341523,9530341525,1469869082525676
oos,17,5,5,port_rcv_packets,4854201.2,4854685.7,4854443.5,4452191245,4452191247,1469869082525676
oos,17,5,5,local_ack_timeout_err,5002917.2,5003523.7,5003220.4,5376,5377,1469869082525676
oos,17,5,5,req_cqe_error,5002917.2,5003523.7,5003220.4,23183,23184,1469869082525676
oos,17,5,6,port_xmit_packets,-134.2,348.9,107.3,9530341526,9530341527,1469869082525676
oos,17,5,6,roce_adp_retrans,11640.6,12235.6,11938.1,5026,5027,1469869082525676
oos,17,5,6,port_xmit_packets,11840.4,12330.5,12085.5,9530341527,9530341528,1469869082525676
oos,17,5,6,port_xmit_packets,19973.9,20461.5,20217.7,9530341528,9530341529,1469869082525676
oos,17,5,6,roce_adp_retrans,20162.1,20758.4,20460.2,5027,5028,1469869082525676
oos,17,5,6,roce_adp_retrans,36787.4,37380.3,37083.9,5028,5029,1469869082525676
oos,17,5,6,port_xmit_packets,36987.1,37475.1,37231.1,9530341529,9530341530,1469869082525676
oos,17,5,6,roce_adp_retrans,70337.9,70927.2,70632.5,5029,5030,1469869082525676
oos,17,5,6,port_xmit_packets,70536.5,71021.7,70779.1,9530341530,9530341531,1469869082525676
oos,17,5,6,roce_adp_retrans,137489.8,138085.0,137787.4,5030,5031,1469869082525676
oos,17,5,6,port_xmit_packets,137689.7,138179.2,137934.5,9530341531,9530341532,1469869082525676
oos,17,5,6,roce_adp_retrans,238151.0,238746.2,238448.6,5031,5032,1469869082525676
oos,17,5,6,port_xmit_packets,238350.9,238840.9,238595.9,9530341532,9530341533,1469869082525676
oos,17,5,6,port_xmit_packets,439446.3,439934.9,439690.6,9530341533,9530341534,1469869082525676
oos,17,5,6,roce_adp_retrans,439634.4,440231.2,439932.8,5032,5033,1469869082525676
oos,17,5,6,port_xmit_packets,573400.9,573876.6,573638.7,9530341534,9530341535,1469869082525676
oos,17,5,6,port_rcv_packets,573493.9,573969.8,573731.8,4452191248,4452191250,1469869082525676
oos,17,5,6,port_xmit_packets,573782.8,574259.7,574021.3,9530341535,9530341536,1469869082525676
oos,17,5,6,port_xmit_packets,765537.5,766013.4,765775.4,9530341536,9530341538,1469869082525676
oos,17,5,6,port_rcv_packets,765630.6,766106.4,765868.5,4452191250,4452191252,1469869082525676
oos,17,5,6,roce_adp_retrans,976489.8,977080.0,976784.9,5033,5034,1469869082525676
oos,17,5,6,port_xmit_packets,976690.2,977173.1,976931.6,9530341538,9530341539,1469869082525676
oos,17,5,6,local_ack_timeout_err,1781722.1,1782310.9,1782016.5,5377,5378,1469869082525676
oos,17,5,6,port_xmit_packets,1781919.8,1782405.1,1782162.5,9530341539,9530341540,1469869082525676
oos,17,5,6,port_xmit_packets,1853469.6,1853963.5,1853716.5,9530341540,9530341542,1469869082525676
oos,17,5,6,port_rcv_packets,1853562.8,1854056.2,1853809.5,4452191252,4452191254,1469869082525676
oos,17,5,6,port_xmit_packets,2045517.1,2045994.7,2045755.9,9530341542,9530341544,1469869082525676
oos,17,5,6,port_rcv_packets,2045610.1,2046087.6,2045848.8,4452191254,4452191256,1469869082525676
oos,17,5,6,local_ack_timeout_err,2855319.9,2855905.5,2855612.7,5378,5379,1469869082525676
oos,17,5,6,port_xmit_packets,2855516.4,2855999.8,2855758.1,9530341544,9530341545,1469869082525676
oos,17,5,6,port_xmit_packets,3133497.2,3133974.1,3133735.6,9530341545,9530341547,1469869082525676
oos,17,5,6,port_rcv_packets,3133590.8,3134067.0,3133828.9,4452191256,4452191258,1469869082525676
oos,17,5,6,port_xmit_packets,3325716.3,3326199.6,3325957.9,9530341547,9530341549,1469869082525676
oos,17,5,6,port_rcv_packets,3325808.8,3326292.7,3326050.7,4452191258,4452191260,1469869082525676
oos,17,5,6,local_ack_timeout_err,3929263.9,3929851.5,3929557.7,5379,5380,1469869082525676
oos,17,5,6,port_xmit_packets,3929461.6,3929945.3,3929703.5,9530341549,9530341550,1469869082525676
oos,17,5,6,port_xmit_packets,4413736.2,4414211.8,4413974.0,9530341550,9530341552,1469869082525676
oos,17,5,6,port_rcv_packets,4413829.0,4414304.7,4414066.8,4452191260,4452191262,1469869082525676
oos,17,5,6,port_xmit_packets,4605625.9,4606100.5,4605863.2,9530341552,9530341554,1469869082525676
oos,17,5,6,port_rcv_packets,4605718.8,4606193.4,4605956.1,4452191262,4452191264,1469869082525676
oos,17,5,6,local_ack_timeout_err,5002837.8,5003422.5,5003130.1,5380,5381,1469869082525676
oos,17,5,6,req_cqe_error,5003221.2,5003818.8,5003520.0,23184,23185,1469869082525676
